M01.flow,M01.p50,M01.p95,M01.p98,M01.p99,M01.status,M02,M02.status,M03.flow,M03.gap_count_over_t_live,M03.gap_count_over_t_live_over_2,M03.gap_count_over_t_live_over_4,M03.max_gap_ms,M03.role,M03.status,M03.t_live_s,M04.exceeds_threshold,M04.flow,M04.status,M04.threshold_n,M04.worst_consecutive_miss_slots,M05.flow,M05.fraction,M05.frame_count,M05.pdb_ms,M05.status,M06.flow,M06.p95_ms,M06.status,M07.met,M07.status,M07.total,M08.flow,M08.fraction,M08.status,M09.mean,M09.status,M09.windows,M09.worst,M10,M10.status,M11.dl,M11.status,M11.ul,M12,M12.status,M14.flow,M14.fraction,M14.interval_count,M14.pdb_ms,M14.role,M14.status,M14.survival_time_ms,M15.flow,M15.jitter_ms,M15.status,M17.effective_fps,M17.flow,M17.freeze_count,M17.freeze_max_duration_ms,M17.freeze_total_duration_ms,M17.source_fps,M17.status,M17.xr_frame_period_ms,M18,M18.status,M19,M19.status,bg,duty_cycle,inf_scenario,k2_slots,load_mult,mfbr_multiple,min_rb,n_ues,pdb_ms,scheduler,seed,shared_lcg,snr_spread_db,sr_period_slots
ue2_qfi2,3.71,9.235,10.274,11.0,ok,0.0,ok,ue2_qfi1,0,0,0,106.25000000000017,data,ok,2.0,False,,proxy,3,0,ue1_qfi2,1.0,152,150.0,ok,ue2_qfi2,10.713,ok,2,ok,2,ue2_qfi2,0.9677131999999999,ok,0.9999898971846262,proxy,5,0.9999821600226616,19852950.4,ok,0.0009590909090909091,ok,0.2795147727272727,0.01780625,ok,ue2_qfi1,0.42857142857142855,49,100.0,data,ok,0.0,ue1_qfi2,7.332,ok,30.4,ue1_qfi2,0,0.0,0.0,30.303,ok,33.0,,pending,,pending,,,,,0.75,,,2,,PF,1826701614,,,
ue2_qfi9,4.0,9.5,10.5,11.0,ok,0.0,ok,ue1_qfi1,0,0,0,106.7499999999999,data,ok,2.0,False,,proxy,3,0,ue1_qfi2,1.0,152,150.0,ok,ue1_qfi2,10.75,ok,2,ok,2,ue2_qfi2,0.9677131999999999,ok,0.9999903767832736,proxy,5,0.9999799260175506,19853995.2,ok,0.0009590909090909091,ok,0.39689545454545455,0.0218109375,ok,ue2_qfi1,0.5102040816326531,49,100.0,data,ok,0.0,ue2_qfi2,7.476,ok,30.4,ue1_qfi2,0,0.0,0.0,30.303,ok,33.0,,pending,,pending,,,,,0.75,,,2,,Reservation,1826701614,,,
ue2_qfi9,4.75,10.75,12.0,12.75,ok,0.0,ok,ue2_qfi1,0,0,0,108.0000000000001,data,ok,2.0,False,,proxy,3,0,ue1_qfi2,1.0,152,150.0,ok,ue2_qfi2,11.75,ok,2,ok,2,ue2_qfi2,0.9677131999999999,ok,0.9999900362703411,proxy,5,0.9999864059049473,19850283.2,ok,0.001031818181818182,ok,0.5009818181818182,0.0173140625,ok,ue1_qfi1,0.46938775510204084,49,100.0,data,ok,0.0,ue2_qfi2,8.778,ok,30.4,ue1_qfi2,0,0.0,0.0,30.303,ok,33.0,,pending,,pending,,,,,0.75,,,2,,TwoTier,1826701614,,,
ue1_qfi2,3.892,9.206,10.614,11.429,ok,0.0,ok,ue2_qfi1,0,0,0,107.0000000000002,data,ok,2.0,False,,proxy,3,0,ue1_qfi2,1.0,152,150.0,ok,ue2_qfi2,10.865,ok,2,ok,2,ue1_qfi2,0.9709788,ok,0.9999901995821319,proxy,5,0.999983201026621,19842836.8,ok,0.001031818181818182,ok,0.2849159090909091,0.019409375,ok,ue1_qfi1,0.4897959183673469,49,100.0,data,ok,0.0,ue2_qfi2,7.6259999999999994,ok,30.4,ue1_qfi2,0,0.0,0.0,30.303,ok,33.0,,pending,,pending,,,,,0.75,,,2,,PF,1367864806,,,
ue1_qfi9,4.0,10.0,10.75,11.25,ok,0.0,ok,ue2_qfi1,0,0,0,106.25000000000017,data,ok,2.0,False,,proxy,3,0,ue1_qfi2,1.0,152,150.0,ok,ue1_qfi2,11.243,ok,2,ok,2,ue1_qfi2,0.9709788,ok,0.9999898123946078,proxy,5,0.999983480108647,19847222.400000002,ok,0.0010818181818181818,ok,0.40548181818181817,0.0240796875,ok,ue1_qfi1,0.4489795918367347,49,100.0,data,ok,0.0,ue1_qfi9,7.25,ok,30.4,ue1_qfi2,0,0.0,0.0,30.303,ok,33.0,,pending,,pending,,,,,0.75,,,2,,Reservation,1367864806,,,
ue2_qfi9,4.5,10.5,11.75,12.75,ok,0.0,ok,ue1_qfi1,0,0,0,109.0,data,ok,2.0,False,,proxy,3,0,ue1_qfi2,1.0,152,150.0,ok,ue1_qfi2,11.599,ok,2,ok,2,ue1_qfi2,0.9709788,ok,0.999992883377403,proxy,5,0.9999852926891827,19847420.8,ok,0.0010681818181818182,ok,0.5046852272727272,0.0187,ok,ue2_qfi1,0.4897959183673469,49,100.0,data,ok,0.0,ue1_qfi1,8.75,ok,30.4,ue1_qfi2,0,0.0,0.0,30.303,ok,33.0,,pending,,pending,,,,,0.75,,,2,,TwoTier,1367864806,,,
ue2_qfi9,4.0,9.5,10.5,11.0,ok,0.0,ok,ue1_qfi1,0,0,0,106.25000000000017,data,ok,2.0,False,,proxy,3,0,ue1_qfi2,0.993421052631579,152,150.0,ok,ue1_qfi2,10.864,ok,2,ok,2,ue1_qfi2,0.961714,ok,0.9999902342530159,proxy,5,0.9999831166287205,19795296.0,ok,0.001125,ok,0.3121181818181818,0.0252828125,ok,ue1_qfi1,0.46938775510204084,49,100.0,data,ok,0.0,ue2_qfi2,7.268,ok,30.2,ue1_qfi2,0,0.0,0.0,30.303,ok,33.0,,pending,,pending,,,,,0.75,,,2,,PF,1097657231,,,
ue2_qfi9,4.0,10.0,10.75,11.25,ok,0.0,ok,ue1_qfi1,0,0,0,106.50000000000004,data,ok,2.0,False,,proxy,3,0,ue1_qfi2,0.993421052631579,152,150.0,ok,ue1_qfi2,11.0,ok,2,ok,2,ue1_qfi2,0.9616804,ok,0.9999907776497764,proxy,5,0.9999826891592272,19794966.4,ok,0.0012863636363636363,ok,0.43022727272727274,0.03141875,ok,ue2_qfi1,0.4897959183673469,49,100.0,data,ok,0.0,ue2_qfi2,7.394,ok,30.2,ue1_qfi2,1,66.25,66.25,30.303,ok,33.0,,pending,,pending,,,,,0.75,,,2,,Reservation,1097657231,,,
ue2_qfi9,5.0,11.0,12.25,12.75,ok,0.0,ok,ue1_qfi1,0,0,0,108.75,data,ok,2.0,False,,proxy,3,0,ue1_qfi2,1.0,152,150.0,ok,ue2_qfi2,11.509,ok,2,ok,2,ue1_qfi2,0.9620711999999999,ok,0.9999874272712539,proxy,5,0.999976392313268,19801406.4,ok,0.0012068181818181817,ok,0.535,0.02439375,ok,ue1_qfi1,0.5102040816326531,49,100.0,data,ok,0.0,ue1_qfi1,8.5,ok,30.4,ue1_qfi2,0,0.0,0.0,30.303,ok,33.0,,pending,,pending,,,,,0.75,,,2,,TwoTier,1097657231,,,
ue2_qfi2,3.849,9.259,10.422,11.295,ok,0.0,ok,ue2_qfi1,0,0,0,106.25000000000017,data,ok,2.0,False,,proxy,3,0,ue1_qfi2,1.0,152,150.0,ok,ue1_qfi2,10.866,ok,2,ok,2,ue2_qfi2,0.959058,ok,0.9999871255211665,proxy,5,0.9999789795251425,19791542.4,ok,0.0009818181818181818,ok,0.2713590909090909,0.0173984375,ok,ue2_qfi1,0.46938775510204084,49,100.0,data,ok,0.0,ue2_qfi2,7.446,ok,30.4,ue1_qfi2,0,0.0,0.0,30.303,ok,33.0,,pending,,pending,,,,,0.75,,,2,,PF,579362555,,,
ue2_qfi2,3.752,9.251,10.25,11.25,ok,0.0,ok,ue2_qfi1,0,0,0,107.75,data,ok,2.0,False,,proxy,3,0,ue1_qfi2,1.0,152,150.0,ok,ue2_qfi2,10.989,ok,2,ok,2,ue2_qfi2,0.959058,ok,0.9999889773552312,proxy,5,0.9999815005454191,19793569.6,ok,0.00095,ok,0.393175,0.02129375,ok,ue1_qfi1,0.46938775510204084,49,100.0,data,ok,0.0,ue2_qfi1,7.75,ok,30.4,ue1_qfi2,0,0.0,0.0,30.303,ok,33.0,,pending,,pending,,,,,0.75,,,2,,Reservation,579362555,,,
ue2_qfi9,4.75,10.75,11.75,12.5,ok,0.0,ok,ue1_qfi1,0,0,0,107.75000000000023,data,ok,2.0,False,,proxy,3,0,ue1_qfi2,1.0,152,150.0,ok,ue2_qfi2,11.758,ok,2,ok,2,ue2_qfi2,0.959058,ok,0.9999904238393302,proxy,5,0.9999854804470779,19789480.0,ok,0.0010409090909090908,ok,0.48930795454545456,0.016990625,ok,ue2_qfi1,0.5102040816326531,49,100.0,data,ok,0.0,ue1_qfi1,8.0,ok,30.4,ue1_qfi2,0,0.0,0.0,30.303,ok,33.0,,pending,,pending,,,,,0.75,,,2,,TwoTier,579362555,,,
ue1_qfi2,3.535,9.266,10.44,10.902,ok,0.0,ok,ue2_qfi1,0,0,0,106.25000000000017,data,ok,2.0,False,,proxy,3,0,ue1_qfi2,1.0,152,150.0,ok,ue2_qfi2,10.806,ok,1,ok,2,ue1_qfi2,0.9493584,ok,0.9999877834424116,proxy,5,0.999975600015673,19786028.8,ok,0.0009727272727272727,ok,0.2757045454545455,0.018290625,ok,ue1_qfi1,0.46938775510204084,49,100.0,data,ok,0.0,ue1_qfi2,7.366999999999999,ok,30.4,ue1_qfi2,0,0.0,0.0,30.303,ok,33.0,,pending,,pending,,,,,0.75,,,2,,PF,661058651,,,
ue2_qfi9,3.75,9.75,10.75,11.25,ok,0.0,ok,ue2_qfi1,0,0,0,107.0000000000002,data,ok,2.0,False,,proxy,3,0,ue1_qfi2,1.0,152,150.0,ok,ue2_qfi2,10.806,ok,1,ok,2,ue1_qfi2,0.9493584,ok,0.9999842779691221,proxy,5,0.9999703237102519,19785777.599999998,ok,0.0010545454545454545,ok,0.39905454545454544,0.02261875,ok,ue1_qfi1,0.42857142857142855,49,100.0,data,ok,0.0,ue2_qfi9,7.5,ok,30.4,ue1_qfi2,0,0.0,0.0,30.303,ok,33.0,,pending,,pending,,,,,0.75,,,2,,Reservation,661058651,,,
ue2_qfi9,4.75,10.75,12.0,12.75,ok,0.0,ok,ue2_qfi1,0,0,0,107.74999999999979,data,ok,2.0,False,,proxy,3,0,ue1_qfi2,1.0,152,150.0,ok,ue1_qfi2,11.315,ok,1,ok,2,ue1_qfi2,0.9493584,ok,0.9999878293340428,proxy,5,0.9999822341202826,19788880.0,ok,0.0010545454545454545,ok,0.49651477272727274,0.0178109375,ok,ue1_qfi1,0.4897959183673469,49,100.0,data,ok,0.0,ue2_qfi9,8.0,ok,30.4,ue1_qfi2,0,0.0,0.0,30.303,ok,33.0,,pending,,pending,,,,,0.75,,,2,,TwoTier,661058651,,,
ue2_qfi9,3.75,9.5,10.5,11.0,ok,0.0,ok,ue1_qfi1,0,0,0,107.0000000000002,data,ok,2.0,False,,proxy,3,0,ue1_qfi2,1.0,152,150.0,ok,ue1_qfi2,10.709,ok,2,ok,2,ue1_qfi2,0.9708244,ok,0.9999891861800277,proxy,5,0.9999822685688329,19869550.4,ok,0.0009863636363636363,ok,0.2841056818181818,0.02000625,ok,ue2_qfi1,0.4897959183673469,49,100.0,data,ok,0.0,ue1_qfi9,7.25,ok,30.4,ue1_qfi2,0,0.0,0.0,30.303,ok,33.0,,pending,,pending,,,,,0.75,,,2,,PF,87989972,,,
ue2_qfi9,4.0,9.5,10.5,11.0,ok,0.0,ok,ue1_qfi1,0,0,0,107.75,data,ok,2.0,False,,proxy,3,0,ue1_qfi2,0.993421052631579,152,150.0,ok,ue1_qfi2,10.767,ok,2,ok,2,ue1_qfi2,0.969762,ok,0.9999867277313783,proxy,5,0.9999783786817961,19862153.6,ok,0.0010477272727272727,ok,0.4041159090909091,0.024878125,ok,ue2_qfi1,0.42857142857142855,49,100.0,data,ok,0.0,ue1_qfi1,7.75,ok,30.2,ue1_qfi2,1,68.0,68.0,30.303,ok,33.0,,pending,,pending,,,,,0.75,,,2,,Reservation,87989972,,,
ue2_qfi9,4.75,10.75,12.0,12.5,ok,0.0,ok,ue1_qfi1,0,0,0,106.25000000000017,data,ok,2.0,False,,proxy,3,0,ue1_qfi2,1.0,152,150.0,ok,ue2_qfi2,11.277,ok,2,ok,2,ue1_qfi2,0.9708244,ok,0.9999894371115172,proxy,5,0.9999833162899555,19873976.0,ok,0.0010681818181818182,ok,0.5072977272727273,0.0194625,ok,ue2_qfi1,0.5306122448979592,49,100.0,data,ok,0.0,ue1_qfi2,8.169,ok,30.4,ue1_qfi2,0,0.0,0.0,30.303,ok,33.0,,pending,,pending,,,,,0.75,,,2,,TwoTier,87989972,,,
ue1_qfi2,3.605,9.444,10.511,11.283,ok,0.0,ok,ue1_qfi1,0,0,0,105.99999999999987,data,ok,2.0,False,,proxy,3,0,ue1_qfi2,1.0,152,150.0,ok,ue1_qfi2,10.969,ok,2,ok,2,ue1_qfi2,0.9684908000000001,ok,0.9999901048866823,proxy,5,0.9999794890113626,19821588.8,ok,0.001025,ok,0.28681022727272726,0.021984375,ok,ue1_qfi1,0.4489795918367347,49,100.0,data,ok,0.0,ue1_qfi2,7.677999999999999,ok,30.4,ue1_qfi2,0,0.0,0.0,30.303,ok,33.0,,pending,,pending,,,,,0.75,,,2,,PF,161576974,,,
ue1_qfi2,3.529,9.5,10.686,11.25,ok,0.0,ok,ue1_qfi1,0,0,0,107.50000000000037,data,ok,2.0,False,,proxy,3,0,ue1_qfi2,0.993421052631579,152,150.0,ok,ue1_qfi2,11.136,ok,2,ok,2,ue1_qfi2,0.967336,ok,0.9999888066268229,proxy,5,0.9999844148117223,19816945.6,ok,0.001025,ok,0.4085397727272727,0.0272125,ok,ue2_qfi1,0.5102040816326531,49,100.0,data,ok,0.0,ue1_qfi2,7.721,ok,30.2,ue1_qfi2,0,0.0,0.0,30.303,ok,33.0,,pending,,pending,,,,,0.75,,,2,,Reservation,161576974,,,
ue2_qfi9,4.75,11.0,12.0,12.75,ok,0.0,ok,ue1_qfi1,0,0,0,108.75000000000013,data,ok,2.0,False,,proxy,3,0,ue1_qfi2,1.0,152,150.0,ok,ue1_qfi2,11.283,ok,2,ok,2,ue1_qfi2,0.9684908000000001,ok,0.9999918212336409,proxy,5,0.9999857993704028,19822188.8,ok,0.0011795454545454546,ok,0.5067920454545455,0.0212375,ok,ue2_qfi1,0.4897959183673469,49,100.0,data,ok,0.0,ue1_qfi1,8.5,ok,30.4,ue1_qfi2,0,0.0,0.0,30.303,ok,33.0,,pending,,pending,,,,,0.75,,,2,,TwoTier,161576974,,,
ue1_qfi9,4.0,9.75,10.5,11.25,ok,0.0,ok,ue1_qfi1,0,0,0,107.0000000000002,data,ok,2.0,False,,proxy,3,0,ue1_qfi2,1.0,152,150.0,ok,ue2_qfi2,11.17,ok,2,ok,2,ue2_qfi2,0.9783035999999999,ok,0.9999874504119711,proxy,5,0.9999806186988539,19893646.4,ok,0.0012272727272727272,ok,0.3034386363636364,0.0249875,ok,ue1_qfi1,0.46938775510204084,49,100.0,data,ok,0.0,ue2_qfi2,7.418000000000001,ok,30.4,ue1_qfi2,0,0.0,0.0,30.303,ok,33.0,,pending,,pending,,,,,0.75,,,2,,PF,35492826,,,
ue2_qfi2,3.692,9.077,10.354,11.25,ok,0.0,ok,ue1_qfi1,0,0,0,106.25000000000017,data,ok,2.0,False,,proxy,3,0,ue1_qfi2,1.0,152,150.0,ok,ue2_qfi2,11.175,ok,2,ok,2,ue2_qfi2,0.9783035999999999,ok,0.9999862342637013,proxy,5,0.9999759932483504,19892072.0,ok,0.0011545454545454545,ok,0.42318863636363635,0.0311109375,ok,ue2_qfi1,0.4489795918367347,49,100.0,data,ok,0.0,ue2_qfi2,7.558,ok,30.4,ue1_qfi2,0,0.0,0.0,30.303,ok,33.0,,pending,,pending,,,,,0.75,,,2,,Reservation,35492826,,,
ue2_qfi9,4.75,10.75,11.75,12.5,ok,0.0,ok,ue1_qfi1,0,0,0,108.0,data,ok,2.0,False,,proxy,3,0,ue1_qfi2,1.0,152,150.0,ok,ue1_qfi2,11.339,ok,2,ok,2,ue2_qfi2,0.9783035999999999,ok,0.9999867040183379,proxy,5,0.9999808598489309,19891857.6,ok,0.0013136363636363636,ok,0.5265568181818182,0.0242390625,ok,ue1_qfi1,0.4897959183673469,49,100.0,data,ok,0.0,ue2_qfi2,8.573,ok,30.4,ue1_qfi2,0,0.0,0.0,30.303,ok,33.0,,pending,,pending,,,,,0.75,,,2,,TwoTier,35492826,,,
ue2_qfi2,4.08,9.492,10.607,10.898,ok,0.0,ok,ue2_qfi1,0,0,0,106.25000000000017,data,ok,2.0,False,,proxy,3,0,ue1_qfi2,1.0,152,150.0,ok,ue2_qfi2,10.889,ok,2,ok,2,ue1_qfi2,0.9645552,ok,0.999991659838126,proxy,5,0.9999827427815301,19813644.799999997,ok,0.0009954545454545455,ok,0.27446136363636364,0.0178609375,ok,ue1_qfi1,0.46938775510204084,49,100.0,data,ok,0.0,ue1_qfi9,7.0,ok,30.4,ue1_qfi2,0,0.0,0.0,30.303,ok,33.0,,pending,,pending,,,,,0.75,,,2,,PF,376383645,,,
ue2_qfi2,4.272,9.639,10.75,11.318,ok,0.0,ok,ue1_qfi1,0,0,0,106.75,data,ok,2.0,False,,proxy,3,0,ue1_qfi2,1.0,152,150.0,ok,ue2_qfi2,11.25,ok,2,ok,2,ue1_qfi2,0.9645552,ok,0.999992278863379,proxy,5,0.9999850683764158,19810521.6,ok,0.0009590909090909091,ok,0.39417613636363635,0.0215515625,ok,ue1_qfi1,0.4489795918367347,49,100.0,data,ok,0.0,ue1_qfi9,7.25,ok,30.4,ue1_qfi2,0,0.0,0.0,30.303,ok,33.0,,pending,,pending,,,,,0.75,,,2,,Reservation,376383645,,,
ue2_qfi9,4.75,10.75,12.0,12.75,ok,0.0,ok,ue1_qfi1,0,0,0,108.0,data,ok,2.0,False,,proxy,3,0,ue1_qfi2,1.0,152,150.0,ok,ue2_qfi2,11.772,ok,2,ok,2,ue1_qfi2,0.9645552,ok,0.9999896848534942,proxy,5,0.9999845823596619,19811579.2,ok,0.001025,ok,0.4965977272727273,0.017109375,ok,ue1_qfi1,0.5102040816326531,49,100.0,data,ok,0.0,ue2_qfi2,8.264000000000001,ok,30.4,ue1_qfi2,0,0.0,0.0,30.303,ok,33.0,,pending,,pending,,,,,0.75,,,2,,TwoTier,376383645,,,
ue1_qfi2,3.964,9.729,10.594,11.197,ok,0.0,ok,ue1_qfi1,0,0,0,105.99999999999987,data,ok,2.0,False,,proxy,3,0,ue1_qfi2,1.0,152,150.0,ok,ue1_qfi2,11.25,ok,2,ok,2,ue1_qfi2,0.9755115999999999,ok,0.999989690321085,proxy,5,0.999977629179683,19921064.0,ok,0.0009977272727272727,ok,0.281775,0.01806875,ok,ue2_qfi1,0.4489795918367347,49,100.0,data,ok,0.0,ue1_qfi9,7.25,ok,30.4,ue1_qfi2,0,0.0,0.0,30.303,ok,33.0,,pending,,pending,,,,,0.75,,,2,,PF,1746484539,,,
ue1_qfi2,4.08,9.757,10.781,11.286,ok,0.0,ok,ue1_qfi1,0,0,0,106.25000000000017,data,ok,2.0,False,,proxy,3,0,ue1_qfi2,1.0,152,150.0,ok,ue1_qfi2,11.196,ok,2,ok,2,ue1_qfi2,0.9755115999999999,ok,0.9999920280406972,proxy,5,0.9999823064120635,19924745.599999998,ok,0.0010795454545454546,ok,0.40300454545454545,0.0223203125,ok,ue2_qfi1,0.40816326530612246,49,100.0,data,ok,0.0,ue1_qfi9,7.25,ok,30.4,ue1_qfi2,0,0.0,0.0,30.303,ok,33.0,,pending,,pending,,,,,0.75,,,2,,Reservation,1746484539,,,
ue2_qfi9,4.75,10.5,11.75,12.5,ok,0.0,ok,ue1_qfi1,0,0,0,106.25,data,ok,2.0,False,,proxy,3,0,ue1_qfi2,1.0,152,150.0,ok,ue1_qfi2,11.916,ok,2,ok,2,ue1_qfi2,0.9755115999999999,ok,0.9999916099651992,proxy,5,0.9999882581995608,19924635.2,ok,0.0010704545454545454,ok,0.5043545454545455,0.0176015625,ok,ue2_qfi1,0.4897959183673469,49,100.0,data,ok,0.0,ue1_qfi9,7.75,ok,30.4,ue1_qfi2,0,0.0,0.0,30.303,ok,33.0,,pending,,pending,,,,,0.75,,,2,,TwoTier,1746484539,,,
ue2_qfi9,4.5,9.5,10.5,11.0,ok,0.0,ok,ue1_qfi1,0,0,0,105.99999999999987,data,ok,2.0,False,,proxy,3,0,ue1_qfi2,1.0,152,150.0,ok,ue1_qfi2,10.647,ok,2,ok,2,ue1_qfi2,0.958504,ok,0.9999935663261692,proxy,5,0.9999858068853527,27752108.8,ok,0.0009931818181818182,ok,0.3677079545454545,0.0205265625,ok,ue2_qfi1,0.4489795918367347,49,100.0,data,ok,0.0,ue1_qfi2,8.026,ok,30.4,ue1_qfi2,0,0.0,0.0,30.303,ok,33.0,,pending,,pending,,,,,1.25,,,2,,PF,1826701614,,,
ue2_qfi9,4.75,9.75,10.5,11.25,ok,0.0,ok,ue1_qfi1,0,0,0,105.75000000000001,data,ok,2.0,False,,proxy,3,0,ue1_qfi2,1.0,152,150.0,ok,ue1_qfi2,10.512,ok,2,ok,2,ue1_qfi2,0.958624,ok,0.9999938870800396,proxy,5,0.9999852862559719,27756660.8,ok,0.0011568181818181818,ok,0.48236931818181816,0.0263984375,ok,ue2_qfi1,0.4489795918367347,49,100.0,data,ok,0.0,ue1_qfi2,7.576999999999999,ok,30.4,ue1_qfi2,0,0.0,0.0,30.303,ok,33.0,,pending,,pending,,,,,1.25,,,2,,Reservation,1826701614,,,
ue2_qfi9,5.5,10.75,11.75,12.5,ok,0.0,ok,ue1_qfi1,0,0,0,107.75,data,ok,2.0,False,,proxy,3,0,ue1_qfi2,1.0,152,150.0,ok,ue1_qfi2,10.321,ok,2,ok,2,ue1_qfi2,0.958624,ok,0.9999925588890832,proxy,5,0.9999868927050675,27765356.8,ok,0.0010568181818181818,ok,0.5828795454545455,0.0194953125,ok,ue1_qfi1,0.42857142857142855,49,100.0,data,ok,0.0,ue1_qfi1,7.75,ok,30.4,ue1_qfi2,0,0.0,0.0,30.303,ok,33.0,,pending,,pending,,,,,1.25,,,2,,TwoTier,1826701614,,,
ue2_qfi9,4.5,9.5,10.5,11.0,ok,0.0,ok,ue1_qfi1,0,0,0,106.25000000000017,data,ok,2.0,False,,proxy,3,0,ue1_qfi2,1.0,152,150.0,ok,ue2_qfi2,10.918,ok,2,ok,2,ue2_qfi2,0.962942,ok,0.999993841300532,proxy,5,0.9999856225332044,27817688.0,ok,0.0011227272727272726,ok,0.3896875,0.0236515625,ok,ue2_qfi1,0.4489795918367347,49,100.0,data,ok,0.0,ue2_qfi2,7.489,ok,30.4,ue1_qfi2,0,0.0,0.0,30.303,ok,33.0,,pending,,pending,,,,,1.25,,,2,,PF,1367864806,,,
ue2_qfi9,4.75,9.75,11.0,11.5,ok,0.0,ok,ue1_qfi1,0,0,0,107.25000000000007,data,ok,2.0,False,,proxy,3,0,ue1_qfi2,1.0,152,150.0,ok,ue2_qfi2,10.613,ok,2,ok,2,ue2_qfi2,0.962942,ok,0.9999930688018258,proxy,5,0.9999878417830327,27820798.400000002,ok,0.0010636363636363636,ok,0.5015818181818181,0.0315484375,ok,ue1_qfi1,0.4489795918367347,49,100.0,data,ok,0.0,ue1_qfi1,7.5,ok,30.4,ue1_qfi2,0,0.0,0.0,30.303,ok,33.0,,pending,,pending,,,,,1.25,,,2,,Reservation,1367864806,,,
ue2_qfi9,5.5,10.75,11.75,12.5,ok,0.0,ok,ue2_qfi1,0,0,0,108.50000000000026,data,ok,2.0,False,,proxy,3,0,ue1_qfi2,1.0,152,150.0,ok,ue1_qfi2,10.774,ok,2,ok,2,ue2_qfi2,0.962942,ok,0.9999947311513203,proxy,5,0.9999892942145256,27817772.8,ok,0.0011636363636363637,ok,0.5997920454545455,0.0227375,ok,ue2_qfi1,0.5102040816326531,49,100.0,data,ok,0.0,ue1_qfi1,8.0,ok,30.4,ue1_qfi2,0,0.0,0.0,30.303,ok,33.0,,pending,,pending,,,,,1.25,,,2,,TwoTier,1367864806,,,
ue1_qfi9,4.75,10.0,11.0,11.5,ok,0.0,ok,ue1_qfi1,0,0,0,106.25000000000017,data,ok,2.0,False,,proxy,3,0,ue1_qfi2,1.0,152,150.0,ok,ue1_qfi2,10.526,ok,2,ok,2,ue2_qfi2,0.9694708000000001,ok,0.9999921671020374,proxy,5,0.9999853632247706,27865566.4,ok,0.0011431818181818181,ok,0.4310806818181818,0.0294,ok,ue1_qfi1,0.4489795918367347,49,100.0,data,ok,0.0,ue2_qfi2,7.279,ok,30.4,ue1_qfi2,0,0.0,0.0,30.303,ok,33.0,,pending,,pending,,,,,1.25,,,2,,PF,1097657231,,,
ue2_qfi9,4.75,10.0,11.0,11.75,ok,0.0,ok,ue2_qfi1,0,0,0,107.50000000000037,data,ok,2.0,False,,proxy,3,0,ue1_qfi2,1.0,152,150.0,ok,ue1_qfi2,10.369,ok,2,ok,2,ue2_qfi2,0.9694708000000001,ok,0.9999924493391854,proxy,5,0.9999838996772584,27859004.8,ok,0.0014045454545454545,ok,0.5421284090909091,0.0391875,ok,ue1_qfi1,0.46938775510204084,49,100.0,data,ok,0.0,ue2_qfi1,7.5,ok,30.4,ue1_qfi2,0,0.0,0.0,30.303,ok,33.0,,pending,,pending,,,,,1.25,,,2,,Reservation,1097657231,,,
ue2_qfi9,5.75,11.0,12.0,12.75,ok,0.0,ok,ue2_qfi1,0,0,0,108.49999999999982,data,ok,2.0,False,,proxy,3,0,ue1_qfi2,1.0,152,150.0,ok,ue2_qfi2,10.976,ok,2,ok,2,ue2_qfi2,0.9694708000000001,ok,0.999988901218131,proxy,5,0.9999814241581618,27871104.0,ok,0.0013181818181818182,ok,0.6296761363636364,0.0280484375,ok,ue1_qfi1,0.3877551020408163,49,100.0,data,ok,0.0,ue2_qfi1,8.5,ok,30.4,ue1_qfi2,0,0.0,0.0,30.303,ok,33.0,,pending,,pending,,,,,1.25,,,2,,TwoTier,1097657231,,,
ue2_qfi9,4.75,9.75,10.75,11.25,ok,0.0,ok,ue2_qfi1,0,0,0,105.75000000000001,data,ok,2.0,False,,proxy,3,0,ue1_qfi2,1.0,152,150.0,ok,ue2_qfi2,11.042,ok,2,ok,2,ue2_qfi2,0.9699844,ok,0.9999923378309509,proxy,5,0.9999865202738688,27827360.0,ok,0.0011022727272727273,ok,0.38501931818181817,0.021234375,ok,ue1_qfi1,0.4897959183673469,49,100.0,data,ok,0.0,ue2_qfi2,7.776999999999999,ok,30.4,ue1_qfi2,0,0.0,0.0,30.303,ok,33.0,,pending,,pending,,,,,1.25,,,2,,PF,579362555,,,
ue2_qfi9,5.0,10.0,10.75,11.5,ok,0.0,ok,ue2_qfi1,0,0,0,106.75000000000034,data,ok,2.0,False,,proxy,3,0,ue1_qfi2,1.0,152,150.0,ok,ue2_qfi2,11.463,ok,2,ok,2,ue2_qfi2,0.9699844,ok,0.9999911219258897,proxy,5,0.999986481554676,27817955.2,ok,0.0011295454545454545,ok,0.49668409090909094,0.02720625,ok,ue1_qfi1,0.40816326530612246,49,100.0,data,ok,0.0,ue2_qfi1,8.0,ok,30.4,ue1_qfi2,0,0.0,0.0,30.303,ok,33.0,,pending,,pending,,,,,1.25,,,2,,Reservation,579362555,,,
ue2_qfi9,5.5,10.75,11.75,12.25,ok,0.0,ok,ue1_qfi1,0,0,0,108.0,data,ok,2.0,False,,proxy,3,0,ue1_qfi2,1.0,152,150.0,ok,ue2_qfi2,11.337,ok,2,ok,2,ue2_qfi2,0.9699844,ok,0.9999905514865658,proxy,5,0.999984038356829,27816944.0,ok,0.0011022727272727273,ok,0.5946556818181818,0.0201515625,ok,ue2_qfi1,0.4897959183673469,49,100.0,data,ok,0.0,ue1_qfi1,7.75,ok,30.4,ue1_qfi2,0,0.0,0.0,30.303,ok,33.0,,pending,,pending,,,,,1.25,,,2,,TwoTier,579362555,,,
ue2_qfi2,3.386,9.106,10.426,10.914,ok,0.0,ok,ue1_qfi1,0,0,0,106.25000000000017,data,ok,2.0,False,,proxy,3,0,ue1_qfi2,1.0,152,150.0,ok,ue1_qfi2,10.915,ok,2,ok,2,ue2_qfi2,0.967554,ok,0.999994420132342,proxy,5,0.9999869754132026,27844464.0,ok,0.0009795454545454545,ok,0.38119772727272727,0.0200625,ok,ue1_qfi1,0.5510204081632653,49,100.0,data,ok,0.0,ue1_qfi1,8.25,ok,30.4,ue1_qfi2,0,0.0,0.0,30.303,ok,33.0,,pending,,pending,,,,,1.25,,,2,,PF,661058651,,,
ue2_qfi9,4.75,9.75,10.75,11.25,ok,0.0,ok,ue1_qfi1,0,0,0,106.25000000000017,data,ok,2.0,False,,proxy,3,0,ue1_qfi2,0.993421052631579,152,150.0,ok,ue2_qfi2,10.75,ok,2,ok,2,ue2_qfi2,0.967554,ok,0.999993026339807,proxy,5,0.9999897227672555,27834987.2,ok,0.001025,ok,0.4934840909090909,0.0272234375,ok,ue2_qfi1,0.4489795918367347,49,100.0,data,ok,0.0,ue1_qfi2,7.607000000000001,ok,30.2,ue1_qfi2,1,67.0,67.0,30.303,ok,33.0,,pending,,pending,,,,,1.25,,,2,,Reservation,661058651,,,
ue2_qfi9,5.75,10.75,11.75,12.5,ok,0.0,ok,ue2_qfi1,0,0,0,107.5,data,ok,2.0,False,,proxy,3,0,ue1_qfi2,1.0,152,150.0,ok,ue2_qfi2,10.65,ok,2,ok,2,ue2_qfi2,0.967554,ok,0.999993869339636,proxy,5,0.9999875014139601,27841134.4,ok,0.001015909090909091,ok,0.5918670454545455,0.0192765625,ok,ue2_qfi1,0.4489795918367347,49,100.0,data,ok,0.0,ue1_qfi1,7.75,ok,30.4,ue1_qfi2,0,0.0,0.0,30.303,ok,33.0,,pending,,pending,,,,,1.25,,,2,,TwoTier,661058651,,,
ue2_qfi9,4.5,9.5,10.5,11.0,ok,0.0,ok,ue2_qfi1,0,0,0,106.50000000000004,data,ok,2.0,False,,proxy,3,0,ue1_qfi2,1.0,152,150.0,ok,ue2_qfi2,10.808,ok,2,ok,2,ue2_qfi2,0.972446,ok,0.9999944934436795,proxy,5,0.999985709214245,27841425.599999998,ok,0.0010477272727272727,ok,0.3932818181818182,0.0248859375,ok,ue2_qfi1,0.42857142857142855,49,100.0,data,ok,0.0,ue1_qfi2,7.476999999999999,ok,30.4,ue1_qfi2,0,0.0,0.0,30.303,ok,33.0,,pending,,pending,,,,,1.25,,,2,,PF,87989972,,,
ue2_qfi9,4.75,9.75,10.75,11.25,ok,0.0,ok,ue2_qfi1,0,0,0,106.50000000000004,data,ok,2.0,False,,proxy,3,0,ue1_qfi2,1.0,152,150.0,ok,ue2_qfi2,10.715,ok,2,ok,2,ue2_qfi2,0.972446,ok,0.9999929825517384,proxy,5,0.9999847029944827,27836739.2,ok,0.0010977272727272728,ok,0.5051204545454545,0.0330046875,ok,ue1_qfi1,0.4489795918367347,49,100.0,data,ok,0.0,ue1_qfi2,7.396,ok,30.4,ue1_qfi2,0,0.0,0.0,30.303,ok,33.0,,pending,,pending,,,,,1.25,,,2,,Reservation,87989972,,,
ue2_qfi9,5.75,10.75,11.75,12.5,ok,0.0,ok,ue2_qfi1,0,0,0,108.0000000000001,data,ok,2.0,False,,proxy,3,0,ue1_qfi2,0.993421052631579,152,150.0,ok,ue1_qfi2,11.359,ok,2,ok,2,ue1_qfi2,0.9718484000000001,ok,0.9999915963427009,proxy,5,0.9999833105372906,27834952.0,ok,0.001165909090909091,ok,0.6034818181818182,0.023903125,ok,ue2_qfi1,0.5102040816326531,49,100.0,data,ok,0.0,ue1_qfi2,8.275,ok,30.2,ue1_qfi2,1,70.0,70.0,30.303,ok,33.0,,pending,,pending,,,,,1.25,,,2,,TwoTier,87989972,,,
ue2_qfi9,4.75,9.75,10.75,11.25,ok,0.0,ok,ue1_qfi1,0,0,0,107.0000000000002,data,ok,2.0,False,,proxy,3,0,ue1_qfi2,1.0,152,150.0,ok,ue2_qfi2,10.75,ok,2,ok,2,ue2_qfi2,0.97261,ok,0.9999946864579888,proxy,5,0.99998650573492,27860648.0,ok,0.0012045454545454545,ok,0.4172931818181818,0.0275265625,ok,ue1_qfi1,0.46938775510204084,49,100.0,data,ok,0.0,ue1_qfi1,7.0,ok,30.4,ue1_qfi2,0,0.0,0.0,30.303,ok,33.0,,pending,,pending,,,,,1.25,,,2,,PF,161576974,,,
ue1_qfi9,5.0,10.0,11.0,11.75,ok,0.0,ok,ue1_qfi1,0,0,0,106.25000000000017,data,ok,2.0,False,,proxy,3,0,ue2_qfi2,0.993421052631579,152,150.0,ok,ue2_qfi2,10.948,ok,2,ok,2,ue2_qfi2,0.9717028000000001,ok,0.9999944332637938,proxy,5,0.9999865013952557,27860704.0,ok,0.001125,ok,0.52835,0.0371390625,ok,ue2_qfi1,0.40816326530612246,49,100.0,data,ok,0.0,ue2_qfi2,7.081,ok,30.4,ue1_qfi2,0,0.0,0.0,30.303,ok,33.0,,pending,,pending,,,,,1.25,,,2,,Reservation,161576974,,,
ue2_qfi9,5.5,10.75,12.0,12.75,ok,0.0,ok,ue1_qfi1,0,0,0,105.75000000000001,data,ok,2.0,False,,proxy,3,0,ue1_qfi2,1.0,152,150.0,ok,ue2_qfi2,10.789,ok,2,ok,2,ue2_qfi2,0.97261,ok,0.9999915382563944,proxy,5,0.999983848984797,27871576.0,ok,0.001265909090909091,ok,0.6208556818181818,0.02649375,ok,ue1_qfi1,0.4897959183673469,49,100.0,data,ok,0.0,ue1_qfi2,7.409,ok,30.4,ue1_qfi2,0,0.0,0.0,30.303,ok,33.0,,pending,,pending,,,,,1.25,,,2,,TwoTier,161576974,,,
ue2_qfi9,4.75,9.75,10.75,11.5,ok,0.0,ok,ue1_qfi1,0,0,0,108.0000000000001,data,ok,2.0,False,,proxy,3,0,ue1_qfi2,1.0,152,150.0,ok,ue2_qfi2,10.395,ok,2,ok,2,ue2_qfi2,0.9833812,ok,0.9999945926087728,proxy,5,0.9999875497653358,27926923.2,ok,0.001190909090909091,ok,0.40765795454545456,0.0253140625,ok,ue2_qfi1,0.46938775510204084,49,100.0,data,ok,0.0,ue1_qfi1,7.75,ok,30.4,ue1_qfi2,0,0.0,0.0,30.303,ok,33.0,,pending,,pending,,,,,1.25,,,2,,PF,35492826,,,
ue2_qfi9,5.0,10.0,11.0,11.5,ok,0.0,ok,ue1_qfi1,0,0,0,106.75000000000034,data,ok,2.0,False,,proxy,3,0,ue2_qfi2,0.993421052631579,152,150.0,ok,ue2_qfi2,10.293,ok,2,ok,2,ue2_qfi2,0.9821108000000001,ok,0.9999939715357808,proxy,5,0.9999884216394215,27923504.0,ok,0.0011636363636363637,ok,0.5187090909090909,0.033284375,ok,ue2_qfi1,0.40816326530612246,49,100.0,data,ok,0.0,ue2_qfi1,7.5,ok,30.4,ue1_qfi2,0,0.0,0.0,30.303,ok,33.0,,pending,,pending,,,,,1.25,,,2,,Reservation,35492826,,,
ue2_qfi9,5.75,10.75,12.0,12.5,ok,0.0,ok,ue2_qfi1,0,0,0,108.2500000000004,data,ok,2.0,False,,proxy,3,0,ue1_qfi2,0.993421052631579,152,150.0,ok,ue2_qfi2,11.129,ok,2,ok,2,ue2_qfi2,0.9825728,ok,0.9999900868659273,proxy,5,0.9999836361467878,27922043.200000003,ok,0.0011545454545454545,ok,0.6137852272727272,0.0241703125,ok,ue1_qfi1,0.4897959183673469,49,100.0,data,ok,0.0,ue2_qfi1,7.75,ok,30.2,ue1_qfi2,0,0.0,0.0,30.303,ok,33.0,,pending,,pending,,,,,1.25,,,2,,TwoTier,35492826,,,
ue1_qfi9,4.5,9.5,10.5,11.25,ok,0.0,ok,ue1_qfi1,0,0,0,105.75000000000001,data,ok,2.0,False,,proxy,3,0,ue1_qfi2,1.0,152,150.0,ok,ue2_qfi2,10.77,ok,2,ok,2,ue1_qfi2,0.9751056,ok,0.9999924179168282,proxy,5,0.9999830923683037,27917387.200000003,ok,0.0011681818181818182,ok,0.40048409090909093,0.024925,ok,ue1_qfi1,0.46938775510204084,49,100.0,data,ok,0.0,ue1_qfi2,7.235,ok,30.4,ue1_qfi2,0,0.0,0.0,30.303,ok,33.0,,pending,,pending,,,,,1.25,,,2,,PF,376383645,,,
ue2_qfi9,4.75,9.75,10.75,11.5,ok,0.0,ok,ue2_qfi1,0,0,0,105.50000000000014,data,ok,2.0,False,,proxy,3,0,ue1_qfi2,1.0,152,150.0,ok,ue2_qfi2,11.0,ok,2,ok,2,ue1_qfi2,0.9751056,ok,0.9999943854531065,proxy,5,0.9999880610148841,27924886.4,ok,0.0012022727272727272,ok,0.5129579545454546,0.03246875,ok,ue1_qfi1,0.46938775510204084,49,100.0,data,ok,0.0,ue2_qfi2,7.122,ok,30.4,ue1_qfi2,0,0.0,0.0,30.303,ok,33.0,,pending,,pending,,,,,1.25,,,2,,Reservation,376383645,,,
ue2_qfi9,5.5,10.75,12.0,12.75,ok,0.0,ok,ue2_qfi1,0,0,0,107.0000000000002,data,ok,2.0,False,,proxy,3,0,ue1_qfi2,1.0,152,150.0,ok,ue2_qfi2,11.355,ok,2,ok,2,ue1_qfi2,0.9751056,ok,0.9999927940953348,proxy,5,0.9999877071017773,27922601.6,ok,0.0010522727272727272,ok,0.6053056818181818,0.0235625,ok,ue1_qfi1,0.4489795918367347,49,100.0,data,ok,0.0,ue2_qfi1,8.5,ok,30.4,ue1_qfi2,0,0.0,0.0,30.303,ok,33.0,,pending,,pending,,,,,1.25,,,2,,TwoTier,376383645,,,
ue2_qfi9,4.5,9.5,10.5,11.0,ok,0.0,ok,ue1_qfi1,0,0,0,107.75000000000023,data,ok,2.0,False,,proxy,3,0,ue1_qfi2,1.0,152,150.0,ok,ue1_qfi2,10.5,ok,2,ok,2,ue2_qfi2,0.9657816,ok,0.9999943552689693,proxy,5,0.9999878844754437,27811872.0,ok,0.0010818181818181818,ok,0.3959329545454545,0.02408125,ok,ue2_qfi1,0.4489795918367347,49,100.0,data,ok,0.0,ue1_qfi1,7.75,ok,30.4,ue1_qfi2,0,0.0,0.0,30.303,ok,33.0,,pending,,pending,,,,,1.25,,,2,,PF,1746484539,,,
ue2_qfi9,4.75,9.75,10.75,11.25,ok,0.0,ok,ue2_qfi1,0,0,0,108.0,data,ok,2.0,False,,proxy,3,0,ue1_qfi2,1.0,152,150.0,ok,ue2_qfi2,10.5,ok,2,ok,2,ue2_qfi2,0.9657816,ok,0.9999929701814217,proxy,5,0.9999823675171847,27800683.2,ok,0.0012886363636363635,ok,0.5094443181818182,0.031603125,ok,ue1_qfi1,0.5102040816326531,49,100.0,data,ok,0.0,ue2_qfi1,7.75,ok,30.4,ue1_qfi2,0,0.0,0.0,30.303,ok,33.0,,pending,,pending,,,,,1.25,,,2,,Reservation,1746484539,,,
ue2_qfi9,5.5,11.0,12.0,12.75,ok,0.0,ok,ue2_qfi1,0,0,0,108.25,data,ok,2.0,False,,proxy,3,0,ue1_qfi2,1.0,152,150.0,ok,ue2_qfi2,11.25,ok,2,ok,2,ue2_qfi2,0.9657816,ok,0.99998854474516,proxy,5,0.999977411705299,27803022.4,ok,0.0012136363636363636,ok,0.605146590909091,0.0231171875,ok,ue1_qfi1,0.4489795918367347,49,100.0,data,ok,0.0,ue2_qfi1,8.25,ok,30.4,ue1_qfi2,0,0.0,0.0,30.303,ok,33.0,,pending,,pending,,,,,1.25,,,2,,TwoTier,1746484539,,,
ue2_qfi9,4.25,9.25,10.25,10.75,ok,0.0,ok,ue1_qfi1,0,0,0,106.25000000000017,data,ok,2.0,False,,proxy,3,0,ue1_qfi2,1.0,152,150.0,ok,ue1_qfi2,10.5,ok,2,ok,2,ue2_qfi2,0.9811892,ok,0.999992064527488,proxy,5,0.9999834240543383,23939707.2,ok,0.0010045454545454546,ok,0.3229409090909091,0.0194296875,ok,ue2_qfi1,0.46938775510204084,49,100.0,data,ok,0.0,ue1_qfi2,7.311000000000001,ok,30.4,ue1_qfi2,0,0.0,0.0,30.303,ok,33.0,,pending,,pending,,,,,1.0,,,2,,PF,1826701614,,,
ue2_qfi9,4.5,9.5,10.5,11.0,ok,0.0,ok,ue1_qfi1,0,0,0,106.25,data,ok,2.0,False,,proxy,3,0,ue1_qfi2,1.0,152,150.0,ok,ue1_qfi2,10.786,ok,2,ok,2,ue2_qfi2,0.9811892,ok,0.9999889970671922,proxy,5,0.9999815009150431,23943486.4,ok,0.0010863636363636364,ok,0.4505568181818182,0.0248296875,ok,ue1_qfi1,0.46938775510204084,49,100.0,data,ok,0.0,ue1_qfi2,7.599,ok,30.4,ue1_qfi2,0,0.0,0.0,30.303,ok,33.0,,pending,,pending,,,,,1.0,,,2,,Reservation,1826701614,,,
ue2_qfi9,5.25,10.75,11.75,12.5,ok,0.0,ok,ue1_qfi1,0,0,0,108.0,data,ok,2.0,False,,proxy,3,0,ue2_qfi2,0.993421052631579,152,150.0,ok,ue2_qfi2,11.372,ok,2,ok,2,ue2_qfi2,0.9801911999999999,ok,0.9999872626996679,proxy,5,0.9999764804307756,23944659.2,ok,0.0009681818181818182,ok,0.5483034090909091,0.018559375,ok,ue1_qfi1,0.4897959183673469,49,100.0,data,ok,0.0,ue1_qfi1,8.0,ok,30.2,ue2_qfi2,1,70.25,70.25,30.303,ok,33.0,,pending,,pending,,,,,1.0,,,2,,TwoTier,1826701614,,,
ue1_qfi9,4.25,9.25,10.25,10.75,ok,0.0,ok,ue2_qfi1,0,0,0,106.7499999999999,data,ok,2.0,False,,proxy,3,0,ue1_qfi2,1.0,152,150.0,ok,ue2_qfi2,10.613,ok,2,ok,2,ue2_qfi2,0.9628871999999999,ok,0.9999924579682113,proxy,5,0.9999868863954604,23883040.0,ok,0.0009431818181818182,ok,0.32808977272727274,0.0199515625,ok,ue2_qfi1,0.40816326530612246,49,100.0,data,ok,0.0,ue1_qfi2,7.026,ok,30.4,ue1_qfi2,0,0.0,0.0,30.303,ok,33.0,,pending,,pending,,,,,1.0,,,2,,PF,1367864806,,,
ue2_qfi9,4.5,9.5,10.25,11.0,ok,0.0,ok,ue2_qfi1,0,0,0,107.75000000000023,data,ok,2.0,False,,proxy,3,0,ue1_qfi2,1.0,152,150.0,ok,ue2_qfi2,10.573,ok,2,ok,2,ue2_qfi2,0.9628871999999999,ok,0.9999924458847863,proxy,5,0.9999856875021058,23880728.0,ok,0.0009431818181818182,ok,0.45572613636363635,0.0261265625,ok,ue2_qfi1,0.4489795918367347,49,100.0,data,ok,0.0,ue1_qfi1,7.75,ok,30.4,ue1_qfi2,0,0.0,0.0,30.303,ok,33.0,,pending,,pending,,,,,1.0,,,2,,Reservation,1367864806,,,
ue2_qfi9,5.25,10.5,11.75,12.25,ok,0.0,ok,ue2_qfi1,0,0,0,108.24999999999996,data,ok,2.0,False,,proxy,3,0,ue1_qfi2,1.0,152,150.0,ok,ue2_qfi2,10.75,ok,2,ok,2,ue2_qfi2,0.9628871999999999,ok,0.9999914618385372,proxy,5,0.9999858272385909,23884060.8,ok,0.0010568181818181818,ok,0.5550977272727273,0.019253125,ok,ue1_qfi1,0.4897959183673469,49,100.0,data,ok,0.0,ue2_qfi2,7.7620000000000005,ok,30.4,ue1_qfi2,0,0.0,0.0,30.303,ok,33.0,,pending,,pending,,,,,1.0,,,2,,TwoTier,1367864806,,,
ue1_qfi2,3.854,9.615,11.0,11.867,ok,0.0,ok,ue2_qfi1,0,0,0,106.25000000000017,data,ok,2.0,False,,proxy,3,0,ue1_qfi2,1.0,152,150.0,ok,ue1_qfi2,11.534,ok,2,ok,2,ue1_qfi2,0.9745048000000001,ok,0.9999931536015325,proxy,5,0.999987190774366,23877627.2,ok,0.0011318181818181818,ok,0.3717625,0.0274109375,ok,ue1_qfi1,0.46938775510204084,49,100.0,data,ok,0.0,ue1_qfi2,8.013000000000002,ok,30.4,ue1_qfi2,0,0.0,0.0,30.303,ok,33.0,,pending,,pending,,,,,1.0,,,2,,PF,1097657231,,,
ue1_qfi2,3.667,9.677,10.91,11.937,ok,0.0,ok,ue2_qfi1,0,0,0,109.50000000000016,data,ok,2.0,False,,proxy,3,0,ue1_qfi2,1.0,152,150.0,ok,ue1_qfi2,11.784,ok,2,ok,2,ue1_qfi2,0.9745048000000001,ok,0.9999923874605641,proxy,5,0.9999844945648235,23876488.0,ok,0.0011727272727272728,ok,0.4890534090909091,0.0357015625,ok,ue1_qfi1,0.3673469387755102,49,100.0,data,ok,0.0,ue2_qfi1,9.25,ok,30.4,ue1_qfi2,0,0.0,0.0,30.303,ok,33.0,,pending,,pending,,,,,1.0,,,2,,Reservation,1097657231,,,
ue2_qfi9,5.25,10.75,11.75,12.5,ok,0.0,ok,ue1_qfi1,0,0,0,107.75,data,ok,2.0,False,,proxy,3,0,ue1_qfi2,1.0,152,150.0,ok,ue1_qfi2,11.178,ok,2,ok,2,ue1_qfi2,0.9745048000000001,ok,0.9999889452027153,proxy,5,0.9999809060808178,23879675.2,ok,0.0014363636363636364,ok,0.5864340909090909,0.0261328125,ok,ue1_qfi1,0.42857142857142855,49,100.0,data,ok,0.0,ue1_qfi1,7.75,ok,30.4,ue1_qfi2,0,0.0,0.0,30.303,ok,33.0,,pending,,pending,,,,,1.0,,,2,,TwoTier,1097657231,,,
ue1_qfi2,3.44,8.999,10.5,11.25,ok,0.0,ok,ue1_qfi1,0,0,0,106.25,data,ok,2.0,False,,proxy,3,0,ue1_qfi2,1.0,152,150.0,ok,ue1_qfi2,11.172,ok,2,ok,2,ue1_qfi2,0.9641224,ok,0.9999958651843336,proxy,5,0.9999892404299094,23852081.6,ok,0.0010386363636363635,ok,0.31932954545454545,0.0198890625,ok,ue1_qfi1,0.4489795918367347,49,100.0,data,ok,0.0,ue1_qfi2,7.8100000000000005,ok,30.4,ue1_qfi2,0,0.0,0.0,30.303,ok,33.0,,pending,,pending,,,,,1.0,,,2,,PF,579362555,,,
ue2_qfi9,4.5,9.75,10.5,11.0,ok,0.0,ok,ue2_qfi1,0,0,0,106.50000000000004,data,ok,2.0,False,,proxy,3,0,ue2_qfi2,0.993421052631579,152,150.0,ok,ue1_qfi2,10.866,ok,2,ok,2,ue1_qfi2,0.9641224,ok,0.9999921800646412,proxy,5,0.9999850277238453,23840345.6,ok,0.0010522727272727272,ok,0.4445090909090909,0.0254328125,ok,ue1_qfi1,0.5102040816326531,49,100.0,data,ok,0.0,ue1_qfi2,7.5600000000000005,ok,30.4,ue1_qfi2,0,0.0,0.0,30.303,ok,33.0,,pending,,pending,,,,,1.0,,,2,,Reservation,579362555,,,
ue2_qfi9,5.25,10.75,11.75,12.5,ok,0.0,ok,ue1_qfi1,0,0,0,108.0,data,ok,2.0,False,,proxy,3,0,ue1_qfi2,1.0,152,150.0,ok,ue1_qfi2,11.198,ok,2,ok,2,ue1_qfi2,0.9641224,ok,0.9999893479390897,proxy,5,0.999980449524962,23856057.6,ok,0.001115909090909091,ok,0.5437136363636363,0.0189609375,ok,ue2_qfi1,0.46938775510204084,49,100.0,data,ok,0.0,ue1_qfi2,7.754,ok,30.4,ue1_qfi2,0,0.0,0.0,30.303,ok,33.0,,pending,,pending,,,,,1.0,,,2,,TwoTier,579362555,,,
ue1_qfi2,3.586,8.989,10.341,10.874,ok,0.0,ok,ue1_qfi1,0,0,0,106.25000000000017,data,ok,2.0,False,,proxy,3,0,ue1_qfi2,1.0,152,150.0,ok,ue1_qfi2,10.874,ok,2,ok,2,ue2_qfi2,0.9543088000000001,ok,0.9999921838207175,proxy,5,0.9999860117468415,23748035.200000003,ok,0.0009931818181818182,ok,0.3246784090909091,0.0203515625,ok,ue2_qfi1,0.4489795918367347,49,100.0,data,ok,0.0,ue1_qfi2,7.288,ok,30.4,ue1_qfi2,0,0.0,0.0,30.303,ok,33.0,,pending,,pending,,,,,1.0,,,2,,PF,661058651,,,
ue1_qfi9,4.25,9.5,10.5,11.0,ok,0.0,ok,ue1_qfi1,0,0,0,105.50000000000014,data,ok,2.0,False,,proxy,3,0,ue1_qfi2,1.0,152,150.0,ok,ue1_qfi2,10.678,ok,2,ok,2,ue2_qfi2,0.9543088000000001,ok,0.999992896004399,proxy,5,0.9999810652952092,23747616.0,ok,0.001059090909090909,ok,0.4501977272727273,0.026203125,ok,ue1_qfi1,0.40816326530612246,49,100.0,data,ok,0.0,ue2_qfi2,7.173,ok,30.4,ue1_qfi2,0,0.0,0.0,30.303,ok,33.0,,pending,,pending,,,,,1.0,,,2,,Reservation,661058651,,,
ue2_qfi9,5.25,10.5,11.75,12.5,ok,0.0,ok,ue1_qfi1,0,0,0,107.74999999999979,data,ok,2.0,False,,proxy,3,0,ue1_qfi2,1.0,152,150.0,ok,ue1_qfi2,11.5,ok,2,ok,2,ue2_qfi2,0.9543088000000001,ok,0.9999876687114109,proxy,5,0.9999769461966983,23752766.4,ok,0.0009568181818181818,ok,0.548825,0.0194328125,ok,ue1_qfi1,0.4897959183673469,49,100.0,data,ok,0.0,ue1_qfi2,8.468,ok,30.4,ue1_qfi2,0,0.0,0.0,30.303,ok,33.0,,pending,,pending,,,,,1.0,,,2,,TwoTier,661058651,,,
ue1_qfi2,3.505,8.939,10.743,11.5,ok,0.0,ok,ue2_qfi1,0,0,0,107.0000000000002,data,ok,2.0,False,,proxy,3,0,ue1_qfi2,1.0,152,150.0,ok,ue1_qfi2,11.5,ok,2,ok,2,ue2_qfi2,0.964992,ok,0.999933540917531,proxy,5,0.9996919185212478,23806123.2,ok,0.0011568181818181818,ok,0.3393022727272727,0.02295625,ok,ue2_qfi1,0.46938775510204084,49,100.0,data,ok,0.0,ue1_qfi2,7.995,ok,30.4,ue1_qfi2,0,0.0,0.0,30.303,ok,33.0,,pending,,pending,,,,,1.0,,,2,,PF,87989972,,,
ue2_qfi9,4.5,9.75,10.5,11.25,ok,0.0,ok,ue2_qfi1,0,0,0,106.25000000000017,data,ok,2.0,False,,proxy,3,0,ue1_qfi2,1.0,152,150.0,ok,ue1_qfi2,11.0,ok,2,ok,2,ue2_qfi2,0.964992,ok,0.999994876135141,proxy,5,0.9999884542042953,23807873.6,ok,0.0010659090909090909,ok,0.46086363636363636,0.02955625,ok,ue1_qfi1,0.5102040816326531,49,100.0,data,ok,0.0,ue1_qfi2,7.605,ok,30.4,ue1_qfi2,0,0.0,0.0,30.303,ok,33.0,,pending,,pending,,,,,1.0,,,2,,Reservation,87989972,,,
ue2_qfi9,5.25,10.75,11.75,12.5,ok,0.0,ok,ue1_qfi1,0,0,0,107.75,data,ok,2.0,False,,proxy,3,0,ue1_qfi2,0.993421052631579,152,150.0,ok,ue1_qfi2,11.0,ok,2,ok,2,ue2_qfi2,0.964992,ok,0.9999947802255388,proxy,5,0.9999868621439421,23803099.2,ok,0.0010727272727272727,ok,0.5608443181818182,0.021934375,ok,ue1_qfi1,0.5102040816326531,49,100.0,data,ok,0.0,ue2_qfi2,7.763999999999999,ok,30.2,ue1_qfi2,0,0.0,0.0,30.303,ok,33.0,,pending,,pending,,,,,1.0,,,2,,TwoTier,87989972,,,
ue1_qfi2,3.665,9.44,10.5,10.949,ok,0.0,ok,ue1_qfi1,0,0,0,106.50000000000004,data,ok,2.0,False,,proxy,3,0,ue1_qfi2,1.0,152,150.0,ok,ue1_qfi2,10.949,ok,2,ok,2,ue2_qfi2,0.9580144,ok,0.9999945517127277,proxy,5,0.9999868447806144,23792398.400000002,ok,0.0011090909090909092,ok,0.34607045454545454,0.02443125,ok,ue2_qfi1,0.3877551020408163,49,100.0,data,ok,0.0,ue2_qfi2,7.394,ok,30.4,ue1_qfi2,0,0.0,0.0,30.303,ok,33.0,,pending,,pending,,,,,1.0,,,2,,PF,161576974,,,
ue1_qfi2,4.042,9.52,10.706,11.5,ok,0.0,ok,ue1_qfi1,0,0,0,106.25000000000017,data,ok,2.0,False,,proxy,3,0,ue1_qfi2,0.993421052631579,152,150.0,ok,ue1_qfi2,11.51,ok,2,ok,2,ue2_qfi2,0.9580144,ok,0.9999928187894849,proxy,5,0.9999866988610472,23793867.2,ok,0.0011681818181818182,ok,0.4675397727272727,0.031571875,ok,ue2_qfi1,0.4489795918367347,49,100.0,data,ok,0.0,ue1_qfi2,7.458,ok,30.2,ue1_qfi2,0,0.0,0.0,30.303,ok,33.0,,pending,,pending,,,,,1.0,,,2,,Reservation,161576974,,,
ue2_qfi9,5.25,10.75,11.75,12.25,ok,0.0,ok,ue1_qfi1,0,0,0,108.0000000000001,data,ok,2.0,False,,proxy,3,0,ue1_qfi2,1.0,152,150.0,ok,ue2_qfi2,11.125,ok,2,ok,2,ue2_qfi2,0.9580144,ok,0.9999895782444831,proxy,5,0.9999828707194915,23801518.4,ok,0.0012181818181818181,ok,0.5677477272727273,0.0233640625,ok,ue2_qfi1,0.42857142857142855,49,100.0,data,ok,0.0,ue1_qfi1,8.0,ok,30.4,ue1_qfi2,0,0.0,0.0,30.303,ok,33.0,,pending,,pending,,,,,1.0,,,2,,TwoTier,161576974,,,
ue2_qfi9,4.25,9.25,10.25,10.75,ok,0.0,ok,ue1_qfi1,0,0,0,107.0000000000002,data,ok,2.0,False,,proxy,3,0,ue1_qfi2,1.0,152,150.0,ok,ue1_qfi2,10.696,ok,2,ok,2,ue2_qfi2,0.9712076,ok,0.9999890031358672,proxy,5,0.9999829926730747,23869353.599999998,ok,0.0011977272727272728,ok,0.3595829545454545,0.0253734375,ok,ue2_qfi1,0.4897959183673469,49,100.0,data,ok,0.0,ue2_qfi2,7.115,ok,30.4,ue1_qfi2,0,0.0,0.0,30.303,ok,33.0,,pending,,pending,,,,,1.0,,,2,,PF,35492826,,,
ue1_qfi9,4.5,9.75,10.75,11.25,ok,0.0,ok,ue1_qfi1,0,0,0,106.25000000000017,data,ok,2.0,False,,proxy,3,0,ue1_qfi2,1.0,152,150.0,ok,ue1_qfi2,10.75,ok,2,ok,2,ue2_qfi2,0.9712076,ok,0.999991396978959,proxy,5,0.9999839229455154,23874912.0,ok,0.001209090909090909,ok,0.4821715909090909,0.0324609375,ok,ue1_qfi1,0.46938775510204084,49,100.0,data,ok,0.0,ue2_qfi2,7.232000000000001,ok,30.4,ue1_qfi2,0,0.0,0.0,30.303,ok,33.0,,pending,,pending,,,,,1.0,,,2,,Reservation,35492826,,,
ue2_qfi9,5.25,10.75,11.75,12.5,ok,0.0,ok,ue1_qfi1,0,0,0,108.5,data,ok,2.0,False,,proxy,3,0,ue1_qfi2,0.993421052631579,152,150.0,ok,ue1_qfi2,11.047,ok,2,ok,2,ue2_qfi2,0.9712076,ok,0.9999872363868312,proxy,5,0.9999813587151748,23876353.6,ok,0.0013159090909090909,ok,0.5756045454545454,0.023921875,ok,ue2_qfi1,0.40816326530612246,49,100.0,data,ok,0.0,ue1_qfi1,8.5,ok,30.2,ue1_qfi2,0,0.0,0.0,30.303,ok,33.0,,pending,,pending,,,,,1.0,,,2,,TwoTier,35492826,,,
ue1_qfi2,3.64,9.24,10.436,10.968,ok,0.0,ok,ue2_qfi1,0,0,0,105.75000000000001,data,ok,2.0,False,,proxy,3,0,ue1_qfi2,1.0,152,150.0,ok,ue1_qfi2,10.968,ok,2,ok,2,ue2_qfi2,0.9739536,ok,0.9999943165348701,proxy,5,0.9999862195942432,23880483.2,ok,0.0010386363636363635,ok,0.34004204545454547,0.0223796875,ok,ue1_qfi1,0.4897959183673469,49,100.0,data,ok,0.0,ue1_qfi2,7.327999999999999,ok,30.4,ue1_qfi2,0,0.0,0.0,30.303,ok,33.0,,pending,,pending,,,,,1.0,,,2,,PF,376383645,,,
ue1_qfi2,3.885,9.371,10.633,11.169,ok,0.0,ok,ue2_qfi1,0,0,0,106.75,data,ok,2.0,False,,proxy,3,0,ue1_qfi2,1.0,152,150.0,ok,ue1_qfi2,11.299,ok,2,ok,2,ue2_qfi2,0.9739536,ok,0.9999937771886227,proxy,5,0.9999841180770781,23884809.6,ok,0.0010886363636363637,ok,0.4634159090909091,0.0292578125,ok,ue1_qfi1,0.4897959183673469,49,100.0,data,ok,0.0,ue1_qfi2,7.284000000000001,ok,30.4,ue1_qfi2,0,0.0,0.0,30.303,ok,33.0,,pending,,pending,,,,,1.0,,,2,,Reservation,376383645,,,
ue2_qfi9,5.25,10.5,11.75,12.25,ok,0.0,ok,ue1_qfi1,0,0,0,107.25000000000007,data,ok,2.0,False,,proxy,3,0,ue2_qfi2,0.993421052631579,152,150.0,ok,ue1_qfi2,11.644,ok,2,ok,2,ue2_qfi2,0.9733184,ok,0.9999910850680458,proxy,5,0.9999823528903562,23879659.2,ok,0.0010022727272727273,ok,0.5639056818181818,0.02136875,ok,ue2_qfi1,0.5102040816326531,49,100.0,data,ok,0.0,ue1_qfi2,7.963,ok,30.4,ue1_qfi2,0,0.0,0.0,30.303,ok,33.0,,pending,,pending,,,,,1.0,,,2,,TwoTier,376383645,,,
ue2_qfi2,3.833,9.563,10.398,11.199,ok,0.0,ok,ue2_qfi1,0,0,0,107.0000000000002,data,ok,2.0,False,,proxy,3,0,ue1_qfi2,1.0,152,150.0,ok,ue2_qfi2,11.022,ok,2,ok,2,ue1_qfi2,0.9665368000000001,ok,0.9999895777481255,proxy,5,0.9999738627118622,23804257.6,ok,0.0011477272727272727,ok,0.3359693181818182,0.0216171875,ok,ue1_qfi1,0.4489795918367347,49,100.0,data,ok,0.0,ue1_qfi2,7.548,ok,30.4,ue1_qfi2,0,0.0,0.0,30.303,ok,33.0,,pending,,pending,,,,,1.0,,,2,,PF,1746484539,,,
ue2_qfi2,3.825,9.75,11.081,11.521,ok,0.0,ok,ue1_qfi1,0,0,0,106.24999999999973,data,ok,2.0,False,,proxy,3,0,ue1_qfi2,1.0,152,150.0,ok,ue2_qfi2,11.521,ok,2,ok,2,ue1_qfi2,0.9664168000000001,ok,0.999992336710607,proxy,5,0.9999846433247197,23808556.8,ok,0.0011318181818181818,ok,0.45784545454545456,0.027628125,ok,ue2_qfi1,0.42857142857142855,49,100.0,data,ok,0.0,ue2_qfi2,7.696000000000001,ok,30.4,ue1_qfi2,0,0.0,0.0,30.303,ok,33.0,,pending,,pending,,,,,1.0,,,2,,Reservation,1746484539,,,
ue2_qfi9,5.25,10.75,12.0,12.75,ok,0.0,ok,ue2_qfi1,0,0,0,108.75000000000013,data,ok,2.0,False,,proxy,3,0,ue1_qfi2,1.0,152,150.0,ok,ue2_qfi2,11.675,ok,2,ok,2,ue1_qfi2,0.9665368000000001,ok,0.9999902791961268,proxy,5,0.99998380440187,23808896.0,ok,0.0011272727272727272,ok,0.5555954545454546,0.020475,ok,ue2_qfi1,0.46938775510204084,49,100.0,data,ok,0.0,ue2_qfi1,8.5,ok,30.4,ue1_qfi2,0,0.0,0.0,30.303,ok,33.0,,pending,,pending,,,,,1.0,,,2,,TwoTier,1746484539,,,
ue1_qfi2,3.695,9.686,11.124,11.75,ok,0.0,ok,ue2_qfi1,0,0,0,107.75000000000001,data,ok,2.0,False,,proxy,3,0,ue2_qfi2,0.993421052631579,152,150.0,ok,ue1_qfi2,11.931,ok,2,ok,2,ue1_qfi2,0.9715788000000001,ok,0.9999919773590289,proxy,5,0.9999829212479355,15889532.8,ok,0.0009454545454545454,ok,0.23231022727272727,0.0175140625,ok,ue1_qfi1,0.46938775510204084,49,100.0,data,ok,0.0,ue1_qfi9,8.75,ok,30.4,ue1_qfi2,0,0.0,0.0,30.303,ok,33.0,,pending,,pending,,,,,0.5,,,2,,PF,1826701614,,,
ue1_qfi9,2.75,9.75,11.0,11.75,ok,0.0,ok,ue2_qfi1,0,0,0,110.0,data,ok,2.0,False,,proxy,3,0,ue1_qfi2,0.993421052631579,152,150.0,ok,ue1_qfi2,12.175,ok,2,ok,2,ue1_qfi2,0.9707704,ok,0.9999875817213315,proxy,5,0.9999817913775272,15894960.0,ok,0.0009818181818181818,ok,0.34828295454545455,0.020803125,ok,ue2_qfi1,0.4489795918367347,49,100.0,data,ok,0.0,ue2_qfi1,10.0,ok,30.2,ue1_qfi2,1,66.75,66.75,30.303,ok,33.0,,pending,,pending,,,,,0.5,,,2,,Reservation,1826701614,,,
ue2_qfi9,3.5,10.75,12.5,13.5,ok,0.0,ok,ue1_qfi1,0,0,0,107.75000000000023,data,ok,2.0,False,,proxy,3,0,ue1_qfi2,1.0,152,150.0,ok,ue1_qfi2,12.207,ok,2,ok,2,ue1_qfi2,0.9715788000000001,ok,0.999991175480097,proxy,5,0.9999864959785206,15893804.8,ok,0.0010227272727272728,ok,0.40916363636363634,0.01720625,ok,ue1_qfi1,0.5510204081632653,49,100.0,data,ok,0.0,ue2_qfi9,10.0,ok,30.4,ue1_qfi2,0,0.0,0.0,30.303,ok,33.0,,pending,,pending,,,,,0.5,,,2,,TwoTier,1826701614,,,
ue2_qfi2,4.042,9.873,11.18,11.668,ok,0.0,ok,ue1_qfi1,0,0,0,106.25,data,ok,2.0,False,,proxy,3,0,ue1_qfi2,1.0,152,150.0,ok,ue1_qfi2,11.75,ok,2,ok,2,ue1_qfi2,0.9733756,ok,0.999985797453083,proxy,5,0.9999796491023438,15939798.4,ok,0.0010522727272727272,ok,0.24557159090909092,0.020765625,ok,ue1_qfi1,0.46938775510204084,49,100.0,data,ok,0.0,ue2_qfi9,9.0,ok,30.4,ue1_qfi2,0,0.0,0.0,30.303,ok,33.0,,pending,,pending,,,,,0.5,,,2,,PF,1367864806,,,
ue2_qfi2,3.914,10.05,11.5,12.045,ok,0.0,ok,ue1_qfi1,0,0,0,107.00000000000004,data,ok,2.0,False,,proxy,3,0,ue1_qfi2,1.0,152,150.0,ok,ue2_qfi2,12.626,ok,2,ok,2,ue1_qfi2,0.9733756,ok,0.9999874458417818,proxy,5,0.9999774925299793,15931547.2,ok,0.0010522727272727272,ok,0.36032954545454543,0.0248515625,ok,ue1_qfi1,0.5510204081632653,49,100.0,data,ok,0.0,ue1_qfi9,9.0,ok,30.4,ue1_qfi2,0,0.0,0.0,30.303,ok,33.0,,pending,,pending,,,,,0.5,,,2,,Reservation,1367864806,,,
ue2_qfi9,3.75,11.25,12.5,13.25,ok,0.0,ok,ue2_qfi1,0,0,0,108.25,data,ok,2.0,False,,proxy,3,0,ue1_qfi2,1.0,152,150.0,ok,ue2_qfi2,12.5,ok,2,ok,2,ue1_qfi2,0.9733756,ok,0.9999857569811912,proxy,5,0.9999761587018349,15934798.4,ok,0.0010568181818181818,ok,0.4272840909090909,0.02044375,ok,ue1_qfi1,0.46938775510204084,49,100.0,data,ok,0.0,ue2_qfi9,9.5,ok,30.4,ue1_qfi2,0,0.0,0.0,30.303,ok,33.0,,pending,,pending,,,,,0.5,,,2,,TwoTier,1367864806,,,
ue1_qfi9,2.75,9.75,10.75,11.5,ok,0.0,ok,ue2_qfi1,0,0,0,107.0,data,ok,2.0,False,,proxy,3,0,ue1_qfi2,1.0,152,150.0,ok,ue1_qfi2,11.775,ok,2,ok,2,ue2_qfi2,0.9725992,ok,0.999987754619907,proxy,5,0.9999798396905233,15892776.0,ok,0.0010659090909090909,ok,0.2578693181818182,0.022240625,ok,ue1_qfi1,0.46938775510204084,49,100.0,data,ok,0.0,ue1_qfi9,8.75,ok,30.4,ue1_qfi2,0,0.0,0.0,30.303,ok,33.0,,pending,,pending,,,,,0.5,,,2,,PF,1097657231,,,
ue2_qfi9,3.0,10.0,11.25,12.0,ok,0.0,ok,ue1_qfi1,0,0,0,106.50000000000004,data,ok,2.0,False,,proxy,3,0,ue1_qfi2,1.0,152,150.0,ok,ue1_qfi2,11.79,ok,2,ok,2,ue2_qfi2,0.9725416,ok,0.9999867293466629,proxy,5,0.9999796354769203,15897163.2,ok,0.0010659090909090909,ok,0.3692852272727273,0.0266234375,ok,ue2_qfi1,0.4489795918367347,49,100.0,data,ok,0.0,ue2_qfi9,9.0,ok,30.4,ue1_qfi2,0,0.0,0.0,30.303,ok,33.0,,pending,,pending,,,,,0.5,,,2,,Reservation,1097657231,,,
ue2_qfi9,4.25,11.25,12.5,13.5,ok,0.0,ok,ue1_qfi1,0,0,0,108.24999999999996,data,ok,2.0,False,,proxy,3,0,ue1_qfi2,1.0,152,150.0,ok,ue2_qfi2,12.314,ok,2,ok,2,ue2_qfi2,0.9725992,ok,0.9999856020623905,proxy,5,0.9999757256870949,15895166.4,ok,0.0011431818181818181,ok,0.4435568181818182,0.021815625,ok,ue1_qfi1,0.4897959183673469,49,100.0,data,ok,0.0,ue2_qfi9,9.25,ok,30.4,ue1_qfi2,0,0.0,0.0,30.303,ok,33.0,,pending,,pending,,,,,0.5,,,2,,TwoTier,1097657231,,,
ue2_qfi2,3.9,9.793,11.014,11.84,ok,0.0,ok,ue1_qfi1,0,0,0,107.25,data,ok,2.0,False,,proxy,3,0,ue1_qfi2,1.0,152,150.0,ok,ue2_qfi2,12.615,ok,2,ok,2,ue1_qfi2,0.976886,ok,0.9999905176642183,proxy,5,0.999980733719569,15898654.399999999,ok,0.001,ok,0.23589204545454545,0.0179171875,ok,ue1_qfi1,0.4897959183673469,49,100.0,data,ok,0.0,ue1_qfi9,9.0,ok,30.4,ue1_qfi2,0,0.0,0.0,30.303,ok,33.0,,pending,,pending,,,,,0.5,,,2,,PF,579362555,,,
ue2_qfi2,3.979,9.969,11.457,12.0,ok,0.0,ok,ue1_qfi1,0,0,0,106.5,data,ok,2.0,False,,proxy,3,0,ue1_qfi2,0.993421052631579,152,150.0,ok,ue2_qfi2,12.25,ok,2,ok,2,ue1_qfi2,0.9757311999999999,ok,0.999988670840964,proxy,5,0.9999847111401448,15891934.4,ok,0.0010045454545454546,ok,0.35036931818181816,0.02133125,ok,ue2_qfi1,0.4897959183673469,49,100.0,data,ok,0.0,ue2_qfi9,9.0,ok,30.2,ue2_qfi2,1,67.25,67.25,30.303,ok,33.0,,pending,,pending,,,,,0.5,,,2,,Reservation,579362555,,,
ue2_qfi9,3.75,11.0,12.25,13.25,ok,0.0,ok,ue1_qfi1,0,0,0,106.0,data,ok,2.0,False,,proxy,3,0,ue1_qfi2,1.0,152,150.0,ok,ue2_qfi2,12.082,ok,2,ok,2,ue1_qfi2,0.976886,ok,0.9999900617293708,proxy,5,0.9999828636982693,15900345.6,ok,0.0010363636363636363,ok,0.4119806818181818,0.01775625,ok,ue1_qfi1,0.4489795918367347,49,100.0,data,ok,0.0,ue2_qfi9,9.5,ok,30.4,ue1_qfi2,0,0.0,0.0,30.303,ok,33.0,,pending,,pending,,,,,0.5,,,2,,TwoTier,579362555,,,
ue2_qfi9,2.5,9.75,10.75,11.5,ok,0.0,ok,ue2_qfi1,0,0,0,109.99999999999987,data,ok,2.0,False,,proxy,3,0,ue1_qfi2,1.0,152,150.0,ok,ue2_qfi2,12.171,ok,2,ok,2,ue1_qfi2,0.9691344000000001,ok,0.99998351589039,proxy,5,0.9999754963710344,15873440.0,ok,0.0009545454545454546,ok,0.23837045454545455,0.016771875,ok,ue1_qfi1,0.4489795918367347,49,100.0,data,ok,0.0,ue2_qfi1,10.0,ok,30.4,ue1_qfi2,0,0.0,0.0,30.303,ok,33.0,,pending,,pending,,,,,0.5,,,2,,PF,661058651,,,
ue2_qfi2,3.988,9.871,11.166,11.797,ok,0.0,ok,ue2_qfi1,0,0,0,106.75000000000034,data,ok,2.0,False,,proxy,3,0,ue1_qfi2,1.0,152,150.0,ok,ue2_qfi2,11.951,ok,2,ok,2,ue1_qfi2,0.9691344000000001,ok,0.9999860404172807,proxy,5,0.999979525720932,15874768.0,ok,0.0009545454545454546,ok,0.3515488636363636,0.0198328125,ok,ue1_qfi1,0.5102040816326531,49,100.0,data,ok,0.0,ue1_qfi9,9.25,ok,30.4,ue1_qfi2,0,0.0,0.0,30.303,ok,33.0,,pending,,pending,,,,,0.5,,,2,,Reservation,661058651,,,
ue2_qfi9,4.0,11.0,12.5,13.25,ok,0.0,ok,ue1_qfi1,0,0,0,108.5,data,ok,2.0,False,,proxy,3,0,ue1_qfi2,1.0,152,150.0,ok,ue2_qfi2,12.516,ok,2,ok,2,ue1_qfi2,0.9691344000000001,ok,0.999984728232457,proxy,5,0.999972834406791,15876040.0,ok,0.0009545454545454546,ok,0.41513295454545457,0.0165,ok,ue2_qfi1,0.46938775510204084,49,100.0,data,ok,0.0,ue2_qfi9,9.25,ok,30.4,ue1_qfi2,0,0.0,0.0,30.303,ok,33.0,,pending,,pending,,,,,0.5,,,2,,TwoTier,661058651,,,
ue1_qfi2,3.735,9.349,10.48,11.557,ok,0.0,ok,ue2_qfi1,0,0,0,106.50000000000004,data,ok,2.0,False,,proxy,3,0,ue1_qfi2,1.0,152,150.0,ok,ue1_qfi2,12.0,ok,2,ok,2,ue2_qfi2,0.9543224,ok,0.9999881307074896,proxy,5,0.9999818311518522,15787148.8,ok,0.001034090909090909,ok,0.24381704545454547,0.0192546875,ok,ue1_qfi1,0.46938775510204084,49,100.0,data,ok,0.0,ue1_qfi9,9.0,ok,30.4,ue1_qfi2,0,0.0,0.0,30.303,ok,33.0,,pending,,pending,,,,,0.5,,,2,,PF,87989972,,,
ue1_qfi2,3.868,9.432,10.98,12.0,ok,0.0,ok,ue2_qfi1,0,0,0,106.25000000000017,data,ok,2.0,False,,proxy,3,0,ue1_qfi2,1.0,152,150.0,ok,ue1_qfi2,12.4,ok,2,ok,2,ue2_qfi2,0.9543224,ok,0.9999894474413116,proxy,5,0.9999835038667952,15784720.0,ok,0.0010181818181818183,ok,0.35659318181818184,0.022896875,ok,ue1_qfi1,0.4897959183673469,49,100.0,data,ok,0.0,ue1_qfi9,9.0,ok,30.4,ue1_qfi2,0,0.0,0.0,30.303,ok,33.0,,pending,,pending,,,,,0.5,,,2,,Reservation,87989972,,,
ue2_qfi9,4.0,11.25,12.75,13.5,ok,0.0,ok,ue2_qfi1,0,0,0,108.24999999999996,data,ok,2.0,False,,proxy,3,0,ue1_qfi2,1.0,152,150.0,ok,ue2_qfi2,12.017,ok,2,ok,2,ue2_qfi2,0.9543224,ok,0.9999850947179837,proxy,5,0.9999774769622942,15786097.6,ok,0.0010386363636363635,ok,0.42340113636363635,0.018828125,ok,ue1_qfi1,0.46938775510204084,49,100.0,data,ok,0.0,ue2_qfi9,9.5,ok,30.4,ue1_qfi2,0,0.0,0.0,30.303,ok,33.0,,pending,,pending,,,,,0.5,,,2,,TwoTier,87989972,,,
ue2_qfi9,2.5,10.0,11.0,11.75,ok,0.0,ok,ue2_qfi1,0,0,0,107.25000000000007,data,ok,2.0,False,,proxy,3,0,ue2_qfi2,0.993421052631579,152,150.0,ok,ue2_qfi2,11.84,ok,2,ok,2,ue1_qfi2,0.9700324,ok,0.9999854674753227,proxy,5,0.9999765457555512,15861832.0,ok,0.0010727272727272727,ok,0.2479534090909091,0.0211015625,ok,ue1_qfi1,0.46938775510204084,49,100.0,data,ok,0.0,ue2_qfi9,9.25,ok,30.4,ue1_qfi2,0,0.0,0.0,30.303,ok,33.0,,pending,,pending,,,,,0.5,,,2,,PF,161576974,,,
ue2_qfi9,3.0,10.0,11.25,11.75,ok,0.0,ok,ue2_qfi1,0,0,0,110.25000000000018,data,ok,2.0,False,,proxy,3,0,ue1_qfi2,1.0,152,150.0,ok,ue2_qfi2,12.162,ok,2,ok,2,ue1_qfi2,0.9700324,ok,0.9999857844779653,proxy,5,0.9999774311713837,15865299.2,ok,0.0010727272727272727,ok,0.36107954545454546,0.0250484375,ok,ue2_qfi1,0.5102040816326531,49,100.0,data,ok,0.0,ue2_qfi1,10.0,ok,30.4,ue1_qfi2,0,0.0,0.0,30.303,ok,33.0,,pending,,pending,,,,,0.5,,,2,,Reservation,161576974,,,
ue2_qfi9,4.0,11.0,12.25,13.25,ok,0.0,ok,ue1_qfi1,0,0,0,107.75,data,ok,2.0,False,,proxy,3,0,ue1_qfi2,1.0,152,150.0,ok,ue2_qfi2,12.534,ok,2,ok,2,ue1_qfi2,0.9700324,ok,0.9999886215133547,proxy,5,0.9999806095079672,15861518.4,ok,0.0010727272727272727,ok,0.4261965909090909,0.0207078125,ok,ue2_qfi1,0.4489795918367347,49,100.0,data,ok,0.0,ue2_qfi9,9.25,ok,30.4,ue1_qfi2,0,0.0,0.0,30.303,ok,33.0,,pending,,pending,,,,,0.5,,,2,,TwoTier,161576974,,,
ue2_qfi9,3.0,10.0,11.0,11.75,ok,0.0,ok,ue2_qfi1,0,0,0,107.50000000000004,data,ok,2.0,False,,proxy,3,0,ue1_qfi2,1.0,152,150.0,ok,ue2_qfi2,11.761,ok,2,ok,2,ue1_qfi2,0.9528272,ok,0.9999899713291198,proxy,5,0.9999832914189418,15776067.2,ok,0.0011386363636363636,ok,0.26101931818181817,0.0236515625,ok,ue1_qfi1,0.4897959183673469,49,100.0,data,ok,0.0,ue2_qfi9,8.75,ok,30.4,ue1_qfi2,0,0.0,0.0,30.303,ok,33.0,,pending,,pending,,,,,0.5,,,2,,PF,35492826,,,
ue2_qfi9,3.25,10.25,11.25,12.0,ok,0.0,ok,ue2_qfi1,0,0,0,106.25,data,ok,2.0,False,,proxy,3,0,ue1_qfi2,1.0,152,150.0,ok,ue2_qfi2,11.761,ok,2,ok,2,ue1_qfi2,0.9528272,ok,0.9999888419640879,proxy,5,0.999980208527494,15771203.2,ok,0.0012954545454545454,ok,0.37128295454545457,0.0281421875,ok,ue1_qfi1,0.4897959183673469,49,100.0,data,ok,0.0,ue1_qfi9,8.75,ok,30.4,ue1_qfi2,0,0.0,0.0,30.303,ok,33.0,,pending,,pending,,,,,0.5,,,2,,Reservation,35492826,,,
ue2_qfi9,4.0,11.25,12.5,13.5,ok,0.0,ok,ue2_qfi1,0,0,0,108.25,data,ok,2.0,False,,proxy,3,0,ue2_qfi2,0.993421052631579,152,150.0,ok,ue2_qfi2,12.974,ok,2,ok,2,ue1_qfi2,0.9528272,ok,0.9999903275993421,proxy,5,0.9999841572501679,15772584.0,ok,0.001175,ok,0.4434318181818182,0.02339375,ok,ue1_qfi1,0.5102040816326531,49,100.0,data,ok,0.0,ue2_qfi9,9.5,ok,30.2,ue2_qfi2,1,67.75,67.75,30.303,ok,33.0,,pending,,pending,,,,,0.5,,,2,,TwoTier,35492826,,,
ue2_qfi9,2.5,9.5,10.75,11.5,ok,0.0,ok,ue2_qfi1,0,0,0,106.25000000000017,data,ok,2.0,False,,proxy,3,0,ue1_qfi2,1.0,152,150.0,ok,ue2_qfi2,11.627,ok,2,ok,2,ue2_qfi2,0.9672256,ok,0.9999913025813664,proxy,5,0.9999862164552566,15834401.6,ok,0.0009431818181818182,ok,0.2323659090909091,0.016803125,ok,ue2_qfi1,0.46938775510204084,49,100.0,data,ok,0.0,ue1_qfi9,9.0,ok,30.4,ue1_qfi2,0,0.0,0.0,30.303,ok,33.0,,pending,,pending,,,,,0.5,,,2,,PF,376383645,,,
ue2_qfi9,2.75,9.5,10.75,11.5,ok,0.0,ok,ue2_qfi1,0,0,0,107.25000000000007,data,ok,2.0,False,,proxy,3,0,ue1_qfi2,1.0,152,150.0,ok,ue2_qfi2,11.782,ok,2,ok,2,ue2_qfi2,0.9672256,ok,0.9999895018310649,proxy,5,0.9999838921065596,15830419.2,ok,0.0009431818181818182,ok,0.34604545454545454,0.019809375,ok,ue1_qfi1,0.5102040816326531,49,100.0,data,ok,0.0,ue2_qfi1,9.75,ok,30.4,ue1_qfi2,0,0.0,0.0,30.303,ok,33.0,,pending,,pending,,,,,0.5,,,2,,Reservation,376383645,,,
ue2_qfi9,3.75,11.25,12.75,13.75,ok,0.0,ok,ue2_qfi1,0,0,0,109.5,data,ok,2.0,False,,proxy,3,0,ue1_qfi2,1.0,152,150.0,ok,ue2_qfi2,11.9,ok,2,ok,2,ue2_qfi2,0.9672256,ok,0.9999886975804081,proxy,5,0.9999843289508167,15834544.0,ok,0.0010522727272727272,ok,0.40908295454545457,0.0164609375,ok,ue1_qfi1,0.46938775510204084,49,100.0,data,ok,0.0,ue2_qfi9,10.0,ok,30.4,ue1_qfi2,0,0.0,0.0,30.303,ok,33.0,,pending,,pending,,,,,0.5,,,2,,TwoTier,376383645,,,
ue2_qfi2,4.0,9.877,11.11,12.0,ok,0.0,ok,ue1_qfi1,0,0,0,106.25000000000017,data,ok,2.0,False,,proxy,3,0,ue1_qfi2,1.0,152,150.0,ok,ue2_qfi2,11.957,ok,2,ok,2,ue1_qfi2,0.968106,ok,0.9999888283109207,proxy,5,0.9999816326498836,15858592.0,ok,0.001175,ok,0.2559931818181818,0.0212265625,ok,ue2_qfi1,0.4489795918367347,49,100.0,data,ok,0.0,ue1_qfi9,9.25,ok,30.4,ue1_qfi2,0,0.0,0.0,30.303,ok,33.0,,pending,,pending,,,,,0.5,,,2,,PF,1746484539,,,
ue2_qfi9,3.0,10.0,11.25,12.0,ok,0.0,ok,ue1_qfi1,0,0,0,107.49999999999993,data,ok,2.0,False,,proxy,3,0,ue1_qfi2,1.0,152,150.0,ok,ue1_qfi2,11.625,ok,2,ok,2,ue1_qfi2,0.968106,ok,0.9999830492918369,proxy,5,0.9999707078734139,15856278.4,ok,0.001090909090909091,ok,0.3667556818181818,0.0251734375,ok,ue2_qfi1,0.4897959183673469,49,100.0,data,ok,0.0,ue1_qfi1,9.75,ok,30.4,ue1_qfi2,0,0.0,0.0,30.303,ok,33.0,,pending,,pending,,,,,0.5,,,2,,Reservation,1746484539,,,
ue2_qfi9,3.75,11.0,12.5,13.5,ok,0.0,ok,ue1_qfi1,0,0,0,110.00000000000031,data,ok,2.0,False,,proxy,3,0,ue1_qfi2,1.0,152,150.0,ok,ue2_qfi2,12.11,ok,2,ok,2,ue1_qfi2,0.968106,ok,0.9999861505492611,proxy,5,0.9999756487300735,15858016.0,ok,0.0011477272727272727,ok,0.4388977272727273,0.020803125,ok,ue1_qfi1,0.40816326530612246,49,100.0,data,ok,0.0,ue1_qfi1,10.0,ok,30.4,ue1_qfi2,0,0.0,0.0,30.303,ok,33.0,,pending,,pending,,,,,0.5,,,2,,TwoTier,1746484539,,,
ue1_qfi9,5.25,10.0,10.75,11.5,ok,0.0,ok,ue1_qfi1,0,0,0,106.7499999999999,data,ok,2.0,False,,proxy,3,0,ue1_qfi2,1.0,152,150.0,ok,ue1_qfi2,9.814,ok,2,ok,2,ue1_qfi2,0.9687036,ok,0.9999955752253864,proxy,5,0.9999876796394433,39858329.6,ok,0.0010795454545454546,ok,0.5444329545454546,0.027453125,ok,ue1_qfi1,0.46938775510204084,49,100.0,data,ok,0.0,ue1_qfi2,7.07,ok,30.4,ue1_qfi2,0,0.0,0.0,30.303,ok,33.0,,pending,,pending,,,,,2.0,,,2,,PF,1826701614,,,
ue2_qfi9,5.5,10.0,11.0,11.75,ok,0.0,ok,ue1_qfi1,0,0,0,106.25000000000017,data,ok,2.0,False,,proxy,3,0,ue1_qfi2,1.0,152,150.0,ok,ue1_qfi2,10.068,ok,2,ok,2,ue1_qfi2,0.9687036,ok,0.9999959522681949,proxy,5,0.9999907098570918,39856363.2,ok,0.0011113636363636365,ok,0.6458886363636364,0.038365625,ok,ue1_qfi1,0.4489795918367347,49,100.0,data,ok,0.0,ue1_qfi2,7.587999999999999,ok,30.4,ue1_qfi2,0,0.0,0.0,30.303,ok,33.0,,pending,,pending,,,,,2.0,,,2,,Reservation,1826701614,,,
ue2_qfi9,6.25,11.0,12.0,12.5,ok,0.0,ok,ue1_qfi1,0,0,0,107.49999999999993,data,ok,2.0,False,,proxy,3,0,ue1_qfi2,1.0,152,150.0,ok,ue1_qfi2,10.094,ok,2,ok,2,ue1_qfi2,0.9687036,ok,0.9999925470875457,proxy,5,0.9999855785793279,39853944.0,ok,0.001115909090909091,ok,0.7199477272727273,0.0267390625,ok,ue1_qfi1,0.42857142857142855,49,100.0,data,ok,0.0,ue1_qfi1,7.5,ok,30.4,ue1_qfi2,0,0.0,0.0,30.303,ok,33.0,,pending,,pending,,,,,2.0,,,2,,TwoTier,1826701614,,,
ue2_qfi9,5.75,10.5,11.75,12.25,ok,0.0,ok,ue1_qfi1,0,0,0,105.50000000000014,data,ok,2.0,False,,proxy,3,0,ue2_qfi2,0.993421052631579,152,150.0,ok,ue2_qfi2,10.337,ok,2,ok,2,ue2_qfi2,0.9704364,ok,0.9999940872797719,proxy,5,0.999987592616911,39856908.8,ok,0.0010545454545454545,ok,0.5659613636363636,0.0307609375,ok,ue1_qfi1,0.46938775510204084,49,100.0,data,ok,0.0,ue1_qfi1,7.75,ok,30.4,ue1_qfi2,0,0.0,0.0,30.303,ok,33.0,,pending,,pending,,,,,2.0,,,2,,PF,1367864806,,,
ue2_qfi9,6.0,11.25,12.25,13.0,ok,0.0,ok,ue1_qfi1,0,0,0,107.49999999999993,data,ok,2.0,False,,proxy,3,0,ue1_qfi2,1.0,152,150.0,ok,ue2_qfi2,9.498,ok,2,ok,2,ue2_qfi2,0.9717068000000001,ok,0.9999943378964169,proxy,5,0.9999912720594041,39870824.0,ok,0.0011409090909090909,ok,0.6660159090909091,0.042334375,ok,ue1_qfi1,0.40816326530612246,49,100.0,data,ok,0.0,ue1_qfi1,7.25,ok,30.4,ue1_qfi2,0,0.0,0.0,30.303,ok,33.0,,pending,,pending,,,,,2.0,,,2,,Reservation,1367864806,,,
ue2_qfi9,6.25,11.0,12.25,12.75,ok,0.0,ok,ue1_qfi1,0,0,0,111.25000000000007,data,ok,2.0,False,,proxy,3,0,ue1_qfi2,1.0,152,150.0,ok,ue1_qfi2,10.218,ok,2,ok,2,ue2_qfi2,0.9717068000000001,ok,0.9999952360136197,proxy,5,0.9999924757159002,39863144.0,ok,0.0012454545454545455,ok,0.7359113636363637,0.0297203125,ok,ue1_qfi1,0.5102040816326531,49,100.0,data,ok,0.0,ue1_qfi1,11.25,ok,30.4,ue1_qfi2,0,0.0,0.0,30.303,ok,33.0,,pending,,pending,,,,,2.0,,,2,,TwoTier,1367864806,,,
ue1_qfi9,5.75,10.75,11.75,12.25,ok,0.0,ok,ue2_qfi1,0,0,0,106.7499999999999,data,ok,2.0,False,,proxy,3,0,ue1_qfi2,1.0,152,150.0,ok,ue1_qfi2,10.09,ok,2,ok,2,ue1_qfi2,0.9711884000000001,ok,0.9999931422120578,proxy,5,0.9999871878012607,39833760.0,ok,0.0013113636363636363,ok,0.6133897727272727,0.0357875,ok,ue2_qfi1,0.46938775510204084,49,100.0,data,ok,0.0,ue2_qfi2,7.231,ok,30.4,ue1_qfi2,0,0.0,0.0,30.303,ok,33.0,,pending,,pending,,,,,2.0,,,2,,PF,1097657231,,,
ue1_qfi9,6.0,11.0,12.0,12.75,ok,0.0,ok,ue1_qfi1,0,0,0,104.00000000000009,data,ok,2.0,False,,proxy,3,0,ue1_qfi2,0.993421052631579,152,150.0,ok,ue1_qfi2,10.253,ok,2,ok,2,ue1_qfi2,0.9708732,ok,0.9999946759628552,proxy,5,0.99998592190982,39825569.6,ok,0.0014,ok,0.7041113636363636,0.0503046875,ok,ue2_qfi1,0.42857142857142855,49,100.0,data,ok,0.0,ue1_qfi2,7.08,ok,30.2,ue1_qfi2,0,0.0,0.0,30.303,ok,33.0,,pending,,pending,,,,,2.0,,,2,,Reservation,1097657231,,,
ue2_qfi9,6.5,11.5,12.75,13.25,ok,0.0,ok,ue1_qfi1,0,0,0,103.00000000000001,data,ok,2.0,False,,proxy,3,0,ue1_qfi2,1.0,152,150.0,ok,ue2_qfi2,9.662,ok,2,ok,2,ue1_qfi2,0.9711884000000001,ok,0.9999919620083455,proxy,5,0.9999838279451103,39818118.4,ok,0.0014340909090909092,ok,0.7673863636363636,0.0343734375,ok,ue1_qfi1,0.4897959183673469,49,100.0,data,ok,0.0,ue2_qfi9,6.75,ok,30.4,ue1_qfi2,0,0.0,0.0,30.303,ok,33.0,,pending,,pending,,,,,2.0,,,2,,TwoTier,1097657231,,,
ue2_qfi9,5.5,10.25,11.25,12.0,ok,0.0,ok,ue1_qfi1,0,0,0,105.24999999999984,data,ok,2.0,False,,proxy,3,0,ue1_qfi2,1.0,152,150.0,ok,ue2_qfi2,9.492,ok,2,ok,2,ue1_qfi2,0.9614528,ok,0.9999957458595817,proxy,5,0.9999905486279809,39739296.0,ok,0.0011704545454545455,ok,0.5427386363636364,0.025409375,ok,ue1_qfi1,0.46938775510204084,49,100.0,data,ok,0.0,ue2_qfi2,6.766,ok,30.4,ue1_qfi2,0,0.0,0.0,30.303,ok,33.0,,pending,,pending,,,,,2.0,,,2,,PF,579362555,,,
ue2_qfi9,5.75,10.25,11.25,11.75,ok,0.0,ok,ue1_qfi1,0,0,0,107.50000000000037,data,ok,2.0,False,,proxy,3,0,ue1_qfi2,1.0,152,150.0,ok,ue2_qfi2,9.475,ok,2,ok,2,ue1_qfi2,0.9614528,ok,0.9999967752084821,proxy,5,0.9999920325634419,39726980.8,ok,0.0010727272727272727,ok,0.6434068181818182,0.0355734375,ok,ue2_qfi1,0.4489795918367347,49,100.0,data,ok,0.0,ue1_qfi1,7.5,ok,30.4,ue1_qfi2,0,0.0,0.0,30.303,ok,33.0,,pending,,pending,,,,,2.0,,,2,,Reservation,579362555,,,
ue2_qfi9,6.25,11.0,12.0,12.75,ok,0.0,ok,ue2_qfi1,0,0,0,105.75000000000001,data,ok,2.0,False,,proxy,3,0,ue1_qfi2,1.0,152,150.0,ok,ue1_qfi2,9.791,ok,2,ok,2,ue1_qfi2,0.9614528,ok,0.9999942632076365,proxy,5,0.9999891530392043,39734584.0,ok,0.0011772727272727273,ok,0.7177318181818182,0.024640625,ok,ue1_qfi1,0.3877551020408163,49,100.0,data,ok,0.0,ue2_qfi1,7.5,ok,30.4,ue1_qfi2,0,0.0,0.0,30.303,ok,33.0,,pending,,pending,,,,,2.0,,,2,,TwoTier,579362555,,,
ue2_qfi9,5.5,10.25,11.25,12.0,ok,0.0,ok,ue2_qfi1,0,0,0,105.75000000000001,data,ok,2.0,False,,proxy,3,0,ue1_qfi2,0.993421052631579,152,150.0,ok,ue2_qfi2,10.0,ok,2,ok,2,ue1_qfi2,0.9719964,ok,0.99999383822808,proxy,5,0.9999874108611746,39890048.0,ok,0.0011681818181818182,ok,0.5656352272727273,0.028925,ok,ue2_qfi1,0.46938775510204084,49,100.0,data,ok,0.0,ue1_qfi2,7.096,ok,30.2,ue1_qfi2,0,0.0,0.0,30.303,ok,33.0,,pending,,pending,,,,,2.0,,,2,,PF,661058651,,,
ue2_qfi9,5.75,10.5,11.5,12.0,ok,0.0,ok,ue2_qfi1,0,0,0,107.25000000000007,data,ok,2.0,False,,proxy,3,0,ue1_qfi2,1.0,152,150.0,ok,ue2_qfi2,9.822,ok,2,ok,2,ue1_qfi2,0.9721192,ok,0.9999940173288948,proxy,5,0.9999869459438825,39902700.8,ok,0.0013181818181818182,ok,0.6624886363636364,0.04104375,ok,ue1_qfi1,0.5102040816326531,49,100.0,data,ok,0.0,ue2_qfi1,7.25,ok,30.4,ue1_qfi2,0,0.0,0.0,30.303,ok,33.0,,pending,,pending,,,,,2.0,,,2,,Reservation,661058651,,,
ue2_qfi9,6.0,10.75,11.75,12.5,ok,0.0,ok,ue1_qfi1,0,0,0,105.24999999999984,data,ok,2.0,False,,proxy,3,0,ue1_qfi2,1.0,152,150.0,ok,ue2_qfi2,10.5,ok,2,ok,2,ue1_qfi2,0.9721192,ok,0.9999961371717425,proxy,5,0.9999868814662944,39896148.8,ok,0.00115,ok,0.7358340909090909,0.0281421875,ok,ue1_qfi1,0.5306122448979592,49,100.0,data,ok,0.0,ue2_qfi2,7.030000000000001,ok,30.4,ue1_qfi2,0,0.0,0.0,30.303,ok,33.0,,pending,,pending,,,,,2.0,,,2,,TwoTier,661058651,,,
ue2_qfi9,5.5,10.0,11.0,11.5,ok,0.0,ok,ue2_qfi1,0,0,0,108.75000000000013,data,ok,2.0,False,,proxy,3,0,ue1_qfi2,1.0,152,150.0,ok,ue2_qfi2,10.0,ok,2,ok,2,ue1_qfi2,0.9754988,ok,0.9999933147537066,proxy,5,0.9999843761940854,39893368.0,ok,0.001031818181818182,ok,0.5331931818181819,0.0237046875,ok,ue2_qfi1,0.4489795918367347,49,100.0,data,ok,0.0,ue2_qfi1,8.75,ok,30.4,ue1_qfi2,0,0.0,0.0,30.303,ok,33.0,,pending,,pending,,,,,2.0,,,2,,PF,87989972,,,
ue2_qfi9,5.5,10.25,11.25,12.0,ok,0.0,ok,ue1_qfi1,0,0,0,104.99999999999999,data,ok,2.0,False,,proxy,3,0,ue1_qfi2,1.0,152,150.0,ok,ue2_qfi2,10.011,ok,2,ok,2,ue1_qfi2,0.9754988,ok,0.999995887054664,proxy,5,0.999986490066581,39896041.6,ok,0.0010727272727272727,ok,0.6344204545454546,0.033403125,ok,ue2_qfi1,0.4489795918367347,49,100.0,data,ok,0.0,ue2_qfi2,6.881,ok,30.4,ue1_qfi2,0,0.0,0.0,30.303,ok,33.0,,pending,,pending,,,,,2.0,,,2,,Reservation,87989972,,,
ue2_qfi9,6.0,10.75,11.75,12.25,ok,0.0,ok,ue1_qfi1,0,0,0,105.24999999999984,data,ok,2.0,False,,proxy,3,0,ue1_qfi2,1.0,152,150.0,ok,ue2_qfi2,9.5,ok,2,ok,2,ue1_qfi2,0.9754988,ok,0.9999910561200451,proxy,5,0.9999847799603929,39910838.4,ok,0.0012727272727272728,ok,0.7111909090909091,0.0232390625,ok,ue1_qfi1,0.4489795918367347,49,100.0,data,ok,0.0,ue2_qfi1,8.25,ok,30.4,ue1_qfi2,0,0.0,0.0,30.303,ok,33.0,,pending,,pending,,,,,2.0,,,2,,TwoTier,87989972,,,
ue2_qfi9,5.25,10.0,11.0,11.75,ok,0.0,ok,ue2_qfi1,0,0,0,108.24999999999996,data,ok,2.0,False,,proxy,3,0,ue1_qfi2,1.0,152,150.0,ok,ue2_qfi2,9.726,ok,2,ok,2,ue2_qfi2,0.954992,ok,0.9999944031697889,proxy,5,0.9999876895890712,39744489.6,ok,0.0012363636363636364,ok,0.5677295454545455,0.029528125,ok,ue1_qfi1,0.46938775510204084,49,100.0,data,ok,0.0,ue2_qfi1,8.25,ok,30.4,ue1_qfi2,0,0.0,0.0,30.303,ok,33.0,,pending,,pending,,,,,2.0,,,2,,PF,161576974,,,
ue2_qfi9,5.5,10.25,11.25,12.0,ok,0.0,ok,ue1_qfi1,0,0,0,105.50000000000014,data,ok,2.0,False,,proxy,3,0,ue1_qfi2,0.993421052631579,152,150.0,ok,ue2_qfi2,9.717,ok,2,ok,2,ue2_qfi2,0.954992,ok,0.9999941858871958,proxy,5,0.9999847003247566,39743694.4,ok,0.0010363636363636363,ok,0.6640931818181818,0.0413890625,ok,ue1_qfi1,0.4897959183673469,49,100.0,data,ok,0.0,ue2_qfi2,6.707,ok,30.2,ue1_qfi2,1,67.0,67.0,30.303,ok,33.0,,pending,,pending,,,,,2.0,,,2,,Reservation,161576974,,,
ue2_qfi9,6.25,11.0,12.0,12.75,ok,0.0,ok,ue1_qfi1,0,0,0,105.24999999999984,data,ok,2.0,False,,proxy,3,0,ue1_qfi2,1.0,152,150.0,ok,ue1_qfi2,9.776,ok,2,ok,2,ue2_qfi2,0.954992,ok,0.9999959480609727,proxy,5,0.9999925907407672,39727673.6,ok,0.0012568181818181819,ok,0.7362306818181819,0.0285015625,ok,ue1_qfi1,0.4897959183673469,49,100.0,data,ok,0.0,ue1_qfi1,7.0,ok,30.4,ue1_qfi2,0,0.0,0.0,30.303,ok,33.0,,pending,,pending,,,,,2.0,,,2,,TwoTier,161576974,,,
ue2_qfi9,5.25,10.0,11.0,11.75,ok,0.0,ok,ue2_qfi1,0,0,0,108.75000000000013,data,ok,2.0,False,,proxy,3,0,ue1_qfi2,1.0,152,150.0,ok,ue1_qfi2,10.032,ok,2,ok,2,ue1_qfi2,0.97102,ok,0.99999478835819,proxy,5,0.9999858198536756,39812760.0,ok,0.0011272727272727272,ok,0.5743943181818182,0.0321328125,ok,ue1_qfi1,0.4489795918367347,49,100.0,data,ok,0.0,ue2_qfi1,8.75,ok,30.4,ue1_qfi2,0,0.0,0.0,30.303,ok,33.0,,pending,,pending,,,,,2.0,,,2,,PF,35492826,,,
ue2_qfi9,5.5,10.25,11.25,12.0,ok,0.0,ok,ue2_qfi1,0,0,0,106.7499999999999,data,ok,2.0,False,,proxy,3,0,ue1_qfi2,1.0,152,150.0,ok,ue1_qfi2,10.384,ok,2,ok,2,ue1_qfi2,0.97102,ok,0.9999950832580706,proxy,5,0.999988390271294,39829249.6,ok,0.0013045454545454545,ok,0.6719829545454545,0.045046875,ok,ue1_qfi1,0.4489795918367347,49,100.0,data,ok,0.0,ue1_qfi2,7.289999999999999,ok,30.4,ue1_qfi2,0,0.0,0.0,30.303,ok,33.0,,pending,,pending,,,,,2.0,,,2,,Reservation,35492826,,,
ue2_qfi9,6.25,11.0,12.0,12.5,ok,0.0,ok,ue2_qfi1,0,0,0,107.49999999999993,data,ok,2.0,False,,proxy,3,0,ue1_qfi2,1.0,152,150.0,ok,ue2_qfi2,10.24,ok,2,ok,2,ue1_qfi2,0.97102,ok,0.9999937373081164,proxy,5,0.9999900632717341,39838782.4,ok,0.0014272727272727273,ok,0.7415579545454546,0.031009375,ok,ue1_qfi1,0.40816326530612246,49,100.0,data,ok,0.0,ue2_qfi1,7.75,ok,30.4,ue1_qfi2,0,0.0,0.0,30.303,ok,33.0,,pending,,pending,,,,,2.0,,,2,,TwoTier,35492826,,,
ue1_qfi9,5.25,10.0,11.0,11.75,ok,0.0,ok,ue2_qfi1,0,0,0,106.50000000000004,data,ok,2.0,False,,proxy,3,0,ue1_qfi2,1.0,152,150.0,ok,ue2_qfi2,9.975,ok,2,ok,2,ue1_qfi2,0.968238,ok,0.9999957667894964,proxy,5,0.9999885404140085,39829030.4,ok,0.0011931818181818183,ok,0.5329522727272727,0.0249046875,ok,ue1_qfi1,0.42857142857142855,49,100.0,data,ok,0.0,ue2_qfi2,7.5729999999999995,ok,30.4,ue1_qfi2,0,0.0,0.0,30.303,ok,33.0,,pending,,pending,,,,,2.0,,,2,,PF,376383645,,,
ue2_qfi9,5.25,10.0,11.0,11.5,ok,0.0,ok,ue1_qfi1,0,0,0,107.49999999999993,data,ok,2.0,False,,proxy,3,0,ue1_qfi2,1.0,152,150.0,ok,ue2_qfi2,9.5,ok,2,ok,2,ue1_qfi2,0.968238,ok,0.999996368390169,proxy,5,0.9999916179088811,39841236.8,ok,0.0011409090909090909,ok,0.638175,0.0345671875,ok,ue2_qfi1,0.4897959183673469,49,100.0,data,ok,0.0,ue1_qfi1,7.25,ok,30.4,ue1_qfi2,0,0.0,0.0,30.303,ok,33.0,,pending,,pending,,,,,2.0,,,2,,Reservation,376383645,,,
ue2_qfi9,6.0,11.0,12.0,12.5,ok,0.0,ok,ue2_qfi1,0,0,0,106.75000000000034,data,ok,2.0,False,,proxy,3,0,ue2_qfi2,0.993421052631579,152,150.0,ok,ue2_qfi2,9.579,ok,2,ok,2,ue1_qfi2,0.968238,ok,0.999987336962023,proxy,5,0.999976328534869,39843382.4,ok,0.0011522727272727273,ok,0.7085534090909091,0.0241171875,ok,ue1_qfi1,0.4897959183673469,49,100.0,data,ok,0.0,ue2_qfi1,7.5,ok,30.4,ue1_qfi2,0,0.0,0.0,30.303,ok,33.0,,pending,,pending,,,,,2.0,,,2,,TwoTier,376383645,,,
ue2_qfi9,5.25,10.0,11.0,11.75,ok,0.0,ok,ue1_qfi1,0,0,0,107.0000000000002,data,ok,2.0,False,,proxy,3,0,ue1_qfi2,1.0,152,150.0,ok,ue1_qfi2,10.21,ok,2,ok,2,ue2_qfi2,0.9788232,ok,0.9999943586463846,proxy,5,0.9999842648390781,39918696.0,ok,0.0011863636363636364,ok,0.5634340909090909,0.029396875,ok,ue2_qfi1,0.46938775510204084,49,100.0,data,ok,0.0,ue1_qfi1,7.0,ok,30.4,ue1_qfi2,0,0.0,0.0,30.303,ok,33.0,,pending,,pending,,,,,2.0,,,2,,PF,1746484539,,,
ue1_qfi9,5.5,10.5,11.5,12.25,ok,0.0,ok,ue1_qfi1,0,0,0,105.50000000000014,data,ok,2.0,False,,proxy,3,0,ue1_qfi2,1.0,152,150.0,ok,ue1_qfi2,10.21,ok,2,ok,2,ue2_qfi2,0.9788232,ok,0.9999937569254694,proxy,5,0.9999865279107327,39933120.0,ok,0.0011363636363636363,ok,0.6652681818181818,0.0402328125,ok,ue2_qfi1,0.46938775510204084,49,100.0,data,ok,0.0,ue1_qfi2,7.25,ok,30.4,ue1_qfi2,0,0.0,0.0,30.303,ok,33.0,,pending,,pending,,,,,2.0,,,2,,Reservation,1746484539,,,
ue2_qfi9,6.0,11.0,12.0,12.75,ok,0.0,ok,ue1_qfi1,0,0,0,105.24999999999984,data,ok,2.0,False,,proxy,3,0,ue1_qfi2,1.0,152,150.0,ok,ue2_qfi2,10.75,ok,2,ok,2,ue2_qfi2,0.9788232,ok,0.999993213454862,proxy,5,0.9999827627004575,39942177.6,ok,0.0014340909090909092,ok,0.735484090909091,0.0286625,ok,ue1_qfi1,0.4489795918367347,49,100.0,data,ok,0.0,ue1_qfi9,7.0,ok,30.4,ue1_qfi2,0,0.0,0.0,30.303,ok,33.0,,pending,,pending,,,,,2.0,,,2,,TwoTier,1746484539,,,
ue1_qfi9,5.0,9.75,10.75,11.25,ok,0.0,ok,ue1_qfi1,0,0,0,106.25000000000017,data,ok,2.0,False,,proxy,3,0,ue1_qfi2,1.0,152,150.0,ok,ue2_qfi2,10.5,ok,2,ok,2,ue1_qfi2,0.9727412,ok,0.999994417147023,proxy,5,0.9999867416792665,31893377.6,ok,0.0010181818181818183,ok,0.4281897727272727,0.0231046875,ok,ue2_qfi1,0.4489795918367347,49,100.0,data,ok,0.0,ue2_qfi2,7.4239999999999995,ok,30.4,ue1_qfi2,0,0.0,0.0,30.303,ok,33.0,,pending,,pending,,,,,1.5,,,2,,PF,1826701614,,,
ue1_qfi9,5.0,9.75,10.75,11.25,ok,0.0,ok,ue2_qfi1,0,0,0,107.5,data,ok,2.0,False,,proxy,3,0,ue1_qfi2,1.0,152,150.0,ok,ue2_qfi2,11.0,ok,2,ok,2,ue1_qfi2,0.9727412,ok,0.9999945090765499,proxy,5,0.9999860957622895,31884443.2,ok,0.0010795454545454546,ok,0.5391318181818182,0.030934375,ok,ue1_qfi1,0.42857142857142855,49,100.0,data,ok,0.0,ue1_qfi2,7.655,ok,30.4,ue1_qfi2,0,0.0,0.0,30.303,ok,33.0,,pending,,pending,,,,,1.5,,,2,,Reservation,1826701614,,,
ue2_qfi9,5.5,10.5,11.5,12.25,ok,0.0,ok,ue2_qfi1,0,0,0,108.24999999999996,data,ok,2.0,False,,proxy,3,0,ue1_qfi2,1.0,152,150.0,ok,ue2_qfi2,10.345,ok,2,ok,2,ue1_qfi2,0.9727412,ok,0.999993337669529,proxy,5,0.9999868778864474,31897848.0,ok,0.0010136363636363637,ok,0.6295,0.0221875,ok,ue1_qfi1,0.4489795918367347,49,100.0,data,ok,0.0,ue2_qfi1,8.25,ok,30.4,ue1_qfi2,0,0.0,0.0,30.303,ok,33.0,,pending,,pending,,,,,1.5,,,2,,TwoTier,1826701614,,,
ue1_qfi9,5.0,9.75,10.75,11.5,ok,0.0,ok,ue1_qfi1,0,0,0,106.25000000000017,data,ok,2.0,False,,proxy,3,0,ue2_qfi2,0.993421052631579,152,150.0,ok,ue1_qfi2,10.303,ok,2,ok,2,ue1_qfi2,0.9724836,ok,0.9999873506043258,proxy,5,0.9999786323462034,31843393.6,ok,0.00105,ok,0.44599545454545453,0.0265390625,ok,ue1_qfi1,0.42857142857142855,49,100.0,data,ok,0.0,ue2_qfi2,7.423000000000001,ok,30.4,ue1_qfi2,0,0.0,0.0,30.303,ok,33.0,,pending,,pending,,,,,1.5,,,2,,PF,1367864806,,,
ue2_qfi9,5.0,10.0,11.25,12.0,ok,0.0,ok,ue2_qfi1,0,0,0,106.25000000000017,data,ok,2.0,False,,proxy,3,0,ue1_qfi2,1.0,152,150.0,ok,ue1_qfi2,10.675,ok,2,ok,2,ue1_qfi2,0.9724836,ok,0.9999943636193539,proxy,5,0.9999876617509798,31847049.6,ok,0.001209090909090909,ok,0.5559602272727273,0.035659375,ok,ue1_qfi1,0.4897959183673469,49,100.0,data,ok,0.0,ue1_qfi2,7.869000000000001,ok,30.4,ue1_qfi2,0,0.0,0.0,30.303,ok,33.0,,pending,,pending,,,,,1.5,,,2,,Reservation,1367864806,,,
ue2_qfi9,5.75,10.75,12.0,12.5,ok,0.0,ok,ue2_qfi1,0,0,0,108.75000000000013,data,ok,2.0,False,,proxy,3,0,ue1_qfi2,1.0,152,150.0,ok,ue1_qfi2,10.75,ok,2,ok,2,ue1_qfi2,0.9724836,ok,0.999992318567358,proxy,5,0.9999856334359709,31851723.2,ok,0.0011045454545454546,ok,0.6434056818181818,0.02525625,ok,ue1_qfi1,0.4489795918367347,49,100.0,data,ok,0.0,ue2_qfi1,8.25,ok,30.4,ue1_qfi2,0,0.0,0.0,30.303,ok,33.0,,pending,,pending,,,,,1.5,,,2,,TwoTier,1367864806,,,
ue2_qfi9,5.25,10.5,11.5,12.25,ok,0.0,ok,ue1_qfi1,0,0,0,107.25,data,ok,2.0,False,,proxy,3,0,ue1_qfi2,1.0,152,150.0,ok,ue2_qfi2,11.0,ok,2,ok,2,ue2_qfi2,0.9756876,ok,0.9999935798609304,proxy,5,0.9999875275038095,31881086.4,ok,0.0012454545454545455,ok,0.5049943181818182,0.03276875,ok,ue1_qfi1,0.46938775510204084,49,100.0,data,ok,0.0,ue2_qfi2,7.516,ok,30.4,ue1_qfi2,0,0.0,0.0,30.303,ok,33.0,,pending,,pending,,,,,1.5,,,2,,PF,1097657231,,,
ue2_qfi9,5.5,10.75,11.75,12.5,ok,0.0,ok,ue2_qfi1,0,0,0,106.25000000000017,data,ok,2.0,False,,proxy,3,0,ue1_qfi2,1.0,152,150.0,ok,ue1_qfi2,11.1,ok,2,ok,2,ue2_qfi2,0.9756876,ok,0.9999953995762532,proxy,5,0.9999902959097808,31875182.4,ok,0.0013068181818181818,ok,0.6095579545454546,0.043925,ok,ue2_qfi1,0.42857142857142855,49,100.0,data,ok,0.0,ue1_qfi2,7.464,ok,30.4,ue1_qfi2,0,0.0,0.0,30.303,ok,33.0,,pending,,pending,,,,,1.5,,,2,,Reservation,1097657231,,,
ue2_qfi9,6.0,11.25,12.5,13.0,ok,0.0,ok,ue1_qfi1,0,0,0,107.75000000000023,data,ok,2.0,False,,proxy,3,0,ue1_qfi2,1.0,152,150.0,ok,ue1_qfi2,10.658,ok,2,ok,2,ue2_qfi2,0.9756876,ok,0.9999926936206217,proxy,5,0.9999863889127709,31876059.2,ok,0.0015522727272727272,ok,0.6921954545454545,0.0314859375,ok,ue1_qfi1,0.42857142857142855,49,100.0,data,ok,0.0,ue2_qfi1,7.75,ok,30.4,ue1_qfi2,0,0.0,0.0,30.303,ok,33.0,,pending,,pending,,,,,1.5,,,2,,TwoTier,1097657231,,,
ue2_qfi9,5.25,10.25,11.25,11.75,ok,0.0,ok,ue2_qfi1,0,0,0,106.50000000000004,data,ok,2.0,False,,proxy,3,0,ue1_qfi2,1.0,152,150.0,ok,ue2_qfi2,10.277,ok,2,ok,2,ue1_qfi2,0.9855592,ok,0.9999940384749163,proxy,5,0.999987362732178,31978329.599999998,ok,0.0011045454545454546,ok,0.43916704545454543,0.0247171875,ok,ue1_qfi1,0.42857142857142855,49,100.0,data,ok,0.0,ue2_qfi2,7.354999999999999,ok,30.4,ue1_qfi2,0,0.0,0.0,30.303,ok,33.0,,pending,,pending,,,,,1.5,,,2,,PF,579362555,,,
ue2_qfi9,5.5,10.5,11.5,12.25,ok,0.0,ok,ue2_qfi1,0,0,0,105.25,data,ok,2.0,False,,proxy,3,0,ue1_qfi2,1.0,152,150.0,ok,ue2_qfi2,10.361,ok,2,ok,2,ue1_qfi2,0.9855592,ok,0.9999944206715901,proxy,5,0.9999878732094617,31973785.6,ok,0.0011136363636363637,ok,0.550275,0.033075,ok,ue1_qfi1,0.46938775510204084,49,100.0,data,ok,0.0,ue2_qfi2,7.138,ok,30.4,ue1_qfi2,0,0.0,0.0,30.303,ok,33.0,,pending,,pending,,,,,1.5,,,2,,Reservation,579362555,,,
ue2_qfi9,6.0,11.0,12.0,12.75,ok,0.0,ok,ue1_qfi1,0,0,0,105.5,data,ok,2.0,False,,proxy,3,0,ue1_qfi2,1.0,152,150.0,ok,ue1_qfi2,10.5,ok,2,ok,2,ue1_qfi2,0.9854392,ok,0.999991847004663,proxy,5,0.9999847795217552,31979395.2,ok,0.0012818181818181817,ok,0.6366909090909091,0.0234953125,ok,ue1_qfi1,0.4897959183673469,49,100.0,data,ok,0.0,ue1_qfi2,7.691,ok,30.4,ue1_qfi2,0,0.0,0.0,30.303,ok,33.0,,pending,,pending,,,,,1.5,,,2,,TwoTier,579362555,,,
ue2_qfi9,5.0,10.0,10.75,11.5,ok,0.0,ok,ue2_qfi1,0,0,0,106.50000000000004,data,ok,2.0,False,,proxy,3,0,ue1_qfi2,1.0,152,150.0,ok,ue2_qfi2,11.235,ok,2,ok,2,ue1_qfi2,0.9783304,ok,0.9999936724576752,proxy,5,0.99998386283259,31901510.4,ok,0.001043181818181818,ok,0.4401431818181818,0.0245515625,ok,ue2_qfi1,0.42857142857142855,49,100.0,data,ok,0.0,ue2_qfi2,7.606,ok,30.4,ue1_qfi2,0,0.0,0.0,30.303,ok,33.0,,pending,,pending,,,,,1.5,,,2,,PF,661058651,,,
ue2_qfi9,5.25,10.0,11.0,11.75,ok,0.0,ok,ue2_qfi1,0,0,0,107.25000000000007,data,ok,2.0,False,,proxy,3,0,ue1_qfi2,1.0,152,150.0,ok,ue2_qfi2,11.235,ok,2,ok,2,ue1_qfi2,0.9783304,ok,0.9999953164733546,proxy,5,0.9999887879791566,31893771.200000003,ok,0.0011136363636363637,ok,0.5499852272727273,0.0333890625,ok,ue1_qfi1,0.4489795918367347,49,100.0,data,ok,0.0,ue2_qfi2,7.835999999999999,ok,30.4,ue1_qfi2,0,0.0,0.0,30.303,ok,33.0,,pending,,pending,,,,,1.5,,,2,,Reservation,661058651,,,
ue2_qfi9,5.75,10.75,11.75,12.5,ok,0.0,ok,ue1_qfi1,0,0,0,105.25,data,ok,2.0,False,,proxy,3,0,ue1_qfi2,1.0,152,150.0,ok,ue1_qfi2,10.761,ok,2,ok,2,ue1_qfi2,0.9783304,ok,0.9999893686413482,proxy,5,0.99997793727797,31897467.2,ok,0.001075,ok,0.6404375,0.0235375,ok,ue1_qfi1,0.5102040816326531,49,100.0,data,ok,0.0,ue1_qfi2,7.597,ok,30.4,ue1_qfi2,0,0.0,0.0,30.303,ok,33.0,,pending,,pending,,,,,1.5,,,2,,TwoTier,661058651,,,
ue2_qfi9,5.0,9.75,10.75,11.25,ok,0.0,ok,ue1_qfi1,0,0,0,106.25000000000017,data,ok,2.0,False,,proxy,3,0,ue1_qfi2,1.0,152,150.0,ok,ue2_qfi2,10.451,ok,2,ok,2,ue2_qfi2,0.9670215999999999,ok,0.9999951208002521,proxy,5,0.9999885029806351,31825627.2,ok,0.001118181818181818,ok,0.43775909090909093,0.023328125,ok,ue1_qfi1,0.4489795918367347,49,100.0,data,ok,0.0,ue2_qfi2,7.275,ok,30.4,ue1_qfi2,0,0.0,0.0,30.303,ok,33.0,,pending,,pending,,,,,1.5,,,2,,PF,87989972,,,
ue2_qfi9,5.0,10.0,11.0,11.75,ok,0.0,ok,ue1_qfi1,0,0,0,106.00000000000031,data,ok,2.0,False,,proxy,3,0,ue1_qfi2,1.0,152,150.0,ok,ue2_qfi2,10.702,ok,2,ok,2,ue2_qfi2,0.9670215999999999,ok,0.9999888207905505,proxy,5,0.9999809619007171,31824816.0,ok,0.0010613636363636363,ok,0.5447818181818181,0.0318296875,ok,ue1_qfi1,0.5102040816326531,49,100.0,data,ok,0.0,ue2_qfi2,7.459,ok,30.4,ue1_qfi2,0,0.0,0.0,30.303,ok,33.0,,pending,,pending,,,,,1.5,,,2,,Reservation,87989972,,,
ue2_qfi9,5.75,10.75,11.75,12.25,ok,0.0,ok,ue2_qfi1,0,0,0,107.0,data,ok,2.0,False,,proxy,3,0,ue1_qfi2,1.0,152,150.0,ok,ue2_qfi2,10.37,ok,2,ok,2,ue2_qfi2,0.9670215999999999,ok,0.9999918715716752,proxy,5,0.9999871951093621,31822668.8,ok,0.00115,ok,0.6386568181818182,0.022534375,ok,ue1_qfi1,0.5102040816326531,49,100.0,data,ok,0.0,ue2_qfi1,7.5,ok,30.4,ue1_qfi2,0,0.0,0.0,30.303,ok,33.0,,pending,,pending,,,,,1.5,,,2,,TwoTier,87989972,,,
ue1_qfi9,5.25,10.0,11.0,11.75,ok,0.0,ok,ue1_qfi1,0,0,0,107.25,data,ok,2.0,False,,proxy,3,0,ue1_qfi2,1.0,152,150.0,ok,ue2_qfi2,10.5,ok,2,ok,2,ue2_qfi2,0.9661724,ok,0.9999954482515335,proxy,5,0.9999898663413481,31783969.599999998,ok,0.001125,ok,0.45741363636363636,0.02751875,ok,ue2_qfi1,0.4897959183673469,49,100.0,data,ok,0.0,ue1_qfi1,7.5,ok,30.4,ue1_qfi2,0,0.0,0.0,30.303,ok,33.0,,pending,,pending,,,,,1.5,,,2,,PF,161576974,,,
ue1_qfi9,5.25,10.0,11.0,11.75,ok,0.0,ok,ue1_qfi1,0,0,0,107.50000000000037,data,ok,2.0,False,,proxy,3,0,ue1_qfi2,0.993421052631579,152,150.0,ok,ue2_qfi2,10.5,ok,2,ok,2,ue1_qfi2,0.965454,ok,0.9999910866308468,proxy,5,0.9999841388375782,31773984.0,ok,0.0011636363636363637,ok,0.5659431818181818,0.0370890625,ok,ue2_qfi1,0.4489795918367347,49,100.0,data,ok,0.0,ue2_qfi2,7.577999999999999,ok,30.2,ue1_qfi2,0,0.0,0.0,30.303,ok,33.0,,pending,,pending,,,,,1.5,,,2,,Reservation,161576974,,,
ue2_qfi9,5.75,10.75,12.0,12.75,ok,0.0,ok,ue2_qfi1,0,0,0,105.99999999999987,data,ok,2.0,False,,proxy,3,0,ue1_qfi2,1.0,152,150.0,ok,ue2_qfi2,10.5,ok,2,ok,2,ue2_qfi2,0.9661724,ok,0.9999933851913563,proxy,5,0.9999866406333958,31777659.2,ok,0.0010931818181818182,ok,0.6554159090909091,0.026440625,ok,ue1_qfi1,0.4897959183673469,49,100.0,data,ok,0.0,ue2_qfi1,8.75,ok,30.4,ue1_qfi2,0,0.0,0.0,30.303,ok,33.0,,pending,,pending,,,,,1.5,,,2,,TwoTier,161576974,,,
ue1_qfi9,5.25,10.25,11.25,12.0,ok,0.0,ok,ue1_qfi1,0,0,0,105.75000000000001,data,ok,2.0,False,,proxy,3,0,ue1_qfi2,1.0,152,150.0,ok,ue1_qfi2,10.678,ok,2,ok,2,ue2_qfi2,0.97472,ok,0.9999946935447397,proxy,5,0.9999870214998492,31859608.0,ok,0.0011954545454545456,ok,0.46939545454545456,0.02794375,ok,ue1_qfi1,0.42857142857142855,49,100.0,data,ok,0.0,ue1_qfi2,6.888000000000001,ok,30.4,ue1_qfi2,0,0.0,0.0,30.303,ok,33.0,,pending,,pending,,,,,1.5,,,2,,PF,35492826,,,
ue1_qfi9,5.5,10.5,11.5,12.0,ok,0.0,ok,ue1_qfi1,0,0,0,106.50000000000004,data,ok,2.0,False,,proxy,3,0,ue1_qfi2,1.0,152,150.0,ok,ue1_qfi2,11.178,ok,2,ok,2,ue2_qfi2,0.97472,ok,0.9999915156519652,proxy,5,0.9999861610981953,31871011.2,ok,0.0011681818181818182,ok,0.5786011363636364,0.0374265625,ok,ue1_qfi1,0.46938775510204084,49,100.0,data,ok,0.0,ue1_qfi2,7.024,ok,30.4,ue1_qfi2,0,0.0,0.0,30.303,ok,33.0,,pending,,pending,,,,,1.5,,,2,,Reservation,35492826,,,
ue2_qfi9,5.75,11.0,12.0,12.5,ok,0.0,ok,ue1_qfi1,0,0,0,107.75000000000023,data,ok,2.0,False,,proxy,3,0,ue1_qfi2,1.0,152,150.0,ok,ue1_qfi2,10.589,ok,2,ok,2,ue2_qfi2,0.97472,ok,0.9999910516945045,proxy,5,0.9999845275507696,31866409.6,ok,0.0013272727272727273,ok,0.6649772727272727,0.026775,ok,ue1_qfi1,0.46938775510204084,49,100.0,data,ok,0.0,ue1_qfi1,7.25,ok,30.4,ue1_qfi2,0,0.0,0.0,30.303,ok,33.0,,pending,,pending,,,,,1.5,,,2,,TwoTier,35492826,,,
ue1_qfi9,4.75,9.75,10.75,11.25,ok,0.0,ok,ue2_qfi1,0,0,0,106.50000000000004,data,ok,2.0,False,,proxy,3,0,ue1_qfi2,1.0,152,150.0,ok,ue1_qfi2,10.5,ok,2,ok,2,ue2_qfi2,0.9693984,ok,0.9999943896408887,proxy,5,0.9999871682250783,31896116.8,ok,0.0010931818181818182,ok,0.4301375,0.022290625,ok,ue1_qfi1,0.4489795918367347,49,100.0,data,ok,0.0,ue1_qfi2,7.2170000000000005,ok,30.4,ue1_qfi2,0,0.0,0.0,30.303,ok,33.0,,pending,,pending,,,,,1.5,,,2,,PF,376383645,,,
ue1_qfi9,5.0,9.75,10.75,11.25,ok,0.0,ok,ue2_qfi1,0,0,0,106.00000000000031,data,ok,2.0,False,,proxy,3,0,ue1_qfi2,1.0,152,150.0,ok,ue2_qfi2,10.619,ok,2,ok,2,ue2_qfi2,0.9693984,ok,0.9999934266988202,proxy,5,0.9999867318271884,31889465.6,ok,0.0010818181818181818,ok,0.5410443181818182,0.0302578125,ok,ue1_qfi1,0.4489795918367347,49,100.0,data,ok,0.0,ue2_qfi2,7.664000000000001,ok,30.4,ue1_qfi2,0,0.0,0.0,30.303,ok,33.0,,pending,,pending,,,,,1.5,,,2,,Reservation,376383645,,,
ue2_qfi9,5.75,10.5,11.75,12.5,ok,0.0,ok,ue1_qfi1,0,0,0,108.99999999999999,data,ok,2.0,False,,proxy,3,0,ue1_qfi2,0.993421052631579,152,150.0,ok,ue1_qfi2,10.69,ok,2,ok,2,ue2_qfi2,0.96835,ok,0.9999909423725775,proxy,5,0.9999865122897821,31889396.8,ok,0.001125,ok,0.6290465909090909,0.0213453125,ok,ue1_qfi1,0.5102040816326531,49,100.0,data,ok,0.0,ue1_qfi1,8.5,ok,30.2,ue1_qfi2,0,0.0,0.0,30.303,ok,33.0,,pending,,pending,,,,,1.5,,,2,,TwoTier,376383645,,,
ue1_qfi9,5.0,9.75,10.75,11.25,ok,0.0,ok,ue1_qfi1,0,0,0,106.50000000000004,data,ok,2.0,False,,proxy,3,0,ue1_qfi2,1.0,152,150.0,ok,ue1_qfi2,10.431,ok,2,ok,2,ue2_qfi2,0.977248,ok,0.9999945290005904,proxy,5,0.999985628711234,31881424.0,ok,0.001134090909090909,ok,0.4621284090909091,0.0268703125,ok,ue1_qfi1,0.4489795918367347,49,100.0,data,ok,0.0,ue1_qfi2,7.096,ok,30.4,ue1_qfi2,0,0.0,0.0,30.303,ok,33.0,,pending,,pending,,,,,1.5,,,2,,PF,1746484539,,,
ue1_qfi9,5.25,10.0,11.0,11.75,ok,0.0,ok,ue1_qfi1,0,0,0,107.75000000000023,data,ok,2.0,False,,proxy,3,0,ue1_qfi2,1.0,152,150.0,ok,ue1_qfi2,10.943,ok,2,ok,2,ue2_qfi2,0.977248,ok,0.9999936434993304,proxy,5,0.9999869852399321,31879000.0,ok,0.0011022727272727273,ok,0.5678545454545455,0.0363609375,ok,ue1_qfi1,0.4897959183673469,49,100.0,data,ok,0.0,ue1_qfi1,7.5,ok,30.4,ue1_qfi2,0,0.0,0.0,30.303,ok,33.0,,pending,,pending,,,,,1.5,,,2,,Reservation,1746484539,,,
ue2_qfi9,5.75,11.0,12.0,12.5,ok,0.0,ok,ue1_qfi1,0,0,0,107.75,data,ok,2.0,False,,proxy,3,0,ue1_qfi2,1.0,152,150.0,ok,ue2_qfi2,10.693,ok,2,ok,2,ue2_qfi2,0.977248,ok,0.9999940823473953,proxy,5,0.9999874357401984,31878760.0,ok,0.0012704545454545455,ok,0.6560727272727273,0.02570625,ok,ue1_qfi1,0.4897959183673469,49,100.0,data,ok,0.0,ue1_qfi2,7.656000000000001,ok,30.4,ue1_qfi2,0,0.0,0.0,30.303,ok,33.0,,pending,,pending,,,,,1.5,,,2,,TwoTier,1746484539,,,
ue1_qfi9,6.25,12.75,16.25,19.25,ok,0.0,ok,ue1_qfi1,0,0,0,104.24999999999996,data,ok,2.0,False,,proxy,3,0,ue1_qfi2,1.0,152,150.0,ok,ue1_qfi2,8.158,ok,2,ok,2,ue1_qfi2,0.972362,ok,0.9999933972328572,proxy,5,0.9999868717691553,55830108.8,ok,0.0012,ok,0.7419886363636363,0.031459375,ok,ue1_qfi1,0.4897959183673469,49,100.0,data,ok,0.0,ue1_qfi9,13.0,ok,30.4,ue1_qfi2,0,0.0,0.0,30.303,ok,33.0,,pending,,pending,,,,,3.0,,,2,,PF,1826701614,,,
ue1_qfi9,6.5,22.0,26.5,28.0,ok,0.0,ok,ue1_qfi1,0,0,0,104.0,data,ok,2.0,False,,proxy,3,0,ue1_qfi2,1.0,152,150.0,ok,ue2_qfi2,7.602,ok,2,ok,2,ue1_qfi2,0.972482,ok,0.9999900293948769,proxy,5,0.9999774262204515,55839123.199999996,ok,0.0012386363636363636,ok,0.8164568181818181,0.047034375,ok,ue2_qfi1,0.46938775510204084,49,100.0,data,ok,0.0,ue1_qfi9,21.5,ok,30.4,ue1_qfi2,0,0.0,0.0,30.303,ok,33.0,,pending,,pending,,,,,3.0,,,2,,Reservation,1826701614,,,
ue2_qfi9,7.5,13.5,18.25,21.25,ok,0.0,ok,ue1_qfi1,0,0,0,104.24999999999996,data,ok,2.0,False,,proxy,3,0,ue1_qfi2,1.0,152,150.0,ok,ue1_qfi2,7.996,ok,2,ok,2,ue1_qfi2,0.972482,ok,0.9999913114624149,proxy,5,0.9999812080491077,55823723.2,ok,0.0010840909090909091,ok,0.845025,0.0299015625,ok,ue2_qfi1,0.5102040816326531,49,100.0,data,ok,0.0,ue2_qfi9,13.75,ok,30.4,ue1_qfi2,0,0.0,0.0,30.303,ok,33.0,,pending,,pending,,,,,3.0,,,2,,TwoTier,1826701614,,,
ue1_qfi9,7.0,12.25,13.75,14.25,ok,0.0,ok,ue1_qfi1,0,0,0,104.49999999999982,data,ok,2.0,False,,proxy,3,0,ue1_qfi2,1.0,152,150.0,ok,ue1_qfi2,7.969,ok,2,ok,2,ue1_qfi2,0.962308,ok,0.9999958008678839,proxy,5,0.999988880289194,55735656.0,ok,0.0012295454545454545,ok,0.7808943181818182,0.03505625,ok,ue1_qfi1,0.42857142857142855,49,100.0,data,ok,0.0,ue1_qfi9,7.25,ok,30.4,ue1_qfi2,0,0.0,0.0,30.303,ok,33.0,,pending,,pending,,,,,3.0,,,2,,PF,1367864806,,,
ue1_qfi9,8.0,20.0,25.75,28.25,ok,0.0,ok,ue2_qfi1,0,0,0,105.50000000000014,data,ok,2.0,False,,proxy,3,0,ue1_qfi2,1.0,152,150.0,ok,ue1_qfi2,8.133,ok,2,ok,2,ue1_qfi2,0.962308,ok,0.999994001042839,proxy,5,0.9999848774193608,55716587.2,ok,0.0013477272727272728,ok,0.8416488636363636,0.054359375,ok,ue2_qfi1,0.46938775510204084,49,100.0,data,ok,0.0,ue1_qfi9,20.25,ok,30.4,ue1_qfi2,0,0.0,0.0,30.303,ok,33.0,,pending,,pending,,,,,3.0,,,2,,Reservation,1367864806,,,
ue2_qfi9,8.25,20.75,24.75,27.5,ok,0.0,ok,ue1_qfi1,0,0,0,104.99999999999999,data,ok,2.0,False,,proxy,3,0,ue1_qfi2,1.0,152,150.0,ok,ue2_qfi2,8.225,ok,2,ok,2,ue1_qfi2,0.962308,ok,0.9999925325203913,proxy,5,0.9999807199987012,55731177.6,ok,0.0013795454545454545,ok,0.8662193181818182,0.0335359375,ok,ue1_qfi1,0.5306122448979592,49,100.0,data,ok,0.0,ue2_qfi9,19.25,ok,30.4,ue1_qfi2,0,0.0,0.0,30.303,ok,33.0,,pending,,pending,,,,,3.0,,,2,,TwoTier,1367864806,,,
ue2_qfi9,7.75,26.0,30.0,32.0,ok,0.0,ok,ue2_qfi1,0,0,0,104.49999999999982,data,ok,2.0,False,,proxy,3,0,ue1_qfi2,1.0,152,150.0,ok,ue1_qfi2,8.451,ok,2,ok,2,ue2_qfi2,0.9571788,ok,0.9999732416803411,proxy,5,0.9999496331744575,55757142.4,ok,0.0014477272727272726,ok,0.8433477272727272,0.0399640625,ok,ue1_qfi1,0.4489795918367347,49,100.0,data,ok,0.0,ue2_qfi9,24.25,ok,30.4,ue1_qfi2,0,0.0,0.0,30.303,ok,33.0,,pending,,pending,,,,,3.0,,,2,,PF,1097657231,,,
ue1_qfi9,10.5,63.75,67.5,69.5,ok,0.0,ok,ue2_qfi1,0,0,0,108.0000000000001,data,ok,2.0,False,,proxy,3,0,ue1_qfi2,1.0,152,150.0,ok,ue2_qfi2,8.5,ok,2,ok,2,ue2_qfi2,0.9571788,ok,0.9998713105833463,proxy,5,0.9997189238860622,55636940.800000004,ok,0.0013318181818181818,ok,0.883634090909091,0.065246875,ok,ue1_qfi1,0.5306122448979592,49,100.0,data,ok,0.0,ue1_qfi9,59.0,ok,30.4,ue1_qfi2,0,0.0,0.0,30.303,ok,33.0,,pending,,pending,,,,,3.0,,,2,,Reservation,1097657231,,,
ue2_qfi9,12.5,37.0,39.5,40.75,ok,0.0,ok,ue2_qfi1,0,0,0,105.75000000000001,data,ok,2.0,False,,proxy,3,0,ue2_qfi2,0.993421052631579,152,150.0,ok,ue1_qfi2,9.067,ok,2,ok,2,ue2_qfi2,0.9559084,ok,0.9999506336156205,proxy,5,0.9998900723584736,55744294.4,ok,0.0015045454545454546,ok,0.89485,0.0383015625,ok,ue1_qfi1,0.46938775510204084,49,100.0,data,ok,0.0,ue2_qfi9,28.25,ok,30.2,ue2_qfi2,1,67.25,67.25,30.303,ok,33.0,,pending,,pending,,,,,3.0,,,2,,TwoTier,1097657231,,,
ue2_qfi9,7.25,12.5,13.75,15.25,ok,0.0,ok,ue1_qfi1,0,0,0,104.75000000000011,data,ok,2.0,False,,proxy,3,0,ue1_qfi2,1.0,152,150.0,ok,ue2_qfi2,7.884,ok,2,ok,2,ue2_qfi2,0.9603728,ok,0.9999950288402089,proxy,5,0.999988840479121,55769372.8,ok,0.0012568181818181819,ok,0.7671329545454545,0.0317046875,ok,ue1_qfi1,0.4489795918367347,49,100.0,data,ok,0.0,ue2_qfi9,8.0,ok,30.4,ue1_qfi2,0,0.0,0.0,30.303,ok,33.0,,pending,,pending,,,,,3.0,,,2,,PF,579362555,,,
ue2_qfi9,8.5,23.0,27.0,29.25,ok,0.0,ok,ue1_qfi1,0,0,0,105.24999999999984,data,ok,2.0,False,,proxy,3,0,ue1_qfi2,1.0,152,150.0,ok,ue1_qfi2,8.017,ok,2,ok,2,ue2_qfi2,0.9603728,ok,0.9999894757794069,proxy,5,0.999984915305913,55770259.2,ok,0.0013022727272727272,ok,0.8366420454545455,0.047978125,ok,ue2_qfi1,0.4489795918367347,49,100.0,data,ok,0.0,ue2_qfi9,20.75,ok,30.4,ue1_qfi2,0,0.0,0.0,30.303,ok,33.0,,pending,,pending,,,,,3.0,,,2,,Reservation,579362555,,,
ue2_qfi9,8.25,13.75,15.25,16.0,ok,0.0,ok,ue1_qfi1,0,0,0,105.75000000000001,data,ok,2.0,False,,proxy,3,0,ue1_qfi2,1.0,152,150.0,ok,ue1_qfi2,8.55,ok,2,ok,2,ue2_qfi2,0.9603728,ok,0.9999961554951344,proxy,5,0.9999897580020869,55740339.199999996,ok,0.0012477272727272727,ok,0.8616454545454545,0.030078125,ok,ue1_qfi1,0.40816326530612246,49,100.0,data,ok,0.0,ue2_qfi9,7.75,ok,30.4,ue1_qfi2,0,0.0,0.0,30.303,ok,33.0,,pending,,pending,,,,,3.0,,,2,,TwoTier,579362555,,,
ue2_qfi9,7.0,11.75,13.0,13.75,ok,0.0,ok,ue1_qfi1,0,0,0,105.75000000000001,data,ok,2.0,False,,proxy,3,0,ue1_qfi2,1.0,152,150.0,ok,ue2_qfi2,8.417,ok,2,ok,2,ue1_qfi2,0.9608956,ok,0.999994918889552,proxy,5,0.9999857248526296,55747355.2,ok,0.0013272727272727273,ok,0.7679011363636363,0.0303359375,ok,ue1_qfi1,0.5102040816326531,49,100.0,data,ok,0.0,ue2_qfi9,6.75,ok,30.4,ue1_qfi2,0,0.0,0.0,30.303,ok,33.0,,pending,,pending,,,,,3.0,,,2,,PF,661058651,,,
ue2_qfi9,7.75,44.0,60.25,63.25,ok,0.0,ok,ue1_qfi1,0,0,0,108.49999999999982,data,ok,2.0,False,,proxy,3,0,ue1_qfi2,1.0,152,150.0,ok,ue2_qfi2,8.073,ok,2,ok,2,ue1_qfi2,0.9608956,ok,0.999995293213906,proxy,5,0.9999889551810889,55738875.2,ok,0.0013068181818181818,ok,0.8324363636363636,0.0463828125,ok,ue2_qfi1,0.46938775510204084,49,100.0,data,ok,0.0,ue2_qfi9,55.5,ok,30.4,ue1_qfi2,0,0.0,0.0,30.303,ok,33.0,,pending,,pending,,,,,3.0,,,2,,Reservation,661058651,,,
ue1_qfi9,6.75,13.0,16.5,20.0,ok,0.0,ok,ue2_qfi1,0,0,0,106.7499999999999,data,ok,2.0,False,,proxy,3,0,ue1_qfi2,1.0,152,150.0,ok,ue2_qfi2,8.184,ok,2,ok,2,ue1_qfi2,0.9608956,ok,0.9999888221484813,proxy,5,0.999980883602371,55732916.800000004,ok,0.0013772727272727272,ok,0.8584306818181818,0.028984375,ok,ue2_qfi1,0.4897959183673469,49,100.0,data,ok,0.0,ue1_qfi9,13.25,ok,30.4,ue1_qfi2,0,0.0,0.0,30.303,ok,33.0,,pending,,pending,,,,,3.0,,,2,,TwoTier,661058651,,,
ue2_qfi9,7.25,12.25,13.75,14.75,ok,0.0,ok,ue2_qfi1,0,0,0,104.24999999999996,data,ok,2.0,False,,proxy,3,0,ue1_qfi2,1.0,152,150.0,ok,ue2_qfi2,7.368,ok,2,ok,2,ue2_qfi2,0.9591224,ok,0.9999968068158814,proxy,5,0.9999906450866751,55763315.2,ok,0.001275,ok,0.771525,0.03133125,ok,ue1_qfi1,0.46938775510204084,49,100.0,data,ok,0.0,ue2_qfi9,7.5,ok,30.4,ue1_qfi2,0,0.0,0.0,30.303,ok,33.0,,pending,,pending,,,,,3.0,,,2,,PF,87989972,,,
ue2_qfi9,8.25,16.25,19.5,21.0,ok,0.0,ok,ue1_qfi1,0,0,0,103.75,data,ok,2.0,False,,proxy,3,0,ue1_qfi2,1.0,152,150.0,ok,ue1_qfi2,7.67,ok,2,ok,2,ue2_qfi2,0.9591224,ok,0.999935541604936,proxy,5,0.9997054822163105,55782200.0,ok,0.0012613636363636364,ok,0.836928409090909,0.0475875,ok,ue1_qfi1,0.4489795918367347,49,100.0,data,ok,0.0,ue2_qfi9,12.75,ok,30.4,ue1_qfi2,0,0.0,0.0,30.303,ok,33.0,,pending,,pending,,,,,3.0,,,2,,Reservation,87989972,,,
ue2_qfi9,8.0,13.75,15.25,16.25,ok,0.0,ok,ue2_qfi1,0,0,0,105.50000000000014,data,ok,2.0,False,,proxy,3,0,ue1_qfi2,1.0,152,150.0,ok,ue1_qfi2,8.05,ok,2,ok,2,ue2_qfi2,0.9591224,ok,0.9999942914443917,proxy,5,0.9999813423800064,55772840.0,ok,0.0012795454545454546,ok,0.8609625,0.0298203125,ok,ue1_qfi1,0.40816326530612246,49,100.0,data,ok,0.0,ue2_qfi9,8.25,ok,30.4,ue1_qfi2,0,0.0,0.0,30.303,ok,33.0,,pending,,pending,,,,,3.0,,,2,,TwoTier,87989972,,,
ue2_qfi9,6.25,12.25,14.75,16.0,ok,0.0,ok,ue1_qfi1,0,0,0,104.49999999999982,data,ok,2.0,False,,proxy,3,0,ue1_qfi2,1.0,152,150.0,ok,ue2_qfi2,7.916,ok,2,ok,2,ue1_qfi2,0.9740156,ok,0.9999945795937555,proxy,5,0.9999905064782485,55816795.2,ok,0.001240909090909091,ok,0.7789863636363636,0.03298125,ok,ue1_qfi1,0.5102040816326531,49,100.0,data,ok,0.0,ue2_qfi9,9.75,ok,30.4,ue1_qfi2,0,0.0,0.0,30.303,ok,33.0,,pending,,pending,,,,,3.0,,,2,,PF,161576974,,,
ue1_qfi9,7.75,31.5,36.0,38.0,ok,0.0,ok,ue2_qfi1,0,0,0,104.49999999999982,data,ok,2.0,False,,proxy,3,0,ue1_qfi2,1.0,152,150.0,ok,ue2_qfi2,7.655,ok,2,ok,2,ue1_qfi2,0.9740156,ok,0.9999919191809774,proxy,5,0.9999843980781695,55822147.2,ok,0.0013340909090909091,ok,0.8421443181818182,0.050975,ok,ue1_qfi1,0.46938775510204084,49,100.0,data,ok,0.0,ue1_qfi9,30.25,ok,30.4,ue1_qfi2,0,0.0,0.0,30.303,ok,33.0,,pending,,pending,,,,,3.0,,,2,,Reservation,161576974,,,
ue2_qfi9,8.25,16.75,23.25,26.5,ok,0.0,ok,ue1_qfi1,0,0,0,105.75000000000001,data,ok,2.0,False,,proxy,3,0,ue1_qfi2,1.0,152,150.0,ok,ue2_qfi2,8.471,ok,2,ok,2,ue1_qfi2,0.9740156,ok,0.999995913885542,proxy,5,0.9999900919963625,55795940.8,ok,0.0012272727272727272,ok,0.8653204545454546,0.0314875,ok,ue2_qfi1,0.4897959183673469,49,100.0,data,ok,0.0,ue2_qfi9,18.25,ok,30.4,ue1_qfi2,0,0.0,0.0,30.303,ok,33.0,,pending,,pending,,,,,3.0,,,2,,TwoTier,161576974,,,
ue1_qfi9,8.0,14.0,15.5,16.75,ok,0.0,ok,ue1_qfi1,0,0,0,103.75000000000023,data,ok,2.0,False,,proxy,3,0,ue1_qfi2,1.0,152,150.0,ok,ue1_qfi2,7.797,ok,2,ok,2,ue1_qfi2,0.9688976,ok,0.9999962388552428,proxy,5,0.9999894538541582,55773076.8,ok,0.001209090909090909,ok,0.8109931818181818,0.0365640625,ok,ue1_qfi1,0.42857142857142855,49,100.0,data,ok,0.0,ue1_qfi9,8.75,ok,30.4,ue1_qfi2,0,0.0,0.0,30.303,ok,33.0,,pending,,pending,,,,,3.0,,,2,,PF,35492826,,,
ue1_qfi9,11.0,45.0,49.0,51.75,ok,0.0,ok,ue2_qfi1,0,0,0,104.99999999999999,data,ok,2.0,False,,proxy,3,0,ue1_qfi2,1.0,152,150.0,ok,ue1_qfi2,8.397,ok,2,ok,2,ue1_qfi2,0.9688976,ok,0.9999171509119089,proxy,5,0.9997484694403743,55698609.6,ok,0.0015818181818181818,ok,0.8679568181818181,0.05626875,ok,ue2_qfi1,0.4489795918367347,49,100.0,data,ok,0.0,ue1_qfi9,40.75,ok,30.4,ue1_qfi2,0,0.0,0.0,30.303,ok,33.0,,pending,,pending,,,,,3.0,,,2,,Reservation,35492826,,,
ue2_qfi9,8.75,21.25,29.5,32.0,ok,0.0,ok,ue1_qfi1,0,0,0,104.49999999999982,data,ok,2.0,False,,proxy,3,0,ue1_qfi2,1.0,152,150.0,ok,ue1_qfi2,8.577,ok,2,ok,2,ue1_qfi2,0.9688976,ok,0.9999883231608309,proxy,5,0.99996816966638,55648593.6,ok,0.0014181818181818182,ok,0.8822079545454545,0.034584375,ok,ue2_qfi1,0.3877551020408163,49,100.0,data,ok,0.0,ue2_qfi9,23.25,ok,30.4,ue1_qfi2,0,0.0,0.0,30.303,ok,33.0,,pending,,pending,,,,,3.0,,,2,,TwoTier,35492826,,,
ue1_qfi9,6.5,12.75,14.5,15.5,ok,0.0,ok,ue2_qfi1,0,0,0,106.50000000000004,data,ok,2.0,False,,proxy,3,0,ue1_qfi2,1.0,152,150.0,ok,ue1_qfi2,7.84,ok,2,ok,2,ue1_qfi2,0.9685496,ok,0.9999948322005576,proxy,5,0.9999843143239616,55840027.2,ok,0.0011772727272727273,ok,0.7651022727272727,0.033003125,ok,ue2_qfi1,0.40816326530612246,49,100.0,data,ok,0.0,ue1_qfi9,9.0,ok,30.4,ue1_qfi2,0,0.0,0.0,30.303,ok,33.0,,pending,,pending,,,,,3.0,,,2,,PF,376383645,,,
ue1_qfi9,7.25,20.25,24.25,27.25,ok,0.0,ok,ue2_qfi1,0,0,0,105.0,data,ok,2.0,False,,proxy,3,0,ue1_qfi2,1.0,152,150.0,ok,ue1_qfi2,7.5,ok,2,ok,2,ue1_qfi2,0.9685496,ok,0.9999901253417212,proxy,5,0.999976854474038,55832899.2,ok,0.0011795454545454546,ok,0.8359920454545454,0.049571875,ok,ue1_qfi1,0.42857142857142855,49,100.0,data,ok,0.0,ue1_qfi9,20.0,ok,30.4,ue1_qfi2,0,0.0,0.0,30.303,ok,33.0,,pending,,pending,,,,,3.0,,,2,,Reservation,376383645,,,
ue2_qfi9,8.5,15.0,17.5,19.0,ok,0.0,ok,ue1_qfi1,0,0,0,106.24999999999973,data,ok,2.0,False,,proxy,3,0,ue1_qfi2,1.0,152,150.0,ok,ue1_qfi2,8.325,ok,2,ok,2,ue1_qfi2,0.9685496,ok,0.9999952577119935,proxy,5,0.9999859127467806,55838273.6,ok,0.0014,ok,0.8585011363636363,0.0314109375,ok,ue1_qfi1,0.4489795918367347,49,100.0,data,ok,0.0,ue2_qfi9,10.5,ok,30.4,ue1_qfi2,0,0.0,0.0,30.303,ok,33.0,,pending,,pending,,,,,3.0,,,2,,TwoTier,376383645,,,
ue2_qfi9,6.75,11.5,13.25,15.0,ok,0.0,ok,ue1_qfi1,0,0,0,105.75000000000001,data,ok,2.0,False,,proxy,3,0,ue1_qfi2,1.0,152,150.0,ok,ue1_qfi2,7.721,ok,2,ok,2,ue2_qfi2,0.9737848,ok,0.9999981307176766,proxy,5,0.9999921910275281,55832923.2,ok,0.0012522727272727273,ok,0.7680954545454546,0.032296875,ok,ue2_qfi1,0.4897959183673469,49,100.0,data,ok,0.0,ue1_qfi9,8.75,ok,30.4,ue1_qfi2,0,0.0,0.0,30.303,ok,33.0,,pending,,pending,,,,,3.0,,,2,,PF,1746484539,,,
ue1_qfi9,6.75,23.25,32.25,34.5,ok,0.0,ok,ue1_qfi1,0,0,0,105.0,data,ok,2.0,False,,proxy,3,0,ue1_qfi2,1.0,152,150.0,ok,ue1_qfi2,7.783,ok,2,ok,2,ue2_qfi2,0.9737848,ok,0.9999923636758584,proxy,5,0.9999847291016035,55831824.0,ok,0.0012727272727272728,ok,0.8320556818181818,0.04953125,ok,ue2_qfi1,0.4897959183673469,49,100.0,data,ok,0.0,ue1_qfi9,27.75,ok,30.4,ue1_qfi2,0,0.0,0.0,30.303,ok,33.0,,pending,,pending,,,,,3.0,,,2,,Reservation,1746484539,,,
ue2_qfi9,8.25,14.25,18.25,21.25,ok,0.0,ok,ue1_qfi1,0,0,0,106.7499999999999,data,ok,2.0,False,,proxy,3,0,ue1_qfi2,1.0,152,150.0,ok,ue1_qfi2,8.033,ok,2,ok,2,ue2_qfi2,0.9737848,ok,0.9999945294220007,proxy,5,0.9999881768246534,55810291.2,ok,0.001275,ok,0.8617090909090909,0.0310140625,ok,ue1_qfi1,0.4897959183673469,49,100.0,data,ok,0.0,ue2_qfi9,13.0,ok,30.4,ue1_qfi2,0,0.0,0.0,30.303,ok,33.0,,pending,,pending,,,,,3.0,,,2,,TwoTier,1746484539,,,
ue4_qfi9,3.25,10.5,12.0,13.0,ok,0.0,ok,ue1_qfi1,0,0,0,111.75,data,ok,2.0,False,,proxy,3,0,ue1_qfi2,1.0,152,150.0,ok,ue2_qfi2,13.06,ok,4,ok,4,ue1_qfi2,0.96609,ok,0.9999883689092547,proxy,5,0.999982515340521,31779403.2,ok,0.002175,ok,0.4631659090909091,0.0350875,ok,ue3_qfi1,0.42857142857142855,49,100.0,data,ok,0.0,ue1_qfi1,11.75,ok,30.4,ue1_qfi2,0,0.0,0.0,30.303,ok,33.0,,pending,,pending,,,,,0.5,,,4,,PF,1826701614,,,
ue2_qfi9,5.0,13.0,14.25,15.0,ok,0.0,ok,ue4_qfi1,0,0,0,109.75,data,ok,2.0,False,,proxy,3,0,ue1_qfi2,1.0,152,150.0,ok,ue4_qfi2,14.349,ok,4,ok,4,ue1_qfi2,0.96609,ok,0.9999861629266018,proxy,5,0.9999774694859886,31784608.0,ok,0.0022704545454545456,ok,0.6580545454545454,0.0431640625,ok,ue1_qfi1,0.4489795918367347,49,100.0,data,ok,0.0,ue3_qfi9,10.25,ok,30.4,ue1_qfi2,0,0.0,0.0,30.303,ok,33.0,,pending,,pending,,,,,0.5,,,4,,Reservation,1826701614,,,
ue2_qfi9,5.25,12.75,14.5,15.5,ok,0.0,ok,ue1_qfi1,0,0,0,110.50000000000004,data,ok,2.0,False,,proxy,3,0,ue1_qfi2,1.0,152,150.0,ok,ue2_qfi2,14.584,ok,4,ok,4,ue1_qfi2,0.96609,ok,0.9999826116734214,proxy,5,0.9999758431210412,31778172.8,ok,0.0021204545454545456,ok,0.7487738636363637,0.0310609375,ok,ue3_qfi1,0.4489795918367347,49,100.0,data,ok,0.0,ue2_qfi9,10.25,ok,30.4,ue1_qfi2,0,0.0,0.0,30.303,ok,33.0,,pending,,pending,,,,,0.5,,,4,,TwoTier,1826701614,,,
ue1_qfi9,4.0,11.75,13.0,13.75,ok,0.0,ok,ue1_qfi1,0,0,0,108.25,data,ok,2.0,False,,proxy,3,0,ue1_qfi2,1.0,152,150.0,ok,ue1_qfi2,13.666,ok,4,ok,4,ue1_qfi2,0.9646412,ok,0.9999881311236845,proxy,5,0.999979691076369,31696612.8,ok,0.002343181818181818,ok,0.4862397727272727,0.0394765625,ok,ue1_qfi1,0.46938775510204084,49,100.0,data,ok,0.0,ue1_qfi1,10.0,ok,30.4,ue1_qfi2,0,0.0,0.0,30.303,ok,33.0,,pending,,pending,,,,,0.5,,,4,,PF,1367864806,,,
ue1_qfi9,5.25,13.25,14.5,15.0,ok,0.0,ok,ue1_qfi1,0,0,0,110.50000000000004,data,ok,2.0,False,,proxy,3,0,ue3_qfi2,0.993421052631579,152,150.0,ok,ue1_qfi2,14.186,ok,4,ok,4,ue1_qfi2,0.9646412,ok,0.9999835708239827,proxy,5,0.9999760075423738,31686808.0,ok,0.0023886363636363636,ok,0.6740431818181818,0.0491203125,ok,ue1_qfi1,0.4897959183673469,49,100.0,data,ok,0.0,ue1_qfi1,10.5,ok,30.4,ue1_qfi2,0,0.0,0.0,30.303,ok,33.0,,pending,,pending,,,,,0.5,,,4,,Reservation,1367864806,,,
ue1_qfi9,5.5,13.25,14.75,15.75,ok,0.0,ok,ue4_qfi1,0,0,0,109.50000000000016,data,ok,2.0,False,,proxy,3,0,ue3_qfi2,0.993421052631579,152,150.0,ok,ue1_qfi2,15.235,ok,4,ok,4,ue1_qfi2,0.9646412,ok,0.9999740722600501,proxy,5,0.9999625212266307,31684972.8,ok,0.0021636363636363637,ok,0.7779988636363636,0.034746875,ok,ue2_qfi1,0.42857142857142855,49,100.0,data,ok,0.0,ue3_qfi9,10.5,ok,30.4,ue1_qfi2,0,0.0,0.0,30.303,ok,33.0,,pending,,pending,,,,,0.5,,,4,,TwoTier,1367864806,,,
ue3_qfi2,5.316,11.874,12.804,13.547,ok,0.0,ok,ue3_qfi1,0,0,0,111.49999999999993,data,ok,2.0,False,,proxy,3,0,ue1_qfi2,1.0,152,150.0,ok,ue3_qfi2,14.16,ok,4,ok,4,ue2_qfi2,0.9627876,ok,0.9999888050596695,proxy,5,0.9999779459498218,31647096.0,ok,0.0022454545454545453,ok,0.4946579545454545,0.0414,ok,ue4_qfi1,0.4489795918367347,49,100.0,data,ok,0.0,ue3_qfi1,12.5,ok,30.4,ue1_qfi2,0,0.0,0.0,30.303,ok,33.0,,pending,,pending,,,,,0.5,,,4,,PF,1097657231,,,
ue3_qfi9,5.0,13.0,14.5,15.25,ok,0.0,ok,ue3_qfi1,0,0,0,110.25,data,ok,2.0,False,,proxy,3,0,ue4_qfi2,0.993421052631579,152,150.0,ok,ue1_qfi2,14.5,ok,4,ok,4,ue2_qfi2,0.9627876,ok,0.9999829895068805,proxy,5,0.9999724917268933,31642707.2,ok,0.002586363636363636,ok,0.6834102272727273,0.052428125,ok,ue1_qfi1,0.46938775510204084,49,100.0,data,ok,0.0,ue3_qfi9,10.25,ok,30.4,ue1_qfi2,0,0.0,0.0,30.303,ok,33.0,,pending,,pending,,,,,0.5,,,4,,Reservation,1097657231,,,
ue4_qfi9,6.0,13.75,15.5,16.75,ok,0.0,ok,ue3_qfi1,0,0,0,111.75000000000024,data,ok,2.0,False,,proxy,3,0,ue1_qfi2,1.0,152,150.0,ok,ue3_qfi2,15.455,ok,4,ok,4,ue2_qfi2,0.9627876,ok,0.9999815130922357,proxy,5,0.9999718354071576,31638569.6,ok,0.0028613636363636363,ok,0.7821136363636364,0.0362046875,ok,ue1_qfi1,0.42857142857142855,49,100.0,data,ok,0.0,ue3_qfi1,11.75,ok,30.4,ue1_qfi2,0,0.0,0.0,30.303,ok,33.0,,pending,,pending,,,,,0.5,,,4,,TwoTier,1097657231,,,
ue4_qfi2,5.115,10.997,11.893,13.676,ok,0.0,ok,ue2_qfi1,0,0,0,111.75000000000024,data,ok,2.0,False,,proxy,3,0,ue3_qfi2,0.993421052631579,152,150.0,ok,ue4_qfi2,13.62,ok,4,ok,4,ue4_qfi2,0.9702531999999999,ok,0.9999871426148538,proxy,5,0.9999782722098255,31675558.4,ok,0.002236363636363636,ok,0.4790829545454545,0.0392515625,ok,ue2_qfi1,0.46938775510204084,49,100.0,data,ok,0.0,ue2_qfi1,11.75,ok,30.2,ue3_qfi2,1,68.25,68.25,30.303,ok,33.0,,pending,,pending,,,,,0.5,,,4,,PF,579362555,,,
ue3_qfi9,4.75,12.5,13.75,14.75,ok,0.0,ok,ue4_qfi1,0,0,0,110.7499999999999,data,ok,2.0,False,,proxy,3,0,ue4_qfi2,0.993421052631579,152,150.0,ok,ue1_qfi2,14.184,ok,4,ok,4,ue4_qfi2,0.9689828,ok,0.9999853671933311,proxy,5,0.9999743143251327,31680785.6,ok,0.0022704545454545456,ok,0.6686545454545455,0.0492703125,ok,ue1_qfi1,0.4897959183673469,49,100.0,data,ok,0.0,ue1_qfi1,10.5,ok,30.4,ue1_qfi2,0,0.0,0.0,30.303,ok,33.0,,pending,,pending,,,,,0.5,,,4,,Reservation,579362555,,,
ue3_qfi2,5.344,12.23,13.857,16.5,ok,0.0,ok,ue4_qfi1,0,0,0,111.25000000000007,data,ok,2.0,False,,proxy,3,0,ue1_qfi2,1.0,152,150.0,ok,ue4_qfi2,15.471,ok,4,ok,4,ue4_qfi2,0.9702531999999999,ok,0.9999764705808152,proxy,5,0.9999547462360119,31686220.8,ok,0.0027454545454545453,ok,0.7670068181818182,0.0347765625,ok,ue4_qfi1,0.4897959183673469,49,100.0,data,ok,0.0,ue3_qfi2,11.155999999999999,ok,30.4,ue1_qfi2,0,0.0,0.0,30.303,ok,33.0,,pending,,pending,,,,,0.5,,,4,,TwoTier,579362555,,,
ue4_qfi9,3.75,11.25,12.5,13.25,ok,0.0,ok,ue4_qfi1,0,0,0,111.49999999999993,data,ok,2.0,False,,proxy,3,0,ue3_qfi2,0.993421052631579,152,150.0,ok,ue4_qfi2,13.25,ok,4,ok,4,ue2_qfi2,0.957524,ok,0.9999879485777567,proxy,5,0.9999802300135383,31685489.6,ok,0.002502272727272727,ok,0.4781909090909091,0.039375,ok,ue1_qfi1,0.42857142857142855,49,100.0,data,ok,0.0,ue4_qfi1,11.5,ok,30.2,ue3_qfi2,1,66.25,66.25,30.303,ok,33.0,,pending,,pending,,,,,0.5,,,4,,PF,661058651,,,
ue4_qfi9,5.0,13.0,14.5,15.75,ok,0.0,ok,ue4_qfi1,0,0,0,112.75000000000013,data,ok,2.0,False,,proxy,3,0,ue1_qfi2,1.0,152,150.0,ok,ue4_qfi2,13.944,ok,4,ok,4,ue2_qfi2,0.957524,ok,0.9999854694754085,proxy,5,0.9999767201942823,31679513.6,ok,0.0022386363636363637,ok,0.6683056818181818,0.048546875,ok,ue1_qfi1,0.46938775510204084,49,100.0,data,ok,0.0,ue4_qfi1,12.0,ok,30.4,ue1_qfi2,0,0.0,0.0,30.303,ok,33.0,,pending,,pending,,,,,0.5,,,4,,Reservation,661058651,,,
ue4_qfi9,5.75,13.5,15.25,16.25,ok,0.0,ok,ue1_qfi1,0,0,0,111.99999999999966,data,ok,2.0,False,,proxy,3,0,ue1_qfi2,1.0,152,150.0,ok,ue2_qfi2,14.322,ok,4,ok,4,ue2_qfi2,0.957524,ok,0.9999851259255135,proxy,5,0.9999778806402988,31687496.0,ok,0.002425,ok,0.7658295454545454,0.034625,ok,ue1_qfi1,0.46938775510204084,49,100.0,data,ok,0.0,ue1_qfi1,11.75,ok,30.4,ue1_qfi2,0,0.0,0.0,30.303,ok,33.0,,pending,,pending,,,,,0.5,,,4,,TwoTier,661058651,,,
ue1_qfi9,4.0,11.75,13.25,14.0,ok,0.0,ok,ue4_qfi1,0,0,0,108.5,data,ok,2.0,False,,proxy,3,0,ue1_qfi2,1.0,152,150.0,ok,ue1_qfi2,14.17,ok,4,ok,4,ue3_qfi2,0.9591884,ok,0.9999830320387133,proxy,5,0.9999729556359962,31761268.8,ok,0.0027954545454545454,ok,0.5055625,0.04469375,ok,ue1_qfi1,0.46938775510204084,49,100.0,data,ok,0.0,ue1_qfi9,10.0,ok,30.4,ue1_qfi2,0,0.0,0.0,30.303,ok,33.0,,pending,,pending,,,,,0.5,,,4,,PF,87989972,,,
ue2_qfi9,5.25,13.25,14.75,15.5,ok,0.0,ok,ue2_qfi1,0,0,0,108.75,data,ok,2.0,False,,proxy,3,0,ue1_qfi2,1.0,152,150.0,ok,ue1_qfi2,14.812,ok,4,ok,4,ue3_qfi2,0.9590684,ok,0.9999820692998173,proxy,5,0.9999691334299755,31764388.8,ok,0.002222727272727273,ok,0.6882693181818181,0.056165625,ok,ue1_qfi1,0.46938775510204084,49,100.0,data,ok,0.0,ue2_qfi1,11.5,ok,30.4,ue1_qfi2,0,0.0,0.0,30.303,ok,33.0,,pending,,pending,,,,,0.5,,,4,,Reservation,87989972,,,
ue4_qfi9,5.75,13.75,15.5,16.5,ok,0.0,ok,ue2_qfi1,0,0,0,109.24999999999984,data,ok,2.0,False,,proxy,3,0,ue1_qfi2,1.0,152,150.0,ok,ue2_qfi2,15.633,ok,4,ok,4,ue3_qfi2,0.9591884,ok,0.9999769750796668,proxy,5,0.9999675275252213,31765467.2,ok,0.0028863636363636366,ok,0.795240909090909,0.0387625,ok,ue2_qfi1,0.46938775510204084,49,100.0,data,ok,0.0,ue1_qfi9,10.75,ok,30.4,ue1_qfi2,0,0.0,0.0,30.303,ok,33.0,,pending,,pending,,,,,0.5,,,4,,TwoTier,87989972,,,
ue1_qfi9,3.75,11.5,12.75,13.5,ok,0.0,ok,ue2_qfi1,0,0,0,108.5,data,ok,2.0,False,,proxy,3,0,ue1_qfi2,1.0,152,150.0,ok,ue1_qfi2,13.558,ok,4,ok,4,ue1_qfi2,0.9633512,ok,0.9999869530235264,proxy,5,0.9999802733646629,31657729.6,ok,0.002190909090909091,ok,0.4918090909090909,0.041890625,ok,ue1_qfi1,0.4489795918367347,49,100.0,data,ok,0.0,ue1_qfi9,9.75,ok,30.4,ue1_qfi2,0,0.0,0.0,30.303,ok,33.0,,pending,,pending,,,,,0.5,,,4,,PF,161576974,,,
ue1_qfi9,5.25,13.0,14.25,15.0,ok,0.0,ok,ue1_qfi1,0,0,0,111.25000000000007,data,ok,2.0,False,,proxy,3,0,ue1_qfi2,1.0,152,150.0,ok,ue1_qfi2,13.687,ok,4,ok,4,ue1_qfi2,0.9633512,ok,0.9999831032972081,proxy,5,0.9999740802585064,31654396.8,ok,0.0023386363636363635,ok,0.6801465909090909,0.0526375,ok,ue3_qfi1,0.46938775510204084,49,100.0,data,ok,0.0,ue1_qfi1,10.5,ok,30.4,ue1_qfi2,0,0.0,0.0,30.303,ok,33.0,,pending,,pending,,,,,0.5,,,4,,Reservation,161576974,,,
ue4_qfi9,5.75,13.5,15.0,16.0,ok,0.0,ok,ue3_qfi1,0,0,0,112.0,data,ok,2.0,False,,proxy,3,0,ue1_qfi2,1.0,152,150.0,ok,ue4_qfi2,15.367,ok,4,ok,4,ue1_qfi2,0.9633512,ok,0.9999701159930421,proxy,5,0.9999403951778694,31654408.0,ok,0.00225,ok,0.7841079545454546,0.0366984375,ok,ue2_qfi1,0.42857142857142855,49,100.0,data,ok,0.0,ue3_qfi1,12.25,ok,30.4,ue1_qfi2,0,0.0,0.0,30.303,ok,33.0,,pending,,pending,,,,,0.5,,,4,,TwoTier,161576974,,,
ue4_qfi2,5.562,11.75,13.25,14.716,ok,0.0,ok,ue4_qfi1,0,0,0,200.00000000000017,data,ok,2.0,False,,proxy,3,0,ue1_qfi2,1.0,152,150.0,ok,ue4_qfi2,15.013,ok,4,ok,4,ue3_qfi2,0.9635608,ok,0.9998682191905667,proxy,5,0.9994041079744675,31663390.4,ok,0.002425,ok,0.5017443181818182,0.0426703125,ok,ue4_qfi1,0.4375,48,100.0,data,ok,0.0,ue2_qfi1,12.0,ok,30.4,ue1_qfi2,0,0.0,0.0,30.303,ok,33.0,,pending,,pending,,,,,0.5,,,4,,PF,35492826,,,
ue4_qfi9,5.25,13.25,14.75,15.75,ok,0.0,ok,ue3_qfi1,0,0,0,110.50000000000004,data,ok,2.0,False,,proxy,3,0,ue1_qfi2,1.0,152,150.0,ok,ue1_qfi2,14.813,ok,4,ok,4,ue3_qfi2,0.9635608,ok,0.9999842513721816,proxy,5,0.9999747020556127,31659499.2,ok,0.0026136363636363636,ok,0.6888420454545454,0.0532578125,ok,ue4_qfi1,0.46938775510204084,49,100.0,data,ok,0.0,ue2_qfi9,10.5,ok,30.4,ue1_qfi2,0,0.0,0.0,30.303,ok,33.0,,pending,,pending,,,,,0.5,,,4,,Reservation,35492826,,,
ue4_qfi9,5.75,13.75,15.5,16.5,ok,0.0,ok,ue1_qfi1,0,0,0,110.99999999999977,data,ok,2.0,False,,proxy,3,0,ue1_qfi2,1.0,152,150.0,ok,ue4_qfi2,15.901,ok,4,ok,4,ue3_qfi2,0.9635608,ok,0.9999836004302349,proxy,5,0.9999733425643408,31658600.0,ok,0.0028977272727272727,ok,0.7887306818181818,0.0374140625,ok,ue2_qfi1,0.40816326530612246,49,100.0,data,ok,0.0,ue1_qfi1,10.75,ok,30.4,ue1_qfi2,0,0.0,0.0,30.303,ok,33.0,,pending,,pending,,,,,0.5,,,4,,TwoTier,35492826,,,
ue4_qfi9,3.75,11.75,13.25,14.0,ok,0.0,ok,ue1_qfi1,0,0,0,109.99999999999987,data,ok,2.0,False,,proxy,3,0,ue1_qfi2,1.0,152,150.0,ok,ue2_qfi2,13.87,ok,4,ok,4,ue2_qfi2,0.9723596,ok,0.9999501284942992,proxy,5,0.9998037690111783,31808315.2,ok,0.002359090909090909,ok,0.4972579545454546,0.041209375,ok,ue3_qfi1,0.4489795918367347,49,100.0,data,ok,0.0,ue4_qfi1,10.75,ok,30.4,ue1_qfi2,0,0.0,0.0,30.303,ok,33.0,,pending,,pending,,,,,0.5,,,4,,PF,376383645,,,
ue2_qfi9,5.0,13.0,14.5,15.5,ok,0.0,ok,ue3_qfi1,0,0,0,110.25,data,ok,2.0,False,,proxy,3,0,ue2_qfi2,0.993421052631579,152,150.0,ok,ue3_qfi2,14.159,ok,4,ok,4,ue2_qfi2,0.9713204,ok,0.9999516442412035,proxy,5,0.9998207828877592,31800132.8,ok,0.002222727272727273,ok,0.6832954545454546,0.0522953125,ok,ue1_qfi1,0.5102040816326531,49,100.0,data,ok,0.0,ue2_qfi1,10.5,ok,30.4,ue1_qfi2,0,0.0,0.0,30.303,ok,33.0,,pending,,pending,,,,,0.5,,,4,,Reservation,376383645,,,
ue4_qfi9,5.75,13.75,15.5,17.0,ok,0.0,ok,ue2_qfi1,0,0,0,110.7499999999999,data,ok,2.0,False,,proxy,3,0,ue4_qfi2,0.993421052631579,152,150.0,ok,ue4_qfi2,16.3,ok,4,ok,4,ue2_qfi2,0.9723596,ok,0.9999422797796583,proxy,5,0.9997837093203538,31802721.6,ok,0.0024431818181818183,ok,0.7874840909090909,0.0360078125,ok,ue3_qfi1,0.4897959183673469,49,100.0,data,ok,0.0,ue4_qfi9,11.25,ok,30.4,ue1_qfi2,0,0.0,0.0,30.303,ok,33.0,,pending,,pending,,,,,0.5,,,4,,TwoTier,376383645,,,
ue4_qfi2,6.25,12.236,13.265,14.927,ok,0.0,ok,ue3_qfi1,0,0,0,113.24999999999986,data,ok,2.0,False,,proxy,3,0,ue1_qfi2,1.0,152,150.0,ok,ue4_qfi2,14.927,ok,4,ok,4,ue4_qfi2,0.9598564,ok,0.9999873175834365,proxy,5,0.9999791238082784,31697412.8,ok,0.002359090909090909,ok,0.4933215909090909,0.03951875,ok,ue1_qfi1,0.46938775510204084,49,100.0,data,ok,0.0,ue3_qfi1,13.75,ok,30.4,ue1_qfi2,0,0.0,0.0,30.303,ok,33.0,,pending,,pending,,,,,0.5,,,4,,PF,1746484539,,,
ue4_qfi9,5.25,13.25,14.75,15.5,ok,0.0,ok,ue4_qfi1,0,0,0,110.24999999999974,data,ok,2.0,False,,proxy,3,0,ue1_qfi2,1.0,152,150.0,ok,ue4_qfi2,14.476,ok,4,ok,4,ue4_qfi2,0.9598564,ok,0.999983420042239,proxy,5,0.999968582484769,31690348.8,ok,0.002243181818181818,ok,0.6813420454545455,0.049634375,ok,ue1_qfi1,0.4489795918367347,49,100.0,data,ok,0.0,ue2_qfi1,10.75,ok,30.4,ue1_qfi2,0,0.0,0.0,30.303,ok,33.0,,pending,,pending,,,,,0.5,,,4,,Reservation,1746484539,,,
ue4_qfi9,6.0,13.75,15.5,16.5,ok,0.0,ok,ue3_qfi1,0,0,0,109.49999999999972,data,ok,2.0,False,,proxy,3,0,ue1_qfi2,1.0,152,150.0,ok,ue4_qfi2,15.931,ok,4,ok,4,ue4_qfi2,0.9598564,ok,0.9999796590213172,proxy,5,0.9999709388698493,31696900.8,ok,0.0029113636363636364,ok,0.7800238636363637,0.034803125,ok,ue2_qfi1,0.46938775510204084,49,100.0,data,ok,0.0,ue1_qfi2,10.551,ok,30.4,ue1_qfi2,0,0.0,0.0,30.303,ok,33.0,,pending,,pending,,,,,0.5,,,4,,TwoTier,1746484539,,,
ue3_qfi9,4.5,11.25,12.75,14.0,ok,0.0,ok,ue2_qfi1,0,0,0,108.0000000000001,data,ok,2.0,False,,proxy,3,0,ue1_qfi2,1.0,152,150.0,ok,ue1_qfi2,12.572,ok,4,ok,4,ue4_qfi2,0.967874,ok,0.9999761790169794,proxy,5,0.9999498410342647,39766180.8,ok,0.0021772727272727273,ok,0.5609329545454546,0.036178125,ok,ue1_qfi1,0.42857142857142855,49,100.0,data,ok,0.0,ue1_qfi9,9.5,ok,30.4,ue1_qfi2,0,0.0,0.0,30.303,ok,33.0,,pending,,pending,,,,,0.75,,,4,,PF,1826701614,,,
ue1_qfi9,5.75,12.75,14.0,14.75,ok,0.0,ok,ue1_qfi1,0,0,0,110.50000000000004,data,ok,2.0,False,,proxy,3,0,ue4_qfi2,0.993421052631579,152,150.0,ok,ue3_qfi2,13.451,ok,4,ok,4,ue4_qfi2,0.9668348,ok,0.9999862294476263,proxy,5,0.999981298029905,39759084.8,ok,0.002381818181818182,ok,0.753228409090909,0.049890625,ok,ue3_qfi1,0.40816326530612246,49,100.0,data,ok,0.0,ue1_qfi1,10.0,ok,30.2,ue4_qfi2,1,68.75,68.75,30.303,ok,33.0,,pending,,pending,,,,,0.75,,,4,,Reservation,1826701614,,,
ue4_qfi9,6.75,14.25,16.0,17.0,ok,0.0,ok,ue4_qfi1,0,0,0,111.25000000000007,data,ok,2.0,False,,proxy,3,0,ue1_qfi2,1.0,152,150.0,ok,ue3_qfi2,14.708,ok,4,ok,4,ue4_qfi2,0.967874,ok,0.9999777940769118,proxy,5,0.9999612367911358,39747379.199999996,ok,0.0025590909090909093,ok,0.8561738636363636,0.031115625,ok,ue2_qfi1,0.46938775510204084,49,100.0,data,ok,0.0,ue3_qfi9,10.25,ok,30.4,ue1_qfi2,0,0.0,0.0,30.303,ok,33.0,,pending,,pending,,,,,0.75,,,4,,TwoTier,1826701614,,,
ue3_qfi9,4.75,11.5,12.75,14.0,ok,0.0,ok,ue2_qfi1,0,0,0,112.25,data,ok,2.0,False,,proxy,3,0,ue1_qfi2,1.0,152,150.0,ok,ue3_qfi2,13.068,ok,4,ok,4,ue1_qfi2,0.964206,ok,0.9999919039039866,proxy,5,0.9999859574873433,39637744.0,ok,0.002031818181818182,ok,0.5734068181818182,0.0381078125,ok,ue2_qfi1,0.4489795918367347,49,100.0,data,ok,0.0,ue2_qfi1,12.75,ok,30.4,ue1_qfi2,0,0.0,0.0,30.303,ok,33.0,,pending,,pending,,,,,0.75,,,4,,PF,1367864806,,,
ue3_qfi9,5.75,12.75,14.25,15.0,ok,0.0,ok,ue3_qfi1,0,0,0,110.99999999999977,data,ok,2.0,False,,proxy,3,0,ue1_qfi2,1.0,152,150.0,ok,ue3_qfi2,13.79,ok,4,ok,4,ue1_qfi2,0.964206,ok,0.9999876058811499,proxy,5,0.9999808765006521,39629809.6,ok,0.0023113636363636366,ok,0.7615409090909091,0.0527046875,ok,ue4_qfi1,0.4489795918367347,49,100.0,data,ok,0.0,ue3_qfi1,10.75,ok,30.4,ue1_qfi2,0,0.0,0.0,30.303,ok,33.0,,pending,,pending,,,,,0.75,,,4,,Reservation,1367864806,,,
ue3_qfi2,5.809,12.982,14.568,16.817,ok,0.0,ok,ue2_qfi1,0,0,0,112.75,data,ok,2.0,False,,proxy,3,0,ue3_qfi2,0.993421052631579,152,150.0,ok,ue3_qfi2,15.644,ok,4,ok,4,ue1_qfi2,0.964206,ok,0.9999707765444317,proxy,5,0.9999463153443321,39633840.0,ok,0.0024113636363636364,ok,0.8632306818181819,0.032565625,ok,ue2_qfi1,0.42857142857142855,49,100.0,data,ok,0.0,ue2_qfi1,11.75,ok,30.2,ue3_qfi2,1,66.75,66.75,30.303,ok,33.0,,pending,,pending,,,,,0.75,,,4,,TwoTier,1367864806,,,
ue4_qfi9,5.0,12.5,14.5,15.75,ok,0.0,ok,ue1_qfi1,0,0,0,108.49999999999982,data,ok,2.0,False,,proxy,3,0,ue1_qfi2,1.0,152,150.0,ok,ue4_qfi2,13.603,ok,4,ok,4,ue1_qfi2,0.9670856,ok,0.9999921093667261,proxy,5,0.9999848726236966,39783825.6,ok,0.002243181818181818,ok,0.6010795454545454,0.0443953125,ok,ue2_qfi1,0.46938775510204084,49,100.0,data,ok,0.0,ue4_qfi1,12.25,ok,30.4,ue1_qfi2,0,0.0,0.0,30.303,ok,33.0,,pending,,pending,,,,,0.75,,,4,,PF,1097657231,,,
ue4_qfi9,6.25,13.75,15.0,16.0,ok,0.0,ok,ue4_qfi1,0,0,0,110.25000000000018,data,ok,2.0,False,,proxy,3,0,ue1_qfi2,1.0,152,150.0,ok,ue1_qfi2,13.789,ok,4,ok,4,ue1_qfi2,0.9670856,ok,0.9999864894217707,proxy,5,0.9999758299215066,39788790.4,ok,0.002681818181818182,ok,0.7793045454545454,0.0618125,ok,ue3_qfi1,0.4489795918367347,49,100.0,data,ok,0.0,ue3_qfi1,10.25,ok,30.4,ue1_qfi2,0,0.0,0.0,30.303,ok,33.0,,pending,,pending,,,,,0.75,,,4,,Reservation,1097657231,,,
ue3_qfi9,7.25,15.0,16.75,18.0,ok,0.0,ok,ue3_qfi1,0,0,0,112.0000000000001,data,ok,2.0,False,,proxy,3,0,ue1_qfi2,0.993421052631579,152,150.0,ok,ue3_qfi2,16.447,ok,4,ok,4,ue1_qfi2,0.9658152,ok,0.9999696604102155,proxy,5,0.999951652205423,39765540.8,ok,0.0030704545454545455,ok,0.87345,0.0376140625,ok,ue2_qfi1,0.4489795918367347,49,100.0,data,ok,0.0,ue1_qfi9,11.25,ok,30.2,ue1_qfi2,0,0.0,0.0,30.303,ok,33.0,,pending,,pending,,,,,0.75,,,4,,TwoTier,1097657231,,,
ue2_qfi9,4.25,11.25,13.0,14.25,ok,0.0,ok,ue4_qfi1,0,0,0,112.99999999999999,data,ok,2.0,False,,proxy,3,0,ue1_qfi2,1.0,152,150.0,ok,ue3_qfi2,12.773,ok,4,ok,4,ue3_qfi2,0.9629795999999999,ok,0.9999884124583908,proxy,5,0.9999803444046473,39658579.2,ok,0.002161363636363636,ok,0.5667181818181818,0.0385546875,ok,ue3_qfi1,0.42857142857142855,49,100.0,data,ok,0.0,ue2_qfi1,14.0,ok,30.4,ue1_qfi2,0,0.0,0.0,30.303,ok,33.0,,pending,,pending,,,,,0.75,,,4,,PF,579362555,,,
ue3_qfi9,5.75,13.0,14.5,15.25,ok,0.0,ok,ue3_qfi1,0,0,0,111.49999999999993,data,ok,2.0,False,,proxy,3,0,ue1_qfi2,0.993421052631579,152,150.0,ok,ue3_qfi2,13.944,ok,4,ok,4,ue3_qfi2,0.9622448,ok,0.9999896119980225,proxy,5,0.999982816641515,39653196.8,ok,0.002056818181818182,ok,0.7563545454545455,0.052828125,ok,ue3_qfi1,0.46938775510204084,49,100.0,data,ok,0.0,ue3_qfi1,11.5,ok,30.2,ue1_qfi2,1,67.25,67.25,30.303,ok,33.0,,pending,,pending,,,,,0.75,,,4,,Reservation,579362555,,,
ue4_qfi9,6.75,14.25,16.0,16.75,ok,0.0,ok,ue3_qfi1,0,0,0,112.24999999999996,data,ok,2.0,False,,proxy,3,0,ue1_qfi2,1.0,152,150.0,ok,ue3_qfi2,16.058,ok,4,ok,4,ue3_qfi2,0.9629795999999999,ok,0.9999821923429163,proxy,5,0.9999680762450289,39653742.4,ok,0.002502272727272727,ok,0.860425,0.0329203125,ok,ue2_qfi1,0.46938775510204084,49,100.0,data,ok,0.0,ue3_qfi1,10.75,ok,30.4,ue1_qfi2,0,0.0,0.0,30.303,ok,33.0,,pending,,pending,,,,,0.75,,,4,,TwoTier,579362555,,,
ue3_qfi9,4.75,12.0,13.5,14.5,ok,0.0,ok,ue3_qfi1,0,0,0,108.24999999999996,data,ok,2.0,False,,proxy,3,0,ue1_qfi2,1.0,152,150.0,ok,ue4_qfi2,12.606,ok,4,ok,4,ue1_qfi2,0.9762448,ok,0.9999870031227817,proxy,5,0.9999752051866447,39867212.8,ok,0.0022840909090909092,ok,0.561825,0.0368453125,ok,ue2_qfi1,0.42857142857142855,49,100.0,data,ok,0.0,ue3_qfi1,11.5,ok,30.4,ue1_qfi2,0,0.0,0.0,30.303,ok,33.0,,pending,,pending,,,,,0.75,,,4,,PF,661058651,,,
ue3_qfi9,6.0,13.25,14.5,15.25,ok,0.0,ok,ue3_qfi1,0,0,0,111.7499999999998,data,ok,2.0,False,,proxy,3,0,ue1_qfi2,1.0,152,150.0,ok,ue2_qfi2,13.751,ok,4,ok,4,ue1_qfi2,0.9762448,ok,0.9999855500524071,proxy,5,0.9999794300719838,39870832.0,ok,0.0023045454545454545,ok,0.7520181818181818,0.0500046875,ok,ue3_qfi1,0.4897959183673469,49,100.0,data,ok,0.0,ue3_qfi1,11.25,ok,30.4,ue1_qfi2,0,0.0,0.0,30.303,ok,33.0,,pending,,pending,,,,,0.75,,,4,,Reservation,661058651,,,
ue3_qfi9,7.0,14.5,16.5,17.5,ok,0.0,ok,ue1_qfi1,0,0,0,109.75000000000001,data,ok,2.0,False,,proxy,3,0,ue4_qfi2,0.993421052631579,152,150.0,ok,ue3_qfi2,14.879,ok,4,ok,4,ue1_qfi2,0.9762448,ok,0.9999664313692687,proxy,5,0.9999556126112485,39868849.6,ok,0.0027204545454545454,ok,0.8564886363636364,0.0314421875,ok,ue2_qfi1,0.4897959183673469,49,100.0,data,ok,0.0,ue3_qfi9,10.5,ok,30.2,ue4_qfi2,1,66.5,66.5,30.303,ok,33.0,,pending,,pending,,,,,0.75,,,4,,TwoTier,661058651,,,
ue3_qfi9,4.75,12.25,14.25,15.25,ok,0.0,ok,ue1_qfi1,0,0,0,111.49999999999993,data,ok,2.0,False,,proxy,3,0,ue1_qfi2,1.0,152,150.0,ok,ue1_qfi2,13.705,ok,4,ok,4,ue3_qfi2,0.9699244,ok,0.9999751720223811,proxy,5,0.9999473473986593,39689134.4,ok,0.0023136363636363636,ok,0.5940193181818182,0.042896875,ok,ue3_qfi1,0.42857142857142855,49,100.0,data,ok,0.0,ue1_qfi1,11.5,ok,30.4,ue1_qfi2,0,0.0,0.0,30.303,ok,33.0,,pending,,pending,,,,,0.75,,,4,,PF,87989972,,,
ue3_qfi9,5.75,13.0,14.5,15.5,ok,0.0,ok,ue4_qfi1,0,0,0,110.25000000000018,data,ok,2.0,False,,proxy,3,0,ue4_qfi2,0.993421052631579,152,150.0,ok,ue2_qfi2,13.747,ok,4,ok,4,ue3_qfi2,0.9699244,ok,0.9999792193470993,proxy,5,0.9999655237872109,39669148.8,ok,0.0024795454545454548,ok,0.7772659090909091,0.0592,ok,ue1_qfi1,0.46938775510204084,49,100.0,data,ok,0.0,ue3_qfi1,10.5,ok,30.2,ue4_qfi2,1,66.75,66.75,30.303,ok,33.0,,pending,,pending,,,,,0.75,,,4,,Reservation,87989972,,,
ue4_qfi9,6.75,14.75,16.75,18.0,ok,0.0,ok,ue3_qfi1,0,0,0,113.24999999999986,data,ok,2.0,False,,proxy,3,0,ue4_qfi2,0.993421052631579,152,150.0,ok,ue4_qfi2,15.746,ok,4,ok,4,ue3_qfi2,0.9699244,ok,0.9999592615602519,proxy,5,0.9999396932191171,39661841.6,ok,0.0026659090909090907,ok,0.8743420454545454,0.0364453125,ok,ue2_qfi1,0.4489795918367347,49,100.0,data,ok,0.0,ue3_qfi1,12.25,ok,30.4,ue1_qfi2,0,0.0,0.0,30.303,ok,33.0,,pending,,pending,,,,,0.75,,,4,,TwoTier,87989972,,,
ue2_qfi9,4.5,11.5,13.0,14.0,ok,0.0,ok,ue4_qfi1,0,0,0,110.50000000000004,data,ok,2.0,False,,proxy,3,0,ue1_qfi2,1.0,152,150.0,ok,ue1_qfi2,12.514,ok,4,ok,4,ue2_qfi2,0.9632731999999999,ok,0.9999806129139726,proxy,5,0.9999623080559642,39731204.8,ok,0.002193181818181818,ok,0.5746420454545454,0.0391296875,ok,ue4_qfi1,0.4489795918367347,49,100.0,data,ok,0.0,ue1_qfi1,11.5,ok,30.4,ue1_qfi2,0,0.0,0.0,30.303,ok,33.0,,pending,,pending,,,,,0.75,,,4,,PF,161576974,,,
ue1_qfi9,5.75,13.0,14.5,15.5,ok,0.0,ok,ue4_qfi1,0,0,0,110.25000000000018,data,ok,2.0,False,,proxy,3,0,ue1_qfi2,0.993421052631579,152,150.0,ok,ue1_qfi2,14.109,ok,4,ok,4,ue2_qfi2,0.9632731999999999,ok,0.9999828370179975,proxy,5,0.9999733233970499,39732300.8,ok,0.0025272727272727274,ok,0.762475,0.05440625,ok,ue4_qfi1,0.42857142857142855,49,100.0,data,ok,0.0,ue2_qfi1,11.5,ok,30.2,ue4_qfi2,1,68.75,68.75,30.303,ok,33.0,,pending,,pending,,,,,0.75,,,4,,Reservation,161576974,,,
ue4_qfi9,7.0,14.5,16.25,17.0,ok,0.0,ok,ue2_qfi1,0,0,0,110.99999999999977,data,ok,2.0,False,,proxy,3,0,ue1_qfi2,1.0,152,150.0,ok,ue3_qfi2,15.548,ok,4,ok,4,ue2_qfi2,0.9632731999999999,ok,0.9999661504841846,proxy,5,0.9999373475176186,39718545.6,ok,0.0027954545454545454,ok,0.8680920454545454,0.0336984375,ok,ue2_qfi1,0.40816326530612246,49,100.0,data,ok,0.0,ue4_qfi1,11.25,ok,30.4,ue1_qfi2,0,0.0,0.0,30.303,ok,33.0,,pending,,pending,,,,,0.75,,,4,,TwoTier,161576974,,,
ue3_qfi9,4.75,12.0,13.25,14.25,ok,0.0,ok,ue1_qfi1,0,0,0,109.50000000000016,data,ok,2.0,False,,proxy,3,0,ue1_qfi2,1.0,152,150.0,ok,ue1_qfi2,13.25,ok,4,ok,4,ue4_qfi2,0.9572451999999999,ok,0.9999876103454289,proxy,5,0.9999842723626442,39624932.8,ok,0.0023568181818181817,ok,0.5884022727272727,0.0428203125,ok,ue1_qfi1,0.4489795918367347,49,100.0,data,ok,0.0,ue1_qfi1,13.0,ok,30.4,ue1_qfi2,0,0.0,0.0,30.303,ok,33.0,,pending,,pending,,,,,0.75,,,4,,PF,35492826,,,
ue4_qfi9,5.75,12.75,14.25,15.25,ok,0.0,ok,ue3_qfi1,0,0,0,110.7499999999999,data,ok,2.0,False,,proxy,3,0,ue1_qfi2,1.0,152,150.0,ok,ue3_qfi2,13.735,ok,4,ok,4,ue4_qfi2,0.9571251999999999,ok,0.9999846565919436,proxy,5,0.9999740071555903,39615083.2,ok,0.0021704545454545453,ok,0.7711306818181818,0.0595140625,ok,ue1_qfi1,0.4489795918367347,49,100.0,data,ok,0.0,ue2_qfi1,10.0,ok,30.4,ue1_qfi2,0,0.0,0.0,30.303,ok,33.0,,pending,,pending,,,,,0.75,,,4,,Reservation,35492826,,,
ue2_qfi9,6.5,14.25,16.25,17.5,ok,0.0,ok,ue1_qfi1,0,0,0,111.49999999999993,data,ok,2.0,False,,proxy,3,0,ue4_qfi2,0.993421052631579,152,150.0,ok,ue1_qfi2,15.645,ok,4,ok,4,ue4_qfi2,0.9560004,ok,0.9999652002854535,proxy,5,0.9999431733964406,39610736.0,ok,0.0024977272727272726,ok,0.8711738636363636,0.0364828125,ok,ue2_qfi1,0.5102040816326531,49,100.0,data,ok,0.0,ue2_qfi9,11.0,ok,30.4,ue1_qfi2,0,0.0,0.0,30.303,ok,33.0,,pending,,pending,,,,,0.75,,,4,,TwoTier,35492826,,,
ue3_qfi9,5.0,12.75,14.25,15.25,ok,0.0,ok,ue4_qfi1,0,0,0,110.25000000000018,data,ok,2.0,False,,proxy,3,0,ue1_qfi2,1.0,152,150.0,ok,ue3_qfi2,12.75,ok,3,ok,4,ue1_qfi2,0.9494504,ok,0.9999481419045452,proxy,5,0.9998018925591036,39720560.0,ok,0.002184090909090909,ok,0.5819977272727272,0.040515625,ok,ue1_qfi1,0.46938775510204084,49,100.0,data,ok,0.0,ue4_qfi1,11.5,ok,30.4,ue1_qfi2,0,0.0,0.0,30.303,ok,33.0,,pending,,pending,,,,,0.75,,,4,,PF,376383645,,,
ue3_qfi9,6.25,13.5,15.0,15.75,ok,0.0,ok,ue4_qfi1,0,0,0,110.4999999999996,data,ok,2.0,False,,proxy,3,0,ue1_qfi2,1.0,152,150.0,ok,ue2_qfi2,13.906,ok,3,ok,4,ue1_qfi2,0.9494504,ok,0.9999520131475392,proxy,5,0.9998144111168558,39707158.4,ok,0.0026863636363636365,ok,0.7673022727272727,0.05533125,ok,ue1_qfi1,0.42857142857142855,49,100.0,data,ok,0.0,ue4_qfi1,12.25,ok,30.4,ue1_qfi2,0,0.0,0.0,30.303,ok,33.0,,pending,,pending,,,,,0.75,,,4,,Reservation,376383645,,,
ue3_qfi9,7.0,14.5,16.25,17.5,ok,0.0,ok,ue3_qfi1,0,0,0,110.7499999999999,data,ok,2.0,False,,proxy,3,0,ue1_qfi2,1.0,152,150.0,ok,ue3_qfi2,15.289,ok,3,ok,4,ue1_qfi2,0.9494504,ok,0.9999454577805785,proxy,5,0.9998025089780457,39701481.6,ok,0.0026681818181818182,ok,0.8708897727272727,0.03450625,ok,ue3_qfi1,0.4897959183673469,49,100.0,data,ok,0.0,ue4_qfi1,11.25,ok,30.4,ue1_qfi2,0,0.0,0.0,30.303,ok,33.0,,pending,,pending,,,,,0.75,,,4,,TwoTier,376383645,,,
ue4_qfi9,5.0,12.25,14.0,15.0,ok,0.0,ok,ue2_qfi1,0,0,0,111.75000000000024,data,ok,2.0,False,,proxy,3,0,ue2_qfi2,0.9868421052631579,152,150.0,ok,ue4_qfi2,13.303,ok,4,ok,4,ue3_qfi2,0.9693088000000001,ok,0.999989667494616,proxy,5,0.9999768614082338,39745822.4,ok,0.002309090909090909,ok,0.566725,0.03699375,ok,ue3_qfi1,0.4489795918367347,49,100.0,data,ok,0.0,ue2_qfi1,11.75,ok,30.0,ue2_qfi2,1,66.75,66.75,30.303,ok,33.0,,pending,,pending,,,,,0.75,,,4,,PF,1746484539,,,
ue4_qfi9,6.0,13.0,14.25,15.0,ok,0.0,ok,ue3_qfi1,0,0,0,196.4999999999999,data,ok,2.0,False,,proxy,3,0,ue3_qfi2,0.993421052631579,152,150.0,ok,ue4_qfi2,13.634,ok,4,ok,4,ue3_qfi2,0.9698272,ok,0.9998699875142748,proxy,5,0.9994189202863526,39745476.8,ok,0.002865909090909091,ok,0.7572420454545454,0.051159375,ok,ue1_qfi1,0.4489795918367347,49,100.0,data,ok,0.0,ue1_qfi1,12.5,ok,30.2,ue3_qfi2,1,71.0,71.0,30.303,ok,33.0,,pending,,pending,,,,,0.75,,,4,,Reservation,1746484539,,,
ue4_qfi9,7.0,14.5,16.25,17.25,ok,0.0,ok,ue1_qfi1,0,0,0,110.7499999999999,data,ok,2.0,False,,proxy,3,0,ue1_qfi2,1.0,152,150.0,ok,ue2_qfi2,14.954,ok,4,ok,4,ue3_qfi2,0.9703068,ok,0.9999774947807916,proxy,5,0.9999593420281203,39738764.800000004,ok,0.002990909090909091,ok,0.8603875,0.031903125,ok,ue4_qfi1,0.4489795918367347,49,100.0,data,ok,0.0,ue4_qfi9,10.25,ok,30.4,ue1_qfi2,0,0.0,0.0,30.303,ok,33.0,,pending,,pending,,,,,0.75,,,4,,TwoTier,1746484539,,,
ue1_qfi9,6.0,13.0,14.75,15.75,ok,0.0,ok,ue1_qfi1,0,0,0,109.25,data,ok,2.0,False,,proxy,3,0,ue1_qfi2,1.0,152,150.0,ok,ue1_qfi2,13.599,ok,4,ok,4,ue1_qfi2,0.959984,ok,0.9999894788366621,proxy,5,0.9999801028458415,47609208.0,ok,0.0024954545454545455,ok,0.6882852272727272,0.042803125,ok,ue4_qfi1,0.4489795918367347,49,100.0,data,ok,0.0,ue1_qfi1,11.0,ok,30.4,ue1_qfi2,0,0.0,0.0,30.303,ok,33.0,,pending,,pending,,,,,1.0,,,4,,PF,1826701614,,,
ue1_qfi9,7.25,14.0,15.25,16.0,ok,0.0,ok,ue3_qfi1,0,0,0,110.50000000000004,data,ok,2.0,False,,proxy,3,0,ue1_qfi2,1.0,152,150.0,ok,ue1_qfi2,13.377,ok,4,ok,4,ue1_qfi2,0.959984,ok,0.9999799902581703,proxy,5,0.9999636565569401,47609734.4,ok,0.002534090909090909,ok,0.8466022727272727,0.062990625,ok,ue3_qfi1,0.42857142857142855,49,100.0,data,ok,0.0,ue3_qfi1,9.75,ok,30.4,ue1_qfi2,0,0.0,0.0,30.303,ok,33.0,,pending,,pending,,,,,1.0,,,4,,Reservation,1826701614,,,
ue4_qfi9,8.25,17.25,21.5,24.5,ok,0.0,ok,ue1_qfi1,0,0,0,109.75000000000001,data,ok,2.0,False,,proxy,3,0,ue1_qfi2,1.0,152,150.0,ok,ue2_qfi2,15.676,ok,4,ok,4,ue1_qfi2,0.959984,ok,0.9999785944543389,proxy,5,0.9999663988997725,47596040.0,ok,0.00255,ok,0.9076318181818182,0.03545625,ok,ue1_qfi1,0.4897959183673469,49,100.0,data,ok,0.0,ue4_qfi9,16.25,ok,30.4,ue1_qfi2,0,0.0,0.0,30.303,ok,33.0,,pending,,pending,,,,,1.0,,,4,,TwoTier,1826701614,,,
ue1_qfi9,5.75,12.75,14.25,15.25,ok,0.0,ok,ue1_qfi1,0,0,0,112.74999999999969,data,ok,2.0,False,,proxy,3,0,ue1_qfi2,1.0,152,150.0,ok,ue1_qfi2,13.299,ok,4,ok,4,ue3_qfi2,0.9645452,ok,0.999992292333039,proxy,5,0.9999838002889646,47643012.8,ok,0.0020522727272727272,ok,0.6558636363636363,0.03915,ok,ue2_qfi1,0.3673469387755102,49,100.0,data,ok,0.0,ue1_qfi1,13.0,ok,30.4,ue1_qfi2,0,0.0,0.0,30.303,ok,33.0,,pending,,pending,,,,,1.0,,,4,,PF,1367864806,,,
ue1_qfi9,7.25,13.75,15.0,16.0,ok,0.0,ok,ue1_qfi1,0,0,0,110.24999999999974,data,ok,2.0,False,,proxy,3,0,ue1_qfi2,0.993421052631579,152,150.0,ok,ue3_qfi2,13.701,ok,4,ok,4,ue3_qfi2,0.9645452,ok,0.9999884804715341,proxy,5,0.9999774912004019,47638964.8,ok,0.0024295454545454546,ok,0.8281852272727273,0.0564734375,ok,ue4_qfi1,0.4489795918367347,49,100.0,data,ok,0.0,ue2_qfi1,10.0,ok,30.2,ue1_qfi2,0,0.0,0.0,30.303,ok,33.0,,pending,,pending,,,,,1.0,,,4,,Reservation,1367864806,,,
ue1_qfi9,7.5,15.5,18.0,19.75,ok,0.0,ok,ue1_qfi1,0,0,0,110.99999999999977,data,ok,2.0,False,,proxy,3,0,ue1_qfi2,1.0,152,150.0,ok,ue1_qfi2,16.131,ok,4,ok,4,ue3_qfi2,0.9645452,ok,0.999975415282574,proxy,5,0.9999565874690601,47629257.6,ok,0.002818181818181818,ok,0.8992034090909091,0.032634375,ok,ue3_qfi1,0.4489795918367347,49,100.0,data,ok,0.0,ue1_qfi9,12.25,ok,30.4,ue1_qfi2,0,0.0,0.0,30.303,ok,33.0,,pending,,pending,,,,,1.0,,,4,,TwoTier,1367864806,,,
ue4_qfi9,5.75,13.75,15.75,17.0,ok,0.0,ok,ue4_qfi1,0,0,0,112.49999999999983,data,ok,2.0,False,,proxy,3,0,ue1_qfi2,1.0,152,150.0,ok,ue4_qfi2,14.966,ok,4,ok,4,ue3_qfi2,0.9662888000000001,ok,0.9999909415406982,proxy,5,0.99997998630822,47679331.2,ok,0.0023795454545454545,ok,0.6918795454545454,0.043728125,ok,ue2_qfi1,0.46938775510204084,49,100.0,data,ok,0.0,ue4_qfi1,12.0,ok,30.4,ue1_qfi2,0,0.0,0.0,30.303,ok,33.0,,pending,,pending,,,,,1.0,,,4,,PF,1097657231,,,
ue4_qfi9,7.25,15.25,17.25,19.25,ok,0.0,ok,ue3_qfi1,0,0,0,110.24999999999974,data,ok,2.0,False,,proxy,3,0,ue1_qfi2,1.0,152,150.0,ok,ue4_qfi2,14.231,ok,4,ok,4,ue3_qfi2,0.9662888000000001,ok,0.9999860893147157,proxy,5,0.9999719300197368,47661027.2,ok,0.002525,ok,0.8459772727272727,0.06351875,ok,ue4_qfi1,0.4489795918367347,49,100.0,data,ok,0.0,ue4_qfi9,12.0,ok,30.4,ue1_qfi2,0,0.0,0.0,30.303,ok,33.0,,pending,,pending,,,,,1.0,,,4,,Reservation,1097657231,,,
ue3_qfi9,8.5,18.0,22.75,27.25,ok,0.0,ok,ue1_qfi1,0,0,0,111.49999999999993,data,ok,2.0,False,,proxy,3,0,ue1_qfi2,1.0,152,150.0,ok,ue3_qfi2,17.258,ok,4,ok,4,ue3_qfi2,0.9662888000000001,ok,0.9999516034158354,proxy,5,0.9998939261320279,47658960.0,ok,0.0029886363636363635,ok,0.9095545454545455,0.0357890625,ok,ue2_qfi1,0.46938775510204084,49,100.0,data,ok,0.0,ue3_qfi9,18.75,ok,30.4,ue1_qfi2,0,0.0,0.0,30.303,ok,33.0,,pending,,pending,,,,,1.0,,,4,,TwoTier,1097657231,,,
ue1_qfi9,5.75,13.25,15.0,16.25,ok,0.0,ok,ue4_qfi1,0,0,0,112.99999999999999,data,ok,2.0,False,,proxy,3,0,ue1_qfi2,1.0,152,150.0,ok,ue1_qfi2,14.219,ok,4,ok,4,ue2_qfi2,0.9595132,ok,0.9999906722337382,proxy,5,0.9999823220770084,47663395.2,ok,0.0024772727272727273,ok,0.7013659090909091,0.046415625,ok,ue1_qfi1,0.46938775510204084,49,100.0,data,ok,0.0,ue4_qfi1,12.75,ok,30.4,ue1_qfi2,0,0.0,0.0,30.303,ok,33.0,,pending,,pending,,,,,1.0,,,4,,PF,579362555,,,
ue1_qfi9,7.5,14.25,15.5,16.5,ok,0.0,ok,ue4_qfi1,0,0,0,111.25000000000007,data,ok,2.0,False,,proxy,3,0,ue1_qfi2,1.0,152,150.0,ok,ue1_qfi2,14.063,ok,4,ok,4,ue2_qfi2,0.9595132,ok,0.9999888630090128,proxy,5,0.9999787563322473,47666782.4,ok,0.002640909090909091,ok,0.8483954545454545,0.0681984375,ok,ue1_qfi1,0.46938775510204084,49,100.0,data,ok,0.0,ue4_qfi1,10.25,ok,30.4,ue1_qfi2,0,0.0,0.0,30.303,ok,33.0,,pending,,pending,,,,,1.0,,,4,,Reservation,579362555,,,
ue3_qfi9,8.25,17.25,19.5,21.5,ok,0.0,ok,ue2_qfi1,0,0,0,111.75,data,ok,2.0,False,,proxy,3,0,ue1_qfi2,1.0,152,150.0,ok,ue1_qfi2,17.251,ok,4,ok,4,ue2_qfi2,0.9595132,ok,0.9999738760956267,proxy,5,0.999950359515577,47648705.6,ok,0.003009090909090909,ok,0.9129272727272727,0.0378828125,ok,ue1_qfi1,0.4897959183673469,49,100.0,data,ok,0.0,ue3_qfi9,13.25,ok,30.4,ue1_qfi2,0,0.0,0.0,30.303,ok,33.0,,pending,,pending,,,,,1.0,,,4,,TwoTier,579362555,,,
ue2_qfi9,5.25,11.75,13.25,14.5,ok,0.0,ok,ue1_qfi1,0,0,0,110.25,data,ok,2.0,False,,proxy,3,0,ue1_qfi2,0.993421052631579,152,150.0,ok,ue1_qfi2,12.25,ok,4,ok,4,ue2_qfi2,0.9635072,ok,0.9999918910783027,proxy,5,0.9999826788043226,47670379.2,ok,0.002172727272727273,ok,0.6575340909090909,0.0390546875,ok,ue3_qfi1,0.42857142857142855,49,100.0,data,ok,0.0,ue1_qfi1,10.75,ok,30.2,ue1_qfi2,1,68.5,68.5,30.303,ok,33.0,,pending,,pending,,,,,1.0,,,4,,PF,661058651,,,
ue1_qfi9,6.5,13.25,15.0,15.75,ok,0.0,ok,ue2_qfi1,0,0,0,110.25000000000018,data,ok,2.0,False,,proxy,3,0,ue3_qfi2,0.993421052631579,152,150.0,ok,ue1_qfi2,13.29,ok,4,ok,4,ue2_qfi2,0.9635072,ok,0.9999886153751193,proxy,5,0.9999726721080856,47663961.6,ok,0.0023227272727272727,ok,0.8229375,0.0562046875,ok,ue3_qfi1,0.5306122448979592,49,100.0,data,ok,0.0,ue4_qfi1,10.75,ok,30.2,ue3_qfi2,1,70.5,70.5,30.303,ok,33.0,,pending,,pending,,,,,1.0,,,4,,Reservation,661058651,,,
ue4_qfi9,7.5,15.5,17.75,19.25,ok,0.0,ok,ue1_qfi1,0,0,0,111.5,data,ok,2.0,False,,proxy,3,0,ue4_qfi2,0.993421052631579,152,150.0,ok,ue4_qfi2,16.356,ok,4,ok,4,ue2_qfi2,0.9635072,ok,0.9999713083604991,proxy,5,0.9999255231876767,47652593.6,ok,0.0026545454545454546,ok,0.9001090909090909,0.0324171875,ok,ue3_qfi1,0.4489795918367347,49,100.0,data,ok,0.0,ue1_qfi2,12.375,ok,30.2,ue4_qfi2,1,68.5,68.5,30.303,ok,33.0,,pending,,pending,,,,,1.0,,,4,,TwoTier,661058651,,,
ue4_qfi9,5.5,12.75,14.5,15.75,ok,0.0,ok,ue3_qfi1,0,0,0,109.99999999999987,data,ok,2.0,False,,proxy,3,0,ue1_qfi2,1.0,152,150.0,ok,ue4_qfi2,14.481,ok,4,ok,4,ue4_qfi2,0.9685688,ok,0.9999898114830545,proxy,5,0.9999817932633758,47772819.2,ok,0.002447727272727273,ok,0.6869829545454545,0.04256875,ok,ue1_qfi1,0.3877551020408163,49,100.0,data,ok,0.0,ue3_qfi1,11.0,ok,30.4,ue1_qfi2,0,0.0,0.0,30.303,ok,33.0,,pending,,pending,,,,,1.0,,,4,,PF,87989972,,,
ue3_qfi9,7.0,14.0,15.5,16.25,ok,0.0,ok,ue3_qfi1,0,0,0,110.50000000000004,data,ok,2.0,False,,proxy,3,0,ue3_qfi2,0.993421052631579,152,150.0,ok,ue4_qfi2,14.191,ok,4,ok,4,ue4_qfi2,0.9685688,ok,0.9999853708289246,proxy,5,0.9999761115007364,47746800.0,ok,0.002568181818181818,ok,0.8411284090909091,0.06279375,ok,ue3_qfi1,0.46938775510204084,49,100.0,data,ok,0.0,ue4_qfi1,11.5,ok,30.4,ue1_qfi2,0,0.0,0.0,30.303,ok,33.0,,pending,,pending,,,,,1.0,,,4,,Reservation,87989972,,,
ue4_qfi9,8.75,19.0,23.75,27.5,ok,0.0,ok,ue2_qfi1,0,0,0,113.50000000000016,data,ok,2.0,False,,proxy,3,0,ue3_qfi2,0.993421052631579,152,150.0,ok,ue3_qfi2,15.253,ok,4,ok,4,ue4_qfi2,0.9685688,ok,0.9999739572877564,proxy,5,0.999947605886566,47717123.2,ok,0.003025,ok,0.9101352272727272,0.0352890625,ok,ue3_qfi1,0.5102040816326531,49,100.0,data,ok,0.0,ue4_qfi9,18.75,ok,30.2,ue3_qfi2,1,71.5,71.5,30.303,ok,33.0,,pending,,pending,,,,,1.0,,,4,,TwoTier,87989972,,,
ue4_qfi9,5.75,13.0,14.75,15.75,ok,0.0,ok,ue2_qfi1,0,0,0,110.25000000000018,data,ok,2.0,False,,proxy,3,0,ue1_qfi2,1.0,152,150.0,ok,ue4_qfi2,13.815,ok,4,ok,4,ue2_qfi2,0.9621716,ok,0.9999738529561863,proxy,5,0.9999465324574233,47661368.0,ok,0.002152272727272727,ok,0.6940397727272727,0.044584375,ok,ue2_qfi1,0.46938775510204084,49,100.0,data,ok,0.0,ue4_qfi1,10.5,ok,30.4,ue1_qfi2,0,0.0,0.0,30.303,ok,33.0,,pending,,pending,,,,,1.0,,,4,,PF,161576974,,,
ue2_qfi9,7.0,14.25,16.25,17.5,ok,0.0,ok,ue4_qfi1,0,0,0,111.00000000000021,data,ok,2.0,False,,proxy,3,0,ue2_qfi2,0.993421052631579,152,150.0,ok,ue1_qfi2,13.718,ok,4,ok,4,ue2_qfi2,0.9606128,ok,0.9999869031608984,proxy,5,0.9999782269069912,47656955.2,ok,0.0025477272727272727,ok,0.8494681818181818,0.0648453125,ok,ue3_qfi1,0.46938775510204084,49,100.0,data,ok,0.0,ue2_qfi9,10.5,ok,30.4,ue1_qfi2,0,0.0,0.0,30.303,ok,33.0,,pending,,pending,,,,,1.0,,,4,,Reservation,161576974,,,
ue3_qfi9,8.0,16.25,19.25,21.5,ok,0.0,ok,ue1_qfi1,0,0,0,111.0,data,ok,2.0,False,,proxy,3,0,ue1_qfi2,1.0,152,150.0,ok,ue4_qfi2,16.027,ok,4,ok,4,ue2_qfi2,0.9621716,ok,0.9999710100384167,proxy,5,0.9999432022616846,47641062.4,ok,0.002675,ok,0.9149681818181818,0.0366671875,ok,ue1_qfi1,0.4489795918367347,49,100.0,data,ok,0.0,ue3_qfi9,13.5,ok,30.4,ue1_qfi2,0,0.0,0.0,30.303,ok,33.0,,pending,,pending,,,,,1.0,,,4,,TwoTier,161576974,,,
ue1_qfi9,6.25,13.5,15.25,16.5,ok,0.0,ok,ue4_qfi1,0,0,0,111.75000000000024,data,ok,2.0,False,,proxy,3,0,ue1_qfi2,1.0,152,150.0,ok,ue1_qfi2,13.551,ok,4,ok,4,ue2_qfi2,0.9766556,ok,0.999988589658852,proxy,5,0.9999831415683555,47786062.4,ok,0.0025204545454545453,ok,0.6857,0.0427453125,ok,ue3_qfi1,0.4489795918367347,49,100.0,data,ok,0.0,ue3_qfi1,11.25,ok,30.4,ue1_qfi2,0,0.0,0.0,30.303,ok,33.0,,pending,,pending,,,,,1.0,,,4,,PF,35492826,,,
ue1_qfi9,7.5,14.75,16.0,16.75,ok,0.0,ok,ue1_qfi1,0,0,0,111.7499999999998,data,ok,2.0,False,,proxy,3,0,ue1_qfi2,1.0,152,150.0,ok,ue1_qfi2,14.45,ok,4,ok,4,ue2_qfi2,0.9766556,ok,0.9999882859339712,proxy,5,0.9999762412260688,47772622.4,ok,0.0023772727272727274,ok,0.8426181818181818,0.0625171875,ok,ue3_qfi1,0.5102040816326531,49,100.0,data,ok,0.0,ue1_qfi1,11.5,ok,30.4,ue1_qfi2,0,0.0,0.0,30.303,ok,33.0,,pending,,pending,,,,,1.0,,,4,,Reservation,35492826,,,
ue4_qfi9,8.25,17.5,20.75,23.25,ok,0.0,ok,ue1_qfi1,0,0,0,112.25,data,ok,2.0,False,,proxy,3,0,ue1_qfi2,1.0,152,150.0,ok,ue4_qfi2,15.543,ok,4,ok,4,ue2_qfi2,0.9766556,ok,0.9999600316673216,proxy,5,0.9999293608836113,47756702.4,ok,0.0025931818181818183,ok,0.9127602272727273,0.03560625,ok,ue2_qfi1,0.4897959183673469,49,100.0,data,ok,0.0,ue4_qfi9,15.0,ok,30.4,ue1_qfi2,0,0.0,0.0,30.303,ok,33.0,,pending,,pending,,,,,1.0,,,4,,TwoTier,35492826,,,
ue4_qfi9,5.25,12.75,14.75,16.0,ok,0.0,ok,ue4_qfi1,0,0,0,109.50000000000016,data,ok,2.0,False,,proxy,3,0,ue1_qfi2,1.0,152,150.0,ok,ue2_qfi2,13.0,ok,4,ok,4,ue3_qfi2,0.9631616,ok,0.9999580393661937,proxy,5,0.9998292057606674,47643478.4,ok,0.002375,ok,0.6835636363636364,0.0417203125,ok,ue4_qfi1,0.42857142857142855,49,100.0,data,ok,0.0,ue4_qfi9,10.75,ok,30.4,ue1_qfi2,0,0.0,0.0,30.303,ok,33.0,,pending,,pending,,,,,1.0,,,4,,PF,376383645,,,
ue4_qfi9,6.75,13.75,15.5,16.5,ok,0.0,ok,ue3_qfi1,0,0,0,199.00000000000074,data,ok,2.0,False,,proxy,3,0,ue1_qfi2,1.0,152,150.0,ok,ue2_qfi2,13.313,ok,4,ok,4,ue3_qfi2,0.9631616,ok,0.9998371443246601,proxy,5,0.999233301321488,47631321.6,ok,0.0023568181818181817,ok,0.8423659090909091,0.0611609375,ok,ue3_qfi1,0.4166666666666667,48,100.0,data,ok,0.0,ue4_qfi1,10.5,ok,30.4,ue1_qfi2,0,0.0,0.0,30.303,ok,33.0,,pending,,pending,,,,,1.0,,,4,,Reservation,376383645,,,
ue4_qfi9,8.0,16.0,20.0,25.25,ok,0.0,ok,ue4_qfi1,0,0,0,110.7499999999999,data,ok,2.0,False,,proxy,3,0,ue1_qfi2,1.0,152,150.0,ok,ue2_qfi2,15.165,ok,4,ok,4,ue3_qfi2,0.9631616,ok,0.9999252602347235,proxy,5,0.9997459964700097,47627072.0,ok,0.0026136363636363636,ok,0.9122704545454545,0.0347109375,ok,ue4_qfi1,0.46938775510204084,49,100.0,data,ok,0.0,ue4_qfi9,17.25,ok,30.4,ue1_qfi2,0,0.0,0.0,30.303,ok,33.0,,pending,,pending,,,,,1.0,,,4,,TwoTier,376383645,,,
ue1_qfi9,5.75,12.75,14.25,15.5,ok,0.0,ok,ue2_qfi1,0,0,0,108.99999999999999,data,ok,2.0,False,,proxy,3,0,ue1_qfi2,0.993421052631579,152,150.0,ok,ue4_qfi2,13.0,ok,4,ok,4,ue4_qfi2,0.9617696,ok,0.9999880776499067,proxy,5,0.9999783508098365,47707950.4,ok,0.0028886363636363636,ok,0.6992386363636364,0.0474671875,ok,ue1_qfi1,0.4897959183673469,49,100.0,data,ok,0.0,ue4_qfi1,11.0,ok,30.2,ue1_qfi2,1,66.0,66.0,30.303,ok,33.0,,pending,,pending,,,,,1.0,,,4,,PF,1746484539,,,
ue2_qfi9,7.0,13.75,15.5,16.25,ok,0.0,ok,ue4_qfi1,0,0,0,111.00000000000021,data,ok,2.0,False,,proxy,3,0,ue1_qfi2,1.0,152,150.0,ok,ue4_qfi2,13.979,ok,4,ok,4,ue4_qfi2,0.9625315999999999,ok,0.9999877020058097,proxy,5,0.9999752726520871,47705148.8,ok,0.002597727272727273,ok,0.850384090909091,0.0703875,ok,ue1_qfi1,0.4897959183673469,49,100.0,data,ok,0.0,ue1_qfi1,10.25,ok,30.4,ue1_qfi2,0,0.0,0.0,30.303,ok,33.0,,pending,,pending,,,,,1.0,,,4,,Reservation,1746484539,,,
ue4_qfi9,8.25,16.5,18.5,21.25,ok,0.0,ok,ue4_qfi1,0,0,0,109.50000000000016,data,ok,2.0,False,,proxy,3,0,ue2_qfi2,0.993421052631579,152,150.0,ok,ue4_qfi2,15.948,ok,4,ok,4,ue4_qfi2,0.9625315999999999,ok,0.9999672057251988,proxy,5,0.9999366318765007,47685262.4,ok,0.0027454545454545453,ok,0.9135113636363636,0.03925625,ok,ue4_qfi1,0.46938775510204084,49,100.0,data,ok,0.0,ue4_qfi9,13.0,ok,30.2,ue2_qfi2,1,66.25,66.25,30.303,ok,33.0,,pending,,pending,,,,,1.0,,,4,,TwoTier,1746484539,,,
ue2_qfi9,6.5,14.0,16.0,17.5,ok,0.0,ok,ue1_qfi1,0,0,0,112.25,data,ok,2.0,False,,proxy,3,0,ue1_qfi2,1.0,152,150.0,ok,ue2_qfi2,13.881,ok,4,ok,4,ue2_qfi2,0.9609411999999999,ok,0.9999763940801166,proxy,5,0.9999527972923983,55617819.2,ok,0.0024727272727272727,ok,0.7661386363636363,0.040196875,ok,ue3_qfi1,0.42857142857142855,49,100.0,data,ok,0.0,ue1_qfi1,12.0,ok,30.4,ue1_qfi2,0,0.0,0.0,30.303,ok,33.0,,pending,,pending,,,,,1.25,,,4,,PF,1826701614,,,
ue3_qfi9,7.75,15.5,18.25,20.0,ok,0.0,ok,ue1_qfi1,0,0,0,107.25000000000007,data,ok,2.0,False,,proxy,3,0,ue3_qfi2,0.993421052631579,152,150.0,ok,ue1_qfi2,13.107,ok,4,ok,4,ue2_qfi2,0.9609411999999999,ok,0.999985791957644,proxy,5,0.999967366131993,55591345.6,ok,0.0023136363636363636,ok,0.8880522727272727,0.0632109375,ok,ue2_qfi1,0.42857142857142855,49,100.0,data,ok,0.0,ue3_qfi9,12.25,ok,30.2,ue3_qfi2,1,67.5,67.5,30.303,ok,33.0,,pending,,pending,,,,,1.25,,,4,,Reservation,1826701614,,,
ue3_qfi9,10.0,25.5,32.0,39.0,ok,0.0,ok,ue1_qfi1,0,0,0,111.25,data,ok,2.0,False,,proxy,3,0,ue1_qfi2,1.0,152,150.0,ok,ue4_qfi2,17.042,ok,4,ok,4,ue2_qfi2,0.9609411999999999,ok,0.9999575393376086,proxy,5,0.999886991443727,55567052.8,ok,0.0027704545454545456,ok,0.9229738636363637,0.0330734375,ok,ue3_qfi1,0.5102040816326531,49,100.0,data,ok,0.0,ue3_qfi9,29.0,ok,30.4,ue1_qfi2,0,0.0,0.0,30.303,ok,33.0,,pending,,pending,,,,,1.25,,,4,,TwoTier,1826701614,,,
ue4_qfi9,8.0,16.0,17.5,18.5,ok,0.0,ok,ue4_qfi1,0,0,0,110.7499999999999,data,ok,2.0,False,,proxy,3,0,ue1_qfi2,1.0,152,150.0,ok,ue4_qfi2,14.945,ok,4,ok,4,ue3_qfi2,0.9513684,ok,0.9999907322435378,proxy,5,0.999982694686906,55572588.8,ok,0.002756818181818182,ok,0.7974397727272727,0.04439375,ok,ue4_qfi1,0.4489795918367347,49,100.0,data,ok,0.0,ue3_qfi1,12.25,ok,30.4,ue1_qfi2,0,0.0,0.0,30.303,ok,33.0,,pending,,pending,,,,,1.25,,,4,,PF,1367864806,,,
ue4_qfi9,10.25,18.0,19.5,21.0,ok,0.0,ok,ue4_qfi1,0,0,0,112.24999999999996,data,ok,2.0,False,,proxy,3,0,ue1_qfi2,1.0,152,150.0,ok,ue4_qfi2,14.037,ok,4,ok,4,ue3_qfi2,0.9513684,ok,0.9999902368985832,proxy,5,0.9999772999084684,55576408.0,ok,0.002231818181818182,ok,0.9018318181818182,0.0716203125,ok,ue1_qfi1,0.4897959183673469,49,100.0,data,ok,0.0,ue1_qfi9,11.75,ok,30.4,ue1_qfi2,0,0.0,0.0,30.303,ok,33.0,,pending,,pending,,,,,1.25,,,4,,Reservation,1367864806,,,
ue4_qfi9,14.25,29.75,34.75,37.75,ok,0.0,ok,ue4_qfi1,0,0,0,112.99999999999999,data,ok,2.0,False,,proxy,3,0,ue1_qfi2,1.0,152,150.0,ok,ue3_qfi2,15.863,ok,4,ok,4,ue3_qfi2,0.9513684,ok,0.9999645311255471,proxy,5,0.9999389772657765,55533563.2,ok,0.0027386363636363637,ok,0.9292477272727273,0.03654375,ok,ue3_qfi1,0.46938775510204084,49,100.0,data,ok,0.0,ue4_qfi9,23.5,ok,30.4,ue1_qfi2,0,0.0,0.0,30.303,ok,33.0,,pending,,pending,,,,,1.25,,,4,,TwoTier,1367864806,,,
ue2_qfi9,6.75,16.25,19.5,24.0,ok,0.0,ok,ue3_qfi1,0,0,0,109.24999999999984,data,ok,2.0,False,,proxy,3,0,ue1_qfi2,1.0,152,150.0,ok,ue2_qfi2,15.664,ok,4,ok,4,ue3_qfi2,0.9716072,ok,0.9999567651674027,proxy,5,0.999915583452096,55711456.0,ok,0.002811363636363636,ok,0.8340102272727272,0.0493734375,ok,ue2_qfi1,0.46938775510204084,49,100.0,data,ok,0.0,ue4_qfi9,17.75,ok,30.4,ue1_qfi2,0,0.0,0.0,30.303,ok,33.0,,pending,,pending,,,,,1.25,,,4,,PF,1097657231,,,
ue2_qfi9,10.0,54.0,57.5,59.75,ok,0.0,ok,ue4_qfi1,0,0,0,110.75,data,ok,2.0,False,,proxy,3,0,ue1_qfi2,1.0,152,150.0,ok,ue2_qfi2,13.589,ok,4,ok,4,ue3_qfi2,0.9716072,ok,0.9999181899691507,proxy,5,0.9998102084055082,55700113.6,ok,0.002584090909090909,ok,0.9150045454545455,0.07955625,ok,ue1_qfi1,0.4489795918367347,49,100.0,data,ok,0.0,ue2_qfi9,49.75,ok,30.4,ue1_qfi2,0,0.0,0.0,30.303,ok,33.0,,pending,,pending,,,,,1.25,,,4,,Reservation,1097657231,,,
ue2_qfi9,14.0,34.5,41.75,46.75,ok,0.0,ok,ue3_qfi1,0,0,0,112.0,data,ok,2.0,False,,proxy,3,0,ue1_qfi2,1.0,152,150.0,ok,ue2_qfi2,18.503,ok,4,ok,4,ue3_qfi2,0.9716072,ok,0.9998992017382028,proxy,5,0.9997495113273154,55662832.0,ok,0.0027318181818181816,ok,0.9299965909090909,0.0394296875,ok,ue2_qfi1,0.40816326530612246,49,100.0,data,ok,0.0,ue2_qfi9,32.75,ok,30.4,ue1_qfi2,0,0.0,0.0,30.303,ok,33.0,,pending,,pending,,,,,1.25,,,4,,TwoTier,1097657231,,,
ue1_qfi9,7.25,16.75,19.0,20.5,ok,0.0,ok,ue1_qfi1,0,0,0,116.49999999999983,data,ok,2.0,False,,proxy,3,0,ue1_qfi2,1.0,152,150.0,ok,ue1_qfi2,16.393,ok,4,ok,4,ue4_qfi2,0.9737756,ok,0.99997210178062,proxy,5,0.9999613250339711,55772417.6,ok,0.002881818181818182,ok,0.8118602272727272,0.0461984375,ok,ue2_qfi1,0.46938775510204084,49,100.0,data,ok,0.0,ue1_qfi1,16.25,ok,30.4,ue1_qfi2,0,0.0,0.0,30.303,ok,33.0,,pending,,pending,,,,,1.25,,,4,,PF,579362555,,,
ue1_qfi9,10.25,18.75,21.5,23.0,ok,0.0,ok,ue1_qfi1,0,0,0,111.25,data,ok,2.0,False,,proxy,3,0,ue1_qfi2,1.0,152,150.0,ok,ue1_qfi2,13.54,ok,4,ok,4,ue4_qfi2,0.9737756,ok,0.999973139182568,proxy,5,0.9999525504039175,55746246.4,ok,0.002734090909090909,ok,0.9125954545454545,0.0726484375,ok,ue4_qfi1,0.5102040816326531,49,100.0,data,ok,0.0,ue1_qfi9,12.75,ok,30.4,ue1_qfi2,0,0.0,0.0,30.303,ok,33.0,,pending,,pending,,,,,1.25,,,4,,Reservation,579362555,,,
ue4_qfi9,12.75,35.25,40.0,43.0,ok,0.0,ok,ue1_qfi1,0,0,0,118.00000000000033,data,ok,2.0,False,,proxy,3,0,ue1_qfi2,1.0,152,150.0,ok,ue1_qfi2,17.224,ok,4,ok,4,ue4_qfi2,0.9737756,ok,0.9999626153611784,proxy,5,0.9999303139245931,55714075.2,ok,0.003,ok,0.9302965909090909,0.036853125,ok,ue3_qfi1,0.4489795918367347,49,100.0,data,ok,0.0,ue4_qfi9,30.25,ok,30.4,ue1_qfi2,0,0.0,0.0,30.303,ok,33.0,,pending,,pending,,,,,1.25,,,4,,TwoTier,579362555,,,
ue2_qfi9,6.25,14.0,16.25,17.75,ok,0.0,ok,ue1_qfi1,0,0,0,108.99999999999999,data,ok,2.0,False,,proxy,3,0,ue1_qfi2,1.0,152,150.0,ok,ue2_qfi2,13.399,ok,4,ok,4,ue3_qfi2,0.9682368,ok,0.9999925079878185,proxy,5,0.9999835102951513,55713315.2,ok,0.0024886363636363634,ok,0.7599727272727272,0.0376890625,ok,ue4_qfi1,0.46938775510204084,49,100.0,data,ok,0.0,ue2_qfi9,11.5,ok,30.4,ue1_qfi2,0,0.0,0.0,30.303,ok,33.0,,pending,,pending,,,,,1.25,,,4,,PF,661058651,,,
ue2_qfi9,8.25,16.75,18.5,19.5,ok,0.0,ok,ue1_qfi1,0,0,0,111.25,data,ok,2.0,False,,proxy,3,0,ue1_qfi2,1.0,152,150.0,ok,ue2_qfi2,13.465,ok,4,ok,4,ue3_qfi2,0.9682368,ok,0.999989376201655,proxy,5,0.9999822814222753,55688942.400000006,ok,0.002522727272727273,ok,0.8851204545454545,0.058925,ok,ue4_qfi1,0.4489795918367347,49,100.0,data,ok,0.0,ue2_qfi9,11.25,ok,30.4,ue1_qfi2,0,0.0,0.0,30.303,ok,33.0,,pending,,pending,,,,,1.25,,,4,,Reservation,661058651,,,
ue2_qfi9,9.5,32.25,42.25,46.5,ok,0.0,ok,ue4_qfi1,0,0,0,111.7499999999998,data,ok,2.0,False,,proxy,3,0,ue4_qfi2,0.993421052631579,152,150.0,ok,ue3_qfi2,17.095,ok,4,ok,4,ue3_qfi2,0.9682368,ok,0.999956604407541,proxy,5,0.9999394516005646,55660433.6,ok,0.002690909090909091,ok,0.9249090909090909,0.0309234375,ok,ue1_qfi1,0.46938775510204084,49,100.0,data,ok,0.0,ue2_qfi9,37.0,ok,30.4,ue1_qfi2,0,0.0,0.0,30.303,ok,33.0,,pending,,pending,,,,,1.25,,,4,,TwoTier,661058651,,,
ue2_qfi9,6.75,14.5,16.5,17.75,ok,0.0,ok,ue1_qfi1,0,0,0,108.75000000000013,data,ok,2.0,False,,proxy,3,0,ue1_qfi2,0.993421052631579,152,150.0,ok,ue3_qfi2,14.0,ok,4,ok,4,ue2_qfi2,0.9615596,ok,0.9999837907798159,proxy,5,0.999971277263821,55676470.4,ok,0.0024386363636363637,ok,0.7707875,0.039740625,ok,ue1_qfi1,0.42857142857142855,49,100.0,data,ok,0.0,ue3_qfi1,12.75,ok,30.2,ue1_qfi2,0,0.0,0.0,30.303,ok,33.0,,pending,,pending,,,,,1.25,,,4,,PF,87989972,,,
ue2_qfi9,8.5,19.25,24.25,27.0,ok,0.0,ok,ue2_qfi1,0,0,0,197.24999999999991,data,ok,2.0,False,,proxy,3,0,ue4_qfi2,0.993421052631579,152,150.0,ok,ue3_qfi2,13.5,ok,4,ok,4,ue2_qfi2,0.9614444,ok,0.9998735797845217,proxy,5,0.9994158669756474,55616142.4,ok,0.002,ok,0.8914204545454546,0.0619125,ok,ue2_qfi1,0.4375,48,100.0,data,ok,0.0,ue2_qfi9,18.5,ok,30.4,ue1_qfi2,0,0.0,0.0,30.303,ok,33.0,,pending,,pending,,,,,1.25,,,4,,Reservation,87989972,,,
ue3_qfi9,10.0,22.5,27.75,32.25,ok,0.0,ok,ue2_qfi1,0,0,0,110.7499999999999,data,ok,2.0,False,,proxy,3,0,ue1_qfi2,1.0,152,150.0,ok,ue3_qfi2,17.206,ok,4,ok,4,ue2_qfi2,0.9615596,ok,0.9999325596397218,proxy,5,0.9998944835465831,55605982.4,ok,0.002256818181818182,ok,0.9262568181818182,0.0328140625,ok,ue1_qfi1,0.4897959183673469,49,100.0,data,ok,0.0,ue1_qfi9,22.75,ok,30.4,ue1_qfi2,0,0.0,0.0,30.303,ok,33.0,,pending,,pending,,,,,1.25,,,4,,TwoTier,87989972,,,
ue1_qfi9,6.5,14.5,17.0,18.75,ok,0.0,ok,ue3_qfi1,0,0,0,112.49999999999983,data,ok,2.0,False,,proxy,3,0,ue4_qfi2,0.993421052631579,152,150.0,ok,ue1_qfi2,14.726,ok,4,ok,4,ue3_qfi2,0.9600896,ok,0.9999886742342928,proxy,5,0.9999822526820903,55560584.0,ok,0.002140909090909091,ok,0.788409090909091,0.044603125,ok,ue2_qfi1,0.46938775510204084,49,100.0,data,ok,0.0,ue1_qfi1,12.5,ok,30.4,ue1_qfi2,0,0.0,0.0,30.303,ok,33.0,,pending,,pending,,,,,1.25,,,4,,PF,161576974,,,
ue4_qfi9,7.25,16.0,19.75,21.75,ok,0.0,ok,ue4_qfi1,0,0,0,112.75000000000013,data,ok,2.0,False,,proxy,3,0,ue1_qfi2,1.0,152,150.0,ok,ue2_qfi2,13.563,ok,4,ok,4,ue3_qfi2,0.9600896,ok,0.9999850184262721,proxy,5,0.9999735179536495,55576873.6,ok,0.0022840909090909092,ok,0.9007784090909091,0.07029375,ok,ue1_qfi1,0.42857142857142855,49,100.0,data,ok,0.0,ue4_qfi9,14.5,ok,30.4,ue1_qfi2,0,0.0,0.0,30.303,ok,33.0,,pending,,pending,,,,,1.25,,,4,,Reservation,161576974,,,
ue4_qfi9,9.5,32.5,40.5,44.75,ok,0.0,ok,ue1_qfi1,0,0,0,111.0,data,ok,2.0,False,,proxy,3,0,ue1_qfi2,1.0,152,150.0,ok,ue3_qfi2,17.226,ok,4,ok,4,ue3_qfi2,0.9600896,ok,0.9999451021529688,proxy,5,0.999884989960753,55476248.0,ok,0.002525,ok,0.9294068181818181,0.0363328125,ok,ue1_qfi1,0.4897959183673469,49,100.0,data,ok,0.0,ue4_qfi9,35.25,ok,30.4,ue1_qfi2,0,0.0,0.0,30.303,ok,33.0,,pending,,pending,,,,,1.25,,,4,,TwoTier,161576974,,,
ue4_qfi9,7.0,16.75,24.0,27.25,ok,0.0,ok,ue4_qfi1,0,0,0,110.50000000000004,data,ok,2.0,False,,proxy,3,0,ue1_qfi2,1.0,152,150.0,ok,ue4_qfi2,15.874,ok,4,ok,4,ue4_qfi2,0.96547,ok,0.9999872819065597,proxy,5,0.999976314725048,55666756.8,ok,0.0029,ok,0.8220170454545455,0.047725,ok,ue1_qfi1,0.46938775510204084,49,100.0,data,ok,0.0,ue4_qfi9,20.25,ok,30.4,ue1_qfi2,0,0.0,0.0,30.303,ok,33.0,,pending,,pending,,,,,1.25,,,4,,PF,35492826,,,
ue4_qfi9,9.75,50.75,61.25,66.25,ok,0.0,ok,ue3_qfi1,0,0,0,110.4999999999996,data,ok,2.0,False,,proxy,3,0,ue4_qfi2,0.993421052631579,152,150.0,ok,ue4_qfi2,14.121,ok,4,ok,4,ue4_qfi2,0.9643151999999999,ok,0.9998499984457379,proxy,5,0.9995541417761892,55627729.6,ok,0.002490909090909091,ok,0.9087113636363636,0.0773515625,ok,ue2_qfi1,0.46938775510204084,49,100.0,data,ok,0.0,ue4_qfi9,56.5,ok,30.4,ue1_qfi2,0,0.0,0.0,30.303,ok,33.0,,pending,,pending,,,,,1.25,,,4,,Reservation,35492826,,,
ue4_qfi9,11.25,38.25,45.5,49.0,ok,0.0,ok,ue2_qfi1,0,0,0,204.00000000000017,data,ok,2.0,False,,proxy,3,0,ue1_qfi2,1.0,152,150.0,ok,ue2_qfi2,19.006,ok,4,ok,4,ue4_qfi2,0.96547,ok,0.9998080987364849,proxy,5,0.9993576496989128,55560374.4,ok,0.0031272727272727272,ok,0.9322863636363636,0.0389125,ok,ue2_qfi1,0.4166666666666667,48,100.0,data,ok,0.0,ue4_qfi9,37.75,ok,30.4,ue1_qfi2,0,0.0,0.0,30.303,ok,33.0,,pending,,pending,,,,,1.25,,,4,,TwoTier,35492826,,,
ue2_qfi9,6.25,14.5,17.0,18.75,ok,0.0,ok,ue3_qfi1,0,0,0,115.75000000000024,data,ok,2.0,False,,proxy,3,0,ue1_qfi2,1.0,152,150.0,ok,ue2_qfi2,14.622,ok,4,ok,4,ue4_qfi2,0.972664,ok,0.9999612840176976,proxy,5,0.9998367154704504,55734768.0,ok,0.00235,ok,0.7798420454545455,0.045253125,ok,ue4_qfi1,0.46938775510204084,49,100.0,data,ok,0.0,ue3_qfi1,15.25,ok,30.4,ue1_qfi2,0,0.0,0.0,30.303,ok,33.0,,pending,,pending,,,,,1.25,,,4,,PF,376383645,,,
ue1_qfi9,8.25,15.25,17.0,18.0,ok,0.0,ok,ue4_qfi1,0,0,0,112.75000000000013,data,ok,2.0,False,,proxy,3,0,ue1_qfi2,1.0,152,150.0,ok,ue4_qfi2,13.232,ok,4,ok,4,ue4_qfi2,0.972664,ok,0.9999893751233092,proxy,5,0.9999832187655943,55718992.0,ok,0.0022840909090909092,ok,0.9008943181818182,0.0692984375,ok,ue1_qfi1,0.4489795918367347,49,100.0,data,ok,0.0,ue4_qfi1,12.5,ok,30.4,ue1_qfi2,0,0.0,0.0,30.303,ok,33.0,,pending,,pending,,,,,1.25,,,4,,Reservation,376383645,,,
ue2_qfi9,9.75,22.25,28.75,33.5,ok,0.0,ok,ue1_qfi1,0,0,0,110.99999999999977,data,ok,2.0,False,,proxy,3,0,ue1_qfi2,1.0,152,150.0,ok,ue2_qfi2,18.773,ok,4,ok,4,ue4_qfi2,0.972662,ok,0.9999698116068221,proxy,5,0.9999365595293208,55653907.199999996,ok,0.0030204545454545454,ok,0.9298397727272727,0.0364125,ok,ue4_qfi1,0.4489795918367347,49,100.0,data,ok,0.0,ue2_qfi9,23.75,ok,30.4,ue1_qfi2,0,0.0,0.0,30.303,ok,33.0,,pending,,pending,,,,,1.25,,,4,,TwoTier,376383645,,,
ue4_qfi9,6.5,15.0,17.5,20.0,ok,0.0,ok,ue1_qfi1,0,0,0,114.50000000000004,data,ok,2.0,False,,proxy,3,0,ue1_qfi2,1.0,152,150.0,ok,ue4_qfi2,14.447,ok,4,ok,4,ue2_qfi2,0.9578296,ok,0.9999910387663252,proxy,5,0.9999827617213216,55626392.0,ok,0.0025522727272727272,ok,0.779325,0.043446875,ok,ue2_qfi1,0.40816326530612246,49,100.0,data,ok,0.0,ue1_qfi1,15.25,ok,30.4,ue1_qfi2,0,0.0,0.0,30.303,ok,33.0,,pending,,pending,,,,,1.25,,,4,,PF,1746484539,,,
ue4_qfi9,8.75,16.25,18.75,19.75,ok,0.0,ok,ue1_qfi1,0,0,0,112.75000000000013,data,ok,2.0,False,,proxy,3,0,ue1_qfi2,1.0,152,150.0,ok,ue4_qfi2,13.405,ok,4,ok,4,ue2_qfi2,0.9578296,ok,0.9999679587845961,proxy,5,0.9999351738414177,55618868.8,ok,0.0023636363636363638,ok,0.8954306818181819,0.067125,ok,ue1_qfi1,0.4489795918367347,49,100.0,data,ok,0.0,ue1_qfi1,12.5,ok,30.4,ue1_qfi2,0,0.0,0.0,30.303,ok,33.0,,pending,,pending,,,,,1.25,,,4,,Reservation,1746484539,,,
ue4_qfi9,10.0,24.5,34.0,37.75,ok,0.0,ok,ue1_qfi1,0,0,0,111.25000000000007,data,ok,2.0,False,,proxy,3,0,ue1_qfi2,1.0,152,150.0,ok,ue2_qfi2,16.232,ok,4,ok,4,ue2_qfi2,0.9578296,ok,0.9999736209630006,proxy,5,0.9999666858858869,55574291.199999996,ok,0.0030477272727272727,ok,0.9306409090909091,0.0353515625,ok,ue2_qfi1,0.4489795918367347,49,100.0,data,ok,0.0,ue4_qfi9,27.75,ok,30.4,ue1_qfi2,0,0.0,0.0,30.303,ok,33.0,,pending,,pending,,,,,1.25,,,4,,TwoTier,1746484539,,,
ue2_qfi9,292.75,299.75,300.0,300.25,ok,0.074482549026218,ok,ue3_qfi1,0,0,0,113.2500000000003,data,ok,2.0,False,,proxy,3,0,ue1_qfi2,1.0,152,150.0,ok,ue3_qfi2,12.334,ok,3,ok,4,ue4_qfi2,0.9467004,ok,0.9942571988667785,proxy,5,0.992561916873644,70916875.2,ok,0.0026113636363636365,ok,0.9307852272727273,0.0325859375,ok,ue2_qfi1,0.4897959183673469,49,100.0,data,ok,0.0,ue1_qfi9,91.75,ok,30.4,ue1_qfi2,0,0.0,0.0,30.303,ok,33.0,,pending,,pending,,,,,2.0,,,4,,PF,1826701614,,,
ue4_qfi9,243.0,300.0,300.0,300.25,ok,0.08916333924811112,ok,ue1_qfi1,0,0,0,111.75000000000024,data,ok,2.0,False,,proxy,3,0,ue1_qfi2,0.993421052631579,152,150.0,ok,ue4_qfi2,12.568,ok,3,ok,4,ue4_qfi2,0.9467004,ok,0.9939822166002468,proxy,5,0.9921542986861375,70387073.60000001,ok,0.002022727272727273,ok,0.9323704545454545,0.0706015625,ok,ue3_qfi1,0.4489795918367347,49,100.0,data,ok,0.0,ue1_qfi9,60.5,ok,30.2,ue1_qfi2,0,0.0,0.0,30.303,ok,33.0,,pending,,pending,,,,,2.0,,,4,,Reservation,1826701614,,,
ue4_qfi9,206.75,300.0,300.0,300.25,ok,0.09114631444808513,ok,ue1_qfi1,0,0,0,113.99999999999989,data,ok,2.0,False,,proxy,3,0,ue1_qfi2,1.0,152,150.0,ok,ue4_qfi2,17.519,ok,3,ok,4,ue4_qfi2,0.9467004,ok,0.9911894377509064,proxy,5,0.9881478546301218,70422528.0,ok,0.0027409090909090907,ok,0.9306931818181818,0.0322625,ok,ue1_qfi1,0.42857142857142855,49,100.0,data,ok,0.0,ue3_qfi9,112.0,ok,30.4,ue4_qfi2,3,83.5,237.25,30.303,ok,33.0,,pending,,pending,,,,,2.0,,,4,,TwoTier,1826701614,,,
ue4_qfi9,297.25,299.75,300.0,300.25,ok,0.14293753047169194,ok,ue1_qfi1,0,0,0,108.99999999999999,data,ok,2.0,False,,proxy,3,0,ue1_qfi2,1.0,152,150.0,ok,ue1_qfi2,14.447,ok,4,ok,4,ue2_qfi2,0.959404,ok,0.9900108333356658,proxy,5,0.987605930873678,66531203.199999996,ok,0.003031818181818182,ok,0.9312431818181818,0.037090625,ok,ue2_qfi1,0.40816326530612246,49,100.0,data,ok,0.0,ue1_qfi2,11.856000000000002,ok,30.4,ue1_qfi2,0,0.0,0.0,30.303,ok,33.0,,pending,,pending,,,,,2.0,,,4,,PF,1367864806,,,
ue4_qfi9,297.0,300.0,300.25,300.25,ok,0.15843758680994188,ok,ue4_qfi1,0,0,0,112.50000000000027,data,ok,2.0,False,,proxy,3,0,ue1_qfi2,1.0,152,150.0,ok,ue2_qfi2,13.975,ok,4,ok,4,ue2_qfi2,0.959404,ok,0.9896687649252499,proxy,5,0.9874841391899871,66173680.0,ok,0.0021704545454545453,ok,0.9350238636363636,0.08056875,ok,ue2_qfi1,0.42857142857142855,49,100.0,data,ok,0.0,ue4_qfi1,12.0,ok,30.4,ue1_qfi2,0,0.0,0.0,30.303,ok,33.0,,pending,,pending,,,,,2.0,,,4,,Reservation,1367864806,,,
ue1_qfi9,298.75,300.0,300.25,300.25,ok,0.13670673249435927,ok,ue1_qfi1,0,0,0,116.75000000000013,data,ok,2.0,False,,proxy,3,0,ue1_qfi2,1.0,152,150.0,ok,ue1_qfi2,23.558,ok,4,ok,4,ue2_qfi2,0.959404,ok,0.9796867230813311,proxy,5,0.9599139134606536,66729992.0,ok,0.0026636363636363637,ok,0.9314556818181818,0.0362765625,ok,ue2_qfi1,0.5102040816326531,49,100.0,data,ok,0.0,ue4_qfi9,86.75,ok,30.4,ue2_qfi2,1,101.0,101.0,30.303,ok,33.0,,pending,,pending,,,,,2.0,,,4,,TwoTier,1367864806,,,
ue4_qfi9,298.75,300.0,300.25,300.25,ok,0.17393198200443655,ok,ue3_qfi1,0,0,0,115.49999999999994,data,ok,2.0,False,,proxy,3,0,ue1_qfi2,1.0,152,150.0,ok,ue4_qfi2,15.312,ok,4,ok,4,ue1_qfi2,0.970712,ok,0.9856404366816627,proxy,5,0.983285606379341,64722715.2,ok,0.002661363636363636,ok,0.931440909090909,0.03753125,ok,ue2_qfi1,0.5306122448979592,49,100.0,data,ok,0.0,ue2_qfi9,85.5,ok,30.4,ue1_qfi2,0,0.0,0.0,30.303,ok,33.0,,pending,,pending,,,,,2.0,,,4,,PF,1097657231,,,
ue4_qfi9,298.75,300.25,300.25,300.25,ok,0.19341062444317852,ok,ue3_qfi1,0,0,0,112.74999999999969,data,ok,2.0,False,,proxy,3,0,ue2_qfi2,0.993421052631579,152,150.0,ok,ue4_qfi2,14.548,ok,4,ok,4,ue1_qfi2,0.970712,ok,0.9851987853833905,proxy,5,0.9816994342461854,64221801.6,ok,0.002222727272727273,ok,0.9323431818181818,0.0814921875,ok,ue3_qfi1,0.5102040816326531,49,100.0,data,ok,0.0,ue4_qfi1,13.5,ok,30.2,ue2_qfi2,1,66.75,66.75,30.303,ok,33.0,,pending,,pending,,,,,2.0,,,4,,Reservation,1097657231,,,
ue4_qfi9,293.5,300.0,300.25,300.25,ok,0.17429435581409983,ok,ue3_qfi1,0,0,0,121.99999999999989,data,ok,2.0,False,,proxy,3,0,ue1_qfi2,1.0,152,150.0,ok,ue2_qfi2,25.778,ok,4,ok,4,ue1_qfi2,0.970712,ok,0.9774064513573917,proxy,5,0.9690864385976797,64855443.2,ok,0.003068181818181818,ok,0.9318352272727273,0.036834375,ok,ue1_qfi1,0.46938775510204084,49,100.0,data,ok,0.0,ue2_qfi9,154.0,ok,30.4,ue2_qfi2,5,88.25,387.75,30.303,ok,33.0,,pending,,pending,,,,,2.0,,,4,,TwoTier,1097657231,,,
ue2_qfi9,298.0,300.0,300.25,300.25,ok,0.11627521396875855,ok,ue1_qfi1,0,0,0,112.25,data,ok,2.0,False,,proxy,3,0,ue1_qfi2,1.0,152,150.0,ok,ue2_qfi2,13.646,ok,4,ok,4,ue3_qfi2,0.9654944,ok,0.9906844537848917,proxy,5,0.9860745032309126,68530852.8,ok,0.002638636363636364,ok,0.9311602272727273,0.0347703125,ok,ue1_qfi1,0.4897959183673469,49,100.0,data,ok,0.0,ue1_qfi9,59.5,ok,30.4,ue1_qfi2,0,0.0,0.0,30.303,ok,33.0,,pending,,pending,,,,,2.0,,,4,,PF,579362555,,,
ue4_qfi9,294.75,299.75,300.0,300.25,ok,0.1330516756069555,ok,ue2_qfi1,0,0,0,115.00000000000021,data,ok,2.0,False,,proxy,3,0,ue1_qfi2,1.0,152,150.0,ok,ue3_qfi2,14.178,ok,4,ok,4,ue3_qfi2,0.9654944,ok,0.9903433139446489,proxy,5,0.9847201484571766,67946300.8,ok,0.0023045454545454545,ok,0.9319977272727272,0.0755640625,ok,ue3_qfi1,0.46938775510204084,49,100.0,data,ok,0.0,ue1_qfi9,37.5,ok,30.4,ue1_qfi2,0,0.0,0.0,30.303,ok,33.0,,pending,,pending,,,,,2.0,,,4,,Reservation,579362555,,,
ue2_qfi9,295.75,300.0,300.25,300.25,ok,0.12527712576071126,ok,ue2_qfi1,0,0,0,152.00000000000014,data,ok,2.0,False,,proxy,3,0,ue1_qfi2,1.0,152,150.0,ok,ue2_qfi2,17.896,ok,4,ok,4,ue3_qfi2,0.9654944,ok,0.9840868979773274,proxy,5,0.9792095496650074,68488665.6,ok,0.0026545454545454546,ok,0.9316897727272727,0.03398125,ok,ue1_qfi1,0.4897959183673469,49,100.0,data,ok,0.0,ue3_qfi9,129.0,ok,30.4,ue3_qfi2,3,98.25,265.75,30.303,ok,33.0,,pending,,pending,,,,,2.0,,,4,,TwoTier,579362555,,,
ue4_qfi9,297.75,300.0,300.0,300.25,ok,0.09846555430235744,ok,ue1_qfi1,0,0,0,120.24999999999997,data,ok,2.0,False,,proxy,3,0,ue1_qfi2,1.0,152,150.0,ok,ue1_qfi2,14.409,ok,4,ok,4,ue2_qfi2,0.966516,ok,0.9924956296970638,proxy,5,0.9888897667462301,70028388.8,ok,0.0023386363636363635,ok,0.9321704545454546,0.0334453125,ok,ue1_qfi1,0.46938775510204084,49,100.0,data,ok,0.0,ue3_qfi9,61.25,ok,30.4,ue1_qfi2,0,0.0,0.0,30.303,ok,33.0,,pending,,pending,,,,,2.0,,,4,,PF,661058651,,,
ue4_qfi9,297.5,300.0,300.25,300.25,ok,0.11157760623488372,ok,ue1_qfi1,0,0,0,112.75000000000013,data,ok,2.0,False,,proxy,3,0,ue1_qfi2,1.0,152,150.0,ok,ue1_qfi2,13.534,ok,4,ok,4,ue2_qfi2,0.966516,ok,0.9923276055209771,proxy,5,0.9892037828224285,69645900.8,ok,0.0020931818181818183,ok,0.9338681818181818,0.072325,ok,ue2_qfi1,0.40816326530612246,49,100.0,data,ok,0.0,ue3_qfi9,54.5,ok,30.4,ue1_qfi2,0,0.0,0.0,30.303,ok,33.0,,pending,,pending,,,,,2.0,,,4,,Reservation,661058651,,,
ue4_qfi9,287.75,300.0,300.0,300.25,ok,0.10901592572537985,ok,ue1_qfi1,0,0,0,112.99999999999999,data,ok,2.0,False,,proxy,3,0,ue1_qfi2,1.0,152,150.0,ok,ue3_qfi2,20.536,ok,4,ok,4,ue2_qfi2,0.966516,ok,0.9887104238479412,proxy,5,0.9855456137476061,69628345.6,ok,0.0027431818181818182,ok,0.9321772727272727,0.033053125,ok,ue1_qfi1,0.46938775510204084,49,100.0,data,ok,0.0,ue3_qfi9,136.25,ok,30.4,ue3_qfi2,5,96.5,390.25,30.303,ok,33.0,,pending,,pending,,,,,2.0,,,4,,TwoTier,661058651,,,
ue4_qfi9,113.75,299.5,300.0,300.25,ok,0.12971961673078067,ok,ue3_qfi1,0,0,0,112.0,data,ok,2.0,False,,proxy,3,0,ue2_qfi2,0.993421052631579,152,150.0,ok,ue2_qfi2,15.021,ok,4,ok,4,ue3_qfi2,0.9634744000000001,ok,0.9892081501416754,proxy,5,0.9811220069242733,67315054.4,ok,0.003227272727272727,ok,0.9322011363636363,0.0363375,ok,ue4_qfi1,0.46938775510204084,49,100.0,data,ok,0.0,ue4_qfi9,186.5,ok,30.2,ue2_qfi2,1,66.75,66.75,30.303,ok,33.0,,pending,,pending,,,,,2.0,,,4,,PF,87989972,,,
ue4_qfi9,168.0,300.0,300.25,300.25,ok,0.15239513601266175,ok,ue4_qfi1,0,0,0,117.24999999999986,data,ok,2.0,False,,proxy,3,0,ue1_qfi2,1.0,152,150.0,ok,ue2_qfi2,13.653,ok,4,ok,4,ue3_qfi2,0.9634744000000001,ok,0.9888662214962591,proxy,5,0.9831859931927319,66652694.4,ok,0.00215,ok,0.9323227272727272,0.078871875,ok,ue4_qfi1,0.42857142857142855,49,100.0,data,ok,0.0,ue4_qfi9,132.25,ok,30.4,ue1_qfi2,0,0.0,0.0,30.303,ok,33.0,,pending,,pending,,,,,2.0,,,4,,Reservation,87989972,,,
ue2_qfi9,296.75,300.0,300.25,300.25,ok,0.13558060639901945,ok,ue2_qfi1,0,0,0,200.99999999999994,data,ok,2.0,False,,proxy,3,0,ue4_qfi2,0.993421052631579,152,150.0,ok,ue2_qfi2,20.481,ok,4,ok,4,ue3_qfi2,0.9634744000000001,ok,0.9827858402662704,proxy,5,0.9677673791620989,67144227.2,ok,0.0027,ok,0.9328352272727273,0.0358984375,ok,ue2_qfi1,0.4375,48,100.0,data,ok,0.0,ue4_qfi9,146.0,ok,30.2,ue4_qfi2,4,86.0,307.0,30.303,ok,33.0,,pending,,pending,,,,,2.0,,,4,,TwoTier,87989972,,,
ue4_qfi9,259.75,299.75,300.0,300.25,ok,0.13780379767376583,ok,ue3_qfi1,0,0,0,110.75000000000001,data,ok,2.0,False,,proxy,3,0,ue1_qfi2,1.0,152,150.0,ok,ue2_qfi2,13.981,ok,4,ok,4,ue4_qfi2,0.957918,ok,0.9898204549674452,proxy,5,0.9852505312202589,66888217.6,ok,0.0031363636363636364,ok,0.932825,0.036290625,ok,ue1_qfi1,0.4489795918367347,49,100.0,data,ok,0.0,ue1_qfi9,139.0,ok,30.4,ue1_qfi2,0,0.0,0.0,30.303,ok,33.0,,pending,,pending,,,,,2.0,,,4,,PF,161576974,,,
ue4_qfi9,287.75,300.0,300.25,300.25,ok,0.1588008042477385,ok,ue3_qfi1,0,0,0,117.75000000000003,data,ok,2.0,False,,proxy,3,0,ue4_qfi2,0.993421052631579,152,150.0,ok,ue2_qfi2,13.812,ok,4,ok,4,ue4_qfi2,0.9577448000000001,ok,0.9890275974139533,proxy,5,0.9840007123326546,66168617.6,ok,0.0021045454545454544,ok,0.9326170454545455,0.0782890625,ok,ue1_qfi1,0.42857142857142855,49,100.0,data,ok,0.0,ue1_qfi9,109.0,ok,30.2,ue4_qfi2,1,75.75,75.75,30.303,ok,33.0,,pending,,pending,,,,,2.0,,,4,,Reservation,161576974,,,
ue2_qfi9,297.75,300.0,300.25,300.25,ok,0.14738522553245367,ok,ue2_qfi1,0,0,0,111.49999999999993,data,ok,2.0,False,,proxy,3,0,ue1_qfi2,1.0,152,150.0,ok,ue1_qfi2,19.945,ok,4,ok,4,ue4_qfi2,0.957918,ok,0.9812532949332902,proxy,5,0.9711133803210001,66549163.2,ok,0.0027818181818181817,ok,0.9326045454545454,0.0352828125,ok,ue1_qfi1,0.4897959183673469,49,100.0,data,ok,0.0,ue1_qfi9,147.75,ok,30.4,ue4_qfi2,2,86.25,153.0,30.303,ok,33.0,,pending,,pending,,,,,2.0,,,4,,TwoTier,161576974,,,
ue4_qfi9,297.5,300.0,300.25,300.25,ok,0.15626132235156884,ok,ue4_qfi1,0,0,0,111.25000000000007,data,ok,2.0,False,,proxy,3,0,ue4_qfi2,0.993421052631579,152,150.0,ok,ue1_qfi2,15.0,ok,4,ok,4,ue4_qfi2,0.9649156,ok,0.9860419244131376,proxy,5,0.980041232160587,65862227.2,ok,0.00295,ok,0.9342954545454546,0.0381171875,ok,ue2_qfi1,0.4897959183673469,49,100.0,data,ok,0.0,ue3_qfi9,39.5,ok,30.2,ue4_qfi2,1,68.25,68.25,30.303,ok,33.0,,pending,,pending,,,,,2.0,,,4,,PF,35492826,,,
ue4_qfi9,297.5,300.0,300.25,300.25,ok,0.17817809590085695,ok,ue4_qfi1,0,0,0,115.49999999999994,data,ok,2.0,False,,proxy,3,0,ue1_qfi2,1.0,152,150.0,ok,ue1_qfi2,14.509,ok,4,ok,4,ue4_qfi2,0.9659135999999999,ok,0.9853012668614906,proxy,5,0.9792582746085777,65092230.4,ok,0.0024522727272727274,ok,0.9322795454545455,0.08243125,ok,ue2_qfi1,0.42857142857142855,49,100.0,data,ok,0.0,ue3_qfi9,23.25,ok,30.4,ue1_qfi2,0,0.0,0.0,30.303,ok,33.0,,pending,,pending,,,,,2.0,,,4,,Reservation,35492826,,,
ue4_qfi9,271.0,300.0,300.25,300.25,ok,0.17167471605716544,ok,ue4_qfi1,0,0,0,113.24999999999986,data,ok,2.0,False,,proxy,3,0,ue3_qfi2,0.993421052631579,152,150.0,ok,ue3_qfi2,20.0,ok,4,ok,4,ue4_qfi2,0.9659135999999999,ok,0.9791804489560036,proxy,5,0.9692884177659036,65750048.0,ok,0.0027954545454545454,ok,0.9347295454545455,0.03745625,ok,ue1_qfi1,0.4489795918367347,49,100.0,data,ok,0.0,ue3_qfi9,106.5,ok,30.2,ue3_qfi2,4,79.0,297.75,30.303,ok,33.0,,pending,,pending,,,,,2.0,,,4,,TwoTier,35492826,,,
ue4_qfi9,286.75,299.75,300.0,300.25,ok,0.11632385953201002,ok,ue4_qfi1,0,0,0,111.75000000000024,data,ok,2.0,False,,proxy,3,0,ue1_qfi2,1.0,152,150.0,ok,ue1_qfi2,17.167,ok,4,ok,4,ue1_qfi2,0.9785828000000001,ok,0.9905896965840577,proxy,5,0.9800415734621349,68502300.8,ok,0.002909090909090909,ok,0.9344738636363636,0.0334421875,ok,ue4_qfi1,0.4897959183673469,49,100.0,data,ok,0.0,ue1_qfi9,40.0,ok,30.4,ue1_qfi2,0,0.0,0.0,30.303,ok,33.0,,pending,,pending,,,,,2.0,,,4,,PF,376383645,,,
ue4_qfi9,287.5,300.0,300.0,300.25,ok,0.13486940174181464,ok,ue2_qfi1,0,0,0,115.7499999999998,data,ok,2.0,False,,proxy,3,0,ue1_qfi2,1.0,152,150.0,ok,ue4_qfi2,13.616,ok,4,ok,4,ue1_qfi2,0.9794596,ok,0.9901196919112957,proxy,5,0.9792356970489734,67873756.8,ok,0.002086363636363636,ok,0.9357272727272727,0.07216875,ok,ue4_qfi1,0.46938775510204084,49,100.0,data,ok,0.0,ue1_qfi9,35.0,ok,30.4,ue1_qfi2,0,0.0,0.0,30.303,ok,33.0,,pending,,pending,,,,,2.0,,,4,,Reservation,376383645,,,
ue1_qfi9,240.75,300.0,300.25,300.25,ok,0.12236643787228602,ok,ue1_qfi1,0,0,0,265.25,data,ok,2.0,False,,proxy,3,0,ue1_qfi2,1.0,152,150.0,ok,ue1_qfi2,25.22,ok,4,ok,4,ue3_qfi2,0.976384,ok,0.9782009695431231,proxy,5,0.9631636994792679,68390348.8,ok,0.0024,ok,0.9340386363636364,0.0326640625,ok,ue4_qfi1,0.4897959183673469,49,100.0,data,ok,0.0,ue2_qfi9,129.5,ok,30.4,ue4_qfi2,1,75.5,75.5,30.303,ok,33.0,,pending,,pending,,,,,2.0,,,4,,TwoTier,376383645,,,
ue4_qfi9,297.5,300.0,300.0,300.25,ok,0.15198816124610473,ok,ue1_qfi1,0,0,0,114.74999999999991,data,ok,2.0,False,,proxy,3,0,ue2_qfi2,0.993421052631579,152,150.0,ok,ue1_qfi2,15.265,ok,4,ok,4,ue2_qfi2,0.9643364,ok,0.9889477041905559,proxy,5,0.9828092108775963,65996648.0,ok,0.0033863636363636366,ok,0.9338079545454545,0.0371890625,ok,ue1_qfi1,0.5102040816326531,49,100.0,data,ok,0.0,ue1_qfi1,15.0,ok,30.4,ue1_qfi2,0,0.0,0.0,30.303,ok,33.0,,pending,,pending,,,,,2.0,,,4,,PF,1746484539,,,
ue4_qfi9,297.25,300.0,300.25,300.25,ok,0.1727163941385741,ok,ue4_qfi1,0,0,0,113.75000000000001,data,ok,2.0,False,,proxy,3,0,ue1_qfi2,1.0,152,150.0,ok,ue4_qfi2,13.787,ok,4,ok,4,ue2_qfi2,0.9656068000000001,ok,0.9882022026156776,proxy,5,0.9824813954933581,65406225.6,ok,0.0022409090909090907,ok,0.9326465909090909,0.08035,ok,ue1_qfi1,0.4489795918367347,49,100.0,data,ok,0.0,ue4_qfi1,15.25,ok,30.4,ue1_qfi2,0,0.0,0.0,30.303,ok,33.0,,pending,,pending,,,,,2.0,,,4,,Reservation,1746484539,,,
ue4_qfi9,282.0,300.0,300.0,300.25,ok,0.156350178042178,ok,ue3_qfi1,0,0,0,110.75000000000034,data,ok,2.0,False,,proxy,3,0,ue3_qfi2,0.993421052631579,152,150.0,ok,ue1_qfi2,17.532,ok,4,ok,4,ue2_qfi2,0.9656068000000001,ok,0.9867049784215449,proxy,5,0.9808476122555667,65830705.6,ok,0.002759090909090909,ok,0.9338340909090909,0.0369,ok,ue2_qfi1,0.4489795918367347,49,100.0,data,ok,0.0,ue4_qfi9,18.25,ok,30.2,ue3_qfi2,1,69.75,69.75,30.303,ok,33.0,,pending,,pending,,,,,2.0,,,4,,TwoTier,1746484539,,,
ue4_qfi9,299.5,300.25,300.25,300.25,ok,0.42008196854443247,ok,ue1_qfi1,0,0,0,112.5,data,ok,2.0,False,,proxy,3,0,ue1_qfi2,1.0,152,150.0,ok,ue4_qfi2,13.162,ok,3,ok,4,ue2_qfi2,0.9497388,ok,0.955420804832691,proxy,5,0.9431979693697795,69733611.2,ok,0.0029545454545454545,ok,0.9305602272727272,0.0335703125,ok,ue3_qfi1,0.5102040816326531,49,100.0,data,ok,0.0,ue1_qfi1,12.0,ok,30.4,ue1_qfi2,0,0.0,0.0,30.303,ok,33.0,,pending,,pending,,,,,3.0,,,4,,PF,1826701614,,,
ue4_qfi9,299.5,300.25,300.25,300.25,ok,0.4562993870771554,ok,ue2_qfi1,0,0,0,112.75000000000013,data,ok,2.0,False,,proxy,3,0,ue3_qfi2,0.993421052631579,152,150.0,ok,ue4_qfi2,14.348,ok,3,ok,4,ue2_qfi2,0.9497388,ok,0.9543959015502728,proxy,5,0.9419954848257686,69188889.6,ok,0.002277272727272727,ok,0.9323329545454545,0.072684375,ok,ue4_qfi1,0.4489795918367347,49,100.0,data,ok,0.0,ue2_qfi1,12.0,ok,30.2,ue3_qfi2,1,68.0,68.0,30.303,ok,33.0,,pending,,pending,,,,,3.0,,,4,,Reservation,1826701614,,,
ue4_qfi9,299.25,300.25,300.25,300.25,ok,0.41212525895584073,ok,ue4_qfi1,0,0,0,207.0,data,ok,2.0,False,,proxy,3,0,ue1_qfi2,1.0,152,150.0,ok,ue1_qfi2,18.249,ok,3,ok,4,ue2_qfi2,0.9497388,ok,0.9523813067589506,proxy,5,0.9381972034724876,69815580.8,ok,0.0029545454545454545,ok,0.9307534090909091,0.0331015625,ok,ue2_qfi1,0.4897959183673469,49,100.0,data,ok,0.0,ue4_qfi2,64.748,ok,30.4,ue4_qfi2,1,110.5,110.5,30.303,ok,33.0,,pending,,pending,,,,,3.0,,,4,,TwoTier,1826701614,,,
ue4_qfi9,299.5,300.25,300.25,300.25,ok,0.44999644345256207,ok,ue4_qfi1,0,0,0,117.99999999999989,data,ok,2.0,False,,proxy,3,0,ue1_qfi2,1.0,152,150.0,ok,ue3_qfi2,14.229,ok,4,ok,4,ue2_qfi2,0.9686196,ok,0.9485340111445172,proxy,5,0.9399479987238848,66747001.6,ok,0.0030954545454545453,ok,0.9314602272727273,0.03740625,ok,ue4_qfi1,0.4489795918367347,49,100.0,data,ok,0.0,ue4_qfi1,17.5,ok,30.4,ue1_qfi2,0,0.0,0.0,30.303,ok,33.0,,pending,,pending,,,,,3.0,,,4,,PF,1367864806,,,
ue4_qfi9,299.75,300.25,300.25,300.25,ok,0.48546215420922967,ok,ue1_qfi1,0,0,0,114.00000000000033,data,ok,2.0,False,,proxy,3,0,ue4_qfi2,0.993421052631579,152,150.0,ok,ue1_qfi2,13.73,ok,4,ok,4,ue2_qfi2,0.9686196,ok,0.9475903355720922,proxy,5,0.9396929127095752,66311748.8,ok,0.002215909090909091,ok,0.9342590909090909,0.081459375,ok,ue1_qfi1,0.46938775510204084,49,100.0,data,ok,0.0,ue1_qfi1,16.75,ok,30.2,ue4_qfi2,1,66.0,66.0,30.303,ok,33.0,,pending,,pending,,,,,3.0,,,4,,Reservation,1367864806,,,
ue4_qfi9,299.75,300.25,300.25,300.25,ok,0.4442484278076673,ok,ue4_qfi1,0,0,0,203.5,data,ok,2.0,False,,proxy,3,0,ue1_qfi2,1.0,152,150.0,ok,ue1_qfi2,23.099,ok,4,ok,4,ue2_qfi2,0.9686196,ok,0.9416753147426016,proxy,5,0.9277123587127805,67005982.4,ok,0.002736363636363636,ok,0.9315875,0.036484375,ok,ue1_qfi1,0.42857142857142855,49,100.0,data,ok,0.0,ue4_qfi2,70.346,ok,30.4,ue4_qfi2,1,115.5,115.5,30.303,ok,33.0,,pending,,pending,,,,,3.0,,,4,,TwoTier,1367864806,,,
ue4_qfi9,299.75,300.25,300.25,300.25,ok,0.45940956347637124,ok,ue3_qfi1,0,0,0,112.99999999999999,data,ok,2.0,False,,proxy,3,0,ue1_qfi2,0.993421052631579,152,150.0,ok,ue1_qfi2,13.922,ok,4,ok,4,ue3_qfi2,0.964166,ok,0.9469480573341565,proxy,5,0.9309966510508472,66024406.4,ok,0.002834090909090909,ok,0.9318272727272727,0.03594375,ok,ue1_qfi1,0.4897959183673469,49,100.0,data,ok,0.0,ue3_qfi1,13.0,ok,30.2,ue1_qfi2,0,0.0,0.0,30.303,ok,33.0,,pending,,pending,,,,,3.0,,,4,,PF,1097657231,,,
ue4_qfi9,299.75,300.25,300.25,300.25,ok,0.49633527740456396,ok,ue2_qfi1,0,0,0,113.50000000000016,data,ok,2.0,False,,proxy,3,0,ue1_qfi2,0.993421052631579,152,150.0,ok,ue4_qfi2,14.083,ok,4,ok,4,ue3_qfi2,0.964166,ok,0.9459524218775348,proxy,5,0.9283125632629579,65614992.0,ok,0.002097727272727273,ok,0.9325954545454546,0.0779015625,ok,ue1_qfi1,0.42857142857142855,49,100.0,data,ok,0.0,ue3_qfi1,13.5,ok,30.2,ue1_qfi2,0,0.0,0.0,30.303,ok,33.0,,pending,,pending,,,,,3.0,,,4,,Reservation,1097657231,,,
ue4_qfi9,299.75,300.25,300.25,300.25,ok,0.43996964466287614,ok,ue4_qfi1,0,0,0,169.25,data,ok,2.0,False,,proxy,3,0,ue3_qfi2,0.993421052631579,152,150.0,ok,ue4_qfi2,23.954,ok,4,ok,4,ue3_qfi2,0.963808,ok,0.939853761909952,proxy,5,0.9151563777618398,66471633.6,ok,0.0030113636363636362,ok,0.9320829545454545,0.0349453125,ok,ue3_qfi1,0.4489795918367347,49,100.0,data,ok,0.0,ue4_qfi1,69.75,ok,30.4,ue4_qfi2,1,115.0,115.0,30.303,ok,33.0,,pending,,pending,,,,,3.0,,,4,,TwoTier,1097657231,,,
ue4_qfi9,299.75,300.25,300.25,300.25,ok,0.4410153122664293,ok,ue3_qfi1,0,0,0,115.0,data,ok,2.0,False,,proxy,3,0,ue1_qfi2,1.0,152,150.0,ok,ue3_qfi2,14.661,ok,4,ok,4,ue4_qfi2,0.955264,ok,0.951655473973827,proxy,5,0.9477308842990423,67773841.6,ok,0.0026545454545454546,ok,0.931225,0.0350421875,ok,ue1_qfi1,0.4897959183673469,49,100.0,data,ok,0.0,ue3_qfi1,14.5,ok,30.4,ue1_qfi2,0,0.0,0.0,30.303,ok,33.0,,pending,,pending,,,,,3.0,,,4,,PF,579362555,,,
ue4_qfi9,299.75,300.25,300.25,300.25,ok,0.4766767503728784,ok,ue4_qfi1,0,0,0,114.50000000000004,data,ok,2.0,False,,proxy,3,0,ue1_qfi2,1.0,152,150.0,ok,ue2_qfi2,13.853,ok,4,ok,4,ue4_qfi2,0.955264,ok,0.9504365631863798,proxy,5,0.945022659610055,67242441.6,ok,0.0022,ok,0.9329738636363636,0.075928125,ok,ue2_qfi1,0.4489795918367347,49,100.0,data,ok,0.0,ue2_qfi1,14.25,ok,30.4,ue1_qfi2,0,0.0,0.0,30.303,ok,33.0,,pending,,pending,,,,,3.0,,,4,,Reservation,579362555,,,
ue4_qfi9,299.5,300.25,300.25,300.25,ok,0.432868625971477,ok,ue2_qfi1,0,0,0,120.24999999999997,data,ok,2.0,False,,proxy,3,0,ue1_qfi2,1.0,152,150.0,ok,ue1_qfi2,19.776,ok,4,ok,4,ue4_qfi2,0.955264,ok,0.9471818841681477,proxy,5,0.943160970917464,67922852.8,ok,0.0026545454545454546,ok,0.9315556818181818,0.03420625,ok,ue2_qfi1,0.4489795918367347,49,100.0,data,ok,0.0,ue2_qfi1,23.25,ok,30.4,ue1_qfi2,0,0.0,0.0,30.303,ok,33.0,,pending,,pending,,,,,3.0,,,4,,TwoTier,579362555,,,
ue4_qfi9,299.5,300.25,300.25,300.25,ok,0.437273977044586,ok,ue3_qfi1,0,0,0,111.75,data,ok,2.0,False,,proxy,3,0,ue1_qfi2,1.0,152,150.0,ok,ue1_qfi2,15.164,ok,4,ok,4,ue3_qfi2,0.9696431999999999,ok,0.951247933393683,proxy,5,0.9464225911088479,67794708.8,ok,0.0028363636363636364,ok,0.9318670454545455,0.0347171875,ok,ue1_qfi1,0.46938775510204084,49,100.0,data,ok,0.0,ue3_qfi1,11.75,ok,30.4,ue1_qfi2,0,0.0,0.0,30.303,ok,33.0,,pending,,pending,,,,,3.0,,,4,,PF,661058651,,,
ue4_qfi9,299.75,300.25,300.25,300.25,ok,0.47588199400217257,ok,ue2_qfi1,0,0,0,113.50000000000016,data,ok,2.0,False,,proxy,3,0,ue1_qfi2,1.0,152,150.0,ok,ue2_qfi2,13.986,ok,4,ok,4,ue3_qfi2,0.9696431999999999,ok,0.9504095207880731,proxy,5,0.9456834426974999,67372179.2,ok,0.0021795454545454544,ok,0.9340511363636363,0.0751171875,ok,ue2_qfi1,0.46938775510204084,49,100.0,data,ok,0.0,ue2_qfi1,13.25,ok,30.4,ue1_qfi2,0,0.0,0.0,30.303,ok,33.0,,pending,,pending,,,,,3.0,,,4,,Reservation,661058651,,,
ue4_qfi9,299.5,300.25,300.25,300.25,ok,0.4312317577514707,ok,ue4_qfi1,0,0,0,182.5,data,ok,2.0,False,,proxy,3,0,ue1_qfi2,1.0,152,150.0,ok,ue1_qfi2,27.5,ok,4,ok,4,ue3_qfi2,0.9696431999999999,ok,0.9457431265647905,proxy,5,0.9390676621723039,67991001.6,ok,0.0028386363636363635,ok,0.9320113636363636,0.033834375,ok,ue2_qfi1,0.5102040816326531,49,100.0,data,ok,0.0,ue4_qfi1,86.5,ok,30.4,ue4_qfi2,1,115.75,115.75,30.303,ok,33.0,,pending,,pending,,,,,3.0,,,4,,TwoTier,661058651,,,
ue4_qfi9,299.5,300.25,300.25,300.25,ok,0.4357181483520003,ok,ue4_qfi1,0,0,0,115.75000000000024,data,ok,2.0,False,,proxy,3,0,ue1_qfi2,0.993421052631579,152,150.0,ok,ue3_qfi2,13.592,ok,4,ok,4,ue2_qfi2,0.969574,ok,0.9521770033527593,proxy,5,0.9416662597219706,68109152.0,ok,0.002606818181818182,ok,0.9324670454545455,0.034671875,ok,ue4_qfi1,0.4489795918367347,49,100.0,data,ok,0.0,ue4_qfi1,15.75,ok,30.2,ue1_qfi2,0,0.0,0.0,30.303,ok,33.0,,pending,,pending,,,,,3.0,,,4,,PF,87989972,,,
ue4_qfi9,299.75,300.25,300.25,300.25,ok,0.4723498962102866,ok,ue4_qfi1,0,0,0,114.74999999999991,data,ok,2.0,False,,proxy,3,0,ue1_qfi2,1.0,152,150.0,ok,ue3_qfi2,13.899,ok,4,ok,4,ue2_qfi2,0.969574,ok,0.9509928815882904,proxy,5,0.9400272967447795,67614915.2,ok,0.0021636363636363637,ok,0.9323136363636364,0.0748375,ok,ue2_qfi1,0.42857142857142855,49,100.0,data,ok,0.0,ue2_qfi1,15.25,ok,30.4,ue1_qfi2,0,0.0,0.0,30.303,ok,33.0,,pending,,pending,,,,,3.0,,,4,,Reservation,87989972,,,
ue4_qfi9,299.5,300.25,300.25,300.25,ok,0.44083081584930756,ok,ue4_qfi1,0,0,0,111.75000000000024,data,ok,2.0,False,,proxy,3,0,ue1_qfi2,0.993421052631579,152,150.0,ok,ue3_qfi2,13.649,ok,4,ok,4,ue2_qfi2,0.969574,ok,0.9495548720832966,proxy,5,0.9390080838330186,67824648.0,ok,0.0028590909090909092,ok,0.9320409090909091,0.034146875,ok,ue1_qfi1,0.4489795918367347,49,100.0,data,ok,0.0,ue1_qfi2,18.119,ok,30.2,ue1_qfi2,1,66.25,66.25,30.303,ok,33.0,,pending,,pending,,,,,3.0,,,4,,TwoTier,87989972,,,
ue4_qfi9,299.75,300.25,300.25,300.25,ok,0.45126792066213745,ok,ue2_qfi1,0,0,0,110.0000000000001,data,ok,2.0,False,,proxy,3,0,ue2_qfi2,0.993421052631579,152,150.0,ok,ue4_qfi2,14.015,ok,4,ok,4,ue1_qfi2,0.9647072,ok,0.9488315768952578,proxy,5,0.9444600027428603,66603934.4,ok,0.002852272727272727,ok,0.9331818181818182,0.037828125,ok,ue4_qfi1,0.4897959183673469,49,100.0,data,ok,0.0,ue2_qfi2,11.613999999999999,ok,30.4,ue1_qfi2,0,0.0,0.0,30.303,ok,33.0,,pending,,pending,,,,,3.0,,,4,,PF,161576974,,,
ue4_qfi9,299.75,300.25,300.25,300.25,ok,0.4920573701901628,ok,ue4_qfi1,0,0,0,115.25000000000007,data,ok,2.0,False,,proxy,3,0,ue1_qfi2,1.0,152,150.0,ok,ue4_qfi2,14.44,ok,4,ok,4,ue1_qfi2,0.9647072,ok,0.9468564547454159,proxy,5,0.943320863060259,65759150.4,ok,0.002190909090909091,ok,0.9327772727272727,0.0818890625,ok,ue1_qfi1,0.46938775510204084,49,100.0,data,ok,0.0,ue4_qfi1,16.0,ok,30.4,ue1_qfi2,0,0.0,0.0,30.303,ok,33.0,,pending,,pending,,,,,3.0,,,4,,Reservation,161576974,,,
ue4_qfi9,299.75,300.25,300.25,300.25,ok,0.45570429374262816,ok,ue4_qfi1,0,0,0,204.75,data,ok,2.0,False,,proxy,3,0,ue1_qfi2,1.0,152,150.0,ok,ue1_qfi2,17.5,ok,4,ok,4,ue1_qfi2,0.9647072,ok,0.9465228597875072,proxy,5,0.943202878768665,66482392.0,ok,0.0027522727272727273,ok,0.9327909090909091,0.037278125,ok,ue2_qfi1,0.4897959183673469,49,100.0,data,ok,0.0,ue4_qfi2,64.232,ok,30.4,ue4_qfi2,1,111.0,111.0,30.303,ok,33.0,,pending,,pending,,,,,3.0,,,4,,TwoTier,161576974,,,
ue4_qfi9,299.75,300.25,300.25,300.25,ok,0.47651854834825136,ok,ue4_qfi1,0,0,0,125.0,data,ok,2.0,False,,proxy,3,0,ue2_qfi2,0.993421052631579,152,150.0,ok,ue4_qfi2,15.805,ok,4,ok,4,ue2_qfi2,0.9643884,ok,0.943053439297269,proxy,5,0.9349060015023754,64405772.800000004,ok,0.0027931818181818184,ok,0.9348170454545455,0.038475,ok,ue2_qfi1,0.46938775510204084,49,100.0,data,ok,0.0,ue4_qfi1,23.75,ok,30.4,ue1_qfi2,0,0.0,0.0,30.303,ok,33.0,,pending,,pending,,,,,3.0,,,4,,PF,35492826,,,
ue4_qfi9,300.0,300.25,300.25,300.25,ok,0.5152405310495264,ok,ue4_qfi1,0,0,0,113.75000000000001,data,ok,2.0,False,,proxy,3,0,ue4_qfi2,0.993421052631579,152,150.0,ok,ue4_qfi2,14.741,ok,4,ok,4,ue2_qfi2,0.9643472,ok,0.9415426505956832,proxy,5,0.9332297918635337,63764342.4,ok,0.002568181818181818,ok,0.9330704545454546,0.0832734375,ok,ue1_qfi1,0.46938775510204084,49,100.0,data,ok,0.0,ue4_qfi1,13.0,ok,30.4,ue1_qfi2,0,0.0,0.0,30.303,ok,33.0,,pending,,pending,,,,,3.0,,,4,,Reservation,35492826,,,
ue4_qfi9,299.75,300.25,300.25,300.25,ok,0.47389374333735534,ok,ue4_qfi1,0,0,0,213.25,data,ok,2.0,False,,proxy,3,0,ue1_qfi2,1.0,152,150.0,ok,ue4_qfi2,24.708,ok,4,ok,4,ue2_qfi2,0.9645676,ok,0.9384430633398173,proxy,5,0.9249003956360554,64571185.6,ok,0.003043181818181818,ok,0.934425,0.0376703125,ok,ue1_qfi1,0.5102040816326531,49,100.0,data,ok,0.0,ue4_qfi2,67.24,ok,30.4,ue4_qfi2,1,113.25,113.25,30.303,ok,33.0,,pending,,pending,,,,,3.0,,,4,,TwoTier,35492826,,,
ue4_qfi9,299.5,300.25,300.25,300.25,ok,0.4081444083437918,ok,ue1_qfi1,0,0,0,110.00000000000031,data,ok,2.0,False,,proxy,3,0,ue1_qfi2,1.0,152,150.0,ok,ue1_qfi2,13.906,ok,4,ok,4,ue3_qfi2,0.958794,ok,0.9579847889665197,proxy,5,0.9541482739931932,70706414.4,ok,0.0023295454545454544,ok,0.9343022727272727,0.0330875,ok,ue4_qfi1,0.40816326530612246,49,100.0,data,ok,0.0,ue1_qfi2,11.589,ok,30.4,ue1_qfi2,0,0.0,0.0,30.303,ok,33.0,,pending,,pending,,,,,3.0,,,4,,PF,376383645,,,
ue4_qfi9,299.5,300.25,300.25,300.25,ok,0.4426601833071013,ok,ue3_qfi1,0,0,0,115.7499999999998,data,ok,2.0,False,,proxy,3,0,ue3_qfi2,0.993421052631579,152,150.0,ok,ue1_qfi2,13.428,ok,4,ok,4,ue3_qfi2,0.9584476,ok,0.9566980514154724,proxy,5,0.9527899447800567,70087553.6,ok,0.0019977272727272725,ok,0.9352852272727272,0.0715015625,ok,ue4_qfi1,0.3877551020408163,49,100.0,data,ok,0.0,ue3_qfi1,15.25,ok,30.4,ue1_qfi2,0,0.0,0.0,30.303,ok,33.0,,pending,,pending,,,,,3.0,,,4,,Reservation,376383645,,,
ue4_qfi9,294.25,300.25,300.25,300.25,ok,0.4046733371585227,ok,ue3_qfi1,0,0,0,108.99999999999999,data,ok,2.0,False,,proxy,3,0,ue1_qfi2,1.0,152,150.0,ok,ue1_qfi2,17.043,ok,4,ok,4,ue3_qfi2,0.958794,ok,0.953733985584023,proxy,5,0.9511509445212984,70759500.8,ok,0.002306818181818182,ok,0.9342909090909091,0.0324875,ok,ue1_qfi1,0.46938775510204084,49,100.0,data,ok,0.0,ue1_qfi2,14.603000000000002,ok,30.4,ue1_qfi2,0,0.0,0.0,30.303,ok,33.0,,pending,,pending,,,,,3.0,,,4,,TwoTier,376383645,,,
ue4_qfi9,299.75,300.25,300.25,300.25,ok,0.44500750378230447,ok,ue3_qfi1,0,0,0,118.74999999999991,data,ok,2.0,False,,proxy,3,0,ue4_qfi2,0.993421052631579,152,150.0,ok,ue3_qfi2,13.707,ok,4,ok,4,ue3_qfi2,0.9617036,ok,0.9509759452219197,proxy,5,0.9407890650373759,67704728.0,ok,0.0028454545454545455,ok,0.934034090909091,0.0352890625,ok,ue2_qfi1,0.42857142857142855,49,100.0,data,ok,0.0,ue3_qfi1,17.75,ok,30.4,ue1_qfi2,0,0.0,0.0,30.303,ok,33.0,,pending,,pending,,,,,3.0,,,4,,PF,1746484539,,,
ue4_qfi9,299.75,300.25,300.25,300.25,ok,0.4791789537684085,ok,ue1_qfi1,0,0,0,113.24999999999986,data,ok,2.0,False,,proxy,3,0,ue1_qfi2,1.0,152,150.0,ok,ue2_qfi2,13.75,ok,4,ok,4,ue3_qfi2,0.9617036,ok,0.9496533740322934,proxy,5,0.9409362758801639,67091222.4,ok,0.0022272727272727275,ok,0.9333034090909091,0.07613125,ok,ue1_qfi1,0.4897959183673469,49,100.0,data,ok,0.0,ue1_qfi1,14.25,ok,30.4,ue1_qfi2,0,0.0,0.0,30.303,ok,33.0,,pending,,pending,,,,,3.0,,,4,,Reservation,1746484539,,,
ue4_qfi9,299.5,300.25,300.25,300.25,ok,0.43942306480464827,ok,ue4_qfi1,0,0,0,205.75000000000003,data,ok,2.0,False,,proxy,3,0,ue2_qfi2,0.993421052631579,152,150.0,ok,ue1_qfi2,19.212,ok,4,ok,4,ue3_qfi2,0.9617036,ok,0.9474610012390208,proxy,5,0.935328283193038,67718470.4,ok,0.002684090909090909,ok,0.9339488636363636,0.03478125,ok,ue4_qfi1,0.4583333333333333,48,100.0,data,ok,0.0,ue4_qfi2,70.087,ok,30.4,ue4_qfi2,1,117.5,117.5,30.303,ok,33.0,,pending,,pending,,,,,3.0,,,4,,TwoTier,1746484539,,,
ue3_qfi9,11.5,71.0,76.25,79.25,ok,0.0,ok,ue2_qfi1,0,0,0,109.50000000000016,data,ok,2.0,False,,proxy,3,0,ue1_qfi2,0.993421052631579,152,150.0,ok,ue3_qfi2,16.197,ok,4,ok,4,ue1_qfi2,0.9633392,ok,0.9998191409004622,proxy,5,0.9997028632462681,63417889.6,ok,0.002681818181818182,ok,0.88705,0.045315625,ok,ue1_qfi1,0.46938775510204084,49,100.0,data,ok,0.0,ue3_qfi9,67.75,ok,30.2,ue1_qfi2,0,0.0,0.0,30.303,ok,33.0,,pending,,pending,,,,,1.5,,,4,,PF,1826701614,,,
ue3_qfi9,66.0,164.5,173.25,175.75,ok,0.0,ok,ue1_qfi1,0,0,0,110.7499999999999,data,ok,2.0,False,,proxy,3,0,ue1_qfi2,0.993421052631579,152,150.0,ok,ue1_qfi2,13.879,ok,4,ok,4,ue1_qfi2,0.9638648000000001,ok,0.9993438072268971,proxy,5,0.9987788315057503,63080342.4,ok,0.0022181818181818184,ok,0.9271886363636364,0.07559375,ok,ue4_qfi1,0.46938775510204084,49,100.0,data,ok,0.0,ue3_qfi9,109.75,ok,30.2,ue1_qfi2,0,0.0,0.0,30.303,ok,33.0,,pending,,pending,,,,,1.5,,,4,,Reservation,1826701614,,,
ue3_qfi9,20.0,58.25,62.25,64.0,ok,0.0,ok,ue4_qfi1,0,0,0,106.00000000000031,data,ok,2.0,False,,proxy,3,0,ue1_qfi2,1.0,152,150.0,ok,ue3_qfi2,19.135,ok,4,ok,4,ue1_qfi2,0.9641368,ok,0.9998364650424778,proxy,5,0.9996721074222483,63180668.800000004,ok,0.002765909090909091,ok,0.9299193181818182,0.036253125,ok,ue3_qfi1,0.4489795918367347,49,100.0,data,ok,0.0,ue3_qfi9,44.0,ok,30.4,ue1_qfi2,0,0.0,0.0,30.303,ok,33.0,,pending,,pending,,,,,1.5,,,4,,TwoTier,1826701614,,,
ue4_qfi9,8.25,19.5,23.75,26.75,ok,0.0,ok,ue2_qfi1,0,0,0,113.75,data,ok,2.0,False,,proxy,3,0,ue1_qfi2,1.0,152,150.0,ok,ue4_qfi2,17.164,ok,4,ok,4,ue2_qfi2,0.9543288000000001,ok,0.9999681502804414,proxy,5,0.9999235886609501,63585614.4,ok,0.0027795454545454547,ok,0.8633340909090909,0.039384375,ok,ue2_qfi1,0.40816326530612246,49,100.0,data,ok,0.0,ue4_qfi9,18.5,ok,30.4,ue1_qfi2,0,0.0,0.0,30.303,ok,33.0,,pending,,pending,,,,,1.5,,,4,,PF,1367864806,,,
ue4_qfi9,12.5,49.25,58.25,61.0,ok,0.0,ok,ue2_qfi1,0,0,0,109.75000000000001,data,ok,2.0,False,,proxy,3,0,ue1_qfi2,1.0,152,150.0,ok,ue4_qfi2,12.558,ok,4,ok,4,ue2_qfi2,0.9543288000000001,ok,0.9999847657779488,proxy,5,0.9999720747102869,63560094.4,ok,0.002056818181818182,ok,0.9255659090909091,0.065634375,ok,ue1_qfi1,0.4489795918367347,49,100.0,data,ok,0.0,ue4_qfi9,48.5,ok,30.4,ue1_qfi2,0,0.0,0.0,30.303,ok,33.0,,pending,,pending,,,,,1.5,,,4,,Reservation,1367864806,,,
ue4_qfi9,19.0,45.0,52.25,56.25,ok,0.0,ok,ue4_qfi1,0,0,0,111.49999999999993,data,ok,2.0,False,,proxy,3,0,ue1_qfi2,1.0,152,150.0,ok,ue4_qfi2,17.771,ok,4,ok,4,ue2_qfi2,0.9543288000000001,ok,0.999925877911988,proxy,5,0.9999160955724222,63529241.6,ok,0.002565909090909091,ok,0.9315022727272727,0.0319171875,ok,ue3_qfi1,0.42857142857142855,49,100.0,data,ok,0.0,ue4_qfi9,37.25,ok,30.4,ue1_qfi2,0,0.0,0.0,30.303,ok,33.0,,pending,,pending,,,,,1.5,,,4,,TwoTier,1367864806,,,
ue4_qfi9,30.75,154.0,161.5,164.25,ok,0.0,ok,ue4_qfi1,0,0,0,113.75000000000001,data,ok,2.0,False,,proxy,3,0,ue1_qfi2,1.0,152,150.0,ok,ue4_qfi2,17.705,ok,4,ok,4,ue1_qfi2,0.9647612,ok,0.9996275122609853,proxy,5,0.9993087463663802,63247265.6,ok,0.002652272727272727,ok,0.9186443181818181,0.045815625,ok,ue1_qfi1,0.46938775510204084,49,100.0,data,ok,0.0,ue4_qfi9,133.5,ok,30.4,ue1_qfi2,0,0.0,0.0,30.303,ok,33.0,,pending,,pending,,,,,1.5,,,4,,PF,1097657231,,,
ue4_qfi9,128.5,299.0,299.75,300.0,ok,0.009058486388395744,ok,ue1_qfi1,0,0,0,109.50000000000016,data,ok,2.0,False,,proxy,3,0,ue1_qfi2,1.0,152,150.0,ok,ue2_qfi2,13.825,ok,4,ok,4,ue1_qfi2,0.9647612,ok,0.998383283496835,proxy,5,0.9972159999488021,62417832.0,ok,0.0024318181818181817,ok,0.9323863636363636,0.0800203125,ok,ue1_qfi1,0.42857142857142855,49,100.0,data,ok,0.0,ue4_qfi9,171.5,ok,30.4,ue1_qfi2,0,0.0,0.0,30.303,ok,33.0,,pending,,pending,,,,,1.5,,,4,,Reservation,1097657231,,,
ue4_qfi9,69.25,128.25,139.75,144.5,ok,0.0,ok,ue3_qfi1,0,0,0,118.99999999999977,data,ok,2.0,False,,proxy,3,0,ue1_qfi2,1.0,152,150.0,ok,ue3_qfi2,34.795,ok,4,ok,4,ue1_qfi2,0.959582,ok,0.9996526437032962,proxy,5,0.9989782652145502,62912555.2,ok,0.0028613636363636363,ok,0.9319715909090909,0.0380578125,ok,ue3_qfi1,0.42857142857142855,49,100.0,data,ok,0.0,ue4_qfi9,75.25,ok,30.4,ue3_qfi2,5,86.75,378.0,30.303,ok,33.0,,pending,,pending,,,,,1.5,,,4,,TwoTier,1097657231,,,
ue4_qfi9,8.5,52.0,63.5,68.0,ok,0.0,ok,ue1_qfi1,0,0,0,113.2500000000003,data,ok,2.0,False,,proxy,3,0,ue1_qfi2,1.0,152,150.0,ok,ue4_qfi2,16.122,ok,4,ok,4,ue3_qfi2,0.9654644,ok,0.999926275460022,proxy,5,0.9998104371800186,63645318.4,ok,0.002659090909090909,ok,0.8960886363636363,0.045690625,ok,ue3_qfi1,0.4897959183673469,49,100.0,data,ok,0.0,ue2_qfi9,60.75,ok,30.4,ue1_qfi2,0,0.0,0.0,30.303,ok,33.0,,pending,,pending,,,,,1.5,,,4,,PF,579362555,,,
ue4_qfi9,18.25,122.0,132.0,136.5,ok,0.0,ok,ue1_qfi1,0,0,0,110.0,data,ok,2.0,False,,proxy,3,0,ue1_qfi2,1.0,152,150.0,ok,ue1_qfi2,13.0,ok,4,ok,4,ue3_qfi2,0.9654644,ok,0.9996115588495929,proxy,5,0.9992073362451684,63527168.0,ok,0.002236363636363636,ok,0.9306625,0.0772171875,ok,ue1_qfi1,0.4897959183673469,49,100.0,data,ok,0.0,ue4_qfi9,118.25,ok,30.4,ue1_qfi2,0,0.0,0.0,30.303,ok,33.0,,pending,,pending,,,,,1.5,,,4,,Reservation,579362555,,,
ue4_qfi9,28.75,56.25,60.0,62.25,ok,0.0,ok,ue2_qfi1,0,0,0,111.25000000000007,data,ok,2.0,False,,proxy,3,0,ue1_qfi2,1.0,152,150.0,ok,ue4_qfi2,22.744,ok,4,ok,4,ue3_qfi2,0.9654644,ok,0.9998715169819168,proxy,5,0.9998033749059869,63516680.0,ok,0.0026772727272727274,ok,0.9315477272727273,0.036940625,ok,ue1_qfi1,0.5306122448979592,49,100.0,data,ok,0.0,ue2_qfi9,34.75,ok,30.4,ue1_qfi2,0,0.0,0.0,30.303,ok,33.0,,pending,,pending,,,,,1.5,,,4,,TwoTier,579362555,,,
ue3_qfi9,7.5,22.25,27.0,29.5,ok,0.0,ok,ue4_qfi1,0,0,0,113.75000000000001,data,ok,2.0,False,,proxy,3,0,ue3_qfi2,0.993421052631579,152,150.0,ok,ue4_qfi2,16.358,ok,4,ok,4,ue1_qfi2,0.9696724,ok,0.9999916688545364,proxy,5,0.9999821716717469,63586867.2,ok,0.0025477272727272727,ok,0.8520397727272727,0.041271875,ok,ue1_qfi1,0.46938775510204084,49,100.0,data,ok,0.0,ue3_qfi9,22.0,ok,30.2,ue3_qfi2,1,68.0,68.0,30.303,ok,33.0,,pending,,pending,,,,,1.5,,,4,,PF,661058651,,,
ue3_qfi9,10.25,41.0,52.25,54.75,ok,0.0,ok,ue2_qfi1,0,0,0,111.5,data,ok,2.0,False,,proxy,3,0,ue4_qfi2,0.993421052631579,152,150.0,ok,ue4_qfi2,12.944,ok,4,ok,4,ue4_qfi2,0.9692296,ok,0.99995145374785,proxy,5,0.9998772786053483,63456728.0,ok,0.002125,ok,0.9235443181818181,0.0664484375,ok,ue3_qfi1,0.46938775510204084,49,100.0,data,ok,0.0,ue3_qfi9,44.5,ok,30.2,ue4_qfi2,1,69.25,69.25,30.303,ok,33.0,,pending,,pending,,,,,1.5,,,4,,Reservation,661058651,,,
ue3_qfi9,15.0,35.25,39.75,43.25,ok,0.0,ok,ue4_qfi1,0,0,0,112.75000000000013,data,ok,2.0,False,,proxy,3,0,ue1_qfi2,1.0,152,150.0,ok,ue1_qfi2,17.553,ok,4,ok,4,ue1_qfi2,0.9696724,ok,0.999944988384373,proxy,5,0.999908396547049,63450859.2,ok,0.0023227272727272727,ok,0.9320454545454545,0.0327453125,ok,ue2_qfi1,0.40816326530612246,49,100.0,data,ok,0.0,ue3_qfi9,28.25,ok,30.4,ue1_qfi2,0,0.0,0.0,30.303,ok,33.0,,pending,,pending,,,,,1.5,,,4,,TwoTier,661058651,,,
ue2_qfi9,6.25,43.75,72.5,76.75,ok,0.0,ok,ue1_qfi1,0,0,0,112.99999999999999,data,ok,2.0,False,,proxy,3,0,ue4_qfi2,0.993421052631579,152,150.0,ok,ue3_qfi2,16.979,ok,4,ok,4,ue1_qfi2,0.9703648,ok,0.9999322801865395,proxy,5,0.9998295030118152,63663502.4,ok,0.002425,ok,0.8865125,0.0425328125,ok,ue1_qfi1,0.4489795918367347,49,100.0,data,ok,0.0,ue2_qfi9,70.5,ok,30.4,ue1_qfi2,0,0.0,0.0,30.303,ok,33.0,,pending,,pending,,,,,1.5,,,4,,PF,87989972,,,
ue3_qfi9,51.0,174.25,198.75,204.0,ok,0.0,ok,ue3_qfi1,0,0,0,107.75000000000023,data,ok,2.0,False,,proxy,3,0,ue1_qfi2,1.0,152,150.0,ok,ue3_qfi2,13.099,ok,4,ok,4,ue1_qfi2,0.9703648,ok,0.9992693191282376,proxy,5,0.9980612685634842,63147286.4,ok,0.0022045454545454547,ok,0.9301488636363636,0.06946875,ok,ue2_qfi1,0.40816326530612246,49,100.0,data,ok,0.0,ue3_qfi9,153.0,ok,30.4,ue1_qfi2,0,0.0,0.0,30.303,ok,33.0,,pending,,pending,,,,,1.5,,,4,,Reservation,87989972,,,
ue3_qfi9,20.0,47.25,51.5,56.75,ok,0.0,ok,ue1_qfi1,0,0,0,109.99999999999987,data,ok,2.0,False,,proxy,3,0,ue1_qfi2,1.0,152,150.0,ok,ue4_qfi2,19.337,ok,4,ok,4,ue1_qfi2,0.9703648,ok,0.9998780866891741,proxy,5,0.999771485567635,63452449.6,ok,0.002806818181818182,ok,0.9322193181818181,0.0335515625,ok,ue4_qfi1,0.4897959183673469,49,100.0,data,ok,0.0,ue3_qfi9,36.75,ok,30.4,ue1_qfi2,0,0.0,0.0,30.303,ok,33.0,,pending,,pending,,,,,1.5,,,4,,TwoTier,87989972,,,
ue1_qfi9,11.25,133.5,144.75,148.5,ok,0.0,ok,ue3_qfi1,0,0,0,113.5,data,ok,2.0,False,,proxy,3,0,ue3_qfi2,0.993421052631579,152,150.0,ok,ue1_qfi2,16.074,ok,4,ok,4,ue4_qfi2,0.96295,ok,0.9999424199611798,proxy,5,0.9998783935762086,63557401.6,ok,0.0023954545454545457,ok,0.9075204545454545,0.04575625,ok,ue4_qfi1,0.40816326530612246,49,100.0,data,ok,0.0,ue1_qfi9,137.25,ok,30.2,ue3_qfi2,1,67.5,67.5,30.303,ok,33.0,,pending,,pending,,,,,1.5,,,4,,PF,161576974,,,
ue1_qfi9,13.5,297.25,299.25,299.75,ok,0.004293827512898391,ok,ue3_qfi1,0,0,0,109.99999999999987,data,ok,2.0,False,,proxy,3,0,ue1_qfi2,0.993421052631579,152,150.0,ok,ue1_qfi2,13.124,ok,4,ok,4,ue4_qfi2,0.962026,ok,0.9993735119554978,proxy,5,0.9976901148393209,62654462.4,ok,0.002181818181818182,ok,0.9311863636363636,0.078253125,ok,ue2_qfi1,0.5102040816326531,49,100.0,data,ok,0.0,ue1_qfi9,286.25,ok,30.2,ue1_qfi2,0,0.0,0.0,30.303,ok,33.0,,pending,,pending,,,,,1.5,,,4,,Reservation,161576974,,,
ue3_qfi9,23.5,72.5,84.25,92.25,ok,0.0,ok,ue4_qfi1,0,0,0,109.49999999999972,data,ok,2.0,False,,proxy,3,0,ue1_qfi2,0.993421052631579,152,150.0,ok,ue2_qfi2,20.764,ok,4,ok,4,ue4_qfi2,0.96295,ok,0.9999437270839671,proxy,5,0.9999265326852766,63480812.8,ok,0.0026863636363636365,ok,0.9331670454545454,0.03741875,ok,ue1_qfi1,0.46938775510204084,49,100.0,data,ok,0.0,ue3_qfi9,68.75,ok,30.4,ue3_qfi2,1,73.0,73.0,30.303,ok,33.0,,pending,,pending,,,,,1.5,,,4,,TwoTier,161576974,,,
ue1_qfi9,9.25,75.75,91.25,98.0,ok,0.0,ok,ue3_qfi1,0,0,0,115.5,data,ok,2.0,False,,proxy,3,0,ue2_qfi2,0.993421052631579,152,150.0,ok,ue1_qfi2,16.044,ok,4,ok,4,ue3_qfi2,0.9671864,ok,0.9996310246446972,proxy,5,0.9992758769304666,63601299.2,ok,0.002831818181818182,ok,0.9076886363636364,0.0462453125,ok,ue1_qfi1,0.46938775510204084,49,100.0,data,ok,0.0,ue1_qfi9,88.75,ok,30.4,ue1_qfi2,0,0.0,0.0,30.303,ok,33.0,,pending,,pending,,,,,1.5,,,4,,PF,35492826,,,
ue3_qfi9,87.5,207.25,214.0,216.5,ok,0.0,ok,ue1_qfi1,0,0,0,110.24999999999974,data,ok,2.0,False,,proxy,3,0,ue1_qfi2,1.0,152,150.0,ok,ue2_qfi2,13.049,ok,4,ok,4,ue3_qfi2,0.9671864,ok,0.9991060587242145,proxy,5,0.9988114086678185,63430872.0,ok,0.0022045454545454547,ok,0.9316181818181818,0.0798734375,ok,ue4_qfi1,0.46938775510204084,49,100.0,data,ok,0.0,ue3_qfi9,129.0,ok,30.4,ue1_qfi2,0,0.0,0.0,30.303,ok,33.0,,pending,,pending,,,,,1.5,,,4,,Reservation,35492826,,,
ue1_qfi9,26.0,80.25,94.75,101.5,ok,0.0,ok,ue1_qfi1,0,0,0,120.24999999999997,data,ok,2.0,False,,proxy,3,0,ue2_qfi2,0.993421052631579,152,150.0,ok,ue2_qfi2,22.607,ok,4,ok,4,ue3_qfi2,0.9671864,ok,0.9997151144196078,proxy,5,0.9993199443501768,63487027.199999996,ok,0.0026204545454545456,ok,0.9346704545454545,0.037884375,ok,ue2_qfi1,0.40816326530612246,49,100.0,data,ok,0.0,ue1_qfi9,75.5,ok,30.4,ue1_qfi2,0,0.0,0.0,30.303,ok,33.0,,pending,,pending,,,,,1.5,,,4,,TwoTier,35492826,,,
ue3_qfi9,7.5,27.75,34.0,36.5,ok,0.0,ok,ue1_qfi1,0,0,0,109.24999999999984,data,ok,2.0,False,,proxy,3,0,ue1_qfi2,1.0,152,150.0,ok,ue2_qfi2,15.182,ok,4,ok,4,ue2_qfi2,0.960972,ok,0.9999799432668203,proxy,5,0.9999458727041044,63538995.2,ok,0.0030136363636363637,ok,0.85955,0.039925,ok,ue4_qfi1,0.46938775510204084,49,100.0,data,ok,0.0,ue2_qfi9,29.0,ok,30.4,ue1_qfi2,0,0.0,0.0,30.303,ok,33.0,,pending,,pending,,,,,1.5,,,4,,PF,376383645,,,
ue2_qfi9,9.5,44.5,62.25,74.5,ok,0.0,ok,ue2_qfi1,0,0,0,111.25000000000007,data,ok,2.0,False,,proxy,3,0,ue1_qfi2,1.0,152,150.0,ok,ue3_qfi2,12.147,ok,4,ok,4,ue2_qfi2,0.9608568000000001,ok,0.999904182875252,proxy,5,0.9996083312556402,63386153.6,ok,0.0021863636363636365,ok,0.9240295454545454,0.0664265625,ok,ue3_qfi1,0.4489795918367347,49,100.0,data,ok,0.0,ue2_qfi9,65.0,ok,30.4,ue1_qfi2,0,0.0,0.0,30.303,ok,33.0,,pending,,pending,,,,,1.5,,,4,,Reservation,376383645,,,
ue2_qfi9,12.75,37.5,50.0,56.0,ok,0.0,ok,ue2_qfi1,0,0,0,110.00000000000031,data,ok,2.0,False,,proxy,3,0,ue1_qfi2,1.0,152,150.0,ok,ue3_qfi2,19.89,ok,4,ok,4,ue2_qfi2,0.960972,ok,0.9999328644298874,proxy,5,0.9998401788411605,63345360.0,ok,0.0024954545454545455,ok,0.9332943181818182,0.0325875,ok,ue1_qfi1,0.4489795918367347,49,100.0,data,ok,0.0,ue2_qfi9,43.25,ok,30.4,ue1_qfi2,0,0.0,0.0,30.303,ok,33.0,,pending,,pending,,,,,1.5,,,4,,TwoTier,376383645,,,
ue4_qfi9,12.75,80.75,94.25,97.75,ok,0.0,ok,ue4_qfi1,0,0,0,118.25000000000018,data,ok,2.0,False,,proxy,3,0,ue3_qfi2,0.993421052631579,152,150.0,ok,ue4_qfi2,18.703,ok,4,ok,4,ue3_qfi2,0.9572364,ok,0.9998122205692717,proxy,5,0.9996756612062075,63577585.6,ok,0.0024863636363636364,ok,0.8960386363636363,0.0448046875,ok,ue3_qfi1,0.40816326530612246,49,100.0,data,ok,0.0,ue4_qfi9,85.0,ok,30.2,ue3_qfi2,1,69.25,69.25,30.303,ok,33.0,,pending,,pending,,,,,1.5,,,4,,PF,1746484539,,,
ue4_qfi9,179.25,244.25,250.5,253.75,ok,0.0,ok,ue3_qfi1,0,0,0,109.99999999999987,data,ok,2.0,False,,proxy,3,0,ue2_qfi2,0.993421052631579,152,150.0,ok,ue1_qfi2,13.378,ok,4,ok,4,ue3_qfi2,0.9579124,ok,0.9995263577903485,proxy,5,0.9983571806455898,63089913.6,ok,0.0022409090909090907,ok,0.9295363636363636,0.074271875,ok,ue3_qfi1,0.42857142857142855,49,100.0,data,ok,0.0,ue4_qfi9,74.5,ok,30.4,ue1_qfi2,0,0.0,0.0,30.303,ok,33.0,,pending,,pending,,,,,1.5,,,4,,Reservation,1746484539,,,
ue4_qfi9,28.0,65.0,72.0,77.25,ok,0.0,ok,ue1_qfi1,0,0,0,109.75000000000001,data,ok,2.0,False,,proxy,3,0,ue3_qfi2,0.993421052631579,152,150.0,ok,ue4_qfi2,20.869,ok,4,ok,4,ue3_qfi2,0.956642,ok,0.9998284439038146,proxy,5,0.9996799038996392,63411172.8,ok,0.003031818181818182,ok,0.9333352272727272,0.0356890625,ok,ue1_qfi1,0.4489795918367347,49,100.0,data,ok,0.0,ue2_qfi9,49.25,ok,30.2,ue3_qfi2,1,70.75,70.75,30.303,ok,33.0,,pending,,pending,,,,,1.5,,,4,,TwoTier,1746484539,,,
ue8_qfi9,298.0,300.0,300.25,300.25,ok,0.27686579562656505,ok,ue6_qfi1,0,0,0,136.49999999999994,data,ok,2.0,False,,proxy,3,0,ue1_qfi2,1.0,152,150.0,ok,ue8_qfi2,25.694,ok,8,ok,8,ue2_qfi2,0.9578576,ok,0.9543024085615089,proxy,5,0.9512408963531349,67414070.4,ok,0.004706818181818182,ok,0.9305852272727273,0.0377140625,ok,ue4_qfi1,0.5306122448979592,49,100.0,data,ok,0.0,ue6_qfi1,37.5,ok,30.4,ue1_qfi2,0,0.0,0.0,30.303,ok,33.0,,pending,,pending,,,,,1.0,,,8,,PF,1826701614,,,
ue8_qfi9,298.25,300.0,300.25,300.25,ok,0.2988019244354774,ok,ue3_qfi1,0,0,0,124.49999999999983,data,ok,2.0,False,,proxy,3,0,ue2_qfi2,0.993421052631579,152,150.0,ok,ue8_qfi2,23.033,ok,8,ok,8,ue2_qfi2,0.9569772,ok,0.9514627229538013,proxy,5,0.9490397521732957,66288822.4,ok,0.004277272727272728,ok,0.9315931818181818,0.118921875,ok,ue3_qfi1,0.46938775510204084,49,100.0,data,ok,0.0,ue8_qfi1,26.5,ok,30.2,ue8_qfi2,1,72.5,72.5,30.303,ok,33.0,,pending,,pending,,,,,1.0,,,8,,Reservation,1826701614,,,
ue3_qfi9,16.25,43.75,53.0,58.5,ok,0.36307484659081063,ok,ue1_qfi1,0,0,0,115.00000000000021,data,ok,2.0,False,,proxy,3,0,ue6_qfi2,0.0,147,150.0,ok,ue1_qfi2,24.114,ok,5,ok,8,ue6_qfi2,0.0,ok,0.7186851443945305,proxy,5,0.7186351373521844,59522280.0,ok,0.0054863636363636364,ok,0.9303704545454545,0.0381390625,ok,ue1_qfi1,0.5102040816326531,49,100.0,data,ok,0.0,ue3_qfi9,42.25,ok,30.4,ue1_qfi2,0,0.0,0.0,30.303,ok,33.0,,pending,,pending,,,,,1.0,,,8,,TwoTier,1826701614,,,
ue8_qfi9,297.5,299.75,300.0,300.25,ok,0.26603060152368824,ok,ue5_qfi1,0,0,0,140.74999999999972,data,ok,2.0,False,,proxy,3,0,ue1_qfi2,1.0,152,150.0,ok,ue6_qfi2,25.126,ok,8,ok,8,ue3_qfi2,0.959342,ok,0.9565440881646593,proxy,5,0.9451915468659646,68422590.4,ok,0.004922727272727273,ok,0.9315931818181818,0.034859375,ok,ue3_qfi1,0.46938775510204084,49,100.0,data,ok,0.0,ue5_qfi1,38.5,ok,30.4,ue1_qfi2,0,0.0,0.0,30.303,ok,33.0,,pending,,pending,,,,,1.0,,,8,,PF,1367864806,,,
ue8_qfi9,297.5,300.0,300.25,300.25,ok,0.28524553588117585,ok,ue3_qfi1,0,0,0,126.75000000000037,data,ok,2.0,False,,proxy,3,0,ue1_qfi2,1.0,152,150.0,ok,ue6_qfi2,24.148,ok,8,ok,8,ue3_qfi2,0.9558675999999999,ok,0.9546822615718689,proxy,5,0.9433153034704176,67508340.8,ok,0.004179545454545455,ok,0.9341704545454546,0.109434375,ok,ue2_qfi1,0.46938775510204084,49,100.0,data,ok,0.0,ue8_qfi1,33.25,ok,30.4,ue1_qfi2,0,0.0,0.0,30.303,ok,33.0,,pending,,pending,,,,,1.0,,,8,,Reservation,1367864806,,,
ue5_qfi9,22.0,56.75,65.75,71.75,ok,0.3649925588148902,ok,ue2_qfi1,0,0,0,112.49999999999983,data,ok,2.0,False,,proxy,3,0,ue6_qfi2,0.0,147,150.0,ok,ue4_qfi2,23.722,ok,5,ok,8,ue6_qfi2,0.0,ok,0.718697102389427,proxy,5,0.7186148668307233,59182825.6,ok,0.0051522727272727276,ok,0.9304147727272727,0.0334171875,ok,ue5_qfi1,0.4489795918367347,49,100.0,data,ok,0.0,ue2_qfi9,51.75,ok,30.2,ue1_qfi2,1,66.5,66.5,30.303,ok,33.0,,pending,,pending,,,,,1.0,,,8,,TwoTier,1367864806,,,
ue8_qfi9,298.0,300.0,300.0,300.25,ok,0.28292170398563943,ok,ue3_qfi1,0,0,0,121.75000000000003,data,ok,2.0,False,,proxy,3,0,ue2_qfi2,0.993421052631579,152,150.0,ok,ue3_qfi2,25.229,ok,8,ok,8,ue8_qfi2,0.9680356,ok,0.9531655167069714,proxy,5,0.9470962616944628,67031606.4,ok,0.005156818181818182,ok,0.9317522727272727,0.03578125,ok,ue6_qfi1,0.4897959183673469,49,100.0,data,ok,0.0,ue3_qfi1,25.0,ok,30.2,ue2_qfi2,1,69.0,69.0,30.303,ok,33.0,,pending,,pending,,,,,1.0,,,8,,PF,1097657231,,,
ue7_qfi9,297.0,300.0,300.25,300.25,ok,0.29193479579255505,ok,ue5_qfi1,0,0,0,200.00000000000017,data,ok,2.0,False,,proxy,3,0,ue8_qfi2,0.0,147,150.0,ok,ue1_qfi2,21.979,ok,7,ok,8,ue8_qfi2,0.0,ok,0.8864557310327456,proxy,5,0.8817135685238885,66181462.4,ok,0.004188636363636364,ok,0.9326159090909091,0.0936796875,ok,ue3_qfi1,0.46938775510204084,49,100.0,data,ok,0.0,ue4_qfi1,24.25,ok,30.4,ue1_qfi2,0,0.0,0.0,30.303,ok,33.0,,pending,,pending,,,,,1.0,,,8,,Reservation,1097657231,,,
ue5_qfi9,18.5,40.0,45.0,50.75,ok,0.3632742565810264,ok,ue3_qfi1,0,0,0,114.74999999999991,data,ok,2.0,False,,proxy,3,0,ue6_qfi2,0.0,147,150.0,ok,ue5_qfi2,21.585,ok,5,ok,8,ue6_qfi2,0.0,ok,0.7186465206983697,proxy,5,0.718608788374565,59617763.2,ok,0.0048386363636363635,ok,0.931696590909091,0.0349671875,ok,ue1_qfi1,0.42857142857142855,49,100.0,data,ok,0.0,ue1_qfi9,33.25,ok,30.4,ue1_qfi2,0,0.0,0.0,30.303,ok,33.0,,pending,,pending,,,,,1.0,,,8,,TwoTier,1097657231,,,
ue8_qfi9,297.75,300.0,300.0,300.25,ok,0.24882266520891325,ok,ue8_qfi1,0,0,0,127.99999999999967,data,ok,2.0,False,,proxy,3,0,ue1_qfi2,1.0,152,150.0,ok,ue8_qfi2,25.0,ok,8,ok,8,ue8_qfi2,0.9636376,ok,0.9622391910026387,proxy,5,0.9578634333020641,70044726.4,ok,0.004856818181818182,ok,0.9310068181818182,0.0344390625,ok,ue1_qfi1,0.4489795918367347,49,100.0,data,ok,0.0,ue8_qfi1,25.5,ok,30.4,ue1_qfi2,0,0.0,0.0,30.303,ok,33.0,,pending,,pending,,,,,1.0,,,8,,PF,579362555,,,
ue6_qfi9,288.75,299.75,300.0,300.25,ok,0.25057128624861186,ok,ue4_qfi1,0,0,0,119.24999999999963,data,ok,2.0,False,,proxy,3,0,ue8_qfi2,0.0,148,150.0,ok,ue2_qfi2,21.008,ok,7,ok,8,ue8_qfi2,0.0,ok,0.8933730218877967,proxy,5,0.8908622406727809,69736086.4,ok,0.004018181818181818,ok,0.9333965909090909,0.0893390625,ok,ue3_qfi1,0.4489795918367347,49,100.0,data,ok,0.0,ue5_qfi1,16.25,ok,30.4,ue1_qfi2,0,0.0,0.0,30.303,ok,33.0,,pending,,pending,,,,,1.0,,,8,,Reservation,579362555,,,
ue4_qfi9,15.75,43.25,51.0,56.5,ok,0.3627085601499061,ok,ue4_qfi1,0,0,0,115.00000000000021,data,ok,2.0,False,,proxy,3,0,ue6_qfi2,0.0,148,150.0,ok,ue4_qfi2,21.579,ok,5,ok,8,ue6_qfi2,0.0,ok,0.7186913378770254,proxy,5,0.7186717424453792,59696283.2,ok,0.005393181818181818,ok,0.9319715909090909,0.0357671875,ok,ue2_qfi1,0.46938775510204084,49,100.0,data,ok,0.0,ue4_qfi9,40.75,ok,30.4,ue3_qfi2,1,81.25,81.25,30.303,ok,33.0,,pending,,pending,,,,,1.0,,,8,,TwoTier,579362555,,,
ue8_qfi9,295.5,299.75,300.0,300.25,ok,0.24850919626020732,ok,ue3_qfi1,0,0,0,150.9999999999998,data,ok,2.0,False,,proxy,3,0,ue2_qfi2,0.993421052631579,152,150.0,ok,ue7_qfi2,24.165,ok,8,ok,8,ue8_qfi2,0.9537664,ok,0.9622582525690214,proxy,5,0.9551075974002187,69764577.6,ok,0.004979545454545454,ok,0.9323943181818182,0.0342203125,ok,ue1_qfi1,0.4897959183673469,49,100.0,data,ok,0.0,ue3_qfi1,47.75,ok,30.2,ue2_qfi2,1,68.0,68.0,30.303,ok,33.0,,pending,,pending,,,,,1.0,,,8,,PF,661058651,,,
ue4_qfi9,215.75,298.75,299.5,300.0,ok,0.2560672324711969,ok,ue6_qfi1,0,0,0,119.25000000000009,data,ok,2.0,False,,proxy,3,0,ue7_qfi2,0.0,147,150.0,ok,ue3_qfi2,19.5,ok,6,ok,8,ue7_qfi2,0.0,ok,0.810183818792769,proxy,5,0.8083532210679226,68646153.6,ok,0.0039590909090909095,ok,0.9326,0.0848109375,ok,ue2_qfi1,0.5102040816326531,49,100.0,data,ok,0.0,ue3_qfi9,223.25,ok,30.4,ue1_qfi2,0,0.0,0.0,30.303,ok,33.0,,pending,,pending,,,,,1.0,,,8,,Reservation,661058651,,,
ue7_qfi9,295.5,299.75,300.0,300.25,ok,0.24795252198685752,ok,ue3_qfi9,0,0,1,660.25,data,ok,2.0,False,,proxy,3,0,ue1_qfi2,1.0,152,150.0,ok,ue4_qfi2,81.713,ok,8,ok,8,ue8_qfi2,0.9537664,ok,0.9344181733749884,proxy,5,0.8989459393124742,69889467.2,ok,0.004511363636363636,ok,0.9322920454545455,0.033525,ok,ue4_qfi1,0.4,35,100.0,data,ok,0.0,ue8_qfi9,127.25,ok,30.0,ue4_qfi2,8,113.0,733.5,30.303,ok,33.0,,pending,,pending,,,,,1.0,,,8,,TwoTier,661058651,,,
ue8_qfi9,298.25,300.0,300.25,300.25,ok,0.2986655577069819,ok,ue4_qfi1,0,0,0,153.99999999999991,data,ok,2.0,False,,proxy,3,0,ue6_qfi2,0.993421052631579,152,150.0,ok,ue3_qfi2,25.288,ok,8,ok,8,ue3_qfi2,0.9638684000000001,ok,0.948442109807598,proxy,5,0.9432115605534025,65570259.2,ok,0.00505,ok,0.9323647727272727,0.0384328125,ok,ue1_qfi1,0.5102040816326531,49,100.0,data,ok,0.0,ue4_qfi1,49.5,ok,30.4,ue1_qfi2,0,0.0,0.0,30.303,ok,33.0,,pending,,pending,,,,,1.0,,,8,,PF,87989972,,,
ue7_qfi9,296.25,300.0,300.0,300.25,ok,0.3014489064727952,ok,ue1_qfi1,0,0,0,121.75000000000003,data,ok,2.0,False,,proxy,3,0,ue8_qfi2,0.0,147,150.0,ok,ue3_qfi2,22.788,ok,7,ok,8,ue8_qfi2,0.0,ok,0.8845720518560085,proxy,5,0.8802296189924912,65251856.0,ok,0.004459090909090909,ok,0.9315034090909091,0.0990546875,ok,ue6_qfi1,0.42857142857142855,49,100.0,data,ok,0.0,ue7_qfi1,47.5,ok,30.0,ue1_qfi2,2,72.75,139.0,30.303,ok,33.0,,pending,,pending,,,,,1.0,,,8,,Reservation,87989972,,,
ue7_qfi9,252.0,300.0,300.0,300.25,ok,0.29944684818548667,ok,ue2_qfi1,0,0,0,458.2499999999996,data,ok,2.0,False,,proxy,3,0,ue2_qfi2,0.9933333333333333,150,150.0,ok,ue7_qfi2,83.621,ok,7,ok,8,ue2_qfi2,0.9495844,ok,0.9060972161560343,proxy,5,0.8576911511796792,65267470.4,ok,0.005034090909090909,ok,0.9324420454545455,0.0377859375,ok,ue7_qfi1,0.3103448275862069,29,100.0,data,ok,0.0,ue8_qfi9,115.5,ok,30.2,ue5_qfi2,12,104.0,987.5,30.303,ok,33.0,,pending,,pending,,,,,1.0,,,8,,TwoTier,87989972,,,
ue8_qfi9,297.25,299.75,300.0,300.25,ok,0.27550726731076375,ok,ue5_qfi1,0,0,0,124.00000000000011,data,ok,2.0,False,,proxy,3,0,ue1_qfi2,1.0,152,150.0,ok,ue4_qfi2,26.553,ok,8,ok,8,ue3_qfi2,0.950306,ok,0.9537289830297535,proxy,5,0.9373969704563362,67460713.6,ok,0.004902272727272727,ok,0.9328954545454545,0.0369515625,ok,ue5_qfi1,0.46938775510204084,49,100.0,data,ok,0.0,ue1_qfi1,24.25,ok,30.4,ue1_qfi2,0,0.0,0.0,30.303,ok,33.0,,pending,,pending,,,,,1.0,,,8,,PF,161576974,,,
ue7_qfi9,295.0,299.75,300.0,300.25,ok,0.2942834610669451,ok,ue1_qfi1,0,0,0,122.2500000000002,data,ok,2.0,False,,proxy,3,0,ue8_qfi2,0.0,148,150.0,ok,ue1_qfi2,21.524,ok,7,ok,8,ue8_qfi2,0.0,ok,0.8847293654612421,proxy,5,0.8747098297684265,65744364.8,ok,0.004615909090909091,ok,0.934271590909091,0.0974640625,ok,ue1_qfi1,0.42857142857142855,49,100.0,data,ok,0.0,ue1_qfi1,18.0,ok,30.4,ue1_qfi2,0,0.0,0.0,30.303,ok,33.0,,pending,,pending,,,,,1.0,,,8,,Reservation,161576974,,,
ue1_qfi9,16.5,78.25,101.75,111.75,ok,0.3638641731064456,ok,ue1_qfi1,0,0,0,132.49999999999983,data,ok,2.0,False,,proxy,3,0,ue6_qfi2,0.0,147,150.0,ok,ue3_qfi2,31.557,ok,4,ok,8,ue6_qfi2,0.0,ok,0.7185641538361155,proxy,5,0.7183521503015288,59317948.8,ok,0.0051045454545454545,ok,0.9326772727272727,0.039590625,ok,ue2_qfi1,0.4897959183673469,49,100.0,data,ok,0.0,ue1_qfi9,95.25,ok,30.2,ue3_qfi2,2,71.75,139.5,30.303,ok,33.0,,pending,,pending,,,,,1.0,,,8,,TwoTier,161576974,,,
ue8_qfi9,298.0,300.0,300.25,300.25,ok,0.2924727803460798,ok,ue1_qfi1,0,0,0,118.24999999999974,data,ok,2.0,False,,proxy,3,0,ue2_qfi2,0.993421052631579,152,150.0,ok,ue5_qfi2,27.117,ok,8,ok,8,ue6_qfi2,0.9690408,ok,0.9500964252442554,proxy,5,0.9420392184478527,66189430.4,ok,0.0048386363636363635,ok,0.9343806818181818,0.0378953125,ok,ue1_qfi1,0.46938775510204084,49,100.0,data,ok,0.0,ue4_qfi1,20.25,ok,30.2,ue2_qfi2,1,67.75,67.75,30.303,ok,33.0,,pending,,pending,,,,,1.0,,,8,,PF,35492826,,,
ue8_qfi9,297.75,300.0,300.25,300.25,ok,0.31298573610087715,ok,ue2_qfi1,0,0,0,125.24999999999986,data,ok,2.0,False,,proxy,3,0,ue1_qfi2,1.0,152,150.0,ok,ue3_qfi2,24.169,ok,8,ok,8,ue6_qfi2,0.9624115999999999,ok,0.946958791563803,proxy,5,0.9376628503820489,65111737.6,ok,0.004243181818181818,ok,0.9308284090909091,0.1187140625,ok,ue2_qfi1,0.42857142857142855,49,100.0,data,ok,0.0,ue4_qfi1,20.0,ok,30.4,ue1_qfi2,0,0.0,0.0,30.303,ok,33.0,,pending,,pending,,,,,1.0,,,8,,Reservation,35492826,,,
ue5_qfi9,25.0,57.0,62.0,65.25,ok,0.36278672967790515,ok,ue5_qfi1,0,0,0,120.75000000000014,data,ok,2.0,False,,proxy,3,0,ue6_qfi2,0.0,147,150.0,ok,ue1_qfi2,24.236,ok,5,ok,8,ue6_qfi2,0.0,ok,0.7186987340600944,proxy,5,0.7186738255168156,59622276.8,ok,0.0051045454545454545,ok,0.9344102272727273,0.03814375,ok,ue1_qfi1,0.4897959183673469,49,100.0,data,ok,0.0,ue5_qfi9,40.25,ok,30.4,ue1_qfi2,0,0.0,0.0,30.303,ok,33.0,,pending,,pending,,,,,1.0,,,8,,TwoTier,35492826,,,
ue8_qfi9,297.25,300.0,300.0,300.25,ok,0.2767342514043939,ok,ue1_qfi1,0,0,0,139.0,data,ok,2.0,False,,proxy,3,0,ue1_qfi2,1.0,152,150.0,ok,ue1_qfi2,24.929,ok,8,ok,8,ue2_qfi2,0.9666928,ok,0.953978379126973,proxy,5,0.9466102058041659,67520502.4,ok,0.0046409090909090905,ok,0.9338352272727273,0.036971875,ok,ue8_qfi1,0.3877551020408163,49,100.0,data,ok,0.0,ue1_qfi1,40.75,ok,30.4,ue1_qfi2,0,0.0,0.0,30.303,ok,33.0,,pending,,pending,,,,,1.0,,,8,,PF,376383645,,,
ue7_qfi9,296.75,300.0,300.0,300.25,ok,0.2912108612503959,ok,ue6_qfi1,0,0,0,121.24999999999986,data,ok,2.0,False,,proxy,3,0,ue8_qfi2,0.0,148,150.0,ok,ue1_qfi2,21.624,ok,7,ok,8,ue8_qfi2,0.0,ok,0.8860605943177713,proxy,5,0.8771573690744221,66251804.8,ok,0.004134090909090909,ok,0.9348625,0.0970078125,ok,ue5_qfi1,0.4897959183673469,49,100.0,data,ok,0.0,ue2_qfi1,21.25,ok,30.4,ue1_qfi2,0,0.0,0.0,30.303,ok,33.0,,pending,,pending,,,,,1.0,,,8,,Reservation,376383645,,,
ue3_qfi9,19.25,52.25,59.25,63.25,ok,0.36351882224112114,ok,ue1_qfi1,0,0,0,119.49999999999994,data,ok,2.0,False,,proxy,3,0,ue6_qfi2,0.0,147,150.0,ok,ue5_qfi2,25.39,ok,5,ok,8,ue6_qfi2,0.0,ok,0.7186466977398004,proxy,5,0.7185986132705294,59612532.8,ok,0.005170454545454546,ok,0.9336420454545454,0.03781875,ok,ue1_qfi1,0.40816326530612246,49,100.0,data,ok,0.0,ue3_qfi9,44.0,ok,30.4,ue1_qfi2,0,0.0,0.0,30.303,ok,33.0,,pending,,pending,,,,,1.0,,,8,,TwoTier,376383645,,,
ue7_qfi9,297.75,300.0,300.0,300.25,ok,0.24764223402058153,ok,ue3_qfi1,0,0,0,119.00000000000021,data,ok,2.0,False,,proxy,3,0,ue5_qfi2,0.993421052631579,152,150.0,ok,ue3_qfi2,26.203,ok,8,ok,8,ue3_qfi2,0.9658652,ok,0.9625291709040674,proxy,5,0.9584684626720545,70001803.2,ok,0.0054181818181818185,ok,0.9338920454545454,0.0346359375,ok,ue5_qfi1,0.4489795918367347,49,100.0,data,ok,0.0,ue6_qfi1,19.5,ok,30.2,ue5_qfi2,1,71.0,71.0,30.303,ok,33.0,,pending,,pending,,,,,1.0,,,8,,PF,1746484539,,,
ue7_qfi9,296.0,300.0,300.0,300.25,ok,0.26624522018979246,ok,ue6_qfi1,0,0,0,123.24999999999963,data,ok,2.0,False,,proxy,3,0,ue8_qfi2,0.0,147,150.0,ok,ue2_qfi2,21.372,ok,7,ok,8,ue8_qfi2,0.0,ok,0.8909269259666667,proxy,5,0.8891916396815399,68256491.2,ok,0.004002272727272728,ok,0.9332170454545454,0.0918578125,ok,ue3_qfi1,0.46938775510204084,49,100.0,data,ok,0.0,ue7_qfi1,21.25,ok,30.4,ue1_qfi2,0,0.0,0.0,30.303,ok,33.0,,pending,,pending,,,,,1.0,,,8,,Reservation,1746484539,,,
ue7_qfi9,295.0,300.0,300.25,300.25,ok,0.2881572022960602,ok,ue1_qfi1,0,0,0,207.75000000000077,data,ok,2.0,False,,proxy,3,0,ue6_qfi2,0.5460526315789473,152,150.0,ok,ue8_qfi2,66.698,ok,5,ok,8,ue7_qfi2,0.5272532,ok,0.8530688041833443,proxy,5,0.7187199456470363,65777924.8,ok,0.005038636363636364,ok,0.9337534090909091,0.0344390625,ok,ue8_qfi1,0.44,25,100.0,data,ok,0.0,ue1_qfi9,284.5,ok,16.6,ue8_qfi2,6,94.25,462.25,30.303,ok,33.0,,pending,,pending,,,,,1.0,,,8,,TwoTier,1746484539,,,
ue4_qfi9,107.75,233.25,247.5,252.5,ok,0.0,ok,ue4_qfi1,0,0,0,126.50000000000006,data,ok,2.0,False,,proxy,3,0,ue1_qfi2,1.0,152,150.0,ok,ue4_qfi2,28.864,ok,7,ok,8,ue6_qfi2,0.945978,ok,0.9991471310677993,proxy,5,0.9986063506027941,63142104.0,ok,0.004890909090909091,ok,0.9192159090909091,0.05580625,ok,ue3_qfi1,0.5102040816326531,49,100.0,data,ok,0.0,ue4_qfi9,144.75,ok,30.4,ue1_qfi2,0,0.0,0.0,30.303,ok,33.0,,pending,,pending,,,,,0.5,,,8,,PF,1826701614,,,
ue4_qfi9,135.0,285.5,292.25,295.0,ok,0.0001467111544368374,ok,ue6_qfi1,0,0,0,124.49999999999983,data,ok,2.0,False,,proxy,3,0,ue8_qfi2,0.9933774834437086,151,150.0,ok,ue4_qfi2,23.041,ok,7,ok,8,ue6_qfi2,0.9458312,ok,0.9985106079221053,proxy,5,0.9973840880971906,62765008.0,ok,0.004134090909090909,ok,0.9314261363636364,0.0996015625,ok,ue1_qfi1,0.4489795918367347,49,100.0,data,ok,0.0,ue2_qfi9,194.75,ok,30.0,ue8_qfi2,1,72.75,72.75,30.303,ok,33.0,,pending,,pending,,,,,0.5,,,8,,Reservation,1826701614,,,
ue7_qfi9,47.75,124.25,158.75,177.25,ok,7.629124651275891e-06,ok,ue7_qfi1,0,0,0,170.74999999999994,data,ok,2.0,False,,proxy,3,0,ue1_qfi2,1.0,152,150.0,ok,ue6_qfi2,49.303,ok,7,ok,8,ue6_qfi2,0.9423596,ok,0.9994996359614394,proxy,5,0.9988100701183165,62916305.6,ok,0.005743181818181818,ok,0.9296670454545455,0.036890625,ok,ue3_qfi1,0.4489795918367347,49,100.0,data,ok,0.0,ue7_qfi9,129.5,ok,30.4,ue6_qfi2,9,109.0,695.75,30.303,ok,33.0,,pending,,pending,,,,,0.5,,,8,,TwoTier,1826701614,,,
ue8_qfi9,16.25,244.75,258.25,265.5,ok,0.0,ok,ue2_qfi1,0,0,0,129.0,data,ok,2.0,False,,proxy,3,0,ue5_qfi2,0.993421052631579,152,150.0,ok,ue4_qfi2,28.115,ok,8,ok,8,ue6_qfi2,0.9603052,ok,0.9994584778533673,proxy,5,0.9984369026912373,62994760.0,ok,0.004788636363636364,ok,0.9133170454545455,0.05635,ok,ue2_qfi1,0.46938775510204084,49,100.0,data,ok,0.0,ue8_qfi9,249.25,ok,30.2,ue7_qfi2,1,66.5,66.5,30.303,ok,33.0,,pending,,pending,,,,,0.5,,,8,,PF,1367864806,,,
ue8_qfi9,25.0,279.0,294.25,297.75,ok,0.0005785102429804098,ok,ue6_qfi1,0,0,0,125.49999999999972,data,ok,2.0,False,,proxy,3,0,ue1_qfi2,1.0,152,150.0,ok,ue2_qfi2,23.011,ok,8,ok,8,ue6_qfi2,0.9603052,ok,0.9992514620626354,proxy,5,0.9974931638646207,62836590.4,ok,0.0042204545454545455,ok,0.9330511363636363,0.0986078125,ok,ue4_qfi1,0.4897959183673469,49,100.0,data,ok,0.0,ue8_qfi9,272.75,ok,30.4,ue1_qfi2,0,0.0,0.0,30.303,ok,33.0,,pending,,pending,,,,,0.5,,,8,,Reservation,1367864806,,,
ue7_qfi9,44.75,87.0,112.75,134.5,ok,0.0,ok,ue7_qfi1,0,0,0,168.4999999999999,data,ok,2.0,False,,proxy,3,0,ue1_qfi2,1.0,152,150.0,ok,ue7_qfi2,45.364,ok,7,ok,8,ue6_qfi2,0.9493052,ok,0.999655649404394,proxy,5,0.9994728934825681,62877176.0,ok,0.005211363636363636,ok,0.9315465909090909,0.0366703125,ok,ue1_qfi1,0.46938775510204084,49,100.0,data,ok,0.0,ue5_qfi9,90.0,ok,30.0,ue6_qfi2,7,92.75,576.75,30.303,ok,33.0,,pending,,pending,,,,,0.5,,,8,,TwoTier,1367864806,,,
ue6_qfi9,33.0,281.75,292.75,296.0,ok,0.0005078662145440536,ok,ue6_qfi1,0,0,0,123.75000000000026,data,ok,2.0,False,,proxy,3,0,ue3_qfi2,0.993421052631579,152,150.0,ok,ue6_qfi2,27.704,ok,8,ok,8,ue5_qfi2,0.9606372,ok,0.9992846112132276,proxy,5,0.9984062539744081,62996768.0,ok,0.0054,ok,0.9269090909090909,0.0562359375,ok,ue1_qfi1,0.4897959183673469,49,100.0,data,ok,0.0,ue6_qfi9,263.0,ok,30.2,ue3_qfi2,1,70.0,70.0,30.303,ok,33.0,,pending,,pending,,,,,0.5,,,8,,PF,1097657231,,,
ue6_qfi9,40.0,295.25,297.75,298.75,ok,0.001975289331324771,ok,ue8_qfi1,0,0,0,127.49999999999994,data,ok,2.0,False,,proxy,3,0,ue2_qfi2,0.993421052631579,152,150.0,ok,ue7_qfi2,23.873,ok,8,ok,8,ue5_qfi2,0.9605468,ok,0.9986937291787962,proxy,5,0.9978883275713814,62810409.6,ok,0.0042204545454545455,ok,0.9323443181818182,0.103975,ok,ue2_qfi1,0.40816326530612246,49,100.0,data,ok,0.0,ue6_qfi9,258.75,ok,30.4,ue1_qfi2,0,0.0,0.0,30.303,ok,33.0,,pending,,pending,,,,,0.5,,,8,,Reservation,1097657231,,,
ue6_qfi9,57.0,116.75,134.0,144.75,ok,0.0,ok,ue3_qfi1,0,0,0,153.2499999999999,data,ok,2.0,False,,proxy,3,0,ue7_qfi2,0.9933774834437086,151,150.0,ok,ue5_qfi2,46.132,ok,8,ok,8,ue5_qfi2,0.9606372,ok,0.9997756775104488,proxy,5,0.9995402841988111,62925564.8,ok,0.004590909090909091,ok,0.9319715909090909,0.037696875,ok,ue2_qfi1,0.4489795918367347,49,100.0,data,ok,0.0,ue6_qfi9,87.75,ok,30.4,ue5_qfi2,7,84.0,533.25,30.303,ok,33.0,,pending,,pending,,,,,0.5,,,8,,TwoTier,1097657231,,,
ue4_qfi9,10.5,264.25,284.75,295.5,ok,0.0015240534100344537,ok,ue1_qfi1,0,0,0,124.0,data,ok,2.0,False,,proxy,3,0,ue4_qfi2,0.993421052631579,152,150.0,ok,ue4_qfi2,27.5,ok,8,ok,8,ue4_qfi2,0.961168,ok,0.9988961442682742,proxy,5,0.9978129041321396,62670937.6,ok,0.005393181818181818,ok,0.9232238636363637,0.058496875,ok,ue4_qfi1,0.46938775510204084,49,100.0,data,ok,0.0,ue4_qfi9,285.0,ok,30.4,ue1_qfi2,0,0.0,0.0,30.303,ok,33.0,,pending,,pending,,,,,0.5,,,8,,PF,579362555,,,
ue5_qfi9,37.0,295.75,298.25,299.25,ok,0.002646948834446576,ok,ue4_qfi1,0,0,0,127.5000000000004,data,ok,2.0,False,,proxy,3,0,ue7_qfi2,0.993421052631579,152,150.0,ok,ue4_qfi2,23.684,ok,8,ok,8,ue4_qfi2,0.962082,ok,0.9987630543548498,proxy,5,0.9971428397993419,62453697.6,ok,0.0043363636363636365,ok,0.9337829545454546,0.105425,ok,ue4_qfi1,0.42857142857142855,49,100.0,data,ok,0.0,ue4_qfi9,272.75,ok,30.4,ue1_qfi2,0,0.0,0.0,30.303,ok,33.0,,pending,,pending,,,,,0.5,,,8,,Reservation,579362555,,,
ue7_qfi9,57.5,136.0,156.0,170.75,ok,7.651984090606837e-06,ok,ue1_qfi1,0,0,0,160.00000000000014,data,ok,2.0,False,,proxy,3,0,ue1_qfi2,1.0,152,150.0,ok,ue7_qfi2,56.998,ok,8,ok,8,ue3_qfi2,0.9589624,ok,0.9995334229087398,proxy,5,0.9993967279423047,62728348.800000004,ok,0.004634090909090909,ok,0.9313045454545454,0.038775,ok,ue2_qfi1,0.4489795918367347,49,100.0,data,ok,0.0,ue7_qfi9,113.25,ok,30.0,ue7_qfi2,13,93.75,969.25,30.303,ok,33.0,,pending,,pending,,,,,0.5,,,8,,TwoTier,579362555,,,
ue6_qfi9,12.5,168.25,187.75,194.5,ok,0.0,ok,ue6_qfi1,0,0,0,122.74999999999991,data,ok,2.0,False,,proxy,3,0,ue1_qfi2,0.993421052631579,152,150.0,ok,ue1_qfi2,27.62,ok,8,ok,8,ue5_qfi2,0.95733,ok,0.9994203403035881,proxy,5,0.9989029662236821,63452876.8,ok,0.0049545454545454545,ok,0.9076295454545454,0.055265625,ok,ue5_qfi1,0.42857142857142855,49,100.0,data,ok,0.0,ue6_qfi9,182.0,ok,30.2,ue1_qfi2,0,0.0,0.0,30.303,ok,33.0,,pending,,pending,,,,,0.5,,,8,,PF,661058651,,,
ue6_qfi9,22.0,190.25,197.5,200.75,ok,0.0,ok,ue1_qfi1,0,0,0,196.4999999999999,data,ok,2.0,False,,proxy,3,0,ue1_qfi2,0.9868421052631579,152,150.0,ok,ue1_qfi2,22.324,ok,8,ok,8,ue5_qfi2,0.9588008,ok,0.9993887180992755,proxy,5,0.9992771214448541,63326404.8,ok,0.0042,ok,0.9313795454545455,0.0956515625,ok,ue3_qfi1,0.42857142857142855,49,100.0,data,ok,0.0,ue6_qfi9,178.75,ok,30.0,ue1_qfi2,2,69.0,136.5,30.303,ok,33.0,,pending,,pending,,,,,0.5,,,8,,Reservation,661058651,,,
ue7_qfi9,43.25,101.75,124.75,133.25,ok,0.0,ok,ue6_qfi1,0,0,0,159.2500000000001,data,ok,2.0,False,,proxy,3,0,ue1_qfi2,1.0,152,150.0,ok,ue7_qfi2,42.411,ok,8,ok,8,ue5_qfi2,0.9564408000000001,ok,0.9996919774362342,proxy,5,0.9995090491053851,63204291.2,ok,0.004995454545454545,ok,0.9328875,0.036178125,ok,ue2_qfi1,0.4489795918367347,49,100.0,data,ok,0.0,ue7_qfi9,90.0,ok,30.2,ue5_qfi2,4,105.0,313.25,30.303,ok,33.0,,pending,,pending,,,,,0.5,,,8,,TwoTier,661058651,,,
ue1_qfi9,12.25,276.5,289.75,294.75,ok,4.288426642201755e-05,ok,ue2_qfi1,0,0,0,123.75000000000026,data,ok,2.0,False,,proxy,3,0,ue1_qfi2,1.0,152,150.0,ok,ue7_qfi2,28.485,ok,8,ok,8,ue3_qfi2,0.9523764,ok,0.9990099928642643,proxy,5,0.9968679679174486,63089062.4,ok,0.004909090909090909,ok,0.9195,0.0567828125,ok,ue7_qfi1,0.46938775510204084,49,100.0,data,ok,0.0,ue1_qfi9,282.5,ok,30.4,ue1_qfi2,0,0.0,0.0,30.303,ok,33.0,,pending,,pending,,,,,0.5,,,8,,PF,87989972,,,
ue1_qfi9,20.5,295.0,298.25,299.25,ok,0.0015003302525092319,ok,ue6_qfi1,0,0,0,193.00000000000006,data,ok,2.0,False,,proxy,3,0,ue6_qfi2,0.993421052631579,152,150.0,ok,ue1_qfi2,23.222,ok,8,ok,8,ue8_qfi2,0.953636,ok,0.998308143611512,proxy,5,0.9954239354644698,62898427.199999996,ok,0.004277272727272728,ok,0.9319261363636364,0.1034734375,ok,ue5_qfi1,0.4489795918367347,49,100.0,data,ok,0.0,ue1_qfi9,278.75,ok,30.2,ue7_qfi2,1,69.75,69.75,30.303,ok,33.0,,pending,,pending,,,,,0.5,,,8,,Reservation,87989972,,,
ue1_qfi9,52.5,137.25,167.25,179.5,ok,0.0,ok,ue4_qfi1,0,0,0,174.49999999999966,data,ok,2.0,False,,proxy,3,0,ue8_qfi2,0.993421052631579,152,150.0,ok,ue8_qfi2,51.462,ok,8,ok,8,ue3_qfi2,0.951106,ok,0.9996360815333978,proxy,5,0.9992371876257584,62909864.0,ok,0.005554545454545454,ok,0.9324136363636364,0.03785,ok,ue1_qfi1,0.4489795918367347,49,100.0,data,ok,0.0,ue1_qfi9,127.0,ok,30.2,ue8_qfi2,10,102.75,793.25,30.303,ok,33.0,,pending,,pending,,,,,0.5,,,8,,TwoTier,87989972,,,
ue3_qfi9,15.25,269.0,279.25,285.0,ok,4.649927501103156e-05,ok,ue7_qfi1,0,0,0,123.75000000000026,data,ok,2.0,False,,proxy,3,0,ue4_qfi2,0.993421052631579,152,150.0,ok,ue8_qfi2,27.36,ok,8,ok,8,ue2_qfi2,0.9523648,ok,0.9996182985325254,proxy,5,0.9989257722184713,63241278.4,ok,0.005077272727272727,ok,0.9229181818181819,0.0558578125,ok,ue5_qfi1,0.3877551020408163,49,100.0,data,ok,0.0,ue3_qfi9,269.75,ok,30.2,ue4_qfi2,1,73.5,73.5,30.303,ok,33.0,,pending,,pending,,,,,0.5,,,8,,PF,161576974,,,
ue3_qfi9,22.25,290.0,295.5,298.0,ok,0.0009991825746538251,ok,ue3_qfi1,0,0,0,126.2500000000002,data,ok,2.0,False,,proxy,3,0,ue2_qfi2,0.993421052631579,152,150.0,ok,ue5_qfi2,23.711,ok,8,ok,8,ue2_qfi2,0.9516748,ok,0.9991077741678221,proxy,5,0.9979249414747489,62988763.2,ok,0.004188636363636364,ok,0.9345454545454546,0.1086140625,ok,ue4_qfi1,0.4489795918367347,49,100.0,data,ok,0.0,ue3_qfi9,275.75,ok,30.2,ue2_qfi2,1,73.75,73.75,30.303,ok,33.0,,pending,,pending,,,,,0.5,,,8,,Reservation,161576974,,,
ue3_qfi9,50.5,128.5,140.5,147.0,ok,0.0,ok,ue3_qfi1,0,0,0,224.99999999999966,data,ok,2.0,False,,proxy,3,0,ue3_qfi2,0.993421052631579,152,150.0,ok,ue6_qfi2,52.201,ok,8,ok,8,ue2_qfi2,0.9523648,ok,0.9995411876291319,proxy,5,0.9992627382096786,63141688.0,ok,0.0053318181818181815,ok,0.9330034090909091,0.0390375,ok,ue3_qfi1,0.4791666666666667,48,100.0,data,ok,0.0,ue3_qfi9,96.5,ok,30.4,ue6_qfi2,13,92.0,973.25,30.303,ok,33.0,,pending,,pending,,,,,0.5,,,8,,TwoTier,161576974,,,
ue2_qfi9,11.75,153.25,170.75,177.25,ok,0.0,ok,ue5_qfi1,0,0,0,127.49999999999994,data,ok,2.0,False,,proxy,3,0,ue6_qfi2,0.993421052631579,152,150.0,ok,ue2_qfi2,28.417,ok,8,ok,8,ue3_qfi2,0.9579584,ok,0.9996618014823613,proxy,5,0.9992882394995365,63483404.8,ok,0.004584090909090909,ok,0.916925,0.0575828125,ok,ue2_qfi1,0.4897959183673469,49,100.0,data,ok,0.0,ue2_qfi9,165.5,ok,30.2,ue6_qfi2,1,67.25,67.25,30.303,ok,33.0,,pending,,pending,,,,,0.5,,,8,,PF,35492826,,,
ue2_qfi9,60.0,229.0,244.25,250.0,ok,0.0,ok,ue5_qfi1,0,0,0,126.24999999999974,data,ok,2.0,False,,proxy,3,0,ue1_qfi2,1.0,152,150.0,ok,ue3_qfi2,22.617,ok,8,ok,8,ue3_qfi2,0.9577276,ok,0.9992620260989907,proxy,5,0.9982494043797674,63379075.2,ok,0.004240909090909091,ok,0.9321727272727273,0.098603125,ok,ue1_qfi1,0.4489795918367347,49,100.0,data,ok,0.0,ue2_qfi9,190.0,ok,30.4,ue1_qfi2,0,0.0,0.0,30.303,ok,33.0,,pending,,pending,,,,,0.5,,,8,,Reservation,35492826,,,
ue2_qfi9,46.25,94.25,108.25,114.25,ok,0.0,ok,ue3_qfi1,0,0,0,136.0000000000001,data,ok,2.0,False,,proxy,3,0,ue1_qfi2,0.993421052631579,152,150.0,ok,ue7_qfi2,40.136,ok,8,ok,8,ue3_qfi2,0.9579584,ok,0.9997238076532255,proxy,5,0.9995806826898757,63250993.6,ok,0.005459090909090909,ok,0.9337147727272728,0.0367265625,ok,ue2_qfi1,0.4489795918367347,49,100.0,data,ok,0.0,ue3_qfi9,68.25,ok,30.2,ue1_qfi2,5,79.0,380.5,30.303,ok,33.0,,pending,,pending,,,,,0.5,,,8,,TwoTier,35492826,,,
ue3_qfi9,12.0,293.75,297.25,298.75,ok,0.00332866922599782,ok,ue3_qfi1,0,0,0,138.74999999999994,data,ok,2.0,False,,proxy,3,0,ue6_qfi2,0.993421052631579,152,150.0,ok,ue2_qfi2,28.272,ok,8,ok,8,ue5_qfi2,0.9654888,ok,0.99805445747989,proxy,5,0.9962378168234642,63226038.4,ok,0.004884090909090909,ok,0.9209454545454545,0.0585640625,ok,ue6_qfi1,0.46938775510204084,49,100.0,data,ok,0.0,ue3_qfi9,286.75,ok,30.2,ue6_qfi2,1,67.25,67.25,30.303,ok,33.0,,pending,,pending,,,,,0.5,,,8,,PF,376383645,,,
ue2_qfi9,140.5,297.25,298.75,299.5,ok,0.00515505052280563,ok,ue3_qfi1,0,0,0,126.50000000000006,data,ok,2.0,False,,proxy,3,0,ue3_qfi2,0.9868421052631579,152,150.0,ok,ue2_qfi2,24.873,ok,8,ok,8,ue5_qfi2,0.9629056,ok,0.9983602470911274,proxy,5,0.996660590678381,62909766.4,ok,0.004313636363636363,ok,0.9348443181818182,0.1034140625,ok,ue3_qfi1,0.46938775510204084,49,100.0,data,ok,0.0,ue3_qfi9,275.25,ok,30.4,ue1_qfi2,0,0.0,0.0,30.303,ok,33.0,,pending,,pending,,,,,0.5,,,8,,Reservation,376383645,,,
ue3_qfi9,48.0,193.75,221.5,231.25,ok,0.0,ok,ue2_qfi1,0,0,0,173.74999999999963,data,ok,2.0,False,,proxy,3,0,ue1_qfi2,1.0,152,150.0,ok,ue7_qfi2,53.08,ok,8,ok,8,ue6_qfi2,0.964798,ok,0.9993296699347592,proxy,5,0.9988613677526488,63280497.6,ok,0.0047568181818181815,ok,0.9344295454545455,0.0385453125,ok,ue4_qfi1,0.46938775510204084,49,100.0,data,ok,0.0,ue3_qfi9,183.25,ok,30.4,ue4_qfi2,8,87.75,602.5,30.303,ok,33.0,,pending,,pending,,,,,0.5,,,8,,TwoTier,376383645,,,
ue4_qfi9,11.25,114.5,127.25,136.0,ok,0.0,ok,ue7_qfi1,0,0,0,127.00000000000023,data,ok,2.0,False,,proxy,3,0,ue1_qfi2,1.0,152,150.0,ok,ue2_qfi2,27.426,ok,8,ok,8,ue1_qfi2,0.962418,ok,0.9996575779988367,proxy,5,0.9994390316489571,63428147.2,ok,0.005047727272727272,ok,0.9108568181818182,0.0546515625,ok,ue4_qfi1,0.46938775510204084,49,100.0,data,ok,0.0,ue4_qfi9,124.75,ok,30.4,ue1_qfi2,0,0.0,0.0,30.303,ok,33.0,,pending,,pending,,,,,0.5,,,8,,PF,1746484539,,,
ue5_qfi9,24.25,134.25,141.75,145.75,ok,0.0,ok,ue3_qfi1,0,0,0,122.4999999999996,data,ok,2.0,False,,proxy,3,0,ue6_qfi2,0.993421052631579,152,150.0,ok,ue1_qfi2,24.126,ok,8,ok,8,ue1_qfi2,0.95897,ok,0.9994734671311158,proxy,5,0.9991005104237171,63305787.2,ok,0.004213636363636364,ok,0.9333318181818182,0.09908125,ok,ue1_qfi1,0.4489795918367347,49,100.0,data,ok,0.0,ue5_qfi9,121.5,ok,30.2,ue6_qfi2,1,80.0,80.0,30.303,ok,33.0,,pending,,pending,,,,,0.5,,,8,,Reservation,1746484539,,,
ue3_qfi9,42.75,98.5,119.5,130.5,ok,0.0,ok,ue8_qfi1,0,0,0,163.75000000000006,data,ok,2.0,False,,proxy,3,0,ue1_qfi2,1.0,152,150.0,ok,ue4_qfi2,44.655,ok,8,ok,8,ue1_qfi2,0.959424,ok,0.9995424471779206,proxy,5,0.9990978015519442,63158126.4,ok,0.005072727272727273,ok,0.9330079545454546,0.0367703125,ok,ue4_qfi1,0.3673469387755102,49,100.0,data,ok,0.0,ue3_qfi9,87.75,ok,30.4,ue4_qfi2,7,88.5,535.75,30.303,ok,33.0,,pending,,pending,,,,,0.5,,,8,,TwoTier,1746484539,,,
ue3_qfi9,295.25,299.75,300.0,300.25,ok,0.10928417977206457,ok,ue3_qfi1,0,0,0,132.24999999999997,data,ok,2.0,False,,proxy,3,0,ue1_qfi2,1.0,152,150.0,ok,ue1_qfi2,23.926,ok,8,ok,8,ue2_qfi2,0.96669,ok,0.9849989385684006,proxy,5,0.9806418285749916,68639393.6,ok,0.005690909090909091,ok,0.9306068181818182,0.03640625,ok,ue1_qfi1,0.46938775510204084,49,100.0,data,ok,0.0,ue7_qfi9,260.5,ok,30.4,ue1_qfi2,0,0.0,0.0,30.303,ok,33.0,,pending,,pending,,,,,0.75,,,8,,PF,1826701614,,,
ue5_qfi9,294.5,299.75,300.0,300.25,ok,0.12593382740653783,ok,ue8_qfi1,0,0,0,121.75000000000003,data,ok,2.0,False,,proxy,3,0,ue8_qfi2,0.993421052631579,152,150.0,ok,ue3_qfi2,22.421,ok,8,ok,8,ue1_qfi2,0.9659548,ok,0.9842282200008953,proxy,5,0.9783373108763598,67654452.8,ok,0.004034090909090909,ok,0.9310090909090909,0.11173125,ok,ue1_qfi1,0.46938775510204084,49,100.0,data,ok,0.0,ue7_qfi9,206.75,ok,30.4,ue1_qfi2,0,0.0,0.0,30.303,ok,33.0,,pending,,pending,,,,,0.75,,,8,,Reservation,1826701614,,,
ue5_qfi9,282.5,299.25,299.75,300.0,ok,0.11955811834539058,ok,ue3_qfi1,0,0,0,443.0000000000005,data,ok,2.0,False,,proxy,3,0,ue1_qfi2,1.0,152,150.0,ok,ue3_qfi2,76.25,ok,8,ok,8,ue6_qfi2,0.963176,ok,0.9669025506179508,proxy,5,0.9404829532072317,68346340.8,ok,0.0053704545454545454,ok,0.930275,0.0350046875,ok,ue3_qfi1,0.42105263157894735,38,100.0,data,ok,0.0,ue7_qfi9,139.25,ok,30.4,ue7_qfi2,9,100.0,727.0,30.303,ok,33.0,,pending,,pending,,,,,0.75,,,8,,TwoTier,1826701614,,,
ue8_qfi9,280.0,299.25,299.75,300.0,ok,0.09883468016825107,ok,ue4_qfi1,0,0,0,125.0,data,ok,2.0,False,,proxy,3,0,ue6_qfi2,0.993421052631579,152,150.0,ok,ue5_qfi2,25.629,ok,8,ok,8,ue3_qfi2,0.9563724,ok,0.9857676454768185,proxy,5,0.9813126773053944,69339592.0,ok,0.004738636363636363,ok,0.9319761363636364,0.03479375,ok,ue6_qfi1,0.40816326530612246,49,100.0,data,ok,0.0,ue7_qfi9,51.25,ok,30.2,ue6_qfi2,1,66.5,66.5,30.303,ok,33.0,,pending,,pending,,,,,0.75,,,8,,PF,1367864806,,,
ue8_qfi9,291.5,299.75,300.0,300.25,ok,0.1172132683366106,ok,ue5_qfi1,0,0,0,124.00000000000011,data,ok,2.0,False,,proxy,3,0,ue4_qfi2,0.993421052631579,152,150.0,ok,ue1_qfi2,23.479,ok,8,ok,8,ue3_qfi2,0.9563724,ok,0.9851693124086749,proxy,5,0.9806570682082084,68265816.0,ok,0.004247727272727273,ok,0.9339647727272727,0.1092875,ok,ue4_qfi1,0.4489795918367347,49,100.0,data,ok,0.0,ue1_qfi1,18.75,ok,30.4,ue1_qfi2,0,0.0,0.0,30.303,ok,33.0,,pending,,pending,,,,,0.75,,,8,,Reservation,1367864806,,,
ue5_qfi9,282.25,299.75,300.0,300.0,ok,0.11430625902527002,ok,ue5_qfi1,0,0,0,386.75000000000017,data,ok,2.0,False,,proxy,3,0,ue1_qfi2,1.0,152,150.0,ok,ue5_qfi2,76.249,ok,8,ok,8,ue5_qfi2,0.9547696,ok,0.9659479446626197,proxy,5,0.9584138906151698,68747268.8,ok,0.004918181818181818,ok,0.9314227272727272,0.03406875,ok,ue1_qfi1,0.4375,48,100.0,data,ok,0.0,ue7_qfi9,186.75,ok,30.2,ue5_qfi2,9,101.25,731.25,30.303,ok,33.0,,pending,,pending,,,,,0.75,,,8,,TwoTier,1367864806,,,
ue3_qfi9,295.75,299.75,300.0,300.25,ok,0.16185680577970482,ok,ue6_qfi1,0,0,0,128.0000000000001,data,ok,2.0,False,,proxy,3,0,ue4_qfi2,0.993421052631579,152,150.0,ok,ue3_qfi2,27.602,ok,8,ok,8,ue1_qfi2,0.962936,ok,0.9739240545863745,proxy,5,0.9682424841802395,64801374.4,ok,0.005277272727272728,ok,0.9321306818181818,0.0389234375,ok,ue5_qfi1,0.46938775510204084,49,100.0,data,ok,0.0,ue6_qfi1,24.0,ok,30.2,ue4_qfi2,1,70.75,70.75,30.303,ok,33.0,,pending,,pending,,,,,0.75,,,8,,PF,1097657231,,,
ue8_qfi9,295.25,300.0,300.0,300.25,ok,0.1778632939852676,ok,ue8_qfi1,0,0,0,128.24999999999997,data,ok,2.0,False,,proxy,3,0,ue6_qfi2,0.993421052631579,152,150.0,ok,ue3_qfi2,24.316,ok,8,ok,8,ue1_qfi2,0.9633608,ok,0.9734755142055871,proxy,5,0.9688038045338507,63928697.6,ok,0.004431818181818182,ok,0.9306568181818182,0.12245625,ok,ue6_qfi1,0.46938775510204084,49,100.0,data,ok,0.0,ue8_qfi1,23.0,ok,30.4,ue1_qfi2,0,0.0,0.0,30.303,ok,33.0,,pending,,pending,,,,,0.75,,,8,,Reservation,1097657231,,,
ue8_qfi9,180.75,299.0,299.75,300.0,ok,0.16393206543692992,ok,ue3_qfi1,0,0,0,477.50000000000006,data,ok,2.0,False,,proxy,3,0,ue6_qfi2,0.993421052631579,152,150.0,ok,ue3_qfi2,73.811,ok,8,ok,8,ue1_qfi2,0.957508,ok,0.9382412539020587,proxy,5,0.9167455672267837,64883152.0,ok,0.0048727272727272725,ok,0.9315488636363637,0.0377078125,ok,ue3_qfi1,0.45714285714285713,35,100.0,data,ok,0.0,ue4_qfi9,171.0,ok,30.4,ue7_qfi2,9,84.0,669.0,30.303,ok,33.0,,pending,,pending,,,,,0.75,,,8,,TwoTier,1097657231,,,
ue8_qfi9,293.75,299.5,300.0,300.0,ok,0.13303317000436515,ok,ue1_qfi1,0,0,0,141.2500000000003,data,ok,2.0,False,,proxy,3,0,ue1_qfi2,1.0,152,150.0,ok,ue8_qfi2,26.25,ok,8,ok,8,ue1_qfi2,0.9588376,ok,0.9809760512257204,proxy,5,0.9762429824627342,66935675.2,ok,0.004834090909090909,ok,0.9308784090909091,0.0377453125,ok,ue4_qfi1,0.5306122448979592,49,100.0,data,ok,0.0,ue5_qfi9,57.75,ok,30.4,ue1_qfi2,0,0.0,0.0,30.303,ok,33.0,,pending,,pending,,,,,0.75,,,8,,PF,579362555,,,
ue8_qfi9,294.25,299.75,300.0,300.25,ok,0.14985891495315862,ok,ue4_qfi1,0,0,0,125.0,data,ok,2.0,False,,proxy,3,0,ue7_qfi2,0.9933774834437086,151,150.0,ok,ue7_qfi2,23.575,ok,8,ok,8,ue1_qfi2,0.9592464,ok,0.9805875118805943,proxy,5,0.976462661941501,65911824.0,ok,0.0043022727272727275,ok,0.9327295454545455,0.1182515625,ok,ue2_qfi1,0.42857142857142855,49,100.0,data,ok,0.0,ue3_qfi1,20.0,ok,30.2,ue5_qfi2,1,74.0,74.0,30.303,ok,33.0,,pending,,pending,,,,,0.75,,,8,,Reservation,579362555,,,
ue8_qfi9,257.25,299.25,299.75,300.0,ok,0.1410502354975737,ok,ue1_qfi1,0,0,0,269.99999999999955,data,ok,2.0,False,,proxy,3,0,ue1_qfi2,1.0,151,150.0,ok,ue1_qfi2,50.577,ok,7,ok,8,ue1_qfi2,0.9499612,ok,0.9663441933165385,proxy,5,0.9557813919432602,66619809.6,ok,0.0046068181818181815,ok,0.9315113636363637,0.0368265625,ok,ue1_qfi1,0.46808510638297873,47,100.0,data,ok,0.0,ue6_qfi9,138.0,ok,30.2,ue5_qfi2,10,89.5,782.5,30.303,ok,33.0,,pending,,pending,,,,,0.75,,,8,,TwoTier,579362555,,,
ue8_qfi9,293.25,299.25,299.75,300.0,ok,0.11347973143516404,ok,ue6_qfi1,0,0,0,126.24999999999997,data,ok,2.0,False,,proxy,3,0,ue8_qfi2,0.993421052631579,152,150.0,ok,ue4_qfi2,26.5,ok,8,ok,8,ue4_qfi2,0.95983,ok,0.9858529594667124,proxy,5,0.9819433117359798,68296560.0,ok,0.004559090909090909,ok,0.9318636363636363,0.035540625,ok,ue1_qfi1,0.4489795918367347,49,100.0,data,ok,0.0,ue6_qfi9,93.0,ok,30.4,ue1_qfi2,0,0.0,0.0,30.303,ok,33.0,,pending,,pending,,,,,0.75,,,8,,PF,661058651,,,
ue3_qfi9,179.5,298.0,299.25,299.75,ok,0.135432235435953,ok,ue1_qfi1,0,0,0,121.49999999999972,data,ok,2.0,False,,proxy,3,0,ue8_qfi2,0.0,147,150.0,ok,ue4_qfi2,21.293,ok,7,ok,8,ue8_qfi2,0.0,ok,0.9040475001455348,proxy,5,0.9020005657453056,66900408.0,ok,0.004113636363636364,ok,0.9310761363636364,0.090575,ok,ue1_qfi1,0.46938775510204084,49,100.0,data,ok,0.0,ue2_qfi9,191.75,ok,30.4,ue1_qfi2,0,0.0,0.0,30.303,ok,33.0,,pending,,pending,,,,,0.75,,,8,,Reservation,661058651,,,
ue3_qfi9,288.75,299.5,300.0,300.0,ok,0.12200591961868086,ok,ue2_qfi1,0,0,0,403.7499999999996,data,ok,2.0,False,,proxy,3,0,ue4_qfi2,0.993421052631579,152,150.0,ok,ue2_qfi2,76.104,ok,8,ok,8,ue4_qfi2,0.9585596,ok,0.9662299399335339,proxy,5,0.9510797732350088,68069161.6,ok,0.004570454545454545,ok,0.9318147727272728,0.0347,ok,ue2_qfi1,0.4523809523809524,42,100.0,data,ok,0.0,ue7_qfi9,166.25,ok,30.4,ue6_qfi2,8,88.5,641.0,30.303,ok,33.0,,pending,,pending,,,,,0.75,,,8,,TwoTier,661058651,,,
ue2_qfi9,296.25,299.75,300.0,300.25,ok,0.14797225579666587,ok,ue8_qfi1,0,0,0,127.25000000000009,data,ok,2.0,False,,proxy,3,0,ue7_qfi2,0.993421052631579,152,150.0,ok,ue8_qfi2,26.367,ok,8,ok,8,ue8_qfi2,0.9691211999999999,ok,0.978926048865603,proxy,5,0.9760321894668407,65793680.0,ok,0.0054522727272727275,ok,0.9315,0.038875,ok,ue7_qfi1,0.46938775510204084,49,100.0,data,ok,0.0,ue7_qfi9,92.75,ok,30.4,ue1_qfi2,0,0.0,0.0,30.303,ok,33.0,,pending,,pending,,,,,0.75,,,8,,PF,87989972,,,
ue6_qfi9,288.5,299.25,299.75,300.0,ok,0.15729633717392838,ok,ue7_qfi1,0,0,0,123.7499999999998,data,ok,2.0,False,,proxy,3,0,ue8_qfi2,0.0,147,150.0,ok,ue2_qfi2,21.963,ok,7,ok,8,ue8_qfi2,0.0,ok,0.9014795879794043,proxy,5,0.9000426148230185,64770640.0,ok,0.004515909090909091,ok,0.9323625,0.0986015625,ok,ue2_qfi1,0.4489795918367347,49,100.0,data,ok,0.0,ue7_qfi9,240.25,ok,30.2,ue1_qfi2,1,69.25,69.25,30.303,ok,33.0,,pending,,pending,,,,,0.75,,,8,,Reservation,87989972,,,
ue2_qfi9,295.75,299.75,300.0,300.25,ok,0.15387854491917793,ok,ue2_qfi1,0,0,1,610.5,data,ok,2.0,False,,proxy,3,0,ue8_qfi2,0.993421052631579,152,150.0,ok,ue2_qfi2,81.05,ok,8,ok,8,ue2_qfi2,0.9604252,ok,0.952275963659147,proxy,5,0.9318322178123923,65583363.2,ok,0.005084090909090909,ok,0.9323090909090909,0.03801875,ok,ue4_qfi1,0.40816326530612246,49,100.0,data,ok,0.0,ue7_qfi9,175.25,ok,30.4,ue7_qfi2,5,85.75,396.0,30.303,ok,33.0,,pending,,pending,,,,,0.75,,,8,,TwoTier,87989972,,,
ue7_qfi9,294.75,299.5,300.0,300.0,ok,0.11584424130836513,ok,ue3_qfi1,0,0,0,128.49999999999983,data,ok,2.0,False,,proxy,3,0,ue8_qfi2,0.993421052631579,152,150.0,ok,ue8_qfi2,25.418,ok,8,ok,8,ue7_qfi2,0.9522444,ok,0.984858340244231,proxy,5,0.9823589565046467,68173576.0,ok,0.005465909090909091,ok,0.9332170454545454,0.0357484375,ok,ue1_qfi1,0.4489795918367347,49,100.0,data,ok,0.0,ue8_qfi9,55.25,ok,30.2,ue8_qfi2,1,69.75,69.75,30.303,ok,33.0,,pending,,pending,,,,,0.75,,,8,,PF,161576974,,,
ue7_qfi9,294.75,299.75,300.0,300.25,ok,0.13479352087910967,ok,ue7_qfi1,0,0,0,125.24999999999986,data,ok,2.0,False,,proxy,3,0,ue1_qfi2,1.0,152,150.0,ok,ue8_qfi2,23.418,ok,8,ok,8,ue7_qfi2,0.9521712,ok,0.9836619511149536,proxy,5,0.9816500229205727,67103705.6,ok,0.004229545454545455,ok,0.9335613636363637,0.1118171875,ok,ue3_qfi1,0.42857142857142855,49,100.0,data,ok,0.0,ue8_qfi1,28.5,ok,30.4,ue1_qfi2,0,0.0,0.0,30.303,ok,33.0,,pending,,pending,,,,,0.75,,,8,,Reservation,161576974,,,
ue4_qfi9,225.0,299.75,300.0,300.25,ok,0.13385591476067504,ok,ue4_qfi1,0,0,0,293.00000000000017,data,ok,2.0,False,,proxy,3,0,ue7_qfi2,0.9933774834437086,151,150.0,ok,ue4_qfi2,64.402,ok,7,ok,8,ue7_qfi2,0.9453388,ok,0.9530738480678131,proxy,5,0.9340680319560545,67323334.4,ok,0.004972727272727273,ok,0.9325636363636364,0.0355671875,ok,ue6_qfi1,0.4666666666666667,45,100.0,data,ok,0.0,ue5_qfi9,190.25,ok,30.4,ue8_qfi2,7,92.25,515.0,30.303,ok,33.0,,pending,,pending,,,,,0.75,,,8,,TwoTier,161576974,,,
ue5_qfi9,295.75,299.75,300.0,300.25,ok,0.1079898964964963,ok,ue5_qfi1,0,0,0,130.5,data,ok,2.0,False,,proxy,3,0,ue7_qfi2,0.993421052631579,152,150.0,ok,ue5_qfi2,24.953,ok,8,ok,8,ue2_qfi2,0.9612304,ok,0.9862297572504257,proxy,5,0.9815341737046386,68848684.8,ok,0.0047568181818181815,ok,0.9342943181818182,0.0357421875,ok,ue1_qfi1,0.4489795918367347,49,100.0,data,ok,0.0,ue8_qfi9,52.25,ok,30.4,ue1_qfi2,0,0.0,0.0,30.303,ok,33.0,,pending,,pending,,,,,0.75,,,8,,PF,35492826,,,
ue5_qfi9,295.75,300.0,300.0,300.25,ok,0.1281644330610784,ok,ue6_qfi1,0,0,0,123.7499999999998,data,ok,2.0,False,,proxy,3,0,ue1_qfi2,0.993421052631579,152,150.0,ok,ue4_qfi2,24.0,ok,8,ok,8,ue2_qfi2,0.961332,ok,0.9847891908069333,proxy,5,0.980849870080916,67509340.8,ok,0.004209090909090909,ok,0.931175,0.1120171875,ok,ue1_qfi1,0.4489795918367347,49,100.0,data,ok,0.0,ue1_qfi1,19.75,ok,30.2,ue1_qfi2,0,0.0,0.0,30.303,ok,33.0,,pending,,pending,,,,,0.75,,,8,,Reservation,35492826,,,
ue5_qfi9,294.5,299.75,300.0,300.25,ok,0.12081411713491085,ok,ue5_qfi1,0,0,0,366.24999999999994,data,ok,2.0,False,,proxy,3,0,ue3_qfi2,0.993421052631579,152,150.0,ok,ue5_qfi2,76.077,ok,8,ok,8,ue2_qfi2,0.9613896,ok,0.9641463880271852,proxy,5,0.9502483103813811,68223428.8,ok,0.005090909090909091,ok,0.9348977272727272,0.0349609375,ok,ue2_qfi1,0.46938775510204084,49,100.0,data,ok,0.0,ue6_qfi9,150.5,ok,30.4,ue8_qfi2,8,92.25,602.0,30.303,ok,33.0,,pending,,pending,,,,,0.75,,,8,,TwoTier,35492826,,,
ue8_qfi9,260.0,298.75,299.5,300.0,ok,0.11260283069223252,ok,ue3_qfi1,0,0,0,131.7499999999998,data,ok,2.0,False,,proxy,3,0,ue1_qfi2,1.0,152,150.0,ok,ue4_qfi2,24.979,ok,8,ok,8,ue7_qfi2,0.962372,ok,0.984485176293482,proxy,5,0.9801580647239561,68333886.4,ok,0.004847727272727273,ok,0.9345147727272727,0.0356515625,ok,ue5_qfi1,0.42857142857142855,49,100.0,data,ok,0.0,ue2_qfi9,217.5,ok,30.4,ue1_qfi2,0,0.0,0.0,30.303,ok,33.0,,pending,,pending,,,,,0.75,,,8,,PF,376383645,,,
ue7_qfi9,293.75,299.75,300.0,300.25,ok,0.1305757070953391,ok,ue2_qfi1,0,0,0,124.50000000000028,data,ok,2.0,False,,proxy,3,0,ue3_qfi2,0.993421052631579,152,150.0,ok,ue4_qfi2,23.873,ok,8,ok,8,ue7_qfi2,0.9625492,ok,0.9837538151252747,proxy,5,0.9778736421031445,67339459.2,ok,0.004370454545454545,ok,0.9350784090909091,0.1113984375,ok,ue5_qfi1,0.42857142857142855,49,100.0,data,ok,0.0,ue2_qfi9,49.0,ok,30.2,ue3_qfi2,1,72.5,72.5,30.303,ok,33.0,,pending,,pending,,,,,0.75,,,8,,Reservation,376383645,,,
ue4_qfi9,287.25,299.25,299.75,300.0,ok,0.12079737839621559,ok,ue4_qfi1,0,0,0,365.25000000000006,data,ok,2.0,False,,proxy,3,0,ue1_qfi2,1.0,152,150.0,ok,ue4_qfi2,76.92,ok,8,ok,8,ue7_qfi2,0.9625492,ok,0.9594626951015389,proxy,5,0.9257888027135873,67916371.2,ok,0.005581818181818182,ok,0.9344363636363636,0.0347796875,ok,ue4_qfi1,0.4166666666666667,36,100.0,data,ok,0.0,ue2_qfi9,174.25,ok,30.4,ue8_qfi2,8,93.75,602.5,30.303,ok,33.0,,pending,,pending,,,,,0.75,,,8,,TwoTier,376383645,,,
ue8_qfi9,294.0,299.5,300.0,300.0,ok,0.11678607705473383,ok,ue5_qfi1,0,0,0,129.49999999999972,data,ok,2.0,False,,proxy,3,0,ue5_qfi2,0.993421052631579,152,150.0,ok,ue5_qfi2,25.162,ok,8,ok,8,ue8_qfi2,0.9604224,ok,0.9834973454883483,proxy,5,0.9724668924705052,68094580.8,ok,0.005613636363636364,ok,0.9336613636363637,0.035646875,ok,ue7_qfi1,0.46938775510204084,49,100.0,data,ok,0.0,ue1_qfi9,27.75,ok,30.2,ue5_qfi2,1,70.0,70.0,30.303,ok,33.0,,pending,,pending,,,,,0.75,,,8,,PF,1746484539,,,
ue8_qfi9,294.75,299.75,300.0,300.25,ok,0.1377073791846066,ok,ue5_qfi1,0,0,0,123.49999999999994,data,ok,2.0,False,,proxy,3,0,ue7_qfi2,0.9868421052631579,152,150.0,ok,ue4_qfi2,23.314,ok,8,ok,8,ue8_qfi2,0.9604224,ok,0.9818956678833708,proxy,5,0.9692309195215539,66759867.2,ok,0.004238636363636364,ok,0.9317011363636364,0.1119859375,ok,ue2_qfi1,0.4489795918367347,49,100.0,data,ok,0.0,ue3_qfi1,20.5,ok,30.0,ue7_qfi2,1,68.25,68.25,30.303,ok,33.0,,pending,,pending,,,,,0.75,,,8,,Reservation,1746484539,,,
ue8_qfi9,180.75,298.5,299.5,300.0,ok,0.1293284305802489,ok,ue1_qfi1,0,0,0,235.7500000000001,data,ok,2.0,False,,proxy,3,0,ue5_qfi2,0.993421052631579,152,150.0,ok,ue1_qfi2,56.821,ok,8,ok,8,ue8_qfi2,0.9581648,ok,0.9647599067494801,proxy,5,0.9419044941559853,67496572.8,ok,0.0056068181818181816,ok,0.9339397727272727,0.0348390625,ok,ue5_qfi1,0.46938775510204084,49,100.0,data,ok,0.0,ue6_qfi9,149.0,ok,30.4,ue1_qfi2,5,101.0,428.5,30.303,ok,33.0,,pending,,pending,,,,,0.75,,,8,,TwoTier,1746484539,,,
ue8_qfi9,299.25,300.25,300.25,300.25,ok,0.4622075813472111,ok,ue3_qfi1,0,0,0,130.24999999999974,data,ok,2.0,False,,proxy,3,0,ue1_qfi2,1.0,152,150.0,ok,ue5_qfi2,24.583,ok,8,ok,8,ue1_qfi2,0.9580148,ok,0.9109530901781057,proxy,5,0.90769506184844,69286980.8,ok,0.004656818181818182,ok,0.9306488636363637,0.035884375,ok,ue5_qfi1,0.4489795918367347,49,100.0,data,ok,0.0,ue3_qfi1,28.75,ok,30.4,ue1_qfi2,0,0.0,0.0,30.303,ok,33.0,,pending,,pending,,,,,1.5,,,8,,PF,1826701614,,,
ue6_qfi9,298.75,300.0,300.25,300.25,ok,0.4772758487690243,ok,ue3_qfi1,0,0,0,118.25000000000018,data,ok,2.0,False,,proxy,3,0,ue7_qfi2,0.0,147,150.0,ok,ue4_qfi2,19.091,ok,6,ok,8,ue7_qfi2,0.0,ok,0.784444218247474,proxy,5,0.7825110150019734,67085008.0,ok,0.004261363636363636,ok,0.9318261363636363,0.09528125,ok,ue2_qfi1,0.4489795918367347,49,100.0,data,ok,0.0,ue5_qfi1,16.25,ok,30.2,ue3_qfi2,1,70.0,70.0,30.303,ok,33.0,,pending,,pending,,,,,1.5,,,8,,Reservation,1826701614,,,
ue1_qfi9,291.75,300.0,300.25,300.25,ok,0.45190700916018933,ok,ue5_qfi1,0,0,0,136.75,data,ok,2.0,False,,proxy,3,0,ue6_qfi2,0.0,147,150.0,ok,ue5_qfi2,37.388,ok,5,ok,8,ue6_qfi2,0.0,ok,0.7041710995053965,proxy,5,0.6984749050290594,67809369.6,ok,0.0054,ok,0.9303181818181818,0.036821875,ok,ue1_qfi1,0.40816326530612246,49,100.0,data,ok,0.0,ue3_qfi9,189.0,ok,30.4,ue5_qfi2,6,112.5,461.25,30.303,ok,33.0,,pending,,pending,,,,,1.5,,,8,,TwoTier,1826701614,,,
ue8_qfi9,299.25,300.25,300.25,300.25,ok,0.4758138564999729,ok,ue1_qfi1,0,0,0,144.99999999999957,data,ok,2.0,False,,proxy,3,0,ue8_qfi2,0.993421052631579,152,150.0,ok,ue1_qfi2,25.494,ok,8,ok,8,ue5_qfi2,0.957122,ok,0.9056309876494277,proxy,5,0.8987004765256761,67707200.0,ok,0.004956818181818182,ok,0.9316636363636364,0.0361890625,ok,ue3_qfi1,0.4489795918367347,49,100.0,data,ok,0.0,ue1_qfi1,39.0,ok,30.2,ue8_qfi2,1,72.25,72.25,30.303,ok,33.0,,pending,,pending,,,,,1.5,,,8,,PF,1367864806,,,
ue6_qfi9,298.25,300.0,300.25,300.25,ok,0.4695763318815263,ok,ue6_qfi1,0,0,0,121.49999999999972,data,ok,2.0,False,,proxy,3,0,ue7_qfi2,0.0,147,150.0,ok,ue1_qfi2,18.896,ok,6,ok,8,ue7_qfi2,0.0,ok,0.7858968533550623,proxy,5,0.7809030765529834,67860982.4,ok,0.004095454545454545,ok,0.9325534090909091,0.08846875,ok,ue4_qfi1,0.46938775510204084,49,100.0,data,ok,0.0,ue6_qfi1,16.25,ok,30.4,ue1_qfi2,0,0.0,0.0,30.303,ok,33.0,,pending,,pending,,,,,1.5,,,8,,Reservation,1367864806,,,
ue1_qfi9,298.75,300.0,300.25,300.25,ok,0.4482427212030703,ok,ue1_qfi1,0,0,0,270.0,data,ok,2.0,False,,proxy,3,0,ue6_qfi2,0.0,147,150.0,ok,ue1_qfi2,44.303,ok,5,ok,8,ue6_qfi2,0.0,ok,0.6997173287876405,proxy,5,0.6889881073698688,68021572.8,ok,0.004956818181818182,ok,0.9318465909090909,0.034471875,ok,ue1_qfi1,0.43478260869565216,46,100.0,data,ok,0.0,ue4_qfi9,156.75,ok,30.4,ue5_qfi2,7,116.0,553.5,30.303,ok,33.0,,pending,,pending,,,,,1.5,,,8,,TwoTier,1367864806,,,
ue8_qfi9,299.25,300.25,300.25,300.25,ok,0.4920607366013398,ok,ue1_qfi1,0,0,0,165.99999999999991,data,ok,2.0,False,,proxy,3,0,ue2_qfi2,0.993421052631579,152,150.0,ok,ue1_qfi2,30.075,ok,8,ok,8,ue5_qfi2,0.9557135999999999,ok,0.8983457176438296,proxy,5,0.8861683307628996,65501142.4,ok,0.005456818181818182,ok,0.9316818181818182,0.038646875,ok,ue1_qfi1,0.4897959183673469,49,100.0,data,ok,0.0,ue1_qfi1,78.25,ok,30.2,ue2_qfi2,1,66.25,66.25,30.303,ok,33.0,,pending,,pending,,,,,1.5,,,8,,PF,1097657231,,,
ue6_qfi9,299.0,300.0,300.25,300.25,ok,0.49392577486317024,ok,ue1_qfi1,0,0,0,119.25000000000009,data,ok,2.0,False,,proxy,3,0,ue7_qfi2,0.0,147,150.0,ok,ue6_qfi2,23.165,ok,6,ok,8,ue7_qfi2,0.0,ok,0.780076105529339,proxy,5,0.7695991842531203,65050886.4,ok,0.004513636363636364,ok,0.9311693181818181,0.0971265625,ok,ue1_qfi1,0.4489795918367347,49,100.0,data,ok,0.0,ue6_qfi2,69.275,ok,30.4,ue1_qfi2,0,0.0,0.0,30.303,ok,33.0,,pending,,pending,,,,,1.5,,,8,,Reservation,1097657231,,,
ue1_qfi9,296.5,300.0,300.25,300.25,ok,0.46594756877677157,ok,ue1_qfi1,0,0,0,299.99999999999983,data,ok,2.0,False,,proxy,3,0,ue6_qfi2,0.0,148,150.0,ok,ue1_qfi2,70.543,ok,4,ok,8,ue6_qfi2,0.0,ok,0.6937884225268205,proxy,5,0.6771754232862266,65843366.4,ok,0.005234090909090909,ok,0.9314988636363636,0.037209375,ok,ue1_qfi1,0.5,38,100.0,data,ok,0.0,ue4_qfi9,188.5,ok,30.2,ue5_qfi2,8,112.75,653.0,30.303,ok,33.0,,pending,,pending,,,,,1.5,,,8,,TwoTier,1097657231,,,
ue8_qfi9,299.0,300.25,300.25,300.25,ok,0.4604077256451762,ok,ue3_qfi1,0,0,0,200.4999999999999,data,ok,2.0,False,,proxy,3,0,ue3_qfi2,0.993421052631579,152,150.0,ok,ue3_qfi2,25.964,ok,8,ok,8,ue1_qfi2,0.9536372,ok,0.9119975905034675,proxy,5,0.9052842484240669,69409704.0,ok,0.004859090909090909,ok,0.9309897727272727,0.0331625,ok,ue3_qfi1,0.4583333333333333,48,100.0,data,ok,0.0,ue4_qfi1,19.75,ok,30.2,ue3_qfi2,1,69.75,69.75,30.303,ok,33.0,,pending,,pending,,,,,1.5,,,8,,PF,579362555,,,
ue6_qfi9,298.25,300.0,300.25,300.25,ok,0.4650600347251886,ok,ue2_qfi1,0,0,0,122.50000000000006,data,ok,2.0,False,,proxy,3,0,ue7_qfi2,0.0,147,150.0,ok,ue3_qfi2,18.788,ok,6,ok,8,ue7_qfi2,0.0,ok,0.7866213030078569,proxy,5,0.7828538988802823,68245860.8,ok,0.004179545454545455,ok,0.9322420454545455,0.086415625,ok,ue3_qfi1,0.4489795918367347,49,100.0,data,ok,0.0,ue2_qfi1,18.25,ok,30.2,ue2_qfi2,1,73.5,73.5,30.303,ok,33.0,,pending,,pending,,,,,1.5,,,8,,Reservation,579362555,,,
ue3_qfi9,270.0,299.75,300.0,300.25,ok,0.44303081097659874,ok,ue5_qfi1,0,0,0,152.74999999999972,data,ok,2.0,False,,proxy,3,0,ue6_qfi2,0.0,147,150.0,ok,ue5_qfi2,40.154,ok,5,ok,8,ue6_qfi2,0.0,ok,0.7079828051831919,proxy,5,0.7038950674360785,68449849.6,ok,0.004822727272727273,ok,0.9311829545454545,0.0342140625,ok,ue2_qfi1,0.46938775510204084,49,100.0,data,ok,0.0,ue1_qfi9,181.25,ok,30.4,ue5_qfi2,5,112.25,421.5,30.303,ok,33.0,,pending,,pending,,,,,1.5,,,8,,TwoTier,579362555,,,
ue8_qfi9,299.25,300.25,300.25,300.25,ok,0.4575237697207575,ok,ue1_qfi1,0,0,0,128.75000000000014,data,ok,2.0,False,,proxy,3,0,ue1_qfi2,1.0,152,150.0,ok,ue2_qfi2,26.503,ok,8,ok,8,ue6_qfi2,0.9570816,ok,0.9139022862303161,proxy,5,0.9100424074119455,69934129.6,ok,0.004468181818181818,ok,0.9324511363636364,0.0333953125,ok,ue6_qfi1,0.4489795918367347,49,100.0,data,ok,0.0,ue1_qfi1,26.25,ok,30.4,ue1_qfi2,0,0.0,0.0,30.303,ok,33.0,,pending,,pending,,,,,1.5,,,8,,PF,661058651,,,
ue6_qfi9,299.0,300.25,300.25,300.25,ok,0.4586624270770965,ok,ue6_qfi1,0,0,0,121.50000000000017,data,ok,2.0,False,,proxy,3,0,ue7_qfi2,0.0,147,150.0,ok,ue6_qfi2,24.17,ok,5,ok,8,ue7_qfi2,0.0,ok,0.7669111191782045,proxy,5,0.7138438237688389,68452868.8,ok,0.004136363636363636,ok,0.9332772727272727,0.0869796875,ok,ue1_qfi1,0.46938775510204084,49,100.0,data,ok,0.0,ue6_qfi2,108.38,ok,30.4,ue1_qfi2,0,0.0,0.0,30.303,ok,33.0,,pending,,pending,,,,,1.5,,,8,,Reservation,661058651,,,
ue2_qfi9,294.5,300.0,300.25,300.25,ok,0.44603823177400487,ok,ue5_qfi1,0,0,0,126.75,data,ok,2.0,False,,proxy,3,0,ue6_qfi2,0.0,147,150.0,ok,ue5_qfi2,39.213,ok,5,ok,8,ue6_qfi2,0.0,ok,0.706705302665551,proxy,5,0.7045954720128885,68488704.0,ok,0.004454545454545455,ok,0.932175,0.0340078125,ok,ue4_qfi1,0.42857142857142855,49,100.0,data,ok,0.0,ue3_qfi9,186.0,ok,30.4,ue5_qfi2,6,111.5,481.25,30.303,ok,33.0,,pending,,pending,,,,,1.5,,,8,,TwoTier,661058651,,,
ue8_qfi9,299.25,300.25,300.25,300.25,ok,0.4771387556681166,ok,ue3_qfi1,0,0,0,121.24999999999986,data,ok,2.0,False,,proxy,3,0,ue7_qfi2,0.993421052631579,152,150.0,ok,ue3_qfi2,27.029,ok,8,ok,8,ue3_qfi2,0.9686984000000001,ok,0.905683157797187,proxy,5,0.9005564849717738,67546350.4,ok,0.004925,ok,0.9324443181818182,0.0374078125,ok,ue2_qfi1,0.4489795918367347,49,100.0,data,ok,0.0,ue3_qfi2,20.009,ok,30.2,ue7_qfi2,1,66.5,66.5,30.303,ok,33.0,,pending,,pending,,,,,1.5,,,8,,PF,87989972,,,
ue6_qfi9,299.0,300.0,300.25,300.25,ok,0.4781843295078987,ok,ue1_qfi1,0,0,0,119.75000000000024,data,ok,2.0,False,,proxy,3,0,ue7_qfi2,0.0,147,150.0,ok,ue6_qfi2,19.056,ok,5,ok,8,ue7_qfi2,0.0,ok,0.7789181628847139,proxy,5,0.7635096572724466,66657617.6,ok,0.004168181818181818,ok,0.9334113636363637,0.094140625,ok,ue5_qfi1,0.4489795918367347,49,100.0,data,ok,0.0,ue6_qfi2,113.831,ok,30.4,ue1_qfi2,0,0.0,0.0,30.303,ok,33.0,,pending,,pending,,,,,1.5,,,8,,Reservation,87989972,,,
ue3_qfi9,289.25,300.0,300.25,300.25,ok,0.458930790777413,ok,ue1_qfi1,0,0,0,208.2499999999996,data,ok,2.0,False,,proxy,3,0,ue6_qfi2,0.0,147,150.0,ok,ue1_qfi2,49.362,ok,5,ok,8,ue6_qfi2,0.0,ok,0.7017277838406324,proxy,5,0.6904282087592186,67172780.8,ok,0.004929545454545455,ok,0.9325465909090909,0.0363640625,ok,ue5_qfi1,0.42857142857142855,49,100.0,data,ok,0.0,ue4_qfi9,184.5,ok,30.4,ue5_qfi2,8,79.75,571.5,30.303,ok,33.0,,pending,,pending,,,,,1.5,,,8,,TwoTier,87989972,,,
ue8_qfi9,299.25,300.25,300.25,300.25,ok,0.4744688569159285,ok,ue8_qfi1,0,0,0,123.25000000000009,data,ok,2.0,False,,proxy,3,0,ue4_qfi2,0.993421052631579,152,150.0,ok,ue2_qfi2,24.32,ok,8,ok,8,ue3_qfi2,0.9667908000000001,ok,0.9073141733661119,proxy,5,0.9024132930263872,67883652.8,ok,0.0047613636363636365,ok,0.9331738636363637,0.03605625,ok,ue8_qfi1,0.4897959183673469,49,100.0,data,ok,0.0,ue5_qfi1,23.5,ok,30.4,ue1_qfi2,0,0.0,0.0,30.303,ok,33.0,,pending,,pending,,,,,1.5,,,8,,PF,161576974,,,
ue7_qfi9,299.0,300.25,300.25,300.25,ok,0.48760358696208034,ok,ue2_qfi1,0,0,0,122.74999999999991,data,ok,2.0,False,,proxy,3,0,ue8_qfi2,0.0,147,150.0,ok,ue6_qfi2,21.425,ok,7,ok,8,ue8_qfi2,0.0,ok,0.8477907507771935,proxy,5,0.8448660260588203,66876060.8,ok,0.004163636363636363,ok,0.9337488636363637,0.0926640625,ok,ue1_qfi1,0.4489795918367347,49,100.0,data,ok,0.0,ue2_qfi1,17.25,ok,30.4,ue1_qfi2,0,0.0,0.0,30.303,ok,33.0,,pending,,pending,,,,,1.5,,,8,,Reservation,161576974,,,
ue4_qfi9,296.5,300.0,300.25,300.25,ok,0.46210238274807575,ok,ue5_qfi1,0,0,0,139.75,data,ok,2.0,False,,proxy,3,0,ue6_qfi2,0.0,147,150.0,ok,ue5_qfi2,28.99,ok,5,ok,8,ue6_qfi2,0.0,ok,0.7080814118740499,proxy,5,0.7033816483208489,66705808.0,ok,0.004768181818181818,ok,0.9330477272727272,0.035925,ok,ue2_qfi1,0.4489795918367347,49,100.0,data,ok,0.0,ue5_qfi9,117.5,ok,30.4,ue3_qfi2,4,85.0,317.75,30.303,ok,33.0,,pending,,pending,,,,,1.5,,,8,,TwoTier,161576974,,,
ue8_qfi9,299.25,300.25,300.25,300.25,ok,0.47662193545585335,ok,ue5_qfi1,0,0,0,121.0,data,ok,2.0,False,,proxy,3,0,ue2_qfi2,0.993421052631579,152,150.0,ok,ue8_qfi2,27.0,ok,8,ok,8,ue7_qfi2,0.9561644,ok,0.9053496197392583,proxy,5,0.9023990673898294,67393880.0,ok,0.0048772727272727275,ok,0.9343113636363637,0.037896875,ok,ue8_qfi1,0.46938775510204084,49,100.0,data,ok,0.0,ue5_qfi1,20.75,ok,30.4,ue1_qfi2,0,0.0,0.0,30.303,ok,33.0,,pending,,pending,,,,,1.5,,,8,,PF,35492826,,,
ue6_qfi9,297.0,300.0,300.25,300.25,ok,0.46703111811363995,ok,ue2_qfi1,0,0,0,122.74999999999991,data,ok,2.0,False,,proxy,3,0,ue7_qfi2,0.0,148,150.0,ok,ue1_qfi2,18.814,ok,6,ok,8,ue7_qfi2,0.0,ok,0.7864144709168229,proxy,5,0.784953431318476,68064793.6,ok,0.004388636363636364,ok,0.9325409090909091,0.090571875,ok,ue2_qfi1,0.46938775510204084,49,100.0,data,ok,0.0,ue2_qfi1,20.0,ok,30.4,ue1_qfi2,0,0.0,0.0,30.303,ok,33.0,,pending,,pending,,,,,1.5,,,8,,Reservation,35492826,,,
ue5_qfi9,199.25,299.75,300.0,300.25,ok,0.45911526129213287,ok,ue5_qfi1,0,0,0,141.25000000000003,data,ok,2.0,False,,proxy,3,0,ue6_qfi2,0.0,147,150.0,ok,ue4_qfi2,39.889,ok,5,ok,8,ue6_qfi2,0.0,ok,0.7048358568565035,proxy,5,0.6995311556624215,66914784.0,ok,0.004884090909090909,ok,0.9344318181818182,0.0363984375,ok,ue4_qfi1,0.46938775510204084,49,100.0,data,ok,0.0,ue3_qfi9,112.0,ok,30.4,ue4_qfi2,6,99.75,488.75,30.303,ok,33.0,,pending,,pending,,,,,1.5,,,8,,TwoTier,35492826,,,
ue8_qfi9,299.0,300.25,300.25,300.25,ok,0.4577897512616621,ok,ue7_qfi1,0,0,0,118.99999999999977,data,ok,2.0,False,,proxy,3,0,ue1_qfi2,1.0,152,150.0,ok,ue4_qfi2,25.676,ok,7,ok,8,ue7_qfi2,0.9424524,ok,0.9141909500131513,proxy,5,0.909862310352433,69791460.8,ok,0.0046113636363636365,ok,0.9344227272727272,0.0337140625,ok,ue6_qfi1,0.4489795918367347,49,100.0,data,ok,0.0,ue4_qfi1,21.75,ok,30.4,ue1_qfi2,0,0.0,0.0,30.303,ok,33.0,,pending,,pending,,,,,1.5,,,8,,PF,376383645,,,
ue8_qfi9,299.25,300.25,300.25,300.25,ok,0.4785980220051929,ok,ue1_qfi1,0,0,0,201.49999999999997,data,ok,2.0,False,,proxy,3,0,ue1_qfi2,0.993421052631579,152,150.0,ok,ue8_qfi2,23.053,ok,7,ok,8,ue7_qfi2,0.9480411999999999,ok,0.911541070092639,proxy,5,0.9059181397853914,68852688.0,ok,0.004034090909090909,ok,0.9343454545454546,0.1058640625,ok,ue2_qfi1,0.42857142857142855,49,100.0,data,ok,0.0,ue4_qfi1,19.75,ok,30.2,ue1_qfi2,1,74.75,74.75,30.303,ok,33.0,,pending,,pending,,,,,1.5,,,8,,Reservation,376383645,,,
ue4_qfi9,160.0,299.75,300.0,300.25,ok,0.4410916975450732,ok,ue5_qfi1,0,0,0,129.75,data,ok,2.0,False,,proxy,3,0,ue6_qfi2,0.0,147,150.0,ok,ue5_qfi2,45.458,ok,5,ok,8,ue6_qfi2,0.0,ok,0.7078200179171952,proxy,5,0.7012662405576989,68546624.0,ok,0.004340909090909091,ok,0.9340306818181818,0.0342171875,ok,ue1_qfi1,0.40816326530612246,49,100.0,data,ok,0.0,ue5_qfi9,167.25,ok,30.4,ue5_qfi2,8,111.5,622.25,30.303,ok,33.0,,pending,,pending,,,,,1.5,,,8,,TwoTier,376383645,,,
ue8_qfi9,299.0,300.25,300.25,300.25,ok,0.46496308926887964,ok,ue7_qfi1,0,0,0,132.75000000000014,data,ok,2.0,False,,proxy,3,0,ue5_qfi2,0.993421052631579,152,150.0,ok,ue7_qfi2,26.391,ok,8,ok,8,ue4_qfi2,0.961496,ok,0.9101577309658133,proxy,5,0.9038080465458533,68928971.2,ok,0.0055681818181818185,ok,0.9340113636363636,0.037003125,ok,ue2_qfi1,0.4897959183673469,49,100.0,data,ok,0.0,ue4_qfi1,25.75,ok,30.2,ue5_qfi2,1,87.5,87.5,30.303,ok,33.0,,pending,,pending,,,,,1.5,,,8,,PF,1746484539,,,
ue6_qfi9,299.0,300.25,300.25,300.25,ok,0.4738540035478773,ok,ue5_qfi1,0,0,0,121.50000000000017,data,ok,2.0,False,,proxy,3,0,ue7_qfi2,0.0,148,150.0,ok,ue5_qfi2,19.257,ok,6,ok,8,ue7_qfi2,0.0,ok,0.7851720888947936,proxy,5,0.7814960902966854,67397217.6,ok,0.0044,ok,0.932525,0.0947125,ok,ue3_qfi1,0.5102040816326531,49,100.0,data,ok,0.0,ue6_qfi1,64.5,ok,30.4,ue1_qfi2,0,0.0,0.0,30.303,ok,33.0,,pending,,pending,,,,,1.5,,,8,,Reservation,1746484539,,,
ue5_qfi9,195.0,299.75,300.0,300.25,ok,0.4484676102074908,ok,ue3_qfi1,0,0,0,125.50000000000017,data,ok,2.0,False,,proxy,3,0,ue6_qfi2,0.0,148,150.0,ok,ue3_qfi2,42.367,ok,5,ok,8,ue6_qfi2,0.0,ok,0.7067174842269681,proxy,5,0.70084611705837,68387227.2,ok,0.005565909090909091,ok,0.9340056818181818,0.036371875,ok,ue5_qfi1,0.4489795918367347,49,100.0,data,ok,0.0,ue3_qfi9,182.0,ok,30.2,ue3_qfi2,7,98.25,577.0,30.303,ok,33.0,,pending,,pending,,,,,1.5,,,8,,TwoTier,1746484539,,,
ue8_qfi9,298.5,300.0,300.25,300.25,ok,0.365374524615278,ok,ue8_qfi1,0,0,0,130.2500000000002,data,ok,2.0,False,,proxy,3,0,ue1_qfi2,1.0,152,150.0,ok,ue4_qfi2,26.739,ok,8,ok,8,ue3_qfi2,0.9589744,ok,0.9353421065105444,proxy,5,0.9266463591569533,69960132.8,ok,0.004675,ok,0.9305965909090909,0.0353953125,ok,ue8_qfi1,0.46938775510204084,49,100.0,data,ok,0.0,ue8_qfi1,37.75,ok,30.4,ue1_qfi2,0,0.0,0.0,30.303,ok,33.0,,pending,,pending,,,,,1.25,,,8,,PF,1826701614,,,
ue6_qfi9,193.25,299.75,300.0,300.25,ok,0.37566972105222035,ok,ue2_qfi1,0,0,0,117.50000000000016,data,ok,2.0,False,,proxy,3,0,ue7_qfi2,0.0,147,150.0,ok,ue1_qfi2,18.75,ok,6,ok,8,ue7_qfi2,0.0,ok,0.7987225258513753,proxy,5,0.7965621595843908,67864259.2,ok,0.004372727272727273,ok,0.9314102272727273,0.09268125,ok,ue5_qfi1,0.3877551020408163,49,100.0,data,ok,0.0,ue6_qfi9,107.0,ok,30.2,ue6_qfi2,1,68.0,68.0,30.303,ok,33.0,,pending,,pending,,,,,1.25,,,8,,Reservation,1826701614,,,
ue1_qfi9,146.25,299.25,299.75,300.0,ok,0.38117636279870437,ok,ue5_qfi1,0,0,0,127.75,data,ok,2.0,False,,proxy,3,0,ue6_qfi2,0.0,147,150.0,ok,ue5_qfi2,50.097,ok,5,ok,8,ue6_qfi2,0.0,ok,0.7162127629840831,proxy,5,0.7148400254344176,66577128.0,ok,0.0054181818181818185,ok,0.9302340909090909,0.037175,ok,ue3_qfi1,0.42857142857142855,49,100.0,data,ok,0.0,ue3_qfi9,201.0,ok,30.4,ue5_qfi2,13,114.5,1059.5,30.303,ok,33.0,,pending,,pending,,,,,1.25,,,8,,TwoTier,1826701614,,,
ue8_qfi9,299.0,300.0,300.25,300.25,ok,0.39614528673156396,ok,ue5_qfi1,0,0,0,165.5000000000002,data,ok,2.0,False,,proxy,3,0,ue1_qfi2,1.0,152,150.0,ok,ue8_qfi2,27.551,ok,8,ok,8,ue2_qfi2,0.966746,ok,0.9255136423657231,proxy,5,0.9121199494774702,67055627.2,ok,0.005034090909090909,ok,0.9317215909090909,0.037671875,ok,ue8_qfi1,0.46938775510204084,49,100.0,data,ok,0.0,ue5_qfi1,60.0,ok,30.4,ue1_qfi2,0,0.0,0.0,30.303,ok,33.0,,pending,,pending,,,,,1.25,,,8,,PF,1367864806,,,
ue6_qfi9,294.25,300.0,300.0,300.25,ok,0.3890692922098758,ok,ue5_qfi1,0,0,0,121.50000000000017,data,ok,2.0,False,,proxy,3,0,ue7_qfi2,0.0,147,150.0,ok,ue2_qfi2,20.75,ok,6,ok,8,ue7_qfi2,0.0,ok,0.7977778258219862,proxy,5,0.7888180652464524,66747910.4,ok,0.004381818181818182,ok,0.9320920454545455,0.0931703125,ok,ue2_qfi1,0.4897959183673469,49,100.0,data,ok,0.0,ue3_qfi1,22.5,ok,30.2,ue2_qfi2,1,73.25,73.25,30.303,ok,33.0,,pending,,pending,,,,,1.25,,,8,,Reservation,1367864806,,,
ue1_qfi9,93.5,299.25,299.75,300.0,ok,0.3888171454362745,ok,ue1_qfi1,0,0,0,129.25000000000009,data,ok,2.0,False,,proxy,3,0,ue6_qfi2,0.0,147,150.0,ok,ue4_qfi2,46.75,ok,5,ok,8,ue6_qfi2,0.0,ok,0.714954446726142,proxy,5,0.7067174071730279,65757728.0,ok,0.0054522727272727275,ok,0.9315022727272727,0.0376765625,ok,ue2_qfi1,0.4489795918367347,49,100.0,data,ok,0.0,ue5_qfi9,212.25,ok,30.4,ue4_qfi2,14,96.5,1064.25,30.303,ok,33.0,,pending,,pending,,,,,1.25,,,8,,TwoTier,1367864806,,,
ue8_qfi9,298.75,300.0,300.25,300.25,ok,0.4237297295042169,ok,ue2_qfi1,0,0,0,128.75000000000014,data,ok,2.0,False,,proxy,3,0,ue5_qfi2,0.993421052631579,152,150.0,ok,ue7_qfi2,25.793,ok,8,ok,8,ue7_qfi2,0.9576252,ok,0.915944668912446,proxy,5,0.9074302866111372,64146641.6,ok,0.005429545454545454,ok,0.9315306818181818,0.0416265625,ok,ue5_qfi1,0.46938775510204084,49,100.0,data,ok,0.0,ue2_qfi1,26.0,ok,30.4,ue1_qfi2,0,0.0,0.0,30.303,ok,33.0,,pending,,pending,,,,,1.25,,,8,,PF,1097657231,,,
ue6_qfi9,297.75,300.0,300.25,300.25,ok,0.43190777459094887,ok,ue1_qfi1,0,0,0,120.49999999999983,data,ok,2.0,False,,proxy,3,0,ue7_qfi2,0.0,147,150.0,ok,ue2_qfi2,19.601,ok,6,ok,8,ue7_qfi2,0.0,ok,0.7907564396049023,proxy,5,0.7873627551331229,62588148.8,ok,0.0045636363636363635,ok,0.9309,0.1068890625,ok,ue6_qfi1,0.40816326530612246,49,100.0,data,ok,0.0,ue3_qfi1,18.75,ok,30.2,ue1_qfi2,0,0.0,0.0,30.303,ok,33.0,,pending,,pending,,,,,1.25,,,8,,Reservation,1097657231,,,
ue1_qfi9,289.0,300.0,300.0,300.25,ok,0.41531011548307,ok,ue4_qfi1,0,0,0,144.49999999999986,data,ok,2.0,False,,proxy,3,0,ue6_qfi2,0.0,147,150.0,ok,ue5_qfi2,46.224,ok,5,ok,8,ue6_qfi2,0.0,ok,0.711393492482902,proxy,5,0.6997980949856167,62929078.4,ok,0.0049545454545454545,ok,0.9318897727272727,0.0420171875,ok,ue3_qfi1,0.46938775510204084,49,100.0,data,ok,0.0,ue5_qfi9,196.25,ok,30.2,ue5_qfi2,10,87.75,768.25,30.303,ok,33.0,,pending,,pending,,,,,1.25,,,8,,TwoTier,1097657231,,,
ue8_qfi9,298.75,300.0,300.25,300.25,ok,0.390898341105365,ok,ue5_qfi1,0,0,0,123.99999999999966,data,ok,2.0,False,,proxy,3,0,ue5_qfi2,0.993421052631579,152,150.0,ok,ue3_qfi2,25.058,ok,8,ok,8,ue4_qfi2,0.9535564,ok,0.9288609756397757,proxy,5,0.924619758231025,67640406.4,ok,0.005213636363636364,ok,0.9308136363636363,0.0350421875,ok,ue3_qfi1,0.4489795918367347,49,100.0,data,ok,0.0,ue3_qfi1,20.0,ok,30.4,ue1_qfi2,0,0.0,0.0,30.303,ok,33.0,,pending,,pending,,,,,1.25,,,8,,PF,579362555,,,
ue7_qfi9,297.75,300.0,300.25,300.25,ok,0.3941635302717675,ok,ue2_qfi1,0,0,0,121.49999999999972,data,ok,2.0,False,,proxy,3,0,ue8_qfi2,0.0,147,150.0,ok,ue1_qfi2,21.418,ok,7,ok,8,ue8_qfi2,0.0,ok,0.8678507820553572,proxy,5,0.8614806291826383,67055916.8,ok,0.004054545454545455,ok,0.9336795454545455,0.0906203125,ok,ue5_qfi1,0.46938775510204084,49,100.0,data,ok,0.0,ue6_qfi1,17.5,ok,30.4,ue1_qfi2,0,0.0,0.0,30.303,ok,33.0,,pending,,pending,,,,,1.25,,,8,,Reservation,579362555,,,
ue1_qfi9,277.75,299.75,300.0,300.25,ok,0.3907360020262536,ok,ue1_qfi1,0,0,0,200.7500000000002,data,ok,2.0,False,,proxy,3,0,ue6_qfi2,0.0,147,150.0,ok,ue5_qfi2,52.384,ok,5,ok,8,ue6_qfi2,0.0,ok,0.7146401794865899,proxy,5,0.7122606060722728,65812566.4,ok,0.004863636363636363,ok,0.9312443181818182,0.03663125,ok,ue4_qfi1,0.4897959183673469,49,100.0,data,ok,0.0,ue4_qfi9,193.5,ok,30.4,ue5_qfi2,16,93.25,1242.0,30.303,ok,33.0,,pending,,pending,,,,,1.25,,,8,,TwoTier,579362555,,,
ue8_qfi9,298.75,300.0,300.25,300.25,ok,0.373773828847577,ok,ue5_qfi1,0,0,0,133.9999999999999,data,ok,2.0,False,,proxy,3,0,ue4_qfi2,0.993421052631579,152,150.0,ok,ue3_qfi2,26.079,ok,8,ok,8,ue6_qfi2,0.960316,ok,0.9339943946063733,proxy,5,0.9230190681705727,69390456.0,ok,0.004540909090909091,ok,0.9322329545454545,0.0343390625,ok,ue7_qfi1,0.46938775510204084,49,100.0,data,ok,0.0,ue5_qfi1,47.0,ok,30.4,ue1_qfi2,0,0.0,0.0,30.303,ok,33.0,,pending,,pending,,,,,1.25,,,8,,PF,661058651,,,
ue8_qfi9,298.75,300.25,300.25,300.25,ok,0.3913459428251716,ok,ue8_qfi1,0,0,0,125.0,data,ok,2.0,False,,proxy,3,0,ue3_qfi2,0.993421052631579,152,150.0,ok,ue1_qfi2,22.794,ok,8,ok,8,ue6_qfi2,0.958434,ok,0.9313059620348387,proxy,5,0.9199000719285979,68472099.2,ok,0.004072727272727273,ok,0.9327818181818182,0.1076671875,ok,ue7_qfi1,0.46938775510204084,49,100.0,data,ok,0.0,ue4_qfi1,24.75,ok,30.2,ue3_qfi2,1,80.0,80.0,30.303,ok,33.0,,pending,,pending,,,,,1.25,,,8,,Reservation,661058651,,,
ue1_qfi9,40.75,298.25,299.25,299.75,ok,0.3734426995872165,ok,ue2_qfi1,0,0,0,140.74999999999972,data,ok,2.0,False,,proxy,3,0,ue6_qfi2,0.0,147,150.0,ok,ue4_qfi2,41.586,ok,5,ok,8,ue6_qfi2,0.0,ok,0.7177190959772879,proxy,5,0.7154730355382248,67317403.2,ok,0.004538636363636364,ok,0.9321068181818182,0.0346796875,ok,ue4_qfi1,0.40816326530612246,49,100.0,data,ok,0.0,ue1_qfi9,259.0,ok,30.4,ue4_qfi2,9,79.75,658.5,30.303,ok,33.0,,pending,,pending,,,,,1.25,,,8,,TwoTier,661058651,,,
ue8_qfi9,299.0,300.0,300.25,300.25,ok,0.41964728197592893,ok,ue1_qfi1,0,0,0,145.75000000000048,data,ok,2.0,False,,proxy,3,0,ue2_qfi2,0.993421052631579,152,150.0,ok,ue1_qfi2,28.093,ok,8,ok,8,ue7_qfi2,0.9635876,ok,0.9170334759216517,proxy,5,0.9080644976896264,64634104.0,ok,0.0052,ok,0.9322409090909091,0.0395953125,ok,ue1_qfi1,0.4897959183673469,49,100.0,data,ok,0.0,ue1_qfi1,45.5,ok,30.4,ue1_qfi2,0,0.0,0.0,30.303,ok,33.0,,pending,,pending,,,,,1.25,,,8,,PF,87989972,,,
ue7_qfi9,298.25,300.0,300.25,300.25,ok,0.4276620932895573,ok,ue2_qfi1,0,0,0,122.00000000000033,data,ok,2.0,False,,proxy,3,0,ue8_qfi2,0.0,147,150.0,ok,ue4_qfi2,21.873,ok,7,ok,8,ue8_qfi2,0.0,ok,0.8582559777886196,proxy,5,0.8494463574354306,63931387.199999996,ok,0.004386363636363636,ok,0.9315715909090909,0.1024875,ok,ue5_qfi1,0.40816326530612246,49,100.0,data,ok,0.0,ue7_qfi1,21.25,ok,30.4,ue1_qfi2,0,0.0,0.0,30.303,ok,33.0,,pending,,pending,,,,,1.25,,,8,,Reservation,87989972,,,
ue3_qfi9,154.25,299.75,300.0,300.25,ok,0.4240414840836309,ok,ue1_qfi1,0,0,0,277.0000000000001,data,ok,2.0,False,,proxy,3,0,ue6_qfi2,0.0,147,150.0,ok,ue1_qfi2,47.058,ok,5,ok,8,ue6_qfi2,0.0,ok,0.707344769880468,proxy,5,0.6943347568661733,62413552.0,ok,0.005188636363636364,ok,0.932340909090909,0.04175,ok,ue4_qfi1,0.46938775510204084,49,100.0,data,ok,0.0,ue4_qfi9,154.75,ok,30.4,ue5_qfi2,2,82.25,160.5,30.303,ok,33.0,,pending,,pending,,,,,1.25,,,8,,TwoTier,87989972,,,
ue8_qfi9,298.75,300.0,300.25,300.25,ok,0.3805127009936381,ok,ue8_qfi1,0,0,0,118.50000000000006,data,ok,2.0,False,,proxy,3,0,ue6_qfi2,0.993421052631579,152,150.0,ok,ue7_qfi2,25.056,ok,8,ok,8,ue5_qfi2,0.9649064,ok,0.9317639380759382,proxy,5,0.9196963551501084,68734203.2,ok,0.00475,ok,0.9330363636363637,0.036171875,ok,ue6_qfi1,0.4897959183673469,49,100.0,data,ok,0.0,ue7_qfi1,22.75,ok,30.4,ue1_qfi2,0,0.0,0.0,30.303,ok,33.0,,pending,,pending,,,,,1.25,,,8,,PF,161576974,,,
ue7_qfi9,297.75,300.0,300.25,300.25,ok,0.3917511719332722,ok,ue4_qfi1,0,0,0,120.49999999999983,data,ok,2.0,False,,proxy,3,0,ue8_qfi2,0.0,147,150.0,ok,ue1_qfi2,20.957,ok,7,ok,8,ue8_qfi2,0.0,ok,0.8681998774984223,proxy,5,0.8598190436645317,67420161.6,ok,0.004272727272727273,ok,0.9332511363636363,0.0942203125,ok,ue7_qfi1,0.4489795918367347,49,100.0,data,ok,0.0,ue4_qfi1,17.0,ok,30.4,ue1_qfi2,0,0.0,0.0,30.303,ok,33.0,,pending,,pending,,,,,1.25,,,8,,Reservation,161576974,,,
ue1_qfi9,111.25,299.0,299.75,300.0,ok,0.3776435293315652,ok,ue4_qfi1,0,0,0,135.24999999999997,data,ok,2.0,False,,proxy,3,0,ue6_qfi2,0.0,147,150.0,ok,ue4_qfi2,47.561,ok,5,ok,8,ue6_qfi2,0.0,ok,0.7162245434328038,proxy,5,0.7109229094392934,67427296.0,ok,0.004759090909090909,ok,0.9327897727272727,0.0364515625,ok,ue1_qfi1,0.4489795918367347,49,100.0,data,ok,0.0,ue5_qfi9,204.5,ok,30.4,ue3_qfi2,8,82.25,600.25,30.303,ok,33.0,,pending,,pending,,,,,1.25,,,8,,TwoTier,161576974,,,
ue8_qfi9,298.5,300.0,300.25,300.25,ok,0.38649232172613746,ok,ue2_qfi1,0,0,0,127.49999999999994,data,ok,2.0,False,,proxy,3,0,ue3_qfi2,0.993421052631579,152,150.0,ok,ue4_qfi2,24.746,ok,8,ok,8,ue8_qfi2,0.9656484000000001,ok,0.9297829921221291,proxy,5,0.9133553976664324,68202396.8,ok,0.00475,ok,0.9343159090909091,0.036584375,ok,ue3_qfi1,0.46938775510204084,49,100.0,data,ok,0.0,ue2_qfi1,25.75,ok,30.2,ue3_qfi2,1,71.0,71.0,30.303,ok,33.0,,pending,,pending,,,,,1.25,,,8,,PF,35492826,,,
ue8_qfi9,298.5,300.0,300.25,300.25,ok,0.4043138084510179,ok,ue5_qfi1,0,0,0,128.75000000000014,data,ok,2.0,False,,proxy,3,0,ue6_qfi2,0.993421052631579,152,150.0,ok,ue6_qfi2,23.402,ok,8,ok,8,ue8_qfi2,0.969102,ok,0.926321915290297,proxy,5,0.9101830949768386,67086606.4,ok,0.004236363636363636,ok,0.9315284090909091,0.114415625,ok,ue7_qfi1,0.4897959183673469,49,100.0,data,ok,0.0,ue8_qfi1,26.75,ok,30.4,ue1_qfi2,0,0.0,0.0,30.303,ok,33.0,,pending,,pending,,,,,1.25,,,8,,Reservation,35492826,,,
ue1_qfi9,256.75,299.0,299.75,300.0,ok,0.387638297006784,ok,ue2_qfi1,0,0,0,122.2500000000002,data,ok,2.0,False,,proxy,3,0,ue6_qfi2,0.0,147,150.0,ok,ue3_qfi2,39.895,ok,5,ok,8,ue6_qfi2,0.0,ok,0.7163439405484524,proxy,5,0.7147195493409058,66211316.8,ok,0.004752272727272727,ok,0.9344477272727273,0.0378796875,ok,ue1_qfi1,0.42857142857142855,49,100.0,data,ok,0.0,ue5_qfi9,188.75,ok,30.4,ue5_qfi2,6,93.25,470.0,30.303,ok,33.0,,pending,,pending,,,,,1.25,,,8,,TwoTier,35492826,,,
ue8_qfi9,298.75,300.0,300.25,300.25,ok,0.397052550240781,ok,ue1_qfi1,0,0,0,126.50000000000006,data,ok,2.0,False,,proxy,3,0,ue1_qfi2,1.0,152,150.0,ok,ue5_qfi2,27.458,ok,8,ok,8,ue7_qfi2,0.967058,ok,0.92543395498867,proxy,5,0.9200129268469931,66962064.0,ok,0.004609090909090909,ok,0.9340227272727273,0.0380734375,ok,ue7_qfi1,0.42857142857142855,49,100.0,data,ok,0.0,ue5_qfi1,24.75,ok,30.4,ue1_qfi2,0,0.0,0.0,30.303,ok,33.0,,pending,,pending,,,,,1.25,,,8,,PF,376383645,,,
ue7_qfi9,298.25,300.0,300.25,300.25,ok,0.4137740489932951,ok,ue5_qfi1,0,0,0,120.75000000000014,data,ok,2.0,False,,proxy,3,0,ue8_qfi2,0.0,147,150.0,ok,ue1_qfi2,21.767,ok,7,ok,8,ue8_qfi2,0.0,ok,0.86209080521861,proxy,5,0.8585573973278366,65266793.6,ok,0.004188636363636364,ok,0.9348159090909091,0.1003546875,ok,ue3_qfi1,0.46938775510204084,49,100.0,data,ok,0.0,ue5_qfi1,17.5,ok,30.4,ue1_qfi2,0,0.0,0.0,30.303,ok,33.0,,pending,,pending,,,,,1.25,,,8,,Reservation,376383645,,,
ue1_qfi9,249.75,300.0,300.0,300.25,ok,0.40450250756027817,ok,ue3_qfi1,0,0,0,138.0000000000001,data,ok,2.0,False,,proxy,3,0,ue6_qfi2,0.0,147,150.0,ok,ue5_qfi2,45.409,ok,5,ok,8,ue6_qfi2,0.0,ok,0.7124818345944796,proxy,5,0.7067768949127433,64392929.6,ok,0.0046068181818181815,ok,0.9340215909090909,0.03934375,ok,ue5_qfi1,0.46938775510204084,49,100.0,data,ok,0.0,ue3_qfi9,177.5,ok,30.0,ue4_qfi2,10,102.75,759.0,30.303,ok,33.0,,pending,,pending,,,,,1.25,,,8,,TwoTier,376383645,,,
ue8_qfi9,298.25,300.0,300.25,300.25,ok,0.3841434821556507,ok,ue1_qfi1,0,0,0,127.75000000000026,data,ok,2.0,False,,proxy,3,0,ue8_qfi2,0.993421052631579,152,150.0,ok,ue6_qfi2,25.469,ok,8,ok,8,ue1_qfi2,0.9537808000000001,ok,0.9309847393650454,proxy,5,0.9237060656013588,68274057.6,ok,0.0051431818181818184,ok,0.934015909090909,0.0365609375,ok,ue1_qfi1,0.4489795918367347,49,100.0,data,ok,0.0,ue1_qfi1,26.0,ok,30.2,ue8_qfi2,1,69.5,69.5,30.303,ok,33.0,,pending,,pending,,,,,1.25,,,8,,PF,1746484539,,,
ue6_qfi9,297.25,300.0,300.25,300.25,ok,0.3982072013023318,ok,ue1_qfi1,0,0,0,121.24999999999986,data,ok,2.0,False,,proxy,3,0,ue7_qfi2,0.0,147,150.0,ok,ue3_qfi2,19.524,ok,6,ok,8,ue7_qfi2,0.0,ok,0.7974505880318988,proxy,5,0.7957209512813764,65722238.4,ok,0.004259090909090909,ok,0.9329795454545454,0.0948359375,ok,ue5_qfi1,0.42857142857142855,49,100.0,data,ok,0.0,ue6_qfi1,19.5,ok,30.4,ue1_qfi2,0,0.0,0.0,30.303,ok,33.0,,pending,,pending,,,,,1.25,,,8,,Reservation,1746484539,,,
ue1_qfi9,240.75,299.5,300.0,300.0,ok,0.3851116380522715,ok,ue3_qfi1,0,0,0,137.49999999999994,data,ok,2.0,False,,proxy,3,0,ue6_qfi2,0.0,147,150.0,ok,ue5_qfi2,43.415,ok,5,ok,8,ue6_qfi2,0.0,ok,0.7162538341204708,proxy,5,0.7135226102481304,66142094.4,ok,0.0055295454545454545,ok,0.9339363636363637,0.036359375,ok,ue4_qfi1,0.46938775510204084,49,100.0,data,ok,0.0,ue2_qfi9,154.5,ok,30.4,ue5_qfi2,9,108.75,719.0,30.303,ok,33.0,,pending,,pending,,,,,1.25,,,8,,TwoTier,1746484539,,,
ue8_qfi9,299.5,300.25,300.25,300.25,ok,0.5861486368853063,ok,ue3_qfi1,0,0,0,124.24999999999997,data,ok,2.0,False,,proxy,3,0,ue1_qfi2,1.0,152,150.0,ok,ue8_qfi2,25.292,ok,8,ok,8,ue1_qfi2,0.9682844,ok,0.8766121638539113,proxy,5,0.8718719511222678,68586172.8,ok,0.004609090909090909,ok,0.9307238636363636,0.0353953125,ok,ue3_qfi1,0.46938775510204084,49,100.0,data,ok,0.0,ue8_qfi1,25.0,ok,30.4,ue1_qfi2,0,0.0,0.0,30.303,ok,33.0,,pending,,pending,,,,,2.0,,,8,,PF,1826701614,,,
ue6_qfi9,299.75,300.25,300.25,300.25,ok,0.6087402393893075,ok,ue5_qfi1,0,0,0,121.99999999999989,data,ok,2.0,False,,proxy,3,0,ue7_qfi2,0.0,148,150.0,ok,ue4_qfi2,19.462,ok,6,ok,8,ue7_qfi2,0.0,ok,0.7605847951419803,proxy,5,0.7572551324714408,67841464.0,ok,0.004077272727272727,ok,0.9316454545454546,0.088446875,ok,ue5_qfi1,0.42857142857142855,49,100.0,data,ok,0.0,ue5_qfi1,19.0,ok,30.4,ue1_qfi2,0,0.0,0.0,30.303,ok,33.0,,pending,,pending,,,,,2.0,,,8,,Reservation,1826701614,,,
ue5_qfi9,289.75,300.0,300.25,300.25,ok,0.5664031784879137,ok,ue5_qfi1,0,0,0,118.99999999999977,data,ok,2.0,False,,proxy,3,0,ue6_qfi2,0.0,147,150.0,ok,ue1_qfi2,23.417,ok,5,ok,8,ue6_qfi2,0.0,ok,0.6883645235275198,proxy,5,0.6810319511709637,68718691.2,ok,0.005340909090909091,ok,0.9302465909090909,0.0342828125,ok,ue5_qfi1,0.5102040816326531,49,100.0,data,ok,0.0,ue3_qfi9,35.75,ok,30.4,ue2_qfi2,1,88.0,88.0,30.303,ok,33.0,,pending,,pending,,,,,2.0,,,8,,TwoTier,1826701614,,,
ue8_qfi9,299.5,300.25,300.25,300.25,ok,0.5909500879290541,ok,ue2_qfi1,0,0,0,129.0,data,ok,2.0,False,,proxy,3,0,ue1_qfi2,1.0,152,150.0,ok,ue7_qfi2,24.169,ok,7,ok,8,ue8_qfi2,0.9489228000000001,ok,0.8747993451306154,proxy,5,0.8689357056476885,67639708.8,ok,0.004975,ok,0.9317715909090909,0.035865625,ok,ue7_qfi1,0.4897959183673469,49,100.0,data,ok,0.0,ue8_qfi1,27.75,ok,30.4,ue1_qfi2,0,0.0,0.0,30.303,ok,33.0,,pending,,pending,,,,,2.0,,,8,,PF,1367864806,,,
ue7_qfi9,299.75,300.25,300.25,300.25,ok,0.6162711187385106,ok,ue4_qfi1,0,0,0,128.0000000000001,data,ok,2.0,False,,proxy,3,0,ue8_qfi2,0.0,147,150.0,ok,ue7_qfi2,21.824,ok,7,ok,8,ue8_qfi2,0.0,ok,0.8170418387758348,proxy,5,0.8121458358422375,66701761.6,ok,0.004177272727272727,ok,0.9334090909090909,0.0931078125,ok,ue5_qfi1,0.42857142857142855,49,100.0,data,ok,0.0,ue4_qfi1,22.75,ok,30.2,ue5_qfi2,1,74.0,74.0,30.303,ok,33.0,,pending,,pending,,,,,2.0,,,8,,Reservation,1367864806,,,
ue4_qfi9,186.75,300.0,300.25,300.25,ok,0.5659564202543088,ok,ue5_qfi1,0,0,0,196.25,data,ok,2.0,False,,proxy,3,0,ue6_qfi2,0.0,148,150.0,ok,ue1_qfi2,24.107,ok,5,ok,8,ue6_qfi2,0.0,ok,0.6905023135804357,proxy,5,0.6841625851220068,68908456.0,ok,0.004913636363636364,ok,0.9316863636363636,0.0340328125,ok,ue5_qfi1,0.46938775510204084,49,100.0,data,ok,0.0,ue4_qfi9,113.5,ok,30.4,ue5_qfi2,1,124.0,124.0,30.303,ok,33.0,,pending,,pending,,,,,2.0,,,8,,TwoTier,1367864806,,,
ue8_qfi9,299.5,300.25,300.25,300.25,ok,0.6113426499358403,ok,ue3_qfi1,0,0,0,128.75000000000014,data,ok,2.0,False,,proxy,3,0,ue8_qfi2,0.993421052631579,152,150.0,ok,ue1_qfi2,27.75,ok,8,ok,8,ue5_qfi2,0.9644556,ok,0.8640821243279261,proxy,5,0.8573482718452216,64175771.2,ok,0.005445454545454546,ok,0.9317261363636363,0.0411171875,ok,ue3_qfi1,0.4489795918367347,49,100.0,data,ok,0.0,ue3_qfi1,24.0,ok,30.2,ue8_qfi2,1,75.25,75.25,30.303,ok,33.0,,pending,,pending,,,,,2.0,,,8,,PF,1097657231,,,
ue6_qfi9,299.75,300.25,300.25,300.25,ok,0.6385433439852369,ok,ue6_qfi1,0,0,0,124.00000000000011,data,ok,2.0,False,,proxy,3,0,ue7_qfi2,0.0,148,150.0,ok,ue1_qfi2,19.919,ok,6,ok,8,ue7_qfi2,0.0,ok,0.7507120851588109,proxy,5,0.7484989714417233,63235584.0,ok,0.004615909090909091,ok,0.9310397727272727,0.103209375,ok,ue5_qfi1,0.4489795918367347,49,100.0,data,ok,0.0,ue6_qfi1,19.0,ok,30.2,ue1_qfi2,1,68.0,68.0,30.303,ok,33.0,,pending,,pending,,,,,2.0,,,8,,Reservation,1097657231,,,
ue5_qfi9,252.25,300.0,300.0,300.25,ok,0.5995265573406137,ok,ue5_qfi1,0,0,0,171.5,data,ok,2.0,False,,proxy,3,0,ue6_qfi2,0.0,147,150.0,ok,ue1_qfi2,24.458,ok,5,ok,8,ue6_qfi2,0.0,ok,0.6835272711305779,proxy,5,0.677686987682191,64003715.2,ok,0.005454545454545455,ok,0.9319193181818182,0.0398375,ok,ue2_qfi1,0.4489795918367347,49,100.0,data,ok,0.0,ue5_qfi2,72.753,ok,30.4,ue5_qfi2,1,123.5,123.5,30.303,ok,33.0,,pending,,pending,,,,,2.0,,,8,,TwoTier,1097657231,,,
ue8_qfi9,299.5,300.25,300.25,300.25,ok,0.5790766899141891,ok,ue5_qfi1,0,0,0,197.5,data,ok,2.0,False,,proxy,3,0,ue5_qfi2,0.993421052631579,152,150.0,ok,ue3_qfi2,25.877,ok,8,ok,8,ue5_qfi2,0.9647792,ok,0.8792952746735831,proxy,5,0.8737877789326907,69576204.8,ok,0.004886363636363637,ok,0.9311215909090909,0.0346203125,ok,ue6_qfi1,0.42857142857142855,49,100.0,data,ok,0.0,ue6_qfi1,25.5,ok,30.2,ue5_qfi2,1,66.0,66.0,30.303,ok,33.0,,pending,,pending,,,,,2.0,,,8,,PF,579362555,,,
ue6_qfi9,299.5,300.25,300.25,300.25,ok,0.599658556769633,ok,ue5_qfi1,0,0,0,120.24999999999997,data,ok,2.0,False,,proxy,3,0,ue7_qfi2,0.0,148,150.0,ok,ue5_qfi2,18.5,ok,6,ok,8,ue7_qfi2,0.0,ok,0.7621389752241202,proxy,5,0.7534488089608767,68778859.2,ok,0.0040704545454545455,ok,0.9325045454545454,0.08658125,ok,ue3_qfi1,0.5102040816326531,49,100.0,data,ok,0.0,ue6_qfi2,74.63,ok,30.2,ue1_qfi2,1,70.25,70.25,30.303,ok,33.0,,pending,,pending,,,,,2.0,,,8,,Reservation,579362555,,,
ue4_qfi9,249.75,300.0,300.25,300.25,ok,0.5482278059163287,ok,ue1_qfi1,0,0,0,198.74999999999955,data,ok,2.0,False,,proxy,3,0,ue6_qfi2,0.0,147,150.0,ok,ue1_qfi2,37.039,ok,5,ok,8,ue6_qfi2,0.0,ok,0.6820445217548834,proxy,5,0.6639031572418688,70581100.8,ok,0.004868181818181818,ok,0.9311761363636364,0.0325015625,ok,ue3_qfi1,0.4897959183673469,49,100.0,data,ok,0.0,ue5_qfi2,95.268,ok,30.4,ue5_qfi2,2,139.0,221.25,30.303,ok,33.0,,pending,,pending,,,,,2.0,,,8,,TwoTier,579362555,,,
ue8_qfi9,299.5,300.25,300.25,300.25,ok,0.580481858957075,ok,ue4_qfi1,0,0,0,128.0000000000001,data,ok,2.0,False,,proxy,3,0,ue4_qfi2,0.993421052631579,152,150.0,ok,ue6_qfi2,24.669,ok,8,ok,8,ue8_qfi2,0.9554052,ok,0.8790418292172028,proxy,5,0.8699538320184396,69446131.2,ok,0.004604545454545455,ok,0.9326647727272728,0.0343796875,ok,ue7_qfi1,0.4489795918367347,49,100.0,data,ok,0.0,ue4_qfi1,42.75,ok,30.2,ue4_qfi2,1,70.0,70.0,30.303,ok,33.0,,pending,,pending,,,,,2.0,,,8,,PF,661058651,,,
ue6_qfi9,299.75,300.25,300.25,300.25,ok,0.5984464365395917,ok,ue1_qfi1,0,0,0,120.74999999999969,data,ok,2.0,False,,proxy,3,0,ue7_qfi2,0.0,147,150.0,ok,ue6_qfi2,19.455,ok,6,ok,8,ue7_qfi2,0.0,ok,0.7630858119067656,proxy,5,0.7583520661963211,69253920.0,ok,0.003927272727272727,ok,0.9332840909090909,0.08531875,ok,ue1_qfi1,0.46938775510204084,49,100.0,data,ok,0.0,ue1_qfi1,18.75,ok,30.4,ue1_qfi2,0,0.0,0.0,30.303,ok,33.0,,pending,,pending,,,,,2.0,,,8,,Reservation,661058651,,,
ue5_qfi9,299.0,300.0,300.25,300.25,ok,0.5507348953305953,ok,ue5_qfi1,0,0,0,173.25000000000003,data,ok,2.0,False,,proxy,3,0,ue6_qfi2,0.0,148,150.0,ok,ue4_qfi2,30.351,ok,5,ok,8,ue6_qfi2,0.0,ok,0.69183494041278,proxy,5,0.6860858752814296,70928932.8,ok,0.004506818181818182,ok,0.9322386363636364,0.0323234375,ok,ue4_qfi1,0.4489795918367347,49,100.0,data,ok,0.0,ue4_qfi9,161.5,ok,30.4,ue5_qfi2,1,116.5,116.5,30.303,ok,33.0,,pending,,pending,,,,,2.0,,,8,,TwoTier,661058651,,,
ue8_qfi9,299.5,300.25,300.25,300.25,ok,0.6001963141241473,ok,ue8_qfi1,0,0,0,128.24999999999997,data,ok,2.0,False,,proxy,3,0,ue2_qfi2,0.993421052631579,152,150.0,ok,ue3_qfi2,27.712,ok,8,ok,8,ue3_qfi2,0.9659936,ok,0.8697570822339626,proxy,5,0.8636327741910821,66148196.8,ok,0.005034090909090909,ok,0.9322522727272727,0.03871875,ok,ue5_qfi1,0.4489795918367347,49,100.0,data,ok,0.0,ue8_qfi1,25.5,ok,30.2,ue2_qfi2,1,67.25,67.25,30.303,ok,33.0,,pending,,pending,,,,,2.0,,,8,,PF,87989972,,,
ue6_qfi9,299.75,300.25,300.25,300.25,ok,0.6276739124714019,ok,ue6_qfi1,0,0,0,121.0,data,ok,2.0,False,,proxy,3,0,ue7_qfi2,0.0,147,150.0,ok,ue5_qfi2,19.89,ok,6,ok,8,ue7_qfi2,0.0,ok,0.7541725039810935,proxy,5,0.7462304814466977,64906812.8,ok,0.004295454545454546,ok,0.933075,0.0983234375,ok,ue6_qfi1,0.42857142857142855,49,100.0,data,ok,0.0,ue4_qfi1,17.5,ok,30.4,ue1_qfi2,0,0.0,0.0,30.303,ok,33.0,,pending,,pending,,,,,2.0,,,8,,Reservation,87989972,,,
ue4_qfi9,262.5,300.0,300.0,300.25,ok,0.5773494922688461,ok,ue1_qfi9,0,0,0,386.25,data,ok,2.0,False,,proxy,3,0,ue6_qfi2,0.0,147,150.0,ok,ue1_qfi2,47.38,ok,5,ok,8,ue6_qfi2,0.0,ok,0.6774825665003381,proxy,5,0.664500560945848,66486635.2,ok,0.005086363636363636,ok,0.9324931818181819,0.0373734375,ok,ue1_qfi1,0.425531914893617,47,100.0,data,ok,0.0,ue5_qfi9,105.75,ok,30.4,ue4_qfi2,3,111.25,265.0,30.303,ok,33.0,,pending,,pending,,,,,2.0,,,8,,TwoTier,87989972,,,
ue8_qfi9,299.5,300.25,300.25,300.25,ok,0.589755943393269,ok,ue7_qfi1,0,0,0,132.49999999999983,data,ok,2.0,False,,proxy,3,0,ue2_qfi2,0.993421052631579,152,150.0,ok,ue7_qfi2,28.561,ok,8,ok,8,ue1_qfi2,0.9551411999999999,ok,0.8744514066685511,proxy,5,0.8707311738727812,67858452.8,ok,0.0048431818181818185,ok,0.9334125,0.036490625,ok,ue7_qfi1,0.42857142857142855,49,100.0,data,ok,0.0,ue7_qfi1,51.5,ok,30.2,ue2_qfi2,1,67.0,67.0,30.303,ok,33.0,,pending,,pending,,,,,2.0,,,8,,PF,161576974,,,
ue8_qfi9,299.75,300.25,300.25,300.25,ok,0.6083278477898773,ok,ue8_qfi1,0,0,0,119.24999999999963,data,ok,2.0,False,,proxy,3,0,ue6_qfi2,0.0,147,150.0,ok,ue4_qfi2,19.323,ok,5,ok,8,ue6_qfi2,0.0,ok,0.7550543674599639,proxy,5,0.7356181226738153,67494462.4,ok,0.004184090909090909,ok,0.9341602272727273,0.0882484375,ok,ue5_qfi1,0.4489795918367347,49,100.0,data,ok,0.0,ue8_qfi2,102.041,ok,30.2,ue2_qfi2,1,77.25,77.25,30.303,ok,33.0,,pending,,pending,,,,,2.0,,,8,,Reservation,161576974,,,
ue5_qfi9,297.0,300.0,300.25,300.25,ok,0.5647201844299156,ok,ue5_qfi1,0,0,0,143.75,data,ok,2.0,False,,proxy,3,0,ue6_qfi2,0.0,147,150.0,ok,ue3_qfi2,29.132,ok,5,ok,8,ue6_qfi2,0.0,ok,0.6891516720029259,proxy,5,0.6863430384410377,68760201.6,ok,0.004840909090909091,ok,0.9329272727272727,0.0340890625,ok,ue1_qfi1,0.5102040816326531,49,100.0,data,ok,0.0,ue2_qfi9,79.25,ok,30.4,ue2_qfi2,2,99.25,167.25,30.303,ok,33.0,,pending,,pending,,,,,2.0,,,8,,TwoTier,161576974,,,
ue8_qfi9,299.5,300.25,300.25,300.25,ok,0.5951606941755192,ok,ue4_qfi1,0,0,0,121.75000000000003,data,ok,2.0,False,,proxy,3,0,ue1_qfi2,0.993421052631579,152,150.0,ok,ue3_qfi2,25.112,ok,8,ok,8,ue1_qfi2,0.9568432,ok,0.8727987339749438,proxy,5,0.8656472595646418,67121955.2,ok,0.004820454545454545,ok,0.9341284090909091,0.0375234375,ok,ue7_qfi1,0.5102040816326531,49,100.0,data,ok,0.0,ue7_qfi1,22.75,ok,30.2,ue1_qfi2,1,69.0,69.0,30.303,ok,33.0,,pending,,pending,,,,,2.0,,,8,,PF,35492826,,,
ue6_qfi9,299.75,300.25,300.25,300.25,ok,0.6191247288711726,ok,ue6_qfi1,0,0,0,122.74999999999991,data,ok,2.0,False,,proxy,3,0,ue7_qfi2,0.0,148,150.0,ok,ue2_qfi2,18.774,ok,6,ok,8,ue7_qfi2,0.0,ok,0.7578133423636446,proxy,5,0.7529476126649515,66524572.8,ok,0.0042681818181818185,ok,0.9326875,0.0951265625,ok,ue3_qfi1,0.46938775510204084,49,100.0,data,ok,0.0,ue6_qfi1,19.5,ok,30.2,ue6_qfi2,1,68.0,68.0,30.303,ok,33.0,,pending,,pending,,,,,2.0,,,8,,Reservation,35492826,,,
ue5_qfi9,299.0,300.0,300.25,300.25,ok,0.5756462126649957,ok,ue5_qfi1,0,0,0,192.5,data,ok,2.0,False,,proxy,3,0,ue6_qfi2,0.0,147,150.0,ok,ue5_qfi2,28.0,ok,5,ok,8,ue6_qfi2,0.0,ok,0.6852037406316746,proxy,5,0.6777179490020983,67359444.8,ok,0.004818181818181818,ok,0.9345670454545455,0.0375125,ok,ue1_qfi1,0.5102040816326531,49,100.0,data,ok,0.0,ue3_qfi9,103.5,ok,30.2,ue2_qfi2,2,80.5,148.0,30.303,ok,33.0,,pending,,pending,,,,,2.0,,,8,,TwoTier,35492826,,,
ue8_qfi9,299.5,300.25,300.25,300.25,ok,0.5921348563323557,ok,ue1_qfi1,0,0,0,125.99999999999989,data,ok,2.0,False,,proxy,3,0,ue1_qfi2,1.0,152,150.0,ok,ue7_qfi2,25.779,ok,8,ok,8,ue4_qfi2,0.9600428000000001,ok,0.8731847802559521,proxy,5,0.8654490961117598,67413347.2,ok,0.004613636363636364,ok,0.9341477272727273,0.0375421875,ok,ue2_qfi1,0.4897959183673469,49,100.0,data,ok,0.0,ue4_qfi1,22.0,ok,30.4,ue1_qfi2,0,0.0,0.0,30.303,ok,33.0,,pending,,pending,,,,,2.0,,,8,,PF,376383645,,,
ue6_qfi9,299.75,300.25,300.25,300.25,ok,0.6104598647915297,ok,ue5_qfi1,0,0,0,125.99999999999989,data,ok,2.0,False,,proxy,3,0,ue7_qfi2,0.0,147,150.0,ok,ue6_qfi2,19.379,ok,5,ok,8,ue7_qfi2,0.0,ok,0.7443057055414141,proxy,5,0.6990384111469902,66583328.0,ok,0.0042204545454545455,ok,0.9346045454545454,0.092153125,ok,ue2_qfi1,0.46938775510204084,49,100.0,data,ok,0.0,ue6_qfi2,99.404,ok,30.0,ue4_qfi2,2,70.0,136.75,30.303,ok,33.0,,pending,,pending,,,,,2.0,,,8,,Reservation,376383645,,,
ue5_qfi9,283.25,300.0,300.25,300.25,ok,0.5797086676009069,ok,ue5_qfi1,0,0,0,167.75,data,ok,2.0,False,,proxy,3,0,ue6_qfi2,0.0,148,150.0,ok,ue2_qfi2,27.0,ok,5,ok,8,ue6_qfi2,0.0,ok,0.6907217751052468,proxy,5,0.6824291754742553,67314044.8,ok,0.004613636363636364,ok,0.9339613636363636,0.03613125,ok,ue1_qfi1,0.46938775510204084,49,100.0,data,ok,0.0,ue5_qfi1,66.25,ok,30.2,ue2_qfi2,2,68.75,136.75,30.303,ok,33.0,,pending,,pending,,,,,2.0,,,8,,TwoTier,376383645,,,
ue8_qfi9,299.5,300.25,300.25,300.25,ok,0.588749652299662,ok,ue1_qfi1,0,0,0,131.00000000000023,data,ok,2.0,False,,proxy,3,0,ue2_qfi2,0.993421052631579,152,150.0,ok,ue3_qfi2,25.25,ok,8,ok,8,ue3_qfi2,0.964732,ok,0.8748193246752392,proxy,5,0.8655281880151069,67978024.0,ok,0.005765909090909091,ok,0.9340704545454546,0.03753125,ok,ue8_qfi1,0.4489795918367347,49,100.0,data,ok,0.0,ue1_qfi1,28.5,ok,30.4,ue1_qfi2,0,0.0,0.0,30.303,ok,33.0,,pending,,pending,,,,,2.0,,,8,,PF,1746484539,,,
ue6_qfi9,299.5,300.25,300.25,300.25,ok,0.6079144333788932,ok,ue2_qfi1,0,0,0,121.24999999999986,data,ok,2.0,False,,proxy,3,0,ue7_qfi2,0.0,147,150.0,ok,ue3_qfi2,19.489,ok,6,ok,8,ue7_qfi2,0.0,ok,0.7595858472914293,proxy,5,0.7523099235907189,67553184.0,ok,0.00415,ok,0.9327352272727273,0.092975,ok,ue1_qfi1,0.46938775510204084,49,100.0,data,ok,0.0,ue6_qfi1,62.75,ok,30.4,ue1_qfi2,0,0.0,0.0,30.303,ok,33.0,,pending,,pending,,,,,2.0,,,8,,Reservation,1746484539,,,
ue5_qfi9,297.5,300.0,300.25,300.25,ok,0.5672681150222049,ok,ue5_qfi1,0,0,0,187.75,data,ok,2.0,False,,proxy,3,0,ue6_qfi2,0.0,147,150.0,ok,ue2_qfi2,24.612,ok,5,ok,8,ue6_qfi2,0.0,ok,0.6893837100205442,proxy,5,0.6809034457031807,68793472.0,ok,0.005634090909090909,ok,0.9340034090909091,0.03579375,ok,ue4_qfi1,0.46938775510204084,49,100.0,data,ok,0.0,ue5_qfi1,86.5,ok,30.2,ue5_qfi2,2,115.0,184.0,30.303,ok,33.0,,pending,,pending,,,,,2.0,,,8,,TwoTier,1746484539,,,
ue8_qfi9,299.75,300.25,300.25,300.25,ok,0.7117063283859012,ok,ue5_qfi1,0,0,0,117.99999999999989,data,ok,2.0,False,,proxy,3,0,ue1_qfi2,1.0,152,150.0,ok,ue1_qfi2,24.508,ok,8,ok,8,ue1_qfi2,0.9671724,ok,0.8417842753685901,proxy,5,0.8371932949843454,69827660.8,ok,0.004575,ok,0.9306545454545454,0.0354453125,ok,ue2_qfi1,0.4489795918367347,49,100.0,data,ok,0.0,ue3_qfi1,25.25,ok,30.4,ue1_qfi2,0,0.0,0.0,30.303,ok,33.0,,pending,,pending,,,,,3.0,,,8,,PF,1826701614,,,
ue7_qfi9,300.0,300.25,300.25,300.25,ok,0.7436136695343166,ok,ue2_qfi1,0,0,0,203.5,data,ok,2.0,False,,proxy,3,0,ue8_qfi2,0.0,148,150.0,ok,ue6_qfi2,23.571,ok,5,ok,8,ue8_qfi2,0.0,ok,0.7617848276040856,proxy,5,0.6692955456678042,69638256.0,ok,0.004118181818181819,ok,0.9312909090909091,0.08766875,ok,ue2_qfi1,0.4375,48,100.0,data,ok,0.0,ue6_qfi2,96.34,ok,30.4,ue1_qfi2,0,0.0,0.0,30.303,ok,33.0,,pending,,pending,,,,,3.0,,,8,,Reservation,1826701614,,,
ue5_qfi9,299.75,300.25,300.25,300.25,ok,0.6985223741469707,ok,ue5_qfi1,0,0,0,211.5,data,ok,2.0,False,,proxy,3,0,ue6_qfi2,0.0,147,150.0,ok,ue4_qfi2,29.902,ok,5,ok,8,ue6_qfi2,0.0,ok,0.6651592886656849,proxy,5,0.6590726544932124,71827334.4,ok,0.005309090909090909,ok,0.9304284090909091,0.0328890625,ok,ue4_qfi1,0.4791666666666667,48,100.0,data,ok,0.0,ue5_qfi2,74.66499999999999,ok,30.4,ue5_qfi2,1,124.25,124.25,30.303,ok,33.0,,pending,,pending,,,,,3.0,,,8,,TwoTier,1826701614,,,
ue8_qfi9,299.75,300.25,300.25,300.25,ok,0.7148249307071481,ok,ue5_qfi1,0,0,0,123.75000000000026,data,ok,2.0,False,,proxy,3,0,ue1_qfi2,0.993421052631579,152,150.0,ok,ue7_qfi2,26.649,ok,8,ok,8,ue7_qfi2,0.9530824,ok,0.840969616861386,proxy,5,0.8318941739763319,69248468.8,ok,0.004897727272727272,ok,0.9317795454545454,0.035984375,ok,ue3_qfi1,0.4897959183673469,49,100.0,data,ok,0.0,ue5_qfi1,20.5,ok,30.2,ue1_qfi2,0,0.0,0.0,30.303,ok,33.0,,pending,,pending,,,,,3.0,,,8,,PF,1367864806,,,
ue6_qfi9,300.0,300.25,300.25,300.25,ok,0.7498348481759418,ok,ue3_qfi1,0,0,0,118.25000000000018,data,ok,2.0,False,,proxy,3,0,ue7_qfi2,0.0,148,150.0,ok,ue6_qfi2,21.202,ok,5,ok,8,ue7_qfi2,0.0,ok,0.7253285704413077,proxy,5,0.7116247403082976,69168665.6,ok,0.004102272727272727,ok,0.9324056818181818,0.088465625,ok,ue4_qfi1,0.4489795918367347,49,100.0,data,ok,0.0,ue6_qfi2,114.343,ok,30.4,ue1_qfi2,0,0.0,0.0,30.303,ok,33.0,,pending,,pending,,,,,3.0,,,8,,Reservation,1367864806,,,
ue5_qfi9,299.75,300.25,300.25,300.25,ok,0.6977833259977538,ok,ue5_qfi1,0,0,0,214.25,data,ok,2.0,False,,proxy,3,0,ue6_qfi2,0.0,147,150.0,ok,ue5_qfi2,37.576,ok,5,ok,8,ue6_qfi2,0.0,ok,0.6628193772334365,proxy,5,0.6581715256638929,71579065.6,ok,0.0049,ok,0.9319034090909091,0.0333484375,ok,ue3_qfi1,0.4489795918367347,49,100.0,data,ok,0.0,ue3_qfi1,94.5,ok,30.4,ue3_qfi2,1,132.25,132.25,30.303,ok,33.0,,pending,,pending,,,,,3.0,,,8,,TwoTier,1367864806,,,
ue8_qfi9,299.75,300.25,300.25,300.25,ok,0.7315629101495832,ok,ue3_qfi1,0,0,0,125.25000000000031,data,ok,2.0,False,,proxy,3,0,ue6_qfi2,0.993421052631579,152,150.0,ok,ue3_qfi2,25.75,ok,8,ok,8,ue3_qfi2,0.9580812,ok,0.8323058720824514,proxy,5,0.8300006418593652,65322868.8,ok,0.0053318181818181815,ok,0.9317977272727272,0.0389984375,ok,ue1_qfi1,0.46938775510204084,49,100.0,data,ok,0.0,ue8_qfi1,25.25,ok,30.2,ue6_qfi2,1,68.25,68.25,30.303,ok,33.0,,pending,,pending,,,,,3.0,,,8,,PF,1097657231,,,
ue6_qfi9,300.0,300.25,300.25,300.25,ok,0.7669325217510232,ok,ue5_qfi1,0,0,0,123.7499999999998,data,ok,2.0,False,,proxy,3,0,ue7_qfi2,0.0,147,150.0,ok,ue4_qfi2,19.25,ok,6,ok,8,ue7_qfi2,0.0,ok,0.7205028633676338,proxy,5,0.7181671400436686,65481883.2,ok,0.004443181818181818,ok,0.9321727272727273,0.09514375,ok,ue6_qfi1,0.46938775510204084,49,100.0,data,ok,0.0,ue5_qfi1,21.25,ok,30.2,ue1_qfi2,0,0.0,0.0,30.303,ok,33.0,,pending,,pending,,,,,3.0,,,8,,Reservation,1097657231,,,
ue5_qfi9,299.5,300.25,300.25,300.25,ok,0.7307654770354316,ok,ue1_qfi1,0,0,0,213.50000000000003,data,ok,2.0,False,,proxy,3,0,ue6_qfi2,0.0,147,150.0,ok,ue1_qfi2,34.265,ok,5,ok,8,ue6_qfi2,0.0,ok,0.6564632972652288,proxy,5,0.6502805891561547,65513678.4,ok,0.005334090909090909,ok,0.931865909090909,0.037721875,ok,ue3_qfi1,0.46938775510204084,49,100.0,data,ok,0.0,ue3_qfi1,89.75,ok,30.2,ue1_qfi2,2,109.25,179.5,30.303,ok,33.0,,pending,,pending,,,,,3.0,,,8,,TwoTier,1097657231,,,
ue8_qfi9,299.75,300.25,300.25,300.25,ok,0.7198706272347887,ok,ue5_qfi1,0,0,0,122.99999999999977,data,ok,2.0,False,,proxy,3,0,ue1_qfi2,1.0,152,150.0,ok,ue5_qfi2,26.904,ok,8,ok,8,ue6_qfi2,0.9529624,ok,0.8375572732117635,proxy,5,0.832457390413615,67926388.8,ok,0.00495,ok,0.9311818181818182,0.0358609375,ok,ue3_qfi1,0.46938775510204084,49,100.0,data,ok,0.0,ue3_qfi1,20.75,ok,30.4,ue1_qfi2,0,0.0,0.0,30.303,ok,33.0,,pending,,pending,,,,,3.0,,,8,,PF,579362555,,,
ue6_qfi9,300.0,300.25,300.25,300.25,ok,0.7620382283488168,ok,ue5_qfi1,0,0,0,120.49999999999983,data,ok,2.0,False,,proxy,3,0,ue7_qfi2,0.0,147,150.0,ok,ue4_qfi2,20.074,ok,6,ok,8,ue7_qfi2,0.0,ok,0.721809131249642,proxy,5,0.7194118748731618,66296894.4,ok,0.0042681818181818185,ok,0.9325215909090909,0.0917875,ok,ue3_qfi1,0.42857142857142855,49,100.0,data,ok,0.0,ue6_qfi2,74.047,ok,30.4,ue1_qfi2,0,0.0,0.0,30.303,ok,33.0,,pending,,pending,,,,,3.0,,,8,,Reservation,579362555,,,
ue5_qfi9,299.75,300.25,300.25,300.25,ok,0.7174073392331982,ok,ue5_qfi9,0,0,0,284.24999999999966,data,ok,2.0,False,,proxy,3,0,ue6_qfi2,0.0,148,150.0,ok,ue5_qfi2,63.395,ok,5,ok,8,ue6_qfi2,0.0,ok,0.6591261725195738,proxy,5,0.6540174437671746,67911252.8,ok,0.005165909090909091,ok,0.9313125,0.0345359375,ok,ue3_qfi1,0.5102040816326531,49,100.0,data,ok,0.0,ue5_qfi2,96.378,ok,30.2,ue5_qfi2,2,132.75,200.0,30.303,ok,33.0,,pending,,pending,,,,,3.0,,,8,,TwoTier,579362555,,,
ue8_qfi9,299.75,300.25,300.25,300.25,ok,0.710237349787044,ok,ue2_qfi1,0,0,0,127.25000000000009,data,ok,2.0,False,,proxy,3,0,ue4_qfi2,0.993421052631579,152,150.0,ok,ue8_qfi2,25.295,ok,8,ok,8,ue8_qfi2,0.9600776,ok,0.8427623992789306,proxy,5,0.8383311621559925,70250745.6,ok,0.0045340909090909095,ok,0.9321193181818181,0.03401875,ok,ue2_qfi1,0.4897959183673469,49,100.0,data,ok,0.0,ue2_qfi1,25.5,ok,30.4,ue1_qfi2,0,0.0,0.0,30.303,ok,33.0,,pending,,pending,,,,,3.0,,,8,,PF,661058651,,,
ue7_qfi9,300.0,300.25,300.25,300.25,ok,0.7454557404316707,ok,ue2_qfi1,0,0,0,123.00000000000023,data,ok,2.0,False,,proxy,3,0,ue8_qfi2,0.0,148,150.0,ok,ue6_qfi2,22.18,ok,7,ok,8,ue8_qfi2,0.0,ok,0.7857309057970678,proxy,5,0.7816071319210511,69686110.4,ok,0.003952272727272727,ok,0.9322852272727272,0.08744375,ok,ue1_qfi1,0.4897959183673469,49,100.0,data,ok,0.0,ue7_qfi2,95.045,ok,30.2,ue2_qfi2,1,74.5,74.5,30.303,ok,33.0,,pending,,pending,,,,,3.0,,,8,,Reservation,661058651,,,
ue5_qfi9,299.25,300.25,300.25,300.25,ok,0.694261687563245,ok,ue5_qfi1,0,0,0,194.0,data,ok,2.0,False,,proxy,3,0,ue6_qfi2,0.0,148,150.0,ok,ue1_qfi2,32.516,ok,5,ok,8,ue6_qfi2,0.0,ok,0.6649371558831076,proxy,5,0.6589868123578858,72263563.2,ok,0.0049113636363636365,ok,0.9322522727272727,0.0320296875,ok,ue5_qfi1,0.4897959183673469,49,100.0,data,ok,0.0,ue5_qfi1,92.75,ok,30.2,ue5_qfi2,2,113.0,181.0,30.303,ok,33.0,,pending,,pending,,,,,3.0,,,8,,TwoTier,661058651,,,
ue8_qfi9,299.75,300.25,300.25,300.25,ok,0.7234104930645859,ok,ue1_qfi1,0,0,0,168.4999999999999,data,ok,2.0,False,,proxy,3,0,ue4_qfi2,0.993421052631579,152,150.0,ok,ue1_qfi2,26.639,ok,8,ok,8,ue2_qfi2,0.9579868,ok,0.8359380699242698,proxy,5,0.8276340075871972,67108822.4,ok,0.005247727272727273,ok,0.9328136363636363,0.037003125,ok,ue2_qfi1,0.4897959183673469,49,100.0,data,ok,0.0,ue1_qfi1,68.5,ok,30.4,ue1_qfi2,0,0.0,0.0,30.303,ok,33.0,,pending,,pending,,,,,3.0,,,8,,PF,87989972,,,
ue6_qfi9,300.0,300.25,300.25,300.25,ok,0.7652880280499507,ok,ue2_qfi1,0,0,0,121.49999999999972,data,ok,2.0,False,,proxy,3,0,ue7_qfi2,0.0,147,150.0,ok,ue1_qfi2,18.82,ok,6,ok,8,ue7_qfi2,0.0,ok,0.7202948807817682,proxy,5,0.7152796898406951,65535203.199999996,ok,0.004318181818181818,ok,0.9326545454545454,0.095528125,ok,ue3_qfi1,0.46938775510204084,49,100.0,data,ok,0.0,ue2_qfi1,17.0,ok,30.4,ue1_qfi2,0,0.0,0.0,30.303,ok,33.0,,pending,,pending,,,,,3.0,,,8,,Reservation,87989972,,,
ue5_qfi9,299.75,300.25,300.25,300.25,ok,0.7194328930210702,ok,ue2_qfi1,0,0,1,720.7499999999998,data,ok,2.0,False,,proxy,3,0,ue6_qfi2,0.0,147,150.0,ok,ue2_qfi2,77.612,ok,4,ok,8,ue6_qfi2,0.0,ok,0.6545750168273513,proxy,5,0.6433912487180161,67503476.8,ok,0.004997727272727273,ok,0.9326193181818182,0.0361078125,ok,ue1_qfi1,0.4666666666666667,45,100.0,data,ok,0.0,ue2_qfi2,90.298,ok,29.8,ue2_qfi2,5,252.75,548.25,30.303,ok,33.0,,pending,,pending,,,,,3.0,,,8,,TwoTier,87989972,,,
ue8_qfi9,299.75,300.25,300.25,300.25,ok,0.7235444017458781,ok,ue4_qfi1,0,0,0,125.75000000000003,data,ok,2.0,False,,proxy,3,0,ue1_qfi2,1.0,152,150.0,ok,ue1_qfi2,28.329,ok,8,ok,8,ue7_qfi2,0.961238,ok,0.8360576545210552,proxy,5,0.8302490704491744,67130092.8,ok,0.004997727272727273,ok,0.9331488636363636,0.0372578125,ok,ue7_qfi1,0.46938775510204084,49,100.0,data,ok,0.0,ue7_qfi1,21.75,ok,30.4,ue1_qfi2,0,0.0,0.0,30.303,ok,33.0,,pending,,pending,,,,,3.0,,,8,,PF,161576974,,,
ue6_qfi9,300.0,300.25,300.25,300.25,ok,0.7652577009874822,ok,ue3_qfi1,0,0,0,120.74999999999969,data,ok,2.0,False,,proxy,3,0,ue7_qfi2,0.0,147,150.0,ok,ue4_qfi2,19.787,ok,5,ok,8,ue7_qfi2,0.0,ok,0.7160299074757759,proxy,5,0.6991830813999707,65378681.6,ok,0.004245454545454545,ok,0.9344011363636363,0.09596875,ok,ue2_qfi1,0.40816326530612246,49,100.0,data,ok,0.0,ue6_qfi2,102.60499999999999,ok,30.2,ue5_qfi2,1,69.5,69.5,30.303,ok,33.0,,pending,,pending,,,,,3.0,,,8,,Reservation,161576974,,,
ue5_qfi9,299.5,300.25,300.25,300.25,ok,0.7188725237613166,ok,ue5_qfi1,0,0,0,247.75,data,ok,2.0,False,,proxy,3,0,ue6_qfi2,0.0,147,150.0,ok,ue1_qfi2,43.719,ok,5,ok,8,ue6_qfi2,0.0,ok,0.6591200127289047,proxy,5,0.6535157861446601,67589304.0,ok,0.0046931818181818186,ok,0.9326295454545455,0.0350609375,ok,ue1_qfi1,0.44680851063829785,47,100.0,data,ok,0.0,ue4_qfi1,86.25,ok,30.4,ue5_qfi2,1,123.75,123.75,30.303,ok,33.0,,pending,,pending,,,,,3.0,,,8,,TwoTier,161576974,,,
ue8_qfi9,299.75,300.25,300.25,300.25,ok,0.7226923882390704,ok,ue6_qfi1,0,0,0,126.24999999999997,data,ok,2.0,False,,proxy,3,0,ue1_qfi2,0.993421052631579,152,150.0,ok,ue4_qfi2,25.477,ok,8,ok,8,ue2_qfi2,0.9674931999999999,ok,0.8364286401043831,proxy,5,0.8307566967810108,67428299.2,ok,0.004781818181818182,ok,0.9342602272727273,0.0378453125,ok,ue2_qfi1,0.5102040816326531,49,100.0,data,ok,0.0,ue1_qfi1,25.0,ok,30.2,ue1_qfi2,0,0.0,0.0,30.303,ok,33.0,,pending,,pending,,,,,3.0,,,8,,PF,35492826,,,
ue6_qfi9,300.0,300.25,300.25,300.25,ok,0.7610259262359812,ok,ue1_qfi1,0,0,0,117.99999999999989,data,ok,2.0,False,,proxy,3,0,ue7_qfi2,0.0,147,150.0,ok,ue4_qfi2,19.018,ok,6,ok,8,ue7_qfi2,0.0,ok,0.7221104186211942,proxy,5,0.7169317722236961,66535704.0,ok,0.0041,ok,0.9328727272727273,0.096353125,ok,ue4_qfi1,0.4897959183673469,49,100.0,data,ok,0.0,ue6_qfi1,67.25,ok,30.4,ue1_qfi2,0,0.0,0.0,30.303,ok,33.0,,pending,,pending,,,,,3.0,,,8,,Reservation,35492826,,,
ue5_qfi9,299.75,300.25,300.25,300.25,ok,0.7241627693880061,ok,ue5_qfi1,0,0,0,247.75,data,ok,2.0,False,,proxy,3,0,ue6_qfi2,0.0,148,150.0,ok,ue1_qfi2,25.688,ok,5,ok,8,ue6_qfi2,0.0,ok,0.6595790457679955,proxy,5,0.6535577863400922,67188563.2,ok,0.004784090909090909,ok,0.9344397727272727,0.037728125,ok,ue4_qfi1,0.4375,48,100.0,data,ok,0.0,ue5_qfi2,75.44099999999999,ok,30.4,ue5_qfi2,1,116.0,116.0,30.303,ok,33.0,,pending,,pending,,,,,3.0,,,8,,TwoTier,35492826,,,
ue8_qfi9,299.75,300.25,300.25,300.25,ok,0.7212820591444863,ok,ue5_qfi1,0,0,0,132.50000000000028,data,ok,2.0,False,,proxy,3,0,ue1_qfi2,1.0,152,150.0,ok,ue2_qfi2,25.791,ok,8,ok,8,ue3_qfi2,0.96453,ok,0.8368810164330236,proxy,5,0.8257815877332348,67551350.4,ok,0.004559090909090909,ok,0.934084090909091,0.0370046875,ok,ue1_qfi1,0.42857142857142855,49,100.0,data,ok,0.0,ue2_qfi1,29.0,ok,30.4,ue1_qfi2,0,0.0,0.0,30.303,ok,33.0,,pending,,pending,,,,,3.0,,,8,,PF,376383645,,,
ue6_qfi9,300.0,300.25,300.25,300.25,ok,0.7611398120941208,ok,ue4_qfi1,0,0,0,124.49999999999983,data,ok,2.0,False,,proxy,3,0,ue7_qfi2,0.0,147,150.0,ok,ue6_qfi2,19.674,ok,5,ok,8,ue7_qfi2,0.0,ok,0.7193395524481088,proxy,5,0.7107143795190617,66075828.8,ok,0.004159090909090909,ok,0.9348636363636363,0.09395,ok,ue6_qfi1,0.45454545454545453,44,100.0,data,ok,0.0,ue6_qfi2,114.755,ok,30.2,ue5_qfi2,1,78.5,78.5,30.303,ok,33.0,,pending,,pending,,,,,3.0,,,8,,Reservation,376383645,,,
ue5_qfi9,299.5,300.25,300.25,300.25,ok,0.7187974403033298,ok,ue5_qfi1,0,0,0,211.25,data,ok,2.0,False,,proxy,3,0,ue6_qfi2,0.0,147,150.0,ok,ue1_qfi2,45.819,ok,5,ok,8,ue6_qfi2,0.0,ok,0.6606299543033536,proxy,5,0.6516212371592365,67806988.8,ok,0.004536363636363636,ok,0.9340204545454546,0.035365625,ok,ue5_qfi1,0.4583333333333333,48,100.0,data,ok,0.0,ue2_qfi1,96.0,ok,30.4,ue5_qfi2,1,109.0,109.0,30.303,ok,33.0,,pending,,pending,,,,,3.0,,,8,,TwoTier,376383645,,,
ue8_qfi9,299.75,300.25,300.25,300.25,ok,0.7164836327679988,ok,ue3_qfi1,0,0,0,135.99999999999923,data,ok,2.0,False,,proxy,3,0,ue2_qfi2,0.993421052631579,152,150.0,ok,ue1_qfi2,25.595,ok,8,ok,8,ue3_qfi2,0.9564311999999999,ok,0.839604233433467,proxy,5,0.8378863691937404,68857417.6,ok,0.005502272727272727,ok,0.933875,0.0349765625,ok,ue5_qfi1,0.4897959183673469,49,100.0,data,ok,0.0,ue3_qfi1,32.25,ok,30.4,ue1_qfi2,0,0.0,0.0,30.303,ok,33.0,,pending,,pending,,,,,3.0,,,8,,PF,1746484539,,,
ue6_qfi9,300.0,300.25,300.25,300.25,ok,0.7565476033845219,ok,ue4_qfi1,0,0,0,124.24999999999997,data,ok,2.0,False,,proxy,3,0,ue7_qfi2,0.0,148,150.0,ok,ue5_qfi2,19.963,ok,6,ok,8,ue7_qfi2,0.0,ok,0.7244079768230736,proxy,5,0.7210383083989319,67773484.8,ok,0.004129545454545454,ok,0.9322556818181819,0.08918125,ok,ue1_qfi1,0.46938775510204084,49,100.0,data,ok,0.0,ue3_qfi1,20.75,ok,30.2,ue6_qfi2,1,69.25,69.25,30.303,ok,33.0,,pending,,pending,,,,,3.0,,,8,,Reservation,1746484539,,,
ue5_qfi9,299.5,300.25,300.25,300.25,ok,0.7111728404279308,ok,ue1_qfi9,0,0,1,783.0000000000003,data,ok,2.0,False,,proxy,3,0,ue6_qfi2,0.0,148,150.0,ok,ue1_qfi2,84.23,ok,5,ok,8,ue6_qfi2,0.0,ok,0.6563901370800465,proxy,5,0.6480409290361341,69484144.0,ok,0.005497727272727273,ok,0.9339613636363636,0.0328953125,ok,ue1_qfi1,0.4,35,100.0,data,ok,0.0,ue1_qfi1,85.5,ok,30.0,ue1_qfi2,16,105.5,1319.75,30.303,ok,33.0,,pending,,pending,,,,,3.0,,,8,,TwoTier,1746484539,,,
ue16_qfi9,298.75,300.0,300.25,300.25,ok,0.6252826546067134,ok,ue8_qfi1,1,1,1,2377.0,data,ok,2.0,False,,proxy,3,0,ue8_qfi2,0.9342105263157895,152,150.0,ok,ue8_qfi2,138.445,ok,15,ok,16,ue8_qfi2,0.9369436,ok,0.7253058782262299,proxy,5,0.69364304458284,69173409.6,ok,0.009909090909090909,ok,0.9306431818181818,0.0371171875,ok,ue10_qfi1,0.42105263157894735,19,100.0,data,ok,0.0,ue8_qfi2,111.971,ok,28.4,ue8_qfi2,4,155.5,459.5,30.303,ok,33.0,,pending,,pending,,,,,1.0,,,16,,PF,1826701614,,,
ue12_qfi9,299.75,300.25,300.25,300.25,ok,0.6519119975978322,ok,ue5_qfi1,0,0,0,215.7499999999999,data,ok,2.0,False,,proxy,3,0,ue13_qfi2,0.0,147,150.0,ok,ue12_qfi2,100.941,ok,10,ok,16,ue13_qfi2,0.0,ok,0.6892012376233918,proxy,5,0.6746168586499907,67383424.0,ok,0.008279545454545454,ok,0.9306647727272728,0.223171875,ok,ue3_qfi1,0.42857142857142855,49,100.0,data,ok,0.0,ue12_qfi2,108.36200000000001,ok,30.2,ue6_qfi2,1,80.75,80.75,30.303,ok,33.0,,pending,,pending,,,,,1.0,,,16,,Reservation,1826701614,,,
ue5_qfi9,20.75,41.75,48.25,53.75,ok,0.676337841674749,ok,ue1_qfi1,0,0,0,111.00000000000021,data,ok,2.0,False,,proxy,3,0,ue6_qfi2,0.0,148,150.0,ok,ue5_qfi2,23.154,ok,5,ok,16,ue6_qfi2,0.0,ok,0.4843397132039363,proxy,5,0.4843100193539408,59575516.8,ok,0.009070454545454545,ok,0.9297534090909091,0.0381796875,ok,ue4_qfi1,0.4489795918367347,49,100.0,data,ok,0.0,ue5_qfi9,33.0,ok,30.4,ue1_qfi2,0,0.0,0.0,30.303,ok,33.0,,pending,,pending,,,,,1.0,,,16,,TwoTier,1826701614,,,
ue16_qfi9,299.0,300.25,300.25,300.25,ok,0.6373525164606415,ok,ue4_qfi1,1,1,1,2677.2500000000005,data,ok,2.0,False,,proxy,3,0,ue4_qfi2,0.8881578947368421,152,150.0,ok,ue4_qfi2,146.652,ok,15,ok,16,ue2_qfi2,0.9326772,ok,0.6804705164295098,proxy,5,0.6229530289158297,66788438.4,ok,0.00933409090909091,ok,0.9309386363636364,0.0409546875,ok,ue11_qfi1,0.3684210526315789,19,100.0,data,ok,0.0,ue5_qfi2,118.00900000000001,ok,27.2,ue4_qfi2,6,220.0,719.0,30.303,ok,33.0,,pending,,pending,,,,,1.0,,,16,,PF,1367864806,,,
ue15_qfi9,299.75,300.25,300.25,300.25,ok,0.6572042724650251,ok,ue13_qfi9,0,0,0,272.7500000000003,data,ok,2.0,False,,proxy,3,0,ue16_qfi2,0.0,147,150.0,ok,ue12_qfi2,102.927,ok,12,ok,16,ue16_qfi2,0.0,ok,0.7234314694548748,proxy,5,0.7091991262767545,64863891.2,ok,0.008975,ok,0.9318034090909091,0.2859453125,ok,ue1_qfi1,0.41304347826086957,46,100.0,data,ok,0.0,ue12_qfi2,115.68699999999998,ok,30.0,ue1_qfi2,4,74.5,286.75,30.303,ok,33.0,,pending,,pending,,,,,1.0,,,16,,Reservation,1367864806,,,
ue3_qfi9,29.75,87.25,106.25,115.0,ok,0.6764066111613033,ok,ue1_qfi1,0,0,0,121.24999999999986,data,ok,2.0,False,,proxy,3,0,ue6_qfi2,0.0,147,150.0,ok,ue3_qfi2,46.865,ok,5,ok,16,ue6_qfi2,0.0,ok,0.48429607154652227,proxy,5,0.48424947571123644,59615836.8,ok,0.009722727272727274,ok,0.9314852272727273,0.0433765625,ok,ue3_qfi1,0.46938775510204084,49,100.0,data,ok,0.0,ue3_qfi9,85.25,ok,30.4,ue3_qfi2,6,97.25,496.25,30.303,ok,33.0,,pending,,pending,,,,,1.0,,,16,,TwoTier,1367864806,,,
ue16_qfi9,299.0,300.25,300.25,300.25,ok,0.6334408661580304,ok,ue7_qfi9,1,1,1,3560.5000000000005,data,ok,2.0,False,,proxy,3,0,ue6_qfi2,0.9013157894736842,152,150.0,ok,ue7_qfi2,144.743,ok,14,ok,16,ue1_qfi2,0.9424996,ok,0.7054951883777021,proxy,5,0.6766663910108491,67528348.8,ok,0.009536363636363636,ok,0.9318875,0.0397578125,ok,ue1_qfi1,0.35294117647058826,34,100.0,data,ok,0.0,ue1_qfi2,123.998,ok,27.4,ue6_qfi2,4,242.0,507.25,30.303,ok,33.0,,pending,,pending,,,,,1.0,,,16,,PF,1097657231,,,
ue14_qfi9,299.75,300.25,300.25,300.25,ok,0.6563085724402205,ok,ue5_qfi1,0,0,0,205.2499999999995,data,ok,2.0,False,,proxy,3,0,ue13_qfi2,0.0,147,150.0,ok,ue14_qfi2,88.831,ok,11,ok,16,ue13_qfi2,0.0,ok,0.699521069270391,proxy,5,0.6853903593113165,66084732.8,ok,0.00848409090909091,ok,0.9313477272727273,0.244915625,ok,ue4_qfi1,0.40816326530612246,49,100.0,data,ok,0.0,ue14_qfi2,109.06200000000001,ok,30.2,ue8_qfi2,1,69.25,69.25,30.303,ok,33.0,,pending,,pending,,,,,1.0,,,16,,Reservation,1097657231,,,
ue12_qfi9,288.25,299.75,300.0,300.25,ok,0.6358450807896313,ok,ue6_qfi1,0,0,0,377.9999999999999,data,ok,2.0,False,,proxy,3,0,ue13_qfi2,0.0,147,150.0,ok,ue6_qfi2,89.427,ok,12,ok,16,ue13_qfi2,0.0,ok,0.6870245362312742,proxy,5,0.680156282389409,67288788.8,ok,0.009402272727272728,ok,0.9314602272727273,0.0390625,ok,ue8_qfi1,0.45,40,100.0,data,ok,0.0,ue10_qfi2,115.264,ok,30.4,ue11_qfi2,9,90.5,768.0,30.303,ok,33.0,,pending,,pending,,,,,1.0,,,16,,TwoTier,1097657231,,,
ue16_qfi9,299.0,300.25,300.25,300.25,ok,0.6312887472785947,ok,ue2_qfi9,1,1,1,4848.999999999999,data,ok,2.0,False,,proxy,3,0,ue2_qfi2,0.8486842105263158,152,150.0,ok,ue2_qfi2,143.447,ok,14,ok,16,ue12_qfi2,0.9371408,ok,0.7145524761363335,proxy,5,0.6883486095779368,68053937.6,ok,0.008561363636363636,ok,0.9311704545454546,0.0388046875,ok,ue2_qfi1,0.0,2,100.0,data,ok,0.0,ue12_qfi2,121.164,ok,25.8,ue2_qfi2,5,234.0,845.5,30.303,ok,33.0,,pending,,pending,,,,,1.0,,,16,,PF,579362555,,,
ue15_qfi9,299.75,300.25,300.25,300.25,ok,0.6522801624332181,ok,ue2_qfi1,0,0,0,269.2500000000002,data,ok,2.0,False,,proxy,3,0,ue14_qfi2,0.0,147,150.0,ok,ue15_qfi2,52.676,ok,14,ok,16,ue14_qfi2,0.0,ok,0.7280604733191113,proxy,5,0.7237126381937262,66049316.8,ok,0.008525,ok,0.9309715909090909,0.274771875,ok,ue4_qfi1,0.4222222222222222,45,100.0,data,ok,0.0,ue12_qfi2,102.594,ok,30.2,ue4_qfi2,4,77.0,282.75,30.303,ok,33.0,,pending,,pending,,,,,1.0,,,16,,Reservation,579362555,,,
ue2_qfi9,26.5,52.5,58.25,62.5,ok,0.675098472160543,ok,ue1_qfi1,0,0,0,116.0000000000001,data,ok,2.0,False,,proxy,3,0,ue6_qfi2,0.0,147,150.0,ok,ue5_qfi2,23.288,ok,5,ok,16,ue6_qfi2,0.0,ok,0.48431553318708803,proxy,5,0.4842891009675205,59876252.8,ok,0.0089,ok,0.9314977272727273,0.04145,ok,ue5_qfi1,0.46938775510204084,49,100.0,data,ok,0.0,ue4_qfi9,40.25,ok,30.4,ue1_qfi2,0,0.0,0.0,30.303,ok,33.0,,pending,,pending,,,,,1.0,,,16,,TwoTier,579362555,,,
ue16_qfi9,299.0,300.25,300.25,300.25,ok,0.6307055044965498,ok,ue3_qfi1,0,1,1,1983.25,data,ok,2.0,False,,proxy,3,0,ue4_qfi2,0.959731543624161,149,150.0,ok,ue13_qfi2,132.104,ok,11,ok,16,ue13_qfi2,0.9267004,ok,0.711836605464466,proxy,5,0.6337283005275208,67917248.0,ok,0.009306818181818182,ok,0.9325272727272728,0.0385703125,ok,ue7_qfi1,0.3684210526315789,19,100.0,data,ok,0.0,ue13_qfi2,122.93099999999998,ok,28.6,ue4_qfi2,2,168.5,275.75,30.303,ok,33.0,,pending,,pending,,,,,1.0,,,16,,PF,661058651,,,
ue14_qfi9,299.75,300.25,300.25,300.25,ok,0.653730824489283,ok,ue4_qfi1,0,0,0,225.99999999999997,data,ok,2.0,False,,proxy,3,0,ue15_qfi2,0.0,148,150.0,ok,ue14_qfi2,94.601,ok,11,ok,16,ue15_qfi2,0.0,ok,0.6980994640451456,proxy,5,0.681582105623017,66348113.6,ok,0.008604545454545455,ok,0.9323125,0.24623125,ok,ue1_qfi1,0.42857142857142855,49,100.0,data,ok,0.0,ue12_qfi2,114.77300000000001,ok,30.0,ue4_qfi2,3,86.0,221.5,30.303,ok,33.0,,pending,,pending,,,,,1.0,,,16,,Reservation,661058651,,,
ue4_qfi9,14.75,53.0,60.25,64.25,ok,0.6760292433760285,ok,ue2_qfi1,0,0,0,116.49999999999983,data,ok,2.0,False,,proxy,3,0,ue6_qfi2,0.0,147,150.0,ok,ue3_qfi2,22.944,ok,5,ok,16,ue6_qfi2,0.0,ok,0.484345752362071,proxy,5,0.4843322139140147,59545456.0,ok,0.009327272727272727,ok,0.9326,0.0396921875,ok,ue5_qfi1,0.4489795918367347,49,100.0,data,ok,0.0,ue4_qfi9,49.5,ok,30.4,ue1_qfi2,0,0.0,0.0,30.303,ok,33.0,,pending,,pending,,,,,1.0,,,16,,TwoTier,661058651,,,
ue16_qfi9,298.75,300.25,300.25,300.25,ok,0.6287928091551598,ok,ue2_qfi9,1,1,1,2604.25,data,ok,2.0,False,,proxy,3,0,ue8_qfi2,0.9006622516556292,151,150.0,ok,ue4_qfi2,144.27,ok,14,ok,16,ue4_qfi2,0.9348704,ok,0.7154611291955368,proxy,5,0.689016555600118,68522177.6,ok,0.009704545454545455,ok,0.9320488636363636,0.0384140625,ok,ue8_qfi1,0.3333333333333333,18,100.0,data,ok,0.0,ue2_qfi2,113.737,ok,27.4,ue8_qfi2,4,155.75,492.75,30.303,ok,33.0,,pending,,pending,,,,,1.0,,,16,,PF,87989972,,,
ue15_qfi9,299.5,300.25,300.25,300.25,ok,0.6539969582537937,ok,ue7_qfi1,0,0,0,212.24999999999994,data,ok,2.0,False,,proxy,3,0,ue11_qfi2,0.0,147,150.0,ok,ue15_qfi2,45.455,ok,10,ok,16,ue11_qfi2,0.0,ok,0.691082652856629,proxy,5,0.6800986978537814,66868998.4,ok,0.008379545454545454,ok,0.9324965909090909,0.2292125,ok,ue2_qfi1,0.4583333333333333,48,100.0,data,ok,0.0,ue15_qfi2,110.935,ok,30.4,ue2_qfi2,1,67.25,67.25,30.303,ok,33.0,,pending,,pending,,,,,1.0,,,16,,Reservation,87989972,,,
ue12_qfi9,298.25,300.0,300.25,300.25,ok,0.6355293114289892,ok,ue2_qfi9,0,0,0,454.75,data,ok,2.0,False,,proxy,3,0,ue13_qfi2,0.0,148,150.0,ok,ue6_qfi2,143.755,ok,11,ok,16,ue13_qfi2,0.0,ok,0.6723262934365208,proxy,5,0.6648536301364736,67306096.0,ok,0.009761363636363636,ok,0.9322568181818182,0.038834375,ok,ue4_qfi1,0.4090909090909091,44,100.0,data,ok,0.0,ue9_qfi2,119.40899999999999,ok,27.4,ue6_qfi2,30,102.0,2656.0,30.303,ok,33.0,,pending,,pending,,,,,1.0,,,16,,TwoTier,87989972,,,
ue16_qfi9,299.0,300.25,300.25,300.25,ok,0.6361980497775899,ok,ue15_qfi1,1,1,1,4655.500000000001,data,ok,2.0,False,,proxy,3,0,ue15_qfi2,0.631578947368421,152,150.0,ok,ue15_qfi2,148.682,ok,14,ok,16,ue15_qfi2,0.9023988000000001,ok,0.6827381880896111,proxy,5,0.6097850957195499,67084828.8,ok,0.009168181818181818,ok,0.9328727272727273,0.03969375,ok,ue10_qfi1,0.2857142857142857,14,100.0,data,ok,0.0,ue15_qfi9,149.25,ok,19.2,ue15_qfi2,11,732.5,2155.25,30.303,ok,33.0,,pending,,pending,,,,,1.0,,,16,,PF,161576974,,,
ue16_qfi9,299.75,300.25,300.25,300.25,ok,0.6541479692858823,ok,ue10_qfi1,0,0,0,228.49999999999991,data,ok,2.0,False,,proxy,3,0,ue12_qfi2,0.0,147,150.0,ok,ue13_qfi2,79.5,ok,10,ok,16,ue12_qfi2,0.0,ok,0.710469088375679,proxy,5,0.6795489810672518,65959836.8,ok,0.009006818181818182,ok,0.9300477272727272,0.252521875,ok,ue1_qfi1,0.3617021276595745,47,100.0,data,ok,0.0,ue11_qfi2,112.877,ok,30.2,ue10_qfi2,4,82.0,289.25,30.303,ok,33.0,,pending,,pending,,,,,1.0,,,16,,Reservation,161576974,,,
ue1_qfi9,19.75,55.0,62.0,67.25,ok,0.6767362154902082,ok,ue1_qfi1,0,0,0,113.49999999999972,data,ok,2.0,False,,proxy,3,0,ue6_qfi2,0.0,148,150.0,ok,ue5_qfi2,26.474,ok,5,ok,16,ue6_qfi2,0.0,ok,0.4843198300695854,proxy,5,0.48425173851284553,59565950.4,ok,0.009181818181818182,ok,0.9328636363636363,0.040403125,ok,ue3_qfi1,0.4489795918367347,49,100.0,data,ok,0.0,ue1_qfi9,47.5,ok,30.4,ue1_qfi2,0,0.0,0.0,30.303,ok,33.0,,pending,,pending,,,,,1.0,,,16,,TwoTier,161576974,,,
ue16_qfi9,299.0,300.25,300.25,300.25,ok,0.6387741999350225,ok,ue8_qfi1,1,1,1,3786.25,data,ok,2.0,False,,proxy,3,0,ue13_qfi2,0.8947368421052632,152,150.0,ok,ue8_qfi2,145.257,ok,14,ok,16,ue12_qfi2,0.946388,ok,0.6861637125391156,proxy,5,0.6449804820412353,66535712.0,ok,0.009629545454545455,ok,0.9339079545454545,0.040475,ok,ue16_qfi1,0.25,12,100.0,data,ok,0.0,ue11_qfi2,123.994,ok,28.2,ue11_qfi2,4,165.25,461.0,30.303,ok,33.0,,pending,,pending,,,,,1.0,,,16,,PF,35492826,,,
ue16_qfi9,299.75,300.25,300.25,300.25,ok,0.6584479322904869,ok,ue11_qfi1,0,0,0,225.50000000000026,data,ok,2.0,False,,proxy,3,0,ue12_qfi2,0.0,148,150.0,ok,ue13_qfi2,58.315,ok,11,ok,16,ue12_qfi2,0.0,ok,0.7062362121572112,proxy,5,0.6960512407456806,65305054.4,ok,0.008945454545454545,ok,0.9306704545454545,0.2562578125,ok,ue16_qfi1,0.38461538461538464,39,100.0,data,ok,0.0,ue13_qfi2,99.619,ok,30.2,ue5_qfi2,2,69.5,139.0,30.303,ok,33.0,,pending,,pending,,,,,1.0,,,16,,Reservation,35492826,,,
ue1_qfi9,14.75,45.25,50.25,54.75,ok,0.6757832032213946,ok,ue5_qfi1,0,0,0,113.0,data,ok,2.0,False,,proxy,3,0,ue6_qfi2,0.0,147,150.0,ok,ue4_qfi2,21.803,ok,5,ok,16,ue6_qfi2,0.0,ok,0.4843502699130503,proxy,5,0.4843441849270039,59679920.0,ok,0.009572727272727273,ok,0.9341113636363636,0.039234375,ok,ue4_qfi1,0.4897959183673469,49,100.0,data,ok,0.0,ue1_qfi9,40.0,ok,30.2,ue2_qfi2,1,66.5,66.5,30.303,ok,33.0,,pending,,pending,,,,,1.0,,,16,,TwoTier,35492826,,,
ue16_qfi9,299.0,300.25,300.25,300.25,ok,0.6293066989683793,ok,ue10_qfi1,1,1,1,2240.7500000000005,data,ok,2.0,False,,proxy,3,0,ue5_qfi2,0.8243243243243243,148,150.0,ok,ue5_qfi2,144.513,ok,14,ok,16,ue12_qfi2,0.915994,ok,0.7120335865940188,proxy,5,0.66158568667027,68397336.0,ok,0.010022727272727273,ok,0.9341818181818182,0.0376234375,ok,ue14_qfi1,0.34285714285714286,35,100.0,data,ok,0.0,ue12_qfi2,122.221,ok,24.8,ue5_qfi2,6,394.0,995.0,30.303,ok,33.0,,pending,,pending,,,,,1.0,,,16,,PF,376383645,,,
ue14_qfi9,300.0,300.25,300.25,300.25,ok,0.6575261413722696,ok,ue6_qfi1,0,0,0,222.50000000000014,data,ok,2.0,False,,proxy,3,0,ue15_qfi2,0.0,148,150.0,ok,ue14_qfi2,139.415,ok,10,ok,16,ue15_qfi2,0.0,ok,0.6827988388422971,proxy,5,0.6532263217786113,65883033.6,ok,0.008577272727272727,ok,0.9327034090909091,0.22895625,ok,ue6_qfi1,0.4166666666666667,48,100.0,data,ok,0.0,ue11_qfi2,121.677,ok,30.4,ue8_qfi2,3,71.25,207.25,30.303,ok,33.0,,pending,,pending,,,,,1.0,,,16,,Reservation,376383645,,,
ue2_qfi9,18.0,43.75,53.5,60.25,ok,0.6762315606006905,ok,ue4_qfi1,0,0,0,116.0000000000001,data,ok,2.0,False,,proxy,3,0,ue6_qfi2,0.0,147,150.0,ok,ue5_qfi2,24.181,ok,5,ok,16,ue6_qfi2,0.0,ok,0.4843226679343317,proxy,5,0.48429788624607567,59592576.0,ok,0.008997727272727274,ok,0.9335340909090909,0.040759375,ok,ue1_qfi1,0.4489795918367347,49,100.0,data,ok,0.0,ue2_qfi9,42.25,ok,30.4,ue1_qfi2,0,0.0,0.0,30.303,ok,33.0,,pending,,pending,,,,,1.0,,,16,,TwoTier,376383645,,,
ue16_qfi9,298.75,300.25,300.25,300.25,ok,0.6351219818895206,ok,ue12_qfi1,1,1,1,3694.5,data,ok,2.0,False,,proxy,3,0,ue12_qfi2,0.8881578947368421,152,150.0,ok,ue2_qfi2,146.179,ok,14,ok,16,ue2_qfi2,0.9361651999999999,ok,0.6949201407797053,proxy,5,0.6298159944337776,67205584.0,ok,0.009786363636363636,ok,0.9333068181818182,0.0394546875,ok,ue5_qfi1,0.36,25,100.0,data,ok,0.0,ue3_qfi2,101.92099999999999,ok,27.4,ue12_qfi2,5,265.0,644.0,30.303,ok,33.0,,pending,,pending,,,,,1.0,,,16,,PF,1746484539,,,
ue16_qfi9,299.5,300.25,300.25,300.25,ok,0.6561424225315249,ok,ue9_qfi1,0,0,0,209.24999999999994,data,ok,2.0,False,,proxy,3,0,ue11_qfi2,0.0,147,150.0,ok,ue12_qfi2,126.82,ok,10,ok,16,ue11_qfi2,0.0,ok,0.694268577044771,proxy,5,0.6792626522942642,66173601.6,ok,0.008595454545454545,ok,0.9317363636363636,0.234246875,ok,ue12_qfi1,0.25,8,100.0,data,ok,0.0,ue12_qfi2,127.25200000000001,ok,30.4,ue8_qfi2,1,73.0,73.0,30.303,ok,33.0,,pending,,pending,,,,,1.0,,,16,,Reservation,1746484539,,,
ue12_qfi9,298.0,300.0,300.25,300.25,ok,0.6525172764223727,ok,ue10_qfi1,0,0,0,363.24999999999983,data,ok,2.0,False,,proxy,3,0,ue13_qfi2,0.0,147,150.0,ok,ue6_qfi2,114.006,ok,5,ok,16,ue13_qfi2,0.0,ok,0.6021276518208245,proxy,5,0.4841720958212069,63960624.0,ok,0.009279545454545455,ok,0.9337318181818182,0.038475,ok,ue4_qfi1,0.46938775510204084,49,100.0,data,ok,0.0,ue5_qfi9,278.75,ok,30.2,ue2_qfi2,4,105.0,349.25,30.303,ok,33.0,,pending,,pending,,,,,1.0,,,16,,TwoTier,1746484539,,,
ue16_qfi9,296.75,300.0,300.25,300.25,ok,0.4525353958665221,ok,ue16_qfi1,1,1,1,2880.0,data,ok,2.0,False,,proxy,3,0,ue9_qfi2,0.8344370860927153,151,150.0,ok,ue16_qfi2,142.616,ok,14,ok,16,ue15_qfi2,0.9224711999999999,ok,0.7214469376081398,proxy,5,0.6833148735248347,67290798.4,ok,0.010111363636363637,ok,0.9307056818181818,0.037903125,ok,ue10_qfi1,0.32142857142857145,28,100.0,data,ok,0.0,ue15_qfi2,120.69899999999998,ok,25.4,ue9_qfi2,6,394.0,1009.75,30.303,ok,33.0,,pending,,pending,,,,,0.5,,,16,,PF,1826701614,,,
ue12_qfi9,297.5,300.0,300.25,300.25,ok,0.46574814790733915,ok,ue4_qfi1,0,0,0,200.99999999999994,data,ok,2.0,False,,proxy,3,0,ue13_qfi2,0.0,148,150.0,ok,ue3_qfi2,41.82,ok,11,ok,16,ue13_qfi2,0.0,ok,0.7463822995964662,proxy,5,0.7382792542217503,66122104.0,ok,0.008875,ok,0.9310375,0.22689375,ok,ue10_qfi1,0.3877551020408163,49,100.0,data,ok,0.0,ue4_qfi1,78.75,ok,30.2,ue1_qfi2,0,0.0,0.0,30.303,ok,33.0,,pending,,pending,,,,,0.5,,,16,,Reservation,1826701614,,,
ue9_qfi9,285.5,299.75,300.0,300.25,ok,0.4577344792391519,ok,ue4_qfi1,0,0,0,305.25,data,ok,2.0,False,,proxy,3,0,ue13_qfi2,0.0,148,150.0,ok,ue8_qfi2,80.796,ok,12,ok,16,ue13_qfi2,0.0,ok,0.7396725149607114,proxy,5,0.7347548169166591,66770564.8,ok,0.009665909090909091,ok,0.9304670454545455,0.03743125,ok,ue11_qfi1,0.40476190476190477,42,100.0,data,ok,0.0,ue11_qfi2,97.292,ok,30.2,ue6_qfi2,7,109.75,646.75,30.303,ok,33.0,,pending,,pending,,,,,0.5,,,16,,TwoTier,1826701614,,,
ue16_qfi9,297.0,300.0,300.25,300.25,ok,0.4465687912544938,ok,ue9_qfi1,1,1,2,3305.5,data,ok,2.0,False,,proxy,3,0,ue8_qfi2,0.9,150,150.0,ok,ue8_qfi2,146.051,ok,15,ok,16,ue8_qfi2,0.9332916,ok,0.7336620069818381,proxy,5,0.6943683106618592,68199001.6,ok,0.009120454545454546,ok,0.9311806818181818,0.0379546875,ok,ue13_qfi1,0.0,1,100.0,data,ok,0.0,ue16_qfi2,107.56200000000001,ok,27.0,ue8_qfi2,4,265.75,594.75,30.303,ok,33.0,,pending,,pending,,,,,0.5,,,16,,PF,1367864806,,,
ue13_qfi9,298.5,300.0,300.25,300.25,ok,0.4651189786197876,ok,ue2_qfi1,0,0,0,264.2500000000001,data,ok,2.0,False,,proxy,3,0,ue14_qfi2,0.0,147,150.0,ok,ue13_qfi2,82.946,ok,11,ok,16,ue14_qfi2,0.0,ok,0.7530619169536497,proxy,5,0.7322711260588698,66339163.2,ok,0.008393181818181819,ok,0.9319602272727273,0.243115625,ok,ue13_qfi1,0.4411764705882353,34,100.0,data,ok,0.0,ue13_qfi2,106.84100000000001,ok,30.4,ue9_qfi2,1,68.25,68.25,30.303,ok,33.0,,pending,,pending,,,,,0.5,,,16,,Reservation,1367864806,,,
ue8_qfi9,293.0,299.75,300.0,300.25,ok,0.45181483043252557,ok,ue8_qfi1,0,0,0,323.75,data,ok,2.0,False,,proxy,3,0,ue13_qfi2,0.0,147,150.0,ok,ue2_qfi2,73.573,ok,12,ok,16,ue13_qfi2,0.0,ok,0.7392356672898214,proxy,5,0.7271142097870895,67527160.0,ok,0.008672727272727273,ok,0.9313886363636363,0.037096875,ok,ue8_qfi1,0.4166666666666667,36,100.0,data,ok,0.0,ue5_qfi1,85.75,ok,30.2,ue9_qfi2,7,103.25,663.0,30.303,ok,33.0,,pending,,pending,,,,,0.5,,,16,,TwoTier,1367864806,,,
ue16_qfi9,297.5,300.0,300.25,300.25,ok,0.4533884389870846,ok,ue4_qfi1,1,1,1,3402.2500000000005,data,ok,2.0,False,,proxy,3,0,ue9_qfi2,0.912751677852349,149,150.0,ok,ue8_qfi2,133.819,ok,14,ok,16,ue9_qfi2,0.9412771999999999,ok,0.720718027629506,proxy,5,0.6665584697010263,67195563.2,ok,0.009590909090909091,ok,0.9319909090909091,0.0389359375,ok,ue15_qfi1,0.34782608695652173,23,100.0,data,ok,0.0,ue9_qfi2,125.143,ok,27.2,ue9_qfi2,3,234.75,548.75,30.303,ok,33.0,,pending,,pending,,,,,0.5,,,16,,PF,1097657231,,,
ue16_qfi9,298.25,300.0,300.25,300.25,ok,0.4666594849621555,ok,ue9_qfi1,0,0,0,232.24999999999963,data,ok,2.0,False,,proxy,3,0,ue14_qfi2,0.0,147,150.0,ok,ue13_qfi2,117.892,ok,11,ok,16,ue14_qfi2,0.0,ok,0.7563933971110817,proxy,5,0.7400747428428652,65909846.4,ok,0.008334090909090909,ok,0.9318704545454546,0.2612078125,ok,ue4_qfi1,0.3333333333333333,45,100.0,data,ok,0.0,ue13_qfi2,114.305,ok,30.4,ue1_qfi2,7,92.5,542.25,30.303,ok,33.0,,pending,,pending,,,,,0.5,,,16,,Reservation,1097657231,,,
ue8_qfi9,295.25,299.75,300.0,300.25,ok,0.46106519608804497,ok,ue1_qfi9,0,0,1,546.5,data,ok,2.0,False,,proxy,3,0,ue13_qfi2,0.0,147,150.0,ok,ue10_qfi2,71.446,ok,12,ok,16,ue13_qfi2,0.0,ok,0.7353114454392536,proxy,5,0.7202916051321662,66341206.4,ok,0.009525,ok,0.9314431818181819,0.0385890625,ok,ue9_qfi1,0.4666666666666667,45,100.0,data,ok,0.0,ue3_qfi1,85.25,ok,30.4,ue7_qfi2,6,117.0,565.25,30.303,ok,33.0,,pending,,pending,,,,,0.5,,,16,,TwoTier,1097657231,,,
ue16_qfi9,297.5,300.0,300.25,300.25,ok,0.4527472103100442,ok,ue14_qfi1,1,1,1,3682.75,data,ok,2.0,False,,proxy,3,0,ue2_qfi2,0.847682119205298,151,150.0,ok,ue14_qfi2,144.5,ok,14,ok,16,ue10_qfi2,0.9409824,ok,0.7172329689234009,proxy,5,0.7049112640805557,67315764.8,ok,0.008613636363636363,ok,0.9313056818181819,0.0387046875,ok,ue5_qfi1,0.0,1,100.0,data,ok,0.0,ue10_qfi2,108.62199999999999,ok,28.2,ue14_qfi2,3,165.0,358.75,30.303,ok,33.0,,pending,,pending,,,,,0.5,,,16,,PF,579362555,,,
ue13_qfi9,297.25,300.0,300.25,300.25,ok,0.46753522869798153,ok,ue6_qfi1,0,0,0,232.75000000000023,data,ok,2.0,False,,proxy,3,0,ue14_qfi2,0.0,147,150.0,ok,ue13_qfi2,85.679,ok,11,ok,16,ue14_qfi2,0.0,ok,0.7508706827865155,proxy,5,0.7415039584178714,66034422.4,ok,0.008461363636363637,ok,0.9313295454545455,0.241825,ok,ue13_qfi1,0.42105263157894735,19,100.0,data,ok,0.0,ue13_qfi2,117.326,ok,30.2,ue12_qfi2,2,81.75,155.5,30.303,ok,33.0,,pending,,pending,,,,,0.5,,,16,,Reservation,579362555,,,
ue10_qfi9,294.5,299.75,300.0,300.25,ok,0.4596570357137103,ok,ue2_qfi1,0,0,0,393.0000000000002,data,ok,2.0,False,,proxy,3,0,ue13_qfi2,0.0,147,150.0,ok,ue12_qfi2,83.96,ok,12,ok,16,ue13_qfi2,0.0,ok,0.7332723325191423,proxy,5,0.7228306217779356,66523172.8,ok,0.009386363636363637,ok,0.9318875,0.0385640625,ok,ue10_qfi1,0.39473684210526316,38,100.0,data,ok,0.0,ue9_qfi2,106.797,ok,30.4,ue4_qfi2,6,116.75,531.0,30.303,ok,33.0,,pending,,pending,,,,,0.5,,,16,,TwoTier,579362555,,,
ue16_qfi9,296.5,300.0,300.0,300.25,ok,0.44438603471227833,ok,ue7_qfi1,1,1,1,3161.75,data,ok,2.0,False,,proxy,3,0,ue16_qfi2,0.9121621621621622,148,150.0,ok,ue16_qfi2,147.9,ok,14,ok,16,ue16_qfi2,0.9216371999999999,ok,0.733200504049621,proxy,5,0.7064321002454887,68355950.4,ok,0.009570454545454545,ok,0.9326727272727273,0.0384765625,ok,ue16_qfi1,0.2727272727272727,22,100.0,data,ok,0.0,ue16_qfi2,119.114,ok,27.8,ue10_qfi2,4,178.75,526.0,30.303,ok,33.0,,pending,,pending,,,,,0.5,,,16,,PF,661058651,,,
ue12_qfi9,297.0,300.0,300.25,300.25,ok,0.4541773369069644,ok,ue7_qfi1,0,0,0,200.7500000000002,data,ok,2.0,False,,proxy,3,0,ue13_qfi2,0.0,147,150.0,ok,ue12_qfi2,95.097,ok,11,ok,16,ue13_qfi2,0.0,ok,0.7410139342596013,proxy,5,0.7297416307459494,67532852.8,ok,0.008859090909090908,ok,0.9310238636363637,0.22160625,ok,ue1_qfi1,0.4489795918367347,49,100.0,data,ok,0.0,ue12_qfi2,114.231,ok,30.4,ue4_qfi2,1,67.5,67.5,30.303,ok,33.0,,pending,,pending,,,,,0.5,,,16,,Reservation,661058651,,,
ue9_qfi9,287.25,299.5,300.0,300.25,ok,0.4449533608872955,ok,ue2_qfi1,0,0,0,348.25000000000017,data,ok,2.0,False,,proxy,3,0,ue13_qfi2,0.0,147,150.0,ok,ue5_qfi2,74.964,ok,12,ok,16,ue13_qfi2,0.0,ok,0.7358076534497553,proxy,5,0.7319102453610704,68213563.2,ok,0.009706818181818181,ok,0.9326522727272727,0.037559375,ok,ue7_qfi1,0.4,40,100.0,data,ok,0.0,ue12_qfi2,105.37899999999999,ok,30.2,ue5_qfi2,6,128.5,629.75,30.303,ok,33.0,,pending,,pending,,,,,0.5,,,16,,TwoTier,661058651,,,
ue16_qfi9,297.75,300.0,300.25,300.25,ok,0.448328995541727,ok,ue10_qfi1,1,1,1,4185.25,data,ok,2.0,False,,proxy,3,0,ue10_qfi2,0.8223684210526315,152,150.0,ok,ue10_qfi2,145.121,ok,13,ok,16,ue10_qfi2,0.91193,ok,0.734706107778198,proxy,5,0.6767749778860088,67784902.4,ok,0.009693181818181818,ok,0.9320659090909091,0.0377515625,ok,ue10_qfi1,0.16666666666666666,6,100.0,data,ok,0.0,ue7_qfi2,119.59899999999999,ok,25.0,ue10_qfi2,5,268.25,1049.0,30.303,ok,33.0,,pending,,pending,,,,,0.5,,,16,,PF,87989972,,,
ue12_qfi9,296.75,300.0,300.25,300.25,ok,0.4642106365328825,ok,ue10_qfi1,0,0,0,211.24999999999994,data,ok,2.0,False,,proxy,3,0,ue13_qfi2,0.0,148,150.0,ok,ue12_qfi2,81.615,ok,11,ok,16,ue13_qfi2,0.0,ok,0.7395043614549588,proxy,5,0.7261425534281872,66234184.0,ok,0.008859090909090908,ok,0.9321670454545454,0.22575,ok,ue3_qfi1,0.42857142857142855,49,100.0,data,ok,0.0,ue12_qfi2,115.42,ok,30.4,ue7_qfi2,2,67.25,133.75,30.303,ok,33.0,,pending,,pending,,,,,0.5,,,16,,Reservation,87989972,,,
ue9_qfi9,294.5,299.75,300.0,300.25,ok,0.456487090652148,ok,ue10_qfi9,0,1,1,1119.7499999999998,data,ok,2.0,False,,proxy,3,0,ue13_qfi2,0.0,148,150.0,ok,ue10_qfi2,84.319,ok,12,ok,16,ue13_qfi2,0.0,ok,0.7284996863150941,proxy,5,0.7144874719205814,66706345.6,ok,0.008559090909090909,ok,0.9329375,0.0380234375,ok,ue10_qfi1,0.2631578947368421,19,100.0,data,ok,0.0,ue11_qfi2,94.635,ok,30.4,ue10_qfi2,8,105.0,635.75,30.303,ok,33.0,,pending,,pending,,,,,0.5,,,16,,TwoTier,87989972,,,
ue16_qfi9,297.0,300.0,300.25,300.25,ok,0.4455545511262299,ok,ue3_qfi9,1,1,1,4394.0,data,ok,2.0,False,,proxy,3,0,ue3_qfi2,0.7697368421052632,152,150.0,ok,ue13_qfi2,148.053,ok,13,ok,16,ue3_qfi2,0.9131452,ok,0.7274157194961698,proxy,5,0.679195424789486,68268656.0,ok,0.008975,ok,0.9328215909090909,0.03774375,ok,ue9_qfi1,0.3333333333333333,3,100.0,data,ok,0.0,ue9_qfi9,177.0,ok,24.4,ue13_qfi2,9,234.5,1221.5,30.303,ok,33.0,,pending,,pending,,,,,0.5,,,16,,PF,161576974,,,
ue16_qfi9,296.75,300.0,300.25,300.25,ok,0.4666760581380261,ok,ue5_qfi1,0,0,0,263.74999999999994,data,ok,2.0,False,,proxy,3,0,ue11_qfi2,0.0,147,150.0,ok,ue16_qfi2,129.688,ok,11,ok,16,ue11_qfi2,0.0,ok,0.7607726865869893,proxy,5,0.746243096221119,66178649.6,ok,0.008352272727272727,ok,0.9327431818181818,0.2499609375,ok,ue3_qfi1,0.43478260869565216,46,100.0,data,ok,0.0,ue13_qfi2,115.18900000000001,ok,30.0,ue8_qfi2,2,77.5,151.0,30.303,ok,33.0,,pending,,pending,,,,,0.5,,,16,,Reservation,161576974,,,
ue7_qfi9,16.75,59.75,75.75,87.5,ok,0.5505861027775978,ok,ue1_qfi1,0,0,0,129.24999999999986,data,ok,2.0,False,,proxy,3,0,ue8_qfi2,0.0,147,150.0,ok,ue1_qfi2,29.023,ok,7,ok,16,ue8_qfi2,0.0,ok,0.5780634751325953,proxy,5,0.5780312843311376,55492668.8,ok,0.009063636363636364,ok,0.9325522727272727,0.0406765625,ok,ue4_qfi1,0.46938775510204084,49,100.0,data,ok,0.0,ue7_qfi9,70.75,ok,30.4,ue7_qfi2,1,95.75,95.75,30.303,ok,33.0,,pending,,pending,,,,,0.5,,,16,,TwoTier,161576974,,,
ue16_qfi9,297.25,300.0,300.0,300.25,ok,0.446484419736837,ok,ue7_qfi1,1,1,1,4192.0,data,ok,2.0,False,,proxy,3,0,ue16_qfi2,0.7248322147651006,149,150.0,ok,ue16_qfi2,148.598,ok,13,ok,16,ue16_qfi2,0.902602,ok,0.7217291762856197,proxy,5,0.6725619554174043,68133544.0,ok,0.009436363636363637,ok,0.9341102272727273,0.0389265625,ok,ue6_qfi1,0.4,15,100.0,data,ok,0.0,ue13_qfi2,105.536,ok,21.6,ue16_qfi2,9,431.25,1563.5,30.303,ok,33.0,,pending,,pending,,,,,0.5,,,16,,PF,35492826,,,
ue15_qfi9,298.25,300.0,300.25,300.25,ok,0.4634366523816318,ok,ue6_qfi1,0,0,0,214.24999999999994,data,ok,2.0,False,,proxy,3,0,ue11_qfi2,0.0,147,150.0,ok,ue15_qfi2,62.398,ok,12,ok,16,ue11_qfi2,0.0,ok,0.7677937954444763,proxy,5,0.7449763414951353,66565500.8,ok,0.008727272727272728,ok,0.9311931818181818,0.26671875,ok,ue1_qfi1,0.4,45,100.0,data,ok,0.0,ue15_qfi2,115.693,ok,30.4,ue9_qfi2,3,70.25,209.75,30.303,ok,33.0,,pending,,pending,,,,,0.5,,,16,,Reservation,35492826,,,
ue12_qfi9,294.0,299.75,300.0,300.25,ok,0.4438192690031887,ok,ue7_qfi9,1,1,1,2582.75,data,ok,2.0,False,,proxy,3,0,ue13_qfi2,0.0,147,150.0,ok,ue7_qfi2,143.665,ok,12,ok,16,ue13_qfi2,0.0,ok,0.7300595968182926,proxy,5,0.720276359029798,68445217.6,ok,0.009295454545454546,ok,0.9344056818181818,0.03775625,ok,ue1_qfi1,0.3684210526315789,38,100.0,data,ok,0.0,ue8_qfi9,146.25,ok,29.6,ue7_qfi2,21,106.75,1782.5,30.303,ok,33.0,,pending,,pending,,,,,0.5,,,16,,TwoTier,35492826,,,
ue16_qfi9,297.25,300.0,300.25,300.25,ok,0.4442359134800166,ok,ue5_qfi1,1,1,1,3011.0,data,ok,2.0,False,,proxy,3,0,ue8_qfi2,0.912751677852349,149,150.0,ok,ue8_qfi2,141.256,ok,13,ok,16,ue8_qfi2,0.9414488000000001,ok,0.7338323135777269,proxy,5,0.6871233182268734,68511166.4,ok,0.009856818181818182,ok,0.9341045454545455,0.0386578125,ok,ue8_qfi1,0.375,8,100.0,data,ok,0.0,ue4_qfi2,115.318,ok,27.2,ue8_qfi2,3,332.5,514.75,30.303,ok,33.0,,pending,,pending,,,,,0.5,,,16,,PF,376383645,,,
ue13_qfi9,297.0,300.0,300.25,300.25,ok,0.45876095181890997,ok,ue8_qfi1,0,0,0,228.75000000000023,data,ok,2.0,False,,proxy,3,0,ue12_qfi2,0.0,147,150.0,ok,ue13_qfi2,102.741,ok,10,ok,16,ue12_qfi2,0.0,ok,0.7358128172658134,proxy,5,0.7271405257344054,67040344.0,ok,0.00861590909090909,ok,0.9329181818181819,0.22404375,ok,ue4_qfi1,0.46808510638297873,47,100.0,data,ok,0.0,ue13_qfi2,115.649,ok,30.0,ue2_qfi2,2,72.75,142.5,30.303,ok,33.0,,pending,,pending,,,,,0.5,,,16,,Reservation,376383645,,,
ue8_qfi9,286.5,299.5,300.0,300.25,ok,0.4515426934900731,ok,ue8_qfi9,0,0,1,655.9999999999999,data,ok,2.0,False,,proxy,3,0,ue13_qfi2,0.0,148,150.0,ok,ue2_qfi2,76.519,ok,12,ok,16,ue13_qfi2,0.0,ok,0.736591005478531,proxy,5,0.7254798075906844,67632408.0,ok,0.009461363636363636,ok,0.9342602272727273,0.0385796875,ok,ue8_qfi1,0.3235294117647059,34,100.0,data,ok,0.0,ue7_qfi9,128.25,ok,30.4,ue9_qfi2,9,107.25,778.0,30.303,ok,33.0,,pending,,pending,,,,,0.5,,,16,,TwoTier,376383645,,,
ue16_qfi9,297.5,300.0,300.25,300.25,ok,0.44875433004613713,ok,ue8_qfi1,1,1,1,3363.0000000000005,data,ok,2.0,False,,proxy,3,0,ue8_qfi2,0.8874172185430463,151,150.0,ok,ue6_qfi2,141.771,ok,11,ok,16,ue3_qfi2,0.9273788000000001,ok,0.7299448973378395,proxy,5,0.6903279157288194,67689532.8,ok,0.009736363636363637,ok,0.9333090909090909,0.0391,ok,ue14_qfi1,0.2692307692307692,26,100.0,data,ok,0.0,ue6_qfi2,117.09100000000001,ok,28.0,ue6_qfi2,4,132.0,393.25,30.303,ok,33.0,,pending,,pending,,,,,0.5,,,16,,PF,1746484539,,,
ue16_qfi9,298.25,300.0,300.25,300.25,ok,0.4674727513963936,ok,ue6_qfi1,0,0,0,238.75000000000003,data,ok,2.0,False,,proxy,3,0,ue11_qfi2,0.0,147,150.0,ok,ue13_qfi2,135.753,ok,9,ok,16,ue11_qfi2,0.0,ok,0.7450173087524575,proxy,5,0.72723465695612,65950016.0,ok,0.008331818181818182,ok,0.9316079545454545,0.2333078125,ok,ue16_qfi1,0.0,2,100.0,data,ok,0.0,ue16_qfi2,112.816,ok,30.2,ue10_qfi2,3,89.25,242.75,30.303,ok,33.0,,pending,,pending,,,,,0.5,,,16,,Reservation,1746484539,,,
ue9_qfi9,289.75,299.5,300.0,300.25,ok,0.45783688564076985,ok,ue11_qfi1,0,0,0,356.2499999999997,data,ok,2.0,False,,proxy,3,0,ue13_qfi2,0.0,147,150.0,ok,ue6_qfi2,73.327,ok,11,ok,16,ue13_qfi2,0.0,ok,0.7379935867275866,proxy,5,0.7331091787300891,66602096.0,ok,0.0089,ok,0.9338284090909091,0.039075,ok,ue2_qfi1,0.42857142857142855,42,100.0,data,ok,0.0,ue3_qfi9,115.25,ok,30.2,ue4_qfi2,7,119.0,625.75,30.303,ok,33.0,,pending,,pending,,,,,0.5,,,16,,TwoTier,1746484539,,,
ue16_qfi9,298.5,300.0,300.25,300.25,ok,0.5536315829016116,ok,ue5_qfi1,1,1,1,2434.75,data,ok,2.0,False,,proxy,3,0,ue15_qfi2,0.86,150,150.0,ok,ue15_qfi2,147.25,ok,13,ok,16,ue15_qfi2,0.9334884,ok,0.7230838621032127,proxy,5,0.7114547508223776,68661579.2,ok,0.01,ok,0.930746590909091,0.0373609375,ok,ue3_qfi1,0.32142857142857145,28,100.0,data,ok,0.0,ue4_qfi2,114.46400000000001,ok,25.8,ue15_qfi2,7,193.0,883.25,30.303,ok,33.0,,pending,,pending,,,,,0.75,,,16,,PF,1826701614,,,
ue14_qfi9,299.25,300.25,300.25,300.25,ok,0.5723640885542285,ok,ue6_qfi1,0,0,0,200.25000000000048,data,ok,2.0,False,,proxy,3,0,ue13_qfi2,0.0,147,150.0,ok,ue14_qfi2,69.731,ok,11,ok,16,ue13_qfi2,0.0,ok,0.7286576986953661,proxy,5,0.7104460104879291,67298236.8,ok,0.008538636363636363,ok,0.9314034090909091,0.237740625,ok,ue7_qfi1,0.3829787234042553,47,100.0,data,ok,0.0,ue14_qfi2,112.39099999999999,ok,29.8,ue10_qfi2,1,75.75,75.75,30.303,ok,33.0,,pending,,pending,,,,,0.75,,,16,,Reservation,1826701614,,,
ue12_qfi9,297.5,300.0,300.25,300.25,ok,0.5546020565298416,ok,ue5_qfi9,0,0,0,391.75000000000006,data,ok,2.0,False,,proxy,3,0,ue13_qfi2,0.0,147,150.0,ok,ue4_qfi2,105.504,ok,12,ok,16,ue13_qfi2,0.0,ok,0.701588278497032,proxy,5,0.6852138044383658,68516222.4,ok,0.008634090909090909,ok,0.9301693181818181,0.03679375,ok,ue4_qfi1,0.2857142857142857,28,100.0,data,ok,0.0,ue9_qfi2,123.184,ok,30.0,ue4_qfi2,12,96.75,1002.25,30.303,ok,33.0,,pending,,pending,,,,,0.75,,,16,,TwoTier,1826701614,,,
ue15_qfi9,298.5,300.0,300.25,300.25,ok,0.5576022193588805,ok,ue12_qfi1,1,1,1,2437.2500000000005,data,ok,2.0,False,,proxy,3,0,ue16_qfi2,0.8266666666666667,150,150.0,ok,ue16_qfi2,145.957,ok,12,ok,16,ue16_qfi2,0.9210308,ok,0.7141380136516068,proxy,5,0.6940771952434015,67973872.0,ok,0.009072727272727272,ok,0.9308840909090909,0.0375609375,ok,ue16_qfi1,0.0,1,100.0,data,ok,0.0,ue11_qfi2,100.978,ok,24.8,ue16_qfi2,6,267.5,949.0,30.303,ok,33.0,,pending,,pending,,,,,0.75,,,16,,PF,1367864806,,,
ue15_qfi9,299.25,300.25,300.25,300.25,ok,0.5720066427356529,ok,ue9_qfi1,0,0,0,212.0,data,ok,2.0,False,,proxy,3,0,ue14_qfi2,0.0,147,150.0,ok,ue12_qfi2,48.345,ok,14,ok,16,ue14_qfi2,0.0,ok,0.7462638836063104,proxy,5,0.7394826720389569,67008934.4,ok,0.008370454545454546,ok,0.9308477272727272,0.257871875,ok,ue2_qfi1,0.37777777777777777,45,100.0,data,ok,0.0,ue2_qfi1,84.75,ok,30.4,ue2_qfi2,4,70.75,271.25,30.303,ok,33.0,,pending,,pending,,,,,0.75,,,16,,Reservation,1367864806,,,
ue11_qfi9,294.25,299.75,300.0,300.25,ok,0.5568103633883479,ok,ue2_qfi1,0,0,0,490.0,data,ok,2.0,False,,proxy,3,0,ue13_qfi2,0.0,147,150.0,ok,ue8_qfi2,74.916,ok,11,ok,16,ue13_qfi2,0.0,ok,0.7066575403435379,proxy,5,0.6961637763239975,68198225.6,ok,0.009368181818181819,ok,0.9311602272727273,0.0362078125,ok,ue2_qfi1,0.41935483870967744,31,100.0,data,ok,0.0,ue11_qfi2,117.16299999999998,ok,30.2,ue6_qfi2,6,102.0,517.0,30.303,ok,33.0,,pending,,pending,,,,,0.75,,,16,,TwoTier,1367864806,,,
ue16_qfi9,298.0,300.0,300.25,300.25,ok,0.5646248678600547,ok,ue11_qfi1,1,1,1,3505.5,data,ok,2.0,False,,proxy,3,0,ue13_qfi2,0.7651006711409396,149,150.0,ok,ue13_qfi2,149.004,ok,12,ok,16,ue13_qfi2,0.9225692,ok,0.6916732988651677,proxy,5,0.6518898143966884,66870241.6,ok,0.009838636363636364,ok,0.9317613636363636,0.040628125,ok,ue9_qfi1,0.3333333333333333,6,100.0,data,ok,0.0,ue2_qfi2,120.0,ok,22.8,ue13_qfi2,10,341.25,1450.25,30.303,ok,33.0,,pending,,pending,,,,,0.75,,,16,,PF,1097657231,,,
ue14_qfi9,299.5,300.25,300.25,300.25,ok,0.5802976063371655,ok,ue2_qfi1,0,0,0,225.00000000000009,data,ok,2.0,False,,proxy,3,0,ue12_qfi2,0.0,147,150.0,ok,ue14_qfi2,93.531,ok,11,ok,16,ue12_qfi2,0.0,ok,0.7155732230145606,proxy,5,0.695271603363539,65900156.8,ok,0.009377272727272727,ok,0.9313875,0.250390625,ok,ue13_qfi1,0.4074074074074074,27,100.0,data,ok,0.0,ue14_qfi2,117.69500000000001,ok,30.2,ue10_qfi2,2,78.0,144.25,30.303,ok,33.0,,pending,,pending,,,,,0.75,,,16,,Reservation,1097657231,,,
ue12_qfi9,298.25,300.0,300.25,300.25,ok,0.563474677398675,ok,ue11_qfi1,0,0,0,473.5,data,ok,2.0,False,,proxy,3,0,ue13_qfi2,0.0,147,150.0,ok,ue9_qfi2,85.0,ok,12,ok,16,ue13_qfi2,0.0,ok,0.7027094895790933,proxy,5,0.6999527489962569,67150430.4,ok,0.009888636363636363,ok,0.9313568181818181,0.03933125,ok,ue9_qfi1,0.4,35,100.0,data,ok,0.0,ue12_qfi2,111.576,ok,30.2,ue5_qfi2,9,97.25,785.25,30.303,ok,33.0,,pending,,pending,,,,,0.75,,,16,,TwoTier,1097657231,,,
ue16_qfi9,298.75,300.0,300.25,300.25,ok,0.5600325897400674,ok,ue4_qfi1,1,1,1,3830.0,data,ok,2.0,False,,proxy,3,0,ue11_qfi2,0.8933333333333333,150,150.0,ok,ue11_qfi2,147.112,ok,14,ok,16,ue11_qfi2,0.9411151999999999,ok,0.7194281244169661,proxy,5,0.6850270319017062,67620764.8,ok,0.00853409090909091,ok,0.9311829545454545,0.0386109375,ok,ue4_qfi1,0.3,10,100.0,data,ok,0.0,ue14_qfi2,122.422,ok,26.8,ue11_qfi2,8,159.25,797.25,30.303,ok,33.0,,pending,,pending,,,,,0.75,,,16,,PF,579362555,,,
ue16_qfi9,299.25,300.25,300.25,300.25,ok,0.5797912339352633,ok,ue1_qfi1,0,0,0,222.75,data,ok,2.0,False,,proxy,3,0,ue12_qfi2,0.0,147,150.0,ok,ue11_qfi2,50.474,ok,14,ok,16,ue12_qfi2,0.0,ok,0.7401967611869588,proxy,5,0.7330510435872203,65619204.8,ok,0.008438636363636363,ok,0.9304022727272727,0.277475,ok,ue7_qfi1,0.425531914893617,47,100.0,data,ok,0.0,ue10_qfi1,82.25,ok,30.4,ue11_qfi2,4,75.5,284.5,30.303,ok,33.0,,pending,,pending,,,,,0.75,,,16,,Reservation,579362555,,,
ue12_qfi9,295.25,299.75,300.0,300.25,ok,0.5684166950209584,ok,ue4_qfi9,0,0,0,361.25,data,ok,2.0,False,,proxy,3,0,ue13_qfi2,0.0,147,150.0,ok,ue4_qfi2,82.706,ok,12,ok,16,ue13_qfi2,0.0,ok,0.7092545632936746,proxy,5,0.7049384363111831,66411504.0,ok,0.008547727272727273,ok,0.9313931818181819,0.038846875,ok,ue1_qfi1,0.4186046511627907,43,100.0,data,ok,0.0,ue12_qfi2,120.89100000000002,ok,30.0,ue12_qfi2,6,97.0,527.25,30.303,ok,33.0,,pending,,pending,,,,,0.75,,,16,,TwoTier,579362555,,,
ue16_qfi9,298.5,300.0,300.25,300.25,ok,0.5622263943261594,ok,ue13_qfi1,1,1,1,3327.0,data,ok,2.0,False,,proxy,3,0,ue14_qfi2,0.7449664429530202,149,150.0,ok,ue14_qfi2,147.394,ok,13,ok,16,ue14_qfi2,0.910094,ok,0.7053920546212286,proxy,5,0.6570232712482429,67228427.2,ok,0.00969090909090909,ok,0.9325488636363637,0.0388703125,ok,ue16_qfi1,0.3076923076923077,13,100.0,data,ok,0.0,ue7_qfi2,118.47299999999998,ok,22.4,ue14_qfi2,8,396.5,1442.0,30.303,ok,33.0,,pending,,pending,,,,,0.75,,,16,,PF,661058651,,,
ue15_qfi9,299.5,300.25,300.25,300.25,ok,0.5777214201726877,ok,ue3_qfi1,0,0,0,208.49999999999991,data,ok,2.0,False,,proxy,3,0,ue14_qfi2,0.0,147,150.0,ok,ue13_qfi2,145.079,ok,12,ok,16,ue14_qfi2,0.0,ok,0.7249973488636409,proxy,5,0.7163440838043735,66345203.199999996,ok,0.008906818181818182,ok,0.931628409090909,0.2447484375,ok,ue2_qfi1,0.4166666666666667,48,100.0,data,ok,0.0,ue13_qfi2,114.56500000000001,ok,30.2,ue11_qfi2,4,85.5,288.0,30.303,ok,33.0,,pending,,pending,,,,,0.75,,,16,,Reservation,661058651,,,
ue12_qfi9,296.0,299.75,300.0,300.25,ok,0.5642222934892921,ok,ue5_qfi9,0,0,0,285.75000000000017,data,ok,2.0,False,,proxy,3,0,ue13_qfi2,0.0,148,150.0,ok,ue7_qfi2,83.394,ok,12,ok,16,ue13_qfi2,0.0,ok,0.7072629663594867,proxy,5,0.6975184384150495,67072574.4,ok,0.009370454545454545,ok,0.9324772727272728,0.0384140625,ok,ue12_qfi1,0.425531914893617,47,100.0,data,ok,0.0,ue9_qfi2,115.613,ok,30.0,ue5_qfi2,7,101.5,525.5,30.303,ok,33.0,,pending,,pending,,,,,0.75,,,16,,TwoTier,661058651,,,
ue16_qfi9,298.5,300.0,300.25,300.25,ok,0.5536844293541869,ok,ue11_qfi9,1,1,1,2437.5,data,ok,2.0,False,,proxy,3,0,ue11_qfi2,0.9144736842105263,152,150.0,ok,ue5_qfi2,142.915,ok,14,ok,16,ue9_qfi2,0.9357516,ok,0.7334010255985826,proxy,5,0.7107261037128552,68601366.4,ok,0.009618181818181817,ok,0.9315193181818182,0.0372125,ok,ue12_qfi1,0.36,25,100.0,data,ok,0.0,ue8_qfi2,122.41699999999999,ok,27.8,ue11_qfi2,4,194.0,559.0,30.303,ok,33.0,,pending,,pending,,,,,0.75,,,16,,PF,87989972,,,
ue11_qfi9,298.75,300.25,300.25,300.25,ok,0.5702901034975817,ok,ue2_qfi1,0,0,0,175.2500000000001,data,ok,2.0,False,,proxy,3,0,ue12_qfi2,0.0,147,150.0,ok,ue5_qfi2,38.471,ok,11,ok,16,ue12_qfi2,0.0,ok,0.6982637143188348,proxy,5,0.6930444752487778,67594656.0,ok,0.008581818181818182,ok,0.9325056818181818,0.21159375,ok,ue11_qfi1,0.42857142857142855,49,100.0,data,ok,0.0,ue3_qfi1,92.75,ok,30.4,ue4_qfi2,1,67.0,67.0,30.303,ok,33.0,,pending,,pending,,,,,0.75,,,16,,Reservation,87989972,,,
ue12_qfi9,288.75,299.75,300.0,300.25,ok,0.5574370303192782,ok,ue11_qfi1,0,0,0,299.49999999999966,data,ok,2.0,False,,proxy,3,0,ue13_qfi2,0.0,147,150.0,ok,ue7_qfi2,78.986,ok,12,ok,16,ue13_qfi2,0.0,ok,0.7088723282380996,proxy,5,0.7012446302980821,68187470.4,ok,0.008486363636363636,ok,0.9330022727272728,0.036484375,ok,ue5_qfi1,0.43478260869565216,46,100.0,data,ok,0.0,ue7_qfi2,91.66199999999999,ok,30.4,ue7_qfi2,7,91.5,593.5,30.303,ok,33.0,,pending,,pending,,,,,0.75,,,16,,TwoTier,87989972,,,
ue16_qfi9,298.25,300.0,300.25,300.25,ok,0.5573113790409951,ok,ue6_qfi1,1,1,1,3658.0000000000005,data,ok,2.0,False,,proxy,3,0,ue12_qfi2,0.9013157894736842,152,150.0,ok,ue12_qfi2,142.127,ok,14,ok,16,ue13_qfi2,0.9427624,ok,0.7048764727447144,proxy,5,0.6570164485874965,67985371.2,ok,0.008872727272727273,ok,0.93275,0.0382484375,ok,ue12_qfi1,0.25,12,100.0,data,ok,0.0,ue13_qfi2,119.898,ok,27.4,ue12_qfi2,5,270.0,659.0,30.303,ok,33.0,,pending,,pending,,,,,0.75,,,16,,PF,161576974,,,
ue14_qfi9,299.25,300.25,300.25,300.25,ok,0.5724281418149608,ok,ue6_qfi1,0,0,0,209.24999999999994,data,ok,2.0,False,,proxy,3,0,ue12_qfi2,0.0,147,150.0,ok,ue14_qfi2,102.881,ok,12,ok,16,ue12_qfi2,0.0,ok,0.7233883483600263,proxy,5,0.7155531339637877,67146240.0,ok,0.008747727272727273,ok,0.9304988636363636,0.2346609375,ok,ue2_qfi1,0.3958333333333333,48,100.0,data,ok,0.0,ue14_qfi2,119.67799999999998,ok,30.0,ue13_qfi2,2,86.5,153.75,30.303,ok,33.0,,pending,,pending,,,,,0.75,,,16,,Reservation,161576974,,,
ue12_qfi9,298.5,300.0,300.25,300.25,ok,0.5583824604282488,ok,ue12_qfi1,0,0,0,293.4999999999999,data,ok,2.0,False,,proxy,3,0,ue13_qfi2,0.0,147,150.0,ok,ue11_qfi2,88.022,ok,12,ok,16,ue13_qfi2,0.0,ok,0.7055644519184383,proxy,5,0.6988845756877136,67782952.0,ok,0.008781818181818182,ok,0.9332056818181819,0.0379859375,ok,ue11_qfi1,0.4594594594594595,37,100.0,data,ok,0.0,ue10_qfi2,116.562,ok,30.4,ue5_qfi2,8,101.0,697.25,30.303,ok,33.0,,pending,,pending,,,,,0.75,,,16,,TwoTier,161576974,,,
ue16_qfi9,246.75,300.0,300.0,300.25,ok,0.5622140820950889,ok,ue11_qfi1,1,1,2,2009.75,data,ok,2.0,False,,proxy,3,0,ue16_qfi2,0.6778523489932886,149,150.0,ok,ue16_qfi2,147.765,ok,11,ok,16,ue16_qfi2,0.8821536,ok,0.7037708603798409,proxy,5,0.6469735961368772,67164804.8,ok,0.009629545454545455,ok,0.9339284090909091,0.0387875,ok,ue6_qfi1,0.3,30,100.0,data,ok,0.0,ue2_qfi2,117.62200000000001,ok,20.4,ue16_qfi2,11,392.5,1867.0,30.303,ok,33.0,,pending,,pending,,,,,0.75,,,16,,PF,35492826,,,
ue14_qfi9,298.75,300.0,300.25,300.25,ok,0.5760935060970842,ok,ue10_qfi1,0,0,0,206.24999999999983,data,ok,2.0,False,,proxy,3,0,ue13_qfi2,0.0,147,150.0,ok,ue12_qfi2,134.876,ok,10,ok,16,ue13_qfi2,0.0,ok,0.7002284865975925,proxy,5,0.6894544675320771,66536627.2,ok,0.009086363636363637,ok,0.932025,0.22065,ok,ue12_qfi1,0.42857142857142855,7,100.0,data,ok,0.0,ue11_qfi2,124.126,ok,27.4,ue14_qfi2,2,69.25,137.5,30.303,ok,33.0,,pending,,pending,,,,,0.75,,,16,,Reservation,35492826,,,
ue12_qfi9,293.25,299.75,300.0,300.25,ok,0.5646594484122536,ok,ue11_qfi1,0,0,0,465.75,data,ok,2.0,False,,proxy,3,0,ue13_qfi2,0.0,147,150.0,ok,ue11_qfi2,87.414,ok,12,ok,16,ue13_qfi2,0.0,ok,0.7005838607148909,proxy,5,0.6853510964271425,66756531.2,ok,0.009665909090909091,ok,0.9340113636363636,0.0380890625,ok,ue1_qfi1,0.3404255319148936,47,100.0,data,ok,0.0,ue11_qfi2,104.92399999999999,ok,30.0,ue12_qfi2,8,108.5,719.25,30.303,ok,33.0,,pending,,pending,,,,,0.75,,,16,,TwoTier,35492826,,,
ue16_qfi9,298.25,300.0,300.25,300.25,ok,0.5555768562145258,ok,ue10_qfi1,1,1,1,3596.2500000000005,data,ok,2.0,False,,proxy,3,0,ue10_qfi2,0.8092105263157895,152,150.0,ok,ue12_qfi2,144.177,ok,12,ok,16,ue11_qfi2,0.9250056,ok,0.7262558362085028,proxy,5,0.7050159528025568,68318808.0,ok,0.009820454545454545,ok,0.9341045454545455,0.0376375,ok,ue6_qfi1,0.2777777777777778,18,100.0,data,ok,0.0,ue15_qfi2,116.72899999999998,ok,24.6,ue10_qfi2,4,358.5,1048.75,30.303,ok,33.0,,pending,,pending,,,,,0.75,,,16,,PF,376383645,,,
ue13_qfi9,299.5,300.25,300.25,300.25,ok,0.5774161920309155,ok,ue10_qfi1,0,0,0,241.24999999999997,data,ok,2.0,False,,proxy,3,0,ue14_qfi2,0.0,147,150.0,ok,ue13_qfi2,119.263,ok,12,ok,16,ue14_qfi2,0.0,ok,0.7160427015041247,proxy,5,0.705732603796756,66496736.0,ok,0.008702272727272727,ok,0.9320465909090909,0.2313640625,ok,ue8_qfi1,0.3829787234042553,47,100.0,data,ok,0.0,ue13_qfi2,122.114,ok,30.4,ue12_qfi2,2,72.0,138.75,30.303,ok,33.0,,pending,,pending,,,,,0.75,,,16,,Reservation,376383645,,,
ue12_qfi9,297.5,300.0,300.0,300.25,ok,0.5607519771010057,ok,ue6_qfi1,0,0,0,360.50000000000006,data,ok,2.0,False,,proxy,3,0,ue13_qfi2,0.0,147,150.0,ok,ue10_qfi2,86.782,ok,11,ok,16,ue13_qfi2,0.0,ok,0.7083229852335411,proxy,5,0.698565465402571,67585515.2,ok,0.009725,ok,0.9341727272727273,0.0369421875,ok,ue12_qfi1,0.4358974358974359,39,100.0,data,ok,0.0,ue7_qfi2,115.07,ok,30.4,ue2_qfi2,7,127.0,617.25,30.303,ok,33.0,,pending,,pending,,,,,0.75,,,16,,TwoTier,376383645,,,
ue16_qfi9,298.25,300.0,300.25,300.25,ok,0.552636123326561,ok,ue14_qfi9,1,1,1,2992.2500000000005,data,ok,2.0,False,,proxy,3,0,ue2_qfi2,0.875,152,150.0,ok,ue14_qfi2,145.276,ok,13,ok,16,ue4_qfi2,0.9336268000000001,ok,0.734839137059953,proxy,5,0.6986220726798765,68775556.8,ok,0.009418181818181819,ok,0.9332068181818182,0.0373765625,ok,ue7_qfi1,0.36363636363636365,33,100.0,data,ok,0.0,ue9_qfi2,122.399,ok,26.8,ue2_qfi2,5,226.5,758.5,30.303,ok,33.0,,pending,,pending,,,,,0.75,,,16,,PF,1746484539,,,
ue15_qfi9,299.0,300.25,300.25,300.25,ok,0.5713230329280437,ok,ue4_qfi1,0,0,0,201.74999999999966,data,ok,2.0,False,,proxy,3,0,ue13_qfi2,0.0,147,150.0,ok,ue12_qfi2,137.791,ok,11,ok,16,ue13_qfi2,0.0,ok,0.7194473254797936,proxy,5,0.7093712577806133,67430772.8,ok,0.008331818181818182,ok,0.9318852272727273,0.2249546875,ok,ue5_qfi1,0.40816326530612246,49,100.0,data,ok,0.0,ue12_qfi2,117.676,ok,30.2,ue4_qfi2,2,68.75,136.0,30.303,ok,33.0,,pending,,pending,,,,,0.75,,,16,,Reservation,1746484539,,,
ue12_qfi9,294.5,299.75,300.0,300.25,ok,0.5558865978891822,ok,ue3_qfi9,0,0,0,346.50000000000006,data,ok,2.0,False,,proxy,3,0,ue13_qfi2,0.0,147,150.0,ok,ue9_qfi2,81.357,ok,12,ok,16,ue13_qfi2,0.0,ok,0.7133710720537833,proxy,5,0.6988591904858021,68369534.4,ok,0.009622727272727272,ok,0.9333159090909091,0.0370015625,ok,ue2_qfi1,0.4186046511627907,43,100.0,data,ok,0.0,ue5_qfi2,109.314,ok,30.4,ue3_qfi2,9,142.75,749.5,30.303,ok,33.0,,pending,,pending,,,,,0.75,,,16,,TwoTier,1746484539,,,
ue16_qfi9,299.0,300.25,300.25,300.25,ok,0.6786570256907284,ok,ue8_qfi1,0,1,1,1589.2500000000002,data,ok,2.0,False,,proxy,3,0,ue10_qfi2,0.8874172185430463,151,150.0,ok,ue6_qfi2,139.158,ok,13,ok,16,ue7_qfi2,0.9415212,ok,0.7213417112707707,proxy,5,0.6793467985626296,69242684.8,ok,0.009552272727272727,ok,0.9302863636363636,0.036984375,ok,ue14_qfi1,0.42857142857142855,35,100.0,data,ok,0.0,ue10_qfi2,112.34400000000002,ok,26.8,ue10_qfi2,3,486.5,654.5,30.303,ok,33.0,,pending,,pending,,,,,1.25,,,16,,PF,1826701614,,,
ue15_qfi9,300.0,300.25,300.25,300.25,ok,0.7060794356514908,ok,ue11_qfi1,0,0,0,198.5000000000001,data,ok,2.0,False,,proxy,3,0,ue10_qfi2,0.0,147,150.0,ok,ue15_qfi2,105.456,ok,11,ok,16,ue10_qfi2,0.0,ok,0.6735390789413815,proxy,5,0.6636088478234052,68635419.2,ok,0.008277272727272727,ok,0.9306659090909091,0.2107765625,ok,ue11_qfi1,0.4166666666666667,48,100.0,data,ok,0.0,ue15_qfi2,109.719,ok,30.2,ue5_qfi2,1,86.25,86.25,30.303,ok,33.0,,pending,,pending,,,,,1.25,,,16,,Reservation,1826701614,,,
ue1_qfi9,189.0,298.75,299.75,300.0,ok,0.6811579721894607,ok,ue1_qfi1,0,0,0,135.24999999999986,data,ok,2.0,False,,proxy,3,0,ue6_qfi2,0.0,147,150.0,ok,ue5_qfi2,44.706,ok,5,ok,16,ue6_qfi2,0.0,ok,0.4836196556957355,proxy,5,0.4829246831686198,68456684.8,ok,0.009211363636363636,ok,0.9302170454545454,0.0360203125,ok,ue4_qfi1,0.46938775510204084,49,100.0,data,ok,0.0,ue4_qfi9,157.0,ok,30.4,ue5_qfi2,7,81.25,537.25,30.303,ok,33.0,,pending,,pending,,,,,1.25,,,16,,TwoTier,1826701614,,,
ue16_qfi9,299.25,300.25,300.25,300.25,ok,0.6787566577897639,ok,ue9_qfi1,1,1,1,2974.5,data,ok,2.0,False,,proxy,3,0,ue9_qfi2,0.8486842105263158,152,150.0,ok,ue9_qfi2,145.039,ok,16,ok,16,ue10_qfi2,0.9513768,ok,0.7234452434709042,proxy,5,0.6940894436713281,69243385.6,ok,0.00896590909090909,ok,0.9309568181818182,0.03711875,ok,ue11_qfi1,0.35714285714285715,14,100.0,data,ok,0.0,ue13_qfi2,118.618,ok,26.0,ue9_qfi2,5,358.5,851.25,30.303,ok,33.0,,pending,,pending,,,,,1.25,,,16,,PF,1367864806,,,
ue12_qfi9,299.75,300.25,300.25,300.25,ok,0.7073313286463699,ok,ue7_qfi1,0,0,0,227.99999999999977,data,ok,2.0,False,,proxy,3,0,ue13_qfi2,0.0,148,150.0,ok,ue12_qfi2,42.46,ok,12,ok,16,ue13_qfi2,0.0,ok,0.6842213695608879,proxy,5,0.6791944958958065,67629766.4,ok,0.008272727272727272,ok,0.9319068181818182,0.2272359375,ok,ue5_qfi1,0.4489795918367347,49,100.0,data,ok,0.0,ue1_qfi1,78.75,ok,30.2,ue8_qfi2,1,68.75,68.75,30.303,ok,33.0,,pending,,pending,,,,,1.25,,,16,,Reservation,1367864806,,,
ue3_qfi9,69.75,263.25,280.75,297.75,ok,0.6772833169771215,ok,ue5_qfi1,0,0,0,123.49999999999994,data,ok,2.0,False,,proxy,3,0,ue6_qfi2,0.0,147,150.0,ok,ue5_qfi2,37.27,ok,5,ok,16,ue6_qfi2,0.0,ok,0.4840683935963167,proxy,5,0.48386533253541486,69261174.4,ok,0.008954545454545455,ok,0.9317772727272727,0.0357078125,ok,ue1_qfi1,0.42857142857142855,49,100.0,data,ok,0.0,ue3_qfi9,228.0,ok,30.4,ue5_qfi2,6,90.25,475.25,30.303,ok,33.0,,pending,,pending,,,,,1.25,,,16,,TwoTier,1367864806,,,
ue16_qfi9,299.25,300.25,300.25,300.25,ok,0.6853180784841002,ok,ue10_qfi1,1,1,1,4513.000000000001,data,ok,2.0,False,,proxy,3,0,ue13_qfi2,0.8859060402684564,149,150.0,ok,ue13_qfi2,146.518,ok,12,ok,16,ue13_qfi2,0.931156,ok,0.6945326526516474,proxy,5,0.6406892534617316,67606833.6,ok,0.009606818181818182,ok,0.9319420454545455,0.0392359375,ok,ue10_qfi1,0.2,5,100.0,data,ok,0.0,ue9_qfi2,106.588,ok,26.4,ue13_qfi2,3,328.0,623.5,30.303,ok,33.0,,pending,,pending,,,,,1.25,,,16,,PF,1097657231,,,
ue16_qfi9,300.0,300.25,300.25,300.25,ok,0.707294159939719,ok,ue5_qfi9,0,0,0,493.00000000000034,data,ok,2.0,False,,proxy,3,0,ue15_qfi2,0.33774834437086093,151,150.0,ok,ue14_qfi2,130.93,ok,6,ok,16,ue15_qfi2,0.329328,ok,0.6954526886040617,proxy,5,0.6563667218395899,65687846.4,ok,0.008661363636363637,ok,0.9298613636363636,0.26310625,ok,ue15_qfi1,0.14285714285714285,7,100.0,data,ok,0.0,ue5_qfi2,119.78999999999999,ok,30.0,ue1_qfi2,11,123.0,1034.75,30.303,ok,33.0,,pending,,pending,,,,,1.25,,,16,,Reservation,1097657231,,,
ue1_qfi9,216.25,299.5,300.0,300.0,ok,0.6904634991411487,ok,ue5_qfi1,0,0,0,135.49999999999994,data,ok,2.0,False,,proxy,3,0,ue6_qfi2,0.0,147,150.0,ok,ue4_qfi2,49.519,ok,5,ok,16,ue6_qfi2,0.0,ok,0.4829218274819813,proxy,5,0.4810720976408874,66014142.4,ok,0.009234090909090909,ok,0.9320875,0.0398390625,ok,ue1_qfi1,0.4489795918367347,49,100.0,data,ok,0.0,ue4_qfi9,191.0,ok,30.2,ue4_qfi2,9,94.5,752.5,30.303,ok,33.0,,pending,,pending,,,,,1.25,,,16,,TwoTier,1097657231,,,
ue16_qfi9,299.25,300.25,300.25,300.25,ok,0.6874125365188962,ok,ue8_qfi9,1,1,1,3692.75,data,ok,2.0,False,,proxy,3,0,ue2_qfi2,0.7894736842105263,152,150.0,ok,ue2_qfi2,148.402,ok,12,ok,16,ue10_qfi2,0.9227804000000001,ok,0.6879422583120556,proxy,5,0.6472839237930232,67190886.4,ok,0.008777272727272727,ok,0.9311727272727273,0.04001875,ok,ue1_qfi1,0.42857142857142855,35,100.0,data,ok,0.0,ue14_qfi2,121.12400000000001,ok,24.2,ue2_qfi2,8,263.0,1236.0,30.303,ok,33.0,,pending,,pending,,,,,1.25,,,16,,PF,579362555,,,
ue15_qfi9,299.75,300.25,300.25,300.25,ok,0.7117031612878973,ok,ue10_qfi1,0,0,0,217.4999999999998,data,ok,2.0,False,,proxy,3,0,ue13_qfi2,0.0,147,150.0,ok,ue15_qfi2,56.616,ok,12,ok,16,ue13_qfi2,0.0,ok,0.6941405275121706,proxy,5,0.6795196498945505,65745916.8,ok,0.009029545454545455,ok,0.9289090909090909,0.253684375,ok,ue9_qfi1,0.4583333333333333,48,100.0,data,ok,0.0,ue15_qfi2,107.941,ok,30.0,ue7_qfi2,2,80.75,147.5,30.303,ok,33.0,,pending,,pending,,,,,1.25,,,16,,Reservation,579362555,,,
ue2_qfi9,180.0,299.5,300.0,300.0,ok,0.6903486507959739,ok,ue5_qfi1,0,0,0,132.0,data,ok,2.0,False,,proxy,3,0,ue6_qfi2,0.0,147,150.0,ok,ue5_qfi2,46.615,ok,5,ok,16,ue6_qfi2,0.0,ok,0.4821189266812649,proxy,5,0.4781928939028091,66444649.6,ok,0.009056818181818182,ok,0.9315181818181818,0.0395015625,ok,ue5_qfi1,0.4489795918367347,49,100.0,data,ok,0.0,ue5_qfi9,197.25,ok,30.4,ue5_qfi2,9,80.5,680.75,30.303,ok,33.0,,pending,,pending,,,,,1.25,,,16,,TwoTier,579362555,,,
ue16_qfi9,299.0,300.25,300.25,300.25,ok,0.6861861482942777,ok,ue6_qfi9,1,1,1,2339.7500000000005,data,ok,2.0,False,,proxy,3,0,ue2_qfi2,0.8716216216216216,148,150.0,ok,ue1_qfi2,146.788,ok,11,ok,16,ue2_qfi2,0.90872,ok,0.6964668592915916,proxy,5,0.6607842041871701,67455571.2,ok,0.009645454545454546,ok,0.9327215909090909,0.038646875,ok,ue11_qfi1,0.3103448275862069,29,100.0,data,ok,0.0,ue1_qfi2,119.96199999999999,ok,27.0,ue1_qfi2,5,271.25,610.0,30.303,ok,33.0,,pending,,pending,,,,,1.25,,,16,,PF,661058651,,,
ue15_qfi9,300.0,300.25,300.25,300.25,ok,0.7157931195336784,ok,ue9_qfi1,0,0,0,207.7499999999999,data,ok,2.0,False,,proxy,3,0,ue13_qfi2,0.0,147,150.0,ok,ue14_qfi2,138.258,ok,11,ok,16,ue13_qfi2,0.0,ok,0.672208922657128,proxy,5,0.6603782881433918,65781686.4,ok,0.008609090909090908,ok,0.9318329545454546,0.23271875,ok,ue1_qfi1,0.46938775510204084,49,100.0,data,ok,0.0,ue15_qfi2,121.63499999999999,ok,30.0,ue10_qfi2,2,82.5,149.0,30.303,ok,33.0,,pending,,pending,,,,,1.25,,,16,,Reservation,661058651,,,
ue2_qfi9,222.5,299.5,300.0,300.0,ok,0.6973854197678095,ok,ue3_qfi1,0,0,0,142.25,data,ok,2.0,False,,proxy,3,0,ue6_qfi2,0.0,147,150.0,ok,ue4_qfi2,48.453,ok,5,ok,16,ue6_qfi2,0.0,ok,0.4817223142287926,proxy,5,0.477347348596849,64731945.6,ok,0.009159090909090908,ok,0.9331159090909091,0.04015,ok,ue3_qfi1,0.42857142857142855,49,100.0,data,ok,0.0,ue1_qfi9,191.0,ok,30.2,ue4_qfi2,14,99.25,1068.0,30.303,ok,33.0,,pending,,pending,,,,,1.25,,,16,,TwoTier,661058651,,,
ue16_qfi9,299.0,300.25,300.25,300.25,ok,0.6906689920437276,ok,ue13_qfi1,1,1,1,4254.250000000001,data,ok,2.0,False,,proxy,3,0,ue16_qfi2,0.8533333333333334,150,150.0,ok,ue16_qfi2,145.536,ok,12,ok,16,ue16_qfi2,0.9185675999999999,ok,0.6747784921175242,proxy,5,0.6303225237079628,66351976.0,ok,0.009988636363636364,ok,0.9318431818181818,0.0404078125,ok,ue9_qfi1,0.36363636363636365,11,100.0,data,ok,0.0,ue2_qfi2,112.905,ok,26.0,ue13_qfi2,7,198.5,941.25,30.303,ok,33.0,,pending,,pending,,,,,1.25,,,16,,PF,87989972,,,
ue15_qfi9,300.0,300.25,300.25,300.25,ok,0.7080482767527765,ok,ue14_qfi1,0,0,0,220.49999999999991,data,ok,2.0,False,,proxy,3,0,ue12_qfi2,0.0,147,150.0,ok,ue15_qfi2,83.035,ok,13,ok,16,ue12_qfi2,0.0,ok,0.7104816045762894,proxy,5,0.7004931849184283,65502731.2,ok,0.00900909090909091,ok,0.9316681818181818,0.2697546875,ok,ue15_qfi1,0.36,25,100.0,data,ok,0.0,ue14_qfi2,109.119,ok,30.2,ue9_qfi2,4,73.25,279.25,30.303,ok,33.0,,pending,,pending,,,,,1.25,,,16,,Reservation,87989972,,,
ue3_qfi9,87.0,266.5,299.5,299.75,ok,0.6881934169399246,ok,ue2_qfi1,0,0,0,141.2500000000003,data,ok,2.0,False,,proxy,3,0,ue6_qfi2,0.0,147,150.0,ok,ue2_qfi2,39.124,ok,5,ok,16,ue6_qfi2,0.0,ok,0.482584083339291,proxy,5,0.479661744879341,66621571.2,ok,0.00939090909090909,ok,0.9321181818181818,0.0393234375,ok,ue2_qfi1,0.4489795918367347,49,100.0,data,ok,0.0,ue3_qfi9,212.75,ok,30.2,ue5_qfi2,6,93.0,459.5,30.303,ok,33.0,,pending,,pending,,,,,1.25,,,16,,TwoTier,87989972,,,
ue16_qfi9,299.25,300.25,300.25,300.25,ok,0.6878719076341704,ok,ue2_qfi1,1,1,1,3666.5,data,ok,2.0,False,,proxy,3,0,ue4_qfi2,0.7533333333333333,150,150.0,ok,ue4_qfi2,146.75,ok,13,ok,16,ue4_qfi2,0.9259664000000001,ok,0.6815792936580026,proxy,5,0.6370886318052232,67129593.6,ok,0.009086363636363637,ok,0.9328147727272728,0.04048125,ok,ue8_qfi1,0.35714285714285715,28,100.0,data,ok,0.0,ue9_qfi2,116.992,ok,22.6,ue4_qfi2,9,296.25,1511.75,30.303,ok,33.0,,pending,,pending,,,,,1.25,,,16,,PF,161576974,,,
ue14_qfi9,300.0,300.25,300.25,300.25,ok,0.7102223021045481,ok,ue2_qfi1,0,0,0,214.50000000000014,data,ok,2.0,False,,proxy,3,0,ue15_qfi2,0.0,147,150.0,ok,ue14_qfi2,87.586,ok,11,ok,16,ue15_qfi2,0.0,ok,0.7020572175229044,proxy,5,0.676222070501604,65437806.4,ok,0.00883409090909091,ok,0.9310829545454545,0.26639375,ok,ue4_qfi1,0.4375,48,100.0,data,ok,0.0,ue13_qfi2,106.723,ok,26.6,ue13_qfi2,5,69.5,340.75,30.303,ok,33.0,,pending,,pending,,,,,1.25,,,16,,Reservation,161576974,,,
ue12_qfi9,298.5,300.0,300.25,300.25,ok,0.6886202129207012,ok,ue4_qfi9,0,0,0,297.74999999999994,data,ok,2.0,False,,proxy,3,0,ue13_qfi2,0.0,147,150.0,ok,ue11_qfi2,77.38,ok,12,ok,16,ue13_qfi2,0.0,ok,0.6752288516304871,proxy,5,0.6703251004167462,67343313.6,ok,0.009097727272727273,ok,0.9325011363636364,0.0391140625,ok,ue2_qfi1,0.358974358974359,39,100.0,data,ok,0.0,ue11_qfi2,95.906,ok,30.4,ue6_qfi2,12,93.5,995.5,30.303,ok,33.0,,pending,,pending,,,,,1.25,,,16,,TwoTier,161576974,,,
ue16_qfi9,299.0,300.25,300.25,300.25,ok,0.6883817243760457,ok,ue9_qfi9,1,1,1,3985.7500000000005,data,ok,2.0,False,,proxy,3,0,ue11_qfi2,0.8733333333333333,150,150.0,ok,ue9_qfi2,146.921,ok,15,ok,16,ue1_qfi2,0.9475048,ok,0.6693928042194003,proxy,5,0.6380789706082062,66929478.4,ok,0.009631818181818182,ok,0.9339522727272728,0.0407484375,ok,ue12_qfi1,0.2,5,100.0,data,ok,0.0,ue16_qfi2,116.793,ok,27.8,ue9_qfi2,7,128.0,657.0,30.303,ok,33.0,,pending,,pending,,,,,1.25,,,16,,PF,35492826,,,
ue16_qfi9,300.0,300.25,300.25,300.25,ok,0.7131792706663925,ok,ue4_qfi1,0,0,0,210.75,data,ok,2.0,False,,proxy,3,0,ue12_qfi2,0.0,147,150.0,ok,ue14_qfi2,134.011,ok,12,ok,16,ue12_qfi2,0.0,ok,0.6860107997307251,proxy,5,0.6750196119915107,65603166.4,ok,0.008890909090909092,ok,0.9316329545454546,0.25266875,ok,ue14_qfi1,0.375,8,100.0,data,ok,0.0,ue16_qfi2,121.268,ok,30.4,ue4_qfi2,3,70.5,205.5,30.303,ok,33.0,,pending,,pending,,,,,1.25,,,16,,Reservation,35492826,,,
ue1_qfi9,285.5,300.0,300.0,300.25,ok,0.6998903779506913,ok,ue5_qfi1,0,0,0,121.24999999999986,data,ok,2.0,False,,proxy,3,0,ue6_qfi2,0.0,148,150.0,ok,ue5_qfi2,44.547,ok,5,ok,16,ue6_qfi2,0.0,ok,0.48076817437400104,proxy,5,0.47792533724179215,64263563.2,ok,0.00933409090909091,ok,0.9339284090909091,0.0424140625,ok,ue5_qfi1,0.5102040816326531,49,100.0,data,ok,0.0,ue2_qfi9,182.0,ok,30.4,ue5_qfi2,8,98.75,666.5,30.303,ok,33.0,,pending,,pending,,,,,1.25,,,16,,TwoTier,35492826,,,
ue16_qfi9,299.0,300.25,300.25,300.25,ok,0.6822207868189589,ok,ue14_qfi9,1,1,2,2507.5000000000005,data,ok,2.0,False,,proxy,3,0,ue3_qfi2,0.9602649006622517,151,150.0,ok,ue3_qfi2,138.828,ok,15,ok,16,ue3_qfi2,0.9474612,ok,0.7156952504491779,proxy,5,0.7032727841119091,68467571.2,ok,0.009959090909090909,ok,0.9341465909090909,0.0384953125,ok,ue14_qfi1,0.2727272727272727,11,100.0,data,ok,0.0,ue11_qfi2,109.70600000000002,ok,29.0,ue3_qfi2,1,202.75,202.75,30.303,ok,33.0,,pending,,pending,,,,,1.25,,,16,,PF,376383645,,,
ue16_qfi9,299.75,300.25,300.25,300.25,ok,0.7034874401656541,ok,ue10_qfi1,0,0,0,230.50000000000014,data,ok,2.0,False,,proxy,3,0,ue12_qfi2,0.0,147,150.0,ok,ue14_qfi2,134.298,ok,10,ok,16,ue12_qfi2,0.0,ok,0.7110477172637981,proxy,5,0.6857260148228194,66993636.8,ok,0.008440909090909091,ok,0.9319852272727273,0.2520515625,ok,ue8_qfi1,0.375,48,100.0,data,ok,0.0,ue13_qfi2,113.332,ok,27.4,ue13_qfi2,2,72.25,142.5,30.303,ok,33.0,,pending,,pending,,,,,1.25,,,16,,Reservation,376383645,,,
ue3_qfi9,155.5,299.25,299.75,300.0,ok,0.6907164688847032,ok,ue5_qfi1,0,0,0,121.75000000000003,data,ok,2.0,False,,proxy,3,0,ue6_qfi2,0.0,147,150.0,ok,ue5_qfi2,37.011,ok,5,ok,16,ue6_qfi2,0.0,ok,0.482838360894403,proxy,5,0.48062837470954534,66135809.6,ok,0.008352272727272727,ok,0.933575,0.0386765625,ok,ue5_qfi1,0.42857142857142855,49,100.0,data,ok,0.0,ue2_qfi9,163.75,ok,30.4,ue5_qfi2,8,82.25,585.75,30.303,ok,33.0,,pending,,pending,,,,,1.25,,,16,,TwoTier,376383645,,,
ue16_qfi9,299.0,300.25,300.25,300.25,ok,0.684059382749417,ok,ue13_qfi1,1,1,1,2681.75,data,ok,2.0,False,,proxy,3,0,ue11_qfi2,0.9932432432432432,148,150.0,ok,ue11_qfi2,131.343,ok,14,ok,16,ue11_qfi2,0.9394848,ok,0.7106341129761805,proxy,5,0.6948897106038124,67978003.2,ok,0.009625,ok,0.9332454545454546,0.0384578125,ok,ue8_qfi1,0.37037037037037035,27,100.0,data,ok,0.0,ue11_qfi2,105.375,ok,29.4,ue11_qfi2,1,70.0,70.0,30.303,ok,33.0,,pending,,pending,,,,,1.25,,,16,,PF,1746484539,,,
ue16_qfi9,299.75,300.25,300.25,300.25,ok,0.7069769713746056,ok,ue6_qfi9,0,0,0,296.25000000000057,data,ok,2.0,False,,proxy,3,0,ue15_qfi2,0.0,147,150.0,ok,ue14_qfi2,122.715,ok,12,ok,16,ue15_qfi2,0.0,ok,0.6999256942835217,proxy,5,0.6800692227038029,66655308.8,ok,0.008713636363636364,ok,0.9309647727272727,0.2451765625,ok,ue6_qfi1,0.391304347826087,46,100.0,data,ok,0.0,ue11_qfi2,109.50800000000001,ok,30.2,ue6_qfi2,6,77.25,416.75,30.303,ok,33.0,,pending,,pending,,,,,1.25,,,16,,Reservation,1746484539,,,
ue1_qfi9,133.25,295.25,299.0,299.5,ok,0.6812981574194206,ok,ue5_qfi1,0,0,0,128.5,data,ok,2.0,False,,proxy,3,0,ue6_qfi2,0.0,147,150.0,ok,ue5_qfi2,47.5,ok,5,ok,16,ue6_qfi2,0.0,ok,0.4837120917884645,proxy,5,0.48289218992869976,68079083.2,ok,0.009713636363636364,ok,0.933675,0.037190625,ok,ue3_qfi1,0.42857142857142855,49,100.0,data,ok,0.0,ue1_qfi9,166.25,ok,30.2,ue5_qfi2,15,114.0,1140.5,30.303,ok,33.0,,pending,,pending,,,,,1.25,,,16,,TwoTier,1746484539,,,
ue16_qfi9,299.25,300.25,300.25,300.25,ok,0.71961862912428,ok,ue5_qfi1,1,1,1,3238.25,data,ok,2.0,False,,proxy,3,0,ue5_qfi2,0.9802631578947368,152,150.0,ok,ue9_qfi2,143.246,ok,16,ok,16,ue8_qfi2,0.956254,ok,0.7172022650609677,proxy,5,0.6683849980932604,69099321.6,ok,0.009861363636363637,ok,0.9306193181818182,0.037053125,ok,ue5_qfi1,0.375,16,100.0,data,ok,0.0,ue9_qfi2,109.51599999999999,ok,30.0,ue9_qfi2,2,70.0,138.5,30.303,ok,33.0,,pending,,pending,,,,,1.5,,,16,,PF,1826701614,,,
ue14_qfi9,300.0,300.25,300.25,300.25,ok,0.7455026023906867,ok,ue2_qfi1,0,0,0,211.50000000000003,data,ok,2.0,False,,proxy,3,0,ue15_qfi2,0.0,148,150.0,ok,ue11_qfi2,79.677,ok,11,ok,16,ue15_qfi2,0.0,ok,0.7031421892152963,proxy,5,0.6484442534041486,66639625.6,ok,0.008363636363636363,ok,0.9303352272727273,0.256734375,ok,ue10_qfi1,0.4,45,100.0,data,ok,0.0,ue11_qfi2,109.901,ok,30.4,ue2_qfi2,3,72.75,209.5,30.303,ok,33.0,,pending,,pending,,,,,1.5,,,16,,Reservation,1826701614,,,
ue1_qfi9,298.5,300.0,300.25,300.25,ok,0.7292820818887671,ok,ue5_qfi1,0,0,0,137.75,data,ok,2.0,False,,proxy,3,0,ue6_qfi2,0.0,147,150.0,ok,ue2_qfi2,28.253,ok,5,ok,16,ue6_qfi2,0.0,ok,0.4772028159131497,proxy,5,0.4757030817718048,66479142.4,ok,0.009313636363636364,ok,0.9299704545454546,0.039578125,ok,ue2_qfi1,0.46938775510204084,49,100.0,data,ok,0.0,ue4_qfi9,78.0,ok,30.4,ue2_qfi2,3,88.0,256.75,30.303,ok,33.0,,pending,,pending,,,,,1.5,,,16,,TwoTier,1826701614,,,
ue16_qfi9,299.25,300.25,300.25,300.25,ok,0.720630378639225,ok,ue2_qfi9,1,1,2,3392.5,data,ok,2.0,False,,proxy,3,0,ue4_qfi2,0.8543046357615894,151,150.0,ok,ue7_qfi2,146.239,ok,15,ok,16,ue4_qfi2,0.9349196,ok,0.6984775095927359,proxy,5,0.6714496903903536,68884718.4,ok,0.009115909090909091,ok,0.9309647727272727,0.0380984375,ok,ue2_qfi1,0.3333333333333333,12,100.0,data,ok,0.0,ue7_qfi2,117.984,ok,25.8,ue4_qfi2,4,330.25,783.75,30.303,ok,33.0,,pending,,pending,,,,,1.5,,,16,,PF,1367864806,,,
ue13_qfi9,300.0,300.25,300.25,300.25,ok,0.7475273531835228,ok,ue9_qfi1,0,0,0,203.5,data,ok,2.0,False,,proxy,3,0,ue14_qfi2,0.0,147,150.0,ok,ue12_qfi2,50.336,ok,13,ok,16,ue14_qfi2,0.0,ok,0.695037601179127,proxy,5,0.6922854219414454,66857683.2,ok,0.008654545454545455,ok,0.9331988636363636,0.2527078125,ok,ue7_qfi1,0.375,48,100.0,data,ok,0.0,ue6_qfi1,84.5,ok,30.4,ue5_qfi2,3,73.5,207.5,30.303,ok,33.0,,pending,,pending,,,,,1.5,,,16,,Reservation,1367864806,,,
ue4_qfi9,185.75,299.75,300.0,300.25,ok,0.7274598001918485,ok,ue2_qfi1,0,0,0,138.50000000000006,data,ok,2.0,False,,proxy,3,0,ue6_qfi2,0.0,148,150.0,ok,ue5_qfi2,34.28,ok,5,ok,16,ue6_qfi2,0.0,ok,0.47820075650118665,proxy,5,0.4756070268933097,67124888.0,ok,0.009115909090909091,ok,0.9316488636363637,0.0393078125,ok,ue5_qfi1,0.46938775510204084,49,100.0,data,ok,0.0,ue3_qfi9,183.75,ok,30.4,ue3_qfi2,5,91.75,391.25,30.303,ok,33.0,,pending,,pending,,,,,1.5,,,16,,TwoTier,1367864806,,,
ue16_qfi9,299.25,300.0,300.25,300.25,ok,0.7246568932628665,ok,ue10_qfi1,1,1,1,4545.750000000001,data,ok,2.0,False,,proxy,3,0,ue2_qfi2,0.7417218543046358,151,150.0,ok,ue2_qfi2,148.515,ok,14,ok,16,ue2_qfi2,0.922786,ok,0.6892257543314394,proxy,5,0.6430983444339899,67749558.4,ok,0.009418181818181819,ok,0.9318954545454545,0.0387203125,ok,ue10_qfi1,0.25,4,100.0,data,ok,0.0,ue16_qfi2,103.73299999999999,ok,23.0,ue2_qfi2,6,533.5,1314.75,30.303,ok,33.0,,pending,,pending,,,,,1.5,,,16,,PF,1097657231,,,
ue14_qfi9,300.0,300.25,300.25,300.25,ok,0.7536601490920588,ok,ue2_qfi1,0,0,0,208.75,data,ok,2.0,False,,proxy,3,0,ue12_qfi2,0.0,147,150.0,ok,ue14_qfi2,113.768,ok,11,ok,16,ue12_qfi2,0.0,ok,0.678149229839766,proxy,5,0.6627780130884824,65688361.6,ok,0.008640909090909091,ok,0.9314363636363636,0.241034375,ok,ue2_qfi1,0.44680851063829785,47,100.0,data,ok,0.0,ue14_qfi2,113.354,ok,30.2,ue6_qfi2,2,87.25,156.5,30.303,ok,33.0,,pending,,pending,,,,,1.5,,,16,,Reservation,1097657231,,,
ue2_qfi9,297.0,300.0,300.25,300.25,ok,0.733529859389753,ok,ue2_qfi1,0,0,0,274.75000000000006,data,ok,2.0,False,,proxy,3,0,ue6_qfi2,0.0,147,150.0,ok,ue2_qfi2,44.366,ok,5,ok,16,ue6_qfi2,0.0,ok,0.4740550038766952,proxy,5,0.47053468038498075,65585676.800000004,ok,0.009143181818181818,ok,0.9320420454545455,0.04028125,ok,ue2_qfi1,0.44680851063829785,47,100.0,data,ok,0.0,ue4_qfi9,168.75,ok,30.4,ue4_qfi2,6,89.0,466.5,30.303,ok,33.0,,pending,,pending,,,,,1.5,,,16,,TwoTier,1097657231,,,
ue16_qfi9,299.25,300.25,300.25,300.25,ok,0.7212788985036466,ok,ue10_qfi1,0,1,1,1682.5,data,ok,2.0,False,,proxy,3,0,ue8_qfi2,0.7114093959731543,149,150.0,ok,ue8_qfi2,147.654,ok,14,ok,16,ue8_qfi2,0.9198331999999999,ok,0.7128246008742873,proxy,5,0.7036561294464334,68674910.4,ok,0.0085,ok,0.9311261363636364,0.0371671875,ok,ue1_qfi1,0.36363636363636365,44,100.0,data,ok,0.0,ue3_qfi2,115.573,ok,21.6,ue8_qfi2,7,364.5,1538.25,30.303,ok,33.0,,pending,,pending,,,,,1.5,,,16,,PF,579362555,,,
ue11_qfi9,299.75,300.25,300.25,300.25,ok,0.7533672525235025,ok,ue4_qfi1,0,0,0,176.25000000000003,data,ok,2.0,False,,proxy,3,0,ue12_qfi2,0.0,147,150.0,ok,ue8_qfi2,36.107,ok,11,ok,16,ue12_qfi2,0.0,ok,0.6526873738945208,proxy,5,0.6495936866120656,67824830.4,ok,0.008677272727272728,ok,0.9317852272727273,0.207975,ok,ue8_qfi1,0.40816326530612246,49,100.0,data,ok,0.0,ue4_qfi1,87.25,ok,30.2,ue11_qfi2,1,79.75,79.75,30.303,ok,33.0,,pending,,pending,,,,,1.5,,,16,,Reservation,579362555,,,
ue2_qfi9,277.0,300.0,300.25,300.25,ok,0.715740670129467,ok,ue5_qfi1,0,0,0,130.0,data,ok,2.0,False,,proxy,3,0,ue6_qfi2,0.0,147,150.0,ok,ue5_qfi2,46.94,ok,5,ok,16,ue6_qfi2,0.0,ok,0.48026459776957964,proxy,5,0.4778160581471297,69657406.4,ok,0.008631818181818181,ok,0.9316431818181818,0.03443125,ok,ue2_qfi1,0.4489795918367347,49,100.0,data,ok,0.0,ue4_qfi9,160.75,ok,30.4,ue5_qfi2,9,117.0,775.25,30.303,ok,33.0,,pending,,pending,,,,,1.5,,,16,,TwoTier,579362555,,,
ue16_qfi9,299.25,300.25,300.25,300.25,ok,0.7311627587624916,ok,ue5_qfi9,1,1,1,3370.2500000000005,data,ok,2.0,False,,proxy,3,0,ue2_qfi2,0.7297297297297297,148,150.0,ok,ue2_qfi2,148.428,ok,12,ok,16,ue11_qfi2,0.904552,ok,0.6754971379135057,proxy,5,0.5875861550639162,65919534.4,ok,0.00956590909090909,ok,0.9325170454545455,0.0411125,ok,ue2_qfi1,0.3333333333333333,9,100.0,data,ok,0.0,ue7_qfi2,114.114,ok,22.0,ue2_qfi2,10,293.75,1531.5,30.303,ok,33.0,,pending,,pending,,,,,1.5,,,16,,PF,661058651,,,
ue15_qfi9,300.0,300.25,300.25,300.25,ok,0.7546676441164739,ok,ue7_qfi9,0,0,0,293.00000000000017,data,ok,2.0,False,,proxy,3,0,ue16_qfi2,0.0,148,150.0,ok,ue14_qfi2,136.866,ok,10,ok,16,ue16_qfi2,0.0,ok,0.685462611775118,proxy,5,0.6496277006924532,64122478.4,ok,0.008609090909090908,ok,0.9298147727272728,0.266915625,ok,ue13_qfi1,0.35294117647058826,17,100.0,data,ok,0.0,ue12_qfi2,104.68599999999999,ok,30.0,ue4_qfi2,7,105.75,554.5,30.303,ok,33.0,,pending,,pending,,,,,1.5,,,16,,Reservation,661058651,,,
ue3_qfi9,113.75,299.5,300.0,300.25,ok,0.737010435463798,ok,ue5_qfi1,0,0,0,127.25,data,ok,2.0,False,,proxy,3,0,ue6_qfi2,0.0,148,150.0,ok,ue4_qfi2,24.532,ok,5,ok,16,ue6_qfi2,0.0,ok,0.4759116523817971,proxy,5,0.47114210935993817,64782483.2,ok,0.009359090909090909,ok,0.9331647727272727,0.04064375,ok,ue3_qfi1,0.46938775510204084,49,100.0,data,ok,0.0,ue4_qfi9,193.5,ok,30.4,ue5_qfi2,4,113.75,339.0,30.303,ok,33.0,,pending,,pending,,,,,1.5,,,16,,TwoTier,661058651,,,
ue16_qfi9,299.25,300.25,300.25,300.25,ok,0.7275798403788027,ok,ue13_qfi9,1,1,1,3826.0,data,ok,2.0,False,,proxy,3,0,ue7_qfi2,0.881578947368421,152,150.0,ok,ue16_qfi2,144.0,ok,15,ok,16,ue3_qfi2,0.944834,ok,0.6919159004524956,proxy,5,0.6626120747060708,66928952.0,ok,0.009840909090909091,ok,0.9320454545454545,0.0400625,ok,ue13_qfi1,0.38461538461538464,13,100.0,data,ok,0.0,ue3_qfi2,112.324,ok,26.8,ue7_qfi2,3,302.75,654.25,30.303,ok,33.0,,pending,,pending,,,,,1.5,,,16,,PF,87989972,,,
ue14_qfi9,300.0,300.25,300.25,300.25,ok,0.7514454779196851,ok,ue7_qfi1,0,0,0,199.5,data,ok,2.0,False,,proxy,3,0,ue13_qfi2,0.0,147,150.0,ok,ue14_qfi2,78.841,ok,12,ok,16,ue13_qfi2,0.0,ok,0.6857114494906763,proxy,5,0.6722639416206131,66406692.8,ok,0.008493181818181818,ok,0.9322579545454546,0.24643125,ok,ue11_qfi1,0.40816326530612246,49,100.0,data,ok,0.0,ue14_qfi2,114.16900000000001,ok,30.2,ue1_qfi2,2,68.25,134.5,30.303,ok,33.0,,pending,,pending,,,,,1.5,,,16,,Reservation,87989972,,,
ue3_qfi9,122.75,299.75,300.0,300.25,ok,0.7317876830442854,ok,ue5_qfi1,0,0,0,121.99999999999989,data,ok,2.0,False,,proxy,3,0,ue6_qfi2,0.0,147,150.0,ok,ue3_qfi2,28.756,ok,5,ok,16,ue6_qfi2,0.0,ok,0.4772893427278194,proxy,5,0.472692228419008,65911579.2,ok,0.009238636363636364,ok,0.9321284090909091,0.0402609375,ok,ue2_qfi1,0.4489795918367347,49,100.0,data,ok,0.0,ue3_qfi9,177.5,ok,30.4,ue5_qfi2,2,91.0,180.0,30.303,ok,33.0,,pending,,pending,,,,,1.5,,,16,,TwoTier,87989972,,,
ue16_qfi9,299.25,300.25,300.25,300.25,ok,0.7227104619456992,ok,ue10_qfi9,1,1,1,2667.0,data,ok,2.0,False,,proxy,3,0,ue11_qfi2,0.8445945945945946,148,150.0,ok,ue11_qfi2,147.634,ok,13,ok,16,ue6_qfi2,0.9233104,ok,0.7023403999282054,proxy,5,0.670112940916006,68236579.2,ok,0.008954545454545455,ok,0.9326170454545455,0.0385546875,ok,ue2_qfi1,0.375,16,100.0,data,ok,0.0,ue6_qfi2,125.336,ok,25.0,ue11_qfi2,7,414.5,932.0,30.303,ok,33.0,,pending,,pending,,,,,1.5,,,16,,PF,161576974,,,
ue14_qfi9,300.0,300.25,300.25,300.25,ok,0.7497193841434526,ok,ue6_qfi1,0,0,0,290.75000000000006,data,ok,2.0,False,,proxy,3,0,ue13_qfi2,0.0,147,150.0,ok,ue14_qfi2,82.923,ok,11,ok,16,ue13_qfi2,0.0,ok,0.685600293522638,proxy,5,0.6614128651770226,66864260.8,ok,0.008913636363636363,ok,0.9310159090909091,0.238975,ok,ue7_qfi1,0.3673469387755102,49,100.0,data,ok,0.0,ue14_qfi2,116.413,ok,27.0,ue12_qfi2,2,78.25,147.5,30.303,ok,33.0,,pending,,pending,,,,,1.5,,,16,,Reservation,161576974,,,
ue2_qfi9,296.5,300.0,300.25,300.25,ok,0.7176205169974342,ok,ue5_qfi1,0,0,0,140.0,data,ok,2.0,False,,proxy,3,0,ue6_qfi2,0.0,147,150.0,ok,ue4_qfi2,33.482,ok,5,ok,16,ue6_qfi2,0.0,ok,0.4793554718203664,proxy,5,0.47724892972669997,69296548.8,ok,0.008754545454545454,ok,0.9326829545454546,0.0368765625,ok,ue1_qfi1,0.4897959183673469,49,100.0,data,ok,0.0,ue4_qfi9,165.5,ok,30.0,ue4_qfi2,6,84.5,463.25,30.303,ok,33.0,,pending,,pending,,,,,1.5,,,16,,TwoTier,161576974,,,
ue16_qfi9,299.0,300.25,300.25,300.25,ok,0.7268268194003618,ok,ue6_qfi9,1,1,1,3202.75,data,ok,2.0,False,,proxy,3,0,ue8_qfi2,0.738255033557047,149,150.0,ok,ue8_qfi2,148.25,ok,13,ok,16,ue7_qfi2,0.90657,ok,0.6808834879988519,proxy,5,0.6548697696764912,67176880.0,ok,0.009668181818181819,ok,0.9338136363636363,0.0397890625,ok,ue16_qfi1,0.35714285714285715,14,100.0,data,ok,0.0,ue7_qfi2,123.696,ok,22.0,ue8_qfi2,13,222.0,1751.0,30.303,ok,33.0,,pending,,pending,,,,,1.5,,,16,,PF,35492826,,,
ue14_qfi9,300.0,300.25,300.25,300.25,ok,0.7534698352728758,ok,ue7_qfi1,0,0,0,229.00000000000009,data,ok,2.0,False,,proxy,3,0,ue15_qfi2,0.0,147,150.0,ok,ue14_qfi2,87.371,ok,11,ok,16,ue15_qfi2,0.0,ok,0.6831595510714621,proxy,5,0.6509373928715916,64897577.6,ok,0.008634090909090909,ok,0.9313227272727272,0.256965625,ok,ue2_qfi1,0.40425531914893614,47,100.0,data,ok,0.0,ue12_qfi2,112.67999999999999,ok,30.2,ue9_qfi2,2,70.25,138.75,30.303,ok,33.0,,pending,,pending,,,,,1.5,,,16,,Reservation,35492826,,,
ue2_qfi9,258.5,300.0,300.0,300.25,ok,0.7262143683616221,ok,ue5_qfi1,0,0,0,134.0,data,ok,2.0,False,,proxy,3,0,ue6_qfi2,0.0,148,150.0,ok,ue5_qfi2,39.757,ok,5,ok,16,ue6_qfi2,0.0,ok,0.47658967361915316,proxy,5,0.4735683709550202,67411712.0,ok,0.00934090909090909,ok,0.9339772727272727,0.03809375,ok,ue3_qfi1,0.46938775510204084,49,100.0,data,ok,0.0,ue3_qfi9,138.25,ok,30.4,ue5_qfi2,8,121.5,673.0,30.303,ok,33.0,,pending,,pending,,,,,1.5,,,16,,TwoTier,35492826,,,
ue16_qfi9,299.5,300.25,300.25,300.25,ok,0.7172183874315161,ok,ue15_qfi1,1,1,1,2774.0,data,ok,2.0,False,,proxy,3,0,ue9_qfi2,0.9013157894736842,152,150.0,ok,ue9_qfi2,147.565,ok,16,ok,16,ue7_qfi2,0.950802,ok,0.7242064645436239,proxy,5,0.7117686458026367,69793179.2,ok,0.0096,ok,0.9342272727272727,0.035934375,ok,ue15_qfi1,0.3333333333333333,15,100.0,data,ok,0.0,ue14_qfi2,115.726,ok,27.8,ue9_qfi2,4,160.0,494.25,30.303,ok,33.0,,pending,,pending,,,,,1.5,,,16,,PF,376383645,,,
ue11_qfi9,300.0,300.25,300.25,300.25,ok,0.7526649444332194,ok,ue4_qfi1,0,0,0,180.25000000000003,data,ok,2.0,False,,proxy,3,0,ue12_qfi2,0.0,147,150.0,ok,ue11_qfi2,82.505,ok,10,ok,16,ue12_qfi2,0.0,ok,0.6446785821080103,proxy,5,0.6279694029510554,68543059.2,ok,0.008461363636363637,ok,0.9323488636363636,0.1928578125,ok,ue5_qfi1,0.42857142857142855,49,100.0,data,ok,0.0,ue11_qfi2,112.895,ok,30.4,ue1_qfi2,0,0.0,0.0,30.303,ok,33.0,,pending,,pending,,,,,1.5,,,16,,Reservation,376383645,,,
ue3_qfi9,265.75,299.75,300.0,300.25,ok,0.7188125434276926,ok,ue5_qfi1,0,0,0,129.75,data,ok,2.0,False,,proxy,3,0,ue6_qfi2,0.0,147,150.0,ok,ue1_qfi2,21.192,ok,5,ok,16,ue6_qfi2,0.0,ok,0.47917289738903684,proxy,5,0.47566525911032453,69022652.8,ok,0.008168181818181817,ok,0.9337181818181818,0.03489375,ok,ue4_qfi1,0.46938775510204084,49,100.0,data,ok,0.0,ue5_qfi9,114.75,ok,30.4,ue4_qfi2,2,99.5,197.0,30.303,ok,33.0,,pending,,pending,,,,,1.5,,,16,,TwoTier,376383645,,,
ue16_qfi9,299.25,300.25,300.25,300.25,ok,0.7199479460402467,ok,ue13_qfi9,1,1,1,3198.5,data,ok,2.0,False,,proxy,3,0,ue13_qfi2,0.8552631578947368,152,150.0,ok,ue13_qfi2,147.912,ok,15,ok,16,ue13_qfi2,0.9498772,ok,0.6958888548821995,proxy,5,0.6730144427183217,68984414.4,ok,0.009722727272727274,ok,0.9334136363636364,0.0380859375,ok,ue11_qfi1,0.38461538461538464,13,100.0,data,ok,0.0,ue15_qfi2,121.804,ok,26.0,ue13_qfi2,5,232.25,736.0,30.303,ok,33.0,,pending,,pending,,,,,1.5,,,16,,PF,1746484539,,,
ue14_qfi9,300.0,300.25,300.25,300.25,ok,0.7490738571695205,ok,ue6_qfi9,0,0,0,248.7499999999998,data,ok,2.0,False,,proxy,3,0,ue12_qfi2,0.0,147,150.0,ok,ue11_qfi2,106.298,ok,11,ok,16,ue12_qfi2,0.0,ok,0.6804467975669256,proxy,5,0.6644509668980771,67114593.6,ok,0.008836363636363637,ok,0.9316056818181818,0.2373765625,ok,ue6_qfi1,0.44680851063829785,47,100.0,data,ok,0.0,ue11_qfi2,122.57499999999999,ok,30.4,ue2_qfi2,2,69.5,138.75,30.303,ok,33.0,,pending,,pending,,,,,1.5,,,16,,Reservation,1746484539,,,
ue1_qfi9,298.75,300.0,300.25,300.25,ok,0.7176765716180853,ok,ue1_qfi1,0,0,0,175.5,data,ok,2.0,False,,proxy,3,0,ue6_qfi2,0.0,147,150.0,ok,ue5_qfi2,46.34,ok,5,ok,16,ue6_qfi2,0.0,ok,0.4772002895745494,proxy,5,0.4755567039430459,69199137.6,ok,0.009813636363636363,ok,0.9336238636363636,0.0360734375,ok,ue3_qfi1,0.46938775510204084,49,100.0,data,ok,0.0,ue3_qfi9,188.75,ok,30.4,ue4_qfi2,9,90.75,714.25,30.303,ok,33.0,,pending,,pending,,,,,1.5,,,16,,TwoTier,1746484539,,,
ue16_qfi9,299.75,300.25,300.25,300.25,ok,0.8401139451267186,ok,ue13_qfi1,1,1,1,3617.75,data,ok,2.0,False,,proxy,3,0,ue13_qfi2,0.8421052631578947,152,150.0,ok,ue13_qfi2,138.928,ok,14,ok,16,ue13_qfi2,0.9425344,ok,0.7193408239986046,proxy,5,0.6950314126781942,69650875.2,ok,0.009163636363636363,ok,0.9306568181818182,0.0361578125,ok,ue5_qfi1,0.3181818181818182,22,100.0,data,ok,0.0,ue4_qfi2,123.168,ok,25.6,ue13_qfi2,3,369.75,849.5,30.303,ok,33.0,,pending,,pending,,,,,3.0,,,16,,PF,1826701614,,,
ue11_qfi9,300.0,300.25,300.25,300.25,ok,0.8725851817158661,ok,ue11_qfi9,0,0,0,223.7499999999999,data,ok,2.0,False,,proxy,3,0,ue12_qfi2,0.0,147,150.0,ok,ue10_qfi2,41.197,ok,10,ok,16,ue12_qfi2,0.0,ok,0.6237719600435276,proxy,5,0.6179186628035361,68581555.2,ok,0.008434090909090908,ok,0.9301738636363637,0.20125,ok,ue3_qfi1,0.3877551020408163,49,100.0,data,ok,0.0,ue10_qfi2,96.94,ok,30.4,ue7_qfi2,1,67.5,67.5,30.303,ok,33.0,,pending,,pending,,,,,3.0,,,16,,Reservation,1826701614,,,
ue5_qfi9,299.75,300.25,300.25,300.25,ok,0.8555034175876529,ok,ue5_qfi1,0,0,0,212.25,data,ok,2.0,False,,proxy,3,0,ue6_qfi2,0.0,148,150.0,ok,ue2_qfi2,25.116,ok,5,ok,16,ue6_qfi2,0.0,ok,0.45660848653893,proxy,5,0.45216962078282696,69730177.6,ok,0.009204545454545455,ok,0.9300363636363637,0.0358390625,ok,ue4_qfi1,0.5,48,100.0,data,ok,0.0,ue5_qfi2,73.838,ok,30.4,ue5_qfi2,1,124.25,124.25,30.303,ok,33.0,,pending,,pending,,,,,3.0,,,16,,TwoTier,1826701614,,,
ue16_qfi9,299.75,300.25,300.25,300.25,ok,0.842319366795086,ok,ue5_qfi1,1,1,1,4165.25,data,ok,2.0,False,,proxy,3,0,ue5_qfi2,0.8223684210526315,152,150.0,ok,ue10_qfi2,148.055,ok,13,ok,16,ue5_qfi2,0.9401552,ok,0.7006306108803152,proxy,5,0.6744555805867442,68478654.4,ok,0.009020454545454545,ok,0.9308409090909091,0.0379640625,ok,ue6_qfi1,0.25,8,100.0,data,ok,0.0,ue10_qfi2,110.40899999999999,ok,25.0,ue5_qfi2,7,361.5,1083.5,30.303,ok,33.0,,pending,,pending,,,,,3.0,,,16,,PF,1367864806,,,
ue15_qfi9,300.25,300.25,300.25,300.25,ok,0.8545746218441723,ok,ue5_qfi9,0,0,1,520.75,data,ok,2.0,False,,proxy,3,0,ue16_qfi2,0.0,148,150.0,ok,ue14_qfi2,55.25,ok,14,ok,16,ue16_qfi2,0.0,ok,0.725261207282475,proxy,5,0.7135424334040535,66787420.8,ok,0.008686363636363636,ok,0.931475,0.2826828125,ok,ue4_qfi1,0.45454545454545453,44,100.0,data,ok,0.0,ue14_qfi2,93.122,ok,30.4,ue3_qfi2,6,74.5,432.25,30.303,ok,33.0,,pending,,pending,,,,,3.0,,,16,,Reservation,1367864806,,,
ue5_qfi9,299.75,300.25,300.25,300.25,ok,0.8588877955096711,ok,ue3_qfi1,0,0,0,191.0,data,ok,2.0,False,,proxy,3,0,ue6_qfi2,0.0,147,150.0,ok,ue5_qfi2,26.212,ok,5,ok,16,ue6_qfi2,0.0,ok,0.4558895022563833,proxy,5,0.4539905758786401,68478601.6,ok,0.009256818181818182,ok,0.931490909090909,0.03670625,ok,ue3_qfi1,0.46938775510204084,49,100.0,data,ok,0.0,ue3_qfi1,92.25,ok,30.4,ue3_qfi2,1,125.5,125.5,30.303,ok,33.0,,pending,,pending,,,,,3.0,,,16,,TwoTier,1367864806,,,
ue16_qfi9,299.75,300.25,300.25,300.25,ok,0.8447611055724652,ok,ue14_qfi1,1,1,1,3167.25,data,ok,2.0,False,,proxy,3,0,ue13_qfi2,0.8410596026490066,151,150.0,ok,ue16_qfi2,147.297,ok,14,ok,16,ue13_qfi2,0.9280676,ok,0.6617959766715723,proxy,5,0.6305813914376587,67045865.6,ok,0.009670454545454546,ok,0.9317545454545455,0.040046875,ok,ue14_qfi1,0.38461538461538464,13,100.0,data,ok,0.0,ue9_qfi2,109.055,ok,25.6,ue13_qfi2,6,354.0,920.75,30.303,ok,33.0,,pending,,pending,,,,,3.0,,,16,,PF,1097657231,,,
ue16_qfi9,300.25,300.25,300.25,300.25,ok,0.8620281004003706,ok,ue5_qfi9,0,0,1,644.25,data,ok,2.0,False,,proxy,3,0,ue13_qfi2,0.0,147,150.0,ok,ue15_qfi2,105.098,ok,12,ok,16,ue13_qfi2,0.0,ok,0.6884502287192069,proxy,5,0.649750608413369,66322577.6,ok,0.008852272727272728,ok,0.9315965909090909,0.264415625,ok,ue15_qfi1,0.29411764705882354,17,100.0,data,ok,0.0,ue16_qfi2,111.56900000000002,ok,30.0,ue3_qfi2,5,102.25,401.25,30.303,ok,33.0,,pending,,pending,,,,,3.0,,,16,,Reservation,1097657231,,,
ue5_qfi9,299.5,300.25,300.25,300.25,ok,0.8553040486560384,ok,ue4_qfi1,0,0,0,206.0,data,ok,2.0,False,,proxy,3,0,ue6_qfi2,0.0,147,150.0,ok,ue3_qfi2,20.636,ok,4,ok,16,ue6_qfi2,0.0,ok,0.4566734021583452,proxy,5,0.4529861243244952,69868515.2,ok,0.009481818181818182,ok,0.9319852272727273,0.0362828125,ok,ue3_qfi1,0.40816326530612246,49,100.0,data,ok,0.0,ue3_qfi1,91.25,ok,30.2,ue4_qfi2,1,121.5,121.5,30.303,ok,33.0,,pending,,pending,,,,,3.0,,,16,,TwoTier,1097657231,,,
ue15_qfi9,299.75,300.25,300.25,300.25,ok,0.8449888497432867,ok,ue3_qfi1,1,1,1,3425.0000000000005,data,ok,2.0,False,,proxy,3,0,ue16_qfi2,0.7333333333333333,150,150.0,ok,ue16_qfi2,147.667,ok,11,ok,16,ue14_qfi2,0.917092,ok,0.6695901439051143,proxy,5,0.6370252576268657,67126417.6,ok,0.008690909090909091,ok,0.9313727272727272,0.0389234375,ok,ue4_qfi1,0.3157894736842105,19,100.0,data,ok,0.0,ue13_qfi2,121.58099999999999,ok,25.2,ue14_qfi2,11,164.25,1145.75,30.303,ok,33.0,,pending,,pending,,,,,3.0,,,16,,PF,579362555,,,
ue15_qfi9,300.25,300.25,300.25,300.25,ok,0.863048104461635,ok,ue4_qfi9,0,0,0,394.5000000000003,data,ok,2.0,False,,proxy,3,0,ue12_qfi2,0.0,147,150.0,ok,ue13_qfi2,103.776,ok,13,ok,16,ue12_qfi2,0.0,ok,0.6860893868421352,proxy,5,0.6746035821102765,66083697.6,ok,0.008781818181818182,ok,0.9296068181818182,0.2581515625,ok,ue3_qfi1,0.40425531914893614,47,100.0,data,ok,0.0,ue13_qfi2,116.01,ok,30.2,ue5_qfi2,2,70.0,138.25,30.303,ok,33.0,,pending,,pending,,,,,3.0,,,16,,Reservation,579362555,,,
ue5_qfi9,299.75,300.25,300.25,300.25,ok,0.8536616585196941,ok,ue3_qfi9,0,0,1,785.75,data,ok,2.0,False,,proxy,3,0,ue6_qfi2,0.0,147,150.0,ok,ue3_qfi2,86.97,ok,5,ok,16,ue6_qfi2,0.0,ok,0.4476671221930381,proxy,5,0.4399974590101427,68372035.2,ok,0.009202272727272727,ok,0.9310818181818182,0.0364984375,ok,ue3_qfi1,0.4444444444444444,36,100.0,data,ok,0.0,ue3_qfi1,91.25,ok,30.0,ue5_qfi2,9,123.0,822.75,30.303,ok,33.0,,pending,,pending,,,,,3.0,,,16,,TwoTier,579362555,,,
ue16_qfi9,299.75,300.25,300.25,300.25,ok,0.8460028968428006,ok,ue13_qfi9,1,1,1,2965.25,data,ok,2.0,False,,proxy,3,0,ue11_qfi2,0.722972972972973,148,150.0,ok,ue11_qfi2,148.11,ok,12,ok,16,ue4_qfi2,0.9011064,ok,0.6763385854944783,proxy,5,0.623986709814574,66610624.0,ok,0.009797727272727272,ok,0.9326636363636364,0.0398421875,ok,ue7_qfi1,0.2608695652173913,23,100.0,data,ok,0.0,ue15_qfi2,109.54700000000001,ok,22.6,ue4_qfi2,9,328.25,1468.0,30.303,ok,33.0,,pending,,pending,,,,,3.0,,,16,,PF,661058651,,,
ue13_qfi9,300.0,300.25,300.25,300.25,ok,0.8698354881176659,ok,ue4_qfi9,0,0,0,288.0000000000002,data,ok,2.0,False,,proxy,3,0,ue14_qfi2,0.0,148,150.0,ok,ue12_qfi2,109.142,ok,11,ok,16,ue14_qfi2,0.0,ok,0.6550880424084149,proxy,5,0.640115910011389,64760020.8,ok,0.008877272727272727,ok,0.9309579545454545,0.247328125,ok,ue5_qfi1,0.3958333333333333,48,100.0,data,ok,0.0,ue12_qfi2,108.623,ok,30.0,ue4_qfi2,2,66.75,133.25,30.303,ok,33.0,,pending,,pending,,,,,3.0,,,16,,Reservation,661058651,,,
ue5_qfi9,299.75,300.25,300.25,300.25,ok,0.8662197920351444,ok,ue5_qfi1,0,0,0,218.75,data,ok,2.0,False,,proxy,3,0,ue6_qfi2,0.0,147,150.0,ok,ue4_qfi2,36.273,ok,5,ok,16,ue6_qfi2,0.0,ok,0.45395137985706596,proxy,5,0.4514387829590897,65839105.6,ok,0.009290909090909091,ok,0.9318034090909091,0.0391125,ok,ue2_qfi1,0.46938775510204084,49,100.0,data,ok,0.0,ue5_qfi2,71.884,ok,30.2,ue5_qfi2,1,115.5,115.5,30.303,ok,33.0,,pending,,pending,,,,,3.0,,,16,,TwoTier,661058651,,,
ue16_qfi9,300.0,300.25,300.25,300.25,ok,0.8439576372479949,ok,ue10_qfi1,1,1,1,3138.0000000000005,data,ok,2.0,False,,proxy,3,0,ue16_qfi2,0.9342105263157895,152,150.0,ok,ue16_qfi2,144.156,ok,15,ok,16,ue16_qfi2,0.946272,ok,0.6964617253623415,proxy,5,0.6709835074265866,67543120.0,ok,0.009702272727272728,ok,0.9321227272727273,0.0387703125,ok,ue10_qfi1,0.375,16,100.0,data,ok,0.0,ue4_qfi2,121.019,ok,28.6,ue10_qfi2,4,131.0,394.25,30.303,ok,33.0,,pending,,pending,,,,,3.0,,,16,,PF,87989972,,,
ue14_qfi9,300.25,300.25,300.25,300.25,ok,0.8695604272691937,ok,ue5_qfi9,0,0,0,299.0000000000004,data,ok,2.0,False,,proxy,3,0,ue13_qfi2,0.0,147,150.0,ok,ue12_qfi2,111.203,ok,11,ok,16,ue13_qfi2,0.0,ok,0.6505405099555188,proxy,5,0.6233208936689777,66355107.2,ok,0.008245454545454545,ok,0.9314227272727272,0.2361140625,ok,ue6_qfi1,0.4489795918367347,49,100.0,data,ok,0.0,ue14_qfi2,108.92099999999999,ok,30.2,ue5_qfi2,2,68.25,134.75,30.303,ok,33.0,,pending,,pending,,,,,3.0,,,16,,Reservation,87989972,,,
ue5_qfi9,299.75,300.25,300.25,300.25,ok,0.8618465650406512,ok,ue5_qfi1,0,0,0,211.75,data,ok,2.0,False,,proxy,3,0,ue6_qfi2,0.0,147,150.0,ok,ue4_qfi2,28.952,ok,5,ok,16,ue6_qfi2,0.0,ok,0.4561167826419559,proxy,5,0.4527142011054339,67902643.2,ok,0.009088636363636363,ok,0.9321988636363636,0.0365828125,ok,ue2_qfi1,0.4489795918367347,49,100.0,data,ok,0.0,ue5_qfi2,71.432,ok,30.2,ue2_qfi2,2,71.75,138.75,30.303,ok,33.0,,pending,,pending,,,,,3.0,,,16,,TwoTier,87989972,,,
ue16_qfi9,299.75,300.25,300.25,300.25,ok,0.8434713981688279,ok,ue12_qfi1,1,1,1,2805.5,data,ok,2.0,False,,proxy,3,0,ue10_qfi2,0.9473684210526315,152,150.0,ok,ue12_qfi2,142.681,ok,16,ok,16,ue14_qfi2,0.950874,ok,0.6991837712233788,proxy,5,0.6742274518573848,67861075.2,ok,0.008970454545454545,ok,0.9327590909090909,0.0394984375,ok,ue8_qfi1,0.42105263157894735,38,100.0,data,ok,0.0,ue10_qfi2,109.59,ok,28.8,ue10_qfi2,3,126.5,337.75,30.303,ok,33.0,,pending,,pending,,,,,3.0,,,16,,PF,161576974,,,
ue14_qfi9,300.25,300.25,300.25,300.25,ok,0.865754053626664,ok,ue13_qfi9,0,0,0,289.5000000000001,data,ok,2.0,False,,proxy,3,0,ue11_qfi2,0.0,147,150.0,ok,ue14_qfi2,89.924,ok,12,ok,16,ue11_qfi2,0.0,ok,0.6677242884305754,proxy,5,0.6493095263071399,66664401.6,ok,0.008379545454545454,ok,0.9313079545454546,0.247178125,ok,ue14_qfi1,0.41379310344827586,29,100.0,data,ok,0.0,ue14_qfi2,109.43599999999999,ok,30.0,ue2_qfi2,2,95.75,162.5,30.303,ok,33.0,,pending,,pending,,,,,3.0,,,16,,Reservation,161576974,,,
ue5_qfi9,299.75,300.25,300.25,300.25,ok,0.8594844511376502,ok,ue5_qfi1,0,0,0,211.5,data,ok,2.0,False,,proxy,3,0,ue6_qfi2,0.0,147,150.0,ok,ue1_qfi2,22.417,ok,5,ok,16,ue6_qfi2,0.0,ok,0.45589864069239516,proxy,5,0.4544237860687936,68598505.6,ok,0.008454545454545454,ok,0.9325761363636363,0.037475,ok,ue1_qfi1,0.5102040816326531,49,100.0,data,ok,0.0,ue5_qfi2,75.11800000000001,ok,30.2,ue4_qfi2,2,101.75,173.25,30.303,ok,33.0,,pending,,pending,,,,,3.0,,,16,,TwoTier,161576974,,,
ue16_qfi9,299.75,300.25,300.25,300.25,ok,0.8433721935324086,ok,ue6_qfi1,1,2,2,2994.0,data,ok,2.0,False,,proxy,3,0,ue11_qfi2,0.72,150,150.0,ok,ue11_qfi2,149.097,ok,13,ok,16,ue11_qfi2,0.900554,ok,0.6916540451582843,proxy,5,0.6660192841445102,68066024.0,ok,0.009454545454545455,ok,0.9340875,0.0385015625,ok,ue16_qfi1,0.38095238095238093,21,100.0,data,ok,0.0,ue4_qfi2,118.867,ok,21.6,ue11_qfi2,12,265.25,1748.5,30.303,ok,33.0,,pending,,pending,,,,,3.0,,,16,,PF,35492826,,,
ue14_qfi9,300.25,300.25,300.25,300.25,ok,0.8732761617432442,ok,ue2_qfi9,0,0,0,230.24999999999983,data,ok,2.0,False,,proxy,3,0,ue12_qfi2,0.0,147,150.0,ok,ue14_qfi2,141.918,ok,11,ok,16,ue12_qfi2,0.0,ok,0.6275788059560374,proxy,5,0.6221090180554909,67301068.8,ok,0.008684090909090909,ok,0.9325011363636364,0.2166125,ok,ue6_qfi1,0.4583333333333333,48,100.0,data,ok,0.0,ue14_qfi2,109.45800000000001,ok,30.2,ue6_qfi2,2,66.5,132.75,30.303,ok,33.0,,pending,,pending,,,,,3.0,,,16,,Reservation,35492826,,,
ue5_qfi9,299.75,300.25,300.25,300.25,ok,0.8586395725924776,ok,ue5_qfi1,0,0,0,221.5,data,ok,2.0,False,,proxy,3,0,ue6_qfi2,0.0,147,150.0,ok,ue4_qfi2,33.824,ok,5,ok,16,ue6_qfi2,0.0,ok,0.4564194955266623,proxy,5,0.45510527166737574,69103596.8,ok,0.00914090909090909,ok,0.9339920454545455,0.0364390625,ok,ue3_qfi1,0.42857142857142855,49,100.0,data,ok,0.0,ue4_qfi1,90.75,ok,30.4,ue5_qfi2,1,122.25,122.25,30.303,ok,33.0,,pending,,pending,,,,,3.0,,,16,,TwoTier,35492826,,,
ue16_qfi9,299.75,300.25,300.25,300.25,ok,0.8419299437876767,ok,ue12_qfi9,1,1,1,3062.75,data,ok,2.0,False,,proxy,3,0,ue12_qfi2,0.8410596026490066,151,150.0,ok,ue5_qfi2,148.26,ok,14,ok,16,ue12_qfi2,0.938066,ok,0.6940439747520982,proxy,5,0.6636425806903072,68733808.0,ok,0.009929545454545455,ok,0.9342795454545455,0.0380296875,ok,ue9_qfi1,0.38461538461538464,26,100.0,data,ok,0.0,ue5_qfi2,123.32499999999999,ok,25.4,ue12_qfi2,5,499.5,883.75,30.303,ok,33.0,,pending,,pending,,,,,3.0,,,16,,PF,376383645,,,
ue12_qfi9,300.0,300.25,300.25,300.25,ok,0.8681980191414599,ok,ue5_qfi9,0,0,0,324.25000000000017,data,ok,2.0,False,,proxy,3,0,ue13_qfi2,0.0,147,150.0,ok,ue12_qfi2,45.029,ok,12,ok,16,ue13_qfi2,0.0,ok,0.6498739149485726,proxy,5,0.6471343764832457,67097140.8,ok,0.008609090909090908,ok,0.9319125,0.2294171875,ok,ue10_qfi1,0.4489795918367347,49,100.0,data,ok,0.0,ue9_qfi1,83.5,ok,30.0,ue5_qfi2,2,71.5,140.5,30.303,ok,33.0,,pending,,pending,,,,,3.0,,,16,,Reservation,376383645,,,
ue5_qfi9,299.5,300.25,300.25,300.25,ok,0.8572498285463565,ok,ue5_qfi1,0,0,0,217.5,data,ok,2.0,False,,proxy,3,0,ue6_qfi2,0.0,148,150.0,ok,ue5_qfi2,26.75,ok,5,ok,16,ue6_qfi2,0.0,ok,0.4553755948328644,proxy,5,0.4541540555780242,68550958.4,ok,0.0086,ok,0.9337238636363636,0.03738125,ok,ue1_qfi1,0.42857142857142855,49,100.0,data,ok,0.0,ue5_qfi2,69.38,ok,30.4,ue5_qfi2,1,114.75,114.75,30.303,ok,33.0,,pending,,pending,,,,,3.0,,,16,,TwoTier,376383645,,,
ue16_qfi9,299.75,300.25,300.25,300.25,ok,0.8428610646650585,ok,ue12_qfi9,1,1,1,4018.25,data,ok,2.0,False,,proxy,3,0,ue10_qfi2,0.8243243243243243,148,150.0,ok,ue10_qfi2,147.092,ok,14,ok,16,ue10_qfi2,0.916308,ok,0.6870107063495259,proxy,5,0.6651365755339952,68212521.6,ok,0.009638636363636363,ok,0.9331306818181818,0.0390359375,ok,ue11_qfi1,0.35714285714285715,14,100.0,data,ok,0.0,ue1_qfi2,102.92,ok,24.6,ue10_qfi2,6,351.5,951.75,30.303,ok,33.0,,pending,,pending,,,,,3.0,,,16,,PF,1746484539,,,
ue14_qfi9,300.25,300.25,300.25,300.25,ok,0.8736728470317952,ok,ue8_qfi9,0,0,0,361.7500000000002,data,ok,2.0,False,,proxy,3,0,ue11_qfi2,0.0,147,150.0,ok,ue14_qfi2,120.635,ok,10,ok,16,ue11_qfi2,0.0,ok,0.62298748937136,proxy,5,0.5961536449508639,67455022.4,ok,0.008695454545454546,ok,0.9320272727272727,0.211921875,ok,ue1_qfi1,0.4489795918367347,49,100.0,data,ok,0.0,ue14_qfi2,117.243,ok,30.2,ue7_qfi2,1,88.75,88.75,30.303,ok,33.0,,pending,,pending,,,,,3.0,,,16,,Reservation,1746484539,,,
ue5_qfi9,299.5,300.25,300.25,300.25,ok,0.8479775320926136,ok,ue5_qfi1,0,0,0,215.0,data,ok,2.0,False,,proxy,3,0,ue6_qfi2,0.0,147,150.0,ok,ue1_qfi2,29.287,ok,5,ok,16,ue6_qfi2,0.0,ok,0.4564160812385841,proxy,5,0.45364215526319474,71679270.4,ok,0.009852272727272727,ok,0.9336261363636363,0.035590625,ok,ue4_qfi1,0.4791666666666667,48,100.0,data,ok,0.0,ue5_qfi2,64.639,ok,30.4,ue5_qfi2,1,116.25,116.25,30.303,ok,33.0,,pending,,pending,,,,,3.0,,,16,,TwoTier,1746484539,,,
ue16_qfi9,299.5,300.25,300.25,300.25,ok,0.7741139128752382,ok,ue6_qfi9,0,1,1,1881.7499999999998,data,ok,2.0,False,,proxy,3,0,ue7_qfi2,0.8918918918918919,148,150.0,ok,ue7_qfi2,137.94,ok,13,ok,16,ue7_qfi2,0.9190488,ok,0.7221013944554616,proxy,5,0.688641083559893,69867542.4,ok,0.009811363636363637,ok,0.9305886363636363,0.03621875,ok,ue16_qfi1,0.4,40,100.0,data,ok,0.0,ue13_qfi2,125.501,ok,29.4,ue6_qfi2,3,122.75,260.25,30.303,ok,33.0,,pending,,pending,,,,,2.0,,,16,,PF,1826701614,,,
ue11_qfi9,300.0,300.25,300.25,300.25,ok,0.8103480140045416,ok,ue6_qfi1,0,0,0,202.75,data,ok,2.0,False,,proxy,3,0,ue12_qfi2,0.0,147,150.0,ok,ue10_qfi2,84.632,ok,9,ok,16,ue12_qfi2,0.0,ok,0.635897681577706,proxy,5,0.6166942116445961,68884937.6,ok,0.00823409090909091,ok,0.9311170454545454,0.201234375,ok,ue3_qfi1,0.46938775510204084,49,100.0,data,ok,0.0,ue10_qfi2,108.064,ok,30.2,ue1_qfi2,0,0.0,0.0,30.303,ok,33.0,,pending,,pending,,,,,2.0,,,16,,Reservation,1826701614,,,
ue5_qfi9,283.0,300.0,300.0,300.25,ok,0.7765701728475038,ok,ue3_qfi1,0,0,0,117.50000000000016,data,ok,2.0,False,,proxy,3,0,ue6_qfi2,0.0,148,150.0,ok,ue3_qfi2,46.722,ok,4,ok,16,ue6_qfi2,0.0,ok,0.4693300496687593,proxy,5,0.46625494536169204,70427024.0,ok,0.009245454545454546,ok,0.9299670454545454,0.0348671875,ok,ue1_qfi1,0.42857142857142855,49,100.0,data,ok,0.0,ue4_qfi9,42.0,ok,30.4,ue2_qfi2,1,70.25,70.25,30.303,ok,33.0,,pending,,pending,,,,,2.0,,,16,,TwoTier,1826701614,,,
ue16_qfi9,299.5,300.25,300.25,300.25,ok,0.7762436224175323,ok,ue1_qfi1,1,1,1,3265.7499999999995,data,ok,2.0,False,,proxy,3,0,ue7_qfi2,0.9013157894736842,152,150.0,ok,ue7_qfi2,143.49,ok,15,ok,16,ue7_qfi2,0.9433484,ok,0.7123151943198456,proxy,5,0.6686551368530321,69162104.0,ok,0.009013636363636364,ok,0.9307670454545455,0.0374578125,ok,ue1_qfi1,0.3888888888888889,18,100.0,data,ok,0.0,ue7_qfi2,117.10199999999999,ok,27.4,ue7_qfi2,3,256.0,582.0,30.303,ok,33.0,,pending,,pending,,,,,2.0,,,16,,PF,1367864806,,,
ue13_qfi9,300.0,300.25,300.25,300.25,ok,0.805464498113626,ok,ue4_qfi9,0,0,0,236.49999999999994,data,ok,2.0,False,,proxy,3,0,ue14_qfi2,0.0,148,150.0,ok,ue13_qfi2,64.737,ok,12,ok,16,ue14_qfi2,0.0,ok,0.6763242704907142,proxy,5,0.6612457359464268,67247768.0,ok,0.008288636363636364,ok,0.9330306818181818,0.2384171875,ok,ue4_qfi1,0.375,48,100.0,data,ok,0.0,ue13_qfi2,111.50299999999999,ok,30.4,ue8_qfi2,2,72.0,140.25,30.303,ok,33.0,,pending,,pending,,,,,2.0,,,16,,Reservation,1367864806,,,
ue4_qfi9,294.5,300.0,300.25,300.25,ok,0.7796240514703039,ok,ue1_qfi1,0,0,0,174.99999999999983,data,ok,2.0,False,,proxy,3,0,ue6_qfi2,0.0,147,150.0,ok,ue1_qfi2,26.896,ok,5,ok,16,ue6_qfi2,0.0,ok,0.4690439765864755,proxy,5,0.46342963564120493,69438225.6,ok,0.009,ok,0.9317079545454545,0.0348078125,ok,ue1_qfi1,0.46938775510204084,49,100.0,data,ok,0.0,ue1_qfi1,89.5,ok,30.4,ue5_qfi2,2,124.25,191.5,30.303,ok,33.0,,pending,,pending,,,,,2.0,,,16,,TwoTier,1367864806,,,
ue16_qfi9,299.5,300.25,300.25,300.25,ok,0.7867103909225542,ok,ue8_qfi1,1,1,1,3661.75,data,ok,2.0,False,,proxy,3,0,ue16_qfi2,0.7094594594594594,148,150.0,ok,ue16_qfi2,148.756,ok,11,ok,16,ue16_qfi2,0.8890524000000001,ok,0.6650708575503176,proxy,5,0.6196012843063761,65364216.0,ok,0.0098,ok,0.931915909090909,0.041459375,ok,ue6_qfi1,0.38095238095238093,21,100.0,data,ok,0.0,ue1_qfi2,119.14200000000001,ok,21.4,ue16_qfi2,12,271.25,1736.0,30.303,ok,33.0,,pending,,pending,,,,,2.0,,,16,,PF,1097657231,,,
ue14_qfi9,300.0,300.25,300.25,300.25,ok,0.8110884690129954,ok,ue3_qfi9,0,0,0,250.24999999999986,data,ok,2.0,False,,proxy,3,0,ue12_qfi2,0.0,147,150.0,ok,ue14_qfi2,96.538,ok,12,ok,16,ue12_qfi2,0.0,ok,0.6668416760368703,proxy,5,0.6588770243024994,64299924.8,ok,0.008936363636363636,ok,0.9312227272727273,0.256915625,ok,ue4_qfi1,0.3541666666666667,48,100.0,data,ok,0.0,ue14_qfi2,119.37499999999999,ok,30.2,ue1_qfi2,3,83.25,218.0,30.303,ok,33.0,,pending,,pending,,,,,2.0,,,16,,Reservation,1097657231,,,
ue5_qfi9,262.25,300.0,300.0,300.25,ok,0.7970323232591686,ok,ue5_qfi1,0,0,0,182.75,data,ok,2.0,False,,proxy,3,0,ue6_qfi2,0.0,147,150.0,ok,ue1_qfi2,27.509,ok,5,ok,16,ue6_qfi2,0.0,ok,0.4658373286575566,proxy,5,0.45777389879763475,64783825.6,ok,0.009647727272727273,ok,0.9318715909090909,0.0404703125,ok,ue1_qfi1,0.4897959183673469,49,100.0,data,ok,0.0,ue5_qfi1,82.25,ok,30.4,ue5_qfi2,1,118.25,118.25,30.303,ok,33.0,,pending,,pending,,,,,2.0,,,16,,TwoTier,1097657231,,,
ue16_qfi9,299.5,300.25,300.25,300.25,ok,0.7789369570168929,ok,ue1_qfi1,1,1,2,2211.25,data,ok,2.0,False,,proxy,3,0,ue8_qfi2,0.9668874172185431,151,150.0,ok,ue8_qfi2,142.955,ok,15,ok,16,ue16_qfi2,0.9408588,ok,0.6882447672414573,proxy,5,0.6450245460257679,68080184.0,ok,0.008681818181818181,ok,0.9309284090909091,0.0394328125,ok,ue6_qfi1,0.3125,16,100.0,data,ok,0.0,ue12_qfi2,113.625,ok,29.4,ue8_qfi2,2,106.5,174.25,30.303,ok,33.0,,pending,,pending,,,,,2.0,,,16,,PF,579362555,,,
ue14_qfi9,300.0,300.25,300.25,300.25,ok,0.8041286735027554,ok,ue8_qfi9,0,0,0,316.7500000000001,data,ok,2.0,False,,proxy,3,0,ue15_qfi2,0.0,147,150.0,ok,ue14_qfi2,112.732,ok,13,ok,16,ue15_qfi2,0.0,ok,0.6894103289599213,proxy,5,0.6825495780742022,65876864.0,ok,0.008940909090909091,ok,0.9302727272727273,0.26625,ok,ue3_qfi1,0.42857142857142855,49,100.0,data,ok,0.0,ue14_qfi2,111.26500000000001,ok,30.4,ue2_qfi2,2,70.25,138.5,30.303,ok,33.0,,pending,,pending,,,,,2.0,,,16,,Reservation,579362555,,,
ue5_qfi9,269.75,300.0,300.25,300.25,ok,0.7763006291489088,ok,ue5_qfi1,0,0,0,138.5,data,ok,2.0,False,,proxy,3,0,ue6_qfi2,0.0,148,150.0,ok,ue3_qfi2,27.477,ok,5,ok,16,ue6_qfi2,0.0,ok,0.4690365887694205,proxy,5,0.4654908255521555,70100664.0,ok,0.008972727272727273,ok,0.9314704545454545,0.0371796875,ok,ue3_qfi1,0.4489795918367347,49,100.0,data,ok,0.0,ue3_qfi9,131.75,ok,30.4,ue5_qfi2,2,111.0,183.75,30.303,ok,33.0,,pending,,pending,,,,,2.0,,,16,,TwoTier,579362555,,,
ue16_qfi9,299.75,300.25,300.25,300.25,ok,0.7852673744546312,ok,ue10_qfi1,1,1,1,2606.5,data,ok,2.0,False,,proxy,3,0,ue2_qfi2,0.6266666666666667,150,150.0,ok,ue2_qfi2,148.824,ok,10,ok,16,ue2_qfi2,0.8986188,ok,0.6761913319085184,proxy,5,0.6261899320143501,65933192.0,ok,0.009572727272727273,ok,0.9322488636363636,0.04025625,ok,ue11_qfi1,0.3103448275862069,29,100.0,data,ok,0.0,ue3_qfi2,120.035,ok,18.8,ue2_qfi2,12,354.75,2170.5,30.303,ok,33.0,,pending,,pending,,,,,2.0,,,16,,PF,661058651,,,
ue15_qfi9,300.0,300.25,300.25,300.25,ok,0.8116248109957324,ok,ue15_qfi9,0,0,0,362.7500000000001,data,ok,2.0,False,,proxy,3,0,ue13_qfi2,0.0,147,150.0,ok,ue12_qfi2,105.601,ok,12,ok,16,ue13_qfi2,0.0,ok,0.6678845562993114,proxy,5,0.6600407790675402,64085961.6,ok,0.00914090909090909,ok,0.9319443181818182,0.2551640625,ok,ue3_qfi1,0.391304347826087,46,100.0,data,ok,0.0,ue12_qfi2,110.113,ok,14.0,ue12_qfi2,2,67.0,133.5,30.303,ok,33.0,,pending,,pending,,,,,2.0,,,16,,Reservation,661058651,,,
ue4_qfi9,297.0,300.0,300.25,300.25,ok,0.7899396732523308,ok,ue2_qfi1,0,0,0,357.75,data,ok,2.0,False,,proxy,3,0,ue6_qfi2,0.0,147,150.0,ok,ue2_qfi2,56.292,ok,5,ok,16,ue6_qfi2,0.0,ok,0.4648840174880197,proxy,5,0.46175747199150685,66129174.4,ok,0.009372727272727272,ok,0.933153409090909,0.04018125,ok,ue5_qfi1,0.42857142857142855,49,100.0,data,ok,0.0,ue5_qfi9,155.0,ok,30.4,ue2_qfi2,4,81.5,305.75,30.303,ok,33.0,,pending,,pending,,,,,2.0,,,16,,TwoTier,661058651,,,
ue16_qfi9,299.5,300.25,300.25,300.25,ok,0.7858116032955339,ok,ue3_qfi1,1,1,1,2717.0,data,ok,2.0,False,,proxy,3,0,ue16_qfi2,0.5945945945945946,148,150.0,ok,ue16_qfi2,149.631,ok,11,ok,16,ue16_qfi2,0.86836,ok,0.6583053645522107,proxy,5,0.6159593551937245,65710976.0,ok,0.010018181818181818,ok,0.9315386363636363,0.0405828125,ok,ue3_qfi1,0.125,8,100.0,data,ok,0.0,ue10_qfi2,121.03500000000001,ok,18.0,ue16_qfi2,15,519.75,2350.75,30.303,ok,33.0,,pending,,pending,,,,,2.0,,,16,,PF,87989972,,,
ue15_qfi9,300.0,300.25,300.25,300.25,ok,0.8030419751212843,ok,ue11_qfi9,0,0,1,510.74999999999983,data,ok,2.0,False,,proxy,3,0,ue16_qfi2,0.0,147,150.0,ok,ue14_qfi2,101.012,ok,11,ok,16,ue16_qfi2,0.0,ok,0.6992872211605486,proxy,5,0.6678507625603523,64466185.6,ok,0.009179545454545454,ok,0.9309534090909091,0.277646875,ok,ue4_qfi1,0.36363636363636365,44,100.0,data,ok,0.0,ue13_qfi2,109.91700000000002,ok,30.2,ue9_qfi2,7,92.5,534.0,30.303,ok,33.0,,pending,,pending,,,,,2.0,,,16,,Reservation,87989972,,,
ue5_qfi9,296.25,300.0,300.25,300.25,ok,0.791707956854709,ok,ue5_qfi1,0,0,0,182.25,data,ok,2.0,False,,proxy,3,0,ue6_qfi2,0.0,148,150.0,ok,ue3_qfi2,24.5,ok,5,ok,16,ue6_qfi2,0.0,ok,0.46810486663855394,proxy,5,0.4666245369540801,66194424.0,ok,0.009538636363636364,ok,0.9319522727272728,0.040165625,ok,ue2_qfi1,0.4489795918367347,49,100.0,data,ok,0.0,ue5_qfi1,81.0,ok,30.4,ue5_qfi2,1,125.75,125.75,30.303,ok,33.0,,pending,,pending,,,,,2.0,,,16,,TwoTier,87989972,,,
ue16_qfi9,299.5,300.25,300.25,300.25,ok,0.780478177243131,ok,ue12_qfi1,1,1,1,3073.0,data,ok,2.0,False,,proxy,3,0,ue6_qfi2,0.8389261744966443,149,150.0,ok,ue4_qfi2,144.082,ok,15,ok,16,ue6_qfi2,0.9274024000000001,ok,0.6904813144927238,proxy,5,0.6786687103755916,67614816.0,ok,0.008956818181818182,ok,0.9327011363636364,0.039321875,ok,ue13_qfi1,0.22727272727272727,22,100.0,data,ok,0.0,ue4_qfi2,115.831,ok,25.2,ue6_qfi2,6,240.0,878.5,30.303,ok,33.0,,pending,,pending,,,,,2.0,,,16,,PF,161576974,,,
ue15_qfi9,300.0,300.25,300.25,300.25,ok,0.8051259340026029,ok,ue7_qfi9,0,0,0,286.75000000000006,data,ok,2.0,False,,proxy,3,0,ue11_qfi2,0.0,147,150.0,ok,ue12_qfi2,63.242,ok,11,ok,16,ue11_qfi2,0.0,ok,0.6812471452501627,proxy,5,0.6708833587829302,65914824.0,ok,0.008504545454545454,ok,0.9318295454545454,0.2540125,ok,ue9_qfi1,0.391304347826087,46,100.0,data,ok,0.0,ue12_qfi2,109.724,ok,30.2,ue13_qfi2,4,71.0,276.5,30.303,ok,33.0,,pending,,pending,,,,,2.0,,,16,,Reservation,161576974,,,
ue4_qfi9,176.75,300.0,300.25,300.25,ok,0.7819620400516115,ok,ue5_qfi1,0,0,0,186.5,data,ok,2.0,False,,proxy,3,0,ue6_qfi2,0.0,148,150.0,ok,ue1_qfi2,24.977,ok,5,ok,16,ue6_qfi2,0.0,ok,0.46839703253494563,proxy,5,0.46568141076909775,68907742.4,ok,0.008747727272727273,ok,0.9327454545454545,0.0363453125,ok,ue2_qfi1,0.4489795918367347,49,100.0,data,ok,0.0,ue4_qfi9,123.5,ok,30.4,ue5_qfi2,2,128.25,207.5,30.303,ok,33.0,,pending,,pending,,,,,2.0,,,16,,TwoTier,161576974,,,
ue16_qfi9,299.75,300.25,300.25,300.25,ok,0.7804068007046792,ok,ue5_qfi1,1,1,1,2966.75,data,ok,2.0,False,,proxy,3,0,ue5_qfi2,0.7066666666666667,150,150.0,ok,ue8_qfi2,148.519,ok,11,ok,16,ue5_qfi2,0.9187951999999999,ok,0.6921748799053435,proxy,5,0.6475111470247522,67646702.4,ok,0.00960909090909091,ok,0.9339636363636363,0.0394078125,ok,ue8_qfi1,0.3333333333333333,6,100.0,data,ok,0.0,ue7_qfi2,114.388,ok,21.6,ue5_qfi2,10,347.75,1738.0,30.303,ok,33.0,,pending,,pending,,,,,2.0,,,16,,PF,35492826,,,
ue15_qfi9,300.0,300.25,300.25,300.25,ok,0.8023635792596501,ok,ue8_qfi1,0,0,0,240.99999999999966,data,ok,2.0,False,,proxy,3,0,ue13_qfi2,0.0,148,150.0,ok,ue15_qfi2,66.635,ok,12,ok,16,ue13_qfi2,0.0,ok,0.6976152529532232,proxy,5,0.6711216980401301,65499891.2,ok,0.008704545454545454,ok,0.9315306818181818,0.2715125,ok,ue3_qfi1,0.3695652173913043,46,100.0,data,ok,0.0,ue15_qfi2,109.34200000000001,ok,30.2,ue2_qfi2,3,105.75,243.0,30.303,ok,33.0,,pending,,pending,,,,,2.0,,,16,,Reservation,35492826,,,
ue5_qfi9,189.0,300.0,300.25,300.25,ok,0.7914984504965705,ok,ue5_qfi1,0,0,0,328.4999999999998,data,ok,2.0,False,,proxy,3,0,ue6_qfi2,0.0,147,150.0,ok,ue5_qfi2,90.656,ok,5,ok,16,ue6_qfi2,0.0,ok,0.4639555487791829,proxy,5,0.4586570536757394,65874038.4,ok,0.009261363636363637,ok,0.9339852272727273,0.040909375,ok,ue5_qfi1,0.5,38,100.0,data,ok,0.0,ue5_qfi9,111.25,ok,30.0,ue5_qfi2,7,148.25,705.25,30.303,ok,33.0,,pending,,pending,,,,,2.0,,,16,,TwoTier,35492826,,,
ue16_qfi9,299.0,300.0,300.25,300.25,ok,0.7757862024043001,ok,ue13_qfi9,0,1,1,1940.0,data,ok,2.0,False,,proxy,3,0,ue16_qfi2,0.74,150,150.0,ok,ue16_qfi2,148.771,ok,14,ok,16,ue16_qfi2,0.9130624,ok,0.7157145388796942,proxy,5,0.6789045844046504,69283526.4,ok,0.0098,ok,0.9342284090909091,0.0370828125,ok,ue1_qfi1,0.37142857142857144,35,100.0,data,ok,0.0,ue8_qfi2,115.877,ok,22.4,ue16_qfi2,7,401.25,1360.5,30.303,ok,33.0,,pending,,pending,,,,,2.0,,,16,,PF,376383645,,,
ue13_qfi9,300.25,300.25,300.25,300.25,ok,0.809451572789838,ok,ue4_qfi1,0,0,0,194.74999999999997,data,ok,2.0,False,,proxy,3,0,ue12_qfi2,0.0,148,150.0,ok,ue13_qfi2,131.564,ok,11,ok,16,ue12_qfi2,0.0,ok,0.6446897209162248,proxy,5,0.6389271450781254,68357496.0,ok,0.008361363636363636,ok,0.9323011363636363,0.2104625,ok,ue3_qfi1,0.4489795918367347,49,100.0,data,ok,0.0,ue13_qfi2,124.54999999999998,ok,30.2,ue7_qfi2,1,78.5,78.5,30.303,ok,33.0,,pending,,pending,,,,,2.0,,,16,,Reservation,376383645,,,
ue5_qfi9,298.5,300.0,300.25,300.25,ok,0.7763095540467945,ok,ue5_qfi1,0,0,0,169.25,data,ok,2.0,False,,proxy,3,0,ue6_qfi2,0.0,147,150.0,ok,ue1_qfi2,26.486,ok,5,ok,16,ue6_qfi2,0.0,ok,0.4697474411554891,proxy,5,0.46779179078146393,70401387.2,ok,0.0083,ok,0.9336931818181818,0.0359703125,ok,ue5_qfi1,0.4897959183673469,49,100.0,data,ok,0.0,ue3_qfi9,109.5,ok,30.4,ue3_qfi2,3,88.75,246.5,30.303,ok,33.0,,pending,,pending,,,,,2.0,,,16,,TwoTier,376383645,,,
ue16_qfi9,299.5,300.25,300.25,300.25,ok,0.781741491747292,ok,ue9_qfi1,1,1,1,3455.0,data,ok,2.0,False,,proxy,3,0,ue5_qfi2,0.88,150,150.0,ok,ue4_qfi2,140.516,ok,14,ok,16,ue5_qfi2,0.924844,ok,0.6748738997185758,proxy,5,0.6076271796875231,67106860.8,ok,0.009938636363636363,ok,0.9331068181818182,0.0398828125,ok,ue9_qfi1,0.2727272727272727,11,100.0,data,ok,0.0,ue1_qfi2,119.76899999999999,ok,27.4,ue4_qfi2,5,219.5,631.0,30.303,ok,33.0,,pending,,pending,,,,,2.0,,,16,,PF,1746484539,,,
ue16_qfi9,300.25,300.25,300.25,300.25,ok,0.8068467500756192,ok,ue9_qfi9,0,0,0,446.25000000000006,data,ok,2.0,False,,proxy,3,0,ue15_qfi2,0.0,148,150.0,ok,ue16_qfi2,133.972,ok,9,ok,16,ue15_qfi2,0.0,ok,0.6745030884055071,proxy,5,0.6438671885641887,65214404.800000004,ok,0.008940909090909091,ok,0.9303852272727273,0.253990625,ok,ue14_qfi1,0.3,10,100.0,data,ok,0.0,ue12_qfi2,105.017,ok,30.2,ue2_qfi2,5,101.25,472.0,30.303,ok,33.0,,pending,,pending,,,,,2.0,,,16,,Reservation,1746484539,,,
ue5_qfi9,295.5,300.0,300.25,300.25,ok,0.7861412209923954,ok,ue5_qfi1,0,0,0,183.0,data,ok,2.0,False,,proxy,3,0,ue6_qfi2,0.0,148,150.0,ok,ue1_qfi2,30.828,ok,5,ok,16,ue6_qfi2,0.0,ok,0.46913717253594395,proxy,5,0.4641921123647312,67997774.4,ok,0.009947727272727273,ok,0.933675,0.03744375,ok,ue1_qfi1,0.4897959183673469,49,100.0,data,ok,0.0,ue5_qfi1,81.25,ok,30.4,ue5_qfi2,1,119.0,119.0,30.303,ok,33.0,,pending,,pending,,,,,2.0,,,16,,TwoTier,1746484539,,,
ue2_qfi2,132.5,148.171,149.516,150.1,ok,0.6244036227925378,ok,ue12_qfi82,0,0,0,98.50000000000003,data,ok,2.0,False,,proxy,3,0,ue6_qfi2,0.07432432432432433,148,150.0,ok,ue2_qfi2,150.228,ok,0,ok,24,ue6_qfi2,0.6357172,ok,0.4943292823613822,proxy,5,0.48481754499393087,68789684.8,ok,0.013247727272727272,ok,0.930825,0.0393390625,ok,ue1_qfi2,1.0,1122,150.0,data,ok,0.0,ue14_qfi2,19.715000000000003,ok,6.8,ue15_qfi2,14,1384.5,4195.5,30.303,ok,33.0,,pending,,pending,,,,,0.5,,,24,,PF,1826701614,,,
ue19_qfi9,298.5,300.0,300.25,300.25,ok,0.6421486712565523,ok,ue14_qfi1,0,0,0,455.5,data,ok,2.0,False,,proxy,3,0,ue16_qfi2,0.0,148,150.0,ok,ue14_qfi2,86.16,ok,15,ok,24,ue16_qfi2,0.0,ok,0.5959954193092918,proxy,5,0.5867013623045373,65979948.8,ok,0.017277272727272728,ok,0.9265113636363637,0.320178125,ok,ue6_qfi1,0.3333333333333333,39,100.0,data,ok,0.0,ue15_qfi2,101.199,ok,30.0,ue4_qfi2,12,141.25,985.25,30.303,ok,33.0,,pending,,pending,,,,,0.5,,,24,,Reservation,1826701614,,,
ue12_qfi9,290.0,299.75,300.0,300.25,ok,0.634798022205029,ok,ue6_qfi1,0,0,0,378.75,data,ok,2.0,False,,proxy,3,0,ue13_qfi2,0.0,147,150.0,ok,ue12_qfi2,70.736,ok,12,ok,24,ue13_qfi2,0.0,ok,0.5717536029869026,proxy,5,0.5678107948746444,67200531.2,ok,0.013363636363636364,ok,0.9303965909090909,0.04006875,ok,ue6_qfi1,0.4117647058823529,34,100.0,data,ok,0.0,ue11_qfi2,120.715,ok,30.4,ue9_qfi2,6,94.0,499.75,30.303,ok,33.0,,pending,,pending,,,,,0.5,,,24,,TwoTier,1826701614,,,
ue13_qfi2,132.431,148.856,149.897,150.194,ok,0.6229546083137182,ok,ue1_qfi82,0,0,0,55.749999999999744,data,ok,2.0,False,,proxy,3,0,ue5_qfi2,0.06756756756756757,148,150.0,ok,ue5_qfi2,150.164,ok,0,ok,24,ue5_qfi2,0.6587396,ok,0.4960437719800995,proxy,5,0.48647982450897265,68934872.0,ok,0.012668181818181818,ok,0.9312818181818182,0.039865625,ok,ue1_qfi2,1.0,1142,150.0,data,ok,0.0,ue1_qfi2,19.371999999999986,ok,7.6,ue23_qfi2,15,716.25,4066.0,30.303,ok,33.0,,pending,,pending,,,,,0.5,,,24,,PF,1367864806,,,
ue17_qfi9,299.0,300.25,300.25,300.25,ok,0.6383099834164623,ok,ue17_qfi9,0,1,1,1089.2500000000002,data,ok,2.0,False,,proxy,3,0,ue18_qfi2,0.0,147,150.0,ok,ue3_qfi2,135.526,ok,9,ok,24,ue18_qfi2,0.0,ok,0.569474894898703,proxy,5,0.5402367096713714,66252684.8,ok,0.017122727272727272,ok,0.9258545454545455,0.342765625,ok,ue10_qfi1,0.08,25,100.0,data,ok,0.0,ue10_qfi2,100.19200000000001,ok,29.8,ue11_qfi2,19,193.5,1844.25,30.303,ok,33.0,,pending,,pending,,,,,0.5,,,24,,Reservation,1367864806,,,
ue7_qfi9,294.5,299.75,300.0,300.25,ok,0.6301937263531021,ok,ue4_qfi9,1,1,1,2066.9999999999995,data,ok,2.0,False,,proxy,3,0,ue13_qfi2,0.0,147,150.0,ok,ue4_qfi2,121.934,ok,12,ok,24,ue13_qfi2,0.0,ok,0.5691274509450104,proxy,5,0.5644534487826902,67976046.4,ok,0.013079545454545455,ok,0.9311602272727273,0.040328125,ok,ue4_qfi1,0.38095238095238093,21,100.0,data,ok,0.0,ue4_qfi2,110.87,ok,29.6,ue4_qfi2,17,117.0,1472.0,30.303,ok,33.0,,pending,,pending,,,,,0.5,,,24,,TwoTier,1367864806,,,
ue5_qfi2,132.59,148.749,149.869,150.162,ok,0.6330280886029357,ok,ue1_qfi82,0,0,0,54.49999999999999,data,ok,2.0,False,,proxy,3,0,ue14_qfi2,0.060810810810810814,148,150.0,ok,ue22_qfi2,150.211,ok,0,ok,24,ue2_qfi2,0.6100844,ok,0.49273956179301664,proxy,5,0.48388341456567396,67145672.0,ok,0.014636363636363637,ok,0.9307340909090909,0.0414359375,ok,ue1_qfi2,1.0,1052,150.0,data,ok,0.0,ue3_qfi2,20.40700000000001,ok,9.0,ue23_qfi2,16,625.0,3873.0,30.303,ok,33.0,,pending,,pending,,,,,0.5,,,24,,PF,1097657231,,,
ue22_qfi9,299.0,300.0,300.25,300.25,ok,0.6468493328776665,ok,ue4_qfi9,0,1,2,1582.0,data,ok,2.0,False,,proxy,3,0,ue16_qfi2,0.0,147,150.0,ok,ue1_qfi2,143.102,ok,4,ok,24,ue16_qfi2,0.0,ok,0.5550159306582815,proxy,5,0.511304849058994,64651171.2,ok,0.01808409090909091,ok,0.9236602272727272,0.3544859375,ok,ue17_qfi1,0.08333333333333333,12,100.0,data,ok,0.0,ue3_qfi2,107.78200000000001,ok,29.6,ue9_qfi2,13,250.0,1437.0,30.303,ok,33.0,,pending,,pending,,,,,0.5,,,24,,Reservation,1097657231,,,
ue4_qfi9,100.0,293.5,297.5,298.75,ok,0.6586232721906606,ok,ue2_qfi1,0,0,0,181.99999999999994,data,ok,2.0,False,,proxy,3,0,ue9_qfi2,0.0,148,150.0,ok,ue6_qfi2,58.403,ok,6,ok,24,ue9_qfi2,0.0,ok,0.4994519175204128,proxy,5,0.4986217727089043,62733713.6,ok,0.01436590909090909,ok,0.9309056818181818,0.0441859375,ok,ue2_qfi1,0.46938775510204084,49,100.0,data,ok,0.0,ue4_qfi9,198.75,ok,30.2,ue7_qfi2,14,94.0,1044.75,30.303,ok,33.0,,pending,,pending,,,,,0.5,,,24,,TwoTier,1097657231,,,
ue5_qfi2,131.643,148.61,149.792,150.129,ok,0.6258090858754077,ok,ue5_qfi82,0,0,0,99.99999999999987,data,ok,2.0,False,,proxy,3,0,ue9_qfi2,0.06756756756756757,148,150.0,ok,ue5_qfi2,150.129,ok,0,ok,24,ue21_qfi2,0.6491204,ok,0.4933013911666051,proxy,5,0.4845095041525627,68603102.4,ok,0.013190909090909092,ok,0.9307136363636364,0.04051875,ok,ue1_qfi2,1.0,1177,150.0,data,ok,0.0,ue22_qfi2,22.673000000000016,ok,5.6,ue3_qfi2,14,894.25,4385.25,30.303,ok,33.0,,pending,,pending,,,,,0.5,,,24,,PF,579362555,,,
ue20_qfi9,299.5,300.0,300.25,300.25,ok,0.6400353974421428,ok,ue4_qfi9,1,1,2,2563.5000000000005,data,ok,2.0,False,,proxy,3,0,ue17_qfi2,0.0,148,150.0,ok,ue11_qfi2,138.073,ok,2,ok,24,ue17_qfi2,0.0,ok,0.5452947380054411,proxy,5,0.47489509982431516,65994992.0,ok,0.017752272727272728,ok,0.9232375,0.364821875,ok,ue9_qfi1,0.0,10,100.0,data,ok,0.0,ue12_qfi9,120.75,ok,24.4,ue1_qfi2,13,633.25,2309.25,30.303,ok,33.0,,pending,,pending,,,,,0.5,,,24,,Reservation,579362555,,,
ue12_qfi9,295.5,299.75,300.0,300.25,ok,0.633686762791859,ok,ue1_qfi1,0,0,0,370.7500000000001,data,ok,2.0,False,,proxy,3,0,ue13_qfi2,0.0,148,150.0,ok,ue8_qfi2,78.359,ok,12,ok,24,ue13_qfi2,0.0,ok,0.5725908620883178,proxy,5,0.5674287961197138,67449891.2,ok,0.013561363636363637,ok,0.9315181818181818,0.0404828125,ok,ue11_qfi1,0.3783783783783784,37,100.0,data,ok,0.0,ue10_qfi2,99.202,ok,30.2,ue11_qfi2,6,106.5,514.5,30.303,ok,33.0,,pending,,pending,,,,,0.5,,,24,,TwoTier,579362555,,,
ue17_qfi2,132.79,148.724,149.86,150.133,ok,0.630695896649628,ok,ue21_qfi82,0,0,0,54.50000000000002,data,ok,2.0,False,,proxy,3,0,ue5_qfi2,0.07432432432432433,148,150.0,ok,ue2_qfi2,150.197,ok,0,ok,24,ue19_qfi2,0.6409608,ok,0.49296315650763,proxy,5,0.48408937532968327,67572016.0,ok,0.013963636363636364,ok,0.93225,0.0418578125,ok,ue1_qfi2,1.0,1088,150.0,data,ok,0.0,ue11_qfi2,20.09099999999998,ok,8.4,ue13_qfi2,18,925.0,4115.0,30.303,ok,33.0,,pending,,pending,,,,,0.5,,,24,,PF,661058651,,,
ue16_qfi9,299.0,300.25,300.25,300.25,ok,0.642995453334351,ok,ue6_qfi9,0,0,1,726.9999999999999,data,ok,2.0,False,,proxy,3,0,ue17_qfi2,0.0,147,150.0,ok,ue10_qfi2,114.85,ok,13,ok,24,ue17_qfi2,0.0,ok,0.5842558591958793,proxy,5,0.5626893641603834,65635004.8,ok,0.01795,ok,0.9246204545454545,0.336821875,ok,ue15_qfi1,0.23333333333333334,30,100.0,data,ok,0.0,ue6_qfi2,102.844,ok,30.2,ue15_qfi2,14,124.75,1256.0,30.303,ok,33.0,,pending,,pending,,,,,0.5,,,24,,Reservation,661058651,,,
ue12_qfi9,296.5,300.0,300.0,300.25,ok,0.6292418037129046,ok,ue6_qfi1,0,0,0,496.9999999999999,data,ok,2.0,False,,proxy,3,0,ue13_qfi2,0.0,147,150.0,ok,ue12_qfi2,80.536,ok,10,ok,24,ue13_qfi2,0.0,ok,0.5713530298160381,proxy,5,0.5615222559215053,68069542.4,ok,0.014013636363636364,ok,0.9326386363636363,0.0400046875,ok,ue6_qfi1,0.36363636363636365,33,100.0,data,ok,0.0,ue8_qfi9,139.0,ok,30.4,ue3_qfi2,7,124.25,611.75,30.303,ok,33.0,,pending,,pending,,,,,0.5,,,24,,TwoTier,661058651,,,
ue3_qfi2,131.941,148.563,149.953,150.052,ok,0.6365770900288018,ok,ue1_qfi82,0,0,0,54.49999999999999,data,ok,2.0,False,,proxy,3,0,ue10_qfi2,0.060810810810810814,148,150.0,ok,ue15_qfi2,150.187,ok,0,ok,24,ue10_qfi2,0.618146,ok,0.4919412067586337,proxy,5,0.4823528194089866,66411756.8,ok,0.014043181818181818,ok,0.9325522727272727,0.042140625,ok,ue1_qfi2,1.0,989,150.0,data,ok,0.0,ue13_qfi2,18.826999999999998,ok,6.2,ue18_qfi2,14,790.25,4295.25,30.303,ok,33.0,,pending,,pending,,,,,0.5,,,24,,PF,87989972,,,
ue24_qfi9,298.5,300.0,300.0,300.25,ok,0.6500735841167397,ok,ue1_qfi1,0,1,1,1753.0,data,ok,2.0,False,,proxy,3,0,ue17_qfi2,0.0,147,150.0,ok,ue9_qfi2,147.883,ok,1,ok,24,ue17_qfi2,0.0,ok,0.5174744199155861,proxy,5,0.441204416380666,63743995.199999996,ok,0.018436363636363636,ok,0.9189238636363637,0.3744515625,ok,ue24_qfi1,0.0,3,100.0,data,ok,0.0,ue8_qfi9,135.25,ok,26.2,ue3_qfi2,12,313.75,1611.0,30.303,ok,33.0,,pending,,pending,,,,,0.5,,,24,,Reservation,87989972,,,
ue6_qfi9,293.25,299.5,300.0,300.25,ok,0.648300742223628,ok,ue12_qfi1,0,0,0,372.2499999999998,data,ok,2.0,False,,proxy,3,0,ue13_qfi2,0.0,148,150.0,ok,ue12_qfi2,85.078,ok,12,ok,24,ue13_qfi2,0.0,ok,0.5679798481640402,proxy,5,0.5607885722489894,64495360.0,ok,0.013606818181818182,ok,0.9324897727272727,0.0434390625,ok,ue12_qfi1,0.40540540540540543,37,100.0,data,ok,0.0,ue11_qfi2,98.71600000000001,ok,30.4,ue12_qfi2,10,105.5,954.5,30.303,ok,33.0,,pending,,pending,,,,,0.5,,,24,,TwoTier,87989972,,,
ue22_qfi2,132.636,148.476,149.84,150.136,ok,0.6378416381523514,ok,ue3_qfi82,0,0,0,99.99999999999987,data,ok,2.0,False,,proxy,3,0,ue11_qfi2,0.060810810810810814,148,150.0,ok,ue18_qfi2,150.16,ok,0,ok,24,ue13_qfi2,0.6046012,ok,0.49025894790815583,proxy,5,0.48275654730196926,66423158.4,ok,0.014018181818181819,ok,0.9326659090909091,0.0425578125,ok,ue1_qfi2,1.0,1075,150.0,data,ok,0.0,ue2_qfi2,20.109999999999985,ok,7.8,ue21_qfi2,15,1061.5,3916.5,30.303,ok,33.0,,pending,,pending,,,,,0.5,,,24,,PF,161576974,,,
ue21_qfi9,298.75,300.0,300.25,300.25,ok,0.6509357002087571,ok,ue14_qfi1,0,0,1,701.7500000000006,data,ok,2.0,False,,proxy,3,0,ue16_qfi2,0.0,147,150.0,ok,ue1_qfi2,141.373,ok,13,ok,24,ue16_qfi2,0.0,ok,0.5654660341409,proxy,5,0.5069913641310586,64099900.8,ok,0.018395454545454545,ok,0.9233625,0.3406625,ok,ue13_qfi1,0.125,24,100.0,data,ok,0.0,ue13_qfi2,104.243,ok,30.2,ue2_qfi2,17,143.0,1528.25,30.303,ok,33.0,,pending,,pending,,,,,0.5,,,24,,Reservation,161576974,,,
ue7_qfi9,19.5,43.25,50.0,65.0,ok,0.6980162287070847,ok,ue5_qfi1,0,0,0,117.75000000000001,data,ok,2.0,False,,proxy,3,0,ue8_qfi2,0.0,147,150.0,ok,ue7_qfi2,29.173,ok,7,ok,24,ue8_qfi2,0.0,ok,0.4687047527598348,proxy,5,0.46868789645763426,55658640.0,ok,0.014463636363636364,ok,0.9325511363636364,0.0424078125,ok,ue4_qfi1,0.4489795918367347,49,100.0,data,ok,0.0,ue7_qfi9,45.5,ok,30.4,ue7_qfi2,1,72.25,72.25,30.303,ok,33.0,,pending,,pending,,,,,0.5,,,24,,TwoTier,161576974,,,
ue17_qfi2,132.576,148.835,149.694,150.143,ok,0.6256645062501889,ok,ue23_qfi82,0,0,0,101.4999999999997,data,ok,2.0,False,,proxy,3,0,ue10_qfi2,0.060810810810810814,148,150.0,ok,ue6_qfi2,150.25,ok,0,ok,24,ue20_qfi2,0.6421988000000001,ok,0.49444686254226966,proxy,5,0.48518854712563775,68615988.8,ok,0.013045454545454546,ok,0.9340011363636364,0.0398140625,ok,ue23_qfi82,0.9897959183673469,98,100.0,data,ok,0.0,ue21_qfi2,22.98299999999999,ok,7.0,ue23_qfi2,14,797.0,4106.25,30.303,ok,33.0,,pending,,pending,,,,,0.5,,,24,,PF,35492826,,,
ue20_qfi9,298.75,300.25,300.25,300.25,ok,0.6409478521257731,ok,ue10_qfi9,0,0,1,690.9999999999999,data,ok,2.0,False,,proxy,3,0,ue16_qfi2,0.0,147,150.0,ok,ue6_qfi2,85.461,ok,16,ok,24,ue16_qfi2,0.0,ok,0.5922279284647601,proxy,5,0.5720733748549863,66166195.2,ok,0.01668409090909091,ok,0.9271795454545455,0.328290625,ok,ue3_qfi1,0.2857142857142857,35,100.0,data,ok,0.0,ue10_qfi2,96.201,ok,30.2,ue11_qfi2,14,121.0,1122.0,30.303,ok,33.0,,pending,,pending,,,,,0.5,,,24,,Reservation,35492826,,,
ue10_qfi9,293.25,299.75,300.0,300.25,ok,0.6289647136049358,ok,ue10_qfi1,0,0,0,428.99999999999983,data,ok,2.0,False,,proxy,3,0,ue13_qfi2,0.0,147,150.0,ok,ue3_qfi2,81.896,ok,12,ok,24,ue13_qfi2,0.0,ok,0.577147771507569,proxy,5,0.5692515294964334,68357777.6,ok,0.013318181818181818,ok,0.9343397727272728,0.039109375,ok,ue2_qfi1,0.4222222222222222,45,100.0,data,ok,0.0,ue8_qfi2,114.08300000000001,ok,30.2,ue2_qfi2,7,109.25,606.0,30.303,ok,33.0,,pending,,pending,,,,,0.5,,,24,,TwoTier,35492826,,,
ue9_qfi2,132.515,149.095,149.785,150.113,ok,0.6247123671229433,ok,ue6_qfi82,0,0,0,55.499999999999886,data,ok,2.0,False,,proxy,3,0,ue18_qfi2,0.06756756756756757,148,150.0,ok,ue9_qfi2,150.241,ok,0,ok,24,ue18_qfi2,0.6428964,ok,0.49477220859177623,proxy,5,0.4853752395147144,68663422.4,ok,0.014168181818181818,ok,0.9331079545454546,0.04019375,ok,ue1_qfi2,1.0,1297,150.0,data,ok,0.0,ue22_qfi2,21.455,ok,7.6,ue23_qfi2,17,637.0,4113.75,30.303,ok,33.0,,pending,,pending,,,,,0.5,,,24,,PF,376383645,,,
ue22_qfi9,298.25,300.25,300.25,300.25,ok,0.6374686913278245,ok,ue15_qfi1,0,0,0,397.25000000000057,data,ok,2.0,False,,proxy,3,0,ue16_qfi2,0.0,147,150.0,ok,ue22_qfi2,93.881,ok,14,ok,24,ue16_qfi2,0.0,ok,0.5988624439522429,proxy,5,0.5853190059529838,66726347.2,ok,0.017004545454545456,ok,0.9269659090909091,0.3175515625,ok,ue8_qfi1,0.2972972972972973,37,100.0,data,ok,0.0,ue22_qfi2,100.09899999999999,ok,30.0,ue2_qfi2,13,94.75,997.25,30.303,ok,33.0,,pending,,pending,,,,,0.5,,,24,,Reservation,376383645,,,
ue3_qfi9,291.75,299.75,300.0,300.25,ok,0.6277100542938274,ok,ue9_qfi1,0,0,0,334.00000000000006,data,ok,2.0,False,,proxy,3,0,ue13_qfi2,0.0,147,150.0,ok,ue12_qfi2,78.555,ok,12,ok,24,ue13_qfi2,0.0,ok,0.5786998485178723,proxy,5,0.5717865128517138,68334481.6,ok,0.013706818181818181,ok,0.9345204545454545,0.0392796875,ok,ue12_qfi1,0.40540540540540543,37,100.0,data,ok,0.0,ue12_qfi2,115.495,ok,30.4,ue6_qfi2,7,102.0,587.0,30.303,ok,33.0,,pending,,pending,,,,,0.5,,,24,,TwoTier,376383645,,,
ue9_qfi2,132.354,148.716,149.771,150.07,ok,0.6295621447609095,ok,ue1_qfi82,0,0,0,99.99999999999997,data,ok,2.0,False,,proxy,3,0,ue15_qfi2,0.05405405405405406,148,150.0,ok,ue18_qfi2,150.241,ok,0,ok,24,ue6_qfi2,0.6177148,ok,0.4930879261205261,proxy,5,0.48403424243954724,67833315.2,ok,0.013206818181818182,ok,0.9337,0.04143125,ok,ue1_qfi2,1.0,1081,150.0,data,ok,0.0,ue16_qfi2,22.50200000000001,ok,8.0,ue21_qfi2,15,702.0,3945.25,30.303,ok,33.0,,pending,,pending,,,,,0.5,,,24,,PF,1746484539,,,
ue22_qfi9,300.0,300.25,300.25,300.25,ok,0.640157387646848,ok,ue10_qfi1,1,1,1,2744.5000000000005,data,ok,2.0,False,,proxy,3,0,ue17_qfi2,0.0,147,150.0,ok,ue1_qfi2,149.5,ok,0,ok,24,ue17_qfi2,0.0,ok,0.5187962732646525,proxy,5,0.4446137627907614,65828353.6,ok,0.01790909090909091,ok,0.9224034090909091,0.360603125,ok,ue22_qfi1,0.0,2,100.0,data,ok,0.0,ue13_qfi2,99.244,ok,21.8,ue1_qfi2,19,496.5,2400.5,30.303,ok,33.0,,pending,,pending,,,,,0.5,,,24,,Reservation,1746484539,,,
ue9_qfi9,293.5,299.75,300.0,300.25,ok,0.6398919310164095,ok,ue7_qfi1,0,0,0,368.7499999999999,data,ok,2.0,False,,proxy,3,0,ue13_qfi2,0.0,147,150.0,ok,ue9_qfi2,70.763,ok,12,ok,24,ue13_qfi2,0.0,ok,0.5707387163390244,proxy,5,0.56356094704516,66247984.0,ok,0.013468181818181818,ok,0.9324102272727273,0.042234375,ok,ue9_qfi1,0.3333333333333333,33,100.0,data,ok,0.0,ue7_qfi1,83.75,ok,30.4,ue10_qfi2,8,110.25,745.0,30.303,ok,33.0,,pending,,pending,,,,,0.5,,,24,,TwoTier,1746484539,,,
ue1_qfi2,130.971,148.546,149.729,150.08,ok,0.7036005710689832,ok,ue22_qfi82,0,0,0,55.749999999999744,data,ok,2.0,False,,proxy,3,0,ue7_qfi2,0.060810810810810814,148,150.0,ok,ue10_qfi2,150.2,ok,0,ok,24,ue7_qfi2,0.6336596,ok,0.49371862639492353,proxy,5,0.48434060534290674,67639816.0,ok,0.013486363636363637,ok,0.9306056818181818,0.0407328125,ok,ue1_qfi2,1.0,1181,150.0,data,ok,0.0,ue6_qfi2,19.270999999999987,ok,4.8,ue14_qfi2,14,1172.75,4526.0,30.303,ok,33.0,,pending,,pending,,,,,0.75,,,24,,PF,1826701614,,,
ue19_qfi9,299.5,300.25,300.25,300.25,ok,0.7178361912564097,ok,ue6_qfi9,0,0,1,556.7500000000001,data,ok,2.0,False,,proxy,3,0,ue16_qfi2,0.0,148,150.0,ok,ue6_qfi2,121.569,ok,14,ok,24,ue16_qfi2,0.0,ok,0.5717243536860099,proxy,5,0.540618548644066,64795283.2,ok,0.01747272727272727,ok,0.9237454545454545,0.334453125,ok,ue7_qfi1,0.15384615384615385,26,100.0,data,ok,0.0,ue6_qfi2,104.976,ok,30.2,ue2_qfi2,16,145.75,1510.25,30.303,ok,33.0,,pending,,pending,,,,,0.75,,,24,,Reservation,1826701614,,,
ue11_qfi9,297.25,300.0,300.25,300.25,ok,0.7108075090556946,ok,ue7_qfi1,0,0,0,472.75,data,ok,2.0,False,,proxy,3,0,ue13_qfi2,0.0,147,150.0,ok,ue10_qfi2,88.048,ok,12,ok,24,ue13_qfi2,0.0,ok,0.5508531702618169,proxy,5,0.5420250357953413,66443892.8,ok,0.012981818181818181,ok,0.9296625,0.0405828125,ok,ue4_qfi1,0.40540540540540543,37,100.0,data,ok,0.0,ue8_qfi2,110.604,ok,30.4,ue3_qfi2,7,101.0,560.75,30.303,ok,33.0,,pending,,pending,,,,,0.75,,,24,,TwoTier,1826701614,,,
ue24_qfi2,132.696,148.917,149.704,150.12,ok,0.7036982770632909,ok,ue6_qfi82,0,0,0,54.49999999999999,data,ok,2.0,False,,proxy,3,0,ue8_qfi2,0.060810810810810814,148,150.0,ok,ue24_qfi2,150.202,ok,0,ok,24,ue3_qfi2,0.6511956,ok,0.49447552440678183,proxy,5,0.4839961260863072,67637910.4,ok,0.013165909090909091,ok,0.9308840909090909,0.04131875,ok,ue1_qfi2,1.0,1223,150.0,data,ok,0.0,ue6_qfi2,19.786,ok,7.6,ue1_qfi2,17,559.75,4142.75,30.303,ok,33.0,,pending,,pending,,,,,0.75,,,24,,PF,1367864806,,,
ue23_qfi9,299.75,300.25,300.25,300.25,ok,0.7155341818524216,ok,ue18_qfi9,1,1,1,2217.5000000000005,data,ok,2.0,False,,proxy,3,0,ue14_qfi2,0.0,147,150.0,ok,ue2_qfi2,142.782,ok,0,ok,24,ue14_qfi2,0.0,ok,0.5529310689385736,proxy,5,0.537411539934463,64962944.0,ok,0.0178,ok,0.9204829545454546,0.3711515625,ok,ue7_qfi1,0.07142857142857142,14,100.0,data,ok,0.0,ue3_qfi9,124.25,ok,28.2,ue1_qfi2,16,248.75,1808.25,30.303,ok,33.0,,pending,,pending,,,,,0.75,,,24,,Reservation,1367864806,,,
ue12_qfi9,298.0,300.0,300.25,300.25,ok,0.711251478686195,ok,ue12_qfi1,0,0,0,381.7500000000002,data,ok,2.0,False,,proxy,3,0,ue13_qfi2,0.0,147,150.0,ok,ue12_qfi2,78.897,ok,11,ok,24,ue13_qfi2,0.0,ok,0.5532652831682758,proxy,5,0.5492410066373205,66389411.2,ok,0.013336363636363636,ok,0.9305056818181818,0.041621875,ok,ue12_qfi1,0.3783783783783784,37,100.0,data,ok,0.0,ue7_qfi2,101.559,ok,30.2,ue2_qfi2,9,124.0,816.75,30.303,ok,33.0,,pending,,pending,,,,,0.75,,,24,,TwoTier,1367864806,,,
ue5_qfi2,132.836,148.798,149.704,150.149,ok,0.7053600561009719,ok,ue7_qfi82,0,0,0,54.24999999999991,data,ok,2.0,False,,proxy,3,0,ue2_qfi2,0.06756756756756757,148,150.0,ok,ue19_qfi2,150.234,ok,0,ok,24,ue2_qfi2,0.6048956,ok,0.4929838875441197,proxy,5,0.48388433488123284,67288801.6,ok,0.014493181818181818,ok,0.9310261363636364,0.0418328125,ok,ue1_qfi2,1.0,1146,150.0,data,ok,0.0,ue14_qfi2,20.025999999999982,ok,7.6,ue15_qfi2,15,867.5,4076.75,30.303,ok,33.0,,pending,,pending,,,,,0.75,,,24,,PF,1097657231,,,
ue17_qfi9,300.0,300.25,300.25,300.25,ok,0.7145559212206598,ok,ue2_qfi1,1,1,1,3300.000000000001,data,ok,2.0,False,,proxy,3,0,ue19_qfi2,0.0,148,150.0,ok,ue18_qfi2,149.865,ok,1,ok,24,ue19_qfi2,0.0,ok,0.5151323359415655,proxy,5,0.4409737059831149,65261667.2,ok,0.018331818181818182,ok,0.9227761363636363,0.364028125,ok,ue17_qfi1,0.0,1,100.0,data,ok,0.0,ue14_qfi2,97.25400000000002,ok,22.2,ue11_qfi2,14,790.25,2200.75,30.303,ok,33.0,,pending,,pending,,,,,0.75,,,24,,Reservation,1097657231,,,
ue11_qfi9,288.5,299.75,300.0,300.25,ok,0.713767684339459,ok,ue5_qfi1,0,0,0,325.5000000000001,data,ok,2.0,False,,proxy,3,0,ue13_qfi2,0.0,147,150.0,ok,ue10_qfi2,85.0,ok,12,ok,24,ue13_qfi2,0.0,ok,0.5498380977859888,proxy,5,0.5463795562701368,65750980.800000004,ok,0.014211363636363637,ok,0.9315295454545455,0.041775,ok,ue2_qfi1,0.3783783783783784,37,100.0,data,ok,0.0,ue11_qfi2,118.137,ok,30.4,ue3_qfi2,11,105.25,993.5,30.303,ok,33.0,,pending,,pending,,,,,0.75,,,24,,TwoTier,1097657231,,,
ue13_qfi2,132.84,148.831,149.84,150.157,ok,0.7046165435665271,ok,ue19_qfi82,0,0,0,55.749999999999744,data,ok,2.0,False,,proxy,3,0,ue23_qfi2,0.07432432432432433,148,150.0,ok,ue5_qfi2,150.208,ok,0,ok,24,ue22_qfi2,0.6439744000000001,ok,0.4920534017237902,proxy,5,0.4836393233770274,67515038.4,ok,0.014343181818181817,ok,0.9314977272727273,0.04175625,ok,ue1_qfi2,1.0,1157,150.0,data,ok,0.0,ue7_qfi2,21.326000000000008,ok,9.4,ue16_qfi2,20,591.25,3884.0,30.303,ok,33.0,,pending,,pending,,,,,0.75,,,24,,PF,579362555,,,
ue19_qfi9,300.0,300.25,300.25,300.25,ok,0.7136877626424352,ok,ue9_qfi9,0,1,2,1878.5,data,ok,2.0,False,,proxy,3,0,ue20_qfi2,0.0,148,150.0,ok,ue17_qfi2,146.576,ok,1,ok,24,ue20_qfi2,0.0,ok,0.5446957263682618,proxy,5,0.49975580328974145,65372705.6,ok,0.018361363636363637,ok,0.921825,0.3670609375,ok,ue13_qfi1,0.16666666666666666,12,100.0,data,ok,0.0,ue16_qfi2,99.552,ok,28.4,ue10_qfi2,14,212.5,1608.75,30.303,ok,33.0,,pending,,pending,,,,,0.75,,,24,,Reservation,579362555,,,
ue12_qfi9,297.25,300.0,300.25,300.25,ok,0.7059801849133358,ok,ue3_qfi1,0,0,0,352.50000000000006,data,ok,2.0,False,,proxy,3,0,ue13_qfi2,0.0,147,150.0,ok,ue8_qfi2,76.025,ok,12,ok,24,ue13_qfi2,0.0,ok,0.5522089416198293,proxy,5,0.5399408912040112,67614433.6,ok,0.013977272727272727,ok,0.9315715909090909,0.040796875,ok,ue8_qfi1,0.3548387096774194,31,100.0,data,ok,0.0,ue11_qfi2,104.761,ok,30.4,ue7_qfi2,9,92.25,753.0,30.303,ok,33.0,,pending,,pending,,,,,0.75,,,24,,TwoTier,579362555,,,
ue13_qfi2,132.957,149.164,150.012,150.158,ok,0.6985510320534895,ok,ue10_qfi82,0,0,0,54.50000000000002,data,ok,2.0,False,,proxy,3,0,ue13_qfi2,0.06756756756756757,148,150.0,ok,ue3_qfi2,150.25,ok,0,ok,24,ue17_qfi2,0.603646,ok,0.4941798155541002,proxy,5,0.4845742652707903,68896897.6,ok,0.013415909090909091,ok,0.932340909090909,0.039103125,ok,ue1_qfi2,1.0,1085,150.0,data,ok,0.0,ue8_qfi2,33.691,ok,8.6,ue16_qfi2,17,1026.0,3926.5,30.303,ok,33.0,,pending,,pending,,,,,0.75,,,24,,PF,661058651,,,
ue24_qfi9,299.5,300.25,300.25,300.25,ok,0.7076854325600491,ok,ue24_qfi1,0,0,1,795.2500000000002,data,ok,2.0,False,,proxy,3,0,ue17_qfi2,0.0,147,150.0,ok,ue24_qfi2,127.436,ok,8,ok,24,ue17_qfi2,0.0,ok,0.5810857376445033,proxy,5,0.560576098516289,67043513.6,ok,0.016656818181818182,ok,0.9282840909090909,0.3277796875,ok,ue15_qfi1,0.20689655172413793,29,100.0,data,ok,0.0,ue8_qfi2,103.76200000000001,ok,29.2,ue16_qfi2,17,281.75,1694.0,30.303,ok,33.0,,pending,,pending,,,,,0.75,,,24,,Reservation,661058651,,,
ue11_qfi9,298.5,300.0,300.25,300.25,ok,0.6937289395930527,ok,ue10_qfi1,0,0,0,343.99999999999943,data,ok,2.0,False,,proxy,3,0,ue13_qfi2,0.0,147,150.0,ok,ue7_qfi2,71.853,ok,11,ok,24,ue13_qfi2,0.0,ok,0.5580087545503262,proxy,5,0.5526845426144363,70377756.8,ok,0.013579545454545455,ok,0.9324113636363637,0.036709375,ok,ue5_qfi1,0.4186046511627907,43,100.0,data,ok,0.0,ue8_qfi2,112.697,ok,30.4,ue4_qfi2,5,105.5,419.75,30.303,ok,33.0,,pending,,pending,,,,,0.75,,,24,,TwoTier,661058651,,,
ue3_qfi2,130.459,148.421,149.807,150.152,ok,0.7038559030306191,ok,ue23_qfi82,0,0,0,54.49999999999999,data,ok,2.0,False,,proxy,3,0,ue9_qfi2,0.08108108108108109,148,150.0,ok,ue15_qfi2,150.25,ok,0,ok,24,ue21_qfi2,0.6454856,ok,0.49310312072695284,proxy,5,0.48351675807659905,67654947.2,ok,0.013302272727272727,ok,0.9325375,0.0405421875,ok,ue1_qfi2,1.0,1052,150.0,data,ok,0.0,ue3_qfi2,19.692999999999984,ok,5.6,ue13_qfi2,13,829.25,4327.5,30.303,ok,33.0,,pending,,pending,,,,,0.75,,,24,,PF,87989972,,,
ue19_qfi9,298.5,300.0,300.25,300.25,ok,0.7118534495976739,ok,ue9_qfi9,0,0,0,433.50000000000045,data,ok,2.0,False,,proxy,3,0,ue17_qfi2,0.0,147,150.0,ok,ue19_qfi2,135.238,ok,10,ok,24,ue17_qfi2,0.0,ok,0.5923620383897574,proxy,5,0.5764459353767515,66395660.8,ok,0.018420454545454545,ok,0.9295181818181818,0.325153125,ok,ue15_qfi1,0.34210526315789475,38,100.0,data,ok,0.0,ue14_qfi2,101.33300000000001,ok,30.4,ue10_qfi2,10,121.75,831.25,30.303,ok,33.0,,pending,,pending,,,,,0.75,,,24,,Reservation,87989972,,,
ue12_qfi9,282.75,299.75,300.0,300.25,ok,0.7068184461493489,ok,ue2_qfi1,0,0,0,344.75,data,ok,2.0,False,,proxy,3,0,ue13_qfi2,0.0,147,150.0,ok,ue11_qfi2,145.888,ok,11,ok,24,ue13_qfi2,0.0,ok,0.5438026697642215,proxy,5,0.5386094370941169,67359817.6,ok,0.014279545454545454,ok,0.9319602272727273,0.039521875,ok,ue6_qfi1,0.4,40,100.0,data,ok,0.0,ue12_qfi2,114.26,ok,27.0,ue11_qfi2,31,100.25,2709.0,30.303,ok,33.0,,pending,,pending,,,,,0.75,,,24,,TwoTier,87989972,,,
ue20_qfi2,131.448,148.793,149.625,150.117,ok,0.7059508905362073,ok,ue16_qfi82,0,0,0,54.25000000000013,data,ok,2.0,False,,proxy,3,0,ue5_qfi2,0.060810810810810814,148,150.0,ok,ue20_qfi2,150.222,ok,0,ok,24,ue1_qfi2,0.642252,ok,0.4917780894649235,proxy,5,0.48400077461970636,67143363.2,ok,0.013534090909090909,ok,0.93285,0.042303125,ok,ue1_qfi2,1.0,1006,150.0,data,ok,0.0,ue14_qfi2,18.867999999999995,ok,6.2,ue12_qfi2,13,1344.75,4190.0,30.303,ok,33.0,,pending,,pending,,,,,0.75,,,24,,PF,161576974,,,
ue20_qfi9,300.0,300.25,300.25,300.25,ok,0.7168176766068655,ok,ue3_qfi9,1,1,3,2109.0,data,ok,2.0,False,,proxy,3,0,ue16_qfi2,0.0,147,150.0,ok,ue18_qfi2,148.5,ok,0,ok,24,ue16_qfi2,0.0,ok,0.5416098189864128,proxy,5,0.4966793484812536,64622505.6,ok,0.018365909090909092,ok,0.9188647727272727,0.3828203125,ok,ue5_qfi1,0.0,10,100.0,data,ok,0.0,ue1_qfi9,221.5,ok,27.4,ue18_qfi2,12,255.0,1468.5,30.303,ok,33.0,,pending,,pending,,,,,0.75,,,24,,Reservation,161576974,,,
ue12_qfi9,295.75,300.0,300.0,300.25,ok,0.7091807902746619,ok,ue2_qfi1,0,0,0,407.0,data,ok,2.0,False,,proxy,3,0,ue13_qfi2,0.0,147,150.0,ok,ue12_qfi2,95.82,ok,12,ok,24,ue13_qfi2,0.0,ok,0.5537153541890886,proxy,5,0.5479625507605537,66836854.4,ok,0.01406590909090909,ok,0.9323954545454546,0.0418296875,ok,ue1_qfi1,0.3783783783783784,37,100.0,data,ok,0.0,ue11_qfi2,115.84299999999999,ok,30.4,ue4_qfi2,8,107.25,750.25,30.303,ok,33.0,,pending,,pending,,,,,0.75,,,24,,TwoTier,161576974,,,
ue4_qfi2,132.655,148.595,149.716,150.146,ok,0.7032296575544811,ok,ue8_qfi82,0,0,0,54.50000000000088,data,ok,2.0,False,,proxy,3,0,ue20_qfi2,0.07432432432432433,148,150.0,ok,ue19_qfi2,150.221,ok,0,ok,24,ue18_qfi2,0.649236,ok,0.49375798617615374,proxy,5,0.4839533206870644,67770934.4,ok,0.013452272727272728,ok,0.9340272727272727,0.04101875,ok,ue1_qfi2,1.0,1247,150.0,data,ok,0.0,ue1_qfi2,18.771000000000015,ok,5.0,ue23_qfi2,13,1786.5,4501.25,30.303,ok,33.0,,pending,,pending,,,,,0.75,,,24,,PF,35492826,,,
ue16_qfi9,299.75,300.25,300.25,300.25,ok,0.7159493962010721,ok,ue12_qfi1,0,0,0,429.7500000000003,data,ok,2.0,False,,proxy,3,0,ue17_qfi2,0.0,148,150.0,ok,ue16_qfi2,125.0,ok,15,ok,24,ue17_qfi2,0.0,ok,0.5855109383560093,proxy,5,0.5795018764338593,65815827.2,ok,0.017454545454545455,ok,0.9270409090909091,0.3220015625,ok,ue16_qfi1,0.2,10,100.0,data,ok,0.0,ue16_qfi2,100.86699999999999,ok,30.2,ue11_qfi2,11,98.0,820.0,30.303,ok,33.0,,pending,,pending,,,,,0.75,,,24,,Reservation,35492826,,,
ue11_qfi9,288.0,299.75,300.0,300.25,ok,0.7061827414717744,ok,ue7_qfi9,0,0,0,362.5000000000007,data,ok,2.0,False,,proxy,3,0,ue13_qfi2,0.0,147,150.0,ok,ue7_qfi2,81.528,ok,11,ok,24,ue13_qfi2,0.0,ok,0.5534811202953641,proxy,5,0.5461242352576583,67522347.2,ok,0.013188636363636364,ok,0.9347795454545454,0.039890625,ok,ue3_qfi1,0.37142857142857144,35,100.0,data,ok,0.0,ue9_qfi2,109.85300000000001,ok,30.4,ue12_qfi2,8,97.75,646.75,30.303,ok,33.0,,pending,,pending,,,,,0.75,,,24,,TwoTier,35492826,,,
ue8_qfi2,132.66,148.525,149.5,150.123,ok,0.6981975827942152,ok,ue18_qfi82,0,0,0,100.00000000000009,data,ok,2.0,False,,proxy,3,0,ue22_qfi2,0.07432432432432433,148,150.0,ok,ue7_qfi2,150.118,ok,0,ok,24,ue21_qfi2,0.647094,ok,0.49516211453980913,proxy,5,0.4866001567382317,69005300.8,ok,0.013425,ok,0.9337829545454546,0.0390921875,ok,ue18_qfi82,0.9897959183673469,98,100.0,data,ok,0.0,ue6_qfi2,23.599000000000018,ok,6.4,ue7_qfi2,15,858.75,4236.25,30.303,ok,33.0,,pending,,pending,,,,,0.75,,,24,,PF,376383645,,,
ue17_qfi9,299.5,300.25,300.25,300.25,ok,0.7099448844234352,ok,ue2_qfi1,0,0,0,433.49999999999955,data,ok,2.0,False,,proxy,3,0,ue15_qfi2,0.0,147,150.0,ok,ue2_qfi2,99.875,ok,13,ok,24,ue15_qfi2,0.0,ok,0.5935067047849294,proxy,5,0.577756558966068,66884276.8,ok,0.0169,ok,0.9284113636363637,0.319684375,ok,ue1_qfi1,0.35714285714285715,42,100.0,data,ok,0.0,ue2_qfi2,74.074,ok,30.2,ue11_qfi2,13,94.0,1000.75,30.303,ok,33.0,,pending,,pending,,,,,0.75,,,24,,Reservation,376383645,,,
ue12_qfi9,286.25,299.75,300.0,300.25,ok,0.700177596201973,ok,ue9_qfi1,0,0,0,332.5,data,ok,2.0,False,,proxy,3,0,ue13_qfi2,0.0,147,150.0,ok,ue11_qfi2,92.75,ok,12,ok,24,ue13_qfi2,0.0,ok,0.5546664978752756,proxy,5,0.5451310405150285,68923320.0,ok,0.01399090909090909,ok,0.9339954545454545,0.0382734375,ok,ue11_qfi1,0.3333333333333333,30,100.0,data,ok,0.0,ue10_qfi2,112.146,ok,30.4,ue11_qfi2,8,106.5,673.75,30.303,ok,33.0,,pending,,pending,,,,,0.75,,,24,,TwoTier,376383645,,,
ue18_qfi2,132.445,148.585,149.819,150.089,ok,0.7023874253210651,ok,ue19_qfi82,0,0,0,99.99999999999997,data,ok,2.0,False,,proxy,3,0,ue2_qfi2,0.08108108108108109,148,150.0,ok,ue22_qfi2,150.25,ok,0,ok,24,ue6_qfi2,0.6296548000000001,ok,0.49368643420485137,proxy,5,0.4851093054542895,67995217.6,ok,0.013056818181818182,ok,0.9337454545454545,0.0403734375,ok,ue1_qfi2,1.0,1236,150.0,data,ok,0.0,ue1_qfi2,19.07499999999999,ok,6.4,ue12_qfi2,15,723.25,4317.25,30.303,ok,33.0,,pending,,pending,,,,,0.75,,,24,,PF,1746484539,,,
ue22_qfi9,299.75,300.25,300.25,300.25,ok,0.7131477518428003,ok,ue22_qfi9,0,0,1,884.5000000000001,data,ok,2.0,False,,proxy,3,0,ue17_qfi2,0.0,147,150.0,ok,ue22_qfi2,139.717,ok,11,ok,24,ue17_qfi2,0.0,ok,0.5717410212889851,proxy,5,0.5513898398342322,65779731.2,ok,0.017852272727272727,ok,0.9268352272727273,0.332321875,ok,ue13_qfi1,0.2413793103448276,29,100.0,data,ok,0.0,ue6_qfi2,101.877,ok,28.6,ue13_qfi2,16,264.25,1815.75,30.303,ok,33.0,,pending,,pending,,,,,0.75,,,24,,Reservation,1746484539,,,
ue12_qfi9,291.75,299.75,300.0,300.25,ok,0.7104270823810935,ok,ue3_qfi9,0,0,0,406.5,data,ok,2.0,False,,proxy,3,0,ue13_qfi2,0.0,147,150.0,ok,ue1_qfi2,76.652,ok,12,ok,24,ue13_qfi2,0.0,ok,0.5522395642082673,proxy,5,0.5439184604220806,66549051.2,ok,0.014354545454545455,ok,0.9334261363636364,0.0408765625,ok,ue6_qfi1,0.4,40,100.0,data,ok,0.0,ue5_qfi2,107.07000000000001,ok,30.2,ue4_qfi2,12,103.25,1062.5,30.303,ok,33.0,,pending,,pending,,,,,0.75,,,24,,TwoTier,1746484539,,,
ue13_qfi2,133.932,149.121,149.773,150.015,ok,0.7479347309665182,ok,ue11_qfi82,0,0,0,55.749999999999744,data,ok,2.0,False,,proxy,3,0,ue13_qfi2,0.04054054054054054,148,150.0,ok,ue22_qfi2,150.004,ok,0,ok,24,ue13_qfi2,0.6326132,ok,0.49423634932650023,proxy,5,0.48562605688761046,69080782.4,ok,0.013352272727272727,ok,0.9304329545454545,0.0386625,ok,ue1_qfi2,1.0,1169,150.0,data,ok,0.0,ue8_qfi2,18.863,ok,8.8,ue20_qfi2,17,985.75,3940.5,30.303,ok,33.0,,pending,,pending,,,,,1.0,,,24,,PF,1826701614,,,
ue19_qfi9,299.75,300.25,300.25,300.25,ok,0.760312728122144,ok,ue13_qfi1,0,0,0,437.50000000000006,data,ok,2.0,False,,proxy,3,0,ue16_qfi2,0.0,148,150.0,ok,ue13_qfi2,88.698,ok,16,ok,24,ue16_qfi2,0.0,ok,0.588190818279419,proxy,5,0.5825243406001388,66677755.2,ok,0.017736363636363637,ok,0.9282204545454545,0.3163484375,ok,ue13_qfi1,0.25,32,100.0,data,ok,0.0,ue8_qfi1,77.75,ok,30.0,ue6_qfi2,13,114.75,975.5,30.303,ok,33.0,,pending,,pending,,,,,1.0,,,24,,Reservation,1826701614,,,
ue4_qfi9,20.0,45.25,54.25,62.75,ok,0.7829264775303459,ok,ue4_qfi1,0,0,0,113.24999999999986,data,ok,2.0,False,,proxy,3,0,ue6_qfi2,0.0,148,150.0,ok,ue4_qfi2,22.792,ok,5,ok,24,ue6_qfi2,0.0,ok,0.4062204493401406,proxy,5,0.4061791656911425,59727651.2,ok,0.013411363636363636,ok,0.9296227272727273,0.03936875,ok,ue4_qfi1,0.46938775510204084,49,100.0,data,ok,0.0,ue4_qfi9,42.75,ok,30.4,ue4_qfi2,1,93.5,93.5,30.303,ok,33.0,,pending,,pending,,,,,1.0,,,24,,TwoTier,1826701614,,,
ue24_qfi2,131.945,148.75,149.862,150.124,ok,0.7510956735241476,ok,ue3_qfi82,0,0,0,54.49999999999999,data,ok,2.0,False,,proxy,3,0,ue22_qfi2,0.060810810810810814,148,150.0,ok,ue10_qfi2,150.172,ok,0,ok,24,ue22_qfi2,0.6527856,ok,0.4950997949166364,proxy,5,0.48365079487462825,68147182.4,ok,0.013086363636363636,ok,0.9308318181818181,0.0407390625,ok,ue1_qfi2,1.0,1141,150.0,data,ok,0.0,ue21_qfi2,22.554000000000002,ok,5.0,ue2_qfi2,15,1233.25,4400.0,30.303,ok,33.0,,pending,,pending,,,,,1.0,,,24,,PF,1367864806,,,
ue21_qfi9,300.0,300.25,300.25,300.25,ok,0.757359160613133,ok,ue6_qfi9,0,1,2,1089.9999999999998,data,ok,2.0,False,,proxy,3,0,ue15_qfi2,0.0,147,150.0,ok,ue3_qfi2,131.338,ok,8,ok,24,ue15_qfi2,0.0,ok,0.5741479103579412,proxy,5,0.5425915964071782,66828972.8,ok,0.016995454545454546,ok,0.9271931818181818,0.3390484375,ok,ue4_qfi1,0.08,25,100.0,data,ok,0.0,ue11_qfi2,98.995,ok,29.8,ue3_qfi2,19,168.75,1736.0,30.303,ok,33.0,,pending,,pending,,,,,1.0,,,24,,Reservation,1367864806,,,
ue3_qfi9,14.25,49.0,57.0,62.75,ok,0.782649235904961,ok,ue3_qfi1,0,0,0,113.50000000000016,data,ok,2.0,False,,proxy,3,0,ue6_qfi2,0.0,147,150.0,ok,ue3_qfi2,23.981,ok,5,ok,24,ue6_qfi2,0.0,ok,0.40622475420694915,proxy,5,0.4061965794225571,59652974.4,ok,0.01325909090909091,ok,0.9323022727272727,0.04070625,ok,ue4_qfi1,0.46938775510204084,49,100.0,data,ok,0.0,ue3_qfi9,48.5,ok,30.4,ue1_qfi2,0,0.0,0.0,30.303,ok,33.0,,pending,,pending,,,,,1.0,,,24,,TwoTier,1367864806,,,
ue9_qfi2,133.016,148.814,149.863,150.076,ok,0.7508908918684137,ok,ue1_qfi82,0,0,0,54.49999999999999,data,ok,2.0,False,,proxy,3,0,ue23_qfi2,0.0738255033557047,149,150.0,ok,ue5_qfi2,150.25,ok,0,ok,24,ue19_qfi2,0.6412952,ok,0.49395954479260923,proxy,5,0.4843862899271455,68127561.6,ok,0.013277272727272728,ok,0.9314988636363636,0.0399765625,ok,ue1_qfi2,1.0,1219,150.0,data,ok,0.0,ue12_qfi2,18.658999999999992,ok,7.8,ue1_qfi2,17,929.0,4151.5,30.303,ok,33.0,,pending,,pending,,,,,1.0,,,24,,PF,1097657231,,,
ue23_qfi9,300.0,300.25,300.25,300.25,ok,0.7617953274503177,ok,ue2_qfi9,0,1,3,1942.9999999999998,data,ok,2.0,False,,proxy,3,0,ue18_qfi2,0.0,148,150.0,ok,ue19_qfi2,148.209,ok,0,ok,24,ue18_qfi2,0.0,ok,0.5654978934360747,proxy,5,0.5391048628465869,65273867.2,ok,0.016979545454545455,ok,0.9227045454545455,0.3673671875,ok,ue7_qfi1,0.14285714285714285,14,100.0,data,ok,0.0,ue5_qfi2,94.428,ok,28.0,ue17_qfi2,15,347.75,1906.25,30.303,ok,33.0,,pending,,pending,,,,,1.0,,,24,,Reservation,1097657231,,,
ue11_qfi9,298.75,300.0,300.25,300.25,ok,0.75594542262463,ok,ue3_qfi1,0,0,0,369.25000000000006,data,ok,2.0,False,,proxy,3,0,ue13_qfi2,0.0,148,150.0,ok,ue10_qfi2,141.586,ok,10,ok,24,ue13_qfi2,0.0,ok,0.5293588233441419,proxy,5,0.5228620312192506,67475628.8,ok,0.013818181818181818,ok,0.931084090909091,0.0394796875,ok,ue7_qfi1,0.35714285714285715,28,100.0,data,ok,0.0,ue9_qfi2,113.044,ok,26.4,ue10_qfi2,25,99.25,2281.75,30.303,ok,33.0,,pending,,pending,,,,,1.0,,,24,,TwoTier,1097657231,,,
ue21_qfi2,133.244,148.687,149.796,150.087,ok,0.7529158677898964,ok,ue8_qfi82,0,0,0,99.99999999999987,data,ok,2.0,False,,proxy,3,0,ue23_qfi2,0.06756756756756757,148,150.0,ok,ue21_qfi2,150.238,ok,0,ok,24,ue18_qfi2,0.6319851999999999,ok,0.492445119581323,proxy,5,0.48364665204941015,67719595.2,ok,0.013729545454545454,ok,0.9316193181818182,0.040803125,ok,ue1_qfi2,1.0,1163,150.0,data,ok,0.0,ue14_qfi2,19.102000000000004,ok,8.6,ue24_qfi2,16,1481.5,3925.5,30.303,ok,33.0,,pending,,pending,,,,,1.0,,,24,,PF,579362555,,,
ue24_qfi9,299.75,300.25,300.25,300.25,ok,0.7628539993320927,ok,ue15_qfi9,0,0,1,655.9999999999997,data,ok,2.0,False,,proxy,3,0,ue17_qfi2,0.0,147,150.0,ok,ue16_qfi2,139.479,ok,10,ok,24,ue17_qfi2,0.0,ok,0.5755310273682459,proxy,5,0.5465320373599893,66573684.8,ok,0.01741590909090909,ok,0.9277931818181818,0.3119921875,ok,ue16_qfi1,0.3333333333333333,3,100.0,data,ok,0.0,ue5_qfi2,107.286,ok,29.6,ue11_qfi2,8,252.25,804.5,30.303,ok,33.0,,pending,,pending,,,,,1.0,,,24,,Reservation,579362555,,,
ue4_qfi9,18.0,58.25,67.5,71.75,ok,0.7831356285195902,ok,ue4_qfi1,0,0,0,126.50000000000006,data,ok,2.0,False,,proxy,3,0,ue6_qfi2,0.0,147,150.0,ok,ue1_qfi2,26.961,ok,5,ok,24,ue6_qfi2,0.0,ok,0.4062163389925873,proxy,5,0.4061510564106279,59559985.6,ok,0.013270454545454545,ok,0.9317034090909091,0.0369515625,ok,ue5_qfi1,0.42857142857142855,49,100.0,data,ok,0.0,ue1_qfi9,55.0,ok,30.2,ue1_qfi2,1,69.5,69.5,30.303,ok,33.0,,pending,,pending,,,,,1.0,,,24,,TwoTier,579362555,,,
ue24_qfi2,131.521,148.188,149.521,150.079,ok,0.7491127572538673,ok,ue15_qfi82,0,0,0,54.50000000000002,data,ok,2.0,False,,proxy,3,0,ue18_qfi2,0.08783783783783784,148,150.0,ok,ue10_qfi2,150.162,ok,0,ok,24,ue15_qfi2,0.6303652,ok,0.4939301123942263,proxy,5,0.4841847611358051,68725108.8,ok,0.013418181818181819,ok,0.932390909090909,0.039675,ok,ue1_qfi2,1.0,1253,150.0,data,ok,0.0,ue14_qfi2,19.927999999999997,ok,9.2,ue1_qfi2,17,457.5,3889.75,30.303,ok,33.0,,pending,,pending,,,,,1.0,,,24,,PF,661058651,,,
ue23_qfi9,300.0,300.25,300.25,300.25,ok,0.7613360197815919,ok,ue14_qfi1,0,0,0,404.5000000000005,data,ok,2.0,False,,proxy,3,0,ue16_qfi2,0.0,147,150.0,ok,ue23_qfi2,95.099,ok,15,ok,24,ue16_qfi2,0.0,ok,0.5859212147260242,proxy,5,0.5774527387818662,66674089.6,ok,0.017488636363636362,ok,0.9269397727272727,0.3192515625,ok,ue6_qfi1,0.3142857142857143,35,100.0,data,ok,0.0,ue11_qfi2,85.22,ok,30.2,ue14_qfi2,11,96.0,867.5,30.303,ok,33.0,,pending,,pending,,,,,1.0,,,24,,Reservation,661058651,,,
ue12_qfi9,287.5,299.75,300.0,300.25,ok,0.7623231106466336,ok,ue6_qfi1,0,0,0,378.99999999999955,data,ok,2.0,False,,proxy,3,0,ue13_qfi2,0.0,147,150.0,ok,ue12_qfi2,113.303,ok,5,ok,24,ue13_qfi2,0.0,ok,0.4857387162038106,proxy,5,0.4062307215028212,65397100.8,ok,0.013225,ok,0.9305318181818182,0.03600625,ok,ue9_qfi1,0.3888888888888889,18,100.0,data,ok,0.0,ue4_qfi9,288.5,ok,16.0,ue12_qfi2,5,95.75,441.5,30.303,ok,33.0,,pending,,pending,,,,,1.0,,,24,,TwoTier,661058651,,,
ue23_qfi2,132.656,148.503,149.462,150.116,ok,0.755112226775536,ok,ue5_qfi82,0,0,0,54.25000000000013,data,ok,2.0,False,,proxy,3,0,ue15_qfi2,0.06756756756756757,148,150.0,ok,ue15_qfi2,150.168,ok,0,ok,24,ue7_qfi2,0.6346884,ok,0.4923259816238554,proxy,5,0.4824850798201617,67073310.4,ok,0.013847727272727272,ok,0.9327102272727272,0.04184375,ok,ue1_qfi2,1.0,1234,150.0,data,ok,0.0,ue3_qfi2,20.556999999999988,ok,6.0,ue16_qfi2,12,828.25,4292.75,30.303,ok,33.0,,pending,,pending,,,,,1.0,,,24,,PF,87989972,,,
ue22_qfi9,299.5,300.25,300.25,300.25,ok,0.7668475569796632,ok,ue12_qfi9,0,1,1,1052.25,data,ok,2.0,False,,proxy,3,0,ue18_qfi2,0.0,147,150.0,ok,ue4_qfi2,145.247,ok,7,ok,24,ue18_qfi2,0.0,ok,0.5444316301514183,proxy,5,0.44408510184708394,64695344.0,ok,0.018572727272727272,ok,0.9232806818181818,0.345590625,ok,ue22_qfi1,0.0,2,100.0,data,ok,0.0,ue11_qfi2,115.414,ok,27.0,ue4_qfi2,10,262.5,1302.0,30.303,ok,33.0,,pending,,pending,,,,,1.0,,,24,,Reservation,87989972,,,
ue12_qfi9,297.25,300.0,300.25,300.25,ok,0.7589922240180513,ok,ue7_qfi1,0,0,0,365.9999999999999,data,ok,2.0,False,,proxy,3,0,ue13_qfi2,0.0,147,150.0,ok,ue12_qfi2,84.352,ok,11,ok,24,ue13_qfi2,0.0,ok,0.5389780714973587,proxy,5,0.5324254862030415,66577011.2,ok,0.014227272727272727,ok,0.9328238636363636,0.041521875,ok,ue2_qfi1,0.4444444444444444,45,100.0,data,ok,0.0,ue8_qfi2,114.73400000000001,ok,30.0,ue8_qfi2,9,102.0,771.25,30.303,ok,33.0,,pending,,pending,,,,,1.0,,,24,,TwoTier,87989972,,,
ue4_qfi2,132.526,148.597,149.873,150.152,ok,0.7555386100130466,ok,ue21_qfi82,0,0,0,101.4999999999997,data,ok,2.0,False,,proxy,3,0,ue5_qfi2,0.08783783783783784,148,150.0,ok,ue6_qfi2,150.25,ok,0,ok,24,ue5_qfi2,0.6286224,ok,0.49165135048930236,proxy,5,0.48393730339296187,66968492.8,ok,0.013036363636363636,ok,0.9321943181818182,0.041134375,ok,ue21_qfi82,0.9897959183673469,98,100.0,data,ok,0.0,ue10_qfi2,18.643,ok,6.4,ue18_qfi2,15,820.0,4315.75,30.303,ok,33.0,,pending,,pending,,,,,1.0,,,24,,PF,161576974,,,
ue16_qfi9,299.75,300.25,300.25,300.25,ok,0.7644902526180815,ok,ue1_qfi9,0,0,1,822.7500000000001,data,ok,2.0,False,,proxy,3,0,ue17_qfi2,0.0,148,150.0,ok,ue16_qfi2,137.758,ok,14,ok,24,ue17_qfi2,0.0,ok,0.5693630537010677,proxy,5,0.5585269276655668,65048395.2,ok,0.017679545454545455,ok,0.9260056818181818,0.335146875,ok,ue7_qfi1,0.13793103448275862,29,100.0,data,ok,0.0,ue1_qfi2,102.24600000000001,ok,30.0,ue4_qfi2,20,177.5,1819.0,30.303,ok,33.0,,pending,,pending,,,,,1.0,,,24,,Reservation,161576974,,,
ue5_qfi9,28.25,60.75,75.5,90.75,ok,0.7827452542073654,ok,ue5_qfi1,0,0,0,123.49999999999994,data,ok,2.0,False,,proxy,3,0,ue6_qfi2,0.0,148,150.0,ok,ue4_qfi2,26.032,ok,5,ok,24,ue6_qfi2,0.0,ok,0.4062055433043352,proxy,5,0.4061742119821292,59679089.6,ok,0.013529545454545454,ok,0.93315,0.0432484375,ok,ue1_qfi1,0.42857142857142855,49,100.0,data,ok,0.0,ue5_qfi9,62.5,ok,30.4,ue4_qfi2,1,69.5,69.5,30.303,ok,33.0,,pending,,pending,,,,,1.0,,,24,,TwoTier,161576974,,,
ue14_qfi2,133.097,148.481,149.776,150.147,ok,0.7514830406519711,ok,ue23_qfi82,0,0,0,99.99999999999964,data,ok,2.0,False,,proxy,3,0,ue3_qfi2,0.08783783783783784,148,150.0,ok,ue21_qfi2,150.229,ok,0,ok,24,ue2_qfi2,0.6428576,ok,0.49401268980258406,proxy,5,0.4846958978718994,67990590.4,ok,0.01338409090909091,ok,0.9339147727272727,0.0409296875,ok,ue1_qfi2,1.0,1197,150.0,data,ok,0.0,ue17_qfi2,18.655,ok,6.8,ue1_qfi2,14,1251.0,4147.25,30.303,ok,33.0,,pending,,pending,,,,,1.0,,,24,,PF,35492826,,,
ue17_qfi9,300.0,300.25,300.25,300.25,ok,0.761657713269977,ok,ue3_qfi9,0,1,2,1121.75,data,ok,2.0,False,,proxy,3,0,ue18_qfi2,0.0,147,150.0,ok,ue1_qfi2,138.519,ok,8,ok,24,ue18_qfi2,0.0,ok,0.5592169556735712,proxy,5,0.5419265565413142,65529105.6,ok,0.017522727272727273,ok,0.9256909090909091,0.3464578125,ok,ue14_qfi1,0.09090909090909091,22,100.0,data,ok,0.0,ue1_qfi2,95.344,ok,28.4,ue4_qfi2,18,304.0,2062.75,30.303,ok,33.0,,pending,,pending,,,,,1.0,,,24,,Reservation,35492826,,,
ue1_qfi9,16.25,46.0,55.5,63.75,ok,0.7819972178019569,ok,ue1_qfi1,0,0,0,114.74999999999991,data,ok,2.0,False,,proxy,3,0,ue6_qfi2,0.0,147,150.0,ok,ue1_qfi2,23.58,ok,5,ok,24,ue6_qfi2,0.0,ok,0.40620800820627023,proxy,5,0.40618786611428753,59907601.6,ok,0.014154545454545454,ok,0.9341,0.041325,ok,ue3_qfi1,0.4489795918367347,49,100.0,data,ok,0.0,ue1_qfi9,47.5,ok,30.4,ue2_qfi2,1,66.25,66.25,30.303,ok,33.0,,pending,,pending,,,,,1.0,,,24,,TwoTier,35492826,,,
ue4_qfi2,132.89,148.897,149.879,150.124,ok,0.7516854505204549,ok,ue17_qfi82,0,0,0,55.49999999999999,data,ok,2.0,False,,proxy,3,0,ue22_qfi2,0.07432432432432433,148,150.0,ok,ue6_qfi2,150.131,ok,0,ok,24,ue7_qfi2,0.6366371999999999,ok,0.49411116995444787,proxy,5,0.4848323871635227,68106139.2,ok,0.013790909090909092,ok,0.9337647727272728,0.0404921875,ok,ue1_qfi2,1.0,1313,150.0,data,ok,0.0,ue1_qfi2,27.647999999999996,ok,5.8,ue9_qfi2,17,767.75,4496.5,30.303,ok,33.0,,pending,,pending,,,,,1.0,,,24,,PF,376383645,,,
ue16_qfi9,299.75,300.25,300.25,300.25,ok,0.7633525043540798,ok,ue7_qfi1,0,0,2,683.4999999999995,data,ok,2.0,False,,proxy,3,0,ue17_qfi2,0.0,147,150.0,ok,ue6_qfi2,141.911,ok,12,ok,24,ue17_qfi2,0.0,ok,0.5754349105205046,proxy,5,0.5414628533900846,65553401.6,ok,0.017645454545454544,ok,0.9255545454545454,0.33633125,ok,ue13_qfi1,0.21212121212121213,33,100.0,data,ok,0.0,ue6_qfi2,112.25,ok,30.2,ue8_qfi2,15,114.75,1267.0,30.303,ok,33.0,,pending,,pending,,,,,1.0,,,24,,Reservation,376383645,,,
ue12_qfi9,297.5,300.0,300.25,300.25,ok,0.7707275123514117,ok,ue7_qfi1,0,0,0,359.74999999999955,data,ok,2.0,False,,proxy,3,0,ue13_qfi2,0.0,147,150.0,ok,ue6_qfi2,110.848,ok,5,ok,24,ue13_qfi2,0.0,ok,0.4773306091329486,proxy,5,0.40622935515473996,63046953.6,ok,0.013886363636363636,ok,0.9345625,0.0399640625,ok,ue7_qfi1,0.18181818181818182,11,100.0,data,ok,0.0,ue1_qfi9,289.25,ok,30.4,ue5_qfi2,6,85.0,454.0,30.303,ok,33.0,,pending,,pending,,,,,1.0,,,24,,TwoTier,376383645,,,
ue15_qfi2,133.18,148.809,149.793,150.18,ok,0.7543415092596187,ok,ue9_qfi82,0,0,0,101.49999999999999,data,ok,2.0,False,,proxy,3,0,ue7_qfi2,0.06756756756756757,148,150.0,ok,ue18_qfi2,150.206,ok,0,ok,24,ue7_qfi2,0.6256684,ok,0.49256072682107954,proxy,5,0.48367602709411134,67460494.4,ok,0.013420454545454546,ok,0.9337193181818182,0.041078125,ok,ue9_qfi82,0.9897959183673469,98,100.0,data,ok,0.0,ue16_qfi2,19.346000000000004,ok,8.8,ue14_qfi2,15,896.75,3905.0,30.303,ok,33.0,,pending,,pending,,,,,1.0,,,24,,PF,1746484539,,,
ue18_qfi9,300.0,300.25,300.25,300.25,ok,0.7663819080492481,ok,ue7_qfi1,0,0,1,695.0000000000002,data,ok,2.0,False,,proxy,3,0,ue16_qfi2,0.0,148,150.0,ok,ue7_qfi2,123.654,ok,14,ok,24,ue16_qfi2,0.0,ok,0.571294023471903,proxy,5,0.5430951122146168,65318200.0,ok,0.017725,ok,0.9270795454545454,0.3225359375,ok,ue18_qfi1,0.2857142857142857,7,100.0,data,ok,0.0,ue7_qfi2,96.267,ok,30.2,ue13_qfi2,14,141.25,1164.0,30.303,ok,33.0,,pending,,pending,,,,,1.0,,,24,,Reservation,1746484539,,,
ue12_qfi9,294.5,300.0,300.0,300.25,ok,0.7595797764193702,ok,ue7_qfi1,0,0,0,370.5,data,ok,2.0,False,,proxy,3,0,ue13_qfi2,0.0,148,150.0,ok,ue5_qfi2,81.633,ok,11,ok,24,ue13_qfi2,0.0,ok,0.5412869600304713,proxy,5,0.5352797627663854,66522665.6,ok,0.014497727272727273,ok,0.9332011363636363,0.040671875,ok,ue9_qfi1,0.42857142857142855,42,100.0,data,ok,0.0,ue4_qfi2,90.857,ok,30.2,ue2_qfi2,8,129.5,780.5,30.303,ok,33.0,,pending,,pending,,,,,1.0,,,24,,TwoTier,1746484539,,,
ue9_qfi2,132.216,148.587,149.897,150.147,ok,0.8467701104144094,ok,ue1_qfi82,0,0,0,54.49999999999999,data,ok,2.0,False,,proxy,3,0,ue23_qfi2,0.0945945945945946,148,150.0,ok,ue12_qfi2,150.033,ok,0,ok,24,ue17_qfi2,0.6437491999999999,ok,0.49529565937092823,proxy,5,0.48620928224512955,69678337.6,ok,0.013113636363636364,ok,0.9306340909090909,0.0381890625,ok,ue1_qfi2,1.0,1198,150.0,data,ok,0.0,ue19_qfi2,19.342000000000013,ok,9.8,ue21_qfi2,18,758.0,3776.75,30.303,ok,33.0,,pending,,pending,,,,,2.0,,,24,,PF,1826701614,,,
ue15_qfi9,300.0,300.25,300.25,300.25,ok,0.8615374179429052,ok,ue5_qfi9,0,0,1,502.0,data,ok,2.0,False,,proxy,3,0,ue16_qfi2,0.0,148,150.0,ok,ue11_qfi2,52.237,ok,15,ok,24,ue16_qfi2,0.0,ok,0.5728527220920279,proxy,5,0.5693581576286992,67392067.2,ok,0.017004545454545456,ok,0.9286136363636364,0.301478125,ok,ue4_qfi1,0.4318181818181818,44,100.0,data,ok,0.0,ue2_qfi1,84.5,ok,30.4,ue5_qfi2,5,78.25,360.75,30.303,ok,33.0,,pending,,pending,,,,,2.0,,,24,,Reservation,1826701614,,,
ue5_qfi9,254.5,300.0,300.25,300.25,ok,0.8583106657639777,ok,ue1_qfi1,0,0,0,115.75000000000024,data,ok,2.0,False,,proxy,3,0,ue6_qfi2,0.0,147,150.0,ok,ue1_qfi2,22.521,ok,5,ok,24,ue6_qfi2,0.0,ok,0.39646782349131965,proxy,5,0.39508483127046895,67748449.6,ok,0.013370454545454545,ok,0.9296295454545455,0.03865625,ok,ue2_qfi1,0.4489795918367347,49,100.0,data,ok,0.0,ue5_qfi9,45.75,ok,30.4,ue1_qfi2,0,0.0,0.0,30.303,ok,33.0,,pending,,pending,,,,,2.0,,,24,,TwoTier,1826701614,,,
ue19_qfi2,132.838,148.626,149.718,150.07,ok,0.8493909683887659,ok,ue4_qfi82,0,0,0,54.49999999999999,data,ok,2.0,False,,proxy,3,0,ue8_qfi2,0.08783783783783784,148,150.0,ok,ue12_qfi2,150.18,ok,0,ok,24,ue8_qfi2,0.6637756,ok,0.49496876971117265,proxy,5,0.48381868841179826,68566299.2,ok,0.013179545454545454,ok,0.931221590909091,0.0401796875,ok,ue1_qfi2,1.0,1135,150.0,data,ok,0.0,ue2_qfi2,21.280999999999977,ok,8.2,ue10_qfi2,19,458.75,4072.75,30.303,ok,33.0,,pending,,pending,,,,,2.0,,,24,,PF,1367864806,,,
ue16_qfi9,300.0,300.25,300.25,300.25,ok,0.857879137879577,ok,ue6_qfi9,0,0,1,513.7499999999999,data,ok,2.0,False,,proxy,3,0,ue17_qfi2,0.0,148,150.0,ok,ue6_qfi2,78.113,ok,16,ok,24,ue17_qfi2,0.0,ok,0.5828743518377533,proxy,5,0.5757390189146838,66815300.8,ok,0.017836363636363636,ok,0.9278738636363636,0.327540625,ok,ue6_qfi1,0.3684210526315789,38,100.0,data,ok,0.0,ue8_qfi1,77.75,ok,30.0,ue11_qfi2,13,92.25,973.5,30.303,ok,33.0,,pending,,pending,,,,,2.0,,,24,,Reservation,1367864806,,,
ue5_qfi9,289.75,300.0,300.0,300.25,ok,0.8491475618698489,ok,ue1_qfi1,0,0,0,278.00000000000045,data,ok,2.0,False,,proxy,3,0,ue6_qfi2,0.0,148,150.0,ok,ue1_qfi2,57.958,ok,5,ok,24,ue6_qfi2,0.0,ok,0.39645423862939283,proxy,5,0.38916313937201125,71259568.0,ok,0.013661363636363636,ok,0.9308681818181819,0.0370421875,ok,ue5_qfi1,0.4897959183673469,49,100.0,data,ok,0.0,ue1_qfi1,82.25,ok,30.2,ue1_qfi2,2,72.75,145.0,30.303,ok,33.0,,pending,,pending,,,,,2.0,,,24,,TwoTier,1367864806,,,
ue13_qfi2,132.564,149.239,149.785,150.106,ok,0.8532688412139919,ok,ue5_qfi82,0,0,0,54.49999999999999,data,ok,2.0,False,,proxy,3,0,ue14_qfi2,0.07432432432432433,148,150.0,ok,ue24_qfi2,150.25,ok,0,ok,24,ue14_qfi2,0.638936,ok,0.49282960876400334,proxy,5,0.48230039484279064,66831017.6,ok,0.01380909090909091,ok,0.9310420454545455,0.0414453125,ok,ue1_qfi2,1.0,1115,150.0,data,ok,0.0,ue16_qfi2,18.40900000000002,ok,10.4,ue23_qfi2,19,1157.0,3723.75,30.303,ok,33.0,,pending,,pending,,,,,2.0,,,24,,PF,1097657231,,,
ue17_qfi9,300.0,300.25,300.25,300.25,ok,0.8594206463230747,ok,ue14_qfi9,0,1,4,1803.75,data,ok,2.0,False,,proxy,3,0,ue18_qfi2,0.0,147,150.0,ok,ue9_qfi2,145.699,ok,4,ok,24,ue18_qfi2,0.0,ok,0.5440930267580055,proxy,5,0.5369615075211569,64309798.4,ok,0.018343181818181818,ok,0.9232261363636364,0.35748125,ok,ue7_qfi1,0.058823529411764705,17,100.0,data,ok,0.0,ue10_qfi9,176.0,ok,27.4,ue1_qfi2,15,418.75,1944.5,30.303,ok,33.0,,pending,,pending,,,,,2.0,,,24,,Reservation,1097657231,,,
ue5_qfi9,298.75,300.0,300.25,300.25,ok,0.8591408170072526,ok,ue5_qfi1,0,0,0,193.0,data,ok,2.0,False,,proxy,3,0,ue6_qfi2,0.0,147,150.0,ok,ue1_qfi2,23.37,ok,5,ok,24,ue6_qfi2,0.0,ok,0.39566220304350236,proxy,5,0.3941820408318459,67025523.199999996,ok,0.013709090909090909,ok,0.9315761363636363,0.0399109375,ok,ue4_qfi1,0.46938775510204084,49,100.0,data,ok,0.0,ue5_qfi1,91.5,ok,30.2,ue5_qfi2,2,122.75,190.75,30.303,ok,33.0,,pending,,pending,,,,,2.0,,,24,,TwoTier,1097657231,,,
ue17_qfi2,134.036,149.178,149.75,150.123,ok,0.8518281523926919,ok,ue19_qfi82,0,0,0,99.99999999999987,data,ok,2.0,False,,proxy,3,0,ue17_qfi2,0.060810810810810814,148,150.0,ok,ue15_qfi2,150.25,ok,0,ok,24,ue22_qfi2,0.646066,ok,0.49261194075996906,proxy,5,0.4848372028558983,67444497.6,ok,0.014443181818181819,ok,0.931475,0.04136875,ok,ue1_qfi2,1.0,1062,150.0,data,ok,0.0,ue21_qfi2,24.97200000000001,ok,7.0,ue9_qfi2,15,1058.75,4114.5,30.303,ok,33.0,,pending,,pending,,,,,2.0,,,24,,PF,579362555,,,
ue15_qfi9,300.0,300.25,300.25,300.25,ok,0.863220703381043,ok,ue8_qfi9,0,0,1,543.4999999999999,data,ok,2.0,False,,proxy,3,0,ue16_qfi2,0.0,148,150.0,ok,ue12_qfi2,66.664,ok,14,ok,24,ue16_qfi2,0.0,ok,0.5698810981934518,proxy,5,0.5658139613865832,65781024.0,ok,0.0183,ok,0.9275852272727273,0.31656875,ok,ue4_qfi1,0.40425531914893614,47,100.0,data,ok,0.0,ue12_qfi1,77.75,ok,30.2,ue11_qfi2,6,89.5,450.75,30.303,ok,33.0,,pending,,pending,,,,,2.0,,,24,,Reservation,579362555,,,
ue5_qfi9,266.0,300.0,300.25,300.25,ok,0.8572726420585228,ok,ue5_qfi1,0,0,0,197.25,data,ok,2.0,False,,proxy,3,0,ue6_qfi2,0.0,147,150.0,ok,ue1_qfi2,24.88,ok,5,ok,24,ue6_qfi2,0.0,ok,0.3947321974149897,proxy,5,0.3908398584337283,67528412.8,ok,0.013731818181818182,ok,0.9318318181818182,0.0404859375,ok,ue5_qfi1,0.4897959183673469,49,100.0,data,ok,0.0,ue4_qfi9,100.25,ok,30.4,ue4_qfi2,2,86.0,155.75,30.303,ok,33.0,,pending,,pending,,,,,2.0,,,24,,TwoTier,579362555,,,
ue18_qfi2,133.351,148.759,149.855,150.095,ok,0.8505981816700662,ok,ue18_qfi82,0,0,0,54.50000000000002,data,ok,2.0,False,,proxy,3,0,ue15_qfi2,0.0945945945945946,148,150.0,ok,ue13_qfi2,150.25,ok,0,ok,24,ue15_qfi2,0.6562904,ok,0.493408067960665,proxy,5,0.48392875223616927,68087596.8,ok,0.013688636363636363,ok,0.9324397727272727,0.04069375,ok,ue1_qfi2,1.0,1227,150.0,data,ok,0.0,ue14_qfi2,20.658999999999992,ok,6.2,ue5_qfi2,14,796.75,4219.0,30.303,ok,33.0,,pending,,pending,,,,,2.0,,,24,,PF,661058651,,,
ue17_qfi9,300.0,300.25,300.25,300.25,ok,0.8581427221931341,ok,ue3_qfi9,0,1,1,1631.9999999999998,data,ok,2.0,False,,proxy,3,0,ue18_qfi2,0.0,148,150.0,ok,ue14_qfi2,145.241,ok,8,ok,24,ue18_qfi2,0.0,ok,0.5587284834601254,proxy,5,0.5299330430594325,65742486.4,ok,0.018013636363636364,ok,0.9255681818181818,0.342053125,ok,ue17_qfi1,0.0,5,100.0,data,ok,0.0,ue14_qfi2,107.805,ok,28.8,ue13_qfi2,17,277.0,1714.5,30.303,ok,33.0,,pending,,pending,,,,,2.0,,,24,,Reservation,661058651,,,
ue5_qfi9,260.5,299.75,300.0,300.25,ok,0.8537075037839763,ok,ue5_qfi1,0,0,0,137.25,data,ok,2.0,False,,proxy,3,0,ue6_qfi2,0.0,147,150.0,ok,ue2_qfi2,24.144,ok,5,ok,24,ue6_qfi2,0.0,ok,0.39626946329866525,proxy,5,0.39397597385713834,69369108.8,ok,0.013563636363636363,ok,0.9319193181818182,0.0392625,ok,ue1_qfi1,0.4897959183673469,49,100.0,data,ok,0.0,ue1_qfi9,76.0,ok,30.4,ue5_qfi2,2,110.5,178.25,30.303,ok,33.0,,pending,,pending,,,,,2.0,,,24,,TwoTier,661058651,,,
ue8_qfi2,132.848,148.132,149.57,150.118,ok,0.852132122229093,ok,ue14_qfi82,0,0,0,54.49999999999999,data,ok,2.0,False,,proxy,3,0,ue13_qfi2,0.06711409395973154,149,150.0,ok,ue3_qfi2,150.101,ok,0,ok,24,ue12_qfi2,0.6485384000000001,ok,0.4929244312994777,proxy,5,0.4844256508198974,67339232.0,ok,0.013629545454545455,ok,0.9322852272727272,0.0411421875,ok,ue1_qfi2,1.0,1090,150.0,data,ok,0.0,ue6_qfi2,19.704999999999984,ok,6.2,ue9_qfi2,15,922.75,4309.0,30.303,ok,33.0,,pending,,pending,,,,,2.0,,,24,,PF,87989972,,,
ue20_qfi9,300.25,300.25,300.25,300.25,ok,0.8617135790020083,ok,ue1_qfi9,0,1,1,1317.7499999999998,data,ok,2.0,False,,proxy,3,0,ue18_qfi2,0.0,148,150.0,ok,ue17_qfi2,143.325,ok,5,ok,24,ue18_qfi2,0.0,ok,0.5522310595036194,proxy,5,0.48784241230306696,64777030.4,ok,0.017920454545454545,ok,0.9253147727272727,0.341653125,ok,ue20_qfi1,0.2727272727272727,11,100.0,data,ok,0.0,ue10_qfi2,112.60199999999999,ok,29.4,ue15_qfi2,13,138.5,1168.75,30.303,ok,33.0,,pending,,pending,,,,,2.0,,,24,,Reservation,87989972,,,
ue5_qfi9,299.0,300.0,300.25,300.25,ok,0.861852755318393,ok,ue1_qfi1,0,0,0,212.75000000000023,data,ok,2.0,False,,proxy,3,0,ue6_qfi2,0.0,147,150.0,ok,ue1_qfi2,32.801,ok,5,ok,24,ue6_qfi2,0.0,ok,0.39498473467415385,proxy,5,0.3926390236865789,66005803.2,ok,0.013975,ok,0.9325647727272727,0.04208125,ok,ue2_qfi1,0.4489795918367347,49,100.0,data,ok,0.0,ue5_qfi2,67.91000000000001,ok,30.4,ue5_qfi2,1,118.5,118.5,30.303,ok,33.0,,pending,,pending,,,,,2.0,,,24,,TwoTier,87989972,,,
ue2_qfi2,132.968,149.429,150.067,150.151,ok,0.8502764664157881,ok,ue18_qfi82,0,0,0,55.000000000000156,data,ok,2.0,False,,proxy,3,0,ue15_qfi2,0.06756756756756757,148,150.0,ok,ue24_qfi2,150.201,ok,0,ok,24,ue18_qfi2,0.641914,ok,0.49262516483953844,proxy,5,0.48551942820716903,68208772.8,ok,0.013027272727272728,ok,0.9330136363636363,0.0406296875,ok,ue1_qfi2,1.0,1071,150.0,data,ok,0.0,ue10_qfi2,19.76400000000001,ok,9.2,ue12_qfi2,19,599.25,3933.25,30.303,ok,33.0,,pending,,pending,,,,,2.0,,,24,,PF,161576974,,,
ue19_qfi9,300.25,300.25,300.25,300.25,ok,0.8589627244945834,ok,ue15_qfi9,0,0,1,632.5000000000001,data,ok,2.0,False,,proxy,3,0,ue16_qfi2,0.0,147,150.0,ok,ue19_qfi2,83.139,ok,14,ok,24,ue16_qfi2,0.0,ok,0.5807009901025874,proxy,5,0.5708542348157376,66407326.4,ok,0.017861363636363637,ok,0.9270284090909091,0.3244828125,ok,ue3_qfi1,0.3157894736842105,38,100.0,data,ok,0.0,ue19_qfi2,91.697,ok,30.0,ue3_qfi2,14,89.25,1071.0,30.303,ok,33.0,,pending,,pending,,,,,2.0,,,24,,Reservation,161576974,,,
ue5_qfi9,294.25,300.0,300.25,300.25,ok,0.8561860835292604,ok,ue5_qfi1,0,0,0,193.0,data,ok,2.0,False,,proxy,3,0,ue6_qfi2,0.0,147,150.0,ok,ue3_qfi2,31.568,ok,5,ok,24,ue6_qfi2,0.0,ok,0.3941564077007572,proxy,5,0.39188620455300616,67639809.6,ok,0.012977272727272728,ok,0.932509090909091,0.040078125,ok,ue5_qfi1,0.4897959183673469,49,100.0,data,ok,0.0,ue4_qfi9,110.5,ok,30.4,ue5_qfi2,1,127.5,127.5,30.303,ok,33.0,,pending,,pending,,,,,2.0,,,24,,TwoTier,161576974,,,
ue10_qfi2,132.079,149.166,149.958,150.061,ok,0.8493082193716825,ok,ue22_qfi82,0,0,0,54.7500000000003,data,ok,2.0,False,,proxy,3,0,ue21_qfi2,0.06756756756756757,148,150.0,ok,ue21_qfi2,150.235,ok,0,ok,24,ue1_qfi2,0.6445568,ok,0.49449630771511854,proxy,5,0.48660796853193133,68543171.2,ok,0.013277272727272728,ok,0.9338954545454545,0.0403109375,ok,ue1_qfi2,1.0,1010,150.0,data,ok,0.0,ue11_qfi2,22.095000000000013,ok,5.4,ue18_qfi2,13,961.5,4328.0,30.303,ok,33.0,,pending,,pending,,,,,2.0,,,24,,PF,35492826,,,
ue22_qfi9,300.0,300.25,300.25,300.25,ok,0.8571025085996044,ok,ue10_qfi9,0,1,1,1254.4999999999998,data,ok,2.0,False,,proxy,3,0,ue17_qfi2,0.0,147,150.0,ok,ue22_qfi2,122.157,ok,11,ok,24,ue17_qfi2,0.0,ok,0.5683556450659146,proxy,5,0.545274763138655,66197643.2,ok,0.01790227272727273,ok,0.926225,0.3362859375,ok,ue1_qfi1,0.16,25,100.0,data,ok,0.0,ue2_qfi2,96.614,ok,29.8,ue13_qfi2,18,182.75,1742.25,30.303,ok,33.0,,pending,,pending,,,,,2.0,,,24,,Reservation,35492826,,,
ue5_qfi9,262.25,300.0,300.0,300.25,ok,0.8570702398410024,ok,ue1_qfi9,0,0,1,671.0000000000002,data,ok,2.0,False,,proxy,3,0,ue6_qfi2,0.0,147,150.0,ok,ue1_qfi2,74.035,ok,5,ok,24,ue6_qfi2,0.0,ok,0.3924454295052248,proxy,5,0.3883599059438112,67140505.6,ok,0.013111363636363636,ok,0.9339863636363637,0.0407546875,ok,ue1_qfi1,0.4,40,100.0,data,ok,0.0,ue4_qfi9,90.25,ok,30.2,ue1_qfi2,9,126.25,725.5,30.303,ok,33.0,,pending,,pending,,,,,2.0,,,24,,TwoTier,35492826,,,
ue9_qfi2,131.991,148.698,149.842,150.118,ok,0.8506441483200213,ok,ue5_qfi82,0,0,0,55.49999999999999,data,ok,2.0,False,,proxy,3,0,ue20_qfi2,0.07432432432432433,148,150.0,ok,ue10_qfi2,150.201,ok,0,ok,24,ue19_qfi2,0.6575324,ok,0.4940625050013428,proxy,5,0.48168637791555297,68022211.2,ok,0.014275,ok,0.9335295454545455,0.0409375,ok,ue1_qfi2,1.0,1090,150.0,data,ok,0.0,ue21_qfi2,21.929999999999993,ok,7.0,ue17_qfi2,15,722.5,3663.75,30.303,ok,33.0,,pending,,pending,,,,,2.0,,,24,,PF,376383645,,,
ue22_qfi9,300.25,300.25,300.25,300.25,ok,0.8580555956928858,ok,ue15_qfi9,0,1,1,1166.9999999999998,data,ok,2.0,False,,proxy,3,0,ue16_qfi2,0.0,147,150.0,ok,ue13_qfi2,136.688,ok,6,ok,24,ue16_qfi2,0.0,ok,0.572721748283918,proxy,5,0.5388742307097053,66094336.0,ok,0.01793181818181818,ok,0.9282647727272727,0.3316828125,ok,ue18_qfi1,0.2,5,100.0,data,ok,0.0,ue13_qfi2,110.55999999999999,ok,29.6,ue1_qfi2,13,222.5,1303.25,30.303,ok,33.0,,pending,,pending,,,,,2.0,,,24,,Reservation,376383645,,,
ue5_qfi9,290.25,300.0,300.0,300.25,ok,0.8554029837230003,ok,ue5_qfi1,0,0,0,169.25,data,ok,2.0,False,,proxy,3,0,ue6_qfi2,0.0,147,150.0,ok,ue1_qfi2,27.806,ok,5,ok,24,ue6_qfi2,0.0,ok,0.3962386651439296,proxy,5,0.393889822284675,68447227.2,ok,0.013397727272727273,ok,0.9334613636363637,0.0387421875,ok,ue2_qfi1,0.40816326530612246,49,100.0,data,ok,0.0,ue4_qfi9,113.5,ok,30.4,ue4_qfi2,4,79.5,294.0,30.303,ok,33.0,,pending,,pending,,,,,2.0,,,24,,TwoTier,376383645,,,
ue3_qfi2,132.503,149.167,149.927,150.167,ok,0.8498536841650359,ok,ue9_qfi82,0,0,0,98.49999999999997,data,ok,2.0,False,,proxy,3,0,ue14_qfi2,0.06756756756756757,148,150.0,ok,ue24_qfi2,150.203,ok,0,ok,24,ue20_qfi2,0.6452171999999999,ok,0.4935255829075894,proxy,5,0.48454708331993906,68412254.4,ok,0.013234090909090909,ok,0.9340295454545454,0.0406828125,ok,ue1_qfi2,1.0,1154,150.0,data,ok,0.0,ue4_qfi2,20.970999999999975,ok,7.6,ue9_qfi2,13,961.75,4013.75,30.303,ok,33.0,,pending,,pending,,,,,2.0,,,24,,PF,1746484539,,,
ue21_qfi9,300.25,300.25,300.25,300.25,ok,0.8564370997185858,ok,ue16_qfi9,0,1,2,1618.9999999999998,data,ok,2.0,False,,proxy,3,0,ue17_qfi2,0.0,148,150.0,ok,ue8_qfi2,130.692,ok,6,ok,24,ue17_qfi2,0.0,ok,0.5566531704839006,proxy,5,0.5206732921831483,66159840.0,ok,0.01710681818181818,ok,0.9246125,0.33988125,ok,ue16_qfi1,0.11764705882352941,17,100.0,data,ok,0.0,ue5_qfi2,97.62800000000001,ok,29.4,ue12_qfi2,19,217.75,1914.25,30.303,ok,33.0,,pending,,pending,,,,,2.0,,,24,,Reservation,1746484539,,,
ue5_qfi9,299.0,300.0,300.25,300.25,ok,0.8554197901536149,ok,ue5_qfi1,0,0,0,155.5,data,ok,2.0,False,,proxy,3,0,ue6_qfi2,0.0,147,150.0,ok,ue1_qfi2,26.403,ok,5,ok,24,ue6_qfi2,0.0,ok,0.39645832650222645,proxy,5,0.3949259452051125,68707068.8,ok,0.014288636363636364,ok,0.93365,0.0390375,ok,ue1_qfi1,0.5102040816326531,49,100.0,data,ok,0.0,ue5_qfi2,69.084,ok,30.2,ue4_qfi2,3,71.5,206.0,30.303,ok,33.0,,pending,,pending,,,,,2.0,,,24,,TwoTier,1746484539,,,
ue22_qfi2,133.163,148.963,150.0,150.167,ok,0.7852606711087795,ok,ue3_qfi82,0,0,0,100.00000000000009,data,ok,2.0,False,,proxy,3,0,ue22_qfi2,0.08108108108108109,148,150.0,ok,ue22_qfi2,150.238,ok,0,ok,24,ue21_qfi2,0.6419511999999999,ok,0.49411726031294273,proxy,5,0.48276096776335253,68613608.0,ok,0.013581818181818181,ok,0.9307943181818182,0.039690625,ok,ue3_qfi82,0.9897959183673469,98,100.0,data,ok,0.0,ue10_qfi2,19.629999999999995,ok,6.0,ue13_qfi2,16,1127.25,4389.5,30.303,ok,33.0,,pending,,pending,,,,,1.25,,,24,,PF,1826701614,,,
ue16_qfi9,300.0,300.25,300.25,300.25,ok,0.7958956685313343,ok,ue1_qfi9,0,0,1,528.75,data,ok,2.0,False,,proxy,3,0,ue17_qfi2,0.0,147,150.0,ok,ue16_qfi2,89.799,ok,14,ok,24,ue17_qfi2,0.0,ok,0.5838859432354169,proxy,5,0.5788507749028722,66568076.8,ok,0.01716590909090909,ok,0.9267522727272727,0.3235625,ok,ue11_qfi1,0.25,36,100.0,data,ok,0.0,ue16_qfi2,95.86200000000001,ok,30.2,ue14_qfi2,16,108.25,1243.0,30.303,ok,33.0,,pending,,pending,,,,,1.25,,,24,,Reservation,1826701614,,,
ue2_qfi9,79.25,298.75,299.75,300.0,ok,0.7930876923593516,ok,ue2_qfi1,0,0,0,127.00000000000023,data,ok,2.0,False,,proxy,3,0,ue6_qfi2,0.0,147,150.0,ok,ue4_qfi2,41.669,ok,5,ok,24,ue6_qfi2,0.0,ok,0.4043874837079697,proxy,5,0.4005742463163911,66218427.2,ok,0.013779545454545454,ok,0.92955,0.0404203125,ok,ue4_qfi1,0.4897959183673469,49,100.0,data,ok,0.0,ue2_qfi9,220.75,ok,30.0,ue4_qfi2,10,79.75,716.75,30.303,ok,33.0,,pending,,pending,,,,,1.25,,,24,,TwoTier,1826701614,,,
ue9_qfi2,132.516,148.563,149.724,150.131,ok,0.7832447861511072,ok,ue2_qfi82,0,0,0,55.75000000000063,data,ok,2.0,False,,proxy,3,0,ue14_qfi2,0.06756756756756757,148,150.0,ok,ue20_qfi2,150.152,ok,0,ok,24,ue9_qfi2,0.6723884,ok,0.49587471038443737,proxy,5,0.4852126109405928,69111824.0,ok,0.012688636363636364,ok,0.9309295454545454,0.038709375,ok,ue1_qfi2,1.0,1102,150.0,data,ok,0.0,ue18_qfi2,24.437999999999988,ok,10.0,ue8_qfi2,17,1409.75,3710.5,30.303,ok,33.0,,pending,,pending,,,,,1.25,,,24,,PF,1367864806,,,
ue17_qfi9,300.0,300.25,300.25,300.25,ok,0.7972427091070756,ok,ue9_qfi9,0,0,1,618.2500000000002,data,ok,2.0,False,,proxy,3,0,ue16_qfi2,0.0,147,150.0,ok,ue12_qfi2,82.247,ok,14,ok,24,ue16_qfi2,0.0,ok,0.5811143526731903,proxy,5,0.5660287876397541,66620361.6,ok,0.016897727272727273,ok,0.9281988636363636,0.313671875,ok,ue9_qfi1,0.34210526315789475,38,100.0,data,ok,0.0,ue5_qfi2,99.356,ok,29.6,ue8_qfi2,11,135.0,927.5,30.303,ok,33.0,,pending,,pending,,,,,1.25,,,24,,Reservation,1367864806,,,
ue1_qfi9,82.25,299.0,299.75,300.0,ok,0.7885676615984999,ok,ue2_qfi1,0,0,0,143.75000000000026,data,ok,2.0,False,,proxy,3,0,ue6_qfi2,0.0,147,150.0,ok,ue4_qfi2,46.511,ok,4,ok,24,ue6_qfi2,0.0,ok,0.4055750558071403,proxy,5,0.40450237482895635,67521625.6,ok,0.013370454545454545,ok,0.9311943181818182,0.03834375,ok,ue1_qfi1,0.42857142857142855,49,100.0,data,ok,0.0,ue1_qfi9,217.75,ok,30.4,ue4_qfi2,11,82.0,819.75,30.303,ok,33.0,,pending,,pending,,,,,1.25,,,24,,TwoTier,1367864806,,,
ue7_qfi2,133.209,148.919,149.981,150.135,ok,0.7871418600454985,ok,ue16_qfi82,0,0,0,54.49999999999999,data,ok,2.0,False,,proxy,3,0,ue23_qfi2,0.08108108108108109,148,150.0,ok,ue1_qfi2,150.248,ok,0,ok,24,ue7_qfi2,0.6413135999999999,ok,0.49373531817372357,proxy,5,0.4842958722584224,67994081.6,ok,0.013652272727272726,ok,0.9308397727272727,0.0406375,ok,ue1_qfi2,1.0,1035,150.0,data,ok,0.0,ue10_qfi2,19.375,ok,6.0,ue20_qfi2,15,631.25,4368.5,30.303,ok,33.0,,pending,,pending,,,,,1.25,,,24,,PF,1097657231,,,
ue17_qfi9,300.0,300.25,300.25,300.25,ok,0.7959894757842313,ok,ue12_qfi9,0,1,2,1253.4999999999998,data,ok,2.0,False,,proxy,3,0,ue18_qfi2,0.0,147,150.0,ok,ue17_qfi2,134.67,ok,6,ok,24,ue18_qfi2,0.0,ok,0.5661725858274158,proxy,5,0.5495946202198814,66235617.6,ok,0.017775,ok,0.9262363636363636,0.3341046875,ok,ue14_qfi1,0.23076923076923078,13,100.0,data,ok,0.0,ue2_qfi2,107.054,ok,29.0,ue10_qfi2,14,247.0,1505.25,30.303,ok,33.0,,pending,,pending,,,,,1.25,,,24,,Reservation,1097657231,,,
ue1_qfi9,141.75,299.5,300.0,300.0,ok,0.7951550447849387,ok,ue4_qfi1,0,0,0,134.24999999999997,data,ok,2.0,False,,proxy,3,0,ue6_qfi2,0.0,147,150.0,ok,ue5_qfi2,39.145,ok,5,ok,24,ue6_qfi2,0.0,ok,0.40417487988508977,proxy,5,0.4003546530375402,65467628.8,ok,0.013329545454545455,ok,0.9317306818181819,0.0414953125,ok,ue1_qfi1,0.4489795918367347,49,100.0,data,ok,0.0,ue3_qfi9,204.75,ok,30.2,ue5_qfi2,9,93.75,687.25,30.303,ok,33.0,,pending,,pending,,,,,1.25,,,24,,TwoTier,1097657231,,,
ue2_qfi2,131.562,148.657,149.538,150.112,ok,0.7904213962809719,ok,ue21_qfi82,0,0,0,55.49999999999999,data,ok,2.0,False,,proxy,3,0,ue21_qfi2,0.07432432432432433,148,150.0,ok,ue12_qfi2,150.18,ok,0,ok,24,ue14_qfi2,0.6348784000000001,ok,0.49213106553113795,proxy,5,0.48358525582420414,66774489.6,ok,0.014340909090909092,ok,0.9316375,0.0425046875,ok,ue1_qfi2,1.0,1094,150.0,data,ok,0.0,ue19_qfi2,18.78,ok,6.0,ue17_qfi2,15,1125.25,4392.5,30.303,ok,33.0,,pending,,pending,,,,,1.25,,,24,,PF,579362555,,,
ue18_qfi9,300.0,300.25,300.25,300.25,ok,0.7973939449601325,ok,ue14_qfi9,0,1,1,1065.0,data,ok,2.0,False,,proxy,3,0,ue16_qfi2,0.0,148,150.0,ok,ue12_qfi2,128.092,ok,9,ok,24,ue16_qfi2,0.0,ok,0.566343089521452,proxy,5,0.5489001867504424,65153867.2,ok,0.018256818181818183,ok,0.9241431818181818,0.345675,ok,ue14_qfi1,0.17391304347826086,23,100.0,data,ok,0.0,ue11_qfi2,105.78800000000001,ok,29.4,ue13_qfi2,19,272.25,1745.25,30.303,ok,33.0,,pending,,pending,,,,,1.25,,,24,,Reservation,579362555,,,
ue1_qfi9,171.0,299.0,299.75,300.0,ok,0.7896589468481272,ok,ue1_qfi1,0,0,0,134.50000000000006,data,ok,2.0,False,,proxy,3,0,ue6_qfi2,0.0,147,150.0,ok,ue5_qfi2,35.883,ok,4,ok,24,ue6_qfi2,0.0,ok,0.4056977006709429,proxy,5,0.4047329664081685,67037572.8,ok,0.013661363636363636,ok,0.9314897727272727,0.0410890625,ok,ue2_qfi1,0.5306122448979592,49,100.0,data,ok,0.0,ue3_qfi9,211.0,ok,30.4,ue5_qfi2,6,101.0,451.25,30.303,ok,33.0,,pending,,pending,,,,,1.25,,,24,,TwoTier,579362555,,,
ue16_qfi2,132.708,148.578,149.867,150.15,ok,0.7877518022792489,ok,ue17_qfi82,0,0,0,54.50000000000002,data,ok,2.0,False,,proxy,3,0,ue14_qfi2,0.08108108108108109,148,150.0,ok,ue6_qfi2,150.236,ok,0,ok,24,ue22_qfi2,0.6595016,ok,0.49329019766834925,proxy,5,0.48356907206618854,67839113.6,ok,0.013722727272727274,ok,0.9326443181818181,0.0408859375,ok,ue1_qfi2,1.0,1129,150.0,data,ok,0.0,ue5_qfi2,23.239000000000004,ok,9.0,ue3_qfi2,14,1284.5,3783.5,30.303,ok,33.0,,pending,,pending,,,,,1.25,,,24,,PF,661058651,,,
ue18_qfi9,300.25,300.25,300.25,300.25,ok,0.7945887385664682,ok,ue18_qfi9,0,1,1,1687.5000000000005,data,ok,2.0,False,,proxy,3,0,ue19_qfi2,0.0,147,150.0,ok,ue5_qfi2,142.539,ok,3,ok,24,ue19_qfi2,0.0,ok,0.5509640696639329,proxy,5,0.5128143479300799,65805619.2,ok,0.017618181818181818,ok,0.9243761363636364,0.354171875,ok,ue5_qfi1,0.05555555555555555,18,100.0,data,ok,0.0,ue5_qfi2,95.96300000000001,ok,26.4,ue3_qfi2,15,306.5,1760.25,30.303,ok,33.0,,pending,,pending,,,,,1.25,,,24,,Reservation,661058651,,,
ue1_qfi9,127.5,298.75,299.5,300.0,ok,0.7896460426197529,ok,ue5_qfi1,0,0,0,125.0,data,ok,2.0,False,,proxy,3,0,ue6_qfi2,0.0,147,150.0,ok,ue3_qfi2,36.979,ok,5,ok,24,ue6_qfi2,0.0,ok,0.40547138660073756,proxy,5,0.4039684647359666,67141780.8,ok,0.013556818181818182,ok,0.9323045454545454,0.0389421875,ok,ue4_qfi1,0.4489795918367347,49,100.0,data,ok,0.0,ue4_qfi9,194.5,ok,30.4,ue3_qfi2,6,78.5,427.25,30.303,ok,33.0,,pending,,pending,,,,,1.25,,,24,,TwoTier,661058651,,,
ue11_qfi2,133.759,148.334,149.554,150.061,ok,0.786728689198667,ok,ue11_qfi82,0,0,0,53.999999999999936,data,ok,2.0,False,,proxy,3,0,ue6_qfi2,0.04054054054054054,148,150.0,ok,ue10_qfi2,150.107,ok,0,ok,24,ue7_qfi2,0.6251416,ok,0.49347259573683405,proxy,5,0.4840446911786299,68153998.4,ok,0.01318409090909091,ok,0.9326204545454545,0.0406015625,ok,ue1_qfi2,1.0,1216,150.0,data,ok,0.0,ue21_qfi2,20.078000000000003,ok,7.8,ue13_qfi2,16,854.5,4076.0,30.303,ok,33.0,,pending,,pending,,,,,1.25,,,24,,PF,87989972,,,
ue22_qfi9,300.25,300.25,300.25,300.25,ok,0.7991701959693681,ok,ue11_qfi1,0,0,1,558.5000000000005,data,ok,2.0,False,,proxy,3,0,ue16_qfi2,0.0,147,150.0,ok,ue22_qfi2,134.208,ok,11,ok,24,ue16_qfi2,0.0,ok,0.574849395293107,proxy,5,0.5575544920138399,65732737.6,ok,0.01691818181818182,ok,0.9260511363636363,0.3243921875,ok,ue22_qfi1,0.0,1,100.0,data,ok,0.0,ue6_qfi2,106.42399999999999,ok,29.4,ue6_qfi2,10,245.25,931.25,30.303,ok,33.0,,pending,,pending,,,,,1.25,,,24,,Reservation,87989972,,,
ue1_qfi9,79.0,247.0,296.75,299.0,ok,0.7854747898061245,ok,ue4_qfi1,0,0,0,131.24999999999986,data,ok,2.0,False,,proxy,3,0,ue6_qfi2,0.0,147,150.0,ok,ue5_qfi2,42.639,ok,5,ok,24,ue6_qfi2,0.0,ok,0.40605700396400823,proxy,5,0.40588755247386504,68511707.2,ok,0.01344090909090909,ok,0.9319102272727273,0.0377546875,ok,ue2_qfi1,0.4489795918367347,49,100.0,data,ok,0.0,ue1_qfi9,220.0,ok,30.2,ue5_qfi2,10,91.0,776.75,30.303,ok,33.0,,pending,,pending,,,,,1.25,,,24,,TwoTier,87989972,,,
ue17_qfi2,132.967,148.607,149.747,150.113,ok,0.7884505944261754,ok,ue4_qfi82,0,0,0,54.25000000000013,data,ok,2.0,False,,proxy,3,0,ue2_qfi2,0.060810810810810814,148,150.0,ok,ue12_qfi2,150.22,ok,0,ok,24,ue6_qfi2,0.6076144,ok,0.4920563027947179,proxy,5,0.485800082560739,67502596.8,ok,0.012977272727272728,ok,0.9328954545454545,0.04118125,ok,ue1_qfi2,1.0,1082,150.0,data,ok,0.0,ue7_qfi2,19.205000000000013,ok,10.0,ue4_qfi2,17,989.0,3728.25,30.303,ok,33.0,,pending,,pending,,,,,1.25,,,24,,PF,161576974,,,
ue17_qfi9,300.0,300.25,300.25,300.25,ok,0.799417251685997,ok,ue6_qfi9,0,0,2,723.5,data,ok,2.0,False,,proxy,3,0,ue18_qfi2,0.0,147,150.0,ok,ue19_qfi2,142.579,ok,8,ok,24,ue18_qfi2,0.0,ok,0.5586465019869736,proxy,5,0.5090187035566677,64953428.800000004,ok,0.017529545454545454,ok,0.9252931818181818,0.3427171875,ok,ue16_qfi1,0.0,3,100.0,data,ok,0.0,ue9_qfi2,105.27899999999998,ok,30.2,ue8_qfi2,15,157.0,1424.5,30.303,ok,33.0,,pending,,pending,,,,,1.25,,,24,,Reservation,161576974,,,
ue1_qfi9,243.75,299.25,299.75,300.0,ok,0.7928512968419862,ok,ue5_qfi1,0,0,0,136.75,data,ok,2.0,False,,proxy,3,0,ue6_qfi2,0.0,147,150.0,ok,ue4_qfi2,53.833,ok,5,ok,24,ue6_qfi2,0.0,ok,0.40547786748522174,proxy,5,0.40490245070391623,66088433.6,ok,0.013068181818181817,ok,0.9322113636363636,0.042521875,ok,ue1_qfi1,0.3877551020408163,49,100.0,data,ok,0.0,ue3_qfi9,187.75,ok,30.0,ue4_qfi2,12,101.25,1017.0,30.303,ok,33.0,,pending,,pending,,,,,1.25,,,24,,TwoTier,161576974,,,
ue18_qfi2,132.853,148.45,149.5,150.128,ok,0.7867916935856916,ok,ue4_qfi82,0,0,0,54.49999999999999,data,ok,2.0,False,,proxy,3,0,ue7_qfi2,0.0472972972972973,148,150.0,ok,ue17_qfi2,150.061,ok,0,ok,24,ue1_qfi2,0.6348904000000001,ok,0.4938299603287722,proxy,5,0.4842308383915283,68054953.6,ok,0.01351590909090909,ok,0.9340056818181818,0.0408390625,ok,ue1_qfi2,1.0,999,150.0,data,ok,0.0,ue12_qfi2,18.87700000000001,ok,6.4,ue6_qfi2,17,1109.0,4354.0,30.303,ok,33.0,,pending,,pending,,,,,1.25,,,24,,PF,35492826,,,
ue21_qfi9,300.25,300.25,300.25,300.25,ok,0.797057276493012,ok,ue14_qfi9,0,0,2,873.5,data,ok,2.0,False,,proxy,3,0,ue16_qfi2,0.0,147,150.0,ok,ue7_qfi2,137.958,ok,13,ok,24,ue16_qfi2,0.0,ok,0.5686372258512172,proxy,5,0.5490799986389385,65432276.8,ok,0.017429545454545455,ok,0.9254977272727273,0.3362828125,ok,ue14_qfi1,0.14814814814814814,27,100.0,data,ok,0.0,ue7_qfi2,98.27799999999999,ok,30.0,ue15_qfi2,21,157.0,1824.75,30.303,ok,33.0,,pending,,pending,,,,,1.25,,,24,,Reservation,35492826,,,
ue1_qfi9,250.25,299.5,300.0,300.0,ok,0.7943501826005988,ok,ue1_qfi1,0,0,0,146.74999999999994,data,ok,2.0,False,,proxy,3,0,ue6_qfi2,0.0,147,150.0,ok,ue5_qfi2,38.152,ok,5,ok,24,ue6_qfi2,0.0,ok,0.4047794056210828,proxy,5,0.4025844258219235,65717236.800000004,ok,0.013190909090909092,ok,0.9334886363636363,0.0421859375,ok,ue3_qfi1,0.46938775510204084,49,100.0,data,ok,0.0,ue2_qfi9,198.0,ok,30.4,ue5_qfi2,6,112.25,493.25,30.303,ok,33.0,,pending,,pending,,,,,1.25,,,24,,TwoTier,35492826,,,
ue6_qfi2,133.226,149.02,149.806,150.125,ok,0.7860072436046441,ok,ue13_qfi82,0,0,0,55.49999999999999,data,ok,2.0,False,,proxy,3,0,ue3_qfi2,0.06756756756756757,148,150.0,ok,ue9_qfi2,150.093,ok,0,ok,24,ue11_qfi2,0.653074,ok,0.49440197781702955,proxy,5,0.485279479295186,68399792.0,ok,0.013711363636363636,ok,0.9336340909090909,0.040265625,ok,ue1_qfi2,1.0,1097,150.0,data,ok,0.0,ue16_qfi2,21.501000000000005,ok,6.0,ue18_qfi2,18,957.5,4564.5,30.303,ok,33.0,,pending,,pending,,,,,1.25,,,24,,PF,376383645,,,
ue20_qfi9,300.25,300.25,300.25,300.25,ok,0.7981952865907392,ok,ue3_qfi9,0,1,2,1249.7500000000002,data,ok,2.0,False,,proxy,3,0,ue17_qfi2,0.0,147,150.0,ok,ue5_qfi2,136.885,ok,9,ok,24,ue17_qfi2,0.0,ok,0.5660294933701786,proxy,5,0.544069384266077,65282686.4,ok,0.01715,ok,0.9254375,0.3387234375,ok,ue20_qfi1,0.2,5,100.0,data,ok,0.0,ue11_qfi2,107.689,ok,29.8,ue4_qfi2,16,174.5,1599.75,30.303,ok,33.0,,pending,,pending,,,,,1.25,,,24,,Reservation,376383645,,,
ue2_qfi9,123.0,298.75,299.5,300.0,ok,0.7944671140482653,ok,ue5_qfi1,0,0,0,140.25,data,ok,2.0,False,,proxy,3,0,ue6_qfi2,0.0,147,150.0,ok,ue4_qfi2,48.609,ok,5,ok,24,ue6_qfi2,0.0,ok,0.4049324611179559,proxy,5,0.4035325270503154,65720124.8,ok,0.012620454545454546,ok,0.9335488636363637,0.041721875,ok,ue2_qfi1,0.46938775510204084,49,100.0,data,ok,0.0,ue2_qfi9,177.0,ok,30.4,ue4_qfi2,14,100.75,1094.5,30.303,ok,33.0,,pending,,pending,,,,,1.25,,,24,,TwoTier,376383645,,,
ue2_qfi2,132.388,148.082,149.752,150.108,ok,0.7875756482520135,ok,ue16_qfi82,0,0,0,99.99999999999997,data,ok,2.0,False,,proxy,3,0,ue16_qfi2,0.08108108108108109,148,150.0,ok,ue22_qfi2,150.244,ok,0,ok,24,ue22_qfi2,0.6509544,ok,0.49369334662632847,proxy,5,0.4837118303342754,67804524.8,ok,0.01315,ok,0.9343181818181818,0.039990625,ok,ue1_qfi2,1.0,1115,150.0,data,ok,0.0,ue9_qfi2,18.333,ok,8.8,ue14_qfi2,16,1328.5,3938.0,30.303,ok,33.0,,pending,,pending,,,,,1.25,,,24,,PF,1746484539,,,
ue17_qfi9,300.0,300.25,300.25,300.25,ok,0.7973916074436199,ok,ue14_qfi9,0,0,1,992.75,data,ok,2.0,False,,proxy,3,0,ue19_qfi2,0.0,147,150.0,ok,ue5_qfi2,139.922,ok,9,ok,24,ue19_qfi2,0.0,ok,0.5631357902450242,proxy,5,0.5150182039887655,66524012.8,ok,0.01684772727272727,ok,0.9275215909090909,0.3208671875,ok,ue17_qfi1,0.25,8,100.0,data,ok,0.0,ue5_qfi2,118.512,ok,28.4,ue5_qfi2,11,221.25,1253.5,30.303,ok,33.0,,pending,,pending,,,,,1.25,,,24,,Reservation,1746484539,,,
ue1_qfi9,221.0,298.75,299.75,300.0,ok,0.7897818188525556,ok,ue4_qfi1,0,0,0,121.99999999999989,data,ok,2.0,False,,proxy,3,0,ue6_qfi2,0.0,148,150.0,ok,ue5_qfi2,41.803,ok,5,ok,24,ue6_qfi2,0.0,ok,0.40571674423882237,proxy,5,0.40528815186652106,67049107.2,ok,0.014184090909090908,ok,0.9338170454545455,0.04011875,ok,ue3_qfi1,0.5102040816326531,49,100.0,data,ok,0.0,ue3_qfi9,184.75,ok,30.2,ue5_qfi2,9,86.25,707.0,30.303,ok,33.0,,pending,,pending,,,,,1.25,,,24,,TwoTier,1746484539,,,
ue17_qfi2,133.119,148.685,149.601,150.095,ok,0.8121474605713862,ok,ue17_qfi82,0,0,0,55.749999999999744,data,ok,2.0,False,,proxy,3,0,ue20_qfi2,0.08783783783783784,148,150.0,ok,ue14_qfi2,150.199,ok,0,ok,24,ue20_qfi2,0.6606375999999999,ok,0.49410089441867344,proxy,5,0.48449562737512303,68599073.6,ok,0.013429545454545454,ok,0.9307738636363636,0.0403375,ok,ue1_qfi2,1.0,1110,150.0,data,ok,0.0,ue4_qfi2,24.021000000000015,ok,7.8,ue11_qfi2,17,859.25,4036.25,30.303,ok,33.0,,pending,,pending,,,,,1.5,,,24,,PF,1826701614,,,
ue20_qfi9,300.25,300.25,300.25,300.25,ok,0.8214224786792502,ok,ue9_qfi9,0,1,1,1088.5000000000002,data,ok,2.0,False,,proxy,3,0,ue16_qfi2,0.0,147,150.0,ok,ue20_qfi2,120.843,ok,13,ok,24,ue16_qfi2,0.0,ok,0.5760464329528867,proxy,5,0.5531234437946577,66347348.8,ok,0.016404545454545453,ok,0.9261340909090909,0.3318625,ok,ue5_qfi1,0.2702702702702703,37,100.0,data,ok,0.0,ue12_qfi2,103.13,ok,30.2,ue4_qfi2,18,183.0,1585.25,30.303,ok,33.0,,pending,,pending,,,,,1.5,,,24,,Reservation,1826701614,,,
ue3_qfi9,156.75,299.75,300.0,300.25,ok,0.8158471949305355,ok,ue5_qfi1,0,0,0,126.0,data,ok,2.0,False,,proxy,3,0,ue6_qfi2,0.0,147,150.0,ok,ue4_qfi2,45.487,ok,5,ok,24,ue6_qfi2,0.0,ok,0.402171131131273,proxy,5,0.4006892215876367,67944393.6,ok,0.01355,ok,0.9296931818181818,0.0397546875,ok,ue3_qfi1,0.46938775510204084,49,100.0,data,ok,0.0,ue4_qfi9,177.75,ok,30.4,ue4_qfi2,12,85.0,885.75,30.303,ok,33.0,,pending,,pending,,,,,1.5,,,24,,TwoTier,1826701614,,,
ue19_qfi2,133.913,148.299,149.853,150.111,ok,0.810589204994095,ok,ue10_qfi82,0,0,0,54.50000000000088,data,ok,2.0,False,,proxy,3,0,ue22_qfi2,0.06756756756756757,148,150.0,ok,ue9_qfi2,150.143,ok,0,ok,24,ue19_qfi2,0.6577268000000001,ok,0.4959379749916069,proxy,5,0.4855855055809181,69133700.8,ok,0.01296590909090909,ok,0.9310113636363636,0.03871875,ok,ue1_qfi2,1.0,1073,150.0,data,ok,0.0,ue13_qfi2,19.28,ok,6.6,ue3_qfi2,17,873.75,4335.0,30.303,ok,33.0,,pending,,pending,,,,,1.5,,,24,,PF,1367864806,,,
ue16_qfi9,300.0,300.25,300.25,300.25,ok,0.8206134240208757,ok,ue4_qfi9,0,0,0,488.24999999999983,data,ok,2.0,False,,proxy,3,0,ue17_qfi2,0.0,148,150.0,ok,ue16_qfi2,70.351,ok,15,ok,24,ue17_qfi2,0.0,ok,0.5863247687126212,proxy,5,0.5845282820256361,67347089.6,ok,0.017295454545454544,ok,0.9296659090909091,0.308421875,ok,ue5_qfi1,0.34146341463414637,41,100.0,data,ok,0.0,ue16_qfi2,78.891,ok,30.4,ue14_qfi2,10,98.25,782.0,30.303,ok,33.0,,pending,,pending,,,,,1.5,,,24,,Reservation,1367864806,,,
ue4_qfi9,131.75,299.5,300.0,300.25,ok,0.8112984259934608,ok,ue1_qfi1,0,0,0,146.00000000000003,data,ok,2.0,False,,proxy,3,0,ue6_qfi2,0.0,147,150.0,ok,ue1_qfi2,27.933,ok,5,ok,24,ue6_qfi2,0.0,ok,0.4014307057113034,proxy,5,0.39978177719893915,69208420.8,ok,0.0133,ok,0.9309647727272727,0.0371453125,ok,ue2_qfi1,0.42857142857142855,49,100.0,data,ok,0.0,ue4_qfi9,168.5,ok,30.4,ue4_qfi2,4,94.0,320.25,30.303,ok,33.0,,pending,,pending,,,,,1.5,,,24,,TwoTier,1367864806,,,
ue18_qfi2,132.391,148.214,149.656,150.146,ok,0.8172617569462863,ok,ue8_qfi82,0,0,0,54.24999999999991,data,ok,2.0,False,,proxy,3,0,ue2_qfi2,0.05405405405405406,148,150.0,ok,ue9_qfi2,150.216,ok,0,ok,24,ue17_qfi2,0.6263352,ok,0.4924072902055293,proxy,5,0.4834678894051316,66639872.0,ok,0.014636363636363637,ok,0.9304738636363636,0.042584375,ok,ue1_qfi2,1.0,1149,150.0,data,ok,0.0,ue13_qfi2,18.792,ok,6.6,ue23_qfi2,14,771.75,4265.25,30.303,ok,33.0,,pending,,pending,,,,,1.5,,,24,,PF,1097657231,,,
ue23_qfi9,300.25,300.25,300.25,300.25,ok,0.8217276318173151,ok,ue12_qfi9,1,1,2,3102.7500000000005,data,ok,2.0,False,,proxy,3,0,ue16_qfi2,0.0,147,150.0,ok,ue17_qfi2,148.788,ok,1,ok,24,ue16_qfi2,0.0,ok,0.5150214513075596,proxy,5,0.4421925614514193,65156843.2,ok,0.01864318181818182,ok,0.9220420454545455,0.36381875,ok,ue8_qfi1,0.0,10,100.0,data,ok,0.0,ue6_qfi9,116.75,ok,25.0,ue4_qfi2,17,201.5,1880.5,30.303,ok,33.0,,pending,,pending,,,,,1.5,,,24,,Reservation,1097657231,,,
ue2_qfi9,237.25,299.75,300.0,300.25,ok,0.81698325792266,ok,ue5_qfi1,0,0,0,128.0,data,ok,2.0,False,,proxy,3,0,ue6_qfi2,0.0,147,150.0,ok,ue5_qfi2,33.841,ok,5,ok,24,ue6_qfi2,0.0,ok,0.4023940292739049,proxy,5,0.40041926845004916,67414566.4,ok,0.01484090909090909,ok,0.9316681818181818,0.040396875,ok,ue5_qfi1,0.4897959183673469,49,100.0,data,ok,0.0,ue5_qfi9,130.75,ok,30.4,ue5_qfi2,4,109.25,328.25,30.303,ok,33.0,,pending,,pending,,,,,1.5,,,24,,TwoTier,1097657231,,,
ue12_qfi2,132.435,148.719,149.88,150.077,ok,0.8136807335102647,ok,ue7_qfi82,0,0,0,55.749999999999964,data,ok,2.0,False,,proxy,3,0,ue14_qfi2,0.08783783783783784,148,150.0,ok,ue7_qfi2,150.099,ok,0,ok,24,ue14_qfi2,0.6440971999999999,ok,0.49279463837251336,proxy,5,0.4855986669629896,67911160.0,ok,0.0138,ok,0.9310613636363636,0.0409359375,ok,ue1_qfi2,1.0,1038,150.0,data,ok,0.0,ue5_qfi2,19.544999999999987,ok,6.4,ue23_qfi2,15,912.25,4307.0,30.303,ok,33.0,,pending,,pending,,,,,1.5,,,24,,PF,579362555,,,
ue21_qfi9,300.0,300.25,300.25,300.25,ok,0.8238519513811026,ok,ue15_qfi9,0,0,1,712.9999999999997,data,ok,2.0,False,,proxy,3,0,ue16_qfi2,0.0,147,150.0,ok,ue6_qfi2,91.538,ok,15,ok,24,ue16_qfi2,0.0,ok,0.5762384513691772,proxy,5,0.5686985130023218,65908569.6,ok,0.01734090909090909,ok,0.927175,0.3253171875,ok,ue12_qfi1,0.2972972972972973,37,100.0,data,ok,0.0,ue21_qfi2,92.893,ok,30.4,ue15_qfi2,14,115.5,1210.75,30.303,ok,33.0,,pending,,pending,,,,,1.5,,,24,,Reservation,579362555,,,
ue1_qfi9,295.75,300.0,300.25,300.25,ok,0.8122098623164625,ok,ue2_qfi1,0,0,0,136.0000000000001,data,ok,2.0,False,,proxy,3,0,ue6_qfi2,0.0,147,150.0,ok,ue1_qfi2,33.502,ok,5,ok,24,ue6_qfi2,0.0,ok,0.40161648065934585,proxy,5,0.3984143385950707,68792668.8,ok,0.013404545454545454,ok,0.931225,0.0383953125,ok,ue4_qfi1,0.4489795918367347,49,100.0,data,ok,0.0,ue2_qfi9,143.5,ok,30.4,ue3_qfi2,4,95.0,301.5,30.303,ok,33.0,,pending,,pending,,,,,1.5,,,24,,TwoTier,579362555,,,
ue16_qfi2,132.737,148.778,149.666,150.068,ok,0.8122103319612444,ok,ue8_qfi82,0,0,0,54.50000000000002,data,ok,2.0,False,,proxy,3,0,ue12_qfi2,0.06756756756756757,148,150.0,ok,ue15_qfi2,150.25,ok,0,ok,24,ue12_qfi2,0.62797,ok,0.4936320261856573,proxy,5,0.4817513831072934,68479569.6,ok,0.013272727272727273,ok,0.9324568181818181,0.039725,ok,ue1_qfi2,1.0,1165,150.0,data,ok,0.0,ue13_qfi2,20.43900000000002,ok,6.4,ue14_qfi2,17,1154.0,4294.75,30.303,ok,33.0,,pending,,pending,,,,,1.5,,,24,,PF,661058651,,,
ue21_qfi9,300.25,300.25,300.25,300.25,ok,0.8218704399438104,ok,ue4_qfi9,0,0,1,859.9999999999999,data,ok,2.0,False,,proxy,3,0,ue17_qfi2,0.0,147,150.0,ok,ue21_qfi2,134.277,ok,11,ok,24,ue17_qfi2,0.0,ok,0.5710553139616662,proxy,5,0.545831334752308,66061648.0,ok,0.0171,ok,0.9274875,0.329871875,ok,ue11_qfi1,0.21875,32,100.0,data,ok,0.0,ue10_qfi2,107.179,ok,29.6,ue14_qfi2,14,205.25,1366.75,30.303,ok,33.0,,pending,,pending,,,,,1.5,,,24,,Reservation,661058651,,,
ue5_qfi9,162.0,299.5,300.0,300.25,ok,0.8144867685514632,ok,ue5_qfi1,0,0,0,137.9999999999999,data,ok,2.0,False,,proxy,3,0,ue6_qfi2,0.0,148,150.0,ok,ue5_qfi2,34.311,ok,5,ok,24,ue6_qfi2,0.0,ok,0.40216927442813216,proxy,5,0.40082948350493086,68396953.6,ok,0.013359090909090909,ok,0.9314238636363636,0.03815625,ok,ue2_qfi1,0.4489795918367347,49,100.0,data,ok,0.0,ue3_qfi9,169.5,ok,30.2,ue5_qfi2,7,113.25,543.75,30.303,ok,33.0,,pending,,pending,,,,,1.5,,,24,,TwoTier,661058651,,,
ue17_qfi2,132.796,148.876,149.584,150.127,ok,0.8148707128951952,ok,ue18_qfi82,0,0,0,54.49999999999999,data,ok,2.0,False,,proxy,3,0,ue13_qfi2,0.060810810810810814,148,150.0,ok,ue20_qfi2,150.237,ok,0,ok,24,ue18_qfi2,0.635696,ok,0.49316931972476896,proxy,5,0.4836085982451631,67515312.0,ok,0.013304545454545454,ok,0.9325102272727273,0.040659375,ok,ue1_qfi2,1.0,1190,150.0,data,ok,0.0,ue21_qfi2,19.460000000000008,ok,6.4,ue7_qfi2,15,620.75,4326.75,30.303,ok,33.0,,pending,,pending,,,,,1.5,,,24,,PF,87989972,,,
ue16_qfi9,300.0,300.25,300.25,300.25,ok,0.8262519254739037,ok,ue6_qfi9,0,0,1,565.9999999999999,data,ok,2.0,False,,proxy,3,0,ue17_qfi2,0.0,148,150.0,ok,ue16_qfi2,121.627,ok,13,ok,24,ue17_qfi2,0.0,ok,0.574616015032826,proxy,5,0.572966424832338,65514156.8,ok,0.017852272727272727,ok,0.9276931818181818,0.3208234375,ok,ue12_qfi1,0.3076923076923077,39,100.0,data,ok,0.0,ue16_qfi2,96.99000000000001,ok,30.4,ue6_qfi2,12,113.5,981.0,30.303,ok,33.0,,pending,,pending,,,,,1.5,,,24,,Reservation,87989972,,,
ue4_qfi9,150.25,299.75,300.0,300.25,ok,0.8152969828249158,ok,ue1_qfi1,0,0,0,125.99999999999989,data,ok,2.0,False,,proxy,3,0,ue6_qfi2,0.0,147,150.0,ok,ue4_qfi2,35.323,ok,5,ok,24,ue6_qfi2,0.0,ok,0.4015596892823745,proxy,5,0.3997371841624627,67960540.8,ok,0.013602272727272727,ok,0.9318011363636364,0.039615625,ok,ue5_qfi1,0.40816326530612246,49,100.0,data,ok,0.0,ue3_qfi9,183.5,ok,30.4,ue3_qfi2,3,86.0,243.5,30.303,ok,33.0,,pending,,pending,,,,,1.5,,,24,,TwoTier,87989972,,,
ue23_qfi2,132.978,148.645,149.935,150.146,ok,0.8141832286495144,ok,ue15_qfi82,0,0,0,55.749999999999964,data,ok,2.0,False,,proxy,3,0,ue15_qfi2,0.060810810810810814,148,150.0,ok,ue23_qfi2,150.204,ok,0,ok,24,ue15_qfi2,0.6057648,ok,0.49194451247925935,proxy,5,0.48515625617819935,67806476.8,ok,0.013536363636363636,ok,0.9324056818181818,0.04075,ok,ue1_qfi2,1.0,1262,150.0,data,ok,0.0,ue1_qfi2,21.14500000000001,ok,6.6,ue14_qfi2,15,870.0,4275.25,30.303,ok,33.0,,pending,,pending,,,,,1.5,,,24,,PF,161576974,,,
ue16_qfi9,300.0,300.25,300.25,300.25,ok,0.8241513038225315,ok,ue7_qfi9,0,0,1,721.2499999999995,data,ok,2.0,False,,proxy,3,0,ue17_qfi2,0.0,147,150.0,ok,ue6_qfi2,104.391,ok,14,ok,24,ue17_qfi2,0.0,ok,0.5717008269114611,proxy,5,0.5550837515493522,65386019.199999996,ok,0.017379545454545453,ok,0.9271920454545455,0.328196875,ok,ue16_qfi1,0.2222222222222222,27,100.0,data,ok,0.0,ue1_qfi2,98.962,ok,30.2,ue14_qfi2,19,126.0,1610.75,30.303,ok,33.0,,pending,,pending,,,,,1.5,,,24,,Reservation,161576974,,,
ue4_qfi9,246.0,300.0,300.25,300.25,ok,0.8190382179117867,ok,ue1_qfi1,0,0,0,131.9999999999999,data,ok,2.0,False,,proxy,3,0,ue6_qfi2,0.0,148,150.0,ok,ue2_qfi2,26.105,ok,5,ok,24,ue6_qfi2,0.0,ok,0.4012921044173033,proxy,5,0.39872682333134024,66650822.4,ok,0.013275,ok,0.9326511363636364,0.0412640625,ok,ue5_qfi1,0.4489795918367347,49,100.0,data,ok,0.0,ue3_qfi9,144.75,ok,30.4,ue3_qfi2,4,75.25,291.0,30.303,ok,33.0,,pending,,pending,,,,,1.5,,,24,,TwoTier,161576974,,,
ue9_qfi2,133.114,148.306,149.658,150.187,ok,0.8132866229717558,ok,ue8_qfi82,0,0,0,54.250000000000576,data,ok,2.0,False,,proxy,3,0,ue19_qfi2,0.060810810810810814,148,150.0,ok,ue9_qfi2,150.25,ok,0,ok,24,ue4_qfi2,0.6509164000000001,ok,0.494079647118742,proxy,5,0.48554966243444225,68095502.4,ok,0.013077272727272727,ok,0.933825,0.0404203125,ok,ue1_qfi2,1.0,1190,150.0,data,ok,0.0,ue24_qfi2,18.855000000000018,ok,5.6,ue8_qfi2,15,855.25,4436.25,30.303,ok,33.0,,pending,,pending,,,,,1.5,,,24,,PF,35492826,,,
ue18_qfi9,300.25,300.25,300.25,300.25,ok,0.8198588804592771,ok,ue9_qfi9,0,1,3,1155.25,data,ok,2.0,False,,proxy,3,0,ue17_qfi2,0.0,147,150.0,ok,ue16_qfi2,139.845,ok,7,ok,24,ue17_qfi2,0.0,ok,0.5543071372976475,proxy,5,0.5334860018028148,66009680.0,ok,0.01710681818181818,ok,0.9272590909090909,0.3404203125,ok,ue6_qfi1,0.1,20,100.0,data,ok,0.0,ue2_qfi9,177.75,ok,29.2,ue12_qfi2,17,250.75,2070.5,30.303,ok,33.0,,pending,,pending,,,,,1.5,,,24,,Reservation,35492826,,,
ue4_qfi9,279.0,299.75,300.0,300.25,ok,0.8167405323096225,ok,ue5_qfi1,0,0,0,139.25,data,ok,2.0,False,,proxy,3,0,ue6_qfi2,0.0,148,150.0,ok,ue5_qfi2,39.147,ok,5,ok,24,ue6_qfi2,0.0,ok,0.4023320366026999,proxy,5,0.401313530856475,67484296.0,ok,0.013063636363636364,ok,0.9334,0.04065625,ok,ue3_qfi1,0.42857142857142855,49,100.0,data,ok,0.0,ue5_qfi9,93.0,ok,30.2,ue5_qfi2,5,118.75,433.25,30.303,ok,33.0,,pending,,pending,,,,,1.5,,,24,,TwoTier,35492826,,,
ue2_qfi2,132.78,148.817,149.869,150.137,ok,0.8108080425952395,ok,ue14_qfi82,0,0,0,102.50000000000003,data,ok,2.0,False,,proxy,3,0,ue10_qfi2,0.08108108108108109,148,150.0,ok,ue7_qfi2,150.25,ok,0,ok,24,ue2_qfi2,0.6717208,ok,0.49572787750533154,proxy,5,0.48627176184653714,69048067.2,ok,0.013595454545454546,ok,0.9334431818181819,0.039965625,ok,ue14_qfi82,0.9897959183673469,98,100.0,data,ok,0.0,ue21_qfi2,20.009000000000015,ok,8.4,ue6_qfi2,15,690.25,3951.75,30.303,ok,33.0,,pending,,pending,,,,,1.5,,,24,,PF,376383645,,,
ue16_qfi9,300.0,300.25,300.25,300.25,ok,0.8213378026736411,ok,ue12_qfi9,0,0,0,491.74999999999966,data,ok,2.0,False,,proxy,3,0,ue17_qfi2,0.0,147,150.0,ok,ue15_qfi2,105.118,ok,14,ok,24,ue17_qfi2,0.0,ok,0.5852764610734759,proxy,5,0.5802287607806891,67051676.8,ok,0.017725,ok,0.9278579545454545,0.3187390625,ok,ue13_qfi1,0.358974358974359,39,100.0,data,ok,0.0,ue15_qfi2,97.668,ok,30.0,ue3_qfi2,11,96.75,896.5,30.303,ok,33.0,,pending,,pending,,,,,1.5,,,24,,Reservation,376383645,,,
ue3_qfi9,127.0,299.75,300.0,300.25,ok,0.8118016403800412,ok,ue1_qfi1,0,0,0,140.75000000000014,data,ok,2.0,False,,proxy,3,0,ue6_qfi2,0.0,147,150.0,ok,ue5_qfi2,48.781,ok,5,ok,24,ue6_qfi2,0.0,ok,0.4022641118141513,proxy,5,0.4001861776395587,69193201.6,ok,0.01288409090909091,ok,0.9336590909090909,0.0376953125,ok,ue1_qfi1,0.46938775510204084,49,100.0,data,ok,0.0,ue3_qfi9,173.25,ok,30.4,ue5_qfi2,9,114.0,740.5,30.303,ok,33.0,,pending,,pending,,,,,1.5,,,24,,TwoTier,376383645,,,
ue21_qfi2,132.418,148.111,149.75,150.122,ok,0.8136037557596343,ok,ue3_qfi82,0,0,0,99.99999999999997,data,ok,2.0,False,,proxy,3,0,ue20_qfi2,0.05405405405405406,148,150.0,ok,ue19_qfi2,150.165,ok,0,ok,24,ue2_qfi2,0.6300464,ok,0.49321776114472493,proxy,5,0.4846026474684143,68048201.6,ok,0.013145454545454545,ok,0.9335840909090909,0.0399140625,ok,ue1_qfi2,1.0,1107,150.0,data,ok,0.0,ue18_qfi2,19.223000000000013,ok,3.8,ue12_qfi2,13,1028.25,4737.5,30.303,ok,33.0,,pending,,pending,,,,,1.5,,,24,,PF,1746484539,,,
ue17_qfi9,300.0,300.25,300.25,300.25,ok,0.8255612278358171,ok,ue16_qfi9,0,1,1,1150.2500000000007,data,ok,2.0,False,,proxy,3,0,ue18_qfi2,0.0,148,150.0,ok,ue7_qfi2,138.704,ok,9,ok,24,ue18_qfi2,0.0,ok,0.5579197935917263,proxy,5,0.5184360939938493,65280755.2,ok,0.017238636363636362,ok,0.9273306818181818,0.331696875,ok,ue16_qfi1,0.0,6,100.0,data,ok,0.0,ue7_qfi2,111.28299999999999,ok,28.8,ue13_qfi2,10,311.25,1125.0,30.303,ok,33.0,,pending,,pending,,,,,1.5,,,24,,Reservation,1746484539,,,
ue2_qfi9,232.0,300.0,300.25,300.25,ok,0.8193466696640566,ok,ue5_qfi1,0,0,0,134.0,data,ok,2.0,False,,proxy,3,0,ue6_qfi2,0.0,148,150.0,ok,ue4_qfi2,41.329,ok,5,ok,24,ue6_qfi2,0.0,ok,0.40075234032469104,proxy,5,0.39777385350414496,66435740.8,ok,0.014336363636363637,ok,0.9336238636363636,0.0409515625,ok,ue1_qfi1,0.42857142857142855,49,100.0,data,ok,0.0,ue4_qfi9,202.25,ok,30.4,ue4_qfi2,6,105.0,522.75,30.303,ok,33.0,,pending,,pending,,,,,1.5,,,24,,TwoTier,1746484539,,,
ue15_qfi2,132.363,148.387,149.569,150.033,ok,0.8907862237116211,ok,ue11_qfi82,0,0,0,100.00000000000009,data,ok,2.0,False,,proxy,3,0,ue16_qfi2,0.0945945945945946,148,150.0,ok,ue16_qfi2,150.176,ok,0,ok,24,ue23_qfi2,0.6725508,ok,0.49581063957994953,proxy,5,0.48802439315945756,69552550.4,ok,0.012752272727272727,ok,0.9309420454545455,0.037621875,ok,ue11_qfi82,0.9897959183673469,98,100.0,data,ok,0.0,ue24_qfi2,20.155,ok,6.2,ue20_qfi2,16,1049.25,4371.25,30.303,ok,33.0,,pending,,pending,,,,,3.0,,,24,,PF,1826701614,,,
ue21_qfi9,300.25,300.25,300.25,300.25,ok,0.8995785169972251,ok,ue15_qfi9,0,1,1,1616.75,data,ok,2.0,False,,proxy,3,0,ue16_qfi2,0.0,147,150.0,ok,ue4_qfi2,79.706,ok,14,ok,24,ue16_qfi2,0.0,ok,0.5780759889571423,proxy,5,0.569041496562183,67175404.8,ok,0.015761363636363636,ok,0.9281056818181819,0.3057625,ok,ue8_qfi1,0.28205128205128205,39,100.0,data,ok,0.0,ue21_qfi2,96.40899999999999,ok,30.4,ue11_qfi2,12,95.25,938.25,30.303,ok,33.0,,pending,,pending,,,,,3.0,,,24,,Reservation,1826701614,,,
ue5_qfi9,299.75,300.25,300.25,300.25,ok,0.9022516528121768,ok,ue5_qfi1,0,0,0,184.75,data,ok,2.0,False,,proxy,3,0,ue6_qfi2,0.0,147,150.0,ok,ue2_qfi2,23.02,ok,5,ok,24,ue6_qfi2,0.0,ok,0.38834089773690944,proxy,5,0.38796318587918166,71060124.8,ok,0.013188636363636364,ok,0.9296363636363636,0.0354734375,ok,ue1_qfi1,0.46938775510204084,49,100.0,data,ok,0.0,ue5_qfi1,83.75,ok,30.4,ue5_qfi2,1,120.25,120.25,30.303,ok,33.0,,pending,,pending,,,,,3.0,,,24,,TwoTier,1826701614,,,
ue5_qfi2,132.279,148.563,149.689,150.09,ok,0.892638483512247,ok,ue13_qfi82,0,0,0,55.749999999999744,data,ok,2.0,False,,proxy,3,0,ue21_qfi2,0.08108108108108109,148,150.0,ok,ue24_qfi2,150.207,ok,0,ok,24,ue9_qfi2,0.6309112,ok,0.4953676827008109,proxy,5,0.48361071340640116,68395886.4,ok,0.013234090909090909,ok,0.9313386363636363,0.0405484375,ok,ue1_qfi2,1.0,1085,150.0,data,ok,0.0,ue10_qfi2,20.77799999999999,ok,13.2,ue10_qfi2,19,686.25,3180.25,30.303,ok,33.0,,pending,,pending,,,,,3.0,,,24,,PF,1367864806,,,
ue20_qfi9,300.25,300.25,300.25,300.25,ok,0.8979822498792748,ok,ue11_qfi9,1,1,2,2947.0,data,ok,2.0,False,,proxy,3,0,ue17_qfi2,0.0,147,150.0,ok,ue16_qfi2,137.401,ok,8,ok,24,ue17_qfi2,0.0,ok,0.5582684728216107,proxy,5,0.5265799454937722,65946259.2,ok,0.017713636363636362,ok,0.925275,0.346015625,ok,ue7_qfi1,0.17857142857142858,28,100.0,data,ok,0.0,ue5_qfi9,180.25,ok,29.2,ue10_qfi2,16,240.5,1670.5,30.303,ok,33.0,,pending,,pending,,,,,3.0,,,24,,Reservation,1367864806,,,
ue5_qfi9,299.75,300.25,300.25,300.25,ok,0.9084571918665769,ok,ue3_qfi1,0,0,0,213.25,data,ok,2.0,False,,proxy,3,0,ue6_qfi2,0.0,147,150.0,ok,ue1_qfi2,26.712,ok,5,ok,24,ue6_qfi2,0.0,ok,0.385976361356937,proxy,5,0.38420900068121144,66902193.6,ok,0.013563636363636363,ok,0.931103409090909,0.0412046875,ok,ue5_qfi1,0.5,48,100.0,data,ok,0.0,ue3_qfi2,68.505,ok,30.4,ue3_qfi2,1,117.0,117.0,30.303,ok,33.0,,pending,,pending,,,,,3.0,,,24,,TwoTier,1367864806,,,
ue7_qfi2,132.928,148.428,149.894,150.133,ok,0.8944263725645627,ok,ue7_qfi82,0,0,0,54.49999999999999,data,ok,2.0,False,,proxy,3,0,ue1_qfi2,0.06756756756756757,148,150.0,ok,ue3_qfi2,150.191,ok,0,ok,24,ue1_qfi2,0.6363532,ok,0.49285700898678775,proxy,5,0.48384463508685216,67266553.6,ok,0.014690909090909091,ok,0.9307238636363636,0.0418671875,ok,ue1_qfi2,1.0,996,150.0,data,ok,0.0,ue21_qfi2,19.710000000000008,ok,11.2,ue5_qfi2,16,796.25,3082.5,30.303,ok,33.0,,pending,,pending,,,,,3.0,,,24,,PF,1097657231,,,
ue21_qfi9,224.0,300.25,300.25,300.25,ok,0.8995816976439637,ok,ue9_qfi9,1,1,1,2704.5000000000005,data,ok,2.0,False,,proxy,3,0,ue16_qfi2,0.0,147,150.0,ok,ue2_qfi2,141.788,ok,3,ok,24,ue16_qfi2,0.0,ok,0.5490912611128366,proxy,5,0.5313450712851128,64269270.4,ok,0.01876818181818182,ok,0.9218988636363636,0.359928125,ok,ue2_qfi1,0.1111111111111111,18,100.0,data,ok,0.0,ue13_qfi9,208.0,ok,28.6,ue5_qfi2,17,254.5,2094.25,30.303,ok,33.0,,pending,,pending,,,,,3.0,,,24,,Reservation,1097657231,,,
ue5_qfi9,293.75,300.0,300.25,300.25,ok,0.9000158813531428,ok,ue1_qfi1,0,0,0,319.75,data,ok,2.0,False,,proxy,3,0,ue6_qfi2,0.0,148,150.0,ok,ue3_qfi2,54.304,ok,5,ok,24,ue6_qfi2,0.0,ok,0.384136982814285,proxy,5,0.3826806218167956,69423299.2,ok,0.014170454545454545,ok,0.9315511363636364,0.0391703125,ok,ue4_qfi1,0.5,48,100.0,data,ok,0.0,ue4_qfi2,86.45500000000001,ok,30.2,ue3_qfi2,2,112.25,194.5,30.303,ok,33.0,,pending,,pending,,,,,3.0,,,24,,TwoTier,1097657231,,,
ue16_qfi2,132.301,148.547,149.667,150.087,ok,0.8939948389909871,ok,ue2_qfi82,0,0,0,54.49999999999999,data,ok,2.0,False,,proxy,3,0,ue20_qfi2,0.07432432432432433,148,150.0,ok,ue17_qfi2,150.237,ok,0,ok,24,ue20_qfi2,0.6415856,ok,0.4920682546666759,proxy,5,0.483936834150582,67501008.0,ok,0.014420454545454545,ok,0.9318125,0.041496875,ok,ue1_qfi2,1.0,1034,150.0,data,ok,0.0,ue5_qfi2,18.792,ok,9.4,ue6_qfi2,14,764.0,3508.5,30.303,ok,33.0,,pending,,pending,,,,,3.0,,,24,,PF,579362555,,,
ue19_qfi9,300.0,300.25,300.25,300.25,ok,0.9000452203110016,ok,ue12_qfi9,0,1,3,1514.9999999999998,data,ok,2.0,False,,proxy,3,0,ue16_qfi2,0.0,148,150.0,ok,ue15_qfi2,131.078,ok,15,ok,24,ue16_qfi2,0.0,ok,0.5725491395243658,proxy,5,0.5596394275308793,65565931.2,ok,0.018529545454545455,ok,0.9261897727272728,0.3312609375,ok,ue1_qfi1,0.3125,32,100.0,data,ok,0.0,ue10_qfi2,105.45799999999998,ok,30.0,ue11_qfi2,15,110.5,1225.75,30.303,ok,33.0,,pending,,pending,,,,,3.0,,,24,,Reservation,579362555,,,
ue5_qfi9,298.75,300.25,300.25,300.25,ok,0.9017535357515089,ok,ue1_qfi9,0,0,1,689.2499999999999,data,ok,2.0,False,,proxy,3,0,ue6_qfi2,0.0,148,150.0,ok,ue1_qfi2,73.358,ok,5,ok,24,ue6_qfi2,0.0,ok,0.3850762915787914,proxy,5,0.381590036896039,69655363.2,ok,0.014104545454545455,ok,0.9317329545454546,0.037953125,ok,ue3_qfi1,0.42857142857142855,49,100.0,data,ok,0.0,ue1_qfi1,82.5,ok,30.4,ue1_qfi2,8,97.25,634.0,30.303,ok,33.0,,pending,,pending,,,,,3.0,,,24,,TwoTier,579362555,,,
ue4_qfi2,131.512,148.897,149.881,150.064,ok,0.8922466506060827,ok,ue23_qfi82,0,0,0,54.50000000000002,data,ok,2.0,False,,proxy,3,0,ue14_qfi2,0.08108108108108109,148,150.0,ok,ue13_qfi2,150.25,ok,0,ok,24,ue14_qfi2,0.644846,ok,0.4936231628647511,proxy,5,0.4842898928061181,68670873.6,ok,0.01320909090909091,ok,0.9322897727272728,0.040065625,ok,ue1_qfi2,1.0,1197,150.0,data,ok,0.0,ue9_qfi2,20.991000000000014,ok,11.0,ue10_qfi2,18,527.0,3620.75,30.303,ok,33.0,,pending,,pending,,,,,3.0,,,24,,PF,661058651,,,
ue18_qfi9,300.25,300.25,300.25,300.25,ok,0.8990337351420666,ok,ue15_qfi9,0,1,1,1792.7500000000002,data,ok,2.0,False,,proxy,3,0,ue17_qfi2,0.0,147,150.0,ok,ue7_qfi2,133.34,ok,9,ok,24,ue17_qfi2,0.0,ok,0.5677776628012547,proxy,5,0.5466919305180948,65777124.8,ok,0.01783409090909091,ok,0.92475,0.3374171875,ok,ue18_qfi1,0.14285714285714285,7,100.0,data,ok,0.0,ue3_qfi2,108.07600000000001,ok,29.2,ue8_qfi2,14,218.5,1343.0,30.303,ok,33.0,,pending,,pending,,,,,3.0,,,24,,Reservation,661058651,,,
ue5_qfi9,299.25,300.25,300.25,300.25,ok,0.9034671953092637,ok,ue5_qfi1,0,0,0,222.75,data,ok,2.0,False,,proxy,3,0,ue6_qfi2,0.0,147,150.0,ok,ue2_qfi2,30.616,ok,5,ok,24,ue6_qfi2,0.0,ok,0.38688329977790875,proxy,5,0.38474452174764545,69408121.6,ok,0.013470454545454546,ok,0.9318102272727272,0.038090625,ok,ue5_qfi1,0.5,48,100.0,data,ok,0.0,ue5_qfi2,72.30000000000001,ok,30.4,ue5_qfi2,2,116.0,182.75,30.303,ok,33.0,,pending,,pending,,,,,3.0,,,24,,TwoTier,661058651,,,
ue8_qfi2,131.801,148.384,149.857,150.111,ok,0.8934845829459234,ok,ue21_qfi82,0,0,0,54.49999999999999,data,ok,2.0,False,,proxy,3,0,ue11_qfi2,0.08053691275167785,149,150.0,ok,ue11_qfi2,150.25,ok,0,ok,24,ue22_qfi2,0.6483844,ok,0.4933462854399478,proxy,5,0.4851862595171735,67926177.6,ok,0.013345454545454546,ok,0.9327727272727273,0.0410515625,ok,ue1_qfi2,1.0,1141,150.0,data,ok,0.0,ue9_qfi2,23.104,ok,7.4,ue13_qfi2,16,588.5,4153.5,30.303,ok,33.0,,pending,,pending,,,,,3.0,,,24,,PF,87989972,,,
ue24_qfi9,300.25,300.25,300.25,300.25,ok,0.8991770959061491,ok,ue11_qfi9,0,1,2,1652.7499999999998,data,ok,2.0,False,,proxy,3,0,ue16_qfi2,0.0,147,150.0,ok,ue3_qfi2,133.27,ok,10,ok,24,ue16_qfi2,0.0,ok,0.5686217336431099,proxy,5,0.5574260306532756,66267620.8,ok,0.017736363636363637,ok,0.9274954545454546,0.3282765625,ok,ue24_qfi1,0.15384615384615385,13,100.0,data,ok,0.0,ue3_qfi2,111.21699999999998,ok,29.8,ue4_qfi2,14,154.5,1307.0,30.303,ok,33.0,,pending,,pending,,,,,3.0,,,24,,Reservation,87989972,,,
ue5_qfi9,299.5,300.25,300.25,300.25,ok,0.9018984369690396,ok,ue5_qfi1,0,0,0,224.25,data,ok,2.0,False,,proxy,3,0,ue6_qfi2,0.0,147,150.0,ok,ue1_qfi2,28.209,ok,5,ok,24,ue6_qfi2,0.0,ok,0.3876959996300776,proxy,5,0.38631567335725425,70342152.0,ok,0.013652272727272726,ok,0.9318284090909091,0.0367890625,ok,ue1_qfi1,0.5102040816326531,49,100.0,data,ok,0.0,ue4_qfi1,88.25,ok,30.2,ue4_qfi2,2,107.25,174.5,30.303,ok,33.0,,pending,,pending,,,,,3.0,,,24,,TwoTier,87989972,,,
ue18_qfi2,133.126,148.791,149.791,150.109,ok,0.894000167752528,ok,ue24_qfi82,0,0,0,55.749999999999964,data,ok,2.0,False,,proxy,3,0,ue11_qfi2,0.06756756756756757,148,150.0,ok,ue22_qfi2,150.185,ok,0,ok,24,ue24_qfi2,0.6239431999999999,ok,0.49176312258203225,proxy,5,0.48480821877137237,67444716.8,ok,0.013290909090909091,ok,0.9327090909090909,0.041303125,ok,ue1_qfi2,1.0,1098,150.0,data,ok,0.0,ue16_qfi2,21.397999999999996,ok,7.8,ue6_qfi2,19,592.0,4203.25,30.303,ok,33.0,,pending,,pending,,,,,3.0,,,24,,PF,161576974,,,
ue17_qfi9,300.0,300.25,300.25,300.25,ok,0.899770872218581,ok,ue14_qfi9,0,1,2,1529.75,data,ok,2.0,False,,proxy,3,0,ue16_qfi2,0.0,147,150.0,ok,ue1_qfi2,89.3,ok,15,ok,24,ue16_qfi2,0.0,ok,0.5748503998515253,proxy,5,0.5630388386486751,65469152.0,ok,0.01748181818181818,ok,0.9267909090909091,0.3341921875,ok,ue9_qfi1,0.1875,32,100.0,data,ok,0.0,ue7_qfi2,101.602,ok,30.2,ue10_qfi2,18,110.0,1470.75,30.303,ok,33.0,,pending,,pending,,,,,3.0,,,24,,Reservation,161576974,,,
ue5_qfi9,299.5,300.25,300.25,300.25,ok,0.9071657393202754,ok,ue5_qfi1,0,0,0,241.75,data,ok,2.0,False,,proxy,3,0,ue6_qfi2,0.0,147,150.0,ok,ue1_qfi2,25.355,ok,5,ok,24,ue6_qfi2,0.0,ok,0.3863214184522786,proxy,5,0.38359127107635504,67592345.6,ok,0.012943181818181819,ok,0.9327420454545454,0.0398578125,ok,ue1_qfi1,0.46938775510204084,49,100.0,data,ok,0.0,ue5_qfi2,77.135,ok,30.2,ue4_qfi2,2,112.75,179.5,30.303,ok,33.0,,pending,,pending,,,,,3.0,,,24,,TwoTier,161576974,,,
ue4_qfi2,132.364,149.046,149.829,150.131,ok,0.892644658466774,ok,ue9_qfi82,0,0,0,53.99999999999983,data,ok,2.0,False,,proxy,3,0,ue19_qfi2,0.07432432432432433,148,150.0,ok,ue20_qfi2,150.199,ok,0,ok,24,ue19_qfi2,0.6629836,ok,0.494190352711538,proxy,5,0.48535325794105716,68365873.6,ok,0.013240909090909091,ok,0.9339511363636364,0.039890625,ok,ue1_qfi2,1.0,1106,150.0,data,ok,0.0,ue11_qfi2,19.345,ok,9.4,ue7_qfi2,15,1572.75,3788.25,30.303,ok,33.0,,pending,,pending,,,,,3.0,,,24,,PF,35492826,,,
ue22_qfi9,300.25,300.25,300.25,300.25,ok,0.8971200803476121,ok,ue4_qfi9,1,1,2,2423.4999999999995,data,ok,2.0,False,,proxy,3,0,ue18_qfi2,0.0,147,150.0,ok,ue22_qfi2,135.865,ok,7,ok,24,ue18_qfi2,0.0,ok,0.5588508917814904,proxy,5,0.5328209766898533,66285222.4,ok,0.016661363636363637,ok,0.9267102272727272,0.3343125,ok,ue11_qfi1,0.09090909090909091,22,100.0,data,ok,0.0,ue7_qfi2,101.197,ok,28.0,ue9_qfi2,17,308.5,2017.75,30.303,ok,33.0,,pending,,pending,,,,,3.0,,,24,,Reservation,35492826,,,
ue5_qfi9,299.75,300.25,300.25,300.25,ok,0.9077672107288407,ok,ue5_qfi1,0,0,0,217.75,data,ok,2.0,False,,proxy,3,0,ue6_qfi2,0.0,147,150.0,ok,ue4_qfi2,41.15,ok,5,ok,24,ue6_qfi2,0.0,ok,0.3864969631913337,proxy,5,0.3846013091409907,67377972.8,ok,0.013018181818181818,ok,0.9337988636363637,0.0392015625,ok,ue4_qfi1,0.46938775510204084,49,100.0,data,ok,0.0,ue4_qfi1,92.5,ok,30.4,ue4_qfi2,2,103.25,197.75,30.303,ok,33.0,,pending,,pending,,,,,3.0,,,24,,TwoTier,35492826,,,
ue8_qfi2,132.802,148.789,149.861,150.104,ok,0.8943901469070142,ok,ue5_qfi82,0,0,0,56.00000000000005,data,ok,2.0,False,,proxy,3,0,ue12_qfi2,0.06756756756756757,148,150.0,ok,ue24_qfi2,150.245,ok,0,ok,24,ue12_qfi2,0.6231984,ok,0.49388290184800293,proxy,5,0.48356453152782963,67261699.2,ok,0.014897727272727273,ok,0.9333193181818182,0.0414546875,ok,ue1_qfi2,1.0,1084,150.0,data,ok,0.0,ue23_qfi2,19.144000000000005,ok,7.8,ue9_qfi2,14,723.75,3974.25,30.303,ok,33.0,,pending,,pending,,,,,3.0,,,24,,PF,376383645,,,
ue24_qfi9,300.25,300.25,300.25,300.25,ok,0.9003994447536997,ok,ue14_qfi9,1,1,1,2666.0000000000005,data,ok,2.0,False,,proxy,3,0,ue16_qfi2,0.0,147,150.0,ok,ue18_qfi2,129.731,ok,7,ok,24,ue16_qfi2,0.0,ok,0.5588959223076495,proxy,5,0.5363741160596041,65412464.0,ok,0.017654545454545454,ok,0.9258113636363636,0.33255625,ok,ue7_qfi1,0.3,30,100.0,data,ok,0.0,ue5_qfi2,108.77599999999998,ok,30.0,ue4_qfi2,14,170.0,1328.25,30.303,ok,33.0,,pending,,pending,,,,,3.0,,,24,,Reservation,376383645,,,
ue5_qfi9,299.25,300.25,300.25,300.25,ok,0.9051794843361601,ok,ue5_qfi1,0,0,0,218.25,data,ok,2.0,False,,proxy,3,0,ue6_qfi2,0.0,147,150.0,ok,ue1_qfi2,35.5,ok,5,ok,24,ue6_qfi2,0.0,ok,0.38639740266246825,proxy,5,0.38447792835179956,68328107.2,ok,0.013652272727272726,ok,0.9334522727272727,0.03915,ok,ue3_qfi1,0.42857142857142855,49,100.0,data,ok,0.0,ue5_qfi2,68.83,ok,30.4,ue5_qfi2,1,117.0,117.0,30.303,ok,33.0,,pending,,pending,,,,,3.0,,,24,,TwoTier,376383645,,,
ue6_qfi2,132.111,148.097,149.627,150.015,ok,0.8937760118015503,ok,ue14_qfi82,0,0,0,99.99999999999997,data,ok,2.0,False,,proxy,3,0,ue2_qfi2,0.06756756756756757,148,150.0,ok,ue4_qfi2,150.108,ok,0,ok,24,ue9_qfi2,0.6165744000000001,ok,0.4925980990282931,proxy,5,0.4826968317495589,67645958.4,ok,0.01335,ok,0.9334295454545455,0.0411453125,ok,ue1_qfi2,1.0,1115,150.0,data,ok,0.0,ue19_qfi2,20.302999999999997,ok,5.0,ue8_qfi2,13,992.25,4426.25,30.303,ok,33.0,,pending,,pending,,,,,3.0,,,24,,PF,1746484539,,,
ue22_qfi9,300.25,300.25,300.25,300.25,ok,0.900362680534942,ok,ue7_qfi1,0,0,1,627.5,data,ok,2.0,False,,proxy,3,0,ue24_qfi2,0.0,147,150.0,ok,ue23_qfi2,149.854,ok,0,ok,24,ue24_qfi2,0.0,ok,0.527142539993562,proxy,5,0.4662013855401906,65390635.2,ok,0.018497727272727273,ok,0.9233340909090909,0.350428125,ok,ue12_qfi1,0.3181818181818182,22,100.0,data,ok,0.0,ue7_qfi2,118.646,ok,21.2,ue7_qfi2,8,1330.0,1915.5,30.303,ok,33.0,,pending,,pending,,,,,3.0,,,24,,Reservation,1746484539,,,
ue5_qfi9,299.5,300.25,300.25,300.25,ok,0.9073027664921687,ok,ue5_qfi1,0,0,0,269.25,data,ok,2.0,False,,proxy,3,0,ue6_qfi2,0.0,147,150.0,ok,ue5_qfi2,31.367,ok,5,ok,24,ue6_qfi2,0.0,ok,0.3859889980024954,proxy,5,0.38536661031662545,67332014.4,ok,0.014647727272727272,ok,0.9337443181818181,0.0406328125,ok,ue3_qfi1,0.4489795918367347,49,100.0,data,ok,0.0,ue5_qfi2,88.604,ok,30.2,ue4_qfi2,2,119.75,187.75,30.303,ok,33.0,,pending,,pending,,,,,3.0,,,24,,TwoTier,1746484539,,,
ue8_qfi9,298.0,300.0,300.25,300.25,ok,0.27686579562656505,ok,ue6_qfi1,0,0,0,136.49999999999994,data,ok,2.0,False,,proxy,3,0,ue1_qfi2,1.0,152,150.0,ok,ue8_qfi2,25.694,ok,8,ok,8,ue2_qfi2,0.9578576,ok,0.9543024085615089,proxy,5,0.9512408963531349,67414070.4,ok,0.004706818181818182,ok,0.9305852272727273,0.0377140625,ok,ue4_qfi1,0.5306122448979592,49,100.0,data,ok,0.0,ue6_qfi1,37.5,ok,30.4,ue1_qfi2,0,0.0,0.0,30.303,ok,33.0,,pending,,pending,,,,,,,1,,,PF,1826701614,,,
ue7_qfi9,292.5,299.75,300.0,300.25,ok,0.28109194887046696,ok,ue1_qfi1,0,0,0,123.99999999999966,data,ok,2.0,False,,proxy,3,0,ue8_qfi2,0.0,148,150.0,ok,ue4_qfi2,22.198,ok,7,ok,8,ue8_qfi2,0.0,ok,0.8877195726333754,proxy,5,0.8869480507391696,66839348.8,ok,0.005115909090909091,ok,0.9328397727272727,0.082475,ok,ue1_qfi1,0.42857142857142855,49,100.0,data,ok,0.0,ue7_qfi1,28.75,ok,30.4,ue1_qfi2,0,0.0,0.0,30.303,ok,33.0,,pending,,pending,,,,,,,1,,,Reservation,1826701614,,,
ue3_qfi9,16.25,43.75,53.0,58.5,ok,0.36307484659081063,ok,ue1_qfi1,0,0,0,115.00000000000021,data,ok,2.0,False,,proxy,3,0,ue6_qfi2,0.0,147,150.0,ok,ue1_qfi2,24.114,ok,5,ok,8,ue6_qfi2,0.0,ok,0.7186851443945305,proxy,5,0.7186351373521844,59522280.0,ok,0.0054863636363636364,ok,0.9303704545454545,0.0381390625,ok,ue1_qfi1,0.5102040816326531,49,100.0,data,ok,0.0,ue3_qfi9,42.25,ok,30.4,ue1_qfi2,0,0.0,0.0,30.303,ok,33.0,,pending,,pending,,,,,,,1,,,TwoTier,1826701614,,,
ue8_qfi9,297.5,299.75,300.0,300.25,ok,0.26603060152368824,ok,ue5_qfi1,0,0,0,140.74999999999972,data,ok,2.0,False,,proxy,3,0,ue1_qfi2,1.0,152,150.0,ok,ue6_qfi2,25.126,ok,8,ok,8,ue3_qfi2,0.959342,ok,0.9565440881646593,proxy,5,0.9451915468659646,68422590.4,ok,0.004922727272727273,ok,0.9315931818181818,0.034859375,ok,ue3_qfi1,0.46938775510204084,49,100.0,data,ok,0.0,ue5_qfi1,38.5,ok,30.4,ue1_qfi2,0,0.0,0.0,30.303,ok,33.0,,pending,,pending,,,,,,,1,,,PF,1367864806,,,
ue7_qfi9,293.75,299.75,300.0,300.25,ok,0.28095002565579325,ok,ue3_qfi1,0,0,0,124.00000000000011,data,ok,2.0,False,,proxy,3,0,ue8_qfi2,0.0,147,150.0,ok,ue6_qfi2,22.25,ok,7,ok,8,ue8_qfi2,0.0,ok,0.8876687989509999,proxy,5,0.8777956405882794,66857737.6,ok,0.0050363636363636366,ok,0.9320715909090909,0.079621875,ok,ue3_qfi1,0.46938775510204084,49,100.0,data,ok,0.0,ue7_qfi1,28.75,ok,30.4,ue1_qfi2,0,0.0,0.0,30.303,ok,33.0,,pending,,pending,,,,,,,1,,,Reservation,1367864806,,,
ue5_qfi9,22.0,56.75,65.75,71.75,ok,0.3649925588148902,ok,ue2_qfi1,0,0,0,112.49999999999983,data,ok,2.0,False,,proxy,3,0,ue6_qfi2,0.0,147,150.0,ok,ue4_qfi2,23.722,ok,5,ok,8,ue6_qfi2,0.0,ok,0.718697102389427,proxy,5,0.7186148668307233,59182825.6,ok,0.0051522727272727276,ok,0.9304147727272727,0.0334171875,ok,ue5_qfi1,0.4489795918367347,49,100.0,data,ok,0.0,ue2_qfi9,51.75,ok,30.2,ue1_qfi2,1,66.5,66.5,30.303,ok,33.0,,pending,,pending,,,,,,,1,,,TwoTier,1367864806,,,
ue8_qfi9,298.0,300.0,300.0,300.25,ok,0.28292170398563943,ok,ue3_qfi1,0,0,0,121.75000000000003,data,ok,2.0,False,,proxy,3,0,ue2_qfi2,0.993421052631579,152,150.0,ok,ue3_qfi2,25.229,ok,8,ok,8,ue8_qfi2,0.9680356,ok,0.9531655167069714,proxy,5,0.9470962616944628,67031606.4,ok,0.005156818181818182,ok,0.9317522727272727,0.03578125,ok,ue6_qfi1,0.4897959183673469,49,100.0,data,ok,0.0,ue3_qfi1,25.0,ok,30.2,ue2_qfi2,1,69.0,69.0,30.303,ok,33.0,,pending,,pending,,,,,,,1,,,PF,1097657231,,,
ue6_qfi9,289.5,299.25,299.75,300.0,ok,0.27406075368884136,ok,ue4_qfi1,0,0,0,118.25000000000018,data,ok,2.0,False,,proxy,3,0,ue7_qfi2,0.0,148,150.0,ok,ue6_qfi2,18.482,ok,6,ok,8,ue7_qfi2,0.0,ok,0.809756645488336,proxy,5,0.8073307085559152,66916393.6,ok,0.005122727272727273,ok,0.9311284090909091,0.07755,ok,ue5_qfi1,0.4489795918367347,49,100.0,data,ok,0.0,ue1_qfi9,148.0,ok,30.0,ue2_qfi2,1,74.0,74.0,30.303,ok,33.0,,pending,,pending,,,,,,,1,,,Reservation,1097657231,,,
ue5_qfi9,18.5,40.0,45.0,50.75,ok,0.3632742565810264,ok,ue3_qfi1,0,0,0,114.74999999999991,data,ok,2.0,False,,proxy,3,0,ue6_qfi2,0.0,147,150.0,ok,ue5_qfi2,21.585,ok,5,ok,8,ue6_qfi2,0.0,ok,0.7186465206983697,proxy,5,0.718608788374565,59617763.2,ok,0.0048386363636363635,ok,0.931696590909091,0.0349671875,ok,ue1_qfi1,0.42857142857142855,49,100.0,data,ok,0.0,ue1_qfi9,33.25,ok,30.4,ue1_qfi2,0,0.0,0.0,30.303,ok,33.0,,pending,,pending,,,,,,,1,,,TwoTier,1097657231,,,
ue8_qfi9,297.75,300.0,300.0,300.25,ok,0.24882266520891325,ok,ue8_qfi1,0,0,0,127.99999999999967,data,ok,2.0,False,,proxy,3,0,ue1_qfi2,1.0,152,150.0,ok,ue8_qfi2,25.0,ok,8,ok,8,ue8_qfi2,0.9636376,ok,0.9622391910026387,proxy,5,0.9578634333020641,70044726.4,ok,0.004856818181818182,ok,0.9310068181818182,0.0344390625,ok,ue1_qfi1,0.4489795918367347,49,100.0,data,ok,0.0,ue8_qfi1,25.5,ok,30.4,ue1_qfi2,0,0.0,0.0,30.303,ok,33.0,,pending,,pending,,,,,,,1,,,PF,579362555,,,
ue2_qfi9,287.75,298.75,299.5,300.0,ok,0.25627225445914853,ok,ue2_qfi1,0,0,0,119.25000000000009,data,ok,2.0,False,,proxy,3,0,ue7_qfi2,0.0,147,150.0,ok,ue2_qfi2,18.213,ok,6,ok,8,ue7_qfi2,0.0,ok,0.8107357886050544,proxy,5,0.8089879646495717,68726280.0,ok,0.00485,ok,0.9321488636363636,0.07770625,ok,ue4_qfi1,0.46938775510204084,49,100.0,data,ok,0.0,ue6_qfi9,125.5,ok,30.4,ue1_qfi2,0,0.0,0.0,30.303,ok,33.0,,pending,,pending,,,,,,,1,,,Reservation,579362555,,,
ue4_qfi9,15.75,43.25,51.0,56.5,ok,0.3627085601499061,ok,ue4_qfi1,0,0,0,115.00000000000021,data,ok,2.0,False,,proxy,3,0,ue6_qfi2,0.0,148,150.0,ok,ue4_qfi2,21.579,ok,5,ok,8,ue6_qfi2,0.0,ok,0.7186913378770254,proxy,5,0.7186717424453792,59696283.2,ok,0.005393181818181818,ok,0.9319715909090909,0.0357671875,ok,ue2_qfi1,0.46938775510204084,49,100.0,data,ok,0.0,ue4_qfi9,40.75,ok,30.4,ue3_qfi2,1,81.25,81.25,30.303,ok,33.0,,pending,,pending,,,,,,,1,,,TwoTier,579362555,,,
ue8_qfi9,295.5,299.75,300.0,300.25,ok,0.24850919626020732,ok,ue3_qfi1,0,0,0,150.9999999999998,data,ok,2.0,False,,proxy,3,0,ue2_qfi2,0.993421052631579,152,150.0,ok,ue7_qfi2,24.165,ok,8,ok,8,ue8_qfi2,0.9537664,ok,0.9622582525690214,proxy,5,0.9551075974002187,69764577.6,ok,0.004979545454545454,ok,0.9323943181818182,0.0342203125,ok,ue1_qfi1,0.4897959183673469,49,100.0,data,ok,0.0,ue3_qfi1,47.75,ok,30.2,ue2_qfi2,1,68.0,68.0,30.303,ok,33.0,,pending,,pending,,,,,,,1,,,PF,661058651,,,
ue5_qfi9,292.0,299.5,300.0,300.25,ok,0.25458870789740407,ok,ue1_qfi1,0,0,0,125.50000000000017,data,ok,2.0,False,,proxy,3,0,ue7_qfi2,0.0,147,150.0,ok,ue3_qfi2,20.668,ok,7,ok,8,ue7_qfi2,0.0,ok,0.8921253905557102,proxy,5,0.8881035922853541,68974163.2,ok,0.0054,ok,0.9318590909090909,0.07489375,ok,ue2_qfi1,0.42857142857142855,49,100.0,data,ok,0.0,ue8_qfi9,36.5,ok,30.4,ue1_qfi2,0,0.0,0.0,30.303,ok,33.0,,pending,,pending,,,,,,,1,,,Reservation,661058651,,,
ue7_qfi9,295.5,299.75,300.0,300.25,ok,0.24795252198685752,ok,ue3_qfi9,0,0,1,660.25,data,ok,2.0,False,,proxy,3,0,ue1_qfi2,1.0,152,150.0,ok,ue4_qfi2,81.713,ok,8,ok,8,ue8_qfi2,0.9537664,ok,0.9344181733749884,proxy,5,0.8989459393124742,69889467.2,ok,0.004511363636363636,ok,0.9322920454545455,0.033525,ok,ue4_qfi1,0.4,35,100.0,data,ok,0.0,ue8_qfi9,127.25,ok,30.0,ue4_qfi2,8,113.0,733.5,30.303,ok,33.0,,pending,,pending,,,,,,,1,,,TwoTier,661058651,,,
ue8_qfi9,298.25,300.0,300.25,300.25,ok,0.2986655577069819,ok,ue4_qfi1,0,0,0,153.99999999999991,data,ok,2.0,False,,proxy,3,0,ue6_qfi2,0.993421052631579,152,150.0,ok,ue3_qfi2,25.288,ok,8,ok,8,ue3_qfi2,0.9638684000000001,ok,0.948442109807598,proxy,5,0.9432115605534025,65570259.2,ok,0.00505,ok,0.9323647727272727,0.0384328125,ok,ue1_qfi1,0.5102040816326531,49,100.0,data,ok,0.0,ue4_qfi1,49.5,ok,30.4,ue1_qfi2,0,0.0,0.0,30.303,ok,33.0,,pending,,pending,,,,,,,1,,,PF,87989972,,,
ue5_qfi9,286.25,299.5,300.0,300.0,ok,0.29605020626992457,ok,ue5_qfi1,0,0,0,120.24999999999997,data,ok,2.0,False,,proxy,3,0,ue7_qfi2,0.0,147,150.0,ok,ue5_qfi2,20.25,ok,6,ok,8,ue7_qfi2,0.0,ok,0.8081916916382926,proxy,5,0.8046994934418397,64764553.6,ok,0.005077272727272727,ok,0.9289272727272727,0.085178125,ok,ue2_qfi1,0.46938775510204084,49,100.0,data,ok,0.0,ue1_qfi9,151.75,ok,30.2,ue5_qfi2,1,72.5,72.5,30.303,ok,33.0,,pending,,pending,,,,,,,1,,,Reservation,87989972,,,
ue7_qfi9,252.0,300.0,300.0,300.25,ok,0.29944684818548667,ok,ue2_qfi1,0,0,0,458.2499999999996,data,ok,2.0,False,,proxy,3,0,ue2_qfi2,0.9933333333333333,150,150.0,ok,ue7_qfi2,83.621,ok,7,ok,8,ue2_qfi2,0.9495844,ok,0.9060972161560343,proxy,5,0.8576911511796792,65267470.4,ok,0.005034090909090909,ok,0.9324420454545455,0.0377859375,ok,ue7_qfi1,0.3103448275862069,29,100.0,data,ok,0.0,ue8_qfi9,115.5,ok,30.2,ue5_qfi2,12,104.0,987.5,30.303,ok,33.0,,pending,,pending,,,,,,,1,,,TwoTier,87989972,,,
ue8_qfi9,297.25,299.75,300.0,300.25,ok,0.27550726731076375,ok,ue5_qfi1,0,0,0,124.00000000000011,data,ok,2.0,False,,proxy,3,0,ue1_qfi2,1.0,152,150.0,ok,ue4_qfi2,26.553,ok,8,ok,8,ue3_qfi2,0.950306,ok,0.9537289830297535,proxy,5,0.9373969704563362,67460713.6,ok,0.004902272727272727,ok,0.9328954545454545,0.0369515625,ok,ue5_qfi1,0.46938775510204084,49,100.0,data,ok,0.0,ue1_qfi1,24.25,ok,30.4,ue1_qfi2,0,0.0,0.0,30.303,ok,33.0,,pending,,pending,,,,,,,1,,,PF,161576974,,,
ue2_qfi9,294.25,299.75,300.0,300.25,ok,0.2918061808305407,ok,ue6_qfi1,0,0,0,119.49999999999994,data,ok,2.0,False,,proxy,3,0,ue7_qfi2,0.0,147,150.0,ok,ue5_qfi2,19.138,ok,6,ok,8,ue7_qfi2,0.0,ok,0.8070319601839264,proxy,5,0.8037596915441175,65509336.0,ok,0.005209090909090909,ok,0.9326829545454546,0.08439375,ok,ue2_qfi1,0.42857142857142855,49,100.0,data,ok,0.0,ue1_qfi9,171.25,ok,30.4,ue1_qfi2,0,0.0,0.0,30.303,ok,33.0,,pending,,pending,,,,,,,1,,,Reservation,161576974,,,
ue1_qfi9,16.5,78.25,101.75,111.75,ok,0.3638641731064456,ok,ue1_qfi1,0,0,0,132.49999999999983,data,ok,2.0,False,,proxy,3,0,ue6_qfi2,0.0,147,150.0,ok,ue3_qfi2,31.557,ok,4,ok,8,ue6_qfi2,0.0,ok,0.7185641538361155,proxy,5,0.7183521503015288,59317948.8,ok,0.0051045454545454545,ok,0.9326772727272727,0.039590625,ok,ue2_qfi1,0.4897959183673469,49,100.0,data,ok,0.0,ue1_qfi9,95.25,ok,30.2,ue3_qfi2,2,71.75,139.5,30.303,ok,33.0,,pending,,pending,,,,,,,1,,,TwoTier,161576974,,,
ue8_qfi9,298.0,300.0,300.25,300.25,ok,0.2924727803460798,ok,ue1_qfi1,0,0,0,118.24999999999974,data,ok,2.0,False,,proxy,3,0,ue2_qfi2,0.993421052631579,152,150.0,ok,ue5_qfi2,27.117,ok,8,ok,8,ue6_qfi2,0.9690408,ok,0.9500964252442554,proxy,5,0.9420392184478527,66189430.4,ok,0.0048386363636363635,ok,0.9343806818181818,0.0378953125,ok,ue1_qfi1,0.46938775510204084,49,100.0,data,ok,0.0,ue4_qfi1,20.25,ok,30.2,ue2_qfi2,1,67.75,67.75,30.303,ok,33.0,,pending,,pending,,,,,,,1,,,PF,35492826,,,
ue6_qfi9,286.5,298.5,299.5,300.0,ok,0.28647253753809676,ok,ue2_qfi1,0,0,0,121.75000000000003,data,ok,2.0,False,,proxy,3,0,ue7_qfi2,0.0,147,150.0,ok,ue3_qfi2,19.204,ok,6,ok,8,ue7_qfi2,0.0,ok,0.8081039339193825,proxy,5,0.8065959954249916,65654772.8,ok,0.004915909090909091,ok,0.9322329545454545,0.0832609375,ok,ue3_qfi1,0.4897959183673469,49,100.0,data,ok,0.0,ue4_qfi9,193.75,ok,30.4,ue1_qfi2,0,0.0,0.0,30.303,ok,33.0,,pending,,pending,,,,,,,1,,,Reservation,35492826,,,
ue5_qfi9,25.0,57.0,62.0,65.25,ok,0.36278672967790515,ok,ue5_qfi1,0,0,0,120.75000000000014,data,ok,2.0,False,,proxy,3,0,ue6_qfi2,0.0,147,150.0,ok,ue1_qfi2,24.236,ok,5,ok,8,ue6_qfi2,0.0,ok,0.7186987340600944,proxy,5,0.7186738255168156,59622276.8,ok,0.0051045454545454545,ok,0.9344102272727273,0.03814375,ok,ue1_qfi1,0.4897959183673469,49,100.0,data,ok,0.0,ue5_qfi9,40.25,ok,30.4,ue1_qfi2,0,0.0,0.0,30.303,ok,33.0,,pending,,pending,,,,,,,1,,,TwoTier,35492826,,,
ue8_qfi9,297.25,300.0,300.0,300.25,ok,0.2767342514043939,ok,ue1_qfi1,0,0,0,139.0,data,ok,2.0,False,,proxy,3,0,ue1_qfi2,1.0,152,150.0,ok,ue1_qfi2,24.929,ok,8,ok,8,ue2_qfi2,0.9666928,ok,0.953978379126973,proxy,5,0.9466102058041659,67520502.4,ok,0.0046409090909090905,ok,0.9338352272727273,0.036971875,ok,ue8_qfi1,0.3877551020408163,49,100.0,data,ok,0.0,ue1_qfi1,40.75,ok,30.4,ue1_qfi2,0,0.0,0.0,30.303,ok,33.0,,pending,,pending,,,,,,,1,,,PF,376383645,,,
ue4_qfi9,70.0,299.0,299.75,300.0,ok,0.2847583392636196,ok,ue4_qfi1,0,0,0,118.24999999999974,data,ok,2.0,False,,proxy,3,0,ue7_qfi2,0.0,147,150.0,ok,ue1_qfi2,18.304,ok,6,ok,8,ue7_qfi2,0.0,ok,0.8082162803482072,proxy,5,0.804320681726473,66170339.2,ok,0.0049886363636363635,ok,0.9325909090909091,0.081615625,ok,ue2_qfi1,0.40816326530612246,49,100.0,data,ok,0.0,ue4_qfi9,230.0,ok,30.2,ue1_qfi2,1,69.5,69.5,30.303,ok,33.0,,pending,,pending,,,,,,,1,,,Reservation,376383645,,,
ue3_qfi9,19.25,52.25,59.25,63.25,ok,0.36351882224112114,ok,ue1_qfi1,0,0,0,119.49999999999994,data,ok,2.0,False,,proxy,3,0,ue6_qfi2,0.0,147,150.0,ok,ue5_qfi2,25.39,ok,5,ok,8,ue6_qfi2,0.0,ok,0.7186466977398004,proxy,5,0.7185986132705294,59612532.8,ok,0.005170454545454546,ok,0.9336420454545454,0.03781875,ok,ue1_qfi1,0.40816326530612246,49,100.0,data,ok,0.0,ue3_qfi9,44.0,ok,30.4,ue1_qfi2,0,0.0,0.0,30.303,ok,33.0,,pending,,pending,,,,,,,1,,,TwoTier,376383645,,,
ue7_qfi9,297.75,300.0,300.0,300.25,ok,0.24764223402058153,ok,ue3_qfi1,0,0,0,119.00000000000021,data,ok,2.0,False,,proxy,3,0,ue5_qfi2,0.993421052631579,152,150.0,ok,ue3_qfi2,26.203,ok,8,ok,8,ue3_qfi2,0.9658652,ok,0.9625291709040674,proxy,5,0.9584684626720545,70001803.2,ok,0.0054181818181818185,ok,0.9338920454545454,0.0346359375,ok,ue5_qfi1,0.4489795918367347,49,100.0,data,ok,0.0,ue6_qfi1,19.5,ok,30.2,ue5_qfi2,1,71.0,71.0,30.303,ok,33.0,,pending,,pending,,,,,,,1,,,PF,1746484539,,,
ue6_qfi9,194.5,297.75,299.25,299.75,ok,0.2560465246325269,ok,ue6_qfi1,0,0,0,124.24999999999997,data,ok,2.0,False,,proxy,3,0,ue7_qfi2,0.0,147,150.0,ok,ue3_qfi2,18.5,ok,6,ok,8,ue7_qfi2,0.0,ok,0.8103712924859359,proxy,5,0.8069862702289783,68520716.8,ok,0.004686363636363636,ok,0.9313306818181818,0.0772703125,ok,ue3_qfi1,0.4489795918367347,49,100.0,data,ok,0.0,ue1_qfi9,195.0,ok,30.4,ue1_qfi2,0,0.0,0.0,30.303,ok,33.0,,pending,,pending,,,,,,,1,,,Reservation,1746484539,,,
ue7_qfi9,295.0,300.0,300.25,300.25,ok,0.2881572022960602,ok,ue1_qfi1,0,0,0,207.75000000000077,data,ok,2.0,False,,proxy,3,0,ue6_qfi2,0.5460526315789473,152,150.0,ok,ue8_qfi2,66.698,ok,5,ok,8,ue7_qfi2,0.5272532,ok,0.8530688041833443,proxy,5,0.7187199456470363,65777924.8,ok,0.005038636363636364,ok,0.9337534090909091,0.0344390625,ok,ue8_qfi1,0.44,25,100.0,data,ok,0.0,ue1_qfi9,284.5,ok,16.6,ue8_qfi2,6,94.25,462.25,30.303,ok,33.0,,pending,,pending,,,,,,,1,,,TwoTier,1746484539,,,
ue8_qfi9,298.0,300.0,300.25,300.25,ok,0.27686579562656505,ok,ue6_qfi1,0,0,0,136.49999999999994,data,ok,2.0,False,,proxy,3,0,ue1_qfi2,1.0,152,150.0,ok,ue8_qfi2,25.694,ok,8,ok,8,ue2_qfi2,0.9578576,ok,0.9543024085615089,proxy,5,0.9512408963531349,67414070.4,ok,0.004706818181818182,ok,0.9305852272727273,0.0377140625,ok,ue4_qfi1,0.5306122448979592,49,100.0,data,ok,0.0,ue6_qfi1,37.5,ok,30.4,ue1_qfi2,0,0.0,0.0,30.303,ok,33.0,,pending,,pending,,,,,,2.0,,,,PF,1826701614,,,
ue8_qfi9,298.25,300.0,300.25,300.25,ok,0.2988019244354774,ok,ue3_qfi1,0,0,0,124.49999999999983,data,ok,2.0,False,,proxy,3,0,ue2_qfi2,0.993421052631579,152,150.0,ok,ue8_qfi2,23.033,ok,8,ok,8,ue2_qfi2,0.9569772,ok,0.9514627229538013,proxy,5,0.9490397521732957,66288822.4,ok,0.004277272727272728,ok,0.9315931818181818,0.118921875,ok,ue3_qfi1,0.46938775510204084,49,100.0,data,ok,0.0,ue8_qfi1,26.5,ok,30.2,ue8_qfi2,1,72.5,72.5,30.303,ok,33.0,,pending,,pending,,,,,,2.0,,,,Reservation,1826701614,,,
ue5_qfi9,224.25,300.0,300.25,300.25,ok,0.27767546367682155,ok,ue4_qfi9,0,0,0,313.4999999999999,data,ok,2.0,False,,proxy,3,0,ue2_qfi2,0.993421052631579,152,150.0,ok,ue7_qfi2,48.955,ok,8,ok,8,ue2_qfi2,0.9559584,ok,0.9259498485712717,proxy,5,0.9081119472345913,67747812.8,ok,0.004240909090909091,ok,0.9332590909090909,0.1998171875,ok,ue4_qfi1,0.4444444444444444,45,100.0,data,ok,0.0,ue7_qfi9,154.5,ok,30.4,ue7_qfi2,6,113.5,517.25,30.303,ok,33.0,,pending,,pending,,,,,,2.0,,,,TwoTier,1826701614,,,
ue8_qfi9,297.5,299.75,300.0,300.25,ok,0.26603060152368824,ok,ue5_qfi1,0,0,0,140.74999999999972,data,ok,2.0,False,,proxy,3,0,ue1_qfi2,1.0,152,150.0,ok,ue6_qfi2,25.126,ok,8,ok,8,ue3_qfi2,0.959342,ok,0.9565440881646593,proxy,5,0.9451915468659646,68422590.4,ok,0.004922727272727273,ok,0.9315931818181818,0.034859375,ok,ue3_qfi1,0.46938775510204084,49,100.0,data,ok,0.0,ue5_qfi1,38.5,ok,30.4,ue1_qfi2,0,0.0,0.0,30.303,ok,33.0,,pending,,pending,,,,,,2.0,,,,PF,1367864806,,,
ue8_qfi9,297.5,300.0,300.25,300.25,ok,0.28524553588117585,ok,ue3_qfi1,0,0,0,126.75000000000037,data,ok,2.0,False,,proxy,3,0,ue1_qfi2,1.0,152,150.0,ok,ue6_qfi2,24.148,ok,8,ok,8,ue3_qfi2,0.9558675999999999,ok,0.9546822615718689,proxy,5,0.9433153034704176,67508340.8,ok,0.004179545454545455,ok,0.9341704545454546,0.109434375,ok,ue2_qfi1,0.46938775510204084,49,100.0,data,ok,0.0,ue8_qfi1,33.25,ok,30.4,ue1_qfi2,0,0.0,0.0,30.303,ok,33.0,,pending,,pending,,,,,,2.0,,,,Reservation,1367864806,,,
ue6_qfi9,211.5,300.0,300.25,300.25,ok,0.26649267842640756,ok,ue6_qfi9,0,0,1,515.5000000000003,data,ok,2.0,False,,proxy,3,0,ue1_qfi2,1.0,152,150.0,ok,ue6_qfi2,49.094,ok,8,ok,8,ue3_qfi2,0.9576284,ok,0.9284866065990693,proxy,5,0.8899399536909142,69164680.0,ok,0.0044181818181818185,ok,0.9325681818181818,0.1806609375,ok,ue6_qfi1,0.375,40,100.0,data,ok,0.0,ue8_qfi9,167.25,ok,30.2,ue5_qfi2,2,80.0,153.5,30.303,ok,33.0,,pending,,pending,,,,,,2.0,,,,TwoTier,1367864806,,,
ue8_qfi9,298.0,300.0,300.0,300.25,ok,0.28292170398563943,ok,ue3_qfi1,0,0,0,121.75000000000003,data,ok,2.0,False,,proxy,3,0,ue2_qfi2,0.993421052631579,152,150.0,ok,ue3_qfi2,25.229,ok,8,ok,8,ue8_qfi2,0.9680356,ok,0.9531655167069714,proxy,5,0.9470962616944628,67031606.4,ok,0.005156818181818182,ok,0.9317522727272727,0.03578125,ok,ue6_qfi1,0.4897959183673469,49,100.0,data,ok,0.0,ue3_qfi1,25.0,ok,30.2,ue2_qfi2,1,69.0,69.0,30.303,ok,33.0,,pending,,pending,,,,,,2.0,,,,PF,1097657231,,,
ue7_qfi9,297.0,300.0,300.25,300.25,ok,0.29193479579255505,ok,ue5_qfi1,0,0,0,200.00000000000017,data,ok,2.0,False,,proxy,3,0,ue8_qfi2,0.0,147,150.0,ok,ue1_qfi2,21.979,ok,7,ok,8,ue8_qfi2,0.0,ok,0.8864557310327456,proxy,5,0.8817135685238885,66181462.4,ok,0.004188636363636364,ok,0.9326159090909091,0.0936796875,ok,ue3_qfi1,0.46938775510204084,49,100.0,data,ok,0.0,ue4_qfi1,24.25,ok,30.4,ue1_qfi2,0,0.0,0.0,30.303,ok,33.0,,pending,,pending,,,,,,2.0,,,,Reservation,1097657231,,,
ue3_qfi9,13.5,34.25,41.5,46.0,ok,0.36305689963141596,ok,ue5_qfi1,0,0,0,112.24999999999996,data,ok,2.0,False,,proxy,3,0,ue6_qfi2,0.0,147,150.0,ok,ue5_qfi2,18.9,ok,5,ok,8,ue6_qfi2,0.0,ok,0.718674886667463,proxy,5,0.7186080028805019,59673819.2,ok,0.004352272727272727,ok,0.9316886363636364,0.0724625,ok,ue4_qfi1,0.3877551020408163,49,100.0,data,ok,0.0,ue3_qfi9,32.5,ok,30.2,ue2_qfi2,1,71.25,71.25,30.303,ok,33.0,,pending,,pending,,,,,,2.0,,,,TwoTier,1097657231,,,
ue8_qfi9,297.75,300.0,300.0,300.25,ok,0.24882266520891325,ok,ue8_qfi1,0,0,0,127.99999999999967,data,ok,2.0,False,,proxy,3,0,ue1_qfi2,1.0,152,150.0,ok,ue8_qfi2,25.0,ok,8,ok,8,ue8_qfi2,0.9636376,ok,0.9622391910026387,proxy,5,0.9578634333020641,70044726.4,ok,0.004856818181818182,ok,0.9310068181818182,0.0344390625,ok,ue1_qfi1,0.4489795918367347,49,100.0,data,ok,0.0,ue8_qfi1,25.5,ok,30.4,ue1_qfi2,0,0.0,0.0,30.303,ok,33.0,,pending,,pending,,,,,,2.0,,,,PF,579362555,,,
ue6_qfi9,288.75,299.75,300.0,300.25,ok,0.25057128624861186,ok,ue4_qfi1,0,0,0,119.24999999999963,data,ok,2.0,False,,proxy,3,0,ue8_qfi2,0.0,148,150.0,ok,ue2_qfi2,21.008,ok,7,ok,8,ue8_qfi2,0.0,ok,0.8933730218877967,proxy,5,0.8908622406727809,69736086.4,ok,0.004018181818181818,ok,0.9333965909090909,0.0893390625,ok,ue3_qfi1,0.4489795918367347,49,100.0,data,ok,0.0,ue5_qfi1,16.25,ok,30.4,ue1_qfi2,0,0.0,0.0,30.303,ok,33.0,,pending,,pending,,,,,,2.0,,,,Reservation,579362555,,,
ue8_qfi9,277.25,299.75,300.25,300.25,ok,0.30478513155531783,ok,ue1_qfi1,0,0,0,197.2499999999995,data,ok,2.0,False,,proxy,3,0,ue6_qfi2,0.4605263157894737,152,150.0,ok,ue8_qfi2,89.5,ok,5,ok,8,ue8_qfi2,0.439048,ok,0.8238634864260662,proxy,5,0.7186749115759533,64719320.0,ok,0.004540909090909091,ok,0.9333465909090909,0.11689375,ok,ue3_qfi1,0.46938775510204084,49,100.0,data,ok,0.0,ue1_qfi9,287.75,ok,30.4,ue1_qfi2,1,88.25,88.25,30.303,ok,33.0,,pending,,pending,,,,,,2.0,,,,TwoTier,579362555,,,
ue8_qfi9,295.5,299.75,300.0,300.25,ok,0.24850919626020732,ok,ue3_qfi1,0,0,0,150.9999999999998,data,ok,2.0,False,,proxy,3,0,ue2_qfi2,0.993421052631579,152,150.0,ok,ue7_qfi2,24.165,ok,8,ok,8,ue8_qfi2,0.9537664,ok,0.9622582525690214,proxy,5,0.9551075974002187,69764577.6,ok,0.004979545454545454,ok,0.9323943181818182,0.0342203125,ok,ue1_qfi1,0.4897959183673469,49,100.0,data,ok,0.0,ue3_qfi1,47.75,ok,30.2,ue2_qfi2,1,68.0,68.0,30.303,ok,33.0,,pending,,pending,,,,,,2.0,,,,PF,661058651,,,
ue4_qfi9,215.75,298.75,299.5,300.0,ok,0.2560672324711969,ok,ue6_qfi1,0,0,0,119.25000000000009,data,ok,2.0,False,,proxy,3,0,ue7_qfi2,0.0,147,150.0,ok,ue3_qfi2,19.5,ok,6,ok,8,ue7_qfi2,0.0,ok,0.810183818792769,proxy,5,0.8083532210679226,68646153.6,ok,0.0039590909090909095,ok,0.9326,0.0848109375,ok,ue2_qfi1,0.5102040816326531,49,100.0,data,ok,0.0,ue3_qfi9,223.25,ok,30.4,ue1_qfi2,0,0.0,0.0,30.303,ok,33.0,,pending,,pending,,,,,,2.0,,,,Reservation,661058651,,,
ue7_qfi9,260.75,299.25,300.0,300.25,ok,0.2532875525289969,ok,ue4_qfi9,0,0,1,512.75,data,ok,2.0,False,,proxy,3,0,ue1_qfi2,1.0,152,150.0,ok,ue3_qfi2,43.594,ok,8,ok,8,ue2_qfi2,0.953394,ok,0.9366896322333839,proxy,5,0.9154468934974134,69961860.8,ok,0.004322727272727272,ok,0.9333920454545455,0.1748125,ok,ue3_qfi1,0.4090909090909091,44,100.0,data,ok,0.0,ue8_qfi9,179.75,ok,30.4,ue8_qfi2,4,106.75,330.5,30.303,ok,33.0,,pending,,pending,,,,,,2.0,,,,TwoTier,661058651,,,
ue8_qfi9,298.25,300.0,300.25,300.25,ok,0.2986655577069819,ok,ue4_qfi1,0,0,0,153.99999999999991,data,ok,2.0,False,,proxy,3,0,ue6_qfi2,0.993421052631579,152,150.0,ok,ue3_qfi2,25.288,ok,8,ok,8,ue3_qfi2,0.9638684000000001,ok,0.948442109807598,proxy,5,0.9432115605534025,65570259.2,ok,0.00505,ok,0.9323647727272727,0.0384328125,ok,ue1_qfi1,0.5102040816326531,49,100.0,data,ok,0.0,ue4_qfi1,49.5,ok,30.4,ue1_qfi2,0,0.0,0.0,30.303,ok,33.0,,pending,,pending,,,,,,2.0,,,,PF,87989972,,,
ue7_qfi9,296.25,300.0,300.0,300.25,ok,0.3014489064727952,ok,ue1_qfi1,0,0,0,121.75000000000003,data,ok,2.0,False,,proxy,3,0,ue8_qfi2,0.0,147,150.0,ok,ue3_qfi2,22.788,ok,7,ok,8,ue8_qfi2,0.0,ok,0.8845720518560085,proxy,5,0.8802296189924912,65251856.0,ok,0.004459090909090909,ok,0.9315034090909091,0.0990546875,ok,ue6_qfi1,0.42857142857142855,49,100.0,data,ok,0.0,ue7_qfi1,47.5,ok,30.0,ue1_qfi2,2,72.75,139.0,30.303,ok,33.0,,pending,,pending,,,,,,2.0,,,,Reservation,87989972,,,
ue7_qfi9,161.75,300.0,300.25,300.25,ok,0.29962753259055147,ok,ue5_qfi9,0,0,0,301.4999999999999,data,ok,2.0,False,,proxy,3,0,ue7_qfi2,0.9933333333333333,150,150.0,ok,ue5_qfi2,43.75,ok,8,ok,8,ue7_qfi2,0.9578884,ok,0.9178031917889653,proxy,5,0.8937909801077157,65907473.6,ok,0.004454545454545455,ok,0.933490909090909,0.2080875,ok,ue3_qfi1,0.44680851063829785,47,100.0,data,ok,0.0,ue6_qfi9,145.5,ok,30.2,ue2_qfi2,2,83.5,149.75,30.303,ok,33.0,,pending,,pending,,,,,,2.0,,,,TwoTier,87989972,,,
ue8_qfi9,297.25,299.75,300.0,300.25,ok,0.27550726731076375,ok,ue5_qfi1,0,0,0,124.00000000000011,data,ok,2.0,False,,proxy,3,0,ue1_qfi2,1.0,152,150.0,ok,ue4_qfi2,26.553,ok,8,ok,8,ue3_qfi2,0.950306,ok,0.9537289830297535,proxy,5,0.9373969704563362,67460713.6,ok,0.004902272727272727,ok,0.9328954545454545,0.0369515625,ok,ue5_qfi1,0.46938775510204084,49,100.0,data,ok,0.0,ue1_qfi1,24.25,ok,30.4,ue1_qfi2,0,0.0,0.0,30.303,ok,33.0,,pending,,pending,,,,,,2.0,,,,PF,161576974,,,
ue7_qfi9,295.0,299.75,300.0,300.25,ok,0.2942834610669451,ok,ue1_qfi1,0,0,0,122.2500000000002,data,ok,2.0,False,,proxy,3,0,ue8_qfi2,0.0,148,150.0,ok,ue1_qfi2,21.524,ok,7,ok,8,ue8_qfi2,0.0,ok,0.8847293654612421,proxy,5,0.8747098297684265,65744364.8,ok,0.004615909090909091,ok,0.934271590909091,0.0974640625,ok,ue1_qfi1,0.42857142857142855,49,100.0,data,ok,0.0,ue1_qfi1,18.0,ok,30.4,ue1_qfi2,0,0.0,0.0,30.303,ok,33.0,,pending,,pending,,,,,,2.0,,,,Reservation,161576974,,,
ue5_qfi9,290.5,300.0,300.25,300.25,ok,0.284470708229137,ok,ue2_qfi9,0,0,1,524.9999999999999,data,ok,2.0,False,,proxy,3,0,ue1_qfi2,1.0,152,150.0,ok,ue2_qfi2,51.088,ok,8,ok,8,ue3_qfi2,0.9505348,ok,0.9198791409613072,proxy,5,0.908028320932859,67628502.4,ok,0.004581818181818182,ok,0.9316647727272728,0.193196875,ok,ue2_qfi1,0.375,40,100.0,data,ok,0.0,ue8_qfi9,183.0,ok,30.2,ue8_qfi2,5,83.75,373.75,30.303,ok,33.0,,pending,,pending,,,,,,2.0,,,,TwoTier,161576974,,,
ue8_qfi9,298.0,300.0,300.25,300.25,ok,0.2924727803460798,ok,ue1_qfi1,0,0,0,118.24999999999974,data,ok,2.0,False,,proxy,3,0,ue2_qfi2,0.993421052631579,152,150.0,ok,ue5_qfi2,27.117,ok,8,ok,8,ue6_qfi2,0.9690408,ok,0.9500964252442554,proxy,5,0.9420392184478527,66189430.4,ok,0.0048386363636363635,ok,0.9343806818181818,0.0378953125,ok,ue1_qfi1,0.46938775510204084,49,100.0,data,ok,0.0,ue4_qfi1,20.25,ok,30.2,ue2_qfi2,1,67.75,67.75,30.303,ok,33.0,,pending,,pending,,,,,,2.0,,,,PF,35492826,,,
ue8_qfi9,297.75,300.0,300.25,300.25,ok,0.31298573610087715,ok,ue2_qfi1,0,0,0,125.24999999999986,data,ok,2.0,False,,proxy,3,0,ue1_qfi2,1.0,152,150.0,ok,ue3_qfi2,24.169,ok,8,ok,8,ue6_qfi2,0.9624115999999999,ok,0.946958791563803,proxy,5,0.9376628503820489,65111737.6,ok,0.004243181818181818,ok,0.9308284090909091,0.1187140625,ok,ue2_qfi1,0.42857142857142855,49,100.0,data,ok,0.0,ue4_qfi1,20.0,ok,30.4,ue1_qfi2,0,0.0,0.0,30.303,ok,33.0,,pending,,pending,,,,,,2.0,,,,Reservation,35492826,,,
ue5_qfi9,17.0,43.75,50.0,54.0,ok,0.3625547125764729,ok,ue1_qfi1,0,0,0,115.49999999999994,data,ok,2.0,False,,proxy,3,0,ue6_qfi2,0.0,147,150.0,ok,ue5_qfi2,20.225,ok,5,ok,8,ue6_qfi2,0.0,ok,0.7186993112500968,proxy,5,0.7186859016820147,59682155.2,ok,0.004790909090909091,ok,0.9311340909090909,0.0829546875,ok,ue3_qfi1,0.40816326530612246,49,100.0,data,ok,0.0,ue5_qfi9,37.0,ok,30.4,ue1_qfi2,0,0.0,0.0,30.303,ok,33.0,,pending,,pending,,,,,,2.0,,,,TwoTier,35492826,,,
ue8_qfi9,297.25,300.0,300.0,300.25,ok,0.2767342514043939,ok,ue1_qfi1,0,0,0,139.0,data,ok,2.0,False,,proxy,3,0,ue1_qfi2,1.0,152,150.0,ok,ue1_qfi2,24.929,ok,8,ok,8,ue2_qfi2,0.9666928,ok,0.953978379126973,proxy,5,0.9466102058041659,67520502.4,ok,0.0046409090909090905,ok,0.9338352272727273,0.036971875,ok,ue8_qfi1,0.3877551020408163,49,100.0,data,ok,0.0,ue1_qfi1,40.75,ok,30.4,ue1_qfi2,0,0.0,0.0,30.303,ok,33.0,,pending,,pending,,,,,,2.0,,,,PF,376383645,,,
ue7_qfi9,296.75,300.0,300.0,300.25,ok,0.2912108612503959,ok,ue6_qfi1,0,0,0,121.24999999999986,data,ok,2.0,False,,proxy,3,0,ue8_qfi2,0.0,148,150.0,ok,ue1_qfi2,21.624,ok,7,ok,8,ue8_qfi2,0.0,ok,0.8860605943177713,proxy,5,0.8771573690744221,66251804.8,ok,0.004134090909090909,ok,0.9348625,0.0970078125,ok,ue5_qfi1,0.4897959183673469,49,100.0,data,ok,0.0,ue2_qfi1,21.25,ok,30.4,ue1_qfi2,0,0.0,0.0,30.303,ok,33.0,,pending,,pending,,,,,,2.0,,,,Reservation,376383645,,,
ue7_qfi9,290.75,300.0,300.25,300.25,ok,0.2825512130460472,ok,ue4_qfi9,0,0,1,591.0000000000002,data,ok,2.0,False,,proxy,3,0,ue5_qfi2,0.9933774834437086,151,150.0,ok,ue8_qfi2,50.263,ok,8,ok,8,ue5_qfi2,0.9602276,ok,0.9216127049808065,proxy,5,0.89929411809772,67670704.0,ok,0.004161363636363637,ok,0.9334761363636364,0.1960453125,ok,ue1_qfi1,0.4222222222222222,45,100.0,data,ok,0.0,ue6_qfi9,134.75,ok,30.2,ue8_qfi2,6,107.5,500.25,30.303,ok,33.0,,pending,,pending,,,,,,2.0,,,,TwoTier,376383645,,,
ue7_qfi9,297.75,300.0,300.0,300.25,ok,0.24764223402058153,ok,ue3_qfi1,0,0,0,119.00000000000021,data,ok,2.0,False,,proxy,3,0,ue5_qfi2,0.993421052631579,152,150.0,ok,ue3_qfi2,26.203,ok,8,ok,8,ue3_qfi2,0.9658652,ok,0.9625291709040674,proxy,5,0.9584684626720545,70001803.2,ok,0.0054181818181818185,ok,0.9338920454545454,0.0346359375,ok,ue5_qfi1,0.4489795918367347,49,100.0,data,ok,0.0,ue6_qfi1,19.5,ok,30.2,ue5_qfi2,1,71.0,71.0,30.303,ok,33.0,,pending,,pending,,,,,,2.0,,,,PF,1746484539,,,
ue7_qfi9,296.0,300.0,300.0,300.25,ok,0.26624522018979246,ok,ue6_qfi1,0,0,0,123.24999999999963,data,ok,2.0,False,,proxy,3,0,ue8_qfi2,0.0,147,150.0,ok,ue2_qfi2,21.372,ok,7,ok,8,ue8_qfi2,0.0,ok,0.8909269259666667,proxy,5,0.8891916396815399,68256491.2,ok,0.004002272727272728,ok,0.9332170454545454,0.0918578125,ok,ue3_qfi1,0.46938775510204084,49,100.0,data,ok,0.0,ue7_qfi1,21.25,ok,30.4,ue1_qfi2,0,0.0,0.0,30.303,ok,33.0,,pending,,pending,,,,,,2.0,,,,Reservation,1746484539,,,
ue7_qfi9,278.25,300.0,300.25,300.25,ok,0.25763078926809846,ok,ue1_qfi1,0,0,0,231.24999999999974,data,ok,2.0,False,,proxy,3,0,ue8_qfi2,0.993421052631579,152,150.0,ok,ue8_qfi2,49.928,ok,8,ok,8,ue3_qfi2,0.9661036,ok,0.9379011665348586,proxy,5,0.9300882795564972,69437121.6,ok,0.004038636363636364,ok,0.930034090909091,0.1729921875,ok,ue1_qfi1,0.43478260869565216,46,100.0,data,ok,0.0,ue8_qfi9,166.75,ok,30.2,ue8_qfi2,8,109.75,694.5,30.303,ok,33.0,,pending,,pending,,,,,,2.0,,,,TwoTier,1746484539,,,
ue8_qfi9,298.0,300.0,300.25,300.25,ok,0.27686579562656505,ok,ue6_qfi1,0,0,0,136.49999999999994,data,ok,2.0,False,,proxy,3,0,ue1_qfi2,1.0,152,150.0,ok,ue8_qfi2,25.694,ok,8,ok,8,ue2_qfi2,0.9578576,ok,0.9543024085615089,proxy,5,0.9512408963531349,67414070.4,ok,0.004706818181818182,ok,0.9305852272727273,0.0377140625,ok,ue4_qfi1,0.5306122448979592,49,100.0,data,ok,0.0,ue6_qfi1,37.5,ok,30.4,ue1_qfi2,0,0.0,0.0,30.303,ok,33.0,,pending,,pending,,,,,,,20,,,PF,1826701614,,,
ue7_qfi9,294.0,300.0,300.0,300.25,ok,0.2840978142119033,ok,ue7_qfi1,0,0,0,122.50000000000006,data,ok,2.0,False,,proxy,3,0,ue8_qfi2,0.0,148,150.0,ok,ue7_qfi2,20.959,ok,7,ok,8,ue8_qfi2,0.0,ok,0.8875173080800274,proxy,5,0.8867704629864482,66930665.6,ok,0.004129545454545454,ok,0.93075,0.1072203125,ok,ue1_qfi1,0.4489795918367347,49,100.0,data,ok,0.0,ue3_qfi1,17.75,ok,30.4,ue1_qfi2,0,0.0,0.0,30.303,ok,33.0,,pending,,pending,,,,,,,20,,,Reservation,1826701614,,,
ue3_qfi9,16.25,43.75,53.0,58.5,ok,0.36307484659081063,ok,ue1_qfi1,0,0,0,115.00000000000021,data,ok,2.0,False,,proxy,3,0,ue6_qfi2,0.0,147,150.0,ok,ue1_qfi2,24.114,ok,5,ok,8,ue6_qfi2,0.0,ok,0.7186851443945305,proxy,5,0.7186351373521844,59522280.0,ok,0.0054863636363636364,ok,0.9303704545454545,0.0381390625,ok,ue1_qfi1,0.5102040816326531,49,100.0,data,ok,0.0,ue3_qfi9,42.25,ok,30.4,ue1_qfi2,0,0.0,0.0,30.303,ok,33.0,,pending,,pending,,,,,,,20,,,TwoTier,1826701614,,,
ue8_qfi9,297.5,299.75,300.0,300.25,ok,0.26603060152368824,ok,ue5_qfi1,0,0,0,140.74999999999972,data,ok,2.0,False,,proxy,3,0,ue1_qfi2,1.0,152,150.0,ok,ue6_qfi2,25.126,ok,8,ok,8,ue3_qfi2,0.959342,ok,0.9565440881646593,proxy,5,0.9451915468659646,68422590.4,ok,0.004922727272727273,ok,0.9315931818181818,0.034859375,ok,ue3_qfi1,0.46938775510204084,49,100.0,data,ok,0.0,ue5_qfi1,38.5,ok,30.4,ue1_qfi2,0,0.0,0.0,30.303,ok,33.0,,pending,,pending,,,,,,,20,,,PF,1367864806,,,
ue7_qfi9,295.5,300.0,300.0,300.25,ok,0.2795350655009569,ok,ue6_qfi1,0,0,0,122.74999999999991,data,ok,2.0,False,,proxy,3,0,ue8_qfi2,0.0,147,150.0,ok,ue6_qfi2,21.342,ok,7,ok,8,ue8_qfi2,0.0,ok,0.8874989391803714,proxy,5,0.8760561305904185,67266030.4,ok,0.004102272727272727,ok,0.9295647727272728,0.1023890625,ok,ue5_qfi1,0.46938775510204084,49,100.0,data,ok,0.0,ue2_qfi9,73.75,ok,30.2,ue1_qfi2,0,0.0,0.0,30.303,ok,33.0,,pending,,pending,,,,,,,20,,,Reservation,1367864806,,,
ue5_qfi9,22.0,56.75,65.75,71.75,ok,0.3649925588148902,ok,ue2_qfi1,0,0,0,112.49999999999983,data,ok,2.0,False,,proxy,3,0,ue6_qfi2,0.0,147,150.0,ok,ue4_qfi2,23.722,ok,5,ok,8,ue6_qfi2,0.0,ok,0.718697102389427,proxy,5,0.7186148668307233,59182825.6,ok,0.0051522727272727276,ok,0.9304147727272727,0.0334171875,ok,ue5_qfi1,0.4489795918367347,49,100.0,data,ok,0.0,ue2_qfi9,51.75,ok,30.2,ue1_qfi2,1,66.5,66.5,30.303,ok,33.0,,pending,,pending,,,,,,,20,,,TwoTier,1367864806,,,
ue8_qfi9,298.0,300.0,300.0,300.25,ok,0.28292170398563943,ok,ue3_qfi1,0,0,0,121.75000000000003,data,ok,2.0,False,,proxy,3,0,ue2_qfi2,0.993421052631579,152,150.0,ok,ue3_qfi2,25.229,ok,8,ok,8,ue8_qfi2,0.9680356,ok,0.9531655167069714,proxy,5,0.9470962616944628,67031606.4,ok,0.005156818181818182,ok,0.9317522727272727,0.03578125,ok,ue6_qfi1,0.4897959183673469,49,100.0,data,ok,0.0,ue3_qfi1,25.0,ok,30.2,ue2_qfi2,1,69.0,69.0,30.303,ok,33.0,,pending,,pending,,,,,,,20,,,PF,1097657231,,,
ue7_qfi9,297.5,300.0,300.25,300.25,ok,0.29339154827963393,ok,ue5_qfi1,0,0,0,120.75000000000014,data,ok,2.0,False,,proxy,3,0,ue8_qfi2,0.0,147,150.0,ok,ue3_qfi2,21.023,ok,7,ok,8,ue8_qfi2,0.0,ok,0.8862007076297835,proxy,5,0.8815511534490802,66167548.8,ok,0.004163636363636363,ok,0.9303829545454545,0.1045203125,ok,ue2_qfi1,0.42857142857142855,49,100.0,data,ok,0.0,ue7_qfi1,19.0,ok,30.4,ue1_qfi2,0,0.0,0.0,30.303,ok,33.0,,pending,,pending,,,,,,,20,,,Reservation,1097657231,,,
ue5_qfi9,18.5,40.0,45.0,50.75,ok,0.3632742565810264,ok,ue3_qfi1,0,0,0,114.74999999999991,data,ok,2.0,False,,proxy,3,0,ue6_qfi2,0.0,147,150.0,ok,ue5_qfi2,21.585,ok,5,ok,8,ue6_qfi2,0.0,ok,0.7186465206983697,proxy,5,0.718608788374565,59617763.2,ok,0.0048386363636363635,ok,0.931696590909091,0.0349671875,ok,ue1_qfi1,0.42857142857142855,49,100.0,data,ok,0.0,ue1_qfi9,33.25,ok,30.4,ue1_qfi2,0,0.0,0.0,30.303,ok,33.0,,pending,,pending,,,,,,,20,,,TwoTier,1097657231,,,
ue8_qfi9,297.75,300.0,300.0,300.25,ok,0.24882266520891325,ok,ue8_qfi1,0,0,0,127.99999999999967,data,ok,2.0,False,,proxy,3,0,ue1_qfi2,1.0,152,150.0,ok,ue8_qfi2,25.0,ok,8,ok,8,ue8_qfi2,0.9636376,ok,0.9622391910026387,proxy,5,0.9578634333020641,70044726.4,ok,0.004856818181818182,ok,0.9310068181818182,0.0344390625,ok,ue1_qfi1,0.4489795918367347,49,100.0,data,ok,0.0,ue8_qfi1,25.5,ok,30.4,ue1_qfi2,0,0.0,0.0,30.303,ok,33.0,,pending,,pending,,,,,,,20,,,PF,579362555,,,
ue7_qfi9,290.75,299.75,300.0,300.25,ok,0.253580923912521,ok,ue6_qfi1,0,0,0,121.50000000000017,data,ok,2.0,False,,proxy,3,0,ue8_qfi2,0.0,148,150.0,ok,ue7_qfi2,20.61,ok,7,ok,8,ue8_qfi2,0.0,ok,0.8930401246481091,proxy,5,0.8904899295478991,69652908.8,ok,0.003911363636363636,ok,0.9309693181818182,0.0997546875,ok,ue5_qfi1,0.4489795918367347,49,100.0,data,ok,0.0,ue3_qfi9,18.25,ok,30.2,ue5_qfi2,1,76.75,76.75,30.303,ok,33.0,,pending,,pending,,,,,,,20,,,Reservation,579362555,,,
ue4_qfi9,15.75,43.25,51.0,56.5,ok,0.3627085601499061,ok,ue4_qfi1,0,0,0,115.00000000000021,data,ok,2.0,False,,proxy,3,0,ue6_qfi2,0.0,148,150.0,ok,ue4_qfi2,21.579,ok,5,ok,8,ue6_qfi2,0.0,ok,0.7186913378770254,proxy,5,0.7186717424453792,59696283.2,ok,0.005393181818181818,ok,0.9319715909090909,0.0357671875,ok,ue2_qfi1,0.46938775510204084,49,100.0,data,ok,0.0,ue4_qfi9,40.75,ok,30.4,ue3_qfi2,1,81.25,81.25,30.303,ok,33.0,,pending,,pending,,,,,,,20,,,TwoTier,579362555,,,
ue8_qfi9,295.5,299.75,300.0,300.25,ok,0.24850919626020732,ok,ue3_qfi1,0,0,0,150.9999999999998,data,ok,2.0,False,,proxy,3,0,ue2_qfi2,0.993421052631579,152,150.0,ok,ue7_qfi2,24.165,ok,8,ok,8,ue8_qfi2,0.9537664,ok,0.9622582525690214,proxy,5,0.9551075974002187,69764577.6,ok,0.004979545454545454,ok,0.9323943181818182,0.0342203125,ok,ue1_qfi1,0.4897959183673469,49,100.0,data,ok,0.0,ue3_qfi1,47.75,ok,30.2,ue2_qfi2,1,68.0,68.0,30.303,ok,33.0,,pending,,pending,,,,,,,20,,,PF,661058651,,,
ue7_qfi9,296.5,300.0,300.25,300.25,ok,0.2650564401988423,ok,ue4_qfi1,0,0,0,123.00000000000023,data,ok,2.0,False,,proxy,3,0,ue8_qfi2,0.0,148,150.0,ok,ue7_qfi2,20.984,ok,7,ok,8,ue8_qfi2,0.0,ok,0.8909041440874294,proxy,5,0.8887197484638115,68334518.4,ok,0.004,ok,0.9312909090909091,0.09965,ok,ue3_qfi1,0.42857142857142855,49,100.0,data,ok,0.0,ue6_qfi1,20.5,ok,30.4,ue1_qfi2,0,0.0,0.0,30.303,ok,33.0,,pending,,pending,,,,,,,20,,,Reservation,661058651,,,
ue7_qfi9,295.5,299.75,300.0,300.25,ok,0.24795252198685752,ok,ue3_qfi9,0,0,1,660.25,data,ok,2.0,False,,proxy,3,0,ue1_qfi2,1.0,152,150.0,ok,ue4_qfi2,81.713,ok,8,ok,8,ue8_qfi2,0.9537664,ok,0.9344181733749884,proxy,5,0.8989459393124742,69889467.2,ok,0.004511363636363636,ok,0.9322920454545455,0.033525,ok,ue4_qfi1,0.4,35,100.0,data,ok,0.0,ue8_qfi9,127.25,ok,30.0,ue4_qfi2,8,113.0,733.5,30.303,ok,33.0,,pending,,pending,,,,,,,20,,,TwoTier,661058651,,,
ue8_qfi9,298.25,300.0,300.25,300.25,ok,0.2986655577069819,ok,ue4_qfi1,0,0,0,153.99999999999991,data,ok,2.0,False,,proxy,3,0,ue6_qfi2,0.993421052631579,152,150.0,ok,ue3_qfi2,25.288,ok,8,ok,8,ue3_qfi2,0.9638684000000001,ok,0.948442109807598,proxy,5,0.9432115605534025,65570259.2,ok,0.00505,ok,0.9323647727272727,0.0384328125,ok,ue1_qfi1,0.5102040816326531,49,100.0,data,ok,0.0,ue4_qfi1,49.5,ok,30.4,ue1_qfi2,0,0.0,0.0,30.303,ok,33.0,,pending,,pending,,,,,,,20,,,PF,87989972,,,
ue7_qfi9,295.75,300.0,300.0,300.25,ok,0.30285638107950713,ok,ue3_qfi1,0,0,0,124.75000000000014,data,ok,2.0,False,,proxy,3,0,ue8_qfi2,0.0,147,150.0,ok,ue3_qfi2,21.366,ok,7,ok,8,ue8_qfi2,0.0,ok,0.8845976850839593,proxy,5,0.8797023224493727,65263713.6,ok,0.004320454545454546,ok,0.9318920454545454,0.11093125,ok,ue1_qfi1,0.46938775510204084,49,100.0,data,ok,0.0,ue3_qfi1,19.5,ok,30.2,ue2_qfi2,1,76.25,76.25,30.303,ok,33.0,,pending,,pending,,,,,,,20,,,Reservation,87989972,,,
ue7_qfi9,252.0,300.0,300.0,300.25,ok,0.29944684818548667,ok,ue2_qfi1,0,0,0,458.2499999999996,data,ok,2.0,False,,proxy,3,0,ue2_qfi2,0.9933333333333333,150,150.0,ok,ue7_qfi2,83.621,ok,7,ok,8,ue2_qfi2,0.9495844,ok,0.9060972161560343,proxy,5,0.8576911511796792,65267470.4,ok,0.005034090909090909,ok,0.9324420454545455,0.0377859375,ok,ue7_qfi1,0.3103448275862069,29,100.0,data,ok,0.0,ue8_qfi9,115.5,ok,30.2,ue5_qfi2,12,104.0,987.5,30.303,ok,33.0,,pending,,pending,,,,,,,20,,,TwoTier,87989972,,,
ue8_qfi9,297.25,299.75,300.0,300.25,ok,0.27550726731076375,ok,ue5_qfi1,0,0,0,124.00000000000011,data,ok,2.0,False,,proxy,3,0,ue1_qfi2,1.0,152,150.0,ok,ue4_qfi2,26.553,ok,8,ok,8,ue3_qfi2,0.950306,ok,0.9537289830297535,proxy,5,0.9373969704563362,67460713.6,ok,0.004902272727272727,ok,0.9328954545454545,0.0369515625,ok,ue5_qfi1,0.46938775510204084,49,100.0,data,ok,0.0,ue1_qfi1,24.25,ok,30.4,ue1_qfi2,0,0.0,0.0,30.303,ok,33.0,,pending,,pending,,,,,,,20,,,PF,161576974,,,
ue7_qfi9,296.25,300.0,300.25,300.25,ok,0.29763233386255133,ok,ue7_qfi1,0,0,0,121.99999999999989,data,ok,2.0,False,,proxy,3,0,ue8_qfi2,0.0,148,150.0,ok,ue4_qfi2,21.531,ok,7,ok,8,ue8_qfi2,0.0,ok,0.8842736178324355,proxy,5,0.874344413125708,65637075.2,ok,0.0042681818181818185,ok,0.9315034090909091,0.109515625,ok,ue2_qfi1,0.46938775510204084,49,100.0,data,ok,0.0,ue3_qfi1,21.75,ok,30.4,ue1_qfi2,0,0.0,0.0,30.303,ok,33.0,,pending,,pending,,,,,,,20,,,Reservation,161576974,,,
ue1_qfi9,16.5,78.25,101.75,111.75,ok,0.3638641731064456,ok,ue1_qfi1,0,0,0,132.49999999999983,data,ok,2.0,False,,proxy,3,0,ue6_qfi2,0.0,147,150.0,ok,ue3_qfi2,31.557,ok,4,ok,8,ue6_qfi2,0.0,ok,0.7185641538361155,proxy,5,0.7183521503015288,59317948.8,ok,0.0051045454545454545,ok,0.9326772727272727,0.039590625,ok,ue2_qfi1,0.4897959183673469,49,100.0,data,ok,0.0,ue1_qfi9,95.25,ok,30.2,ue3_qfi2,2,71.75,139.5,30.303,ok,33.0,,pending,,pending,,,,,,,20,,,TwoTier,161576974,,,
ue8_qfi9,298.0,300.0,300.25,300.25,ok,0.2924727803460798,ok,ue1_qfi1,0,0,0,118.24999999999974,data,ok,2.0,False,,proxy,3,0,ue2_qfi2,0.993421052631579,152,150.0,ok,ue5_qfi2,27.117,ok,8,ok,8,ue6_qfi2,0.9690408,ok,0.9500964252442554,proxy,5,0.9420392184478527,66189430.4,ok,0.0048386363636363635,ok,0.9343806818181818,0.0378953125,ok,ue1_qfi1,0.46938775510204084,49,100.0,data,ok,0.0,ue4_qfi1,20.25,ok,30.2,ue2_qfi2,1,67.75,67.75,30.303,ok,33.0,,pending,,pending,,,,,,,20,,,PF,35492826,,,
ue7_qfi9,297.0,300.0,300.25,300.25,ok,0.30385633577172205,ok,ue1_qfi1,0,0,0,123.25000000000009,data,ok,2.0,False,,proxy,3,0,ue8_qfi2,0.0,147,150.0,ok,ue5_qfi2,21.25,ok,7,ok,8,ue8_qfi2,0.0,ok,0.8840637107440094,proxy,5,0.8791498169906773,65349988.8,ok,0.004261363636363636,ok,0.9320659090909091,0.110309375,ok,ue4_qfi1,0.4489795918367347,49,100.0,data,ok,0.0,ue1_qfi1,18.0,ok,30.2,ue2_qfi2,1,79.5,79.5,30.303,ok,33.0,,pending,,pending,,,,,,,20,,,Reservation,35492826,,,
ue5_qfi9,25.0,57.0,62.0,65.25,ok,0.36278672967790515,ok,ue5_qfi1,0,0,0,120.75000000000014,data,ok,2.0,False,,proxy,3,0,ue6_qfi2,0.0,147,150.0,ok,ue1_qfi2,24.236,ok,5,ok,8,ue6_qfi2,0.0,ok,0.7186987340600944,proxy,5,0.7186738255168156,59622276.8,ok,0.0051045454545454545,ok,0.9344102272727273,0.03814375,ok,ue1_qfi1,0.4897959183673469,49,100.0,data,ok,0.0,ue5_qfi9,40.25,ok,30.4,ue1_qfi2,0,0.0,0.0,30.303,ok,33.0,,pending,,pending,,,,,,,20,,,TwoTier,35492826,,,
ue8_qfi9,297.25,300.0,300.0,300.25,ok,0.2767342514043939,ok,ue1_qfi1,0,0,0,139.0,data,ok,2.0,False,,proxy,3,0,ue1_qfi2,1.0,152,150.0,ok,ue1_qfi2,24.929,ok,8,ok,8,ue2_qfi2,0.9666928,ok,0.953978379126973,proxy,5,0.9466102058041659,67520502.4,ok,0.0046409090909090905,ok,0.9338352272727273,0.036971875,ok,ue8_qfi1,0.3877551020408163,49,100.0,data,ok,0.0,ue1_qfi1,40.75,ok,30.4,ue1_qfi2,0,0.0,0.0,30.303,ok,33.0,,pending,,pending,,,,,,,20,,,PF,376383645,,,
ue8_qfi9,297.5,300.0,300.25,300.25,ok,0.2979524459885542,ok,ue2_qfi1,0,0,0,123.00000000000023,data,ok,2.0,False,,proxy,3,0,ue1_qfi2,1.0,152,150.0,ok,ue4_qfi2,24.652,ok,8,ok,8,ue2_qfi2,0.9664724,ok,0.951018906619292,proxy,5,0.9443860513723698,66382123.2,ok,0.004184090909090909,ok,0.9325465909090909,0.107446875,ok,ue7_qfi1,0.42857142857142855,49,100.0,data,ok,0.0,ue6_qfi1,19.5,ok,30.4,ue1_qfi2,0,0.0,0.0,30.303,ok,33.0,,pending,,pending,,,,,,,20,,,Reservation,376383645,,,
ue3_qfi9,19.25,52.25,59.25,63.25,ok,0.36351882224112114,ok,ue1_qfi1,0,0,0,119.49999999999994,data,ok,2.0,False,,proxy,3,0,ue6_qfi2,0.0,147,150.0,ok,ue5_qfi2,25.39,ok,5,ok,8,ue6_qfi2,0.0,ok,0.7186466977398004,proxy,5,0.7185986132705294,59612532.8,ok,0.005170454545454546,ok,0.9336420454545454,0.03781875,ok,ue1_qfi1,0.40816326530612246,49,100.0,data,ok,0.0,ue3_qfi9,44.0,ok,30.4,ue1_qfi2,0,0.0,0.0,30.303,ok,33.0,,pending,,pending,,,,,,,20,,,TwoTier,376383645,,,
ue7_qfi9,297.75,300.0,300.0,300.25,ok,0.24764223402058153,ok,ue3_qfi1,0,0,0,119.00000000000021,data,ok,2.0,False,,proxy,3,0,ue5_qfi2,0.993421052631579,152,150.0,ok,ue3_qfi2,26.203,ok,8,ok,8,ue3_qfi2,0.9658652,ok,0.9625291709040674,proxy,5,0.9584684626720545,70001803.2,ok,0.0054181818181818185,ok,0.9338920454545454,0.0346359375,ok,ue5_qfi1,0.4489795918367347,49,100.0,data,ok,0.0,ue6_qfi1,19.5,ok,30.2,ue5_qfi2,1,71.0,71.0,30.303,ok,33.0,,pending,,pending,,,,,,,20,,,PF,1746484539,,,
ue7_qfi9,296.0,300.0,300.0,300.25,ok,0.2690556464064796,ok,ue5_qfi1,0,0,0,123.00000000000023,data,ok,2.0,False,,proxy,3,0,ue8_qfi2,0.0,147,150.0,ok,ue1_qfi2,21.41,ok,7,ok,8,ue8_qfi2,0.0,ok,0.8907883485054882,proxy,5,0.88851457444389,68223923.2,ok,0.004027272727272727,ok,0.9311647727272727,0.1025109375,ok,ue3_qfi1,0.46938775510204084,49,100.0,data,ok,0.0,ue4_qfi1,22.25,ok,30.4,ue1_qfi2,0,0.0,0.0,30.303,ok,33.0,,pending,,pending,,,,,,,20,,,Reservation,1746484539,,,
ue7_qfi9,295.0,300.0,300.25,300.25,ok,0.2881572022960602,ok,ue1_qfi1,0,0,0,207.75000000000077,data,ok,2.0,False,,proxy,3,0,ue6_qfi2,0.5460526315789473,152,150.0,ok,ue8_qfi2,66.698,ok,5,ok,8,ue7_qfi2,0.5272532,ok,0.8530688041833443,proxy,5,0.7187199456470363,65777924.8,ok,0.005038636363636364,ok,0.9337534090909091,0.0344390625,ok,ue8_qfi1,0.44,25,100.0,data,ok,0.0,ue1_qfi9,284.5,ok,16.6,ue8_qfi2,6,94.25,462.25,30.303,ok,33.0,,pending,,pending,,,,,,,20,,,TwoTier,1746484539,,,
ue30_qfi2,133.387,148.556,149.5,150.182,ok,0.7721163446302196,ok,ue5_qfi82,0,0,0,55.49999999999999,data,ok,2.0,False,,proxy,3,0,ue25_qfi2,0.026845637583892617,149,150.0,ok,ue3_qfi2,150.121,ok,0,ok,32,ue20_qfi2,0.4944192,ok,0.4648505919949878,proxy,5,0.45845448736837785,69467632.0,ok,0.025286363636363638,ok,0.9300545454545455,0.04074375,ok,ue1_qfi2,1.0,789,150.0,data,ok,0.0,ue11_qfi2,17.79600000000002,ok,2.4,ue2_qfi2,7,1708.25,4753.5,30.303,ok,33.0,,pending,,pending,,,,,0.75,,,32,,PF,1826701614,,,
ue26_qfi9,299.25,300.25,300.25,300.25,ok,0.781888154800205,ok,ue12_qfi1,0,0,1,669.0000000000005,data,ok,2.0,False,,proxy,3,0,ue17_qfi2,0.0,147,150.0,ok,ue26_qfi2,129.036,ok,11,ok,32,ue17_qfi2,0.0,ok,0.5040222161990542,proxy,5,0.49077116093884626,66966868.8,ok,0.025281818181818183,ok,0.9275034090909091,0.3227921875,ok,ue26_qfi1,0.2,5,100.0,data,ok,0.0,ue7_qfi2,105.06,ok,29.8,ue3_qfi2,15,151.0,1233.5,30.303,ok,33.0,,pending,,pending,,,,,0.75,,,32,,Reservation,1826701614,,,
ue11_qfi9,293.5,299.75,300.0,300.25,ok,0.7753217835925104,ok,ue8_qfi9,0,0,1,582.7500000000001,data,ok,2.0,False,,proxy,3,0,ue13_qfi2,0.0,147,150.0,ok,ue8_qfi2,88.086,ok,12,ok,32,ue13_qfi2,0.0,ok,0.4784045165839513,proxy,5,0.47509982743313545,68852723.2,ok,0.025570454545454546,ok,0.9291022727272727,0.0397578125,ok,ue5_qfi1,0.4090909090909091,44,100.0,data,ok,0.0,ue10_qfi2,112.078,ok,30.4,ue3_qfi2,8,106.5,701.75,30.303,ok,33.0,,pending,,pending,,,,,0.75,,,32,,TwoTier,1826701614,,,
ue25_qfi2,134.058,148.814,149.742,150.13,ok,0.7742571716853923,ok,ue31_qfi82,0,0,0,98.74999999999989,data,ok,2.0,False,,proxy,3,0,ue11_qfi2,0.02027027027027027,148,150.0,ok,ue10_qfi2,150.094,ok,0,ok,32,ue1_qfi2,0.48514440000000003,ok,0.46520668162943724,proxy,5,0.45865561605968386,68790936.0,ok,0.025911363636363635,ok,0.9298193181818182,0.0416421875,ok,ue1_qfi2,1.0,732,150.0,data,ok,0.0,ue11_qfi2,17.334000000000003,ok,1.6,ue30_qfi2,6,2230.0,4880.75,30.303,ok,33.0,,pending,,pending,,,,,0.75,,,32,,PF,1367864806,,,
ue30_qfi9,299.5,300.25,300.25,300.25,ok,0.7837010764767988,ok,ue20_qfi1,0,1,1,1749.4999999999993,data,ok,2.0,False,,proxy,3,0,ue17_qfi2,0.0,148,150.0,ok,ue14_qfi2,147.652,ok,1,ok,32,ue17_qfi2,0.0,ok,0.47082895921495566,proxy,5,0.449877940722339,65821843.2,ok,0.025320454545454545,ok,0.9256488636363637,0.3542015625,ok,ue6_qfi1,0.058823529411764705,17,100.0,data,ok,0.0,ue3_qfi2,94.54299999999999,ok,29.6,ue2_qfi2,16,207.5,1834.25,30.303,ok,33.0,,pending,,pending,,,,,0.75,,,32,,Reservation,1367864806,,,
ue11_qfi9,298.0,300.0,300.25,300.25,ok,0.7796573283278532,ok,ue5_qfi9,0,0,0,358.0000000000001,data,ok,2.0,False,,proxy,3,0,ue13_qfi2,0.0,147,150.0,ok,ue10_qfi2,82.033,ok,12,ok,32,ue13_qfi2,0.0,ok,0.47411222051822666,proxy,5,0.46831850209262615,67377193.6,ok,0.025843181818181817,ok,0.9303340909090909,0.0420640625,ok,ue8_qfi1,0.38235294117647056,34,100.0,data,ok,0.0,ue12_qfi2,108.83099999999999,ok,30.4,ue4_qfi2,9,128.5,844.75,30.303,ok,33.0,,pending,,pending,,,,,0.75,,,32,,TwoTier,1367864806,,,
ue25_qfi2,132.604,148.838,149.684,150.134,ok,0.7795909803249068,ok,ue16_qfi82,0,0,0,55.50000000000033,data,ok,2.0,False,,proxy,3,0,ue8_qfi2,0.02027027027027027,148,150.0,ok,ue7_qfi2,150.039,ok,0,ok,32,ue4_qfi2,0.4597436,ok,0.4617358073897104,proxy,5,0.45368823481134063,67236299.2,ok,0.026761363636363635,ok,0.9314534090909091,0.0437609375,ok,ue1_qfi2,1.0,724,150.0,data,ok,0.0,ue25_qfi2,17.529999999999973,ok,1.4,ue28_qfi2,4,3007.75,4826.25,30.303,ok,33.0,,pending,,pending,,,,,0.75,,,32,,PF,1097657231,,,
ue28_qfi9,300.0,300.25,300.25,300.25,ok,0.7886422124249081,ok,ue5_qfi9,1,1,1,3796.7500000000005,data,ok,2.0,False,,proxy,3,0,ue17_qfi2,0.0,148,150.0,ok,ue18_qfi2,149.152,ok,0,ok,32,ue17_qfi2,0.0,ok,0.430360183912712,proxy,5,0.38970993544117244,64316209.6,ok,0.025484090909090908,ok,0.9181340909090909,0.3807515625,ok,ue28_qfi1,0.0,1,100.0,data,ok,0.0,ue3_qfi9,101.25,ok,19.4,ue4_qfi2,15,601.25,2336.5,30.303,ok,33.0,,pending,,pending,,,,,0.75,,,32,,Reservation,1097657231,,,
ue11_qfi9,297.75,300.0,300.25,300.25,ok,0.7817523995005996,ok,ue4_qfi1,0,0,0,338.7499999999992,data,ok,2.0,False,,proxy,3,0,ue13_qfi2,0.0,147,150.0,ok,ue10_qfi2,88.611,ok,12,ok,32,ue13_qfi2,0.0,ok,0.4746360606599449,proxy,5,0.4683391842937926,66789120.0,ok,0.02739090909090909,ok,0.930375,0.0435390625,ok,ue10_qfi1,0.40625,32,100.0,data,ok,0.0,ue12_qfi2,115.153,ok,30.2,ue6_qfi2,8,97.25,633.25,30.303,ok,33.0,,pending,,pending,,,,,0.75,,,32,,TwoTier,1097657231,,,
ue14_qfi2,132.834,148.942,149.87,150.213,ok,0.778078331512382,ok,ue4_qfi82,0,0,0,100.00000000000009,data,ok,2.0,False,,proxy,3,0,ue2_qfi2,0.02027027027027027,148,150.0,ok,ue14_qfi2,150.242,ok,0,ok,32,ue28_qfi2,0.47831840000000003,ok,0.4630507075958469,proxy,5,0.45509471891033076,67650068.8,ok,0.026702272727272727,ok,0.9315113636363637,0.043859375,ok,ue4_qfi82,0.9897959183673469,98,100.0,data,ok,0.0,ue22_qfi2,17.506,ok,1.2,ue25_qfi2,5,2530.0,4925.75,30.303,ok,33.0,,pending,,pending,,,,,0.75,,,32,,PF,579362555,,,
ue17_qfi9,299.75,300.25,300.25,300.25,ok,0.7854708314722443,ok,ue14_qfi9,0,1,2,1361.2499999999998,data,ok,2.0,False,,proxy,3,0,ue18_qfi2,0.0,148,150.0,ok,ue11_qfi2,147.47,ok,2,ok,32,ue18_qfi2,0.0,ok,0.4572549383644392,proxy,5,0.3907044962131107,65136342.4,ok,0.025277272727272728,ok,0.9223136363636364,0.3610484375,ok,ue11_qfi1,0.0,14,100.0,data,ok,0.0,ue4_qfi2,94.31,ok,25.0,ue2_qfi2,17,184.5,1955.0,30.303,ok,33.0,,pending,,pending,,,,,0.75,,,32,,Reservation,579362555,,,
ue11_qfi9,289.5,299.75,300.0,300.25,ok,0.7814747715366019,ok,ue12_qfi1,0,0,0,395.9999999999999,data,ok,2.0,False,,proxy,3,0,ue13_qfi2,0.0,147,150.0,ok,ue10_qfi2,81.886,ok,12,ok,32,ue13_qfi2,0.0,ok,0.47747617672347153,proxy,5,0.4720839031774098,66861286.4,ok,0.02669090909090909,ok,0.9313590909090909,0.04368125,ok,ue4_qfi1,0.42857142857142855,42,100.0,data,ok,0.0,ue12_qfi2,114.549,ok,30.4,ue7_qfi2,7,103.5,606.0,30.303,ok,33.0,,pending,,pending,,,,,0.75,,,32,,TwoTier,579362555,,,
ue11_qfi2,133.006,148.416,149.457,150.123,ok,0.7774427628837689,ok,ue1_qfi82,0,0,0,55.499999999999886,data,ok,2.0,False,,proxy,3,0,ue22_qfi2,0.02027027027027027,148,150.0,ok,ue9_qfi2,150.149,ok,0,ok,32,ue6_qfi2,0.479102,ok,0.4630647172216439,proxy,5,0.4554865151928143,67800401.6,ok,0.026911363636363636,ok,0.9303011363636363,0.0429625,ok,ue1_qfi2,1.0,764,150.0,data,ok,0.0,ue1_qfi2,17.323999999999984,ok,2.2,ue29_qfi2,9,3589.75,4862.75,30.303,ok,33.0,,pending,,pending,,,,,0.75,,,32,,PF,661058651,,,
ue25_qfi9,299.75,300.25,300.25,300.25,ok,0.7857000294481984,ok,ue15_qfi9,0,1,2,1317.25,data,ok,2.0,False,,proxy,3,0,ue16_qfi2,0.0,147,150.0,ok,ue25_qfi2,140.991,ok,9,ok,32,ue16_qfi2,0.0,ok,0.48348754919453407,proxy,5,0.4563956425435946,65646150.4,ok,0.025622727272727273,ok,0.9252829545454545,0.3396875,ok,ue24_qfi1,0.21428571428571427,14,100.0,data,ok,0.0,ue3_qfi2,107.912,ok,29.8,ue2_qfi2,14,222.75,1388.0,30.303,ok,33.0,,pending,,pending,,,,,0.75,,,32,,Reservation,661058651,,,
ue12_qfi9,293.25,299.75,300.0,300.25,ok,0.7808720456593802,ok,ue3_qfi1,0,0,0,389.2500000000001,data,ok,2.0,False,,proxy,3,0,ue13_qfi2,0.0,148,150.0,ok,ue8_qfi2,87.178,ok,12,ok,32,ue13_qfi2,0.0,ok,0.4767239597093177,proxy,5,0.4739102066151961,67128684.8,ok,0.026086363636363637,ok,0.9314147727272727,0.0425390625,ok,ue6_qfi1,0.4,40,100.0,data,ok,0.0,ue12_qfi2,112.172,ok,30.4,ue2_qfi2,7,99.0,599.75,30.303,ok,33.0,,pending,,pending,,,,,0.75,,,32,,TwoTier,661058651,,,
ue30_qfi2,132.224,148.427,149.669,150.15,ok,0.7772351767774989,ok,ue9_qfi82,0,0,0,55.749999999999744,data,ok,2.0,False,,proxy,3,0,ue17_qfi2,0.013513513513513514,148,150.0,ok,ue9_qfi2,150.187,ok,0,ok,32,ue17_qfi2,0.47504240000000003,ok,0.46312368380948943,proxy,5,0.45430418839414455,67906944.0,ok,0.026736363636363638,ok,0.9315647727272727,0.0425265625,ok,ue1_qfi2,1.0,787,150.0,data,ok,0.0,ue30_qfi2,17.926000000000016,ok,2.2,ue10_qfi2,6,1944.75,4700.25,30.303,ok,33.0,,pending,,pending,,,,,0.75,,,32,,PF,87989972,,,
ue16_qfi9,299.75,300.25,300.25,300.25,ok,0.7817181469258855,ok,ue11_qfi1,0,1,1,1294.4999999999998,data,ok,2.0,False,,proxy,3,0,ue17_qfi2,0.0,148,150.0,ok,ue6_qfi2,139.621,ok,9,ok,32,ue17_qfi2,0.0,ok,0.49087354531174066,proxy,5,0.4193448339309127,66882192.0,ok,0.02544318181818182,ok,0.9265272727272728,0.333353125,ok,ue21_qfi1,0.0,3,100.0,data,ok,0.0,ue6_qfi2,115.384,ok,29.4,ue2_qfi2,11,247.25,994.25,30.303,ok,33.0,,pending,,pending,,,,,0.75,,,32,,Reservation,87989972,,,
ue12_qfi9,289.0,299.5,300.0,300.25,ok,0.7769411325835888,ok,ue8_qfi9,0,0,0,367.0,data,ok,2.0,False,,proxy,3,0,ue13_qfi2,0.0,147,150.0,ok,ue9_qfi2,86.915,ok,12,ok,32,ue13_qfi2,0.0,ok,0.4780217498563532,proxy,5,0.47479686219771844,68247833.6,ok,0.026356818181818183,ok,0.9320193181818182,0.0424265625,ok,ue6_qfi1,0.35,40,100.0,data,ok,0.0,ue12_qfi2,120.376,ok,30.4,ue5_qfi2,8,107.0,681.75,30.303,ok,33.0,,pending,,pending,,,,,0.75,,,32,,TwoTier,87989972,,,
ue19_qfi2,132.6,148.743,149.923,150.158,ok,0.7780089682492184,ok,ue19_qfi82,0,0,0,56.00000000000005,data,ok,2.0,False,,proxy,3,0,ue20_qfi2,0.013513513513513514,148,150.0,ok,ue19_qfi2,150.222,ok,0,ok,32,ue13_qfi2,0.4825008,ok,0.46274732554837456,proxy,5,0.45642480513506145,67772171.2,ok,0.026454545454545456,ok,0.9320761363636364,0.043759375,ok,ue1_qfi2,1.0,828,150.0,data,ok,0.0,ue19_qfi2,17.557999999999993,ok,1.2,ue25_qfi2,4,2473.25,4876.5,30.303,ok,33.0,,pending,,pending,,,,,0.75,,,32,,PF,161576974,,,
ue24_qfi9,298.75,300.25,300.25,300.25,ok,0.7878246426690099,ok,ue5_qfi9,0,2,4,1680.9999999999995,data,ok,2.0,False,,proxy,3,0,ue17_qfi2,0.0,147,150.0,ok,ue7_qfi2,141.917,ok,1,ok,32,ue17_qfi2,0.0,ok,0.4629016822373827,proxy,5,0.43503042908619927,64597854.4,ok,0.025404545454545454,ok,0.919925,0.365353125,ok,ue14_qfi1,0.0625,16,100.0,data,ok,0.0,ue14_qfi9,146.25,ok,28.6,ue14_qfi2,15,273.75,1754.25,30.303,ok,33.0,,pending,,pending,,,,,0.75,,,32,,Reservation,161576974,,,
ue11_qfi9,296.5,300.0,300.0,300.25,ok,0.7829538281650349,ok,ue4_qfi9,0,0,0,317.25000000000045,data,ok,2.0,False,,proxy,3,0,ue13_qfi2,0.0,147,150.0,ok,ue11_qfi2,93.785,ok,12,ok,32,ue13_qfi2,0.0,ok,0.47671274689804594,proxy,5,0.47448873379330775,66464612.8,ok,0.026318181818181817,ok,0.9330556818181818,0.0442390625,ok,ue2_qfi1,0.45652173913043476,46,100.0,data,ok,0.0,ue12_qfi2,112.74000000000001,ok,30.0,ue12_qfi2,10,99.25,827.75,30.303,ok,33.0,,pending,,pending,,,,,0.75,,,32,,TwoTier,161576974,,,
ue30_qfi2,134.099,148.391,150.024,150.168,ok,0.7753938280257223,ok,ue12_qfi82,0,0,0,55.749999999999744,data,ok,2.0,False,,proxy,3,0,ue5_qfi2,0.02027027027027027,148,150.0,ok,ue14_qfi2,150.212,ok,0,ok,32,ue18_qfi2,0.4902692,ok,0.4645031352850955,proxy,5,0.45960069577027646,68363612.8,ok,0.02580681818181818,ok,0.9329602272727273,0.04248125,ok,ue1_qfi2,1.0,881,150.0,data,ok,0.0,ue7_qfi2,17.715000000000003,ok,2.4,ue1_qfi2,7,2504.75,4760.25,30.303,ok,33.0,,pending,,pending,,,,,0.75,,,32,,PF,35492826,,,
ue24_qfi9,299.75,300.25,300.25,300.25,ok,0.781476953908797,ok,ue8_qfi1,0,0,0,429.0000000000003,data,ok,2.0,False,,proxy,3,0,ue15_qfi2,0.0,147,150.0,ok,ue8_qfi2,87.852,ok,13,ok,32,ue15_qfi2,0.0,ok,0.507781748906259,proxy,5,0.49136362960123203,67404492.8,ok,0.025493181818181818,ok,0.9275988636363637,0.317025,ok,ue4_qfi1,0.28205128205128205,39,100.0,data,ok,0.0,ue24_qfi2,98.052,ok,30.4,ue10_qfi2,10,89.0,750.25,30.303,ok,33.0,,pending,,pending,,,,,0.75,,,32,,Reservation,35492826,,,
ue12_qfi9,297.0,300.0,300.0,300.25,ok,0.7767974073124562,ok,ue9_qfi1,0,0,0,350.25000000000006,data,ok,2.0,False,,proxy,3,0,ue13_qfi2,0.0,147,150.0,ok,ue12_qfi2,82.25,ok,11,ok,32,ue13_qfi2,0.0,ok,0.47819419012606446,proxy,5,0.4747212760018319,68289902.4,ok,0.026715909090909092,ok,0.9330886363636364,0.0421765625,ok,ue9_qfi1,0.40540540540540543,37,100.0,data,ok,0.0,ue8_qfi2,106.716,ok,30.4,ue3_qfi2,8,96.0,697.5,30.303,ok,33.0,,pending,,pending,,,,,0.75,,,32,,TwoTier,35492826,,,
ue4_qfi2,132.605,149.366,150.015,150.156,ok,0.7755426201155272,ok,ue21_qfi82,0,0,0,100.24999999999994,data,ok,2.0,False,,proxy,3,0,ue32_qfi2,0.02027027027027027,148,150.0,ok,ue8_qfi2,150.0,ok,0,ok,32,ue25_qfi2,0.4619844,ok,0.4645262627317462,proxy,5,0.4580314978641785,68462185.6,ok,0.02660909090909091,ok,0.93355,0.0428,ok,ue21_qfi82,0.9897959183673469,98,100.0,data,ok,0.0,ue20_qfi2,17.77600000000001,ok,1.6,ue13_qfi2,6,2011.75,4879.5,30.303,ok,33.0,,pending,,pending,,,,,0.75,,,32,,PF,376383645,,,
ue20_qfi9,299.5,300.25,300.25,300.25,ok,0.7805615882725194,ok,ue12_qfi9,0,1,2,1062.2500000000002,data,ok,2.0,False,,proxy,3,0,ue16_qfi2,0.0,148,150.0,ok,ue17_qfi2,139.861,ok,9,ok,32,ue16_qfi2,0.0,ok,0.48974864564487064,proxy,5,0.473085268221919,67017958.4,ok,0.02544090909090909,ok,0.9260511363636363,0.339496875,ok,ue1_qfi1,0.18518518518518517,27,100.0,data,ok,0.0,ue13_qfi2,102.292,ok,29.6,ue14_qfi2,16,213.75,1734.0,30.303,ok,33.0,,pending,,pending,,,,,0.75,,,32,,Reservation,376383645,,,
ue12_qfi9,280.25,299.75,300.0,300.25,ok,0.7745648439944213,ok,ue2_qfi1,0,0,0,337.99999999999983,data,ok,2.0,False,,proxy,3,0,ue13_qfi2,0.0,147,150.0,ok,ue2_qfi2,76.955,ok,12,ok,32,ue13_qfi2,0.0,ok,0.4805880980817789,proxy,5,0.47787720760672064,68993377.6,ok,0.026922727272727272,ok,0.9326352272727273,0.0415515625,ok,ue3_qfi1,0.391304347826087,46,100.0,data,ok,0.0,ue3_qfi2,83.292,ok,30.4,ue2_qfi2,8,149.0,807.25,30.303,ok,33.0,,pending,,pending,,,,,0.75,,,32,,TwoTier,376383645,,,
ue1_qfi2,133.941,148.75,149.884,150.125,ok,0.7791686863527262,ok,ue16_qfi82,0,0,0,55.750000000000185,data,ok,2.0,False,,proxy,3,0,ue2_qfi2,0.02702702702702703,148,150.0,ok,ue22_qfi2,150.179,ok,0,ok,32,ue31_qfi2,0.463818,ok,0.46248937570893356,proxy,5,0.45382542067885256,67339676.8,ok,0.026920454545454546,ok,0.93325,0.04395,ok,ue1_qfi2,1.0,782,150.0,data,ok,0.0,ue7_qfi2,17.634000000000015,ok,2.0,ue26_qfi2,5,2633.5,4745.75,30.303,ok,33.0,,pending,,pending,,,,,0.75,,,32,,PF,1746484539,,,
ue24_qfi9,300.0,300.25,300.25,300.25,ok,0.7868550502948145,ok,ue9_qfi9,0,0,1,828.0000000000003,data,ok,2.0,False,,proxy,3,0,ue16_qfi2,0.0,148,150.0,ok,ue7_qfi2,134.376,ok,6,ok,32,ue16_qfi2,0.0,ok,0.4802205715098896,proxy,5,0.4457217146761329,65021985.6,ok,0.02534090909090909,ok,0.9250068181818182,0.3499890625,ok,ue4_qfi1,0.08695652173913043,23,100.0,data,ok,0.0,ue7_qfi2,105.721,ok,28.2,ue7_qfi2,16,241.75,1716.5,30.303,ok,33.0,,pending,,pending,,,,,0.75,,,32,,Reservation,1746484539,,,
ue12_qfi9,293.75,299.75,300.0,300.25,ok,0.7824213549773492,ok,ue1_qfi1,0,0,1,663.4999999999998,data,ok,2.0,False,,proxy,3,0,ue13_qfi2,0.0,147,150.0,ok,ue3_qfi2,79.114,ok,12,ok,32,ue13_qfi2,0.0,ok,0.4765503378363172,proxy,5,0.47408881649836077,66571782.4,ok,0.02656590909090909,ok,0.9329397727272727,0.0439984375,ok,ue4_qfi1,0.40540540540540543,37,100.0,data,ok,0.0,ue5_qfi2,100.37,ok,30.2,ue9_qfi2,8,110.0,718.75,30.303,ok,33.0,,pending,,pending,,,,,0.75,,,32,,TwoTier,1746484539,,,
ue4_qfi2,133.429,148.295,149.054,150.158,ok,0.7153178169605942,ok,ue14_qfi82,0,0,0,100.24999999999994,data,ok,2.0,False,,proxy,3,0,ue3_qfi2,0.02702702702702703,148,150.0,ok,ue18_qfi2,150.153,ok,0,ok,32,ue6_qfi2,0.4916696,ok,0.465338906791708,proxy,5,0.4595889520232173,69462339.2,ok,0.025345454545454546,ok,0.929865909090909,0.0406890625,ok,ue14_qfi82,0.9897959183673469,98,100.0,data,ok,0.0,ue11_qfi2,17.901999999999987,ok,1.6,ue22_qfi2,6,3386.25,4882.25,30.303,ok,33.0,,pending,,pending,,,,,0.5,,,32,,PF,1826701614,,,
ue22_qfi9,299.0,300.25,300.25,300.25,ok,0.7235100558772559,ok,ue9_qfi9,0,0,1,641.75,data,ok,2.0,False,,proxy,3,0,ue17_qfi2,0.0,147,150.0,ok,ue8_qfi2,126.97,ok,12,ok,32,ue17_qfi2,0.0,ok,0.5060669466643333,proxy,5,0.47887303732891123,67535721.6,ok,0.025243181818181817,ok,0.9272534090909091,0.3331765625,ok,ue12_qfi1,0.25806451612903225,31,100.0,data,ok,0.0,ue1_qfi2,102.92999999999999,ok,29.8,ue15_qfi2,20,144.0,1726.75,30.303,ok,33.0,,pending,,pending,,,,,0.5,,,32,,Reservation,1826701614,,,
ue6_qfi9,294.25,299.75,300.0,300.25,ok,0.7199260270306352,ok,ue6_qfi1,0,0,0,336.75,data,ok,2.0,False,,proxy,3,0,ue13_qfi2,0.0,147,150.0,ok,ue10_qfi2,70.931,ok,11,ok,32,ue13_qfi2,0.0,ok,0.4957486274429347,proxy,5,0.4927917456965643,68465435.2,ok,0.026170454545454545,ok,0.9306215909090909,0.04130625,ok,ue4_qfi1,0.4444444444444444,45,100.0,data,ok,0.0,ue11_qfi2,94.31800000000001,ok,30.4,ue4_qfi2,6,104.5,578.75,30.303,ok,33.0,,pending,,pending,,,,,0.5,,,32,,TwoTier,1826701614,,,
ue30_qfi2,134.25,148.914,149.698,150.109,ok,0.7191350626261133,ok,ue23_qfi82,0,0,0,55.49999999999999,data,ok,2.0,False,,proxy,3,0,ue1_qfi2,0.02702702702702703,148,150.0,ok,ue13_qfi2,150.102,ok,0,ok,32,ue19_qfi2,0.47377240000000004,ok,0.4646888432566043,proxy,5,0.4550176834442082,68684908.8,ok,0.025522727272727273,ok,0.9311090909090909,0.0418453125,ok,ue1_qfi2,1.0,793,150.0,data,ok,0.0,ue28_qfi2,17.80000000000001,ok,1.8,ue22_qfi2,7,2012.0,4546.25,30.303,ok,33.0,,pending,,pending,,,,,0.5,,,32,,PF,1367864806,,,
ue18_qfi9,298.75,300.0,300.25,300.25,ok,0.7271743460577854,ok,ue1_qfi9,0,1,3,1810.75,data,ok,2.0,False,,proxy,3,0,ue19_qfi2,0.0,147,150.0,ok,ue2_qfi2,145.34,ok,5,ok,32,ue19_qfi2,0.0,ok,0.4822747623642873,proxy,5,0.4519814399723355,66582438.4,ok,0.025238636363636362,ok,0.9233318181818182,0.35875,ok,ue16_qfi1,0.13636363636363635,22,100.0,data,ok,0.0,ue6_qfi2,93.026,ok,27.4,ue13_qfi2,15,441.25,2088.5,30.303,ok,33.0,,pending,,pending,,,,,0.5,,,32,,Reservation,1367864806,,,
ue10_qfi9,292.0,299.75,300.0,300.25,ok,0.7233584108832033,ok,ue7_qfi1,0,0,0,370.75,data,ok,2.0,False,,proxy,3,0,ue13_qfi2,0.0,147,150.0,ok,ue7_qfi2,84.894,ok,12,ok,32,ue13_qfi2,0.0,ok,0.49457009889305015,proxy,5,0.4876884271481802,67722425.6,ok,0.026004545454545454,ok,0.930440909090909,0.0420328125,ok,ue11_qfi1,0.44680851063829785,47,100.0,data,ok,0.0,ue6_qfi2,88.01700000000001,ok,30.4,ue5_qfi2,6,101.5,536.75,30.303,ok,33.0,,pending,,pending,,,,,0.5,,,32,,TwoTier,1367864806,,,
ue15_qfi2,133.898,149.141,149.879,150.123,ok,0.7249895257082911,ok,ue31_qfi82,0,0,0,55.49999999999999,data,ok,2.0,False,,proxy,3,0,ue5_qfi2,0.02027027027027027,148,150.0,ok,ue1_qfi2,150.057,ok,0,ok,32,ue23_qfi2,0.439162,ok,0.46186750527478093,proxy,5,0.45455501671168747,67132964.8,ok,0.027056818181818182,ok,0.9304295454545455,0.0434265625,ok,ue1_qfi2,1.0,894,150.0,data,ok,0.0,ue1_qfi2,17.498999999999995,ok,2.2,ue1_qfi2,6,2404.75,4350.25,30.303,ok,33.0,,pending,,pending,,,,,0.5,,,32,,PF,1097657231,,,
ue27_qfi9,299.0,300.25,300.25,300.25,ok,0.7314554100376542,ok,ue7_qfi9,0,1,2,1348.7500000000002,data,ok,2.0,False,,proxy,3,0,ue16_qfi2,0.0,147,150.0,ok,ue5_qfi2,147.172,ok,1,ok,32,ue16_qfi2,0.0,ok,0.4852327770419606,proxy,5,0.4732852718526517,65433619.199999996,ok,0.025347727272727272,ok,0.9239772727272727,0.357259375,ok,ue18_qfi1,0.1111111111111111,9,100.0,data,ok,0.0,ue1_qfi2,94.731,ok,26.2,ue1_qfi2,13,354.0,1980.25,30.303,ok,33.0,,pending,,pending,,,,,0.5,,,32,,Reservation,1097657231,,,
ue13_qfi9,293.25,299.75,300.0,300.25,ok,0.7280697102435245,ok,ue4_qfi1,0,0,0,385.5,data,ok,2.0,False,,proxy,3,0,ue14_qfi2,0.0,147,150.0,ok,ue8_qfi2,96.278,ok,12,ok,32,ue14_qfi2,0.0,ok,0.496266172867168,proxy,5,0.48763258286251915,66462505.6,ok,0.026488636363636364,ok,0.9303886363636363,0.04263125,ok,ue13_qfi1,0.34285714285714286,35,100.0,data,ok,0.0,ue9_qfi2,101.10999999999999,ok,30.4,ue6_qfi2,12,110.0,1048.5,30.303,ok,33.0,,pending,,pending,,,,,0.5,,,32,,TwoTier,1097657231,,,
ue19_qfi2,133.027,148.753,149.791,150.089,ok,0.7251520644305754,ok,ue5_qfi82,0,0,0,55.49999999999999,data,ok,2.0,False,,proxy,3,0,ue25_qfi2,0.02027027027027027,148,150.0,ok,ue32_qfi2,150.249,ok,0,ok,32,ue20_qfi2,0.4516972,ok,0.4620384651431443,proxy,5,0.4523081585336226,67052278.4,ok,0.026945454545454547,ok,0.9312943181818182,0.043303125,ok,ue1_qfi2,1.0,748,150.0,data,ok,0.0,ue2_qfi2,17.325000000000017,ok,1.2,ue17_qfi2,5,2477.5,4918.5,30.303,ok,33.0,,pending,,pending,,,,,0.5,,,32,,PF,579362555,,,
ue22_qfi9,300.25,300.25,300.25,300.25,ok,0.7319129940240753,ok,ue10_qfi1,0,1,1,1424.5000000000005,data,ok,2.0,False,,proxy,3,0,ue16_qfi2,0.0,148,150.0,ok,ue17_qfi2,144.733,ok,2,ok,32,ue16_qfi2,0.0,ok,0.4757875492017768,proxy,5,0.39895582946899405,65402027.2,ok,0.025359090909090908,ok,0.923171590909091,0.3423546875,ok,ue17_qfi1,0.25,4,100.0,data,ok,0.0,ue15_qfi2,114.967,ok,29.2,ue7_qfi2,14,183.0,1313.0,30.303,ok,33.0,,pending,,pending,,,,,0.5,,,32,,Reservation,579362555,,,
ue11_qfi9,293.5,299.75,300.0,300.25,ok,0.7290930390831595,ok,ue12_qfi1,0,0,0,351.75,data,ok,2.0,False,,proxy,3,0,ue13_qfi2,0.0,147,150.0,ok,ue12_qfi2,74.647,ok,11,ok,32,ue13_qfi2,0.0,ok,0.49116086411524573,proxy,5,0.4868668675770991,66250259.2,ok,0.026761363636363635,ok,0.9318715909090909,0.0428046875,ok,ue5_qfi1,0.4222222222222222,45,100.0,data,ok,0.0,ue10_qfi2,98.223,ok,30.2,ue12_qfi2,7,91.5,570.75,30.303,ok,33.0,,pending,,pending,,,,,0.5,,,32,,TwoTier,579362555,,,
ue1_qfi2,133.688,148.676,149.921,150.172,ok,0.7224281519972104,ok,ue15_qfi82,0,0,0,56.75000000000008,data,ok,2.0,False,,proxy,3,0,ue17_qfi2,0.02027027027027027,148,150.0,ok,ue9_qfi2,150.169,ok,0,ok,32,ue5_qfi2,0.44760520000000004,ok,0.46311623235689386,proxy,5,0.4575299830977854,67840851.2,ok,0.02705,ok,0.9309386363636364,0.042325,ok,ue1_qfi2,1.0,775,150.0,data,ok,0.0,ue24_qfi2,17.571000000000026,ok,2.2,ue29_qfi2,7,1622.75,3472.25,30.303,ok,33.0,,pending,,pending,,,,,0.5,,,32,,PF,661058651,,,
ue17_qfi9,299.0,300.25,300.25,300.25,ok,0.7350510918688181,ok,ue2_qfi9,1,1,1,2113.75,data,ok,2.0,False,,proxy,3,0,ue18_qfi2,0.0,148,150.0,ok,ue16_qfi2,139.365,ok,3,ok,32,ue18_qfi2,0.0,ok,0.47416505598335795,proxy,5,0.4552789330237845,64625716.8,ok,0.025384090909090908,ok,0.9242102272727273,0.3559359375,ok,ue4_qfi1,0.058823529411764705,17,100.0,data,ok,0.0,ue1_qfi2,95.11699999999999,ok,29.0,ue9_qfi2,18,239.5,2141.0,30.303,ok,33.0,,pending,,pending,,,,,0.5,,,32,,Reservation,661058651,,,
ue11_qfi9,294.25,299.75,300.0,300.25,ok,0.7302565751779623,ok,ue8_qfi1,0,0,0,353.00000000000006,data,ok,2.0,False,,proxy,3,0,ue13_qfi2,0.0,147,150.0,ok,ue12_qfi2,77.279,ok,11,ok,32,ue13_qfi2,0.0,ok,0.4902595672130919,proxy,5,0.4844017189642007,66009364.8,ok,0.026975,ok,0.9308420454545454,0.0428640625,ok,ue5_qfi1,0.3333333333333333,33,100.0,data,ok,0.0,ue12_qfi2,96.484,ok,30.4,ue7_qfi2,8,118.25,705.5,30.303,ok,33.0,,pending,,pending,,,,,0.5,,,32,,TwoTier,661058651,,,
ue22_qfi2,133.332,148.818,149.632,150.185,ok,0.7205842059251438,ok,ue26_qfi82,0,0,0,54.49999999999999,data,ok,2.0,False,,proxy,3,0,ue2_qfi2,0.02702702702702703,148,150.0,ok,ue24_qfi2,150.241,ok,0,ok,32,ue11_qfi2,0.488536,ok,0.4638821925167509,proxy,5,0.45630956784433946,68221860.8,ok,0.02625909090909091,ok,0.9315977272727273,0.0426171875,ok,ue1_qfi2,1.0,743,150.0,data,ok,0.0,ue27_qfi2,17.482,ok,2.0,ue8_qfi2,7,3614.5,4839.75,30.303,ok,33.0,,pending,,pending,,,,,0.5,,,32,,PF,87989972,,,
ue26_qfi9,299.0,300.25,300.25,300.25,ok,0.7319159601120747,ok,ue7_qfi9,0,0,1,919.2499999999999,data,ok,2.0,False,,proxy,3,0,ue17_qfi2,0.0,148,150.0,ok,ue8_qfi2,139.357,ok,7,ok,32,ue17_qfi2,0.0,ok,0.49068575694355926,proxy,5,0.46852227503368227,65519283.2,ok,0.025259090909090908,ok,0.9262056818181819,0.3390421875,ok,ue26_qfi1,0.2,5,100.0,data,ok,0.0,ue8_qfi2,109.90899999999999,ok,29.8,ue9_qfi2,16,247.25,1613.5,30.303,ok,33.0,,pending,,pending,,,,,0.5,,,32,,Reservation,87989972,,,
ue7_qfi9,292.5,299.75,300.0,300.25,ok,0.7259752252274279,ok,ue4_qfi1,0,0,0,321.75,data,ok,2.0,False,,proxy,3,0,ue13_qfi2,0.0,147,150.0,ok,ue12_qfi2,74.439,ok,12,ok,32,ue13_qfi2,0.0,ok,0.4943869293932722,proxy,5,0.48892791930609175,67048056.0,ok,0.02570909090909091,ok,0.9313818181818182,0.042146875,ok,ue9_qfi1,0.4318181818181818,44,100.0,data,ok,0.0,ue11_qfi2,113.20899999999999,ok,30.4,ue8_qfi2,9,107.25,788.75,30.303,ok,33.0,,pending,,pending,,,,,0.5,,,32,,TwoTier,87989972,,,
ue11_qfi2,133.75,148.687,149.772,150.109,ok,0.72166682706546,ok,ue27_qfi82,0,0,0,55.749999999999964,data,ok,2.0,False,,proxy,3,0,ue13_qfi2,0.02027027027027027,148,150.0,ok,ue21_qfi2,150.183,ok,0,ok,32,ue5_qfi2,0.4886724,ok,0.46321504511108796,proxy,5,0.4565332938058945,68017457.6,ok,0.026497727272727273,ok,0.9313920454545455,0.0435625,ok,ue1_qfi2,1.0,825,150.0,data,ok,0.0,ue31_qfi2,17.823000000000008,ok,2.0,ue23_qfi2,6,2926.0,4786.0,30.303,ok,33.0,,pending,,pending,,,,,0.5,,,32,,PF,161576974,,,
ue24_qfi9,299.75,300.25,300.25,300.25,ok,0.7294746028279417,ok,ue19_qfi9,0,1,1,1755.0,data,ok,2.0,False,,proxy,3,0,ue16_qfi2,0.0,147,150.0,ok,ue7_qfi2,140.436,ok,0,ok,32,ue16_qfi2,0.0,ok,0.48400957025751296,proxy,5,0.4651588495176992,65982937.6,ok,0.025102272727272727,ok,0.92275,0.3622921875,ok,ue4_qfi1,0.11764705882352941,17,100.0,data,ok,0.0,ue10_qfi2,95.516,ok,29.0,ue7_qfi2,15,280.0,1785.0,30.303,ok,33.0,,pending,,pending,,,,,0.5,,,32,,Reservation,161576974,,,
ue7_qfi9,17.5,49.25,62.5,71.75,ok,0.7722532549458435,ok,ue7_qfi1,0,0,0,120.75000000000014,data,ok,2.0,False,,proxy,3,0,ue8_qfi2,0.0,147,150.0,ok,ue7_qfi2,29.646,ok,7,ok,32,ue8_qfi2,0.0,ok,0.41402143205976305,proxy,5,0.4139893911811718,55735950.4,ok,0.026922727272727272,ok,0.9325352272727273,0.0459796875,ok,ue4_qfi1,0.46938775510204084,49,100.0,data,ok,0.0,ue7_qfi9,54.25,ok,30.4,ue7_qfi2,1,95.25,95.25,30.303,ok,33.0,,pending,,pending,,,,,0.5,,,32,,TwoTier,161576974,,,
ue3_qfi2,133.683,148.053,149.626,150.187,ok,0.723532146448486,ok,ue31_qfi82,0,0,0,55.49999999999999,data,ok,2.0,False,,proxy,3,0,ue4_qfi2,0.02027027027027027,148,150.0,ok,ue26_qfi2,149.905,ok,0,ok,32,ue8_qfi2,0.47472759999999997,ok,0.4628701277219543,proxy,5,0.45520604604300474,67467678.4,ok,0.026102272727272727,ok,0.9336511363636364,0.0438203125,ok,ue1_qfi2,1.0,790,150.0,data,ok,0.0,ue32_qfi2,17.858000000000004,ok,1.6,ue17_qfi2,5,1572.5,4825.5,30.303,ok,33.0,,pending,,pending,,,,,0.5,,,32,,PF,35492826,,,
ue17_qfi9,298.0,300.0,300.25,300.25,ok,0.7354053173224334,ok,ue1_qfi9,0,0,2,791.25,data,ok,2.0,False,,proxy,3,0,ue16_qfi2,0.0,147,150.0,ok,ue10_qfi2,138.858,ok,15,ok,32,ue16_qfi2,0.0,ok,0.48427453170726825,proxy,5,0.4647377935905374,64660337.6,ok,0.025452272727272726,ok,0.9247227272727273,0.3421328125,ok,ue14_qfi1,0.11538461538461539,26,100.0,data,ok,0.0,ue10_qfi2,98.71200000000002,ok,30.2,ue17_qfi2,20,175.0,1933.25,30.303,ok,33.0,,pending,,pending,,,,,0.5,,,32,,Reservation,35492826,,,
ue8_qfi9,297.75,300.0,300.25,300.25,ok,0.7279310807645535,ok,ue9_qfi1,0,0,0,390.25,data,ok,2.0,False,,proxy,3,0,ue13_qfi2,0.0,147,150.0,ok,ue8_qfi2,80.159,ok,12,ok,32,ue13_qfi2,0.0,ok,0.48942984474210327,proxy,5,0.48458982045499194,66563870.4,ok,0.0269,ok,0.9328840909090909,0.043546875,ok,ue8_qfi1,0.3939393939393939,33,100.0,data,ok,0.0,ue9_qfi9,130.25,ok,30.4,ue7_qfi2,8,114.0,676.0,30.303,ok,33.0,,pending,,pending,,,,,0.5,,,32,,TwoTier,35492826,,,
ue30_qfi2,134.406,149.202,149.995,150.143,ok,0.722398174190143,ok,ue10_qfi82,0,0,0,100.25000000000017,data,ok,2.0,False,,proxy,3,0,ue6_qfi2,0.02027027027027027,148,150.0,ok,ue18_qfi2,150.104,ok,0,ok,32,ue21_qfi2,0.477474,ok,0.4631131036871605,proxy,5,0.4554178526531431,67959681.6,ok,0.026725,ok,0.933559090909091,0.0435078125,ok,ue10_qfi82,0.9897959183673469,98,100.0,data,ok,0.0,ue29_qfi2,17.415999999999997,ok,1.4,ue31_qfi2,6,1815.75,4935.25,30.303,ok,33.0,,pending,,pending,,,,,0.5,,,32,,PF,376383645,,,
ue26_qfi9,299.25,300.25,300.25,300.25,ok,0.7311241626020966,ok,ue24_qfi1,0,1,1,1676.25,data,ok,2.0,False,,proxy,3,0,ue17_qfi2,0.0,147,150.0,ok,ue6_qfi2,148.371,ok,3,ok,32,ue17_qfi2,0.0,ok,0.4722130506716297,proxy,5,0.39719082309041887,65686196.8,ok,0.025213636363636365,ok,0.9243715909090909,0.3468140625,ok,ue26_qfi1,0.2,5,100.0,data,ok,0.0,ue5_qfi2,113.20500000000001,ok,25.6,ue5_qfi2,14,400.75,1681.5,30.303,ok,33.0,,pending,,pending,,,,,0.5,,,32,,Reservation,376383645,,,
ue7_qfi9,294.25,299.75,300.0,300.25,ok,0.7284995282728589,ok,ue4_qfi1,0,0,0,353.24999999999994,data,ok,2.0,False,,proxy,3,0,ue13_qfi2,0.0,148,150.0,ok,ue7_qfi2,71.332,ok,12,ok,32,ue13_qfi2,0.0,ok,0.4917169962170361,proxy,5,0.48767989338215173,66537377.6,ok,0.026727272727272728,ok,0.9343034090909091,0.0435109375,ok,ue6_qfi1,0.4,40,100.0,data,ok,0.0,ue12_qfi2,96.398,ok,30.4,ue8_qfi2,9,103.5,708.5,30.303,ok,33.0,,pending,,pending,,,,,0.5,,,32,,TwoTier,376383645,,,
ue2_qfi2,132.868,148.966,149.764,150.22,ok,0.7201773278012391,ok,ue13_qfi82,0,0,0,101.75,data,ok,2.0,False,,proxy,3,0,ue17_qfi2,0.013513513513513514,148,150.0,ok,ue2_qfi2,150.23,ok,0,ok,32,ue16_qfi2,0.4640692,ok,0.46433353544957684,proxy,5,0.45586366276366025,68411476.8,ok,0.025954545454545456,ok,0.9327738636363636,0.0428109375,ok,ue13_qfi82,0.9897959183673469,98,100.0,data,ok,0.0,ue3_qfi2,17.676999999999992,ok,1.6,ue30_qfi2,5,2537.5,4843.0,30.303,ok,33.0,,pending,,pending,,,,,0.5,,,32,,PF,1746484539,,,
ue16_qfi9,298.5,300.0,300.25,300.25,ok,0.7277157591832165,ok,ue16_qfi9,0,0,0,485.00000000000034,data,ok,2.0,False,,proxy,3,0,ue17_qfi2,0.0,148,150.0,ok,ue8_qfi2,85.36,ok,16,ok,32,ue17_qfi2,0.0,ok,0.512344546701698,proxy,5,0.5043211217545307,66650955.199999996,ok,0.025406818181818183,ok,0.9265431818181818,0.3291015625,ok,ue16_qfi1,0.29411764705882354,34,100.0,data,ok,0.0,ue8_qfi2,95.113,ok,29.8,ue16_qfi2,14,126.25,1114.25,30.303,ok,33.0,,pending,,pending,,,,,0.5,,,32,,Reservation,1746484539,,,
ue8_qfi9,293.75,299.75,300.0,300.25,ok,0.7203372376860648,ok,ue5_qfi1,0,0,0,452.75,data,ok,2.0,False,,proxy,3,0,ue13_qfi2,0.0,147,150.0,ok,ue5_qfi2,78.207,ok,11,ok,32,ue13_qfi2,0.0,ok,0.4965531807299211,proxy,5,0.4883677774691811,68457401.6,ok,0.02558409090909091,ok,0.9331772727272727,0.041296875,ok,ue3_qfi1,0.38636363636363635,44,100.0,data,ok,0.0,ue5_qfi2,96.68299999999999,ok,30.2,ue7_qfi2,7,117.75,646.0,30.303,ok,33.0,,pending,,pending,,,,,0.5,,,32,,TwoTier,1746484539,,,
ue32_qfi2,134.351,148.592,149.96,150.124,ok,0.8103327065699016,ok,ue19_qfi82,0,0,0,54.49999999999999,data,ok,2.0,False,,proxy,3,0,ue23_qfi2,0.02027027027027027,148,150.0,ok,ue13_qfi2,150.192,ok,0,ok,32,ue32_qfi2,0.479774,ok,0.4649825218769445,proxy,5,0.45714531667550357,69208259.2,ok,0.025752272727272728,ok,0.9301397727272728,0.0411046875,ok,ue1_qfi2,1.0,812,150.0,data,ok,0.0,ue16_qfi2,17.326999999999998,ok,3.2,ue16_qfi2,8,1657.0,4621.75,30.303,ok,33.0,,pending,,pending,,,,,1.0,,,32,,PF,1826701614,,,
ue19_qfi9,299.75,300.25,300.25,300.25,ok,0.8191924095958333,ok,ue15_qfi9,0,0,0,428.2499999999998,data,ok,2.0,False,,proxy,3,0,ue16_qfi2,0.0,147,150.0,ok,ue19_qfi2,78.788,ok,14,ok,32,ue16_qfi2,0.0,ok,0.5041114135479683,proxy,5,0.5001156542743097,67078787.2,ok,0.025347727272727272,ok,0.9266840909090909,0.31953125,ok,ue12_qfi1,0.28205128205128205,39,100.0,data,ok,0.0,ue19_qfi2,88.101,ok,30.2,ue11_qfi2,13,91.25,955.5,30.303,ok,33.0,,pending,,pending,,,,,1.0,,,32,,Reservation,1826701614,,,
ue12_qfi9,288.0,299.75,300.0,300.25,ok,0.8313682206116962,ok,ue8_qfi1,0,0,0,369.49999999999994,data,ok,2.0,False,,proxy,3,0,ue13_qfi2,0.0,147,150.0,ok,ue8_qfi2,111.396,ok,5,ok,32,ue13_qfi2,0.0,ok,0.3981890250319384,proxy,5,0.36717248128346,61515118.4,ok,0.026147727272727274,ok,0.9303261363636364,0.041228125,ok,ue8_qfi1,0.375,8,100.0,data,ok,0.0,ue1_qfi9,287.75,ok,30.2,ue5_qfi2,2,89.25,177.5,30.303,ok,33.0,,pending,,pending,,,,,1.0,,,32,,TwoTier,1826701614,,,
ue14_qfi2,133.5,148.815,149.748,150.152,ok,0.8126030098299852,ok,ue5_qfi82,0,0,0,100.00000000000009,data,ok,2.0,False,,proxy,3,0,ue27_qfi2,0.020134228187919462,149,150.0,ok,ue14_qfi2,150.074,ok,0,ok,32,ue18_qfi2,0.46501240000000005,ok,0.46475880758107546,proxy,5,0.45715221564426206,68509742.4,ok,0.026429545454545456,ok,0.9299,0.0423125,ok,ue5_qfi82,0.9897959183673469,98,100.0,data,ok,0.0,ue12_qfi2,17.623999999999995,ok,1.4,ue29_qfi2,5,2516.5,4892.5,30.303,ok,33.0,,pending,,pending,,,,,1.0,,,32,,PF,1367864806,,,
ue28_qfi9,300.0,300.25,300.25,300.25,ok,0.816547449428065,ok,ue16_qfi1,0,1,1,1077.2499999999998,data,ok,2.0,False,,proxy,3,0,ue18_qfi2,0.0,147,150.0,ok,ue9_qfi2,137.637,ok,4,ok,32,ue18_qfi2,0.0,ok,0.48856740792271475,proxy,5,0.46134944780548076,67217507.2,ok,0.025622727272727273,ok,0.9266977272727273,0.3452921875,ok,ue28_qfi1,0.1111111111111111,9,100.0,data,ok,0.0,ue8_qfi2,95.90799999999999,ok,27.8,ue15_qfi2,16,348.75,2072.75,30.303,ok,33.0,,pending,,pending,,,,,1.0,,,32,,Reservation,1367864806,,,
ue1_qfi9,14.0,40.75,46.25,48.25,ok,0.836103707653855,ok,ue5_qfi1,0,0,0,112.24999999999996,data,ok,2.0,False,,proxy,3,0,ue6_qfi2,0.0,147,150.0,ok,ue3_qfi2,23.193,ok,5,ok,32,ue6_qfi2,0.0,ok,0.3671535576732342,proxy,5,0.3671332137102493,59905588.800000004,ok,0.026436363636363636,ok,0.9300284090909091,0.0422515625,ok,ue5_qfi1,0.4489795918367347,49,100.0,data,ok,0.0,ue1_qfi9,34.25,ok,30.4,ue1_qfi2,0,0.0,0.0,30.303,ok,33.0,,pending,,pending,,,,,1.0,,,32,,TwoTier,1367864806,,,
ue3_qfi2,133.676,149.047,150.0,150.155,ok,0.8159235054891542,ok,ue7_qfi82,0,0,0,54.49999999999999,data,ok,2.0,False,,proxy,3,0,ue1_qfi2,0.02027027027027027,148,150.0,ok,ue3_qfi2,150.093,ok,0,ok,32,ue20_qfi2,0.4768024,ok,0.4621485163492932,proxy,5,0.45201876735439833,67374208.0,ok,0.0265,ok,0.9315443181818182,0.044234375,ok,ue1_qfi2,1.0,740,150.0,data,ok,0.0,ue30_qfi2,17.567000000000007,ok,1.6,ue17_qfi2,6,2214.0,4886.25,30.303,ok,33.0,,pending,,pending,,,,,1.0,,,32,,PF,1097657231,,,
ue27_qfi9,300.0,300.25,300.25,300.25,ok,0.8242919488934236,ok,ue4_qfi9,1,1,2,2050.0000000000005,data,ok,2.0,False,,proxy,3,0,ue18_qfi2,0.0,147,150.0,ok,ue27_qfi2,144.652,ok,1,ok,32,ue18_qfi2,0.0,ok,0.4657390584911269,proxy,5,0.4492226791394354,64124268.8,ok,0.025152272727272728,ok,0.9170056818181819,0.382128125,ok,ue13_qfi1,0.07142857142857142,14,100.0,data,ok,0.0,ue12_qfi9,212.75,ok,28.6,ue9_qfi2,13,339.25,1631.75,30.303,ok,33.0,,pending,,pending,,,,,1.0,,,32,,Reservation,1097657231,,,
ue12_qfi9,298.0,300.0,300.25,300.25,ok,0.8220915398383276,ok,ue8_qfi1,0,0,0,415.00000000000006,data,ok,2.0,False,,proxy,3,0,ue13_qfi2,0.0,148,150.0,ok,ue8_qfi2,89.958,ok,12,ok,32,ue13_qfi2,0.0,ok,0.4650284080786343,proxy,5,0.45375796770982474,65525348.800000004,ok,0.02711590909090909,ok,0.9303931818181819,0.0451796875,ok,ue1_qfi1,0.4444444444444444,36,100.0,data,ok,0.0,ue8_qfi2,116.00999999999999,ok,30.2,ue3_qfi2,7,140.25,684.5,30.303,ok,33.0,,pending,,pending,,,,,1.0,,,32,,TwoTier,1097657231,,,
ue31_qfi2,133.588,149.058,150.002,150.162,ok,0.8154571975245031,ok,ue28_qfi82,0,0,0,55.49999999999999,data,ok,2.0,False,,proxy,3,0,ue32_qfi2,0.02027027027027027,148,150.0,ok,ue26_qfi2,150.228,ok,0,ok,32,ue6_qfi2,0.4477804,ok,0.4624028702821388,proxy,5,0.455412764473468,67443347.2,ok,0.02665681818181818,ok,0.9303954545454546,0.0429640625,ok,ue1_qfi2,1.0,841,150.0,data,ok,0.0,ue16_qfi2,17.424000000000007,ok,1.8,ue24_qfi2,6,2137.5,4825.0,30.303,ok,33.0,,pending,,pending,,,,,1.0,,,32,,PF,579362555,,,
ue27_qfi9,300.25,300.25,300.25,300.25,ok,0.8230751910743717,ok,ue8_qfi9,0,1,2,1453.9999999999998,data,ok,2.0,False,,proxy,3,0,ue17_qfi2,0.0,147,150.0,ok,ue18_qfi2,148.531,ok,2,ok,32,ue17_qfi2,0.0,ok,0.47254993685815105,proxy,5,0.42065709691862646,64825950.4,ok,0.025245454545454547,ok,0.9231022727272727,0.3584984375,ok,ue14_qfi1,0.19047619047619047,21,100.0,data,ok,0.0,ue14_qfi2,104.575,ok,28.2,ue2_qfi2,13,311.5,1560.5,30.303,ok,33.0,,pending,,pending,,,,,1.0,,,32,,Reservation,579362555,,,
ue5_qfi9,23.75,45.75,51.0,56.25,ok,0.8361655781738954,ok,ue2_qfi1,0,0,0,116.0000000000001,data,ok,2.0,False,,proxy,3,0,ue6_qfi2,0.0,147,150.0,ok,ue4_qfi2,24.303,ok,5,ok,32,ue6_qfi2,0.0,ok,0.3671647928843528,proxy,5,0.3671533704231859,59866694.4,ok,0.027104545454545454,ok,0.9322522727272727,0.0437109375,ok,ue1_qfi1,0.42857142857142855,49,100.0,data,ok,0.0,ue4_qfi9,40.0,ok,30.4,ue1_qfi2,0,0.0,0.0,30.303,ok,33.0,,pending,,pending,,,,,1.0,,,32,,TwoTier,579362555,,,
ue23_qfi2,133.647,149.044,149.692,150.16,ok,0.8153991439625543,ok,ue19_qfi82,0,0,0,54.999999999999936,data,ok,2.0,False,,proxy,3,0,ue3_qfi2,0.02027027027027027,148,150.0,ok,ue5_qfi2,150.061,ok,0,ok,32,ue3_qfi2,0.46558720000000003,ok,0.46249669534838267,proxy,5,0.4547437949116985,67476228.8,ok,0.02679090909090909,ok,0.9308852272727273,0.0433359375,ok,ue1_qfi2,1.0,786,150.0,data,ok,0.0,ue6_qfi2,17.312999999999988,ok,1.2,ue17_qfi2,5,1790.25,3945.25,30.303,ok,33.0,,pending,,pending,,,,,1.0,,,32,,PF,661058651,,,
ue17_qfi9,299.75,300.25,300.25,300.25,ok,0.8205363819010141,ok,ue11_qfi9,1,1,1,2149.25,data,ok,2.0,False,,proxy,3,0,ue18_qfi2,0.0,148,150.0,ok,ue11_qfi2,140.307,ok,9,ok,32,ue18_qfi2,0.0,ok,0.4843472672001917,proxy,5,0.4677278864484222,65900385.6,ok,0.025597727272727272,ok,0.9263068181818181,0.3378203125,ok,ue9_qfi1,0.14285714285714285,21,100.0,data,ok,0.0,ue13_qfi2,104.01200000000001,ok,28.6,ue9_qfi2,16,185.0,1793.75,30.303,ok,33.0,,pending,,pending,,,,,1.0,,,32,,Reservation,661058651,,,
ue3_qfi9,28.5,52.5,57.5,60.25,ok,0.8358734494446967,ok,ue3_qfi1,0,0,0,113.99999999999989,data,ok,2.0,False,,proxy,3,0,ue6_qfi2,0.0,147,150.0,ok,ue3_qfi2,23.75,ok,5,ok,32,ue6_qfi2,0.0,ok,0.36717054132115606,proxy,5,0.3671540814302937,59984659.2,ok,0.026272727272727274,ok,0.9310227272727273,0.04393125,ok,ue1_qfi1,0.46938775510204084,49,100.0,data,ok,0.0,ue1_qfi9,34.5,ok,30.4,ue1_qfi2,0,0.0,0.0,30.303,ok,33.0,,pending,,pending,,,,,1.0,,,32,,TwoTier,661058651,,,
ue3_qfi2,133.209,148.93,149.851,150.172,ok,0.8159167678117477,ok,ue5_qfi82,0,0,0,54.49999999999999,data,ok,2.0,False,,proxy,3,0,ue3_qfi2,0.02027027027027027,148,150.0,ok,ue7_qfi2,150.218,ok,0,ok,32,ue17_qfi2,0.4680324,ok,0.46233104330468977,proxy,5,0.45501755253118487,67362910.4,ok,0.026856818181818183,ok,0.9315,0.043846875,ok,ue1_qfi2,1.0,840,150.0,data,ok,0.0,ue13_qfi2,17.560000000000002,ok,2.8,ue7_qfi2,9,2505.25,3947.5,30.303,ok,33.0,,pending,,pending,,,,,1.0,,,32,,PF,87989972,,,
ue16_qfi9,299.75,300.25,300.25,300.25,ok,0.8243996858556644,ok,ue4_qfi9,0,0,2,996.2499999999999,data,ok,2.0,False,,proxy,3,0,ue17_qfi2,0.0,147,150.0,ok,ue5_qfi2,135.633,ok,11,ok,32,ue17_qfi2,0.0,ok,0.4839110236285893,proxy,5,0.4656598963278878,64532758.4,ok,0.025388636363636363,ok,0.92245,0.3494640625,ok,ue2_qfi1,0.08333333333333333,24,100.0,data,ok,0.0,ue11_qfi2,105.95599999999999,ok,29.6,ue1_qfi2,17,235.0,1557.5,30.303,ok,33.0,,pending,,pending,,,,,1.0,,,32,,Reservation,87989972,,,
ue12_qfi9,296.0,300.0,300.25,300.25,ok,0.8221690135048599,ok,ue9_qfi1,0,0,0,493.24999999999994,data,ok,2.0,False,,proxy,3,0,ue13_qfi2,0.0,147,150.0,ok,ue8_qfi2,92.382,ok,12,ok,32,ue13_qfi2,0.0,ok,0.4610312579304086,proxy,5,0.4538848054316672,65403100.8,ok,0.02640681818181818,ok,0.9321443181818182,0.044996875,ok,ue2_qfi1,0.3333333333333333,36,100.0,data,ok,0.0,ue11_qfi2,114.17399999999999,ok,30.4,ue1_qfi2,9,109.25,823.0,30.303,ok,33.0,,pending,,pending,,,,,1.0,,,32,,TwoTier,87989972,,,
ue25_qfi2,133.662,149.252,149.982,150.172,ok,0.8124572288121737,ok,ue1_qfi82,0,0,0,54.49999999999999,data,ok,2.0,False,,proxy,3,0,ue9_qfi2,0.013513513513513514,148,150.0,ok,ue16_qfi2,150.23,ok,0,ok,32,ue2_qfi2,0.47263879999999997,ok,0.46417030844009766,proxy,5,0.45784419806428994,68505028.8,ok,0.026468181818181818,ok,0.9321727272727273,0.0423109375,ok,ue1_qfi2,1.0,766,150.0,data,ok,0.0,ue32_qfi2,17.808999999999997,ok,2.6,ue28_qfi2,7,1906.0,4708.5,30.303,ok,33.0,,pending,,pending,,,,,1.0,,,32,,PF,161576974,,,
ue22_qfi9,300.0,300.25,300.25,300.25,ok,0.8223097581931991,ok,ue14_qfi9,0,1,1,1123.2499999999995,data,ok,2.0,False,,proxy,3,0,ue18_qfi2,0.0,147,150.0,ok,ue17_qfi2,143.577,ok,7,ok,32,ue18_qfi2,0.0,ok,0.4879787110422586,proxy,5,0.4596983768507578,65266006.4,ok,0.025102272727272727,ok,0.9244170454545455,0.346384375,ok,ue1_qfi1,0.2,30,100.0,data,ok,0.0,ue4_qfi2,100.84799999999998,ok,28.6,ue4_qfi2,15,416.25,1566.75,30.303,ok,33.0,,pending,,pending,,,,,1.0,,,32,,Reservation,161576974,,,
ue1_qfi9,20.5,45.75,53.25,61.25,ok,0.8363295536421198,ok,ue2_qfi1,0,0,0,202.49999999999991,data,ok,2.0,False,,proxy,3,0,ue6_qfi2,0.0,148,150.0,ok,ue1_qfi2,22.966,ok,5,ok,32,ue6_qfi2,0.0,ok,0.3671559492184337,proxy,5,0.36708166726509905,59781672.0,ok,0.02635,ok,0.9321306818181818,0.044528125,ok,ue3_qfi1,0.42857142857142855,49,100.0,data,ok,0.0,ue1_qfi9,40.75,ok,30.4,ue1_qfi2,0,0.0,0.0,30.303,ok,33.0,,pending,,pending,,,,,1.0,,,32,,TwoTier,161576974,,,
ue8_qfi2,134.516,148.953,149.758,150.136,ok,0.8144562487779523,ok,ue4_qfi82,0,0,0,99.99999999999987,data,ok,2.0,False,,proxy,3,0,ue17_qfi2,0.02027027027027027,148,150.0,ok,ue7_qfi2,150.212,ok,0,ok,32,ue19_qfi2,0.48938240000000005,ok,0.46375005985221823,proxy,5,0.4570932624982348,67826219.2,ok,0.025620454545454547,ok,0.9330147727272727,0.0430671875,ok,ue1_qfi2,1.0,773,150.0,data,ok,0.0,ue25_qfi2,17.431999999999988,ok,2.2,ue7_qfi2,7,2246.75,4798.25,30.303,ok,33.0,,pending,,pending,,,,,1.0,,,32,,PF,35492826,,,
ue22_qfi9,300.0,300.25,300.25,300.25,ok,0.8211673156679411,ok,ue6_qfi9,0,1,3,1817.5000000000002,data,ok,2.0,False,,proxy,3,0,ue17_qfi2,0.0,147,150.0,ok,ue10_qfi2,138.305,ok,0,ok,32,ue17_qfi2,0.0,ok,0.48298395027598734,proxy,5,0.45778288464194233,65399425.6,ok,0.025147727272727273,ok,0.9223647727272727,0.368734375,ok,ue14_qfi1,0.11764705882352941,17,100.0,data,ok,0.0,ue12_qfi2,102.945,ok,28.2,ue18_qfi2,15,245.0,1823.0,30.303,ok,33.0,,pending,,pending,,,,,1.0,,,32,,Reservation,35492826,,,
ue2_qfi9,17.25,60.0,69.75,73.5,ok,0.8361221407225004,ok,ue2_qfi1,0,0,0,124.50000000000006,data,ok,2.0,False,,proxy,3,0,ue6_qfi2,0.0,147,150.0,ok,ue3_qfi2,26.364,ok,5,ok,32,ue6_qfi2,0.0,ok,0.3671570719300591,proxy,5,0.3671410377850833,59881795.2,ok,0.02635909090909091,ok,0.9330477272727272,0.044815625,ok,ue5_qfi1,0.5102040816326531,49,100.0,data,ok,0.0,ue2_qfi9,56.25,ok,30.4,ue4_qfi2,1,68.75,68.75,30.303,ok,33.0,,pending,,pending,,,,,1.0,,,32,,TwoTier,35492826,,,
ue23_qfi2,134.34,147.931,150.01,150.138,ok,0.8159050126707292,ok,ue8_qfi82,0,0,0,54.49999999999999,data,ok,2.0,False,,proxy,3,0,ue1_qfi2,0.02027027027027027,148,150.0,ok,ue15_qfi2,150.202,ok,0,ok,32,ue6_qfi2,0.4637556,ok,0.4621173748829849,proxy,5,0.45710439891832844,67285892.8,ok,0.026554545454545456,ok,0.9337159090909091,0.0439328125,ok,ue1_qfi2,1.0,875,150.0,data,ok,0.0,ue18_qfi2,16.953000000000003,ok,1.8,ue28_qfi2,7,2753.75,4864.5,30.303,ok,33.0,,pending,,pending,,,,,1.0,,,32,,PF,376383645,,,
ue16_qfi9,300.0,300.25,300.25,300.25,ok,0.8221955881056273,ok,ue7_qfi9,0,0,2,961.5,data,ok,2.0,False,,proxy,3,0,ue17_qfi2,0.0,147,150.0,ok,ue31_qfi2,136.797,ok,11,ok,32,ue17_qfi2,0.0,ok,0.49454609516651393,proxy,5,0.4871592121021255,65440590.4,ok,0.025561363636363636,ok,0.9251965909090909,0.339525,ok,ue31_qfi1,0.0,1,100.0,data,ok,0.0,ue7_qfi2,109.53999999999999,ok,30.2,ue14_qfi2,18,125.75,1501.75,30.303,ok,33.0,,pending,,pending,,,,,1.0,,,32,,Reservation,376383645,,,
ue12_qfi9,298.75,300.0,300.25,300.25,ok,0.8333609957127605,ok,ue7_qfi1,0,0,1,571.25,data,ok,2.0,False,,proxy,3,0,ue13_qfi2,0.0,147,150.0,ok,ue6_qfi2,128.559,ok,5,ok,32,ue13_qfi2,0.0,ok,0.3830990498612031,proxy,5,0.3671527535587198,60745550.4,ok,0.027004545454545455,ok,0.9337806818181819,0.0409390625,ok,ue6_qfi1,0.4,5,100.0,data,ok,0.0,ue3_qfi9,285.5,ok,30.4,ue3_qfi2,2,88.75,174.25,30.303,ok,33.0,,pending,,pending,,,,,1.0,,,32,,TwoTier,376383645,,,
ue10_qfi2,132.322,148.0,149.334,150.131,ok,0.8112087778618358,ok,ue19_qfi82,0,0,0,100.24999999999994,data,ok,2.0,False,,proxy,3,0,ue6_qfi2,0.02702702702702703,148,150.0,ok,ue5_qfi2,150.198,ok,0,ok,32,ue9_qfi2,0.4676396,ok,0.46505071541207404,proxy,5,0.4587677157992275,68972864.0,ok,0.02589318181818182,ok,0.9334488636363636,0.0418890625,ok,ue19_qfi82,0.9897959183673469,98,100.0,data,ok,0.0,ue10_qfi2,17.808999999999997,ok,2.0,ue26_qfi2,7,3262.5,4862.25,30.303,ok,33.0,,pending,,pending,,,,,1.0,,,32,,PF,1746484539,,,
ue19_qfi9,300.25,300.25,300.25,300.25,ok,0.8219971509473809,ok,ue8_qfi9,0,1,1,1091.25,data,ok,2.0,False,,proxy,3,0,ue18_qfi2,0.0,148,150.0,ok,ue19_qfi2,146.916,ok,3,ok,32,ue18_qfi2,0.0,ok,0.48468771544436884,proxy,5,0.4363743244133966,65362001.6,ok,0.02544318181818182,ok,0.9244477272727273,0.3458734375,ok,ue3_qfi1,0.25,28,100.0,data,ok,0.0,ue14_qfi2,114.11500000000001,ok,29.2,ue3_qfi2,14,241.25,1353.75,30.303,ok,33.0,,pending,,pending,,,,,1.0,,,32,,Reservation,1746484539,,,
ue4_qfi9,16.0,36.75,47.0,54.5,ok,0.836171074933313,ok,ue1_qfi1,0,0,0,112.99999999999999,data,ok,2.0,False,,proxy,3,0,ue6_qfi2,0.0,147,150.0,ok,ue4_qfi2,23.847,ok,5,ok,32,ue6_qfi2,0.0,ok,0.36717569349670376,proxy,5,0.3671668396469158,59849627.2,ok,0.025993181818181818,ok,0.9323840909090909,0.0422171875,ok,ue3_qfi1,0.40816326530612246,49,100.0,data,ok,0.0,ue4_qfi9,38.5,ok,30.4,ue3_qfi2,1,77.0,77.0,30.303,ok,33.0,,pending,,pending,,,,,1.0,,,32,,TwoTier,1746484539,,,
ue8_qfi9,297.0,299.75,300.0,300.25,ok,0.26305645681019896,ok,ue1_qfi1,0,0,0,235.00000000000003,data,ok,2.0,False,,proxy,3,0,ue1_qfi2,1.0,76,150.0,ok,ue8_qfi2,46.759,ok,8,ok,8,ue3_qfi2,0.955964,ok,0.9580734505615348,proxy,5,0.9557514244633327,68110763.2,ok,0.004054545454545455,ok,0.9306545454545454,0.03446875,ok,ue1_qfi1,0.0,24,100.0,data,ok,0.0,ue1_qfi1,39.0,ok,15.2,ue1_qfi2,0,0.0,0.0,15.152,ok,66.0,,pending,,pending,,0.5,,,,,,,,PF,1826701614,,,
ue7_qfi9,294.0,299.75,300.0,300.25,ok,0.2720172636891555,ok,ue4_qfi1,0,0,0,230.0,data,ok,2.0,False,,proxy,3,0,ue8_qfi2,0.0,74,150.0,ok,ue2_qfi2,35.46,ok,7,ok,8,ue8_qfi2,0.0,ok,0.8896078490810659,proxy,5,0.8872351102933728,67441841.6,ok,0.004327272727272727,ok,0.9303034090909091,0.09025,ok,ue1_qfi1,0.0,24,100.0,data,ok,0.0,ue6_qfi1,38.0,ok,15.2,ue1_qfi2,0,0.0,0.0,15.152,ok,66.0,,pending,,pending,,0.5,,,,,,,,Reservation,1826701614,,,
ue8_qfi9,295.75,299.75,300.0,300.25,ok,0.27045936440389384,ok,ue3_qfi1,0,0,0,419.50000000000006,data,ok,2.0,False,,proxy,3,0,ue1_qfi2,1.0,76,150.0,ok,ue7_qfi2,60.053,ok,8,ok,8,ue3_qfi2,0.955964,ok,0.9491373693622706,proxy,5,0.9371014158498426,67790286.4,ok,0.004045454545454546,ok,0.9309113636363636,0.0338109375,ok,ue1_qfi1,0.0,24,100.0,data,ok,0.0,ue7_qfi2,93.999,ok,15.2,ue3_qfi2,1,155.5,155.5,15.152,ok,66.0,,pending,,pending,,0.5,,,,,,,,TwoTier,1826701614,,,
ue8_qfi9,297.25,299.75,300.0,300.25,ok,0.26598791199224103,ok,ue2_qfi1,0,0,0,232.25,data,ok,2.0,False,,proxy,3,0,ue1_qfi2,1.0,76,150.0,ok,ue8_qfi2,43.569,ok,8,ok,8,ue3_qfi2,0.9599644,ok,0.9565724740906955,proxy,5,0.9508600942127741,68176550.4,ok,0.004247727272727273,ok,0.9314454545454546,0.0350515625,ok,ue1_qfi1,0.0,24,100.0,data,ok,0.0,ue8_qfi1,35.75,ok,15.2,ue1_qfi2,0,0.0,0.0,15.152,ok,66.0,,pending,,pending,,0.5,,,,,,,,PF,1367864806,,,
ue6_qfi9,292.75,299.75,300.0,300.25,ok,0.2689105141925399,ok,ue2_qfi1,0,0,0,228.75,data,ok,2.0,False,,proxy,3,0,ue8_qfi2,0.0,74,150.0,ok,ue6_qfi2,38.03,ok,7,ok,8,ue8_qfi2,0.0,ok,0.8895839095726228,proxy,5,0.8848326789757551,67928374.4,ok,0.004229545454545455,ok,0.9334352272727273,0.0915125,ok,ue1_qfi1,0.0,24,100.0,data,ok,0.0,ue7_qfi1,36.25,ok,15.0,ue5_qfi2,1,149.0,149.0,15.152,ok,66.0,,pending,,pending,,0.5,,,,,,,,Reservation,1367864806,,,
ue7_qfi9,295.5,299.75,300.0,300.25,ok,0.2922214945234791,ok,ue3_qfi1,0,0,1,587.0000000000002,data,ok,2.0,False,,proxy,3,0,ue7_qfi2,0.7631578947368421,76,150.0,ok,ue3_qfi2,87.646,ok,5,ok,8,ue8_qfi2,0.7467604,ok,0.890473373005625,proxy,5,0.718572691244043,65765200.0,ok,0.004170454545454546,ok,0.9311693181818181,0.033496875,ok,ue1_qfi1,0.0,24,100.0,data,ok,0.0,ue3_qfi9,280.75,ok,15.0,ue3_qfi2,1,202.75,202.75,15.152,ok,66.0,,pending,,pending,,0.5,,,,,,,,TwoTier,1367864806,,,
ue8_qfi9,296.75,299.75,300.0,300.25,ok,0.2879578218429422,ok,ue4_qfi1,0,0,0,232.75,data,ok,2.0,False,,proxy,3,0,ue6_qfi2,0.9868421052631579,76,150.0,ok,ue2_qfi2,46.216,ok,7,ok,8,ue3_qfi2,0.94306,ok,0.9501339736430954,proxy,5,0.9430723985957199,66018532.8,ok,0.004327272727272727,ok,0.9322920454545455,0.037415625,ok,ue1_qfi1,0.0,24,100.0,data,ok,0.0,ue6_qfi1,43.25,ok,15.2,ue1_qfi2,0,0.0,0.0,15.152,ok,66.0,,pending,,pending,,0.5,,,,,,,,PF,1097657231,,,
ue8_qfi9,296.25,300.0,300.25,300.25,ok,0.3087914548085895,ok,ue4_qfi1,0,0,0,230.0,data,ok,2.0,False,,proxy,3,0,ue8_qfi2,0.9868421052631579,76,150.0,ok,ue7_qfi2,44.605,ok,7,ok,8,ue3_qfi2,0.94306,ok,0.9475864767055121,proxy,5,0.9426716731796196,65042097.6,ok,0.004172727272727272,ok,0.9314568181818181,0.1198953125,ok,ue1_qfi1,0.0,24,100.0,data,ok,0.0,ue6_qfi1,44.5,ok,15.2,ue1_qfi2,0,0.0,0.0,15.152,ok,66.0,,pending,,pending,,0.5,,,,,,,,Reservation,1097657231,,,
ue2_qfi9,20.75,56.0,65.0,68.25,ok,0.3628357791523324,ok,ue2_qfi1,0,0,0,224.99999999999986,data,ok,2.0,False,,proxy,3,0,ue6_qfi2,0.0,74,150.0,ok,ue2_qfi2,37.498,ok,4,ok,8,ue6_qfi2,0.0,ok,0.7185724526980601,proxy,5,0.7184964894434238,59477299.2,ok,0.004202272727272727,ok,0.9320238636363636,0.036171875,ok,ue1_qfi1,0.0,24,100.0,data,ok,0.0,ue2_qfi9,47.5,ok,15.2,ue1_qfi2,0,0.0,0.0,15.152,ok,66.0,,pending,,pending,,0.5,,,,,,,,TwoTier,1097657231,,,
ue8_qfi9,297.25,299.75,300.0,300.25,ok,0.24600005418031953,ok,ue1_qfi1,0,0,0,236.25000000000003,data,ok,2.0,False,,proxy,3,0,ue1_qfi2,1.0,76,150.0,ok,ue8_qfi2,53.014,ok,8,ok,8,ue4_qfi2,0.9505891999999999,ok,0.9600492413539436,proxy,5,0.953613678865368,69890659.2,ok,0.004095454545454545,ok,0.9315454545454546,0.0328578125,ok,ue1_qfi1,0.0,24,100.0,data,ok,0.0,ue4_qfi1,36.0,ok,15.2,ue1_qfi2,0,0.0,0.0,15.152,ok,66.0,,pending,,pending,,0.5,,,,,,,,PF,579362555,,,
ue7_qfi9,290.75,299.75,300.0,300.25,ok,0.24560313432460523,ok,ue1_qfi1,0,0,0,229.75,data,ok,2.0,False,,proxy,3,0,ue8_qfi2,0.0,74,150.0,ok,ue4_qfi2,36.5,ok,7,ok,8,ue8_qfi2,0.0,ok,0.8927572066666901,proxy,5,0.8852344962050328,69879628.8,ok,0.004063636363636364,ok,0.9332284090909091,0.086125,ok,ue1_qfi1,0.0,24,100.0,data,ok,0.0,ue7_qfi1,44.5,ok,15.2,ue1_qfi2,0,0.0,0.0,15.152,ok,66.0,,pending,,pending,,0.5,,,,,,,,Reservation,579362555,,,
ue8_qfi9,298.75,300.25,300.25,300.25,ok,0.2908488587800975,ok,ue8_qfi1,0,0,3,963.2499999999999,data,ok,2.0,False,,proxy,3,0,ue8_qfi2,0.631578947368421,76,150.0,ok,ue8_qfi2,103.747,ok,5,ok,8,ue8_qfi2,0.6118944000000001,ok,0.8531346961915134,proxy,5,0.7185917516471056,65644539.2,ok,0.004002272727272728,ok,0.9316272727272727,0.0334515625,ok,ue1_qfi1,0.0,24,100.0,data,ok,0.0,ue2_qfi9,267.25,ok,9.6,ue8_qfi2,1,133.25,133.25,15.152,ok,66.0,,pending,,pending,,0.5,,,,,,,,TwoTier,579362555,,,
ue8_qfi9,297.25,299.75,300.0,300.25,ok,0.26530137377373164,ok,ue7_qfi1,0,0,0,241.25,data,ok,2.0,False,,proxy,3,0,ue1_qfi2,1.0,76,150.0,ok,ue3_qfi2,46.817,ok,7,ok,8,ue4_qfi2,0.945204,ok,0.9553323117227199,proxy,5,0.9496592837588095,68206094.4,ok,0.0041818181818181815,ok,0.9319625,0.035996875,ok,ue1_qfi1,0.0,24,100.0,data,ok,0.0,ue7_qfi1,39.75,ok,15.2,ue1_qfi2,0,0.0,0.0,15.152,ok,66.0,,pending,,pending,,0.5,,,,,,,,PF,661058651,,,
ue7_qfi9,292.25,299.5,300.0,300.25,ok,0.2717616610210218,ok,ue4_qfi1,0,0,0,222.5,data,ok,2.0,False,,proxy,3,0,ue8_qfi2,0.0,74,150.0,ok,ue3_qfi2,38.358,ok,6,ok,8,ue8_qfi2,0.0,ok,0.8880521083035602,proxy,5,0.8849200720202632,67656273.6,ok,0.004265909090909091,ok,0.9315068181818181,0.093278125,ok,ue1_qfi1,0.0,24,100.0,data,ok,0.0,ue7_qfi1,43.0,ok,15.2,ue1_qfi2,0,0.0,0.0,15.152,ok,66.0,,pending,,pending,,0.5,,,,,,,,Reservation,661058651,,,
ue3_qfi9,23.25,47.25,54.75,60.25,ok,0.36425854851313744,ok,ue2_qfi1,0,0,0,219.75,data,ok,2.0,False,,proxy,3,0,ue6_qfi2,0.0,74,150.0,ok,ue1_qfi2,34.384,ok,4,ok,8,ue6_qfi2,0.0,ok,0.7185694608580062,proxy,5,0.7184128167379017,59475531.2,ok,0.004168181818181818,ok,0.9326136363636364,0.0379609375,ok,ue1_qfi1,0.0,24,100.0,data,ok,0.0,ue4_qfi9,39.75,ok,15.2,ue1_qfi2,0,0.0,0.0,15.152,ok,66.0,,pending,,pending,,0.5,,,,,,,,TwoTier,661058651,,,
ue8_qfi9,297.25,300.0,300.0,300.25,ok,0.29083992165413836,ok,ue5_qfi1,0,0,0,230.25,data,ok,2.0,False,,proxy,3,0,ue1_qfi2,1.0,76,150.0,ok,ue8_qfi2,47.603,ok,8,ok,8,ue4_qfi2,0.9524216,ok,0.9483023364024599,proxy,5,0.9408578993142436,65942868.8,ok,0.004538636363636364,ok,0.9325704545454545,0.0372109375,ok,ue1_qfi1,0.0,24,100.0,data,ok,0.0,ue8_qfi1,32.5,ok,15.2,ue1_qfi2,0,0.0,0.0,15.152,ok,66.0,,pending,,pending,,0.5,,,,,,,,PF,87989972,,,
ue6_qfi9,274.25,298.75,299.5,300.0,ok,0.29455704612838046,ok,ue1_qfi1,0,0,0,225.5,data,ok,2.0,False,,proxy,3,0,ue7_qfi2,0.0,74,150.0,ok,ue1_qfi2,34.466,ok,6,ok,8,ue7_qfi2,0.0,ok,0.80754570763649,proxy,5,0.8049562333279532,64901600.0,ok,0.004804545454545455,ok,0.9328170454545455,0.093765625,ok,ue1_qfi1,0.0,24,100.0,data,ok,0.0,ue4_qfi9,274.25,ok,15.2,ue1_qfi2,0,0.0,0.0,15.152,ok,66.0,,pending,,pending,,0.5,,,,,,,,Reservation,87989972,,,
ue8_qfi9,251.75,299.75,300.0,300.25,ok,0.2956120800243599,ok,ue7_qfi1,0,0,3,779.2500000000002,data,ok,2.0,False,,proxy,3,0,ue6_qfi2,0.9736842105263158,76,150.0,ok,ue7_qfi2,96.59,ok,5,ok,8,ue7_qfi2,0.9464584,ok,0.9206791937922505,proxy,5,0.8885518130432638,65841788.8,ok,0.004618181818181818,ok,0.932175,0.0360953125,ok,ue1_qfi1,0.0,24,100.0,data,ok,0.0,ue4_qfi9,150.25,ok,14.8,ue7_qfi2,1,132.5,132.5,15.152,ok,66.0,,pending,,pending,,0.5,,,,,,,,TwoTier,87989972,,,
ue7_qfi9,296.5,299.75,300.0,300.25,ok,0.2754670230114151,ok,ue2_qfi1,0,0,0,230.0,data,ok,2.0,False,,proxy,3,0,ue2_qfi2,0.9868421052631579,76,150.0,ok,ue4_qfi2,50.488,ok,8,ok,8,ue6_qfi2,0.9606616,ok,0.9530686787817253,proxy,5,0.9438869879691311,67388016.0,ok,0.004340909090909091,ok,0.9329829545454545,0.035675,ok,ue1_qfi1,0.0,24,100.0,data,ok,0.0,ue7_qfi1,38.0,ok,15.0,ue2_qfi2,1,134.0,134.0,15.152,ok,66.0,,pending,,pending,,0.5,,,,,,,,PF,161576974,,,
ue7_qfi9,293.75,300.0,300.0,300.25,ok,0.2999592347671347,ok,ue5_qfi1,0,0,0,231.0,data,ok,2.0,False,,proxy,3,0,ue8_qfi2,0.0,74,150.0,ok,ue4_qfi2,37.741,ok,7,ok,8,ue8_qfi2,0.0,ok,0.8837974024678725,proxy,5,0.8779822772554794,65339400.0,ok,0.004402272727272727,ok,0.9332238636363637,0.0966421875,ok,ue1_qfi1,0.0,24,100.0,data,ok,0.0,ue6_qfi1,45.5,ok,15.2,ue1_qfi2,0,0.0,0.0,15.152,ok,66.0,,pending,,pending,,0.5,,,,,,,,Reservation,161576974,,,
ue7_qfi9,233.25,299.75,300.0,300.25,ok,0.3161656746090915,ok,ue1_qfi9,0,0,0,252.5000000000004,data,ok,2.0,False,,proxy,3,0,ue6_qfi2,0.42105263157894735,76,150.0,ok,ue7_qfi2,89.701,ok,5,ok,8,ue6_qfi2,0.4105344,ok,0.8067279246439576,proxy,5,0.7181564500129217,63556542.4,ok,0.004252272727272727,ok,0.9330920454545455,0.036528125,ok,ue1_qfi1,0.0,23,100.0,data,ok,0.0,ue1_qfi9,267.75,ok,15.2,ue1_qfi2,1,162.0,162.0,15.152,ok,66.0,,pending,,pending,,0.5,,,,,,,,TwoTier,161576974,,,
ue8_qfi9,297.25,299.75,300.0,300.25,ok,0.27955206930431137,ok,ue7_qfi1,0,0,0,235.50000000000003,data,ok,2.0,False,,proxy,3,0,ue7_qfi2,0.9868421052631579,76,150.0,ok,ue5_qfi2,45.461,ok,7,ok,8,ue3_qfi2,0.9494704,ok,0.9518136936442158,proxy,5,0.9498777161631083,66879556.8,ok,0.004197727272727273,ok,0.9343784090909091,0.037953125,ok,ue1_qfi1,0.0,24,100.0,data,ok,0.0,ue1_qfi1,33.25,ok,15.2,ue1_qfi2,0,0.0,0.0,15.152,ok,66.0,,pending,,pending,,0.5,,,,,,,,PF,35492826,,,
ue7_qfi9,293.75,299.75,300.0,300.25,ok,0.2923181299609746,ok,ue1_qfi1,0,0,0,231.0,data,ok,2.0,False,,proxy,3,0,ue8_qfi2,0.0,74,150.0,ok,ue2_qfi2,36.866,ok,6,ok,8,ue8_qfi2,0.0,ok,0.8850010202017881,proxy,5,0.8829672104153808,65919161.6,ok,0.004590909090909091,ok,0.9328511363636364,0.099290625,ok,ue1_qfi1,0.0,24,100.0,data,ok,0.0,ue7_qfi1,43.25,ok,14.8,ue1_qfi2,0,0.0,0.0,15.152,ok,66.0,,pending,,pending,,0.5,,,,,,,,Reservation,35492826,,,
ue8_qfi9,294.5,299.75,300.0,300.25,ok,0.30247952459570704,ok,ue5_qfi1,0,0,1,661.0000000000005,data,ok,2.0,False,,proxy,3,0,ue6_qfi2,0.6578947368421053,76,150.0,ok,ue5_qfi2,90.095,ok,4,ok,8,ue6_qfi2,0.6384656,ok,0.8626848828170697,proxy,5,0.7185054972815685,64790363.2,ok,0.004079545454545455,ok,0.9341284090909091,0.0368703125,ok,ue1_qfi1,0.0,24,100.0,data,ok,0.0,ue2_qfi9,279.5,ok,15.2,ue4_qfi2,1,134.0,134.0,15.152,ok,66.0,,pending,,pending,,0.5,,,,,,,,TwoTier,35492826,,,
ue7_qfi9,297.25,299.75,300.0,300.25,ok,0.26653430350491353,ok,ue4_qfi1,0,0,0,232.5,data,ok,2.0,False,,proxy,3,0,ue1_qfi2,1.0,76,150.0,ok,ue1_qfi2,46.305,ok,8,ok,8,ue3_qfi2,0.9541796,ok,0.954740902009793,proxy,5,0.948361375994054,68000574.4,ok,0.004172727272727272,ok,0.9337954545454545,0.0370796875,ok,ue1_qfi1,0.0,24,100.0,data,ok,0.0,ue3_qfi1,31.0,ok,15.2,ue1_qfi2,0,0.0,0.0,15.152,ok,66.0,,pending,,pending,,0.5,,,,,,,,PF,376383645,,,
ue8_qfi9,295.5,300.0,300.0,300.25,ok,0.28955988783596365,ok,ue4_qfi1,0,0,0,232.75,data,ok,2.0,False,,proxy,3,0,ue6_qfi2,0.9868421052631579,76,150.0,ok,ue4_qfi2,40.094,ok,8,ok,8,ue3_qfi2,0.9539488,ok,0.9522228773379563,proxy,5,0.9458428016874675,66885476.8,ok,0.004404545454545454,ok,0.9340284090909091,0.1190953125,ok,ue1_qfi1,0.0,24,100.0,data,ok,0.0,ue8_qfi1,46.25,ok,15.0,ue6_qfi2,1,138.5,138.5,15.152,ok,66.0,,pending,,pending,,0.5,,,,,,,,Reservation,376383645,,,
ue7_qfi9,294.5,299.75,300.0,300.25,ok,0.2672256005012342,ok,ue1_qfi1,0,0,3,710.0,data,ok,2.0,False,,proxy,3,0,ue7_qfi2,0.9736842105263158,76,150.0,ok,ue1_qfi2,94.64,ok,7,ok,8,ue8_qfi2,0.940632,ok,0.9229779647439251,proxy,5,0.9052912058071909,68229982.4,ok,0.004188636363636364,ok,0.9336534090909091,0.0358484375,ok,ue1_qfi1,0.0,16,100.0,data,ok,0.0,ue8_qfi9,156.75,ok,15.2,ue1_qfi2,0,0.0,0.0,15.152,ok,66.0,,pending,,pending,,0.5,,,,,,,,TwoTier,376383645,,,
ue8_qfi9,297.0,299.75,300.0,300.25,ok,0.2872312479355259,ok,ue1_qfi1,0,0,0,233.5,data,ok,2.0,False,,proxy,3,0,ue3_qfi2,0.9868421052631579,76,150.0,ok,ue2_qfi2,53.815,ok,7,ok,8,ue8_qfi2,0.9495811999999999,ok,0.9503401468461596,proxy,5,0.9358189864826505,66131294.4,ok,0.004543181818181819,ok,0.9339806818181818,0.0378234375,ok,ue1_qfi1,0.0,24,100.0,data,ok,0.0,ue2_qfi2,35.726,ok,15.0,ue3_qfi2,1,132.25,132.25,15.152,ok,66.0,,pending,,pending,,0.5,,,,,,,,PF,1746484539,,,
ue7_qfi9,295.75,300.0,300.0,300.25,ok,0.3025961323438861,ok,ue5_qfi1,0,0,0,226.0,data,ok,2.0,False,,proxy,3,0,ue8_qfi2,0.0,74,150.0,ok,ue2_qfi2,40.807,ok,7,ok,8,ue8_qfi2,0.0,ok,0.883742555616432,proxy,5,0.8746082381900827,64979622.4,ok,0.004986363636363636,ok,0.9323034090909091,0.1010828125,ok,ue1_qfi1,0.0,24,100.0,data,ok,0.0,ue6_qfi1,40.0,ok,15.0,ue1_qfi2,1,143.75,143.75,15.152,ok,66.0,,pending,,pending,,0.5,,,,,,,,Reservation,1746484539,,,
ue2_qfi9,17.5,80.5,102.25,110.25,ok,0.36238782833277694,ok,ue2_qfi1,0,0,0,223.99999999999997,data,ok,2.0,False,,proxy,3,0,ue6_qfi2,0.0,74,150.0,ok,ue2_qfi2,42.354,ok,5,ok,8,ue6_qfi2,0.0,ok,0.7184566002795267,proxy,5,0.7178833600059626,59632478.4,ok,0.004068181818181818,ok,0.9338613636363636,0.0376671875,ok,ue1_qfi1,0.0,24,100.0,data,ok,0.0,ue2_qfi9,92.75,ok,15.0,ue4_qfi2,1,150.5,150.5,15.152,ok,66.0,,pending,,pending,,0.5,,,,,,,,TwoTier,1746484539,,,
ue5_qfi9,296.0,300.0,300.25,300.25,ok,0.284243627370687,ok,ue2_qfi1,1,1,2,3050.5,data,ok,2.0,False,,proxy,3,0,ue4_qfi2,0.3125,16,150.0,ok,ue3_qfi2,149.073,ok,1,ok,8,ue5_qfi2,0.847092,ok,0.9183512368959915,proxy,5,0.8695010265234098,66097932.800000004,ok,0.0055636363636363635,ok,0.9310681818181819,0.0362890625,ok,ue1_qfi1,0.0,3,100.0,data,ok,0.0,ue6_qfi2,81.17099999999999,ok,1.2,ue7_qfi2,4,1579.25,4551.25,3.03,ok,330.0,,pending,,pending,,0.1,,,,,,,,PF,1826701614,,,
ue8_qfi9,293.25,300.0,300.25,300.25,ok,0.3077478177808265,ok,ue5_qfi1,1,2,3,2016.75,data,ok,2.0,False,,proxy,3,0,ue5_qfi2,0.5333333333333333,15,150.0,ok,ue7_qfi2,149.373,ok,1,ok,8,ue8_qfi2,0.7650568000000001,ok,0.8883752619705593,proxy,5,0.8071049004590006,64553273.6,ok,0.005468181818181818,ok,0.9292102272727273,0.115225,ok,ue1_qfi1,0.0,3,100.0,data,ok,0.0,ue2_qfi2,94.88799999999999,ok,1.6,ue5_qfi2,3,1308.5,3284.0,3.03,ok,330.0,,pending,,pending,,0.1,,,,,,,,Reservation,1826701614,,,
ue6_qfi9,261.75,299.75,300.0,300.25,ok,0.3038404161975179,ok,ue1_qfi1,1,1,2,3088.25,data,ok,2.0,False,,proxy,3,0,ue1_qfi2,0.25,16,150.0,ok,ue3_qfi2,150.014,ok,0,ok,8,ue6_qfi2,0.7577672,ok,0.8791792377751723,proxy,5,0.7937822850893745,64443257.6,ok,0.005720454545454545,ok,0.9304704545454545,0.0357421875,ok,ue1_qfi1,0.0,2,100.0,data,ok,0.0,ue4_qfi2,85.249,ok,1.6,ue2_qfi2,3,2009.75,3619.5,3.03,ok,330.0,,pending,,pending,,0.1,,,,,,,,TwoTier,1826701614,,,
ue8_qfi9,291.25,299.75,300.0,300.25,ok,0.26933906701868243,ok,ue1_qfi1,1,2,2,3022.75,data,ok,2.0,False,,proxy,3,0,ue8_qfi2,0.3125,16,150.0,ok,ue5_qfi2,150.125,ok,1,ok,8,ue1_qfi2,0.8672568,ok,0.9296343236981459,proxy,5,0.9013654907936726,67579252.8,ok,0.00545,ok,0.9315738636363636,0.034796875,ok,ue1_qfi1,0.0,2,100.0,data,ok,0.0,ue2_qfi2,80.439,ok,1.4,ue7_qfi2,3,1360.0,3014.5,3.03,ok,330.0,,pending,,pending,,0.1,,,,,,,,PF,1367864806,,,
ue8_qfi9,293.25,300.0,300.25,300.25,ok,0.29253945601960124,ok,ue8_qfi1,0,1,1,1988.2500000000002,data,ok,2.0,False,,proxy,3,0,ue6_qfi2,0.4666666666666667,15,150.0,ok,ue2_qfi2,150.143,ok,1,ok,8,ue6_qfi2,0.682352,ok,0.9021473599215295,proxy,5,0.8011619578350345,66116329.6,ok,0.005406818181818182,ok,0.9313,0.1090765625,ok,ue1_qfi1,0.0,4,100.0,data,ok,0.0,ue4_qfi2,98.30100000000002,ok,2.4,ue2_qfi2,3,957.5,2310.0,3.03,ok,330.0,,pending,,pending,,0.1,,,,,,,,Reservation,1367864806,,,
ue8_qfi9,295.5,299.75,300.0,300.25,ok,0.2895967111387177,ok,ue1_qfi1,1,2,2,2973.4999999999995,data,ok,2.0,False,,proxy,3,0,ue1_qfi2,0.3125,16,150.0,ok,ue3_qfi2,149.25,ok,0,ok,8,ue6_qfi2,0.7783876,ok,0.8942898374852616,proxy,5,0.796661937321075,65909369.6,ok,0.005386363636363636,ok,0.9315340909090909,0.0346234375,ok,ue1_qfi1,0.0,2,100.0,data,ok,0.0,ue2_qfi9,165.75,ok,1.2,ue8_qfi2,4,1223.25,3887.75,3.03,ok,330.0,,pending,,pending,,0.1,,,,,,,,TwoTier,1367864806,,,
ue8_qfi9,293.0,299.75,300.0,300.25,ok,0.3049454571569498,ok,ue8_qfi1,1,2,3,2074.5,data,ok,2.0,False,,proxy,3,0,ue7_qfi2,0.0625,16,150.0,ok,ue5_qfi2,149.165,ok,1,ok,8,ue7_qfi2,0.8083048,ok,0.8973162957565968,proxy,5,0.8336044383290306,64621993.6,ok,0.005654545454545455,ok,0.9320863636363637,0.0382640625,ok,ue1_qfi1,0.0,4,100.0,data,ok,0.0,ue4_qfi2,79.247,ok,2.0,ue5_qfi2,3,1324.5,2982.5,3.03,ok,330.0,,pending,,pending,,0.1,,,,,,,,PF,1097657231,,,
ue7_qfi9,285.5,299.5,300.0,300.0,ok,0.31001343438761275,ok,ue4_qfi1,0,2,4,1072.0,data,ok,2.0,False,,proxy,3,0,ue6_qfi2,0.0,15,150.0,ok,ue3_qfi2,149.044,ok,6,ok,8,ue6_qfi2,0.0,ok,0.7965307756572415,proxy,5,0.7697661948908364,63844974.4,ok,0.005556818181818182,ok,0.9323681818181818,0.100171875,ok,ue1_qfi1,0.0,4,100.0,data,ok,0.0,ue1_qfi9,181.0,ok,2.8,ue7_qfi2,1,687.0,687.0,3.03,ok,330.0,,pending,,pending,,0.1,,,,,,,,Reservation,1097657231,,,
ue7_qfi9,299.0,300.25,300.25,300.25,ok,0.35499526623418287,ok,ue3_qfi1,0,2,4,1042.5,data,ok,2.0,False,,proxy,3,0,ue6_qfi2,0.0625,16,150.0,ok,ue3_qfi2,146.815,ok,4,ok,8,ue7_qfi2,0.030114400000000003,ok,0.7291059451743941,proxy,5,0.7112312135664157,60068176.0,ok,0.005856818181818182,ok,0.9315215909090909,0.037278125,ok,ue1_qfi1,0.0,4,100.0,data,ok,0.0,ue2_qfi9,150.0,ok,2.8,ue5_qfi2,1,674.75,674.75,3.03,ok,330.0,,pending,,pending,,0.1,,,,,,,,TwoTier,1097657231,,,
ue7_qfi9,292.75,299.75,300.0,300.25,ok,0.24617910805923648,ok,ue8_qfi1,1,2,2,2974.2500000000005,data,ok,2.0,False,,proxy,3,0,ue4_qfi2,0.3125,16,150.0,ok,ue1_qfi2,150.105,ok,2,ok,8,ue4_qfi2,0.8871424,ok,0.939325381495751,proxy,5,0.9068229581061844,69792985.6,ok,0.005225,ok,0.9318022727272727,0.03361875,ok,ue1_qfi1,0.0,4,100.0,data,ok,0.0,ue3_qfi2,81.92,ok,1.8,ue5_qfi2,3,1010.5,3006.25,3.03,ok,330.0,,pending,,pending,,0.1,,,,,,,,PF,579362555,,,
ue4_qfi9,249.5,297.25,299.25,299.75,ok,0.2526804338374203,ok,ue1_qfi1,0,2,4,1091.25,data,ok,2.0,False,,proxy,3,0,ue7_qfi2,0.0,15,150.0,ok,ue3_qfi2,146.126,ok,6,ok,8,ue7_qfi2,0.0,ok,0.8011435593424961,proxy,5,0.7714780861084601,69478809.6,ok,0.005609090909090909,ok,0.9330806818181818,0.0841,ok,ue1_qfi1,0.0,4,100.0,data,ok,0.0,ue3_qfi9,190.5,ok,2.8,ue6_qfi2,1,699.5,699.5,3.03,ok,330.0,,pending,,pending,,0.1,,,,,,,,Reservation,579362555,,,
ue8_qfi9,292.0,299.75,300.0,300.25,ok,0.2940171051706603,ok,ue6_qfi1,0,1,1,1065.0,data,ok,2.0,False,,proxy,3,0,ue7_qfi2,0.25,16,150.0,ok,ue6_qfi2,149.842,ok,4,ok,8,ue8_qfi2,0.4859496,ok,0.8375845937069272,proxy,5,0.7117278879373091,65488696.0,ok,0.005688636363636364,ok,0.9314943181818182,0.034071875,ok,ue1_qfi1,0.0,4,100.0,data,ok,0.0,ue1_qfi9,238.5,ok,2.0,ue1_qfi2,2,1878.25,2588.5,3.03,ok,330.0,,pending,,pending,,0.1,,,,,,,,TwoTier,579362555,,,
ue4_qfi9,290.0,299.5,300.0,300.25,ok,0.25197241384598656,ok,ue3_qfi1,1,2,3,2068.5,data,ok,2.0,False,,proxy,3,0,ue3_qfi2,0.3125,16,150.0,ok,ue2_qfi2,150.046,ok,1,ok,8,ue3_qfi2,0.8600988,ok,0.9376902799780253,proxy,5,0.9007805460317854,69170648.0,ok,0.005043181818181818,ok,0.9320238636363636,0.033259375,ok,ue1_qfi1,0.0,4,100.0,data,ok,0.0,ue6_qfi2,80.336,ok,1.8,ue4_qfi2,4,987.5,3510.5,3.03,ok,330.0,,pending,,pending,,0.1,,,,,,,,PF,661058651,,,
ue8_qfi9,284.5,299.75,300.0,300.25,ok,0.2683312677733497,ok,ue5_qfi1,1,2,3,2048.2500000000005,data,ok,2.0,False,,proxy,3,0,ue3_qfi2,0.4666666666666667,15,150.0,ok,ue8_qfi2,149.874,ok,1,ok,8,ue3_qfi2,0.8300104,ok,0.9093627803573048,proxy,5,0.8525276269808095,68389036.8,ok,0.005147727272727273,ok,0.9332454545454546,0.1072140625,ok,ue1_qfi1,0.0,4,100.0,data,ok,0.0,ue6_qfi2,90.10999999999999,ok,1.4,ue3_qfi2,2,997.25,1662.25,3.03,ok,330.0,,pending,,pending,,0.1,,,,,,,,Reservation,661058651,,,
ue4_qfi9,224.0,300.0,300.0,300.25,ok,0.2765102773807134,ok,ue3_qfi1,1,2,3,2080.5,data,ok,2.0,False,,proxy,3,0,ue3_qfi2,0.3125,16,150.0,ok,ue6_qfi2,150.25,ok,1,ok,8,ue6_qfi2,0.8018071999999999,ok,0.9056871904155717,proxy,5,0.7947134479528084,67303875.2,ok,0.005345454545454546,ok,0.9324079545454546,0.0330296875,ok,ue1_qfi1,0.0,4,100.0,data,ok,0.0,ue5_qfi9,95.75,ok,1.8,ue1_qfi2,3,1333.25,2899.5,3.03,ok,330.0,,pending,,pending,,0.1,,,,,,,,TwoTier,661058651,,,
ue8_qfi9,292.25,299.75,300.0,300.25,ok,0.305122394828079,ok,ue7_qfi1,1,1,3,2078.7500000000005,data,ok,2.0,False,,proxy,3,0,ue6_qfi2,0.125,16,150.0,ok,ue5_qfi2,150.235,ok,0,ok,8,ue3_qfi2,0.8354792,ok,0.8954424013483002,proxy,5,0.8581544606080027,64860732.8,ok,0.005575,ok,0.9323965909090909,0.0382203125,ok,ue1_qfi1,0.0,3,100.0,data,ok,0.0,ue2_qfi2,82.43799999999999,ok,1.6,ue8_qfi2,4,1001.75,3865.5,3.03,ok,330.0,,pending,,pending,,0.1,,,,,,,,PF,87989972,,,
ue6_qfi9,248.0,298.75,299.75,300.0,ok,0.3092960909791599,ok,ue3_qfi1,0,2,4,1080.25,data,ok,2.0,False,,proxy,3,0,ue7_qfi2,0.0,15,150.0,ok,ue4_qfi2,147.81,ok,6,ok,8,ue7_qfi2,0.0,ok,0.8030141512264122,proxy,5,0.7972424944363337,63975827.2,ok,0.005963636363636364,ok,0.9326193181818182,0.0999375,ok,ue1_qfi1,0.0,4,100.0,data,ok,0.0,ue2_qfi9,221.75,ok,3.0,ue6_qfi2,1,690.5,690.5,3.03,ok,330.0,,pending,,pending,,0.1,,,,,,,,Reservation,87989972,,,
ue8_qfi9,296.5,300.0,300.25,300.25,ok,0.3393646307685798,ok,ue1_qfi1,1,2,3,2003.7500000000002,data,ok,2.0,False,,proxy,3,0,ue6_qfi2,0.125,16,150.0,ok,ue8_qfi2,148.685,ok,0,ok,8,ue8_qfi2,0.704654,ok,0.8678780302503787,proxy,5,0.7819375217727212,62033756.8,ok,0.005845454545454545,ok,0.9319681818181819,0.0390875,ok,ue1_qfi1,0.0,3,100.0,data,ok,0.0,ue1_qfi9,176.0,ok,1.0,ue1_qfi2,3,3247.0,4625.5,3.03,ok,330.0,,pending,,pending,,0.1,,,,,,,,TwoTier,87989972,,,
ue5_qfi9,291.75,299.75,300.0,300.25,ok,0.27862994637793104,ok,ue5_qfi1,1,1,3,2062.75,data,ok,2.0,False,,proxy,3,0,ue2_qfi2,0.3125,16,150.0,ok,ue2_qfi2,150.194,ok,1,ok,8,ue2_qfi2,0.8560864,ok,0.9269936085362737,proxy,5,0.8973481405860767,66802600.0,ok,0.005209090909090909,ok,0.9329443181818182,0.0354734375,ok,ue1_qfi1,0.0,4,100.0,data,ok,0.0,ue7_qfi2,78.395,ok,1.6,ue6_qfi2,4,1304.0,3637.75,3.03,ok,330.0,,pending,,pending,,0.1,,,,,,,,PF,161576974,,,
ue2_qfi9,273.75,299.5,300.0,300.25,ok,0.2943315637920126,ok,ue2_qfi1,0,1,4,1091.75,data,ok,2.0,False,,proxy,3,0,ue7_qfi2,0.0,15,150.0,ok,ue2_qfi2,147.41,ok,4,ok,8,ue7_qfi2,0.0,ok,0.799126263183328,proxy,5,0.7703201206543149,65402022.4,ok,0.005427272727272728,ok,0.9337227272727273,0.094034375,ok,ue1_qfi1,0.0,4,100.0,data,ok,0.0,ue3_qfi9,141.25,ok,2.6,ue3_qfi2,1,710.5,710.5,3.03,ok,330.0,,pending,,pending,,0.1,,,,,,,,Reservation,161576974,,,
ue7_qfi9,287.75,299.75,300.0,300.25,ok,0.32429334981814556,ok,ue1_qfi1,0,3,4,1073.25,data,ok,2.0,False,,proxy,3,0,ue6_qfi2,0.1875,16,150.0,ok,ue1_qfi2,149.391,ok,2,ok,8,ue7_qfi2,0.4825052,ok,0.8181395873814985,proxy,5,0.7116174597864033,62866574.4,ok,0.005561363636363636,ok,0.9322943181818182,0.03670625,ok,ue1_qfi1,0.0,4,100.0,data,ok,0.0,ue2_qfi9,243.0,ok,2.2,ue4_qfi2,2,1330.5,2309.5,3.03,ok,330.0,,pending,,pending,,0.1,,,,,,,,TwoTier,161576974,,,
ue6_qfi9,297.75,300.0,300.25,300.25,ok,0.28441386920791195,ok,ue6_qfi1,1,2,2,2076.25,data,ok,2.0,False,,proxy,3,0,ue6_qfi2,0.3125,16,150.0,ok,ue5_qfi2,149.854,ok,1,ok,8,ue6_qfi2,0.8310768000000001,ok,0.9249807283658129,proxy,5,0.8963155507878129,66339638.4,ok,0.005575,ok,0.9341965909090909,0.03651875,ok,ue1_qfi1,0.0,4,100.0,data,ok,0.0,ue1_qfi2,79.21400000000001,ok,1.6,ue3_qfi2,4,1322.0,3568.5,3.03,ok,330.0,,pending,,pending,,0.1,,,,,,,,PF,35492826,,,
ue6_qfi9,275.5,298.75,299.75,300.0,ok,0.29285285967902064,ok,ue6_qfi1,0,2,3,1936.25,data,ok,2.0,False,,proxy,3,0,ue7_qfi2,0.0,15,150.0,ok,ue6_qfi2,148.178,ok,5,ok,8,ue7_qfi2,0.0,ok,0.7980170663447292,proxy,5,0.7751284649674259,65358808.0,ok,0.005088636363636364,ok,0.9322227272727273,0.0939671875,ok,ue1_qfi1,0.0,4,100.0,data,ok,0.0,ue4_qfi9,112.25,ok,2.6,ue6_qfi2,1,675.5,675.5,3.03,ok,330.0,,pending,,pending,,0.1,,,,,,,,Reservation,35492826,,,
ue7_qfi9,294.25,299.75,300.0,300.25,ok,0.3021394435577006,ok,ue7_qfi1,0,1,2,1959.75,data,ok,2.0,False,,proxy,3,0,ue6_qfi2,0.0625,16,150.0,ok,ue5_qfi2,150.185,ok,1,ok,8,ue6_qfi2,0.7332844000000001,ok,0.9011609327640283,proxy,5,0.8056700852968139,64836996.8,ok,0.005465909090909091,ok,0.9340431818181818,0.0370703125,ok,ue1_qfi1,0.0,4,100.0,data,ok,0.0,ue1_qfi2,88.769,ok,1.6,ue3_qfi2,4,1319.25,3996.5,3.03,ok,330.0,,pending,,pending,,0.1,,,,,,,,TwoTier,35492826,,,
ue7_qfi9,296.75,300.0,300.25,300.25,ok,0.28270811701844706,ok,ue4_qfi1,1,1,1,2061.2500000000005,data,ok,2.0,False,,proxy,3,0,ue4_qfi2,0.125,16,150.0,ok,ue8_qfi2,149.728,ok,2,ok,8,ue4_qfi2,0.802462,ok,0.9147381456129364,proxy,5,0.8598638162638661,66378328.0,ok,0.005543181818181818,ok,0.9344363636363636,0.0360828125,ok,ue1_qfi1,0.0,4,100.0,data,ok,0.0,ue8_qfi2,80.141,ok,2.0,ue5_qfi2,4,691.5,2700.25,3.03,ok,330.0,,pending,,pending,,0.1,,,,,,,,PF,376383645,,,
ue8_qfi9,288.5,300.0,300.0,300.25,ok,0.3096448861175677,ok,ue4_qfi1,1,2,2,3032.75,data,ok,2.0,False,,proxy,3,0,ue4_qfi2,0.5,16,150.0,ok,ue3_qfi2,149.781,ok,0,ok,8,ue7_qfi2,0.7353548000000001,ok,0.887952367761667,proxy,5,0.8032497968738286,64632067.2,ok,0.005406818181818182,ok,0.9314022727272727,0.11438125,ok,ue1_qfi1,0.0,2,100.0,data,ok,0.0,ue5_qfi2,93.41,ok,1.6,ue4_qfi2,3,1260.0,2899.0,3.03,ok,330.0,,pending,,pending,,0.1,,,,,,,,Reservation,376383645,,,
ue8_qfi9,285.25,299.75,300.0,300.25,ok,0.3083912166150472,ok,ue4_qfi1,1,1,1,2062.7500000000005,data,ok,2.0,False,,proxy,3,0,ue7_qfi2,0.1875,16,150.0,ok,ue3_qfi2,149.62,ok,2,ok,8,ue7_qfi2,0.7063891999999999,ok,0.8818765353463478,proxy,5,0.7853061444234986,64033843.199999996,ok,0.005093181818181818,ok,0.934796590909091,0.0362625,ok,ue1_qfi1,0.0,4,100.0,data,ok,0.0,ue2_qfi9,96.5,ok,1.6,ue3_qfi2,3,1558.0,3635.25,3.03,ok,330.0,,pending,,pending,,0.1,,,,,,,,TwoTier,376383645,,,
ue7_qfi9,292.75,299.75,300.0,300.25,ok,0.273704708151981,ok,ue2_qfi1,1,1,2,3056.5,data,ok,2.0,False,,proxy,3,0,ue2_qfi2,0.3125,16,150.0,ok,ue7_qfi2,150.012,ok,0,ok,8,ue2_qfi2,0.8725348,ok,0.9220586271861148,proxy,5,0.8934458713111268,67526870.4,ok,0.005440909090909091,ok,0.9339886363636364,0.03458125,ok,ue1_qfi1,0.0,3,100.0,data,ok,0.0,ue5_qfi2,79.09,ok,2.0,ue5_qfi2,4,980.75,3331.0,3.03,ok,330.0,,pending,,pending,,0.1,,,,,,,,PF,1746484539,,,
ue8_qfi9,293.5,300.0,300.25,300.25,ok,0.30218015377424773,ok,ue3_qfi1,1,1,3,2024.0000000000005,data,ok,2.0,False,,proxy,3,0,ue5_qfi2,0.6,15,150.0,ok,ue2_qfi2,149.568,ok,1,ok,8,ue6_qfi2,0.791958,ok,0.8941654543356334,proxy,5,0.8019490715319575,65585968.0,ok,0.0056409090909090905,ok,0.9289829545454545,0.1090625,ok,ue1_qfi1,0.0,3,100.0,data,ok,0.0,ue1_qfi2,91.35600000000001,ok,2.0,ue8_qfi2,3,693.0,2049.5,3.03,ok,330.0,,pending,,pending,,0.1,,,,,,,,Reservation,1746484539,,,
ue1_qfi9,294.75,300.0,300.0,300.25,ok,0.302114966040072,ok,ue5_qfi1,1,1,3,2089.0,data,ok,2.0,False,,proxy,3,0,ue7_qfi2,0.1875,16,150.0,ok,ue6_qfi2,150.222,ok,0,ok,8,ue7_qfi2,0.7872656,ok,0.8934534200219215,proxy,5,0.791181992238964,65084747.2,ok,0.005468181818181818,ok,0.9333170454545454,0.0347484375,ok,ue1_qfi1,0.0,4,100.0,data,ok,0.0,ue3_qfi2,93.062,ok,1.4,ue4_qfi2,4,1231.25,4233.5,3.03,ok,330.0,,pending,,pending,,0.1,,,,,,,,TwoTier,1746484539,,,
ue16_qfi2,134.119,148.557,149.423,150.186,ok,0.8367859251563257,ok,ue26_qfi82,0,0,0,56.00000000000005,data,ok,2.0,False,,proxy,3,0,ue22_qfi2,0.02027027027027027,148,150.0,ok,ue27_qfi2,150.243,ok,0,ok,32,ue29_qfi2,0.49203440000000004,ok,0.4654629902914055,proxy,5,0.45905727025912657,69563641.6,ok,0.025945454545454546,ok,0.9296613636363636,0.041571875,ok,ue1_qfi2,1.0,774,150.0,data,ok,0.0,ue18_qfi2,17.824000000000012,ok,1.4,ue5_qfi2,5,3194.25,4872.5,30.303,ok,33.0,,pending,,pending,,,,,1.25,,,32,,PF,1826701614,,,
ue17_qfi9,300.0,300.25,300.25,300.25,ok,0.8454904473309347,ok,ue13_qfi9,0,0,0,440.0000000000004,data,ok,2.0,False,,proxy,3,0,ue15_qfi2,0.0,148,150.0,ok,ue2_qfi2,70.793,ok,16,ok,32,ue15_qfi2,0.0,ok,0.5039986360756417,proxy,5,0.5002063460065573,67144910.4,ok,0.025365909090909092,ok,0.9265534090909091,0.32403125,ok,ue11_qfi1,0.34210526315789475,38,100.0,data,ok,0.0,ue1_qfi1,74.75,ok,30.2,ue3_qfi2,13,81.5,945.5,30.303,ok,33.0,,pending,,pending,,,,,1.25,,,32,,Reservation,1826701614,,,
ue2_qfi9,97.25,290.5,298.5,299.5,ok,0.8401164982923001,ok,ue5_qfi1,0,0,0,139.00000000000023,data,ok,2.0,False,,proxy,3,0,ue6_qfi2,0.0,147,150.0,ok,ue4_qfi2,48.947,ok,5,ok,32,ue6_qfi2,0.0,ok,0.3669174430208327,proxy,5,0.3667857163047643,67894204.8,ok,0.025618181818181818,ok,0.9294534090909091,0.04139375,ok,ue1_qfi1,0.5306122448979592,49,100.0,data,ok,0.0,ue2_qfi9,202.25,ok,30.4,ue4_qfi2,14,91.5,1085.25,30.303,ok,33.0,,pending,,pending,,,,,1.25,,,32,,TwoTier,1826701614,,,
ue17_qfi2,134.458,148.609,149.807,150.123,ok,0.8403141955716132,ok,ue5_qfi82,0,0,0,54.49999999999999,data,ok,2.0,False,,proxy,3,0,ue1_qfi2,0.02027027027027027,148,150.0,ok,ue4_qfi2,150.25,ok,0,ok,32,ue16_qfi2,0.485002,ok,0.46398321306753465,proxy,5,0.4539094799895623,67986171.2,ok,0.026170454545454545,ok,0.9304511363636364,0.043171875,ok,ue1_qfi2,1.0,809,150.0,data,ok,0.0,ue10_qfi2,17.54400000000001,ok,1.4,ue7_qfi2,5,1942.0,4872.5,30.303,ok,33.0,,pending,,pending,,,,,1.25,,,32,,PF,1367864806,,,
ue23_qfi9,299.75,300.25,300.25,300.25,ok,0.8451544533346177,ok,ue3_qfi1,1,1,2,2896.25,data,ok,2.0,False,,proxy,3,0,ue17_qfi2,0.0,148,150.0,ok,ue16_qfi2,149.408,ok,3,ok,32,ue17_qfi2,0.0,ok,0.45193915753657665,proxy,5,0.39555586790475405,66046400.0,ok,0.025156818181818183,ok,0.9248068181818182,0.357584375,ok,ue3_qfi1,0.16666666666666666,12,100.0,data,ok,0.0,ue15_qfi9,112.75,ok,22.0,ue16_qfi2,15,699.0,2407.0,30.303,ok,33.0,,pending,,pending,,,,,1.25,,,32,,Reservation,1367864806,,,
ue3_qfi9,140.0,298.75,299.75,300.0,ok,0.8439035033501018,ok,ue5_qfi1,0,0,0,127.49999999999994,data,ok,2.0,False,,proxy,3,0,ue6_qfi2,0.0,147,150.0,ok,ue4_qfi2,36.094,ok,5,ok,32,ue6_qfi2,0.0,ok,0.36667908673314853,proxy,5,0.3664467594752508,66429700.8,ok,0.026329545454545456,ok,0.9296681818181818,0.0435890625,ok,ue4_qfi1,0.4489795918367347,49,100.0,data,ok,0.0,ue3_qfi9,160.0,ok,30.2,ue4_qfi2,6,101.75,465.5,30.303,ok,33.0,,pending,,pending,,,,,1.25,,,32,,TwoTier,1367864806,,,
ue30_qfi2,134.263,148.948,149.715,150.101,ok,0.8413929906775244,ok,ue25_qfi82,0,0,0,100.00000000000009,data,ok,2.0,False,,proxy,3,0,ue14_qfi2,0.02027027027027027,148,150.0,ok,ue31_qfi2,150.25,ok,0,ok,32,ue27_qfi2,0.47338040000000003,ok,0.4624802375885104,proxy,5,0.45438978670905206,67533708.8,ok,0.02618409090909091,ok,0.9306840909090909,0.043484375,ok,ue25_qfi82,0.9897959183673469,98,100.0,data,ok,0.0,ue31_qfi2,17.923000000000002,ok,1.6,ue17_qfi2,7,2170.0,4925.0,30.303,ok,33.0,,pending,,pending,,,,,1.25,,,32,,PF,1097657231,,,
ue18_qfi9,300.0,300.25,300.25,300.25,ok,0.8464433447335931,ok,ue13_qfi9,1,1,1,2506.25,data,ok,2.0,False,,proxy,3,0,ue17_qfi2,0.0,147,150.0,ok,ue4_qfi2,148.504,ok,2,ok,32,ue17_qfi2,0.0,ok,0.4492252349287929,proxy,5,0.39747923435027477,65271467.2,ok,0.025236363636363637,ok,0.9208193181818182,0.362715625,ok,ue1_qfi1,0.09090909090909091,11,100.0,data,ok,0.0,ue13_qfi9,210.0,ok,23.4,ue15_qfi2,16,240.0,2177.5,30.303,ok,33.0,,pending,,pending,,,,,1.25,,,32,,Reservation,1097657231,,,
ue1_qfi9,266.5,299.5,300.0,300.0,ok,0.8444647912638028,ok,ue2_qfi1,0,0,0,149.2499999999999,data,ok,2.0,False,,proxy,3,0,ue6_qfi2,0.0,148,150.0,ok,ue2_qfi2,49.464,ok,5,ok,32,ue6_qfi2,0.0,ok,0.3662691653098184,proxy,5,0.36514699822018093,66177417.6,ok,0.026088636363636362,ok,0.9308784090909091,0.044278125,ok,ue5_qfi1,0.3877551020408163,49,100.0,data,ok,0.0,ue2_qfi9,190.5,ok,30.4,ue2_qfi2,9,103.0,755.0,30.303,ok,33.0,,pending,,pending,,,,,1.25,,,32,,TwoTier,1097657231,,,
ue30_qfi2,133.325,148.813,149.949,150.187,ok,0.8405571994608537,ok,ue2_qfi82,0,0,0,55.49999999999999,data,ok,2.0,False,,proxy,3,0,ue1_qfi2,0.02027027027027027,148,150.0,ok,ue19_qfi2,150.099,ok,0,ok,32,ue22_qfi2,0.48608359999999995,ok,0.4633939633554989,proxy,5,0.45397233459033587,67974388.8,ok,0.02614318181818182,ok,0.9314602272727273,0.042959375,ok,ue1_qfi2,1.0,829,150.0,data,ok,0.0,ue24_qfi2,17.951000000000022,ok,2.4,ue11_qfi2,7,2475.5,4718.5,30.303,ok,33.0,,pending,,pending,,,,,1.25,,,32,,PF,579362555,,,
ue19_qfi9,300.0,300.25,300.25,300.25,ok,0.8462041571615915,ok,ue19_qfi9,0,0,0,420.2500000000002,data,ok,2.0,False,,proxy,3,0,ue16_qfi2,0.0,147,150.0,ok,ue19_qfi2,83.918,ok,15,ok,32,ue16_qfi2,0.0,ok,0.5024752483940973,proxy,5,0.49545996325343894,66842852.8,ok,0.025468181818181817,ok,0.9272761363636364,0.3259265625,ok,ue12_qfi1,0.35,40,100.0,data,ok,0.0,ue19_qfi2,86.021,ok,30.0,ue2_qfi2,12,108.75,933.0,30.303,ok,33.0,,pending,,pending,,,,,1.25,,,32,,Reservation,579362555,,,
ue1_qfi9,183.5,298.0,299.5,299.75,ok,0.8414188689336626,ok,ue5_qfi1,0,0,0,126.49999999999983,data,ok,2.0,False,,proxy,3,0,ue6_qfi2,0.0,147,150.0,ok,ue3_qfi2,45.112,ok,5,ok,32,ue6_qfi2,0.0,ok,0.36676282692526957,proxy,5,0.3659216509774507,67460646.4,ok,0.025836363636363636,ok,0.9310602272727273,0.0414578125,ok,ue2_qfi1,0.46938775510204084,49,100.0,data,ok,0.0,ue4_qfi9,208.75,ok,30.0,ue3_qfi2,10,99.5,762.5,30.303,ok,33.0,,pending,,pending,,,,,1.25,,,32,,TwoTier,579362555,,,
ue17_qfi2,133.634,148.425,149.789,150.138,ok,0.8412878540888823,ok,ue28_qfi82,0,0,0,99.99999999999964,data,ok,2.0,False,,proxy,3,0,ue7_qfi2,0.02027027027027027,148,150.0,ok,ue16_qfi2,150.192,ok,0,ok,32,ue1_qfi2,0.48449,ok,0.462896401414573,proxy,5,0.45494706041528954,67582913.6,ok,0.026763636363636364,ok,0.9308931818181818,0.0437375,ok,ue1_qfi2,1.0,731,150.0,data,ok,0.0,ue10_qfi2,17.401999999999987,ok,1.6,ue19_qfi2,5,1965.75,4839.75,30.303,ok,33.0,,pending,,pending,,,,,1.25,,,32,,PF,661058651,,,
ue18_qfi9,299.75,300.25,300.25,300.25,ok,0.8473009098867048,ok,ue7_qfi9,0,1,3,1717.0,data,ok,2.0,False,,proxy,3,0,ue17_qfi2,0.0,147,150.0,ok,ue10_qfi2,139.198,ok,5,ok,32,ue17_qfi2,0.0,ok,0.46941862939965306,proxy,5,0.43632448133778284,65152766.4,ok,0.025411363636363635,ok,0.9227011363636364,0.3618390625,ok,ue8_qfi1,0.05555555555555555,18,100.0,data,ok,0.0,ue9_qfi2,96.696,ok,29.8,ue12_qfi2,17,184.75,1512.0,30.303,ok,33.0,,pending,,pending,,,,,1.25,,,32,,Reservation,661058651,,,
ue1_qfi9,253.25,299.75,300.0,300.25,ok,0.8462320209486078,ok,ue5_qfi1,0,0,0,128.75000000000014,data,ok,2.0,False,,proxy,3,0,ue6_qfi2,0.0,147,150.0,ok,ue4_qfi2,41.452,ok,5,ok,32,ue6_qfi2,0.0,ok,0.3659055917957281,proxy,5,0.36430237312790975,65453068.8,ok,0.025786363636363635,ok,0.9312795454545455,0.045228125,ok,ue2_qfi1,0.5102040816326531,49,100.0,data,ok,0.0,ue2_qfi9,211.25,ok,30.4,ue5_qfi2,8,98.5,613.0,30.303,ok,33.0,,pending,,pending,,,,,1.25,,,32,,TwoTier,661058651,,,
ue7_qfi2,133.429,148.196,149.923,150.153,ok,0.8406513026044142,ok,ue12_qfi82,0,0,0,55.750000000000185,data,ok,2.0,False,,proxy,3,0,ue14_qfi2,0.02027027027027027,148,150.0,ok,ue21_qfi2,150.2,ok,0,ok,32,ue30_qfi2,0.4826196,ok,0.4633246515300513,proxy,5,0.4555181370007536,67878848.0,ok,0.02643409090909091,ok,0.9313488636363636,0.043009375,ok,ue1_qfi2,1.0,764,150.0,data,ok,0.0,ue8_qfi2,17.40299999999999,ok,1.4,ue31_qfi2,5,3281.75,4879.5,30.303,ok,33.0,,pending,,pending,,,,,1.25,,,32,,PF,87989972,,,
ue28_qfi9,300.0,300.25,300.25,300.25,ok,0.8463935885347152,ok,ue28_qfi1,0,1,1,1143.0000000000002,data,ok,2.0,False,,proxy,3,0,ue16_qfi2,0.0,148,150.0,ok,ue28_qfi2,142.289,ok,13,ok,32,ue16_qfi2,0.0,ok,0.48630526432427823,proxy,5,0.43921217160157083,66084756.8,ok,0.02533409090909091,ok,0.9255568181818182,0.3417515625,ok,ue7_qfi1,0.14285714285714285,28,100.0,data,ok,0.0,ue10_qfi2,105.571,ok,30.0,ue12_qfi2,16,125.75,1399.75,30.303,ok,33.0,,pending,,pending,,,,,1.25,,,32,,Reservation,87989972,,,
ue1_qfi9,162.0,293.75,299.0,299.5,ok,0.8390750086264417,ok,ue4_qfi1,0,0,0,128.75000000000014,data,ok,2.0,False,,proxy,3,0,ue6_qfi2,0.0,147,150.0,ok,ue5_qfi2,45.257,ok,4,ok,32,ue6_qfi2,0.0,ok,0.3668487106792438,proxy,5,0.366134148446241,68391795.2,ok,0.026570454545454546,ok,0.9318,0.0400484375,ok,ue4_qfi1,0.46938775510204084,49,100.0,data,ok,0.0,ue1_qfi9,137.5,ok,30.2,ue3_qfi2,8,80.25,585.5,30.303,ok,33.0,,pending,,pending,,,,,1.25,,,32,,TwoTier,87989972,,,
ue18_qfi2,133.038,148.711,149.922,150.125,ok,0.8389884025567447,ok,ue10_qfi82,0,0,0,54.749999999999964,data,ok,2.0,False,,proxy,3,0,ue9_qfi2,0.02027027027027027,148,150.0,ok,ue17_qfi2,150.215,ok,0,ok,32,ue32_qfi2,0.4539408,ok,0.4639553496864366,proxy,5,0.457237854021988,68484328.0,ok,0.026663636363636365,ok,0.9318113636363636,0.0425734375,ok,ue1_qfi2,1.0,903,150.0,data,ok,0.0,ue28_qfi2,17.89699999999999,ok,1.6,ue5_qfi2,5,2467.0,4843.75,30.303,ok,33.0,,pending,,pending,,,,,1.25,,,32,,PF,161576974,,,
ue18_qfi9,300.0,300.25,300.25,300.25,ok,0.8440970219901969,ok,ue2_qfi9,0,1,2,1289.4999999999998,data,ok,2.0,False,,proxy,3,0,ue17_qfi2,0.0,147,150.0,ok,ue16_qfi2,127.193,ok,11,ok,32,ue17_qfi2,0.0,ok,0.4880362976689464,proxy,5,0.4689720180797081,66730436.8,ok,0.02530681818181818,ok,0.9252534090909091,0.3451828125,ok,ue11_qfi1,0.06896551724137931,29,100.0,data,ok,0.0,ue9_qfi2,100.118,ok,30.2,ue11_qfi2,23,158.75,2008.0,30.303,ok,33.0,,pending,,pending,,,,,1.25,,,32,,Reservation,161576974,,,
ue1_qfi9,67.25,184.5,204.75,211.5,ok,0.838336412144786,ok,ue2_qfi1,0,0,0,137.49999999999994,data,ok,2.0,False,,proxy,3,0,ue6_qfi2,0.0,147,150.0,ok,ue5_qfi2,38.678,ok,5,ok,32,ue6_qfi2,0.0,ok,0.3670387422204015,proxy,5,0.36691874238068395,68675299.2,ok,0.026263636363636364,ok,0.9323590909090909,0.0402953125,ok,ue2_qfi1,0.4897959183673469,49,100.0,data,ok,0.0,ue1_qfi9,144.25,ok,30.4,ue5_qfi2,6,82.5,460.25,30.303,ok,33.0,,pending,,pending,,,,,1.25,,,32,,TwoTier,161576974,,,
ue28_qfi2,133.346,148.45,149.5,150.113,ok,0.8388930131954249,ok,ue6_qfi82,0,0,0,56.00000000000005,data,ok,2.0,False,,proxy,3,0,ue15_qfi2,0.02027027027027027,148,150.0,ok,ue26_qfi2,150.071,ok,0,ok,32,ue32_qfi2,0.4651324,ok,0.46459920008725764,proxy,5,0.45621083420106373,68780820.8,ok,0.026370454545454544,ok,0.9327136363636364,0.04255,ok,ue1_qfi2,1.0,799,150.0,data,ok,0.0,ue26_qfi2,17.468999999999994,ok,2.0,ue11_qfi2,8,1731.25,4861.25,30.303,ok,33.0,,pending,,pending,,,,,1.25,,,32,,PF,35492826,,,
ue21_qfi9,300.0,300.25,300.25,300.25,ok,0.8455974351379971,ok,ue15_qfi1,0,0,0,431.75000000000006,data,ok,2.0,False,,proxy,3,0,ue16_qfi2,0.0,148,150.0,ok,ue21_qfi2,83.219,ok,15,ok,32,ue16_qfi2,0.0,ok,0.5022753789009207,proxy,5,0.496379165455613,67220432.0,ok,0.02530227272727273,ok,0.9281829545454545,0.324290625,ok,ue5_qfi1,0.2926829268292683,41,100.0,data,ok,0.0,ue21_qfi2,81.64,ok,30.2,ue4_qfi2,14,118.0,1167.0,30.303,ok,33.0,,pending,,pending,,,,,1.25,,,32,,Reservation,35492826,,,
ue1_qfi9,170.0,299.25,299.75,300.0,ok,0.8444952430475133,ok,ue3_qfi1,0,0,0,130.24999999999997,data,ok,2.0,False,,proxy,3,0,ue6_qfi2,0.0,147,150.0,ok,ue4_qfi2,42.333,ok,5,ok,32,ue6_qfi2,0.0,ok,0.3664257611326582,proxy,5,0.36588641508054437,66193292.800000004,ok,0.026602272727272728,ok,0.9338647727272728,0.0437875,ok,ue2_qfi1,0.42857142857142855,49,100.0,data,ok,0.0,ue3_qfi9,187.25,ok,30.4,ue4_qfi2,10,92.5,761.25,30.303,ok,33.0,,pending,,pending,,,,,1.25,,,32,,TwoTier,35492826,,,
ue7_qfi2,133.659,148.907,150.011,150.122,ok,0.8402250062187657,ok,ue10_qfi82,0,0,0,54.49999999999999,data,ok,2.0,False,,proxy,3,0,ue18_qfi2,0.02027027027027027,148,150.0,ok,ue9_qfi2,150.116,ok,0,ok,32,ue8_qfi2,0.4794044,ok,0.4635763307109132,proxy,5,0.4547578026318773,68039846.4,ok,0.026352272727272728,ok,0.9334568181818181,0.0435703125,ok,ue1_qfi2,1.0,933,150.0,data,ok,0.0,ue31_qfi2,17.88300000000001,ok,1.2,ue21_qfi2,5,4348.75,4930.0,30.303,ok,33.0,,pending,,pending,,,,,1.25,,,32,,PF,376383645,,,
ue17_qfi9,300.0,300.25,300.25,300.25,ok,0.8462906216156555,ok,ue17_qfi9,0,1,1,1754.75,data,ok,2.0,False,,proxy,3,0,ue18_qfi2,0.0,148,150.0,ok,ue7_qfi2,142.949,ok,7,ok,32,ue18_qfi2,0.0,ok,0.47470854814779295,proxy,5,0.45293776335365665,65680571.2,ok,0.025486363636363637,ok,0.9257261363636363,0.349128125,ok,ue17_qfi1,0.06666666666666667,15,100.0,data,ok,0.0,ue7_qfi2,100.375,ok,29.8,ue2_qfi2,17,184.25,1711.75,30.303,ok,33.0,,pending,,pending,,,,,1.25,,,32,,Reservation,376383645,,,
ue1_qfi9,89.5,253.0,282.0,291.0,ok,0.8386194921716171,ok,ue4_qfi1,0,0,0,144.49999999999986,data,ok,2.0,False,,proxy,3,0,ue6_qfi2,0.0,147,150.0,ok,ue4_qfi2,38.638,ok,5,ok,32,ue6_qfi2,0.0,ok,0.36692636980175825,proxy,5,0.3665577501719203,68508752.0,ok,0.02700909090909091,ok,0.9338352272727273,0.0409234375,ok,ue1_qfi1,0.46938775510204084,49,100.0,data,ok,0.0,ue1_qfi9,201.5,ok,30.4,ue5_qfi2,6,81.25,464.5,30.303,ok,33.0,,pending,,pending,,,,,1.25,,,32,,TwoTier,376383645,,,
ue15_qfi2,133.929,148.986,149.8,150.129,ok,0.8417129092800937,ok,ue14_qfi82,0,0,0,54.49999999999999,data,ok,2.0,False,,proxy,3,0,ue24_qfi2,0.02027027027027027,148,150.0,ok,ue4_qfi2,150.113,ok,0,ok,32,ue3_qfi2,0.4781128,ok,0.46246159484485466,proxy,5,0.45460157573655213,67450136.0,ok,0.026954545454545453,ok,0.9326613636363636,0.0441046875,ok,ue1_qfi2,1.0,773,150.0,data,ok,0.0,ue20_qfi2,17.233000000000004,ok,2.2,ue30_qfi2,7,2418.5,4768.0,30.303,ok,33.0,,pending,,pending,,,,,1.25,,,32,,PF,1746484539,,,
ue30_qfi9,300.25,300.25,300.25,300.25,ok,0.847282597805008,ok,ue1_qfi9,1,1,2,2318.75,data,ok,2.0,False,,proxy,3,0,ue16_qfi2,0.0,147,150.0,ok,ue15_qfi2,140.989,ok,3,ok,32,ue16_qfi2,0.0,ok,0.46745862277118133,proxy,5,0.42959653930430636,65205545.6,ok,0.02522272727272727,ok,0.9238670454545455,0.360584375,ok,ue30_qfi1,0.0,3,100.0,data,ok,0.0,ue12_qfi9,129.5,ok,25.2,ue24_qfi2,14,237.25,1738.75,30.303,ok,33.0,,pending,,pending,,,,,1.25,,,32,,Reservation,1746484539,,,
ue1_qfi9,251.25,299.75,300.0,300.25,ok,0.849733217879812,ok,ue5_qfi1,0,0,0,130.0,data,ok,2.0,False,,proxy,3,0,ue6_qfi2,0.0,147,150.0,ok,ue5_qfi2,51.388,ok,5,ok,32,ue6_qfi2,0.0,ok,0.3657530853387444,proxy,5,0.36439911686646553,64054707.199999996,ok,0.026129545454545454,ok,0.9338647727272728,0.0472046875,ok,ue5_qfi1,0.4489795918367347,49,100.0,data,ok,0.0,ue2_qfi9,191.75,ok,30.4,ue5_qfi2,12,113.75,962.25,30.303,ok,33.0,,pending,,pending,,,,,1.25,,,32,,TwoTier,1746484539,,,
ue18_qfi2,134.403,148.488,149.791,150.131,ok,0.8569427478142895,ok,ue15_qfi82,0,0,0,54.49999999999999,data,ok,2.0,False,,proxy,3,0,ue7_qfi2,0.02702702702702703,148,150.0,ok,ue19_qfi2,150.209,ok,0,ok,32,ue2_qfi2,0.48943440000000005,ok,0.46518690571266674,proxy,5,0.4584079293093091,69688176.0,ok,0.025654545454545454,ok,0.9299852272727273,0.04049375,ok,ue1_qfi2,1.0,800,150.0,data,ok,0.0,ue10_qfi2,17.673000000000002,ok,2.6,ue24_qfi2,9,2016.0,4802.5,30.303,ok,33.0,,pending,,pending,,,,,1.5,,,32,,PF,1826701614,,,
ue23_qfi9,300.0,300.25,300.25,300.25,ok,0.8652271557211128,ok,ue23_qfi1,0,0,1,599.4999999999999,data,ok,2.0,False,,proxy,3,0,ue15_qfi2,0.0,148,150.0,ok,ue18_qfi2,133.93,ok,15,ok,32,ue15_qfi2,0.0,ok,0.49813125057424656,proxy,5,0.49107505878334434,66920513.6,ok,0.02569090909090909,ok,0.9265954545454546,0.3241046875,ok,ue18_qfi1,0.25,4,100.0,data,ok,0.0,ue9_qfi2,110.86699999999999,ok,30.2,ue12_qfi2,14,88.75,1067.5,30.303,ok,33.0,,pending,,pending,,,,,1.5,,,32,,Reservation,1826701614,,,
ue4_qfi9,276.5,299.75,300.0,300.25,ok,0.8639699467882967,ok,ue2_qfi1,0,0,0,171.5,data,ok,2.0,False,,proxy,3,0,ue6_qfi2,0.0,147,150.0,ok,ue3_qfi2,31.85,ok,5,ok,32,ue6_qfi2,0.0,ok,0.3635654291127187,proxy,5,0.362220516865067,66891027.2,ok,0.02530227272727273,ok,0.9296670454545455,0.0418703125,ok,ue5_qfi1,0.40816326530612246,49,100.0,data,ok,0.0,ue3_qfi9,155.0,ok,30.2,ue5_qfi2,6,87.75,458.0,30.303,ok,33.0,,pending,,pending,,,,,1.5,,,32,,TwoTier,1826701614,,,
ue18_qfi2,132.652,148.398,149.507,150.183,ok,0.8581095777602729,ok,ue28_qfi82,0,0,0,55.749999999999744,data,ok,2.0,False,,proxy,3,0,ue26_qfi2,0.02027027027027027,148,150.0,ok,ue32_qfi2,150.213,ok,0,ok,32,ue30_qfi2,0.49374,ok,0.4656791268879606,proxy,5,0.4587340365547744,69100680.0,ok,0.026075,ok,0.9303,0.041234375,ok,ue1_qfi2,1.0,812,150.0,data,ok,0.0,ue18_qfi2,17.531000000000006,ok,2.2,ue23_qfi2,7,1429.25,4808.0,30.303,ok,33.0,,pending,,pending,,,,,1.5,,,32,,PF,1367864806,,,
ue24_qfi9,300.0,300.25,300.25,300.25,ok,0.8656731739407232,ok,ue5_qfi9,0,1,1,1614.0000000000002,data,ok,2.0,False,,proxy,3,0,ue17_qfi2,0.0,148,150.0,ok,ue24_qfi2,140.341,ok,10,ok,32,ue17_qfi2,0.0,ok,0.49210841013289724,proxy,5,0.47072332200356154,66473548.8,ok,0.025461363636363636,ok,0.9256159090909091,0.3397015625,ok,ue24_qfi1,0.125,8,100.0,data,ok,0.0,ue4_qfi2,110.341,ok,30.2,ue9_qfi2,14,174.5,1372.75,30.303,ok,33.0,,pending,,pending,,,,,1.5,,,32,,Reservation,1367864806,,,
ue2_qfi9,183.0,299.75,300.0,300.25,ok,0.8595143864577853,ok,ue5_qfi1,0,0,0,136.0,data,ok,2.0,False,,proxy,3,0,ue6_qfi2,0.0,148,150.0,ok,ue5_qfi2,38.19,ok,5,ok,32,ue6_qfi2,0.0,ok,0.36444721421726956,proxy,5,0.3629670126752949,68733088.0,ok,0.025927272727272726,ok,0.9298863636363637,0.040375,ok,ue3_qfi1,0.4489795918367347,49,100.0,data,ok,0.0,ue3_qfi9,175.75,ok,30.4,ue5_qfi2,6,114.5,537.5,30.303,ok,33.0,,pending,,pending,,,,,1.5,,,32,,TwoTier,1367864806,,,
ue17_qfi2,133.64,149.149,149.766,150.119,ok,0.8597552101162903,ok,ue6_qfi82,0,0,0,55.49999999999999,data,ok,2.0,False,,proxy,3,0,ue2_qfi2,0.02027027027027027,148,150.0,ok,ue24_qfi2,150.073,ok,0,ok,32,ue23_qfi2,0.4711848,ok,0.46331119957408384,proxy,5,0.4564036360485,68218940.8,ok,0.026675,ok,0.9304943181818182,0.0429265625,ok,ue1_qfi2,1.0,829,150.0,data,ok,0.0,ue8_qfi2,17.61099999999999,ok,1.2,ue4_qfi2,5,2182.75,4949.25,30.303,ok,33.0,,pending,,pending,,,,,1.5,,,32,,PF,1097657231,,,
ue31_qfi9,300.0,300.25,300.25,300.25,ok,0.8648559660892843,ok,ue7_qfi9,0,1,1,1973.4999999999998,data,ok,2.0,False,,proxy,3,0,ue17_qfi2,0.0,147,150.0,ok,ue7_qfi2,134.011,ok,11,ok,32,ue17_qfi2,0.0,ok,0.4846684600118028,proxy,5,0.46090175601158306,66247923.2,ok,0.02535,ok,0.9268738636363636,0.339803125,ok,ue6_qfi1,0.1,20,100.0,data,ok,0.0,ue7_qfi2,97.24900000000001,ok,30.0,ue12_qfi2,19,175.5,1813.25,30.303,ok,33.0,,pending,,pending,,,,,1.5,,,32,,Reservation,1097657231,,,
ue3_qfi9,296.75,300.0,300.25,300.25,ok,0.863075471382028,ok,ue5_qfi1,0,0,0,134.0,data,ok,2.0,False,,proxy,3,0,ue6_qfi2,0.0,147,150.0,ok,ue4_qfi2,36.516,ok,5,ok,32,ue6_qfi2,0.0,ok,0.3638267392770565,proxy,5,0.363015727284444,67358283.2,ok,0.027,ok,0.9308602272727273,0.0432046875,ok,ue5_qfi1,0.3877551020408163,49,100.0,data,ok,0.0,ue5_qfi9,184.0,ok,30.4,ue4_qfi2,5,88.5,380.5,30.303,ok,33.0,,pending,,pending,,,,,1.5,,,32,,TwoTier,1097657231,,,
ue19_qfi2,133.047,148.223,149.319,150.09,ok,0.8628691061912261,ok,ue23_qfi82,0,0,0,55.750000000000185,data,ok,2.0,False,,proxy,3,0,ue11_qfi2,0.02027027027027027,148,150.0,ok,ue32_qfi2,150.241,ok,0,ok,32,ue29_qfi2,0.44812440000000003,ok,0.46116432948768243,proxy,5,0.4513892299850095,66735952.0,ok,0.02701818181818182,ok,0.9310988636363636,0.044925,ok,ue1_qfi2,1.0,782,150.0,data,ok,0.0,ue14_qfi2,17.85300000000001,ok,1.2,ue1_qfi2,4,3232.0,4868.0,30.303,ok,33.0,,pending,,pending,,,,,1.5,,,32,,PF,579362555,,,
ue20_qfi9,300.0,300.25,300.25,300.25,ok,0.8672583726805295,ok,ue14_qfi9,1,1,1,2346.0,data,ok,2.0,False,,proxy,3,0,ue17_qfi2,0.0,147,150.0,ok,ue23_qfi2,149.671,ok,0,ok,32,ue17_qfi2,0.0,ok,0.45535244546734577,proxy,5,0.40204103074443187,64450816.0,ok,0.02545681818181818,ok,0.9166738636363636,0.38436875,ok,ue5_qfi1,0.0,9,100.0,data,ok,0.0,ue6_qfi9,212.0,ok,22.6,ue6_qfi2,14,567.5,2460.75,30.303,ok,33.0,,pending,,pending,,,,,1.5,,,32,,Reservation,579362555,,,
ue2_qfi9,293.5,300.0,300.25,300.25,ok,0.8663675232069327,ok,ue5_qfi1,0,0,0,136.0,data,ok,2.0,False,,proxy,3,0,ue6_qfi2,0.0,148,150.0,ok,ue1_qfi2,29.358,ok,5,ok,32,ue6_qfi2,0.0,ok,0.36283964330788965,proxy,5,0.3616479786377434,65637988.8,ok,0.026777272727272726,ok,0.9319454545454545,0.0456359375,ok,ue1_qfi1,0.4489795918367347,49,100.0,data,ok,0.0,ue5_qfi9,93.75,ok,30.4,ue5_qfi2,2,117.0,185.0,30.303,ok,33.0,,pending,,pending,,,,,1.5,,,32,,TwoTier,579362555,,,
ue8_qfi2,134.521,148.658,149.986,150.136,ok,0.8601647761418059,ok,ue26_qfi82,0,0,0,54.25000000000002,data,ok,2.0,False,,proxy,3,0,ue4_qfi2,0.02702702702702703,148,150.0,ok,ue8_qfi2,150.136,ok,0,ok,32,ue21_qfi2,0.47418679999999996,ok,0.46375491598324486,proxy,5,0.4547061382542472,68091820.8,ok,0.026622727272727274,ok,0.9307681818181818,0.042415625,ok,ue1_qfi2,1.0,824,150.0,data,ok,0.0,ue2_qfi2,18.043000000000006,ok,2.2,ue15_qfi2,8,2306.25,4837.0,30.303,ok,33.0,,pending,,pending,,,,,1.5,,,32,,PF,661058651,,,
ue27_qfi9,300.0,300.25,300.25,300.25,ok,0.8647334614374496,ok,ue1_qfi9,0,1,1,1481.2500000000002,data,ok,2.0,False,,proxy,3,0,ue17_qfi2,0.0,147,150.0,ok,ue4_qfi2,131.296,ok,10,ok,32,ue17_qfi2,0.0,ok,0.4967182656564118,proxy,5,0.47474613112890346,66862641.6,ok,0.025654545454545454,ok,0.9271306818181818,0.3318515625,ok,ue9_qfi1,0.25806451612903225,31,100.0,data,ok,0.0,ue15_qfi2,109.244,ok,29.8,ue12_qfi2,14,214.75,1371.0,30.303,ok,33.0,,pending,,pending,,,,,1.5,,,32,,Reservation,661058651,,,
ue4_qfi9,276.25,299.75,300.0,300.25,ok,0.8592355089655307,ok,ue5_qfi1,0,0,0,127.75,data,ok,2.0,False,,proxy,3,0,ue6_qfi2,0.0,147,150.0,ok,ue5_qfi2,44.595,ok,5,ok,32,ue6_qfi2,0.0,ok,0.36475903302927404,proxy,5,0.3640591727498336,69075662.4,ok,0.025513636363636363,ok,0.9307125,0.041765625,ok,ue5_qfi1,0.4897959183673469,49,100.0,data,ok,0.0,ue5_qfi9,186.25,ok,30.2,ue5_qfi2,12,113.0,900.75,30.303,ok,33.0,,pending,,pending,,,,,1.5,,,32,,TwoTier,661058651,,,
ue20_qfi2,133.379,148.843,149.772,150.178,ok,0.8610643879510169,ok,ue24_qfi82,0,0,0,54.49999999999999,data,ok,2.0,False,,proxy,3,0,ue19_qfi2,0.02027027027027027,148,150.0,ok,ue17_qfi2,150.218,ok,0,ok,32,ue23_qfi2,0.47698359999999995,ok,0.46274875777361063,proxy,5,0.4554395927717318,67622982.4,ok,0.026127272727272728,ok,0.9310511363636363,0.042790625,ok,ue1_qfi2,1.0,771,150.0,data,ok,0.0,ue13_qfi2,17.906999999999982,ok,1.8,ue22_qfi2,6,1021.0,2318.75,30.303,ok,33.0,,pending,,pending,,,,,1.5,,,32,,PF,87989972,,,
ue20_qfi9,300.0,300.25,300.25,300.25,ok,0.8654156064247847,ok,ue20_qfi9,0,0,0,468.4999999999997,data,ok,2.0,False,,proxy,3,0,ue16_qfi2,0.0,148,150.0,ok,ue20_qfi2,79.186,ok,15,ok,32,ue16_qfi2,0.0,ok,0.5009816979931716,proxy,5,0.4913955722624916,67280137.6,ok,0.025502272727272728,ok,0.927965909090909,0.3155375,ok,ue4_qfi1,0.3170731707317073,41,100.0,data,ok,0.0,ue20_qfi2,98.441,ok,30.2,ue15_qfi2,12,101.75,936.0,30.303,ok,33.0,,pending,,pending,,,,,1.5,,,32,,Reservation,87989972,,,
ue1_qfi9,298.5,300.0,300.25,300.25,ok,0.8593671187740306,ok,ue2_qfi1,0,0,0,141.25000000000009,data,ok,2.0,False,,proxy,3,0,ue6_qfi2,0.0,148,150.0,ok,ue1_qfi2,30.231,ok,5,ok,32,ue6_qfi2,0.0,ok,0.3638211260793824,proxy,5,0.3613181011765744,68768465.6,ok,0.026363636363636363,ok,0.9314147727272727,0.0395640625,ok,ue2_qfi1,0.3877551020408163,49,100.0,data,ok,0.0,ue5_qfi9,181.75,ok,30.4,ue4_qfi2,5,101.0,393.75,30.303,ok,33.0,,pending,,pending,,,,,1.5,,,32,,TwoTier,87989972,,,
ue12_qfi2,133.813,149.449,150.007,150.106,ok,0.8594682951014799,ok,ue9_qfi82,0,0,0,54.49999999999999,data,ok,2.0,False,,proxy,3,0,ue2_qfi2,0.02702702702702703,148,150.0,ok,ue27_qfi2,150.248,ok,0,ok,32,ue5_qfi2,0.494538,ok,0.4639732496453804,proxy,5,0.45670672275734564,68335865.6,ok,0.026447727272727272,ok,0.9313977272727273,0.0427640625,ok,ue1_qfi2,1.0,876,150.0,data,ok,0.0,ue27_qfi2,17.587000000000018,ok,2.4,ue7_qfi2,7,1224.0,4732.5,30.303,ok,33.0,,pending,,pending,,,,,1.5,,,32,,PF,161576974,,,
ue18_qfi9,300.25,300.25,300.25,300.25,ok,0.8655886135299071,ok,ue11_qfi9,0,1,1,1407.4999999999998,data,ok,2.0,False,,proxy,3,0,ue17_qfi2,0.0,147,150.0,ok,ue18_qfi2,139.506,ok,16,ok,32,ue17_qfi2,0.0,ok,0.4941651074403607,proxy,5,0.47972861567234126,66276099.2,ok,0.02531590909090909,ok,0.9263375,0.33819375,ok,ue4_qfi1,0.25,32,100.0,data,ok,0.0,ue7_qfi2,105.587,ok,30.4,ue12_qfi2,16,151.0,1403.25,30.303,ok,33.0,,pending,,pending,,,,,1.5,,,32,,Reservation,161576974,,,
ue5_qfi9,291.0,300.0,300.25,300.25,ok,0.8635277298307129,ok,ue5_qfi1,0,0,0,129.75,data,ok,2.0,False,,proxy,3,0,ue6_qfi2,0.0,148,150.0,ok,ue5_qfi2,23.798,ok,5,ok,32,ue6_qfi2,0.0,ok,0.3633755766022454,proxy,5,0.3622560555379083,67029891.2,ok,0.02579318181818182,ok,0.9322818181818182,0.043146875,ok,ue2_qfi1,0.4489795918367347,49,100.0,data,ok,0.0,ue3_qfi9,140.0,ok,30.0,ue4_qfi2,4,79.0,295.5,30.303,ok,33.0,,pending,,pending,,,,,1.5,,,32,,TwoTier,161576974,,,
ue5_qfi2,134.834,148.649,149.758,150.152,ok,0.8614875508429917,ok,ue7_qfi82,0,0,0,54.49999999999999,data,ok,2.0,False,,proxy,3,0,ue25_qfi2,0.02027027027027027,148,150.0,ok,ue14_qfi2,150.236,ok,0,ok,32,ue31_qfi2,0.48334720000000003,ok,0.46316739437754045,proxy,5,0.45543120412022814,67498056.0,ok,0.02584090909090909,ok,0.9331920454545455,0.043646875,ok,ue1_qfi2,1.0,829,150.0,data,ok,0.0,ue16_qfi2,17.442999999999984,ok,1.4,ue18_qfi2,5,2691.75,4872.75,30.303,ok,33.0,,pending,,pending,,,,,1.5,,,32,,PF,35492826,,,
ue32_qfi9,300.0,300.25,300.25,300.25,ok,0.8650839671599062,ok,ue7_qfi9,1,1,2,2043.5000000000002,data,ok,2.0,False,,proxy,3,0,ue17_qfi2,0.0,148,150.0,ok,ue8_qfi2,143.083,ok,2,ok,32,ue17_qfi2,0.0,ok,0.48343712778558673,proxy,5,0.47056925531149646,65882707.2,ok,0.02520681818181818,ok,0.9240102272727273,0.357334375,ok,ue11_qfi1,0.19230769230769232,26,100.0,data,ok,0.0,ue5_qfi2,96.08399999999999,ok,29.0,ue1_qfi2,17,282.0,1965.75,30.303,ok,33.0,,pending,,pending,,,,,1.5,,,32,,Reservation,35492826,,,
ue5_qfi9,285.25,299.75,300.0,300.25,ok,0.8635208863216988,ok,ue5_qfi1,0,0,0,143.00000000000003,data,ok,2.0,False,,proxy,3,0,ue6_qfi2,0.0,148,150.0,ok,ue2_qfi2,22.6,ok,5,ok,32,ue6_qfi2,0.0,ok,0.36428922219078064,proxy,5,0.3636400761711106,67009944.0,ok,0.026675,ok,0.9328,0.0423359375,ok,ue5_qfi1,0.40816326530612246,49,100.0,data,ok,0.0,ue4_qfi9,121.5,ok,30.2,ue5_qfi2,3,111.25,253.5,30.303,ok,33.0,,pending,,pending,,,,,1.5,,,32,,TwoTier,35492826,,,
ue1_qfi2,134.145,148.597,149.828,150.101,ok,0.8594330498244547,ok,ue14_qfi82,0,0,0,54.49999999999999,data,ok,2.0,False,,proxy,3,0,ue31_qfi2,0.026845637583892617,149,150.0,ok,ue1_qfi2,150.101,ok,0,ok,32,ue23_qfi2,0.4682352,ok,0.46403811769404263,proxy,5,0.45746059450644927,68447665.6,ok,0.026613636363636364,ok,0.9332977272727273,0.0429453125,ok,ue1_qfi2,1.0,899,150.0,data,ok,0.0,ue26_qfi2,17.465000000000003,ok,1.4,ue1_qfi2,5,3194.0,4880.25,30.303,ok,33.0,,pending,,pending,,,,,1.5,,,32,,PF,376383645,,,
ue18_qfi9,300.25,300.25,300.25,300.25,ok,0.8647547976310285,ok,ue12_qfi9,1,1,1,2285.5,data,ok,2.0,False,,proxy,3,0,ue19_qfi2,0.0,147,150.0,ok,ue8_qfi2,146.359,ok,2,ok,32,ue19_qfi2,0.0,ok,0.47453637443474417,proxy,5,0.44250679956056477,66393649.6,ok,0.02543409090909091,ok,0.9244943181818182,0.34635625,ok,ue17_qfi1,0.0,1,100.0,data,ok,0.0,ue13_qfi2,101.00199999999998,ok,28.8,ue14_qfi2,14,340.0,1468.75,30.303,ok,33.0,,pending,,pending,,,,,1.5,,,32,,Reservation,376383645,,,
ue2_qfi9,291.0,299.75,300.0,300.25,ok,0.8568855717043624,ok,ue5_qfi1,0,0,0,130.25,data,ok,2.0,False,,proxy,3,0,ue6_qfi2,0.0,148,150.0,ok,ue1_qfi2,29.992,ok,5,ok,32,ue6_qfi2,0.0,ok,0.36453917928573987,proxy,5,0.36262400973277514,69969699.2,ok,0.026504545454545454,ok,0.9335465909090909,0.0405578125,ok,ue5_qfi1,0.4489795918367347,49,100.0,data,ok,0.0,ue5_qfi9,162.75,ok,30.4,ue4_qfi2,4,98.25,338.5,30.303,ok,33.0,,pending,,pending,,,,,1.5,,,32,,TwoTier,376383645,,,
ue6_qfi2,133.618,148.692,149.734,150.079,ok,0.8601641612169899,ok,ue2_qfi82,0,0,0,99.99999999999987,data,ok,2.0,False,,proxy,3,0,ue10_qfi2,0.02027027027027027,148,150.0,ok,ue6_qfi2,150.182,ok,0,ok,32,ue4_qfi2,0.49676240000000005,ok,0.46395726379074337,proxy,5,0.45644515850910705,67964852.8,ok,0.026175,ok,0.9328238636363636,0.0428859375,ok,ue1_qfi2,1.0,804,150.0,data,ok,0.0,ue19_qfi2,17.650000000000006,ok,1.2,ue28_qfi2,5,2771.0,4929.0,30.303,ok,33.0,,pending,,pending,,,,,1.5,,,32,,PF,1746484539,,,
ue30_qfi9,300.0,300.25,300.25,300.25,ok,0.8669688592683003,ok,ue4_qfi9,0,0,1,657.9999999999999,data,ok,2.0,False,,proxy,3,0,ue16_qfi2,0.0,148,150.0,ok,ue30_qfi2,105.076,ok,15,ok,32,ue16_qfi2,0.0,ok,0.4912670857034689,proxy,5,0.4800367208423955,65595403.2,ok,0.025134090909090908,ok,0.9261795454545455,0.332959375,ok,ue6_qfi1,0.15151515151515152,33,100.0,data,ok,0.0,ue30_qfi2,98.471,ok,30.0,ue6_qfi2,19,106.5,1591.5,30.303,ok,33.0,,pending,,pending,,,,,1.5,,,32,,Reservation,1746484539,,,
ue4_qfi9,229.0,299.75,300.0,300.25,ok,0.866560328225642,ok,ue5_qfi1,0,0,0,141.75000000000003,data,ok,2.0,False,,proxy,3,0,ue6_qfi2,0.0,147,150.0,ok,ue5_qfi2,40.178,ok,5,ok,32,ue6_qfi2,0.0,ok,0.3634009566738293,proxy,5,0.36184257707897416,65712875.2,ok,0.026079545454545456,ok,0.9337443181818181,0.04313125,ok,ue3_qfi1,0.46938775510204084,49,100.0,data,ok,0.0,ue5_qfi9,174.0,ok,30.4,ue5_qfi2,5,118.75,445.75,30.303,ok,33.0,,pending,,pending,,,,,1.5,,,32,,TwoTier,1746484539,,,
ue5_qfi9,297.75,300.0,300.0,300.25,ok,0.27354697736113887,ok,ue2_qfi1,0,0,0,134.49999999999994,data,ok,2.0,False,,proxy,3,0,ue1_qfi2,1.0,152,150.0,ok,ue1_qfi2,29.855,ok,8,ok,8,ue2_qfi2,0.9578576,ok,0.9481704217960418,proxy,5,0.946728867418033,67732140.8,ok,0.005868181818181818,ok,0.9305647727272728,0.0375796875,ok,ue3_qfi1,0.4897959183673469,49,100.0,data,ok,0.0,ue2_qfi1,36.75,ok,30.4,ue1_qfi2,0,0.0,0.0,30.303,ok,33.0,,pending,,pending,,,,,,,,,,PF,1826701614,,6.0,
ue5_qfi9,295.5,300.0,300.0,300.25,ok,0.2805987461960958,ok,ue6_qfi1,0,0,0,124.49999999999983,data,ok,2.0,False,,proxy,3,0,ue3_qfi2,0.0,147,150.0,ok,ue5_qfi2,22.018,ok,7,ok,8,ue3_qfi2,0.0,ok,0.8828568896655321,proxy,5,0.8812219703275623,67000152.0,ok,0.004543181818181819,ok,0.9309284090909091,0.095803125,ok,ue7_qfi1,0.46938775510204084,49,100.0,data,ok,0.0,ue8_qfi9,131.0,ok,30.4,ue1_qfi2,0,0.0,0.0,30.303,ok,33.0,,pending,,pending,,,,,,,,,,Reservation,1826701614,,6.0,
ue4_qfi9,266.75,299.75,300.0,300.25,ok,0.2616066734753902,ok,ue4_qfi1,0,0,0,463.4999999999998,data,ok,2.0,False,,proxy,3,0,ue4_qfi2,0.9933774834437086,151,150.0,ok,ue4_qfi2,86.154,ok,8,ok,8,ue4_qfi2,0.952076,ok,0.9069975182084498,proxy,5,0.8864152891700504,68633563.2,ok,0.0049068181818181815,ok,0.9306420454545454,0.0356046875,ok,ue4_qfi1,0.3333333333333333,33,100.0,data,ok,0.0,ue6_qfi9,180.25,ok,30.2,ue8_qfi2,17,99.5,1343.5,30.303,ok,33.0,,pending,,pending,,,,,,,,,,TwoTier,1826701614,,6.0,
ue6_qfi9,297.75,300.0,300.0,300.25,ok,0.2587383070108163,ok,ue2_qfi1,0,0,0,176.00000000000017,data,ok,2.0,False,,proxy,3,0,ue6_qfi2,0.993421052631579,152,150.0,ok,ue2_qfi2,28.891,ok,8,ok,8,ue3_qfi2,0.9587068000000001,ok,0.9529124578929412,proxy,5,0.9368146403448193,69180576.0,ok,0.00545,ok,0.9320409090909091,0.036609375,ok,ue3_qfi1,0.4489795918367347,49,100.0,data,ok,0.0,ue2_qfi1,82.5,ok,30.4,ue1_qfi2,0,0.0,0.0,30.303,ok,33.0,,pending,,pending,,,,,,,,,,PF,1367864806,,6.0,
ue6_qfi9,296.0,300.0,300.0,300.25,ok,0.2647751218658472,ok,ue2_qfi1,0,0,0,123.49999999999994,data,ok,2.0,False,,proxy,3,0,ue3_qfi2,0.0,147,150.0,ok,ue2_qfi2,22.983,ok,7,ok,8,ue3_qfi2,0.0,ok,0.8861786485235795,proxy,5,0.8760419481812438,68734811.2,ok,0.0042977272727272725,ok,0.9333568181818181,0.0932421875,ok,ue5_qfi1,0.4489795918367347,49,100.0,data,ok,0.0,ue8_qfi9,138.5,ok,30.2,ue8_qfi2,1,66.25,66.25,30.303,ok,33.0,,pending,,pending,,,,,,,,,,Reservation,1367864806,,6.0,
ue3_qfi9,297.25,300.0,300.25,300.25,ok,0.24968518603356446,ok,ue1_qfi9,1,1,1,2214.4999999999995,data,ok,2.0,False,,proxy,3,0,ue1_qfi2,0.9602649006622517,151,150.0,ok,ue1_qfi2,143.697,ok,8,ok,8,ue1_qfi2,0.9538976,ok,0.9140321313355992,proxy,5,0.8888669969804948,70005571.2,ok,0.0051045454545454545,ok,0.9317659090909091,0.034853125,ok,ue1_qfi1,0.3684210526315789,19,100.0,data,ok,0.0,ue1_qfi9,183.75,ok,29.2,ue1_qfi2,18,152.75,1639.0,30.303,ok,33.0,,pending,,pending,,,,,,,,,,TwoTier,1367864806,,6.0,
ue7_qfi9,296.5,299.75,300.0,300.25,ok,0.2747340115658882,ok,ue1_qfi1,0,0,0,162.25000000000023,data,ok,2.0,False,,proxy,3,0,ue7_qfi2,0.993421052631579,152,150.0,ok,ue1_qfi2,29.157,ok,8,ok,8,ue8_qfi2,0.9680356,ok,0.9492736294826859,proxy,5,0.941344584201216,67856153.6,ok,0.0052590909090909094,ok,0.9322727272727273,0.0368421875,ok,ue2_qfi1,0.5102040816326531,49,100.0,data,ok,0.0,ue8_qfi9,68.75,ok,30.2,ue7_qfi2,1,68.25,68.25,30.303,ok,33.0,,pending,,pending,,,,,,,,,,PF,1097657231,,6.0,
ue7_qfi9,292.0,299.75,300.0,300.25,ok,0.27724725488395424,ok,ue6_qfi1,0,0,0,123.25000000000009,data,ok,2.0,False,,proxy,3,0,ue3_qfi2,0.0,147,150.0,ok,ue1_qfi2,22.746,ok,7,ok,8,ue3_qfi2,0.0,ok,0.8848251885705493,proxy,5,0.8801900647055724,67541630.4,ok,0.004479545454545455,ok,0.9314670454545455,0.093775,ok,ue5_qfi1,0.4897959183673469,49,100.0,data,ok,0.0,ue8_qfi9,258.5,ok,30.0,ue6_qfi2,1,78.5,78.5,30.303,ok,33.0,,pending,,pending,,,,,,,,,,Reservation,1097657231,,6.0,
ue4_qfi9,295.75,299.75,300.0,300.25,ok,0.26297195107035637,ok,ue2_qfi9,0,1,1,1162.0,data,ok,2.0,False,,proxy,3,0,ue1_qfi2,0.9594594594594594,148,150.0,ok,ue1_qfi2,124.354,ok,7,ok,8,ue1_qfi2,0.9374596,ok,0.8958045380141251,proxy,5,0.8612238271197714,68830276.8,ok,0.005206818181818182,ok,0.9316988636363637,0.0348421875,ok,ue3_qfi1,0.41025641025641024,39,100.0,data,ok,0.0,ue6_qfi9,185.5,ok,30.0,ue8_qfi2,20,95.0,1503.5,30.303,ok,33.0,,pending,,pending,,,,,,,,,,TwoTier,1097657231,,6.0,
ue5_qfi9,297.5,299.75,300.0,300.25,ok,0.24094636845730164,ok,ue2_qfi1,0,0,0,169.49999999999977,data,ok,2.0,False,,proxy,3,0,ue1_qfi2,1.0,152,150.0,ok,ue2_qfi2,30.64,ok,8,ok,8,ue8_qfi2,0.9636376,ok,0.9550052022258819,proxy,5,0.9512330399621852,70776377.6,ok,0.0053704545454545454,ok,0.9311920454545455,0.03606875,ok,ue2_qfi1,0.5102040816326531,49,100.0,data,ok,0.0,ue7_qfi9,91.25,ok,30.4,ue1_qfi2,0,0.0,0.0,30.303,ok,33.0,,pending,,pending,,,,,,,,,,PF,579362555,,6.0,
ue8_qfi9,292.0,299.75,300.0,300.25,ok,0.265565913070852,ok,ue2_qfi1,0,0,0,125.25000000000031,data,ok,2.0,False,,proxy,3,0,ue5_qfi2,0.993421052631579,152,150.0,ok,ue2_qfi2,24.361,ok,8,ok,8,ue8_qfi2,0.9636376,ok,0.9554459663844639,proxy,5,0.9533536529143622,69333168.0,ok,0.0045340909090909095,ok,0.9317840909090909,0.1130625,ok,ue1_qfi1,0.4897959183673469,49,100.0,data,ok,0.0,ue4_qfi1,22.25,ok,30.2,ue6_qfi2,1,77.0,77.0,30.303,ok,33.0,,pending,,pending,,,,,,,,,,Reservation,579362555,,6.0,
ue4_qfi9,292.75,299.75,300.0,300.25,ok,0.2585375780005984,ok,ue2_qfi9,0,0,1,611.5000000000003,data,ok,2.0,False,,proxy,3,0,ue5_qfi2,0.881578947368421,152,150.0,ok,ue1_qfi2,125.253,ok,3,ok,8,ue8_qfi2,0.8463388000000001,ok,0.8930421526005243,proxy,5,0.8638949481701858,69157608.0,ok,0.005161363636363637,ok,0.9309238636363636,0.035171875,ok,ue2_qfi1,0.4666666666666667,30,100.0,data,ok,0.0,ue2_qfi9,287.0,ok,28.4,ue1_qfi2,19,112.25,1649.0,30.303,ok,33.0,,pending,,pending,,,,,,,,,,TwoTier,579362555,,6.0,
ue4_qfi9,298.0,300.0,300.25,300.25,ok,0.2408696576940607,ok,ue2_qfi1,0,0,0,161.5000000000002,data,ok,2.0,False,,proxy,3,0,ue1_qfi2,1.0,152,150.0,ok,ue2_qfi2,28.213,ok,8,ok,8,ue8_qfi2,0.9537664,ok,0.9552606397265286,proxy,5,0.9508610045601785,70431528.0,ok,0.005440909090909091,ok,0.93325,0.0363296875,ok,ue3_qfi1,0.46938775510204084,49,100.0,data,ok,0.0,ue8_qfi9,271.25,ok,30.4,ue1_qfi2,0,0.0,0.0,30.303,ok,33.0,,pending,,pending,,,,,,,,,,PF,661058651,,6.0,
ue4_qfi9,296.75,300.0,300.0,300.25,ok,0.24726233971882972,ok,ue1_qfi1,0,0,0,122.74999999999991,data,ok,2.0,False,,proxy,3,0,ue3_qfi2,0.0,147,150.0,ok,ue1_qfi2,21.137,ok,7,ok,8,ue3_qfi2,0.0,ok,0.8883802695385322,proxy,5,0.8849091421870766,69892955.2,ok,0.004504545454545455,ok,0.9309465909090909,0.0876828125,ok,ue6_qfi1,0.4489795918367347,49,100.0,data,ok,0.0,ue7_qfi9,162.5,ok,30.2,ue2_qfi2,1,72.75,72.75,30.303,ok,33.0,,pending,,pending,,,,,,,,,,Reservation,661058651,,6.0,
ue3_qfi9,296.0,300.0,300.0,300.25,ok,0.23331125703935088,ok,ue1_qfi9,0,0,1,711.2499999999998,data,ok,2.0,False,,proxy,3,0,ue6_qfi2,0.993421052631579,152,150.0,ok,ue1_qfi2,80.98,ok,6,ok,8,ue8_qfi2,0.9425836,ok,0.9075118290485886,proxy,5,0.8691651409790738,71402548.8,ok,0.004813636363636364,ok,0.9318090909090909,0.0331375,ok,ue1_qfi1,0.28,25,100.0,data,ok,0.0,ue6_qfi9,173.0,ok,30.2,ue8_qfi2,28,92.75,2165.25,30.303,ok,33.0,,pending,,pending,,,,,,,,,,TwoTier,661058651,,6.0,
ue6_qfi9,296.25,299.75,300.0,300.25,ok,0.294166009791598,ok,ue5_qfi1,0,0,0,129.9999999999999,data,ok,2.0,False,,proxy,3,0,ue5_qfi2,0.993421052631579,152,150.0,ok,ue2_qfi2,31.2,ok,8,ok,8,ue3_qfi2,0.9645228,ok,0.9431186676000151,proxy,5,0.9348136389273582,65936804.8,ok,0.005518181818181818,ok,0.932509090909091,0.0387359375,ok,ue5_qfi1,0.4897959183673469,49,100.0,data,ok,0.0,ue5_qfi1,26.75,ok,30.4,ue1_qfi2,0,0.0,0.0,30.303,ok,33.0,,pending,,pending,,,,,,,,,,PF,87989972,,6.0,
ue5_qfi9,296.75,300.0,300.25,300.25,ok,0.291785842697796,ok,ue4_qfi1,0,0,0,125.0,data,ok,2.0,False,,proxy,3,0,ue3_qfi2,0.0,148,150.0,ok,ue2_qfi2,22.788,ok,7,ok,8,ue3_qfi2,0.0,ok,0.881969580285657,proxy,5,0.8749677370504542,66056918.4,ok,0.004763636363636364,ok,0.931459090909091,0.096696875,ok,ue8_qfi1,0.40816326530612246,49,100.0,data,ok,0.0,ue8_qfi9,194.25,ok,30.4,ue1_qfi2,0,0.0,0.0,30.303,ok,33.0,,pending,,pending,,,,,,,,,,Reservation,87989972,,6.0,
ue3_qfi9,233.5,300.0,300.0,300.25,ok,0.27686424099800583,ok,ue2_qfi9,0,0,1,610.5,data,ok,2.0,False,,proxy,3,0,ue5_qfi2,0.993421052631579,152,150.0,ok,ue3_qfi2,92.546,ok,8,ok,8,ue3_qfi2,0.9508892,ok,0.8883287404056219,proxy,5,0.8626562689161134,67021076.800000004,ok,0.0060568181818181814,ok,0.9316409090909091,0.036509375,ok,ue1_qfi1,0.32142857142857145,28,100.0,data,ok,0.0,ue1_qfi9,187.5,ok,30.4,ue8_qfi2,15,99.5,1193.5,30.303,ok,33.0,,pending,,pending,,,,,,,,,,TwoTier,87989972,,6.0,
ue5_qfi9,297.75,300.0,300.0,300.25,ok,0.26390385009111156,ok,ue1_qfi1,0,0,0,147.00000000000003,data,ok,2.0,False,,proxy,3,0,ue2_qfi2,0.993421052631579,152,150.0,ok,ue2_qfi2,30.14,ok,8,ok,8,ue3_qfi2,0.9505348,ok,0.9468386450801496,proxy,5,0.933508150466802,68607574.4,ok,0.005288636363636363,ok,0.9325829545454546,0.03820625,ok,ue2_qfi1,0.40816326530612246,49,100.0,data,ok,0.0,ue8_qfi9,49.25,ok,30.2,ue2_qfi2,1,71.75,71.75,30.303,ok,33.0,,pending,,pending,,,,,,,,,,PF,161576974,,6.0,
ue7_qfi9,295.25,300.0,300.0,300.25,ok,0.2958460930900573,ok,ue1_qfi1,0,0,0,201.24999999999994,data,ok,2.0,False,,proxy,3,0,ue1_qfi2,1.0,152,150.0,ok,ue1_qfi2,24.94,ok,8,ok,8,ue3_qfi2,0.9505348,ok,0.9462795926457048,proxy,5,0.9326733298111638,66534713.6,ok,0.004506818181818182,ok,0.9320931818181818,0.1214953125,ok,ue6_qfi1,0.40816326530612246,49,100.0,data,ok,0.0,ue2_qfi1,27.25,ok,30.4,ue1_qfi2,0,0.0,0.0,30.303,ok,33.0,,pending,,pending,,,,,,,,,,Reservation,161576974,,6.0,
ue3_qfi9,295.25,299.75,300.0,300.25,ok,0.2541390611022385,ok,ue1_qfi1,0,0,0,478.9999999999999,data,ok,2.0,False,,proxy,3,0,ue6_qfi2,0.9933333333333333,150,150.0,ok,ue2_qfi2,92.855,ok,7,ok,8,ue3_qfi2,0.9390544000000001,ok,0.9031029674767929,proxy,5,0.888330196808905,69203161.6,ok,0.005275,ok,0.9330079545454546,0.03633125,ok,ue1_qfi1,0.35294117647058826,34,100.0,data,ok,0.0,ue2_qfi9,269.5,ok,30.2,ue8_qfi2,25,100.25,1941.5,30.303,ok,33.0,,pending,,pending,,,,,,,,,,TwoTier,161576974,,6.0,
ue7_qfi9,296.5,299.75,300.0,300.25,ok,0.28711589408512056,ok,ue1_qfi1,0,0,0,143.2500000000001,data,ok,2.0,False,,proxy,3,0,ue1_qfi2,0.993421052631579,152,150.0,ok,ue1_qfi2,31.435,ok,8,ok,8,ue6_qfi2,0.9690408,ok,0.9443038848945197,proxy,5,0.9391557304929669,66661075.2,ok,0.005709090909090909,ok,0.9341125,0.03749375,ok,ue7_qfi1,0.4897959183673469,49,100.0,data,ok,0.0,ue1_qfi1,40.75,ok,30.2,ue1_qfi2,0,0.0,0.0,30.303,ok,33.0,,pending,,pending,,,,,,,,,,PF,35492826,,6.0,
ue6_qfi9,292.25,299.75,300.0,300.25,ok,0.2934497932914352,ok,ue5_qfi1,0,0,0,125.24999999999986,data,ok,2.0,False,,proxy,3,0,ue3_qfi2,0.0,148,150.0,ok,ue1_qfi2,22.362,ok,7,ok,8,ue3_qfi2,0.0,ok,0.8802624747242664,proxy,5,0.8771566725406961,66037137.6,ok,0.004595454545454546,ok,0.9321556818181819,0.0954375,ok,ue7_qfi1,0.4489795918367347,49,100.0,data,ok,0.0,ue8_qfi9,102.5,ok,30.4,ue1_qfi2,0,0.0,0.0,30.303,ok,33.0,,pending,,pending,,,,,,,,,,Reservation,35492826,,6.0,
ue5_qfi9,290.5,299.75,300.0,300.25,ok,0.31191027439131297,ok,ue1_qfi1,0,0,0,389.74999999999983,data,ok,2.0,False,,proxy,3,0,ue5_qfi2,0.7828947368421053,152,150.0,ok,ue1_qfi2,141.615,ok,4,ok,8,ue7_qfi2,0.7645211999999999,ok,0.839453358008455,proxy,5,0.6249021405601517,63987011.2,ok,0.005765909090909091,ok,0.9343181818181818,0.0377703125,ok,ue2_qfi1,0.3939393939393939,33,100.0,data,ok,0.0,ue1_qfi9,289.25,ok,28.0,ue1_qfi2,18,100.5,1560.0,30.303,ok,33.0,,pending,,pending,,,,,,,,,,TwoTier,35492826,,6.0,
ue4_qfi9,298.0,300.0,300.25,300.25,ok,0.26765500642925233,ok,ue1_qfi1,0,0,0,195.99999999999972,data,ok,2.0,False,,proxy,3,0,ue1_qfi2,1.0,152,150.0,ok,ue1_qfi2,34.102,ok,8,ok,8,ue2_qfi2,0.9666928,ok,0.9456500068237077,proxy,5,0.9331067656837977,68219040.0,ok,0.005556818181818182,ok,0.9337920454545454,0.0363015625,ok,ue8_qfi1,0.4489795918367347,49,100.0,data,ok,0.0,ue1_qfi1,81.5,ok,30.4,ue1_qfi2,0,0.0,0.0,30.303,ok,33.0,,pending,,pending,,,,,,,,,,PF,376383645,,6.0,
ue8_qfi9,292.75,299.75,300.0,300.25,ok,0.29833049113516075,ok,ue1_qfi1,0,0,0,128.49999999999983,data,ok,2.0,False,,proxy,3,0,ue1_qfi2,0.993421052631579,152,150.0,ok,ue1_qfi2,26.556,ok,8,ok,8,ue6_qfi2,0.9661211999999999,ok,0.9459348749988269,proxy,5,0.9366692754313247,66448720.0,ok,0.004520454545454545,ok,0.9346488636363637,0.1152125,ok,ue4_qfi1,0.5102040816326531,49,100.0,data,ok,0.0,ue1_qfi1,23.0,ok,30.2,ue1_qfi2,0,0.0,0.0,30.303,ok,33.0,,pending,,pending,,,,,,,,,,Reservation,376383645,,6.0,
ue4_qfi9,292.25,299.75,300.0,300.25,ok,0.2527861525190487,ok,ue1_qfi1,1,1,1,3987.2499999999995,data,ok,2.0,False,,proxy,3,0,ue1_qfi2,0.8874172185430463,151,150.0,ok,ue1_qfi2,144.429,ok,7,ok,8,ue1_qfi2,0.9417255999999999,ok,0.8791836696951775,proxy,5,0.8586366172737344,69549171.2,ok,0.0049,ok,0.9339829545454545,0.033621875,ok,ue1_qfi1,0.0,6,100.0,data,ok,0.0,ue1_qfi9,266.0,ok,26.8,ue1_qfi2,26,102.0,2365.0,30.303,ok,33.0,,pending,,pending,,,,,,,,,,TwoTier,376383645,,6.0,
ue5_qfi9,297.25,299.75,300.0,300.25,ok,0.2469073990535494,ok,ue1_qfi1,0,0,0,121.2500000000003,data,ok,2.0,False,,proxy,3,0,ue3_qfi2,0.993421052631579,152,150.0,ok,ue1_qfi2,29.306,ok,8,ok,8,ue3_qfi2,0.9641568,ok,0.9534802074358486,proxy,5,0.9486361481001712,70370817.6,ok,0.005725,ok,0.9337261363636363,0.0356296875,ok,ue2_qfi1,0.5102040816326531,49,100.0,data,ok,0.0,ue8_qfi9,135.75,ok,30.2,ue3_qfi2,1,71.25,71.25,30.303,ok,33.0,,pending,,pending,,,,,,,,,,PF,1746484539,,6.0,
ue4_qfi9,295.75,300.0,300.0,300.25,ok,0.2557590580176909,ok,ue7_qfi1,0,0,0,121.2500000000003,data,ok,2.0,False,,proxy,3,0,ue3_qfi2,0.0,147,150.0,ok,ue1_qfi2,22.001,ok,7,ok,8,ue3_qfi2,0.0,ok,0.8873102883303723,proxy,5,0.8854304651855308,69549624.0,ok,0.0042977272727272725,ok,0.9328647727272728,0.0887078125,ok,ue7_qfi1,0.46938775510204084,49,100.0,data,ok,0.0,ue8_qfi9,35.5,ok,30.4,ue1_qfi2,0,0.0,0.0,30.303,ok,33.0,,pending,,pending,,,,,,,,,,Reservation,1746484539,,6.0,
ue3_qfi9,280.25,299.75,300.0,300.25,ok,0.23164251016803417,ok,ue1_qfi9,0,1,1,1541.0,data,ok,2.0,False,,proxy,3,0,ue7_qfi2,0.9933774834437086,151,150.0,ok,ue1_qfi2,105.806,ok,8,ok,8,ue2_qfi2,0.9590496,ok,0.9015186033062212,proxy,5,0.8656415631093131,71409392.0,ok,0.005738636363636363,ok,0.9340590909090909,0.033475,ok,ue2_qfi1,0.37037037037037035,27,100.0,data,ok,0.0,ue6_qfi9,134.0,ok,30.4,ue8_qfi2,26,105.0,2040.75,30.303,ok,33.0,,pending,,pending,,,,,,,,,,TwoTier,1746484539,,6.0,
ue8_qfi9,298.0,300.0,300.25,300.25,ok,0.27686579562656505,ok,ue6_qfi1,0,0,0,136.49999999999994,data,ok,2.0,False,,proxy,3,0,ue1_qfi2,1.0,152,150.0,ok,ue8_qfi2,25.694,ok,8,ok,8,ue2_qfi2,0.9578576,ok,0.9543024085615089,proxy,5,0.9512408963531349,67414070.4,ok,0.004706818181818182,ok,0.9305852272727273,0.0377140625,ok,ue1_qfi82,0.0,99,10.0,data,ok,0.0,ue6_qfi1,37.5,ok,30.4,ue1_qfi2,0,0.0,0.0,30.303,ok,33.0,,pending,,pending,,,,,,,,,10.0,PF,1826701614,,,
ue8_qfi9,298.25,300.0,300.25,300.25,ok,0.2988019244354774,ok,ue3_qfi1,0,0,0,124.49999999999983,data,ok,2.0,False,,proxy,3,0,ue2_qfi2,0.993421052631579,152,150.0,ok,ue8_qfi2,23.033,ok,8,ok,8,ue2_qfi2,0.9569772,ok,0.9514627229538013,proxy,5,0.9490397521732957,66288822.4,ok,0.004277272727272728,ok,0.9315931818181818,0.118921875,ok,ue1_qfi82,0.0,99,10.0,data,ok,0.0,ue8_qfi1,26.5,ok,30.2,ue8_qfi2,1,72.5,72.5,30.303,ok,33.0,,pending,,pending,,,,,,,,,10.0,Reservation,1826701614,,,
ue1_qfi9,15.5,41.5,51.75,59.5,ok,0.3632308531912795,ok,ue1_qfi1,0,0,0,115.00000000000021,data,ok,2.0,False,,proxy,3,0,ue6_qfi2,0.0,147,150.0,ok,ue2_qfi2,24.175,ok,5,ok,8,ue6_qfi2,0.0,ok,0.7186652634830283,proxy,5,0.7186169348323879,59482142.4,ok,0.005593181818181818,ok,0.9299954545454545,0.038203125,ok,ue1_qfi82,0.0,99,10.0,data,ok,0.0,ue1_qfi9,44.0,ok,30.4,ue3_qfi2,1,69.0,69.0,30.303,ok,33.0,,pending,,pending,,,,,,,,,10.0,TwoTier,1826701614,,,
ue8_qfi9,297.5,299.75,300.0,300.25,ok,0.26603060152368824,ok,ue5_qfi1,0,0,0,140.74999999999972,data,ok,2.0,False,,proxy,3,0,ue1_qfi2,1.0,152,150.0,ok,ue6_qfi2,25.126,ok,8,ok,8,ue3_qfi2,0.959342,ok,0.9565440881646593,proxy,5,0.9451915468659646,68422590.4,ok,0.004922727272727273,ok,0.9315931818181818,0.034859375,ok,ue1_qfi82,0.0,99,10.0,data,ok,0.0,ue5_qfi1,38.5,ok,30.4,ue1_qfi2,0,0.0,0.0,30.303,ok,33.0,,pending,,pending,,,,,,,,,10.0,PF,1367864806,,,
ue8_qfi9,297.5,300.0,300.25,300.25,ok,0.28524553588117585,ok,ue3_qfi1,0,0,0,126.75000000000037,data,ok,2.0,False,,proxy,3,0,ue1_qfi2,1.0,152,150.0,ok,ue6_qfi2,24.148,ok,8,ok,8,ue3_qfi2,0.9558675999999999,ok,0.9546822615718689,proxy,5,0.9433153034704176,67508340.8,ok,0.004179545454545455,ok,0.9341704545454546,0.109434375,ok,ue1_qfi82,0.0,99,10.0,data,ok,0.0,ue8_qfi1,33.25,ok,30.4,ue1_qfi2,0,0.0,0.0,30.303,ok,33.0,,pending,,pending,,,,,,,,,10.0,Reservation,1367864806,,,
ue5_qfi9,22.0,56.75,65.75,71.75,ok,0.3649925588148902,ok,ue2_qfi1,0,0,0,112.49999999999983,data,ok,2.0,False,,proxy,3,0,ue6_qfi2,0.0,147,150.0,ok,ue4_qfi2,23.722,ok,5,ok,8,ue6_qfi2,0.0,ok,0.718697102389427,proxy,5,0.7186148668307233,59182825.6,ok,0.0051522727272727276,ok,0.9304147727272727,0.0334171875,ok,ue1_qfi82,0.0,99,10.0,data,ok,0.0,ue2_qfi9,51.75,ok,30.2,ue1_qfi2,1,66.5,66.5,30.303,ok,33.0,,pending,,pending,,,,,,,,,10.0,TwoTier,1367864806,,,
ue8_qfi9,298.0,300.0,300.0,300.25,ok,0.28292170398563943,ok,ue3_qfi1,0,0,0,121.75000000000003,data,ok,2.0,False,,proxy,3,0,ue2_qfi2,0.993421052631579,152,150.0,ok,ue3_qfi2,25.229,ok,8,ok,8,ue8_qfi2,0.9680356,ok,0.9531655167069714,proxy,5,0.9470962616944628,67031606.4,ok,0.005156818181818182,ok,0.9317522727272727,0.03578125,ok,ue1_qfi82,0.0,99,10.0,data,ok,0.0,ue3_qfi1,25.0,ok,30.2,ue2_qfi2,1,69.0,69.0,30.303,ok,33.0,,pending,,pending,,,,,,,,,10.0,PF,1097657231,,,
ue7_qfi9,297.0,300.0,300.25,300.25,ok,0.29193479579255505,ok,ue5_qfi1,0,0,0,200.00000000000017,data,ok,2.0,False,,proxy,3,0,ue8_qfi2,0.0,147,150.0,ok,ue1_qfi2,21.979,ok,7,ok,8,ue8_qfi2,0.0,ok,0.8864557310327456,proxy,5,0.8817135685238885,66181462.4,ok,0.004188636363636364,ok,0.9326159090909091,0.0936796875,ok,ue1_qfi82,0.0,99,10.0,data,ok,0.0,ue4_qfi1,24.25,ok,30.4,ue1_qfi2,0,0.0,0.0,30.303,ok,33.0,,pending,,pending,,,,,,,,,10.0,Reservation,1097657231,,,
ue5_qfi9,18.5,40.0,45.0,50.75,ok,0.3632742565810264,ok,ue3_qfi1,0,0,0,114.74999999999991,data,ok,2.0,False,,proxy,3,0,ue6_qfi2,0.0,147,150.0,ok,ue5_qfi2,21.585,ok,5,ok,8,ue6_qfi2,0.0,ok,0.7186465206983697,proxy,5,0.718608788374565,59617763.2,ok,0.0048386363636363635,ok,0.931696590909091,0.0349671875,ok,ue1_qfi82,0.0,99,10.0,data,ok,0.0,ue1_qfi9,33.25,ok,30.4,ue1_qfi2,0,0.0,0.0,30.303,ok,33.0,,pending,,pending,,,,,,,,,10.0,TwoTier,1097657231,,,
ue8_qfi9,297.75,300.0,300.0,300.25,ok,0.24882266520891325,ok,ue8_qfi1,0,0,0,127.99999999999967,data,ok,2.0,False,,proxy,3,0,ue1_qfi2,1.0,152,150.0,ok,ue8_qfi2,25.0,ok,8,ok,8,ue8_qfi2,0.9636376,ok,0.9622391910026387,proxy,5,0.9578634333020641,70044726.4,ok,0.004856818181818182,ok,0.9310068181818182,0.0344390625,ok,ue1_qfi82,0.0,99,10.0,data,ok,0.0,ue8_qfi1,25.5,ok,30.4,ue1_qfi2,0,0.0,0.0,30.303,ok,33.0,,pending,,pending,,,,,,,,,10.0,PF,579362555,,,
ue6_qfi9,288.75,299.75,300.0,300.25,ok,0.25057128624861186,ok,ue4_qfi1,0,0,0,119.24999999999963,data,ok,2.0,False,,proxy,3,0,ue8_qfi2,0.0,148,150.0,ok,ue2_qfi2,21.008,ok,7,ok,8,ue8_qfi2,0.0,ok,0.8933730218877967,proxy,5,0.8908622406727809,69736086.4,ok,0.004018181818181818,ok,0.9333965909090909,0.0893390625,ok,ue1_qfi82,0.0,99,10.0,data,ok,0.0,ue5_qfi1,16.25,ok,30.4,ue1_qfi2,0,0.0,0.0,30.303,ok,33.0,,pending,,pending,,,,,,,,,10.0,Reservation,579362555,,,
ue4_qfi9,15.75,43.25,51.0,56.5,ok,0.3627085601499061,ok,ue4_qfi1,0,0,0,115.00000000000021,data,ok,2.0,False,,proxy,3,0,ue6_qfi2,0.0,148,150.0,ok,ue4_qfi2,21.579,ok,5,ok,8,ue6_qfi2,0.0,ok,0.7186913378770254,proxy,5,0.7186717424453792,59696283.2,ok,0.005393181818181818,ok,0.9319715909090909,0.0357671875,ok,ue1_qfi82,0.0,99,10.0,data,ok,0.0,ue4_qfi9,40.75,ok,30.4,ue3_qfi2,1,81.25,81.25,30.303,ok,33.0,,pending,,pending,,,,,,,,,10.0,TwoTier,579362555,,,
ue8_qfi9,295.5,299.75,300.0,300.25,ok,0.24850919626020732,ok,ue3_qfi1,0,0,0,150.9999999999998,data,ok,2.0,False,,proxy,3,0,ue2_qfi2,0.993421052631579,152,150.0,ok,ue7_qfi2,24.165,ok,8,ok,8,ue8_qfi2,0.9537664,ok,0.9622582525690214,proxy,5,0.9551075974002187,69764577.6,ok,0.004979545454545454,ok,0.9323943181818182,0.0342203125,ok,ue1_qfi82,0.0,99,10.0,data,ok,0.0,ue3_qfi1,47.75,ok,30.2,ue2_qfi2,1,68.0,68.0,30.303,ok,33.0,,pending,,pending,,,,,,,,,10.0,PF,661058651,,,
ue4_qfi9,215.75,298.75,299.5,300.0,ok,0.2560672324711969,ok,ue6_qfi1,0,0,0,119.25000000000009,data,ok,2.0,False,,proxy,3,0,ue7_qfi2,0.0,147,150.0,ok,ue3_qfi2,19.5,ok,6,ok,8,ue7_qfi2,0.0,ok,0.810183818792769,proxy,5,0.8083532210679226,68646153.6,ok,0.0039590909090909095,ok,0.9326,0.0848109375,ok,ue1_qfi82,0.0,99,10.0,data,ok,0.0,ue3_qfi9,223.25,ok,30.4,ue1_qfi2,0,0.0,0.0,30.303,ok,33.0,,pending,,pending,,,,,,,,,10.0,Reservation,661058651,,,
ue7_qfi9,295.5,299.75,300.0,300.25,ok,0.24795252198685752,ok,ue3_qfi9,0,0,1,660.25,data,ok,2.0,False,,proxy,3,0,ue1_qfi2,1.0,152,150.0,ok,ue4_qfi2,81.713,ok,8,ok,8,ue8_qfi2,0.9537664,ok,0.9344181733749884,proxy,5,0.8989459393124742,69889467.2,ok,0.004511363636363636,ok,0.9322920454545455,0.033525,ok,ue1_qfi82,0.0,99,10.0,data,ok,0.0,ue8_qfi9,127.25,ok,30.0,ue4_qfi2,8,113.0,733.5,30.303,ok,33.0,,pending,,pending,,,,,,,,,10.0,TwoTier,661058651,,,
ue8_qfi9,298.25,300.0,300.25,300.25,ok,0.2986655577069819,ok,ue4_qfi1,0,0,0,153.99999999999991,data,ok,2.0,False,,proxy,3,0,ue6_qfi2,0.993421052631579,152,150.0,ok,ue3_qfi2,25.288,ok,8,ok,8,ue3_qfi2,0.9638684000000001,ok,0.948442109807598,proxy,5,0.9432115605534025,65570259.2,ok,0.00505,ok,0.9323647727272727,0.0384328125,ok,ue1_qfi82,0.0,99,10.0,data,ok,0.0,ue4_qfi1,49.5,ok,30.4,ue1_qfi2,0,0.0,0.0,30.303,ok,33.0,,pending,,pending,,,,,,,,,10.0,PF,87989972,,,
ue7_qfi9,296.25,300.0,300.0,300.25,ok,0.3014489064727952,ok,ue1_qfi1,0,0,0,121.75000000000003,data,ok,2.0,False,,proxy,3,0,ue8_qfi2,0.0,147,150.0,ok,ue3_qfi2,22.788,ok,7,ok,8,ue8_qfi2,0.0,ok,0.8845720518560085,proxy,5,0.8802296189924912,65251856.0,ok,0.004459090909090909,ok,0.9315034090909091,0.0990546875,ok,ue1_qfi82,0.0,99,10.0,data,ok,0.0,ue7_qfi1,47.5,ok,30.0,ue1_qfi2,2,72.75,139.0,30.303,ok,33.0,,pending,,pending,,,,,,,,,10.0,Reservation,87989972,,,
ue7_qfi9,252.0,300.0,300.0,300.25,ok,0.29944684818548667,ok,ue2_qfi1,0,0,0,458.2499999999996,data,ok,2.0,False,,proxy,3,0,ue2_qfi2,0.9933333333333333,150,150.0,ok,ue7_qfi2,83.621,ok,7,ok,8,ue2_qfi2,0.9495844,ok,0.9060972161560343,proxy,5,0.8576911511796792,65267470.4,ok,0.005034090909090909,ok,0.9324420454545455,0.0377859375,ok,ue1_qfi82,0.0,99,10.0,data,ok,0.0,ue8_qfi9,115.5,ok,30.2,ue5_qfi2,12,104.0,987.5,30.303,ok,33.0,,pending,,pending,,,,,,,,,10.0,TwoTier,87989972,,,
ue8_qfi9,297.25,299.75,300.0,300.25,ok,0.27550726731076375,ok,ue5_qfi1,0,0,0,124.00000000000011,data,ok,2.0,False,,proxy,3,0,ue1_qfi2,1.0,152,150.0,ok,ue4_qfi2,26.553,ok,8,ok,8,ue3_qfi2,0.950306,ok,0.9537289830297535,proxy,5,0.9373969704563362,67460713.6,ok,0.004902272727272727,ok,0.9328954545454545,0.0369515625,ok,ue1_qfi82,0.0,99,10.0,data,ok,0.0,ue1_qfi1,24.25,ok,30.4,ue1_qfi2,0,0.0,0.0,30.303,ok,33.0,,pending,,pending,,,,,,,,,10.0,PF,161576974,,,
ue7_qfi9,295.75,300.0,300.0,300.25,ok,0.29451723999566976,ok,ue6_qfi1,0,0,0,123.25000000000009,data,ok,2.0,False,,proxy,3,0,ue8_qfi2,0.0,148,150.0,ok,ue2_qfi2,22.051,ok,7,ok,8,ue8_qfi2,0.0,ok,0.884699748879872,proxy,5,0.8748933023846497,65713387.199999996,ok,0.004381818181818182,ok,0.9333011363636363,0.097646875,ok,ue1_qfi82,0.0,99,10.0,data,ok,0.0,ue6_qfi1,18.5,ok,30.4,ue1_qfi2,0,0.0,0.0,30.303,ok,33.0,,pending,,pending,,,,,,,,,10.0,Reservation,161576974,,,
ue1_qfi9,16.5,78.25,101.75,111.75,ok,0.3638641731064456,ok,ue1_qfi1,0,0,0,132.49999999999983,data,ok,2.0,False,,proxy,3,0,ue6_qfi2,0.0,147,150.0,ok,ue3_qfi2,31.557,ok,4,ok,8,ue6_qfi2,0.0,ok,0.7185641538361155,proxy,5,0.7183521503015288,59317948.8,ok,0.0051045454545454545,ok,0.9326772727272727,0.039590625,ok,ue1_qfi82,0.0,99,10.0,data,ok,0.0,ue1_qfi9,95.25,ok,30.2,ue3_qfi2,2,71.75,139.5,30.303,ok,33.0,,pending,,pending,,,,,,,,,10.0,TwoTier,161576974,,,
ue8_qfi9,298.0,300.0,300.25,300.25,ok,0.2924727803460798,ok,ue1_qfi1,0,0,0,118.24999999999974,data,ok,2.0,False,,proxy,3,0,ue2_qfi2,0.993421052631579,152,150.0,ok,ue5_qfi2,27.117,ok,8,ok,8,ue6_qfi2,0.9690408,ok,0.9500964252442554,proxy,5,0.9420392184478527,66189430.4,ok,0.0048386363636363635,ok,0.9343806818181818,0.0378953125,ok,ue1_qfi82,0.0,99,10.0,data,ok,0.0,ue4_qfi1,20.25,ok,30.2,ue2_qfi2,1,67.75,67.75,30.303,ok,33.0,,pending,,pending,,,,,,,,,10.0,PF,35492826,,,
ue8_qfi9,297.75,300.0,300.25,300.25,ok,0.3127407095331916,ok,ue1_qfi1,0,0,0,126.2500000000002,data,ok,2.0,False,,proxy,3,0,ue1_qfi2,1.0,152,150.0,ok,ue8_qfi2,23.494,ok,8,ok,8,ue6_qfi2,0.9690408,ok,0.9471605663533685,proxy,5,0.9384644745434505,65174299.2,ok,0.004356818181818182,ok,0.9310545454545455,0.11884375,ok,ue1_qfi82,0.0,99,10.0,data,ok,0.0,ue5_qfi1,21.25,ok,30.4,ue1_qfi2,0,0.0,0.0,30.303,ok,33.0,,pending,,pending,,,,,,,,,10.0,Reservation,35492826,,,
ue5_qfi9,25.0,57.0,61.75,65.25,ok,0.36278672967790515,ok,ue5_qfi1,0,0,0,120.75000000000014,data,ok,2.0,False,,proxy,3,0,ue6_qfi2,0.0,147,150.0,ok,ue1_qfi2,24.236,ok,5,ok,8,ue6_qfi2,0.0,ok,0.7186987533330754,proxy,5,0.718673865976774,59622276.8,ok,0.0051045454545454545,ok,0.9344113636363637,0.03814375,ok,ue1_qfi82,0.0,99,10.0,data,ok,0.0,ue5_qfi9,40.25,ok,30.4,ue1_qfi2,0,0.0,0.0,30.303,ok,33.0,,pending,,pending,,,,,,,,,10.0,TwoTier,35492826,,,
ue8_qfi9,297.25,300.0,300.0,300.25,ok,0.2767342514043939,ok,ue1_qfi1,0,0,0,139.0,data,ok,2.0,False,,proxy,3,0,ue1_qfi2,1.0,152,150.0,ok,ue1_qfi2,24.929,ok,8,ok,8,ue2_qfi2,0.9666928,ok,0.953978379126973,proxy,5,0.9466102058041659,67520502.4,ok,0.0046409090909090905,ok,0.9338352272727273,0.036971875,ok,ue1_qfi82,0.0,98,10.0,data,ok,0.0,ue1_qfi1,40.75,ok,30.4,ue1_qfi2,0,0.0,0.0,30.303,ok,33.0,,pending,,pending,,,,,,,,,10.0,PF,376383645,,,
ue7_qfi9,296.75,300.0,300.0,300.25,ok,0.2912108612503959,ok,ue6_qfi1,0,0,0,121.24999999999986,data,ok,2.0,False,,proxy,3,0,ue8_qfi2,0.0,148,150.0,ok,ue1_qfi2,21.624,ok,7,ok,8,ue8_qfi2,0.0,ok,0.8860605943177713,proxy,5,0.8771573690744221,66251804.8,ok,0.004134090909090909,ok,0.9348625,0.0970078125,ok,ue1_qfi82,0.0,99,10.0,data,ok,0.0,ue2_qfi1,21.25,ok,30.4,ue1_qfi2,0,0.0,0.0,30.303,ok,33.0,,pending,,pending,,,,,,,,,10.0,Reservation,376383645,,,
ue3_qfi9,19.25,52.25,59.25,63.25,ok,0.36351882224112114,ok,ue1_qfi1,0,0,0,119.49999999999994,data,ok,2.0,False,,proxy,3,0,ue6_qfi2,0.0,147,150.0,ok,ue5_qfi2,25.39,ok,5,ok,8,ue6_qfi2,0.0,ok,0.7186466977398004,proxy,5,0.7185986132705294,59612532.8,ok,0.005170454545454546,ok,0.9336420454545454,0.03781875,ok,ue1_qfi82,0.0,99,10.0,data,ok,0.0,ue3_qfi9,44.0,ok,30.4,ue1_qfi2,0,0.0,0.0,30.303,ok,33.0,,pending,,pending,,,,,,,,,10.0,TwoTier,376383645,,,
ue7_qfi9,297.75,300.0,300.0,300.25,ok,0.24764223402058153,ok,ue3_qfi1,0,0,0,119.00000000000021,data,ok,2.0,False,,proxy,3,0,ue5_qfi2,0.993421052631579,152,150.0,ok,ue3_qfi2,26.203,ok,8,ok,8,ue3_qfi2,0.9658652,ok,0.9625291709040674,proxy,5,0.9584684626720545,70001803.2,ok,0.0054181818181818185,ok,0.9338920454545454,0.0346359375,ok,ue1_qfi82,0.0,99,10.0,data,ok,0.0,ue6_qfi1,19.5,ok,30.2,ue5_qfi2,1,71.0,71.0,30.303,ok,33.0,,pending,,pending,,,,,,,,,10.0,PF,1746484539,,,
ue7_qfi9,296.0,300.0,300.0,300.25,ok,0.26624522018979246,ok,ue6_qfi1,0,0,0,123.24999999999963,data,ok,2.0,False,,proxy,3,0,ue8_qfi2,0.0,147,150.0,ok,ue2_qfi2,21.372,ok,7,ok,8,ue8_qfi2,0.0,ok,0.8909269259666667,proxy,5,0.8891916396815399,68256491.2,ok,0.004002272727272728,ok,0.9332170454545454,0.0918578125,ok,ue1_qfi82,0.0,99,10.0,data,ok,0.0,ue7_qfi1,21.25,ok,30.4,ue1_qfi2,0,0.0,0.0,30.303,ok,33.0,,pending,,pending,,,,,,,,,10.0,Reservation,1746484539,,,
ue7_qfi9,295.0,300.0,300.25,300.25,ok,0.2881572022960602,ok,ue1_qfi1,0,0,0,207.75000000000077,data,ok,2.0,False,,proxy,3,0,ue6_qfi2,0.5460526315789473,152,150.0,ok,ue8_qfi2,66.698,ok,5,ok,8,ue7_qfi2,0.5272532,ok,0.8530688041833443,proxy,5,0.7187199456470363,65777924.8,ok,0.005038636363636364,ok,0.9337534090909091,0.0344390625,ok,ue1_qfi82,0.0,99,10.0,data,ok,0.0,ue1_qfi9,284.5,ok,16.6,ue8_qfi2,6,94.25,462.25,30.303,ok,33.0,,pending,,pending,,,,,,,,,10.0,TwoTier,1746484539,,,
ue5_qfi9,297.5,299.75,300.0,300.25,ok,0.26938772019575724,ok,ue1_qfi1,0,0,0,199.5,data,ok,2.0,False,,proxy,3,0,ue1_qfi2,0.993421052631579,152,150.0,ok,ue1_qfi2,39.315,ok,8,ok,8,ue2_qfi2,0.9572224,ok,0.9328712692172264,proxy,5,0.9285983062652308,68544435.2,ok,0.0059113636363636365,ok,0.9304738636363636,0.0438703125,ok,ue1_qfi1,0.4375,48,100.0,data,ok,0.0,ue7_qfi9,158.0,ok,30.2,ue1_qfi2,1,84.5,84.5,30.303,ok,33.0,,pending,,pending,,,,,,,,,,PF,1826701614,,12.0,
ue5_qfi9,296.25,300.0,300.0,300.25,ok,0.27767429260106175,ok,ue1_qfi1,0,0,0,121.0,data,ok,2.0,False,,proxy,3,0,ue2_qfi2,0.0,147,150.0,ok,ue1_qfi2,26.373,ok,7,ok,8,ue2_qfi2,0.0,ok,0.8767134977069422,proxy,5,0.8741608955036234,67827488.0,ok,0.004897727272727272,ok,0.929965909090909,0.101196875,ok,ue7_qfi1,0.40816326530612246,49,100.0,data,ok,0.0,ue6_qfi9,75.5,ok,30.4,ue1_qfi2,0,0.0,0.0,30.303,ok,33.0,,pending,,pending,,,,,,,,,,Reservation,1826701614,,12.0,
ue4_qfi9,295.0,299.75,300.0,300.25,ok,0.2541469608888655,ok,ue1_qfi9,0,1,1,1609.0,data,ok,2.0,False,,proxy,3,0,ue1_qfi2,0.9530201342281879,149,150.0,ok,ue1_qfi2,136.75,ok,8,ok,8,ue1_qfi2,0.955934,ok,0.8866562122405901,proxy,5,0.8773632490079105,69328064.0,ok,0.005443181818181818,ok,0.9308477272727272,0.0392,ok,ue1_qfi1,0.0,5,100.0,data,ok,0.0,ue1_qfi9,287.5,ok,30.2,ue8_qfi2,32,100.25,2460.25,30.303,ok,33.0,,pending,,pending,,,,,,,,,,TwoTier,1826701614,,12.0,
ue6_qfi9,296.5,299.75,300.0,300.25,ok,0.2652163844959214,ok,ue2_qfi1,0,0,0,229.24999999999952,data,ok,2.0,False,,proxy,3,0,ue1_qfi2,0.9868421052631579,152,150.0,ok,ue2_qfi2,42.175,ok,8,ok,8,ue3_qfi2,0.9580368,ok,0.9368653261633562,proxy,5,0.9175632342490485,68957721.6,ok,0.006095454545454545,ok,0.9338193181818182,0.0435796875,ok,ue1_qfi1,0.4897959183673469,49,100.0,data,ok,0.0,ue7_qfi9,82.25,ok,30.0,ue1_qfi2,0,0.0,0.0,30.303,ok,33.0,,pending,,pending,,,,,,,,,,PF,1367864806,,12.0,
ue6_qfi9,292.0,299.75,300.0,300.25,ok,0.25833059809599784,ok,ue3_qfi1,0,0,0,125.99999999999989,data,ok,2.0,False,,proxy,3,0,ue1_qfi2,0.0,148,150.0,ok,ue2_qfi2,24.279,ok,7,ok,8,ue1_qfi2,0.0,ok,0.8846816859389846,proxy,5,0.8694309041489507,69589430.4,ok,0.004847727272727273,ok,0.9321840909090909,0.0910671875,ok,ue6_qfi1,0.40816326530612246,49,100.0,data,ok,0.0,ue7_qfi9,28.25,ok,30.4,ue2_qfi2,0,0.0,0.0,30.303,ok,33.0,,pending,,pending,,,,,,,,,,Reservation,1367864806,,12.0,
ue3_qfi9,296.75,300.0,300.0,300.25,ok,0.24762918033681106,ok,ue1_qfi9,1,1,1,3299.5,data,ok,2.0,False,,proxy,3,0,ue1_qfi2,0.9602649006622517,151,150.0,ok,ue1_qfi2,141.577,ok,6,ok,8,ue3_qfi2,0.9485355999999999,ok,0.8942544803486843,proxy,5,0.8659314962922682,69928128.0,ok,0.0059113636363636365,ok,0.9314704545454545,0.03735625,ok,ue1_qfi1,0.14285714285714285,7,100.0,data,ok,0.0,ue1_qfi9,279.25,ok,30.0,ue8_qfi2,35,97.0,2701.75,30.303,ok,33.0,,pending,,pending,,,,,,,,,,TwoTier,1367864806,,12.0,
ue5_qfi9,296.75,299.75,300.0,300.25,ok,0.27084418780001446,ok,ue1_qfi1,0,0,0,330.99999999999994,data,ok,2.0,False,,proxy,3,0,ue4_qfi2,0.993421052631579,152,150.0,ok,ue1_qfi2,41.866,ok,8,ok,8,ue8_qfi2,0.9680356,ok,0.9334196034557986,proxy,5,0.9259340806823009,68166308.8,ok,0.005479545454545455,ok,0.9323397727272728,0.042928125,ok,ue4_qfi1,0.5102040816326531,49,100.0,data,ok,0.0,ue8_qfi9,116.5,ok,30.4,ue1_qfi2,0,0.0,0.0,30.303,ok,33.0,,pending,,pending,,,,,,,,,,PF,1097657231,,12.0,
ue5_qfi9,294.0,299.75,300.0,300.25,ok,0.27384546768497475,ok,ue6_qfi1,0,0,0,122.75000000000036,data,ok,2.0,False,,proxy,3,0,ue2_qfi2,0.0,147,150.0,ok,ue1_qfi2,24.875,ok,7,ok,8,ue2_qfi2,0.0,ok,0.8782146833346273,proxy,5,0.8735673185132656,68022136.0,ok,0.004852272727272728,ok,0.9319125,0.09828125,ok,ue4_qfi1,0.46938775510204084,49,100.0,data,ok,0.0,ue7_qfi9,203.0,ok,30.2,ue3_qfi2,1,67.25,67.25,30.303,ok,33.0,,pending,,pending,,,,,,,,,,Reservation,1097657231,,12.0,
ue3_qfi9,297.0,300.0,300.0,300.25,ok,0.2522127088114148,ok,ue2_qfi1,0,0,1,714.2500000000002,data,ok,2.0,False,,proxy,3,0,ue1_qfi2,0.9256756756756757,148,150.0,ok,ue1_qfi2,147.0,ok,7,ok,8,ue1_qfi2,0.9339308000000001,ok,0.8824926839579241,proxy,5,0.8587550039916981,69723692.8,ok,0.005325,ok,0.9317318181818182,0.037628125,ok,ue2_qfi1,0.36,25,100.0,data,ok,0.0,ue1_qfi9,273.75,ok,30.0,ue8_qfi2,36,100.0,2755.5,30.303,ok,33.0,,pending,,pending,,,,,,,,,,TwoTier,1097657231,,12.0,
ue5_qfi9,297.0,299.75,300.0,300.25,ok,0.2486542559326058,ok,ue1_qfi1,0,0,0,168.00000000000014,data,ok,2.0,False,,proxy,3,0,ue1_qfi2,1.0,152,150.0,ok,ue1_qfi2,39.568,ok,8,ok,8,ue8_qfi2,0.9636376,ok,0.9364501271272386,proxy,5,0.9292947807776554,70466611.2,ok,0.005986363636363636,ok,0.9325897727272727,0.044040625,ok,ue5_qfi1,0.4897959183673469,49,100.0,data,ok,0.0,ue8_qfi9,191.25,ok,30.4,ue1_qfi2,1,66.75,66.75,30.303,ok,33.0,,pending,,pending,,,,,,,,,,PF,579362555,,12.0,
ue5_qfi9,292.5,299.75,300.0,300.25,ok,0.25373387176870277,ok,ue4_qfi1,0,0,0,120.49999999999983,data,ok,2.0,False,,proxy,3,0,ue2_qfi2,0.0,147,150.0,ok,ue1_qfi2,24.319,ok,7,ok,8,ue2_qfi2,0.0,ok,0.8824483928851746,proxy,5,0.8794876585341419,70193928.0,ok,0.005040909090909091,ok,0.9332329545454545,0.0946421875,ok,ue7_qfi1,0.42857142857142855,49,100.0,data,ok,0.0,ue6_qfi9,148.25,ok,30.4,ue1_qfi2,0,0.0,0.0,30.303,ok,33.0,,pending,,pending,,,,,,,,,,Reservation,579362555,,12.0,
ue3_qfi9,283.0,299.75,300.0,300.25,ok,0.2290810780545057,ok,ue2_qfi1,0,0,1,597.0,data,ok,2.0,False,,proxy,3,0,ue1_qfi2,0.8716216216216216,148,150.0,ok,ue1_qfi2,144.351,ok,7,ok,8,ue1_qfi2,0.9244252,ok,0.8758987175206869,proxy,5,0.8531085477680457,71755734.4,ok,0.005547727272727273,ok,0.9309068181818182,0.03725,ok,ue1_qfi1,0.0,4,100.0,data,ok,0.0,ue2_qfi9,184.5,ok,30.2,ue8_qfi2,31,107.5,2278.75,30.303,ok,33.0,,pending,,pending,,,,,,,,,,TwoTier,579362555,,12.0,
ue4_qfi9,298.0,300.0,300.25,300.25,ok,0.24340688779527084,ok,ue1_qfi1,0,0,0,383.50000000000017,data,ok,2.0,False,,proxy,3,0,ue1_qfi2,1.0,152,150.0,ok,ue1_qfi2,39.37,ok,8,ok,8,ue8_qfi2,0.9537664,ok,0.9385583041598171,proxy,5,0.9324791481053102,70402686.4,ok,0.005256818181818182,ok,0.9320431818181818,0.0433640625,ok,ue8_qfi1,0.4489795918367347,49,100.0,data,ok,0.0,ue7_qfi9,219.0,ok,30.4,ue1_qfi2,0,0.0,0.0,30.303,ok,33.0,,pending,,pending,,,,,,,,,,PF,661058651,,12.0,
ue7_qfi9,279.75,299.5,300.0,300.25,ok,0.2728755162944261,ok,ue2_qfi1,0,0,0,128.7499999999997,data,ok,2.0,False,,proxy,3,0,ue1_qfi2,0.993421052631579,152,150.0,ok,ue1_qfi2,27.464,ok,8,ok,8,ue8_qfi2,0.9537664,ok,0.9432982756545986,proxy,5,0.9397554818448637,68578827.2,ok,0.004893181818181818,ok,0.9342704545454545,0.1214390625,ok,ue6_qfi1,0.46938775510204084,49,100.0,data,ok,0.0,ue8_qfi9,126.0,ok,30.2,ue1_qfi2,1,74.25,74.25,30.303,ok,33.0,,pending,,pending,,,,,,,,,,Reservation,661058651,,12.0,
ue3_qfi9,295.75,300.0,300.0,300.25,ok,0.22867562085197343,ok,ue1_qfi9,0,1,3,1319.0,data,ok,2.0,False,,proxy,3,0,ue1_qfi2,1.0,152,150.0,ok,ue1_qfi2,110.289,ok,7,ok,8,ue8_qfi2,0.9409504000000001,ok,0.9068012508584674,proxy,5,0.8949389220709245,71772563.2,ok,0.005147727272727273,ok,0.9326352272727273,0.0368828125,ok,ue1_qfi1,0.125,16,100.0,data,ok,0.0,ue1_qfi9,271.75,ok,30.0,ue8_qfi2,42,98.25,3294.5,30.303,ok,33.0,,pending,,pending,,,,,,,,,,TwoTier,661058651,,12.0,
ue5_qfi9,297.75,300.0,300.0,300.25,ok,0.28145383468166885,ok,ue1_qfi1,0,0,0,139.00000000000023,data,ok,2.0,False,,proxy,3,0,ue1_qfi2,1.0,152,150.0,ok,ue2_qfi2,36.226,ok,8,ok,8,ue3_qfi2,0.9641396,ok,0.9278034004967306,proxy,5,0.9220133529768194,67071366.4,ok,0.006343181818181818,ok,0.9310545454545455,0.042815625,ok,ue1_qfi1,0.46938775510204084,49,100.0,data,ok,0.0,ue8_qfi9,229.25,ok,30.4,ue1_qfi2,0,0.0,0.0,30.303,ok,33.0,,pending,,pending,,,,,,,,,,PF,87989972,,12.0,
ue5_qfi9,296.25,300.0,300.0,300.25,ok,0.28388297776936405,ok,ue1_qfi1,0,0,0,125.49999999999972,data,ok,2.0,False,,proxy,3,0,ue2_qfi2,0.0,147,150.0,ok,ue1_qfi2,24.942,ok,7,ok,8,ue2_qfi2,0.0,ok,0.8759609596808188,proxy,5,0.8716692898847201,67174412.8,ok,0.005086363636363636,ok,0.9318318181818182,0.0977359375,ok,ue6_qfi1,0.4489795918367347,49,100.0,data,ok,0.0,ue8_qfi9,124.5,ok,30.2,ue1_qfi2,0,0.0,0.0,30.303,ok,33.0,,pending,,pending,,,,,,,,,,Reservation,87989972,,12.0,
ue3_qfi9,113.0,300.0,300.25,300.25,ok,0.26016342962757155,ok,ue2_qfi1,1,1,1,2111.0,data,ok,2.0,False,,proxy,3,0,ue2_qfi2,0.9736842105263158,152,150.0,ok,ue2_qfi2,133.706,ok,8,ok,8,ue1_qfi2,0.9540428000000001,ok,0.8644914885158744,proxy,5,0.8160793627488576,68685648.0,ok,0.005768181818181818,ok,0.9321477272727273,0.0385046875,ok,ue3_qfi1,0.2857142857142857,28,100.0,data,ok,0.0,ue1_qfi9,281.75,ok,30.0,ue8_qfi2,25,98.0,1952.25,30.303,ok,33.0,,pending,,pending,,,,,,,,,,TwoTier,87989972,,12.0,
ue5_qfi9,297.25,299.75,300.0,300.25,ok,0.2703693898071805,ok,ue1_qfi1,0,1,1,1225.4999999999998,data,ok,2.0,False,,proxy,3,0,ue2_qfi2,0.993421052631579,152,150.0,ok,ue1_qfi2,66.14,ok,7,ok,8,ue3_qfi2,0.949632,ok,0.9233813528760837,proxy,5,0.9038050043289149,68384964.8,ok,0.006277272727272728,ok,0.9332625,0.0477671875,ok,ue8_qfi1,0.46938775510204084,49,100.0,data,ok,0.0,ue7_qfi9,104.0,ok,30.2,ue2_qfi2,1,67.5,67.5,30.303,ok,33.0,,pending,,pending,,,,,,,,,,PF,161576974,,12.0,
ue5_qfi9,296.25,300.0,300.0,300.25,ok,0.2681629243961511,ok,ue1_qfi1,0,0,0,122.75000000000036,data,ok,2.0,False,,proxy,3,0,ue2_qfi2,0.0,147,150.0,ok,ue1_qfi2,26.421,ok,7,ok,8,ue2_qfi2,0.0,ok,0.8784265167633707,proxy,5,0.8687813753132575,68885625.6,ok,0.0052204545454545455,ok,0.9328875,0.0993609375,ok,ue5_qfi1,0.42857142857142855,49,100.0,data,ok,0.0,ue7_qfi9,96.75,ok,30.2,ue6_qfi2,1,76.5,76.5,30.303,ok,33.0,,pending,,pending,,,,,,,,,,Reservation,161576974,,12.0,
ue3_qfi9,298.25,300.0,300.25,300.25,ok,0.2519620693794097,ok,ue2_qfi9,0,0,1,727.9999999999998,data,ok,2.0,False,,proxy,3,0,ue1_qfi2,0.9121621621621622,148,150.0,ok,ue1_qfi2,145.836,ok,6,ok,8,ue1_qfi2,0.9354664,ok,0.8761331065633751,proxy,5,0.857861461045539,69614187.2,ok,0.005947727272727273,ok,0.9329306818181818,0.0407609375,ok,ue2_qfi1,0.11764705882352941,17,100.0,data,ok,0.0,ue1_qfi9,238.5,ok,30.2,ue8_qfi2,37,98.5,2766.0,30.303,ok,33.0,,pending,,pending,,,,,,,,,,TwoTier,161576974,,12.0,
ue5_qfi9,297.25,299.75,300.0,300.25,ok,0.27025014931949287,ok,ue1_qfi1,0,0,1,798.5,data,ok,2.0,False,,proxy,3,0,ue5_qfi2,0.993421052631579,152,150.0,ok,ue1_qfi2,62.282,ok,8,ok,8,ue6_qfi2,0.9674075999999999,ok,0.9265341050503558,proxy,5,0.9144315514189956,68095507.2,ok,0.006152272727272728,ok,0.9340704545454546,0.0452625,ok,ue8_qfi1,0.40816326530612246,49,100.0,data,ok,0.0,ue7_qfi9,91.0,ok,30.4,ue1_qfi2,0,0.0,0.0,30.303,ok,33.0,,pending,,pending,,,,,,,,,,PF,35492826,,12.0,
ue5_qfi9,295.5,300.0,300.0,300.25,ok,0.27575789310507937,ok,ue6_qfi1,0,0,0,119.25000000000009,data,ok,2.0,False,,proxy,3,0,ue2_qfi2,0.0,147,150.0,ok,ue1_qfi2,27.021,ok,7,ok,8,ue2_qfi2,0.0,ok,0.8762845209876773,proxy,5,0.8709912380588222,68027652.8,ok,0.005029545454545455,ok,0.9321375,0.1053515625,ok,ue4_qfi1,0.42857142857142855,49,100.0,data,ok,0.0,ue7_qfi9,131.25,ok,30.4,ue1_qfi2,0,0.0,0.0,30.303,ok,33.0,,pending,,pending,,,,,,,,,,Reservation,35492826,,12.0,
ue3_qfi9,296.5,300.0,300.25,300.25,ok,0.2564354242515007,ok,ue1_qfi1,0,1,1,1709.0,data,ok,2.0,False,,proxy,3,0,ue1_qfi2,0.9391891891891891,148,150.0,ok,ue1_qfi2,138.699,ok,8,ok,8,ue1_qfi2,0.9533195999999999,ok,0.8751735274464174,proxy,5,0.8557165360191359,69221465.6,ok,0.005579545454545454,ok,0.9344522727272727,0.040203125,ok,ue1_qfi1,0.2857142857142857,7,100.0,data,ok,0.0,ue1_qfi9,254.5,ok,30.2,ue8_qfi2,24,105.5,1852.5,30.303,ok,33.0,,pending,,pending,,,,,,,,,,TwoTier,35492826,,12.0,
ue4_qfi9,298.25,300.0,300.25,300.25,ok,0.2589765654572409,ok,ue1_qfi1,0,2,2,1559.0000000000002,data,ok,2.0,False,,proxy,3,0,ue2_qfi2,0.993421052631579,152,150.0,ok,ue1_qfi2,112.506,ok,8,ok,8,ue2_qfi2,0.9656948000000001,ok,0.9162546849653272,proxy,5,0.8855024624562831,68979025.6,ok,0.005820454545454545,ok,0.9330602272727273,0.0464078125,ok,ue2_qfi1,0.4791666666666667,48,100.0,data,ok,0.0,ue7_qfi9,143.0,ok,30.2,ue2_qfi2,1,67.75,67.75,30.303,ok,33.0,,pending,,pending,,,,,,,,,,PF,376383645,,12.0,
ue4_qfi9,297.25,300.0,300.25,300.25,ok,0.26971816369858137,ok,ue5_qfi1,0,0,0,123.00000000000023,data,ok,2.0,False,,proxy,3,0,ue2_qfi2,0.0,147,150.0,ok,ue1_qfi2,26.965,ok,7,ok,8,ue2_qfi2,0.0,ok,0.875443477285247,proxy,5,0.8689725508770864,68631633.6,ok,0.005068181818181818,ok,0.9343397727272728,0.1057625,ok,ue5_qfi1,0.3877551020408163,49,100.0,data,ok,0.0,ue6_qfi9,119.5,ok,30.0,ue3_qfi2,2,79.75,154.75,30.303,ok,33.0,,pending,,pending,,,,,,,,,,Reservation,376383645,,12.0,
ue3_qfi9,288.25,299.75,300.0,300.25,ok,0.24841223994387662,ok,ue2_qfi9,0,0,2,645.7499999999998,data,ok,2.0,False,,proxy,3,0,ue1_qfi2,0.9271523178807947,151,150.0,ok,ue1_qfi2,145.991,ok,7,ok,8,ue2_qfi2,0.9401668000000001,ok,0.8682911198359985,proxy,5,0.8494469872687851,70037177.6,ok,0.0053704545454545454,ok,0.9339715909090909,0.0408421875,ok,ue1_qfi1,0.0,1,100.0,data,ok,0.0,ue2_qfi9,266.0,ok,28.0,ue1_qfi2,27,103.75,2326.0,30.303,ok,33.0,,pending,,pending,,,,,,,,,,TwoTier,376383645,,12.0,
ue5_qfi9,296.5,299.75,300.0,300.25,ok,0.2506387609395953,ok,ue1_qfi1,0,0,0,427.25000000000034,data,ok,2.0,False,,proxy,3,0,ue2_qfi2,0.993421052631579,152,150.0,ok,ue1_qfi2,48.971,ok,8,ok,8,ue3_qfi2,0.9644292,ok,0.9362941466798953,proxy,5,0.9312569528794987,70107643.2,ok,0.005818181818181818,ok,0.9320329545454545,0.0438015625,ok,ue8_qfi1,0.3877551020408163,49,100.0,data,ok,0.0,ue7_qfi9,143.0,ok,30.2,ue4_qfi2,1,71.25,71.25,30.303,ok,33.0,,pending,,pending,,,,,,,,,,PF,1746484539,,12.0,
ue5_qfi9,293.25,299.75,300.0,300.25,ok,0.2572530134293012,ok,ue6_qfi1,0,0,0,121.99999999999989,data,ok,2.0,False,,proxy,3,0,ue2_qfi2,0.0,147,150.0,ok,ue1_qfi2,26.056,ok,7,ok,8,ue2_qfi2,0.0,ok,0.881163696538931,proxy,5,0.8783208684706973,69728596.8,ok,0.004815909090909091,ok,0.9318227272727273,0.0952015625,ok,ue1_qfi1,0.42857142857142855,49,100.0,data,ok,0.0,ue6_qfi9,158.0,ok,30.2,ue1_qfi2,0,0.0,0.0,30.303,ok,33.0,,pending,,pending,,,,,,,,,,Reservation,1746484539,,12.0,
ue3_qfi9,295.0,300.0,300.0,300.25,ok,0.22791888148148967,ok,ue2_qfi1,1,1,1,3197.5000000000005,data,ok,2.0,False,,proxy,3,0,ue1_qfi2,0.912751677852349,149,150.0,ok,ue1_qfi2,143.853,ok,6,ok,8,ue1_qfi2,0.9260292,ok,0.8798365334900666,proxy,5,0.8579187654090884,71794648.0,ok,0.006227272727272727,ok,0.9339386363636364,0.037278125,ok,ue1_qfi1,0.2222222222222222,9,100.0,data,ok,0.0,ue2_qfi9,248.5,ok,30.2,ue8_qfi2,35,98.0,2674.25,30.303,ok,33.0,,pending,,pending,,,,,,,,,,TwoTier,1746484539,,12.0,
ue8_qfi9,298.0,300.0,300.25,300.25,ok,0.27686579562656505,ok,ue6_qfi1,0,0,0,136.49999999999994,data,ok,2.0,False,,proxy,3,0,ue1_qfi2,1.0,152,150.0,ok,ue8_qfi2,25.694,ok,8,ok,8,ue2_qfi2,0.9578576,ok,0.9543024085615089,proxy,5,0.9512408963531349,67414070.4,ok,0.004706818181818182,ok,0.9305852272727273,0.0377140625,ok,ue4_qfi1,0.5306122448979592,49,100.0,data,ok,0.0,ue6_qfi1,37.5,ok,30.4,ue1_qfi2,0,0.0,0.0,30.303,ok,33.0,,pending,,pending,,,,,,,,,1000.0,PF,1826701614,,,
ue8_qfi9,298.25,300.0,300.25,300.25,ok,0.2988019244354774,ok,ue3_qfi1,0,0,0,124.49999999999983,data,ok,2.0,False,,proxy,3,0,ue2_qfi2,0.993421052631579,152,150.0,ok,ue8_qfi2,23.033,ok,8,ok,8,ue2_qfi2,0.9569772,ok,0.9514627229538013,proxy,5,0.9490397521732957,66288822.4,ok,0.004277272727272728,ok,0.9315931818181818,0.118921875,ok,ue3_qfi1,0.46938775510204084,49,100.0,data,ok,0.0,ue8_qfi1,26.5,ok,30.2,ue8_qfi2,1,72.5,72.5,30.303,ok,33.0,,pending,,pending,,,,,,,,,1000.0,Reservation,1826701614,,,
ue3_qfi9,16.25,43.75,53.0,58.5,ok,0.36307484659081063,ok,ue1_qfi1,0,0,0,115.00000000000021,data,ok,2.0,False,,proxy,3,0,ue6_qfi2,0.0,147,150.0,ok,ue1_qfi2,24.114,ok,5,ok,8,ue6_qfi2,0.0,ok,0.7186851443945305,proxy,5,0.7186351373521844,59522280.0,ok,0.0054863636363636364,ok,0.9303704545454545,0.0381390625,ok,ue1_qfi1,0.5102040816326531,49,100.0,data,ok,0.0,ue3_qfi9,42.25,ok,30.4,ue1_qfi2,0,0.0,0.0,30.303,ok,33.0,,pending,,pending,,,,,,,,,1000.0,TwoTier,1826701614,,,
ue8_qfi9,297.5,299.75,300.0,300.25,ok,0.26603060152368824,ok,ue5_qfi1,0,0,0,140.74999999999972,data,ok,2.0,False,,proxy,3,0,ue1_qfi2,1.0,152,150.0,ok,ue6_qfi2,25.126,ok,8,ok,8,ue3_qfi2,0.959342,ok,0.9565440881646593,proxy,5,0.9451915468659646,68422590.4,ok,0.004922727272727273,ok,0.9315931818181818,0.034859375,ok,ue3_qfi1,0.46938775510204084,49,100.0,data,ok,0.0,ue5_qfi1,38.5,ok,30.4,ue1_qfi2,0,0.0,0.0,30.303,ok,33.0,,pending,,pending,,,,,,,,,1000.0,PF,1367864806,,,
ue8_qfi9,297.5,300.0,300.25,300.25,ok,0.28524553588117585,ok,ue3_qfi1,0,0,0,126.75000000000037,data,ok,2.0,False,,proxy,3,0,ue1_qfi2,1.0,152,150.0,ok,ue6_qfi2,24.148,ok,8,ok,8,ue3_qfi2,0.9558675999999999,ok,0.9546822615718689,proxy,5,0.9433153034704176,67508340.8,ok,0.004179545454545455,ok,0.9341704545454546,0.109434375,ok,ue2_qfi1,0.46938775510204084,49,100.0,data,ok,0.0,ue8_qfi1,33.25,ok,30.4,ue1_qfi2,0,0.0,0.0,30.303,ok,33.0,,pending,,pending,,,,,,,,,1000.0,Reservation,1367864806,,,
ue5_qfi9,22.0,56.75,65.75,71.75,ok,0.3649925588148902,ok,ue2_qfi1,0,0,0,112.49999999999983,data,ok,2.0,False,,proxy,3,0,ue6_qfi2,0.0,147,150.0,ok,ue4_qfi2,23.722,ok,5,ok,8,ue6_qfi2,0.0,ok,0.718697102389427,proxy,5,0.7186148668307233,59182825.6,ok,0.0051522727272727276,ok,0.9304147727272727,0.0334171875,ok,ue5_qfi1,0.4489795918367347,49,100.0,data,ok,0.0,ue2_qfi9,51.75,ok,30.2,ue1_qfi2,1,66.5,66.5,30.303,ok,33.0,,pending,,pending,,,,,,,,,1000.0,TwoTier,1367864806,,,
ue8_qfi9,298.0,300.0,300.0,300.25,ok,0.28292170398563943,ok,ue3_qfi1,0,0,0,121.75000000000003,data,ok,2.0,False,,proxy,3,0,ue2_qfi2,0.993421052631579,152,150.0,ok,ue3_qfi2,25.229,ok,8,ok,8,ue8_qfi2,0.9680356,ok,0.9531655167069714,proxy,5,0.9470962616944628,67031606.4,ok,0.005156818181818182,ok,0.9317522727272727,0.03578125,ok,ue6_qfi1,0.4897959183673469,49,100.0,data,ok,0.0,ue3_qfi1,25.0,ok,30.2,ue2_qfi2,1,69.0,69.0,30.303,ok,33.0,,pending,,pending,,,,,,,,,1000.0,PF,1097657231,,,
ue7_qfi9,297.0,300.0,300.25,300.25,ok,0.29193479579255505,ok,ue5_qfi1,0,0,0,200.00000000000017,data,ok,2.0,False,,proxy,3,0,ue8_qfi2,0.0,147,150.0,ok,ue1_qfi2,21.979,ok,7,ok,8,ue8_qfi2,0.0,ok,0.8864557310327456,proxy,5,0.8817135685238885,66181462.4,ok,0.004188636363636364,ok,0.9326159090909091,0.0936796875,ok,ue3_qfi1,0.46938775510204084,49,100.0,data,ok,0.0,ue4_qfi1,24.25,ok,30.4,ue1_qfi2,0,0.0,0.0,30.303,ok,33.0,,pending,,pending,,,,,,,,,1000.0,Reservation,1097657231,,,
ue5_qfi9,18.5,40.0,45.0,50.75,ok,0.3632742565810264,ok,ue3_qfi1,0,0,0,114.74999999999991,data,ok,2.0,False,,proxy,3,0,ue6_qfi2,0.0,147,150.0,ok,ue5_qfi2,21.585,ok,5,ok,8,ue6_qfi2,0.0,ok,0.7186465206983697,proxy,5,0.718608788374565,59617763.2,ok,0.0048386363636363635,ok,0.931696590909091,0.0349671875,ok,ue1_qfi1,0.42857142857142855,49,100.0,data,ok,0.0,ue1_qfi9,33.25,ok,30.4,ue1_qfi2,0,0.0,0.0,30.303,ok,33.0,,pending,,pending,,,,,,,,,1000.0,TwoTier,1097657231,,,
ue8_qfi9,297.75,300.0,300.0,300.25,ok,0.24882266520891325,ok,ue8_qfi1,0,0,0,127.99999999999967,data,ok,2.0,False,,proxy,3,0,ue1_qfi2,1.0,152,150.0,ok,ue8_qfi2,25.0,ok,8,ok,8,ue8_qfi2,0.9636376,ok,0.9622391910026387,proxy,5,0.9578634333020641,70044726.4,ok,0.004856818181818182,ok,0.9310068181818182,0.0344390625,ok,ue1_qfi1,0.4489795918367347,49,100.0,data,ok,0.0,ue8_qfi1,25.5,ok,30.4,ue1_qfi2,0,0.0,0.0,30.303,ok,33.0,,pending,,pending,,,,,,,,,1000.0,PF,579362555,,,
ue6_qfi9,288.75,299.75,300.0,300.25,ok,0.25057128624861186,ok,ue4_qfi1,0,0,0,119.24999999999963,data,ok,2.0,False,,proxy,3,0,ue8_qfi2,0.0,148,150.0,ok,ue2_qfi2,21.008,ok,7,ok,8,ue8_qfi2,0.0,ok,0.8933730218877967,proxy,5,0.8908622406727809,69736086.4,ok,0.004018181818181818,ok,0.9333965909090909,0.0893390625,ok,ue3_qfi1,0.4489795918367347,49,100.0,data,ok,0.0,ue5_qfi1,16.25,ok,30.4,ue1_qfi2,0,0.0,0.0,30.303,ok,33.0,,pending,,pending,,,,,,,,,1000.0,Reservation,579362555,,,
ue4_qfi9,15.75,43.25,51.0,56.5,ok,0.3627085601499061,ok,ue4_qfi1,0,0,0,115.00000000000021,data,ok,2.0,False,,proxy,3,0,ue6_qfi2,0.0,148,150.0,ok,ue4_qfi2,21.579,ok,5,ok,8,ue6_qfi2,0.0,ok,0.7186913378770254,proxy,5,0.7186717424453792,59696283.2,ok,0.005393181818181818,ok,0.9319715909090909,0.0357671875,ok,ue2_qfi1,0.46938775510204084,49,100.0,data,ok,0.0,ue4_qfi9,40.75,ok,30.4,ue3_qfi2,1,81.25,81.25,30.303,ok,33.0,,pending,,pending,,,,,,,,,1000.0,TwoTier,579362555,,,
ue8_qfi9,295.5,299.75,300.0,300.25,ok,0.24850919626020732,ok,ue3_qfi1,0,0,0,150.9999999999998,data,ok,2.0,False,,proxy,3,0,ue2_qfi2,0.993421052631579,152,150.0,ok,ue7_qfi2,24.165,ok,8,ok,8,ue8_qfi2,0.9537664,ok,0.9622582525690214,proxy,5,0.9551075974002187,69764577.6,ok,0.004979545454545454,ok,0.9323943181818182,0.0342203125,ok,ue1_qfi1,0.4897959183673469,49,100.0,data,ok,0.0,ue3_qfi1,47.75,ok,30.2,ue2_qfi2,1,68.0,68.0,30.303,ok,33.0,,pending,,pending,,,,,,,,,1000.0,PF,661058651,,,
ue4_qfi9,215.75,298.75,299.5,300.0,ok,0.2560672324711969,ok,ue6_qfi1,0,0,0,119.25000000000009,data,ok,2.0,False,,proxy,3,0,ue7_qfi2,0.0,147,150.0,ok,ue3_qfi2,19.5,ok,6,ok,8,ue7_qfi2,0.0,ok,0.810183818792769,proxy,5,0.8083532210679226,68646153.6,ok,0.0039590909090909095,ok,0.9326,0.0848109375,ok,ue2_qfi1,0.5102040816326531,49,100.0,data,ok,0.0,ue3_qfi9,223.25,ok,30.4,ue1_qfi2,0,0.0,0.0,30.303,ok,33.0,,pending,,pending,,,,,,,,,1000.0,Reservation,661058651,,,
ue7_qfi9,295.5,299.75,300.0,300.25,ok,0.24795252198685752,ok,ue3_qfi9,0,0,1,660.25,data,ok,2.0,False,,proxy,3,0,ue1_qfi2,1.0,152,150.0,ok,ue4_qfi2,81.713,ok,8,ok,8,ue8_qfi2,0.9537664,ok,0.9344181733749884,proxy,5,0.8989459393124742,69889467.2,ok,0.004511363636363636,ok,0.9322920454545455,0.033525,ok,ue4_qfi1,0.4,35,100.0,data,ok,0.0,ue8_qfi9,127.25,ok,30.0,ue4_qfi2,8,113.0,733.5,30.303,ok,33.0,,pending,,pending,,,,,,,,,1000.0,TwoTier,661058651,,,
ue8_qfi9,298.25,300.0,300.25,300.25,ok,0.2986655577069819,ok,ue4_qfi1,0,0,0,153.99999999999991,data,ok,2.0,False,,proxy,3,0,ue6_qfi2,0.993421052631579,152,150.0,ok,ue3_qfi2,25.288,ok,8,ok,8,ue3_qfi2,0.9638684000000001,ok,0.948442109807598,proxy,5,0.9432115605534025,65570259.2,ok,0.00505,ok,0.9323647727272727,0.0384328125,ok,ue1_qfi1,0.5102040816326531,49,100.0,data,ok,0.0,ue4_qfi1,49.5,ok,30.4,ue1_qfi2,0,0.0,0.0,30.303,ok,33.0,,pending,,pending,,,,,,,,,1000.0,PF,87989972,,,
ue7_qfi9,296.25,300.0,300.0,300.25,ok,0.3014489064727952,ok,ue1_qfi1,0,0,0,121.75000000000003,data,ok,2.0,False,,proxy,3,0,ue8_qfi2,0.0,147,150.0,ok,ue3_qfi2,22.788,ok,7,ok,8,ue8_qfi2,0.0,ok,0.8845720518560085,proxy,5,0.8802296189924912,65251856.0,ok,0.004459090909090909,ok,0.9315034090909091,0.0990546875,ok,ue6_qfi1,0.42857142857142855,49,100.0,data,ok,0.0,ue7_qfi1,47.5,ok,30.0,ue1_qfi2,2,72.75,139.0,30.303,ok,33.0,,pending,,pending,,,,,,,,,1000.0,Reservation,87989972,,,
ue7_qfi9,252.0,300.0,300.0,300.25,ok,0.29944684818548667,ok,ue2_qfi1,0,0,0,458.2499999999996,data,ok,2.0,False,,proxy,3,0,ue2_qfi2,0.9933333333333333,150,150.0,ok,ue7_qfi2,83.621,ok,7,ok,8,ue2_qfi2,0.9495844,ok,0.9060972161560343,proxy,5,0.8576911511796792,65267470.4,ok,0.005034090909090909,ok,0.9324420454545455,0.0377859375,ok,ue7_qfi1,0.3103448275862069,29,100.0,data,ok,0.0,ue8_qfi9,115.5,ok,30.2,ue5_qfi2,12,104.0,987.5,30.303,ok,33.0,,pending,,pending,,,,,,,,,1000.0,TwoTier,87989972,,,
ue8_qfi9,297.25,299.75,300.0,300.25,ok,0.27550726731076375,ok,ue5_qfi1,0,0,0,124.00000000000011,data,ok,2.0,False,,proxy,3,0,ue1_qfi2,1.0,152,150.0,ok,ue4_qfi2,26.553,ok,8,ok,8,ue3_qfi2,0.950306,ok,0.9537289830297535,proxy,5,0.9373969704563362,67460713.6,ok,0.004902272727272727,ok,0.9328954545454545,0.0369515625,ok,ue5_qfi1,0.46938775510204084,49,100.0,data,ok,0.0,ue1_qfi1,24.25,ok,30.4,ue1_qfi2,0,0.0,0.0,30.303,ok,33.0,,pending,,pending,,,,,,,,,1000.0,PF,161576974,,,
ue7_qfi9,295.0,299.75,300.0,300.25,ok,0.2942834610669451,ok,ue1_qfi1,0,0,0,122.2500000000002,data,ok,2.0,False,,proxy,3,0,ue8_qfi2,0.0,148,150.0,ok,ue1_qfi2,21.524,ok,7,ok,8,ue8_qfi2,0.0,ok,0.8847293654612421,proxy,5,0.8747098297684265,65744364.8,ok,0.004615909090909091,ok,0.934271590909091,0.0974640625,ok,ue1_qfi1,0.42857142857142855,49,100.0,data,ok,0.0,ue1_qfi1,18.0,ok,30.4,ue1_qfi2,0,0.0,0.0,30.303,ok,33.0,,pending,,pending,,,,,,,,,1000.0,Reservation,161576974,,,
ue1_qfi9,16.5,78.25,101.75,111.75,ok,0.3638641731064456,ok,ue1_qfi1,0,0,0,132.49999999999983,data,ok,2.0,False,,proxy,3,0,ue6_qfi2,0.0,147,150.0,ok,ue3_qfi2,31.557,ok,4,ok,8,ue6_qfi2,0.0,ok,0.7185641538361155,proxy,5,0.7183521503015288,59317948.8,ok,0.0051045454545454545,ok,0.9326772727272727,0.039590625,ok,ue2_qfi1,0.4897959183673469,49,100.0,data,ok,0.0,ue1_qfi9,95.25,ok,30.2,ue3_qfi2,2,71.75,139.5,30.303,ok,33.0,,pending,,pending,,,,,,,,,1000.0,TwoTier,161576974,,,
ue8_qfi9,298.0,300.0,300.25,300.25,ok,0.2924727803460798,ok,ue1_qfi1,0,0,0,118.24999999999974,data,ok,2.0,False,,proxy,3,0,ue2_qfi2,0.993421052631579,152,150.0,ok,ue5_qfi2,27.117,ok,8,ok,8,ue6_qfi2,0.9690408,ok,0.9500964252442554,proxy,5,0.9420392184478527,66189430.4,ok,0.0048386363636363635,ok,0.9343806818181818,0.0378953125,ok,ue1_qfi1,0.46938775510204084,49,100.0,data,ok,0.0,ue4_qfi1,20.25,ok,30.2,ue2_qfi2,1,67.75,67.75,30.303,ok,33.0,,pending,,pending,,,,,,,,,1000.0,PF,35492826,,,
ue8_qfi9,297.75,300.0,300.25,300.25,ok,0.31298573610087715,ok,ue2_qfi1,0,0,0,125.24999999999986,data,ok,2.0,False,,proxy,3,0,ue1_qfi2,1.0,152,150.0,ok,ue3_qfi2,24.169,ok,8,ok,8,ue6_qfi2,0.9624115999999999,ok,0.946958791563803,proxy,5,0.9376628503820489,65111737.6,ok,0.004243181818181818,ok,0.9308284090909091,0.1187140625,ok,ue2_qfi1,0.42857142857142855,49,100.0,data,ok,0.0,ue4_qfi1,20.0,ok,30.4,ue1_qfi2,0,0.0,0.0,30.303,ok,33.0,,pending,,pending,,,,,,,,,1000.0,Reservation,35492826,,,
ue5_qfi9,25.0,57.0,62.0,65.25,ok,0.36278672967790515,ok,ue5_qfi1,0,0,0,120.75000000000014,data,ok,2.0,False,,proxy,3,0,ue6_qfi2,0.0,147,150.0,ok,ue1_qfi2,24.236,ok,5,ok,8,ue6_qfi2,0.0,ok,0.7186987340600944,proxy,5,0.7186738255168156,59622276.8,ok,0.0051045454545454545,ok,0.9344102272727273,0.03814375,ok,ue1_qfi1,0.4897959183673469,49,100.0,data,ok,0.0,ue5_qfi9,40.25,ok,30.4,ue1_qfi2,0,0.0,0.0,30.303,ok,33.0,,pending,,pending,,,,,,,,,1000.0,TwoTier,35492826,,,
ue8_qfi9,297.25,300.0,300.0,300.25,ok,0.2767342514043939,ok,ue1_qfi1,0,0,0,139.0,data,ok,2.0,False,,proxy,3,0,ue1_qfi2,1.0,152,150.0,ok,ue1_qfi2,24.929,ok,8,ok,8,ue2_qfi2,0.9666928,ok,0.953978379126973,proxy,5,0.9466102058041659,67520502.4,ok,0.0046409090909090905,ok,0.9338352272727273,0.036971875,ok,ue8_qfi1,0.3877551020408163,49,100.0,data,ok,0.0,ue1_qfi1,40.75,ok,30.4,ue1_qfi2,0,0.0,0.0,30.303,ok,33.0,,pending,,pending,,,,,,,,,1000.0,PF,376383645,,,
ue7_qfi9,296.75,300.0,300.0,300.25,ok,0.2912108612503959,ok,ue6_qfi1,0,0,0,121.24999999999986,data,ok,2.0,False,,proxy,3,0,ue8_qfi2,0.0,148,150.0,ok,ue1_qfi2,21.624,ok,7,ok,8,ue8_qfi2,0.0,ok,0.8860605943177713,proxy,5,0.8771573690744221,66251804.8,ok,0.004134090909090909,ok,0.9348625,0.0970078125,ok,ue5_qfi1,0.4897959183673469,49,100.0,data,ok,0.0,ue2_qfi1,21.25,ok,30.4,ue1_qfi2,0,0.0,0.0,30.303,ok,33.0,,pending,,pending,,,,,,,,,1000.0,Reservation,376383645,,,
ue3_qfi9,19.25,52.25,59.25,63.25,ok,0.36351882224112114,ok,ue1_qfi1,0,0,0,119.49999999999994,data,ok,2.0,False,,proxy,3,0,ue6_qfi2,0.0,147,150.0,ok,ue5_qfi2,25.39,ok,5,ok,8,ue6_qfi2,0.0,ok,0.7186466977398004,proxy,5,0.7185986132705294,59612532.8,ok,0.005170454545454546,ok,0.9336420454545454,0.03781875,ok,ue1_qfi1,0.40816326530612246,49,100.0,data,ok,0.0,ue3_qfi9,44.0,ok,30.4,ue1_qfi2,0,0.0,0.0,30.303,ok,33.0,,pending,,pending,,,,,,,,,1000.0,TwoTier,376383645,,,
ue7_qfi9,297.75,300.0,300.0,300.25,ok,0.24764223402058153,ok,ue3_qfi1,0,0,0,119.00000000000021,data,ok,2.0,False,,proxy,3,0,ue5_qfi2,0.993421052631579,152,150.0,ok,ue3_qfi2,26.203,ok,8,ok,8,ue3_qfi2,0.9658652,ok,0.9625291709040674,proxy,5,0.9584684626720545,70001803.2,ok,0.0054181818181818185,ok,0.9338920454545454,0.0346359375,ok,ue5_qfi1,0.4489795918367347,49,100.0,data,ok,0.0,ue6_qfi1,19.5,ok,30.2,ue5_qfi2,1,71.0,71.0,30.303,ok,33.0,,pending,,pending,,,,,,,,,1000.0,PF,1746484539,,,
ue7_qfi9,296.0,300.0,300.0,300.25,ok,0.26624522018979246,ok,ue6_qfi1,0,0,0,123.24999999999963,data,ok,2.0,False,,proxy,3,0,ue8_qfi2,0.0,147,150.0,ok,ue2_qfi2,21.372,ok,7,ok,8,ue8_qfi2,0.0,ok,0.8909269259666667,proxy,5,0.8891916396815399,68256491.2,ok,0.004002272727272728,ok,0.9332170454545454,0.0918578125,ok,ue3_qfi1,0.46938775510204084,49,100.0,data,ok,0.0,ue7_qfi1,21.25,ok,30.4,ue1_qfi2,0,0.0,0.0,30.303,ok,33.0,,pending,,pending,,,,,,,,,1000.0,Reservation,1746484539,,,
ue7_qfi9,295.0,300.0,300.25,300.25,ok,0.2881572022960602,ok,ue1_qfi1,0,0,0,207.75000000000077,data,ok,2.0,False,,proxy,3,0,ue6_qfi2,0.5460526315789473,152,150.0,ok,ue8_qfi2,66.698,ok,5,ok,8,ue7_qfi2,0.5272532,ok,0.8530688041833443,proxy,5,0.7187199456470363,65777924.8,ok,0.005038636363636364,ok,0.9337534090909091,0.0344390625,ok,ue8_qfi1,0.44,25,100.0,data,ok,0.0,ue1_qfi9,284.5,ok,16.6,ue8_qfi2,6,94.25,462.25,30.303,ok,33.0,,pending,,pending,,,,,,,,,1000.0,TwoTier,1746484539,,,
ue9_qfi2,134.364,149.146,149.871,150.114,ok,0.8854340129061105,ok,ue6_qfi82,0,0,0,100.24999999999994,data,ok,2.0,False,,proxy,3,0,ue11_qfi2,0.02702702702702703,148,150.0,ok,ue9_qfi2,150.114,ok,0,ok,32,ue23_qfi2,0.4550728,ok,0.46517610076515503,proxy,5,0.457618168211664,69635348.8,ok,0.02604772727272727,ok,0.9295909090909091,0.0413328125,ok,ue4_qfi82,0.9897959183673469,98,100.0,data,ok,0.0,ue26_qfi2,17.719000000000023,ok,2.8,ue25_qfi2,8,850.0,1784.75,30.303,ok,33.0,,pending,,pending,,,,,2.0,,,32,,PF,1826701614,,,
ue29_qfi9,300.25,300.25,300.25,300.25,ok,0.8902779190738768,ok,ue9_qfi9,0,1,1,1135.9999999999998,data,ok,2.0,False,,proxy,3,0,ue16_qfi2,0.0,147,150.0,ok,ue29_qfi2,126.539,ok,11,ok,32,ue16_qfi2,0.0,ok,0.49069003354775004,proxy,5,0.47548173411408606,67730222.4,ok,0.025325,ok,0.9273443181818182,0.332425,ok,ue8_qfi1,0.14814814814814814,27,100.0,data,ok,0.0,ue3_qfi2,96.14399999999999,ok,30.0,ue4_qfi2,19,138.5,1791.0,30.303,ok,33.0,,pending,,pending,,,,,2.0,,,32,,Reservation,1826701614,,,
ue5_qfi9,299.0,300.25,300.25,300.25,ok,0.8893634614837944,ok,ue1_qfi9,0,0,0,359.0,data,ok,2.0,False,,proxy,3,0,ue6_qfi2,0.0,147,150.0,ok,ue1_qfi2,83.059,ok,5,ok,32,ue6_qfi2,0.0,ok,0.35655781161873246,proxy,5,0.35202700544093085,68817496.0,ok,0.02568181818181818,ok,0.9293340909090909,0.040753125,ok,ue1_qfi1,0.3783783783783784,37,100.0,data,ok,0.0,ue1_qfi2,100.687,ok,30.0,ue1_qfi2,6,207.0,670.75,30.303,ok,33.0,,pending,,pending,,,,,2.0,,,32,,TwoTier,1826701614,,,
ue19_qfi2,133.198,148.346,149.96,150.105,ok,0.8864826649232251,ok,ue7_qfi82,0,0,0,54.7500000000003,data,ok,2.0,False,,proxy,3,0,ue14_qfi2,0.02027027027027027,148,150.0,ok,ue4_qfi2,150.215,ok,0,ok,32,ue20_qfi2,0.4729872,ok,0.4654666449063865,proxy,5,0.45920924599570223,69036278.4,ok,0.02615909090909091,ok,0.9301511363636363,0.041521875,ok,ue1_qfi2,1.0,843,150.0,data,ok,0.0,ue5_qfi2,17.462000000000018,ok,2.0,ue22_qfi2,8,2121.75,4871.0,30.303,ok,33.0,,pending,,pending,,,,,2.0,,,32,,PF,1367864806,,,
ue17_qfi9,300.0,300.25,300.25,300.25,ok,0.8912701432426933,ok,ue16_qfi9,0,1,3,1267.0,data,ok,2.0,False,,proxy,3,0,ue18_qfi2,0.0,148,150.0,ok,ue15_qfi2,139.006,ok,9,ok,32,ue18_qfi2,0.0,ok,0.48398133488732553,proxy,5,0.4739770203541717,66584150.4,ok,0.02546590909090909,ok,0.9260670454545454,0.339190625,ok,ue17_qfi1,0.08695652173913043,23,100.0,data,ok,0.0,ue14_qfi2,96.00200000000001,ok,29.0,ue4_qfi2,20,284.0,2173.0,30.303,ok,33.0,,pending,,pending,,,,,2.0,,,32,,Reservation,1367864806,,,
ue5_qfi9,275.25,299.75,300.0,300.25,ok,0.888293308928251,ok,ue2_qfi9,0,0,1,659.7499999999999,data,ok,2.0,False,,proxy,3,0,ue6_qfi2,0.0,147,150.0,ok,ue2_qfi2,84.821,ok,4,ok,32,ue6_qfi2,0.0,ok,0.3572723430976922,proxy,5,0.3525752805398862,69516404.8,ok,0.02604090909090909,ok,0.9300090909090909,0.0386484375,ok,ue2_qfi1,0.3888888888888889,36,100.0,data,ok,0.0,ue3_qfi9,102.75,ok,30.4,ue2_qfi2,8,102.75,738.0,30.303,ok,33.0,,pending,,pending,,,,,2.0,,,32,,TwoTier,1367864806,,,
ue21_qfi2,133.048,148.557,149.931,150.185,ok,0.8882976060148985,ok,ue7_qfi82,0,0,0,55.750000000000185,data,ok,2.0,False,,proxy,3,0,ue8_qfi2,0.013513513513513514,148,150.0,ok,ue12_qfi2,150.15,ok,0,ok,32,ue8_qfi2,0.4574012,ok,0.46302949512382385,proxy,5,0.456744074083928,67823686.4,ok,0.026511363636363635,ok,0.9306340909090909,0.0432796875,ok,ue1_qfi2,1.0,794,150.0,data,ok,0.0,ue13_qfi2,17.661,ok,1.6,ue12_qfi2,6,1916.75,4872.25,30.303,ok,33.0,,pending,,pending,,,,,2.0,,,32,,PF,1097657231,,,
ue31_qfi9,300.25,300.25,300.25,300.25,ok,0.8933072842526216,ok,ue10_qfi9,1,1,1,3363.7500000000005,data,ok,2.0,False,,proxy,3,0,ue18_qfi2,0.0,147,150.0,ok,ue20_qfi2,147.445,ok,1,ok,32,ue18_qfi2,0.0,ok,0.44424230553839256,proxy,5,0.41828489355548804,64761816.0,ok,0.025170454545454544,ok,0.9189659090909091,0.3781640625,ok,ue3_qfi1,0.0,11,100.0,data,ok,0.0,ue7_qfi9,212.0,ok,24.6,ue11_qfi2,13,471.75,1921.5,30.303,ok,33.0,,pending,,pending,,,,,2.0,,,32,,Reservation,1097657231,,,
ue4_qfi9,288.25,300.0,300.25,300.25,ok,0.8905400859435189,ok,ue5_qfi1,0,0,0,192.5,data,ok,2.0,False,,proxy,3,0,ue6_qfi2,0.0,148,150.0,ok,ue1_qfi2,29.334,ok,5,ok,32,ue6_qfi2,0.0,ok,0.3586321705210533,proxy,5,0.35615694539109116,68793264.0,ok,0.027065909090909092,ok,0.931275,0.04255,ok,ue3_qfi1,0.46938775510204084,49,100.0,data,ok,0.0,ue5_qfi9,108.75,ok,30.4,ue5_qfi2,3,117.5,263.5,30.303,ok,33.0,,pending,,pending,,,,,2.0,,,32,,TwoTier,1097657231,,,
ue21_qfi2,133.15,149.023,149.88,150.17,ok,0.8889665222317485,ok,ue8_qfi82,0,0,0,55.75000000000008,data,ok,2.0,False,,proxy,3,0,ue1_qfi2,0.02027027027027027,148,150.0,ok,ue15_qfi2,150.246,ok,0,ok,32,ue27_qfi2,0.4731292,ok,0.46250908382402073,proxy,5,0.45338205469358794,67584686.4,ok,0.026318181818181817,ok,0.9313170454545454,0.0437640625,ok,ue1_qfi2,1.0,873,150.0,data,ok,0.0,ue17_qfi2,17.265000000000015,ok,2.0,ue7_qfi2,6,1485.25,4756.25,30.303,ok,33.0,,pending,,pending,,,,,2.0,,,32,,PF,579362555,,,
ue20_qfi9,300.0,300.25,300.25,300.25,ok,0.8927387554356984,ok,ue15_qfi9,1,1,1,3366.7499999999995,data,ok,2.0,False,,proxy,3,0,ue18_qfi2,0.0,147,150.0,ok,ue9_qfi2,147.007,ok,0,ok,32,ue18_qfi2,0.0,ok,0.4540640822790093,proxy,5,0.40371060056624236,65129820.800000004,ok,0.02519090909090909,ok,0.9207215909090909,0.3778078125,ok,ue6_qfi1,0.07692307692307693,13,100.0,data,ok,0.0,ue1_qfi2,91.352,ok,28.0,ue6_qfi2,12,352.75,1650.5,30.303,ok,33.0,,pending,,pending,,,,,2.0,,,32,,Reservation,579362555,,,
ue5_qfi9,296.0,300.0,300.25,300.25,ok,0.8886373402235535,ok,ue1_qfi1,0,0,0,302.5000000000002,data,ok,2.0,False,,proxy,3,0,ue6_qfi2,0.0,148,150.0,ok,ue1_qfi2,73.206,ok,5,ok,32,ue6_qfi2,0.0,ok,0.357979194645364,proxy,5,0.35272925251235127,69664632.0,ok,0.026025,ok,0.9310784090909091,0.04326875,ok,ue1_qfi1,0.4358974358974359,39,100.0,data,ok,0.0,ue1_qfi1,86.25,ok,30.4,ue1_qfi2,4,102.0,377.5,30.303,ok,33.0,,pending,,pending,,,,,2.0,,,32,,TwoTier,579362555,,,
ue16_qfi2,133.654,148.555,149.641,150.1,ok,0.8878440683813472,ok,ue5_qfi82,0,0,0,55.000000000000156,data,ok,2.0,False,,proxy,3,0,ue22_qfi2,0.02027027027027027,148,150.0,ok,ue15_qfi2,150.125,ok,0,ok,32,ue24_qfi2,0.4835532,ok,0.46363458814837344,proxy,5,0.4564548300997466,68151188.8,ok,0.026638636363636364,ok,0.9307409090909091,0.0423015625,ok,ue1_qfi2,1.0,881,150.0,data,ok,0.0,ue7_qfi2,17.756,ok,1.8,ue27_qfi2,7,1791.25,3708.75,30.303,ok,33.0,,pending,,pending,,,,,2.0,,,32,,PF,661058651,,,
ue23_qfi9,300.25,300.25,300.25,300.25,ok,0.8923504072429381,ok,ue23_qfi9,0,1,2,1439.7500000000005,data,ok,2.0,False,,proxy,3,0,ue17_qfi2,0.0,147,150.0,ok,ue23_qfi2,137.141,ok,11,ok,32,ue17_qfi2,0.0,ok,0.48530226738106813,proxy,5,0.46675093809222534,66374259.2,ok,0.02533409090909091,ok,0.9261113636363636,0.335971875,ok,ue3_qfi1,0.14285714285714285,28,100.0,data,ok,0.0,ue13_qfi2,104.49799999999999,ok,29.6,ue1_qfi2,16,205.25,1587.5,30.303,ok,33.0,,pending,,pending,,,,,2.0,,,32,,Reservation,661058651,,,
ue5_qfi9,298.5,300.0,300.25,300.25,ok,0.8933708562629505,ok,ue5_qfi1,0,0,0,141.0,data,ok,2.0,False,,proxy,3,0,ue6_qfi2,0.0,148,150.0,ok,ue1_qfi2,22.175,ok,5,ok,32,ue6_qfi2,0.0,ok,0.35992715430038685,proxy,5,0.3596288743702185,67910697.6,ok,0.025618181818181818,ok,0.9307477272727273,0.0409140625,ok,ue1_qfi1,0.46938775510204084,49,100.0,data,ok,0.0,ue4_qfi2,56.346,ok,30.4,ue4_qfi2,1,109.25,109.25,30.303,ok,33.0,,pending,,pending,,,,,2.0,,,32,,TwoTier,661058651,,,
ue2_qfi2,134.496,148.966,149.862,150.201,ok,0.8896164894629912,ok,ue22_qfi82,0,0,0,57.000000000000384,data,ok,2.0,False,,proxy,3,0,ue6_qfi2,0.02027027027027027,148,150.0,ok,ue2_qfi2,149.973,ok,0,ok,32,ue12_qfi2,0.4732544,ok,0.4619317315078656,proxy,5,0.45546661950384437,67083540.800000004,ok,0.02700681818181818,ok,0.9321159090909091,0.0444359375,ok,ue1_qfi2,1.0,841,150.0,data,ok,0.0,ue22_qfi2,17.469000000000023,ok,1.8,ue2_qfi2,7,2313.5,4888.0,30.303,ok,33.0,,pending,,pending,,,,,2.0,,,32,,PF,87989972,,,
ue32_qfi9,300.25,300.25,300.25,300.25,ok,0.8931683034861918,ok,ue15_qfi9,1,1,1,4317.75,data,ok,2.0,False,,proxy,3,0,ue18_qfi2,0.0,147,150.0,ok,ue11_qfi2,149.094,ok,1,ok,32,ue18_qfi2,0.0,ok,0.46514324648067423,proxy,5,0.4132179503518061,64939491.2,ok,0.025140909090909092,ok,0.9217363636363637,0.37859375,ok,ue4_qfi1,0.0,11,100.0,data,ok,0.0,ue13_qfi9,205.75,ok,23.2,ue11_qfi2,16,447.25,2300.75,30.303,ok,33.0,,pending,,pending,,,,,2.0,,,32,,Reservation,87989972,,,
ue5_qfi9,298.5,300.0,300.25,300.25,ok,0.8905829305130097,ok,ue5_qfi1,0,0,0,170.75,data,ok,2.0,False,,proxy,3,0,ue6_qfi2,0.0,148,150.0,ok,ue4_qfi2,27.396,ok,5,ok,32,ue6_qfi2,0.0,ok,0.3597055945962476,proxy,5,0.3578472229690525,69235664.0,ok,0.027,ok,0.9312840909090909,0.04193125,ok,ue5_qfi1,0.4489795918367347,49,100.0,data,ok,0.0,ue2_qfi9,120.0,ok,30.4,ue2_qfi2,2,86.75,166.5,30.303,ok,33.0,,pending,,pending,,,,,2.0,,,32,,TwoTier,87989972,,,
ue3_qfi2,133.651,149.001,149.819,150.123,ok,0.8884615330465719,ok,ue6_qfi82,0,0,0,55.00000000000005,data,ok,2.0,False,,proxy,3,0,ue10_qfi2,0.02027027027027027,148,150.0,ok,ue32_qfi2,150.193,ok,0,ok,32,ue3_qfi2,0.46469279999999996,ok,0.46294032658803913,proxy,5,0.4574975286311978,67802107.2,ok,0.025968181818181817,ok,0.9313352272727272,0.0427546875,ok,ue1_qfi2,1.0,829,150.0,data,ok,0.0,ue8_qfi2,17.465000000000003,ok,1.4,ue24_qfi2,5,1744.25,4863.75,30.303,ok,33.0,,pending,,pending,,,,,2.0,,,32,,PF,161576974,,,
ue16_qfi9,300.0,300.25,300.25,300.25,ok,0.8940493021127986,ok,ue3_qfi9,0,1,2,1200.7499999999998,data,ok,2.0,False,,proxy,3,0,ue17_qfi2,0.0,148,150.0,ok,ue16_qfi2,99.412,ok,15,ok,32,ue17_qfi2,0.0,ok,0.4907018899041611,proxy,5,0.47908470145570525,65768800.0,ok,0.025329545454545455,ok,0.9284079545454546,0.332334375,ok,ue3_qfi1,0.21428571428571427,28,100.0,data,ok,0.0,ue12_qfi2,94.25299999999999,ok,30.0,ue2_qfi2,19,114.75,1499.0,30.303,ok,33.0,,pending,,pending,,,,,2.0,,,32,,Reservation,161576974,,,
ue5_qfi9,291.75,300.0,300.0,300.25,ok,0.8907167129614644,ok,ue5_qfi1,0,0,0,183.0,data,ok,2.0,False,,proxy,3,0,ue6_qfi2,0.0,147,150.0,ok,ue4_qfi2,31.228,ok,5,ok,32,ue6_qfi2,0.0,ok,0.35812894795822425,proxy,5,0.3575742378425164,68529400.0,ok,0.02629772727272727,ok,0.9318636363636363,0.04045,ok,ue5_qfi1,0.42857142857142855,49,100.0,data,ok,0.0,ue4_qfi9,156.75,ok,30.4,ue4_qfi2,4,98.25,316.25,30.303,ok,33.0,,pending,,pending,,,,,2.0,,,32,,TwoTier,161576974,,,
ue4_qfi2,132.793,149.17,149.75,150.124,ok,0.8875307604841003,ok,ue24_qfi82,0,0,0,100.00000000000009,data,ok,2.0,False,,proxy,3,0,ue20_qfi2,0.02027027027027027,148,150.0,ok,ue22_qfi2,150.127,ok,0,ok,32,ue5_qfi2,0.46686120000000003,ok,0.46459440159383725,proxy,5,0.45924783747242426,68347014.4,ok,0.025504545454545453,ok,0.9333534090909091,0.042446875,ok,ue24_qfi82,0.9897959183673469,98,100.0,data,ok,0.0,ue1_qfi2,17.644999999999982,ok,1.8,ue6_qfi2,7,1419.5,4875.5,30.303,ok,33.0,,pending,,pending,,,,,2.0,,,32,,PF,35492826,,,
ue28_qfi9,300.0,300.25,300.25,300.25,ok,0.8921224635952679,ok,ue8_qfi9,1,1,2,3203.9999999999995,data,ok,2.0,False,,proxy,3,0,ue16_qfi2,0.0,147,150.0,ok,ue6_qfi2,140.561,ok,0,ok,32,ue16_qfi2,0.0,ok,0.4893018677726377,proxy,5,0.4817120086886681,65638307.199999996,ok,0.02546590909090909,ok,0.9238875,0.36770625,ok,ue14_qfi1,0.19047619047619047,21,100.0,data,ok,0.0,ue4_qfi9,206.25,ok,29.2,ue2_qfi2,12,278.25,1546.0,30.303,ok,33.0,,pending,,pending,,,,,2.0,,,32,,Reservation,35492826,,,
ue5_qfi9,299.25,300.25,300.25,300.25,ok,0.8948726918376333,ok,ue5_qfi1,0,0,0,218.75,data,ok,2.0,False,,proxy,3,0,ue6_qfi2,0.0,148,150.0,ok,ue1_qfi2,26.919,ok,5,ok,32,ue6_qfi2,0.0,ok,0.3587433837587676,proxy,5,0.35730303910068595,66531627.2,ok,0.02664090909090909,ok,0.9336625,0.042884375,ok,ue1_qfi1,0.4897959183673469,49,100.0,data,ok,0.0,ue5_qfi2,89.518,ok,30.4,ue5_qfi2,1,137.5,137.5,30.303,ok,33.0,,pending,,pending,,,,,2.0,,,32,,TwoTier,35492826,,,
ue17_qfi2,133.556,148.543,149.701,150.093,ok,0.8878684285092675,ok,ue26_qfi82,0,0,0,54.74999999999986,data,ok,2.0,False,,proxy,3,0,ue25_qfi2,0.026845637583892617,149,150.0,ok,ue24_qfi2,150.0,ok,0,ok,32,ue32_qfi2,0.4498724,ok,0.46303652689756214,proxy,5,0.45759306403639755,68147867.2,ok,0.026718181818181818,ok,0.9331159090909091,0.04328125,ok,ue1_qfi2,1.0,845,150.0,data,ok,0.0,ue12_qfi2,17.491000000000014,ok,2.2,ue3_qfi2,6,2834.0,4751.75,30.303,ok,33.0,,pending,,pending,,,,,2.0,,,32,,PF,376383645,,,
ue16_qfi9,300.0,300.25,300.25,300.25,ok,0.8933794003608462,ok,ue4_qfi9,0,0,1,665.2499999999994,data,ok,2.0,False,,proxy,3,0,ue17_qfi2,0.0,147,150.0,ok,ue6_qfi2,102.334,ok,16,ok,32,ue17_qfi2,0.0,ok,0.4960586446813936,proxy,5,0.4816958101630556,66529926.4,ok,0.02570909090909091,ok,0.9256329545454546,0.3317484375,ok,ue2_qfi1,0.2571428571428571,35,100.0,data,ok,0.0,ue13_qfi2,86.63399999999999,ok,30.0,ue10_qfi2,16,120.0,1383.75,30.303,ok,33.0,,pending,,pending,,,,,2.0,,,32,,Reservation,376383645,,,
ue5_qfi9,230.5,299.75,300.0,300.25,ok,0.8864369813424661,ok,ue5_qfi1,0,0,0,174.75000000000003,data,ok,2.0,False,,proxy,3,0,ue6_qfi2,0.0,147,150.0,ok,ue3_qfi2,23.539,ok,5,ok,32,ue6_qfi2,0.0,ok,0.36000249467091383,proxy,5,0.35890926509828575,71421232.0,ok,0.026875,ok,0.9339170454545455,0.04020625,ok,ue3_qfi1,0.5102040816326531,49,100.0,data,ok,0.0,ue3_qfi9,147.25,ok,30.4,ue3_qfi2,6,78.75,450.0,30.303,ok,33.0,,pending,,pending,,,,,2.0,,,32,,TwoTier,376383645,,,
ue5_qfi2,133.863,148.75,149.938,150.152,ok,0.8873223396245907,ok,ue6_qfi82,0,0,0,99.99999999999987,data,ok,2.0,False,,proxy,3,0,ue22_qfi2,0.02027027027027027,148,150.0,ok,ue31_qfi2,150.156,ok,0,ok,32,ue8_qfi2,0.4620324,ok,0.4642149265782131,proxy,5,0.45672272008892545,68456278.4,ok,0.026220454545454547,ok,0.9322727272727273,0.0427296875,ok,ue1_qfi2,1.0,776,150.0,data,ok,0.0,ue27_qfi2,18.056999999999988,ok,2.4,ue31_qfi2,8,1327.75,4773.75,30.303,ok,33.0,,pending,,pending,,,,,2.0,,,32,,PF,1746484539,,,
ue31_qfi9,300.25,300.25,300.25,300.25,ok,0.893826451613491,ok,ue7_qfi9,1,1,1,2542.75,data,ok,2.0,False,,proxy,3,0,ue17_qfi2,0.0,147,150.0,ok,ue12_qfi2,143.085,ok,4,ok,32,ue17_qfi2,0.0,ok,0.47358474511998994,proxy,5,0.44806324937714626,64852387.2,ok,0.02503409090909091,ok,0.9220454545454545,0.3650296875,ok,ue28_qfi9,0.0,1,300.0,data,ok,0.0,ue15_qfi9,112.5,ok,27.6,ue3_qfi2,15,238.0,1975.0,30.303,ok,33.0,,pending,,pending,,,,,2.0,,,32,,Reservation,1746484539,,,
ue5_qfi9,298.75,300.0,300.25,300.25,ok,0.887600626827262,ok,ue2_qfi1,0,0,0,286.2499999999999,data,ok,2.0,False,,proxy,3,0,ue6_qfi2,0.0,147,150.0,ok,ue1_qfi2,49.615,ok,5,ok,32,ue6_qfi2,0.0,ok,0.3583430387116441,proxy,5,0.35447019929808504,70166393.6,ok,0.02568181818181818,ok,0.9333159090909091,0.04078125,ok,ue1_qfi1,0.48936170212765956,47,100.0,data,ok,0.0,ue3_qfi9,137.25,ok,30.4,ue4_qfi2,3,97.25,263.0,30.303,ok,33.0,,pending,,pending,,,,,2.0,,,32,,TwoTier,1746484539,,,
ue8_qfi9,298.0,300.0,300.25,300.25,ok,0.27686579562656505,ok,ue6_qfi1,0,0,0,136.49999999999994,data,ok,2.0,False,,proxy,3,0,ue1_qfi2,1.0,152,150.0,ok,ue8_qfi2,25.694,ok,8,ok,8,ue2_qfi2,0.9578576,ok,0.9543024085615089,proxy,5,0.9512408963531349,67414070.4,ok,0.004706818181818182,ok,0.9305852272727273,0.0377140625,ok,ue4_qfi1,0.5306122448979592,49,100.0,data,ok,0.0,ue6_qfi1,37.5,ok,30.4,ue1_qfi2,0,0.0,0.0,30.303,ok,33.0,,pending,,pending,,,,,,,,,,PF,1826701614,,,1
ue4_qfi9,293.25,299.75,300.0,300.25,ok,0.2775534300456088,ok,ue3_qfi1,0,0,0,120.50000000000027,data,ok,2.0,False,,proxy,3,0,ue7_qfi2,0.0,147,150.0,ok,ue5_qfi2,18.483,ok,6,ok,8,ue7_qfi2,0.0,ok,0.8085867401540792,proxy,5,0.8078926421165735,66410208.0,ok,0.0041045454545454545,ok,0.9314965909090909,0.0866484375,ok,ue1_qfi1,0.46938775510204084,49,100.0,data,ok,0.0,ue1_qfi9,134.75,ok,30.4,ue1_qfi2,0,0.0,0.0,30.303,ok,33.0,,pending,,pending,,,,,,,,,,Reservation,1826701614,,,1
ue3_qfi9,38.0,248.25,282.5,290.0,ok,0.40072846201099893,ok,ue2_qfi1,0,0,0,450.00000000000017,data,ok,2.0,False,,proxy,3,0,ue6_qfi2,0.0,147,150.0,ok,ue2_qfi2,61.515,ok,0,ok,8,ue6_qfi2,0.0,ok,0.7083992774527972,proxy,5,0.7040442718480481,55903752.0,ok,0.004818181818181818,ok,0.9313238636363637,0.0385015625,ok,ue1_qfi1,0.4418604651162791,43,100.0,data,ok,0.0,ue3_qfi9,252.0,ok,26.4,ue2_qfi2,8,445.25,1348.25,30.303,ok,33.0,,pending,,pending,,,,,,,,,,TwoTier,1826701614,,,1
ue8_qfi9,297.5,299.75,300.0,300.25,ok,0.26603060152368824,ok,ue5_qfi1,0,0,0,140.74999999999972,data,ok,2.0,False,,proxy,3,0,ue1_qfi2,1.0,152,150.0,ok,ue6_qfi2,25.126,ok,8,ok,8,ue3_qfi2,0.959342,ok,0.9565440881646593,proxy,5,0.9451915468659646,68422590.4,ok,0.004922727272727273,ok,0.9315931818181818,0.034859375,ok,ue3_qfi1,0.46938775510204084,49,100.0,data,ok,0.0,ue5_qfi1,38.5,ok,30.4,ue1_qfi2,0,0.0,0.0,30.303,ok,33.0,,pending,,pending,,,,,,,,,,PF,1367864806,,,1
ue7_qfi9,293.75,299.5,300.0,300.0,ok,0.2770571554635402,ok,ue5_qfi1,0,0,0,121.50000000000017,data,ok,2.0,False,,proxy,3,0,ue6_qfi2,0.0,147,150.0,ok,ue7_qfi2,19.021,ok,5,ok,8,ue6_qfi2,0.0,ok,0.8068752092875787,proxy,5,0.7982998601934409,66541254.4,ok,0.004390909090909091,ok,0.9333295454545455,0.076575,ok,ue2_qfi1,0.42857142857142855,49,100.0,data,ok,0.0,ue2_qfi9,275.75,ok,30.4,ue1_qfi2,0,0.0,0.0,30.303,ok,33.0,,pending,,pending,,,,,,,,,,Reservation,1367864806,,,1
ue3_qfi9,28.5,257.0,282.75,291.75,ok,0.4364132611085786,ok,ue1_qfi1,0,0,1,535.25,data,ok,2.0,False,,proxy,3,0,ue6_qfi2,0.0,147,150.0,ok,ue3_qfi2,111.143,ok,0,ok,8,ue6_qfi2,0.0,ok,0.6983857423164743,proxy,5,0.6808500394336546,52246636.8,ok,0.004854545454545454,ok,0.9311704545454546,0.03415,ok,ue5_qfi1,0.4,40,100.0,data,ok,0.0,ue2_qfi9,264.75,ok,23.8,ue3_qfi2,6,447.25,1927.25,30.303,ok,33.0,,pending,,pending,,,,,,,,,,TwoTier,1367864806,,,1
ue8_qfi9,298.0,300.0,300.0,300.25,ok,0.28292170398563943,ok,ue3_qfi1,0,0,0,121.75000000000003,data,ok,2.0,False,,proxy,3,0,ue2_qfi2,0.993421052631579,152,150.0,ok,ue3_qfi2,25.229,ok,8,ok,8,ue8_qfi2,0.9680356,ok,0.9531655167069714,proxy,5,0.9470962616944628,67031606.4,ok,0.005156818181818182,ok,0.9317522727272727,0.03578125,ok,ue6_qfi1,0.4897959183673469,49,100.0,data,ok,0.0,ue3_qfi1,25.0,ok,30.2,ue2_qfi2,1,69.0,69.0,30.303,ok,33.0,,pending,,pending,,,,,,,,,,PF,1097657231,,,1
ue7_qfi9,295.75,299.75,300.0,300.25,ok,0.3116845480492767,ok,ue5_qfi1,0,0,0,120.24999999999997,data,ok,2.0,False,,proxy,3,0,ue6_qfi2,0.0,147,150.0,ok,ue7_qfi2,32.721,ok,5,ok,8,ue6_qfi2,0.0,ok,0.7725643118325287,proxy,5,0.7182448996134758,63346281.6,ok,0.004245454545454545,ok,0.9318431818181818,0.0806125,ok,ue7_qfi1,0.4642857142857143,28,100.0,data,ok,0.0,ue1_qfi9,254.5,ok,30.4,ue1_qfi2,0,0.0,0.0,30.303,ok,33.0,,pending,,pending,,,,,,,,,,Reservation,1097657231,,,1
ue1_qfi9,27.75,220.75,265.5,283.5,ok,0.39719840180782473,ok,ue3_qfi1,0,0,0,461.9999999999998,data,ok,2.0,False,,proxy,3,0,ue6_qfi2,0.0,147,150.0,ok,ue5_qfi2,68.641,ok,0,ok,8,ue6_qfi2,0.0,ok,0.7097384418038996,proxy,5,0.6979373898625427,56330772.8,ok,0.004940909090909091,ok,0.9323306818181818,0.0351625,ok,ue3_qfi1,0.45652173913043476,46,100.0,data,ok,0.0,ue1_qfi9,255.75,ok,27.0,ue5_qfi2,4,453.25,1071.0,30.303,ok,33.0,,pending,,pending,,,,,,,,,,TwoTier,1097657231,,,1
ue8_qfi9,297.75,300.0,300.0,300.25,ok,0.24882266520891325,ok,ue8_qfi1,0,0,0,127.99999999999967,data,ok,2.0,False,,proxy,3,0,ue1_qfi2,1.0,152,150.0,ok,ue8_qfi2,25.0,ok,8,ok,8,ue8_qfi2,0.9636376,ok,0.9622391910026387,proxy,5,0.9578634333020641,70044726.4,ok,0.004856818181818182,ok,0.9310068181818182,0.0344390625,ok,ue1_qfi1,0.4489795918367347,49,100.0,data,ok,0.0,ue8_qfi1,25.5,ok,30.4,ue1_qfi2,0,0.0,0.0,30.303,ok,33.0,,pending,,pending,,,,,,,,,,PF,579362555,,,1
ue2_qfi9,290.0,299.0,299.75,300.0,ok,0.2600352320598034,ok,ue2_qfi1,0,0,0,119.25000000000009,data,ok,2.0,False,,proxy,3,0,ue7_qfi2,0.0,147,150.0,ok,ue2_qfi2,18.758,ok,6,ok,8,ue7_qfi2,0.0,ok,0.8105923406000919,proxy,5,0.8081680402596358,68340622.4,ok,0.003911363636363636,ok,0.9332397727272728,0.0802234375,ok,ue6_qfi1,0.4489795918367347,49,100.0,data,ok,0.0,ue6_qfi9,115.75,ok,30.4,ue1_qfi2,0,0.0,0.0,30.303,ok,33.0,,pending,,pending,,,,,,,,,,Reservation,579362555,,,1
ue1_qfi9,37.75,254.25,282.0,291.5,ok,0.42134871719699224,ok,ue4_qfi1,0,0,0,479.99999999999955,data,ok,2.0,False,,proxy,3,0,ue6_qfi2,0.0,148,150.0,ok,ue1_qfi2,108.937,ok,0,ok,8,ue6_qfi2,0.0,ok,0.704274628076348,proxy,5,0.6898398801475811,53613448.0,ok,0.004522727272727273,ok,0.9305522727272727,0.0364109375,ok,ue5_qfi1,0.5,42,100.0,data,ok,0.0,ue4_qfi9,255.5,ok,26.4,ue5_qfi2,5,439.0,1145.5,30.303,ok,33.0,,pending,,pending,,,,,,,,,,TwoTier,579362555,,,1
ue8_qfi9,295.5,299.75,300.0,300.25,ok,0.24850919626020732,ok,ue3_qfi1,0,0,0,150.9999999999998,data,ok,2.0,False,,proxy,3,0,ue2_qfi2,0.993421052631579,152,150.0,ok,ue7_qfi2,24.165,ok,8,ok,8,ue8_qfi2,0.9537664,ok,0.9622582525690214,proxy,5,0.9551075974002187,69764577.6,ok,0.004979545454545454,ok,0.9323943181818182,0.0342203125,ok,ue1_qfi1,0.4897959183673469,49,100.0,data,ok,0.0,ue3_qfi1,47.75,ok,30.2,ue2_qfi2,1,68.0,68.0,30.303,ok,33.0,,pending,,pending,,,,,,,,,,PF,661058651,,,1
ue8_qfi9,259.75,298.5,299.5,300.0,ok,0.2735403309542279,ok,ue8_qfi1,0,0,0,121.50000000000017,data,ok,2.0,False,,proxy,3,0,ue6_qfi2,0.0,147,150.0,ok,ue8_qfi2,18.5,ok,5,ok,8,ue6_qfi2,0.0,ok,0.7989144998644304,proxy,5,0.7561111548606289,66968339.2,ok,0.004184090909090909,ok,0.9321238636363637,0.07861875,ok,ue3_qfi1,0.4897959183673469,49,100.0,data,ok,0.0,ue2_qfi9,252.0,ok,30.4,ue1_qfi2,0,0.0,0.0,30.303,ok,33.0,,pending,,pending,,,,,,,,,,Reservation,661058651,,,1
ue7_qfi9,220.0,299.5,300.0,300.25,ok,0.3469552375861619,ok,ue4_qfi9,0,0,1,560.7500000000001,data,ok,2.0,False,,proxy,3,0,ue8_qfi2,0.0,148,150.0,ok,ue6_qfi2,114.845,ok,0,ok,8,ue8_qfi2,0.0,ok,0.7994789370844333,proxy,5,0.705965357573964,60352502.4,ok,0.005368181818181818,ok,0.9301363636363637,0.034071875,ok,ue2_qfi1,0.4186046511627907,43,100.0,data,ok,0.0,ue1_qfi9,272.25,ok,28.8,ue5_qfi2,7,421.5,930.0,30.303,ok,33.0,,pending,,pending,,,,,,,,,,TwoTier,661058651,,,1
ue8_qfi9,298.25,300.0,300.25,300.25,ok,0.2986655577069819,ok,ue4_qfi1,0,0,0,153.99999999999991,data,ok,2.0,False,,proxy,3,0,ue6_qfi2,0.993421052631579,152,150.0,ok,ue3_qfi2,25.288,ok,8,ok,8,ue3_qfi2,0.9638684000000001,ok,0.948442109807598,proxy,5,0.9432115605534025,65570259.2,ok,0.00505,ok,0.9323647727272727,0.0384328125,ok,ue1_qfi1,0.5102040816326531,49,100.0,data,ok,0.0,ue4_qfi1,49.5,ok,30.4,ue1_qfi2,0,0.0,0.0,30.303,ok,33.0,,pending,,pending,,,,,,,,,,PF,87989972,,,1
ue6_qfi9,294.5,299.75,300.0,300.25,ok,0.32959536504828973,ok,ue2_qfi1,0,0,0,125.0,data,ok,2.0,False,,proxy,3,0,ue7_qfi2,0.0,147,150.0,ok,ue6_qfi2,28.839,ok,5,ok,8,ue7_qfi2,0.0,ok,0.7714556220853076,proxy,5,0.7184804941683354,61623660.800000004,ok,0.004636363636363636,ok,0.933125,0.08709375,ok,ue2_qfi1,0.4489795918367347,49,100.0,data,ok,0.0,ue4_qfi9,236.0,ok,30.0,ue4_qfi2,1,76.0,76.0,30.303,ok,33.0,,pending,,pending,,,,,,,,,,Reservation,87989972,,,1
ue1_qfi9,30.25,153.0,245.75,268.0,ok,0.3685284051739661,ok,ue1_qfi1,0,0,0,437.00000000000006,data,ok,2.0,False,,proxy,3,0,ue6_qfi2,0.0,147,150.0,ok,ue4_qfi2,36.5,ok,4,ok,8,ue6_qfi2,0.0,ok,0.7175523133929484,proxy,5,0.713561370506177,58886958.4,ok,0.005277272727272728,ok,0.9321818181818182,0.038915625,ok,ue2_qfi1,0.4897959183673469,49,100.0,data,ok,0.0,ue1_qfi9,237.75,ok,30.4,ue4_qfi2,3,103.75,239.25,30.303,ok,33.0,,pending,,pending,,,,,,,,,,TwoTier,87989972,,,1
ue8_qfi9,297.25,299.75,300.0,300.25,ok,0.27550726731076375,ok,ue5_qfi1,0,0,0,124.00000000000011,data,ok,2.0,False,,proxy,3,0,ue1_qfi2,1.0,152,150.0,ok,ue4_qfi2,26.553,ok,8,ok,8,ue3_qfi2,0.950306,ok,0.9537289830297535,proxy,5,0.9373969704563362,67460713.6,ok,0.004902272727272727,ok,0.9328954545454545,0.0369515625,ok,ue5_qfi1,0.46938775510204084,49,100.0,data,ok,0.0,ue1_qfi1,24.25,ok,30.4,ue1_qfi2,0,0.0,0.0,30.303,ok,33.0,,pending,,pending,,,,,,,,,,PF,161576974,,,1
ue2_qfi9,209.0,299.25,299.75,300.0,ok,0.33019041379880176,ok,ue1_qfi1,0,0,1,507.5000000000003,data,ok,2.0,False,,proxy,3,0,ue7_qfi2,0.0,147,150.0,ok,ue6_qfi2,34.959,ok,4,ok,8,ue7_qfi2,0.0,ok,0.7549609676167776,proxy,5,0.7148284265000534,61941084.8,ok,0.0043318181818181815,ok,0.9312420454545455,0.086153125,ok,ue1_qfi1,0.4444444444444444,45,100.0,data,ok,0.0,ue1_qfi9,264.75,ok,28.6,ue1_qfi2,1,438.5,438.5,30.303,ok,33.0,,pending,,pending,,,,,,,,,,Reservation,161576974,,,1
ue1_qfi9,49.75,214.0,260.25,280.0,ok,0.38007842899976496,ok,ue5_qfi9,0,0,0,450.4999999999999,data,ok,2.0,False,,proxy,3,0,ue6_qfi2,0.0,147,150.0,ok,ue1_qfi2,57.874,ok,2,ok,8,ue6_qfi2,0.0,ok,0.7152775857668912,proxy,5,0.7097601512151206,57579950.4,ok,0.005204545454545455,ok,0.9324840909090909,0.03995,ok,ue2_qfi1,0.46938775510204084,49,100.0,data,ok,0.0,ue1_qfi9,230.25,ok,28.6,ue5_qfi2,6,444.25,854.75,30.303,ok,33.0,,pending,,pending,,,,,,,,,,TwoTier,161576974,,,1
ue8_qfi9,298.0,300.0,300.25,300.25,ok,0.2924727803460798,ok,ue1_qfi1,0,0,0,118.24999999999974,data,ok,2.0,False,,proxy,3,0,ue2_qfi2,0.993421052631579,152,150.0,ok,ue5_qfi2,27.117,ok,8,ok,8,ue6_qfi2,0.9690408,ok,0.9500964252442554,proxy,5,0.9420392184478527,66189430.4,ok,0.0048386363636363635,ok,0.9343806818181818,0.0378953125,ok,ue1_qfi1,0.46938775510204084,49,100.0,data,ok,0.0,ue4_qfi1,20.25,ok,30.2,ue2_qfi2,1,67.75,67.75,30.303,ok,33.0,,pending,,pending,,,,,,,,,,PF,35492826,,,1
ue6_qfi9,288.75,298.75,299.75,300.0,ok,0.28716595813917284,ok,ue2_qfi1,0,0,0,120.24999999999997,data,ok,2.0,False,,proxy,3,0,ue7_qfi2,0.0,147,150.0,ok,ue5_qfi2,19.0,ok,6,ok,8,ue7_qfi2,0.0,ok,0.8080672635089812,proxy,5,0.8064763927051198,65606606.4,ok,0.004193181818181818,ok,0.932965909090909,0.0868,ok,ue5_qfi1,0.4489795918367347,49,100.0,data,ok,0.0,ue4_qfi9,192.0,ok,30.4,ue1_qfi2,0,0.0,0.0,30.303,ok,33.0,,pending,,pending,,,,,,,,,,Reservation,35492826,,,1
ue3_qfi9,43.0,235.5,279.0,288.0,ok,0.3919371118289084,ok,ue5_qfi1,0,0,1,532.0,data,ok,2.0,False,,proxy,3,0,ue6_qfi2,0.0,147,150.0,ok,ue2_qfi2,68.32,ok,1,ok,8,ue6_qfi2,0.0,ok,0.7109560770788379,proxy,5,0.701483764029191,56792478.4,ok,0.005120454545454545,ok,0.9348272727272727,0.0387234375,ok,ue3_qfi1,0.4883720930232558,43,100.0,data,ok,0.0,ue2_qfi9,245.25,ok,28.6,ue4_qfi2,6,446.5,843.25,30.303,ok,33.0,,pending,,pending,,,,,,,,,,TwoTier,35492826,,,1
ue8_qfi9,297.25,300.0,300.0,300.25,ok,0.2767342514043939,ok,ue1_qfi1,0,0,0,139.0,data,ok,2.0,False,,proxy,3,0,ue1_qfi2,1.0,152,150.0,ok,ue1_qfi2,24.929,ok,8,ok,8,ue2_qfi2,0.9666928,ok,0.953978379126973,proxy,5,0.9466102058041659,67520502.4,ok,0.0046409090909090905,ok,0.9338352272727273,0.036971875,ok,ue8_qfi1,0.3877551020408163,49,100.0,data,ok,0.0,ue1_qfi1,40.75,ok,30.4,ue1_qfi2,0,0.0,0.0,30.303,ok,33.0,,pending,,pending,,,,,,,,,,PF,376383645,,,1
ue7_qfi9,294.5,299.75,300.0,300.25,ok,0.32711961441933046,ok,ue4_qfi1,0,0,0,120.24999999999997,data,ok,2.0,False,,proxy,3,0,ue6_qfi2,0.0,147,150.0,ok,ue7_qfi2,19.078,ok,5,ok,8,ue6_qfi2,0.0,ok,0.7822641117195716,proxy,5,0.7166559070655533,62307115.2,ok,0.004386363636363636,ok,0.9342375,0.0854171875,ok,ue3_qfi1,0.4897959183673469,49,100.0,data,ok,0.0,ue4_qfi9,248.5,ok,30.4,ue1_qfi2,0,0.0,0.0,30.303,ok,33.0,,pending,,pending,,,,,,,,,,Reservation,376383645,,,1
ue5_qfi9,51.75,219.0,263.0,282.0,ok,0.3989158050764027,ok,ue2_qfi1,0,0,0,459.5,data,ok,2.0,False,,proxy,3,0,ue6_qfi2,0.0,147,150.0,ok,ue5_qfi2,67.083,ok,0,ok,8,ue6_qfi2,0.0,ok,0.7095142331449528,proxy,5,0.6956415317547162,55939785.6,ok,0.005006818181818182,ok,0.9348875,0.0378984375,ok,ue4_qfi1,0.5217391304347826,46,100.0,data,ok,0.0,ue1_qfi9,239.5,ok,26.4,ue5_qfi2,7,441.5,1283.5,30.303,ok,33.0,,pending,,pending,,,,,,,,,,TwoTier,376383645,,,1
ue7_qfi9,297.75,300.0,300.0,300.25,ok,0.24764223402058153,ok,ue3_qfi1,0,0,0,119.00000000000021,data,ok,2.0,False,,proxy,3,0,ue5_qfi2,0.993421052631579,152,150.0,ok,ue3_qfi2,26.203,ok,8,ok,8,ue3_qfi2,0.9658652,ok,0.9625291709040674,proxy,5,0.9584684626720545,70001803.2,ok,0.0054181818181818185,ok,0.9338920454545454,0.0346359375,ok,ue5_qfi1,0.4489795918367347,49,100.0,data,ok,0.0,ue6_qfi1,19.5,ok,30.2,ue5_qfi2,1,71.0,71.0,30.303,ok,33.0,,pending,,pending,,,,,,,,,,PF,1746484539,,,1
ue1_qfi9,120.5,298.0,299.25,299.75,ok,0.25673712311934904,ok,ue6_qfi1,0,0,0,117.24999999999986,data,ok,2.0,False,,proxy,3,0,ue7_qfi2,0.0,147,150.0,ok,ue1_qfi2,19.093,ok,6,ok,8,ue7_qfi2,0.0,ok,0.8104692075256537,proxy,5,0.8078137739461775,68417464.0,ok,0.003952272727272727,ok,0.9324875,0.080275,ok,ue1_qfi1,0.4489795918367347,49,100.0,data,ok,0.0,ue1_qfi9,179.25,ok,30.4,ue1_qfi2,0,0.0,0.0,30.303,ok,33.0,,pending,,pending,,,,,,,,,,Reservation,1746484539,,,1
ue2_qfi9,35.5,296.25,299.0,299.75,ok,0.3892901518362696,ok,ue3_qfi9,0,0,1,536.2499999999999,data,ok,2.0,False,,proxy,3,0,ue8_qfi2,0.0,147,150.0,ok,ue6_qfi2,124.0,ok,0,ok,8,ue8_qfi2,0.0,ok,0.7384359146687032,proxy,5,0.6956933829857016,56428713.6,ok,0.004979545454545454,ok,0.9343659090909091,0.0346359375,ok,ue6_qfi1,0.2857142857142857,7,100.0,data,ok,0.0,ue4_qfi9,264.5,ok,25.2,ue3_qfi2,7,464.0,1706.25,30.303,ok,33.0,,pending,,pending,,,,,,,,,,TwoTier,1746484539,,,1
ue8_qfi9,298.0,300.0,300.25,300.25,ok,0.27686579562656505,ok,ue6_qfi1,0,0,0,136.49999999999994,data,ok,2.0,False,,proxy,3,0,ue1_qfi2,1.0,152,150.0,ok,ue8_qfi2,25.694,ok,8,ok,8,ue2_qfi2,0.9578576,ok,0.9543024085615089,proxy,5,0.9512408963531349,67414070.4,ok,0.004706818181818182,ok,0.9305852272727273,0.0377140625,ok,ue4_qfi1,0.5306122448979592,49,100.0,data,ok,0.0,ue6_qfi1,37.5,ok,30.4,ue1_qfi2,0,0.0,0.0,30.303,ok,33.0,,pending,,pending,,,,,,,,,,PF,1826701614,True,,
ue8_qfi9,298.25,300.0,300.25,300.25,ok,0.299242777153354,ok,ue5_qfi1,0,0,0,124.49999999999983,data,ok,2.0,False,,proxy,3,0,ue1_qfi2,0.993421052631579,152,150.0,ok,ue6_qfi2,24.375,ok,8,ok,8,ue2_qfi2,0.9578576,ok,0.9514075632242738,proxy,5,0.9483554427154028,66281363.2,ok,0.0041045454545454545,ok,0.9317590909090909,0.1190609375,ok,ue2_qfi1,0.4489795918367347,49,100.0,data,ok,0.0,ue7_qfi1,25.75,ok,30.2,ue6_qfi2,1,72.0,72.0,30.303,ok,33.0,,pending,,pending,,,,,,,,,,Reservation,1826701614,True,,
ue2_qfi9,17.75,36.5,43.0,51.75,ok,0.36312258706803313,ok,ue1_qfi1,0,0,0,118.00000000000033,data,ok,2.0,False,,proxy,3,0,ue6_qfi2,0.0,147,150.0,ok,ue1_qfi2,22.157,ok,5,ok,8,ue6_qfi2,0.0,ok,0.7186742526141103,proxy,5,0.7186383447829076,59509993.6,ok,0.005318181818181818,ok,0.9308363636363637,0.0381953125,ok,ue3_qfi1,0.4489795918367347,49,100.0,data,ok,0.0,ue2_qfi9,34.0,ok,30.4,ue1_qfi2,0,0.0,0.0,30.303,ok,33.0,,pending,,pending,,,,,,,,,,TwoTier,1826701614,True,,
ue8_qfi9,297.5,299.75,300.0,300.25,ok,0.2660126624612146,ok,ue5_qfi1,0,0,0,141.24999999999943,data,ok,2.0,False,,proxy,3,0,ue1_qfi2,1.0,152,150.0,ok,ue6_qfi2,24.814,ok,8,ok,8,ue3_qfi2,0.9580716,ok,0.9566026705274309,proxy,5,0.9453328029314209,68434492.8,ok,0.0049113636363636365,ok,0.9316647727272728,0.0348078125,ok,ue1_qfi1,0.5102040816326531,49,100.0,data,ok,0.0,ue5_qfi1,38.5,ok,30.4,ue1_qfi2,0,0.0,0.0,30.303,ok,33.0,,pending,,pending,,,,,,,,,,PF,1367864806,True,,
ue7_qfi9,295.75,299.75,300.0,300.25,ok,0.27701440090534163,ok,ue3_qfi1,0,0,0,123.25000000000009,data,ok,2.0,False,,proxy,3,0,ue8_qfi2,0.0,147,150.0,ok,ue6_qfi2,21.798,ok,7,ok,8,ue8_qfi2,0.0,ok,0.8878327129957414,proxy,5,0.8773562292276651,67344222.4,ok,0.004197727272727273,ok,0.9329602272727273,0.091765625,ok,ue3_qfi1,0.46938775510204084,49,100.0,data,ok,0.0,ue7_qfi1,29.25,ok,30.4,ue1_qfi2,0,0.0,0.0,30.303,ok,33.0,,pending,,pending,,,,,,,,,,Reservation,1367864806,True,,
ue2_qfi9,12.25,44.5,55.0,61.75,ok,0.3649849646382396,ok,ue3_qfi1,0,0,0,118.50000000000006,data,ok,2.0,False,,proxy,3,0,ue6_qfi2,0.0,147,150.0,ok,ue3_qfi2,21.355,ok,5,ok,8,ue6_qfi2,0.0,ok,0.7186660889080511,proxy,5,0.7185597909328176,59184764.8,ok,0.004736363636363637,ok,0.9315704545454545,0.033515625,ok,ue5_qfi1,0.4489795918367347,49,100.0,data,ok,0.0,ue2_qfi9,49.5,ok,30.2,ue1_qfi2,1,72.5,72.5,30.303,ok,33.0,,pending,,pending,,,,,,,,,,TwoTier,1367864806,True,,
ue8_qfi9,298.0,300.0,300.0,300.25,ok,0.28292170398563943,ok,ue3_qfi1,0,0,0,121.75000000000003,data,ok,2.0,False,,proxy,3,0,ue2_qfi2,0.993421052631579,152,150.0,ok,ue3_qfi2,25.229,ok,8,ok,8,ue8_qfi2,0.9680356,ok,0.9531655167069714,proxy,5,0.9470962616944628,67031606.4,ok,0.005156818181818182,ok,0.9317522727272727,0.03578125,ok,ue6_qfi1,0.4897959183673469,49,100.0,data,ok,0.0,ue3_qfi1,25.0,ok,30.2,ue2_qfi2,1,69.0,69.0,30.303,ok,33.0,,pending,,pending,,,,,,,,,,PF,1097657231,True,,
ue8_qfi9,297.5,300.0,300.25,300.25,ok,0.3002897383037218,ok,ue5_qfi1,0,0,0,129.0,data,ok,2.0,False,,proxy,3,0,ue3_qfi2,0.993421052631579,152,150.0,ok,ue7_qfi2,24.084,ok,8,ok,8,ue8_qfi2,0.9680356,ok,0.950834679573866,proxy,5,0.9451648460515271,66215174.4,ok,0.004113636363636364,ok,0.9308727272727273,0.1125625,ok,ue2_qfi1,0.5102040816326531,49,100.0,data,ok,0.0,ue5_qfi1,23.5,ok,30.2,ue7_qfi2,1,79.75,79.75,30.303,ok,33.0,,pending,,pending,,,,,,,,,,Reservation,1097657231,True,,
ue3_qfi9,16.75,37.75,45.0,47.75,ok,0.3632157087013556,ok,ue3_qfi1,0,0,0,114.50000000000004,data,ok,2.0,False,,proxy,3,0,ue6_qfi2,0.0,147,150.0,ok,ue5_qfi2,20.943,ok,5,ok,8,ue6_qfi2,0.0,ok,0.7186879572442842,proxy,5,0.7186622086039138,59632856.0,ok,0.005009090909090909,ok,0.9312897727272728,0.034865625,ok,ue1_qfi1,0.42857142857142855,49,100.0,data,ok,0.0,ue3_qfi9,31.0,ok,30.4,ue1_qfi2,0,0.0,0.0,30.303,ok,33.0,,pending,,pending,,,,,,,,,,TwoTier,1097657231,True,,
ue8_qfi9,297.75,300.0,300.0,300.25,ok,0.24882266520891325,ok,ue8_qfi1,0,0,0,127.99999999999967,data,ok,2.0,False,,proxy,3,0,ue1_qfi2,1.0,152,150.0,ok,ue8_qfi2,25.0,ok,8,ok,8,ue8_qfi2,0.9636376,ok,0.9622391910026387,proxy,5,0.9578634333020641,70044726.4,ok,0.004856818181818182,ok,0.9310068181818182,0.0344390625,ok,ue1_qfi1,0.4489795918367347,49,100.0,data,ok,0.0,ue8_qfi1,25.5,ok,30.4,ue1_qfi2,0,0.0,0.0,30.303,ok,33.0,,pending,,pending,,,,,,,,,,PF,579362555,True,,
ue7_qfi9,290.0,299.75,300.0,300.25,ok,0.25057424187250843,ok,ue2_qfi1,0,0,0,120.74999999999969,data,ok,2.0,False,,proxy,3,0,ue8_qfi2,0.0,148,150.0,ok,ue2_qfi2,20.452,ok,7,ok,8,ue8_qfi2,0.0,ok,0.8934914289042881,proxy,5,0.8907994150149997,69792427.2,ok,0.003911363636363636,ok,0.9331636363636364,0.089190625,ok,ue3_qfi1,0.40816326530612246,49,100.0,data,ok,0.0,ue3_qfi9,21.25,ok,30.4,ue1_qfi2,0,0.0,0.0,30.303,ok,33.0,,pending,,pending,,,,,,,,,,Reservation,579362555,True,,
ue2_qfi9,14.5,34.25,41.75,47.0,ok,0.3627249229104162,ok,ue5_qfi1,0,0,0,112.50000000000027,data,ok,2.0,False,,proxy,3,0,ue6_qfi2,0.0,148,150.0,ok,ue4_qfi2,19.55,ok,5,ok,8,ue6_qfi2,0.0,ok,0.7186691899887611,proxy,5,0.7186309196202568,59692057.6,ok,0.005025,ok,0.9321647727272727,0.0357859375,ok,ue1_qfi1,0.3673469387755102,49,100.0,data,ok,0.0,ue2_qfi9,32.5,ok,30.4,ue1_qfi2,0,0.0,0.0,30.303,ok,33.0,,pending,,pending,,,,,,,,,,TwoTier,579362555,True,,
ue8_qfi9,295.5,299.75,300.0,300.25,ok,0.24850919626020732,ok,ue3_qfi1,0,0,0,150.9999999999998,data,ok,2.0,False,,proxy,3,0,ue2_qfi2,0.993421052631579,152,150.0,ok,ue7_qfi2,24.165,ok,8,ok,8,ue8_qfi2,0.9537664,ok,0.9622582525690214,proxy,5,0.9551075974002187,69764577.6,ok,0.004979545454545454,ok,0.9323943181818182,0.0342203125,ok,ue1_qfi1,0.4897959183673469,49,100.0,data,ok,0.0,ue3_qfi1,47.75,ok,30.2,ue2_qfi2,1,68.0,68.0,30.303,ok,33.0,,pending,,pending,,,,,,,,,,PF,661058651,True,,
ue4_qfi9,206.0,299.0,299.75,300.0,ok,0.25705459970630545,ok,ue1_qfi1,0,0,0,122.00000000000033,data,ok,2.0,False,,proxy,3,0,ue7_qfi2,0.0,147,150.0,ok,ue5_qfi2,18.825,ok,6,ok,8,ue7_qfi2,0.0,ok,0.8101092197276232,proxy,5,0.8082269978613656,68648086.4,ok,0.004045454545454546,ok,0.9323875,0.08473125,ok,ue6_qfi1,0.42857142857142855,49,100.0,data,ok,0.0,ue3_qfi9,238.5,ok,30.4,ue1_qfi2,0,0.0,0.0,30.303,ok,33.0,,pending,,pending,,,,,,,,,,Reservation,661058651,True,,
ue4_qfi9,18.25,39.5,46.25,50.5,ok,0.3629381048141996,ok,ue4_qfi1,0,0,0,117.50000000000016,data,ok,2.0,False,,proxy,3,0,ue6_qfi2,0.0,147,150.0,ok,ue5_qfi2,21.375,ok,5,ok,8,ue6_qfi2,0.0,ok,0.7186903106062527,proxy,5,0.7186636234795623,59429064.0,ok,0.004715909090909091,ok,0.9325272727272728,0.0343515625,ok,ue1_qfi1,0.46938775510204084,49,100.0,data,ok,0.0,ue5_qfi9,32.75,ok,30.4,ue1_qfi2,0,0.0,0.0,30.303,ok,33.0,,pending,,pending,,,,,,,,,,TwoTier,661058651,True,,
ue8_qfi9,298.25,300.0,300.25,300.25,ok,0.2986655577069819,ok,ue4_qfi1,0,0,0,153.99999999999991,data,ok,2.0,False,,proxy,3,0,ue6_qfi2,0.993421052631579,152,150.0,ok,ue3_qfi2,25.288,ok,8,ok,8,ue3_qfi2,0.9638684000000001,ok,0.948442109807598,proxy,5,0.9432115605534025,65570259.2,ok,0.00505,ok,0.9323647727272727,0.0384328125,ok,ue1_qfi1,0.5102040816326531,49,100.0,data,ok,0.0,ue4_qfi1,49.5,ok,30.4,ue1_qfi2,0,0.0,0.0,30.303,ok,33.0,,pending,,pending,,,,,,,,,,PF,87989972,True,,
ue7_qfi9,296.25,300.0,300.0,300.25,ok,0.30185055597261,ok,ue4_qfi1,0,0,0,124.00000000000011,data,ok,2.0,False,,proxy,3,0,ue8_qfi2,0.0,147,150.0,ok,ue3_qfi2,22.538,ok,7,ok,8,ue8_qfi2,0.0,ok,0.8846967735021224,proxy,5,0.8805014071611378,65245592.0,ok,0.004245454545454545,ok,0.9322784090909091,0.0995375,ok,ue1_qfi1,0.42857142857142855,49,100.0,data,ok,0.0,ue3_qfi1,18.5,ok,30.2,ue5_qfi2,1,80.5,80.5,30.303,ok,33.0,,pending,,pending,,,,,,,,,,Reservation,87989972,True,,
ue5_qfi9,25.75,54.25,60.75,65.5,ok,0.363168468526713,ok,ue5_qfi1,0,0,0,116.49999999999983,data,ok,2.0,False,,proxy,3,0,ue6_qfi2,0.0,147,150.0,ok,ue4_qfi2,23.923,ok,5,ok,8,ue6_qfi2,0.0,ok,0.7186394082444191,proxy,5,0.7184997495282404,59526955.2,ok,0.005034090909090909,ok,0.9326954545454545,0.03919375,ok,ue1_qfi1,0.4897959183673469,49,100.0,data,ok,0.0,ue2_qfi9,43.75,ok,30.4,ue4_qfi2,1,80.25,80.25,30.303,ok,33.0,,pending,,pending,,,,,,,,,,TwoTier,87989972,True,,
ue8_qfi9,297.25,299.75,300.0,300.25,ok,0.27550726731076375,ok,ue5_qfi1,0,0,0,124.00000000000011,data,ok,2.0,False,,proxy,3,0,ue1_qfi2,1.0,152,150.0,ok,ue4_qfi2,26.553,ok,8,ok,8,ue3_qfi2,0.950306,ok,0.9537289830297535,proxy,5,0.9373969704563362,67460713.6,ok,0.004902272727272727,ok,0.9328954545454545,0.0369515625,ok,ue5_qfi1,0.46938775510204084,49,100.0,data,ok,0.0,ue1_qfi1,24.25,ok,30.4,ue1_qfi2,0,0.0,0.0,30.303,ok,33.0,,pending,,pending,,,,,,,,,,PF,161576974,True,,
ue7_qfi9,295.75,300.0,300.0,300.25,ok,0.2942837217706485,ok,ue6_qfi1,0,0,0,121.75000000000003,data,ok,2.0,False,,proxy,3,0,ue8_qfi2,0.0,148,150.0,ok,ue2_qfi2,21.907,ok,7,ok,8,ue8_qfi2,0.0,ok,0.8847094528989448,proxy,5,0.8748468729605585,65726424.0,ok,0.004304545454545454,ok,0.9333806818181818,0.0977875,ok,ue6_qfi1,0.3877551020408163,49,100.0,data,ok,0.0,ue7_qfi1,17.25,ok,30.4,ue1_qfi2,0,0.0,0.0,30.303,ok,33.0,,pending,,pending,,,,,,,,,,Reservation,161576974,True,,
ue3_qfi9,23.5,80.25,92.25,96.25,ok,0.3638989086041802,ok,ue2_qfi1,0,0,0,127.25000000000009,data,ok,2.0,False,,proxy,3,0,ue6_qfi2,0.0,147,150.0,ok,ue3_qfi2,33.367,ok,5,ok,8,ue6_qfi2,0.0,ok,0.7185113033913023,proxy,5,0.7182856223146841,59309048.0,ok,0.004881818181818182,ok,0.9322920454545455,0.039640625,ok,ue5_qfi1,0.42857142857142855,49,100.0,data,ok,0.0,ue1_qfi9,76.25,ok,30.4,ue3_qfi2,4,86.25,308.25,30.303,ok,33.0,,pending,,pending,,,,,,,,,,TwoTier,161576974,True,,
ue8_qfi9,298.0,300.0,300.25,300.25,ok,0.2924727803460798,ok,ue1_qfi1,0,0,0,118.24999999999974,data,ok,2.0,False,,proxy,3,0,ue2_qfi2,0.993421052631579,152,150.0,ok,ue5_qfi2,27.117,ok,8,ok,8,ue6_qfi2,0.9690408,ok,0.9500964252442554,proxy,5,0.9420392184478527,66189430.4,ok,0.0048386363636363635,ok,0.9343806818181818,0.0378953125,ok,ue1_qfi1,0.46938775510204084,49,100.0,data,ok,0.0,ue4_qfi1,20.25,ok,30.2,ue2_qfi2,1,67.75,67.75,30.303,ok,33.0,,pending,,pending,,,,,,,,,,PF,35492826,True,,
ue5_qfi9,291.75,299.75,300.0,300.25,ok,0.28574962917337066,ok,ue1_qfi1,0,0,0,119.7499999999998,data,ok,2.0,False,,proxy,3,0,ue7_qfi2,0.0,147,150.0,ok,ue4_qfi2,19.815,ok,6,ok,8,ue7_qfi2,0.0,ok,0.808222969315888,proxy,5,0.8067221939007709,65723531.2,ok,0.0041863636363636365,ok,0.932678409090909,0.0944828125,ok,ue5_qfi1,0.4489795918367347,49,100.0,data,ok,0.0,ue4_qfi9,194.0,ok,30.4,ue1_qfi2,0,0.0,0.0,30.303,ok,33.0,,pending,,pending,,,,,,,,,,Reservation,35492826,True,,
ue5_qfi9,25.75,50.0,57.75,63.25,ok,0.36292065397109907,ok,ue1_qfi1,0,0,0,112.99999999999999,data,ok,2.0,False,,proxy,3,0,ue6_qfi2,0.0,147,150.0,ok,ue1_qfi2,24.034,ok,5,ok,8,ue6_qfi2,0.0,ok,0.7186774767416807,proxy,5,0.7186302304991158,59587748.8,ok,0.005054545454545455,ok,0.9340761363636364,0.038371875,ok,ue4_qfi1,0.5102040816326531,49,100.0,data,ok,0.0,ue5_qfi9,37.5,ok,30.2,ue2_qfi2,1,70.75,70.75,30.303,ok,33.0,,pending,,pending,,,,,,,,,,TwoTier,35492826,True,,
ue8_qfi9,297.25,300.0,300.0,300.25,ok,0.2767342514043939,ok,ue1_qfi1,0,0,0,139.0,data,ok,2.0,False,,proxy,3,0,ue1_qfi2,1.0,152,150.0,ok,ue1_qfi2,24.929,ok,8,ok,8,ue2_qfi2,0.9666928,ok,0.953978379126973,proxy,5,0.9466102058041659,67520502.4,ok,0.0046409090909090905,ok,0.9338352272727273,0.036971875,ok,ue8_qfi1,0.3877551020408163,49,100.0,data,ok,0.0,ue1_qfi1,40.75,ok,30.4,ue1_qfi2,0,0.0,0.0,30.303,ok,33.0,,pending,,pending,,,,,,,,,,PF,376383645,True,,
ue7_qfi9,296.5,300.0,300.0,300.25,ok,0.28998141148154705,ok,ue6_qfi1,0,0,0,125.99999999999989,data,ok,2.0,False,,proxy,3,0,ue8_qfi2,0.0,148,150.0,ok,ue7_qfi2,21.762,ok,7,ok,8,ue8_qfi2,0.0,ok,0.8862848200631411,proxy,5,0.8775991450912852,66321822.4,ok,0.004134090909090909,ok,0.9348215909090909,0.0968015625,ok,ue1_qfi1,0.4897959183673469,49,100.0,data,ok,0.0,ue6_qfi1,22.75,ok,30.2,ue5_qfi2,1,78.25,78.25,30.303,ok,33.0,,pending,,pending,,,,,,,,,,Reservation,376383645,True,,
ue1_qfi9,21.0,52.75,63.5,68.5,ok,0.3635906494122141,ok,ue2_qfi1,0,0,0,119.7499999999998,data,ok,2.0,False,,proxy,3,0,ue6_qfi2,0.0,147,150.0,ok,ue3_qfi2,24.319,ok,5,ok,8,ue6_qfi2,0.0,ok,0.7186425209498182,proxy,5,0.7185905467918532,59594030.4,ok,0.004547727272727273,ok,0.9340965909090909,0.03790625,ok,ue2_qfi1,0.4489795918367347,49,100.0,data,ok,0.0,ue1_qfi9,47.5,ok,30.4,ue1_qfi2,0,0.0,0.0,30.303,ok,33.0,,pending,,pending,,,,,,,,,,TwoTier,376383645,True,,
ue7_qfi9,297.75,300.0,300.0,300.25,ok,0.24764223402058153,ok,ue3_qfi1,0,0,0,119.00000000000021,data,ok,2.0,False,,proxy,3,0,ue5_qfi2,0.993421052631579,152,150.0,ok,ue3_qfi2,26.203,ok,8,ok,8,ue3_qfi2,0.9658652,ok,0.9625291709040674,proxy,5,0.9584684626720545,70001803.2,ok,0.0054181818181818185,ok,0.9338920454545454,0.0346359375,ok,ue5_qfi1,0.4489795918367347,49,100.0,data,ok,0.0,ue6_qfi1,19.5,ok,30.2,ue5_qfi2,1,71.0,71.0,30.303,ok,33.0,,pending,,pending,,,,,,,,,,PF,1746484539,True,,
ue8_qfi9,296.75,300.0,300.25,300.25,ok,0.27081043612198147,ok,ue2_qfi1,0,0,0,125.24999999999986,data,ok,2.0,False,,proxy,3,0,ue1_qfi2,0.993421052631579,152,150.0,ok,ue2_qfi2,23.216,ok,8,ok,8,ue5_qfi2,0.965294,ok,0.9596353643836455,proxy,5,0.9547704153825796,68793896.0,ok,0.003981818181818182,ok,0.9316193181818182,0.1088734375,ok,ue7_qfi1,0.46938775510204084,49,100.0,data,ok,0.0,ue7_qfi1,23.25,ok,30.2,ue1_qfi2,1,67.75,67.75,30.303,ok,33.0,,pending,,pending,,,,,,,,,,Reservation,1746484539,True,,
ue3_qfi9,14.75,37.0,45.0,48.5,ok,0.3636930500704597,ok,ue1_qfi1,0,0,0,111.99999999999966,data,ok,2.0,False,,proxy,3,0,ue6_qfi2,0.0,147,150.0,ok,ue1_qfi2,20.355,ok,5,ok,8,ue6_qfi2,0.0,ok,0.7186916065857223,proxy,5,0.718634164497053,59480416.0,ok,0.006084090909090909,ok,0.9330965909090909,0.034946875,ok,ue3_qfi1,0.4897959183673469,49,100.0,data,ok,0.0,ue3_qfi9,33.75,ok,30.2,ue3_qfi2,1,67.5,67.5,30.303,ok,33.0,,pending,,pending,,,,,,,,,,TwoTier,1746484539,True,,
ue8_qfi9,298.0,300.0,300.25,300.25,ok,0.27686579562656505,ok,ue6_qfi1,0,0,0,136.49999999999994,data,ok,2.0,False,,proxy,3,0,ue1_qfi2,1.0,152,150.0,ok,ue8_qfi2,25.694,ok,8,ok,8,ue2_qfi2,0.9578576,ok,0.9543024085615089,proxy,5,0.9512408963531349,67414070.4,ok,0.004706818181818182,ok,0.9305852272727273,0.0377140625,ok,ue4_qfi1,0.5306122448979592,49,100.0,data,ok,0.0,ue6_qfi1,37.5,ok,30.4,ue1_qfi2,0,0.0,0.0,30.303,ok,33.0,,pending,,pending,,,,,,,,,,PF,1826701614,,,40
ue8_qfi9,298.0,300.0,300.25,300.25,ok,0.29970029764088013,ok,ue5_qfi1,0,0,0,128.0000000000001,data,ok,2.0,False,,proxy,3,0,ue1_qfi2,0.993421052631579,152,150.0,ok,ue1_qfi2,23.844,ok,8,ok,8,ue2_qfi2,0.956254,ok,0.9512443932328345,proxy,5,0.9485918191125482,66227780.8,ok,0.004175,ok,0.9315965909090909,0.1187390625,ok,ue1_qfi1,0.4489795918367347,49,100.0,data,ok,0.0,ue5_qfi1,24.25,ok,30.2,ue1_qfi2,0,0.0,0.0,30.303,ok,33.0,,pending,,pending,,,,,,,,,,Reservation,1826701614,,,40
ue8_qfi9,296.25,300.0,300.0,300.25,ok,0.26853322706896254,ok,ue4_qfi1,0,0,2,582.5,data,ok,2.0,False,,proxy,3,0,ue4_qfi2,0.9933333333333333,150,150.0,ok,ue4_qfi2,96.95,ok,7,ok,8,ue4_qfi2,0.9466756,ok,0.920363026141429,proxy,5,0.895238893814396,67961995.2,ok,0.0047,ok,0.9307090909090909,0.0360203125,ok,ue4_qfi1,0.3793103448275862,29,100.0,data,ok,0.0,ue6_qfi9,143.0,ok,29.8,ue4_qfi2,12,178.5,1140.0,30.303,ok,33.0,,pending,,pending,,,,,,,,,,TwoTier,1826701614,,,40
ue8_qfi9,297.5,299.75,300.0,300.25,ok,0.26603060152368824,ok,ue5_qfi1,0,0,0,140.74999999999972,data,ok,2.0,False,,proxy,3,0,ue1_qfi2,1.0,152,150.0,ok,ue6_qfi2,25.126,ok,8,ok,8,ue3_qfi2,0.959342,ok,0.9565440881646593,proxy,5,0.9451915468659646,68422590.4,ok,0.004922727272727273,ok,0.9315931818181818,0.034859375,ok,ue3_qfi1,0.46938775510204084,49,100.0,data,ok,0.0,ue5_qfi1,38.5,ok,30.4,ue1_qfi2,0,0.0,0.0,30.303,ok,33.0,,pending,,pending,,,,,,,,,,PF,1367864806,,,40
ue8_qfi9,297.5,300.0,300.25,300.25,ok,0.28536933412326015,ok,ue3_qfi1,0,0,0,126.75000000000037,data,ok,2.0,False,,proxy,3,0,ue8_qfi2,0.9868421052631579,152,150.0,ok,ue5_qfi2,24.167,ok,8,ok,8,ue3_qfi2,0.9607608000000001,ok,0.9547659859208082,proxy,5,0.943128574702175,67485819.2,ok,0.004156818181818182,ok,0.9340954545454545,0.109903125,ok,ue3_qfi1,0.4489795918367347,49,100.0,data,ok,0.0,ue3_qfi1,22.25,ok,30.0,ue8_qfi2,2,76.0,147.5,30.303,ok,33.0,,pending,,pending,,,,,,,,,,Reservation,1367864806,,,40
ue6_qfi9,140.75,299.75,300.0,300.25,ok,0.25790275570307347,ok,ue6_qfi9,0,1,1,1108.7499999999998,data,ok,2.0,False,,proxy,3,0,ue6_qfi2,0.9797297297297297,148,150.0,ok,ue6_qfi2,121.544,ok,7,ok,8,ue6_qfi2,0.9396344,ok,0.9162472216503721,proxy,5,0.8576271534429315,69145422.4,ok,0.005227272727272727,ok,0.9319920454545455,0.033184375,ok,ue6_qfi1,0.3684210526315789,19,100.0,data,ok,0.0,ue6_qfi9,159.5,ok,29.0,ue6_qfi2,14,170.25,1324.75,30.303,ok,33.0,,pending,,pending,,,,,,,,,,TwoTier,1367864806,,,40
ue8_qfi9,298.0,300.0,300.0,300.25,ok,0.28292170398563943,ok,ue3_qfi1,0,0,0,121.75000000000003,data,ok,2.0,False,,proxy,3,0,ue2_qfi2,0.993421052631579,152,150.0,ok,ue3_qfi2,25.229,ok,8,ok,8,ue8_qfi2,0.9680356,ok,0.9531655167069714,proxy,5,0.9470962616944628,67031606.4,ok,0.005156818181818182,ok,0.9317522727272727,0.03578125,ok,ue6_qfi1,0.4897959183673469,49,100.0,data,ok,0.0,ue3_qfi1,25.0,ok,30.2,ue2_qfi2,1,69.0,69.0,30.303,ok,33.0,,pending,,pending,,,,,,,,,,PF,1097657231,,,40
ue8_qfi9,297.75,300.0,300.25,300.25,ok,0.3006430986747985,ok,ue8_qfi1,0,0,0,125.50000000000017,data,ok,2.0,False,,proxy,3,0,ue2_qfi2,0.993421052631579,152,150.0,ok,ue1_qfi2,23.414,ok,8,ok,8,ue8_qfi2,0.9680356,ok,0.9510156121496405,proxy,5,0.9448105822128802,66206569.6,ok,0.004163636363636363,ok,0.9305556818181818,0.112634375,ok,ue4_qfi1,0.4897959183673469,49,100.0,data,ok,0.0,ue5_qfi1,20.5,ok,30.4,ue1_qfi2,0,0.0,0.0,30.303,ok,33.0,,pending,,pending,,,,,,,,,,Reservation,1097657231,,,40
ue7_qfi9,297.25,300.0,300.0,300.25,ok,0.275641240444119,ok,ue7_qfi1,0,0,0,363.50000000000017,data,ok,2.0,False,,proxy,3,0,ue3_qfi2,0.993421052631579,152,150.0,ok,ue7_qfi2,82.996,ok,8,ok,8,ue8_qfi2,0.9628376,ok,0.9283326626570778,proxy,5,0.9063444795886066,67431139.2,ok,0.004879545454545454,ok,0.9319579545454545,0.0343953125,ok,ue4_qfi1,0.4897959183673469,49,100.0,data,ok,0.0,ue6_qfi1,90.0,ok,30.0,ue7_qfi2,10,115.0,826.0,30.303,ok,33.0,,pending,,pending,,,,,,,,,,TwoTier,1097657231,,,40
ue8_qfi9,297.75,300.0,300.0,300.25,ok,0.24882266520891325,ok,ue8_qfi1,0,0,0,127.99999999999967,data,ok,2.0,False,,proxy,3,0,ue1_qfi2,1.0,152,150.0,ok,ue8_qfi2,25.0,ok,8,ok,8,ue8_qfi2,0.9636376,ok,0.9622391910026387,proxy,5,0.9578634333020641,70044726.4,ok,0.004856818181818182,ok,0.9310068181818182,0.0344390625,ok,ue1_qfi1,0.4489795918367347,49,100.0,data,ok,0.0,ue8_qfi1,25.5,ok,30.4,ue1_qfi2,0,0.0,0.0,30.303,ok,33.0,,pending,,pending,,,,,,,,,,PF,579362555,,,40
ue8_qfi9,297.75,300.0,300.25,300.25,ok,0.2697238242259931,ok,ue1_qfi1,0,0,0,124.50000000000028,data,ok,2.0,False,,proxy,3,0,ue7_qfi2,0.993421052631579,152,150.0,ok,ue2_qfi2,22.625,ok,8,ok,8,ue8_qfi2,0.9594148,ok,0.9598691584254201,proxy,5,0.9580796074036975,68907470.4,ok,0.003911363636363636,ok,0.9319636363636363,0.1082296875,ok,ue3_qfi1,0.46938775510204084,49,100.0,data,ok,0.0,ue1_qfi1,21.5,ok,30.2,ue7_qfi2,1,73.5,73.5,30.303,ok,33.0,,pending,,pending,,,,,,,,,,Reservation,579362555,,,40
ue5_qfi9,289.5,299.75,300.0,300.25,ok,0.24407614847935624,ok,ue2_qfi9,0,0,0,417.24999999999966,data,ok,2.0,False,,proxy,3,0,ue5_qfi2,0.9933774834437086,151,150.0,ok,ue8_qfi2,81.014,ok,8,ok,8,ue8_qfi2,0.9518516,ok,0.920398239204,proxy,5,0.9029220052938534,70036476.8,ok,0.004720454545454545,ok,0.9312772727272727,0.033690625,ok,ue2_qfi1,0.25,24,100.0,data,ok,0.0,ue7_qfi9,130.5,ok,30.2,ue2_qfi2,9,133.25,792.0,30.303,ok,33.0,,pending,,pending,,,,,,,,,,TwoTier,579362555,,,40
ue8_qfi9,295.5,299.75,300.0,300.25,ok,0.24850919626020732,ok,ue3_qfi1,0,0,0,150.9999999999998,data,ok,2.0,False,,proxy,3,0,ue2_qfi2,0.993421052631579,152,150.0,ok,ue7_qfi2,24.165,ok,8,ok,8,ue8_qfi2,0.9537664,ok,0.9622582525690214,proxy,5,0.9551075974002187,69764577.6,ok,0.004979545454545454,ok,0.9323943181818182,0.0342203125,ok,ue1_qfi1,0.4897959183673469,49,100.0,data,ok,0.0,ue3_qfi1,47.75,ok,30.2,ue2_qfi2,1,68.0,68.0,30.303,ok,33.0,,pending,,pending,,,,,,,,,,PF,661058651,,,40
ue7_qfi9,296.25,300.0,300.0,300.25,ok,0.2636729889195898,ok,ue6_qfi1,0,0,0,122.75000000000036,data,ok,2.0,False,,proxy,3,0,ue8_qfi2,0.0,148,150.0,ok,ue4_qfi2,20.987,ok,7,ok,8,ue8_qfi2,0.0,ok,0.8912469689172999,proxy,5,0.8890705399689169,68416156.8,ok,0.004061363636363636,ok,0.9333318181818182,0.09891875,ok,ue4_qfi1,0.42857142857142855,49,100.0,data,ok,0.0,ue6_qfi1,20.25,ok,30.4,ue1_qfi2,0,0.0,0.0,30.303,ok,33.0,,pending,,pending,,,,,,,,,,Reservation,661058651,,,40
ue4_qfi9,294.75,299.75,300.0,300.25,ok,0.2475505776695326,ok,ue4_qfi9,0,0,1,516.2500000000003,data,ok,2.0,False,,proxy,3,0,ue8_qfi2,0.993421052631579,152,150.0,ok,ue4_qfi2,77.187,ok,7,ok,8,ue3_qfi2,0.9473336,ok,0.9343421235934407,proxy,5,0.9014106344721262,69815518.4,ok,0.004475,ok,0.9317977272727272,0.0335078125,ok,ue4_qfi1,0.4117647058823529,34,100.0,data,ok,0.0,ue8_qfi9,128.5,ok,30.2,ue4_qfi2,6,123.75,525.0,30.303,ok,33.0,,pending,,pending,,,,,,,,,,TwoTier,661058651,,,40
ue8_qfi9,298.25,300.0,300.25,300.25,ok,0.2986655577069819,ok,ue4_qfi1,0,0,0,153.99999999999991,data,ok,2.0,False,,proxy,3,0,ue6_qfi2,0.993421052631579,152,150.0,ok,ue3_qfi2,25.288,ok,8,ok,8,ue3_qfi2,0.9638684000000001,ok,0.948442109807598,proxy,5,0.9432115605534025,65570259.2,ok,0.00505,ok,0.9323647727272727,0.0384328125,ok,ue1_qfi1,0.5102040816326531,49,100.0,data,ok,0.0,ue4_qfi1,49.5,ok,30.4,ue1_qfi2,0,0.0,0.0,30.303,ok,33.0,,pending,,pending,,,,,,,,,,PF,87989972,,,40
ue7_qfi9,295.0,299.75,300.0,300.25,ok,0.30142821650333507,ok,ue1_qfi1,0,0,0,123.00000000000023,data,ok,2.0,False,,proxy,3,0,ue8_qfi2,0.0,147,150.0,ok,ue7_qfi2,21.634,ok,7,ok,8,ue8_qfi2,0.0,ok,0.8847779065007624,proxy,5,0.8803274582192625,65349284.800000004,ok,0.004343181818181818,ok,0.9333625,0.1085515625,ok,ue4_qfi1,0.42857142857142855,49,100.0,data,ok,0.0,ue2_qfi1,20.25,ok,30.0,ue2_qfi2,2,76.5,152.25,30.303,ok,33.0,,pending,,pending,,,,,,,,,,Reservation,87989972,,,40
ue4_qfi9,293.75,299.75,300.0,300.25,ok,0.29413377351429854,ok,ue2_qfi1,0,0,1,639.9999999999997,data,ok,2.0,False,,proxy,3,0,ue5_qfi2,0.993421052631579,152,150.0,ok,ue5_qfi2,81.921,ok,8,ok,8,ue2_qfi2,0.9575431999999999,ok,0.913049479633304,proxy,5,0.864669777947451,65738531.2,ok,0.005034090909090909,ok,0.9323795454545455,0.0374953125,ok,ue5_qfi1,0.40625,32,100.0,data,ok,0.0,ue5_qfi1,86.5,ok,30.2,ue5_qfi2,12,125.75,970.25,30.303,ok,33.0,,pending,,pending,,,,,,,,,,TwoTier,87989972,,,40
ue8_qfi9,297.25,299.75,300.0,300.25,ok,0.27550726731076375,ok,ue5_qfi1,0,0,0,124.00000000000011,data,ok,2.0,False,,proxy,3,0,ue1_qfi2,1.0,152,150.0,ok,ue4_qfi2,26.553,ok,8,ok,8,ue3_qfi2,0.950306,ok,0.9537289830297535,proxy,5,0.9373969704563362,67460713.6,ok,0.004902272727272727,ok,0.9328954545454545,0.0369515625,ok,ue5_qfi1,0.46938775510204084,49,100.0,data,ok,0.0,ue1_qfi1,24.25,ok,30.4,ue1_qfi2,0,0.0,0.0,30.303,ok,33.0,,pending,,pending,,,,,,,,,,PF,161576974,,,40
ue8_qfi9,297.25,300.0,300.25,300.25,ok,0.2982653808974126,ok,ue5_qfi1,0,0,0,124.00000000000011,data,ok,2.0,False,,proxy,3,0,ue3_qfi2,0.9868421052631579,152,150.0,ok,ue4_qfi2,24.37,ok,7,ok,8,ue3_qfi2,0.946356,ok,0.9510097098686495,proxy,5,0.935294741660034,66245827.2,ok,0.004197727272727273,ok,0.93315,0.1160515625,ok,ue5_qfi1,0.46938775510204084,49,100.0,data,ok,0.0,ue6_qfi1,21.25,ok,30.0,ue3_qfi2,1,67.75,67.75,30.303,ok,33.0,,pending,,pending,,,,,,,,,,Reservation,161576974,,,40
ue5_qfi9,263.75,299.75,300.0,300.25,ok,0.2667962246903523,ok,ue2_qfi1,0,0,1,573.2500000000002,data,ok,2.0,False,,proxy,3,0,ue7_qfi2,0.993421052631579,152,150.0,ok,ue5_qfi2,106.967,ok,6,ok,8,ue5_qfi2,0.9453664,ok,0.9145782057010013,proxy,5,0.8933595766196323,68221577.6,ok,0.0049886363636363635,ok,0.9329375,0.0353,ok,ue4_qfi1,0.41304347826086957,46,100.0,data,ok,0.0,ue8_qfi9,131.5,ok,30.0,ue5_qfi2,10,135.25,887.0,30.303,ok,33.0,,pending,,pending,,,,,,,,,,TwoTier,161576974,,,40
ue8_qfi9,298.0,300.0,300.25,300.25,ok,0.2924727803460798,ok,ue1_qfi1,0,0,0,118.24999999999974,data,ok,2.0,False,,proxy,3,0,ue2_qfi2,0.993421052631579,152,150.0,ok,ue5_qfi2,27.117,ok,8,ok,8,ue6_qfi2,0.9690408,ok,0.9500964252442554,proxy,5,0.9420392184478527,66189430.4,ok,0.0048386363636363635,ok,0.9343806818181818,0.0378953125,ok,ue1_qfi1,0.46938775510204084,49,100.0,data,ok,0.0,ue4_qfi1,20.25,ok,30.2,ue2_qfi2,1,67.75,67.75,30.303,ok,33.0,,pending,,pending,,,,,,,,,,PF,35492826,,,40
ue8_qfi9,298.0,300.0,300.25,300.25,ok,0.31351240111481676,ok,ue8_qfi1,0,0,0,127.99999999999967,data,ok,2.0,False,,proxy,3,0,ue3_qfi2,0.993421052631579,152,150.0,ok,ue1_qfi2,23.633,ok,8,ok,8,ue6_qfi2,0.9690408,ok,0.9468420768472072,proxy,5,0.9376013716536636,65097600.0,ok,0.004284090909090909,ok,0.9307977272727272,0.118775,ok,ue1_qfi1,0.42857142857142855,49,100.0,data,ok,0.0,ue8_qfi1,21.75,ok,30.2,ue3_qfi2,1,69.75,69.75,30.303,ok,33.0,,pending,,pending,,,,,,,,,,Reservation,35492826,,,40
ue7_qfi9,292.5,299.75,300.0,300.25,ok,0.28462299817373987,ok,ue1_qfi1,0,0,0,379.50000000000017,data,ok,2.0,False,,proxy,3,0,ue5_qfi2,0.993421052631579,152,150.0,ok,ue1_qfi2,83.387,ok,8,ok,8,ue6_qfi2,0.9690408,ok,0.9293275844616794,proxy,5,0.9115636586886846,66527148.8,ok,0.004979545454545454,ok,0.9342022727272727,0.0368234375,ok,ue1_qfi1,0.42424242424242425,33,100.0,data,ok,0.0,ue8_qfi1,93.5,ok,30.2,ue1_qfi2,7,132.25,661.25,30.303,ok,33.0,,pending,,pending,,,,,,,,,,TwoTier,35492826,,,40
ue8_qfi9,297.25,300.0,300.0,300.25,ok,0.2767342514043939,ok,ue1_qfi1,0,0,0,139.0,data,ok,2.0,False,,proxy,3,0,ue1_qfi2,1.0,152,150.0,ok,ue1_qfi2,24.929,ok,8,ok,8,ue2_qfi2,0.9666928,ok,0.953978379126973,proxy,5,0.9466102058041659,67520502.4,ok,0.0046409090909090905,ok,0.9338352272727273,0.036971875,ok,ue8_qfi1,0.3877551020408163,49,100.0,data,ok,0.0,ue1_qfi1,40.75,ok,30.4,ue1_qfi2,0,0.0,0.0,30.303,ok,33.0,,pending,,pending,,,,,,,,,,PF,376383645,,,40
ue8_qfi9,297.0,300.0,300.25,300.25,ok,0.29820939102925986,ok,ue5_qfi1,0,0,0,127.49999999999994,data,ok,2.0,False,,proxy,3,0,ue1_qfi2,1.0,152,150.0,ok,ue8_qfi2,23.396,ok,8,ok,8,ue2_qfi2,0.9629908,ok,0.9513823662650072,proxy,5,0.9440254307444393,66463736.0,ok,0.004134090909090909,ok,0.9342693181818181,0.1158625,ok,ue4_qfi1,0.4489795918367347,49,100.0,data,ok,0.0,ue5_qfi1,23.25,ok,30.4,ue1_qfi2,0,0.0,0.0,30.303,ok,33.0,,pending,,pending,,,,,,,,,,Reservation,376383645,,,40
ue4_qfi9,293.75,299.75,300.0,300.25,ok,0.27094045474114775,ok,ue1_qfi9,0,0,1,954.4999999999999,data,ok,2.0,False,,proxy,3,0,ue1_qfi2,1.0,151,150.0,ok,ue1_qfi2,88.946,ok,8,ok,8,ue2_qfi2,0.960558,ok,0.9075890146316989,proxy,5,0.8749922361225592,67918153.6,ok,0.004547727272727273,ok,0.9339488636363636,0.03543125,ok,ue1_qfi1,0.2692307692307692,26,100.0,data,ok,0.0,ue8_qfi9,132.0,ok,30.2,ue1_qfi2,9,116.5,775.0,30.303,ok,33.0,,pending,,pending,,,,,,,,,,TwoTier,376383645,,,40
ue7_qfi9,297.75,300.0,300.0,300.25,ok,0.24764223402058153,ok,ue3_qfi1,0,0,0,119.00000000000021,data,ok,2.0,False,,proxy,3,0,ue5_qfi2,0.993421052631579,152,150.0,ok,ue3_qfi2,26.203,ok,8,ok,8,ue3_qfi2,0.9658652,ok,0.9625291709040674,proxy,5,0.9584684626720545,70001803.2,ok,0.0054181818181818185,ok,0.9338920454545454,0.0346359375,ok,ue5_qfi1,0.4489795918367347,49,100.0,data,ok,0.0,ue6_qfi1,19.5,ok,30.2,ue5_qfi2,1,71.0,71.0,30.303,ok,33.0,,pending,,pending,,,,,,,,,,PF,1746484539,,,40
ue7_qfi9,296.25,300.0,300.25,300.25,ok,0.26811359044308314,ok,ue4_qfi1,0,0,0,122.75000000000036,data,ok,2.0,False,,proxy,3,0,ue8_qfi2,0.0,147,150.0,ok,ue2_qfi2,20.416,ok,7,ok,8,ue8_qfi2,0.0,ok,0.8906883593551319,proxy,5,0.8883643123638474,68256793.6,ok,0.004002272727272728,ok,0.9320897727272728,0.1004890625,ok,ue3_qfi1,0.4489795918367347,49,100.0,data,ok,0.0,ue4_qfi1,19.5,ok,30.2,ue2_qfi2,1,68.5,68.5,30.303,ok,33.0,,pending,,pending,,,,,,,,,,Reservation,1746484539,,,40
ue6_qfi9,295.5,299.75,300.0,300.25,ok,0.2447064431109396,ok,ue7_qfi1,0,0,0,311.24999999999983,data,ok,2.0,False,,proxy,3,0,ue7_qfi2,0.993421052631579,152,150.0,ok,ue7_qfi2,66.591,ok,8,ok,8,ue1_qfi2,0.9545224,ok,0.9408016916159619,proxy,5,0.9248542979181961,70060907.2,ok,0.005409090909090909,ok,0.9339977272727272,0.03381875,ok,ue5_qfi1,0.4166666666666667,48,100.0,data,ok,0.0,ue8_qfi9,133.75,ok,30.4,ue8_qfi2,8,110.0,643.0,30.303,ok,33.0,,pending,,pending,,,,,,,,,,TwoTier,1746484539,,,40
ue8_qfi9,298.0,300.0,300.25,300.25,ok,0.2840506275241332,ok,ue6_qfi1,0,0,0,135.24999999999986,data,ok,2.0,False,,proxy,3,0,ue1_qfi2,1.0,152,150.0,ok,ue8_qfi2,25.301,ok,8,ok,8,ue2_qfi2,0.9578576,ok,0.9521620066190334,proxy,5,0.948827274150894,66767425.6,ok,0.004931818181818182,ok,0.9328227272727273,0.0378265625,ok,ue1_qfi1,0.5102040816326531,49,100.0,data,ok,0.0,ue6_qfi1,36.75,ok,30.4,ue1_qfi2,0,0.0,0.0,30.303,ok,33.0,,pending,,pending,,,,1,,,,,,PF,1826701614,,,
ue7_qfi9,293.25,299.75,300.0,300.25,ok,0.29188311068799916,ok,ue2_qfi1,0,0,0,120.24999999999997,data,ok,2.0,False,,proxy,3,0,ue8_qfi2,0.0,148,150.0,ok,ue4_qfi2,21.335,ok,7,ok,8,ue8_qfi2,0.0,ok,0.8862994150688561,proxy,5,0.8855678897435362,66070059.2,ok,0.0043363636363636365,ok,0.931409090909091,0.0988578125,ok,ue3_qfi1,0.46938775510204084,49,100.0,data,ok,0.0,ue5_qfi1,21.25,ok,30.2,ue4_qfi2,1,75.25,75.25,30.303,ok,33.0,,pending,,pending,,,,1,,,,,,Reservation,1826701614,,,
ue2_qfi9,17.5,44.75,55.75,61.25,ok,0.36306230894814145,ok,ue4_qfi1,0,0,0,117.24999999999986,data,ok,2.0,False,,proxy,3,0,ue6_qfi2,0.0,147,150.0,ok,ue4_qfi2,23.201,ok,5,ok,8,ue6_qfi2,0.0,ok,0.7186745413262732,proxy,5,0.718636634122314,59525507.199999996,ok,0.004902272727272727,ok,0.9326909090909091,0.038296875,ok,ue4_qfi1,0.46938775510204084,49,100.0,data,ok,0.0,ue2_qfi9,43.75,ok,30.4,ue1_qfi2,0,0.0,0.0,30.303,ok,33.0,,pending,,pending,,,,1,,,,,,TwoTier,1826701614,,,
ue8_qfi9,297.5,300.0,300.0,300.25,ok,0.27370147843193315,ok,ue5_qfi1,0,0,0,137.25000000000077,data,ok,2.0,False,,proxy,3,0,ue1_qfi2,1.0,152,150.0,ok,ue5_qfi2,25.081,ok,8,ok,8,ue3_qfi2,0.9580716,ok,0.9544845423028331,proxy,5,0.9430085265942666,67754276.8,ok,0.004961363636363636,ok,0.9316125,0.034853125,ok,ue6_qfi1,0.4489795918367347,49,100.0,data,ok,0.0,ue5_qfi1,34.5,ok,30.4,ue1_qfi2,0,0.0,0.0,30.303,ok,33.0,,pending,,pending,,,,1,,,,,,PF,1367864806,,,
ue8_qfi9,297.5,300.0,300.25,300.25,ok,0.29520602549007124,ok,ue4_qfi1,0,0,0,123.25000000000009,data,ok,2.0,False,,proxy,3,0,ue2_qfi2,0.9933774834437086,151,150.0,ok,ue6_qfi2,23.956,ok,8,ok,8,ue3_qfi2,0.9602988,ok,0.9526642356306325,proxy,5,0.9413682293554553,66807217.6,ok,0.004056818181818181,ok,0.9334556818181818,0.1167375,ok,ue1_qfi1,0.46938775510204084,49,100.0,data,ok,0.0,ue5_qfi1,19.5,ok,30.0,ue2_qfi2,1,74.25,74.25,30.303,ok,33.0,,pending,,pending,,,,1,,,,,,Reservation,1367864806,,,
ue7_qfi9,290.25,299.75,300.0,300.25,ok,0.31333249875964075,ok,ue2_qfi1,0,0,0,276.5000000000004,data,ok,2.0,False,,proxy,3,0,ue7_qfi2,0.5263157894736842,152,150.0,ok,ue6_qfi2,86.225,ok,5,ok,8,ue7_qfi2,0.515284,ok,0.8366702542253991,proxy,5,0.7186971497557277,63593054.4,ok,0.004552272727272727,ok,0.9323204545454545,0.0325984375,ok,ue5_qfi1,0.43478260869565216,46,100.0,data,ok,0.0,ue2_qfi9,285.5,ok,30.4,ue4_qfi2,2,88.0,163.0,30.303,ok,33.0,,pending,,pending,,,,1,,,,,,TwoTier,1367864806,,,
ue8_qfi9,298.0,300.0,300.0,300.25,ok,0.2898302447029884,ok,ue3_qfi1,0,0,0,130.2500000000002,data,ok,2.0,False,,proxy,3,0,ue1_qfi2,1.0,152,150.0,ok,ue3_qfi2,25.479,ok,8,ok,8,ue8_qfi2,0.9680356,ok,0.9511750726582437,proxy,5,0.9448183695139412,66428132.8,ok,0.004456818181818182,ok,0.9320511363636363,0.0357796875,ok,ue7_qfi1,0.46938775510204084,49,100.0,data,ok,0.0,ue3_qfi1,24.75,ok,30.4,ue1_qfi2,0,0.0,0.0,30.303,ok,33.0,,pending,,pending,,,,1,,,,,,PF,1097657231,,,
ue7_qfi9,296.75,300.0,300.25,300.25,ok,0.3010564284172211,ok,ue2_qfi1,0,0,0,121.0,data,ok,2.0,False,,proxy,3,0,ue8_qfi2,0.0,147,150.0,ok,ue5_qfi2,21.689,ok,7,ok,8,ue8_qfi2,0.0,ok,0.8847402181625907,proxy,5,0.8803615689206069,65431003.2,ok,0.004113636363636364,ok,0.9300681818181818,0.09649375,ok,ue2_qfi1,0.4489795918367347,49,100.0,data,ok,0.0,ue7_qfi1,18.5,ok,30.2,ue7_qfi2,1,73.25,73.25,30.303,ok,33.0,,pending,,pending,,,,1,,,,,,Reservation,1097657231,,,
ue5_qfi9,21.0,37.5,43.0,45.5,ok,0.363397564895893,ok,ue3_qfi1,0,0,0,114.74999999999991,data,ok,2.0,False,,proxy,3,0,ue6_qfi2,0.0,147,150.0,ok,ue2_qfi2,24.422,ok,5,ok,8,ue6_qfi2,0.0,ok,0.7186907711193256,proxy,5,0.7186594159984452,59585992.0,ok,0.00475,ok,0.9318715909090909,0.0348796875,ok,ue1_qfi1,0.46938775510204084,49,100.0,data,ok,0.0,ue2_qfi9,27.5,ok,30.4,ue1_qfi2,0,0.0,0.0,30.303,ok,33.0,,pending,,pending,,,,1,,,,,,TwoTier,1097657231,,,
ue8_qfi9,297.75,300.0,300.0,300.25,ok,0.25590930945974144,ok,ue8_qfi1,0,0,0,125.49999999999972,data,ok,2.0,False,,proxy,3,0,ue1_qfi2,1.0,152,150.0,ok,ue2_qfi2,24.918,ok,8,ok,8,ue8_qfi2,0.9636376,ok,0.9604461795280169,proxy,5,0.956277583996845,69449292.8,ok,0.005120454545454545,ok,0.9334954545454546,0.0345203125,ok,ue3_qfi1,0.4897959183673469,49,100.0,data,ok,0.0,ue8_qfi1,23.75,ok,30.4,ue1_qfi2,0,0.0,0.0,30.303,ok,33.0,,pending,,pending,,,,1,,,,,,PF,579362555,,,
ue7_qfi9,292.5,299.75,300.0,300.25,ok,0.2574858108136874,ok,ue5_qfi1,0,0,0,122.2500000000002,data,ok,2.0,False,,proxy,3,0,ue8_qfi2,0.0,148,150.0,ok,ue5_qfi2,21.562,ok,7,ok,8,ue8_qfi2,0.0,ok,0.8923321142379642,proxy,5,0.8899514603729989,69145102.4,ok,0.003911363636363636,ok,0.9334943181818182,0.0916171875,ok,ue6_qfi1,0.42857142857142855,49,100.0,data,ok,0.0,ue7_qfi1,17.5,ok,30.2,ue2_qfi2,1,77.5,77.5,30.303,ok,33.0,,pending,,pending,,,,1,,,,,,Reservation,579362555,,,
ue8_qfi9,295.0,300.0,300.25,300.25,ok,0.2923071270017365,ok,ue8_qfi1,0,0,0,441.49999999999955,data,ok,2.0,False,,proxy,3,0,ue6_qfi2,0.5460526315789473,152,150.0,ok,ue8_qfi2,101.476,ok,5,ok,8,ue8_qfi2,0.5160456,ok,0.8389434231847501,proxy,5,0.7186720896329366,65310352.0,ok,0.004752272727272727,ok,0.9332988636363636,0.0353828125,ok,ue8_qfi1,0.125,8,100.0,data,ok,0.0,ue1_qfi9,282.0,ok,16.6,ue8_qfi2,4,139.75,397.25,30.303,ok,33.0,,pending,,pending,,,,1,,,,,,TwoTier,579362555,,,
ue8_qfi9,295.75,299.75,300.0,300.25,ok,0.2567298969681723,ok,ue3_qfi1,0,0,0,135.00000000000023,data,ok,2.0,False,,proxy,3,0,ue1_qfi2,0.993421052631579,152,150.0,ok,ue7_qfi2,24.426,ok,8,ok,8,ue8_qfi2,0.9537664,ok,0.9601708974389295,proxy,5,0.9527424317278107,69056044.8,ok,0.004811363636363636,ok,0.9317,0.034246875,ok,ue1_qfi1,0.4489795918367347,49,100.0,data,ok,0.0,ue3_qfi1,48.5,ok,30.2,ue1_qfi2,1,66.5,66.5,30.303,ok,33.0,,pending,,pending,,,,1,,,,,,PF,661058651,,,
ue4_qfi9,230.0,299.25,299.75,300.0,ok,0.26163078692699104,ok,ue6_qfi1,0,0,0,122.50000000000006,data,ok,2.0,False,,proxy,3,0,ue7_qfi2,0.0,147,150.0,ok,ue5_qfi2,18.522,ok,6,ok,8,ue7_qfi2,0.0,ok,0.8097177541419119,proxy,5,0.8079195290925824,68010332.8,ok,0.004184090909090909,ok,0.9316477272727273,0.0871359375,ok,ue5_qfi1,0.40816326530612246,49,100.0,data,ok,0.0,ue1_qfi9,184.25,ok,30.4,ue1_qfi2,0,0.0,0.0,30.303,ok,33.0,,pending,,pending,,,,1,,,,,,Reservation,661058651,,,
ue3_qfi9,19.0,41.75,46.75,50.5,ok,0.36298222011270953,ok,ue2_qfi1,0,0,0,117.50000000000016,data,ok,2.0,False,,proxy,3,0,ue6_qfi2,0.0,147,150.0,ok,ue4_qfi2,22.912,ok,5,ok,8,ue6_qfi2,0.0,ok,0.7187007286906819,proxy,5,0.718682029933176,59417726.4,ok,0.0050659090909090905,ok,0.9315443181818182,0.03435,ok,ue1_qfi1,0.4489795918367347,49,100.0,data,ok,0.0,ue3_qfi9,31.5,ok,30.4,ue1_qfi2,0,0.0,0.0,30.303,ok,33.0,,pending,,pending,,,,1,,,,,,TwoTier,661058651,,,
ue8_qfi9,298.25,300.0,300.25,300.25,ok,0.3051729947263874,ok,ue4_qfi1,0,0,0,152.74999999999972,data,ok,2.0,False,,proxy,3,0,ue7_qfi2,0.993421052631579,152,150.0,ok,ue5_qfi2,24.97,ok,8,ok,8,ue3_qfi2,0.9642148,ok,0.9463454677749826,proxy,5,0.9416611718051835,64992422.4,ok,0.005056818181818181,ok,0.9325329545454546,0.03844375,ok,ue1_qfi1,0.5102040816326531,49,100.0,data,ok,0.0,ue4_qfi1,48.0,ok,30.2,ue7_qfi2,1,66.25,66.25,30.303,ok,33.0,,pending,,pending,,,,1,,,,,,PF,87989972,,,
ue7_qfi9,296.0,300.0,300.0,300.25,ok,0.31038737337470385,ok,ue4_qfi1,0,0,0,122.24999999999974,data,ok,2.0,False,,proxy,3,0,ue8_qfi2,0.0,147,150.0,ok,ue5_qfi2,22.419,ok,7,ok,8,ue8_qfi2,0.0,ok,0.8829281064679035,proxy,5,0.8784402035182098,64495014.4,ok,0.0042204545454545455,ok,0.9314284090909091,0.10221875,ok,ue5_qfi1,0.4489795918367347,49,100.0,data,ok,0.0,ue6_qfi1,17.5,ok,30.2,ue6_qfi2,1,73.25,73.25,30.303,ok,33.0,,pending,,pending,,,,1,,,,,,Reservation,87989972,,,
ue2_qfi9,20.0,52.5,59.75,68.0,ok,0.3632761063171519,ok,ue2_qfi1,0,0,0,116.24999999999997,data,ok,2.0,False,,proxy,3,0,ue6_qfi2,0.0,147,150.0,ok,ue5_qfi2,26.896,ok,5,ok,8,ue6_qfi2,0.0,ok,0.718667795221886,proxy,5,0.7185851453797828,59499259.2,ok,0.005131818181818182,ok,0.9323693181818182,0.039096875,ok,ue5_qfi1,0.46938775510204084,49,100.0,data,ok,0.0,ue2_qfi9,48.0,ok,30.4,ue1_qfi2,0,0.0,0.0,30.303,ok,33.0,,pending,,pending,,,,1,,,,,,TwoTier,87989972,,,
ue8_qfi9,297.25,299.75,300.0,300.25,ok,0.2824304715112534,ok,ue5_qfi1,0,0,0,124.24999999999997,data,ok,2.0,False,,proxy,3,0,ue1_qfi2,1.0,152,150.0,ok,ue4_qfi2,25.824,ok,8,ok,8,ue3_qfi2,0.950306,ok,0.9517361740379282,proxy,5,0.9356383315977227,66842865.6,ok,0.004965909090909091,ok,0.9328965909090909,0.03691875,ok,ue1_qfi1,0.5102040816326531,49,100.0,data,ok,0.0,ue1_qfi1,25.25,ok,30.4,ue1_qfi2,0,0.0,0.0,30.303,ok,33.0,,pending,,pending,,,,1,,,,,,PF,161576974,,,
ue7_qfi9,296.0,300.0,300.0,300.25,ok,0.303645287078382,ok,ue5_qfi1,0,0,0,196.74999999999997,data,ok,2.0,False,,proxy,3,0,ue8_qfi2,0.0,148,150.0,ok,ue5_qfi2,22.5,ok,7,ok,8,ue8_qfi2,0.0,ok,0.8831026857866912,proxy,5,0.8733136313703642,65001008.0,ok,0.0042977272727272725,ok,0.9324204545454545,0.1006578125,ok,ue2_qfi1,0.4489795918367347,49,100.0,data,ok,0.0,ue3_qfi1,19.0,ok,30.2,ue1_qfi2,0,0.0,0.0,30.303,ok,33.0,,pending,,pending,,,,1,,,,,,Reservation,161576974,,,
ue4_qfi9,30.75,93.25,109.25,121.5,ok,0.36409874616977544,ok,ue3_qfi1,0,0,0,131.25000000000009,data,ok,2.0,False,,proxy,3,0,ue6_qfi2,0.0,147,150.0,ok,ue3_qfi2,35.501,ok,5,ok,8,ue6_qfi2,0.0,ok,0.7184625082074365,proxy,5,0.718145821192695,59257873.6,ok,0.005734090909090909,ok,0.9326875,0.0397234375,ok,ue5_qfi1,0.46938775510204084,49,100.0,data,ok,0.0,ue3_qfi9,93.0,ok,30.4,ue3_qfi2,3,82.75,235.25,30.303,ok,33.0,,pending,,pending,,,,1,,,,,,TwoTier,161576974,,,
ue8_qfi9,298.25,300.0,300.25,300.25,ok,0.29982641670355786,ok,ue1_qfi1,0,0,0,118.00000000000033,data,ok,2.0,False,,proxy,3,0,ue1_qfi2,1.0,152,150.0,ok,ue5_qfi2,28.25,ok,8,ok,8,ue6_qfi2,0.9690408,ok,0.9478609177739183,proxy,5,0.9396598745227414,65542729.6,ok,0.005322727272727272,ok,0.9333375,0.0378578125,ok,ue3_qfi1,0.4897959183673469,49,100.0,data,ok,0.0,ue5_qfi1,20.0,ok,30.4,ue1_qfi2,0,0.0,0.0,30.303,ok,33.0,,pending,,pending,,,,1,,,,,,PF,35492826,,,
ue7_qfi9,297.0,300.0,300.25,300.25,ok,0.30858819099115686,ok,ue4_qfi1,0,0,0,123.7499999999998,data,ok,2.0,False,,proxy,3,0,ue8_qfi2,0.0,147,150.0,ok,ue7_qfi2,21.486,ok,7,ok,8,ue8_qfi2,0.0,ok,0.8827529953649271,proxy,5,0.8768105217061248,64734416.0,ok,0.004275,ok,0.9323886363636363,0.1013140625,ok,ue4_qfi1,0.4897959183673469,49,100.0,data,ok,0.0,ue4_qfi1,21.0,ok,30.2,ue1_qfi2,0,0.0,0.0,30.303,ok,33.0,,pending,,pending,,,,1,,,,,,Reservation,35492826,,,
ue1_qfi9,22.5,52.25,67.0,74.75,ok,0.3629363428615535,ok,ue1_qfi1,0,0,0,119.75000000000024,data,ok,2.0,False,,proxy,3,0,ue6_qfi2,0.0,147,150.0,ok,ue1_qfi2,26.5,ok,5,ok,8,ue6_qfi2,0.0,ok,0.7186181916448117,proxy,5,0.7185648838404058,59583705.6,ok,0.0053022727272727275,ok,0.9331431818181818,0.0383234375,ok,ue4_qfi1,0.40816326530612246,49,100.0,data,ok,0.0,ue1_qfi9,52.25,ok,30.4,ue3_qfi2,1,83.0,83.0,30.303,ok,33.0,,pending,,pending,,,,1,,,,,,TwoTier,35492826,,,
ue8_qfi9,297.5,300.0,300.0,300.25,ok,0.2837580306675742,ok,ue1_qfi1,0,0,0,137.0,data,ok,2.0,False,,proxy,3,0,ue4_qfi2,0.993421052631579,152,150.0,ok,ue1_qfi2,25.806,ok,8,ok,8,ue2_qfi2,0.9666928,ok,0.9519751026198916,proxy,5,0.9446026310013691,66905497.6,ok,0.004547727272727273,ok,0.9339852272727273,0.03696875,ok,ue1_qfi1,0.4489795918367347,49,100.0,data,ok,0.0,ue1_qfi1,40.75,ok,30.2,ue4_qfi2,1,68.0,68.0,30.303,ok,33.0,,pending,,pending,,,,1,,,,,,PF,376383645,,,
ue4_qfi9,74.75,299.25,299.75,300.0,ok,0.28944126640393897,ok,ue2_qfi1,0,0,0,121.99999999999989,data,ok,2.0,False,,proxy,3,0,ue7_qfi2,0.0,147,150.0,ok,ue6_qfi2,19.25,ok,6,ok,8,ue7_qfi2,0.0,ok,0.8077802170228594,proxy,5,0.8033634204593246,65673032.0,ok,0.004465909090909091,ok,0.9323465909090909,0.0951375,ok,ue4_qfi1,0.4897959183673469,49,100.0,data,ok,0.0,ue4_qfi9,225.25,ok,30.4,ue1_qfi2,0,0.0,0.0,30.303,ok,33.0,,pending,,pending,,,,1,,,,,,Reservation,376383645,,,
ue4_qfi9,26.0,59.25,71.25,79.25,ok,0.3637321444687851,ok,ue1_qfi1,0,0,0,121.49999999999972,data,ok,2.0,False,,proxy,3,0,ue6_qfi2,0.0,147,150.0,ok,ue2_qfi2,26.679,ok,5,ok,8,ue6_qfi2,0.0,ok,0.7186304861253958,proxy,5,0.7185371118638811,59557603.199999996,ok,0.0051818181818181815,ok,0.9345363636363636,0.0377875,ok,ue3_qfi1,0.4897959183673469,49,100.0,data,ok,0.0,ue4_qfi9,53.25,ok,30.4,ue2_qfi2,1,85.25,85.25,30.303,ok,33.0,,pending,,pending,,,,1,,,,,,TwoTier,376383645,,,
ue8_qfi9,296.5,299.75,300.0,300.25,ok,0.2546774487855552,ok,ue3_qfi1,0,0,0,123.49999999999994,data,ok,2.0,False,,proxy,3,0,ue8_qfi2,0.993421052631579,152,150.0,ok,ue3_qfi2,25.546,ok,8,ok,8,ue3_qfi2,0.966334,ok,0.9607243725843275,proxy,5,0.9558573051191799,69395182.4,ok,0.005515909090909091,ok,0.9350318181818181,0.0346265625,ok,ue8_qfi1,0.4489795918367347,49,100.0,data,ok,0.0,ue6_qfi1,22.25,ok,30.2,ue8_qfi2,1,67.25,67.25,30.303,ok,33.0,,pending,,pending,,,,1,,,,,,PF,1746484539,,,
ue7_qfi9,296.5,300.0,300.0,300.25,ok,0.27513529799658065,ok,ue1_qfi1,0,0,0,125.24999999999986,data,ok,2.0,False,,proxy,3,0,ue8_qfi2,0.0,147,150.0,ok,ue2_qfi2,21.231,ok,7,ok,8,ue8_qfi2,0.0,ok,0.8897827356974787,proxy,5,0.8885562774421101,67527291.2,ok,0.003952272727272727,ok,0.9332272727272727,0.09396875,ok,ue4_qfi1,0.4489795918367347,49,100.0,data,ok,0.0,ue1_qfi1,20.0,ok,30.4,ue1_qfi2,0,0.0,0.0,30.303,ok,33.0,,pending,,pending,,,,1,,,,,,Reservation,1746484539,,,
ue4_qfi9,16.25,42.75,48.25,51.5,ok,0.36370071335335163,ok,ue3_qfi1,0,0,0,113.50000000000016,data,ok,2.0,False,,proxy,3,0,ue6_qfi2,0.0,147,150.0,ok,ue4_qfi2,24.677,ok,5,ok,8,ue6_qfi2,0.0,ok,0.7186843281529715,proxy,5,0.7186623499753729,59478446.4,ok,0.004970454545454545,ok,0.9351897727272728,0.03485,ok,ue3_qfi1,0.46938775510204084,49,100.0,data,ok,0.0,ue4_qfi9,35.25,ok,30.4,ue1_qfi2,0,0.0,0.0,30.303,ok,33.0,,pending,,pending,,,,1,,,,,,TwoTier,1746484539,,,
ue8_qfi9,11.75,23.25,26.75,30.0,ok,0.0,ok,ue8_qfi1,0,0,0,114.50000000000004,data,ok,2.0,False,,proxy,3,0,ue1_qfi2,1.0,152,150.0,ok,ue8_qfi2,21.149,ok,8,ok,8,ue2_qfi2,0.9578576,ok,0.9999770421323223,proxy,5,0.9999590175632475,95351660.8,ok,0.003159090909090909,ok,0.8535920454545455,0.0523078125,ok,ue1_qfi1,0.4489795918367347,49,100.0,data,ok,0.0,ue8_qfi9,18.25,ok,30.4,ue1_qfi2,0,0.0,0.0,30.303,ok,33.0,,pending,,pending,,,DL,,,,,,,PF,1826701614,,,
ue8_qfi9,294.0,299.75,300.0,300.25,ok,0.015780296233675828,ok,ue4_qfi1,0,0,0,115.25000000000007,data,ok,2.0,False,,proxy,3,0,ue1_qfi2,1.0,152,150.0,ok,ue8_qfi2,18.011,ok,8,ok,8,ue2_qfi2,0.9578576,ok,0.9978942559750514,proxy,5,0.9962662851837927,93194886.4,ok,0.0032113636363636363,ok,0.9296681818181818,0.066046875,ok,ue8_qfi1,0.4489795918367347,49,100.0,data,ok,0.0,ue6_qfi9,135.75,ok,30.4,ue1_qfi2,0,0.0,0.0,30.303,ok,33.0,,pending,,pending,,,DL,,,,,,,Reservation,1826701614,,,
ue8_qfi9,55.0,102.75,118.25,126.0,ok,0.0,ok,ue8_qfi1,0,0,0,133.2500000000003,data,ok,2.0,False,,proxy,3,0,ue7_qfi2,0.993421052631579,152,150.0,ok,ue5_qfi2,50.5,ok,8,ok,8,ue2_qfi2,0.9544628000000001,ok,0.9995430975521428,proxy,5,0.9993978184663987,94641006.4,ok,0.002884090909090909,ok,0.9302352272727272,0.0292328125,ok,ue8_qfi1,0.42857142857142855,49,100.0,data,ok,0.0,ue8_qfi9,71.0,ok,30.2,ue5_qfi2,14,95.0,1103.25,30.303,ok,33.0,,pending,,pending,,,DL,,,,,,,TwoTier,1826701614,,,
ue7_qfi9,8.0,16.5,18.25,19.25,ok,0.0,ok,ue7_qfi1,0,0,0,113.99999999999989,data,ok,2.0,False,,proxy,3,0,ue7_qfi2,0.9868421052631579,152,150.0,ok,ue7_qfi2,17.668,ok,8,ok,8,ue3_qfi2,0.9607608000000001,ok,0.9999903775097844,proxy,5,0.9999838791090486,95338251.2,ok,0.002343181818181818,ok,0.7554875,0.047771875,ok,ue6_qfi1,0.46938775510204084,49,100.0,data,ok,0.0,ue7_qfi1,12.5,ok,30.2,ue2_qfi2,1,69.0,69.0,30.303,ok,33.0,,pending,,pending,,,DL,,,,,,,PF,1367864806,,,
ue7_qfi9,18.0,38.0,47.5,52.5,ok,0.0,ok,ue6_qfi1,0,0,0,113.75000000000001,data,ok,2.0,False,,proxy,3,0,ue5_qfi2,0.993421052631579,152,150.0,ok,ue7_qfi2,18.328,ok,8,ok,8,ue3_qfi2,0.9607608000000001,ok,0.9999752928579945,proxy,5,0.9999594288298432,95325579.2,ok,0.0024636363636363636,ok,0.9285886363636363,0.058315625,ok,ue3_qfi1,0.4897959183673469,49,100.0,data,ok,0.0,ue7_qfi9,34.5,ok,30.2,ue5_qfi2,1,67.0,67.0,30.303,ok,33.0,,pending,,pending,,,DL,,,,,,,Reservation,1367864806,,,
ue7_qfi9,48.75,85.25,95.75,100.5,ok,0.0,ok,ue5_qfi1,0,0,0,118.25000000000018,data,ok,2.0,False,,proxy,3,0,ue1_qfi2,0.993421052631579,152,150.0,ok,ue6_qfi2,39.062,ok,8,ok,8,ue3_qfi2,0.9607608000000001,ok,0.9998107482685977,proxy,5,0.9997680262517762,95061187.2,ok,0.002825,ok,0.9335034090909091,0.0278375,ok,ue2_qfi1,0.4489795918367347,49,100.0,data,ok,0.0,ue4_qfi9,57.75,ok,30.4,ue7_qfi2,6,81.25,445.75,30.303,ok,33.0,,pending,,pending,,,DL,,,,,,,TwoTier,1367864806,,,
ue4_qfi9,299.25,300.25,300.25,300.25,ok,0.07159283596168628,ok,ue4_qfi9,0,0,0,295.75000000000017,data,ok,2.0,False,,proxy,3,0,ue7_qfi2,0.993421052631579,152,150.0,ok,ue4_qfi2,43.807,ok,8,ok,8,ue8_qfi2,0.9680356,ok,0.9776191755728005,proxy,5,0.9730075558672558,87992179.2,ok,0.0044909090909090905,ok,0.9317352272727273,0.0757015625,ok,ue6_qfi1,0.4489795918367347,49,100.0,data,ok,0.0,ue4_qfi1,70.25,ok,30.4,ue1_qfi2,0,0.0,0.0,30.303,ok,33.0,,pending,,pending,,,DL,,,,,,,PF,1097657231,,,
ue7_qfi9,298.5,300.25,300.25,300.25,ok,0.11347022019063928,ok,ue4_qfi1,0,0,0,189.24999999999991,data,ok,2.0,False,,proxy,3,0,ue1_qfi2,1.0,152,150.0,ok,ue4_qfi2,32.069,ok,8,ok,8,ue8_qfi2,0.9680356,ok,0.9692803730664663,proxy,5,0.9641537506609731,84505620.8,ok,0.004252272727272727,ok,0.9318852272727273,0.1211125,ok,ue5_qfi1,0.42857142857142855,49,100.0,data,ok,0.0,ue4_qfi1,88.5,ok,30.4,ue1_qfi2,0,0.0,0.0,30.303,ok,33.0,,pending,,pending,,,DL,,,,,,,Reservation,1097657231,,,
ue4_qfi9,292.5,300.0,300.0,300.25,ok,0.06215471983529773,ok,ue4_qfi1,0,0,0,297.74999999999994,data,ok,2.0,False,,proxy,3,0,ue1_qfi2,1.0,151,150.0,ok,ue8_qfi2,66.218,ok,8,ok,8,ue8_qfi2,0.9553068,ok,0.9795391220701373,proxy,5,0.9749549542744999,87939313.6,ok,0.004772727272727273,ok,0.9319329545454546,0.0507609375,ok,ue4_qfi1,0.3902439024390244,41,100.0,data,ok,0.0,ue7_qfi9,108.25,ok,30.0,ue8_qfi2,40,103.0,3225.0,30.303,ok,33.0,,pending,,pending,,,DL,,,,,,,TwoTier,1097657231,,,
ue8_qfi9,284.0,299.5,300.0,300.0,ok,0.019956695150561594,ok,ue8_qfi1,0,0,0,166.24999999999977,data,ok,2.0,False,,proxy,3,0,ue8_qfi2,0.9868421052631579,152,150.0,ok,ue8_qfi2,26.752,ok,8,ok,8,ue8_qfi2,0.96233,ok,0.99614847938482,proxy,5,0.9861733380129573,93313289.6,ok,0.003963636363636364,ok,0.9098954545454545,0.081828125,ok,ue5_qfi1,0.42857142857142855,49,100.0,data,ok,0.0,ue8_qfi1,65.0,ok,30.0,ue8_qfi2,2,71.5,140.5,30.303,ok,33.0,,pending,,pending,,,DL,,,,,,,PF,579362555,,,
ue8_qfi9,299.25,300.25,300.25,300.25,ok,0.05609885151011076,ok,ue8_qfi1,0,0,0,140.25,data,ok,2.0,False,,proxy,3,0,ue1_qfi2,0.993421052631579,152,150.0,ok,ue8_qfi2,28.406,ok,8,ok,8,ue8_qfi2,0.96327,ok,0.9853906308234752,proxy,5,0.977283815834591,90103022.4,ok,0.003584090909090909,ok,0.9319625,0.1015203125,ok,ue4_qfi1,0.4489795918367347,49,100.0,data,ok,0.0,ue8_qfi1,35.0,ok,30.2,ue7_qfi2,1,68.25,68.25,30.303,ok,33.0,,pending,,pending,,,DL,,,,,,,Reservation,579362555,,,
ue8_qfi9,119.5,292.75,297.5,298.75,ok,0.008051873539135248,ok,ue8_qfi1,0,0,0,155.00000000000026,data,ok,2.0,False,,proxy,3,0,ue1_qfi2,1.0,152,150.0,ok,ue1_qfi2,54.862,ok,8,ok,8,ue6_qfi2,0.9581592,ok,0.997327309943957,proxy,5,0.9900074368511939,93798161.6,ok,0.003159090909090909,ok,0.9313375,0.0558046875,ok,ue5_qfi1,0.46938775510204084,49,100.0,data,ok,0.0,ue8_qfi9,179.25,ok,30.0,ue5_qfi2,31,96.25,2360.25,30.303,ok,33.0,,pending,,pending,,,DL,,,,,,,TwoTier,579362555,,,
ue3_qfi9,8.75,18.75,21.0,22.75,ok,0.0,ok,ue3_qfi1,0,0,0,114.50000000000004,data,ok,2.0,False,,proxy,3,0,ue1_qfi2,1.0,152,150.0,ok,ue3_qfi2,19.848,ok,8,ok,8,ue8_qfi2,0.9537664,ok,0.9999840413142342,proxy,5,0.9999714807643114,95120198.39999999,ok,0.003161363636363636,ok,0.8125443181818182,0.049359375,ok,ue6_qfi1,0.42857142857142855,49,100.0,data,ok,0.0,ue3_qfi1,19.5,ok,30.4,ue1_qfi2,0,0.0,0.0,30.303,ok,33.0,,pending,,pending,,,DL,,,,,,,PF,661058651,,,
ue3_qfi9,55.0,296.25,298.5,299.25,ok,0.0011334588451415981,ok,ue3_qfi1,0,0,0,116.49999999999983,data,ok,2.0,False,,proxy,3,0,ue1_qfi2,1.0,152,150.0,ok,ue7_qfi2,17.27,ok,8,ok,8,ue8_qfi2,0.9537664,ok,0.9996489248004743,proxy,5,0.998919474524902,94346993.6,ok,0.0027545454545454544,ok,0.9322261363636364,0.0619625,ok,ue3_qfi1,0.46938775510204084,49,100.0,data,ok,0.0,ue3_qfi9,244.25,ok,30.4,ue1_qfi2,0,0.0,0.0,30.303,ok,33.0,,pending,,pending,,,DL,,,,,,,Reservation,661058651,,,
ue3_qfi9,37.0,63.0,70.75,75.75,ok,0.11935062552733769,ok,ue3_qfi1,0,0,0,113.75000000000001,data,ok,2.0,False,,proxy,3,0,ue8_qfi2,0.0,148,150.0,ok,ue7_qfi2,33.953,ok,7,ok,8,ue8_qfi2,0.0,ok,0.9061730861462326,proxy,5,0.9061392698571713,83095428.8,ok,0.0028363636363636364,ok,0.9327488636363637,0.029240625,ok,ue6_qfi1,0.42857142857142855,49,100.0,data,ok,0.0,ue6_qfi9,40.75,ok,30.4,ue1_qfi2,1,70.75,70.75,30.303,ok,33.0,,pending,,pending,,,DL,,,,,,,TwoTier,661058651,,,
ue6_qfi9,7.5,16.25,17.75,19.0,ok,0.0,ok,ue6_qfi1,0,0,0,113.24999999999986,data,ok,2.0,False,,proxy,3,0,ue6_qfi2,0.993421052631579,152,150.0,ok,ue6_qfi2,16.74,ok,8,ok,8,ue3_qfi2,0.9645228,ok,0.9999770286378921,proxy,5,0.9999118666129128,95367953.6,ok,0.0022863636363636363,ok,0.7370261363636363,0.04580625,ok,ue1_qfi1,0.46938775510204084,49,100.0,data,ok,0.0,ue6_qfi1,11.5,ok,30.2,ue6_qfi2,1,68.25,68.25,30.303,ok,33.0,,pending,,pending,,,DL,,,,,,,PF,87989972,,,
ue6_qfi9,13.25,24.75,28.75,30.0,ok,0.0,ok,ue1_qfi1,0,0,0,113.99999999999989,data,ok,2.0,False,,proxy,3,0,ue3_qfi2,0.993421052631579,152,150.0,ok,ue6_qfi2,16.814,ok,8,ok,8,ue3_qfi2,0.964028,ok,0.9999506238808987,proxy,5,0.9998937074666293,95306515.2,ok,0.0024863636363636364,ok,0.9239681818181819,0.0559234375,ok,ue7_qfi1,0.4489795918367347,49,100.0,data,ok,0.0,ue6_qfi9,16.75,ok,30.2,ue3_qfi2,1,68.25,68.25,30.303,ok,33.0,,pending,,pending,,,DL,,,,,,,Reservation,87989972,,,
ue6_qfi9,47.0,84.75,98.75,103.25,ok,0.0,ok,ue6_qfi1,0,0,0,115.0,data,ok,2.0,False,,proxy,3,0,ue1_qfi2,1.0,152,150.0,ok,ue7_qfi2,37.0,ok,8,ok,8,ue3_qfi2,0.9645228,ok,0.9997940998660144,proxy,5,0.9997054762669363,94993137.6,ok,0.002790909090909091,ok,0.9322454545454546,0.02736875,ok,ue2_qfi1,0.3877551020408163,49,100.0,data,ok,0.0,ue6_qfi9,56.25,ok,30.4,ue7_qfi2,4,80.5,302.0,30.303,ok,33.0,,pending,,pending,,,DL,,,,,,,TwoTier,87989972,,,
ue4_qfi9,6.0,13.75,15.0,16.0,ok,0.0,ok,ue8_qfi1,0,0,0,108.99999999999999,data,ok,2.0,False,,proxy,3,0,ue1_qfi2,1.0,152,150.0,ok,ue4_qfi2,13.959,ok,8,ok,8,ue3_qfi2,0.9505348,ok,0.9999925034147296,proxy,5,0.999987503348383,95196585.6,ok,0.002288636363636364,ok,0.6873204545454545,0.044759375,ok,ue1_qfi1,0.4489795918367347,49,100.0,data,ok,0.0,ue8_qfi1,10.75,ok,30.4,ue1_qfi2,0,0.0,0.0,30.303,ok,33.0,,pending,,pending,,,DL,,,,,,,PF,161576974,,,
ue4_qfi9,9.25,16.25,17.75,19.0,ok,0.0,ok,ue6_qfi1,0,0,0,112.24999999999996,data,ok,2.0,False,,proxy,3,0,ue1_qfi2,1.0,152,150.0,ok,ue4_qfi2,15.25,ok,8,ok,8,ue3_qfi2,0.9505348,ok,0.9999761122568709,proxy,5,0.9999544019305391,95177006.4,ok,0.0026954545454545456,ok,0.911528409090909,0.0543828125,ok,ue2_qfi1,0.42857142857142855,49,100.0,data,ok,0.0,ue1_qfi1,14.5,ok,30.4,ue1_qfi2,0,0.0,0.0,30.303,ok,33.0,,pending,,pending,,,DL,,,,,,,Reservation,161576974,,,
ue4_qfi9,28.75,58.75,66.5,72.25,ok,0.0,ok,ue4_qfi1,0,0,0,112.50000000000004,data,ok,2.0,False,,proxy,3,0,ue1_qfi2,1.0,152,150.0,ok,ue4_qfi2,35.75,ok,8,ok,8,ue3_qfi2,0.9505348,ok,0.9998251030515736,proxy,5,0.9997319408701998,94941406.4,ok,0.0025931818181818183,ok,0.9338579545454545,0.027903125,ok,ue6_qfi1,0.46938775510204084,49,100.0,data,ok,0.0,ue6_qfi9,56.0,ok,30.4,ue8_qfi2,3,82.5,229.0,30.303,ok,33.0,,pending,,pending,,,DL,,,,,,,TwoTier,161576974,,,
ue7_qfi9,9.0,17.5,19.0,20.25,ok,0.0,ok,ue7_qfi1,0,0,0,113.24999999999986,data,ok,2.0,False,,proxy,3,0,ue1_qfi2,1.0,152,150.0,ok,ue7_qfi2,16.829,ok,8,ok,8,ue6_qfi2,0.9690408,ok,0.9999780538412996,proxy,5,0.9999155647350034,95535585.6,ok,0.002756818181818182,ok,0.7810159090909091,0.051484375,ok,ue5_qfi1,0.46938775510204084,49,100.0,data,ok,0.0,ue7_qfi1,11.5,ok,30.4,ue1_qfi2,0,0.0,0.0,30.303,ok,33.0,,pending,,pending,,,DL,,,,,,,PF,35492826,,,
ue7_qfi9,254.0,293.25,297.25,298.75,ok,0.0009811915337322344,ok,ue8_qfi1,0,0,0,111.49999999999993,data,ok,2.0,False,,proxy,3,0,ue2_qfi2,0.993421052631579,152,150.0,ok,ue7_qfi2,17.065,ok,8,ok,8,ue6_qfi2,0.9690408,ok,0.9994976146265172,proxy,5,0.9978801261509914,94956268.8,ok,0.002809090909090909,ok,0.9302147727272727,0.063978125,ok,ue3_qfi1,0.42857142857142855,49,100.0,data,ok,0.0,ue7_qfi9,44.75,ok,30.2,ue7_qfi2,1,67.5,67.5,30.303,ok,33.0,,pending,,pending,,,DL,,,,,,,Reservation,35492826,,,
ue7_qfi9,48.75,84.25,94.5,103.0,ok,0.0,ok,ue1_qfi1,0,0,0,118.25000000000018,data,ok,2.0,False,,proxy,3,0,ue1_qfi2,1.0,150,150.0,ok,ue8_qfi2,40.744,ok,8,ok,8,ue6_qfi2,0.9589368,ok,0.9996691248488885,proxy,5,0.9994755193923525,94922104.0,ok,0.0028954545454545452,ok,0.9352920454545455,0.0302484375,ok,ue1_qfi1,0.3877551020408163,49,100.0,data,ok,0.0,ue7_qfi9,54.25,ok,30.0,ue8_qfi2,6,91.75,443.75,30.303,ok,33.0,,pending,,pending,,,DL,,,,,,,TwoTier,35492826,,,
ue8_qfi9,7.5,16.0,17.5,18.5,ok,0.0,ok,ue8_qfi1,0,0,0,112.99999999999999,data,ok,2.0,False,,proxy,3,0,ue2_qfi2,0.993421052631579,152,150.0,ok,ue8_qfi2,16.392,ok,8,ok,8,ue2_qfi2,0.964748,ok,0.9999741709335869,proxy,5,0.9999200383042839,95459204.8,ok,0.002638636363636364,ok,0.7309715909090909,0.0462890625,ok,ue5_qfi1,0.4489795918367347,49,100.0,data,ok,0.0,ue8_qfi9,11.0,ok,30.4,ue1_qfi2,0,0.0,0.0,30.303,ok,33.0,,pending,,pending,,,DL,,,,,,,PF,376383645,,,
ue8_qfi9,12.75,24.0,26.75,29.25,ok,0.0,ok,ue5_qfi1,0,0,0,111.7499999999998,data,ok,2.0,False,,proxy,3,0,ue8_qfi2,0.993421052631579,152,150.0,ok,ue8_qfi2,16.45,ok,8,ok,8,ue2_qfi2,0.9666928,ok,0.9999548425652071,proxy,5,0.9999169282875418,95419744.0,ok,0.0027113636363636363,ok,0.9249056818181818,0.0563859375,ok,ue7_qfi1,0.4489795918367347,49,100.0,data,ok,0.0,ue8_qfi9,16.5,ok,30.2,ue8_qfi2,1,73.0,73.0,30.303,ok,33.0,,pending,,pending,,,DL,,,,,,,Reservation,376383645,,,
ue8_qfi9,44.0,89.5,103.5,109.0,ok,0.0,ok,ue8_qfi1,0,0,0,124.5,data,ok,2.0,False,,proxy,3,0,ue7_qfi2,0.993421052631579,152,150.0,ok,ue8_qfi2,46.463,ok,8,ok,8,ue2_qfi2,0.9666928,ok,0.9997331989241205,proxy,5,0.9995825596983464,95168827.2,ok,0.002975,ok,0.936509090909091,0.0279171875,ok,ue4_qfi1,0.40816326530612246,49,100.0,data,ok,0.0,ue8_qfi9,65.0,ok,30.4,ue8_qfi2,7,106.5,548.75,30.303,ok,33.0,,pending,,pending,,,DL,,,,,,,TwoTier,376383645,,,
ue7_qfi9,280.0,298.5,299.5,299.75,ok,0.00871976377479879,ok,ue7_qfi1,0,0,0,118.25000000000018,data,ok,2.0,False,,proxy,3,0,ue1_qfi2,1.0,152,150.0,ok,ue7_qfi2,23.719,ok,8,ok,8,ue3_qfi2,0.966334,ok,0.9989130401563437,proxy,5,0.9975836159074705,94243272.0,ok,0.0037409090909090907,ok,0.9167818181818181,0.0680078125,ok,ue3_qfi1,0.46938775510204084,49,100.0,data,ok,0.0,ue7_qfi9,19.75,ok,30.4,ue1_qfi2,0,0.0,0.0,30.303,ok,33.0,,pending,,pending,,,DL,,,,,,,PF,1746484539,,,
ue7_qfi9,298.75,300.0,300.25,300.25,ok,0.04654788840975253,ok,ue5_qfi1,0,0,0,121.24999999999986,data,ok,2.0,False,,proxy,3,0,ue1_qfi2,1.0,152,150.0,ok,ue7_qfi2,22.433,ok,8,ok,8,ue3_qfi2,0.966334,ok,0.9896741364099686,proxy,5,0.9871632860284252,90549356.8,ok,0.002990909090909091,ok,0.9327534090909091,0.0868546875,ok,ue5_qfi1,0.46938775510204084,49,100.0,data,ok,0.0,ue8_qfi9,114.0,ok,30.4,ue1_qfi2,0,0.0,0.0,30.303,ok,33.0,,pending,,pending,,,DL,,,,,,,Reservation,1746484539,,,
ue7_qfi9,75.75,132.75,149.75,158.0,ok,0.0,ok,ue8_qfi1,0,0,0,144.0000000000001,data,ok,2.0,False,,proxy,3,0,ue1_qfi2,1.0,152,150.0,ok,ue5_qfi2,61.283,ok,8,ok,8,ue3_qfi2,0.9620092,ok,0.9994853969498092,proxy,5,0.9988004044759557,94787953.6,ok,0.0039022727272727273,ok,0.9327090909090909,0.0417046875,ok,ue2_qfi1,0.46938775510204084,49,100.0,data,ok,0.0,ue7_qfi9,82.25,ok,30.4,ue1_qfi2,27,100.75,2109.25,30.303,ok,33.0,,pending,,pending,,,DL,,,,,,,TwoTier,1746484539,,,
ue8_qfi9,5.75,13.0,14.5,15.5,ok,0.0,ok,ue8_qfi1,0,0,0,108.24999999999996,data,ok,2.0,False,,proxy,3,0,ue1_qfi2,1.0,152,150.0,ok,ue8_qfi2,13.557,ok,8,ok,8,ue2_qfi2,0.9578576,ok,0.9999900142950822,proxy,5,0.9999840823750873,95370956.8,ok,0.001959090909090909,ok,0.6637511363636364,0.0435671875,ok,ue6_qfi1,0.42857142857142855,49,100.0,data,ok,0.0,ue8_qfi9,9.75,ok,30.4,ue1_qfi2,0,0.0,0.0,30.303,ok,33.0,,pending,,pending,,,DH,,,,,,,PF,1826701614,,,
ue8_qfi9,8.0,15.5,16.75,17.75,ok,0.0,ok,ue4_qfi1,0,0,0,111.25000000000007,data,ok,2.0,False,,proxy,3,0,ue1_qfi2,1.0,152,150.0,ok,ue8_qfi2,15.196,ok,8,ok,8,ue2_qfi2,0.9578576,ok,0.9999795363631587,proxy,5,0.9999678445349821,95319988.8,ok,0.0025113636363636362,ok,0.9009045454545455,0.053853125,ok,ue4_qfi1,0.42857142857142855,49,100.0,data,ok,0.0,ue4_qfi1,10.75,ok,30.4,ue1_qfi2,0,0.0,0.0,30.303,ok,33.0,,pending,,pending,,,DH,,,,,,,Reservation,1826701614,,,
ue4_qfi9,10.25,39.75,50.5,56.25,ok,0.0,ok,ue6_qfi1,0,0,0,115.49999999999994,data,ok,2.0,False,,proxy,3,0,ue1_qfi2,1.0,151,150.0,ok,ue8_qfi2,33.347,ok,8,ok,8,ue2_qfi2,0.9517404,ok,0.9997565532856119,proxy,5,0.9996076432723711,94976448.0,ok,0.0022613636363636364,ok,0.9306863636363636,0.02838125,ok,ue4_qfi1,0.4489795918367347,49,100.0,data,ok,0.0,ue5_qfi9,47.25,ok,30.4,ue5_qfi2,3,102.0,251.75,30.303,ok,33.0,,pending,,pending,,,DH,,,,,,,TwoTier,1826701614,,,
ue7_qfi9,5.25,12.5,14.0,15.0,ok,0.0,ok,ue7_qfi1,0,0,0,108.99999999999999,data,ok,2.0,False,,proxy,3,0,ue3_qfi2,0.9868421052631579,152,150.0,ok,ue7_qfi2,14.0,ok,8,ok,8,ue3_qfi2,0.9585116,ok,0.9999918757975721,proxy,5,0.999988108660106,95402475.2,ok,0.0019,ok,0.6528840909090909,0.0428078125,ok,ue5_qfi1,0.42857142857142855,49,100.0,data,ok,0.0,ue7_qfi1,12.25,ok,30.0,ue3_qfi2,1,66.25,66.25,30.303,ok,33.0,,pending,,pending,,,DH,,,,,,,PF,1367864806,,,
ue7_qfi9,7.75,14.75,16.25,17.25,ok,0.0,ok,ue8_qfi1,0,0,0,113.49999999999972,data,ok,2.0,False,,proxy,3,0,ue1_qfi2,1.0,152,150.0,ok,ue8_qfi2,14.526,ok,8,ok,8,ue3_qfi2,0.9607608000000001,ok,0.9999839718232127,proxy,5,0.9999679072206465,95390675.2,ok,0.0021045454545454544,ok,0.8975772727272727,0.053509375,ok,ue1_qfi1,0.4489795918367347,49,100.0,data,ok,0.0,ue6_qfi1,15.0,ok,30.4,ue1_qfi2,0,0.0,0.0,30.303,ok,33.0,,pending,,pending,,,DH,,,,,,,Reservation,1367864806,,,
ue2_qfi9,8.5,42.5,68.75,86.5,ok,0.0,ok,ue5_qfi1,0,0,0,113.75000000000001,data,ok,2.0,False,,proxy,3,0,ue1_qfi2,1.0,152,150.0,ok,ue5_qfi2,30.34,ok,8,ok,8,ue3_qfi2,0.9607608000000001,ok,0.9999232642920429,proxy,5,0.9998896856531897,95222627.2,ok,0.002127272727272727,ok,0.9325102272727273,0.0287234375,ok,ue5_qfi1,0.42857142857142855,49,100.0,data,ok,0.0,ue2_qfi9,78.0,ok,30.4,ue2_qfi2,2,115.25,185.0,30.303,ok,33.0,,pending,,pending,,,DH,,,,,,,TwoTier,1367864806,,,
ue4_qfi9,6.5,14.75,16.25,17.0,ok,0.0,ok,ue4_qfi1,0,0,0,110.50000000000004,data,ok,2.0,False,,proxy,3,0,ue1_qfi2,1.0,152,150.0,ok,ue4_qfi2,15.166,ok,8,ok,8,ue8_qfi2,0.9680356,ok,0.9999776357288443,proxy,5,0.9999197581188324,95567436.8,ok,0.0025545454545454547,ok,0.7099420454545454,0.0449859375,ok,ue1_qfi1,0.46938775510204084,49,100.0,data,ok,0.0,ue4_qfi9,10.5,ok,30.4,ue1_qfi2,0,0.0,0.0,30.303,ok,33.0,,pending,,pending,,,DH,,,,,,,PF,1097657231,,,
ue4_qfi9,10.5,18.0,19.75,20.75,ok,0.0,ok,ue1_qfi1,0,0,0,112.75000000000013,data,ok,2.0,False,,proxy,3,0,ue1_qfi2,1.0,152,150.0,ok,ue7_qfi2,15.943,ok,8,ok,8,ue8_qfi2,0.9680356,ok,0.999970719955218,proxy,5,0.9999119025941484,95521481.6,ok,0.0024977272727272726,ok,0.9171659090909091,0.0550375,ok,ue8_qfi1,0.42857142857142855,49,100.0,data,ok,0.0,ue1_qfi1,12.25,ok,30.4,ue1_qfi2,0,0.0,0.0,30.303,ok,33.0,,pending,,pending,,,DH,,,,,,,Reservation,1097657231,,,
ue7_qfi9,30.5,63.75,72.0,92.75,ok,0.0,ok,ue7_qfi1,0,0,0,120.5,data,ok,2.0,False,,proxy,3,0,ue1_qfi2,1.0,152,150.0,ok,ue7_qfi2,36.96,ok,8,ok,8,ue4_qfi2,0.9667764,ok,0.9998320304392255,proxy,5,0.9996957765979397,95307400.0,ok,0.0029772727272727273,ok,0.9328681818181818,0.0276765625,ok,ue6_qfi1,0.42857142857142855,49,100.0,data,ok,0.0,ue7_qfi9,62.25,ok,30.4,ue7_qfi2,4,108.5,324.5,30.303,ok,33.0,,pending,,pending,,,DH,,,,,,,TwoTier,1097657231,,,
ue8_qfi9,6.75,15.25,16.75,17.75,ok,0.0,ok,ue8_qfi1,0,0,0,109.50000000000016,data,ok,2.0,False,,proxy,3,0,ue1_qfi2,1.0,152,150.0,ok,ue8_qfi2,15.318,ok,8,ok,8,ue8_qfi2,0.9636376,ok,0.9999922083522629,proxy,5,0.999984988304191,95608204.8,ok,0.0022954545454545454,ok,0.6905306818181818,0.0443421875,ok,ue5_qfi1,0.46938775510204084,49,100.0,data,ok,0.0,ue8_qfi1,11.75,ok,30.4,ue1_qfi2,0,0.0,0.0,30.303,ok,33.0,,pending,,pending,,,DH,,,,,,,PF,579362555,,,
ue8_qfi9,10.25,18.0,19.25,20.0,ok,0.0,ok,ue2_qfi1,0,0,0,112.99999999999999,data,ok,2.0,False,,proxy,3,0,ue1_qfi2,1.0,152,150.0,ok,ue8_qfi2,15.361,ok,8,ok,8,ue8_qfi2,0.9636376,ok,0.9999818398817941,proxy,5,0.9999721668383714,95550443.2,ok,0.002297727272727273,ok,0.9129056818181818,0.0544359375,ok,ue2_qfi1,0.42857142857142855,49,100.0,data,ok,0.0,ue2_qfi1,12.5,ok,30.4,ue1_qfi2,0,0.0,0.0,30.303,ok,33.0,,pending,,pending,,,DH,,,,,,,Reservation,579362555,,,
ue8_qfi9,33.25,66.25,74.5,80.25,ok,0.0,ok,ue8_qfi1,0,0,0,121.0,data,ok,2.0,False,,proxy,3,0,ue1_qfi2,0.993421052631579,152,150.0,ok,ue8_qfi2,33.568,ok,8,ok,8,ue3_qfi2,0.9609588,ok,0.9996665509026592,proxy,5,0.9991187526205285,95178438.4,ok,0.002540909090909091,ok,0.9317875,0.028121875,ok,ue1_qfi1,0.4489795918367347,49,100.0,data,ok,0.0,ue4_qfi9,55.5,ok,30.4,ue8_qfi2,2,87.5,154.75,30.303,ok,33.0,,pending,,pending,,,DH,,,,,,,TwoTier,579362555,,,
ue7_qfi9,5.0,12.0,13.5,14.25,ok,0.0,ok,ue3_qfi1,0,0,0,108.99999999999999,data,ok,2.0,False,,proxy,3,0,ue1_qfi2,1.0,152,150.0,ok,ue7_qfi2,13.463,ok,8,ok,8,ue8_qfi2,0.9537664,ok,0.9999923764509362,proxy,5,0.9999862731944421,95146342.4,ok,0.002086363636363636,ok,0.6525170454545455,0.042734375,ok,ue3_qfi1,0.42857142857142855,49,100.0,data,ok,0.0,ue7_qfi1,10.75,ok,30.4,ue1_qfi2,0,0.0,0.0,30.303,ok,33.0,,pending,,pending,,,DH,,,,,,,PF,661058651,,,
ue7_qfi9,7.75,14.75,16.25,17.0,ok,0.0,ok,ue6_qfi1,0,0,0,112.50000000000027,data,ok,2.0,False,,proxy,3,0,ue1_qfi2,1.0,152,150.0,ok,ue7_qfi2,14.888,ok,8,ok,8,ue8_qfi2,0.9537664,ok,0.9999729938397893,proxy,5,0.9999523951593389,95150652.8,ok,0.0020886363636363637,ok,0.8963045454545454,0.0535703125,ok,ue1_qfi1,0.4489795918367347,49,100.0,data,ok,0.0,ue6_qfi1,12.5,ok,30.4,ue1_qfi2,0,0.0,0.0,30.303,ok,33.0,,pending,,pending,,,DH,,,,,,,Reservation,661058651,,,
ue5_qfi9,8.0,46.25,62.0,67.0,ok,0.0,ok,ue4_qfi1,0,0,0,113.7499999999999,data,ok,2.0,False,,proxy,3,0,ue4_qfi2,0.993421052631579,152,150.0,ok,ue2_qfi2,32.911,ok,8,ok,8,ue8_qfi2,0.9537664,ok,0.9997986423362887,proxy,5,0.9997224686285161,94947068.8,ok,0.002265909090909091,ok,0.9318375,0.0285515625,ok,ue6_qfi1,0.42857142857142855,49,100.0,data,ok,0.0,ue5_qfi9,59.0,ok,30.4,ue5_qfi2,2,106.25,175.5,30.303,ok,33.0,,pending,,pending,,,DH,,,,,,,TwoTier,661058651,,,
ue6_qfi9,5.0,11.75,13.25,14.25,ok,0.0,ok,ue6_qfi1,0,0,0,201.75000000000009,data,ok,2.0,False,,proxy,3,0,ue6_qfi2,0.993421052631579,152,150.0,ok,ue6_qfi2,13.008,ok,8,ok,8,ue3_qfi2,0.9645228,ok,0.9999186412757712,proxy,5,0.999698011515333,95354409.6,ok,0.0020704545454545455,ok,0.6493954545454546,0.04225625,ok,ue1_qfi1,0.40816326530612246,49,100.0,data,ok,0.0,ue6_qfi1,10.75,ok,30.4,ue1_qfi2,0,0.0,0.0,30.303,ok,33.0,,pending,,pending,,,DH,,,,,,,PF,87989972,,,
ue6_qfi9,7.5,14.5,16.0,17.0,ok,0.0,ok,ue7_qfi1,0,0,0,112.75000000000013,data,ok,2.0,False,,proxy,3,0,ue1_qfi2,1.0,152,150.0,ok,ue6_qfi2,14.684,ok,8,ok,8,ue3_qfi2,0.9645228,ok,0.9999483139931253,proxy,5,0.9998465830389297,95347700.8,ok,0.002138636363636364,ok,0.8924954545454545,0.0537390625,ok,ue6_qfi1,0.46938775510204084,49,100.0,data,ok,0.0,ue3_qfi1,11.25,ok,30.4,ue1_qfi2,0,0.0,0.0,30.303,ok,33.0,,pending,,pending,,,DH,,,,,,,Reservation,87989972,,,
ue6_qfi9,20.25,59.5,74.0,84.25,ok,0.0,ok,ue6_qfi1,0,0,0,116.75000000000057,data,ok,2.0,False,,proxy,3,0,ue2_qfi2,0.993421052631579,152,150.0,ok,ue6_qfi2,42.327,ok,8,ok,8,ue4_qfi2,0.9620564,ok,0.9998133240447922,proxy,5,0.9996928095398929,95106441.6,ok,0.002577272727272727,ok,0.9311806818181818,0.02859375,ok,ue5_qfi1,0.42857142857142855,49,100.0,data,ok,0.0,ue3_qfi9,68.5,ok,30.4,ue6_qfi2,6,115.0,473.5,30.303,ok,33.0,,pending,,pending,,,DH,,,,,,,TwoTier,87989972,,,
ue3_qfi2,4.617,10.25,11.75,12.297,ok,0.0,ok,ue3_qfi1,0,0,0,108.0000000000001,data,ok,2.0,False,,proxy,3,0,ue3_qfi2,0.993421052631579,152,150.0,ok,ue3_qfi2,12.249,ok,7,ok,8,ue3_qfi2,0.9486492,ok,0.999992898606577,proxy,5,0.9999877682108611,95190888.0,ok,0.002372727272727273,ok,0.6406784090909091,0.0419125,ok,ue3_qfi1,0.40816326530612246,49,100.0,data,ok,0.0,ue6_qfi1,8.75,ok,30.4,ue1_qfi2,0,0.0,0.0,30.303,ok,33.0,,pending,,pending,,,DH,,,,,,,PF,161576974,,,
ue8_qfi9,6.75,13.25,15.0,16.0,ok,0.0,ok,ue8_qfi1,0,0,0,114.74999999999991,data,ok,2.0,False,,proxy,3,0,ue1_qfi2,1.0,152,150.0,ok,ue4_qfi2,14.78,ok,8,ok,8,ue3_qfi2,0.9505348,ok,0.9999868461986272,proxy,5,0.9999809816785867,95176289.6,ok,0.0019863636363636364,ok,0.8926795454545454,0.053403125,ok,ue5_qfi1,0.46938775510204084,49,100.0,data,ok,0.0,ue8_qfi1,14.0,ok,30.4,ue1_qfi2,0,0.0,0.0,30.303,ok,33.0,,pending,,pending,,,DH,,,,,,,Reservation,161576974,,,
ue7_qfi9,14.25,49.0,59.25,64.25,ok,0.0,ok,ue8_qfi1,0,0,0,112.50000000000004,data,ok,2.0,False,,proxy,3,0,ue1_qfi2,1.0,152,150.0,ok,ue7_qfi2,31.0,ok,8,ok,8,ue3_qfi2,0.9505348,ok,0.9997020886600538,proxy,5,0.9994484492619247,95017272.0,ok,0.0027636363636363635,ok,0.9354977272727273,0.0287671875,ok,ue7_qfi1,0.42857142857142855,49,100.0,data,ok,0.0,ue6_qfi9,52.75,ok,30.4,ue5_qfi2,2,83.75,162.25,30.303,ok,33.0,,pending,,pending,,,DH,,,,,,,TwoTier,161576974,,,
ue7_qfi9,5.75,13.25,15.0,16.0,ok,0.0,ok,ue7_qfi1,0,0,0,112.0000000000001,data,ok,2.0,False,,proxy,3,0,ue1_qfi2,1.0,152,150.0,ok,ue7_qfi2,14.644,ok,8,ok,8,ue6_qfi2,0.9690408,ok,0.999976927025223,proxy,5,0.9999202872430906,95554118.4,ok,0.0022295454545454545,ok,0.658925,0.0430953125,ok,ue6_qfi1,0.42857142857142855,49,100.0,data,ok,0.0,ue7_qfi1,12.0,ok,30.4,ue1_qfi2,0,0.0,0.0,30.303,ok,33.0,,pending,,pending,,,DH,,,,,,,PF,35492826,,,
ue7_qfi9,8.25,15.25,16.75,17.75,ok,0.0,ok,ue2_qfi1,0,0,0,113.50000000000016,data,ok,2.0,False,,proxy,3,0,ue1_qfi2,1.0,152,150.0,ok,ue8_qfi2,14.733,ok,8,ok,8,ue6_qfi2,0.9690408,ok,0.9999554057215263,proxy,5,0.9999120636669401,95484016.0,ok,0.002181818181818182,ok,0.9018943181818182,0.053759375,ok,ue4_qfi1,0.40816326530612246,49,100.0,data,ok,0.0,ue2_qfi1,12.25,ok,30.4,ue1_qfi2,0,0.0,0.0,30.303,ok,33.0,,pending,,pending,,,DH,,,,,,,Reservation,35492826,,,
ue7_qfi9,18.5,55.25,64.75,70.25,ok,0.0,ok,ue8_qfi1,0,0,0,113.75000000000001,data,ok,2.0,False,,proxy,3,0,ue1_qfi2,0.993421052631579,152,150.0,ok,ue7_qfi2,33.826,ok,8,ok,8,ue6_qfi2,0.9690408,ok,0.9997187967450198,proxy,5,0.9995606374883191,95256372.8,ok,0.002031818181818182,ok,0.9336045454545454,0.028703125,ok,ue7_qfi1,0.40816326530612246,49,100.0,data,ok,0.0,ue7_qfi9,51.75,ok,30.4,ue7_qfi2,3,78.75,219.75,30.303,ok,33.0,,pending,,pending,,,DH,,,,,,,TwoTier,35492826,,,
ue8_qfi9,4.75,11.75,13.25,14.25,ok,0.0,ok,ue5_qfi1,0,0,0,108.99999999999999,data,ok,2.0,False,,proxy,3,0,ue1_qfi2,1.0,152,150.0,ok,ue8_qfi2,12.519,ok,8,ok,8,ue2_qfi2,0.9666928,ok,0.9999781617329788,proxy,5,0.9999215120150345,95477595.2,ok,0.00225,ok,0.6481284090909091,0.0422125,ok,ue2_qfi1,0.4489795918367347,49,100.0,data,ok,0.0,ue8_qfi9,9.5,ok,30.4,ue1_qfi2,0,0.0,0.0,30.303,ok,33.0,,pending,,pending,,,DH,,,,,,,PF,376383645,,,
ue8_qfi9,7.25,14.25,15.75,16.75,ok,0.0,ok,ue1_qfi1,0,0,0,114.24999999999974,data,ok,2.0,False,,proxy,3,0,ue1_qfi2,1.0,152,150.0,ok,ue3_qfi2,14.809,ok,8,ok,8,ue2_qfi2,0.9666928,ok,0.9999625844208075,proxy,5,0.9999209686352707,95465113.6,ok,0.0020113636363636362,ok,0.8958125,0.0534296875,ok,ue2_qfi1,0.4897959183673469,49,100.0,data,ok,0.0,ue1_qfi1,13.5,ok,30.4,ue1_qfi2,0,0.0,0.0,30.303,ok,33.0,,pending,,pending,,,DH,,,,,,,Reservation,376383645,,,
ue7_qfi9,11.5,44.25,56.0,65.25,ok,0.0,ok,ue2_qfi1,0,0,0,110.25,data,ok,2.0,False,,proxy,3,0,ue1_qfi2,1.0,152,150.0,ok,ue8_qfi2,33.646,ok,8,ok,8,ue5_qfi2,0.9605948000000001,ok,0.9998398101676447,proxy,5,0.9997251798800508,95184080.0,ok,0.0025045454545454546,ok,0.9339909090909091,0.0286984375,ok,ue1_qfi1,0.40816326530612246,49,100.0,data,ok,0.0,ue7_qfi9,53.75,ok,30.4,ue8_qfi2,5,82.25,375.75,30.303,ok,33.0,,pending,,pending,,,DH,,,,,,,TwoTier,376383645,,,
ue7_qfi9,6.5,15.0,16.5,17.25,ok,0.0,ok,ue7_qfi1,0,0,0,112.0000000000001,data,ok,2.0,False,,proxy,3,0,ue1_qfi2,1.0,152,150.0,ok,ue7_qfi2,14.495,ok,8,ok,8,ue3_qfi2,0.966334,ok,0.9999919365748223,proxy,5,0.9999868320588019,95408310.4,ok,0.0021340909090909093,ok,0.6809738636363636,0.0444296875,ok,ue4_qfi1,0.4489795918367347,49,100.0,data,ok,0.0,ue7_qfi1,10.75,ok,30.4,ue1_qfi2,0,0.0,0.0,30.303,ok,33.0,,pending,,pending,,,DH,,,,,,,PF,1746484539,,,
ue7_qfi9,9.25,16.75,18.25,19.25,ok,0.0,ok,ue3_qfi1,0,0,0,111.25000000000007,data,ok,2.0,False,,proxy,3,0,ue1_qfi2,1.0,152,150.0,ok,ue6_qfi2,15.394,ok,8,ok,8,ue3_qfi2,0.966334,ok,0.9999745334870948,proxy,5,0.9999588828809854,95366529.6,ok,0.002393181818181818,ok,0.9094511363636364,0.0541984375,ok,ue2_qfi1,0.46938775510204084,49,100.0,data,ok,0.0,ue6_qfi2,11.088000000000001,ok,30.4,ue1_qfi2,0,0.0,0.0,30.303,ok,33.0,,pending,,pending,,,DH,,,,,,,Reservation,1746484539,,,
ue7_qfi9,30.75,70.0,86.0,99.75,ok,0.0,ok,ue7_qfi1,0,0,0,112.75000000000013,data,ok,2.0,False,,proxy,3,0,ue1_qfi2,1.0,152,150.0,ok,ue7_qfi2,38.924,ok,8,ok,8,ue3_qfi2,0.966334,ok,0.9998118952965693,proxy,5,0.9997855991022537,95277347.2,ok,0.002684090909090909,ok,0.9350079545454546,0.0284078125,ok,ue3_qfi1,0.3877551020408163,49,100.0,data,ok,0.0,ue7_qfi9,69.0,ok,30.4,ue7_qfi2,4,95.25,339.0,30.303,ok,33.0,,pending,,pending,,,DH,,,,,,,TwoTier,1746484539,,,
ue8_qfi9,298.0,300.0,300.25,300.25,ok,0.2772370879250599,ok,ue6_qfi1,0,0,0,135.24999999999986,data,ok,2.0,False,,proxy,3,0,ue1_qfi2,1.0,152,150.0,ok,ue8_qfi2,25.301,ok,8,ok,8,ue2_qfi2,0.9578576,ok,0.9542480919942491,proxy,5,0.9511601357264211,67392945.6,ok,0.004806818181818182,ok,0.9295409090909091,0.037725,ok,ue4_qfi1,0.46938775510204084,49,100.0,data,ok,0.0,ue6_qfi1,37.5,ok,30.4,ue1_qfi2,0,0.0,0.0,30.303,ok,33.0,,pending,,pending,,,,4,,,,,,PF,1826701614,,,
ue7_qfi9,293.25,299.75,300.0,300.25,ok,0.2807839112676446,ok,ue5_qfi1,0,0,0,124.24999999999997,data,ok,2.0,False,,proxy,3,0,ue8_qfi2,0.0,148,150.0,ok,ue4_qfi2,21.75,ok,7,ok,8,ue8_qfi2,0.0,ok,0.8877893279562528,proxy,5,0.8863568139277166,66968302.4,ok,0.0043022727272727275,ok,0.9324613636363637,0.091715625,ok,ue6_qfi1,0.46938775510204084,49,100.0,data,ok,0.0,ue3_qfi1,20.25,ok,30.4,ue1_qfi2,0,0.0,0.0,30.303,ok,33.0,,pending,,pending,,,,4,,,,,,Reservation,1826701614,,,
ue4_qfi9,25.0,49.25,55.5,60.0,ok,0.36309841995209513,ok,ue4_qfi1,0,0,0,114.50000000000004,data,ok,2.0,False,,proxy,3,0,ue6_qfi2,0.0,147,150.0,ok,ue5_qfi2,23.88,ok,5,ok,8,ue6_qfi2,0.0,ok,0.7186912481147166,proxy,5,0.7186752488655695,59516212.8,ok,0.005465909090909091,ok,0.9286625,0.0380546875,ok,ue1_qfi1,0.40816326530612246,49,100.0,data,ok,0.0,ue4_qfi9,35.0,ok,30.4,ue1_qfi2,0,0.0,0.0,30.303,ok,33.0,,pending,,pending,,,,4,,,,,,TwoTier,1826701614,,,
ue8_qfi9,297.5,299.75,300.0,300.25,ok,0.26592088028774846,ok,ue5_qfi1,0,0,0,140.50000000000028,data,ok,2.0,False,,proxy,3,0,ue6_qfi2,0.993421052631579,152,150.0,ok,ue6_qfi2,24.847,ok,8,ok,8,ue3_qfi2,0.9580716,ok,0.9566018891042674,proxy,5,0.9450793165794142,68420932.8,ok,0.004697727272727273,ok,0.9314829545454546,0.0348515625,ok,ue1_qfi1,0.46938775510204084,49,100.0,data,ok,0.0,ue5_qfi1,39.5,ok,30.4,ue1_qfi2,0,0.0,0.0,30.303,ok,33.0,,pending,,pending,,,,4,,,,,,PF,1367864806,,,
ue7_qfi9,295.5,299.75,300.0,300.25,ok,0.2762033556984778,ok,ue7_qfi1,0,0,0,123.25000000000009,data,ok,2.0,False,,proxy,3,0,ue8_qfi2,0.0,147,150.0,ok,ue7_qfi2,22.199,ok,7,ok,8,ue8_qfi2,0.0,ok,0.8881267963068804,proxy,5,0.8775267342701593,67391502.4,ok,0.004056818181818181,ok,0.9332295454545455,0.0881265625,ok,ue1_qfi1,0.3877551020408163,49,100.0,data,ok,0.0,ue2_qfi9,34.0,ok,30.4,ue1_qfi2,0,0.0,0.0,30.303,ok,33.0,,pending,,pending,,,,4,,,,,,Reservation,1367864806,,,
ue6_qfi9,298.25,300.0,300.0,300.25,ok,0.28202383500169664,ok,ue6_qfi9,0,0,1,631.7500000000002,data,ok,2.0,False,,proxy,3,0,ue6_qfi2,0.78,150,150.0,ok,ue6_qfi2,110.344,ok,5,ok,8,ue6_qfi2,0.7488148,ok,0.8783647809225549,proxy,5,0.7187299128868911,66772062.4,ok,0.004943181818181818,ok,0.9307784090909091,0.0323859375,ok,ue6_qfi1,0.23529411764705882,17,100.0,data,ok,0.0,ue3_qfi9,149.5,ok,23.4,ue6_qfi2,7,150.75,612.25,30.303,ok,33.0,,pending,,pending,,,,4,,,,,,TwoTier,1367864806,,,
ue8_qfi9,297.75,300.0,300.0,300.25,ok,0.2824138866739018,ok,ue4_qfi1,0,0,0,121.0,data,ok,2.0,False,,proxy,3,0,ue5_qfi2,0.993421052631579,152,150.0,ok,ue3_qfi2,25.479,ok,8,ok,8,ue8_qfi2,0.9680356,ok,0.9532217233001179,proxy,5,0.9471504591988028,67054371.199999996,ok,0.005090909090909091,ok,0.9322772727272727,0.035784375,ok,ue5_qfi1,0.5102040816326531,49,100.0,data,ok,0.0,ue3_qfi1,24.75,ok,30.2,ue7_qfi2,1,67.25,67.25,30.303,ok,33.0,,pending,,pending,,,,4,,,,,,PF,1097657231,,,
ue7_qfi9,297.0,300.0,300.25,300.25,ok,0.2924663597770807,ok,ue7_qfi1,0,0,0,122.50000000000006,data,ok,2.0,False,,proxy,3,0,ue8_qfi2,0.0,147,150.0,ok,ue3_qfi2,22.827,ok,7,ok,8,ue8_qfi2,0.0,ok,0.8861493551572586,proxy,5,0.8815056233808486,66087716.8,ok,0.004113636363636364,ok,0.9314852272727273,0.089584375,ok,ue5_qfi1,0.42857142857142855,49,100.0,data,ok,0.0,ue2_qfi1,22.0,ok,30.4,ue1_qfi2,0,0.0,0.0,30.303,ok,33.0,,pending,,pending,,,,4,,,,,,Reservation,1097657231,,,
ue8_qfi9,293.5,299.75,300.0,300.25,ok,0.2820333125078373,ok,ue7_qfi1,0,0,0,299.74999999999955,data,ok,2.0,False,,proxy,3,0,ue8_qfi2,0.9801324503311258,151,150.0,ok,ue6_qfi2,68.394,ok,7,ok,8,ue8_qfi2,0.9498492,ok,0.935486182068716,proxy,5,0.9293199905158355,66995496.0,ok,0.0055,ok,0.9319181818181819,0.0346671875,ok,ue3_qfi1,0.4791666666666667,48,100.0,data,ok,0.0,ue6_qfi2,121.35300000000001,ok,29.8,ue6_qfi2,4,102.75,340.0,30.303,ok,33.0,,pending,,pending,,,,4,,,,,,TwoTier,1097657231,,,
ue8_qfi9,297.75,300.0,300.0,300.25,ok,0.2485843154251477,ok,ue8_qfi1,0,0,0,126.50000000000006,data,ok,2.0,False,,proxy,3,0,ue2_qfi2,0.993421052631579,152,150.0,ok,ue2_qfi2,25.375,ok,8,ok,8,ue8_qfi2,0.9628291999999999,ok,0.9623188908132538,proxy,5,0.9580247526769801,70058393.6,ok,0.004738636363636363,ok,0.9320863636363637,0.034440625,ok,ue1_qfi1,0.46938775510204084,49,100.0,data,ok,0.0,ue8_qfi1,24.75,ok,30.4,ue1_qfi2,0,0.0,0.0,30.303,ok,33.0,,pending,,pending,,,,4,,,,,,PF,579362555,,,
ue6_qfi9,284.0,299.5,300.0,300.25,ok,0.2527925686789713,ok,ue4_qfi1,0,0,0,120.24999999999997,data,ok,2.0,False,,proxy,3,0,ue8_qfi2,0.0,148,150.0,ok,ue6_qfi2,21.04,ok,7,ok,8,ue8_qfi2,0.0,ok,0.8928007110778118,proxy,5,0.8900916197036522,69593467.2,ok,0.003911363636363636,ok,0.9319579545454545,0.085809375,ok,ue2_qfi1,0.40816326530612246,49,100.0,data,ok,0.0,ue6_qfi1,17.25,ok,30.4,ue1_qfi2,0,0.0,0.0,30.303,ok,33.0,,pending,,pending,,,,4,,,,,,Reservation,579362555,,,
ue4_qfi9,17.5,41.5,47.75,51.5,ok,0.36288762710362865,ok,ue1_qfi1,0,0,0,111.5,data,ok,2.0,False,,proxy,3,0,ue6_qfi2,0.0,148,150.0,ok,ue5_qfi2,21.16,ok,5,ok,8,ue6_qfi2,0.0,ok,0.7186971579820762,proxy,5,0.7186711416930194,59650060.8,ok,0.0052977272727272725,ok,0.9327704545454546,0.0357859375,ok,ue2_qfi1,0.46938775510204084,49,100.0,data,ok,0.0,ue2_qfi9,36.0,ok,30.2,ue3_qfi2,1,74.75,74.75,30.303,ok,33.0,,pending,,pending,,,,4,,,,,,TwoTier,579362555,,,
ue8_qfi9,295.0,299.75,300.0,300.25,ok,0.24905909835410955,ok,ue3_qfi1,0,0,0,135.9999999999997,data,ok,2.0,False,,proxy,3,0,ue1_qfi2,0.993421052631579,152,150.0,ok,ue7_qfi2,24.538,ok,8,ok,8,ue8_qfi2,0.9537664,ok,0.9620425422465096,proxy,5,0.9548427700310157,69695737.6,ok,0.0052,ok,0.9302977272727273,0.0341453125,ok,ue1_qfi1,0.5102040816326531,49,100.0,data,ok,0.0,ue3_qfi1,47.25,ok,30.2,ue1_qfi2,0,0.0,0.0,30.303,ok,33.0,,pending,,pending,,,,4,,,,,,PF,661058651,,,
ue8_qfi9,297.75,300.0,300.25,300.25,ok,0.26290839489070866,ok,ue4_qfi1,0,0,0,125.50000000000017,data,ok,2.0,False,,proxy,3,0,ue7_qfi2,0.5592105263157895,152,150.0,ok,ue7_qfi2,36.286,ok,6,ok,8,ue8_qfi2,0.5297388000000001,ok,0.8990567794008907,proxy,5,0.8114539423799616,68385950.4,ok,0.004072727272727273,ok,0.9318011363636364,0.0916421875,ok,ue8_qfi1,0.46153846153846156,26,100.0,data,ok,0.0,ue1_qfi9,205.5,ok,30.4,ue1_qfi2,0,0.0,0.0,30.303,ok,33.0,,pending,,pending,,,,4,,,,,,Reservation,661058651,,,
ue4_qfi9,15.25,43.0,50.25,54.25,ok,0.3629987085147281,ok,ue2_qfi1,0,0,0,113.50000000000016,data,ok,2.0,False,,proxy,3,0,ue6_qfi2,0.0,147,150.0,ok,ue4_qfi2,21.682,ok,5,ok,8,ue6_qfi2,0.0,ok,0.7186940066554038,proxy,5,0.7186557809878324,59413489.6,ok,0.0051522727272727276,ok,0.9303659090909091,0.0343171875,ok,ue1_qfi1,0.4897959183673469,49,100.0,data,ok,0.0,ue1_qfi9,41.5,ok,30.2,ue3_qfi2,1,68.0,68.0,30.303,ok,33.0,,pending,,pending,,,,4,,,,,,TwoTier,661058651,,,
ue8_qfi9,298.25,300.0,300.25,300.25,ok,0.2982501502348456,ok,ue6_qfi1,0,0,0,130.2500000000002,data,ok,2.0,False,,proxy,3,0,ue1_qfi2,1.0,152,150.0,ok,ue3_qfi2,24.963,ok,8,ok,8,ue3_qfi2,0.9634064,ok,0.9484208049611176,proxy,5,0.9435403174206327,65574694.4,ok,0.005345454545454546,ok,0.9324113636363637,0.0384765625,ok,ue4_qfi1,0.5102040816326531,49,100.0,data,ok,0.0,ue4_qfi1,28.25,ok,30.4,ue1_qfi2,0,0.0,0.0,30.303,ok,33.0,,pending,,pending,,,,4,,,,,,PF,87989972,,,
ue7_qfi9,295.75,300.0,300.0,300.25,ok,0.2999821379933728,ok,ue3_qfi1,0,0,0,125.49999999999972,data,ok,2.0,False,,proxy,3,0,ue8_qfi2,0.0,147,150.0,ok,ue5_qfi2,22.378,ok,7,ok,8,ue8_qfi2,0.0,ok,0.8847791600882978,proxy,5,0.8799576093816095,65333376.0,ok,0.004320454545454546,ok,0.9328102272727272,0.0951953125,ok,ue1_qfi1,0.4897959183673469,49,100.0,data,ok,0.0,ue3_qfi1,21.0,ok,30.4,ue1_qfi2,0,0.0,0.0,30.303,ok,33.0,,pending,,pending,,,,4,,,,,,Reservation,87989972,,,
ue5_qfi9,22.5,53.75,63.0,70.75,ok,0.36333297924788105,ok,ue5_qfi1,0,0,0,115.00000000000021,data,ok,2.0,False,,proxy,3,0,ue6_qfi2,0.0,147,150.0,ok,ue4_qfi2,24.074,ok,5,ok,8,ue6_qfi2,0.0,ok,0.7186676367067182,proxy,5,0.7185775897452179,59484632.0,ok,0.004779545454545455,ok,0.9332136363636364,0.038921875,ok,ue1_qfi1,0.42857142857142855,49,100.0,data,ok,0.0,ue5_qfi9,48.25,ok,30.4,ue1_qfi2,0,0.0,0.0,30.303,ok,33.0,,pending,,pending,,,,4,,,,,,TwoTier,87989972,,,
ue8_qfi9,297.25,299.75,300.0,300.25,ok,0.27518330755758785,ok,ue1_qfi1,0,0,0,123.50000000000038,data,ok,2.0,False,,proxy,3,0,ue1_qfi2,1.0,152,150.0,ok,ue5_qfi2,25.748,ok,7,ok,8,ue3_qfi2,0.9494975999999999,ok,0.9537836255641763,proxy,5,0.937840275400075,67464425.6,ok,0.004865909090909091,ok,0.9343647727272727,0.036959375,ok,ue2_qfi1,0.4897959183673469,49,100.0,data,ok,0.0,ue1_qfi1,25.0,ok,30.4,ue1_qfi2,0,0.0,0.0,30.303,ok,33.0,,pending,,pending,,,,4,,,,,,PF,161576974,,,
ue8_qfi9,297.5,300.0,300.25,300.25,ok,0.29584940454732356,ok,ue8_qfi1,0,0,0,124.74999999999969,data,ok,2.0,False,,proxy,3,0,ue4_qfi2,0.993421052631579,152,150.0,ok,ue2_qfi2,24.915,ok,8,ok,8,ue3_qfi2,0.9505348,ok,0.9511605240613367,proxy,5,0.9349125242642045,66382763.2,ok,0.004540909090909091,ok,0.93385,0.1053234375,ok,ue5_qfi1,0.4489795918367347,49,100.0,data,ok,0.0,ue8_qfi1,37.75,ok,30.2,ue4_qfi2,1,71.25,71.25,30.303,ok,33.0,,pending,,pending,,,,4,,,,,,Reservation,161576974,,,
ue7_qfi9,296.0,299.75,300.0,300.25,ok,0.3060031432850446,ok,ue2_qfi1,0,0,0,371.2499999999999,data,ok,2.0,False,,proxy,3,0,ue8_qfi2,0.42105263157894735,152,150.0,ok,ue6_qfi2,87.292,ok,5,ok,8,ue6_qfi2,0.4130512,ok,0.8069537096977919,proxy,5,0.7184079576767421,64310054.4,ok,0.004765909090909091,ok,0.9349011363636364,0.0381078125,ok,ue2_qfi1,0.45454545454545453,44,100.0,data,ok,0.0,ue2_qfi9,260.75,ok,30.0,ue2_qfi2,2,83.25,165.25,30.303,ok,33.0,,pending,,pending,,,,4,,,,,,TwoTier,161576974,,,
ue8_qfi9,298.0,300.0,300.0,300.25,ok,0.29176728180718714,ok,ue4_qfi1,0,0,0,117.75000000000003,data,ok,2.0,False,,proxy,3,0,ue6_qfi2,0.993421052631579,152,150.0,ok,ue5_qfi2,27.25,ok,8,ok,8,ue6_qfi2,0.9684056,ok,0.9502449559358721,proxy,5,0.9419461877403544,66234140.8,ok,0.005047727272727272,ok,0.9352363636363636,0.0379734375,ok,ue5_qfi1,0.46938775510204084,49,100.0,data,ok,0.0,ue4_qfi1,21.5,ok,30.4,ue1_qfi2,0,0.0,0.0,30.303,ok,33.0,,pending,,pending,,,,4,,,,,,PF,35492826,,,
ue7_qfi9,297.25,300.0,300.25,300.25,ok,0.30167229287202796,ok,ue2_qfi1,0,0,0,124.24999999999997,data,ok,2.0,False,,proxy,3,0,ue8_qfi2,0.0,147,150.0,ok,ue5_qfi2,22.588,ok,7,ok,8,ue8_qfi2,0.0,ok,0.8841606638587131,proxy,5,0.879967756698857,65315924.8,ok,0.004245454545454545,ok,0.9332443181818182,0.0947890625,ok,ue3_qfi1,0.4897959183673469,49,100.0,data,ok,0.0,ue3_qfi1,20.5,ok,30.4,ue1_qfi2,0,0.0,0.0,30.303,ok,33.0,,pending,,pending,,,,4,,,,,,Reservation,35492826,,,
ue1_qfi9,17.75,41.25,52.25,59.25,ok,0.3628297571271868,ok,ue1_qfi1,0,0,0,121.0,data,ok,2.0,False,,proxy,3,0,ue6_qfi2,0.0,147,150.0,ok,ue3_qfi2,23.221,ok,5,ok,8,ue6_qfi2,0.0,ok,0.7186898771918397,proxy,5,0.718659856206027,59611180.8,ok,0.005318181818181818,ok,0.934034090909091,0.038290625,ok,ue4_qfi1,0.42857142857142855,49,100.0,data,ok,0.0,ue1_qfi9,41.5,ok,30.2,ue5_qfi2,1,72.25,72.25,30.303,ok,33.0,,pending,,pending,,,,4,,,,,,TwoTier,35492826,,,
ue8_qfi9,297.25,300.0,300.0,300.25,ok,0.2770259679781609,ok,ue2_qfi1,0,0,0,122.75000000000036,data,ok,2.0,False,,proxy,3,0,ue6_qfi2,0.993421052631579,152,150.0,ok,ue1_qfi2,24.929,ok,8,ok,8,ue2_qfi2,0.9666928,ok,0.9539010176226228,proxy,5,0.9468827458651882,67494832.0,ok,0.004829545454545454,ok,0.9330465909090909,0.0369796875,ok,ue4_qfi1,0.4489795918367347,49,100.0,data,ok,0.0,ue2_qfi1,20.0,ok,30.4,ue1_qfi2,0,0.0,0.0,30.303,ok,33.0,,pending,,pending,,,,4,,,,,,PF,376383645,,,
ue4_qfi9,59.25,299.25,300.0,300.0,ok,0.2836981394635515,ok,ue1_qfi1,0,0,0,120.24999999999997,data,ok,2.0,False,,proxy,3,0,ue7_qfi2,0.0,147,150.0,ok,ue4_qfi2,19.508,ok,6,ok,8,ue7_qfi2,0.0,ok,0.8082411370411478,proxy,5,0.8034447288104355,66290667.199999996,ok,0.004193181818181818,ok,0.9341238636363637,0.08875625,ok,ue2_qfi1,0.4897959183673469,49,100.0,data,ok,0.0,ue4_qfi9,240.75,ok,30.4,ue1_qfi2,0,0.0,0.0,30.303,ok,33.0,,pending,,pending,,,,4,,,,,,Reservation,376383645,,,
ue1_qfi9,21.25,56.5,62.0,66.75,ok,0.3635204927513979,ok,ue1_qfi1,0,0,0,116.75000000000013,data,ok,2.0,False,,proxy,3,0,ue6_qfi2,0.0,147,150.0,ok,ue1_qfi2,25.135,ok,5,ok,8,ue6_qfi2,0.0,ok,0.7186267933002476,proxy,5,0.7185886627927558,59612102.4,ok,0.004943181818181818,ok,0.9332477272727273,0.03793125,ok,ue2_qfi1,0.4489795918367347,49,100.0,data,ok,0.0,ue1_qfi9,45.5,ok,30.4,ue1_qfi2,0,0.0,0.0,30.303,ok,33.0,,pending,,pending,,,,4,,,,,,TwoTier,376383645,,,
ue7_qfi9,297.75,300.0,300.0,300.25,ok,0.24743668453653755,ok,ue3_qfi1,0,0,0,122.74999999999991,data,ok,2.0,False,,proxy,3,0,ue1_qfi2,1.0,152,150.0,ok,ue3_qfi2,24.606,ok,8,ok,8,ue3_qfi2,0.966334,ok,0.962552745446773,proxy,5,0.9585338860191672,70020260.8,ok,0.005402272727272727,ok,0.9335170454545455,0.0346421875,ok,ue4_qfi1,0.40816326530612246,49,100.0,data,ok,0.0,ue7_qfi1,21.25,ok,30.4,ue1_qfi2,0,0.0,0.0,30.303,ok,33.0,,pending,,pending,,,,4,,,,,,PF,1746484539,,,
ue7_qfi9,295.75,300.0,300.0,300.25,ok,0.2652334232124694,ok,ue7_qfi1,0,0,0,122.74999999999991,data,ok,2.0,False,,proxy,3,0,ue8_qfi2,0.0,147,150.0,ok,ue3_qfi2,21.185,ok,7,ok,8,ue8_qfi2,0.0,ok,0.8913109872782912,proxy,5,0.8897989958445685,68362940.8,ok,0.003952272727272727,ok,0.93475,0.088046875,ok,ue3_qfi1,0.4489795918367347,49,100.0,data,ok,0.0,ue4_qfi1,19.5,ok,30.4,ue1_qfi2,0,0.0,0.0,30.303,ok,33.0,,pending,,pending,,,,4,,,,,,Reservation,1746484539,,,
ue7_qfi9,297.25,299.75,300.0,300.25,ok,0.24774309481581533,ok,ue7_qfi1,0,0,0,421.25000000000057,data,ok,2.0,False,,proxy,3,0,ue1_qfi2,1.0,152,150.0,ok,ue7_qfi2,71.237,ok,8,ok,8,ue7_qfi2,0.9654016,ok,0.9361846940893235,proxy,5,0.9228502136267438,69642131.2,ok,0.005393181818181818,ok,0.9336397727272727,0.0340515625,ok,ue3_qfi1,0.46938775510204084,49,100.0,data,ok,0.0,ue8_qfi9,148.5,ok,30.4,ue8_qfi2,9,82.25,646.5,30.303,ok,33.0,,pending,,pending,,,,4,,,,,,TwoTier,1746484539,,,
ue8_qfi9,297.0,299.75,300.0,300.25,ok,0.5124241156391642,ok,ue4_qfi1,0,0,0,171.2500000000001,data,ok,2.0,False,,proxy,3,0,ue1_qfi2,1.0,152,150.0,ok,ue4_qfi2,29.939,ok,8,ok,8,ue7_qfi2,0.9643304,ok,0.9286902840774373,proxy,5,0.9187605039840403,68779820.8,ok,0.0046113636363636365,ok,0.9307159090909091,0.0347484375,ok,ue2_qfi1,0.4897959183673469,49,100.0,data,ok,0.0,ue4_qfi1,85.0,ok,30.4,ue1_qfi2,0,0.0,0.0,30.303,ok,33.0,,pending,,pending,True,,,,,,,,,PF,1826701614,,,
ue8_qfi9,297.25,300.0,300.25,300.25,ok,0.5271556032261951,ok,ue4_qfi1,0,0,0,124.75000000000014,data,ok,2.0,False,,proxy,3,0,ue5_qfi2,0.993421052631579,152,150.0,ok,ue4_qfi2,24.776,ok,8,ok,8,ue5_qfi2,0.959814,ok,0.9259058362940322,proxy,5,0.9159594544405738,67577691.2,ok,0.004015909090909091,ok,0.9317272727272727,0.109653125,ok,ue2_qfi1,0.40816326530612246,49,100.0,data,ok,0.0,ue7_qfi1,31.75,ok,30.4,ue1_qfi2,0,0.0,0.0,30.303,ok,33.0,,pending,,pending,True,,,,,,,,,Reservation,1826701614,,,
ue8_qfi8,300.0,300.25,300.25,300.25,ok,0.5281934587382271,ok,ue8_qfi8,0,1,1,1835.0,data,ok,2.0,False,,proxy,3,0,ue6_qfi2,0.7682119205298014,151,150.0,ok,ue4_qfi2,123.146,ok,4,ok,8,ue6_qfi2,0.7505535999999999,ok,0.8412904915327803,proxy,5,0.6968993599556814,66874019.199999996,ok,0.004831818181818182,ok,0.9303465909090909,0.0340609375,ok,ue4_qfi1,0.35714285714285715,28,100.0,data,ok,0.0,ue4_qfi9,279.5,ok,29.0,ue4_qfi2,18,100.25,1549.25,30.303,ok,33.0,,pending,,pending,True,,,,,,,,,TwoTier,1826701614,,,
ue8_qfi9,296.75,299.75,300.0,300.25,ok,0.5112294854286115,ok,ue3_qfi1,0,0,0,126.2500000000002,data,ok,2.0,False,,proxy,3,0,ue1_qfi2,1.0,152,150.0,ok,ue5_qfi2,25.779,ok,8,ok,8,ue7_qfi2,0.9582188,ok,0.9291999696944595,proxy,5,0.922410316984225,68872204.8,ok,0.004809090909090909,ok,0.9316363636363636,0.0362765625,ok,ue4_qfi1,0.4489795918367347,49,100.0,data,ok,0.0,ue3_qfi1,24.5,ok,30.4,ue1_qfi2,0,0.0,0.0,30.303,ok,33.0,,pending,,pending,True,,,,,,,,,PF,1367864806,,,
ue8_qfi9,297.0,300.0,300.25,300.25,ok,0.5243386579820528,ok,ue1_qfi1,0,0,0,122.74999999999991,data,ok,2.0,False,,proxy,3,0,ue1_qfi2,1.0,152,150.0,ok,ue1_qfi2,23.25,ok,8,ok,8,ue7_qfi2,0.9577568000000001,ok,0.9273551093704644,proxy,5,0.9216743278764108,67929856.0,ok,0.004165909090909091,ok,0.9340329545454545,0.1141125,ok,ue5_qfi1,0.4489795918367347,49,100.0,data,ok,0.0,ue8_qfi1,32.5,ok,30.4,ue1_qfi2,0,0.0,0.0,30.303,ok,33.0,,pending,,pending,True,,,,,,,,,Reservation,1367864806,,,
ue5_qfi9,22.75,45.0,50.25,54.75,ok,0.5763419952592493,ok,ue1_qfi1,0,0,0,112.50000000000027,data,ok,2.0,False,,proxy,3,0,ue6_qfi2,0.0,147,150.0,ok,ue1_qfi2,24.314,ok,5,ok,8,ue6_qfi2,0.0,ok,0.6969101345608595,proxy,5,0.6968816589731816,59460011.2,ok,0.005788636363636364,ok,0.9314272727272728,0.0372453125,ok,ue4_qfi1,0.3877551020408163,49,100.0,data,ok,0.0,ue1_qfi9,37.75,ok,30.2,ue5_qfi2,1,70.5,70.5,30.303,ok,33.0,,pending,,pending,True,,,,,,,,,TwoTier,1367864806,,,
ue8_qfi9,297.75,300.0,300.0,300.25,ok,0.5539505929006091,ok,ue5_qfi1,0,0,0,133.75000000000003,data,ok,2.0,False,,proxy,3,0,ue4_qfi2,0.993421052631579,152,150.0,ok,ue3_qfi2,28.107,ok,8,ok,8,ue7_qfi2,0.9605768,ok,0.9105208798596864,proxy,5,0.8968627809966983,63262592.0,ok,0.005479545454545455,ok,0.9317193181818182,0.0421796875,ok,ue7_qfi1,0.46938775510204084,49,100.0,data,ok,0.0,ue3_qfi1,29.0,ok,30.4,ue1_qfi2,0,0.0,0.0,30.303,ok,33.0,,pending,,pending,True,,,,,,,,,PF,1097657231,,,
ue7_qfi9,296.5,300.0,300.0,300.25,ok,0.5648172480274317,ok,ue3_qfi1,0,0,0,119.24999999999963,data,ok,2.0,False,,proxy,3,0,ue8_qfi2,0.0,148,150.0,ok,ue5_qfi2,22.692,ok,7,ok,8,ue8_qfi2,0.0,ok,0.8483550080252437,proxy,5,0.834861034104667,61880841.6,ok,0.0045295454545454545,ok,0.9317727272727273,0.1107109375,ok,ue7_qfi1,0.4489795918367347,49,100.0,data,ok,0.0,ue4_qfi1,20.25,ok,30.4,ue1_qfi2,0,0.0,0.0,30.303,ok,33.0,,pending,,pending,True,,,,,,,,,Reservation,1097657231,,,
ue3_qfi9,62.5,212.75,234.5,243.75,ok,0.5764451524858456,ok,ue3_qfi1,0,0,0,131.75000000000026,data,ok,2.0,False,,proxy,3,0,ue6_qfi2,0.0,147,150.0,ok,ue4_qfi2,37.016,ok,5,ok,8,ue6_qfi2,0.0,ok,0.6962858172877072,proxy,5,0.6955386472369403,59431400.0,ok,0.005134090909090909,ok,0.9320034090909091,0.043940625,ok,ue1_qfi1,0.40816326530612246,49,100.0,data,ok,0.0,ue3_qfi9,181.25,ok,30.4,ue2_qfi2,6,79.5,426.75,30.303,ok,33.0,,pending,,pending,True,,,,,,,,,TwoTier,1097657231,,,
ue8_qfi9,297.75,299.75,300.0,300.25,ok,0.515859844562051,ok,ue3_qfi1,0,0,0,121.24999999999986,data,ok,2.0,False,,proxy,3,0,ue5_qfi2,0.993421052631579,152,150.0,ok,ue7_qfi2,25.423,ok,8,ok,8,ue2_qfi2,0.9648984,ok,0.9276651901939112,proxy,5,0.9179517492253326,68299393.6,ok,0.004893181818181818,ok,0.9310488636363636,0.03561875,ok,ue2_qfi1,0.46938775510204084,49,100.0,data,ok,0.0,ue2_qfi1,24.75,ok,30.4,ue1_qfi2,0,0.0,0.0,30.303,ok,33.0,,pending,,pending,True,,,,,,,,,PF,579362555,,,
ue7_qfi9,297.5,300.0,300.25,300.25,ok,0.5223353531003987,ok,ue6_qfi1,0,0,0,122.24999999999974,data,ok,2.0,False,,proxy,3,0,ue8_qfi2,0.0,147,150.0,ok,ue4_qfi2,21.572,ok,7,ok,8,ue8_qfi2,0.0,ok,0.8615757560639278,proxy,5,0.8570153969824404,67400713.6,ok,0.004052272727272727,ok,0.9334556818181818,0.0915671875,ok,ue1_qfi1,0.4489795918367347,49,100.0,data,ok,0.0,ue6_qfi1,19.75,ok,30.4,ue1_qfi2,0,0.0,0.0,30.303,ok,33.0,,pending,,pending,True,,,,,,,,,Reservation,579362555,,,
ue4_qfi9,20.5,44.75,49.5,51.75,ok,0.5756917355712539,ok,ue1_qfi1,0,0,0,112.24999999999996,data,ok,2.0,False,,proxy,3,0,ue6_qfi2,0.0,148,150.0,ok,ue4_qfi2,21.696,ok,5,ok,8,ue6_qfi2,0.0,ok,0.6969018692721719,proxy,5,0.6968522811487655,59674830.4,ok,0.004909090909090909,ok,0.9316806818181819,0.03511875,ok,ue2_qfi1,0.4897959183673469,49,100.0,data,ok,0.0,ue2_qfi9,35.25,ok,30.4,ue1_qfi2,0,0.0,0.0,30.303,ok,33.0,,pending,,pending,True,,,,,,,,,TwoTier,579362555,,,
ue8_qfi9,296.75,299.75,300.0,300.25,ok,0.5246694130244005,ok,ue6_qfi1,0,0,0,131.49999999999994,data,ok,2.0,False,,proxy,3,0,ue2_qfi2,0.993421052631579,152,150.0,ok,ue1_qfi2,25.689,ok,8,ok,8,ue7_qfi2,0.963618,ok,0.9241434250102405,proxy,5,0.9202615936516517,67103734.4,ok,0.004709090909090909,ok,0.9321045454545455,0.037834375,ok,ue3_qfi1,0.4489795918367347,49,100.0,data,ok,0.0,ue6_qfi1,29.25,ok,30.2,ue2_qfi2,1,68.25,68.25,30.303,ok,33.0,,pending,,pending,True,,,,,,,,,PF,661058651,,,
ue6_qfi9,283.0,299.25,299.75,300.0,ok,0.5265410098853255,ok,ue2_qfi1,0,0,0,194.74999999999997,data,ok,2.0,False,,proxy,3,0,ue7_qfi2,0.0,148,150.0,ok,ue2_qfi2,19.594,ok,6,ok,8,ue7_qfi2,0.0,ok,0.7841727645461862,proxy,5,0.7819737730568675,66011824.0,ok,0.004134090909090909,ok,0.9326215909090909,0.0967203125,ok,ue3_qfi1,0.42857142857142855,49,100.0,data,ok,0.0,ue1_qfi9,79.75,ok,30.0,ue2_qfi2,2,70.75,138.5,30.303,ok,33.0,,pending,,pending,True,,,,,,,,,Reservation,661058651,,,
ue8_qfi8,299.75,300.25,300.25,300.25,ok,0.5276011543413519,ok,ue8_qfi8,0,0,1,886.25,data,ok,2.0,False,,proxy,3,0,ue8_qfi2,0.993421052631579,152,150.0,ok,ue7_qfi2,82.65,ok,8,ok,8,ue7_qfi2,0.9570964000000001,ok,0.8783568943200365,proxy,5,0.8569713941627397,68565513.6,ok,0.004647727272727273,ok,0.9318886363636364,0.03564375,ok,ue7_qfi1,0.42857142857142855,28,100.0,data,ok,0.0,ue8_qfi9,158.25,ok,30.2,ue7_qfi2,4,104.0,371.0,30.303,ok,33.0,,pending,,pending,True,,,,,,,,,TwoTier,661058651,,,
ue7_qfi9,296.25,299.75,300.0,300.25,ok,0.5066785832671072,ok,ue6_qfi1,0,0,0,123.75000000000026,data,ok,2.0,False,,proxy,3,0,ue6_qfi2,0.993421052631579,152,150.0,ok,ue3_qfi2,24.836,ok,8,ok,8,ue3_qfi2,0.953024,ok,0.930282982579309,proxy,5,0.9245988766942667,69629211.2,ok,0.004879545454545454,ok,0.9321306818181818,0.034984375,ok,ue5_qfi1,0.4489795918367347,49,100.0,data,ok,0.0,ue6_qfi1,20.25,ok,30.2,ue6_qfi2,1,68.0,68.0,30.303,ok,33.0,,pending,,pending,True,,,,,,,,,PF,87989972,,,
ue6_qfi9,101.5,298.75,299.75,300.0,ok,0.5254143460718964,ok,ue3_qfi1,0,0,0,119.75,data,ok,2.0,False,,proxy,3,0,ue7_qfi2,0.0,147,150.0,ok,ue2_qfi2,18.763,ok,6,ok,8,ue7_qfi2,0.0,ok,0.7843693273057466,proxy,5,0.7826395729895178,66107353.6,ok,0.004059090909090909,ok,0.9326272727272727,0.0915734375,ok,ue2_qfi1,0.46938775510204084,49,100.0,data,ok,0.0,ue5_qfi9,210.75,ok,30.4,ue1_qfi2,0,0.0,0.0,30.303,ok,33.0,,pending,,pending,True,,,,,,,,,Reservation,87989972,,,
ue3_qfi9,21.75,51.25,56.25,63.25,ok,0.5764912779648407,ok,ue4_qfi1,0,0,0,115.25000000000007,data,ok,2.0,False,,proxy,3,0,ue6_qfi2,0.0,147,150.0,ok,ue5_qfi2,23.254,ok,5,ok,8,ue6_qfi2,0.0,ok,0.6968985948154355,proxy,5,0.6968634426201029,59536715.2,ok,0.005231818181818182,ok,0.9325295454545455,0.0371484375,ok,ue4_qfi1,0.46938775510204084,49,100.0,data,ok,0.0,ue3_qfi9,41.5,ok,30.2,ue1_qfi2,0,0.0,0.0,30.303,ok,33.0,,pending,,pending,True,,,,,,,,,TwoTier,87989972,,,
ue8_qfi9,297.75,300.0,300.0,300.25,ok,0.5264606161785685,ok,ue4_qfi1,0,0,0,126.75000000000037,data,ok,2.0,False,,proxy,3,0,ue8_qfi2,0.993421052631579,152,150.0,ok,ue4_qfi2,28.5,ok,8,ok,8,ue8_qfi2,0.961832,ok,0.9238591765403804,proxy,5,0.9192144341753022,66866788.8,ok,0.004865909090909091,ok,0.9330806818181818,0.0372359375,ok,ue5_qfi1,0.4489795918367347,49,100.0,data,ok,0.0,ue4_qfi1,24.5,ok,30.2,ue8_qfi2,1,66.0,66.0,30.303,ok,33.0,,pending,,pending,True,,,,,,,,,PF,161576974,,,
ue7_qfi9,294.75,299.75,300.0,300.25,ok,0.533659317837859,ok,ue1_qfi1,0,0,0,125.50000000000017,data,ok,2.0,False,,proxy,3,0,ue8_qfi2,0.0,147,150.0,ok,ue4_qfi2,23.136,ok,7,ok,8,ue8_qfi2,0.0,ok,0.8587269679149732,proxy,5,0.850490972823245,65908614.4,ok,0.004372727272727273,ok,0.9331772727272727,0.0973796875,ok,ue7_qfi1,0.46938775510204084,49,100.0,data,ok,0.0,ue1_qfi1,20.0,ok,30.4,ue1_qfi2,0,0.0,0.0,30.303,ok,33.0,,pending,,pending,True,,,,,,,,,Reservation,161576974,,,
ue1_qfi9,20.75,58.5,69.75,76.0,ok,0.5759660046950207,ok,ue4_qfi1,0,0,0,116.74999999999969,data,ok,2.0,False,,proxy,3,0,ue6_qfi2,0.0,148,150.0,ok,ue1_qfi2,27.089,ok,5,ok,8,ue6_qfi2,0.0,ok,0.6969205868102816,proxy,5,0.696885535332258,59621067.2,ok,0.005422727272727273,ok,0.9326556818181818,0.0385015625,ok,ue5_qfi1,0.4489795918367347,49,100.0,data,ok,0.0,ue3_qfi9,58.75,ok,30.4,ue2_qfi2,2,81.75,157.5,30.303,ok,33.0,,pending,,pending,True,,,,,,,,,TwoTier,161576974,,,
ue7_qfi9,296.75,300.0,300.0,300.25,ok,0.51003635747909,ok,ue5_qfi1,0,0,0,135.25000000000009,data,ok,2.0,False,,proxy,3,0,ue8_qfi2,0.993421052631579,152,150.0,ok,ue5_qfi2,25.032,ok,8,ok,8,ue4_qfi2,0.95675,ok,0.9299971621376324,proxy,5,0.9230674034686263,68923964.8,ok,0.005056818181818181,ok,0.9345261363636364,0.0356609375,ok,ue6_qfi1,0.4897959183673469,49,100.0,data,ok,0.0,ue5_qfi1,41.25,ok,30.4,ue1_qfi2,0,0.0,0.0,30.303,ok,33.0,,pending,,pending,True,,,,,,,,,PF,35492826,,,
ue8_qfi9,297.0,300.0,300.25,300.25,ok,0.5260209787934401,ok,ue5_qfi1,0,0,0,124.24999999999997,data,ok,2.0,False,,proxy,3,0,ue6_qfi2,0.993421052631579,152,150.0,ok,ue7_qfi2,23.084,ok,8,ok,8,ue4_qfi2,0.9540824,ok,0.9269306325638983,proxy,5,0.9182718173832808,67560867.2,ok,0.004025,ok,0.9316954545454545,0.1117703125,ok,ue2_qfi1,0.42857142857142855,49,100.0,data,ok,0.0,ue1_qfi1,19.0,ok,30.2,ue6_qfi2,1,72.0,72.0,30.303,ok,33.0,,pending,,pending,True,,,,,,,,,Reservation,35492826,,,
ue4_qfi9,17.25,50.0,60.25,65.0,ok,0.5767369070264058,ok,ue1_qfi1,0,0,0,117.75000000000003,data,ok,2.0,False,,proxy,3,0,ue6_qfi2,0.0,148,150.0,ok,ue5_qfi2,22.33,ok,5,ok,8,ue6_qfi2,0.0,ok,0.6968917103115367,proxy,5,0.6968546763979546,59364771.2,ok,0.005559090909090909,ok,0.9340465909090909,0.03695625,ok,ue1_qfi1,0.46938775510204084,49,100.0,data,ok,0.0,ue4_qfi9,47.75,ok,30.2,ue1_qfi2,2,74.25,143.0,30.303,ok,33.0,,pending,,pending,True,,,,,,,,,TwoTier,35492826,,,
ue8_qfi9,297.75,300.0,300.0,300.25,ok,0.5273914588410221,ok,ue7_qfi1,0,0,0,127.49999999999994,data,ok,2.0,False,,proxy,3,0,ue1_qfi2,1.0,152,150.0,ok,ue4_qfi2,24.887,ok,8,ok,8,ue1_qfi2,0.9620951999999999,ok,0.9238021265782006,proxy,5,0.918329756608437,66743721.6,ok,0.004570454545454545,ok,0.9340818181818182,0.038253125,ok,ue5_qfi1,0.4489795918367347,49,100.0,data,ok,0.0,ue8_qfi1,26.25,ok,30.4,ue1_qfi2,0,0.0,0.0,30.303,ok,33.0,,pending,,pending,True,,,,,,,,,PF,376383645,,,
ue7_qfi9,295.75,299.75,300.0,300.25,ok,0.5348881140418306,ok,ue7_qfi1,0,0,0,122.99999999999977,data,ok,2.0,False,,proxy,3,0,ue8_qfi2,0.0,147,150.0,ok,ue5_qfi2,21.811,ok,7,ok,8,ue8_qfi2,0.0,ok,0.8587913713568616,proxy,5,0.8544110699237829,65729395.2,ok,0.004163636363636363,ok,0.935075,0.0988921875,ok,ue5_qfi1,0.46938775510204084,49,100.0,data,ok,0.0,ue7_qfi1,20.0,ok,30.4,ue1_qfi2,0,0.0,0.0,30.303,ok,33.0,,pending,,pending,True,,,,,,,,,Reservation,376383645,,,
ue4_qfi9,22.0,54.0,61.25,68.25,ok,0.5760148582246731,ok,ue3_qfi1,0,0,0,115.00000000000021,data,ok,2.0,False,,proxy,3,0,ue6_qfi2,0.0,147,150.0,ok,ue4_qfi2,23.398,ok,5,ok,8,ue6_qfi2,0.0,ok,0.6968646458449442,proxy,5,0.6968051879496936,59599048.0,ok,0.004763636363636364,ok,0.9333659090909091,0.0392421875,ok,ue4_qfi1,0.4489795918367347,49,100.0,data,ok,0.0,ue4_qfi9,46.25,ok,30.4,ue1_qfi2,0,0.0,0.0,30.303,ok,33.0,,pending,,pending,True,,,,,,,,,TwoTier,376383645,,,
ue8_qfi9,297.5,299.75,300.0,300.25,ok,0.5209792678382523,ok,ue3_qfi1,0,0,0,168.75000000000017,data,ok,2.0,False,,proxy,3,0,ue5_qfi2,0.993421052631579,152,150.0,ok,ue3_qfi2,27.892,ok,8,ok,8,ue4_qfi2,0.9580064,ok,0.925448379592386,proxy,5,0.9212760468749422,67570009.6,ok,0.005638636363636364,ok,0.9336397727272727,0.036540625,ok,ue1_qfi1,0.5306122448979592,49,100.0,data,ok,0.0,ue3_qfi1,70.75,ok,30.4,ue1_qfi2,0,0.0,0.0,30.303,ok,33.0,,pending,,pending,True,,,,,,,,,PF,1746484539,,,
ue7_qfi9,295.25,299.75,300.0,300.25,ok,0.5300972612557335,ok,ue7_qfi1,0,0,0,204.25000000000006,data,ok,2.0,False,,proxy,3,0,ue8_qfi2,0.0,147,150.0,ok,ue3_qfi2,21.296,ok,7,ok,8,ue8_qfi2,0.0,ok,0.8592781886566444,proxy,5,0.855147881100224,66354873.6,ok,0.004172727272727272,ok,0.9333625,0.0950453125,ok,ue1_qfi1,0.40816326530612246,49,100.0,data,ok,0.0,ue6_qfi1,23.25,ok,30.2,ue7_qfi2,1,75.75,75.75,30.303,ok,33.0,,pending,,pending,True,,,,,,,,,Reservation,1746484539,,,
ue8_qfi8,300.0,300.25,300.25,300.25,ok,0.523353886829388,ok,ue3_qfi1,0,0,0,459.24999999999994,data,ok,2.0,False,,proxy,3,0,ue3_qfi2,0.993421052631579,152,150.0,ok,ue6_qfi2,69.414,ok,7,ok,8,ue4_qfi2,0.9479704,ok,0.8997675813558297,proxy,5,0.8762464640683865,67786992.0,ok,0.00565,ok,0.9336159090909091,0.0353609375,ok,ue4_qfi1,0.4489795918367347,49,100.0,data,ok,0.0,ue8_qfi9,277.25,ok,30.2,ue3_qfi2,6,101.25,471.75,30.303,ok,33.0,,pending,,pending,True,,,,,,,,,TwoTier,1746484539,,,
ue21_qfi2,133.45,148.078,149.72,150.143,ok,0.9190385285708731,ok,ue16_qfi82,0,0,0,54.25000000000013,data,ok,2.0,False,,proxy,3,0,ue13_qfi2,0.02027027027027027,148,150.0,ok,ue21_qfi2,150.196,ok,0,ok,32,ue26_qfi2,0.4872216,ok,0.4642512629112961,proxy,5,0.4572428645473678,68835984.0,ok,0.025795454545454545,ok,0.930203409090909,0.0419203125,ok,ue1_qfi2,1.0,911,150.0,data,ok,0.0,ue9_qfi2,17.79400000000001,ok,2.4,ue15_qfi2,5,1646.75,4654.75,30.303,ok,33.0,,pending,,pending,,,,,3.0,,,32,,PF,1826701614,,,
ue16_qfi9,300.25,300.25,300.25,300.25,ok,0.9242822449710315,ok,ue3_qfi9,0,1,1,1222.2500000000002,data,ok,2.0,False,,proxy,3,0,ue17_qfi2,0.0,148,150.0,ok,ue5_qfi2,84.348,ok,14,ok,32,ue17_qfi2,0.0,ok,0.4954857369391988,proxy,5,0.4863563415391574,66516457.6,ok,0.02550909090909091,ok,0.9249511363636364,0.328290625,ok,ue9_qfi1,0.358974358974359,39,100.0,data,ok,0.0,ue16_qfi2,95.885,ok,30.2,ue12_qfi2,15,132.0,1222.0,30.303,ok,33.0,,pending,,pending,,,,,3.0,,,32,,Reservation,1826701614,,,
ue5_qfi9,299.75,300.25,300.25,300.25,ok,0.9308645030388709,ok,ue4_qfi1,0,0,0,236.25,data,ok,2.0,False,,proxy,3,0,ue6_qfi2,0.0,147,150.0,ok,ue3_qfi2,29.536,ok,5,ok,32,ue6_qfi2,0.0,ok,0.35227365639911734,proxy,5,0.35172129658976675,67613148.8,ok,0.025645454545454544,ok,0.9301011363636363,0.0418453125,ok,ue5_qfi1,0.4791666666666667,48,100.0,data,ok,0.0,ue5_qfi2,80.669,ok,30.4,ue5_qfi2,1,126.5,126.5,30.303,ok,33.0,,pending,,pending,,,,,3.0,,,32,,TwoTier,1826701614,,,
ue14_qfi2,133.446,148.907,149.879,150.112,ok,0.9195687720541572,ok,ue9_qfi82,0,0,0,100.00000000000054,data,ok,2.0,False,,proxy,3,0,ue8_qfi2,0.013513513513513514,148,150.0,ok,ue31_qfi2,150.203,ok,0,ok,32,ue6_qfi2,0.4770608,ok,0.46481719332828186,proxy,5,0.45731439435368637,68433668.8,ok,0.026138636363636364,ok,0.9294909090909091,0.0421234375,ok,ue9_qfi82,0.9897959183673469,98,100.0,data,ok,0.0,ue1_qfi2,17.567999999999984,ok,2.0,ue26_qfi2,6,1381.75,4773.0,30.303,ok,33.0,,pending,,pending,,,,,3.0,,,32,,PF,1367864806,,,
ue16_qfi9,185.75,300.25,300.25,300.25,ok,0.9230828646102689,ok,ue11_qfi9,1,1,1,3891.2500000000005,data,ok,2.0,False,,proxy,3,0,ue17_qfi2,0.0,148,150.0,ok,ue18_qfi2,148.544,ok,1,ok,32,ue17_qfi2,0.0,ok,0.4395625202209348,proxy,5,0.39066633735093714,65556108.800000004,ok,0.025127272727272727,ok,0.9218784090909091,0.36281875,ok,ue5_qfi1,0.1,10,100.0,data,ok,0.0,ue5_qfi9,185.0,ok,25.6,ue11_qfi2,13,255.25,1564.5,30.303,ok,33.0,,pending,,pending,,,,,3.0,,,32,,Reservation,1367864806,,,
ue5_qfi9,299.75,300.25,300.25,300.25,ok,0.9311889253352408,ok,ue5_qfi1,0,0,0,218.25,data,ok,2.0,False,,proxy,3,0,ue6_qfi2,0.0,148,150.0,ok,ue5_qfi2,25.25,ok,5,ok,32,ue6_qfi2,0.0,ok,0.35141461404523866,proxy,5,0.3502849478099076,66616588.8,ok,0.026747727272727274,ok,0.930440909090909,0.0427328125,ok,ue1_qfi1,0.42857142857142855,49,100.0,data,ok,0.0,ue3_qfi2,68.166,ok,30.4,ue3_qfi2,1,116.0,116.0,30.303,ok,33.0,,pending,,pending,,,,,3.0,,,32,,TwoTier,1367864806,,,
ue15_qfi2,132.853,148.795,149.833,150.087,ok,0.9206646679608093,ok,ue29_qfi82,0,0,0,97.25000000000006,data,ok,2.0,False,,proxy,3,0,ue11_qfi2,0.02027027027027027,148,150.0,ok,ue28_qfi2,150.172,ok,0,ok,32,ue12_qfi2,0.4843624,ok,0.4624284648954232,proxy,5,0.4555222251021418,67367521.6,ok,0.02667272727272727,ok,0.9310806818181818,0.0440890625,ok,ue1_qfi2,1.0,836,150.0,data,ok,0.0,ue18_qfi2,17.519999999999982,ok,1.6,ue21_qfi2,6,1685.75,4903.75,30.303,ok,33.0,,pending,,pending,,,,,3.0,,,32,,PF,1097657231,,,
ue26_qfi9,300.25,300.25,300.25,300.25,ok,0.9241054481612347,ok,ue11_qfi9,1,1,1,4524.0,data,ok,2.0,False,,proxy,3,0,ue18_qfi2,0.0,148,150.0,ok,ue3_qfi2,144.882,ok,3,ok,32,ue18_qfi2,0.0,ok,0.4549609871219767,proxy,5,0.43346843240219624,64457763.2,ok,0.025393181818181818,ok,0.9194079545454545,0.37618125,ok,ue9_qfi1,0.0,9,100.0,data,ok,0.0,ue13_qfi9,210.5,ok,28.2,ue6_qfi2,15,348.25,1820.5,30.303,ok,33.0,,pending,,pending,,,,,3.0,,,32,,Reservation,1097657231,,,
ue5_qfi9,295.5,300.25,300.25,300.25,ok,0.92861343879956,ok,ue2_qfi1,0,0,0,400.2499999999998,data,ok,2.0,False,,proxy,3,0,ue6_qfi2,0.0,148,150.0,ok,ue2_qfi2,94.745,ok,5,ok,32,ue6_qfi2,0.0,ok,0.3501430438593264,proxy,5,0.3479991436212862,68175009.6,ok,0.026456818181818182,ok,0.9307420454545454,0.0418421875,ok,ue2_qfi1,0.4117647058823529,34,100.0,data,ok,0.0,ue2_qfi1,92.75,ok,29.8,ue2_qfi2,9,254.75,929.25,30.303,ok,33.0,,pending,,pending,,,,,3.0,,,32,,TwoTier,1097657231,,,
ue24_qfi2,133.438,148.824,149.672,150.105,ok,0.920296929179588,ok,ue17_qfi82,0,0,0,55.49999999999999,data,ok,2.0,False,,proxy,3,0,ue31_qfi2,0.02027027027027027,148,150.0,ok,ue26_qfi2,150.094,ok,0,ok,32,ue19_qfi2,0.47460559999999996,ok,0.46273993669148217,proxy,5,0.45491887908986933,67734331.2,ok,0.026343181818181818,ok,0.9314852272727273,0.0437734375,ok,ue1_qfi2,1.0,746,150.0,data,ok,0.0,ue31_qfi2,17.686000000000007,ok,1.6,ue15_qfi2,7,3093.0,4925.0,30.303,ok,33.0,,pending,,pending,,,,,3.0,,,32,,PF,579362555,,,
ue24_qfi9,300.0,300.25,300.25,300.25,ok,0.9230970562318198,ok,ue14_qfi9,1,2,2,3002.4999999999995,data,ok,2.0,False,,proxy,3,0,ue17_qfi2,0.0,147,150.0,ok,ue18_qfi2,149.987,ok,2,ok,32,ue17_qfi2,0.0,ok,0.4668014345120194,proxy,5,0.44064715844281727,65386308.8,ok,0.025152272727272728,ok,0.9203204545454545,0.3709078125,ok,ue21_qfi1,0.0,11,100.0,data,ok,0.0,ue14_qfi9,237.25,ok,28.4,ue9_qfi2,12,320.5,1576.0,30.303,ok,33.0,,pending,,pending,,,,,3.0,,,32,,Reservation,579362555,,,
ue5_qfi9,299.75,300.25,300.25,300.25,ok,0.9309031637308847,ok,ue1_qfi9,0,0,0,475.24999999999994,data,ok,2.0,False,,proxy,3,0,ue6_qfi2,0.0,147,150.0,ok,ue1_qfi2,71.392,ok,5,ok,32,ue6_qfi2,0.0,ok,0.35039503838348524,proxy,5,0.3468070390409512,66495988.8,ok,0.02665681818181818,ok,0.9298465909090909,0.043165625,ok,ue1_qfi1,0.42105263157894735,38,100.0,data,ok,0.0,ue5_qfi2,68.999,ok,30.4,ue1_qfi2,8,104.75,665.25,30.303,ok,33.0,,pending,,pending,,,,,3.0,,,32,,TwoTier,579362555,,,
ue16_qfi2,133.608,148.934,149.864,150.201,ok,0.9194102640610244,ok,ue12_qfi82,0,0,0,54.49999999999999,data,ok,2.0,False,,proxy,3,0,ue2_qfi2,0.02027027027027027,148,150.0,ok,ue16_qfi2,150.207,ok,0,ok,32,ue6_qfi2,0.468494,ok,0.46437234198298266,proxy,5,0.45830697315355723,68498302.39999999,ok,0.02676590909090909,ok,0.9310397727272727,0.042346875,ok,ue1_qfi2,1.0,901,150.0,data,ok,0.0,ue13_qfi2,17.25400000000002,ok,2.8,ue16_qfi2,7,1513.5,4653.5,30.303,ok,33.0,,pending,,pending,,,,,3.0,,,32,,PF,661058651,,,
ue31_qfi9,300.25,300.25,300.25,300.25,ok,0.9235169947350982,ok,ue7_qfi9,1,1,1,3795.75,data,ok,2.0,False,,proxy,3,0,ue17_qfi2,0.0,147,150.0,ok,ue6_qfi2,147.279,ok,0,ok,32,ue17_qfi2,0.0,ok,0.47658053969925174,proxy,5,0.4390474420123954,65613201.6,ok,0.025620454545454547,ok,0.923678409090909,0.363803125,ok,ue28_qfi9,0.0,2,300.0,data,ok,0.0,ue1_qfi9,122.25,ok,27.2,ue13_qfi2,15,307.75,1686.75,30.303,ok,33.0,,pending,,pending,,,,,3.0,,,32,,Reservation,661058651,,,
ue5_qfi9,299.75,300.25,300.25,300.25,ok,0.9289518684502733,ok,ue5_qfi1,0,0,0,216.0,data,ok,2.0,False,,proxy,3,0,ue6_qfi2,0.0,147,150.0,ok,ue2_qfi2,29.626,ok,5,ok,32,ue6_qfi2,0.0,ok,0.35243354872355026,proxy,5,0.35175115843856697,68637438.4,ok,0.025952272727272727,ok,0.9313806818181818,0.041671875,ok,ue1_qfi1,0.46938775510204084,49,100.0,data,ok,0.0,ue5_qfi2,68.405,ok,30.4,ue5_qfi2,1,112.75,112.75,30.303,ok,33.0,,pending,,pending,,,,,3.0,,,32,,TwoTier,661058651,,,
ue23_qfi2,133.485,149.003,149.939,150.12,ok,0.9211716440058242,ok,ue30_qfi82,0,0,0,54.25000000000013,data,ok,2.0,False,,proxy,3,0,ue16_qfi2,0.013513513513513514,148,150.0,ok,ue10_qfi2,150.185,ok,0,ok,32,ue32_qfi2,0.4607648,ok,0.4618373883007272,proxy,5,0.4551927552251507,66994414.4,ok,0.026222727272727273,ok,0.9309136363636363,0.0440828125,ok,ue1_qfi2,1.0,888,150.0,data,ok,0.0,ue12_qfi2,17.322000000000003,ok,1.2,ue13_qfi2,5,3526.0,4929.0,30.303,ok,33.0,,pending,,pending,,,,,3.0,,,32,,PF,87989972,,,
ue17_qfi9,300.0,300.25,300.25,300.25,ok,0.9252823682082518,ok,ue12_qfi9,0,2,3,1533.7500000000002,data,ok,2.0,False,,proxy,3,0,ue16_qfi2,0.0,148,150.0,ok,ue12_qfi2,109.083,ok,11,ok,32,ue16_qfi2,0.0,ok,0.48936680023689705,proxy,5,0.46963000577512437,65050153.6,ok,0.02550909090909091,ok,0.9244863636363636,0.342459375,ok,ue7_qfi1,0.1724137931034483,29,100.0,data,ok,0.0,ue11_qfi2,101.063,ok,29.4,ue6_qfi2,18,223.5,1614.5,30.303,ok,33.0,,pending,,pending,,,,,3.0,,,32,,Reservation,87989972,,,
ue5_qfi9,299.5,300.25,300.25,300.25,ok,0.9323760828700529,ok,ue5_qfi1,0,0,0,208.75,data,ok,2.0,False,,proxy,3,0,ue6_qfi2,0.0,147,150.0,ok,ue2_qfi2,22.766,ok,5,ok,32,ue6_qfi2,0.0,ok,0.3514865542430642,proxy,5,0.35059447909459074,66085884.8,ok,0.026813636363636362,ok,0.9314897727272727,0.043740625,ok,ue5_qfi1,0.4583333333333333,48,100.0,data,ok,0.0,ue5_qfi2,73.765,ok,30.2,ue4_qfi2,2,111.0,178.0,30.303,ok,33.0,,pending,,pending,,,,,3.0,,,32,,TwoTier,87989972,,,
ue23_qfi2,133.54,148.891,149.733,150.165,ok,0.9197599395221255,ok,ue17_qfi82,0,0,0,99.99999999999987,data,ok,2.0,False,,proxy,3,0,ue9_qfi2,0.02027027027027027,148,150.0,ok,ue21_qfi2,150.173,ok,0,ok,32,ue31_qfi2,0.4838332,ok,0.4635126434349404,proxy,5,0.4538524040296708,68213108.8,ok,0.026163636363636365,ok,0.9314193181818182,0.0428640625,ok,ue1_qfi2,1.0,795,150.0,data,ok,0.0,ue4_qfi2,17.659999999999997,ok,1.8,ue17_qfi2,6,2610.75,4821.25,30.303,ok,33.0,,pending,,pending,,,,,3.0,,,32,,PF,161576974,,,
ue17_qfi9,300.25,300.25,300.25,300.25,ok,0.9255048815605873,ok,ue4_qfi9,0,1,1,1258.0,data,ok,2.0,False,,proxy,3,0,ue16_qfi2,0.0,147,150.0,ok,ue14_qfi2,87.275,ok,15,ok,32,ue16_qfi2,0.0,ok,0.4903749502925189,proxy,5,0.4847244865120692,66385001.6,ok,0.025363636363636363,ok,0.9266329545454546,0.3211140625,ok,ue11_qfi1,0.3170731707317073,41,100.0,data,ok,0.0,ue17_qfi2,107.376,ok,30.4,ue14_qfi2,11,126.75,897.75,30.303,ok,33.0,,pending,,pending,,,,,3.0,,,32,,Reservation,161576974,,,
ue5_qfi9,299.25,300.25,300.25,300.25,ok,0.9255331725260066,ok,ue2_qfi1,0,0,0,340.7499999999999,data,ok,2.0,False,,proxy,3,0,ue6_qfi2,0.0,147,150.0,ok,ue2_qfi2,77.479,ok,5,ok,32,ue6_qfi2,0.0,ok,0.35138339723725504,proxy,5,0.3483581668873342,70180640.0,ok,0.02614090909090909,ok,0.9309215909090909,0.039896875,ok,ue2_qfi1,0.4146341463414634,41,100.0,data,ok,0.0,ue2_qfi1,94.25,ok,30.2,ue2_qfi2,5,114.0,431.75,30.303,ok,33.0,,pending,,pending,,,,,3.0,,,32,,TwoTier,161576974,,,
ue31_qfi2,134.536,148.972,149.942,150.209,ok,0.9202236851181808,ok,ue16_qfi82,0,0,0,99.75,data,ok,2.0,False,,proxy,3,0,ue8_qfi2,0.02027027027027027,148,150.0,ok,ue15_qfi2,150.191,ok,0,ok,32,ue22_qfi2,0.479508,ok,0.46335755200607454,proxy,5,0.45550458149657114,67844694.4,ok,0.026888636363636365,ok,0.9322227272727273,0.043196875,ok,ue1_qfi2,1.0,786,150.0,data,ok,0.0,ue6_qfi2,17.241000000000014,ok,2.0,ue12_qfi2,6,2017.5,4753.25,30.303,ok,33.0,,pending,,pending,,,,,3.0,,,32,,PF,35492826,,,
ue20_qfi9,300.25,300.25,300.25,300.25,ok,0.9238752965298536,ok,ue2_qfi9,1,1,3,2967.5,data,ok,2.0,False,,proxy,3,0,ue15_qfi2,0.0,148,150.0,ok,ue20_qfi2,142.958,ok,4,ok,32,ue15_qfi2,0.0,ok,0.4745895571478041,proxy,5,0.46559071289213777,64987792.0,ok,0.02533409090909091,ok,0.9251852272727272,0.352975,ok,ue4_qfi1,0.0,15,100.0,data,ok,0.0,ue18_qfi9,170.0,ok,28.6,ue12_qfi2,19,243.75,2300.75,30.303,ok,33.0,,pending,,pending,,,,,3.0,,,32,,Reservation,35492826,,,
ue5_qfi9,298.75,300.25,300.25,300.25,ok,0.9277206754171735,ok,ue2_qfi1,0,0,0,427.99999999999994,data,ok,2.0,False,,proxy,3,0,ue6_qfi2,0.0,147,150.0,ok,ue1_qfi2,69.836,ok,5,ok,32,ue6_qfi2,0.0,ok,0.35044049647646236,proxy,5,0.3470194474869623,67980822.4,ok,0.02713181818181818,ok,0.9335647727272727,0.042015625,ok,ue1_qfi1,0.4418604651162791,43,100.0,data,ok,0.0,ue1_qfi1,92.0,ok,30.4,ue1_qfi2,6,86.25,449.25,30.303,ok,33.0,,pending,,pending,,,,,3.0,,,32,,TwoTier,35492826,,,
ue29_qfi2,132.981,148.5,149.986,150.109,ok,0.9195004003768658,ok,ue16_qfi82,0,0,0,54.74999999999986,data,ok,2.0,False,,proxy,3,0,ue8_qfi2,0.02702702702702703,148,150.0,ok,ue5_qfi2,150.227,ok,0,ok,32,ue28_qfi2,0.4878268,ok,0.46416198512127105,proxy,5,0.45774918785545105,68397019.2,ok,0.026454545454545456,ok,0.9331284090909091,0.042440625,ok,ue1_qfi2,1.0,825,150.0,data,ok,0.0,ue5_qfi2,17.611999999999995,ok,2.2,ue5_qfi2,8,1511.5,4796.25,30.303,ok,33.0,,pending,,pending,,,,,3.0,,,32,,PF,376383645,,,
ue30_qfi9,300.25,300.25,300.25,300.25,ok,0.92462579144757,ok,ue8_qfi9,0,1,2,1135.2500000000005,data,ok,2.0,False,,proxy,3,0,ue16_qfi2,0.0,147,150.0,ok,ue30_qfi2,73.361,ok,14,ok,32,ue16_qfi2,0.0,ok,0.49707330203910205,proxy,5,0.48886308282261076,68064921.6,ok,0.025379545454545453,ok,0.9294352272727273,0.3059890625,ok,ue12_qfi1,0.37777777777777777,45,100.0,data,ok,0.0,ue30_qfi2,99.017,ok,30.0,ue13_qfi2,7,81.5,496.25,30.303,ok,33.0,,pending,,pending,,,,,3.0,,,32,,Reservation,376383645,,,
ue5_qfi9,299.5,300.25,300.25,300.25,ok,0.9257782998589639,ok,ue5_qfi1,0,0,0,194.75,data,ok,2.0,False,,proxy,3,0,ue6_qfi2,0.0,148,150.0,ok,ue2_qfi2,26.778,ok,5,ok,32,ue6_qfi2,0.0,ok,0.353201320761912,proxy,5,0.3521950473241806,71008977.6,ok,0.026402272727272726,ok,0.9337693181818182,0.0389625,ok,ue5_qfi1,0.4897959183673469,49,100.0,data,ok,0.0,ue5_qfi1,94.25,ok,30.4,ue5_qfi2,2,118.25,185.5,30.303,ok,33.0,,pending,,pending,,,,,3.0,,,32,,TwoTier,376383645,,,
ue11_qfi2,133.566,148.143,149.768,150.14,ok,0.9200133251144652,ok,ue2_qfi82,0,0,0,55.0,data,ok,2.0,False,,proxy,3,0,ue14_qfi2,0.02027027027027027,148,150.0,ok,ue7_qfi2,150.133,ok,0,ok,32,ue30_qfi2,0.4629092,ok,0.46347253750268924,proxy,5,0.45701264310431194,67867809.6,ok,0.025718181818181817,ok,0.9323931818181819,0.0428875,ok,ue1_qfi2,1.0,828,150.0,data,ok,0.0,ue20_qfi2,17.296999999999997,ok,2.0,ue24_qfi2,7,2311.75,4819.25,30.303,ok,33.0,,pending,,pending,,,,,3.0,,,32,,PF,1746484539,,,
ue16_qfi9,300.0,300.25,300.25,300.25,ok,0.9245746394376055,ok,ue3_qfi9,0,1,2,1286.5000000000002,data,ok,2.0,False,,proxy,3,0,ue17_qfi2,0.0,147,150.0,ok,ue5_qfi2,100.678,ok,15,ok,32,ue17_qfi2,0.0,ok,0.4918112326973196,proxy,5,0.4859042969077792,65527521.6,ok,0.025013636363636363,ok,0.9254772727272728,0.3381109375,ok,ue2_qfi1,0.19444444444444445,36,100.0,data,ok,0.0,ue5_qfi2,73.273,ok,30.0,ue6_qfi2,19,120.0,1615.0,30.303,ok,33.0,,pending,,pending,,,,,3.0,,,32,,Reservation,1746484539,,,
ue5_qfi9,299.75,300.25,300.25,300.25,ok,0.9309943834324464,ok,ue5_qfi1,0,0,0,220.5,data,ok,2.0,False,,proxy,3,0,ue6_qfi2,0.0,147,150.0,ok,ue1_qfi2,24.435,ok,5,ok,32,ue6_qfi2,0.0,ok,0.3530880868120886,proxy,5,0.35224858331560716,68296966.4,ok,0.026279545454545455,ok,0.9331272727272727,0.041084375,ok,ue3_qfi1,0.46938775510204084,49,100.0,data,ok,0.0,ue5_qfi2,75.033,ok,30.4,ue5_qfi2,1,117.5,117.5,30.303,ok,33.0,,pending,,pending,,,,,3.0,,,32,,TwoTier,1746484539,,,
