M01.flow,M01.p50,M01.p95,M01.p98,M01.p99,M01.population,M01.prot.flow,M01.prot.p50,M01.prot.p95,M01.prot.p98,M01.prot.p99,M01.status,M02,M02.population,M02.prot,M02.status,M03.configured_period_ms,M03.flow,M03.gap_count_over_t_live,M03.gap_count_over_t_live_over_2,M03.gap_count_over_t_live_over_4,M03.max_gap_ms,M03.median_gap_ms,M03.population,M03.prot.configured_period_ms,M03.prot.flow,M03.prot.gap_count_over_t_live,M03.prot.gap_count_over_t_live_over_2,M03.prot.gap_count_over_t_live_over_4,M03.prot.max_gap_ms,M03.prot.median_gap_ms,M03.prot.role,M03.prot.t_live_s,M03.role,M03.status,M03.t_live_s,M04.exceeds_threshold,M04.flow,M04.population,M04.prot.exceeds_threshold,M04.prot.flow,M04.prot.threshold_n,M04.prot.worst_consecutive_miss_slots,M04.status,M04.threshold_n,M04.worst_consecutive_miss_slots,M05.flow,M05.fraction,M05.frame_count,M05.pdb_ms,M05.population,M05.prot.flow,M05.prot.fraction,M05.prot.frame_count,M05.prot.pdb_ms,M05.status,M06.flow,M06.p95_ms,M06.population,M06.prot.flow,M06.prot.p95_ms,M06.status,M07.met,M07.population,M07.prot.met,M07.prot.total,M07.status,M07.total,M08.flow,M08.fraction,M08.population,M08.prot.flow,M08.prot.fraction,M08.status,M09.mean,M09.population,M09.prot.mean,M09.prot.windows,M09.prot.worst,M09.status,M09.windows,M09.worst,M10,M10.status,M11.dl,M11.status,M11.ul,M12,M12.status,M14.flow,M14.fraction,M14.interval_count,M14.pdb_ms,M14.population,M14.prot.flow,M14.prot.fraction,M14.prot.interval_count,M14.prot.pdb_ms,M14.prot.role,M14.prot.survival_time_ms,M14.role,M14.status,M14.survival_time_ms,M15.flow,M15.jitter_ms,M15.population,M15.prot.flow,M15.prot.jitter_ms,M15.status,M17.effective_fps,M17.flow,M17.freeze_count,M17.freeze_max_duration_ms,M17.freeze_total_duration_ms,M17.population,M17.prot.effective_fps,M17.prot.flow,M17.prot.freeze_count,M17.prot.freeze_max_duration_ms,M17.prot.freeze_total_duration_ms,M17.prot.source_fps,M17.prot.xr_frame_period_ms,M17.source_fps,M17.status,M17.xr_frame_period_ms,M18,M18.population,M18.prot,M18.status,M19,M19.population,M19.prot,M19.status,M20.configured_period_ms,M20.excluded_5qi,M20.flow,M20.gap_count_over_t_live,M20.gap_count_over_t_live_over_2,M20.gap_count_over_t_live_over_4,M20.max_gap_ms,M20.median_gap_ms,M20.role,M20.status,M20.t_live_s,M21,M21.population,M21.prot,M21.status,M22.epochs,M22.flows_scored,M22.longest_epoch_s,M22.min_epoch_s,M22.population,M22.prot.epochs,M22.prot.flows_scored,M22.prot.longest_epoch_s,M22.prot.min_epoch_s,M22.prot.worst_flow,M22.status,M22.worst_flow,bg,scheduler,seed
ue8_qfi9,298.0,300.0,300.25,300.25,all_flows,ue6_qfi1,4.5,17.75,43.0,43.0,ok,0.2774820829809459,all_flows,0.0,ok,100.0,ue6_qfi1,0,0,0,138.2499999999999,99.49999999999991,all_flows,100.0,ue6_qfi1,0,0,0,138.2499999999999,99.49999999999991,data,2.0,data,ok,2.0,False,,all_flows,False,,3,0,proxy,3,0,ue1_qfi2,1.0,152,150.0,all_flows,ue1_qfi2,1.0,152,150.0,ok,ue8_qfi2,25.5,all_flows,ue8_qfi2,25.5,ok,8,all_flows,8,8,ok,8,ue2_qfi2,0.9578576,all_flows,ue2_qfi2,0.9578576,ok,0.9542077056044128,all_flows,0.9999348941924057,5,0.999903642220896,proxy,5,0.9512253873649195,67382022.4,ok,0.011011363636363637,ok,0.9299579545454545,0.0377015625,ok,ue2_qfi1,0.4489795918367347,49,100.0,all_flows,ue2_qfi1,0.4489795918367347,49,100.0,data,0.0,data,ok,0.0,ue6_qfi1,38.5,all_flows,ue6_qfi1,38.5,ok,30.4,ue1_qfi2,0,0.0,0.0,all_flows,30.4,ue1_qfi2,0,0.0,0.0,30.303,33.0,30.303,ok,33.0,,all_flows,,pending,,all_flows,,pending,100.0,"[8, 9]",ue6_qfi1,0,0,0,138.2499999999999,99.49999999999991,data,ok,2.0,,all_flows,,pending,0,32,0.0,1.0,all_flows,0,24,0.0,1.0,,ok,,False,PF,1826701614
ue8_qfi9,297.5,300.0,300.25,300.25,all_flows,ue5_qfi1,12.75,34.5,55.25,55.25,ok,0.4361130309037507,all_flows,0.0,ok,100.0,ue6_qfi1,0,0,0,152.00000000000003,100.75000000000011,all_flows,100.0,ue6_qfi1,0,0,0,152.00000000000003,100.75000000000011,data,2.0,data,ok,2.0,False,,all_flows,False,,3,0,proxy,3,0,ue8_qfi2,0.993421052631579,152,150.0,all_flows,ue8_qfi2,0.993421052631579,152,150.0,ok,ue7_qfi2,34.058,all_flows,ue7_qfi2,34.058,ok,8,all_flows,8,8,ok,8,ue2_qfi2,0.9578576,all_flows,ue2_qfi2,0.9578576,ok,0.8921655543528763,all_flows,0.9998117240892077,5,0.9997346696864456,proxy,5,0.8841296600415739,52661862.4,ok,0.011606818181818182,ok,0.7414863636363637,0.0748484375,ok,ue1_qfi1,0.4489795918367347,49,100.0,all_flows,ue1_qfi1,0.4489795918367347,49,100.0,data,0.0,data,ok,0.0,ue5_qfi1,42.5,all_flows,ue5_qfi1,42.5,ok,30.2,ue8_qfi2,1,94.25,94.25,all_flows,30.2,ue8_qfi2,1,94.25,94.25,30.303,33.0,30.303,ok,33.0,,all_flows,,pending,,all_flows,,pending,100.0,"[8, 9]",ue6_qfi1,0,0,0,152.00000000000003,100.75000000000011,data,ok,2.0,,all_flows,,pending,0,32,0.0,1.0,all_flows,0,24,0.0,1.0,,ok,,False,Reservation,1826701614
ue5_qfi9,290.75,299.75,300.0,300.25,all_flows,ue4_qfi2,29.066,83.404,96.75,107.023,ok,0.26593893344061226,all_flows,0.1223737877077393,ok,100.0,ue4_qfi1,0,0,0,316.7499999999999,100.87500000000004,all_flows,100.0,ue4_qfi1,0,0,0,316.7499999999999,100.87500000000004,data,2.0,data,ok,2.0,False,,all_flows,False,,3,0,proxy,3,0,ue8_qfi2,0.0,148,150.0,all_flows,ue8_qfi2,0.0,148,150.0,ok,ue4_qfi2,105.75,all_flows,ue4_qfi2,105.75,ok,6,all_flows,6,8,ok,8,ue8_qfi2,0.0,all_flows,ue8_qfi2,0.0,ok,0.8583099465837407,all_flows,0.9002069179963156,5,0.8748507627222859,proxy,5,0.8315987251094377,67928027.2,ok,0.011120454545454546,ok,0.9301920454545455,0.0356484375,ok,ue4_qfi1,0.38461538461538464,26,100.0,all_flows,ue4_qfi1,0.38461538461538464,26,100.0,data,0.0,data,ok,0.0,ue2_qfi9,117.25,all_flows,ue4_qfi1,85.5,ok,30.0,ue4_qfi2,6,97.25,497.25,all_flows,30.0,ue4_qfi2,6,97.25,497.25,30.303,33.0,30.303,ok,33.0,,all_flows,,pending,,all_flows,,pending,100.0,"[8, 9]",ue4_qfi1,0,0,0,316.7499999999999,100.87500000000004,data,ok,2.0,,all_flows,,pending,5,32,5.0,1.0,all_flows,3,24,4.98325,1.0,ue8_qfi2,ok,ue8_qfi9,False,TwoTier,1826701614
ue8_qfi9,297.5,299.75,300.0,300.25,all_flows,ue5_qfi1,7.0,18.25,45.25,45.25,ok,0.26635377308140895,all_flows,0.0,ok,100.0,ue5_qfi1,0,0,0,139.9999999999997,100.49999999999982,all_flows,100.0,ue5_qfi1,0,0,0,139.9999999999997,100.49999999999982,data,2.0,data,ok,2.0,False,,all_flows,False,,3,0,proxy,3,0,ue7_qfi2,0.993421052631579,152,150.0,all_flows,ue7_qfi2,0.993421052631579,152,150.0,ok,ue5_qfi2,25.638,all_flows,ue5_qfi2,25.638,ok,8,all_flows,8,8,ok,8,ue3_qfi2,0.9587068000000001,all_flows,ue3_qfi2,0.9587068000000001,ok,0.956417211768315,all_flows,0.9999635062779086,5,0.9999254543286267,proxy,5,0.9447430409465871,68374289.6,ok,0.010852272727272728,ok,0.9311306818181818,0.0348140625,ok,ue5_qfi1,0.4489795918367347,49,100.0,all_flows,ue5_qfi1,0.4489795918367347,49,100.0,data,0.0,data,ok,0.0,ue5_qfi1,38.25,all_flows,ue5_qfi1,38.25,ok,30.4,ue1_qfi2,0,0.0,0.0,all_flows,30.4,ue1_qfi2,0,0.0,0.0,30.303,33.0,30.303,ok,33.0,,all_flows,,pending,,all_flows,,pending,100.0,"[8, 9]",ue5_qfi1,0,0,0,139.9999999999997,100.49999999999982,data,ok,2.0,,all_flows,,pending,0,32,0.0,1.0,all_flows,0,24,0.0,1.0,,ok,,False,PF,1367864806
ue8_qfi9,295.75,299.75,300.0,300.25,all_flows,ue6_qfi1,10.5,24.0,32.0,32.0,ok,0.4249473889372048,all_flows,0.24186667480157698,ok,100.0,ue6_qfi1,0,0,0,125.75000000000003,99.49999999999991,all_flows,100.0,ue6_qfi1,0,0,0,125.75000000000003,99.49999999999991,data,2.0,data,ok,2.0,False,,all_flows,False,,3,0,proxy,3,0,ue3_qfi2,0.0,147,150.0,all_flows,ue3_qfi2,0.0,147,150.0,ok,ue6_qfi2,26.356,all_flows,ue6_qfi2,26.356,ok,6,all_flows,6,8,ok,8,ue3_qfi2,0.0,all_flows,ue3_qfi2,0.0,ok,0.7864173073814718,all_flows,0.8332419557006331,5,0.8331857763013152,proxy,5,0.7771308408952857,53454553.6,ok,0.0116,ok,0.7446,0.07026875,ok,ue8_qfi1,0.42857142857142855,49,100.0,all_flows,ue8_qfi1,0.42857142857142855,49,100.0,data,0.0,data,ok,0.0,ue8_qfi1,23.5,all_flows,ue8_qfi1,23.5,ok,30.4,ue1_qfi2,0,0.0,0.0,all_flows,30.4,ue1_qfi2,0,0.0,0.0,30.303,33.0,30.303,ok,33.0,,all_flows,,pending,,all_flows,,pending,100.0,"[8, 9]",ue6_qfi1,0,0,0,125.75000000000003,99.49999999999991,data,ok,2.0,,all_flows,,pending,6,32,5.0,1.0,all_flows,4,24,4.98325,1.0,ue3_qfi2,ok,ue3_qfi9,False,Reservation,1367864806
ue6_qfi9,288.5,299.75,300.0,300.25,all_flows,ue6_qfi2,7.098,19.773,32.583,64.572,ok,0.2764474674870795,all_flows,0.24538380017561698,ok,100.0,ue1_qfi1,0,0,0,140.74999999999972,100.00000000000009,all_flows,100.0,ue1_qfi1,0,0,0,140.74999999999972,100.00000000000009,data,2.0,data,ok,2.0,False,,all_flows,False,,3,0,proxy,3,0,ue7_qfi2,0.0,148,150.0,all_flows,ue7_qfi2,0.0,148,150.0,ok,ue1_qfi2,46.453,all_flows,ue1_qfi2,46.453,ok,6,all_flows,6,8,ok,8,ue7_qfi2,0.0,all_flows,ue7_qfi2,0.0,ok,0.807539791118139,all_flows,0.8332510979591923,5,0.8331550238003477,proxy,5,0.8005080178319893,66790987.2,ok,0.010761363636363637,ok,0.9313727272727272,0.0355421875,ok,ue1_qfi1,0.4897959183673469,49,100.0,all_flows,ue1_qfi1,0.4897959183673469,49,100.0,data,0.0,data,ok,0.0,ue2_qfi9,202.5,all_flows,ue6_qfi2,57.474000000000004,ok,30.4,ue2_qfi2,9,92.25,704.25,all_flows,30.4,ue2_qfi2,9,92.25,704.25,30.303,33.0,30.303,ok,33.0,,all_flows,,pending,,all_flows,,pending,100.0,"[8, 9]",ue1_qfi1,0,0,0,140.74999999999972,100.00000000000009,data,ok,2.0,,all_flows,,pending,6,32,5.0,1.0,all_flows,4,24,4.98325,1.0,ue7_qfi2,ok,ue7_qfi9,False,TwoTier,1367864806
ue8_qfi9,297.75,300.0,300.0,300.25,all_flows,ue3_qfi1,4.75,21.75,29.5,29.5,ok,0.2833757639587146,all_flows,0.0,ok,100.0,ue6_qfi1,0,0,0,122.50000000000006,100.00000000000009,all_flows,100.0,ue6_qfi1,0,0,0,122.50000000000006,100.00000000000009,data,2.0,data,ok,2.0,False,,all_flows,False,,3,0,proxy,3,0,ue8_qfi2,0.993421052631579,152,150.0,all_flows,ue8_qfi2,0.993421052631579,152,150.0,ok,ue3_qfi2,25.601,all_flows,ue3_qfi2,25.601,ok,8,all_flows,8,8,ok,8,ue8_qfi2,0.9667652,all_flows,ue8_qfi2,0.9667652,ok,0.9530930690694106,all_flows,0.9999256438763364,5,0.9998244418176561,proxy,5,0.946981276987891,66997656.0,ok,0.011275,ok,0.9311693181818181,0.0357453125,ok,ue5_qfi1,0.46938775510204084,49,100.0,all_flows,ue5_qfi1,0.46938775510204084,49,100.0,data,0.0,data,ok,0.0,ue3_qfi1,24.75,all_flows,ue3_qfi1,24.75,ok,30.2,ue8_qfi2,1,70.25,70.25,all_flows,30.2,ue8_qfi2,1,70.25,70.25,30.303,33.0,30.303,ok,33.0,,all_flows,,pending,,all_flows,,pending,100.0,"[8, 9]",ue6_qfi1,0,0,0,122.50000000000006,100.00000000000009,data,ok,2.0,,all_flows,,pending,0,32,0.0,1.0,all_flows,0,24,0.0,1.0,,ok,,False,PF,1097657231
ue8_qfi9,297.25,300.0,300.25,300.25,all_flows,ue5_qfi1,7.25,29.25,43.25,43.25,ok,0.4368964752676189,all_flows,0.12012404785907388,ok,100.0,ue7_qfi1,0,0,0,135.00000000000023,99.49999999999991,all_flows,100.0,ue7_qfi1,0,0,0,135.00000000000023,99.49999999999991,data,2.0,data,ok,2.0,False,,all_flows,False,,3,0,proxy,3,0,ue4_qfi2,0.0,147,150.0,all_flows,ue4_qfi2,0.0,147,150.0,ok,ue6_qfi2,30.773,all_flows,ue6_qfi2,30.773,ok,7,all_flows,7,8,ok,8,ue4_qfi2,0.0,all_flows,ue4_qfi2,0.0,ok,0.8426743751424661,all_flows,0.9165425388082286,5,0.9164263809418413,proxy,5,0.8369267033216353,52718153.6,ok,0.011711363636363636,ok,0.7418806818181818,0.0708484375,ok,ue3_qfi1,0.42857142857142855,49,100.0,all_flows,ue3_qfi1,0.42857142857142855,49,100.0,data,0.0,data,ok,0.0,ue5_qfi1,36.0,all_flows,ue5_qfi1,36.0,ok,30.4,ue1_qfi2,0,0.0,0.0,all_flows,30.4,ue1_qfi2,0,0.0,0.0,30.303,33.0,30.303,ok,33.0,,all_flows,,pending,,all_flows,,pending,100.0,"[8, 9]",ue7_qfi1,0,0,0,135.00000000000023,99.49999999999991,data,ok,2.0,,all_flows,,pending,3,32,5.0,1.0,all_flows,2,24,4.98325,1.0,ue4_qfi2,ok,ue4_qfi9,False,Reservation,1097657231
ue3_qfi9,132.0,299.25,299.75,300.0,all_flows,ue5_qfi1,3.25,14.75,59.25,59.25,ok,0.2739532308901659,all_flows,0.2430380573844168,ok,100.0,ue1_qfi1,0,0,0,140.74999999999994,100.24999999999994,all_flows,100.0,ue1_qfi1,0,0,0,140.74999999999994,100.24999999999994,data,2.0,data,ok,2.0,False,,all_flows,False,,3,0,proxy,3,0,ue7_qfi2,0.0,148,150.0,all_flows,ue7_qfi2,0.0,148,150.0,ok,ue2_qfi2,25.574,all_flows,ue2_qfi2,25.574,ok,6,all_flows,6,8,ok,8,ue7_qfi2,0.0,all_flows,ue7_qfi2,0.0,ok,0.8067310905729403,all_flows,0.8332630268986122,5,0.8332188967106329,proxy,5,0.8046751579157652,67037208.0,ok,0.011240909090909091,ok,0.9316443181818181,0.034390625,ok,ue2_qfi1,0.42857142857142855,49,100.0,all_flows,ue2_qfi1,0.42857142857142855,49,100.0,data,0.0,data,ok,0.0,ue2_qfi9,183.5,all_flows,ue5_qfi1,56.0,ok,30.4,ue2_qfi2,3,101.0,248.75,all_flows,30.4,ue2_qfi2,3,101.0,248.75,30.303,33.0,30.303,ok,33.0,,all_flows,,pending,,all_flows,,pending,100.0,"[8, 9]",ue1_qfi1,0,0,0,140.74999999999994,100.24999999999994,data,ok,2.0,,all_flows,,pending,6,32,5.0,1.0,all_flows,4,24,4.98325,1.0,ue7_qfi2,ok,ue7_qfi9,False,TwoTier,1097657231
ue8_qfi9,297.75,300.0,300.0,300.25,all_flows,ue2_qfi1,8.5,19.5,47.25,47.25,ok,0.24830402281203837,all_flows,0.0,ok,100.0,ue2_qfi1,0,0,0,138.00000000000034,100.00000000000009,all_flows,100.0,ue2_qfi1,0,0,0,138.00000000000034,100.00000000000009,data,2.0,data,ok,2.0,False,,all_flows,False,,3,0,proxy,3,0,ue1_qfi2,1.0,152,150.0,all_flows,ue1_qfi2,1.0,152,150.0,ok,ue2_qfi2,25.639,all_flows,ue2_qfi2,25.639,ok,8,all_flows,8,8,ok,8,ue8_qfi2,0.9636376,all_flows,ue8_qfi2,0.9636376,ok,0.9622803023674745,all_flows,0.9999626604242866,5,0.9999464031966556,proxy,5,0.9578717028854181,70062526.4,ok,0.010363636363636363,ok,0.9314238636363636,0.0344203125,ok,ue2_qfi1,0.4897959183673469,49,100.0,all_flows,ue2_qfi1,0.4897959183673469,49,100.0,data,0.0,data,ok,0.0,ue2_qfi1,38.75,all_flows,ue2_qfi1,38.75,ok,30.4,ue1_qfi2,0,0.0,0.0,all_flows,30.4,ue1_qfi2,0,0.0,0.0,30.303,33.0,30.303,ok,33.0,,all_flows,,pending,,all_flows,,pending,100.0,"[8, 9]",ue2_qfi1,0,0,0,138.00000000000034,100.00000000000009,data,ok,2.0,,all_flows,,pending,0,32,0.0,1.0,all_flows,0,24,0.0,1.0,,ok,,False,PF,579362555
ue8_qfi9,296.25,300.0,300.0,300.25,all_flows,ue5_qfi1,6.0,23.25,44.0,44.0,ok,0.40848672963923255,all_flows,0.24305333640353546,ok,100.0,ue2_qfi1,0,0,0,124.24999999999997,100.24999999999994,all_flows,100.0,ue2_qfi1,0,0,0,124.24999999999997,100.24999999999994,data,2.0,data,ok,2.0,False,,all_flows,False,,3,0,proxy,3,0,ue4_qfi2,0.0,147,150.0,all_flows,ue4_qfi2,0.0,147,150.0,ok,ue3_qfi2,24.567,all_flows,ue3_qfi2,24.567,ok,6,all_flows,6,8,ok,8,ue4_qfi2,0.0,all_flows,ue4_qfi2,0.0,ok,0.7911169208995856,all_flows,0.8332623168563291,5,0.8332220576729416,proxy,5,0.7862461341268474,54973553.6,ok,0.011438636363636364,ok,0.7427738636363637,0.06804375,ok,ue7_qfi1,0.40816326530612246,49,100.0,all_flows,ue7_qfi1,0.40816326530612246,49,100.0,data,0.0,data,ok,0.0,ue5_qfi1,38.0,all_flows,ue5_qfi1,38.0,ok,30.4,ue1_qfi2,0,0.0,0.0,all_flows,30.4,ue1_qfi2,0,0.0,0.0,30.303,33.0,30.303,ok,33.0,,all_flows,,pending,,all_flows,,pending,100.0,"[8, 9]",ue2_qfi1,0,0,0,124.24999999999997,100.24999999999994,data,ok,2.0,,all_flows,,pending,6,32,5.0,1.0,all_flows,4,24,4.98325,1.0,ue4_qfi2,ok,ue4_qfi9,False,Reservation,579362555
ue7_qfi9,264.0,299.0,299.75,300.0,all_flows,ue6_qfi2,8.311,77.293,108.905,136.125,ok,0.30850237314987683,all_flows,0.2661030232452302,ok,100.0,ue1_qfi1,0,0,0,143.49999999999997,100.00000000000009,all_flows,100.0,ue1_qfi1,0,0,0,143.49999999999997,100.00000000000009,data,2.0,data,ok,2.0,False,,all_flows,False,,3,0,proxy,3,0,ue8_qfi2,0.0,148,150.0,all_flows,ue8_qfi2,0.0,148,150.0,ok,ue6_qfi2,79.543,all_flows,ue6_qfi2,79.543,ok,5,all_flows,5,8,ok,8,ue8_qfi2,0.0,all_flows,ue8_qfi2,0.0,ok,0.7875705136997648,all_flows,0.8164770647840532,5,0.7499585949762534,proxy,5,0.7186411039673056,63811315.2,ok,0.010561363636363636,ok,0.9315079545454545,0.0353484375,ok,ue1_qfi1,0.46938775510204084,49,100.0,all_flows,ue1_qfi1,0.46938775510204084,49,100.0,data,0.0,data,ok,0.0,ue1_qfi9,283.25,all_flows,ue6_qfi2,127.814,ok,30.4,ue3_qfi2,3,98.25,245.0,all_flows,30.4,ue3_qfi2,3,98.25,245.0,30.303,33.0,30.303,ok,33.0,,all_flows,,pending,,all_flows,,pending,100.0,"[8, 9]",ue1_qfi1,0,0,0,143.49999999999997,100.00000000000009,data,ok,2.0,,all_flows,,pending,9,32,5.0,1.0,all_flows,6,24,4.98325,1.0,ue8_qfi2,ok,ue8_qfi9,False,TwoTier,579362555
ue8_qfi9,295.5,299.75,300.0,300.25,all_flows,ue3_qfi1,4.5,18.25,52.0,52.0,ok,0.24920269618496974,all_flows,0.0,ok,100.0,ue3_qfi1,0,0,0,151.49999999999997,99.99999999999964,all_flows,100.0,ue3_qfi1,0,0,0,151.49999999999997,99.99999999999964,data,2.0,data,ok,2.0,False,,all_flows,False,,3,0,proxy,3,0,ue4_qfi2,0.993421052631579,152,150.0,all_flows,ue4_qfi2,0.993421052631579,152,150.0,ok,ue7_qfi2,23.926,all_flows,ue7_qfi2,23.926,ok,8,all_flows,8,8,ok,8,ue8_qfi2,0.9537664,all_flows,ue8_qfi2,0.9537664,ok,0.9620794377409684,all_flows,0.9999579105870169,5,0.9999243836486619,proxy,5,0.954961549503869,69707692.8,ok,0.010595454545454545,ok,0.9318295454545454,0.03415,ok,ue4_qfi1,0.4897959183673469,49,100.0,all_flows,ue4_qfi1,0.4897959183673469,49,100.0,data,0.0,data,ok,0.0,ue3_qfi1,47.5,all_flows,ue3_qfi1,47.5,ok,30.4,ue1_qfi2,0,0.0,0.0,all_flows,30.4,ue1_qfi2,0,0.0,0.0,30.303,33.0,30.303,ok,33.0,,all_flows,,pending,,all_flows,,pending,100.0,"[8, 9]",ue3_qfi1,0,0,0,151.49999999999997,99.99999999999964,data,ok,2.0,,all_flows,,pending,0,32,0.0,1.0,all_flows,0,24,0.0,1.0,,ok,,False,PF,661058651
ue7_qfi9,272.0,299.25,299.75,300.0,all_flows,ue7_qfi1,5.5,18.0,23.25,23.25,ok,0.40144482218260147,all_flows,0.36605615639783945,ok,100.0,ue5_qfi1,0,0,0,122.74999999999991,100.00000000000009,all_flows,100.0,ue5_qfi1,0,0,0,122.74999999999991,100.00000000000009,data,2.0,data,ok,2.0,False,,all_flows,False,,3,0,proxy,3,0,ue4_qfi2,0.0,147,150.0,all_flows,ue4_qfi2,0.0,147,150.0,ok,ue5_qfi2,20.253,all_flows,ue5_qfi2,20.253,ok,5,all_flows,5,8,ok,8,ue4_qfi2,0.0,all_flows,ue4_qfi2,0.0,ok,0.7155114263093744,all_flows,0.7499438455311842,5,0.7499132260864617,proxy,5,0.7134970567308033,54917212.8,ok,0.011477272727272727,ok,0.7412761363636363,0.0681140625,ok,ue5_qfi1,0.4897959183673469,49,100.0,all_flows,ue5_qfi1,0.4897959183673469,49,100.0,data,0.0,data,ok,0.0,ue3_qfi9,146.25,all_flows,ue5_qfi1,19.25,ok,30.4,ue1_qfi2,0,0.0,0.0,all_flows,30.4,ue1_qfi2,0,0.0,0.0,30.303,33.0,30.303,ok,33.0,,all_flows,,pending,,all_flows,,pending,100.0,"[8, 9]",ue5_qfi1,0,0,0,122.74999999999991,100.00000000000009,data,ok,2.0,,all_flows,,pending,9,32,5.0,1.0,all_flows,6,24,4.98325,1.0,ue4_qfi2,ok,ue4_qfi9,False,Reservation,661058651
ue7_qfi9,296.0,300.0,300.25,300.25,all_flows,ue6_qfi2,6.996,83.831,125.542,141.291,ok,0.3017970196993866,all_flows,0.22750922150339878,ok,100.0,ue1_qfi1,0,0,0,139.9999999999997,99.99999999999987,all_flows,100.0,ue1_qfi1,0,0,0,139.9999999999997,99.99999999999987,data,2.0,data,ok,2.0,False,,all_flows,False,,3,0,proxy,3,0,ue8_qfi2,0.0,148,150.0,all_flows,ue8_qfi2,0.0,148,150.0,ok,ue6_qfi2,47.365,all_flows,ue6_qfi2,47.365,ok,5,all_flows,5,8,ok,8,ue8_qfi2,0.0,all_flows,ue8_qfi2,0.0,ok,0.8139372758065934,all_flows,0.8483563983526302,5,0.7499753899678848,proxy,5,0.7187127446531957,64610304.0,ok,0.01104090909090909,ok,0.9320125,0.033903125,ok,ue6_qfi1,0.5,26,100.0,all_flows,ue6_qfi1,0.5,26,100.0,data,0.0,data,ok,0.0,ue3_qfi9,283.75,all_flows,ue6_qfi2,134.295,ok,30.4,ue5_qfi2,5,104.75,428.25,all_flows,30.4,ue5_qfi2,5,104.75,428.25,30.303,33.0,30.303,ok,33.0,,all_flows,,pending,,all_flows,,pending,100.0,"[8, 9]",ue1_qfi1,0,0,0,139.9999999999997,99.99999999999987,data,ok,2.0,,all_flows,,pending,9,32,5.0,1.0,all_flows,6,24,4.98325,1.0,ue8_qfi2,ok,ue8_qfi9,False,TwoTier,661058651
ue8_qfi9,298.25,300.0,300.25,300.25,all_flows,ue2_qfi1,4.75,18.5,50.75,50.75,ok,0.2990089829369085,all_flows,0.0,ok,100.0,ue4_qfi1,0,0,0,143.49999999999997,99.7499999999999,all_flows,100.0,ue4_qfi1,0,0,0,143.49999999999997,99.7499999999999,data,2.0,data,ok,2.0,False,,all_flows,False,,3,0,proxy,3,0,ue4_qfi2,0.993421052631579,152,150.0,all_flows,ue4_qfi2,0.993421052631579,152,150.0,ok,ue3_qfi2,25.445,all_flows,ue3_qfi2,25.445,ok,8,all_flows,8,8,ok,8,ue3_qfi2,0.9645228,all_flows,ue3_qfi2,0.9645228,ok,0.9482742812433227,all_flows,0.9999342248904035,5,0.9998230869582648,proxy,5,0.9431120248485255,65530456.0,ok,0.01134090909090909,ok,0.9314454545454546,0.0383703125,ok,ue3_qfi1,0.46938775510204084,49,100.0,all_flows,ue3_qfi1,0.46938775510204084,49,100.0,data,0.0,data,ok,0.0,ue2_qfi1,46.0,all_flows,ue2_qfi1,46.0,ok,30.4,ue1_qfi2,0,0.0,0.0,all_flows,30.4,ue1_qfi2,0,0.0,0.0,30.303,33.0,30.303,ok,33.0,,all_flows,,pending,,all_flows,,pending,100.0,"[8, 9]",ue4_qfi1,0,0,0,143.49999999999997,99.7499999999999,data,ok,2.0,,all_flows,,pending,0,32,0.0,1.0,all_flows,0,24,0.0,1.0,,ok,,False,PF,87989972
ue7_qfi9,296.0,299.75,300.0,300.25,all_flows,ue5_qfi1,6.75,22.0,47.0,47.0,ok,0.43454830670465666,all_flows,0.24317260950310302,ok,100.0,ue5_qfi1,0,0,0,127.7499999999998,100.00000000000009,all_flows,100.0,ue5_qfi1,0,0,0,127.7499999999998,100.00000000000009,data,2.0,data,ok,2.0,False,,all_flows,False,,3,0,proxy,3,0,ue3_qfi2,0.0,148,150.0,all_flows,ue3_qfi2,0.0,148,150.0,ok,ue5_qfi2,26.142,all_flows,ue5_qfi2,26.142,ok,6,all_flows,6,8,ok,8,ue3_qfi2,0.0,all_flows,ue3_qfi2,0.0,ok,0.7848008966020853,all_flows,0.8332490429716435,5,0.8332188022105471,proxy,5,0.7769489841278434,52582425.6,ok,0.012136363636363636,ok,0.7445806818181818,0.0735875,ok,ue1_qfi1,0.46938775510204084,49,100.0,all_flows,ue1_qfi1,0.46938775510204084,49,100.0,data,0.0,data,ok,0.0,ue5_qfi1,40.25,all_flows,ue5_qfi1,40.25,ok,30.4,ue1_qfi2,0,0.0,0.0,all_flows,30.4,ue1_qfi2,0,0.0,0.0,30.303,33.0,30.303,ok,33.0,,all_flows,,pending,,all_flows,,pending,100.0,"[8, 9]",ue5_qfi1,0,0,0,127.7499999999998,100.00000000000009,data,ok,2.0,,all_flows,,pending,6,32,5.0,1.0,all_flows,4,24,4.98325,1.0,ue3_qfi2,ok,ue3_qfi9,False,Reservation,87989972
ue5_qfi9,292.75,299.75,300.0,300.25,all_flows,ue6_qfi2,6.653,21.248,30.74,61.929,ok,0.2937194043536058,all_flows,0.24364833156082166,ok,100.0,ue1_qfi1,0,0,0,149.00000000000003,99.74999999999935,all_flows,100.0,ue1_qfi1,0,0,0,149.00000000000003,99.74999999999935,data,2.0,data,ok,2.0,False,,all_flows,False,,3,0,proxy,3,0,ue7_qfi2,0.0,147,150.0,all_flows,ue7_qfi2,0.0,147,150.0,ok,ue1_qfi2,41.344,all_flows,ue1_qfi2,41.344,ok,6,all_flows,6,8,ok,8,ue7_qfi2,0.0,all_flows,ue7_qfi2,0.0,ok,0.8043635826072526,all_flows,0.8332554171619837,5,0.8332149557045097,proxy,5,0.7984653540312159,65285652.8,ok,0.011413636363636364,ok,0.932221590909091,0.0378625,ok,ue3_qfi1,0.46938775510204084,49,100.0,all_flows,ue3_qfi1,0.46938775510204084,49,100.0,data,0.0,data,ok,0.0,ue6_qfi9,174.5,all_flows,ue6_qfi2,55.276,ok,30.0,ue1_qfi2,6,117.75,478.75,all_flows,30.0,ue1_qfi2,6,117.75,478.75,30.303,33.0,30.303,ok,33.0,,all_flows,,pending,,all_flows,,pending,100.0,"[8, 9]",ue1_qfi1,0,0,0,149.00000000000003,99.74999999999935,data,ok,2.0,,all_flows,,pending,6,32,5.0,1.0,all_flows,4,24,4.98325,1.0,ue7_qfi2,ok,ue7_qfi9,False,TwoTier,87989972
ue8_qfi9,297.25,299.75,300.0,300.25,all_flows,ue1_qfi1,3.25,16.25,26.75,26.75,ok,0.27599398800586766,all_flows,0.0,ok,100.0,ue5_qfi1,0,0,0,122.74999999999991,99.99999999999964,all_flows,100.0,ue5_qfi1,0,0,0,122.74999999999991,99.99999999999964,data,2.0,data,ok,2.0,False,,all_flows,False,,3,0,proxy,3,0,ue8_qfi2,0.993421052631579,152,150.0,all_flows,ue8_qfi2,0.993421052631579,152,150.0,ok,ue4_qfi2,26.157,all_flows,ue4_qfi2,26.157,ok,8,all_flows,8,8,ok,8,ue3_qfi2,0.950306,all_flows,ue3_qfi2,0.950306,ok,0.9534661814005722,all_flows,0.9999672607746526,5,0.9999514991166568,proxy,5,0.9373954196261153,67386305.6,ok,0.011225,ok,0.9317454545454545,0.0368734375,ok,ue2_qfi1,0.46938775510204084,49,100.0,all_flows,ue2_qfi1,0.46938775510204084,49,100.0,data,0.0,data,ok,0.0,ue1_qfi1,23.5,all_flows,ue1_qfi1,23.5,ok,30.2,ue8_qfi2,1,73.5,73.5,all_flows,30.2,ue8_qfi2,1,73.5,73.5,30.303,33.0,30.303,ok,33.0,,all_flows,,pending,,all_flows,,pending,100.0,"[8, 9]",ue5_qfi1,0,0,0,122.74999999999991,99.99999999999964,data,ok,2.0,,all_flows,,pending,0,32,0.0,1.0,all_flows,0,24,0.0,1.0,,ok,,False,PF,161576974
ue2_qfi9,295.75,300.0,300.0,300.25,all_flows,ue6_qfi1,5.5,14.5,23.0,23.0,ok,0.4250126232224614,all_flows,0.3657496429837894,ok,100.0,ue6_qfi1,0,0,0,122.74999999999991,99.99999999999987,all_flows,100.0,ue6_qfi1,0,0,0,122.74999999999991,99.99999999999987,data,2.0,data,ok,2.0,False,,all_flows,False,,3,0,proxy,3,0,ue5_qfi2,0.0,147,150.0,all_flows,ue5_qfi2,0.0,147,150.0,ok,ue4_qfi2,20.738,all_flows,ue4_qfi2,20.738,ok,5,all_flows,5,8,ok,8,ue5_qfi2,0.0,all_flows,ue5_qfi2,0.0,ok,0.7125153556208706,all_flows,0.7499540742577848,5,0.7499327693003714,proxy,5,0.7085676757539838,53019035.2,ok,0.012040909090909092,ok,0.7441840909090909,0.0733703125,ok,ue3_qfi1,0.4489795918367347,49,100.0,all_flows,ue3_qfi1,0.4489795918367347,49,100.0,data,0.0,data,ok,0.0,ue1_qfi9,90.25,all_flows,ue2_qfi1,19.0,ok,30.4,ue1_qfi2,0,0.0,0.0,all_flows,30.4,ue1_qfi2,0,0.0,0.0,30.303,33.0,30.303,ok,33.0,,all_flows,,pending,,all_flows,,pending,100.0,"[8, 9]",ue6_qfi1,0,0,0,122.74999999999991,99.99999999999987,data,ok,2.0,,all_flows,,pending,9,32,5.0,1.0,all_flows,6,24,4.98325,1.0,ue5_qfi2,ok,ue5_qfi9,False,Reservation,161576974
ue2_qfi9,288.5,299.75,300.0,300.25,all_flows,ue6_qfi2,6.566,30.855,51.627,72.66,ok,0.29246153620013143,all_flows,0.2440230473674973,ok,100.0,ue4_qfi1,0,0,0,139.24999999999997,100.49999999999982,all_flows,100.0,ue4_qfi1,0,0,0,139.24999999999997,100.49999999999982,data,2.0,data,ok,2.0,False,,all_flows,False,,3,0,proxy,3,0,ue7_qfi2,0.0,147,150.0,all_flows,ue7_qfi2,0.0,147,150.0,ok,ue1_qfi2,46.891,all_flows,ue1_qfi2,46.891,ok,6,all_flows,6,8,ok,8,ue7_qfi2,0.0,all_flows,ue7_qfi2,0.0,ok,0.8037471708404587,all_flows,0.8332761893683527,5,0.8332400559049262,proxy,5,0.8005073393153604,65870264.0,ok,0.011284090909090909,ok,0.9317227272727273,0.0378015625,ok,ue2_qfi1,0.46938775510204084,49,100.0,all_flows,ue2_qfi1,0.46938775510204084,49,100.0,data,0.0,data,ok,0.0,ue1_qfi9,183.5,all_flows,ue6_qfi2,66.094,ok,30.4,ue1_qfi2,11,98.0,825.25,all_flows,30.4,ue1_qfi2,11,98.0,825.25,30.303,33.0,30.303,ok,33.0,,all_flows,,pending,,all_flows,,pending,100.0,"[8, 9]",ue4_qfi1,0,0,0,139.24999999999997,100.49999999999982,data,ok,2.0,,all_flows,,pending,6,32,5.0,1.0,all_flows,4,24,4.98325,1.0,ue7_qfi2,ok,ue7_qfi9,False,TwoTier,161576974
ue8_qfi9,298.0,300.0,300.0,300.25,all_flows,ue5_qfi1,6.5,18.0,33.5,33.5,ok,0.29237558374769074,all_flows,0.0,ok,100.0,ue5_qfi1,0,0,0,131.25000000000009,99.99999999999997,all_flows,100.0,ue5_qfi1,0,0,0,131.25000000000009,99.99999999999997,data,2.0,data,ok,2.0,False,,all_flows,False,,3,0,proxy,3,0,ue2_qfi2,0.993421052631579,152,150.0,all_flows,ue2_qfi2,0.993421052631579,152,150.0,ok,ue5_qfi2,26.042,all_flows,ue5_qfi2,26.042,ok,8,all_flows,8,8,ok,8,ue6_qfi2,0.9690408,all_flows,ue6_qfi2,0.9690408,ok,0.9500494385224586,all_flows,0.9999382216639573,5,0.9998813743093368,proxy,5,0.9418539427305336,66173940.8,ok,0.011427272727272727,ok,0.9342818181818182,0.037884375,ok,ue3_qfi1,0.4489795918367347,49,100.0,all_flows,ue3_qfi1,0.4489795918367347,49,100.0,data,0.0,data,ok,0.0,ue5_qfi1,27.0,all_flows,ue5_qfi1,27.0,ok,30.2,ue2_qfi2,1,69.0,69.0,all_flows,30.2,ue2_qfi2,1,69.0,69.0,30.303,33.0,30.303,ok,33.0,,all_flows,,pending,,all_flows,,pending,100.0,"[8, 9]",ue5_qfi1,0,0,0,131.25000000000009,99.99999999999997,data,ok,2.0,,all_flows,,pending,0,32,0.0,1.0,all_flows,0,24,0.0,1.0,,ok,,False,PF,35492826
ue8_qfi9,292.5,299.75,300.0,300.0,all_flows,ue8_qfi1,6.0,17.25,25.25,25.25,ok,0.4213295904831067,all_flows,0.36531076835330384,ok,100.0,ue8_qfi1,0,0,0,124.24999999999997,99.75000000000023,all_flows,100.0,ue8_qfi1,0,0,0,124.24999999999997,99.75000000000023,data,2.0,data,ok,2.0,False,,all_flows,False,,3,0,proxy,3,0,ue5_qfi2,0.0,147,150.0,all_flows,ue5_qfi2,0.0,147,150.0,ok,ue3_qfi2,20.85,all_flows,ue3_qfi2,20.85,ok,5,all_flows,5,8,ok,8,ue5_qfi2,0.0,all_flows,ue5_qfi2,0.0,ok,0.7137816981385653,all_flows,0.7499096285951508,5,0.7498361668098859,proxy,5,0.710506248306906,53251313.6,ok,0.011793181818181819,ok,0.7450454545454546,0.0724484375,ok,ue4_qfi1,0.42857142857142855,49,100.0,all_flows,ue4_qfi1,0.42857142857142855,49,100.0,data,0.0,data,ok,0.0,ue4_qfi9,68.5,all_flows,ue8_qfi1,19.25,ok,30.2,ue3_qfi2,1,68.75,68.75,all_flows,30.2,ue3_qfi2,1,68.75,68.75,30.303,33.0,30.303,ok,33.0,,all_flows,,pending,,all_flows,,pending,100.0,"[8, 9]",ue8_qfi1,0,0,0,124.24999999999997,99.75000000000023,data,ok,2.0,,all_flows,,pending,9,32,5.0,1.0,all_flows,6,24,4.98325,1.0,ue5_qfi2,ok,ue5_qfi9,False,Reservation,35492826
ue5_qfi9,23.25,51.75,57.25,60.5,all_flows,ue3_qfi2,5.929,20.402,25.618,30.302,ok,0.3628853759957175,all_flows,0.3647608633056948,ok,100.0,ue2_qfi1,0,0,0,113.99999999999989,100.00000000000009,all_flows,100.0,ue2_qfi1,0,0,0,113.99999999999989,100.00000000000009,data,2.0,data,ok,2.0,False,,all_flows,False,,3,0,proxy,3,0,ue6_qfi2,0.0,147,150.0,all_flows,ue6_qfi2,0.0,147,150.0,ok,ue3_qfi2,24.5,all_flows,ue3_qfi2,24.5,ok,5,all_flows,5,8,ok,8,ue6_qfi2,0.0,all_flows,ue6_qfi2,0.0,ok,0.7186638586106495,all_flows,0.7499612490456479,5,0.7498951306228404,proxy,5,0.7185840666310955,59596841.6,ok,0.011495454545454545,ok,0.9332579545454546,0.038225,ok,ue3_qfi1,0.42857142857142855,49,100.0,all_flows,ue3_qfi1,0.42857142857142855,49,100.0,data,0.0,data,ok,0.0,ue4_qfi9,37.25,all_flows,ue3_qfi2,24.372999999999998,ok,30.4,ue3_qfi2,1,73.0,73.0,all_flows,30.4,ue3_qfi2,1,73.0,73.0,30.303,33.0,30.303,ok,33.0,,all_flows,,pending,,all_flows,,pending,100.0,"[8, 9]",ue2_qfi1,0,0,0,113.99999999999989,100.00000000000009,data,ok,2.0,,all_flows,,pending,9,32,5.0,1.0,all_flows,6,24,4.98325,1.0,ue6_qfi2,ok,ue6_qfi9,False,TwoTier,35492826
ue8_qfi9,297.5,299.75,300.0,300.25,all_flows,ue1_qfi1,5.75,21.0,48.0,48.0,ok,0.2763395019889457,all_flows,0.0,ok,100.0,ue1_qfi1,0,0,0,138.50000000000006,99.49999999999991,all_flows,100.0,ue1_qfi1,0,0,0,138.50000000000006,99.49999999999991,data,2.0,data,ok,2.0,False,,all_flows,False,,3,0,proxy,3,0,ue1_qfi2,1.0,152,150.0,all_flows,ue1_qfi2,1.0,152,150.0,ok,ue1_qfi2,26.496,all_flows,ue1_qfi2,26.496,ok,8,all_flows,8,8,ok,8,ue2_qfi2,0.9666928,all_flows,ue2_qfi2,0.9666928,ok,0.9541533564682311,all_flows,0.9999265738535337,5,0.9998966267138886,proxy,5,0.9467051506645886,67588595.2,ok,0.011386363636363637,ok,0.9346431818181818,0.0369703125,ok,ue7_qfi1,0.46938775510204084,49,100.0,all_flows,ue7_qfi1,0.46938775510204084,49,100.0,data,0.0,data,ok,0.0,ue1_qfi1,42.25,all_flows,ue1_qfi1,42.25,ok,30.4,ue1_qfi2,0,0.0,0.0,all_flows,30.4,ue1_qfi2,0,0.0,0.0,30.303,33.0,30.303,ok,33.0,,all_flows,,pending,,all_flows,,pending,100.0,"[8, 9]",ue1_qfi1,0,0,0,138.50000000000006,99.49999999999991,data,ok,2.0,,all_flows,,pending,0,32,0.0,1.0,all_flows,0,24,0.0,1.0,,ok,,False,PF,376383645
ue8_qfi9,295.75,299.75,300.0,300.25,all_flows,ue7_qfi1,6.0,24.25,29.25,29.25,ok,0.43380444769885945,all_flows,0.2422860229193679,ok,100.0,ue1_qfi1,0,0,0,126.50000000000006,100.24999999999994,all_flows,100.0,ue1_qfi1,0,0,0,126.50000000000006,100.24999999999994,data,2.0,data,ok,2.0,False,,all_flows,False,,3,0,proxy,3,0,ue3_qfi2,0.0,147,150.0,all_flows,ue3_qfi2,0.0,147,150.0,ok,ue1_qfi2,26.5,all_flows,ue1_qfi2,26.5,ok,6,all_flows,6,8,ok,8,ue3_qfi2,0.0,all_flows,ue3_qfi2,0.0,ok,0.7843918422793588,all_flows,0.8332406666685319,5,0.833205861606626,proxy,5,0.7763550997462573,52704958.4,ok,0.011602272727272727,ok,0.7417443181818182,0.0730703125,ok,ue8_qfi1,0.3877551020408163,49,100.0,all_flows,ue8_qfi1,0.3877551020408163,49,100.0,data,0.0,data,ok,0.0,ue7_qfi1,23.25,all_flows,ue7_qfi1,23.25,ok,30.4,ue1_qfi2,0,0.0,0.0,all_flows,30.4,ue1_qfi2,0,0.0,0.0,30.303,33.0,30.303,ok,33.0,,all_flows,,pending,,all_flows,,pending,100.0,"[8, 9]",ue1_qfi1,0,0,0,126.50000000000006,100.24999999999994,data,ok,2.0,,all_flows,,pending,6,32,5.0,1.0,all_flows,4,24,4.98325,1.0,ue3_qfi2,ok,ue3_qfi9,False,Reservation,376383645
ue4_qfi9,117.0,299.0,299.75,300.0,all_flows,ue6_qfi2,6.551,31.075,49.75,60.327,ok,0.2878355903302209,all_flows,0.24680495804002345,ok,100.0,ue5_qfi1,0,0,0,134.50000000000006,99.50000000000001,all_flows,100.0,ue5_qfi1,0,0,0,134.50000000000006,99.50000000000001,data,2.0,data,ok,2.0,False,,all_flows,False,,3,0,proxy,3,0,ue7_qfi2,0.0,147,150.0,all_flows,ue7_qfi2,0.0,147,150.0,ok,ue5_qfi2,47.227,all_flows,ue5_qfi2,47.227,ok,6,all_flows,6,8,ok,8,ue7_qfi2,0.0,all_flows,ue7_qfi2,0.0,ok,0.8044479884410135,all_flows,0.833215240098852,5,0.8331383504899295,proxy,5,0.7966906034805002,66644744.0,ok,0.011452272727272728,ok,0.9344318181818182,0.0367125,ok,ue1_qfi1,0.4897959183673469,49,100.0,all_flows,ue1_qfi1,0.4897959183673469,49,100.0,data,0.0,data,ok,0.0,ue4_qfi9,183.0,all_flows,ue6_qfi2,53.775999999999996,ok,30.2,ue5_qfi2,8,101.5,660.25,all_flows,30.2,ue5_qfi2,8,101.5,660.25,30.303,33.0,30.303,ok,33.0,,all_flows,,pending,,all_flows,,pending,100.0,"[8, 9]",ue5_qfi1,0,0,0,134.50000000000006,99.50000000000001,data,ok,2.0,,all_flows,,pending,6,32,5.0,1.0,all_flows,4,24,4.98325,1.0,ue7_qfi2,ok,ue7_qfi9,False,TwoTier,376383645
ue8_qfi9,296.25,299.75,300.0,300.25,all_flows,ue3_qfi2,8.606,18.796,22.203,25.84,ok,0.2477449923808355,all_flows,0.0,ok,100.0,ue3_qfi1,0,0,0,123.25000000000009,100.00000000000009,all_flows,100.0,ue3_qfi1,0,0,0,123.25000000000009,100.00000000000009,data,2.0,data,ok,2.0,False,,all_flows,False,,3,0,proxy,3,0,ue1_qfi2,0.993421052631579,152,150.0,all_flows,ue1_qfi2,0.993421052631579,152,150.0,ok,ue3_qfi2,24.052,all_flows,ue3_qfi2,24.052,ok,8,all_flows,8,8,ok,8,ue3_qfi2,0.9663271999999999,all_flows,ue3_qfi2,0.9663271999999999,ok,0.9624976474259694,all_flows,0.9999622556726513,5,0.9999425079908516,proxy,5,0.9583315515329732,70009604.8,ok,0.010506818181818181,ok,0.9339397727272727,0.0346328125,ok,ue5_qfi1,0.4489795918367347,49,100.0,all_flows,ue5_qfi1,0.4489795918367347,49,100.0,data,0.0,data,ok,0.0,ue6_qfi1,20.5,all_flows,ue6_qfi1,20.5,ok,30.2,ue1_qfi2,0,0.0,0.0,all_flows,30.2,ue1_qfi2,0,0.0,0.0,30.303,33.0,30.303,ok,33.0,,all_flows,,pending,,all_flows,,pending,100.0,"[8, 9]",ue3_qfi1,0,0,0,123.25000000000009,100.00000000000009,data,ok,2.0,,all_flows,,pending,0,32,0.0,1.0,all_flows,0,24,0.0,1.0,,ok,,False,PF,1746484539
ue7_qfi9,284.0,299.25,299.75,300.0,all_flows,ue5_qfi1,4.75,14.5,22.0,22.0,ok,0.3966688725087063,all_flows,0.36424143978922435,ok,100.0,ue1_qfi1,0,0,0,121.75000000000003,100.00000000000054,all_flows,100.0,ue1_qfi1,0,0,0,121.75000000000003,100.00000000000054,data,2.0,data,ok,2.0,False,,all_flows,False,,3,0,proxy,3,0,ue3_qfi2,0.0,147,150.0,all_flows,ue3_qfi2,0.0,147,150.0,ok,ue1_qfi2,19.75,all_flows,ue1_qfi2,19.75,ok,5,all_flows,5,8,ok,8,ue3_qfi2,0.0,all_flows,ue3_qfi2,0.0,ok,0.7159140267869251,all_flows,0.7499420838856687,5,0.7499077086869101,proxy,5,0.7146499843902548,55509886.4,ok,0.01134090909090909,ok,0.7431522727272727,0.066853125,ok,ue2_qfi1,0.46938775510204084,49,100.0,all_flows,ue2_qfi1,0.46938775510204084,49,100.0,data,0.0,data,ok,0.0,ue1_qfi9,119.75,all_flows,ue1_qfi1,17.75,ok,30.4,ue1_qfi2,0,0.0,0.0,all_flows,30.4,ue1_qfi2,0,0.0,0.0,30.303,33.0,30.303,ok,33.0,,all_flows,,pending,,all_flows,,pending,100.0,"[8, 9]",ue1_qfi1,0,0,0,121.75000000000003,100.00000000000054,data,ok,2.0,,all_flows,,pending,9,32,5.0,1.0,all_flows,6,24,4.98325,1.0,ue3_qfi2,ok,ue3_qfi9,False,Reservation,1746484539
ue7_qfi9,295.0,299.75,300.0,300.25,all_flows,ue7_qfi2,8.007,78.009,116.65,127.097,ok,0.30025210793353957,all_flows,0.24146492110129944,ok,100.0,ue3_qfi1,0,0,0,154.74999999999994,100.00000000000009,all_flows,100.0,ue3_qfi1,0,0,0,154.74999999999994,100.00000000000009,data,2.0,data,ok,2.0,False,,all_flows,False,,3,0,proxy,3,0,ue8_qfi2,0.0,147,150.0,all_flows,ue8_qfi2,0.0,147,150.0,ok,ue7_qfi2,80.009,all_flows,ue7_qfi2,80.009,ok,5,all_flows,5,8,ok,8,ue8_qfi2,0.0,all_flows,ue8_qfi2,0.0,ok,0.8141293307825623,all_flows,0.8439570907801851,5,0.7499837630120285,proxy,5,0.7187007573152759,64689844.8,ok,0.010690909090909091,ok,0.9338590909090909,0.035096875,ok,ue7_qfi1,0.4166666666666667,24,100.0,all_flows,ue7_qfi1,0.4166666666666667,24,100.0,data,0.0,data,ok,0.0,ue1_qfi9,276.25,all_flows,ue7_qfi2,119.08999999999999,ok,30.4,ue2_qfi2,4,106.75,395.25,all_flows,30.4,ue2_qfi2,4,106.75,395.25,30.303,33.0,30.303,ok,33.0,,all_flows,,pending,,all_flows,,pending,100.0,"[8, 9]",ue3_qfi1,0,0,0,154.74999999999994,100.00000000000009,data,ok,2.0,,all_flows,,pending,9,32,5.0,1.0,all_flows,6,24,4.98325,1.0,ue8_qfi2,ok,ue8_qfi9,False,TwoTier,1746484539
ue8_qfi9,297.5,300.0,300.0,300.25,all_flows,ue7_qfi2,8.707,22.65,26.484,29.484,ok,0.28156937440008417,all_flows,0.0,ok,100.0,ue6_qfi1,0,0,0,125.0,99.49999999999991,all_flows,100.0,ue6_qfi1,0,0,0,125.0,99.49999999999991,data,2.0,data,ok,2.0,False,,all_flows,False,,3,0,proxy,3,0,ue4_qfi2,0.993421052631579,152,150.0,all_flows,ue4_qfi2,0.993421052631579,152,150.0,ok,ue7_qfi2,27.031,all_flows,ue7_qfi2,27.031,ok,8,all_flows,8,8,ok,8,ue5_qfi2,0.9602292,all_flows,ue5_qfi2,0.9602292,ok,0.9534192516658475,all_flows,0.9999482139786056,5,0.9999061198761622,proxy,5,0.9490927775847715,67043601.6,ok,0.01143409090909091,ok,0.9329556818181818,0.0376375,ok,ue2_qfi1,0.4489795918367347,49,100.0,all_flows,ue2_qfi1,0.4489795918367347,49,100.0,data,0.0,data,ok,0.0,ue5_qfi1,24.25,all_flows,ue5_qfi1,24.25,ok,30.4,ue1_qfi2,0,0.0,0.0,all_flows,30.4,ue1_qfi2,0,0.0,0.0,30.303,33.0,30.303,ok,33.0,,all_flows,,pending,,all_flows,,pending,100.0,"[8, 9]",ue6_qfi1,0,0,0,125.0,99.49999999999991,data,ok,2.0,,all_flows,,pending,0,32,0.0,1.0,all_flows,0,24,0.0,1.0,,ok,,False,PF,1394609702
ue8_qfi9,295.5,300.0,300.0,300.25,all_flows,ue4_qfi1,6.0,22.25,33.25,33.25,ok,0.42619277072524825,all_flows,0.24434276515055992,ok,100.0,ue4_qfi1,0,0,0,133.0,99.49999999999991,all_flows,100.0,ue4_qfi1,0,0,0,133.0,99.49999999999991,data,2.0,data,ok,2.0,False,,all_flows,False,,3,0,proxy,3,0,ue3_qfi2,0.0,147,150.0,all_flows,ue3_qfi2,0.0,147,150.0,ok,ue8_qfi2,25.819,all_flows,ue8_qfi2,25.819,ok,6,all_flows,6,8,ok,8,ue3_qfi2,0.0,all_flows,ue3_qfi2,0.0,ok,0.7872934451560423,all_flows,0.8332460225365168,5,0.8332122844306937,proxy,5,0.7827627090931071,53296872.0,ok,0.011647727272727273,ok,0.7439784090909091,0.0727953125,ok,ue8_qfi1,0.5102040816326531,49,100.0,all_flows,ue8_qfi1,0.5102040816326531,49,100.0,data,0.0,data,ok,0.0,ue4_qfi1,27.25,all_flows,ue4_qfi1,27.25,ok,30.0,ue5_qfi2,1,71.75,71.75,all_flows,30.0,ue5_qfi2,1,71.75,71.75,30.303,33.0,30.303,ok,33.0,,all_flows,,pending,,all_flows,,pending,100.0,"[8, 9]",ue4_qfi1,0,0,0,133.0,99.49999999999991,data,ok,2.0,,all_flows,,pending,6,32,5.0,1.0,all_flows,4,24,4.98325,1.0,ue3_qfi2,ok,ue3_qfi9,False,Reservation,1394609702
ue4_qfi9,194.25,298.75,299.5,300.0,all_flows,ue6_qfi2,6.593,21.035,48.375,71.22,ok,0.2827854979257721,all_flows,0.2450013552754192,ok,100.0,ue2_qfi1,0,0,0,135.24999999999997,100.00000000000009,all_flows,100.0,ue2_qfi1,0,0,0,135.24999999999997,100.00000000000009,data,2.0,data,ok,2.0,False,,all_flows,False,,3,0,proxy,3,0,ue7_qfi2,0.0,147,150.0,all_flows,ue7_qfi2,0.0,147,150.0,ok,ue2_qfi2,30.201,all_flows,ue2_qfi2,30.201,ok,6,all_flows,6,8,ok,8,ue7_qfi2,0.0,all_flows,ue7_qfi2,0.0,ok,0.8052414667093393,all_flows,0.833286989504401,5,0.8332805158144032,proxy,5,0.7928798955653635,66341091.2,ok,0.011479545454545454,ok,0.9322056818181819,0.0368875,ok,ue1_qfi1,0.42857142857142855,49,100.0,all_flows,ue1_qfi1,0.42857142857142855,49,100.0,data,0.0,data,ok,0.0,ue2_qfi9,183.25,all_flows,ue6_qfi2,64.627,ok,30.4,ue6_qfi2,3,97.25,258.0,all_flows,30.4,ue6_qfi2,3,97.25,258.0,30.303,33.0,30.303,ok,33.0,,all_flows,,pending,,all_flows,,pending,100.0,"[8, 9]",ue2_qfi1,0,0,0,135.24999999999997,100.00000000000009,data,ok,2.0,,all_flows,,pending,6,32,5.0,1.0,all_flows,4,24,4.98325,1.0,ue7_qfi2,ok,ue7_qfi9,False,TwoTier,1394609702
ue8_qfi9,297.5,300.0,300.0,300.25,all_flows,ue4_qfi1,5.25,21.75,32.25,32.25,ok,0.2936838122566663,all_flows,0.0,ok,100.0,ue4_qfi1,0,0,0,130.50000000000006,99.25000000000006,all_flows,100.0,ue4_qfi1,0,0,0,130.50000000000006,99.25000000000006,data,2.0,data,ok,2.0,False,,all_flows,False,,3,0,proxy,3,0,ue5_qfi2,0.993421052631579,152,150.0,all_flows,ue5_qfi2,0.993421052631579,152,150.0,ok,ue7_qfi2,27.478,all_flows,ue7_qfi2,27.478,ok,8,all_flows,8,8,ok,8,ue3_qfi2,0.9515044,all_flows,ue3_qfi2,0.9515044,ok,0.9482697981676494,all_flows,0.9999557971868537,5,0.9999280630003231,proxy,5,0.9420139836085617,65895219.2,ok,0.011211363636363636,ok,0.9321727272727273,0.03939375,ok,ue1_qfi1,0.4489795918367347,49,100.0,all_flows,ue1_qfi1,0.4489795918367347,49,100.0,data,0.0,data,ok,0.0,ue4_qfi1,27.0,all_flows,ue4_qfi1,27.0,ok,30.2,ue5_qfi2,1,69.25,69.25,all_flows,30.2,ue5_qfi2,1,69.25,69.25,30.303,33.0,30.303,ok,33.0,,all_flows,,pending,,all_flows,,pending,100.0,"[8, 9]",ue4_qfi1,0,0,0,130.50000000000006,99.25000000000006,data,ok,2.0,,all_flows,,pending,0,32,0.0,1.0,all_flows,0,24,0.0,1.0,,ok,,False,PF,1960127675
ue8_qfi9,296.5,299.75,300.0,300.25,all_flows,ue4_qfi1,10.5,29.75,35.25,35.25,ok,0.4441875966720407,all_flows,0.2422323613979872,ok,100.0,ue4_qfi1,0,0,0,125.50000000000017,99.75000000000023,all_flows,100.0,ue4_qfi1,0,0,0,125.50000000000017,99.75000000000023,data,2.0,data,ok,2.0,False,,all_flows,False,,3,0,proxy,3,0,ue3_qfi2,0.0,148,150.0,all_flows,ue3_qfi2,0.0,148,150.0,ok,ue6_qfi2,25.636,all_flows,ue6_qfi2,25.636,ok,6,all_flows,6,8,ok,8,ue3_qfi2,0.0,all_flows,ue3_qfi2,0.0,ok,0.7820786104386065,all_flows,0.8332638591816901,5,0.8332311269066764,proxy,5,0.7781918706682598,51717995.2,ok,0.012147727272727274,ok,0.7454670454545455,0.0785296875,ok,ue5_qfi1,0.42857142857142855,49,100.0,all_flows,ue5_qfi1,0.42857142857142855,49,100.0,data,0.0,data,ok,0.0,ue4_qfi1,24.75,all_flows,ue4_qfi1,24.75,ok,30.4,ue1_qfi2,0,0.0,0.0,all_flows,30.4,ue1_qfi2,0,0.0,0.0,30.303,33.0,30.303,ok,33.0,,all_flows,,pending,,all_flows,,pending,100.0,"[8, 9]",ue4_qfi1,0,0,0,125.50000000000017,99.75000000000023,data,ok,2.0,,all_flows,,pending,6,32,5.0,1.0,all_flows,4,24,4.98325,1.0,ue3_qfi2,ok,ue3_qfi9,False,Reservation,1960127675
ue5_qfi9,233.5,299.5,300.0,300.0,all_flows,ue4_qfi2,6.939,23.329,29.482,59.697,ok,0.2946775558041837,all_flows,0.244544506622021,ok,100.0,ue1_qfi1,0,0,0,152.99999999999991,100.49999999999982,all_flows,100.0,ue1_qfi1,0,0,0,152.99999999999991,100.49999999999982,data,2.0,data,ok,2.0,False,,all_flows,False,,3,0,proxy,3,0,ue7_qfi2,0.0,147,150.0,all_flows,ue7_qfi2,0.0,147,150.0,ok,ue3_qfi2,47.333,all_flows,ue3_qfi2,47.333,ok,5,all_flows,5,8,ok,8,ue7_qfi2,0.0,all_flows,ue7_qfi2,0.0,ok,0.8043829179616961,all_flows,0.8332740473491453,5,0.8332041918473441,proxy,5,0.8000686568667541,65518840.0,ok,0.011031818181818183,ok,0.9325170454545455,0.0390375,ok,ue5_qfi1,0.42857142857142855,49,100.0,all_flows,ue5_qfi1,0.42857142857142855,49,100.0,data,0.0,data,ok,0.0,ue4_qfi9,179.75,all_flows,ue1_qfi1,55.75,ok,30.4,ue3_qfi2,9,95.25,682.75,all_flows,30.4,ue3_qfi2,9,95.25,682.75,30.303,33.0,30.303,ok,33.0,,all_flows,,pending,,all_flows,,pending,100.0,"[8, 9]",ue1_qfi1,0,0,0,152.99999999999991,100.49999999999982,data,ok,2.0,,all_flows,,pending,6,32,5.0,1.0,all_flows,4,24,4.98325,1.0,ue7_qfi2,ok,ue7_qfi9,False,TwoTier,1960127675
ue8_qfi9,297.5,299.75,300.0,300.25,all_flows,ue8_qfi1,4.75,16.75,50.75,50.75,ok,0.26312806132107447,all_flows,0.0,ok,100.0,ue8_qfi1,0,0,0,136.24999999999997,99.74999999999979,all_flows,100.0,ue8_qfi1,0,0,0,136.24999999999997,99.74999999999979,data,2.0,data,ok,2.0,False,,all_flows,False,,3,0,proxy,3,0,ue3_qfi2,0.993421052631579,152,150.0,all_flows,ue3_qfi2,0.993421052631579,152,150.0,ok,ue6_qfi2,26.4,all_flows,ue6_qfi2,26.4,ok,8,all_flows,8,8,ok,8,ue8_qfi2,0.9611988,all_flows,ue8_qfi2,0.9611988,ok,0.9571030504622922,all_flows,0.9999331922853709,5,0.9998727853161236,proxy,5,0.9518194613408197,68697720.0,ok,0.010963636363636363,ok,0.9318954545454545,0.0367515625,ok,ue3_qfi1,0.42857142857142855,49,100.0,all_flows,ue3_qfi1,0.42857142857142855,49,100.0,data,0.0,data,ok,0.0,ue8_qfi1,46.0,all_flows,ue8_qfi1,46.0,ok,30.2,ue6_qfi2,1,70.25,70.25,all_flows,30.2,ue6_qfi2,1,70.25,70.25,30.303,33.0,30.303,ok,33.0,,all_flows,,pending,,all_flows,,pending,100.0,"[8, 9]",ue8_qfi1,0,0,0,136.24999999999997,99.74999999999979,data,ok,2.0,,all_flows,,pending,0,32,0.0,1.0,all_flows,0,24,0.0,1.0,,ok,,False,PF,1081530686
ue8_qfi9,295.75,299.75,300.0,300.25,all_flows,ue6_qfi1,5.75,19.75,80.75,80.75,ok,0.41776248645818,all_flows,0.24466268556675502,ok,100.0,ue3_qfi1,0,0,0,128.49999999999983,100.50000000000003,all_flows,100.0,ue3_qfi1,0,0,0,128.49999999999983,100.50000000000003,data,2.0,data,ok,2.0,False,,all_flows,False,,3,0,proxy,3,0,ue4_qfi2,0.0,147,150.0,all_flows,ue4_qfi2,0.0,147,150.0,ok,ue2_qfi2,25.172,all_flows,ue2_qfi2,25.172,ok,6,all_flows,6,8,ok,8,ue4_qfi2,0.0,all_flows,ue4_qfi2,0.0,ok,0.788746404505488,all_flows,0.8332214320796665,5,0.8331439919008632,proxy,5,0.7834177373756266,54104102.4,ok,0.011843181818181819,ok,0.7437965909090909,0.0716046875,ok,ue3_qfi1,0.4489795918367347,49,100.0,all_flows,ue3_qfi1,0.4489795918367347,49,100.0,data,0.0,data,ok,0.0,ue6_qfi1,75.0,all_flows,ue6_qfi1,75.0,ok,30.4,ue1_qfi2,0,0.0,0.0,all_flows,30.4,ue1_qfi2,0,0.0,0.0,30.303,33.0,30.303,ok,33.0,,all_flows,,pending,,all_flows,,pending,100.0,"[8, 9]",ue3_qfi1,0,0,0,128.49999999999983,100.50000000000003,data,ok,2.0,,all_flows,,pending,6,32,5.0,1.0,all_flows,4,24,4.98325,1.0,ue4_qfi2,ok,ue4_qfi9,False,Reservation,1081530686
ue6_qfi9,286.25,299.75,300.0,300.25,all_flows,ue6_qfi2,22.146,79.866,83.394,87.376,ok,0.2648676613630872,all_flows,0.12070231899394837,ok,100.0,ue6_qfi1,0,0,1,577.2500000000002,100.75000000000011,all_flows,100.0,ue6_qfi1,0,0,1,577.2500000000002,100.75000000000011,data,2.0,data,ok,2.0,False,,all_flows,False,,3,0,proxy,3,0,ue8_qfi2,0.0,148,150.0,all_flows,ue8_qfi2,0.0,148,150.0,ok,ue6_qfi2,84.351,all_flows,ue6_qfi2,84.351,ok,7,all_flows,7,8,ok,8,ue8_qfi2,0.0,all_flows,ue8_qfi2,0.0,ok,0.867440745230201,all_flows,0.908740721030355,5,0.8963303065336558,proxy,5,0.8506009473261021,68385056.0,ok,0.010575,ok,0.9314875,0.036090625,ok,ue6_qfi1,0.3939393939393939,33,100.0,all_flows,ue6_qfi1,0.3939393939393939,33,100.0,data,0.0,data,ok,0.0,ue3_qfi9,117.5,all_flows,ue6_qfi1,75.0,ok,30.2,ue6_qfi2,9,106.25,786.5,all_flows,30.2,ue6_qfi2,9,106.25,786.5,30.303,33.0,30.303,ok,33.0,,all_flows,,pending,,all_flows,,pending,100.0,"[8, 9]",ue6_qfi1,0,0,1,577.2500000000002,100.75000000000011,data,ok,2.0,,all_flows,,pending,3,32,5.0,1.0,all_flows,2,24,4.98325,1.0,ue8_qfi2,ok,ue8_qfi9,False,TwoTier,1081530686
ue8_qfi9,298.25,300.0,300.25,300.25,all_flows,ue6_qfi2,8.933,20.316,23.75,27.416,ok,0.2855080233981835,all_flows,0.0,ok,100.0,ue8_qfi1,0,0,0,205.75,99.7499999999999,all_flows,100.0,ue8_qfi1,0,0,0,205.75,99.7499999999999,data,2.0,data,ok,2.0,False,,all_flows,False,,3,0,proxy,3,0,ue8_qfi2,0.9868421052631579,152,150.0,all_flows,ue8_qfi2,0.9868421052631579,152,150.0,ok,ue8_qfi2,25.935,all_flows,ue8_qfi2,25.935,ok,8,all_flows,8,8,ok,8,ue3_qfi2,0.958666,all_flows,ue3_qfi2,0.958666,ok,0.9520132585743186,all_flows,0.9998659455703514,5,0.9995512326366284,proxy,5,0.9431979806803066,66674731.199999996,ok,0.01125909090909091,ok,0.9336852272727273,0.0376984375,ok,ue4_qfi1,0.46938775510204084,49,100.0,all_flows,ue4_qfi1,0.46938775510204084,49,100.0,data,0.0,data,ok,0.0,ue6_qfi1,23.0,all_flows,ue6_qfi1,23.0,ok,30.2,ue5_qfi2,1,67.0,67.0,all_flows,30.2,ue5_qfi2,1,67.0,67.0,30.303,33.0,30.303,ok,33.0,,all_flows,,pending,,all_flows,,pending,100.0,"[8, 9]",ue8_qfi1,0,0,0,205.75,99.7499999999999,data,ok,2.0,,all_flows,,pending,0,32,0.0,1.0,all_flows,0,24,0.0,1.0,,ok,,False,PF,1302740407
ue6_qfi9,296.5,300.0,300.0,300.25,all_flows,ue3_qfi1,9.75,21.5,38.0,38.0,ok,0.42737560409920405,all_flows,0.24428859647688433,ok,100.0,ue3_qfi1,0,0,0,132.24999999999997,99.75,all_flows,100.0,ue3_qfi1,0,0,0,132.24999999999997,99.75,data,2.0,data,ok,2.0,False,,all_flows,False,,3,0,proxy,3,0,ue7_qfi2,0.0,148,150.0,all_flows,ue7_qfi2,0.0,148,150.0,ok,ue6_qfi2,26.772,all_flows,ue6_qfi2,26.772,ok,6,all_flows,6,8,ok,8,ue7_qfi2,0.0,all_flows,ue7_qfi2,0.0,ok,0.7866712590227894,all_flows,0.8332382042494982,5,0.8331939064014205,proxy,5,0.7774912314993828,53224041.6,ok,0.011704545454545455,ok,0.7425977272727273,0.072296875,ok,ue1_qfi1,0.46938775510204084,49,100.0,all_flows,ue1_qfi1,0.46938775510204084,49,100.0,data,0.0,data,ok,0.0,ue3_qfi1,28.25,all_flows,ue3_qfi1,28.25,ok,30.4,ue1_qfi2,0,0.0,0.0,all_flows,30.4,ue1_qfi2,0,0.0,0.0,30.303,33.0,30.303,ok,33.0,,all_flows,,pending,,all_flows,,pending,100.0,"[8, 9]",ue3_qfi1,0,0,0,132.24999999999997,99.75,data,ok,2.0,,all_flows,,pending,6,32,5.0,1.0,all_flows,4,24,4.98325,1.0,ue7_qfi2,ok,ue7_qfi9,False,Reservation,1302740407
ue4_qfi9,18.75,43.5,48.5,52.0,all_flows,ue3_qfi2,6.699,16.757,22.735,26.089,ok,0.36359782545901437,all_flows,0.3671758729025517,ok,100.0,ue2_qfi1,0,0,0,117.75000000000003,99.75000000000023,all_flows,100.0,ue2_qfi1,0,0,0,117.75000000000003,99.75000000000023,data,2.0,data,ok,2.0,False,,all_flows,False,,3,0,proxy,3,0,ue6_qfi2,0.0,147,150.0,all_flows,ue6_qfi2,0.0,147,150.0,ok,ue4_qfi2,22.377,all_flows,ue4_qfi2,22.377,ok,5,all_flows,5,8,ok,8,ue6_qfi2,0.0,all_flows,ue6_qfi2,0.0,ok,0.7186821250440599,all_flows,0.7499551013598114,5,0.7498764931955025,proxy,5,0.7186519629284014,59451187.2,ok,0.011256818181818182,ok,0.9341795454545454,0.036396875,ok,ue1_qfi1,0.5102040816326531,49,100.0,all_flows,ue1_qfi1,0.5102040816326531,49,100.0,data,0.0,data,ok,0.0,ue4_qfi9,33.25,all_flows,ue3_qfi2,19.39,ok,30.4,ue1_qfi2,0,0.0,0.0,all_flows,30.4,ue1_qfi2,0,0.0,0.0,30.303,33.0,30.303,ok,33.0,,all_flows,,pending,,all_flows,,pending,100.0,"[8, 9]",ue2_qfi1,0,0,0,117.75000000000003,99.75000000000023,data,ok,2.0,,all_flows,,pending,9,32,5.0,1.0,all_flows,6,24,4.98325,1.0,ue6_qfi2,ok,ue6_qfi9,False,TwoTier,1302740407
ue8_qfi9,297.75,300.0,300.0,300.25,all_flows,ue7_qfi1,3.5,19.75,24.5,24.5,ok,0.2776245994983367,all_flows,0.0,ok,100.0,ue7_qfi1,0,0,0,121.50000000000017,100.00000000000009,all_flows,100.0,ue7_qfi1,0,0,0,121.50000000000017,100.00000000000009,data,2.0,data,ok,2.0,False,,all_flows,False,,3,0,proxy,3,0,ue5_qfi2,0.993421052631579,152,150.0,all_flows,ue5_qfi2,0.993421052631579,152,150.0,ok,ue7_qfi2,23.58,all_flows,ue7_qfi2,23.58,ok,8,all_flows,8,8,ok,8,ue6_qfi2,0.9596216,all_flows,ue6_qfi2,0.9596216,ok,0.9546497126522457,all_flows,0.9999455545574325,5,0.9999069675069843,proxy,5,0.9505858262433735,67363020.8,ok,0.011147727272727273,ok,0.9320261363636364,0.036465625,ok,ue7_qfi1,0.4897959183673469,49,100.0,all_flows,ue7_qfi1,0.4897959183673469,49,100.0,data,0.0,data,ok,0.0,ue7_qfi1,21.0,all_flows,ue7_qfi1,21.0,ok,30.2,ue5_qfi2,1,69.75,69.75,all_flows,30.2,ue5_qfi2,1,69.75,69.75,30.303,33.0,30.303,ok,33.0,,all_flows,,pending,,all_flows,,pending,100.0,"[8, 9]",ue7_qfi1,0,0,0,121.50000000000017,100.00000000000009,data,ok,2.0,,all_flows,,pending,0,32,0.0,1.0,all_flows,0,24,0.0,1.0,,ok,,False,PF,2084654369
ue8_qfi9,296.5,300.0,300.0,300.25,all_flows,ue2_qfi1,6.0,19.25,27.75,27.75,ok,0.42143378560646266,all_flows,0.24199512712495239,ok,100.0,ue2_qfi1,0,0,0,126.74999999999991,100.00000000000009,all_flows,100.0,ue2_qfi1,0,0,0,126.74999999999991,100.00000000000009,data,2.0,data,ok,2.0,False,,all_flows,False,,3,0,proxy,3,0,ue3_qfi2,0.0,148,150.0,all_flows,ue3_qfi2,0.0,148,150.0,ok,ue1_qfi2,25.348,all_flows,ue1_qfi2,25.348,ok,6,all_flows,6,8,ok,8,ue3_qfi2,0.0,all_flows,ue3_qfi2,0.0,ok,0.7879989881300619,all_flows,0.8332437875504729,5,0.8331756552559818,proxy,5,0.7810278039916937,53761780.8,ok,0.011552272727272727,ok,0.7425636363636363,0.0708078125,ok,ue7_qfi1,0.42857142857142855,49,100.0,all_flows,ue7_qfi1,0.42857142857142855,49,100.0,data,0.0,data,ok,0.0,ue2_qfi1,21.75,all_flows,ue2_qfi1,21.75,ok,30.4,ue1_qfi2,0,0.0,0.0,all_flows,30.4,ue1_qfi2,0,0.0,0.0,30.303,33.0,30.303,ok,33.0,,all_flows,,pending,,all_flows,,pending,100.0,"[8, 9]",ue2_qfi1,0,0,0,126.74999999999991,100.00000000000009,data,ok,2.0,,all_flows,,pending,6,32,5.0,1.0,all_flows,4,24,4.98325,1.0,ue3_qfi2,ok,ue3_qfi9,False,Reservation,2084654369
ue6_qfi9,266.5,299.5,300.0,300.25,all_flows,ue7_qfi2,8.145,108.838,127.473,146.959,ok,0.3375058725472271,all_flows,0.31475235097639,ok,100.0,ue5_qfi1,0,0,0,135.74999999999983,99.75,all_flows,100.0,ue5_qfi1,0,0,0,135.74999999999983,99.75,data,2.0,data,ok,2.0,False,,all_flows,False,,3,0,proxy,3,0,ue8_qfi2,0.0,148,150.0,all_flows,ue8_qfi2,0.0,148,150.0,ok,ue6_qfi2,113.729,all_flows,ue6_qfi2,113.729,ok,5,all_flows,5,8,ok,8,ue8_qfi2,0.0,all_flows,ue8_qfi2,0.0,ok,0.7518020769147935,all_flows,0.7839177829671007,5,0.749957177992446,proxy,5,0.7186541905130157,60831288.0,ok,0.011127272727272727,ok,0.9315136363636364,0.0361484375,ok,ue2_qfi1,0.4897959183673469,49,100.0,all_flows,ue2_qfi1,0.4897959183673469,49,100.0,data,0.0,data,ok,0.0,ue1_qfi9,281.0,all_flows,ue7_qfi2,138.814,ok,30.4,ue5_qfi2,1,77.75,77.75,all_flows,30.4,ue5_qfi2,1,77.75,77.75,30.303,33.0,30.303,ok,33.0,,all_flows,,pending,,all_flows,,pending,100.0,"[8, 9]",ue5_qfi1,0,0,0,135.74999999999983,99.75,data,ok,2.0,,all_flows,,pending,9,32,5.0,1.0,all_flows,6,24,4.98325,1.0,ue8_qfi2,ok,ue8_qfi9,False,TwoTier,2084654369
ue8_qfi9,297.75,300.0,300.0,300.25,all_flows,ue3_qfi1,8.0,19.25,29.25,29.25,ok,0.25208487896539095,all_flows,0.0,ok,100.0,ue3_qfi1,0,0,0,128.24999999999997,99.49999999999991,all_flows,100.0,ue3_qfi1,0,0,0,128.24999999999997,99.49999999999991,data,2.0,data,ok,2.0,False,,all_flows,False,,3,0,proxy,3,0,ue1_qfi2,1.0,152,150.0,all_flows,ue1_qfi2,1.0,152,150.0,ok,ue3_qfi2,25.97,all_flows,ue3_qfi2,25.97,ok,8,all_flows,8,8,ok,8,ue5_qfi2,0.96768,all_flows,ue5_qfi2,0.96768,ok,0.9602888459690476,all_flows,0.9999434711571198,5,0.9999152594030715,proxy,5,0.9517684850470365,69721880.0,ok,0.010854545454545455,ok,0.9325920454545454,0.0340125,ok,ue2_qfi1,0.46938775510204084,49,100.0,all_flows,ue2_qfi1,0.46938775510204084,49,100.0,data,0.0,data,ok,0.0,ue6_qfi1,21.5,all_flows,ue6_qfi1,21.5,ok,30.4,ue1_qfi2,0,0.0,0.0,all_flows,30.4,ue1_qfi2,0,0.0,0.0,30.303,33.0,30.303,ok,33.0,,all_flows,,pending,,all_flows,,pending,100.0,"[8, 9]",ue3_qfi1,0,0,0,128.24999999999997,99.49999999999991,data,ok,2.0,,all_flows,,pending,0,32,0.0,1.0,all_flows,0,24,0.0,1.0,,ok,,False,PF,1566581934
ue7_qfi9,296.0,300.0,300.0,300.25,all_flows,ue6_qfi1,6.75,19.0,36.5,36.5,ok,0.4135112664710772,all_flows,0.24403334035452834,ok,100.0,ue6_qfi1,0,0,0,132.0000000000001,99.99999999999964,all_flows,100.0,ue6_qfi1,0,0,0,132.0000000000001,99.99999999999964,data,2.0,data,ok,2.0,False,,all_flows,False,,3,0,proxy,3,0,ue4_qfi2,0.0,148,150.0,all_flows,ue4_qfi2,0.0,148,150.0,ok,ue6_qfi2,25.93,all_flows,ue6_qfi2,25.93,ok,6,all_flows,6,8,ok,8,ue4_qfi2,0.0,all_flows,ue4_qfi2,0.0,ok,0.7893407259644,all_flows,0.8332597398214212,5,0.8332203667206581,proxy,5,0.7839460839079245,54502256.0,ok,0.011668181818181819,ok,0.7411886363636364,0.0681578125,ok,ue1_qfi1,0.4489795918367347,49,100.0,all_flows,ue1_qfi1,0.4489795918367347,49,100.0,data,0.0,data,ok,0.0,ue6_qfi1,29.75,all_flows,ue6_qfi1,29.75,ok,30.4,ue1_qfi2,0,0.0,0.0,all_flows,30.4,ue1_qfi2,0,0.0,0.0,30.303,33.0,30.303,ok,33.0,,all_flows,,pending,,all_flows,,pending,100.0,"[8, 9]",ue6_qfi1,0,0,0,132.0000000000001,99.99999999999964,data,ok,2.0,,all_flows,,pending,6,32,5.0,1.0,all_flows,4,24,4.98325,1.0,ue4_qfi2,ok,ue4_qfi9,False,Reservation,1566581934
ue6_qfi9,213.5,299.0,299.75,300.0,all_flows,ue4_qfi2,6.949,37.516,53.6,69.776,ok,0.26167729269174367,all_flows,0.24301262674678903,ok,100.0,ue2_qfi1,0,0,0,139.2499999999999,99.49999999999991,all_flows,100.0,ue2_qfi1,0,0,0,139.2499999999999,99.49999999999991,data,2.0,data,ok,2.0,False,,all_flows,False,,3,0,proxy,3,0,ue7_qfi2,0.0,147,150.0,all_flows,ue7_qfi2,0.0,147,150.0,ok,ue5_qfi2,49.354,all_flows,ue5_qfi2,49.354,ok,6,all_flows,6,8,ok,8,ue7_qfi2,0.0,all_flows,ue7_qfi2,0.0,ok,0.8094496392677499,all_flows,0.8331790091521871,5,0.8331234116436854,proxy,5,0.8059003088279441,68796843.2,ok,0.010895454545454545,ok,0.931775,0.0332921875,ok,ue1_qfi1,0.4897959183673469,49,100.0,all_flows,ue1_qfi1,0.4897959183673469,49,100.0,data,0.0,data,ok,0.0,ue1_qfi9,185.5,all_flows,ue4_qfi2,62.827,ok,30.4,ue5_qfi2,8,99.75,670.75,all_flows,30.4,ue5_qfi2,8,99.75,670.75,30.303,33.0,30.303,ok,33.0,,all_flows,,pending,,all_flows,,pending,100.0,"[8, 9]",ue2_qfi1,0,0,0,139.2499999999999,99.49999999999991,data,ok,2.0,,all_flows,,pending,6,32,5.0,1.0,all_flows,4,24,4.98325,1.0,ue7_qfi2,ok,ue7_qfi9,False,TwoTier,1566581934
ue8_qfi9,296.75,299.75,300.0,300.25,all_flows,ue7_qfi1,5.5,15.5,39.75,39.75,ok,0.24712641711486888,all_flows,0.0,ok,100.0,ue7_qfi1,0,0,0,128.75000000000014,99.99999999999964,all_flows,100.0,ue7_qfi1,0,0,0,128.75000000000014,99.99999999999964,data,2.0,data,ok,2.0,False,,all_flows,False,,3,0,proxy,3,0,ue1_qfi2,1.0,152,150.0,all_flows,ue1_qfi2,1.0,152,150.0,ok,ue3_qfi2,24.067,all_flows,ue3_qfi2,24.067,ok,8,all_flows,8,8,ok,8,ue5_qfi2,0.9633368,all_flows,ue5_qfi2,0.9633368,ok,0.9618208731571862,all_flows,0.9999657811575116,5,0.9999499454414064,proxy,5,0.9519366465047214,70082561.6,ok,0.01079090909090909,ok,0.9311931818181818,0.0342171875,ok,ue3_qfi1,0.5102040816326531,49,100.0,all_flows,ue3_qfi1,0.5102040816326531,49,100.0,data,0.0,data,ok,0.0,ue7_qfi1,34.25,all_flows,ue7_qfi1,34.25,ok,30.4,ue1_qfi2,0,0.0,0.0,all_flows,30.4,ue1_qfi2,0,0.0,0.0,30.303,33.0,30.303,ok,33.0,,all_flows,,pending,,all_flows,,pending,100.0,"[8, 9]",ue7_qfi1,0,0,0,128.75000000000014,99.99999999999964,data,ok,2.0,,all_flows,,pending,0,32,0.0,1.0,all_flows,0,24,0.0,1.0,,ok,,False,PF,1357791198
ue8_qfi9,295.25,299.75,300.0,300.25,all_flows,ue3_qfi1,6.0,20.5,33.5,33.5,ok,0.39476352089661887,all_flows,0.24315042734315287,ok,100.0,ue8_qfi1,0,0,0,126.00000000000034,99.49999999999991,all_flows,100.0,ue8_qfi1,0,0,0,126.00000000000034,99.49999999999991,data,2.0,data,ok,2.0,False,,all_flows,False,,3,0,proxy,3,0,ue4_qfi2,0.0,147,150.0,all_flows,ue4_qfi2,0.0,147,150.0,ok,ue6_qfi2,25.25,all_flows,ue6_qfi2,25.25,ok,6,all_flows,6,8,ok,8,ue4_qfi2,0.0,all_flows,ue4_qfi2,0.0,ok,0.7938375454769904,all_flows,0.8332618882736437,5,0.8332156352950887,proxy,5,0.7870880684584787,56046699.2,ok,0.011345454545454546,ok,0.7410715909090909,0.0656078125,ok,ue1_qfi1,0.46938775510204084,49,100.0,all_flows,ue1_qfi1,0.46938775510204084,49,100.0,data,0.0,data,ok,0.0,ue3_qfi1,27.5,all_flows,ue3_qfi1,27.5,ok,30.0,ue7_qfi2,1,69.5,69.5,all_flows,30.0,ue7_qfi2,1,69.5,69.5,30.303,33.0,30.303,ok,33.0,,all_flows,,pending,,all_flows,,pending,100.0,"[8, 9]",ue8_qfi1,0,0,0,126.00000000000034,99.49999999999991,data,ok,2.0,,all_flows,,pending,6,32,5.0,1.0,all_flows,4,24,4.98325,1.0,ue4_qfi2,ok,ue4_qfi9,False,Reservation,1357791198
ue7_qfi9,294.75,299.75,300.0,300.25,all_flows,ue6_qfi2,7.572,68.486,119.252,134.791,ok,0.3004511009147957,all_flows,0.22690800709579248,ok,100.0,ue5_qfi1,0,0,0,218.24999999999937,99.49999999999991,all_flows,100.0,ue5_qfi1,0,0,0,218.24999999999937,99.49999999999991,data,2.0,data,ok,2.0,False,,all_flows,False,,3,0,proxy,3,0,ue8_qfi2,0.0,147,150.0,all_flows,ue8_qfi2,0.0,147,150.0,ok,ue6_qfi2,70.986,all_flows,ue6_qfi2,70.986,ok,5,all_flows,5,8,ok,8,ue8_qfi2,0.0,all_flows,ue8_qfi2,0.0,ok,0.8143345947041475,all_flows,0.8476961147502889,5,0.7499464512178855,proxy,5,0.718644291167729,64783000.0,ok,0.011056818181818182,ok,0.93155,0.0351203125,ok,ue6_qfi1,0.4074074074074074,27,100.0,all_flows,ue6_qfi1,0.4074074074074074,27,100.0,data,0.0,data,ok,0.0,ue2_qfi9,278.0,all_flows,ue6_qfi2,127.219,ok,17.4,ue6_qfi2,3,100.0,250.75,all_flows,17.4,ue6_qfi2,3,100.0,250.75,30.303,33.0,30.303,ok,33.0,,all_flows,,pending,,all_flows,,pending,100.0,"[8, 9]",ue5_qfi1,0,0,0,218.24999999999937,99.49999999999991,data,ok,2.0,,all_flows,,pending,9,32,5.0,1.0,all_flows,6,24,4.98325,1.0,ue8_qfi2,ok,ue8_qfi9,False,TwoTier,1357791198
ue8_qfi9,298.25,300.0,300.25,300.25,all_flows,ue5_qfi1,3.5,20.75,39.5,39.5,ok,0.25851937844624623,all_flows,0.0,ok,100.0,ue5_qfi1,0,0,0,137.0,99.49999999999991,all_flows,100.0,ue5_qfi1,0,0,0,137.0,99.49999999999991,data,2.0,data,ok,2.0,False,,all_flows,False,,3,0,proxy,3,0,ue6_qfi2,0.993421052631579,152,150.0,all_flows,ue6_qfi2,0.993421052631579,152,150.0,ok,ue1_qfi2,26.588,all_flows,ue1_qfi2,26.588,ok,8,all_flows,8,8,ok,8,ue5_qfi2,0.9549204,all_flows,ue5_qfi2,0.9549204,ok,0.9585497137684426,all_flows,0.9999435442489875,5,0.999914022508957,proxy,5,0.9500196881731171,69067769.6,ok,0.010943181818181819,ok,0.9337602272727272,0.0354390625,ok,ue1_qfi1,0.42857142857142855,49,100.0,all_flows,ue1_qfi1,0.42857142857142855,49,100.0,data,0.0,data,ok,0.0,ue5_qfi1,36.0,all_flows,ue5_qfi1,36.0,ok,30.2,ue6_qfi2,1,68.25,68.25,all_flows,30.2,ue6_qfi2,1,68.25,68.25,30.303,33.0,30.303,ok,33.0,,all_flows,,pending,,all_flows,,pending,100.0,"[8, 9]",ue5_qfi1,0,0,0,137.0,99.49999999999991,data,ok,2.0,,all_flows,,pending,0,32,0.0,1.0,all_flows,0,24,0.0,1.0,,ok,,False,PF,1167425778
ue7_qfi9,295.75,299.75,300.0,300.25,all_flows,ue6_qfi1,5.75,20.75,31.75,31.75,ok,0.40037745455620455,all_flows,0.23994400064799426,ok,100.0,ue6_qfi1,0,0,0,127.00000000000023,99.75000000000023,all_flows,100.0,ue6_qfi1,0,0,0,127.00000000000023,99.75000000000023,data,2.0,data,ok,2.0,False,,all_flows,False,,3,0,proxy,3,0,ue5_qfi2,0.0,147,150.0,all_flows,ue5_qfi2,0.0,147,150.0,ok,ue1_qfi2,24.536,all_flows,ue1_qfi2,24.536,ok,6,all_flows,6,8,ok,8,ue5_qfi2,0.0,all_flows,ue5_qfi2,0.0,ok,0.7920356926164642,all_flows,0.8332362816416421,5,0.8331983081533229,proxy,5,0.7867709563792114,55522334.4,ok,0.011643181818181818,ok,0.743990909090909,0.0668328125,ok,ue1_qfi1,0.4489795918367347,49,100.0,all_flows,ue1_qfi1,0.4489795918367347,49,100.0,data,0.0,data,ok,0.0,ue6_qfi1,26.0,all_flows,ue6_qfi1,26.0,ok,30.2,ue2_qfi2,1,75.0,75.0,all_flows,30.2,ue2_qfi2,1,75.0,75.0,30.303,33.0,30.303,ok,33.0,,all_flows,,pending,,all_flows,,pending,100.0,"[8, 9]",ue6_qfi1,0,0,0,127.00000000000023,99.75000000000023,data,ok,2.0,,all_flows,,pending,6,32,5.0,1.0,all_flows,4,24,4.98325,1.0,ue5_qfi2,ok,ue5_qfi9,False,Reservation,1167425778
ue1_qfi9,116.0,298.5,299.5,300.0,all_flows,ue2_qfi2,7.359,48.233,55.475,75.841,ok,0.2608450437617259,all_flows,0.24405423613366753,ok,100.0,ue3_qfi1,0,0,0,142.00000000000034,100.00000000000009,all_flows,100.0,ue3_qfi1,0,0,0,142.00000000000034,100.00000000000009,data,2.0,data,ok,2.0,False,,all_flows,False,,3,0,proxy,3,0,ue7_qfi2,0.0,147,150.0,all_flows,ue7_qfi2,0.0,147,150.0,ok,ue2_qfi2,52.733,all_flows,ue2_qfi2,52.733,ok,6,all_flows,6,8,ok,8,ue7_qfi2,0.0,all_flows,ue7_qfi2,0.0,ok,0.8083676023062228,all_flows,0.8330804464795045,5,0.8328767661179676,proxy,5,0.8023259890118737,68640814.4,ok,0.010961363636363637,ok,0.9336625,0.0347453125,ok,ue2_qfi1,0.4489795918367347,49,100.0,all_flows,ue2_qfi1,0.4489795918367347,49,100.0,data,0.0,data,ok,0.0,ue1_qfi9,184.0,all_flows,ue2_qfi2,68.482,ok,30.4,ue2_qfi2,15,114.5,1181.5,all_flows,30.4,ue2_qfi2,15,114.5,1181.5,30.303,33.0,30.303,ok,33.0,,all_flows,,pending,,all_flows,,pending,100.0,"[8, 9]",ue3_qfi1,0,0,0,142.00000000000034,100.00000000000009,data,ok,2.0,,all_flows,,pending,6,32,5.0,1.0,all_flows,4,24,4.98325,1.0,ue7_qfi2,ok,ue7_qfi9,False,TwoTier,1167425778
ue8_qfi9,297.5,300.0,300.0,300.25,all_flows,ue1_qfi1,6.0,26.0,44.25,44.25,ok,0.27159575463858904,all_flows,0.0,ok,100.0,ue1_qfi1,0,0,0,138.74999999999994,99.0000000000002,all_flows,100.0,ue1_qfi1,0,0,0,138.74999999999994,99.0000000000002,data,2.0,data,ok,2.0,False,,all_flows,False,,3,0,proxy,3,0,ue1_qfi2,1.0,152,150.0,all_flows,ue1_qfi2,1.0,152,150.0,ok,ue1_qfi2,27.303,all_flows,ue1_qfi2,27.303,ok,7,all_flows,7,8,ok,8,ue5_qfi2,0.9486644000000001,all_flows,ue5_qfi2,0.9486644000000001,ok,0.9560949846227851,all_flows,0.9999560164474989,5,0.9999051324824527,proxy,5,0.9390617108043899,67846206.4,ok,0.011206818181818182,ok,0.9306465909090909,0.0360140625,ok,ue8_qfi1,0.5102040816326531,49,100.0,all_flows,ue8_qfi1,0.5102040816326531,49,100.0,data,0.0,data,ok,0.0,ue1_qfi1,38.25,all_flows,ue1_qfi1,38.25,ok,30.4,ue1_qfi2,0,0.0,0.0,all_flows,30.4,ue1_qfi2,0,0.0,0.0,30.303,33.0,30.303,ok,33.0,,all_flows,,pending,,all_flows,,pending,100.0,"[8, 9]",ue1_qfi1,0,0,0,138.74999999999994,99.0000000000002,data,ok,2.0,,all_flows,,pending,0,32,0.0,1.0,all_flows,0,24,0.0,1.0,,ok,,False,PF,1202413557
ue8_qfi9,296.5,300.0,300.0,300.25,all_flows,ue3_qfi1,6.75,23.0,31.0,31.0,ok,0.42683420525994537,all_flows,0.2403678759626462,ok,100.0,ue1_qfi1,0,0,0,126.50000000000006,99.49999999999991,all_flows,100.0,ue1_qfi1,0,0,0,126.50000000000006,99.49999999999991,data,2.0,data,ok,2.0,False,,all_flows,False,,3,0,proxy,3,0,ue4_qfi2,0.0,147,150.0,all_flows,ue4_qfi2,0.0,147,150.0,ok,ue6_qfi2,25.832,all_flows,ue6_qfi2,25.832,ok,6,all_flows,6,8,ok,8,ue4_qfi2,0.0,all_flows,ue4_qfi2,0.0,ok,0.7868097776494236,all_flows,0.8332715377135054,5,0.833244078818058,proxy,5,0.7772600188824775,53186132.8,ok,0.011727272727272727,ok,0.7429545454545454,0.0719859375,ok,ue6_qfi1,0.40816326530612246,49,100.0,all_flows,ue6_qfi1,0.40816326530612246,49,100.0,data,0.0,data,ok,0.0,ue3_qfi1,24.25,all_flows,ue3_qfi1,24.25,ok,30.4,ue1_qfi2,0,0.0,0.0,all_flows,30.4,ue1_qfi2,0,0.0,0.0,30.303,33.0,30.303,ok,33.0,,all_flows,,pending,,all_flows,,pending,100.0,"[8, 9]",ue1_qfi1,0,0,0,126.50000000000006,99.49999999999991,data,ok,2.0,,all_flows,,pending,6,32,5.0,1.0,all_flows,4,24,4.98325,1.0,ue4_qfi2,ok,ue4_qfi9,False,Reservation,1202413557
ue6_qfi9,181.0,297.5,299.25,299.75,all_flows,ue5_qfi2,6.455,42.054,61.763,71.857,ok,0.26930402170088547,all_flows,0.24466234559125546,ok,100.0,ue4_qfi1,0,0,0,135.24999999999997,99.75,all_flows,100.0,ue4_qfi1,0,0,0,135.24999999999997,99.75,data,2.0,data,ok,2.0,False,,all_flows,False,,3,0,proxy,3,0,ue7_qfi2,0.0,147,150.0,all_flows,ue7_qfi2,0.0,147,150.0,ok,ue5_qfi2,46.304,all_flows,ue5_qfi2,46.304,ok,5,all_flows,5,8,ok,8,ue7_qfi2,0.0,all_flows,ue7_qfi2,0.0,ok,0.8074965145018217,all_flows,0.8332677510711001,5,0.8332019100475527,proxy,5,0.7972174334228235,67357427.2,ok,0.011156818181818183,ok,0.9310465909090909,0.0357890625,ok,ue2_qfi1,0.46938775510204084,49,100.0,all_flows,ue2_qfi1,0.46938775510204084,49,100.0,data,0.0,data,ok,0.0,ue2_qfi9,176.75,all_flows,ue5_qfi2,65.402,ok,30.4,ue5_qfi2,7,106.5,611.0,all_flows,30.4,ue5_qfi2,7,106.5,611.0,30.303,33.0,30.303,ok,33.0,,all_flows,,pending,,all_flows,,pending,100.0,"[8, 9]",ue4_qfi1,0,0,0,135.24999999999997,99.75,data,ok,2.0,,all_flows,,pending,6,32,5.0,1.0,all_flows,4,24,4.98325,1.0,ue7_qfi2,ok,ue7_qfi9,False,TwoTier,1202413557
ue8_qfi9,297.5,299.75,300.0,300.25,all_flows,ue6_qfi1,3.25,25.75,30.5,30.5,ok,0.28036826648493013,all_flows,0.0,ok,100.0,ue5_qfi1,0,0,0,129.9999999999999,99.74999999999979,all_flows,100.0,ue5_qfi1,0,0,0,129.9999999999999,99.74999999999979,data,2.0,data,ok,2.0,False,,all_flows,False,,3,0,proxy,3,0,ue1_qfi2,1.0,152,150.0,all_flows,ue1_qfi2,1.0,152,150.0,ok,ue7_qfi2,26.498,all_flows,ue7_qfi2,26.498,ok,8,all_flows,8,8,ok,8,ue6_qfi2,0.9632136,all_flows,ue6_qfi2,0.9632136,ok,0.9533788639797722,all_flows,0.9999663817617929,5,0.9999359586956507,proxy,5,0.944056936131609,67071310.4,ok,0.01096590909090909,ok,0.9311636363636364,0.038159375,ok,ue1_qfi1,0.4897959183673469,49,100.0,all_flows,ue1_qfi1,0.4897959183673469,49,100.0,data,0.0,data,ok,0.0,ue6_qfi1,27.25,all_flows,ue6_qfi1,27.25,ok,30.4,ue1_qfi2,0,0.0,0.0,all_flows,30.4,ue1_qfi2,0,0.0,0.0,30.303,33.0,30.303,ok,33.0,,all_flows,,pending,,all_flows,,pending,100.0,"[8, 9]",ue5_qfi1,0,0,0,129.9999999999999,99.74999999999979,data,ok,2.0,,all_flows,,pending,0,32,0.0,1.0,all_flows,0,24,0.0,1.0,,ok,,False,PF,2008052738
ue7_qfi9,297.0,300.0,300.25,300.25,all_flows,ue7_qfi1,6.5,26.75,31.5,31.5,ok,0.43226623104384354,all_flows,0.24285531921314005,ok,100.0,ue5_qfi1,0,0,0,127.5000000000004,100.00000000000001,all_flows,100.0,ue5_qfi1,0,0,0,127.5000000000004,100.00000000000001,data,2.0,data,ok,2.0,False,,all_flows,False,,3,0,proxy,3,0,ue3_qfi2,0.0,147,150.0,all_flows,ue3_qfi2,0.0,147,150.0,ok,ue7_qfi2,26.25,all_flows,ue7_qfi2,26.25,ok,6,all_flows,6,8,ok,8,ue3_qfi2,0.0,all_flows,ue3_qfi2,0.0,ok,0.7854070958944404,all_flows,0.833241382187189,5,0.8331873545981628,proxy,5,0.7805342691672168,52693126.4,ok,0.011943181818181818,ok,0.7419909090909091,0.076078125,ok,ue4_qfi1,0.4897959183673469,49,100.0,all_flows,ue4_qfi1,0.4897959183673469,49,100.0,data,0.0,data,ok,0.0,ue1_qfi1,25.0,all_flows,ue1_qfi1,25.0,ok,30.4,ue1_qfi2,0,0.0,0.0,all_flows,30.4,ue1_qfi2,0,0.0,0.0,30.303,33.0,30.303,ok,33.0,,all_flows,,pending,,all_flows,,pending,100.0,"[8, 9]",ue5_qfi1,0,0,0,127.5000000000004,100.00000000000001,data,ok,2.0,,all_flows,,pending,6,32,5.0,1.0,all_flows,4,24,4.98325,1.0,ue3_qfi2,ok,ue3_qfi9,False,Reservation,2008052738
ue5_qfi9,21.75,44.0,53.5,64.25,all_flows,ue5_qfi1,3.5,14.0,27.25,27.25,ok,0.362548033303719,all_flows,0.36434001134337096,ok,100.0,ue5_qfi1,0,0,0,124.24999999999997,99.99999999999964,all_flows,100.0,ue5_qfi1,0,0,0,124.24999999999997,99.99999999999964,data,2.0,data,ok,2.0,False,,all_flows,False,,3,0,proxy,3,0,ue6_qfi2,0.0,147,150.0,all_flows,ue6_qfi2,0.0,147,150.0,ok,ue5_qfi2,24.489,all_flows,ue5_qfi2,24.489,ok,5,all_flows,5,8,ok,8,ue6_qfi2,0.0,all_flows,ue6_qfi2,0.0,ok,0.7186824578878527,all_flows,0.7499732801226747,5,0.7499456521644393,proxy,5,0.7186442927214197,59509208.0,ok,0.010947727272727272,ok,0.9323465909090909,0.0387390625,ok,ue2_qfi1,0.4489795918367347,49,100.0,all_flows,ue2_qfi1,0.4489795918367347,49,100.0,data,0.0,data,ok,0.0,ue5_qfi9,42.5,all_flows,ue5_qfi1,23.75,ok,30.4,ue3_qfi2,1,68.5,68.5,all_flows,30.4,ue3_qfi2,1,68.5,68.5,30.303,33.0,30.303,ok,33.0,,all_flows,,pending,,all_flows,,pending,100.0,"[8, 9]",ue5_qfi1,0,0,0,124.24999999999997,99.99999999999964,data,ok,2.0,,all_flows,,pending,9,32,5.0,1.0,all_flows,6,24,4.98325,1.0,ue6_qfi2,ok,ue6_qfi9,False,TwoTier,2008052738
ue8_qfi9,297.75,300.0,300.0,300.25,all_flows,ue1_qfi1,3.5,16.75,56.5,56.5,ok,0.2840296396502893,all_flows,0.0,ok,100.0,ue1_qfi1,0,0,0,145.50000000000017,100.49999999999982,all_flows,100.0,ue1_qfi1,0,0,0,145.50000000000017,100.49999999999982,data,2.0,data,ok,2.0,False,,all_flows,False,,3,0,proxy,3,0,ue1_qfi2,0.993421052631579,152,150.0,all_flows,ue1_qfi2,0.993421052631579,152,150.0,ok,ue3_qfi2,27.797,all_flows,ue3_qfi2,27.797,ok,8,all_flows,8,8,ok,8,ue1_qfi2,0.9564536,all_flows,ue1_qfi2,0.9564536,ok,0.9521559884790338,all_flows,0.999958280337399,5,0.999926162568207,proxy,5,0.9461482068332187,66728982.4,ok,0.011406818181818181,ok,0.9289363636363637,0.0370953125,ok,ue1_qfi1,0.4489795918367347,49,100.0,all_flows,ue1_qfi1,0.4489795918367347,49,100.0,data,0.0,data,ok,0.0,ue1_qfi1,53.0,all_flows,ue1_qfi1,53.0,ok,30.2,ue1_qfi2,1,69.75,69.75,all_flows,30.2,ue1_qfi2,1,69.75,69.75,30.303,33.0,30.303,ok,33.0,,all_flows,,pending,,all_flows,,pending,100.0,"[8, 9]",ue1_qfi1,0,0,0,145.50000000000017,100.49999999999982,data,ok,2.0,,all_flows,,pending,0,32,0.0,1.0,all_flows,0,24,0.0,1.0,,ok,,False,PF,595598245
ue8_qfi9,297.0,300.0,300.0,300.25,all_flows,ue8_qfi2,7.861,21.88,24.623,29.962,ok,0.41707677978093377,all_flows,0.24354633080455196,ok,100.0,ue8_qfi1,0,0,0,129.0,99.25000000000006,all_flows,100.0,ue8_qfi1,0,0,0,129.0,99.25000000000006,data,2.0,data,ok,2.0,False,,all_flows,False,,3,0,proxy,3,0,ue3_qfi2,0.0,147,150.0,all_flows,ue3_qfi2,0.0,147,150.0,ok,ue1_qfi2,24.693,all_flows,ue1_qfi2,24.693,ok,6,all_flows,6,8,ok,8,ue3_qfi2,0.0,all_flows,ue3_qfi2,0.0,ok,0.7893269835383396,all_flows,0.8332564766067895,5,0.8331921326921451,proxy,5,0.7786935404422292,54074672.0,ok,0.012134090909090909,ok,0.7426318181818182,0.0706015625,ok,ue5_qfi1,0.42857142857142855,49,100.0,all_flows,ue5_qfi1,0.42857142857142855,49,100.0,data,0.0,data,ok,0.0,ue8_qfi1,22.5,all_flows,ue8_qfi1,22.5,ok,30.4,ue1_qfi2,0,0.0,0.0,all_flows,30.4,ue1_qfi2,0,0.0,0.0,30.303,33.0,30.303,ok,33.0,,all_flows,,pending,,all_flows,,pending,100.0,"[8, 9]",ue8_qfi1,0,0,0,129.0,99.25000000000006,data,ok,2.0,,all_flows,,pending,6,32,5.0,1.0,all_flows,4,24,4.98325,1.0,ue3_qfi2,ok,ue3_qfi9,False,Reservation,595598245
ue6_qfi9,166.5,299.25,299.75,300.0,all_flows,ue6_qfi1,4.25,18.25,78.0,78.0,ok,0.2788191711326669,all_flows,0.24360549465795428,ok,100.0,ue5_qfi1,0,0,0,143.5000000000004,99.49999999999991,all_flows,100.0,ue5_qfi1,0,0,0,143.5000000000004,99.49999999999991,data,2.0,data,ok,2.0,False,,all_flows,False,,3,0,proxy,3,0,ue7_qfi2,0.0,148,150.0,all_flows,ue7_qfi2,0.0,148,150.0,ok,ue2_qfi2,42.587,all_flows,ue2_qfi2,42.587,ok,6,all_flows,6,8,ok,8,ue7_qfi2,0.0,all_flows,ue7_qfi2,0.0,ok,0.8066654567990252,all_flows,0.8331954410516849,5,0.8330362587223541,proxy,5,0.8021679222582526,66571160.0,ok,0.011497727272727272,ok,0.9292011363636363,0.0354171875,ok,ue2_qfi1,0.4897959183673469,49,100.0,all_flows,ue2_qfi1,0.4897959183673469,49,100.0,data,0.0,data,ok,0.0,ue1_qfi9,185.25,all_flows,ue6_qfi1,73.75,ok,30.4,ue1_qfi2,6,83.75,466.5,all_flows,30.4,ue1_qfi2,6,83.75,466.5,30.303,33.0,30.303,ok,33.0,,all_flows,,pending,,all_flows,,pending,100.0,"[8, 9]",ue5_qfi1,0,0,0,143.5000000000004,99.49999999999991,data,ok,2.0,,all_flows,,pending,6,32,5.0,1.0,all_flows,4,24,4.98325,1.0,ue7_qfi2,ok,ue7_qfi9,False,TwoTier,595598245
ue8_qfi9,297.75,300.0,300.0,300.25,all_flows,ue7_qfi1,6.0,20.25,59.75,59.75,ok,0.2770356362927951,all_flows,0.0,ok,100.0,ue7_qfi1,0,0,0,159.2500000000001,99.0000000000002,all_flows,100.0,ue7_qfi1,0,0,0,159.2500000000001,99.0000000000002,data,2.0,data,ok,2.0,False,,all_flows,False,,3,0,proxy,3,0,ue3_qfi2,0.993421052631579,152,150.0,all_flows,ue3_qfi2,0.993421052631579,152,150.0,ok,ue7_qfi2,26.25,all_flows,ue7_qfi2,26.25,ok,8,all_flows,8,8,ok,8,ue6_qfi2,0.9574796,all_flows,ue6_qfi2,0.9574796,ok,0.9545264350646612,all_flows,0.9999469193111707,5,0.9999021493758113,proxy,5,0.9447268545328508,67385355.2,ok,0.010809090909090909,ok,0.9319363636363637,0.0360421875,ok,ue4_qfi1,0.4897959183673469,49,100.0,all_flows,ue4_qfi1,0.4897959183673469,49,100.0,data,0.0,data,ok,0.0,ue7_qfi1,53.75,all_flows,ue7_qfi1,53.75,ok,30.4,ue1_qfi2,0,0.0,0.0,all_flows,30.4,ue1_qfi2,0,0.0,0.0,30.303,33.0,30.303,ok,33.0,,all_flows,,pending,,all_flows,,pending,100.0,"[8, 9]",ue7_qfi1,0,0,0,159.2500000000001,99.0000000000002,data,ok,2.0,,all_flows,,pending,0,32,0.0,1.0,all_flows,0,24,0.0,1.0,,ok,,False,PF,1752032165
ue7_qfi9,297.5,300.0,300.25,300.25,all_flows,ue6_qfi1,6.75,27.25,38.0,38.0,ok,0.43159817916587495,all_flows,0.24228286998536394,ok,100.0,ue7_qfi1,0,0,0,132.24999999999997,99.99999999999964,all_flows,100.0,ue7_qfi1,0,0,0,132.24999999999997,99.99999999999964,data,2.0,data,ok,2.0,False,,all_flows,False,,3,0,proxy,3,0,ue3_qfi2,0.0,147,150.0,all_flows,ue3_qfi2,0.0,147,150.0,ok,ue2_qfi2,24.81,all_flows,ue2_qfi2,24.81,ok,6,all_flows,6,8,ok,8,ue3_qfi2,0.0,all_flows,ue3_qfi2,0.0,ok,0.7851437626207,all_flows,0.8332327774362478,5,0.8331543899306958,proxy,5,0.7730324450311137,52792046.4,ok,0.011336363636363636,ok,0.7425988636363636,0.0731125,ok,ue4_qfi1,0.4489795918367347,49,100.0,all_flows,ue4_qfi1,0.4489795918367347,49,100.0,data,0.0,data,ok,0.0,ue6_qfi1,31.25,all_flows,ue6_qfi1,31.25,ok,30.4,ue1_qfi2,0,0.0,0.0,all_flows,30.4,ue1_qfi2,0,0.0,0.0,30.303,33.0,30.303,ok,33.0,,all_flows,,pending,,all_flows,,pending,100.0,"[8, 9]",ue7_qfi1,0,0,0,132.24999999999997,99.99999999999964,data,ok,2.0,,all_flows,,pending,6,32,5.0,1.0,all_flows,4,24,4.98325,1.0,ue3_qfi2,ok,ue3_qfi9,False,Reservation,1752032165
ue7_qfi9,292.75,299.75,300.0,300.25,all_flows,ue7_qfi2,13.5,70.934,97.167,122.589,ok,0.2773462247295057,all_flows,0.12392175778803136,ok,100.0,ue5_qfi1,0,0,1,503.50000000000074,100.62500000000007,all_flows,100.0,ue5_qfi1,0,0,1,503.50000000000074,100.62500000000007,data,2.0,data,ok,2.0,False,,all_flows,False,,3,0,proxy,3,0,ue8_qfi2,0.0,147,150.0,all_flows,ue8_qfi2,0.0,147,150.0,ok,ue5_qfi2,84.372,all_flows,ue5_qfi2,84.372,ok,6,all_flows,6,8,ok,8,ue8_qfi2,0.0,all_flows,ue8_qfi2,0.0,ok,0.8590404543024915,all_flows,0.9064003654354773,5,0.8837336217908661,proxy,5,0.821026603488114,67320451.2,ok,0.010795454545454546,ok,0.9322909090909091,0.03514375,ok,ue5_qfi1,0.3333333333333333,36,100.0,all_flows,ue5_qfi1,0.3333333333333333,36,100.0,data,0.0,data,ok,0.0,ue3_qfi9,157.75,all_flows,ue7_qfi2,109.089,ok,29.4,ue5_qfi2,8,200.75,783.0,all_flows,29.4,ue5_qfi2,8,200.75,783.0,30.303,33.0,30.303,ok,33.0,,all_flows,,pending,,all_flows,,pending,100.0,"[8, 9]",ue5_qfi1,0,0,1,503.50000000000074,100.62500000000007,data,ok,2.0,,all_flows,,pending,3,32,5.0,1.0,all_flows,2,24,4.98325,1.0,ue8_qfi2,ok,ue8_qfi9,False,TwoTier,1752032165
ue8_qfi9,298.0,300.0,300.25,300.25,all_flows,ue4_qfi1,5.75,19.25,67.25,67.25,ok,0.3013794883217674,all_flows,0.0,ok,100.0,ue4_qfi1,0,0,0,166.50000000000009,99.24999999999962,all_flows,100.0,ue4_qfi1,0,0,0,166.50000000000009,99.24999999999962,data,2.0,data,ok,2.0,False,,all_flows,False,,3,0,proxy,3,0,ue1_qfi2,1.0,152,150.0,all_flows,ue1_qfi2,1.0,152,150.0,ok,ue8_qfi2,25.532,all_flows,ue8_qfi2,25.532,ok,8,all_flows,8,8,ok,8,ue6_qfi2,0.9598824,all_flows,ue6_qfi2,0.9598824,ok,0.9475311487788535,all_flows,0.9999550365709057,5,0.9999230049501653,proxy,5,0.9416582890782326,65327742.4,ok,0.01134090909090909,ok,0.9311954545454545,0.0389265625,ok,ue6_qfi1,0.5102040816326531,49,100.0,all_flows,ue6_qfi1,0.5102040816326531,49,100.0,data,0.0,data,ok,0.0,ue4_qfi1,61.5,all_flows,ue4_qfi1,61.5,ok,30.4,ue1_qfi2,0,0.0,0.0,all_flows,30.4,ue1_qfi2,0,0.0,0.0,30.303,33.0,30.303,ok,33.0,,all_flows,,pending,,all_flows,,pending,100.0,"[8, 9]",ue4_qfi1,0,0,0,166.50000000000009,99.24999999999962,data,ok,2.0,,all_flows,,pending,0,32,0.0,1.0,all_flows,0,24,0.0,1.0,,ok,,False,PF,1440696407
ue8_qfi9,297.0,300.0,300.0,300.25,all_flows,ue1_qfi1,7.75,24.5,34.5,34.5,ok,0.45483413314843296,all_flows,0.24304498253555679,ok,100.0,ue1_qfi1,0,0,0,133.9999999999999,99.99999999999997,all_flows,100.0,ue1_qfi1,0,0,0,133.9999999999999,99.99999999999997,data,2.0,data,ok,2.0,False,,all_flows,False,,3,0,proxy,3,0,ue3_qfi2,0.0,147,150.0,all_flows,ue3_qfi2,0.0,147,150.0,ok,ue4_qfi2,25.965,all_flows,ue4_qfi2,25.965,ok,6,all_flows,6,8,ok,8,ue3_qfi2,0.0,all_flows,ue3_qfi2,0.0,ok,0.7792881966418193,all_flows,0.8332526399967319,5,0.8332171394322389,proxy,5,0.7763961443076075,50756590.4,ok,0.012077272727272726,ok,0.7401681818181818,0.0763796875,ok,ue8_qfi1,0.4897959183673469,49,100.0,all_flows,ue8_qfi1,0.4897959183673469,49,100.0,data,0.0,data,ok,0.0,ue1_qfi1,26.75,all_flows,ue1_qfi1,26.75,ok,30.0,ue5_qfi2,1,84.5,84.5,all_flows,30.0,ue5_qfi2,1,84.5,84.5,30.303,33.0,30.303,ok,33.0,,all_flows,,pending,,all_flows,,pending,100.0,"[8, 9]",ue1_qfi1,0,0,0,133.9999999999999,99.99999999999997,data,ok,2.0,,all_flows,,pending,6,32,5.0,1.0,all_flows,4,24,4.98325,1.0,ue3_qfi2,ok,ue3_qfi9,False,Reservation,1440696407
ue4_qfi9,166.0,298.75,299.75,300.0,all_flows,ue4_qfi1,3.25,87.75,94.0,94.0,ok,0.2959035537729528,all_flows,0.24530909738142875,ok,100.0,ue4_qfi1,0,0,0,277.75000000000017,100.00000000000009,all_flows,100.0,ue4_qfi1,0,0,0,277.75000000000017,100.00000000000009,data,2.0,data,ok,2.0,False,,all_flows,False,,3,0,proxy,3,0,ue7_qfi2,0.0,147,150.0,all_flows,ue7_qfi2,0.0,147,150.0,ok,ue4_qfi2,49.719,all_flows,ue4_qfi2,49.719,ok,6,all_flows,6,8,ok,8,ue7_qfi2,0.0,all_flows,ue7_qfi2,0.0,ok,0.8004665095578225,all_flows,0.832802268209201,5,0.8316482042347589,proxy,5,0.7814801271297585,65200382.4,ok,0.011325,ok,0.9316454545454546,0.0378453125,ok,ue1_qfi1,0.42857142857142855,49,100.0,all_flows,ue1_qfi1,0.42857142857142855,49,100.0,data,0.0,data,ok,0.0,ue3_qfi9,182.0,all_flows,ue4_qfi1,90.75,ok,30.4,ue5_qfi2,7,92.0,515.0,all_flows,30.4,ue5_qfi2,7,92.0,515.0,30.303,33.0,30.303,ok,33.0,,all_flows,,pending,,all_flows,,pending,100.0,"[8, 9]",ue4_qfi1,0,0,0,277.75000000000017,100.00000000000009,data,ok,2.0,,all_flows,,pending,6,32,5.0,1.0,all_flows,4,24,4.98325,1.0,ue7_qfi2,ok,ue7_qfi9,False,TwoTier,1440696407
ue8_qfi9,297.75,300.0,300.0,300.25,all_flows,ue8_qfi1,4.0,18.5,30.5,30.5,ok,0.28761676738906117,all_flows,0.0,ok,100.0,ue5_qfi1,0,0,0,126.2500000000002,99.74999999999979,all_flows,100.0,ue5_qfi1,0,0,0,126.2500000000002,99.74999999999979,data,2.0,data,ok,2.0,False,,all_flows,False,,3,0,proxy,3,0,ue1_qfi2,1.0,152,150.0,all_flows,ue1_qfi2,1.0,152,150.0,ok,ue6_qfi2,26.032,all_flows,ue6_qfi2,26.032,ok,8,all_flows,8,8,ok,8,ue6_qfi2,0.95766,all_flows,ue6_qfi2,0.95766,ok,0.9511633488444311,all_flows,0.9999324760836608,5,0.9998896602697187,proxy,5,0.9438129709366542,66417110.4,ok,0.011363636363636364,ok,0.9352102272727273,0.03815625,ok,ue3_qfi1,0.4897959183673469,49,100.0,all_flows,ue3_qfi1,0.4897959183673469,49,100.0,data,0.0,data,ok,0.0,ue8_qfi1,26.5,all_flows,ue8_qfi1,26.5,ok,30.4,ue1_qfi2,0,0.0,0.0,all_flows,30.4,ue1_qfi2,0,0.0,0.0,30.303,33.0,30.303,ok,33.0,,all_flows,,pending,,all_flows,,pending,100.0,"[8, 9]",ue5_qfi1,0,0,0,126.2500000000002,99.74999999999979,data,ok,2.0,,all_flows,,pending,0,32,0.0,1.0,all_flows,0,24,0.0,1.0,,ok,,False,PF,5880883
ue8_qfi9,296.75,300.0,300.0,300.25,all_flows,ue7_qfi1,5.75,29.25,93.0,93.0,ok,0.4398188540476065,all_flows,0.2436536184942291,ok,100.0,ue8_qfi1,0,0,0,130.99999999999977,99.25000000000006,all_flows,100.0,ue8_qfi1,0,0,0,130.99999999999977,99.25000000000006,data,2.0,data,ok,2.0,False,,all_flows,False,,3,0,proxy,3,0,ue4_qfi2,0.0,147,150.0,all_flows,ue4_qfi2,0.0,147,150.0,ok,ue6_qfi2,26.972,all_flows,ue6_qfi2,26.972,ok,6,all_flows,6,8,ok,8,ue4_qfi2,0.0,all_flows,ue4_qfi2,0.0,ok,0.783118236087075,all_flows,0.8332287306429798,5,0.833194387393666,proxy,5,0.7763330030741854,52055321.6,ok,0.011686363636363637,ok,0.7436238636363637,0.0750921875,ok,ue3_qfi1,0.4489795918367347,49,100.0,all_flows,ue3_qfi1,0.4489795918367347,49,100.0,data,0.0,data,ok,0.0,ue7_qfi1,87.25,all_flows,ue7_qfi1,87.25,ok,30.4,ue1_qfi2,0,0.0,0.0,all_flows,30.4,ue1_qfi2,0,0.0,0.0,30.303,33.0,30.303,ok,33.0,,all_flows,,pending,,all_flows,,pending,100.0,"[8, 9]",ue8_qfi1,0,0,0,130.99999999999977,99.25000000000006,data,ok,2.0,,all_flows,,pending,6,32,5.0,1.0,all_flows,4,24,4.98325,1.0,ue4_qfi2,ok,ue4_qfi9,False,Reservation,5880883
ue6_qfi9,278.75,299.5,300.0,300.25,all_flows,ue7_qfi2,21.151,67.684,96.161,118.612,ok,0.2954489242972753,all_flows,0.1500630879199765,ok,100.0,ue7_qfi1,0,0,0,296.0000000000003,102.24999999999973,all_flows,100.0,ue7_qfi1,0,0,0,296.0000000000003,102.24999999999973,data,2.0,data,ok,2.0,False,,all_flows,False,,3,0,proxy,3,0,ue8_qfi2,0.0,148,150.0,all_flows,ue8_qfi2,0.0,148,150.0,ok,ue7_qfi2,72.838,all_flows,ue7_qfi2,72.838,ok,5,all_flows,5,8,ok,8,ue8_qfi2,0.0,all_flows,ue8_qfi2,0.0,ok,0.8558595377205591,all_flows,0.9011919484135396,5,0.8517254124227864,proxy,5,0.8182732270907348,65033468.8,ok,0.011268181818181818,ok,0.935175,0.03699375,ok,ue4_qfi1,0.40816326530612246,49,100.0,all_flows,ue4_qfi1,0.40816326530612246,49,100.0,data,0.0,data,ok,0.0,ue4_qfi9,170.75,all_flows,ue7_qfi2,97.461,ok,26.8,ue7_qfi2,9,95.0,695.0,all_flows,26.8,ue7_qfi2,9,95.0,695.0,30.303,33.0,30.303,ok,33.0,,all_flows,,pending,,all_flows,,pending,100.0,"[8, 9]",ue7_qfi1,0,0,0,296.0000000000003,102.24999999999973,data,ok,2.0,,all_flows,,pending,3,32,5.0,1.0,all_flows,2,24,4.98325,1.0,ue8_qfi2,ok,ue8_qfi9,False,TwoTier,5880883
ue8_qfi9,298.0,300.0,300.0,300.25,all_flows,ue3_qfi1,3.25,19.25,27.25,27.25,ok,0.27461592534089213,all_flows,0.0,ok,100.0,ue4_qfi1,0,0,0,123.24999999999963,99.25000000000006,all_flows,100.0,ue4_qfi1,0,0,0,123.24999999999963,99.25000000000006,data,2.0,data,ok,2.0,False,,all_flows,False,,3,0,proxy,3,0,ue1_qfi2,1.0,152,150.0,all_flows,ue1_qfi2,1.0,152,150.0,ok,ue2_qfi2,25.579,all_flows,ue2_qfi2,25.579,ok,8,all_flows,8,8,ok,8,ue3_qfi2,0.9626796,all_flows,ue3_qfi2,0.9626796,ok,0.9550620139987697,all_flows,0.9999509599172859,5,0.9999209358817114,proxy,5,0.9481181952169235,67634646.4,ok,0.010856818181818181,ok,0.9308511363636364,0.0364875,ok,ue6_qfi1,0.4489795918367347,49,100.0,all_flows,ue6_qfi1,0.4489795918367347,49,100.0,data,0.0,data,ok,0.0,ue3_qfi1,24.0,all_flows,ue3_qfi1,24.0,ok,30.4,ue1_qfi2,0,0.0,0.0,all_flows,30.4,ue1_qfi2,0,0.0,0.0,30.303,33.0,30.303,ok,33.0,,all_flows,,pending,,all_flows,,pending,100.0,"[8, 9]",ue4_qfi1,0,0,0,123.24999999999963,99.25000000000006,data,ok,2.0,,all_flows,,pending,0,32,0.0,1.0,all_flows,0,24,0.0,1.0,,ok,,False,PF,846428919
ue7_qfi9,296.5,300.0,300.0,300.25,all_flows,ue5_qfi1,6.75,22.75,30.75,30.75,ok,0.4239317227988625,all_flows,0.2430106490538836,ok,100.0,ue5_qfi1,0,0,0,123.7499999999998,100.24999999999994,all_flows,100.0,ue5_qfi1,0,0,0,123.7499999999998,100.24999999999994,data,2.0,data,ok,2.0,False,,all_flows,False,,3,0,proxy,3,0,ue3_qfi2,0.0,147,150.0,all_flows,ue3_qfi2,0.0,147,150.0,ok,ue2_qfi2,24.233,all_flows,ue2_qfi2,24.233,ok,6,all_flows,6,8,ok,8,ue3_qfi2,0.0,all_flows,ue3_qfi2,0.0,ok,0.7875090189535845,all_flows,0.8332378379084631,5,0.8332045296446527,proxy,5,0.7836434477162444,53524089.6,ok,0.011772727272727273,ok,0.7428056818181819,0.0716546875,ok,ue1_qfi1,0.46938775510204084,49,100.0,all_flows,ue1_qfi1,0.46938775510204084,49,100.0,data,0.0,data,ok,0.0,ue5_qfi1,24.0,all_flows,ue5_qfi1,24.0,ok,30.4,ue1_qfi2,0,0.0,0.0,all_flows,30.4,ue1_qfi2,0,0.0,0.0,30.303,33.0,30.303,ok,33.0,,all_flows,,pending,,all_flows,,pending,100.0,"[8, 9]",ue5_qfi1,0,0,0,123.7499999999998,100.24999999999994,data,ok,2.0,,all_flows,,pending,6,32,5.0,1.0,all_flows,4,24,4.98325,1.0,ue3_qfi2,ok,ue3_qfi9,False,Reservation,846428919
ue1_qfi9,14.0,47.25,54.0,58.5,all_flows,ue5_qfi2,6.409,21.265,24.615,30.722,ok,0.3637290337329764,all_flows,0.3683229964259797,ok,100.0,ue1_qfi1,0,0,0,113.75000000000001,99.75,all_flows,100.0,ue1_qfi1,0,0,0,113.75000000000001,99.75,data,2.0,data,ok,2.0,False,,all_flows,False,,3,0,proxy,3,0,ue6_qfi2,0.0,147,150.0,all_flows,ue6_qfi2,0.0,147,150.0,ok,ue5_qfi2,24.615,all_flows,ue5_qfi2,24.615,ok,5,all_flows,5,8,ok,8,ue6_qfi2,0.0,all_flows,ue6_qfi2,0.0,ok,0.7186783566214154,all_flows,0.7499645380905957,5,0.7499442419391044,proxy,5,0.7186202227192766,59475859.2,ok,0.011145454545454545,ok,0.9308704545454546,0.0354578125,ok,ue3_qfi1,0.4897959183673469,49,100.0,all_flows,ue3_qfi1,0.4897959183673469,49,100.0,data,0.0,data,ok,0.0,ue1_qfi9,44.5,all_flows,ue5_qfi2,24.313000000000002,ok,30.4,ue1_qfi2,0,0.0,0.0,all_flows,30.4,ue1_qfi2,0,0.0,0.0,30.303,33.0,30.303,ok,33.0,,all_flows,,pending,,all_flows,,pending,100.0,"[8, 9]",ue1_qfi1,0,0,0,113.75000000000001,99.75,data,ok,2.0,,all_flows,,pending,9,32,5.0,1.0,all_flows,6,24,4.98325,1.0,ue6_qfi2,ok,ue6_qfi9,False,TwoTier,846428919
ue8_qfi9,297.25,299.75,300.0,300.25,all_flows,ue7_qfi1,6.0,40.25,61.0,61.0,ok,0.28663920922742736,all_flows,0.0,ok,100.0,ue5_qfi1,0,0,0,145.25,100.00000000000009,all_flows,100.0,ue5_qfi1,0,0,0,145.25,100.00000000000009,data,2.0,data,ok,2.0,False,,all_flows,False,,3,0,proxy,3,0,ue1_qfi2,1.0,152,150.0,all_flows,ue1_qfi2,1.0,152,150.0,ok,ue7_qfi2,29.565,all_flows,ue7_qfi2,29.565,ok,8,all_flows,8,8,ok,8,ue3_qfi2,0.9580352,all_flows,ue3_qfi2,0.9580352,ok,0.9501754593878203,all_flows,0.999965359278181,5,0.9999361218097262,proxy,5,0.9377474936755196,66525019.2,ok,0.01151590909090909,ok,0.9324568181818181,0.0380625,ok,ue5_qfi1,0.46938775510204084,49,100.0,all_flows,ue5_qfi1,0.46938775510204084,49,100.0,data,0.0,data,ok,0.0,ue7_qfi1,55.0,all_flows,ue7_qfi1,55.0,ok,30.4,ue1_qfi2,0,0.0,0.0,all_flows,30.4,ue1_qfi2,0,0.0,0.0,30.303,33.0,30.303,ok,33.0,,all_flows,,pending,,all_flows,,pending,100.0,"[8, 9]",ue5_qfi1,0,0,0,145.25,100.00000000000009,data,ok,2.0,,all_flows,,pending,0,32,0.0,1.0,all_flows,0,24,0.0,1.0,,ok,,False,PF,1841261662
ue8_qfi9,297.0,300.0,300.0,300.25,all_flows,ue3_qfi1,9.25,29.25,47.25,47.25,ok,0.4319464044896098,all_flows,0.12114716233899825,ok,100.0,ue3_qfi1,0,0,0,144.25,100.75000000000011,all_flows,100.0,ue3_qfi1,0,0,0,144.25,100.75000000000011,data,2.0,data,ok,2.0,False,,all_flows,False,,3,0,proxy,3,0,ue7_qfi2,0.0,147,150.0,all_flows,ue7_qfi2,0.0,147,150.0,ok,ue4_qfi2,30.279,all_flows,ue4_qfi2,30.279,ok,7,all_flows,7,8,ok,8,ue7_qfi2,0.0,all_flows,ue7_qfi2,0.0,ok,0.8448548184723197,all_flows,0.9165886826110743,5,0.9165481628517332,proxy,5,0.836481352332472,53078100.8,ok,0.012315909090909091,ok,0.7425647727272727,0.0733625,ok,ue3_qfi1,0.4489795918367347,49,100.0,all_flows,ue3_qfi1,0.4489795918367347,49,100.0,data,0.0,data,ok,0.0,ue3_qfi1,38.0,all_flows,ue3_qfi1,38.0,ok,30.4,ue3_qfi2,1,86.0,86.0,all_flows,30.4,ue3_qfi2,1,86.0,86.0,30.303,33.0,30.303,ok,33.0,,all_flows,,pending,,all_flows,,pending,100.0,"[8, 9]",ue3_qfi1,0,0,0,144.25,100.75000000000011,data,ok,2.0,,all_flows,,pending,3,32,5.0,1.0,all_flows,2,24,4.98325,1.0,ue7_qfi2,ok,ue7_qfi9,False,Reservation,1841261662
ue6_qfi9,279.25,300.0,300.0,300.25,all_flows,ue7_qfi2,21.523,88.234,115.45,128.09,ok,0.300415256544438,all_flows,0.14950946490065137,ok,,ue6_qfi9,0,0,2,645.7500000000005,0.0,all_flows,100.0,ue6_qfi1,0,0,2,574.9999999999998,101.87500000000004,data,2.0,data,ok,2.0,False,,all_flows,False,,3,0,proxy,3,0,ue8_qfi2,0.0,147,150.0,all_flows,ue8_qfi2,0.0,147,150.0,ok,ue7_qfi2,106.466,all_flows,ue7_qfi2,106.466,ok,5,all_flows,5,8,ok,8,ue8_qfi2,0.0,all_flows,ue8_qfi2,0.0,ok,0.8336825711743213,all_flows,0.8834983584319488,5,0.8537053054545862,proxy,5,0.8077270041830822,64844481.6,ok,0.011218181818181818,ok,0.932390909090909,0.03785625,ok,ue6_qfi1,0.4166666666666667,24,100.0,all_flows,ue6_qfi1,0.4166666666666667,24,100.0,data,0.0,data,ok,0.0,ue1_qfi9,190.5,all_flows,ue7_qfi2,106.56700000000001,ok,27.0,ue6_qfi2,7,106.5,527.5,all_flows,27.0,ue6_qfi2,7,106.5,527.5,30.303,33.0,30.303,ok,33.0,,all_flows,,pending,,all_flows,,pending,100.0,"[8, 9]",ue6_qfi1,0,0,2,574.9999999999998,101.87500000000004,data,ok,2.0,,all_flows,,pending,3,32,5.0,1.0,all_flows,2,24,4.98325,1.0,ue8_qfi2,ok,ue8_qfi9,False,TwoTier,1841261662
ue8_qfi9,298.0,300.0,300.0,300.25,all_flows,ue8_qfi1,4.25,19.5,30.5,30.5,ok,0.2642234521664916,all_flows,0.0,ok,100.0,ue8_qfi1,0,0,0,130.0000000000001,99.49999999999991,all_flows,100.0,ue8_qfi1,0,0,0,130.0000000000001,99.49999999999991,data,2.0,data,ok,2.0,False,,all_flows,False,,3,0,proxy,3,0,ue6_qfi2,0.993421052631579,152,150.0,all_flows,ue6_qfi2,0.993421052631579,152,150.0,ok,ue4_qfi2,25.211,all_flows,ue4_qfi2,25.211,ok,8,all_flows,8,8,ok,8,ue1_qfi2,0.9539755999999999,all_flows,ue1_qfi2,0.9539755999999999,ok,0.9582215111957059,all_flows,0.9999607609931271,5,0.9999443459077073,proxy,5,0.9509375769432387,68557057.6,ok,0.010888636363636364,ok,0.9347738636363636,0.03583125,ok,ue2_qfi1,0.4897959183673469,49,100.0,all_flows,ue2_qfi1,0.4897959183673469,49,100.0,data,0.0,data,ok,0.0,ue8_qfi1,26.25,all_flows,ue8_qfi1,26.25,ok,30.2,ue6_qfi2,1,69.5,69.5,all_flows,30.2,ue6_qfi2,1,69.5,69.5,30.303,33.0,30.303,ok,33.0,,all_flows,,pending,,all_flows,,pending,100.0,"[8, 9]",ue8_qfi1,0,0,0,130.0000000000001,99.49999999999991,data,ok,2.0,,all_flows,,pending,0,32,0.0,1.0,all_flows,0,24,0.0,1.0,,ok,,False,PF,1190382222
ue7_qfi9,296.5,300.0,300.0,300.25,all_flows,ue2_qfi1,6.75,21.75,31.75,31.75,ok,0.4220493723280462,all_flows,0.24407371096098507,ok,100.0,ue1_qfi1,0,0,0,127.7499999999998,99.74999999999935,all_flows,100.0,ue1_qfi1,0,0,0,127.7499999999998,99.74999999999935,data,2.0,data,ok,2.0,False,,all_flows,False,,3,0,proxy,3,0,ue5_qfi2,0.0,147,150.0,all_flows,ue5_qfi2,0.0,147,150.0,ok,ue1_qfi2,25.697,all_flows,ue1_qfi2,25.697,ok,6,all_flows,6,8,ok,8,ue5_qfi2,0.0,all_flows,ue5_qfi2,0.0,ok,0.7879364751648572,all_flows,0.8332278074391952,5,0.8331220896209556,proxy,5,0.7800686551317874,53658161.6,ok,0.011534090909090909,ok,0.7420988636363637,0.071971875,ok,ue3_qfi1,0.4897959183673469,49,100.0,all_flows,ue3_qfi1,0.4897959183673469,49,100.0,data,0.0,data,ok,0.0,ue2_qfi1,25.0,all_flows,ue2_qfi1,25.0,ok,30.2,ue2_qfi2,1,75.5,75.5,all_flows,30.2,ue2_qfi2,1,75.5,75.5,30.303,33.0,30.303,ok,33.0,,all_flows,,pending,,all_flows,,pending,100.0,"[8, 9]",ue1_qfi1,0,0,0,127.7499999999998,99.74999999999935,data,ok,2.0,,all_flows,,pending,6,32,5.0,1.0,all_flows,4,24,4.98325,1.0,ue5_qfi2,ok,ue5_qfi9,False,Reservation,1190382222
ue7_qfi9,298.0,300.0,300.25,300.25,all_flows,ue6_qfi2,8.551,107.142,128.674,129.674,ok,0.3300123508645301,all_flows,0.3191898993981123,ok,100.0,ue4_qfi1,0,0,0,140.7500000000006,99.75,all_flows,100.0,ue4_qfi1,0,0,0,140.7500000000006,99.75,data,2.0,data,ok,2.0,False,,all_flows,False,,3,0,proxy,3,0,ue8_qfi2,0.0,147,150.0,all_flows,ue8_qfi2,0.0,147,150.0,ok,ue7_qfi2,113.48,all_flows,ue7_qfi2,113.48,ok,5,all_flows,5,8,ok,8,ue8_qfi2,0.0,all_flows,ue8_qfi2,0.0,ok,0.7532053835278749,all_flows,0.7831132583680588,5,0.7499607848529191,proxy,5,0.7185701375903216,61799699.199999996,ok,0.010722727272727273,ok,0.9350363636363637,0.0358734375,ok,ue1_qfi1,0.4897959183673469,49,100.0,all_flows,ue1_qfi1,0.4897959183673469,49,100.0,data,0.0,data,ok,0.0,ue1_qfi9,211.0,all_flows,ue6_qfi2,121.123,ok,30.4,ue5_qfi2,4,89.0,311.75,all_flows,30.4,ue5_qfi2,4,89.0,311.75,30.303,33.0,30.303,ok,33.0,,all_flows,,pending,,all_flows,,pending,100.0,"[8, 9]",ue4_qfi1,0,0,0,140.7500000000006,99.75,data,ok,2.0,,all_flows,,pending,9,32,5.0,1.0,all_flows,6,24,4.98325,1.0,ue8_qfi2,ok,ue8_qfi9,False,TwoTier,1190382222
ue8_qfi9,297.75,300.0,300.0,300.25,all_flows,ue3_qfi1,7.0,19.75,57.0,57.0,ok,0.27270544569852834,all_flows,0.0,ok,100.0,ue3_qfi1,0,0,0,142.74999999999994,99.49999999999991,all_flows,100.0,ue3_qfi1,0,0,0,142.74999999999994,99.49999999999991,data,2.0,data,ok,2.0,False,,all_flows,False,,3,0,proxy,3,0,ue1_qfi2,1.0,152,150.0,all_flows,ue1_qfi2,1.0,152,150.0,ok,ue3_qfi2,26.5,all_flows,ue3_qfi2,26.5,ok,8,all_flows,8,8,ok,8,ue4_qfi2,0.9603948,all_flows,ue4_qfi2,0.9603948,ok,0.9557887665618108,all_flows,0.9999421056016391,5,0.9999130157066618,proxy,5,0.942360761676264,67830339.2,ok,0.010993181818181819,ok,0.9309738636363636,0.03503125,ok,ue1_qfi1,0.4897959183673469,49,100.0,all_flows,ue1_qfi1,0.4897959183673469,49,100.0,data,0.0,data,ok,0.0,ue3_qfi1,50.0,all_flows,ue3_qfi1,50.0,ok,30.4,ue1_qfi2,0,0.0,0.0,all_flows,30.4,ue1_qfi2,0,0.0,0.0,30.303,33.0,30.303,ok,33.0,,all_flows,,pending,,all_flows,,pending,100.0,"[8, 9]",ue3_qfi1,0,0,0,142.74999999999994,99.49999999999991,data,ok,2.0,,all_flows,,pending,0,32,0.0,1.0,all_flows,0,24,0.0,1.0,,ok,,False,PF,72124473
ue8_qfi9,297.75,300.0,300.25,300.25,all_flows,ue1_qfi1,5.5,23.25,44.25,44.25,ok,0.4321174559704477,all_flows,0.12212679280621093,ok,100.0,ue1_qfi1,0,0,0,204.74999999999977,99.87500000000016,all_flows,100.0,ue1_qfi1,0,0,0,204.74999999999977,99.87500000000016,data,2.0,data,ok,2.0,False,,all_flows,False,,3,0,proxy,3,0,ue6_qfi2,0.0,147,150.0,all_flows,ue6_qfi2,0.0,147,150.0,ok,ue5_qfi2,30.143,all_flows,ue5_qfi2,30.143,ok,7,all_flows,7,8,ok,8,ue6_qfi2,0.0,all_flows,ue6_qfi2,0.0,ok,0.844768723940384,all_flows,0.9164806560711118,5,0.9162097671076723,proxy,5,0.8340426057024998,53118972.8,ok,0.011831818181818181,ok,0.7396443181818182,0.0696140625,ok,ue7_qfi1,0.4489795918367347,49,100.0,all_flows,ue7_qfi1,0.4489795918367347,49,100.0,data,0.0,data,ok,0.0,ue1_qfi1,38.75,all_flows,ue1_qfi1,38.75,ok,30.2,ue1_qfi2,1,71.5,71.5,all_flows,30.2,ue1_qfi2,1,71.5,71.5,30.303,33.0,30.303,ok,33.0,,all_flows,,pending,,all_flows,,pending,100.0,"[8, 9]",ue1_qfi1,0,0,0,204.74999999999977,99.87500000000016,data,ok,2.0,,all_flows,,pending,3,32,5.0,1.0,all_flows,2,24,4.98325,1.0,ue6_qfi2,ok,ue6_qfi9,False,Reservation,72124473
ue6_qfi9,259.25,299.5,300.0,300.25,all_flows,ue7_qfi2,7.277,97.065,124.494,141.519,ok,0.3161903615674815,all_flows,0.2910379405370956,ok,100.0,ue3_qfi1,0,0,0,123.00000000000023,100.00000000000009,all_flows,100.0,ue3_qfi1,0,0,0,123.00000000000023,100.00000000000009,data,2.0,data,ok,2.0,False,,all_flows,False,,3,0,proxy,3,0,ue8_qfi2,0.0,148,150.0,all_flows,ue8_qfi2,0.0,148,150.0,ok,ue6_qfi2,94.753,all_flows,ue6_qfi2,94.753,ok,5,all_flows,5,8,ok,8,ue8_qfi2,0.0,all_flows,ue8_qfi2,0.0,ok,0.7823744805114764,all_flows,0.8107446269901566,5,0.749963124074395,proxy,5,0.7185824064832258,62870852.8,ok,0.01095909090909091,ok,0.9305965909090909,0.0352203125,ok,ue5_qfi1,0.46938775510204084,49,100.0,all_flows,ue5_qfi1,0.46938775510204084,49,100.0,data,0.0,data,ok,0.0,ue1_qfi9,279.25,all_flows,ue7_qfi2,134.24200000000002,ok,30.4,ue5_qfi2,2,104.0,181.0,all_flows,30.4,ue5_qfi2,2,104.0,181.0,30.303,33.0,30.303,ok,33.0,,all_flows,,pending,,all_flows,,pending,100.0,"[8, 9]",ue3_qfi1,0,0,0,123.00000000000023,100.00000000000009,data,ok,2.0,,all_flows,,pending,9,32,5.0,1.0,all_flows,6,24,4.98325,1.0,ue8_qfi2,ok,ue8_qfi9,False,TwoTier,72124473
ue8_qfi9,298.25,300.0,300.25,300.25,all_flows,ue1_qfi1,3.5,16.0,35.25,35.25,ok,0.28018564643996946,all_flows,0.0,ok,100.0,ue1_qfi1,0,0,0,189.99999999999994,100.12499999999991,all_flows,100.0,ue1_qfi1,0,0,0,189.99999999999994,100.12499999999991,data,2.0,data,ok,2.0,False,,all_flows,False,,3,0,proxy,3,0,ue4_qfi2,0.9802631578947368,152,150.0,all_flows,ue4_qfi2,0.9802631578947368,152,150.0,ok,ue2_qfi2,26.393,all_flows,ue2_qfi2,26.393,ok,8,all_flows,8,8,ok,8,ue8_qfi2,0.9581588000000001,all_flows,ue8_qfi2,0.9581588000000001,ok,0.9526892540996986,all_flows,0.9998833757235731,5,0.9995551394242124,proxy,5,0.940726917418565,67175561.6,ok,0.011234090909090909,ok,0.9298568181818182,0.036825,ok,ue2_qfi1,0.4489795918367347,49,100.0,all_flows,ue2_qfi1,0.4489795918367347,49,100.0,data,0.0,data,ok,0.0,ue1_qfi1,31.75,all_flows,ue1_qfi1,31.75,ok,29.8,ue4_qfi2,3,72.0,209.25,all_flows,29.8,ue4_qfi2,3,72.0,209.25,30.303,33.0,30.303,ok,33.0,,all_flows,,pending,,all_flows,,pending,100.0,"[8, 9]",ue1_qfi1,0,0,0,189.99999999999994,100.12499999999991,data,ok,2.0,,all_flows,,pending,0,32,0.0,1.0,all_flows,0,24,0.0,1.0,,ok,,False,PF,1642588603
ue8_qfi9,298.0,300.0,300.25,300.25,all_flows,ue4_qfi1,6.5,30.5,39.25,39.25,ok,0.4366571353322275,all_flows,0.12120785429184779,ok,100.0,ue1_qfi1,0,0,0,135.50000000000006,99.24999999999962,all_flows,100.0,ue1_qfi1,0,0,0,135.50000000000006,99.24999999999962,data,2.0,data,ok,2.0,False,,all_flows,False,,3,0,proxy,3,0,ue3_qfi2,0.0,147,150.0,all_flows,ue3_qfi2,0.0,147,150.0,ok,ue2_qfi2,29.951,all_flows,ue2_qfi2,29.951,ok,7,all_flows,7,8,ok,8,ue3_qfi2,0.0,all_flows,ue3_qfi2,0.0,ok,0.8425964877820153,all_flows,0.9165318029259177,5,0.9164558999918965,proxy,5,0.8311686786551024,52639246.4,ok,0.011802272727272727,ok,0.7443443181818182,0.0741046875,ok,ue8_qfi1,0.42857142857142855,49,100.0,all_flows,ue8_qfi1,0.42857142857142855,49,100.0,data,0.0,data,ok,0.0,ue4_qfi1,32.75,all_flows,ue4_qfi1,32.75,ok,30.0,ue6_qfi2,1,77.0,77.0,all_flows,30.0,ue6_qfi2,1,77.0,77.0,30.303,33.0,30.303,ok,33.0,,all_flows,,pending,,all_flows,,pending,100.0,"[8, 9]",ue1_qfi1,0,0,0,135.50000000000006,99.24999999999962,data,ok,2.0,,all_flows,,pending,3,32,5.0,1.0,all_flows,2,24,4.98325,1.0,ue3_qfi2,ok,ue3_qfi9,False,Reservation,1642588603
ue2_qfi9,26.0,56.5,63.0,68.5,all_flows,ue5_qfi2,5.702,20.839,27.913,32.466,ok,0.3624056265864335,all_flows,0.36510361236261507,ok,100.0,ue1_qfi1,0,0,0,115.75000000000024,99.99999999999964,all_flows,100.0,ue1_qfi1,0,0,0,115.75000000000024,99.99999999999964,data,2.0,data,ok,2.0,False,,all_flows,False,,3,0,proxy,3,0,ue6_qfi2,0.0,147,150.0,all_flows,ue6_qfi2,0.0,147,150.0,ok,ue1_qfi2,24.991,all_flows,ue1_qfi2,24.991,ok,5,all_flows,5,8,ok,8,ue6_qfi2,0.0,all_flows,ue6_qfi2,0.0,ok,0.7186463382250269,all_flows,0.74996310284108,5,0.7499551633162747,proxy,5,0.7186214010282637,59632544.0,ok,0.010920454545454546,ok,0.9299443181818182,0.03708125,ok,ue3_qfi1,0.42857142857142855,49,100.0,all_flows,ue3_qfi1,0.42857142857142855,49,100.0,data,0.0,data,ok,0.0,ue2_qfi9,42.5,all_flows,ue5_qfi2,26.764000000000003,ok,30.2,ue5_qfi2,1,82.0,82.0,all_flows,30.2,ue5_qfi2,1,82.0,82.0,30.303,33.0,30.303,ok,33.0,,all_flows,,pending,,all_flows,,pending,100.0,"[8, 9]",ue1_qfi1,0,0,0,115.75000000000024,99.99999999999964,data,ok,2.0,,all_flows,,pending,9,32,5.0,1.0,all_flows,6,24,4.98325,1.0,ue6_qfi2,ok,ue6_qfi9,False,TwoTier,1642588603
ue8_qfi9,297.75,299.75,300.0,300.25,all_flows,ue8_qfi1,3.5,17.75,29.5,29.5,ok,0.2763005440367188,all_flows,0.0,ok,100.0,ue3_qfi1,0,0,0,126.2500000000002,98.74999999999989,all_flows,100.0,ue3_qfi1,0,0,0,126.2500000000002,98.74999999999989,data,2.0,data,ok,2.0,False,,all_flows,False,,3,0,proxy,3,0,ue1_qfi2,1.0,152,150.0,all_flows,ue1_qfi2,1.0,152,150.0,ok,ue3_qfi2,27.498,all_flows,ue3_qfi2,27.498,ok,8,all_flows,8,8,ok,8,ue3_qfi2,0.969952,all_flows,ue3_qfi2,0.969952,ok,0.9536341904232477,all_flows,0.9999372802425341,5,0.999898930126696,proxy,5,0.9436742789562178,67580718.4,ok,0.01121590909090909,ok,0.9320875,0.0376125,ok,ue5_qfi1,0.4897959183673469,49,100.0,all_flows,ue5_qfi1,0.4897959183673469,49,100.0,data,0.0,data,ok,0.0,ue8_qfi1,26.0,all_flows,ue8_qfi1,26.0,ok,30.4,ue1_qfi2,0,0.0,0.0,all_flows,30.4,ue1_qfi2,0,0.0,0.0,30.303,33.0,30.303,ok,33.0,,all_flows,,pending,,all_flows,,pending,100.0,"[8, 9]",ue3_qfi1,0,0,0,126.2500000000002,98.74999999999989,data,ok,2.0,,all_flows,,pending,0,32,0.0,1.0,all_flows,0,24,0.0,1.0,,ok,,False,PF,1566923138
ue7_qfi9,297.0,300.0,300.25,300.25,all_flows,ue3_qfi1,10.25,28.25,53.5,53.5,ok,0.4360340793216665,all_flows,0.24357340249981513,ok,100.0,ue1_qfi1,0,0,0,131.49999999999994,100.24999999999994,all_flows,100.0,ue1_qfi1,0,0,0,131.49999999999994,100.24999999999994,data,2.0,data,ok,2.0,False,,all_flows,False,,3,0,proxy,3,0,ue6_qfi2,0.0,147,150.0,all_flows,ue6_qfi2,0.0,147,150.0,ok,ue3_qfi2,26.787,all_flows,ue3_qfi2,26.787,ok,6,all_flows,6,8,ok,8,ue6_qfi2,0.0,all_flows,ue6_qfi2,0.0,ok,0.7838653680922856,all_flows,0.8332653433310474,5,0.8332086667046442,proxy,5,0.7726148160497173,52521700.8,ok,0.012156818181818182,ok,0.7439147727272727,0.0765828125,ok,ue2_qfi1,0.46938775510204084,49,100.0,all_flows,ue2_qfi1,0.46938775510204084,49,100.0,data,0.0,data,ok,0.0,ue3_qfi1,43.25,all_flows,ue3_qfi1,43.25,ok,30.2,ue4_qfi2,1,71.5,71.5,all_flows,30.2,ue4_qfi2,1,71.5,71.5,30.303,33.0,30.303,ok,33.0,,all_flows,,pending,,all_flows,,pending,100.0,"[8, 9]",ue1_qfi1,0,0,0,131.49999999999994,100.24999999999994,data,ok,2.0,,all_flows,,pending,6,32,5.0,1.0,all_flows,4,24,4.98325,1.0,ue6_qfi2,ok,ue6_qfi9,False,Reservation,1566923138
ue3_qfi9,287.25,299.75,300.0,300.25,all_flows,ue5_qfi2,8.697,47.927,54.85,75.154,ok,0.2801745214021645,all_flows,0.24313002912162224,ok,100.0,ue6_qfi1,0,0,0,143.9999999999997,99.49999999999991,all_flows,100.0,ue6_qfi1,0,0,0,143.9999999999997,99.49999999999991,data,2.0,data,ok,2.0,False,,all_flows,False,,3,0,proxy,3,0,ue7_qfi2,0.0,147,150.0,all_flows,ue7_qfi2,0.0,147,150.0,ok,ue5_qfi2,52.813,all_flows,ue5_qfi2,52.813,ok,6,all_flows,6,8,ok,8,ue7_qfi2,0.0,all_flows,ue7_qfi2,0.0,ok,0.8054548065497549,all_flows,0.8332038482130871,5,0.8330129957721218,proxy,5,0.7999118437000003,66704651.2,ok,0.011443181818181818,ok,0.9322477272727273,0.0373109375,ok,ue3_qfi1,0.40816326530612246,49,100.0,all_flows,ue3_qfi1,0.40816326530612246,49,100.0,data,0.0,data,ok,0.0,ue5_qfi9,192.75,all_flows,ue5_qfi2,66.457,ok,30.4,ue5_qfi2,11,99.5,897.25,all_flows,30.4,ue5_qfi2,11,99.5,897.25,30.303,33.0,30.303,ok,33.0,,all_flows,,pending,,all_flows,,pending,100.0,"[8, 9]",ue6_qfi1,0,0,0,143.9999999999997,99.49999999999991,data,ok,2.0,,all_flows,,pending,6,32,5.0,1.0,all_flows,4,24,4.98325,1.0,ue7_qfi2,ok,ue7_qfi9,False,TwoTier,1566923138
ue8_qfi9,297.25,299.75,300.0,300.25,all_flows,ue7_qfi2,8.26,19.374,23.906,26.156,ok,0.2744225501771328,all_flows,0.0,ok,100.0,ue3_qfi1,0,0,0,123.7499999999998,99.49999999999991,all_flows,100.0,ue3_qfi1,0,0,0,123.7499999999998,99.49999999999991,data,2.0,data,ok,2.0,False,,all_flows,False,,3,0,proxy,3,0,ue1_qfi2,1.0,152,150.0,all_flows,ue1_qfi2,1.0,152,150.0,ok,ue7_qfi2,26.156,all_flows,ue7_qfi2,26.156,ok,8,all_flows,8,8,ok,8,ue5_qfi2,0.9580044,all_flows,ue5_qfi2,0.9580044,ok,0.9561320775112403,all_flows,0.9999556691118598,5,0.999918150951442,proxy,5,0.9499532103348233,67568886.4,ok,0.010995454545454546,ok,0.9297727272727273,0.0368640625,ok,ue6_qfi1,0.46938775510204084,49,100.0,all_flows,ue6_qfi1,0.46938775510204084,49,100.0,data,0.0,data,ok,0.0,ue3_qfi1,21.5,all_flows,ue3_qfi1,21.5,ok,30.4,ue1_qfi2,0,0.0,0.0,all_flows,30.4,ue1_qfi2,0,0.0,0.0,30.303,33.0,30.303,ok,33.0,,all_flows,,pending,,all_flows,,pending,100.0,"[8, 9]",ue3_qfi1,0,0,0,123.7499999999998,99.49999999999991,data,ok,2.0,,all_flows,,pending,0,32,0.0,1.0,all_flows,0,24,0.0,1.0,,ok,,False,PF,1818006482
ue8_qfi9,295.75,299.75,300.0,300.25,all_flows,ue3_qfi1,8.25,22.75,41.75,41.75,ok,0.41965682689874634,all_flows,0.2423218194946637,ok,100.0,ue2_qfi1,0,0,0,136.24999999999997,100.75000000000011,all_flows,100.0,ue2_qfi1,0,0,0,136.24999999999997,100.75000000000011,data,2.0,data,ok,2.0,False,,all_flows,False,,3,0,proxy,3,0,ue6_qfi2,0.0,147,150.0,all_flows,ue6_qfi2,0.0,147,150.0,ok,ue4_qfi2,26.643,all_flows,ue4_qfi2,26.643,ok,6,all_flows,6,8,ok,8,ue6_qfi2,0.0,all_flows,ue6_qfi2,0.0,ok,0.7888989799328687,all_flows,0.8332495148975054,5,0.833203880672506,proxy,5,0.784419049264952,53799598.4,ok,0.011425,ok,0.742365909090909,0.071715625,ok,ue2_qfi1,0.42857142857142855,49,100.0,all_flows,ue2_qfi1,0.42857142857142855,49,100.0,data,0.0,data,ok,0.0,ue3_qfi1,33.5,all_flows,ue3_qfi1,33.5,ok,30.4,ue1_qfi2,0,0.0,0.0,all_flows,30.4,ue1_qfi2,0,0.0,0.0,30.303,33.0,30.303,ok,33.0,,all_flows,,pending,,all_flows,,pending,100.0,"[8, 9]",ue2_qfi1,0,0,0,136.24999999999997,100.75000000000011,data,ok,2.0,,all_flows,,pending,6,32,5.0,1.0,all_flows,4,24,4.98325,1.0,ue6_qfi2,ok,ue6_qfi9,False,Reservation,1818006482
ue6_qfi9,288.75,299.75,300.0,300.25,all_flows,ue6_qfi2,9.32,36.734,96.664,125.039,ok,0.27657610444533176,all_flows,0.12797279872749112,ok,100.0,ue7_qfi1,0,0,0,197.25000000000037,99.49999999999991,all_flows,100.0,ue7_qfi1,0,0,0,197.25000000000037,99.49999999999991,data,2.0,data,ok,2.0,False,,all_flows,False,,3,0,proxy,3,0,ue8_qfi2,0.0,147,150.0,all_flows,ue8_qfi2,0.0,147,150.0,ok,ue7_qfi2,50.302,all_flows,ue7_qfi2,50.302,ok,5,all_flows,5,8,ok,8,ue8_qfi2,0.0,all_flows,ue8_qfi2,0.0,ok,0.8784045851207012,all_flows,0.9152851129710768,5,0.9103142792581356,proxy,5,0.8725124224759219,66879963.199999996,ok,0.010993181818181819,ok,0.9297204545454546,0.0364,ok,ue3_qfi1,0.46938775510204084,49,100.0,all_flows,ue3_qfi1,0.46938775510204084,49,100.0,data,0.0,data,ok,0.0,ue6_qfi2,115.719,all_flows,ue6_qfi2,115.719,ok,30.4,ue3_qfi2,4,98.25,331.75,all_flows,30.4,ue3_qfi2,4,98.25,331.75,30.303,33.0,30.303,ok,33.0,,all_flows,,pending,,all_flows,,pending,100.0,"[8, 9]",ue7_qfi1,0,0,0,197.25000000000037,99.49999999999991,data,ok,2.0,,all_flows,,pending,3,32,5.0,1.0,all_flows,2,24,4.98325,1.0,ue8_qfi2,ok,ue8_qfi9,False,TwoTier,1818006482
ue8_qfi9,297.75,300.0,300.0,300.25,all_flows,ue7_qfi1,8.5,22.25,41.5,41.5,ok,0.268107440231183,all_flows,0.0,ok,100.0,ue7_qfi1,0,0,0,138.50000000000006,100.00000000000009,all_flows,100.0,ue7_qfi1,0,0,0,138.50000000000006,100.00000000000009,data,2.0,data,ok,2.0,False,,all_flows,False,,3,0,proxy,3,0,ue3_qfi2,0.993421052631579,152,150.0,all_flows,ue3_qfi2,0.993421052631579,152,150.0,ok,ue3_qfi2,28.582,all_flows,ue3_qfi2,28.582,ok,8,all_flows,8,8,ok,8,ue5_qfi2,0.9616096,all_flows,ue5_qfi2,0.9616096,ok,0.9561637992723551,all_flows,0.9999544516648096,5,0.9999181620814502,proxy,5,0.9431742212322645,68159052.8,ok,0.011222727272727273,ok,0.9328545454545455,0.0367484375,ok,ue7_qfi1,0.42857142857142855,49,100.0,all_flows,ue7_qfi1,0.42857142857142855,49,100.0,data,0.0,data,ok,0.0,ue7_qfi1,33.0,all_flows,ue7_qfi1,33.0,ok,30.2,ue3_qfi2,1,68.5,68.5,all_flows,30.2,ue3_qfi2,1,68.5,68.5,30.303,33.0,30.303,ok,33.0,,all_flows,,pending,,all_flows,,pending,100.0,"[8, 9]",ue7_qfi1,0,0,0,138.50000000000006,100.00000000000009,data,ok,2.0,,all_flows,,pending,0,32,0.0,1.0,all_flows,0,24,0.0,1.0,,ok,,False,PF,377217572
ue8_qfi9,296.0,300.0,300.0,300.25,all_flows,ue4_qfi1,5.75,23.0,38.0,38.0,ok,0.42099989289395295,all_flows,0.24247935602973753,ok,100.0,ue1_qfi1,0,0,0,130.24999999999974,99.75000000000023,all_flows,100.0,ue1_qfi1,0,0,0,130.24999999999974,99.75000000000023,data,2.0,data,ok,2.0,False,,all_flows,False,,3,0,proxy,3,0,ue5_qfi2,0.0,147,150.0,all_flows,ue5_qfi2,0.0,147,150.0,ok,ue2_qfi2,25.54,all_flows,ue2_qfi2,25.54,ok,6,all_flows,6,8,ok,8,ue5_qfi2,0.0,all_flows,ue5_qfi2,0.0,ok,0.7876135718971548,all_flows,0.8332315655044175,5,0.8332025933808576,proxy,5,0.7776460539394648,53711643.2,ok,0.01199090909090909,ok,0.7432454545454545,0.0723078125,ok,ue2_qfi1,0.4897959183673469,49,100.0,all_flows,ue2_qfi1,0.4897959183673469,49,100.0,data,0.0,data,ok,0.0,ue4_qfi1,32.25,all_flows,ue4_qfi1,32.25,ok,30.2,ue6_qfi2,1,77.0,77.0,all_flows,30.2,ue6_qfi2,1,77.0,77.0,30.303,33.0,30.303,ok,33.0,,all_flows,,pending,,all_flows,,pending,100.0,"[8, 9]",ue1_qfi1,0,0,0,130.24999999999974,99.75000000000023,data,ok,2.0,,all_flows,,pending,6,32,5.0,1.0,all_flows,4,24,4.98325,1.0,ue5_qfi2,ok,ue5_qfi9,False,Reservation,377217572
ue6_qfi9,97.25,297.0,299.25,299.75,all_flows,ue5_qfi2,7.952,41.538,64.42,71.535,ok,0.26571721192747094,all_flows,0.24345625016426461,ok,100.0,ue4_qfi1,0,0,0,133.9999999999999,99.74999999999979,all_flows,100.0,ue4_qfi1,0,0,0,133.9999999999999,99.74999999999979,data,2.0,data,ok,2.0,False,,all_flows,False,,3,0,proxy,3,0,ue7_qfi2,0.0,147,150.0,all_flows,ue7_qfi2,0.0,147,150.0,ok,ue5_qfi2,45.158,all_flows,ue5_qfi2,45.158,ok,6,all_flows,6,8,ok,8,ue7_qfi2,0.0,all_flows,ue7_qfi2,0.0,ok,0.8083995414753564,all_flows,0.8331141173329705,5,0.8328702832165107,proxy,5,0.8039341425238516,67834982.4,ok,0.010993181818181819,ok,0.9326045454545454,0.036071875,ok,ue5_qfi1,0.4489795918367347,49,100.0,all_flows,ue5_qfi1,0.4489795918367347,49,100.0,data,0.0,data,ok,0.0,ue6_qfi9,202.5,all_flows,ue5_qfi2,63.583,ok,30.4,ue5_qfi2,10,98.75,808.25,all_flows,30.4,ue5_qfi2,10,98.75,808.25,30.303,33.0,30.303,ok,33.0,,all_flows,,pending,,all_flows,,pending,100.0,"[8, 9]",ue4_qfi1,0,0,0,133.9999999999999,99.74999999999979,data,ok,2.0,,all_flows,,pending,6,32,5.0,1.0,all_flows,4,24,4.98325,1.0,ue7_qfi2,ok,ue7_qfi9,False,TwoTier,377217572
ue8_qfi9,297.5,299.75,300.0,300.25,all_flows,ue4_qfi2,10.205,22.116,26.598,29.351,ok,0.28138934196952536,all_flows,0.0,ok,100.0,ue8_qfi1,0,0,0,121.50000000000017,99.50000000000003,all_flows,100.0,ue8_qfi1,0,0,0,121.50000000000017,99.50000000000003,data,2.0,data,ok,2.0,False,,all_flows,False,,3,0,proxy,3,0,ue1_qfi2,1.0,152,150.0,all_flows,ue1_qfi2,1.0,152,150.0,ok,ue4_qfi2,28.985,all_flows,ue4_qfi2,28.985,ok,8,all_flows,8,8,ok,8,ue4_qfi2,0.9573056,all_flows,ue4_qfi2,0.9573056,ok,0.9519752261511844,all_flows,0.9999415545466954,5,0.999911362963059,proxy,5,0.9440686100459145,67004900.8,ok,0.011029545454545455,ok,0.9331329545454545,0.03683125,ok,ue4_qfi1,0.4897959183673469,49,100.0,all_flows,ue4_qfi1,0.4897959183673469,49,100.0,data,0.0,data,ok,0.0,ue4_qfi1,20.5,all_flows,ue4_qfi1,20.5,ok,30.4,ue1_qfi2,0,0.0,0.0,all_flows,30.4,ue1_qfi2,0,0.0,0.0,30.303,33.0,30.303,ok,33.0,,all_flows,,pending,,all_flows,,pending,100.0,"[8, 9]",ue8_qfi1,0,0,0,121.50000000000017,99.50000000000003,data,ok,2.0,,all_flows,,pending,0,32,0.0,1.0,all_flows,0,24,0.0,1.0,,ok,,False,PF,191741830
ue8_qfi9,297.0,300.0,300.0,300.25,all_flows,ue1_qfi1,5.25,24.5,42.0,42.0,ok,0.4426315598988764,all_flows,0.12094308796150342,ok,100.0,ue1_qfi1,0,0,0,141.49999999999974,99.99999999999964,all_flows,100.0,ue1_qfi1,0,0,0,141.49999999999974,99.99999999999964,data,2.0,data,ok,2.0,False,,all_flows,False,,3,0,proxy,3,0,ue6_qfi2,0.0,147,150.0,all_flows,ue6_qfi2,0.0,147,150.0,ok,ue4_qfi2,31.673,all_flows,ue4_qfi2,31.673,ok,7,all_flows,7,8,ok,8,ue6_qfi2,0.0,all_flows,ue6_qfi2,0.0,ok,0.840419013981968,all_flows,0.9165147789265014,5,0.916432976089422,proxy,5,0.8326959675075809,52041049.6,ok,0.011731818181818182,ok,0.7409772727272728,0.0738265625,ok,ue2_qfi1,0.4489795918367347,49,100.0,all_flows,ue2_qfi1,0.4489795918367347,49,100.0,data,0.0,data,ok,0.0,ue1_qfi1,36.75,all_flows,ue1_qfi1,36.75,ok,30.4,ue1_qfi2,0,0.0,0.0,all_flows,30.4,ue1_qfi2,0,0.0,0.0,30.303,33.0,30.303,ok,33.0,,all_flows,,pending,,all_flows,,pending,100.0,"[8, 9]",ue1_qfi1,0,0,0,141.49999999999974,99.99999999999964,data,ok,2.0,,all_flows,,pending,3,32,5.0,1.0,all_flows,2,24,4.98325,1.0,ue6_qfi2,ok,ue6_qfi9,False,Reservation,191741830
ue4_qfi9,29.25,58.25,77.25,85.0,all_flows,ue5_qfi2,7.122,22.48,25.79,28.941,ok,0.3642717123714371,all_flows,0.36681931984585325,ok,100.0,ue2_qfi1,0,0,0,113.75000000000001,99.99999999999964,all_flows,100.0,ue2_qfi1,0,0,0,113.75000000000001,99.99999999999964,data,2.0,data,ok,2.0,False,,all_flows,False,,3,0,proxy,3,0,ue6_qfi2,0.0,147,150.0,all_flows,ue6_qfi2,0.0,147,150.0,ok,ue5_qfi2,25.149,all_flows,ue5_qfi2,25.149,ok,5,all_flows,5,8,ok,8,ue6_qfi2,0.0,all_flows,ue6_qfi2,0.0,ok,0.7186904865018046,all_flows,0.7499738405076355,5,0.7499422375542187,proxy,5,0.7185994252216451,59209604.8,ok,0.011395454545454545,ok,0.9337022727272727,0.0385078125,ok,ue4_qfi1,0.4897959183673469,49,100.0,all_flows,ue4_qfi1,0.4897959183673469,49,100.0,data,0.0,data,ok,0.0,ue4_qfi9,55.75,all_flows,ue5_qfi2,21.819,ok,30.4,ue1_qfi2,0,0.0,0.0,all_flows,30.4,ue1_qfi2,0,0.0,0.0,30.303,33.0,30.303,ok,33.0,,all_flows,,pending,,all_flows,,pending,100.0,"[8, 9]",ue2_qfi1,0,0,0,113.75000000000001,99.99999999999964,data,ok,2.0,,all_flows,,pending,9,32,5.0,1.0,all_flows,6,24,4.98325,1.0,ue6_qfi2,ok,ue6_qfi9,False,TwoTier,191741830
ue8_qfi9,297.25,299.75,300.0,300.25,all_flows,ue2_qfi1,6.0,20.75,47.0,47.0,ok,0.301351201519358,all_flows,0.0,ok,100.0,ue2_qfi1,0,0,0,139.75000000000003,99.74999999999979,all_flows,100.0,ue2_qfi1,0,0,0,139.75000000000003,99.74999999999979,data,2.0,data,ok,2.0,False,,all_flows,False,,3,0,proxy,3,0,ue5_qfi2,0.993421052631579,152,150.0,all_flows,ue5_qfi2,0.993421052631579,152,150.0,ok,ue2_qfi2,25.252,all_flows,ue2_qfi2,25.252,ok,8,all_flows,8,8,ok,8,ue5_qfi2,0.9629204,all_flows,ue5_qfi2,0.9629204,ok,0.9460358263293415,all_flows,0.9999523044511814,5,0.9999085225169118,proxy,5,0.9377420037269495,65360297.6,ok,0.011720454545454546,ok,0.9321488636363636,0.03959375,ok,ue5_qfi1,0.5102040816326531,49,100.0,all_flows,ue5_qfi1,0.5102040816326531,49,100.0,data,0.0,data,ok,0.0,ue2_qfi1,41.0,all_flows,ue2_qfi1,41.0,ok,30.4,ue1_qfi2,0,0.0,0.0,all_flows,30.4,ue1_qfi2,0,0.0,0.0,30.303,33.0,30.303,ok,33.0,,all_flows,,pending,,all_flows,,pending,100.0,"[8, 9]",ue2_qfi1,0,0,0,139.75000000000003,99.74999999999979,data,ok,2.0,,all_flows,,pending,0,32,0.0,1.0,all_flows,0,24,0.0,1.0,,ok,,False,PF,1853662620
ue8_qfi9,296.0,299.75,300.0,300.25,all_flows,ue3_qfi1,5.75,26.75,34.0,34.0,ok,0.4437653699371707,all_flows,0.24132909332695254,ok,100.0,ue8_qfi1,0,0,0,130.2500000000002,99.74999999999979,all_flows,100.0,ue8_qfi1,0,0,0,130.2500000000002,99.74999999999979,data,2.0,data,ok,2.0,False,,all_flows,False,,3,0,proxy,3,0,ue5_qfi2,0.0,148,150.0,all_flows,ue5_qfi2,0.0,148,150.0,ok,ue3_qfi2,25.981,all_flows,ue3_qfi2,25.981,ok,6,all_flows,6,8,ok,8,ue5_qfi2,0.0,all_flows,ue5_qfi2,0.0,ok,0.7815183808844104,all_flows,0.8332440807760813,5,0.8332142220203018,proxy,5,0.7761329207775518,51823003.2,ok,0.012177272727272728,ok,0.7440931818181818,0.077665625,ok,ue3_qfi1,0.4897959183673469,49,100.0,all_flows,ue3_qfi1,0.4897959183673469,49,100.0,data,0.0,data,ok,0.0,ue3_qfi1,28.25,all_flows,ue3_qfi1,28.25,ok,30.4,ue1_qfi2,0,0.0,0.0,all_flows,30.4,ue1_qfi2,0,0.0,0.0,30.303,33.0,30.303,ok,33.0,,all_flows,,pending,,all_flows,,pending,100.0,"[8, 9]",ue8_qfi1,0,0,0,130.2500000000002,99.74999999999979,data,ok,2.0,,all_flows,,pending,6,32,5.0,1.0,all_flows,4,24,4.98325,1.0,ue5_qfi2,ok,ue5_qfi9,False,Reservation,1853662620
ue5_qfi9,289.5,299.75,300.0,300.25,all_flows,ue2_qfi1,10.5,96.5,100.25,100.25,ok,0.3034955631326046,all_flows,0.122417755890078,ok,,ue2_qfi9,0,0,1,786.2499999999999,0.0,all_flows,100.0,ue2_qfi1,0,0,0,449.75000000000034,105.99999999999999,data,2.0,data,ok,2.0,False,,all_flows,False,,3,0,proxy,3,0,ue8_qfi2,0.0,147,150.0,all_flows,ue8_qfi2,0.0,147,150.0,ok,ue2_qfi2,82.134,all_flows,ue2_qfi2,82.134,ok,7,all_flows,7,8,ok,8,ue8_qfi2,0.0,all_flows,ue8_qfi2,0.0,ok,0.8526290219047462,all_flows,0.9077299059101829,5,0.8963601548813578,proxy,5,0.8318376703942311,64825051.2,ok,0.011422727272727272,ok,0.9322545454545454,0.0394578125,ok,ue2_qfi1,0.3448275862068966,29,100.0,all_flows,ue2_qfi1,0.3448275862068966,29,100.0,data,0.0,data,ok,0.0,ue4_qfi9,180.0,all_flows,ue2_qfi1,89.75,ok,30.2,ue2_qfi2,5,106.25,467.0,all_flows,30.2,ue2_qfi2,5,106.25,467.0,30.303,33.0,30.303,ok,33.0,,all_flows,,pending,,all_flows,,pending,100.0,"[8, 9]",ue2_qfi1,0,0,0,449.75000000000034,105.99999999999999,data,ok,2.0,,all_flows,,pending,3,32,5.0,1.0,all_flows,2,24,4.98325,1.0,ue8_qfi2,ok,ue8_qfi9,False,TwoTier,1853662620
ue8_qfi9,297.75,300.0,300.0,300.25,all_flows,ue6_qfi1,4.0,25.5,29.5,29.5,ok,0.27863514784578086,all_flows,0.0,ok,100.0,ue6_qfi1,0,0,0,124.00000000000011,99.75000000000023,all_flows,100.0,ue6_qfi1,0,0,0,124.00000000000011,99.75000000000023,data,2.0,data,ok,2.0,False,,all_flows,False,,3,0,proxy,3,0,ue1_qfi2,1.0,152,150.0,all_flows,ue1_qfi2,1.0,152,150.0,ok,ue3_qfi2,25.644,all_flows,ue3_qfi2,25.644,ok,8,all_flows,8,8,ok,8,ue8_qfi2,0.960386,all_flows,ue8_qfi2,0.960386,ok,0.9532931204710293,all_flows,0.9999458601205179,5,0.9999085288134577,proxy,5,0.9389456242225516,67370504.0,ok,0.010993181818181819,ok,0.9324534090909091,0.0369484375,ok,ue2_qfi1,0.4897959183673469,49,100.0,all_flows,ue2_qfi1,0.4897959183673469,49,100.0,data,0.0,data,ok,0.0,ue6_qfi1,25.5,all_flows,ue6_qfi1,25.5,ok,30.4,ue1_qfi2,0,0.0,0.0,all_flows,30.4,ue1_qfi2,0,0.0,0.0,30.303,33.0,30.303,ok,33.0,,all_flows,,pending,,all_flows,,pending,100.0,"[8, 9]",ue6_qfi1,0,0,0,124.00000000000011,99.75000000000023,data,ok,2.0,,all_flows,,pending,0,32,0.0,1.0,all_flows,0,24,0.0,1.0,,ok,,False,PF,47463574
ue8_qfi9,284.75,298.75,299.5,300.0,all_flows,ue2_qfi1,4.25,16.0,25.75,25.75,ok,0.4190298817979668,all_flows,0.3679179914633626,ok,100.0,ue8_qfi1,0,0,0,123.49999999999994,100.00000000000009,all_flows,100.0,ue8_qfi1,0,0,0,123.49999999999994,100.00000000000009,data,2.0,data,ok,2.0,False,,all_flows,False,,3,0,proxy,3,0,ue3_qfi2,0.0,147,150.0,all_flows,ue3_qfi2,0.0,147,150.0,ok,ue1_qfi2,20.642,all_flows,ue1_qfi2,20.642,ok,5,all_flows,5,8,ok,8,ue3_qfi2,0.0,all_flows,ue3_qfi2,0.0,ok,0.714653504871789,all_flows,0.7499511015835321,5,0.7498943367979245,proxy,5,0.7116297281043937,53393576.0,ok,0.011834090909090909,ok,0.7438704545454545,0.0717484375,ok,ue1_qfi1,0.46938775510204084,49,100.0,all_flows,ue1_qfi1,0.46938775510204084,49,100.0,data,0.0,data,ok,0.0,ue6_qfi9,74.5,all_flows,ue2_qfi1,21.5,ok,30.2,ue8_qfi2,1,69.5,69.5,all_flows,30.2,ue8_qfi2,1,69.5,69.5,30.303,33.0,30.303,ok,33.0,,all_flows,,pending,,all_flows,,pending,100.0,"[8, 9]",ue8_qfi1,0,0,0,123.49999999999994,100.00000000000009,data,ok,2.0,,all_flows,,pending,9,32,5.0,1.0,all_flows,6,24,4.98325,1.0,ue3_qfi2,ok,ue3_qfi9,False,Reservation,47463574
ue5_qfi9,147.5,298.75,299.5,300.0,all_flows,ue5_qfi2,6.799,28.701,45.187,62.676,ok,0.28137300068792936,all_flows,0.24133749944562016,ok,100.0,ue5_qfi1,0,0,0,139.24999999999966,99.74999999999935,all_flows,100.0,ue5_qfi1,0,0,0,139.24999999999966,99.74999999999935,data,2.0,data,ok,2.0,False,,all_flows,False,,3,0,proxy,3,0,ue7_qfi2,0.0,147,150.0,all_flows,ue7_qfi2,0.0,147,150.0,ok,ue3_qfi2,43.784,all_flows,ue3_qfi2,43.784,ok,6,all_flows,6,8,ok,8,ue7_qfi2,0.0,all_flows,ue7_qfi2,0.0,ok,0.8043725940052303,all_flows,0.8332287831878931,5,0.8331941135529343,proxy,5,0.7956617899994042,66443622.4,ok,0.011088636363636363,ok,0.9328272727272727,0.036525,ok,ue2_qfi1,0.46938775510204084,49,100.0,all_flows,ue2_qfi1,0.46938775510204084,49,100.0,data,0.0,data,ok,0.0,ue6_qfi9,204.0,all_flows,ue5_qfi2,55.877,ok,30.4,ue3_qfi2,10,83.75,733.0,all_flows,30.4,ue3_qfi2,10,83.75,733.0,30.303,33.0,30.303,ok,33.0,,all_flows,,pending,,all_flows,,pending,100.0,"[8, 9]",ue5_qfi1,0,0,0,139.24999999999966,99.74999999999935,data,ok,2.0,,all_flows,,pending,6,32,5.0,1.0,all_flows,4,24,4.98325,1.0,ue7_qfi2,ok,ue7_qfi9,False,TwoTier,47463574
ue7_qfi9,297.75,300.0,300.0,300.25,all_flows,ue4_qfi1,5.25,19.25,33.5,33.5,ok,0.26107495181288154,all_flows,0.0,ok,100.0,ue4_qfi1,0,0,0,133.0,99.75,all_flows,100.0,ue4_qfi1,0,0,0,133.0,99.75,data,2.0,data,ok,2.0,False,,all_flows,False,,3,0,proxy,3,0,ue1_qfi2,1.0,152,150.0,all_flows,ue1_qfi2,1.0,152,150.0,ok,ue1_qfi2,27.5,all_flows,ue1_qfi2,27.5,ok,8,all_flows,8,8,ok,8,ue5_qfi2,0.9554308,all_flows,ue5_qfi2,0.9554308,ok,0.958498195876982,all_flows,0.9999376263050994,5,0.9998575956802104,proxy,5,0.956818425497605,68703619.2,ok,0.010940909090909091,ok,0.9324647727272727,0.0358109375,ok,ue5_qfi1,0.46938775510204084,49,100.0,all_flows,ue5_qfi1,0.46938775510204084,49,100.0,data,0.0,data,ok,0.0,ue4_qfi1,28.25,all_flows,ue4_qfi1,28.25,ok,30.4,ue1_qfi2,0,0.0,0.0,all_flows,30.4,ue1_qfi2,0,0.0,0.0,30.303,33.0,30.303,ok,33.0,,all_flows,,pending,,all_flows,,pending,100.0,"[8, 9]",ue4_qfi1,0,0,0,133.0,99.75,data,ok,2.0,,all_flows,,pending,0,32,0.0,1.0,all_flows,0,24,0.0,1.0,,ok,,False,PF,1162779115
ue7_qfi9,296.0,299.75,300.0,300.25,all_flows,ue3_qfi1,8.0,21.75,33.25,33.25,ok,0.4179612685490973,all_flows,0.24529449712120205,ok,100.0,ue3_qfi1,0,0,0,133.0,99.75000000000023,all_flows,100.0,ue3_qfi1,0,0,0,133.0,99.75000000000023,data,2.0,data,ok,2.0,False,,all_flows,False,,3,0,proxy,3,0,ue4_qfi2,0.0,148,150.0,all_flows,ue4_qfi2,0.0,148,150.0,ok,ue5_qfi2,25.821,all_flows,ue5_qfi2,25.821,ok,6,all_flows,6,8,ok,8,ue4_qfi2,0.0,all_flows,ue4_qfi2,0.0,ok,0.7888592075903085,all_flows,0.8332479854550586,5,0.8332020041430838,proxy,5,0.7859590782966037,53915526.4,ok,0.011752272727272728,ok,0.7427261363636364,0.0708109375,ok,ue1_qfi1,0.46938775510204084,49,100.0,all_flows,ue1_qfi1,0.46938775510204084,49,100.0,data,0.0,data,ok,0.0,ue5_qfi1,26.75,all_flows,ue5_qfi1,26.75,ok,30.0,ue7_qfi2,1,79.75,79.75,all_flows,30.0,ue7_qfi2,1,79.75,79.75,30.303,33.0,30.303,ok,33.0,,all_flows,,pending,,all_flows,,pending,100.0,"[8, 9]",ue3_qfi1,0,0,0,133.0,99.75000000000023,data,ok,2.0,,all_flows,,pending,6,32,5.0,1.0,all_flows,4,24,4.98325,1.0,ue4_qfi2,ok,ue4_qfi9,False,Reservation,1162779115
ue1_qfi9,18.25,46.25,54.0,60.5,all_flows,ue2_qfi2,6.2,18.758,28.277,30.888,ok,0.3632199345542343,all_flows,0.36619895053008306,ok,100.0,ue4_qfi1,0,0,0,118.25000000000018,99.75,all_flows,100.0,ue4_qfi1,0,0,0,118.25000000000018,99.75,data,2.0,data,ok,2.0,False,,all_flows,False,,3,0,proxy,3,0,ue6_qfi2,0.0,147,150.0,all_flows,ue6_qfi2,0.0,147,150.0,ok,ue5_qfi2,24.272,all_flows,ue5_qfi2,24.272,ok,5,all_flows,5,8,ok,8,ue6_qfi2,0.0,all_flows,ue6_qfi2,0.0,ok,0.7186850427429218,all_flows,0.7499497139830664,5,0.7498694901201367,proxy,5,0.7186094806058704,59399963.2,ok,0.01120909090909091,ok,0.9324784090909091,0.03809375,ok,ue2_qfi1,0.46938775510204084,49,100.0,all_flows,ue2_qfi1,0.46938775510204084,49,100.0,data,0.0,data,ok,0.0,ue1_qfi9,42.25,all_flows,ue2_qfi2,24.688000000000002,ok,30.4,ue1_qfi2,0,0.0,0.0,all_flows,30.4,ue1_qfi2,0,0.0,0.0,30.303,33.0,30.303,ok,33.0,,all_flows,,pending,,all_flows,,pending,100.0,"[8, 9]",ue4_qfi1,0,0,0,118.25000000000018,99.75,data,ok,2.0,,all_flows,,pending,9,32,5.0,1.0,all_flows,6,24,4.98325,1.0,ue6_qfi2,ok,ue6_qfi9,False,TwoTier,1162779115
ue8_qfi9,298.0,300.0,300.25,300.25,all_flows,ue3_qfi2,9.04,20.147,23.285,26.151,ok,0.2748423906270172,all_flows,0.0,ok,100.0,ue6_qfi1,0,0,0,122.50000000000006,100.00000000000009,all_flows,100.0,ue6_qfi1,0,0,0,122.50000000000006,100.00000000000009,data,2.0,data,ok,2.0,False,,all_flows,False,,3,0,proxy,3,0,ue2_qfi2,0.993421052631579,152,150.0,all_flows,ue2_qfi2,0.993421052631579,152,150.0,ok,ue3_qfi2,26.401,all_flows,ue3_qfi2,26.401,ok,8,all_flows,8,8,ok,8,ue1_qfi2,0.9625424,all_flows,ue1_qfi2,0.9625424,ok,0.9540832193907635,all_flows,0.9999572491293958,5,0.9999194421242911,proxy,5,0.9449579035932059,67591043.2,ok,0.01104090909090909,ok,0.9317488636363637,0.03789375,ok,ue3_qfi1,0.46938775510204084,49,100.0,all_flows,ue3_qfi1,0.46938775510204084,49,100.0,data,0.0,data,ok,0.0,ue3_qfi1,21.5,all_flows,ue3_qfi1,21.5,ok,30.4,ue1_qfi2,0,0.0,0.0,all_flows,30.4,ue1_qfi2,0,0.0,0.0,30.303,33.0,30.303,ok,33.0,,all_flows,,pending,,all_flows,,pending,100.0,"[8, 9]",ue6_qfi1,0,0,0,122.50000000000006,100.00000000000009,data,ok,2.0,,all_flows,,pending,0,32,0.0,1.0,all_flows,0,24,0.0,1.0,,ok,,False,PF,172656923
ue8_qfi9,297.0,300.0,300.0,300.25,all_flows,ue2_qfi1,5.75,31.0,37.25,37.25,ok,0.42599377226793345,all_flows,0.2435362945618786,ok,100.0,ue2_qfi1,0,0,0,131.49999999999994,100.24999999999994,all_flows,100.0,ue2_qfi1,0,0,0,131.49999999999994,100.24999999999994,data,2.0,data,ok,2.0,False,,all_flows,False,,3,0,proxy,3,0,ue3_qfi2,0.0,148,150.0,all_flows,ue3_qfi2,0.0,148,150.0,ok,ue1_qfi2,25.25,all_flows,ue1_qfi2,25.25,ok,6,all_flows,6,8,ok,8,ue3_qfi2,0.0,all_flows,ue3_qfi2,0.0,ok,0.7860658797287307,all_flows,0.8332469129603126,5,0.8332059446998344,proxy,5,0.7781106441180542,53327508.8,ok,0.012422727272727273,ok,0.741625,0.0751359375,ok,ue7_qfi1,0.4489795918367347,49,100.0,all_flows,ue7_qfi1,0.4489795918367347,49,100.0,data,0.0,data,ok,0.0,ue2_qfi1,31.5,all_flows,ue2_qfi1,31.5,ok,30.2,ue1_qfi2,0,0.0,0.0,all_flows,30.2,ue1_qfi2,0,0.0,0.0,30.303,33.0,30.303,ok,33.0,,all_flows,,pending,,all_flows,,pending,100.0,"[8, 9]",ue2_qfi1,0,0,0,131.49999999999994,100.24999999999994,data,ok,2.0,,all_flows,,pending,6,32,5.0,1.0,all_flows,4,24,4.98325,1.0,ue3_qfi2,ok,ue3_qfi9,False,Reservation,172656923
ue1_qfi9,26.5,51.75,61.5,65.0,all_flows,ue4_qfi2,6.662,20.807,26.194,28.432,ok,0.36283821123128346,all_flows,0.3646240419925227,ok,100.0,ue5_qfi1,0,0,0,112.49999999999983,100.00000000000009,all_flows,100.0,ue5_qfi1,0,0,0,112.49999999999983,100.00000000000009,data,2.0,data,ok,2.0,False,,all_flows,False,,3,0,proxy,3,0,ue6_qfi2,0.0,147,150.0,all_flows,ue6_qfi2,0.0,147,150.0,ok,ue4_qfi2,24.449,all_flows,ue4_qfi2,24.449,ok,5,all_flows,5,8,ok,8,ue6_qfi2,0.0,all_flows,ue6_qfi2,0.0,ok,0.7186867832927908,all_flows,0.7499665597628017,5,0.7499384906087382,proxy,5,0.7186455707868286,59484481.6,ok,0.010856818181818181,ok,0.9325670454545455,0.0387046875,ok,ue4_qfi1,0.40816326530612246,49,100.0,all_flows,ue4_qfi1,0.40816326530612246,49,100.0,data,0.0,data,ok,0.0,ue1_qfi9,38.5,all_flows,ue4_qfi2,21.77,ok,30.2,ue2_qfi2,1,66.25,66.25,all_flows,30.2,ue2_qfi2,1,66.25,66.25,30.303,33.0,30.303,ok,33.0,,all_flows,,pending,,all_flows,,pending,100.0,"[8, 9]",ue5_qfi1,0,0,0,112.49999999999983,100.00000000000009,data,ok,2.0,,all_flows,,pending,9,32,5.0,1.0,all_flows,6,24,4.98325,1.0,ue6_qfi2,ok,ue6_qfi9,False,TwoTier,172656923
ue8_qfi9,297.75,300.0,300.0,300.25,all_flows,ue5_qfi1,3.5,18.0,49.5,49.5,ok,0.28982624161786574,all_flows,0.0,ok,100.0,ue4_qfi1,0,0,0,130.2500000000002,99.74999999999935,all_flows,100.0,ue4_qfi1,0,0,0,130.2500000000002,99.74999999999935,data,2.0,data,ok,2.0,False,,all_flows,False,,3,0,proxy,3,0,ue1_qfi2,1.0,152,150.0,all_flows,ue1_qfi2,1.0,152,150.0,ok,ue4_qfi2,26.575,all_flows,ue4_qfi2,26.575,ok,8,all_flows,8,8,ok,8,ue6_qfi2,0.9645044,all_flows,ue6_qfi2,0.9645044,ok,0.9500316657089384,all_flows,0.9999393525818,5,0.9998895063508755,proxy,5,0.9467122911663823,66322502.4,ok,0.011047727272727273,ok,0.92955,0.0381453125,ok,ue6_qfi1,0.4489795918367347,49,100.0,all_flows,ue6_qfi1,0.4489795918367347,49,100.0,data,0.0,data,ok,0.0,ue5_qfi1,46.0,all_flows,ue5_qfi1,46.0,ok,30.4,ue1_qfi2,0,0.0,0.0,all_flows,30.4,ue1_qfi2,0,0.0,0.0,30.303,33.0,30.303,ok,33.0,,all_flows,,pending,,all_flows,,pending,100.0,"[8, 9]",ue4_qfi1,0,0,0,130.2500000000002,99.74999999999935,data,ok,2.0,,all_flows,,pending,0,32,0.0,1.0,all_flows,0,24,0.0,1.0,,ok,,False,PF,643626383
ue8_qfi9,296.25,300.0,300.0,300.25,all_flows,ue2_qfi1,6.0,20.25,33.5,33.5,ok,0.4501708456769942,all_flows,0.24267626773991427,ok,100.0,ue4_qfi1,0,0,0,129.50000000000017,100.00000000000009,all_flows,100.0,ue4_qfi1,0,0,0,129.50000000000017,100.00000000000009,data,2.0,data,ok,2.0,False,,all_flows,False,,3,0,proxy,3,0,ue3_qfi2,0.0,147,150.0,all_flows,ue3_qfi2,0.0,147,150.0,ok,ue4_qfi2,25.763,all_flows,ue4_qfi2,25.763,ok,6,all_flows,6,8,ok,8,ue3_qfi2,0.0,all_flows,ue3_qfi2,0.0,ok,0.7803200902872002,all_flows,0.8332319587100283,5,0.8331751948934843,proxy,5,0.7770367244955869,51201772.8,ok,0.012213636363636364,ok,0.7434090909090909,0.0796234375,ok,ue1_qfi1,0.40816326530612246,49,100.0,all_flows,ue1_qfi1,0.40816326530612246,49,100.0,data,0.0,data,ok,0.0,ue2_qfi1,27.5,all_flows,ue2_qfi1,27.5,ok,30.4,ue1_qfi2,0,0.0,0.0,all_flows,30.4,ue1_qfi2,0,0.0,0.0,30.303,33.0,30.303,ok,33.0,,all_flows,,pending,,all_flows,,pending,100.0,"[8, 9]",ue4_qfi1,0,0,0,129.50000000000017,100.00000000000009,data,ok,2.0,,all_flows,,pending,6,32,5.0,1.0,all_flows,4,24,4.98325,1.0,ue3_qfi2,ok,ue3_qfi9,False,Reservation,643626383
ue5_qfi9,203.75,299.0,299.75,300.0,all_flows,ue4_qfi1,3.5,88.0,95.5,95.5,ok,0.2893558015199358,all_flows,0.24343144040860706,ok,,ue4_qfi9,0,0,0,221.00000000000009,0.0,all_flows,100.0,ue4_qfi1,0,0,0,207.50000000000003,100.37499999999999,data,2.0,data,ok,2.0,False,,all_flows,False,,3,0,proxy,3,0,ue7_qfi2,0.0,147,150.0,all_flows,ue7_qfi2,0.0,147,150.0,ok,ue3_qfi2,48.0,all_flows,ue3_qfi2,48.0,ok,6,all_flows,6,8,ok,8,ue7_qfi2,0.0,all_flows,ue7_qfi2,0.0,ok,0.801802247348103,all_flows,0.8331502493712888,5,0.8328688490826966,proxy,5,0.7919506047649905,65890041.6,ok,0.011195454545454545,ok,0.9302068181818182,0.037578125,ok,ue4_qfi1,0.4166666666666667,48,100.0,all_flows,ue4_qfi1,0.4166666666666667,48,100.0,data,0.0,data,ok,0.0,ue3_qfi9,168.25,all_flows,ue4_qfi1,92.0,ok,30.2,ue3_qfi2,8,97.0,620.5,all_flows,30.2,ue3_qfi2,8,97.0,620.5,30.303,33.0,30.303,ok,33.0,,all_flows,,pending,,all_flows,,pending,100.0,"[8, 9]",ue4_qfi1,0,0,0,207.50000000000003,100.37499999999999,data,ok,2.0,,all_flows,,pending,6,32,5.0,1.0,all_flows,4,24,4.98325,1.0,ue7_qfi2,ok,ue7_qfi9,False,TwoTier,643626383
ue8_qfi9,297.75,299.75,300.0,300.25,all_flows,ue7_qfi2,9.257,21.703,26.314,28.266,ok,0.2663159661653773,all_flows,0.0,ok,100.0,ue7_qfi1,0,0,0,121.5,100.00000000000054,all_flows,100.0,ue7_qfi1,0,0,0,121.5,100.00000000000054,data,2.0,data,ok,2.0,False,,all_flows,False,,3,0,proxy,3,0,ue2_qfi2,0.993421052631579,152,150.0,all_flows,ue2_qfi2,0.993421052631579,152,150.0,ok,ue7_qfi2,28.196,all_flows,ue7_qfi2,28.196,ok,8,all_flows,8,8,ok,8,ue2_qfi2,0.9530264,all_flows,ue2_qfi2,0.9530264,ok,0.9568271929609502,all_flows,0.9999141252840363,5,0.9997093248522686,proxy,5,0.9498527965425508,68268803.2,ok,0.01085,ok,0.9324386363636363,0.035,ok,ue7_qfi1,0.4489795918367347,49,100.0,all_flows,ue7_qfi1,0.4489795918367347,49,100.0,data,0.0,data,ok,0.0,ue4_qfi1,23.25,all_flows,ue4_qfi1,23.25,ok,30.2,ue6_qfi2,1,70.0,70.0,all_flows,30.2,ue6_qfi2,1,70.0,70.0,30.303,33.0,30.303,ok,33.0,,all_flows,,pending,,all_flows,,pending,100.0,"[8, 9]",ue7_qfi1,0,0,0,121.5,100.00000000000054,data,ok,2.0,,all_flows,,pending,0,32,0.0,1.0,all_flows,0,24,0.0,1.0,,ok,,False,PF,1033071480
ue8_qfi9,296.75,299.75,300.0,300.25,all_flows,ue8_qfi2,8.478,22.383,26.764,29.536,ok,0.40991213826917267,all_flows,0.24493599235441021,ok,100.0,ue8_qfi1,0,0,0,126.99999999999977,100.50000000000003,all_flows,100.0,ue8_qfi1,0,0,0,126.99999999999977,100.50000000000003,data,2.0,data,ok,2.0,False,,all_flows,False,,3,0,proxy,3,0,ue4_qfi2,0.0,148,150.0,all_flows,ue4_qfi2,0.0,148,150.0,ok,ue5_qfi2,25.25,all_flows,ue5_qfi2,25.25,ok,6,all_flows,6,8,ok,8,ue4_qfi2,0.0,all_flows,ue4_qfi2,0.0,ok,0.7907021192027928,all_flows,0.8332513953079526,5,0.8332154309527194,proxy,5,0.7865736026369244,54668774.4,ok,0.011561363636363637,ok,0.7429375,0.0673125,ok,ue8_qfi1,0.46938775510204084,49,100.0,all_flows,ue8_qfi1,0.46938775510204084,49,100.0,data,0.0,data,ok,0.0,ue5_qfi1,22.75,all_flows,ue5_qfi1,22.75,ok,30.2,ue6_qfi2,1,75.0,75.0,all_flows,30.2,ue6_qfi2,1,75.0,75.0,30.303,33.0,30.303,ok,33.0,,all_flows,,pending,,all_flows,,pending,100.0,"[8, 9]",ue8_qfi1,0,0,0,126.99999999999977,100.50000000000003,data,ok,2.0,,all_flows,,pending,6,32,5.0,1.0,all_flows,4,24,4.98325,1.0,ue4_qfi2,ok,ue4_qfi9,False,Reservation,1033071480
ue7_qfi9,290.75,299.5,300.0,300.25,all_flows,ue7_qfi2,7.301,99.476,127.721,143.636,ok,0.32205644287330676,all_flows,0.29238683413365846,ok,100.0,ue1_qfi1,0,0,0,172.00000000000014,99.99999999999987,all_flows,100.0,ue1_qfi1,0,0,0,172.00000000000014,99.99999999999987,data,2.0,data,ok,2.0,False,,all_flows,False,,3,0,proxy,3,0,ue8_qfi2,0.0,147,150.0,all_flows,ue8_qfi2,0.0,147,150.0,ok,ue7_qfi2,100.726,all_flows,ue7_qfi2,100.726,ok,5,all_flows,5,8,ok,8,ue8_qfi2,0.0,all_flows,ue8_qfi2,0.0,ok,0.7792530968958186,all_flows,0.8086266289236178,5,0.7499851595116495,proxy,5,0.7186896746051529,62412707.2,ok,0.010845454545454545,ok,0.9331102272727273,0.03434375,ok,ue3_qfi1,0.42857142857142855,49,100.0,all_flows,ue3_qfi1,0.42857142857142855,49,100.0,data,0.0,data,ok,0.0,ue4_qfi9,282.25,all_flows,ue7_qfi2,136.335,ok,30.2,ue5_qfi2,3,77.5,221.0,all_flows,30.2,ue5_qfi2,3,77.5,221.0,30.303,33.0,30.303,ok,33.0,,all_flows,,pending,,all_flows,,pending,100.0,"[8, 9]",ue1_qfi1,0,0,0,172.00000000000014,99.99999999999987,data,ok,2.0,,all_flows,,pending,9,32,5.0,1.0,all_flows,6,24,4.98325,1.0,ue8_qfi2,ok,ue8_qfi9,False,TwoTier,1033071480
ue8_qfi9,297.0,299.75,300.0,300.25,all_flows,ue5_qfi1,4.25,23.0,29.0,29.0,ok,0.2708225853285428,all_flows,0.0,ok,100.0,ue8_qfi1,0,0,0,124.74999999999969,99.99999999999997,all_flows,100.0,ue8_qfi1,0,0,0,124.74999999999969,99.99999999999997,data,2.0,data,ok,2.0,False,,all_flows,False,,3,0,proxy,3,0,ue1_qfi2,1.0,152,150.0,all_flows,ue1_qfi2,1.0,152,150.0,ok,ue4_qfi2,26.084,all_flows,ue4_qfi2,26.084,ok,8,all_flows,8,8,ok,8,ue5_qfi2,0.9684752,all_flows,ue5_qfi2,0.9684752,ok,0.9556896176298999,all_flows,0.9999603272637291,5,0.9999413344171907,proxy,5,0.9494058057034451,68009155.2,ok,0.0109,ok,0.9297636363636363,0.0355125,ok,ue3_qfi1,0.4489795918367347,49,100.0,all_flows,ue3_qfi1,0.4489795918367347,49,100.0,data,0.0,data,ok,0.0,ue5_qfi1,24.75,all_flows,ue5_qfi1,24.75,ok,30.4,ue1_qfi2,0,0.0,0.0,all_flows,30.4,ue1_qfi2,0,0.0,0.0,30.303,33.0,30.303,ok,33.0,,all_flows,,pending,,all_flows,,pending,100.0,"[8, 9]",ue8_qfi1,0,0,0,124.74999999999969,99.99999999999997,data,ok,2.0,,all_flows,,pending,0,32,0.0,1.0,all_flows,0,24,0.0,1.0,,ok,,False,PF,907713895
ue7_qfi9,296.25,299.75,300.0,300.25,all_flows,ue5_qfi1,5.5,24.0,54.5,54.5,ok,0.42798298871878887,all_flows,0.24308929603746904,ok,100.0,ue5_qfi1,0,0,0,126.75000000000037,99.99999999999987,all_flows,100.0,ue5_qfi1,0,0,0,126.75000000000037,99.99999999999987,data,2.0,data,ok,2.0,False,,all_flows,False,,3,0,proxy,3,0,ue6_qfi2,0.0,147,150.0,all_flows,ue6_qfi2,0.0,147,150.0,ok,ue4_qfi2,25.325,all_flows,ue4_qfi2,25.325,ok,6,all_flows,6,8,ok,8,ue6_qfi2,0.0,all_flows,ue6_qfi2,0.0,ok,0.7857752081776732,all_flows,0.8332670316592294,5,0.8332406779966212,proxy,5,0.7789209086037625,53151081.6,ok,0.011409090909090909,ok,0.7414852272727273,0.0724359375,ok,ue1_qfi1,0.4897959183673469,49,100.0,all_flows,ue1_qfi1,0.4897959183673469,49,100.0,data,0.0,data,ok,0.0,ue5_qfi1,49.0,all_flows,ue5_qfi1,49.0,ok,30.2,ue2_qfi2,1,78.75,78.75,all_flows,30.2,ue2_qfi2,1,78.75,78.75,30.303,33.0,30.303,ok,33.0,,all_flows,,pending,,all_flows,,pending,100.0,"[8, 9]",ue5_qfi1,0,0,0,126.75000000000037,99.99999999999987,data,ok,2.0,,all_flows,,pending,6,32,5.0,1.0,all_flows,4,24,4.98325,1.0,ue6_qfi2,ok,ue6_qfi9,False,Reservation,907713895
ue4_qfi9,285.25,299.75,300.0,300.25,all_flows,ue2_qfi2,6.843,21.857,33.856,55.784,ok,0.2823724182760389,all_flows,0.24442987071289374,ok,100.0,ue6_qfi1,0,0,0,139.74999999999983,99.75000000000023,all_flows,100.0,ue6_qfi1,0,0,0,139.74999999999983,99.75000000000023,data,2.0,data,ok,2.0,False,,all_flows,False,,3,0,proxy,3,0,ue7_qfi2,0.0,148,150.0,all_flows,ue7_qfi2,0.0,148,150.0,ok,ue3_qfi2,37.25,all_flows,ue3_qfi2,37.25,ok,6,all_flows,6,8,ok,8,ue7_qfi2,0.0,all_flows,ue7_qfi2,0.0,ok,0.8040706929298492,all_flows,0.8332500775931505,5,0.8331944568581663,proxy,5,0.791084792725421,66708208.0,ok,0.010931818181818181,ok,0.9295409090909091,0.036234375,ok,ue1_qfi1,0.5102040816326531,49,100.0,all_flows,ue1_qfi1,0.5102040816326531,49,100.0,data,0.0,data,ok,0.0,ue5_qfi9,188.25,all_flows,ue2_qfi2,48.941,ok,30.4,ue3_qfi2,6,98.5,491.25,all_flows,30.4,ue3_qfi2,6,98.5,491.25,30.303,33.0,30.303,ok,33.0,,all_flows,,pending,,all_flows,,pending,100.0,"[8, 9]",ue6_qfi1,0,0,0,139.74999999999983,99.75000000000023,data,ok,2.0,,all_flows,,pending,6,32,5.0,1.0,all_flows,4,24,4.98325,1.0,ue7_qfi2,ok,ue7_qfi9,False,TwoTier,907713895
ue8_qfi8,300.0,300.25,300.25,300.25,all_flows,ue4_qfi1,6.0,26.0,62.75,62.75,ok,0.5274035743219916,all_flows,0.0,ok,100.0,ue4_qfi1,0,0,0,143.24999999999966,99.75000000000023,all_flows,100.0,ue4_qfi1,0,0,0,143.24999999999966,99.75000000000023,data,2.0,data,ok,2.0,False,,all_flows,False,,3,0,proxy,3,0,ue1_qfi2,1.0,152,150.0,all_flows,ue1_qfi2,1.0,152,150.0,ok,ue4_qfi2,29.405,all_flows,ue4_qfi2,29.405,ok,8,all_flows,8,8,ok,8,ue7_qfi2,0.9643304,all_flows,ue7_qfi2,0.9643304,ok,0.9082668824631434,all_flows,0.9999538456261237,5,0.9999210886787786,proxy,5,0.8999774566821498,68747027.2,ok,0.01075,ok,0.9305465909090909,0.0347734375,ok,ue7_qfi1,0.46938775510204084,49,100.0,all_flows,ue7_qfi1,0.46938775510204084,49,100.0,data,0.0,data,ok,0.0,ue4_qfi1,56.75,all_flows,ue4_qfi1,56.75,ok,30.4,ue1_qfi2,0,0.0,0.0,all_flows,30.4,ue1_qfi2,0,0.0,0.0,30.303,33.0,30.303,ok,33.0,,all_flows,,pending,,all_flows,,pending,100.0,"[8, 9]",ue4_qfi1,0,0,0,143.24999999999966,99.75000000000023,data,ok,2.0,,all_flows,,pending,1,33,5.0,1.0,all_flows,0,24,0.0,1.0,,ok,ue8_qfi9,True,PF,1826701614
ue8_qfi8,300.0,300.25,300.25,300.25,all_flows,ue7_qfi1,7.5,21.25,27.5,27.5,ok,0.6434517666024114,all_flows,0.24236738253936144,ok,100.0,ue4_qfi1,0,0,0,126.50000000000006,100.00000000000009,all_flows,100.0,ue4_qfi1,0,0,0,126.50000000000006,100.00000000000009,data,2.0,data,ok,2.0,False,,all_flows,False,,3,0,proxy,3,0,ue5_qfi2,0.0,147,150.0,all_flows,ue5_qfi2,0.0,147,150.0,ok,ue2_qfi2,25.927,all_flows,ue2_qfi2,25.927,ok,6,all_flows,6,8,ok,8,ue5_qfi2,0.0,all_flows,ue5_qfi2,0.0,ok,0.7420065781975211,all_flows,0.8332321907464566,5,0.8331905447164661,proxy,5,0.7374536667473994,53460737.6,ok,0.011556818181818182,ok,0.7412840909090909,0.06963125,ok,ue4_qfi1,0.4897959183673469,49,100.0,all_flows,ue4_qfi1,0.4897959183673469,49,100.0,data,0.0,data,ok,0.0,ue4_qfi1,20.25,all_flows,ue4_qfi1,20.25,ok,30.2,ue2_qfi2,1,77.25,77.25,all_flows,30.2,ue2_qfi2,1,77.25,77.25,30.303,33.0,30.303,ok,33.0,,all_flows,,pending,,all_flows,,pending,100.0,"[8, 9]",ue4_qfi1,0,0,0,126.50000000000006,100.00000000000009,data,ok,2.0,,all_flows,,pending,7,33,5.0,1.0,all_flows,4,24,4.98325,1.0,ue5_qfi2,ok,ue5_qfi9,True,Reservation,1826701614
ue4_qfi9,291.5,299.75,300.0,300.25,all_flows,ue4_qfi2,20.63,86.566,110.75,112.439,ok,0.5143744170073462,all_flows,0.1243937394685664,ok,,ue6_qfi9,0,0,0,450.25000000000045,0.0,all_flows,100.0,ue6_qfi1,0,0,0,363.00000000000045,101.37499999999983,data,2.0,data,ok,2.0,False,,all_flows,False,,3,0,proxy,3,0,ue8_qfi2,0.0,147,150.0,all_flows,ue8_qfi2,0.0,147,150.0,ok,ue4_qfi2,111.617,all_flows,ue4_qfi2,111.617,ok,7,all_flows,7,8,ok,8,ue8_qfi2,0.0,all_flows,ue8_qfi2,0.0,ok,0.8219831768077934,all_flows,0.8949525941792931,5,0.862616081058114,proxy,5,0.7784011939170368,68069329.6,ok,0.010938636363636364,ok,0.9299681818181819,0.034125,ok,ue6_qfi1,0.3333333333333333,36,100.0,all_flows,ue6_qfi1,0.3333333333333333,36,100.0,data,0.0,data,ok,0.0,ue5_qfi9,171.75,all_flows,ue4_qfi2,91.809,ok,30.2,ue6_qfi2,6,173.5,610.5,all_flows,30.2,ue6_qfi2,6,173.5,610.5,30.303,33.0,30.303,ok,33.0,,all_flows,,pending,,all_flows,,pending,100.0,"[8, 9]",ue6_qfi1,0,0,0,363.00000000000045,101.37499999999983,data,ok,2.0,,all_flows,,pending,6,33,5.0,1.0,all_flows,3,24,4.98325,1.0,ue8_qfi2,ok,ue8_qfi8,True,TwoTier,1826701614
ue8_qfi8,300.0,300.25,300.25,300.25,all_flows,ue3_qfi1,4.75,16.75,28.25,28.25,ok,0.5273518367237554,all_flows,0.0,ok,100.0,ue3_qfi1,0,0,0,126.75000000000037,100.24999999999994,all_flows,100.0,ue3_qfi1,0,0,0,126.75000000000037,100.24999999999994,data,2.0,data,ok,2.0,False,,all_flows,False,,3,0,proxy,3,0,ue7_qfi2,0.993421052631579,152,150.0,all_flows,ue7_qfi2,0.993421052631579,152,150.0,ok,ue5_qfi2,26.005,all_flows,ue5_qfi2,26.005,ok,8,all_flows,8,8,ok,8,ue7_qfi2,0.9572208000000001,all_flows,ue7_qfi2,0.9572208000000001,ok,0.9082399780219704,all_flows,0.9999614333703584,5,0.9999291038853098,proxy,5,0.9039916253427382,68826299.2,ok,0.010868181818181818,ok,0.9313125,0.0362265625,ok,ue5_qfi1,0.4489795918367347,49,100.0,all_flows,ue5_qfi1,0.4489795918367347,49,100.0,data,0.0,data,ok,0.0,ue3_qfi1,23.5,all_flows,ue3_qfi1,23.5,ok,30.2,ue7_qfi2,1,72.5,72.5,all_flows,30.2,ue7_qfi2,1,72.5,72.5,30.303,33.0,30.303,ok,33.0,,all_flows,,pending,,all_flows,,pending,100.0,"[8, 9]",ue3_qfi1,0,0,0,126.75000000000037,100.24999999999994,data,ok,2.0,,all_flows,,pending,1,33,5.0,1.0,all_flows,0,24,0.0,1.0,,ok,ue8_qfi9,True,PF,1367864806
ue7_qfi9,296.25,300.0,300.0,300.25,all_flows,ue5_qfi1,5.75,22.25,30.25,30.25,ok,0.6150694808091712,all_flows,0.24236448251822915,ok,100.0,ue5_qfi1,0,0,0,129.9999999999999,100.24999999999994,all_flows,100.0,ue5_qfi1,0,0,0,129.9999999999999,100.24999999999994,data,2.0,data,ok,2.0,False,,all_flows,False,,3,0,proxy,3,0,ue3_qfi2,0.0,147,150.0,all_flows,ue3_qfi2,0.0,147,150.0,ok,ue1_qfi2,26.493,all_flows,ue1_qfi2,26.493,ok,6,all_flows,6,8,ok,8,ue3_qfi2,0.0,all_flows,ue3_qfi2,0.0,ok,0.7640792749768492,all_flows,0.8332614679130061,5,0.8332135570639276,proxy,5,0.7616710484291485,54069238.4,ok,0.011675,ok,0.7442647727272728,0.0724625,ok,ue5_qfi1,0.4489795918367347,49,100.0,all_flows,ue5_qfi1,0.4489795918367347,49,100.0,data,0.0,data,ok,0.0,ue5_qfi1,24.5,all_flows,ue5_qfi1,24.5,ok,30.4,ue1_qfi2,0,0.0,0.0,all_flows,30.4,ue1_qfi2,0,0.0,0.0,30.303,33.0,30.303,ok,33.0,,all_flows,,pending,,all_flows,,pending,100.0,"[8, 9]",ue5_qfi1,0,0,0,129.9999999999999,100.24999999999994,data,ok,2.0,,all_flows,,pending,7,33,5.0,1.0,all_flows,4,24,4.98325,1.0,ue3_qfi2,ok,ue3_qfi9,True,Reservation,1367864806
ue5_qfi9,262.0,299.25,299.75,300.0,all_flows,ue6_qfi2,6.795,26.5,51.047,62.05,ok,0.5185683552367697,all_flows,0.24213454901978168,ok,100.0,ue2_qfi1,0,0,0,140.49999999999986,99.99999999999964,all_flows,100.0,ue2_qfi1,0,0,0,140.49999999999986,99.99999999999964,data,2.0,data,ok,2.0,False,,all_flows,False,,3,0,proxy,3,0,ue7_qfi2,0.0,147,150.0,all_flows,ue7_qfi2,0.0,147,150.0,ok,ue4_qfi2,43.692,all_flows,ue4_qfi2,43.692,ok,6,all_flows,6,8,ok,8,ue7_qfi2,0.0,all_flows,ue7_qfi2,0.0,ok,0.7823230475744509,all_flows,0.8331881606444078,5,0.8330493368809596,proxy,5,0.7762122360612574,67332280.0,ok,0.010702272727272727,ok,0.9315011363636364,0.0364359375,ok,ue3_qfi1,0.4489795918367347,49,100.0,all_flows,ue3_qfi1,0.4489795918367347,49,100.0,data,0.0,data,ok,0.0,ue1_qfi9,186.0,all_flows,ue6_qfi2,55.254999999999995,ok,30.4,ue4_qfi2,9,82.0,673.5,all_flows,30.4,ue4_qfi2,9,82.0,673.5,30.303,33.0,30.303,ok,33.0,,all_flows,,pending,,all_flows,,pending,100.0,"[8, 9]",ue2_qfi1,0,0,0,140.49999999999986,99.99999999999964,data,ok,2.0,,all_flows,,pending,7,33,5.0,1.0,all_flows,4,24,4.98325,1.0,ue7_qfi2,ok,ue7_qfi9,True,TwoTier,1367864806
ue8_qfi8,300.0,300.25,300.25,300.25,all_flows,ue6_qfi1,3.5,14.5,31.75,31.75,ok,0.5675699832187463,all_flows,0.0,ok,100.0,ue6_qfi1,0,0,0,131.25000000000009,99.49999999999991,all_flows,100.0,ue6_qfi1,0,0,0,131.25000000000009,99.49999999999991,data,2.0,data,ok,2.0,False,,all_flows,False,,3,0,proxy,3,0,ue8_qfi2,0.993421052631579,152,150.0,all_flows,ue8_qfi2,0.993421052631579,152,150.0,ok,ue5_qfi2,26.756,all_flows,ue5_qfi2,26.756,ok,8,all_flows,8,8,ok,8,ue7_qfi2,0.9605768,all_flows,ue7_qfi2,0.9605768,ok,0.8910087471624564,all_flows,0.999934869262735,5,0.999858004524322,proxy,5,0.8772334322122932,63244516.8,ok,0.011986363636363637,ok,0.9314602272727273,0.0421953125,ok,ue8_qfi1,0.4897959183673469,49,100.0,all_flows,ue8_qfi1,0.4897959183673469,49,100.0,data,0.0,data,ok,0.0,ue6_qfi1,28.25,all_flows,ue6_qfi1,28.25,ok,30.2,ue8_qfi2,1,67.5,67.5,all_flows,30.2,ue8_qfi2,1,67.5,67.5,30.303,33.0,30.303,ok,33.0,,all_flows,,pending,,all_flows,,pending,100.0,"[8, 9]",ue6_qfi1,0,0,0,131.25000000000009,99.49999999999991,data,ok,2.0,,all_flows,,pending,1,33,5.0,1.0,all_flows,0,24,0.0,1.0,,ok,ue8_qfi9,True,PF,1097657231
ue8_qfi8,300.25,300.25,300.25,300.25,all_flows,ue5_qfi1,5.25,21.25,26.0,26.0,ok,0.6691220171144088,all_flows,0.36557813478065976,ok,100.0,ue1_qfi1,0,0,0,125.24999999999986,99.75000000000023,all_flows,100.0,ue1_qfi1,0,0,0,125.24999999999986,99.75000000000023,data,2.0,data,ok,2.0,False,,all_flows,False,,3,0,proxy,3,0,ue3_qfi2,0.0,147,150.0,all_flows,ue3_qfi2,0.0,147,150.0,ok,ue5_qfi2,22.014,all_flows,ue5_qfi2,22.014,ok,5,all_flows,5,8,ok,8,ue3_qfi2,0.0,all_flows,ue3_qfi2,0.0,ok,0.6662350109786926,all_flows,0.7499434494165879,5,0.7499195187240784,proxy,5,0.6610269544445226,50339904.0,ok,0.012638636363636364,ok,0.7427295454545455,0.081696875,ok,ue6_qfi1,0.4489795918367347,49,100.0,all_flows,ue6_qfi1,0.4489795918367347,49,100.0,data,0.0,data,ok,0.0,ue1_qfi1,21.5,all_flows,ue1_qfi1,21.5,ok,30.2,ue8_qfi2,1,68.5,68.5,all_flows,30.2,ue8_qfi2,1,68.5,68.5,30.303,33.0,30.303,ok,33.0,,all_flows,,pending,,all_flows,,pending,100.0,"[8, 9]",ue1_qfi1,0,0,0,125.24999999999986,99.75000000000023,data,ok,2.0,,all_flows,,pending,10,33,5.0,1.0,all_flows,6,24,4.98325,1.0,ue3_qfi2,ok,ue3_qfi9,True,Reservation,1097657231
ue5_qfi9,271.0,299.75,300.0,300.25,all_flows,ue6_qfi2,6.356,26.5,49.221,68.151,ok,0.5581349763629451,all_flows,0.24235203249208484,ok,100.0,ue6_qfi1,0,0,0,137.9999999999999,100.24999999999994,all_flows,100.0,ue6_qfi1,0,0,0,137.9999999999999,100.24999999999994,data,2.0,data,ok,2.0,False,,all_flows,False,,3,0,proxy,3,0,ue7_qfi2,0.0,148,150.0,all_flows,ue7_qfi2,0.0,148,150.0,ok,ue2_qfi2,37.067,all_flows,ue2_qfi2,37.067,ok,6,all_flows,6,8,ok,8,ue7_qfi2,0.0,all_flows,ue7_qfi2,0.0,ok,0.775226539821935,all_flows,0.8332721726978367,5,0.8332168776148787,proxy,5,0.7723171710397121,62038699.2,ok,0.01205909090909091,ok,0.9314715909090909,0.042321875,ok,ue6_qfi1,0.46938775510204084,49,100.0,all_flows,ue6_qfi1,0.46938775510204084,49,100.0,data,0.0,data,ok,0.0,ue2_qfi9,167.0,all_flows,ue6_qfi2,61.794999999999995,ok,30.4,ue6_qfi2,4,100.5,349.5,all_flows,30.4,ue6_qfi2,4,100.5,349.5,30.303,33.0,30.303,ok,33.0,,all_flows,,pending,,all_flows,,pending,100.0,"[8, 9]",ue6_qfi1,0,0,0,137.9999999999999,100.24999999999994,data,ok,2.0,,all_flows,,pending,7,33,5.0,1.0,all_flows,4,24,4.98325,1.0,ue7_qfi2,ok,ue7_qfi9,True,TwoTier,1097657231
ue8_qfi8,300.0,300.25,300.25,300.25,all_flows,ue2_qfi1,4.75,19.5,29.0,29.0,ok,0.530864607854435,all_flows,0.0,ok,100.0,ue3_qfi1,0,0,0,125.25000000000031,99.75000000000023,all_flows,100.0,ue3_qfi1,0,0,0,125.25000000000031,99.75000000000023,data,2.0,data,ok,2.0,False,,all_flows,False,,3,0,proxy,3,0,ue1_qfi2,1.0,152,150.0,all_flows,ue1_qfi2,1.0,152,150.0,ok,ue7_qfi2,24.973,all_flows,ue7_qfi2,24.973,ok,8,all_flows,8,8,ok,8,ue2_qfi2,0.9648984,all_flows,ue2_qfi2,0.9648984,ok,0.9076485828938633,all_flows,0.9999694109725941,5,0.9999391638912544,proxy,5,0.898437691892322,68311036.8,ok,0.010636363636363637,ok,0.9317056818181818,0.0356109375,ok,ue8_qfi1,0.46938775510204084,49,100.0,all_flows,ue8_qfi1,0.46938775510204084,49,100.0,data,0.0,data,ok,0.0,ue2_qfi1,24.25,all_flows,ue2_qfi1,24.25,ok,30.4,ue1_qfi2,0,0.0,0.0,all_flows,30.4,ue1_qfi2,0,0.0,0.0,30.303,33.0,30.303,ok,33.0,,all_flows,,pending,,all_flows,,pending,100.0,"[8, 9]",ue3_qfi1,0,0,0,125.25000000000031,99.75000000000023,data,ok,2.0,,all_flows,,pending,1,33,5.0,1.0,all_flows,0,24,0.0,1.0,,ok,ue8_qfi9,True,PF,579362555
ue8_qfi8,300.25,300.25,300.25,300.25,all_flows,ue3_qfi1,6.0,21.75,44.0,44.0,ok,0.628529258683829,all_flows,0.24454629829998706,ok,100.0,ue6_qfi1,0,0,0,127.49999999999994,99.99999999999964,all_flows,100.0,ue6_qfi1,0,0,0,127.49999999999994,99.99999999999964,data,2.0,data,ok,2.0,False,,all_flows,False,,3,0,proxy,3,0,ue4_qfi2,0.0,148,150.0,all_flows,ue4_qfi2,0.0,148,150.0,ok,ue5_qfi2,23.959,all_flows,ue5_qfi2,23.959,ok,6,all_flows,6,8,ok,8,ue4_qfi2,0.0,all_flows,ue4_qfi2,0.0,ok,0.7475207641748813,all_flows,0.8332534489155856,5,0.8332162441074588,proxy,5,0.7441977003386279,55357947.2,ok,0.011502272727272727,ok,0.7425170454545454,0.0653796875,ok,ue2_qfi1,0.4489795918367347,49,100.0,all_flows,ue2_qfi1,0.4489795918367347,49,100.0,data,0.0,data,ok,0.0,ue3_qfi1,38.0,all_flows,ue3_qfi1,38.0,ok,30.2,ue1_qfi2,0,0.0,0.0,all_flows,30.2,ue1_qfi2,0,0.0,0.0,30.303,33.0,30.303,ok,33.0,,all_flows,,pending,,all_flows,,pending,100.0,"[8, 9]",ue6_qfi1,0,0,0,127.49999999999994,99.99999999999964,data,ok,2.0,,all_flows,,pending,7,33,5.0,1.0,all_flows,4,24,4.98325,1.0,ue4_qfi2,ok,ue4_qfi9,True,Reservation,579362555
ue4_qfi9,19.5,43.75,50.25,55.0,all_flows,ue3_qfi2,5.82,17.35,21.5,26.123,ok,0.575830727343432,all_flows,0.3653176688861645,ok,100.0,ue4_qfi1,0,0,0,113.75000000000001,99.99999999999964,all_flows,100.0,ue4_qfi1,0,0,0,113.75000000000001,99.99999999999964,data,2.0,data,ok,2.0,False,,all_flows,False,,3,0,proxy,3,0,ue6_qfi2,0.0,148,150.0,all_flows,ue6_qfi2,0.0,148,150.0,ok,ue2_qfi2,21.264,all_flows,ue2_qfi2,21.264,ok,5,all_flows,5,8,ok,8,ue6_qfi2,0.0,all_flows,ue6_qfi2,0.0,ok,0.6969371491967118,all_flows,0.7499836987828354,5,0.7499705177506276,proxy,5,0.696916896279769,59640883.2,ok,0.011136363636363637,ok,0.9315386363636363,0.0352421875,ok,ue2_qfi1,0.4897959183673469,49,100.0,all_flows,ue2_qfi1,0.4897959183673469,49,100.0,data,0.0,data,ok,0.0,ue4_qfi9,35.5,all_flows,ue3_qfi2,20.303,ok,30.4,ue1_qfi2,0,0.0,0.0,all_flows,30.4,ue1_qfi2,0,0.0,0.0,30.303,33.0,30.303,ok,33.0,,all_flows,,pending,,all_flows,,pending,100.0,"[8, 9]",ue4_qfi1,0,0,0,113.75000000000001,99.99999999999964,data,ok,2.0,,all_flows,,pending,10,33,5.0,1.0,all_flows,6,24,4.98325,1.0,ue6_qfi2,ok,ue6_qfi9,True,TwoTier,579362555
ue8_qfi8,300.0,300.25,300.25,300.25,all_flows,ue6_qfi1,4.0,20.5,31.0,31.0,ok,0.5412026581601369,all_flows,0.0,ok,100.0,ue2_qfi1,0,0,0,126.2500000000002,99.25000000000006,all_flows,100.0,ue2_qfi1,0,0,0,126.2500000000002,99.25000000000006,data,2.0,data,ok,2.0,False,,all_flows,False,,3,0,proxy,3,0,ue3_qfi2,0.993421052631579,152,150.0,all_flows,ue3_qfi2,0.993421052631579,152,150.0,ok,ue1_qfi2,26.945,all_flows,ue1_qfi2,26.945,ok,8,all_flows,8,8,ok,8,ue7_qfi2,0.9629828,all_flows,ue7_qfi2,0.9629828,ok,0.9031147512040508,all_flows,0.9999472729332052,5,0.9999102381341685,proxy,5,0.898036171271156,67112401.6,ok,0.010988636363636364,ok,0.9317397727272727,0.0378375,ok,ue3_qfi1,0.46938775510204084,49,100.0,all_flows,ue3_qfi1,0.46938775510204084,49,100.0,data,0.0,data,ok,0.0,ue6_qfi1,27.0,all_flows,ue6_qfi1,27.0,ok,30.2,ue3_qfi2,1,68.75,68.75,all_flows,30.2,ue3_qfi2,1,68.75,68.75,30.303,33.0,30.303,ok,33.0,,all_flows,,pending,,all_flows,,pending,100.0,"[8, 9]",ue2_qfi1,0,0,0,126.2500000000002,99.25000000000006,data,ok,2.0,,all_flows,,pending,1,33,5.0,1.0,all_flows,0,24,0.0,1.0,,ok,ue8_qfi9,True,PF,661058651
ue2_qfi9,293.5,299.75,300.0,300.25,all_flows,ue6_qfi1,5.5,17.0,25.75,25.75,ok,0.617631879893434,all_flows,0.36547175653162844,ok,100.0,ue1_qfi1,0,0,0,125.49999999999972,100.00000000000009,all_flows,100.0,ue1_qfi1,0,0,0,125.49999999999972,100.00000000000009,data,2.0,data,ok,2.0,False,,all_flows,False,,3,0,proxy,3,0,ue4_qfi2,0.0,147,150.0,all_flows,ue4_qfi2,0.0,147,150.0,ok,ue1_qfi2,21.297,all_flows,ue1_qfi2,21.297,ok,5,all_flows,5,8,ok,8,ue4_qfi2,0.0,all_flows,ue4_qfi2,0.0,ok,0.6925763570360629,all_flows,0.7499444442170728,5,0.7499112744488801,proxy,5,0.6918957110534564,53244620.8,ok,0.011834090909090909,ok,0.7420761363636363,0.074809375,ok,ue1_qfi1,0.4489795918367347,49,100.0,all_flows,ue1_qfi1,0.4489795918367347,49,100.0,data,0.0,data,ok,0.0,ue1_qfi9,24.0,all_flows,ue1_qfi1,22.75,ok,30.4,ue1_qfi2,0,0.0,0.0,all_flows,30.4,ue1_qfi2,0,0.0,0.0,30.303,33.0,30.303,ok,33.0,,all_flows,,pending,,all_flows,,pending,100.0,"[8, 9]",ue1_qfi1,0,0,0,125.49999999999972,100.00000000000009,data,ok,2.0,,all_flows,,pending,10,33,5.0,1.0,all_flows,6,24,4.98325,1.0,ue4_qfi2,ok,ue4_qfi9,True,Reservation,661058651
ue2_qfi9,18.0,51.5,59.0,64.25,all_flows,ue3_qfi2,6.2,18.598,21.671,28.669,ok,0.5760636534214753,all_flows,0.36491447307797364,ok,100.0,ue4_qfi1,0,0,0,114.74999999999991,99.49999999999991,all_flows,100.0,ue4_qfi1,0,0,0,114.74999999999991,99.49999999999991,data,2.0,data,ok,2.0,False,,all_flows,False,,3,0,proxy,3,0,ue6_qfi2,0.0,147,150.0,all_flows,ue6_qfi2,0.0,147,150.0,ok,ue2_qfi2,23.975,all_flows,ue2_qfi2,23.975,ok,5,all_flows,5,8,ok,8,ue6_qfi2,0.0,all_flows,ue6_qfi2,0.0,ok,0.6968518769775275,all_flows,0.7499684198224933,5,0.749946115298593,proxy,5,0.6967267908289628,59553273.6,ok,0.010963636363636363,ok,0.93295,0.0383703125,ok,ue1_qfi1,0.5102040816326531,49,100.0,all_flows,ue1_qfi1,0.5102040816326531,49,100.0,data,0.0,data,ok,0.0,ue2_qfi9,46.25,all_flows,ue3_qfi2,22.469,ok,30.4,ue1_qfi2,0,0.0,0.0,all_flows,30.4,ue1_qfi2,0,0.0,0.0,30.303,33.0,30.303,ok,33.0,,all_flows,,pending,,all_flows,,pending,100.0,"[8, 9]",ue4_qfi1,0,0,0,114.74999999999991,99.49999999999991,data,ok,2.0,,all_flows,,pending,10,33,5.0,1.0,all_flows,6,24,4.98325,1.0,ue6_qfi2,ok,ue6_qfi9,True,TwoTier,661058651
ue8_qfi8,300.0,300.25,300.25,300.25,all_flows,ue6_qfi1,5.5,19.0,29.75,29.75,ok,0.5227419530664574,all_flows,0.0,ok,100.0,ue4_qfi1,0,0,0,119.49999999999994,99.74999999999979,all_flows,100.0,ue4_qfi1,0,0,0,119.49999999999994,99.74999999999979,data,2.0,data,ok,2.0,False,,all_flows,False,,3,0,proxy,3,0,ue2_qfi2,0.993421052631579,152,150.0,all_flows,ue2_qfi2,0.993421052631579,152,150.0,ok,ue1_qfi2,26.089,all_flows,ue1_qfi2,26.089,ok,8,all_flows,8,8,ok,8,ue3_qfi2,0.9538324,all_flows,ue3_qfi2,0.9538324,ok,0.9090294213189122,all_flows,0.9999217269287094,5,0.9997885711355736,proxy,5,0.9046162281290114,69630222.4,ok,0.010815909090909091,ok,0.93185,0.03491875,ok,ue5_qfi1,0.4489795918367347,49,100.0,all_flows,ue5_qfi1,0.4489795918367347,49,100.0,data,0.0,data,ok,0.0,ue6_qfi1,24.25,all_flows,ue6_qfi1,24.25,ok,30.2,ue2_qfi2,1,73.5,73.5,all_flows,30.2,ue2_qfi2,1,73.5,73.5,30.303,33.0,30.303,ok,33.0,,all_flows,,pending,,all_flows,,pending,100.0,"[8, 9]",ue4_qfi1,0,0,0,119.49999999999994,99.74999999999979,data,ok,2.0,,all_flows,,pending,1,33,5.0,1.0,all_flows,0,24,0.0,1.0,,ok,ue8_qfi9,True,PF,87989972
ue8_qfi8,300.0,300.25,300.25,300.25,all_flows,ue6_qfi1,6.75,28.5,82.0,82.0,ok,0.6247380422456076,all_flows,0.23944921774895803,ok,100.0,ue7_qfi1,0,0,0,202.24999999999997,99.75000000000011,all_flows,100.0,ue7_qfi1,0,0,0,202.24999999999997,99.75000000000011,data,2.0,data,ok,2.0,False,,all_flows,False,,3,0,proxy,3,0,ue3_qfi2,0.0,147,150.0,all_flows,ue3_qfi2,0.0,147,150.0,ok,ue1_qfi2,24.96,all_flows,ue1_qfi2,24.96,ok,6,all_flows,6,8,ok,8,ue3_qfi2,0.0,all_flows,ue3_qfi2,0.0,ok,0.747746595253066,all_flows,0.833163351101757,5,0.8328636392667933,proxy,5,0.745794700030359,56405388.800000004,ok,0.011306818181818182,ok,0.7452556818181818,0.0653546875,ok,ue1_qfi1,0.42857142857142855,49,100.0,all_flows,ue1_qfi1,0.42857142857142855,49,100.0,data,0.0,data,ok,0.0,ue6_qfi1,75.25,all_flows,ue6_qfi1,75.25,ok,30.2,ue5_qfi2,1,80.75,80.75,all_flows,30.2,ue5_qfi2,1,80.75,80.75,30.303,33.0,30.303,ok,33.0,,all_flows,,pending,,all_flows,,pending,100.0,"[8, 9]",ue7_qfi1,0,0,0,202.24999999999997,99.75000000000011,data,ok,2.0,,all_flows,,pending,7,33,5.0,1.0,all_flows,4,24,4.98325,1.0,ue3_qfi2,ok,ue3_qfi9,True,Reservation,87989972
ue6_qfi9,105.25,298.75,299.75,300.0,all_flows,ue6_qfi2,7.835,31.322,56.812,69.051,ok,0.5256842229527083,all_flows,0.24417326508277457,ok,100.0,ue6_qfi1,0,0,0,129.0,100.24999999999994,all_flows,100.0,ue6_qfi1,0,0,0,129.0,100.24999999999994,data,2.0,data,ok,2.0,False,,all_flows,False,,3,0,proxy,3,0,ue7_qfi2,0.0,147,150.0,all_flows,ue7_qfi2,0.0,147,150.0,ok,ue5_qfi2,53.084,all_flows,ue5_qfi2,53.084,ok,6,all_flows,6,8,ok,8,ue7_qfi2,0.0,all_flows,ue7_qfi2,0.0,ok,0.7801563327536535,all_flows,0.8332116821972957,5,0.8331716276341502,proxy,5,0.7681657837063588,66495128.0,ok,0.010888636363636364,ok,0.9322590909090909,0.0364875,ok,ue4_qfi1,0.4489795918367347,49,100.0,all_flows,ue4_qfi1,0.4489795918367347,49,100.0,data,0.0,data,ok,0.0,ue6_qfi9,194.75,all_flows,ue6_qfi2,61.216,ok,30.4,ue5_qfi2,12,97.5,933.75,all_flows,30.4,ue5_qfi2,12,97.5,933.75,30.303,33.0,30.303,ok,33.0,,all_flows,,pending,,all_flows,,pending,100.0,"[8, 9]",ue6_qfi1,0,0,0,129.0,100.24999999999994,data,ok,2.0,,all_flows,,pending,7,33,5.0,1.0,all_flows,4,24,4.98325,1.0,ue7_qfi2,ok,ue7_qfi9,True,TwoTier,87989972
ue8_qfi8,300.0,300.25,300.25,300.25,all_flows,ue4_qfi1,4.75,25.25,32.75,32.75,ok,0.5412730135763701,all_flows,0.0,ok,100.0,ue4_qfi1,0,0,0,123.25000000000009,99.99999999999964,all_flows,100.0,ue4_qfi1,0,0,0,123.25000000000009,99.99999999999964,data,2.0,data,ok,2.0,False,,all_flows,False,,3,0,proxy,3,0,ue7_qfi2,0.993421052631579,152,150.0,all_flows,ue7_qfi2,0.993421052631579,152,150.0,ok,ue4_qfi2,28.081,all_flows,ue4_qfi2,28.081,ok,8,all_flows,8,8,ok,8,ue8_qfi2,0.9627688000000001,all_flows,ue8_qfi2,0.9627688000000001,ok,0.9040993754171739,all_flows,0.9999655445819151,5,0.9999393947784652,proxy,5,0.897802854823275,66830544.0,ok,0.0112,ok,0.9315579545454545,0.0371796875,ok,ue1_qfi1,0.4897959183673469,49,100.0,all_flows,ue1_qfi1,0.4897959183673469,49,100.0,data,0.0,data,ok,0.0,ue4_qfi1,28.0,all_flows,ue4_qfi1,28.0,ok,30.2,ue7_qfi2,1,77.5,77.5,all_flows,30.2,ue7_qfi2,1,77.5,77.5,30.303,33.0,30.303,ok,33.0,,all_flows,,pending,,all_flows,,pending,100.0,"[8, 9]",ue4_qfi1,0,0,0,123.25000000000009,99.99999999999964,data,ok,2.0,,all_flows,,pending,1,33,5.0,1.0,all_flows,0,24,0.0,1.0,,ok,ue8_qfi9,True,PF,161576974
ue8_qfi8,300.25,300.25,300.25,300.25,all_flows,ue6_qfi1,7.0,28.5,55.5,55.5,ok,0.6474511081000038,all_flows,0.12415726122636957,ok,,ue8_qfi8,0,0,0,133.74999999999991,2.2500000000000018,all_flows,100.0,ue5_qfi1,0,0,0,133.24999999999943,100.00000000000009,data,2.0,data,ok,2.0,False,,all_flows,False,,3,0,proxy,3,0,ue7_qfi2,0.0,148,150.0,all_flows,ue7_qfi2,0.0,148,150.0,ok,ue3_qfi2,30.784,all_flows,ue3_qfi2,30.784,ok,7,all_flows,7,8,ok,8,ue7_qfi2,0.0,all_flows,ue7_qfi2,0.0,ok,0.7977971390004529,all_flows,0.9165487321584151,5,0.9165053742758767,proxy,5,0.7876617387708725,52036248.0,ok,0.012002272727272728,ok,0.7439215909090909,0.0756609375,ok,ue4_qfi1,0.46938775510204084,49,100.0,all_flows,ue4_qfi1,0.46938775510204084,49,100.0,data,0.0,data,ok,0.0,ue6_qfi1,48.5,all_flows,ue6_qfi1,48.5,ok,30.2,ue4_qfi2,1,71.75,71.75,all_flows,30.2,ue4_qfi2,1,71.75,71.75,30.303,33.0,30.303,ok,33.0,,all_flows,,pending,,all_flows,,pending,100.0,"[8, 9]",ue5_qfi1,0,0,0,133.24999999999943,100.00000000000009,data,ok,2.0,,all_flows,,pending,4,33,5.0,1.0,all_flows,2,24,4.98325,1.0,ue7_qfi2,ok,ue7_qfi9,True,Reservation,161576974
ue4_qfi9,162.25,299.25,300.0,300.0,all_flows,ue4_qfi1,3.25,41.0,94.25,94.25,ok,0.53329682037955,all_flows,0.2448197646297124,ok,100.0,ue4_qfi1,0,0,0,381.24999999999966,100.12500000000007,all_flows,100.0,ue4_qfi1,0,0,0,381.24999999999966,100.12500000000007,data,2.0,data,ok,2.0,False,,all_flows,False,,3,0,proxy,3,0,ue7_qfi2,0.0,148,150.0,all_flows,ue7_qfi2,0.0,148,150.0,ok,ue4_qfi2,65.817,all_flows,ue4_qfi2,65.817,ok,6,all_flows,6,8,ok,8,ue7_qfi2,0.0,all_flows,ue7_qfi2,0.0,ok,0.7726976312778433,all_flows,0.8311381883868286,5,0.8267607044325211,proxy,5,0.75504341209567,65471064.0,ok,0.0113,ok,0.9316772727272727,0.038303125,ok,ue3_qfi1,0.4897959183673469,49,100.0,all_flows,ue3_qfi1,0.4897959183673469,49,100.0,data,0.0,data,ok,0.0,ue1_qfi9,159.75,all_flows,ue4_qfi1,91.0,ok,30.4,ue4_qfi2,5,106.25,409.25,all_flows,30.4,ue4_qfi2,5,106.25,409.25,30.303,33.0,30.303,ok,33.0,,all_flows,,pending,,all_flows,,pending,100.0,"[8, 9]",ue4_qfi1,0,0,0,381.24999999999966,100.12500000000007,data,ok,2.0,,all_flows,,pending,7,33,5.0,1.0,all_flows,4,24,4.98325,1.0,ue7_qfi2,ok,ue7_qfi9,True,TwoTier,161576974
ue8_qfi8,300.0,300.25,300.25,300.25,all_flows,ue5_qfi1,4.0,18.5,46.0,46.0,ok,0.5263087159775881,all_flows,0.0,ok,100.0,ue5_qfi1,0,0,0,133.75000000000003,99.75000000000023,all_flows,100.0,ue5_qfi1,0,0,0,133.75000000000003,99.75000000000023,data,2.0,data,ok,2.0,False,,all_flows,False,,3,0,proxy,3,0,ue3_qfi2,0.993421052631579,152,150.0,all_flows,ue3_qfi2,0.993421052631579,152,150.0,ok,ue5_qfi2,26.959,all_flows,ue5_qfi2,26.959,ok,8,all_flows,8,8,ok,8,ue4_qfi2,0.956402,all_flows,ue4_qfi2,0.956402,ok,0.9088409475983127,all_flows,0.9999199939980032,5,0.9998547126913984,proxy,5,0.9019612258876581,68933409.6,ok,0.011025,ok,0.9342613636363636,0.03570625,ok,ue7_qfi1,0.4897959183673469,49,100.0,all_flows,ue7_qfi1,0.4897959183673469,49,100.0,data,0.0,data,ok,0.0,ue5_qfi1,42.0,all_flows,ue5_qfi1,42.0,ok,30.2,ue3_qfi2,1,71.25,71.25,all_flows,30.2,ue3_qfi2,1,71.25,71.25,30.303,33.0,30.303,ok,33.0,,all_flows,,pending,,all_flows,,pending,100.0,"[8, 9]",ue5_qfi1,0,0,0,133.75000000000003,99.75000000000023,data,ok,2.0,,all_flows,,pending,1,33,5.0,1.0,all_flows,0,24,0.0,1.0,,ok,ue8_qfi9,True,PF,35492826
ue8_qfi8,300.0,300.25,300.25,300.25,all_flows,ue2_qfi1,6.5,21.75,30.75,30.75,ok,0.6407640126268072,all_flows,0.2422257044117906,ok,100.0,ue6_qfi1,0,0,0,128.24999999999997,100.00000000000009,all_flows,100.0,ue6_qfi1,0,0,0,128.24999999999997,100.00000000000009,data,2.0,data,ok,2.0,False,,all_flows,False,,3,0,proxy,3,0,ue3_qfi2,0.0,147,150.0,all_flows,ue3_qfi2,0.0,147,150.0,ok,ue5_qfi2,25.619,all_flows,ue5_qfi2,25.619,ok,6,all_flows,6,8,ok,8,ue3_qfi2,0.0,all_flows,ue3_qfi2,0.0,ok,0.7433553303628413,all_flows,0.833251256633322,5,0.8332137591341213,proxy,5,0.7412867870223523,53933854.4,ok,0.01160909090909091,ok,0.7443875,0.071028125,ok,ue1_qfi1,0.46938775510204084,49,100.0,all_flows,ue1_qfi1,0.46938775510204084,49,100.0,data,0.0,data,ok,0.0,ue2_qfi1,24.25,all_flows,ue2_qfi1,24.25,ok,30.2,ue5_qfi2,1,72.5,72.5,all_flows,30.2,ue5_qfi2,1,72.5,72.5,30.303,33.0,30.303,ok,33.0,,all_flows,,pending,,all_flows,,pending,100.0,"[8, 9]",ue6_qfi1,0,0,0,128.24999999999997,100.00000000000009,data,ok,2.0,,all_flows,,pending,7,33,5.0,1.0,all_flows,4,24,4.98325,1.0,ue3_qfi2,ok,ue3_qfi9,True,Reservation,35492826
ue5_qfi9,19.75,49.25,59.25,65.5,all_flows,ue5_qfi2,6.678,21.147,25.008,26.25,ok,0.5766657870442743,all_flows,0.36702150434698466,ok,100.0,ue1_qfi1,0,0,0,115.25000000000007,99.75,all_flows,100.0,ue1_qfi1,0,0,0,115.25000000000007,99.75,data,2.0,data,ok,2.0,False,,all_flows,False,,3,0,proxy,3,0,ue6_qfi2,0.0,148,150.0,all_flows,ue6_qfi2,0.0,148,150.0,ok,ue5_qfi2,24.7,all_flows,ue5_qfi2,24.7,ok,5,all_flows,5,8,ok,8,ue6_qfi2,0.0,all_flows,ue6_qfi2,0.0,ok,0.6968616921591032,all_flows,0.7499464103074555,5,0.7498653889453908,proxy,5,0.6967864620954839,59382068.8,ok,0.010843181818181818,ok,0.9334511363636364,0.037065625,ok,ue2_qfi1,0.4897959183673469,49,100.0,all_flows,ue2_qfi1,0.4897959183673469,49,100.0,data,0.0,data,ok,0.0,ue5_qfi9,45.75,all_flows,ue4_qfi2,19.905,ok,30.4,ue1_qfi2,0,0.0,0.0,all_flows,30.4,ue1_qfi2,0,0.0,0.0,30.303,33.0,30.303,ok,33.0,,all_flows,,pending,,all_flows,,pending,100.0,"[8, 9]",ue1_qfi1,0,0,0,115.25000000000007,99.75,data,ok,2.0,,all_flows,,pending,10,33,5.0,1.0,all_flows,6,24,4.98325,1.0,ue6_qfi2,ok,ue6_qfi9,True,TwoTier,35492826
ue8_qfi8,300.0,300.25,300.25,300.25,all_flows,ue8_qfi1,3.5,20.75,52.0,52.0,ok,0.5420731361902819,all_flows,0.0,ok,100.0,ue8_qfi1,0,0,0,148.49999999999986,99.75,all_flows,100.0,ue8_qfi1,0,0,0,148.49999999999986,99.75,data,2.0,data,ok,2.0,False,,all_flows,False,,3,0,proxy,3,0,ue1_qfi2,1.0,152,150.0,all_flows,ue1_qfi2,1.0,152,150.0,ok,ue1_qfi2,25.083,all_flows,ue1_qfi2,25.083,ok,8,all_flows,8,8,ok,8,ue1_qfi2,0.9620951999999999,all_flows,ue1_qfi2,0.9620951999999999,ok,0.9043285476441654,all_flows,0.9999225762508287,5,0.9998844776464151,proxy,5,0.8999697553371065,66801544.0,ok,0.011436363636363637,ok,0.9343670454545454,0.038275,ok,ue2_qfi1,0.46938775510204084,49,100.0,all_flows,ue2_qfi1,0.46938775510204084,49,100.0,data,0.0,data,ok,0.0,ue8_qfi1,48.5,all_flows,ue8_qfi1,48.5,ok,30.4,ue1_qfi2,0,0.0,0.0,all_flows,30.4,ue1_qfi2,0,0.0,0.0,30.303,33.0,30.303,ok,33.0,,all_flows,,pending,,all_flows,,pending,100.0,"[8, 9]",ue8_qfi1,0,0,0,148.49999999999986,99.75,data,ok,2.0,,all_flows,,pending,1,33,5.0,1.0,all_flows,0,24,0.0,1.0,,ok,ue8_qfi9,True,PF,376383645
ue7_qfi9,296.0,299.75,300.0,300.25,all_flows,ue7_qfi1,5.5,25.25,31.5,31.5,ok,0.629144296676314,all_flows,0.24282655309888612,ok,100.0,ue7_qfi1,0,0,0,130.50000000000006,100.24999999999994,all_flows,100.0,ue7_qfi1,0,0,0,130.50000000000006,100.24999999999994,data,2.0,data,ok,2.0,False,,all_flows,False,,3,0,proxy,3,0,ue6_qfi2,0.0,147,150.0,all_flows,ue6_qfi2,0.0,147,150.0,ok,ue3_qfi2,27.209,all_flows,ue3_qfi2,27.209,ok,6,all_flows,6,8,ok,8,ue6_qfi2,0.0,all_flows,ue6_qfi2,0.0,ok,0.7600213195073483,all_flows,0.8332520102812422,5,0.8332269850701592,proxy,5,0.7544247015304623,52264825.6,ok,0.011761363636363636,ok,0.7416306818181818,0.075434375,ok,ue1_qfi1,0.42857142857142855,49,100.0,all_flows,ue1_qfi1,0.42857142857142855,49,100.0,data,0.0,data,ok,0.0,ue7_qfi1,26.0,all_flows,ue7_qfi1,26.0,ok,30.4,ue1_qfi2,0,0.0,0.0,all_flows,30.4,ue1_qfi2,0,0.0,0.0,30.303,33.0,30.303,ok,33.0,,all_flows,,pending,,all_flows,,pending,100.0,"[8, 9]",ue7_qfi1,0,0,0,130.50000000000006,100.24999999999994,data,ok,2.0,,all_flows,,pending,7,33,5.0,1.0,all_flows,4,24,4.98325,1.0,ue6_qfi2,ok,ue6_qfi9,True,Reservation,376383645
ue2_qfi9,150.25,298.5,299.5,300.0,all_flows,ue6_qfi2,6.466,22.447,49.149,63.662,ok,0.5304271470006954,all_flows,0.24391670110446126,ok,100.0,ue6_qfi1,0,0,0,137.2499999999999,99.49999999999991,all_flows,100.0,ue6_qfi1,0,0,0,137.2499999999999,99.49999999999991,data,2.0,data,ok,2.0,False,,all_flows,False,,3,0,proxy,3,0,ue7_qfi2,0.0,147,150.0,all_flows,ue7_qfi2,0.0,147,150.0,ok,ue6_qfi2,37.25,all_flows,ue6_qfi2,37.25,ok,6,all_flows,6,8,ok,8,ue7_qfi2,0.0,all_flows,ue7_qfi2,0.0,ok,0.7787171374787976,all_flows,0.8332691246357946,5,0.8332338902147972,proxy,5,0.7675472689522047,65918094.4,ok,0.011504545454545455,ok,0.9342306818181818,0.0378046875,ok,ue2_qfi1,0.46938775510204084,49,100.0,all_flows,ue2_qfi1,0.46938775510204084,49,100.0,data,0.0,data,ok,0.0,ue1_qfi9,161.25,all_flows,ue6_qfi2,57.196,ok,30.4,ue6_qfi2,4,108.5,371.0,all_flows,30.4,ue6_qfi2,4,108.5,371.0,30.303,33.0,30.303,ok,33.0,,all_flows,,pending,,all_flows,,pending,100.0,"[8, 9]",ue6_qfi1,0,0,0,137.2499999999999,99.49999999999991,data,ok,2.0,,all_flows,,pending,7,33,5.0,1.0,all_flows,4,24,4.98325,1.0,ue7_qfi2,ok,ue7_qfi9,True,TwoTier,376383645
ue8_qfi8,300.0,300.25,300.25,300.25,all_flows,ue1_qfi1,5.75,17.25,52.0,52.0,ok,0.5358458768706226,all_flows,0.0,ok,100.0,ue3_qfi1,0,0,0,140.25,99.75000000000023,all_flows,100.0,ue3_qfi1,0,0,0,140.25,99.75000000000023,data,2.0,data,ok,2.0,False,,all_flows,False,,3,0,proxy,3,0,ue1_qfi2,0.993421052631579,152,150.0,all_flows,ue1_qfi2,0.993421052631579,152,150.0,ok,ue3_qfi2,27.201,all_flows,ue3_qfi2,27.201,ok,8,all_flows,8,8,ok,8,ue4_qfi2,0.9592768,all_flows,ue4_qfi2,0.9592768,ok,0.9053546693040977,all_flows,0.9999617726191342,5,0.9999286711576688,proxy,5,0.9002536562970812,67568840.0,ok,0.010972727272727273,ok,0.9338920454545454,0.036525,ok,ue1_qfi1,0.5306122448979592,49,100.0,all_flows,ue1_qfi1,0.5306122448979592,49,100.0,data,0.0,data,ok,0.0,ue1_qfi1,46.25,all_flows,ue1_qfi1,46.25,ok,30.2,ue1_qfi2,1,68.25,68.25,all_flows,30.2,ue1_qfi2,1,68.25,68.25,30.303,33.0,30.303,ok,33.0,,all_flows,,pending,,all_flows,,pending,100.0,"[8, 9]",ue3_qfi1,0,0,0,140.25,99.75000000000023,data,ok,2.0,,all_flows,,pending,1,33,5.0,1.0,all_flows,0,24,0.0,1.0,,ok,ue8_qfi9,True,PF,1746484539
ue7_qfi9,295.75,299.75,300.0,300.25,all_flows,ue6_qfi1,8.25,24.0,91.75,91.75,ok,0.6237707713934074,all_flows,0.24363894627820834,ok,100.0,ue1_qfi1,0,0,0,127.49999999999994,99.75,all_flows,100.0,ue1_qfi1,0,0,0,127.49999999999994,99.75,data,2.0,data,ok,2.0,False,,all_flows,False,,3,0,proxy,3,0,ue5_qfi2,0.0,148,150.0,all_flows,ue5_qfi2,0.0,148,150.0,ok,ue6_qfi2,25.76,all_flows,ue6_qfi2,25.76,ok,6,all_flows,6,8,ok,8,ue5_qfi2,0.0,all_flows,ue5_qfi2,0.0,ok,0.7620359880519751,all_flows,0.8332507655974016,5,0.8332195092206406,proxy,5,0.7566748062691094,53012500.8,ok,0.011993181818181818,ok,0.7433568181818182,0.0726375,ok,ue2_qfi1,0.5102040816326531,49,100.0,all_flows,ue2_qfi1,0.5102040816326531,49,100.0,data,0.0,data,ok,0.0,ue6_qfi1,83.5,all_flows,ue6_qfi1,83.5,ok,30.2,ue1_qfi2,0,0.0,0.0,all_flows,30.2,ue1_qfi2,0,0.0,0.0,30.303,33.0,30.303,ok,33.0,,all_flows,,pending,,all_flows,,pending,100.0,"[8, 9]",ue1_qfi1,0,0,0,127.49999999999994,99.75,data,ok,2.0,,all_flows,,pending,7,33,5.0,1.0,all_flows,4,24,4.98325,1.0,ue5_qfi2,ok,ue5_qfi9,True,Reservation,1746484539
ue6_qfi9,286.0,299.5,300.0,300.25,all_flows,ue7_qfi2,12.889,129.211,132.711,136.961,ok,0.5675951330812731,all_flows,0.3430589830755354,ok,100.0,ue3_qfi1,0,0,0,148.74999999999972,100.00000000000009,all_flows,100.0,ue3_qfi1,0,0,0,148.74999999999972,100.00000000000009,data,2.0,data,ok,2.0,False,,all_flows,False,,3,0,proxy,3,0,ue8_qfi2,0.0,147,150.0,all_flows,ue8_qfi2,0.0,147,150.0,ok,ue7_qfi2,136.961,all_flows,ue7_qfi2,136.961,ok,5,all_flows,5,8,ok,8,ue8_qfi2,0.0,all_flows,ue8_qfi2,0.0,ok,0.7211800396934481,all_flows,0.7741969274962852,5,0.7499665831344442,proxy,5,0.6969101137489302,60404936.0,ok,0.011018181818181818,ok,0.9336897727272727,0.0366890625,ok,ue3_qfi1,0.4489795918367347,49,100.0,all_flows,ue3_qfi1,0.4489795918367347,49,100.0,data,0.0,data,ok,0.0,ue3_qfi9,157.0,all_flows,ue7_qfi2,124.07200000000002,ok,30.4,ue1_qfi2,2,99.5,165.75,all_flows,30.4,ue1_qfi2,2,99.5,165.75,30.303,33.0,30.303,ok,33.0,,all_flows,,pending,,all_flows,,pending,100.0,"[8, 9]",ue3_qfi1,0,0,0,148.74999999999972,100.00000000000009,data,ok,2.0,,all_flows,,pending,10,33,5.0,1.0,all_flows,6,24,4.98325,1.0,ue8_qfi2,ok,ue8_qfi8,True,TwoTier,1746484539
ue8_qfi8,300.0,300.25,300.25,300.25,all_flows,ue4_qfi1,5.75,18.25,46.5,46.5,ok,0.5482777738756429,all_flows,0.0,ok,100.0,ue4_qfi1,0,0,0,138.24999999999997,99.75,all_flows,100.0,ue4_qfi1,0,0,0,138.24999999999997,99.75,data,2.0,data,ok,2.0,False,,all_flows,False,,3,0,proxy,3,0,ue3_qfi2,0.993421052631579,152,150.0,all_flows,ue3_qfi2,0.993421052631579,152,150.0,ok,ue3_qfi2,26.258,all_flows,ue3_qfi2,26.258,ok,8,all_flows,8,8,ok,8,ue3_qfi2,0.95524,all_flows,ue3_qfi2,0.95524,ok,0.9011157403963341,all_flows,0.9999313105453114,5,0.9999080266676896,proxy,5,0.8976785002004483,65710667.2,ok,0.011922727272727272,ok,0.9325340909090909,0.0388703125,ok,ue5_qfi1,0.46938775510204084,49,100.0,all_flows,ue5_qfi1,0.46938775510204084,49,100.0,data,0.0,data,ok,0.0,ue4_qfi1,40.75,all_flows,ue4_qfi1,40.75,ok,30.4,ue1_qfi2,0,0.0,0.0,all_flows,30.4,ue1_qfi2,0,0.0,0.0,30.303,33.0,30.303,ok,33.0,,all_flows,,pending,,all_flows,,pending,100.0,"[8, 9]",ue4_qfi1,0,0,0,138.24999999999997,99.75,data,ok,2.0,,all_flows,,pending,1,33,5.0,1.0,all_flows,0,24,0.0,1.0,,ok,ue8_qfi9,True,PF,1394609702
ue7_qfi9,94.0,299.5,300.0,300.0,all_flows,ue7_qfi1,5.75,17.25,24.75,24.75,ok,0.6251476194255606,all_flows,0.3665579075211674,ok,100.0,ue7_qfi1,0,0,0,124.49999999999983,99.5,all_flows,100.0,ue7_qfi1,0,0,0,124.49999999999983,99.5,data,2.0,data,ok,2.0,False,,all_flows,False,,3,0,proxy,3,0,ue3_qfi2,0.0,148,150.0,all_flows,ue3_qfi2,0.0,148,150.0,ok,ue6_qfi2,20.766,all_flows,ue6_qfi2,20.766,ok,5,all_flows,5,8,ok,8,ue3_qfi2,0.0,all_flows,ue3_qfi2,0.0,ok,0.6912004924704693,all_flows,0.7499603050170411,5,0.7499167855600437,proxy,5,0.6885394408505447,52252422.4,ok,0.011931818181818182,ok,0.7439215909090909,0.0733421875,ok,ue1_qfi1,0.4489795918367347,49,100.0,all_flows,ue1_qfi1,0.4489795918367347,49,100.0,data,0.0,data,ok,0.0,ue7_qfi9,206.0,all_flows,ue6_qfi1,20.0,ok,30.2,ue7_qfi2,1,71.0,71.0,all_flows,30.2,ue7_qfi2,1,71.0,71.0,30.303,33.0,30.303,ok,33.0,,all_flows,,pending,,all_flows,,pending,100.0,"[8, 9]",ue7_qfi1,0,0,0,124.49999999999983,99.5,data,ok,2.0,,all_flows,,pending,10,33,5.0,1.0,all_flows,6,24,4.98325,1.0,ue3_qfi2,ok,ue3_qfi9,True,Reservation,1394609702
ue6_qfi9,233.25,299.0,299.75,300.0,all_flows,ue1_qfi1,5.25,22.0,82.25,82.25,ok,0.5365103394130305,all_flows,0.2474451944068145,ok,100.0,ue1_qfi1,0,0,0,176.00000000000017,99.99999999999964,all_flows,100.0,ue1_qfi1,0,0,0,176.00000000000017,99.99999999999964,data,2.0,data,ok,2.0,False,,all_flows,False,,3,0,proxy,3,0,ue7_qfi2,0.0,148,150.0,all_flows,ue7_qfi2,0.0,148,150.0,ok,ue1_qfi2,38.404,all_flows,ue1_qfi2,38.404,ok,6,all_flows,6,8,ok,8,ue7_qfi2,0.0,all_flows,ue7_qfi2,0.0,ok,0.7791266570213743,all_flows,0.8332007386946355,5,0.8331431917142633,proxy,5,0.7755066355195104,64886249.6,ok,0.011522727272727273,ok,0.9323306818181818,0.038578125,ok,ue6_qfi1,0.46938775510204084,49,100.0,all_flows,ue6_qfi1,0.46938775510204084,49,100.0,data,0.0,data,ok,0.0,ue1_qfi9,175.0,all_flows,ue1_qfi1,77.0,ok,30.4,ue1_qfi2,4,95.25,328.25,all_flows,30.4,ue1_qfi2,4,95.25,328.25,30.303,33.0,30.303,ok,33.0,,all_flows,,pending,,all_flows,,pending,100.0,"[8, 9]",ue1_qfi1,0,0,0,176.00000000000017,99.99999999999964,data,ok,2.0,,all_flows,,pending,7,33,5.0,1.0,all_flows,4,24,4.98325,1.0,ue7_qfi2,ok,ue7_qfi9,True,TwoTier,1394609702
ue8_qfi8,300.0,300.25,300.25,300.25,all_flows,ue5_qfi1,4.5,20.25,63.25,63.25,ok,0.5271707914805545,all_flows,0.0,ok,100.0,ue5_qfi1,0,0,0,154.9999999999998,99.49999999999991,all_flows,100.0,ue5_qfi1,0,0,0,154.9999999999998,99.49999999999991,data,2.0,data,ok,2.0,False,,all_flows,False,,3,0,proxy,3,0,ue1_qfi2,0.993421052631579,152,150.0,all_flows,ue1_qfi2,0.993421052631579,152,150.0,ok,ue5_qfi2,27.388,all_flows,ue5_qfi2,27.388,ok,8,all_flows,8,8,ok,8,ue6_qfi2,0.9659876,all_flows,ue6_qfi2,0.9659876,ok,0.9073175695192564,all_flows,0.9999548143393502,5,0.9999303757971462,proxy,5,0.899134559108563,68649939.2,ok,0.010881818181818182,ok,0.932171590909091,0.0357703125,ok,ue4_qfi1,0.4897959183673469,49,100.0,all_flows,ue4_qfi1,0.4897959183673469,49,100.0,data,0.0,data,ok,0.0,ue5_qfi1,58.75,all_flows,ue5_qfi1,58.75,ok,30.2,ue1_qfi2,1,70.0,70.0,all_flows,30.2,ue1_qfi2,1,70.0,70.0,30.303,33.0,30.303,ok,33.0,,all_flows,,pending,,all_flows,,pending,100.0,"[8, 9]",ue5_qfi1,0,0,0,154.9999999999998,99.49999999999991,data,ok,2.0,,all_flows,,pending,1,33,5.0,1.0,all_flows,0,24,0.0,1.0,,ok,ue8_qfi9,True,PF,1960127675
ue8_qfi8,300.0,300.25,300.25,300.25,all_flows,ue3_qfi2,12.5,102.616,130.022,131.522,ok,0.6384179966332716,all_flows,0.3452734468967639,ok,100.0,ue2_qfi1,0,0,0,122.74999999999991,99.74999999999979,all_flows,100.0,ue2_qfi1,0,0,0,122.74999999999991,99.74999999999979,data,2.0,data,ok,2.0,False,,all_flows,False,,3,0,proxy,3,0,ue5_qfi2,0.0,147,150.0,all_flows,ue5_qfi2,0.0,147,150.0,ok,ue3_qfi2,104.366,all_flows,ue3_qfi2,104.366,ok,5,all_flows,5,8,ok,8,ue5_qfi2,0.0,all_flows,ue5_qfi2,0.0,ok,0.6842461594758901,all_flows,0.766287202922958,5,0.7499125340382192,proxy,5,0.6659557239711257,54470252.8,ok,0.011718181818181819,ok,0.7490329545454546,0.071540625,ok,ue3_qfi1,0.42857142857142855,7,100.0,all_flows,ue3_qfi1,0.42857142857142855,7,100.0,data,0.0,data,ok,0.0,ue1_qfi9,142.25,all_flows,ue3_qfi2,119.02199999999999,ok,30.4,ue1_qfi2,0,0.0,0.0,all_flows,30.4,ue1_qfi2,0,0.0,0.0,30.303,33.0,30.303,ok,33.0,,all_flows,,pending,,all_flows,,pending,100.0,"[8, 9]",ue2_qfi1,0,0,0,122.74999999999991,99.74999999999979,data,ok,2.0,,all_flows,,pending,10,33,5.0,1.0,all_flows,6,24,4.98325,1.0,ue5_qfi2,ok,ue5_qfi9,True,Reservation,1960127675
ue5_qfi9,190.0,298.5,299.5,300.0,all_flows,ue4_qfi2,6.835,29.909,52.641,73.25,ok,0.5189559500307896,all_flows,0.24431661741362717,ok,100.0,ue4_qfi1,0,0,0,129.24999999999986,100.50000000000003,all_flows,100.0,ue4_qfi1,0,0,0,129.24999999999986,100.50000000000003,data,2.0,data,ok,2.0,False,,all_flows,False,,3,0,proxy,3,0,ue7_qfi2,0.0,148,150.0,all_flows,ue7_qfi2,0.0,148,150.0,ok,ue1_qfi2,46.861,all_flows,ue1_qfi2,46.861,ok,6,all_flows,6,8,ok,8,ue7_qfi2,0.0,all_flows,ue7_qfi2,0.0,ok,0.7839186654790377,all_flows,0.8331038439223495,5,0.8328963874365372,proxy,5,0.7807153373739147,67157307.2,ok,0.010875,ok,0.9324613636363637,0.036034375,ok,ue3_qfi1,0.42857142857142855,49,100.0,all_flows,ue3_qfi1,0.42857142857142855,49,100.0,data,0.0,data,ok,0.0,ue1_qfi9,191.5,all_flows,ue4_qfi2,66.415,ok,30.2,ue3_qfi2,14,85.25,1007.0,all_flows,30.2,ue3_qfi2,14,85.25,1007.0,30.303,33.0,30.303,ok,33.0,,all_flows,,pending,,all_flows,,pending,100.0,"[8, 9]",ue4_qfi1,0,0,0,129.24999999999986,100.50000000000003,data,ok,2.0,,all_flows,,pending,7,33,5.0,1.0,all_flows,4,24,4.98325,1.0,ue7_qfi2,ok,ue7_qfi9,True,TwoTier,1960127675
ue8_qfi8,300.0,300.25,300.25,300.25,all_flows,ue6_qfi1,5.5,21.5,30.75,30.75,ok,0.5217172051294711,all_flows,0.0,ok,100.0,ue2_qfi1,0,0,0,125.75000000000003,99.75,all_flows,100.0,ue2_qfi1,0,0,0,125.75000000000003,99.75,data,2.0,data,ok,2.0,False,,all_flows,False,,3,0,proxy,3,0,ue7_qfi2,0.9868421052631579,152,150.0,all_flows,ue7_qfi2,0.9868421052631579,152,150.0,ok,ue5_qfi2,24.66,all_flows,ue5_qfi2,24.66,ok,8,all_flows,8,8,ok,8,ue5_qfi2,0.964854,all_flows,ue5_qfi2,0.964854,ok,0.912174731704925,all_flows,0.9999281673756549,5,0.9998705803625173,proxy,5,0.9044151151418687,69365241.6,ok,0.0107,ok,0.9316443181818181,0.0350140625,ok,ue6_qfi1,0.4489795918367347,49,100.0,all_flows,ue6_qfi1,0.4489795918367347,49,100.0,data,0.0,data,ok,0.0,ue6_qfi1,25.25,all_flows,ue6_qfi1,25.25,ok,30.0,ue7_qfi2,1,66.25,66.25,all_flows,30.0,ue7_qfi2,1,66.25,66.25,30.303,33.0,30.303,ok,33.0,,all_flows,,pending,,all_flows,,pending,100.0,"[8, 9]",ue2_qfi1,0,0,0,125.75000000000003,99.75,data,ok,2.0,,all_flows,,pending,1,33,5.0,1.0,all_flows,0,24,0.0,1.0,,ok,ue8_qfi9,True,PF,1081530686
ue8_qfi8,300.25,300.25,300.25,300.25,all_flows,ue8_qfi2,9.58,22.007,28.415,71.08,ok,0.6364105016013099,all_flows,0.2437814267504089,ok,100.0,ue3_qfi1,0,0,0,131.25000000000009,100.00000000000009,all_flows,100.0,ue3_qfi1,0,0,0,131.25000000000009,100.00000000000009,data,2.0,data,ok,2.0,False,,all_flows,False,,3,0,proxy,3,0,ue4_qfi2,0.0,147,150.0,all_flows,ue4_qfi2,0.0,147,150.0,ok,ue6_qfi2,25.25,all_flows,ue6_qfi2,25.25,ok,6,all_flows,6,8,ok,8,ue4_qfi2,0.0,all_flows,ue4_qfi2,0.0,ok,0.7451168055302255,all_flows,0.8331493496270619,5,0.8327911325530862,proxy,5,0.7394206370347152,54189563.2,ok,0.011543181818181819,ok,0.7441863636363636,0.0710734375,ok,ue6_qfi1,0.4489795918367347,49,100.0,all_flows,ue6_qfi1,0.4489795918367347,49,100.0,data,0.0,data,ok,0.0,ue8_qfi2,61.5,all_flows,ue8_qfi2,61.5,ok,30.4,ue1_qfi2,0,0.0,0.0,all_flows,30.4,ue1_qfi2,0,0.0,0.0,30.303,33.0,30.303,ok,33.0,,all_flows,,pending,,all_flows,,pending,100.0,"[8, 9]",ue3_qfi1,0,0,0,131.25000000000009,100.00000000000009,data,ok,2.0,,all_flows,,pending,7,33,5.0,1.0,all_flows,4,24,4.98325,1.0,ue4_qfi2,ok,ue4_qfi9,True,Reservation,1081530686
ue6_qfi9,294.5,299.75,300.0,300.25,all_flows,ue6_qfi2,8.467,22.388,40.002,71.957,ok,0.5080529175204342,all_flows,0.12092323647046367,ok,100.0,ue7_qfi1,0,0,0,146.99999999999935,99.50000000000014,all_flows,100.0,ue7_qfi1,0,0,0,146.99999999999935,99.50000000000014,data,2.0,data,ok,2.0,False,,all_flows,False,,3,0,proxy,3,0,ue8_qfi2,0.0,147,150.0,all_flows,ue8_qfi2,0.0,147,150.0,ok,ue7_qfi2,42.909,all_flows,ue7_qfi2,42.909,ok,7,all_flows,7,8,ok,8,ue8_qfi2,0.0,all_flows,ue8_qfi2,0.0,ok,0.8588931886588638,all_flows,0.916559972754488,5,0.916428915899906,proxy,5,0.8541623945540817,69246888.0,ok,0.010606818181818183,ok,0.9315022727272727,0.0341859375,ok,ue6_qfi1,0.46938775510204084,49,100.0,all_flows,ue6_qfi1,0.46938775510204084,49,100.0,data,0.0,data,ok,0.0,ue4_qfi9,128.5,all_flows,ue6_qfi2,63.489999999999995,ok,30.2,ue7_qfi2,5,98.5,422.25,all_flows,30.2,ue7_qfi2,5,98.5,422.25,30.303,33.0,30.303,ok,33.0,,all_flows,,pending,,all_flows,,pending,100.0,"[8, 9]",ue7_qfi1,0,0,0,146.99999999999935,99.50000000000014,data,ok,2.0,,all_flows,,pending,4,33,5.0,1.0,all_flows,2,24,4.98325,1.0,ue8_qfi2,ok,ue8_qfi8,True,TwoTier,1081530686
ue8_qfi8,300.0,300.25,300.25,300.25,all_flows,ue6_qfi1,4.25,20.5,49.5,49.5,ok,0.535940342668123,all_flows,0.0,ok,100.0,ue8_qfi1,0,0,0,135.0,99.0000000000002,all_flows,100.0,ue8_qfi1,0,0,0,135.0,99.0000000000002,data,2.0,data,ok,2.0,False,,all_flows,False,,3,0,proxy,3,0,ue7_qfi2,0.9868421052631579,152,150.0,all_flows,ue7_qfi2,0.9868421052631579,152,150.0,ok,ue7_qfi2,24.412,all_flows,ue7_qfi2,24.412,ok,8,all_flows,8,8,ok,8,ue8_qfi2,0.9587068000000001,all_flows,ue8_qfi2,0.9587068000000001,ok,0.9064468197920762,all_flows,0.9999338318988059,5,0.9998422534899933,proxy,5,0.8970355315394274,67674819.2,ok,0.011177272727272727,ok,0.9339534090909091,0.0369171875,ok,ue4_qfi1,0.4897959183673469,49,100.0,all_flows,ue4_qfi1,0.4897959183673469,49,100.0,data,0.0,data,ok,0.0,ue6_qfi1,45.25,all_flows,ue6_qfi1,45.25,ok,30.0,ue7_qfi2,1,67.75,67.75,all_flows,30.0,ue7_qfi2,1,67.75,67.75,30.303,33.0,30.303,ok,33.0,,all_flows,,pending,,all_flows,,pending,100.0,"[8, 9]",ue8_qfi1,0,0,0,135.0,99.0000000000002,data,ok,2.0,,all_flows,,pending,1,33,5.0,1.0,all_flows,0,24,0.0,1.0,,ok,ue8_qfi9,True,PF,1302740407
ue8_qfi8,300.25,300.25,300.25,300.25,all_flows,ue6_qfi1,5.75,22.25,35.75,35.75,ok,0.6456665825679613,all_flows,0.24443141813134336,ok,,ue8_qfi8,0,0,0,151.75000000000006,1.5000000000000568,all_flows,100.0,ue6_qfi1,0,0,0,131.75000000000003,100.50000000000026,data,2.0,data,ok,2.0,False,,all_flows,False,,3,0,proxy,3,0,ue3_qfi2,0.0,148,150.0,all_flows,ue3_qfi2,0.0,148,150.0,ok,ue2_qfi2,26.639,all_flows,ue2_qfi2,26.639,ok,6,all_flows,6,8,ok,8,ue3_qfi2,0.0,all_flows,ue3_qfi2,0.0,ok,0.7414204633728212,all_flows,0.8332445954352987,5,0.833143389591351,proxy,5,0.7321350212165324,53072027.2,ok,0.011761363636363636,ok,0.7427193181818181,0.07434375,ok,ue6_qfi1,0.4489795918367347,49,100.0,all_flows,ue6_qfi1,0.4489795918367347,49,100.0,data,0.0,data,ok,0.0,ue6_qfi1,30.0,all_flows,ue6_qfi1,30.0,ok,30.2,ue1_qfi2,0,0.0,0.0,all_flows,30.2,ue1_qfi2,0,0.0,0.0,30.303,33.0,30.303,ok,33.0,,all_flows,,pending,,all_flows,,pending,100.0,"[8, 9]",ue6_qfi1,0,0,0,131.75000000000003,100.50000000000026,data,ok,2.0,,all_flows,,pending,7,33,5.0,1.0,all_flows,4,24,4.98325,1.0,ue3_qfi2,ok,ue3_qfi9,True,Reservation,1302740407
ue5_qfi9,19.25,51.75,60.25,64.0,all_flows,ue3_qfi2,6.589,21.023,33.461,35.45,ok,0.5762174422010278,all_flows,0.3653095711629534,ok,100.0,ue4_qfi1,0,0,0,115.7499999999998,99.99999999999964,all_flows,100.0,ue4_qfi1,0,0,0,115.7499999999998,99.99999999999964,data,2.0,data,ok,2.0,False,,all_flows,False,,3,0,proxy,3,0,ue6_qfi2,0.0,147,150.0,all_flows,ue6_qfi2,0.0,147,150.0,ok,ue4_qfi2,24.354,all_flows,ue4_qfi2,24.354,ok,5,all_flows,5,8,ok,8,ue6_qfi2,0.0,all_flows,ue6_qfi2,0.0,ok,0.6968303592841838,all_flows,0.7499390178332275,5,0.7498599864931634,proxy,5,0.6967273836606755,59488515.2,ok,0.011020454545454545,ok,0.9347113636363636,0.037196875,ok,ue1_qfi1,0.46938775510204084,49,100.0,all_flows,ue1_qfi1,0.46938775510204084,49,100.0,data,0.0,data,ok,0.0,ue2_qfi9,46.0,all_flows,ue3_qfi2,28.861000000000004,ok,30.2,ue2_qfi2,1,68.0,68.0,all_flows,30.2,ue2_qfi2,1,68.0,68.0,30.303,33.0,30.303,ok,33.0,,all_flows,,pending,,all_flows,,pending,100.0,"[8, 9]",ue4_qfi1,0,0,0,115.7499999999998,99.99999999999964,data,ok,2.0,,all_flows,,pending,10,33,5.0,1.0,all_flows,6,24,4.98325,1.0,ue6_qfi2,ok,ue6_qfi9,True,TwoTier,1302740407
ue8_qfi8,300.0,300.25,300.25,300.25,all_flows,ue1_qfi1,4.25,15.75,28.25,28.25,ok,0.5221395291198809,all_flows,0.0,ok,100.0,ue5_qfi1,0,0,0,126.2500000000002,99.49999999999991,all_flows,100.0,ue5_qfi1,0,0,0,126.2500000000002,99.49999999999991,data,2.0,data,ok,2.0,False,,all_flows,False,,3,0,proxy,3,0,ue5_qfi2,0.993421052631579,152,150.0,all_flows,ue5_qfi2,0.993421052631579,152,150.0,ok,ue7_qfi2,25.438,all_flows,ue7_qfi2,25.438,ok,8,all_flows,8,8,ok,8,ue8_qfi2,0.9659048,all_flows,ue8_qfi2,0.9659048,ok,0.9105509613300056,all_flows,0.9999636846170462,5,0.9999289704933265,proxy,5,0.9043608951247974,69254083.2,ok,0.010984090909090909,ok,0.9321170454545454,0.0351875,ok,ue4_qfi1,0.46938775510204084,49,100.0,all_flows,ue4_qfi1,0.46938775510204084,49,100.0,data,0.0,data,ok,0.0,ue5_qfi1,24.25,all_flows,ue5_qfi1,24.25,ok,30.4,ue1_qfi2,0,0.0,0.0,all_flows,30.4,ue1_qfi2,0,0.0,0.0,30.303,33.0,30.303,ok,33.0,,all_flows,,pending,,all_flows,,pending,100.0,"[8, 9]",ue5_qfi1,0,0,0,126.2500000000002,99.49999999999991,data,ok,2.0,,all_flows,,pending,1,33,5.0,1.0,all_flows,0,24,0.0,1.0,,ok,ue8_qfi9,True,PF,2084654369
ue7_qfi9,264.75,299.0,299.75,300.0,all_flows,ue4_qfi1,1.0,12.0,25.25,25.25,ok,0.5990547348967256,all_flows,0.36559255888568387,ok,100.0,ue4_qfi1,0,0,0,125.0,100.00000000000009,all_flows,100.0,ue4_qfi1,0,0,0,125.0,100.00000000000009,data,2.0,data,ok,2.0,False,,all_flows,False,,3,0,proxy,3,0,ue3_qfi2,0.0,147,150.0,all_flows,ue3_qfi2,0.0,147,150.0,ok,ue6_qfi2,21.334,all_flows,ue6_qfi2,21.334,ok,5,all_flows,5,8,ok,8,ue3_qfi2,0.0,all_flows,ue3_qfi2,0.0,ok,0.6937707310597871,all_flows,0.7499439395401268,5,0.7499205251842334,proxy,5,0.6922249370641529,55714659.2,ok,0.011468181818181818,ok,0.7482579545454545,0.0680796875,ok,ue6_qfi1,0.4489795918367347,49,100.0,all_flows,ue6_qfi1,0.4489795918367347,49,100.0,data,0.0,data,ok,0.0,ue4_qfi9,240.25,all_flows,ue4_qfi1,24.25,ok,30.4,ue1_qfi2,0,0.0,0.0,all_flows,30.4,ue1_qfi2,0,0.0,0.0,30.303,33.0,30.303,ok,33.0,,all_flows,,pending,,all_flows,,pending,100.0,"[8, 9]",ue4_qfi1,0,0,0,125.0,100.00000000000009,data,ok,2.0,,all_flows,,pending,10,33,5.0,1.0,all_flows,6,24,4.98325,1.0,ue3_qfi2,ok,ue3_qfi9,True,Reservation,2084654369
ue7_qfi9,224.5,299.25,299.75,300.0,all_flows,ue7_qfi2,7.862,36.768,74.689,107.53,ok,0.5074608043974347,all_flows,0.1272584463438406,ok,,ue3_qfi9,0,0,0,382.75000000000017,0.0,all_flows,100.0,ue3_qfi1,0,0,0,371.24999999999943,107.25000000000004,data,2.0,data,ok,2.0,False,,all_flows,False,,3,0,proxy,3,0,ue8_qfi2,0.0,147,150.0,all_flows,ue8_qfi2,0.0,147,150.0,ok,ue3_qfi2,83.58,all_flows,ue3_qfi2,83.58,ok,6,all_flows,6,8,ok,8,ue8_qfi2,0.0,all_flows,ue8_qfi2,0.0,ok,0.8367161260747237,all_flows,0.905155133850083,5,0.8962461300540684,proxy,5,0.8255145799952609,68725464.0,ok,0.010947727272727272,ok,0.9319943181818182,0.034190625,ok,ue3_qfi1,0.35714285714285715,28,100.0,all_flows,ue3_qfi1,0.35714285714285715,28,100.0,data,0.0,data,ok,0.0,ue4_qfi9,179.75,all_flows,ue7_qfi2,99.668,ok,30.2,ue3_qfi2,12,126.75,1024.25,all_flows,30.2,ue3_qfi2,12,126.75,1024.25,30.303,33.0,30.303,ok,33.0,,all_flows,,pending,,all_flows,,pending,100.0,"[8, 9]",ue3_qfi1,0,0,0,371.24999999999943,107.25000000000004,data,ok,2.0,,all_flows,,pending,4,33,5.0,1.0,all_flows,2,24,4.98325,1.0,ue8_qfi2,ok,ue8_qfi8,True,TwoTier,2084654369
ue8_qfi8,300.0,300.25,300.25,300.25,all_flows,ue6_qfi1,6.5,24.0,30.25,30.25,ok,0.526130240172972,all_flows,0.0,ok,100.0,ue3_qfi1,0,0,0,128.25000000000043,99.74999999999935,all_flows,100.0,ue3_qfi1,0,0,0,128.25000000000043,99.74999999999935,data,2.0,data,ok,2.0,False,,all_flows,False,,3,0,proxy,3,0,ue1_qfi2,1.0,152,150.0,all_flows,ue1_qfi2,1.0,152,150.0,ok,ue6_qfi2,24.966,all_flows,ue6_qfi2,24.966,ok,8,all_flows,8,8,ok,8,ue2_qfi2,0.9681428000000001,all_flows,ue2_qfi2,0.9681428000000001,ok,0.9100624640200096,all_flows,0.9999543663769173,5,0.9999280337975406,proxy,5,0.9053167059465597,69049654.4,ok,0.010786363636363636,ok,0.9318113636363636,0.0346234375,ok,ue3_qfi1,0.5102040816326531,49,100.0,all_flows,ue3_qfi1,0.5102040816326531,49,100.0,data,0.0,data,ok,0.0,ue3_qfi1,25.25,all_flows,ue3_qfi1,25.25,ok,30.4,ue1_qfi2,0,0.0,0.0,all_flows,30.4,ue1_qfi2,0,0.0,0.0,30.303,33.0,30.303,ok,33.0,,all_flows,,pending,,all_flows,,pending,100.0,"[8, 9]",ue3_qfi1,0,0,0,128.25000000000043,99.74999999999935,data,ok,2.0,,all_flows,,pending,1,33,5.0,1.0,all_flows,0,24,0.0,1.0,,ok,ue8_qfi9,True,PF,1566581934
ue8_qfi8,300.25,300.25,300.25,300.25,all_flows,ue1_qfi1,5.75,23.25,28.0,28.0,ok,0.6318419733907352,all_flows,0.24458513315888392,ok,100.0,ue1_qfi1,0,0,0,127.7499999999998,98.74999999999989,all_flows,100.0,ue1_qfi1,0,0,0,127.7499999999998,98.74999999999989,data,2.0,data,ok,2.0,False,,all_flows,False,,3,0,proxy,3,0,ue4_qfi2,0.0,148,150.0,all_flows,ue4_qfi2,0.0,148,150.0,ok,ue8_qfi2,25.037,all_flows,ue8_qfi2,25.037,ok,6,all_flows,6,8,ok,8,ue4_qfi2,0.0,all_flows,ue4_qfi2,0.0,ok,0.7466499476579246,all_flows,0.8332835711279725,5,0.8332446287016048,proxy,5,0.7437503242018771,54969764.8,ok,0.011395454545454545,ok,0.7418181818181818,0.0681140625,ok,ue5_qfi1,0.4489795918367347,49,100.0,all_flows,ue5_qfi1,0.4489795918367347,49,100.0,data,0.0,data,ok,0.0,ue1_qfi1,22.25,all_flows,ue1_qfi1,22.25,ok,30.4,ue1_qfi2,0,0.0,0.0,all_flows,30.4,ue1_qfi2,0,0.0,0.0,30.303,33.0,30.303,ok,33.0,,all_flows,,pending,,all_flows,,pending,100.0,"[8, 9]",ue1_qfi1,0,0,0,127.7499999999998,98.74999999999989,data,ok,2.0,,all_flows,,pending,7,33,5.0,1.0,all_flows,4,24,4.98325,1.0,ue4_qfi2,ok,ue4_qfi9,True,Reservation,1566581934
ue6_qfi9,246.25,299.25,299.75,300.0,all_flows,ue6_qfi2,7.375,22.679,57.406,72.646,ok,0.5158243263506235,all_flows,0.24303960163861218,ok,100.0,ue3_qfi1,0,0,0,135.24999999999986,99.50000000000014,all_flows,100.0,ue3_qfi1,0,0,0,135.24999999999986,99.50000000000014,data,2.0,data,ok,2.0,False,,all_flows,False,,3,0,proxy,3,0,ue7_qfi2,0.0,147,150.0,all_flows,ue7_qfi2,0.0,147,150.0,ok,ue6_qfi2,31.25,all_flows,ue6_qfi2,31.25,ok,6,all_flows,6,8,ok,8,ue7_qfi2,0.0,all_flows,ue7_qfi2,0.0,ok,0.7833963403542169,all_flows,0.8331158453844937,5,0.8330018702242091,proxy,5,0.7808943761287255,67567000.0,ok,0.010663636363636363,ok,0.9319954545454545,0.035196875,ok,ue2_qfi1,0.5102040816326531,49,100.0,all_flows,ue2_qfi1,0.5102040816326531,49,100.0,data,0.0,data,ok,0.0,ue4_qfi9,190.0,all_flows,ue6_qfi2,65.271,ok,30.0,ue2_qfi2,4,94.75,322.5,all_flows,30.0,ue2_qfi2,4,94.75,322.5,30.303,33.0,30.303,ok,33.0,,all_flows,,pending,,all_flows,,pending,100.0,"[8, 9]",ue3_qfi1,0,0,0,135.24999999999986,99.50000000000014,data,ok,2.0,,all_flows,,pending,7,33,5.0,1.0,all_flows,4,24,4.98325,1.0,ue7_qfi2,ok,ue7_qfi9,True,TwoTier,1566581934
ue8_qfi8,300.0,300.25,300.25,300.25,all_flows,ue5_qfi1,4.5,21.75,52.0,52.0,ok,0.5368699461118034,all_flows,0.0,ok,100.0,ue5_qfi1,0,0,0,136.24999999999955,100.24999999999994,all_flows,100.0,ue5_qfi1,0,0,0,136.24999999999955,100.24999999999994,data,2.0,data,ok,2.0,False,,all_flows,False,,3,0,proxy,3,0,ue1_qfi2,1.0,152,150.0,all_flows,ue1_qfi2,1.0,152,150.0,ok,ue5_qfi2,27.72,all_flows,ue5_qfi2,27.72,ok,8,all_flows,8,8,ok,8,ue6_qfi2,0.9546816,all_flows,ue6_qfi2,0.9546816,ok,0.9045804278917775,all_flows,0.9999490141033874,5,0.9999179281541478,proxy,5,0.895630363543354,67188792.0,ok,0.011261363636363637,ok,0.9312545454545454,0.0370890625,ok,ue6_qfi1,0.4489795918367347,49,100.0,all_flows,ue6_qfi1,0.4489795918367347,49,100.0,data,0.0,data,ok,0.0,ue5_qfi1,47.5,all_flows,ue5_qfi1,47.5,ok,30.4,ue1_qfi2,0,0.0,0.0,all_flows,30.4,ue1_qfi2,0,0.0,0.0,30.303,33.0,30.303,ok,33.0,,all_flows,,pending,,all_flows,,pending,100.0,"[8, 9]",ue5_qfi1,0,0,0,136.24999999999955,100.24999999999994,data,ok,2.0,,all_flows,,pending,1,33,5.0,1.0,all_flows,0,24,0.0,1.0,,ok,ue8_qfi9,True,PF,1357791198
ue8_qfi8,300.25,300.25,300.25,300.25,all_flows,ue2_qfi1,12.0,27.0,43.0,43.0,ok,0.6407801905873959,all_flows,0.12153226204516765,ok,,ue8_qfi8,0,0,0,165.2500000000001,2.2500000000000853,all_flows,100.0,ue6_qfi1,0,0,0,138.9999999999998,99.49999999999991,data,2.0,data,ok,2.0,False,,all_flows,False,,3,0,proxy,3,0,ue7_qfi2,0.0,147,150.0,all_flows,ue7_qfi2,0.0,147,150.0,ok,ue5_qfi2,31.558,all_flows,ue5_qfi2,31.558,ok,6,all_flows,6,8,ok,8,ue7_qfi2,0.0,all_flows,ue7_qfi2,0.0,ok,0.8010628441094193,all_flows,0.9165471857116054,5,0.9164992779203728,proxy,5,0.7948594471774268,52916966.4,ok,0.01181590909090909,ok,0.7420034090909091,0.073084375,ok,ue5_qfi1,0.42857142857142855,49,100.0,all_flows,ue5_qfi1,0.42857142857142855,49,100.0,data,0.0,data,ok,0.0,ue2_qfi1,31.0,all_flows,ue2_qfi1,31.0,ok,30.2,ue4_qfi2,1,71.0,71.0,all_flows,30.2,ue4_qfi2,1,71.0,71.0,30.303,33.0,30.303,ok,33.0,,all_flows,,pending,,all_flows,,pending,100.0,"[8, 9]",ue6_qfi1,0,0,0,138.9999999999998,99.49999999999991,data,ok,2.0,,all_flows,,pending,4,33,5.0,1.0,all_flows,2,24,4.98325,1.0,ue7_qfi2,ok,ue7_qfi9,True,Reservation,1357791198
ue4_qfi9,21.75,57.0,62.5,65.25,all_flows,ue5_qfi2,7.323,21.858,27.901,31.901,ok,0.5765755734346673,all_flows,0.36565948078179755,ok,100.0,ue5_qfi1,0,0,0,127.5000000000004,99.75,all_flows,100.0,ue5_qfi1,0,0,0,127.5000000000004,99.75,data,2.0,data,ok,2.0,False,,all_flows,False,,3,0,proxy,3,0,ue6_qfi2,0.0,148,150.0,all_flows,ue6_qfi2,0.0,148,150.0,ok,ue5_qfi2,27.073,all_flows,ue5_qfi2,27.073,ok,5,all_flows,5,8,ok,8,ue6_qfi2,0.0,all_flows,ue6_qfi2,0.0,ok,0.6969079505123739,all_flows,0.7499624991959541,5,0.7499417870500492,proxy,5,0.6968777750394974,59401009.6,ok,0.011181818181818182,ok,0.9320329545454545,0.038028125,ok,ue3_qfi1,0.46938775510204084,49,100.0,all_flows,ue3_qfi1,0.46938775510204084,49,100.0,data,0.0,data,ok,0.0,ue4_qfi9,43.5,all_flows,ue5_qfi1,26.25,ok,30.4,ue4_qfi2,1,68.0,68.0,all_flows,30.4,ue4_qfi2,1,68.0,68.0,30.303,33.0,30.303,ok,33.0,,all_flows,,pending,,all_flows,,pending,100.0,"[8, 9]",ue5_qfi1,0,0,0,127.5000000000004,99.75,data,ok,2.0,,all_flows,,pending,10,33,5.0,1.0,all_flows,6,24,4.98325,1.0,ue6_qfi2,ok,ue6_qfi9,True,TwoTier,1357791198
ue8_qfi8,300.0,300.25,300.25,300.25,all_flows,ue2_qfi1,3.25,17.5,30.5,30.5,ok,0.5244775960370486,all_flows,0.0,ok,100.0,ue4_qfi1,0,0,0,127.25000000000009,99.74999999999979,all_flows,100.0,ue4_qfi1,0,0,0,127.25000000000009,99.74999999999979,data,2.0,data,ok,2.0,False,,all_flows,False,,3,0,proxy,3,0,ue1_qfi2,0.993421052631579,152,150.0,all_flows,ue1_qfi2,0.993421052631579,152,150.0,ok,ue7_qfi2,25.208,all_flows,ue7_qfi2,25.208,ok,8,all_flows,8,8,ok,8,ue1_qfi2,0.9630972,all_flows,ue1_qfi2,0.9630972,ok,0.9105017424425343,all_flows,0.9999496061782889,5,0.9999338078740077,proxy,5,0.9045180988832066,69158972.8,ok,0.010684090909090909,ok,0.9335602272727272,0.035328125,ok,ue1_qfi1,0.46938775510204084,49,100.0,all_flows,ue1_qfi1,0.46938775510204084,49,100.0,data,0.0,data,ok,0.0,ue2_qfi1,27.25,all_flows,ue2_qfi1,27.25,ok,30.2,ue1_qfi2,1,66.5,66.5,all_flows,30.2,ue1_qfi2,1,66.5,66.5,30.303,33.0,30.303,ok,33.0,,all_flows,,pending,,all_flows,,pending,100.0,"[8, 9]",ue4_qfi1,0,0,0,127.25000000000009,99.74999999999979,data,ok,2.0,,all_flows,,pending,1,33,5.0,1.0,all_flows,0,24,0.0,1.0,,ok,ue8_qfi9,True,PF,1167425778
ue8_qfi8,300.25,300.25,300.25,300.25,all_flows,ue3_qfi1,9.25,23.5,39.75,39.75,ok,0.6377009190032883,all_flows,0.24470557684429992,ok,,ue8_qfi8,0,0,0,135.00000000000068,2.4999999999999467,all_flows,100.0,ue3_qfi1,0,0,0,133.9999999999999,99.24999999999962,data,2.0,data,ok,2.0,False,,all_flows,False,,3,0,proxy,3,0,ue4_qfi2,0.0,147,150.0,all_flows,ue4_qfi2,0.0,147,150.0,ok,ue6_qfi2,25.358,all_flows,ue6_qfi2,25.358,ok,6,all_flows,6,8,ok,8,ue4_qfi2,0.0,all_flows,ue4_qfi2,0.0,ok,0.7445307622466967,all_flows,0.833260475670367,5,0.8332047419070151,proxy,5,0.7409506260427942,54145504.0,ok,0.011377272727272727,ok,0.7443636363636363,0.0691734375,ok,ue2_qfi1,0.4489795918367347,49,100.0,all_flows,ue2_qfi1,0.4489795918367347,49,100.0,data,0.0,data,ok,0.0,ue7_qfi1,31.25,all_flows,ue7_qfi1,31.25,ok,30.4,ue1_qfi2,0,0.0,0.0,all_flows,30.4,ue1_qfi2,0,0.0,0.0,30.303,33.0,30.303,ok,33.0,,all_flows,,pending,,all_flows,,pending,100.0,"[8, 9]",ue3_qfi1,0,0,0,133.9999999999999,99.24999999999962,data,ok,2.0,,all_flows,,pending,7,33,5.0,1.0,all_flows,4,24,4.98325,1.0,ue4_qfi2,ok,ue4_qfi9,True,Reservation,1167425778
ue1_qfi9,176.0,298.5,299.5,300.0,all_flows,ue6_qfi2,6.416,18.438,35.145,70.713,ok,0.5078765497064617,all_flows,0.24427107794090622,ok,100.0,ue4_qfi1,0,0,0,124.49999999999983,100.00000000000009,all_flows,100.0,ue4_qfi1,0,0,0,124.49999999999983,100.00000000000009,data,2.0,data,ok,2.0,False,,all_flows,False,,3,0,proxy,3,0,ue7_qfi2,0.0,148,150.0,all_flows,ue7_qfi2,0.0,148,150.0,ok,ue5_qfi2,32.255,all_flows,ue5_qfi2,32.255,ok,6,all_flows,6,8,ok,8,ue7_qfi2,0.0,all_flows,ue7_qfi2,0.0,ok,0.7850947655241939,all_flows,0.833264826812185,5,0.8331014443776078,proxy,5,0.7837279126102739,68794542.4,ok,0.010870454545454546,ok,0.9336670454545455,0.034859375,ok,ue1_qfi1,0.46938775510204084,49,100.0,all_flows,ue1_qfi1,0.46938775510204084,49,100.0,data,0.0,data,ok,0.0,ue6_qfi9,172.75,all_flows,ue6_qfi2,64.297,ok,30.4,ue5_qfi2,5,99.25,418.0,all_flows,30.4,ue5_qfi2,5,99.25,418.0,30.303,33.0,30.303,ok,33.0,,all_flows,,pending,,all_flows,,pending,100.0,"[8, 9]",ue4_qfi1,0,0,0,124.49999999999983,100.00000000000009,data,ok,2.0,,all_flows,,pending,7,33,5.0,1.0,all_flows,4,24,4.98325,1.0,ue7_qfi2,ok,ue7_qfi9,True,TwoTier,1167425778
ue8_qfi8,300.0,300.25,300.25,300.25,all_flows,ue3_qfi1,5.5,21.5,37.0,37.0,ok,0.5349114937046123,all_flows,0.0,ok,100.0,ue3_qfi1,0,0,0,136.74999999999972,99.49999999999991,all_flows,100.0,ue3_qfi1,0,0,0,136.74999999999972,99.49999999999991,data,2.0,data,ok,2.0,False,,all_flows,False,,3,0,proxy,3,0,ue1_qfi2,1.0,152,150.0,all_flows,ue1_qfi2,1.0,152,150.0,ok,ue3_qfi2,26.506,all_flows,ue3_qfi2,26.506,ok,8,all_flows,8,8,ok,8,ue4_qfi2,0.9556796,all_flows,ue4_qfi2,0.9556796,ok,0.9056406656685242,all_flows,0.9999579713970036,5,0.9999138692862913,proxy,5,0.9038903873385121,67658563.2,ok,0.011143181818181818,ok,0.9308,0.03615625,ok,ue2_qfi1,0.5306122448979592,49,100.0,all_flows,ue2_qfi1,0.5306122448979592,49,100.0,data,0.0,data,ok,0.0,ue3_qfi1,31.5,all_flows,ue3_qfi1,31.5,ok,30.4,ue1_qfi2,0,0.0,0.0,all_flows,30.4,ue1_qfi2,0,0.0,0.0,30.303,33.0,30.303,ok,33.0,,all_flows,,pending,,all_flows,,pending,100.0,"[8, 9]",ue3_qfi1,0,0,0,136.74999999999972,99.49999999999991,data,ok,2.0,,all_flows,,pending,1,33,5.0,1.0,all_flows,0,24,0.0,1.0,,ok,ue8_qfi9,True,PF,1202413557
ue7_qfi9,294.0,299.75,300.0,300.25,all_flows,ue5_qfi1,6.5,24.5,36.75,36.75,ok,0.6240174058039262,all_flows,0.24073730614746586,ok,100.0,ue3_qfi1,0,0,0,128.0000000000001,99.49999999999991,all_flows,100.0,ue3_qfi1,0,0,0,128.0000000000001,99.49999999999991,data,2.0,data,ok,2.0,False,,all_flows,False,,3,0,proxy,3,0,ue4_qfi2,0.0,148,150.0,all_flows,ue4_qfi2,0.0,148,150.0,ok,ue7_qfi2,25.528,all_flows,ue7_qfi2,25.528,ok,6,all_flows,6,8,ok,8,ue4_qfi2,0.0,all_flows,ue4_qfi2,0.0,ok,0.7616043686852745,all_flows,0.8332387145739155,5,0.8331843854899709,proxy,5,0.7594759375851013,52922699.2,ok,0.011586363636363636,ok,0.7427579545454546,0.074796875,ok,ue2_qfi1,0.4489795918367347,49,100.0,all_flows,ue2_qfi1,0.4489795918367347,49,100.0,data,0.0,data,ok,0.0,ue5_qfi1,30.25,all_flows,ue5_qfi1,30.25,ok,30.2,ue1_qfi2,1,77.5,77.5,all_flows,30.2,ue1_qfi2,1,77.5,77.5,30.303,33.0,30.303,ok,33.0,,all_flows,,pending,,all_flows,,pending,100.0,"[8, 9]",ue3_qfi1,0,0,0,128.0000000000001,99.49999999999991,data,ok,2.0,,all_flows,,pending,7,33,5.0,1.0,all_flows,4,24,4.98325,1.0,ue4_qfi2,ok,ue4_qfi9,True,Reservation,1202413557
ue3_qfi9,235.25,299.5,300.0,300.0,all_flows,ue3_qfi1,5.75,76.5,93.5,93.5,ok,0.5296571941730388,all_flows,0.24372777635961362,ok,100.0,ue3_qfi1,0,0,0,267.2499999999998,99.75000000000011,all_flows,100.0,ue3_qfi1,0,0,0,267.2499999999998,99.75000000000011,data,2.0,data,ok,2.0,False,,all_flows,False,,3,0,proxy,3,0,ue7_qfi2,0.0,148,150.0,all_flows,ue7_qfi2,0.0,148,150.0,ok,ue3_qfi2,54.626,all_flows,ue3_qfi2,54.626,ok,6,all_flows,6,8,ok,8,ue7_qfi2,0.0,all_flows,ue7_qfi2,0.0,ok,0.7735615713638986,all_flows,0.832871911815268,5,0.8318808115821716,proxy,5,0.7590606123882224,65784163.2,ok,0.011115909090909091,ok,0.9309909090909091,0.037075,ok,ue2_qfi1,0.46938775510204084,49,100.0,all_flows,ue2_qfi1,0.46938775510204084,49,100.0,data,0.0,data,ok,0.0,ue6_qfi9,194.5,all_flows,ue3_qfi1,87.75,ok,30.4,ue4_qfi2,6,88.5,471.75,all_flows,30.4,ue4_qfi2,6,88.5,471.75,30.303,33.0,30.303,ok,33.0,,all_flows,,pending,,all_flows,,pending,100.0,"[8, 9]",ue3_qfi1,0,0,0,267.2499999999998,99.75000000000011,data,ok,2.0,,all_flows,,pending,7,33,5.0,1.0,all_flows,4,24,4.98325,1.0,ue7_qfi2,ok,ue7_qfi9,True,TwoTier,1202413557
ue8_qfi8,300.0,300.25,300.25,300.25,all_flows,ue5_qfi1,5.5,21.0,37.25,37.25,ok,0.5328793961137561,all_flows,0.0,ok,100.0,ue5_qfi1,0,0,0,130.50000000000006,100.00000000000009,all_flows,100.0,ue5_qfi1,0,0,0,130.50000000000006,100.00000000000009,data,2.0,data,ok,2.0,False,,all_flows,False,,3,0,proxy,3,0,ue1_qfi2,1.0,152,150.0,all_flows,ue1_qfi2,1.0,152,150.0,ok,ue4_qfi2,26.573,all_flows,ue4_qfi2,26.573,ok,8,all_flows,8,8,ok,8,ue2_qfi2,0.9571508000000001,all_flows,ue2_qfi2,0.9571508000000001,ok,0.9069537681119112,all_flows,0.9999428876928317,5,0.9999055903804356,proxy,5,0.8975204441436979,67924228.8,ok,0.010820454545454546,ok,0.9311772727272727,0.0361078125,ok,ue5_qfi1,0.4897959183673469,49,100.0,all_flows,ue5_qfi1,0.4897959183673469,49,100.0,data,0.0,data,ok,0.0,ue5_qfi1,31.75,all_flows,ue5_qfi1,31.75,ok,30.4,ue1_qfi2,0,0.0,0.0,all_flows,30.4,ue1_qfi2,0,0.0,0.0,30.303,33.0,30.303,ok,33.0,,all_flows,,pending,,all_flows,,pending,100.0,"[8, 9]",ue5_qfi1,0,0,0,130.50000000000006,100.00000000000009,data,ok,2.0,,all_flows,,pending,1,33,5.0,1.0,all_flows,0,24,0.0,1.0,,ok,ue8_qfi9,True,PF,2008052738
ue8_qfi8,300.0,300.25,300.25,300.25,all_flows,ue8_qfi1,6.75,21.0,39.25,39.25,ok,0.6487819671720279,all_flows,0.24323519193822465,ok,100.0,ue5_qfi1,0,0,0,132.49999999999983,99.75000000000023,all_flows,100.0,ue5_qfi1,0,0,0,132.49999999999983,99.75000000000023,data,2.0,data,ok,2.0,False,,all_flows,False,,3,0,proxy,3,0,ue3_qfi2,0.0,147,150.0,all_flows,ue3_qfi2,0.0,147,150.0,ok,ue5_qfi2,26.372,all_flows,ue5_qfi2,26.372,ok,6,all_flows,6,8,ok,8,ue3_qfi2,0.0,all_flows,ue3_qfi2,0.0,ok,0.7401525714823715,all_flows,0.8332387499100454,5,0.8331711655312045,proxy,5,0.7291675544072984,52530140.8,ok,0.011652272727272728,ok,0.74215,0.0740875,ok,ue5_qfi1,0.5306122448979592,49,100.0,all_flows,ue5_qfi1,0.5306122448979592,49,100.0,data,0.0,data,ok,0.0,ue8_qfi1,32.5,all_flows,ue8_qfi1,32.5,ok,30.2,ue6_qfi2,1,69.25,69.25,all_flows,30.2,ue6_qfi2,1,69.25,69.25,30.303,33.0,30.303,ok,33.0,,all_flows,,pending,,all_flows,,pending,100.0,"[8, 9]",ue5_qfi1,0,0,0,132.49999999999983,99.75000000000023,data,ok,2.0,,all_flows,,pending,7,33,5.0,1.0,all_flows,4,24,4.98325,1.0,ue3_qfi2,ok,ue3_qfi9,True,Reservation,2008052738
ue5_qfi9,27.25,51.75,59.75,65.75,all_flows,ue2_qfi2,5.598,20.915,24.689,26.666,ok,0.5769026614366638,all_flows,0.3669689308102323,ok,100.0,ue2_qfi1,0,0,0,118.74999999999991,100.24999999999994,all_flows,100.0,ue2_qfi1,0,0,0,118.74999999999991,100.24999999999994,data,2.0,data,ok,2.0,False,,all_flows,False,,3,0,proxy,3,0,ue6_qfi2,0.0,148,150.0,all_flows,ue6_qfi2,0.0,148,150.0,ok,ue2_qfi2,23.09,all_flows,ue2_qfi2,23.09,ok,5,all_flows,5,8,ok,8,ue6_qfi2,0.0,all_flows,ue6_qfi2,0.0,ok,0.6968999647542269,all_flows,0.7499698172225024,5,0.7499585774980251,proxy,5,0.6968675696274902,59311128.0,ok,0.010586363636363637,ok,0.9303761363636364,0.03541875,ok,ue4_qfi1,0.46938775510204084,49,100.0,all_flows,ue4_qfi1,0.46938775510204084,49,100.0,data,0.0,data,ok,0.0,ue2_qfi9,39.5,all_flows,ue2_qfi2,21.068,ok,30.4,ue1_qfi2,0,0.0,0.0,all_flows,30.4,ue1_qfi2,0,0.0,0.0,30.303,33.0,30.303,ok,33.0,,all_flows,,pending,,all_flows,,pending,100.0,"[8, 9]",ue2_qfi1,0,0,0,118.74999999999991,100.24999999999994,data,ok,2.0,,all_flows,,pending,10,33,5.0,1.0,all_flows,6,24,4.98325,1.0,ue6_qfi2,ok,ue6_qfi9,True,TwoTier,2008052738
ue8_qfi8,300.0,300.25,300.25,300.25,all_flows,ue7_qfi1,6.5,18.5,53.0,53.0,ok,0.5467732851316,all_flows,0.0,ok,100.0,ue6_qfi1,0,0,0,127.49999999999994,99.75,all_flows,100.0,ue6_qfi1,0,0,0,127.49999999999994,99.75,data,2.0,data,ok,2.0,False,,all_flows,False,,3,0,proxy,3,0,ue4_qfi2,0.993421052631579,152,150.0,all_flows,ue4_qfi2,0.993421052631579,152,150.0,ok,ue7_qfi2,24.792,all_flows,ue7_qfi2,24.792,ok,8,all_flows,8,8,ok,8,ue4_qfi2,0.9617464,all_flows,ue4_qfi2,0.9617464,ok,0.90166982437727,all_flows,0.9999543463611005,5,0.9999165195119111,proxy,5,0.8942025092791774,65766336.0,ok,0.011643181818181818,ok,0.9291886363636364,0.0380578125,ok,ue4_qfi1,0.4897959183673469,49,100.0,all_flows,ue4_qfi1,0.4897959183673469,49,100.0,data,0.0,data,ok,0.0,ue7_qfi1,46.5,all_flows,ue7_qfi1,46.5,ok,30.2,ue4_qfi2,1,66.75,66.75,all_flows,30.2,ue4_qfi2,1,66.75,66.75,30.303,33.0,30.303,ok,33.0,,all_flows,,pending,,all_flows,,pending,100.0,"[8, 9]",ue6_qfi1,0,0,0,127.49999999999994,99.75,data,ok,2.0,,all_flows,,pending,1,33,5.0,1.0,all_flows,0,24,0.0,1.0,,ok,ue8_qfi9,True,PF,595598245
ue8_qfi8,300.25,300.25,300.25,300.25,all_flows,ue8_qfi1,6.75,23.5,29.75,29.75,ok,0.6497846019971596,all_flows,0.24370936196315737,ok,,ue8_qfi8,0,0,0,142.50000000000006,1.5000000000000568,all_flows,100.0,ue6_qfi1,0,0,0,126.50000000000006,98.75000000000011,data,2.0,data,ok,2.0,False,,all_flows,False,,3,0,proxy,3,0,ue3_qfi2,0.0,147,150.0,all_flows,ue3_qfi2,0.0,147,150.0,ok,ue2_qfi2,25.804,all_flows,ue2_qfi2,25.804,ok,6,all_flows,6,8,ok,8,ue3_qfi2,0.0,all_flows,ue3_qfi2,0.0,ok,0.7400312996422581,all_flows,0.8332230441500139,5,0.8331738976860295,proxy,5,0.7359084602818617,52025915.2,ok,0.011847727272727272,ok,0.7427727272727273,0.0754828125,ok,ue1_qfi1,0.42857142857142855,49,100.0,all_flows,ue1_qfi1,0.42857142857142855,49,100.0,data,0.0,data,ok,0.0,ue2_qfi1,24.0,all_flows,ue2_qfi1,24.0,ok,30.2,ue2_qfi2,1,68.75,68.75,all_flows,30.2,ue2_qfi2,1,68.75,68.75,30.303,33.0,30.303,ok,33.0,,all_flows,,pending,,all_flows,,pending,100.0,"[8, 9]",ue6_qfi1,0,0,0,126.50000000000006,98.75000000000011,data,ok,2.0,,all_flows,,pending,7,33,5.0,1.0,all_flows,4,24,4.98325,1.0,ue3_qfi2,ok,ue3_qfi9,True,Reservation,595598245
ue6_qfi9,226.5,299.25,299.75,300.0,all_flows,ue4_qfi2,6.967,34.488,48.75,52.925,ok,0.5268019353120457,all_flows,0.24455389272429134,ok,100.0,ue3_qfi1,0,0,0,128.24999999999997,100.00000000000009,all_flows,100.0,ue3_qfi1,0,0,0,128.24999999999997,100.00000000000009,data,2.0,data,ok,2.0,False,,all_flows,False,,3,0,proxy,3,0,ue7_qfi2,0.0,147,150.0,all_flows,ue7_qfi2,0.0,147,150.0,ok,ue4_qfi2,36.873,all_flows,ue4_qfi2,36.873,ok,6,all_flows,6,8,ok,8,ue7_qfi2,0.0,all_flows,ue7_qfi2,0.0,ok,0.7807186596694801,all_flows,0.833248870752989,5,0.8331191890093631,proxy,5,0.7747906973603782,66065566.4,ok,0.011418181818181819,ok,0.9290875,0.0363140625,ok,ue4_qfi1,0.46938775510204084,49,100.0,all_flows,ue4_qfi1,0.46938775510204084,49,100.0,data,0.0,data,ok,0.0,ue5_qfi9,174.0,all_flows,ue4_qfi2,45.958,ok,30.2,ue4_qfi2,7,94.5,547.5,all_flows,30.2,ue4_qfi2,7,94.5,547.5,30.303,33.0,30.303,ok,33.0,,all_flows,,pending,,all_flows,,pending,100.0,"[8, 9]",ue3_qfi1,0,0,0,128.24999999999997,100.00000000000009,data,ok,2.0,,all_flows,,pending,7,33,5.0,1.0,all_flows,4,24,4.98325,1.0,ue7_qfi2,ok,ue7_qfi9,True,TwoTier,595598245
ue8_qfi8,300.0,300.25,300.25,300.25,all_flows,ue5_qfi1,7.0,22.75,50.75,50.75,ok,0.5302888508818394,all_flows,0.0,ok,100.0,ue5_qfi1,0,0,0,141.75000000000006,99.50000000000037,all_flows,100.0,ue5_qfi1,0,0,0,141.75000000000006,99.50000000000037,data,2.0,data,ok,2.0,False,,all_flows,False,,3,0,proxy,3,0,ue6_qfi2,0.993421052631579,152,150.0,all_flows,ue6_qfi2,0.993421052631579,152,150.0,ok,ue5_qfi2,25.69,all_flows,ue5_qfi2,25.69,ok,8,all_flows,8,8,ok,8,ue4_qfi2,0.9588011999999999,all_flows,ue4_qfi2,0.9588011999999999,ok,0.9089301389677285,all_flows,0.9999534200141202,5,0.9999203509301202,proxy,5,0.9035479387704867,68317134.4,ok,0.010729545454545455,ok,0.9322852272727272,0.0360359375,ok,ue6_qfi1,0.46938775510204084,49,100.0,all_flows,ue6_qfi1,0.46938775510204084,49,100.0,data,0.0,data,ok,0.0,ue5_qfi1,43.75,all_flows,ue5_qfi1,43.75,ok,30.4,ue1_qfi2,0,0.0,0.0,all_flows,30.4,ue1_qfi2,0,0.0,0.0,30.303,33.0,30.303,ok,33.0,,all_flows,,pending,,all_flows,,pending,100.0,"[8, 9]",ue5_qfi1,0,0,0,141.75000000000006,99.50000000000037,data,ok,2.0,,all_flows,,pending,1,33,5.0,1.0,all_flows,0,24,0.0,1.0,,ok,ue8_qfi9,True,PF,1752032165
ue7_qfi9,296.25,299.75,300.0,300.25,all_flows,ue3_qfi1,6.25,24.75,36.75,36.75,ok,0.6182995487561519,all_flows,0.24465184357838266,ok,100.0,ue2_qfi1,0,0,0,128.75000000000014,100.24999999999994,all_flows,100.0,ue2_qfi1,0,0,0,128.75000000000014,100.24999999999994,data,2.0,data,ok,2.0,False,,all_flows,False,,3,0,proxy,3,0,ue6_qfi2,0.0,147,150.0,all_flows,ue6_qfi2,0.0,147,150.0,ok,ue3_qfi2,24.484,all_flows,ue3_qfi2,24.484,ok,6,all_flows,6,8,ok,8,ue6_qfi2,0.0,all_flows,ue6_qfi2,0.0,ok,0.764659467232783,all_flows,0.8332408084354659,5,0.8332070719355457,proxy,5,0.7597791381849174,53655681.6,ok,0.011393181818181818,ok,0.742703409090909,0.0713140625,ok,ue1_qfi1,0.46938775510204084,49,100.0,all_flows,ue1_qfi1,0.46938775510204084,49,100.0,data,0.0,data,ok,0.0,ue3_qfi1,30.5,all_flows,ue3_qfi1,30.5,ok,30.2,ue5_qfi2,1,77.25,77.25,all_flows,30.2,ue5_qfi2,1,77.25,77.25,30.303,33.0,30.303,ok,33.0,,all_flows,,pending,,all_flows,,pending,100.0,"[8, 9]",ue2_qfi1,0,0,0,128.75000000000014,100.24999999999994,data,ok,2.0,,all_flows,,pending,7,33,5.0,1.0,all_flows,4,24,4.98325,1.0,ue6_qfi2,ok,ue6_qfi9,True,Reservation,1752032165
ue4_qfi9,21.5,46.0,51.75,56.5,all_flows,ue3_qfi2,5.972,18.832,23.04,26.123,ok,0.5765362958514509,all_flows,0.3669580680649284,ok,100.0,ue4_qfi1,0,0,0,114.24999999999974,99.50000000000081,all_flows,100.0,ue4_qfi1,0,0,0,114.24999999999974,99.50000000000081,data,2.0,data,ok,2.0,False,,all_flows,False,,3,0,proxy,3,0,ue6_qfi2,0.0,147,150.0,all_flows,ue6_qfi2,0.0,147,150.0,ok,ue3_qfi2,21.675,all_flows,ue3_qfi2,21.675,ok,5,all_flows,5,8,ok,8,ue6_qfi2,0.0,all_flows,ue6_qfi2,0.0,ok,0.6969046931010876,all_flows,0.7499784042478252,5,0.7499679758488206,proxy,5,0.6968600850711695,59457132.8,ok,0.010511363636363636,ok,0.9317295454545454,0.0369046875,ok,ue1_qfi1,0.40816326530612246,49,100.0,all_flows,ue1_qfi1,0.40816326530612246,49,100.0,data,0.0,data,ok,0.0,ue4_qfi9,35.0,all_flows,ue3_qfi2,20.151,ok,30.4,ue1_qfi2,0,0.0,0.0,all_flows,30.4,ue1_qfi2,0,0.0,0.0,30.303,33.0,30.303,ok,33.0,,all_flows,,pending,,all_flows,,pending,100.0,"[8, 9]",ue4_qfi1,0,0,0,114.24999999999974,99.50000000000081,data,ok,2.0,,all_flows,,pending,10,33,5.0,1.0,all_flows,6,24,4.98325,1.0,ue6_qfi2,ok,ue6_qfi9,True,TwoTier,1752032165
ue8_qfi8,300.0,300.25,300.25,300.25,all_flows,ue7_qfi1,4.25,23.25,30.25,30.25,ok,0.5414449840471595,all_flows,0.0,ok,100.0,ue7_qfi1,0,0,0,129.49999999999972,99.75,all_flows,100.0,ue7_qfi1,0,0,0,129.49999999999972,99.75,data,2.0,data,ok,2.0,False,,all_flows,False,,3,0,proxy,3,0,ue1_qfi2,1.0,152,150.0,all_flows,ue1_qfi2,1.0,152,150.0,ok,ue7_qfi2,26.5,all_flows,ue7_qfi2,26.5,ok,8,all_flows,8,8,ok,8,ue8_qfi2,0.9604916,all_flows,ue8_qfi2,0.9604916,ok,0.9043517715254176,all_flows,0.9999618334080083,5,0.9999309401626401,proxy,5,0.8982267897944263,66724488.0,ok,0.011020454545454545,ok,0.9312363636363636,0.0374609375,ok,ue1_qfi1,0.5102040816326531,49,100.0,all_flows,ue1_qfi1,0.5102040816326531,49,100.0,data,0.0,data,ok,0.0,ue7_qfi1,26.0,all_flows,ue7_qfi1,26.0,ok,30.4,ue1_qfi2,0,0.0,0.0,all_flows,30.4,ue1_qfi2,0,0.0,0.0,30.303,33.0,30.303,ok,33.0,,all_flows,,pending,,all_flows,,pending,100.0,"[8, 9]",ue7_qfi1,0,0,0,129.49999999999972,99.75,data,ok,2.0,,all_flows,,pending,1,33,5.0,1.0,all_flows,0,24,0.0,1.0,,ok,ue8_qfi9,True,PF,1440696407
ue8_qfi8,300.25,300.25,300.25,300.25,all_flows,ue3_qfi1,4.25,13.25,24.5,24.5,ok,0.6469958547693353,all_flows,0.3659597246656146,ok,100.0,ue3_qfi1,0,0,0,121.50000000000017,100.24999999999997,all_flows,100.0,ue3_qfi1,0,0,0,121.50000000000017,100.24999999999997,data,2.0,data,ok,2.0,False,,all_flows,False,,3,0,proxy,3,0,ue4_qfi2,0.0,147,150.0,all_flows,ue4_qfi2,0.0,147,150.0,ok,ue3_qfi2,21.558,all_flows,ue3_qfi2,21.558,ok,5,all_flows,5,8,ok,8,ue4_qfi2,0.0,all_flows,ue4_qfi2,0.0,ok,0.6708815540198364,all_flows,0.7499522573154425,5,0.7499238903281664,proxy,5,0.6681694295579119,53253316.8,ok,0.011784090909090909,ok,0.7437863636363636,0.0706609375,ok,ue2_qfi1,0.46938775510204084,49,100.0,all_flows,ue2_qfi1,0.46938775510204084,49,100.0,data,0.0,data,ok,0.0,ue3_qfi9,70.0,all_flows,ue3_qfi1,20.25,ok,30.2,ue6_qfi2,1,75.75,75.75,all_flows,30.2,ue6_qfi2,1,75.75,75.75,30.303,33.0,30.303,ok,33.0,,all_flows,,pending,,all_flows,,pending,100.0,"[8, 9]",ue3_qfi1,0,0,0,121.50000000000017,100.24999999999997,data,ok,2.0,,all_flows,,pending,10,33,5.0,1.0,all_flows,6,24,4.98325,1.0,ue4_qfi2,ok,ue4_qfi9,True,Reservation,1440696407
ue6_qfi9,272.75,299.5,300.0,300.0,all_flows,ue5_qfi2,6.597,19.25,27.992,62.558,ok,0.522973211584177,all_flows,0.24168195285700497,ok,100.0,ue6_qfi1,0,0,0,143.00000000000003,100.00000000000009,all_flows,100.0,ue6_qfi1,0,0,0,143.00000000000003,100.00000000000009,data,2.0,data,ok,2.0,False,,all_flows,False,,3,0,proxy,3,0,ue7_qfi2,0.0,147,150.0,all_flows,ue7_qfi2,0.0,147,150.0,ok,ue1_qfi2,36.0,all_flows,ue1_qfi2,36.0,ok,6,all_flows,6,8,ok,8,ue7_qfi2,0.0,all_flows,ue7_qfi2,0.0,ok,0.7815056742200127,all_flows,0.8332536506229719,5,0.8331603075321312,proxy,5,0.7778028095094061,66556680.0,ok,0.011018181818181818,ok,0.9313806818181818,0.036153125,ok,ue5_qfi1,0.40816326530612246,49,100.0,all_flows,ue5_qfi1,0.40816326530612246,49,100.0,data,0.0,data,ok,0.0,ue2_qfi9,126.75,all_flows,ue5_qfi2,55.961,ok,30.4,ue1_qfi2,5,102.25,436.25,all_flows,30.4,ue1_qfi2,5,102.25,436.25,30.303,33.0,30.303,ok,33.0,,all_flows,,pending,,all_flows,,pending,100.0,"[8, 9]",ue6_qfi1,0,0,0,143.00000000000003,100.00000000000009,data,ok,2.0,,all_flows,,pending,7,33,5.0,1.0,all_flows,4,24,4.98325,1.0,ue7_qfi2,ok,ue7_qfi9,True,TwoTier,1440696407
ue8_qfi8,300.0,300.25,300.25,300.25,all_flows,ue6_qfi1,8.25,17.75,38.25,38.25,ok,0.5198963702167535,all_flows,0.0,ok,100.0,ue6_qfi1,0,0,0,131.50000000000017,99.75000000000023,all_flows,100.0,ue6_qfi1,0,0,0,131.50000000000017,99.75000000000023,data,2.0,data,ok,2.0,False,,all_flows,False,,3,0,proxy,3,0,ue1_qfi2,1.0,152,150.0,all_flows,ue1_qfi2,1.0,152,150.0,ok,ue6_qfi2,25.392,all_flows,ue6_qfi2,25.392,ok,8,all_flows,8,8,ok,8,ue1_qfi2,0.965046,all_flows,ue1_qfi2,0.965046,ok,0.9109764794905504,all_flows,0.9999554519879286,5,0.9999292709491377,proxy,5,0.9035219356049383,69796281.6,ok,0.010786363636363636,ok,0.9357647727272728,0.0349875,ok,ue8_qfi1,0.4897959183673469,49,100.0,all_flows,ue8_qfi1,0.4897959183673469,49,100.0,data,0.0,data,ok,0.0,ue6_qfi1,30.0,all_flows,ue6_qfi1,30.0,ok,30.4,ue1_qfi2,0,0.0,0.0,all_flows,30.4,ue1_qfi2,0,0.0,0.0,30.303,33.0,30.303,ok,33.0,,all_flows,,pending,,all_flows,,pending,100.0,"[8, 9]",ue6_qfi1,0,0,0,131.50000000000017,99.75000000000023,data,ok,2.0,,all_flows,,pending,1,33,5.0,1.0,all_flows,0,24,0.0,1.0,,ok,ue8_qfi9,True,PF,5880883
ue8_qfi8,300.25,300.25,300.25,300.25,all_flows,ue8_qfi1,5.75,20.25,24.5,24.5,ok,0.6491613122514042,all_flows,0.3642144238696844,ok,100.0,ue8_qfi1,0,0,0,124.24999999999997,100.24999999999994,all_flows,100.0,ue8_qfi1,0,0,0,124.24999999999997,100.24999999999994,data,2.0,data,ok,2.0,False,,all_flows,False,,3,0,proxy,3,0,ue4_qfi2,0.0,147,150.0,all_flows,ue4_qfi2,0.0,147,150.0,ok,ue6_qfi2,21.009,all_flows,ue6_qfi2,21.009,ok,5,all_flows,5,8,ok,8,ue4_qfi2,0.0,all_flows,ue4_qfi2,0.0,ok,0.6709537234427458,all_flows,0.7499343738325989,5,0.7499095121076563,proxy,5,0.6689279447700686,53487817.6,ok,0.011325,ok,0.7442079545454545,0.0742125,ok,ue2_qfi1,0.40816326530612246,49,100.0,all_flows,ue2_qfi1,0.40816326530612246,49,100.0,data,0.0,data,ok,0.0,ue2_qfi9,33.0,all_flows,ue8_qfi1,18.75,ok,30.2,ue8_qfi2,1,68.5,68.5,all_flows,30.2,ue8_qfi2,1,68.5,68.5,30.303,33.0,30.303,ok,33.0,,all_flows,,pending,,all_flows,,pending,100.0,"[8, 9]",ue8_qfi1,0,0,0,124.24999999999997,100.24999999999994,data,ok,2.0,,all_flows,,pending,10,33,5.0,1.0,all_flows,6,24,4.98325,1.0,ue4_qfi2,ok,ue4_qfi9,True,Reservation,5880883
ue7_qfi9,237.5,299.75,300.0,300.25,all_flows,ue6_qfi2,9.303,67.53,120.85,130.653,ok,0.5369202066855507,all_flows,0.2451241970919176,ok,100.0,ue3_qfi1,0,0,0,191.74999999999986,99.99999999999987,all_flows,100.0,ue3_qfi1,0,0,0,191.74999999999986,99.99999999999987,data,2.0,data,ok,2.0,False,,all_flows,False,,3,0,proxy,3,0,ue8_qfi2,0.0,147,150.0,all_flows,ue8_qfi2,0.0,147,150.0,ok,ue6_qfi2,71.53,all_flows,ue6_qfi2,71.53,ok,5,all_flows,5,8,ok,8,ue8_qfi2,0.0,all_flows,ue8_qfi2,0.0,ok,0.7864501636901804,all_flows,0.8407687046619019,5,0.7499117352013971,proxy,5,0.6967602419276493,64571894.4,ok,0.010802272727272728,ok,0.9354215909090909,0.0347046875,ok,ue1_qfi1,0.4897959183673469,49,100.0,all_flows,ue1_qfi1,0.4897959183673469,49,100.0,data,0.0,data,ok,0.0,ue3_qfi9,277.0,all_flows,ue6_qfi2,121.35,ok,30.4,ue5_qfi2,4,102.75,343.75,all_flows,30.4,ue5_qfi2,4,102.75,343.75,30.303,33.0,30.303,ok,33.0,,all_flows,,pending,,all_flows,,pending,100.0,"[8, 9]",ue3_qfi1,0,0,0,191.74999999999986,99.99999999999987,data,ok,2.0,,all_flows,,pending,10,33,5.0,1.0,all_flows,6,24,4.98325,1.0,ue8_qfi2,ok,ue8_qfi8,True,TwoTier,5880883
ue8_qfi8,300.0,300.25,300.25,300.25,all_flows,ue5_qfi1,5.75,19.75,47.75,47.75,ok,0.5411244176816192,all_flows,0.0,ok,100.0,ue5_qfi1,0,0,0,134.74999999999991,99.49999999999991,all_flows,100.0,ue5_qfi1,0,0,0,134.74999999999991,99.49999999999991,data,2.0,data,ok,2.0,False,,all_flows,False,,3,0,proxy,3,0,ue1_qfi2,1.0,152,150.0,all_flows,ue1_qfi2,1.0,152,150.0,ok,ue1_qfi2,24.901,all_flows,ue1_qfi2,24.901,ok,8,all_flows,8,8,ok,8,ue3_qfi2,0.9589644,all_flows,ue3_qfi2,0.9589644,ok,0.9039783728307091,all_flows,0.9999511949539397,5,0.9999092113408239,proxy,5,0.8956857990340857,66601443.2,ok,0.011120454545454546,ok,0.93105,0.0371078125,ok,ue2_qfi1,0.5102040816326531,49,100.0,all_flows,ue2_qfi1,0.5102040816326531,49,100.0,data,0.0,data,ok,0.0,ue5_qfi1,42.0,all_flows,ue5_qfi1,42.0,ok,30.4,ue1_qfi2,0,0.0,0.0,all_flows,30.4,ue1_qfi2,0,0.0,0.0,30.303,33.0,30.303,ok,33.0,,all_flows,,pending,,all_flows,,pending,100.0,"[8, 9]",ue5_qfi1,0,0,0,134.74999999999991,99.49999999999991,data,ok,2.0,,all_flows,,pending,1,33,5.0,1.0,all_flows,0,24,0.0,1.0,,ok,ue8_qfi9,True,PF,846428919
ue7_qfi9,296.25,300.0,300.0,300.25,all_flows,ue4_qfi1,5.5,21.5,31.75,31.75,ok,0.6224032966924951,all_flows,0.23982779388143802,ok,100.0,ue6_qfi1,0,0,0,127.49999999999994,99.99999999999987,all_flows,100.0,ue6_qfi1,0,0,0,127.49999999999994,99.99999999999987,data,2.0,data,ok,2.0,False,,all_flows,False,,3,0,proxy,3,0,ue3_qfi2,0.0,148,150.0,all_flows,ue3_qfi2,0.0,148,150.0,ok,ue2_qfi2,26.597,all_flows,ue2_qfi2,26.597,ok,6,all_flows,6,8,ok,8,ue3_qfi2,0.0,all_flows,ue3_qfi2,0.0,ok,0.7624076417340333,all_flows,0.8332633299250475,5,0.8332282148518713,proxy,5,0.757319894150109,53135691.2,ok,0.011829545454545454,ok,0.7432875,0.0720484375,ok,ue2_qfi1,0.40816326530612246,49,100.0,all_flows,ue2_qfi1,0.40816326530612246,49,100.0,data,0.0,data,ok,0.0,ue4_qfi1,26.25,all_flows,ue4_qfi1,26.25,ok,30.0,ue2_qfi2,2,73.5,145.5,all_flows,30.0,ue2_qfi2,2,73.5,145.5,30.303,33.0,30.303,ok,33.0,,all_flows,,pending,,all_flows,,pending,100.0,"[8, 9]",ue6_qfi1,0,0,0,127.49999999999994,99.99999999999987,data,ok,2.0,,all_flows,,pending,7,33,5.0,1.0,all_flows,4,24,4.98325,1.0,ue3_qfi2,ok,ue3_qfi9,True,Reservation,846428919
ue1_qfi9,29.0,55.5,67.5,83.75,all_flows,ue5_qfi2,6.941,23.5,29.946,32.623,ok,0.5759053821549318,all_flows,0.36519111376635477,ok,100.0,ue1_qfi1,0,0,0,121.24999999999986,99.75,all_flows,100.0,ue1_qfi1,0,0,0,121.24999999999986,99.75,data,2.0,data,ok,2.0,False,,all_flows,False,,3,0,proxy,3,0,ue6_qfi2,0.0,147,150.0,all_flows,ue6_qfi2,0.0,147,150.0,ok,ue5_qfi2,27.16,all_flows,ue5_qfi2,27.16,ok,5,all_flows,5,8,ok,8,ue6_qfi2,0.0,all_flows,ue6_qfi2,0.0,ok,0.6968944261507243,all_flows,0.7499779783925714,5,0.7499535543329369,proxy,5,0.696845812589858,59579976.0,ok,0.011179545454545454,ok,0.9315795454545455,0.0389609375,ok,ue2_qfi1,0.4489795918367347,49,100.0,all_flows,ue2_qfi1,0.4489795918367347,49,100.0,data,0.0,data,ok,0.0,ue2_qfi9,60.0,all_flows,ue4_qfi2,25.853,ok,30.4,ue1_qfi2,0,0.0,0.0,all_flows,30.4,ue1_qfi2,0,0.0,0.0,30.303,33.0,30.303,ok,33.0,,all_flows,,pending,,all_flows,,pending,100.0,"[8, 9]",ue1_qfi1,0,0,0,121.24999999999986,99.75,data,ok,2.0,,all_flows,,pending,10,33,5.0,1.0,all_flows,6,24,4.98325,1.0,ue6_qfi2,ok,ue6_qfi9,True,TwoTier,846428919
ue8_qfi8,300.0,300.25,300.25,300.25,all_flows,ue7_qfi1,9.0,28.25,49.25,49.25,ok,0.539677590396775,all_flows,0.0,ok,100.0,ue7_qfi1,0,0,0,137.0,99.50000000000003,all_flows,100.0,ue7_qfi1,0,0,0,137.0,99.50000000000003,data,2.0,data,ok,2.0,False,,all_flows,False,,3,0,proxy,3,0,ue1_qfi2,1.0,152,150.0,all_flows,ue1_qfi2,1.0,152,150.0,ok,ue7_qfi2,30.117,all_flows,ue7_qfi2,30.117,ok,8,all_flows,8,8,ok,8,ue4_qfi2,0.9635072,all_flows,ue4_qfi2,0.9635072,ok,0.9028785714890653,all_flows,0.9999566619879845,5,0.999922583097889,proxy,5,0.8988353344268435,67249707.2,ok,0.011095454545454546,ok,0.9330920454545455,0.03739375,ok,ue8_qfi1,0.4897959183673469,49,100.0,all_flows,ue8_qfi1,0.4897959183673469,49,100.0,data,0.0,data,ok,0.0,ue7_qfi1,40.25,all_flows,ue7_qfi1,40.25,ok,30.4,ue1_qfi2,0,0.0,0.0,all_flows,30.4,ue1_qfi2,0,0.0,0.0,30.303,33.0,30.303,ok,33.0,,all_flows,,pending,,all_flows,,pending,100.0,"[8, 9]",ue7_qfi1,0,0,0,137.0,99.50000000000003,data,ok,2.0,,all_flows,,pending,1,33,5.0,1.0,all_flows,0,24,0.0,1.0,,ok,ue8_qfi9,True,PF,1841261662
ue8_qfi8,300.25,300.25,300.25,300.25,all_flows,ue1_qfi1,6.75,24.75,45.25,45.25,ok,0.6452469249928601,all_flows,0.12129533561430894,ok,,ue8_qfi8,0,0,0,143.75000000000006,1.5000000000000568,all_flows,100.0,ue7_qfi1,0,0,0,138.50000000000006,100.00000000000009,data,2.0,data,ok,2.0,False,,all_flows,False,,3,0,proxy,3,0,ue6_qfi2,0.0,147,150.0,all_flows,ue6_qfi2,0.0,147,150.0,ok,ue7_qfi2,30.626,all_flows,ue7_qfi2,30.626,ok,7,all_flows,7,8,ok,8,ue6_qfi2,0.0,all_flows,ue6_qfi2,0.0,ok,0.7980392996345158,all_flows,0.9165741994979724,5,0.9165246589473753,proxy,5,0.7915264689620778,52598145.6,ok,0.011995454545454545,ok,0.7427556818181819,0.07365,ok,ue2_qfi1,0.46938775510204084,49,100.0,all_flows,ue2_qfi1,0.46938775510204084,49,100.0,data,0.0,data,ok,0.0,ue1_qfi1,38.5,all_flows,ue1_qfi1,38.5,ok,30.2,ue1_qfi2,0,0.0,0.0,all_flows,30.2,ue1_qfi2,0,0.0,0.0,30.303,33.0,30.303,ok,33.0,,all_flows,,pending,,all_flows,,pending,100.0,"[8, 9]",ue7_qfi1,0,0,0,138.50000000000006,100.00000000000009,data,ok,2.0,,all_flows,,pending,4,33,5.0,1.0,all_flows,2,24,4.98325,1.0,ue6_qfi2,ok,ue6_qfi9,True,Reservation,1841261662
ue7_qfi9,292.5,300.0,300.0,300.25,all_flows,ue7_qfi2,37.75,88.934,103.802,128.332,ok,0.5301511437319287,all_flows,0.1349027463706506,ok,100.0,ue4_qfi1,0,0,0,397.49999999999994,104.12500000000003,all_flows,100.0,ue4_qfi1,0,0,0,397.49999999999994,104.12500000000003,data,2.0,data,ok,2.0,False,,all_flows,False,,3,0,proxy,3,0,ue8_qfi2,0.0,147,150.0,all_flows,ue8_qfi2,0.0,147,150.0,ok,ue7_qfi2,92.531,all_flows,ue7_qfi2,92.531,ok,5,all_flows,5,8,ok,8,ue8_qfi2,0.0,all_flows,ue8_qfi2,0.0,ok,0.8095923550736295,all_flows,0.8931117549903724,5,0.8843506131122605,proxy,5,0.7909173185212075,65856620.800000004,ok,0.011447727272727273,ok,0.9330204545454546,0.0372734375,ok,ue7_qfi1,0.2608695652173913,23,100.0,all_flows,ue7_qfi1,0.2608695652173913,23,100.0,data,0.0,data,ok,0.0,ue5_qfi9,180.0,all_flows,ue6_qfi2,117.928,ok,28.2,ue7_qfi2,9,106.0,787.5,all_flows,28.2,ue7_qfi2,9,106.0,787.5,30.303,33.0,30.303,ok,33.0,,all_flows,,pending,,all_flows,,pending,100.0,"[8, 9]",ue4_qfi1,0,0,0,397.49999999999994,104.12500000000003,data,ok,2.0,,all_flows,,pending,4,33,5.0,1.0,all_flows,2,24,4.98325,1.0,ue8_qfi2,ok,ue8_qfi8,True,TwoTier,1841261662
ue8_qfi8,300.0,300.25,300.25,300.25,all_flows,ue6_qfi2,8.541,19.402,24.747,27.849,ok,0.5346070133513622,all_flows,0.0,ok,100.0,ue8_qfi1,0,0,0,117.75000000000003,99.50000000000037,all_flows,100.0,ue8_qfi1,0,0,0,117.75000000000003,99.50000000000037,data,2.0,data,ok,2.0,False,,all_flows,False,,3,0,proxy,3,0,ue6_qfi2,0.9868421052631579,152,150.0,all_flows,ue6_qfi2,0.9868421052631579,152,150.0,ok,ue6_qfi2,26.401,all_flows,ue6_qfi2,26.401,ok,8,all_flows,8,8,ok,8,ue3_qfi2,0.9547912,all_flows,ue3_qfi2,0.9547912,ok,0.9063428034315892,all_flows,0.9999524606053407,5,0.9999126955708606,proxy,5,0.8971563537512396,67647158.4,ok,0.010947727272727272,ok,0.9341431818181818,0.0368203125,ok,ue6_qfi1,0.40816326530612246,49,100.0,all_flows,ue6_qfi1,0.40816326530612246,49,100.0,data,0.0,data,ok,0.0,ue8_qfi1,20.0,all_flows,ue8_qfi1,20.0,ok,30.0,ue6_qfi2,2,68.75,135.0,all_flows,30.0,ue6_qfi2,2,68.75,135.0,30.303,33.0,30.303,ok,33.0,,all_flows,,pending,,all_flows,,pending,100.0,"[8, 9]",ue8_qfi1,0,0,0,117.75000000000003,99.50000000000037,data,ok,2.0,,all_flows,,pending,1,33,5.0,1.0,all_flows,0,24,0.0,1.0,,ok,ue8_qfi9,True,PF,1190382222
ue8_qfi8,300.25,300.25,300.25,300.25,all_flows,ue1_qfi1,6.5,26.0,36.5,36.5,ok,0.6371181108209624,all_flows,0.11984509405113733,ok,100.0,ue2_qfi1,0,0,0,131.25000000000009,99.99999999999987,all_flows,100.0,ue2_qfi1,0,0,0,131.25000000000009,99.99999999999987,data,2.0,data,ok,2.0,False,,all_flows,False,,3,0,proxy,3,0,ue3_qfi2,0.0,148,150.0,all_flows,ue3_qfi2,0.0,148,150.0,ok,ue7_qfi2,30.786,all_flows,ue7_qfi2,30.786,ok,7,all_flows,7,8,ok,8,ue3_qfi2,0.0,all_flows,ue3_qfi2,0.0,ok,0.8033862793743006,all_flows,0.9165576799069568,5,0.9165202844770065,proxy,5,0.7961980178973084,53570222.4,ok,0.011556818181818182,ok,0.7414420454545455,0.0711984375,ok,ue6_qfi1,0.4489795918367347,49,100.0,all_flows,ue6_qfi1,0.4489795918367347,49,100.0,data,0.0,data,ok,0.0,ue1_qfi1,30.0,all_flows,ue1_qfi1,30.0,ok,30.2,ue8_qfi2,1,71.25,71.25,all_flows,30.2,ue8_qfi2,1,71.25,71.25,30.303,33.0,30.303,ok,33.0,,all_flows,,pending,,all_flows,,pending,100.0,"[8, 9]",ue2_qfi1,0,0,0,131.25000000000009,99.99999999999987,data,ok,2.0,,all_flows,,pending,4,33,5.0,1.0,all_flows,2,24,4.98325,1.0,ue3_qfi2,ok,ue3_qfi9,True,Reservation,1190382222
ue5_qfi9,35.0,297.5,299.25,299.75,all_flows,ue6_qfi2,6.842,51.982,105.997,128.295,ok,0.5392635685854854,all_flows,0.29792748082549586,ok,100.0,ue6_qfi1,0,0,0,145.4999999999993,99.87499999999994,all_flows,100.0,ue6_qfi1,0,0,0,145.4999999999993,99.87499999999994,data,2.0,data,ok,2.0,False,,all_flows,False,,3,0,proxy,3,0,ue7_qfi2,0.0,147,150.0,all_flows,ue7_qfi2,0.0,147,150.0,ok,ue6_qfi2,56.86,all_flows,ue6_qfi2,56.86,ok,5,all_flows,5,8,ok,8,ue7_qfi2,0.0,all_flows,ue7_qfi2,0.0,ok,0.7492185918207557,all_flows,0.799092907148698,5,0.7499766540502444,proxy,5,0.6968570198109576,64163937.6,ok,0.010697727272727272,ok,0.9348386363636364,0.03670625,ok,ue1_qfi1,0.46938775510204084,49,100.0,all_flows,ue1_qfi1,0.46938775510204084,49,100.0,data,0.0,data,ok,0.0,ue5_qfi9,264.75,all_flows,ue6_qfi2,121.45299999999999,ok,30.4,ue2_qfi2,6,97.25,455.0,all_flows,30.4,ue2_qfi2,6,97.25,455.0,30.303,33.0,30.303,ok,33.0,,all_flows,,pending,,all_flows,,pending,100.0,"[8, 9]",ue6_qfi1,0,0,0,145.4999999999993,99.87499999999994,data,ok,2.0,,all_flows,,pending,10,33,5.0,1.0,all_flows,6,24,4.98325,1.0,ue7_qfi2,ok,ue7_qfi9,True,TwoTier,1190382222
ue8_qfi8,300.0,300.25,300.25,300.25,all_flows,ue7_qfi1,4.75,17.5,36.0,36.0,ok,0.523864429126879,all_flows,0.0,ok,100.0,ue7_qfi1,0,0,0,135.0,99.50000000000037,all_flows,100.0,ue7_qfi1,0,0,0,135.0,99.50000000000037,data,2.0,data,ok,2.0,False,,all_flows,False,,3,0,proxy,3,0,ue1_qfi2,1.0,152,150.0,all_flows,ue1_qfi2,1.0,152,150.0,ok,ue7_qfi2,24.963,all_flows,ue7_qfi2,24.963,ok,8,all_flows,8,8,ok,8,ue5_qfi2,0.9613476,all_flows,ue5_qfi2,0.9613476,ok,0.9100363257718366,all_flows,0.999964029168852,5,0.9999429502213792,proxy,5,0.9032583885804181,69129744.0,ok,0.010818181818181819,ok,0.9308761363636363,0.0352390625,ok,ue5_qfi1,0.46938775510204084,49,100.0,all_flows,ue5_qfi1,0.46938775510204084,49,100.0,data,0.0,data,ok,0.0,ue7_qfi1,31.25,all_flows,ue7_qfi1,31.25,ok,30.4,ue1_qfi2,0,0.0,0.0,all_flows,30.4,ue1_qfi2,0,0.0,0.0,30.303,33.0,30.303,ok,33.0,,all_flows,,pending,,all_flows,,pending,100.0,"[8, 9]",ue7_qfi1,0,0,0,135.0,99.50000000000037,data,ok,2.0,,all_flows,,pending,1,33,5.0,1.0,all_flows,0,24,0.0,1.0,,ok,ue8_qfi9,True,PF,72124473
ue7_qfi9,295.75,299.75,300.0,300.25,all_flows,ue7_qfi2,11.796,109.34,137.272,139.522,ok,0.6088773374079991,all_flows,0.3415648002784695,ok,100.0,ue2_qfi1,0,0,0,124.75000000000014,100.00000000000009,all_flows,100.0,ue2_qfi1,0,0,0,124.75000000000014,100.00000000000009,data,2.0,data,ok,2.0,False,,all_flows,False,,3,0,proxy,3,0,ue6_qfi2,0.0,148,150.0,all_flows,ue6_qfi2,0.0,148,150.0,ok,ue7_qfi2,111.59,all_flows,ue7_qfi2,111.59,ok,5,all_flows,5,8,ok,8,ue6_qfi2,0.0,all_flows,ue6_qfi2,0.0,ok,0.7094593331074729,all_flows,0.7670906052586371,5,0.7499261414691013,proxy,5,0.6899780009911695,54527523.2,ok,0.011497727272727272,ok,0.7413761363636364,0.0690546875,ok,ue2_qfi1,0.46938775510204084,49,100.0,all_flows,ue2_qfi1,0.46938775510204084,49,100.0,data,0.0,data,ok,0.0,ue1_qfi9,168.0,all_flows,ue7_qfi2,127.726,ok,30.2,ue2_qfi2,1,66.75,66.75,all_flows,30.2,ue2_qfi2,1,66.75,66.75,30.303,33.0,30.303,ok,33.0,,all_flows,,pending,,all_flows,,pending,100.0,"[8, 9]",ue2_qfi1,0,0,0,124.75000000000014,100.00000000000009,data,ok,2.0,,all_flows,,pending,10,33,5.0,1.0,all_flows,6,24,4.98325,1.0,ue6_qfi2,ok,ue6_qfi9,True,Reservation,72124473
ue6_qfi9,255.5,299.0,299.75,300.0,all_flows,ue6_qfi2,8.713,101.248,131.118,133.368,ok,0.5577225725319842,all_flows,0.3313076194026117,ok,100.0,ue3_qfi1,0,0,0,141.49999999999974,99.75,all_flows,100.0,ue3_qfi1,0,0,0,141.49999999999974,99.75,data,2.0,data,ok,2.0,False,,all_flows,False,,3,0,proxy,3,0,ue8_qfi2,0.0,147,150.0,all_flows,ue8_qfi2,0.0,147,150.0,ok,ue6_qfi2,105.498,all_flows,ue6_qfi2,105.498,ok,4,all_flows,4,8,ok,8,ue8_qfi2,0.0,all_flows,ue8_qfi2,0.0,ok,0.7306593864446003,all_flows,0.7816546384796627,5,0.7499647221098028,proxy,5,0.6968994177813816,61806956.8,ok,0.010875,ok,0.9314295454545455,0.03558125,ok,ue4_qfi1,0.4489795918367347,49,100.0,all_flows,ue4_qfi1,0.4489795918367347,49,100.0,data,0.0,data,ok,0.0,ue2_qfi9,270.25,all_flows,ue6_qfi2,124.655,ok,30.4,ue1_qfi2,3,103.75,261.75,all_flows,30.4,ue1_qfi2,3,103.75,261.75,30.303,33.0,30.303,ok,33.0,,all_flows,,pending,,all_flows,,pending,100.0,"[8, 9]",ue3_qfi1,0,0,0,141.49999999999974,99.75,data,ok,2.0,,all_flows,,pending,10,33,5.0,1.0,all_flows,6,24,4.98325,1.0,ue8_qfi2,ok,ue8_qfi8,True,TwoTier,72124473
ue8_qfi8,300.0,300.25,300.25,300.25,all_flows,ue5_qfi1,3.75,22.25,33.25,33.25,ok,0.5374454302506431,all_flows,0.0,ok,100.0,ue5_qfi1,0,0,0,124.24999999999997,99.74999999999979,all_flows,100.0,ue5_qfi1,0,0,0,124.24999999999997,99.74999999999979,data,2.0,data,ok,2.0,False,,all_flows,False,,3,0,proxy,3,0,ue8_qfi2,0.9868421052631579,152,150.0,all_flows,ue8_qfi2,0.9868421052631579,152,150.0,ok,ue3_qfi2,27.151,all_flows,ue3_qfi2,27.151,ok,8,all_flows,8,8,ok,8,ue5_qfi2,0.9652648,all_flows,ue5_qfi2,0.9652648,ok,0.9044045366886276,all_flows,0.999943814614624,5,0.9999022641538997,proxy,5,0.8982812154127143,67397336.0,ok,0.011152272727272728,ok,0.9297,0.036409375,ok,ue1_qfi1,0.5306122448979592,49,100.0,all_flows,ue1_qfi1,0.5306122448979592,49,100.0,data,0.0,data,ok,0.0,ue5_qfi1,29.5,all_flows,ue5_qfi1,29.5,ok,30.0,ue8_qfi2,2,78.0,144.5,all_flows,30.0,ue8_qfi2,2,78.0,144.5,30.303,33.0,30.303,ok,33.0,,all_flows,,pending,,all_flows,,pending,100.0,"[8, 9]",ue5_qfi1,0,0,0,124.24999999999997,99.74999999999979,data,ok,2.0,,all_flows,,pending,1,33,5.0,1.0,all_flows,0,24,0.0,1.0,,ok,ue8_qfi9,True,PF,1642588603
ue5_qfi9,253.75,299.5,300.0,300.0,all_flows,ue1_qfi1,4.25,15.75,24.0,24.0,ok,0.6185634871302748,all_flows,0.3670100350386299,ok,100.0,ue5_qfi1,0,0,0,122.74999999999991,100.00000000000009,all_flows,100.0,ue5_qfi1,0,0,0,122.74999999999991,100.00000000000009,data,2.0,data,ok,2.0,False,,all_flows,False,,3,0,proxy,3,0,ue4_qfi2,0.0,147,150.0,all_flows,ue4_qfi2,0.0,147,150.0,ok,ue5_qfi2,20.681,all_flows,ue5_qfi2,20.681,ok,5,all_flows,5,8,ok,8,ue4_qfi2,0.0,all_flows,ue4_qfi2,0.0,ok,0.6917977275122308,all_flows,0.7499256435558475,5,0.7499033216816623,proxy,5,0.6885925959609606,53301313.6,ok,0.011763636363636363,ok,0.7454272727272727,0.072734375,ok,ue3_qfi1,0.4489795918367347,49,100.0,all_flows,ue3_qfi1,0.4489795918367347,49,100.0,data,0.0,data,ok,0.0,ue5_qfi9,46.25,all_flows,ue1_qfi1,19.75,ok,30.2,ue1_qfi2,1,67.25,67.25,all_flows,30.2,ue1_qfi2,1,67.25,67.25,30.303,33.0,30.303,ok,33.0,,all_flows,,pending,,all_flows,,pending,100.0,"[8, 9]",ue5_qfi1,0,0,0,122.74999999999991,100.00000000000009,data,ok,2.0,,all_flows,,pending,10,33,5.0,1.0,all_flows,6,24,4.98325,1.0,ue4_qfi2,ok,ue4_qfi9,True,Reservation,1642588603
ue2_qfi9,22.25,53.25,61.5,64.75,all_flows,ue4_qfi2,6.85,20.299,23.5,29.07,ok,0.5762214332556519,all_flows,0.3675192607158108,ok,100.0,ue3_qfi1,0,0,0,115.00000000000021,99.49999999999991,all_flows,100.0,ue3_qfi1,0,0,0,115.00000000000021,99.49999999999991,data,2.0,data,ok,2.0,False,,all_flows,False,,3,0,proxy,3,0,ue6_qfi2,0.0,148,150.0,all_flows,ue6_qfi2,0.0,148,150.0,ok,ue1_qfi2,23.194,all_flows,ue1_qfi2,23.194,ok,5,all_flows,5,8,ok,8,ue6_qfi2,0.0,all_flows,ue6_qfi2,0.0,ok,0.6968796331462879,all_flows,0.749967928273319,5,0.7499393943961618,proxy,5,0.6968028836005518,59611537.6,ok,0.011220454545454546,ok,0.931275,0.037896875,ok,ue5_qfi1,0.4489795918367347,49,100.0,all_flows,ue5_qfi1,0.4489795918367347,49,100.0,data,0.0,data,ok,0.0,ue2_qfi9,42.5,all_flows,ue4_qfi2,22.22,ok,30.2,ue1_qfi2,0,0.0,0.0,all_flows,30.2,ue1_qfi2,0,0.0,0.0,30.303,33.0,30.303,ok,33.0,,all_flows,,pending,,all_flows,,pending,100.0,"[8, 9]",ue3_qfi1,0,0,0,115.00000000000021,99.49999999999991,data,ok,2.0,,all_flows,,pending,10,33,5.0,1.0,all_flows,6,24,4.98325,1.0,ue6_qfi2,ok,ue6_qfi9,True,TwoTier,1642588603
ue8_qfi8,300.0,300.25,300.25,300.25,all_flows,ue8_qfi1,6.0,20.5,35.75,35.75,ok,0.5410524577921252,all_flows,0.0,ok,100.0,ue8_qfi1,0,0,0,132.24999999999997,99.49999999999991,all_flows,100.0,ue8_qfi1,0,0,0,132.24999999999997,99.49999999999991,data,2.0,data,ok,2.0,False,,all_flows,False,,3,0,proxy,3,0,ue1_qfi2,1.0,152,150.0,all_flows,ue1_qfi2,1.0,152,150.0,ok,ue3_qfi2,26.768,all_flows,ue3_qfi2,26.768,ok,8,all_flows,8,8,ok,8,ue4_qfi2,0.9653564,all_flows,ue4_qfi2,0.9653564,ok,0.904337166969977,all_flows,0.9999494375958946,5,0.9999173017493944,proxy,5,0.8997258793606225,66674768.0,ok,0.01126590909090909,ok,0.9323159090909091,0.0379015625,ok,ue4_qfi1,0.46938775510204084,49,100.0,all_flows,ue4_qfi1,0.46938775510204084,49,100.0,data,0.0,data,ok,0.0,ue8_qfi1,29.75,all_flows,ue8_qfi1,29.75,ok,30.4,ue1_qfi2,0,0.0,0.0,all_flows,30.4,ue1_qfi2,0,0.0,0.0,30.303,33.0,30.303,ok,33.0,,all_flows,,pending,,all_flows,,pending,100.0,"[8, 9]",ue8_qfi1,0,0,0,132.24999999999997,99.49999999999991,data,ok,2.0,,all_flows,,pending,1,33,5.0,1.0,all_flows,0,24,0.0,1.0,,ok,ue8_qfi9,True,PF,1566923138
ue8_qfi8,300.25,300.25,300.25,300.25,all_flows,ue4_qfi1,5.5,22.0,34.0,34.0,ok,0.6484132877078246,all_flows,0.24215917520594216,ok,,ue8_qfi8,0,0,0,204.99999999999963,2.500000000000002,all_flows,100.0,ue4_qfi1,0,0,0,133.75000000000003,100.00000000000009,data,2.0,data,ok,2.0,False,,all_flows,False,,3,0,proxy,3,0,ue3_qfi2,0.0,147,150.0,all_flows,ue3_qfi2,0.0,147,150.0,ok,ue8_qfi2,25.632,all_flows,ue8_qfi2,25.632,ok,6,all_flows,6,8,ok,8,ue3_qfi2,0.0,all_flows,ue3_qfi2,0.0,ok,0.7404661323147476,all_flows,0.8332558538200784,5,0.833214906976888,proxy,5,0.7377224820801367,52406580.8,ok,0.011979545454545455,ok,0.7438636363636364,0.075546875,ok,ue2_qfi1,0.40816326530612246,49,100.0,all_flows,ue2_qfi1,0.40816326530612246,49,100.0,data,0.0,data,ok,0.0,ue4_qfi1,28.5,all_flows,ue4_qfi1,28.5,ok,30.0,ue1_qfi2,1,83.0,83.0,all_flows,30.0,ue1_qfi2,1,83.0,83.0,30.303,33.0,30.303,ok,33.0,,all_flows,,pending,,all_flows,,pending,100.0,"[8, 9]",ue4_qfi1,0,0,0,133.75000000000003,100.00000000000009,data,ok,2.0,,all_flows,,pending,7,33,5.0,1.0,all_flows,4,24,4.98325,1.0,ue3_qfi2,ok,ue3_qfi9,True,Reservation,1566923138
ue2_qfi9,216.5,299.5,300.0,300.0,all_flows,ue6_qfi2,6.572,21.596,44.603,56.439,ok,0.5248591743880214,all_flows,0.2436618596984443,ok,100.0,ue5_qfi1,0,0,0,136.49999999999994,99.75000000000023,all_flows,100.0,ue5_qfi1,0,0,0,136.49999999999994,99.75000000000023,data,2.0,data,ok,2.0,False,,all_flows,False,,3,0,proxy,3,0,ue7_qfi2,0.0,147,150.0,all_flows,ue7_qfi2,0.0,147,150.0,ok,ue5_qfi2,41.77,all_flows,ue5_qfi2,41.77,ok,6,all_flows,6,8,ok,8,ue7_qfi2,0.0,all_flows,ue7_qfi2,0.0,ok,0.7801109196247844,all_flows,0.8332069162989498,5,0.8330511120773922,proxy,5,0.7728021228513675,66537251.2,ok,0.011231818181818181,ok,0.9323977272727273,0.0366875,ok,ue2_qfi1,0.3877551020408163,49,100.0,all_flows,ue2_qfi1,0.3877551020408163,49,100.0,data,0.0,data,ok,0.0,ue3_qfi9,176.75,all_flows,ue6_qfi2,49.867,ok,30.2,ue5_qfi2,6,100.75,468.5,all_flows,30.2,ue5_qfi2,6,100.75,468.5,30.303,33.0,30.303,ok,33.0,,all_flows,,pending,,all_flows,,pending,100.0,"[8, 9]",ue5_qfi1,0,0,0,136.49999999999994,99.75000000000023,data,ok,2.0,,all_flows,,pending,7,33,5.0,1.0,all_flows,4,24,4.98325,1.0,ue7_qfi2,ok,ue7_qfi9,True,TwoTier,1566923138
ue8_qfi8,300.0,300.25,300.25,300.25,all_flows,ue7_qfi2,8.969,20.142,24.513,29.142,ok,0.5420047942979898,all_flows,0.0,ok,100.0,ue5_qfi1,0,0,0,120.49999999999983,99.75,all_flows,100.0,ue5_qfi1,0,0,0,120.49999999999983,99.75,data,2.0,data,ok,2.0,False,,all_flows,False,,3,0,proxy,3,0,ue1_qfi2,1.0,152,150.0,all_flows,ue1_qfi2,1.0,152,150.0,ok,ue5_qfi2,27.622,all_flows,ue5_qfi2,27.622,ok,8,all_flows,8,8,ok,8,ue5_qfi2,0.9670164,all_flows,ue5_qfi2,0.9670164,ok,0.9029862352237774,all_flows,0.9999509969547068,5,0.9999309033705358,proxy,5,0.8938191564579799,66787971.2,ok,0.011218181818181818,ok,0.9298909090909091,0.0377890625,ok,ue8_qfi1,0.4489795918367347,49,100.0,all_flows,ue8_qfi1,0.4489795918367347,49,100.0,data,0.0,data,ok,0.0,ue2_qfi1,21.5,all_flows,ue2_qfi1,21.5,ok,30.4,ue1_qfi2,0,0.0,0.0,all_flows,30.4,ue1_qfi2,0,0.0,0.0,30.303,33.0,30.303,ok,33.0,,all_flows,,pending,,all_flows,,pending,100.0,"[8, 9]",ue5_qfi1,0,0,0,120.49999999999983,99.75,data,ok,2.0,,all_flows,,pending,1,33,5.0,1.0,all_flows,0,24,0.0,1.0,,ok,ue8_qfi9,True,PF,1818006482
ue6_qfi9,296.75,300.0,300.0,300.25,all_flows,ue6_qfi1,5.5,28.0,98.5,98.5,ok,0.627092414535461,all_flows,0.25595611207310237,ok,100.0,ue1_qfi1,0,0,0,129.2500000000003,100.24999999999994,all_flows,100.0,ue1_qfi1,0,0,0,129.2500000000003,100.24999999999994,data,2.0,data,ok,2.0,False,,all_flows,False,,3,0,proxy,3,0,ue7_qfi2,0.0,148,150.0,all_flows,ue7_qfi2,0.0,148,150.0,ok,ue6_qfi2,27.988,all_flows,ue6_qfi2,27.988,ok,5,all_flows,5,8,ok,8,ue7_qfi2,0.0,all_flows,ue7_qfi2,0.0,ok,0.7580727791314736,all_flows,0.8293249406014388,5,0.8136212523070139,proxy,5,0.7433444472540203,52463705.6,ok,0.01186590909090909,ok,0.7422329545454546,0.074365625,ok,ue1_qfi1,0.4489795918367347,49,100.0,all_flows,ue1_qfi1,0.4489795918367347,49,100.0,data,0.0,data,ok,0.0,ue6_qfi1,93.0,all_flows,ue6_qfi1,93.0,ok,30.4,ue1_qfi2,0,0.0,0.0,all_flows,30.4,ue1_qfi2,0,0.0,0.0,30.303,33.0,30.303,ok,33.0,,all_flows,,pending,,all_flows,,pending,100.0,"[8, 9]",ue1_qfi1,0,0,0,129.2500000000003,100.24999999999994,data,ok,2.0,,all_flows,,pending,7,33,5.0,1.0,all_flows,4,24,4.98325,1.0,ue7_qfi2,ok,ue7_qfi9,True,Reservation,1818006482
ue2_qfi9,18.0,63.0,70.5,73.5,all_flows,ue4_qfi2,6.198,22.012,24.262,32.0,ok,0.5766836011221639,all_flows,0.36658263809973274,ok,100.0,ue1_qfi1,0,0,0,114.25000000000018,99.49999999999991,all_flows,100.0,ue1_qfi1,0,0,0,114.25000000000018,99.49999999999991,data,2.0,data,ok,2.0,False,,all_flows,False,,3,0,proxy,3,0,ue6_qfi2,0.0,147,150.0,all_flows,ue6_qfi2,0.0,147,150.0,ok,ue4_qfi2,23.915,all_flows,ue4_qfi2,23.915,ok,5,all_flows,5,8,ok,8,ue6_qfi2,0.0,all_flows,ue6_qfi2,0.0,ok,0.6968046779387806,all_flows,0.7499521444134041,5,0.7499265672604863,proxy,5,0.6965534437772049,59427417.6,ok,0.010938636363636364,ok,0.9308204545454546,0.0385515625,ok,ue5_qfi1,0.46938775510204084,49,100.0,all_flows,ue5_qfi1,0.46938775510204084,49,100.0,data,0.0,data,ok,0.0,ue1_qfi9,57.25,all_flows,ue4_qfi2,25.802,ok,30.4,ue5_qfi2,1,69.25,69.25,all_flows,30.4,ue5_qfi2,1,69.25,69.25,30.303,33.0,30.303,ok,33.0,,all_flows,,pending,,all_flows,,pending,100.0,"[8, 9]",ue1_qfi1,0,0,0,114.25000000000018,99.49999999999991,data,ok,2.0,,all_flows,,pending,10,33,5.0,1.0,all_flows,6,24,4.98325,1.0,ue6_qfi2,ok,ue6_qfi9,True,TwoTier,1818006482
ue8_qfi8,300.0,300.25,300.25,300.25,all_flows,ue2_qfi1,6.5,21.0,46.75,46.75,ok,0.5299655971650203,all_flows,0.0,ok,100.0,ue2_qfi1,0,0,0,134.74999999999991,99.49999999999991,all_flows,100.0,ue2_qfi1,0,0,0,134.74999999999991,99.49999999999991,data,2.0,data,ok,2.0,False,,all_flows,False,,3,0,proxy,3,0,ue4_qfi2,0.993421052631579,152,150.0,all_flows,ue4_qfi2,0.993421052631579,152,150.0,ok,ue7_qfi2,26.154,all_flows,ue7_qfi2,26.154,ok,8,all_flows,8,8,ok,8,ue1_qfi2,0.9636024,all_flows,ue1_qfi2,0.9636024,ok,0.9080243287402064,all_flows,0.9999522152596152,5,0.9999265346483903,proxy,5,0.9034791798810671,68563707.2,ok,0.011054545454545454,ok,0.9323034090909091,0.035609375,ok,ue1_qfi1,0.5102040816326531,49,100.0,all_flows,ue1_qfi1,0.5102040816326531,49,100.0,data,0.0,data,ok,0.0,ue2_qfi1,40.25,all_flows,ue2_qfi1,40.25,ok,30.2,ue4_qfi2,1,69.0,69.0,all_flows,30.2,ue4_qfi2,1,69.0,69.0,30.303,33.0,30.303,ok,33.0,,all_flows,,pending,,all_flows,,pending,100.0,"[8, 9]",ue2_qfi1,0,0,0,134.74999999999991,99.49999999999991,data,ok,2.0,,all_flows,,pending,1,33,5.0,1.0,all_flows,0,24,0.0,1.0,,ok,ue8_qfi9,True,PF,377217572
ue8_qfi8,300.25,300.25,300.25,300.25,all_flows,ue8_qfi1,6.0,18.75,32.25,32.25,ok,0.6340301168161232,all_flows,0.24187738381851384,ok,100.0,ue7_qfi1,0,0,0,126.50000000000006,99.24999999999994,all_flows,100.0,ue7_qfi1,0,0,0,126.50000000000006,99.24999999999994,data,2.0,data,ok,2.0,False,,all_flows,False,,3,0,proxy,3,0,ue3_qfi2,0.0,147,150.0,all_flows,ue3_qfi2,0.0,147,150.0,ok,ue4_qfi2,25.071,all_flows,ue4_qfi2,25.071,ok,6,all_flows,6,8,ok,8,ue3_qfi2,0.0,all_flows,ue3_qfi2,0.0,ok,0.7451644278300087,all_flows,0.8332368997394797,5,0.8331877712738222,proxy,5,0.7386418329537819,54807201.6,ok,0.011793181818181819,ok,0.7430454545454546,0.06815625,ok,ue6_qfi1,0.42857142857142855,49,100.0,all_flows,ue6_qfi1,0.42857142857142855,49,100.0,data,0.0,data,ok,0.0,ue8_qfi1,26.25,all_flows,ue8_qfi1,26.25,ok,30.2,ue1_qfi2,0,0.0,0.0,all_flows,30.2,ue1_qfi2,0,0.0,0.0,30.303,33.0,30.303,ok,33.0,,all_flows,,pending,,all_flows,,pending,100.0,"[8, 9]",ue7_qfi1,0,0,0,126.50000000000006,99.24999999999994,data,ok,2.0,,all_flows,,pending,7,33,5.0,1.0,all_flows,4,24,4.98325,1.0,ue3_qfi2,ok,ue3_qfi9,True,Reservation,377217572
ue5_qfi9,195.0,299.25,299.75,300.0,all_flows,ue6_qfi2,6.83,33.737,57.47,65.229,ok,0.5181760180665645,all_flows,0.24405885509918798,ok,100.0,ue4_qfi1,0,0,0,137.9999999999999,99.75,all_flows,100.0,ue4_qfi1,0,0,0,137.9999999999999,99.75,data,2.0,data,ok,2.0,False,,all_flows,False,,3,0,proxy,3,0,ue7_qfi2,0.0,147,150.0,all_flows,ue7_qfi2,0.0,147,150.0,ok,ue4_qfi2,43.761,all_flows,ue4_qfi2,43.761,ok,6,all_flows,6,8,ok,8,ue7_qfi2,0.0,all_flows,ue7_qfi2,0.0,ok,0.782928173185367,all_flows,0.8331869151045097,5,0.8330813456090996,proxy,5,0.7770001377531559,67221472.0,ok,0.010677272727272728,ok,0.9327829545454546,0.03595,ok,ue1_qfi1,0.5102040816326531,49,100.0,all_flows,ue1_qfi1,0.5102040816326531,49,100.0,data,0.0,data,ok,0.0,ue6_qfi9,185.0,all_flows,ue6_qfi2,58.399,ok,30.4,ue4_qfi2,6,100.25,511.0,all_flows,30.4,ue4_qfi2,6,100.25,511.0,30.303,33.0,30.303,ok,33.0,,all_flows,,pending,,all_flows,,pending,100.0,"[8, 9]",ue4_qfi1,0,0,0,137.9999999999999,99.75,data,ok,2.0,,all_flows,,pending,7,33,5.0,1.0,all_flows,4,24,4.98325,1.0,ue7_qfi2,ok,ue7_qfi9,True,TwoTier,377217572
ue8_qfi8,300.0,300.25,300.25,300.25,all_flows,ue1_qfi1,5.5,24.0,36.0,36.0,ok,0.5250589148901235,all_flows,0.0,ok,100.0,ue6_qfi1,0,0,0,129.0,99.0000000000002,all_flows,100.0,ue6_qfi1,0,0,0,129.0,99.0000000000002,data,2.0,data,ok,2.0,False,,all_flows,False,,3,0,proxy,3,0,ue1_qfi2,1.0,152,150.0,all_flows,ue1_qfi2,1.0,152,150.0,ok,ue1_qfi2,24.659,all_flows,ue1_qfi2,24.659,ok,8,all_flows,8,8,ok,8,ue6_qfi2,0.9640584,all_flows,ue6_qfi2,0.9640584,ok,0.9106464743597662,all_flows,0.9999373830168388,5,0.9999017770623114,proxy,5,0.9008573886826099,68927204.8,ok,0.010652272727272727,ok,0.9328034090909091,0.0346765625,ok,ue2_qfi1,0.40816326530612246,49,100.0,all_flows,ue2_qfi1,0.40816326530612246,49,100.0,data,0.0,data,ok,0.0,ue1_qfi1,30.5,all_flows,ue1_qfi1,30.5,ok,30.4,ue1_qfi2,0,0.0,0.0,all_flows,30.4,ue1_qfi2,0,0.0,0.0,30.303,33.0,30.303,ok,33.0,,all_flows,,pending,,all_flows,,pending,100.0,"[8, 9]",ue6_qfi1,0,0,0,129.0,99.0000000000002,data,ok,2.0,,all_flows,,pending,1,33,5.0,1.0,all_flows,0,24,0.0,1.0,,ok,ue8_qfi9,True,PF,191741830
ue8_qfi8,300.25,300.25,300.25,300.25,all_flows,ue7_qfi1,7.5,23.0,32.25,32.25,ok,0.6379389796395559,all_flows,0.24165523656939927,ok,100.0,ue1_qfi1,0,0,0,131.99999999999966,99.25000000000006,all_flows,100.0,ue1_qfi1,0,0,0,131.99999999999966,99.25000000000006,data,2.0,data,ok,2.0,False,,all_flows,False,,3,0,proxy,3,0,ue4_qfi2,0.0,147,150.0,all_flows,ue4_qfi2,0.0,147,150.0,ok,ue1_qfi2,24.962,all_flows,ue1_qfi2,24.962,ok,6,all_flows,6,8,ok,8,ue4_qfi2,0.0,all_flows,ue4_qfi2,0.0,ok,0.7441414868105081,all_flows,0.8332247061928022,5,0.8331278350024238,proxy,5,0.739447445013742,54010928.0,ok,0.011554545454545454,ok,0.7401818181818182,0.068440625,ok,ue5_qfi1,0.46938775510204084,49,100.0,all_flows,ue5_qfi1,0.46938775510204084,49,100.0,data,0.0,data,ok,0.0,ue1_qfi1,26.25,all_flows,ue1_qfi1,26.25,ok,30.4,ue1_qfi2,0,0.0,0.0,all_flows,30.4,ue1_qfi2,0,0.0,0.0,30.303,33.0,30.303,ok,33.0,,all_flows,,pending,,all_flows,,pending,100.0,"[8, 9]",ue1_qfi1,0,0,0,131.99999999999966,99.25000000000006,data,ok,2.0,,all_flows,,pending,7,33,5.0,1.0,all_flows,4,24,4.98325,1.0,ue4_qfi2,ok,ue4_qfi9,True,Reservation,191741830
ue2_qfi9,13.0,41.0,48.25,52.75,all_flows,ue2_qfi2,6.743,17.785,20.559,27.467,ok,0.575808796229446,all_flows,0.3653766434673487,ok,100.0,ue5_qfi1,0,0,0,114.74999999999991,100.00000000000009,all_flows,100.0,ue5_qfi1,0,0,0,114.74999999999991,100.00000000000009,data,2.0,data,ok,2.0,False,,all_flows,False,,3,0,proxy,3,0,ue6_qfi2,0.0,148,150.0,all_flows,ue6_qfi2,0.0,148,150.0,ok,ue3_qfi2,21.75,all_flows,ue3_qfi2,21.75,ok,5,all_flows,5,8,ok,8,ue6_qfi2,0.0,all_flows,ue6_qfi2,0.0,ok,0.6969134938256087,all_flows,0.7499656747308424,5,0.749951441267116,proxy,5,0.6968878155963233,59637281.6,ok,0.010663636363636363,ok,0.9329477272727272,0.03456875,ok,ue1_qfi1,0.42857142857142855,49,100.0,all_flows,ue1_qfi1,0.42857142857142855,49,100.0,data,0.0,data,ok,0.0,ue2_qfi9,39.75,all_flows,ue2_qfi2,20.723999999999997,ok,30.4,ue1_qfi2,0,0.0,0.0,all_flows,30.4,ue1_qfi2,0,0.0,0.0,30.303,33.0,30.303,ok,33.0,,all_flows,,pending,,all_flows,,pending,100.0,"[8, 9]",ue5_qfi1,0,0,0,114.74999999999991,100.00000000000009,data,ok,2.0,,all_flows,,pending,10,33,5.0,1.0,all_flows,6,24,4.98325,1.0,ue6_qfi2,ok,ue6_qfi9,True,TwoTier,191741830
ue8_qfi8,300.0,300.25,300.25,300.25,all_flows,ue1_qfi1,5.5,19.25,44.0,44.0,ok,0.5384434783939829,all_flows,0.0,ok,100.0,ue1_qfi1,0,0,0,136.74999999999991,99.75000000000023,all_flows,100.0,ue1_qfi1,0,0,0,136.74999999999991,99.75000000000023,data,2.0,data,ok,2.0,False,,all_flows,False,,3,0,proxy,3,0,ue3_qfi2,0.993421052631579,152,150.0,all_flows,ue3_qfi2,0.993421052631579,152,150.0,ok,ue5_qfi2,25.854,all_flows,ue5_qfi2,25.854,ok,8,all_flows,8,8,ok,8,ue8_qfi2,0.959092,all_flows,ue8_qfi2,0.959092,ok,0.9057096975081725,all_flows,0.9999562052696767,5,0.9999043531227182,proxy,5,0.9014763944518807,67203784.0,ok,0.011118181818181819,ok,0.9323318181818182,0.0381078125,ok,ue2_qfi1,0.4897959183673469,49,100.0,all_flows,ue2_qfi1,0.4897959183673469,49,100.0,data,0.0,data,ok,0.0,ue1_qfi1,38.5,all_flows,ue1_qfi1,38.5,ok,30.2,ue3_qfi2,1,67.0,67.0,all_flows,30.2,ue3_qfi2,1,67.0,67.0,30.303,33.0,30.303,ok,33.0,,all_flows,,pending,,all_flows,,pending,100.0,"[8, 9]",ue1_qfi1,0,0,0,136.74999999999991,99.75000000000023,data,ok,2.0,,all_flows,,pending,1,33,5.0,1.0,all_flows,0,24,0.0,1.0,,ok,ue8_qfi9,True,PF,1853662620
ue8_qfi8,300.25,300.25,300.25,300.25,all_flows,ue8_qfi1,5.25,23.0,54.25,54.25,ok,0.6457193262644194,all_flows,0.2433557210178496,ok,100.0,ue8_qfi1,0,0,0,134.00000000000034,99.99999999999997,all_flows,100.0,ue8_qfi1,0,0,0,134.00000000000034,99.99999999999997,data,2.0,data,ok,2.0,False,,all_flows,False,,3,0,proxy,3,0,ue3_qfi2,0.0,147,150.0,all_flows,ue3_qfi2,0.0,147,150.0,ok,ue8_qfi2,26.75,all_flows,ue8_qfi2,26.75,ok,6,all_flows,6,8,ok,8,ue3_qfi2,0.0,all_flows,ue3_qfi2,0.0,ok,0.7414854790992461,all_flows,0.8332499826391799,5,0.8332128510750906,proxy,5,0.7363049336260927,52762177.6,ok,0.011693181818181818,ok,0.7433579545454545,0.0759046875,ok,ue1_qfi1,0.4489795918367347,49,100.0,all_flows,ue1_qfi1,0.4489795918367347,49,100.0,data,0.0,data,ok,0.0,ue8_qfi1,49.0,all_flows,ue8_qfi1,49.0,ok,30.4,ue1_qfi2,0,0.0,0.0,all_flows,30.4,ue1_qfi2,0,0.0,0.0,30.303,33.0,30.303,ok,33.0,,all_flows,,pending,,all_flows,,pending,100.0,"[8, 9]",ue8_qfi1,0,0,0,134.00000000000034,99.99999999999997,data,ok,2.0,,all_flows,,pending,7,33,5.0,1.0,all_flows,4,24,4.98325,1.0,ue3_qfi2,ok,ue3_qfi9,True,Reservation,1853662620
ue1_qfi9,218.5,299.75,300.0,300.25,all_flows,ue1_qfi1,8.0,97.0,98.25,98.25,ok,0.5197350990416765,all_flows,0.11974867454050302,ok,,ue1_qfi9,0,0,0,487.0000000000001,0.0,all_flows,100.0,ue1_qfi1,0,0,0,401.0000000000007,101.24999999999984,data,2.0,data,ok,2.0,False,,all_flows,False,,3,0,proxy,3,0,ue8_qfi2,0.0,147,150.0,all_flows,ue8_qfi2,0.0,147,150.0,ok,ue1_qfi2,71.75,all_flows,ue1_qfi2,71.75,ok,7,all_flows,7,8,ok,8,ue8_qfi2,0.0,all_flows,ue8_qfi2,0.0,ok,0.8417724707374769,all_flows,0.9115292643827392,5,0.901779564935066,proxy,5,0.8327523338149241,67150689.6,ok,0.011020454545454545,ok,0.9322397727272728,0.03703125,ok,ue1_qfi1,0.43243243243243246,37,100.0,all_flows,ue1_qfi1,0.43243243243243246,37,100.0,data,0.0,data,ok,0.0,ue3_qfi9,158.25,all_flows,ue1_qfi1,90.25,ok,30.0,ue1_qfi2,5,105.75,427.75,all_flows,30.0,ue1_qfi2,5,105.75,427.75,30.303,33.0,30.303,ok,33.0,,all_flows,,pending,,all_flows,,pending,100.0,"[8, 9]",ue1_qfi1,0,0,0,401.0000000000007,101.24999999999984,data,ok,2.0,,all_flows,,pending,4,33,5.0,1.0,all_flows,2,24,4.98325,1.0,ue8_qfi2,ok,ue8_qfi8,True,TwoTier,1853662620
ue8_qfi8,300.0,300.25,300.25,300.25,all_flows,ue1_qfi2,9.36,20.54,23.951,29.384,ok,0.5337635705407837,all_flows,0.0,ok,100.0,ue1_qfi1,0,0,0,201.99999999999994,99.87500000000016,all_flows,100.0,ue1_qfi1,0,0,0,201.99999999999994,99.87500000000016,data,2.0,data,ok,2.0,False,,all_flows,False,,3,0,proxy,3,0,ue1_qfi2,0.993421052631579,152,150.0,all_flows,ue1_qfi2,0.993421052631579,152,150.0,ok,ue1_qfi2,27.25,all_flows,ue1_qfi2,27.25,ok,8,all_flows,8,8,ok,8,ue3_qfi2,0.9553096,all_flows,ue3_qfi2,0.9553096,ok,0.9063610259806538,all_flows,0.9998765843215678,5,0.9995981287878902,proxy,5,0.9004577391773547,67780187.2,ok,0.011113636363636364,ok,0.9330920454545455,0.0367015625,ok,ue6_qfi1,0.46938775510204084,49,100.0,all_flows,ue6_qfi1,0.46938775510204084,49,100.0,data,0.0,data,ok,0.0,ue3_qfi1,24.0,all_flows,ue3_qfi1,24.0,ok,30.2,ue1_qfi2,0,0.0,0.0,all_flows,30.2,ue1_qfi2,0,0.0,0.0,30.303,33.0,30.303,ok,33.0,,all_flows,,pending,,all_flows,,pending,100.0,"[8, 9]",ue1_qfi1,0,0,0,201.99999999999994,99.87500000000016,data,ok,2.0,,all_flows,,pending,1,33,5.0,1.0,all_flows,0,24,0.0,1.0,,ok,ue8_qfi9,True,PF,47463574
ue8_qfi8,300.25,300.25,300.25,300.25,all_flows,ue6_qfi1,5.75,20.75,28.0,28.0,ok,0.6436210324633362,all_flows,0.3633311788029109,ok,100.0,ue2_qfi1,0,0,0,209.24999999999994,100.00000000000009,all_flows,100.0,ue2_qfi1,0,0,0,209.24999999999994,100.00000000000009,data,2.0,data,ok,2.0,False,,all_flows,False,,3,0,proxy,3,0,ue3_qfi2,0.0,147,150.0,all_flows,ue3_qfi2,0.0,147,150.0,ok,ue2_qfi2,21.058,all_flows,ue2_qfi2,21.058,ok,5,all_flows,5,8,ok,8,ue3_qfi2,0.0,all_flows,ue3_qfi2,0.0,ok,0.6712502946577066,all_flows,0.7499219257962355,5,0.7498604409172358,proxy,5,0.668173764885027,54115251.2,ok,0.011729545454545454,ok,0.7500909090909091,0.072421875,ok,ue1_qfi1,0.42857142857142855,49,100.0,all_flows,ue1_qfi1,0.42857142857142855,49,100.0,data,0.0,data,ok,0.0,ue6_qfi9,186.75,all_flows,ue2_qfi1,23.75,ok,30.4,ue1_qfi2,0,0.0,0.0,all_flows,30.4,ue1_qfi2,0,0.0,0.0,30.303,33.0,30.303,ok,33.0,,all_flows,,pending,,all_flows,,pending,100.0,"[8, 9]",ue2_qfi1,0,0,0,209.24999999999994,100.00000000000009,data,ok,2.0,,all_flows,,pending,10,33,5.0,1.0,all_flows,6,24,4.98325,1.0,ue3_qfi2,ok,ue3_qfi9,True,Reservation,47463574
ue1_qfi9,163.25,299.0,299.75,300.0,all_flows,ue1_qfi1,4.0,18.0,69.5,69.5,ok,0.5242149990542071,all_flows,0.2447036947064252,ok,100.0,ue1_qfi1,0,0,0,260.9999999999992,100.24999999999994,all_flows,100.0,ue1_qfi1,0,0,0,260.9999999999992,100.24999999999994,data,2.0,data,ok,2.0,False,,all_flows,False,,3,0,proxy,3,0,ue7_qfi2,0.0,147,150.0,all_flows,ue7_qfi2,0.0,147,150.0,ok,ue6_qfi2,48.0,all_flows,ue6_qfi2,48.0,ok,6,all_flows,6,8,ok,8,ue7_qfi2,0.0,all_flows,ue7_qfi2,0.0,ok,0.7795058311679002,all_flows,0.8327894746346898,5,0.8314769331811136,proxy,5,0.7650790183335255,66533134.4,ok,0.011147727272727273,ok,0.9331897727272728,0.0371984375,ok,ue1_qfi1,0.44680851063829785,47,100.0,all_flows,ue1_qfi1,0.44680851063829785,47,100.0,data,0.0,data,ok,0.0,ue2_qfi9,191.0,all_flows,ue1_qfi1,65.5,ok,30.0,ue6_qfi2,8,80.0,619.0,all_flows,30.0,ue6_qfi2,8,80.0,619.0,30.303,33.0,30.303,ok,33.0,,all_flows,,pending,,all_flows,,pending,100.0,"[8, 9]",ue1_qfi1,0,0,0,260.9999999999992,100.24999999999994,data,ok,2.0,,all_flows,,pending,7,33,5.0,1.0,all_flows,4,24,4.98325,1.0,ue7_qfi2,ok,ue7_qfi9,True,TwoTier,47463574
ue8_qfi8,300.0,300.25,300.25,300.25,all_flows,ue8_qfi1,6.0,28.75,76.0,76.0,ok,0.5327962781857898,all_flows,0.0,ok,100.0,ue8_qfi1,0,0,0,169.99999999999994,100.24999999999994,all_flows,100.0,ue8_qfi1,0,0,0,169.99999999999994,100.24999999999994,data,2.0,data,ok,2.0,False,,all_flows,False,,3,0,proxy,3,0,ue1_qfi2,1.0,152,150.0,all_flows,ue1_qfi2,1.0,152,150.0,ok,ue8_qfi2,27.076,all_flows,ue8_qfi2,27.076,ok,8,all_flows,8,8,ok,8,ue3_qfi2,0.9657864,all_flows,ue3_qfi2,0.9657864,ok,0.9074964611769658,all_flows,0.9999518311322013,5,0.9999163020795926,proxy,5,0.8993430800841132,67728590.4,ok,0.011104545454545454,ok,0.9325681818181818,0.037421875,ok,ue7_qfi1,0.4489795918367347,49,100.0,all_flows,ue7_qfi1,0.4489795918367347,49,100.0,data,0.0,data,ok,0.0,ue8_qfi1,70.0,all_flows,ue8_qfi1,70.0,ok,30.4,ue1_qfi2,0,0.0,0.0,all_flows,30.4,ue1_qfi2,0,0.0,0.0,30.303,33.0,30.303,ok,33.0,,all_flows,,pending,,all_flows,,pending,100.0,"[8, 9]",ue8_qfi1,0,0,0,169.99999999999994,100.24999999999994,data,ok,2.0,,all_flows,,pending,1,33,5.0,1.0,all_flows,0,24,0.0,1.0,,ok,ue8_qfi9,True,PF,1162779115
ue8_qfi8,300.25,300.25,300.25,300.25,all_flows,ue8_qfi1,6.0,23.25,27.0,27.0,ok,0.6415241840072957,all_flows,0.2419214810321348,ok,,ue8_qfi8,0,0,0,222.75,1.7500000000003624,all_flows,100.0,ue3_qfi1,0,0,0,124.49999999999983,99.74999999999935,data,2.0,data,ok,2.0,False,,all_flows,False,,3,0,proxy,3,0,ue4_qfi2,0.0,147,150.0,all_flows,ue4_qfi2,0.0,147,150.0,ok,ue7_qfi2,25.08,all_flows,ue7_qfi2,25.08,ok,6,all_flows,6,8,ok,8,ue4_qfi2,0.0,all_flows,ue4_qfi2,0.0,ok,0.7426893651396169,all_flows,0.8332298127242108,5,0.8331481877421814,proxy,5,0.7377515213215365,53270856.0,ok,0.011729545454545454,ok,0.7424602272727273,0.0732390625,ok,ue1_qfi1,0.4897959183673469,49,100.0,all_flows,ue1_qfi1,0.4897959183673469,49,100.0,data,0.0,data,ok,0.0,ue8_qfi1,21.0,all_flows,ue8_qfi1,21.0,ok,30.2,ue6_qfi2,1,73.75,73.75,all_flows,30.2,ue6_qfi2,1,73.75,73.75,30.303,33.0,30.303,ok,33.0,,all_flows,,pending,,all_flows,,pending,100.0,"[8, 9]",ue3_qfi1,0,0,0,124.49999999999983,99.74999999999935,data,ok,2.0,,all_flows,,pending,7,33,5.0,1.0,all_flows,4,24,4.98325,1.0,ue4_qfi2,ok,ue4_qfi9,True,Reservation,1162779115
ue6_qfi9,296.25,299.75,300.0,300.25,all_flows,ue6_qfi2,9.0,26.022,68.025,98.122,ok,0.5152844319425257,all_flows,0.12018452362053095,ok,100.0,ue7_qfi1,0,0,0,147.25000000000006,99.99999999999976,all_flows,100.0,ue7_qfi1,0,0,0,147.25000000000006,99.99999999999976,data,2.0,data,ok,2.0,False,,all_flows,False,,3,0,proxy,3,0,ue8_qfi2,0.0,147,150.0,all_flows,ue8_qfi2,0.0,147,150.0,ok,ue7_qfi2,41.309,all_flows,ue7_qfi2,41.309,ok,7,all_flows,7,8,ok,8,ue8_qfi2,0.0,all_flows,ue8_qfi2,0.0,ok,0.8550650492838521,all_flows,0.916386105426634,5,0.9158944099811246,proxy,5,0.8468894866908256,67911628.8,ok,0.011213636363636363,ok,0.9323818181818182,0.0364984375,ok,ue2_qfi1,0.4489795918367347,49,100.0,all_flows,ue2_qfi1,0.4489795918367347,49,100.0,data,0.0,data,ok,0.0,ue1_qfi9,114.25,all_flows,ue6_qfi2,89.122,ok,30.4,ue1_qfi2,3,73.75,217.75,all_flows,30.4,ue1_qfi2,3,73.75,217.75,30.303,33.0,30.303,ok,33.0,,all_flows,,pending,,all_flows,,pending,100.0,"[8, 9]",ue7_qfi1,0,0,0,147.25000000000006,99.99999999999976,data,ok,2.0,,all_flows,,pending,4,33,5.0,1.0,all_flows,2,24,4.98325,1.0,ue8_qfi2,ok,ue8_qfi8,True,TwoTier,1162779115
ue8_qfi8,300.0,300.25,300.25,300.25,all_flows,ue8_qfi1,5.5,21.25,29.25,29.25,ok,0.5372371169345971,all_flows,0.0,ok,100.0,ue8_qfi1,0,0,0,128.75000000000014,99.75,all_flows,100.0,ue8_qfi1,0,0,0,128.75000000000014,99.75,data,2.0,data,ok,2.0,False,,all_flows,False,,3,0,proxy,3,0,ue6_qfi2,0.993421052631579,152,150.0,all_flows,ue6_qfi2,0.993421052631579,152,150.0,ok,ue8_qfi2,24.635,all_flows,ue8_qfi2,24.635,ok,8,all_flows,8,8,ok,8,ue5_qfi2,0.9646236,all_flows,ue5_qfi2,0.9646236,ok,0.904992929110757,all_flows,0.9999430410966117,5,0.9999198151893913,proxy,5,0.8985874554079357,67043788.8,ok,0.011138636363636364,ok,0.9325159090909091,0.0373390625,ok,ue3_qfi1,0.4897959183673469,49,100.0,all_flows,ue3_qfi1,0.4897959183673469,49,100.0,data,0.0,data,ok,0.0,ue8_qfi1,23.75,all_flows,ue8_qfi1,23.75,ok,30.2,ue6_qfi2,1,66.75,66.75,all_flows,30.2,ue6_qfi2,1,66.75,66.75,30.303,33.0,30.303,ok,33.0,,all_flows,,pending,,all_flows,,pending,100.0,"[8, 9]",ue8_qfi1,0,0,0,128.75000000000014,99.75,data,ok,2.0,,all_flows,,pending,1,33,5.0,1.0,all_flows,0,24,0.0,1.0,,ok,ue8_qfi9,True,PF,172656923
ue8_qfi8,300.25,300.25,300.25,300.25,all_flows,ue3_qfi2,7.574,28.048,87.409,112.645,ok,0.6527088113680191,all_flows,0.2851177119486889,ok,,ue8_qfi8,0,0,0,150.25,1.9999999999997797,all_flows,100.0,ue8_qfi1,0,0,0,137.2499999999999,99.99999999999964,data,2.0,data,ok,2.0,False,,all_flows,False,,3,0,proxy,3,0,ue4_qfi2,0.0,147,150.0,all_flows,ue4_qfi2,0.0,147,150.0,ok,ue3_qfi2,29.335,all_flows,ue3_qfi2,29.335,ok,5,all_flows,5,8,ok,8,ue4_qfi2,0.0,all_flows,ue4_qfi2,0.0,ok,0.7175793635259874,all_flows,0.807620405210176,5,0.7499151936770037,proxy,5,0.6661974342506687,51873729.6,ok,0.012268181818181819,ok,0.7409397727272727,0.0757234375,ok,ue2_qfi1,0.4489795918367347,49,100.0,all_flows,ue2_qfi1,0.4489795918367347,49,100.0,data,0.0,data,ok,0.0,ue3_qfi2,105.071,all_flows,ue3_qfi2,105.071,ok,30.2,ue1_qfi2,0,0.0,0.0,all_flows,30.2,ue1_qfi2,0,0.0,0.0,30.303,33.0,30.303,ok,33.0,,all_flows,,pending,,all_flows,,pending,100.0,"[8, 9]",ue8_qfi1,0,0,0,137.2499999999999,99.99999999999964,data,ok,2.0,,all_flows,,pending,10,33,5.0,1.0,all_flows,6,24,4.98325,1.0,ue4_qfi2,ok,ue4_qfi9,True,Reservation,172656923
ue6_qfi9,270.25,299.5,300.0,300.25,all_flows,ue7_qfi2,7.454,55.291,109.024,131.442,ok,0.5455569475628732,all_flows,0.24556190006716666,ok,100.0,ue4_qfi1,0,0,0,128.49999999999983,99.75000000000023,all_flows,100.0,ue4_qfi1,0,0,0,128.49999999999983,99.75000000000023,data,2.0,data,ok,2.0,False,,all_flows,False,,3,0,proxy,3,0,ue8_qfi2,0.0,147,150.0,all_flows,ue8_qfi2,0.0,147,150.0,ok,ue7_qfi2,74.627,all_flows,ue7_qfi2,74.627,ok,5,all_flows,5,8,ok,8,ue8_qfi2,0.0,all_flows,ue8_qfi2,0.0,ok,0.7835843273704143,all_flows,0.841717472335214,5,0.7499481071381925,proxy,5,0.6968527944897641,63502395.2,ok,0.010879545454545454,ok,0.9322965909090909,0.0366296875,ok,ue6_qfi1,0.4583333333333333,24,100.0,all_flows,ue6_qfi1,0.4583333333333333,24,100.0,data,0.0,data,ok,0.0,ue2_qfi9,280.75,all_flows,ue7_qfi2,123.98800000000001,ok,15.4,ue7_qfi2,4,78.0,293.5,all_flows,15.4,ue7_qfi2,4,78.0,293.5,30.303,33.0,30.303,ok,33.0,,all_flows,,pending,,all_flows,,pending,100.0,"[8, 9]",ue4_qfi1,0,0,0,128.49999999999983,99.75000000000023,data,ok,2.0,,all_flows,,pending,10,33,5.0,1.0,all_flows,6,24,4.98325,1.0,ue8_qfi2,ok,ue8_qfi8,True,TwoTier,172656923
ue8_qfi8,300.0,300.25,300.25,300.25,all_flows,ue3_qfi1,7.0,23.25,38.25,38.25,ok,0.5280887291356259,all_flows,0.0,ok,100.0,ue8_qfi1,0,0,0,133.0,99.50000000000037,all_flows,100.0,ue8_qfi1,0,0,0,133.0,99.50000000000037,data,2.0,data,ok,2.0,False,,all_flows,False,,3,0,proxy,3,0,ue1_qfi2,1.0,152,150.0,all_flows,ue1_qfi2,1.0,152,150.0,ok,ue8_qfi2,25.101,all_flows,ue8_qfi2,25.101,ok,8,all_flows,8,8,ok,8,ue7_qfi2,0.962518,all_flows,ue7_qfi2,0.962518,ok,0.9093533441322925,all_flows,0.999949304394644,5,0.9999044000458683,proxy,5,0.9026945876205508,68664156.8,ok,0.010713636363636364,ok,0.9296170454545455,0.0349734375,ok,ue4_qfi1,0.4489795918367347,49,100.0,all_flows,ue4_qfi1,0.4489795918367347,49,100.0,data,0.0,data,ok,0.0,ue3_qfi1,31.25,all_flows,ue3_qfi1,31.25,ok,30.4,ue1_qfi2,0,0.0,0.0,all_flows,30.4,ue1_qfi2,0,0.0,0.0,30.303,33.0,30.303,ok,33.0,,all_flows,,pending,,all_flows,,pending,100.0,"[8, 9]",ue8_qfi1,0,0,0,133.0,99.50000000000037,data,ok,2.0,,all_flows,,pending,1,33,5.0,1.0,all_flows,0,24,0.0,1.0,,ok,ue8_qfi9,True,PF,643626383
ue8_qfi8,300.25,300.25,300.25,300.25,all_flows,ue4_qfi1,6.75,28.5,56.75,56.75,ok,0.6317760755735696,all_flows,0.2453419028932939,ok,,ue8_qfi8,0,0,0,161.2499999999999,2.0000000000000018,all_flows,100.0,ue4_qfi1,0,0,0,136.49999999999983,99.75000000000023,data,2.0,data,ok,2.0,False,,all_flows,False,,3,0,proxy,3,0,ue3_qfi2,0.0,147,150.0,all_flows,ue3_qfi2,0.0,147,150.0,ok,ue4_qfi2,25.178,all_flows,ue4_qfi2,25.178,ok,6,all_flows,6,8,ok,8,ue3_qfi2,0.0,all_flows,ue3_qfi2,0.0,ok,0.7464720417436977,all_flows,0.8332491218518102,5,0.8332099779371481,proxy,5,0.7409570731174691,54914161.6,ok,0.01156590909090909,ok,0.7448011363636363,0.067946875,ok,ue2_qfi1,0.46938775510204084,49,100.0,all_flows,ue2_qfi1,0.46938775510204084,49,100.0,data,0.0,data,ok,0.0,ue4_qfi1,50.0,all_flows,ue4_qfi1,50.0,ok,30.4,ue1_qfi2,0,0.0,0.0,all_flows,30.4,ue1_qfi2,0,0.0,0.0,30.303,33.0,30.303,ok,33.0,,all_flows,,pending,,all_flows,,pending,100.0,"[8, 9]",ue4_qfi1,0,0,0,136.49999999999983,99.75000000000023,data,ok,2.0,,all_flows,,pending,7,33,5.0,1.0,all_flows,4,24,4.98325,1.0,ue3_qfi2,ok,ue3_qfi9,True,Reservation,643626383
ue5_qfi9,134.25,297.5,299.0,299.75,all_flows,ue6_qfi2,7.246,41.926,52.198,66.172,ok,0.5132894223238725,all_flows,0.24174390857646494,ok,100.0,ue6_qfi1,0,0,0,138.24999999999977,100.75000000000011,all_flows,100.0,ue6_qfi1,0,0,0,138.24999999999977,100.75000000000011,data,2.0,data,ok,2.0,False,,all_flows,False,,3,0,proxy,3,0,ue7_qfi2,0.0,148,150.0,all_flows,ue7_qfi2,0.0,148,150.0,ok,ue6_qfi2,45.791,all_flows,ue6_qfi2,45.791,ok,6,all_flows,6,8,ok,8,ue7_qfi2,0.0,all_flows,ue7_qfi2,0.0,ok,0.7841411631926466,all_flows,0.8331806297048289,5,0.8331006406968635,proxy,5,0.7809975248220653,67824043.2,ok,0.010740909090909091,ok,0.9302977272727273,0.0341,ok,ue6_qfi1,0.40816326530612246,49,100.0,all_flows,ue6_qfi1,0.40816326530612246,49,100.0,data,0.0,data,ok,0.0,ue2_qfi9,180.25,all_flows,ue6_qfi2,58.925999999999995,ok,30.4,ue6_qfi2,10,109.75,787.5,all_flows,30.4,ue6_qfi2,10,109.75,787.5,30.303,33.0,30.303,ok,33.0,,all_flows,,pending,,all_flows,,pending,100.0,"[8, 9]",ue6_qfi1,0,0,0,138.24999999999977,100.75000000000011,data,ok,2.0,,all_flows,,pending,7,33,5.0,1.0,all_flows,4,24,4.98325,1.0,ue7_qfi2,ok,ue7_qfi9,True,TwoTier,643626383
ue8_qfi8,300.0,300.25,300.25,300.25,all_flows,ue5_qfi1,5.75,16.75,46.75,46.75,ok,0.5235235921291482,all_flows,0.0,ok,100.0,ue8_qfi1,0,0,0,203.5,99.5,all_flows,100.0,ue8_qfi1,0,0,0,203.5,99.5,data,2.0,data,ok,2.0,False,,all_flows,False,,3,0,proxy,3,0,ue1_qfi2,0.993421052631579,152,150.0,all_flows,ue1_qfi2,0.993421052631579,152,150.0,ok,ue6_qfi2,27.875,all_flows,ue6_qfi2,27.875,ok,8,all_flows,8,8,ok,8,ue1_qfi2,0.962292,all_flows,ue1_qfi2,0.962292,ok,0.9092660109623564,all_flows,0.9998649363247438,5,0.9995701798267222,proxy,5,0.8976770579308752,69236772.8,ok,0.010809090909090909,ok,0.9326147727272728,0.035978125,ok,ue6_qfi1,0.5102040816326531,49,100.0,all_flows,ue6_qfi1,0.5102040816326531,49,100.0,data,0.0,data,ok,0.0,ue5_qfi1,41.0,all_flows,ue5_qfi1,41.0,ok,30.2,ue8_qfi2,1,81.0,81.0,all_flows,30.2,ue8_qfi2,1,81.0,81.0,30.303,33.0,30.303,ok,33.0,,all_flows,,pending,,all_flows,,pending,100.0,"[8, 9]",ue8_qfi1,0,0,0,203.5,99.5,data,ok,2.0,,all_flows,,pending,1,33,5.0,1.0,all_flows,0,24,0.0,1.0,,ok,ue8_qfi9,True,PF,1033071480
ue8_qfi8,300.0,300.25,300.25,300.25,all_flows,ue7_qfi2,9.787,24.25,78.072,106.936,ok,0.6272024756889543,all_flows,0.2796213526549521,ok,100.0,ue6_qfi1,0,0,0,129.24999999999986,99.99999999999964,all_flows,100.0,ue6_qfi1,0,0,0,129.24999999999986,99.99999999999964,data,2.0,data,ok,2.0,False,,all_flows,False,,3,0,proxy,3,0,ue3_qfi2,0.0,148,150.0,all_flows,ue3_qfi2,0.0,148,150.0,ok,ue7_qfi2,26.75,all_flows,ue7_qfi2,26.75,ok,5,all_flows,5,8,ok,8,ue3_qfi2,0.0,all_flows,ue3_qfi2,0.0,ok,0.7293146143391086,all_flows,0.8134974619846431,5,0.7499572341223775,proxy,5,0.6748778370364015,55889161.6,ok,0.011484090909090909,ok,0.7567545454545455,0.0687796875,ok,ue1_qfi1,0.4489795918367347,49,100.0,all_flows,ue1_qfi1,0.4489795918367347,49,100.0,data,0.0,data,ok,0.0,ue6_qfi9,230.75,all_flows,ue7_qfi2,97.149,ok,30.4,ue1_qfi2,0,0.0,0.0,all_flows,30.4,ue1_qfi2,0,0.0,0.0,30.303,33.0,30.303,ok,33.0,,all_flows,,pending,,all_flows,,pending,100.0,"[8, 9]",ue6_qfi1,0,0,0,129.24999999999986,99.99999999999964,data,ok,2.0,,all_flows,,pending,10,33,5.0,1.0,all_flows,6,24,4.98325,1.0,ue3_qfi2,ok,ue3_qfi9,True,Reservation,1033071480
ue6_qfi9,297.25,300.0,300.25,300.25,all_flows,ue7_qfi2,8.046,54.557,114.089,129.924,ok,0.5454209206953494,all_flows,0.2440245250234661,ok,100.0,ue2_qfi1,0,0,0,156.5000000000003,100.00000000000009,all_flows,100.0,ue2_qfi1,0,0,0,156.5000000000003,100.00000000000009,data,2.0,data,ok,2.0,False,,all_flows,False,,3,0,proxy,3,0,ue8_qfi2,0.0,147,150.0,all_flows,ue8_qfi2,0.0,147,150.0,ok,ue7_qfi2,64.557,all_flows,ue7_qfi2,64.557,ok,5,all_flows,5,8,ok,8,ue8_qfi2,0.0,all_flows,ue8_qfi2,0.0,ok,0.7829477543287612,all_flows,0.8418902907430545,5,0.7499778297165519,proxy,5,0.6969048096126037,63326744.0,ok,0.01113409090909091,ok,0.9325318181818182,0.0368203125,ok,ue2_qfi1,0.46938775510204084,49,100.0,all_flows,ue2_qfi1,0.46938775510204084,49,100.0,data,0.0,data,ok,0.0,ue2_qfi9,275.75,all_flows,ue7_qfi2,121.87800000000001,ok,30.4,ue2_qfi2,2,106.5,174.0,all_flows,30.4,ue2_qfi2,2,106.5,174.0,30.303,33.0,30.303,ok,33.0,,all_flows,,pending,,all_flows,,pending,100.0,"[8, 9]",ue2_qfi1,0,0,0,156.5000000000003,100.00000000000009,data,ok,2.0,,all_flows,,pending,10,33,5.0,1.0,all_flows,6,24,4.98325,1.0,ue8_qfi2,ok,ue8_qfi8,True,TwoTier,1033071480
ue8_qfi8,300.0,300.25,300.25,300.25,all_flows,ue5_qfi1,4.25,15.5,28.0,28.0,ok,0.5429462046006023,all_flows,0.0,ok,100.0,ue5_qfi1,0,0,0,127.75000000000026,99.74999999999979,all_flows,100.0,ue5_qfi1,0,0,0,127.75000000000026,99.74999999999979,data,2.0,data,ok,2.0,False,,all_flows,False,,3,0,proxy,3,0,ue1_qfi2,1.0,152,150.0,all_flows,ue1_qfi2,1.0,152,150.0,ok,ue6_qfi2,26.453,all_flows,ue6_qfi2,26.453,ok,8,all_flows,8,8,ok,8,ue7_qfi2,0.9544496,all_flows,ue7_qfi2,0.9544496,ok,0.9031248968741388,all_flows,0.999954120626868,5,0.9999160168255344,proxy,5,0.9011601203090472,66472409.6,ok,0.011247727272727272,ok,0.9297647727272728,0.037790625,ok,ue4_qfi1,0.4897959183673469,49,100.0,all_flows,ue4_qfi1,0.4897959183673469,49,100.0,data,0.0,data,ok,0.0,ue5_qfi1,23.75,all_flows,ue5_qfi1,23.75,ok,30.4,ue1_qfi2,0,0.0,0.0,all_flows,30.4,ue1_qfi2,0,0.0,0.0,30.303,33.0,30.303,ok,33.0,,all_flows,,pending,,all_flows,,pending,100.0,"[8, 9]",ue5_qfi1,0,0,0,127.75000000000026,99.74999999999979,data,ok,2.0,,all_flows,,pending,1,33,5.0,1.0,all_flows,0,24,0.0,1.0,,ok,ue8_qfi9,True,PF,907713895
ue7_qfi9,297.0,300.0,300.0,300.25,all_flows,ue3_qfi1,4.75,25.25,54.5,54.5,ok,0.6295001441894769,all_flows,0.24230580236279214,ok,100.0,ue3_qfi1,0,0,0,129.75000000000003,99.74999999999979,all_flows,100.0,ue3_qfi1,0,0,0,129.75000000000003,99.74999999999979,data,2.0,data,ok,2.0,False,,all_flows,False,,3,0,proxy,3,0,ue5_qfi2,0.0,147,150.0,all_flows,ue5_qfi2,0.0,147,150.0,ok,ue4_qfi2,25.482,all_flows,ue4_qfi2,25.482,ok,6,all_flows,6,8,ok,8,ue5_qfi2,0.0,all_flows,ue5_qfi2,0.0,ok,0.760051306711576,all_flows,0.8332346607752805,5,0.8331904830177469,proxy,5,0.7567943613542624,52145446.4,ok,0.011775,ok,0.74175,0.075203125,ok,ue1_qfi1,0.46938775510204084,49,100.0,all_flows,ue1_qfi1,0.46938775510204084,49,100.0,data,0.0,data,ok,0.0,ue3_qfi1,49.75,all_flows,ue3_qfi1,49.75,ok,30.0,ue4_qfi2,1,67.5,67.5,all_flows,30.0,ue4_qfi2,1,67.5,67.5,30.303,33.0,30.303,ok,33.0,,all_flows,,pending,,all_flows,,pending,100.0,"[8, 9]",ue3_qfi1,0,0,0,129.75000000000003,99.74999999999979,data,ok,2.0,,all_flows,,pending,7,33,5.0,1.0,all_flows,4,24,4.98325,1.0,ue5_qfi2,ok,ue5_qfi9,True,Reservation,907713895
ue6_qfi9,122.5,299.25,300.0,300.0,all_flows,ue6_qfi1,7.25,83.0,87.0,87.0,ok,0.5292432471476182,all_flows,0.2405969066381839,ok,100.0,ue6_qfi1,0,0,0,274.74999999999915,100.00000000000009,all_flows,100.0,ue6_qfi1,0,0,0,274.74999999999915,100.00000000000009,data,2.0,data,ok,2.0,False,,all_flows,False,,3,0,proxy,3,0,ue7_qfi2,0.0,147,150.0,all_flows,ue7_qfi2,0.0,147,150.0,ok,ue6_qfi2,51.42,all_flows,ue6_qfi2,51.42,ok,6,all_flows,6,8,ok,8,ue7_qfi2,0.0,all_flows,ue7_qfi2,0.0,ok,0.7749057570768623,all_flows,0.8328497369206367,5,0.8315697396109073,proxy,5,0.765008856304477,66033569.6,ok,0.011165909090909091,ok,0.9297272727272727,0.0373421875,ok,ue4_qfi1,0.4489795918367347,49,100.0,all_flows,ue4_qfi1,0.4489795918367347,49,100.0,data,0.0,data,ok,0.0,ue6_qfi9,177.5,all_flows,ue6_qfi1,79.75,ok,30.2,ue2_qfi2,6,98.5,493.25,all_flows,30.2,ue2_qfi2,6,98.5,493.25,30.303,33.0,30.303,ok,33.0,,all_flows,,pending,,all_flows,,pending,100.0,"[8, 9]",ue6_qfi1,0,0,0,274.74999999999915,100.00000000000009,data,ok,2.0,,all_flows,,pending,7,33,5.0,1.0,all_flows,4,24,4.98325,1.0,ue7_qfi2,ok,ue7_qfi9,True,TwoTier,907713895
