/home/smart/projects/5g-qos-stack/scheduler/tier1.py:184: UserWarning: Solution may be inaccurate. Try another solver, adjusting the solver settings, or solve with verbose=True for more information.
  problem.solve()

================================================================================
SCENARIO: SMOKE
================================================================================

  [RoundRobin]
                                     flat-BLER       HARQ/IR       delta
  --------------------------------------------------------------------
  DL PRB utilization                    70.7%        69.9%      -0.8%
  UL PRB utilization                    32.5%        29.8%      -2.8%

  flow ue1_qfi9:
    delivery ratio                       29.8%         30.1%      +0.3%
    retx ratio                            0.0%          2.9%      +2.9%
    loss ratio                           0.00%         0.00%      +0.0%
    tput Mbps                             2.98          3.01      +0.03M
    p50 HoL ms                           299.5         299.5      +0.00
    p95 HoL ms                           300.0         300.0      +0.00
    p99 HoL ms                           300.0         300.0      +0.00

  flow ue2_qfi1:
    delivery ratio                      100.0%        100.0%      +0.0%
    retx ratio                            0.0%          7.2%      +7.2%
    loss ratio                           0.00%         0.00%      +0.0%
    tput Mbps                             0.32          0.32      +0.00M
    p50 HoL ms                             3.0           1.0      -2.00
    p95 HoL ms                             5.5           4.0      -1.50
    p99 HoL ms                             5.5           5.0      -0.50

  flow ue2_qfi9:
    delivery ratio                       99.9%         99.9%      +0.0%
    retx ratio                            0.0%          9.2%      +9.2%
    loss ratio                           0.00%         0.00%      +0.0%
    tput Mbps                             5.00          4.99      -0.01M
    p50 HoL ms                             1.5           1.5      +0.00
    p95 HoL ms                             2.0           4.0      +2.00
    p99 HoL ms                             2.0           5.0      +3.00

  flow ue3_qfi2:
    delivery ratio                       96.1%         99.5%      +3.4%
    retx ratio                            0.0%          9.6%      +9.6%
    loss ratio                           0.00%         0.00%      +0.0%
    tput Mbps                            21.06         21.81      +0.74M
    p50 HoL ms                             9.0           3.0      -6.00
    p95 HoL ms                            16.5          11.0      -5.50
    p99 HoL ms                            25.0          16.5      -8.50

  [ProportionalFair]
                                     flat-BLER       HARQ/IR       delta
  --------------------------------------------------------------------
  DL PRB utilization                    92.9%        87.2%      -5.7%
  UL PRB utilization                    31.8%        31.9%  +    +0.1%

  flow ue1_qfi9:
    delivery ratio                       99.9%         99.9%      +0.0%
    retx ratio                            0.0%          8.5%      +8.5%
    loss ratio                           0.00%         0.00%      +0.0%
    tput Mbps                             9.99          9.99      +0.01M
    p50 HoL ms                             1.0           1.5      +0.50
    p95 HoL ms                             3.5           8.0      +4.50
    p99 HoL ms                             4.5           9.0      +4.50

  flow ue2_qfi1:
    delivery ratio                      100.0%        100.0%      +0.0%
    retx ratio                            0.0%         10.5%     +10.5%
    loss ratio                           0.00%         0.00%      +0.0%
    tput Mbps                             0.32          0.32      +0.00M
    p50 HoL ms                             2.5           2.0      -0.50
    p95 HoL ms                             5.0           4.0      -1.00
    p99 HoL ms                             5.0           4.5      -0.50

  flow ue2_qfi9:
    delivery ratio                       99.9%         99.9%      +0.0%
    retx ratio                            0.0%         10.4%     +10.4%
    loss ratio                           0.00%         0.00%      +0.0%
    tput Mbps                             5.00          4.99      -0.01M
    p50 HoL ms                             1.0           1.0      +0.00
    p95 HoL ms                             1.5           3.5      +2.00
    p99 HoL ms                             1.5           5.5      +4.00

  flow ue3_qfi2:
    delivery ratio                      100.0%         99.7%      -0.3%
    retx ratio                            0.0%         12.5%     +12.5%
    loss ratio                           0.00%         0.00%      +0.0%
    tput Mbps                            21.92         21.86      -0.06M
    p50 HoL ms                             8.5           3.0      -5.50
    p95 HoL ms                            15.5          11.0      -4.50
    p99 HoL ms                            16.0          17.0      +1.00

  [Gradient]
                                     flat-BLER       HARQ/IR       delta
  --------------------------------------------------------------------
  DL PRB utilization                    92.9%        86.2%      -6.6%
  UL PRB utilization                    31.8%        30.4%      -1.4%

  flow ue1_qfi9:
    delivery ratio                       99.9%         99.9%      -0.0%
    retx ratio                            0.0%          8.8%      +8.8%
    loss ratio                           0.00%         0.00%      +0.0%
    tput Mbps                             9.99         10.00      +0.01M
    p50 HoL ms                             1.0           1.0      +0.00
    p95 HoL ms                             3.5           3.5      +0.00
    p99 HoL ms                             4.5           5.0      +0.50

  flow ue2_qfi1:
    delivery ratio                      100.0%        100.0%      +0.0%
    retx ratio                            0.0%          9.5%      +9.5%
    loss ratio                           0.00%         0.00%      +0.0%
    tput Mbps                             0.32          0.32      +0.00M
    p50 HoL ms                             2.5           2.0      -0.50
    p95 HoL ms                             5.0           4.0      -1.00
    p99 HoL ms                             5.0           5.0      +0.00

  flow ue2_qfi9:
    delivery ratio                       99.9%         99.9%      +0.0%
    retx ratio                            0.0%          9.8%      +9.8%
    loss ratio                           0.00%         0.00%      +0.0%
    tput Mbps                             5.00          4.99      -0.01M
    p50 HoL ms                             1.0           1.0      +0.00
    p95 HoL ms                             1.5           3.5      +2.00
    p99 HoL ms                             1.5           5.0      +3.50

  flow ue3_qfi2:
    delivery ratio                      100.0%         99.9%      -0.1%
    retx ratio                            0.0%         10.0%     +10.0%
    loss ratio                           0.00%         0.00%      +0.0%
    tput Mbps                            21.92         21.89      -0.02M
    p50 HoL ms                             8.5           3.0      -5.50
    p95 HoL ms                            15.5          10.5      -5.00
    p99 HoL ms                            16.0          16.0      +0.00

  [TwoTier]
                                     flat-BLER       HARQ/IR       delta
  --------------------------------------------------------------------
  DL PRB utilization                    92.8%        90.6%      -2.3%
  UL PRB utilization                    31.7%        29.0%      -2.7%

  flow ue1_qfi9:
    delivery ratio                       99.9%         99.9%      +0.0%
    retx ratio                            0.0%          9.2%      +9.2%
    loss ratio                           0.00%         0.00%      +0.0%
    tput Mbps                             9.99         10.00      +0.01M
    p50 HoL ms                             1.0           1.0      +0.00
    p95 HoL ms                             1.5           3.5      +2.00
    p99 HoL ms                             1.5           4.5      +3.00

  flow ue2_qfi1:
    delivery ratio                      100.0%        100.0%      +0.0%
    retx ratio                            0.0%         10.2%     +10.2%
    loss ratio                           0.00%         0.00%      +0.0%
    tput Mbps                             0.32          0.32      +0.00M
    p50 HoL ms                             2.5           2.0      -0.50
    p95 HoL ms                             5.0           4.5      -0.50
    p99 HoL ms                             5.0           5.0      +0.00

  flow ue2_qfi9:
    delivery ratio                       99.9%         99.8%      -0.1%
    retx ratio                            0.0%         10.0%     +10.0%
    loss ratio                           0.00%         0.00%      +0.0%
    tput Mbps                             5.00          4.99      -0.01M
    p50 HoL ms                             1.5           1.5      +0.00
    p95 HoL ms                             4.5           4.0      -0.50
    p99 HoL ms                             6.0           6.0      +0.00

  flow ue3_qfi2:
    delivery ratio                      100.0%        100.0%      +0.0%
    retx ratio                            0.0%          7.2%      +7.2%
    loss ratio                           0.00%         0.00%      +0.0%
    tput Mbps                            21.92         21.92      +0.00M
    p50 HoL ms                             8.5           3.0      -5.50
    p95 HoL ms                            15.5           9.5      -6.00
    p99 HoL ms                            16.0          15.0      -1.00

================================================================================
SCENARIO: OVERLOAD
================================================================================

  [RoundRobin]
                                     flat-BLER       HARQ/IR       delta
  --------------------------------------------------------------------
  DL PRB utilization                    82.7%        82.8%  +    +0.0%
  UL PRB utilization                     0.0%         0.0%  +    +0.0%

  flow ue1_qfi9:
    delivery ratio                        9.6%         10.9%      +1.3%
    retx ratio                            0.0%          1.3%      +1.3%
    loss ratio                           0.00%         0.00%      +0.0%
    tput Mbps                             1.91          2.18      +0.27M
    p50 HoL ms                           299.5         299.5      +0.00
    p95 HoL ms                           300.0         300.0      +0.00
    p99 HoL ms                           300.0         300.0      +0.00

  flow ue2_qfi2:
    delivery ratio                       44.3%         23.3%     -21.0%
    retx ratio                            0.0%          2.6%      +2.6%
    loss ratio                           0.00%         0.00%      +0.0%
    tput Mbps                             1.77          0.93      -0.84M
    p50 HoL ms                            99.5          99.5      +0.00
    p95 HoL ms                           100.0         100.0      +0.00
    p99 HoL ms                           100.0         100.0      +0.00

  flow ue3_qfi1:
    delivery ratio                       99.9%         99.8%      -0.1%
    retx ratio                            0.0%         10.0%     +10.0%
    loss ratio                           0.00%         0.00%      +0.0%
    tput Mbps                             0.64          0.64      -0.00M
    p50 HoL ms                             3.5           2.5      -1.00
    p95 HoL ms                             6.5           4.5      -2.00
    p99 HoL ms                             7.0           4.5      -2.50

  [ProportionalFair]
                                     flat-BLER       HARQ/IR       delta
  --------------------------------------------------------------------
  DL PRB utilization                   100.0%       100.0%  +    +0.0%
  UL PRB utilization                     0.0%         0.0%  +    +0.0%

  flow ue1_qfi9:
    delivery ratio                       12.5%         10.3%      -2.2%
    retx ratio                            0.0%          0.9%      +0.9%
    loss ratio                           0.00%         0.00%      +0.0%
    tput Mbps                             2.50          2.06      -0.44M
    p50 HoL ms                           299.5         299.5      +0.00
    p95 HoL ms                           300.0         300.0      +0.00
    p99 HoL ms                           300.0         300.0      +0.00

  flow ue2_qfi2:
    delivery ratio                       57.8%         57.1%      -0.7%
    retx ratio                            0.0%          5.9%      +5.9%
    loss ratio                           0.00%         0.00%      +0.0%
    tput Mbps                             2.31          2.28      -0.02M
    p50 HoL ms                            99.5          99.5      +0.00
    p95 HoL ms                           100.0         100.0      +0.00
    p99 HoL ms                           100.0         100.0      +0.00

  flow ue3_qfi1:
    delivery ratio                      100.0%        100.0%      +0.0%
    retx ratio                            0.0%         13.0%     +13.0%
    loss ratio                           0.00%         0.00%      +0.0%
    tput Mbps                             0.64          0.64      +0.00M
    p50 HoL ms                             2.5           2.5      +0.00
    p95 HoL ms                             4.5           4.5      +0.00
    p99 HoL ms                             4.5           4.5      +0.00

  [Gradient]
                                     flat-BLER       HARQ/IR       delta
  --------------------------------------------------------------------
  DL PRB utilization                   100.0%       100.0%  +    +0.0%
  UL PRB utilization                     0.0%         0.0%  +    +0.0%

  flow ue1_qfi9:
    delivery ratio                        8.0%          7.1%      -0.9%
    retx ratio                            0.0%          0.8%      +0.8%
    loss ratio                           0.00%         0.00%      +0.0%
    tput Mbps                             1.61          1.43      -0.18M
    p50 HoL ms                           299.5         299.5      +0.00
    p95 HoL ms                           300.0         300.0      +0.00
    p99 HoL ms                           300.0         300.0      +0.00

  flow ue2_qfi2:
    delivery ratio                       78.0%         83.0%      +5.1%
    retx ratio                            0.0%          8.3%      +8.3%
    loss ratio                           0.00%         0.00%      +0.0%
    tput Mbps                             3.12          3.32      +0.20M
    p50 HoL ms                            98.5          98.0      -0.50
    p95 HoL ms                           100.0         100.0      +0.00
    p99 HoL ms                           100.0         100.0      +0.00

  flow ue3_qfi1:
    delivery ratio                      100.0%        100.0%      +0.0%
    retx ratio                            0.0%         12.0%     +12.0%
    loss ratio                           0.00%         0.00%      +0.0%
    tput Mbps                             0.64          0.64      +0.00M
    p50 HoL ms                             2.5           2.5      +0.00
    p95 HoL ms                             4.5           4.5      +0.00
    p99 HoL ms                             4.5           4.5      +0.00

  [TwoTier]
                                     flat-BLER       HARQ/IR       delta
  --------------------------------------------------------------------
  DL PRB utilization                   100.0%       100.0%  +    +0.0%
  UL PRB utilization                     0.0%         0.0%  +    +0.0%

  flow ue1_qfi9:
    delivery ratio                        4.1%          5.4%      +1.3%
    retx ratio                            0.0%          0.6%      +0.6%
    loss ratio                           0.00%         0.00%      +0.0%
    tput Mbps                             0.81          1.07      +0.26M
    p50 HoL ms                           299.5         299.5      +0.00
    p95 HoL ms                           300.0         300.0      +0.00
    p99 HoL ms                           300.0         300.0      +0.00

  flow ue2_qfi2:
    delivery ratio                       97.3%         97.4%      +0.1%
    retx ratio                            0.0%          9.5%      +9.5%
    loss ratio                           0.00%         0.00%      +0.0%
    tput Mbps                             3.89          3.90      +0.01M
    p50 HoL ms                            52.0          29.5     -22.50
    p95 HoL ms                            65.0          58.5      -6.50
    p99 HoL ms                            69.5          61.5      -8.00

  flow ue3_qfi1:
    delivery ratio                      100.0%        100.0%      +0.0%
    retx ratio                            0.0%          8.8%      +8.8%
    loss ratio                           0.00%         0.00%      +0.0%
    tput Mbps                             0.64          0.64      +0.00M
    p50 HoL ms                             2.5           1.5      -1.00
    p95 HoL ms                             4.5           4.5      +0.00
    p99 HoL ms                             4.5           4.5      +0.00

================================================================================
SCENARIO: VISION
================================================================================

  [RoundRobin]
                                     flat-BLER       HARQ/IR       delta
  --------------------------------------------------------------------
  DL PRB utilization                     0.0%         0.0%  +    +0.0%
  UL PRB utilization                    46.0%        42.9%      -3.1%

  flow ue1_qfi2:
    delivery ratio                       93.4%         95.5%      +2.1%
    retx ratio                            0.0%          7.7%      +7.7%
    loss ratio                           0.00%         0.00%      +0.0%
    tput Mbps                             6.54          6.69      +0.15M
    p50 HoL ms                            15.0           7.0      -8.00
    p95 HoL ms                            28.5          15.5     -13.00
    p99 HoL ms                            29.5          26.0      -3.50

  flow ue2_qfi2:
    delivery ratio                       92.0%         97.4%      +5.5%
    retx ratio                            0.0%          7.0%      +7.0%
    loss ratio                           0.00%         0.00%      +0.0%
    tput Mbps                             6.16          6.53      +0.37M
    p50 HoL ms                            15.0           7.0      -8.00
    p95 HoL ms                            28.5          16.5     -12.00
    p99 HoL ms                            29.5          26.0      -3.50

  flow ue3_qfi2:
    delivery ratio                       95.6%         98.0%      +2.4%
    retx ratio                            0.0%          6.8%      +6.8%
    loss ratio                           0.00%         0.00%      +0.0%
    tput Mbps                             6.41          6.57      +0.16M
    p50 HoL ms                            15.0           6.5      -8.50
    p95 HoL ms                            28.5          15.0     -13.50
    p99 HoL ms                            29.5          26.0      -3.50

  flow ue4_qfi9:
    delivery ratio                      100.0%        100.0%      +0.0%
    retx ratio                            0.0%         10.7%     +10.7%
    loss ratio                           0.00%         0.00%      +0.0%
    tput Mbps                             5.00          5.00      -0.00M
    p50 HoL ms                             1.0           1.0      +0.00
    p95 HoL ms                             2.0           3.5      +1.50
    p99 HoL ms                             2.0           4.5      +2.50

  [ProportionalFair]
                                     flat-BLER       HARQ/IR       delta
  --------------------------------------------------------------------
  DL PRB utilization                     0.0%         0.0%  +    +0.0%
  UL PRB utilization                    49.2%        45.3%      -3.8%

  flow ue1_qfi2:
    delivery ratio                      100.0%        100.0%      +0.0%
    retx ratio                            0.0%         10.1%     +10.1%
    loss ratio                           0.00%         0.00%      +0.0%
    tput Mbps                             7.00          7.00      +0.00M
    p50 HoL ms                            15.0           4.5     -10.50
    p95 HoL ms                            28.5          15.5     -13.00
    p99 HoL ms                            29.5          21.0      -8.50

  flow ue2_qfi2:
    delivery ratio                      100.0%        100.0%      +0.0%
    retx ratio                            0.0%          8.5%      +8.5%
    loss ratio                           0.00%         0.00%      +0.0%
    tput Mbps                             6.70          6.70      +0.00M
    p50 HoL ms                            15.0           5.5      -9.50
    p95 HoL ms                            28.5          13.5     -15.00
    p99 HoL ms                            29.5          20.5      -9.00

  flow ue3_qfi2:
    delivery ratio                      100.0%        100.0%      +0.0%
    retx ratio                            0.0%          9.8%      +9.8%
    loss ratio                           0.00%         0.00%      +0.0%
    tput Mbps                             6.70          6.70      +0.00M
    p50 HoL ms                            15.0           5.5      -9.50
    p95 HoL ms                            28.5          12.5     -16.00
    p99 HoL ms                            29.5          21.5      -8.00

  flow ue4_qfi9:
    delivery ratio                      100.0%        100.0%      +0.0%
    retx ratio                            0.0%         10.1%     +10.1%
    loss ratio                           0.00%         0.00%      +0.0%
    tput Mbps                             5.00          5.00      -0.00M
    p50 HoL ms                             0.5           0.5      +0.00
    p95 HoL ms                             4.0           2.0      -2.00
    p99 HoL ms                             7.5           2.5      -5.00

  [Gradient]
                                     flat-BLER       HARQ/IR       delta
  --------------------------------------------------------------------
  DL PRB utilization                     0.0%         0.0%  +    +0.0%
  UL PRB utilization                    49.1%        44.6%      -4.4%

  flow ue1_qfi2:
    delivery ratio                      100.0%        100.0%      +0.0%
    retx ratio                            0.0%         10.4%     +10.4%
    loss ratio                           0.00%         0.00%      +0.0%
    tput Mbps                             7.00          7.00      +0.00M
    p50 HoL ms                            15.0           4.5     -10.50
    p95 HoL ms                            28.5          14.0     -14.50
    p99 HoL ms                            29.5          19.0     -10.50

  flow ue2_qfi2:
    delivery ratio                      100.0%        100.0%      +0.0%
    retx ratio                            0.0%          8.0%      +8.0%
    loss ratio                           0.00%         0.00%      +0.0%
    tput Mbps                             6.70          6.70      +0.00M
    p50 HoL ms                            15.0           5.0     -10.00
    p95 HoL ms                            28.5          12.0     -16.50
    p99 HoL ms                            29.5          18.5     -11.00

  flow ue3_qfi2:
    delivery ratio                      100.0%        100.0%      +0.0%
    retx ratio                            0.0%         10.2%     +10.2%
    loss ratio                           0.00%         0.00%      +0.0%
    tput Mbps                             6.70          6.70      +0.00M
    p50 HoL ms                            15.0           5.5      -9.50
    p95 HoL ms                            28.5          12.5     -16.00
    p99 HoL ms                            29.5          21.0      -8.50

  flow ue4_qfi9:
    delivery ratio                      100.0%        100.0%      -0.0%
    retx ratio                            0.0%         10.0%     +10.0%
    loss ratio                           0.00%         0.00%      +0.0%
    tput Mbps                             5.00          5.01      +0.01M
    p50 HoL ms                             1.0           1.0      +0.00
    p95 HoL ms                             7.0           7.0      +0.00
    p99 HoL ms                             9.0           9.0      +0.00

  [TwoTier]
                                     flat-BLER       HARQ/IR       delta
  --------------------------------------------------------------------
  DL PRB utilization                     0.0%         0.0%  +    +0.0%
  UL PRB utilization                    49.0%        44.2%      -4.7%

  flow ue1_qfi2:
    delivery ratio                      100.0%        100.0%      +0.0%
    retx ratio                            0.0%          9.2%      +9.2%
    loss ratio                           0.00%         0.00%      +0.0%
    tput Mbps                             7.00          7.00      +0.00M
    p50 HoL ms                            15.0           6.0      -9.00
    p95 HoL ms                            28.5          15.5     -13.00
    p99 HoL ms                            29.5          20.0      -9.50

  flow ue2_qfi2:
    delivery ratio                      100.0%        100.0%      +0.0%
    retx ratio                            0.0%         10.8%     +10.8%
    loss ratio                           0.00%         0.00%      +0.0%
    tput Mbps                             6.70          6.70      +0.00M
    p50 HoL ms                            15.0           6.5      -8.50
    p95 HoL ms                            28.5          17.0     -11.50
    p99 HoL ms                            29.5          23.0      -6.50

  flow ue3_qfi2:
    delivery ratio                      100.0%         99.8%      -0.2%
    retx ratio                            0.0%          9.9%      +9.9%
    loss ratio                           0.00%         0.00%      +0.0%
    tput Mbps                             6.70          6.69      -0.01M
    p50 HoL ms                            15.0           6.0      -9.00
    p95 HoL ms                            28.5          14.5     -14.00
    p99 HoL ms                            29.5          19.0     -10.50

  flow ue4_qfi9:
    delivery ratio                      100.0%        100.0%      +0.0%
    retx ratio                            0.0%         10.1%     +10.1%
    loss ratio                           0.00%         0.00%      +0.0%
    tput Mbps                             5.00          5.00      +0.00M
    p50 HoL ms                             4.0           2.5      -1.50
    p95 HoL ms                            14.0          11.5      -2.50
    p99 HoL ms                            19.5          17.5      -2.00

================================================================================
SCENARIO: SENSOR_DENSE
================================================================================

  [RoundRobin]
                                     flat-BLER       HARQ/IR       delta
  --------------------------------------------------------------------
  DL PRB utilization                     0.0%         0.0%  +    +0.0%
  UL PRB utilization                    35.1%        25.5%      -9.7%

  flow ue10_qfi1:
    delivery ratio                       74.0%         79.5%      +5.5%
    retx ratio                            0.0%          8.8%      +8.8%
    loss ratio                           0.00%         0.00%      +0.0%
    tput Mbps                             0.24          0.25      +0.02M
    p50 HoL ms                            10.5           7.5      -3.00
    p95 HoL ms                            14.5          14.0      -0.50
    p99 HoL ms                            15.0          15.0      +0.00

  flow ue11_qfi1:
    delivery ratio                       72.0%         19.0%     -53.0%
    retx ratio                            0.0%          1.2%      +1.2%
    loss ratio                           0.00%         0.00%      +0.0%
    tput Mbps                             0.23          0.06      -0.17M
    p50 HoL ms                            10.5          12.0      +1.50
    p95 HoL ms                            14.5          14.5      +0.00
    p99 HoL ms                            15.0          15.0      +0.00

  flow ue12_qfi1:
    delivery ratio                       73.8%         89.0%     +15.2%
    retx ratio                            0.0%          7.2%      +7.2%
    loss ratio                           0.00%         0.00%      +0.0%
    tput Mbps                             0.24          0.28      +0.05M
    p50 HoL ms                            10.5           5.5      -5.00
    p95 HoL ms                            14.5          13.5      -1.00
    p99 HoL ms                            15.0          14.5      -0.50

  flow ue13_qfi1:
    delivery ratio                       72.0%         30.7%     -41.3%
    retx ratio                            0.0%          1.5%      +1.5%
    loss ratio                           0.00%         0.00%      +0.0%
    tput Mbps                             0.23          0.10      -0.13M
    p50 HoL ms                            10.5          11.5      +1.00
    p95 HoL ms                            14.5          14.5      +0.00
    p99 HoL ms                            15.0          15.0      +0.00

  flow ue14_qfi1:
    delivery ratio                       74.7%         89.8%     +15.0%
    retx ratio                            0.0%          9.5%      +9.5%
    loss ratio                           0.00%         0.00%      +0.0%
    tput Mbps                             0.24          0.29      +0.05M
    p50 HoL ms                            10.5           5.5      -5.00
    p95 HoL ms                            14.5          13.0      -1.50
    p99 HoL ms                            15.0          14.5      -0.50

  flow ue15_qfi1:
    delivery ratio                       72.0%         32.1%     -39.8%
    retx ratio                            0.0%          2.2%      +2.2%
    loss ratio                           0.00%         0.00%      +0.0%
    tput Mbps                             0.23          0.10      -0.13M
    p50 HoL ms                            10.5          11.5      +1.00
    p95 HoL ms                            14.5          14.5      +0.00
    p99 HoL ms                            15.0          15.0      +0.00

  flow ue16_qfi1:
    delivery ratio                       75.1%         89.5%     +14.4%
    retx ratio                            0.0%          8.0%      +8.0%
    loss ratio                           0.00%         0.00%      +0.0%
    tput Mbps                             0.24          0.29      +0.05M
    p50 HoL ms                            10.5           5.5      -5.00
    p95 HoL ms                            14.5          13.5      -1.00
    p99 HoL ms                            15.0          14.5      -0.50

  flow ue17_qfi1:
    delivery ratio                       72.0%         33.0%     -39.0%
    retx ratio                            0.0%          2.8%      +2.8%
    loss ratio                           0.00%         0.00%      +0.0%
    tput Mbps                             0.23          0.11      -0.12M
    p50 HoL ms                            10.5          11.5      +1.00
    p95 HoL ms                            14.5          14.5      +0.00
    p99 HoL ms                            15.0          15.0      +0.00

  flow ue18_qfi1:
    delivery ratio                       74.2%         90.0%     +15.7%
    retx ratio                            0.0%         10.2%     +10.2%
    loss ratio                           0.00%         0.00%      +0.0%
    tput Mbps                             0.24          0.29      +0.05M
    p50 HoL ms                            10.5           5.5      -5.00
    p95 HoL ms                            14.5          13.5      -1.00
    p99 HoL ms                            15.0          14.5      -0.50

  flow ue19_qfi1:
    delivery ratio                       72.2%         33.5%     -38.7%
    retx ratio                            0.0%          4.8%      +4.8%
    loss ratio                           0.00%         0.00%      +0.0%
    tput Mbps                             0.23          0.11      -0.12M
    p50 HoL ms                            10.5          11.5      +1.00
    p95 HoL ms                            14.5          14.5      +0.00
    p99 HoL ms                            15.0          15.0      +0.00

  flow ue1_qfi1:
    delivery ratio                       71.5%         19.8%     -51.8%
    retx ratio                            0.0%          2.2%      +2.2%
    loss ratio                           0.00%         0.00%      +0.0%
    tput Mbps                             0.23          0.06      -0.17M
    p50 HoL ms                            10.5          12.0      +1.50
    p95 HoL ms                            14.5          14.5      +0.00
    p99 HoL ms                            15.0          15.0      +0.00

  flow ue20_qfi1:
    delivery ratio                       75.1%         90.5%     +15.4%
    retx ratio                            0.0%          9.5%      +9.5%
    loss ratio                           0.00%         0.00%      +0.0%
    tput Mbps                             0.24          0.29      +0.05M
    p50 HoL ms                            10.5           5.0      -5.50
    p95 HoL ms                            14.5          13.5      -1.00
    p99 HoL ms                            15.0          14.5      -0.50

  flow ue21_qfi1:
    delivery ratio                       72.2%         28.0%     -44.2%
    retx ratio                            0.0%          5.5%      +5.5%
    loss ratio                           0.00%         0.00%      +0.0%
    tput Mbps                             0.23          0.09      -0.14M
    p50 HoL ms                            10.5          12.0      +1.50
    p95 HoL ms                            14.5          14.5      +0.00
    p99 HoL ms                            15.0          15.0      +0.00

  flow ue22_qfi1:
    delivery ratio                       73.8%         86.2%     +12.5%
    retx ratio                            0.0%          7.2%      +7.2%
    loss ratio                           0.00%         0.00%      +0.0%
    tput Mbps                             0.24          0.28      +0.04M
    p50 HoL ms                            10.5           5.5      -5.00
    p95 HoL ms                            14.5          13.5      -1.00
    p99 HoL ms                            15.0          15.0      +0.00

  flow ue23_qfi1:
    delivery ratio                       71.5%         31.8%     -39.8%
    retx ratio                            0.0%          2.0%      +2.0%
    loss ratio                           0.00%         0.00%      +0.0%
    tput Mbps                             0.23          0.10      -0.13M
    p50 HoL ms                            10.5          11.5      +1.00
    p95 HoL ms                            14.5          14.5      +0.00
    p99 HoL ms                            15.0          15.0      +0.00

  flow ue24_qfi1:
    delivery ratio                       74.0%         87.2%     +13.2%
    retx ratio                            0.0%          7.0%      +7.0%
    loss ratio                           0.00%         0.00%      +0.0%
    tput Mbps                             0.24          0.28      +0.04M
    p50 HoL ms                            10.5           6.0      -4.50
    p95 HoL ms                            14.5          13.5      -1.00
    p99 HoL ms                            15.0          14.5      -0.50

  flow ue25_qfi1:
    delivery ratio                       71.5%         31.5%     -40.1%
    retx ratio                            0.0%          2.5%      +2.5%
    loss ratio                           0.00%         0.00%      +0.0%
    tput Mbps                             0.23          0.10      -0.13M
    p50 HoL ms                            10.5          11.5      +1.00
    p95 HoL ms                            14.5          14.5      +0.00
    p99 HoL ms                            15.0          15.0      +0.00

  flow ue26_qfi1:
    delivery ratio                       74.0%         86.5%     +12.5%
    retx ratio                            0.0%          8.2%      +8.2%
    loss ratio                           0.00%         0.00%      +0.0%
    tput Mbps                             0.24          0.28      +0.04M
    p50 HoL ms                            10.5           5.5      -5.00
    p95 HoL ms                            14.5          13.5      -1.00
    p99 HoL ms                            15.0          15.0      +0.00

  flow ue27_qfi1:
    delivery ratio                       71.5%         32.5%     -39.1%
    retx ratio                            0.0%          1.8%      +1.8%
    loss ratio                           0.00%         0.00%      +0.0%
    tput Mbps                             0.23          0.10      -0.12M
    p50 HoL ms                            10.5          11.5      +1.00
    p95 HoL ms                            14.5          14.5      +0.00
    p99 HoL ms                            15.0          15.0      +0.00

  flow ue28_qfi1:
    delivery ratio                       73.8%         78.5%      +4.7%
    retx ratio                            0.0%          9.5%      +9.5%
    loss ratio                           0.00%         0.00%      +0.0%
    tput Mbps                             0.24          0.25      +0.02M
    p50 HoL ms                            10.5           8.0      -2.50
    p95 HoL ms                            14.5          14.0      -0.50
    p99 HoL ms                            15.0          15.0      +0.00

  flow ue29_qfi1:
    delivery ratio                       71.5%         19.8%     -51.8%
    retx ratio                            0.0%          3.8%      +3.8%
    loss ratio                           0.00%         0.00%      +0.0%
    tput Mbps                             0.23          0.06      -0.17M
    p50 HoL ms                            10.5          12.0      +1.50
    p95 HoL ms                            14.5          14.5      +0.00
    p99 HoL ms                            15.0          15.0      +0.00

  flow ue2_qfi1:
    delivery ratio                       74.0%         78.8%      +4.7%
    retx ratio                            0.0%          4.2%      +4.2%
    loss ratio                           0.00%         0.00%      +0.0%
    tput Mbps                             0.24          0.25      +0.02M
    p50 HoL ms                            10.5           9.0      -1.50
    p95 HoL ms                            14.5          14.0      -0.50
    p99 HoL ms                            15.0          15.0      +0.00

  flow ue30_qfi1:
    delivery ratio                       74.7%         77.5%      +2.8%
    retx ratio                            0.0%          9.0%      +9.0%
    loss ratio                           0.00%         0.00%      +0.0%
    tput Mbps                             0.24          0.25      +0.01M
    p50 HoL ms                            10.5           8.5      -2.00
    p95 HoL ms                            14.5          14.0      -0.50
    p99 HoL ms                            15.0          15.0      +0.00

  flow ue3_qfi1:
    delivery ratio                       71.8%         21.2%     -50.5%
    retx ratio                            0.0%          1.8%      +1.8%
    loss ratio                           0.00%         0.00%      +0.0%
    tput Mbps                             0.23          0.07      -0.16M
    p50 HoL ms                            10.5          12.0      +1.50
    p95 HoL ms                            14.5          14.5      +0.00
    p99 HoL ms                            15.0          15.0      +0.00

  flow ue4_qfi1:
    delivery ratio                       74.5%         90.0%     +15.5%
    retx ratio                            0.0%          8.0%      +8.0%
    loss ratio                           0.00%         0.00%      +0.0%
    tput Mbps                             0.24          0.29      +0.05M
    p50 HoL ms                            10.5           5.5      -5.00
    p95 HoL ms                            14.5          13.5      -1.00
    p99 HoL ms                            15.0          15.0      +0.00

  flow ue5_qfi1:
    delivery ratio                       71.8%         25.8%     -46.0%
    retx ratio                            0.0%          3.2%      +3.2%
    loss ratio                           0.00%         0.00%      +0.0%
    tput Mbps                             0.23          0.08      -0.15M
    p50 HoL ms                            10.5          12.0      +1.50
    p95 HoL ms                            14.5          14.5      +0.00
    p99 HoL ms                            15.0          15.0      +0.00

  flow ue6_qfi1:
    delivery ratio                       74.7%         81.0%      +6.3%
    retx ratio                            0.0%          9.2%      +9.2%
    loss ratio                           0.00%         0.00%      +0.0%
    tput Mbps                             0.24          0.26      +0.02M
    p50 HoL ms                            10.5           7.0      -3.50
    p95 HoL ms                            14.5          14.0      -0.50
    p99 HoL ms                            15.0          15.0      +0.00

  flow ue7_qfi1:
    delivery ratio                       71.8%         18.0%     -53.8%
    retx ratio                            0.0%          0.8%      +0.8%
    loss ratio                           0.00%         0.00%      +0.0%
    tput Mbps                             0.23          0.06      -0.17M
    p50 HoL ms                            10.5          12.0      +1.50
    p95 HoL ms                            14.5          14.5      +0.00
    p99 HoL ms                            15.0          15.0      +0.00

  flow ue8_qfi1:
    delivery ratio                       74.2%         80.5%      +6.2%
    retx ratio                            0.0%          6.0%      +6.0%
    loss ratio                           0.00%         0.00%      +0.0%
    tput Mbps                             0.24          0.26      +0.02M
    p50 HoL ms                            10.5           7.5      -3.00
    p95 HoL ms                            14.5          14.0      -0.50
    p99 HoL ms                            15.0          15.0      +0.00

  flow ue9_qfi1:
    delivery ratio                       71.8%         17.8%     -54.0%
    retx ratio                            0.0%          3.5%      +3.5%
    loss ratio                           0.00%         0.00%      +0.0%
    tput Mbps                             0.23          0.06      -0.17M
    p50 HoL ms                            10.5          12.0      +1.50
    p95 HoL ms                            14.5          14.5      +0.00
    p99 HoL ms                            15.0          15.0      +0.00

  [ProportionalFair]
                                     flat-BLER       HARQ/IR       delta
  --------------------------------------------------------------------
  DL PRB utilization                     0.0%         0.0%  +    +0.0%
  UL PRB utilization                    45.9%        46.8%  +    +0.9%

  flow ue10_qfi1:
    delivery ratio                       96.6%        100.0%      +3.4%
    retx ratio                            0.0%         13.2%     +13.2%
    loss ratio                           0.00%         0.00%      +0.0%
    tput Mbps                             0.31          0.32      +0.01M
    p50 HoL ms                             4.5           1.0      -3.50
    p95 HoL ms                            12.0           4.5      -7.50
    p99 HoL ms                            14.0           5.0      -9.00

  flow ue11_qfi1:
    delivery ratio                       95.7%         99.8%      +4.1%
    retx ratio                            0.0%         12.0%     +12.0%
    loss ratio                           0.00%         0.00%      +0.0%
    tput Mbps                             0.31          0.32      +0.01M
    p50 HoL ms                             5.5           1.0      -4.50
    p95 HoL ms                            12.5           4.5      -8.00
    p99 HoL ms                            14.5           5.0      -9.50

  flow ue12_qfi1:
    delivery ratio                       95.1%        100.0%      +4.9%
    retx ratio                            0.0%          9.2%      +9.2%
    loss ratio                           0.00%         0.00%      +0.0%
    tput Mbps                             0.30          0.32      +0.02M
    p50 HoL ms                             4.5           1.0      -3.50
    p95 HoL ms                            12.5           4.5      -8.00
    p99 HoL ms                            14.5           5.0      -9.50

  flow ue13_qfi1:
    delivery ratio                       87.9%        100.0%     +12.1%
    retx ratio                            0.0%         12.5%     +12.5%
    loss ratio                           0.00%         0.00%      +0.0%
    tput Mbps                             0.28          0.32      +0.04M
    p50 HoL ms                             7.0           1.0      -6.00
    p95 HoL ms                            14.0           4.5      -9.50
    p99 HoL ms                            14.5           5.5      -9.00

  flow ue14_qfi1:
    delivery ratio                       96.7%        100.0%      +3.3%
    retx ratio                            0.0%          8.5%      +8.5%
    loss ratio                           0.00%         0.00%      +0.0%
    tput Mbps                             0.31          0.32      +0.01M
    p50 HoL ms                             5.0           1.0      -4.00
    p95 HoL ms                            12.0           4.5      -7.50
    p99 HoL ms                            14.5           5.0      -9.50

  flow ue15_qfi1:
    delivery ratio                       95.3%        100.0%      +4.7%
    retx ratio                            0.0%          9.2%      +9.2%
    loss ratio                           0.00%         0.00%      +0.0%
    tput Mbps                             0.30          0.32      +0.02M
    p50 HoL ms                             5.5           1.0      -4.50
    p95 HoL ms                            12.5           4.5      -8.00
    p99 HoL ms                            14.5           5.0      -9.50

  flow ue16_qfi1:
    delivery ratio                       94.4%         99.8%      +5.3%
    retx ratio                            0.0%         11.0%     +11.0%
    loss ratio                           0.00%         0.00%      +0.0%
    tput Mbps                             0.30          0.32      +0.02M
    p50 HoL ms                             5.0           1.0      -4.00
    p95 HoL ms                            12.5           4.5      -8.00
    p99 HoL ms                            14.5           5.0      -9.50

  flow ue17_qfi1:
    delivery ratio                       97.9%        100.0%      +2.1%
    retx ratio                            0.0%         10.8%     +10.8%
    loss ratio                           0.00%         0.00%      +0.0%
    tput Mbps                             0.31          0.32      +0.01M
    p50 HoL ms                             4.0           1.0      -3.00
    p95 HoL ms                            11.5           5.0      -6.50
    p99 HoL ms                            14.0           5.5      -8.50

  flow ue18_qfi1:
    delivery ratio                       87.0%        100.0%     +13.0%
    retx ratio                            0.0%         11.0%     +11.0%
    loss ratio                           0.00%         0.00%      +0.0%
    tput Mbps                             0.28          0.32      +0.04M
    p50 HoL ms                             7.0           1.0      -6.00
    p95 HoL ms                            14.0           4.5      -9.50
    p99 HoL ms                            14.5           5.0      -9.50

  flow ue19_qfi1:
    delivery ratio                       94.3%        100.0%      +5.7%
    retx ratio                            0.0%          9.8%      +9.8%
    loss ratio                           0.00%         0.00%      +0.0%
    tput Mbps                             0.30          0.32      +0.02M
    p50 HoL ms                             5.5           1.0      -4.50
    p95 HoL ms                            13.0           4.5      -8.50
    p99 HoL ms                            14.5           5.5      -9.00

  flow ue1_qfi1:
    delivery ratio                       84.4%        100.0%     +15.6%
    retx ratio                            0.0%         10.8%     +10.8%
    loss ratio                           0.00%         0.00%      +0.0%
    tput Mbps                             0.27          0.32      +0.05M
    p50 HoL ms                             5.5           1.5      -4.00
    p95 HoL ms                            14.0           4.5      -9.50
    p99 HoL ms                            14.5           5.0      -9.50

  flow ue20_qfi1:
    delivery ratio                       96.4%        100.0%      +3.6%
    retx ratio                            0.0%         11.3%     +11.3%
    loss ratio                           0.00%         0.00%      +0.0%
    tput Mbps                             0.31          0.32      +0.01M
    p50 HoL ms                             4.5           1.0      -3.50
    p95 HoL ms                            12.5           5.0      -7.50
    p99 HoL ms                            14.0           5.0      -9.00

  flow ue21_qfi1:
    delivery ratio                       86.0%        100.0%     +14.0%
    retx ratio                            0.0%          8.7%      +8.7%
    loss ratio                           0.00%         0.00%      +0.0%
    tput Mbps                             0.28          0.32      +0.04M
    p50 HoL ms                             5.5           1.0      -4.50
    p95 HoL ms                            14.0           4.5      -9.50
    p99 HoL ms                            14.5           5.0      -9.50

  flow ue22_qfi1:
    delivery ratio                       94.0%         99.8%      +5.7%
    retx ratio                            0.0%          8.8%      +8.8%
    loss ratio                           0.00%         0.00%      +0.0%
    tput Mbps                             0.30          0.32      +0.02M
    p50 HoL ms                             6.0           1.5      -4.50
    p95 HoL ms                            13.0           4.5      -8.50
    p99 HoL ms                            14.5           5.5      -9.00

  flow ue23_qfi1:
    delivery ratio                       96.3%        100.0%      +3.7%
    retx ratio                            0.0%          9.0%      +9.0%
    loss ratio                           0.00%         0.00%      +0.0%
    tput Mbps                             0.31          0.32      +0.01M
    p50 HoL ms                             5.0           1.0      -4.00
    p95 HoL ms                            12.5           4.5      -8.00
    p99 HoL ms                            14.5           5.5      -9.00

  flow ue24_qfi1:
    delivery ratio                       98.7%        100.0%      +1.3%
    retx ratio                            0.0%         10.5%     +10.5%
    loss ratio                           0.00%         0.00%      +0.0%
    tput Mbps                             0.32          0.32      +0.00M
    p50 HoL ms                             4.0           1.0      -3.00
    p95 HoL ms                            10.5           5.0      -5.50
    p99 HoL ms                            13.5           5.5      -8.00

  flow ue25_qfi1:
    delivery ratio                       93.3%        100.0%      +6.7%
    retx ratio                            0.0%         10.0%     +10.0%
    loss ratio                           0.00%         0.00%      +0.0%
    tput Mbps                             0.30          0.32      +0.02M
    p50 HoL ms                             5.0           1.0      -4.00
    p95 HoL ms                            13.0           4.5      -8.50
    p99 HoL ms                            14.5           5.5      -9.00

  flow ue26_qfi1:
    delivery ratio                       82.8%        100.0%     +17.2%
    retx ratio                            0.0%          9.9%      +9.9%
    loss ratio                           0.00%         0.00%      +0.0%
    tput Mbps                             0.26          0.32      +0.06M
    p50 HoL ms                             5.5           1.5      -4.00
    p95 HoL ms                            14.0           4.5      -9.50
    p99 HoL ms                            14.5           5.0      -9.50

  flow ue27_qfi1:
    delivery ratio                       71.2%        100.0%     +28.8%
    retx ratio                            0.0%         10.4%     +10.4%
    loss ratio                           0.00%         0.00%      +0.0%
    tput Mbps                             0.23          0.32      +0.09M
    p50 HoL ms                            10.0           1.5      -8.50
    p95 HoL ms                            14.5           5.0      -9.50
    p99 HoL ms                            15.0           5.5      -9.50

  flow ue28_qfi1:
    delivery ratio                       92.4%        100.0%      +7.6%
    retx ratio                            0.0%          9.0%      +9.0%
    loss ratio                           0.00%         0.00%      +0.0%
    tput Mbps                             0.30          0.32      +0.02M
    p50 HoL ms                             5.5           1.0      -4.50
    p95 HoL ms                            13.0           4.5      -8.50
    p99 HoL ms                            14.5           5.5      -9.00

  flow ue29_qfi1:
    delivery ratio                       90.1%        100.0%      +9.9%
    retx ratio                            0.0%         10.0%     +10.0%
    loss ratio                           0.00%         0.00%      +0.0%
    tput Mbps                             0.29          0.32      +0.03M
    p50 HoL ms                             5.0           1.5      -3.50
    p95 HoL ms                            13.5           5.0      -8.50
    p99 HoL ms                            14.5           6.5      -8.00

  flow ue2_qfi1:
    delivery ratio                       99.1%        100.0%      +0.9%
    retx ratio                            0.0%          6.8%      +6.8%
    loss ratio                           0.00%         0.00%      +0.0%
    tput Mbps                             0.32          0.32      +0.00M
    p50 HoL ms                             4.0           1.0      -3.00
    p95 HoL ms                            10.5           4.5      -6.00
    p99 HoL ms                            13.5           5.0      -8.50

  flow ue30_qfi1:
    delivery ratio                       91.5%        100.0%      +8.5%
    retx ratio                            0.0%          9.6%      +9.6%
    loss ratio                           0.00%         0.00%      +0.0%
    tput Mbps                             0.29          0.32      +0.03M
    p50 HoL ms                             5.5           1.5      -4.00
    p95 HoL ms                            13.5           5.0      -8.50
    p99 HoL ms                            14.5           6.5      -8.00

  flow ue3_qfi1:
    delivery ratio                       94.3%        100.0%      +5.7%
    retx ratio                            0.0%         11.0%     +11.0%
    loss ratio                           0.00%         0.00%      +0.0%
    tput Mbps                             0.30          0.32      +0.02M
    p50 HoL ms                             5.5           1.5      -4.00
    p95 HoL ms                            13.0           4.5      -8.50
    p99 HoL ms                            14.5           5.0      -9.50

  flow ue4_qfi1:
    delivery ratio                       88.2%        100.0%     +11.8%
    retx ratio                            0.0%         10.8%     +10.8%
    loss ratio                           0.00%         0.00%      +0.0%
    tput Mbps                             0.28          0.32      +0.04M
    p50 HoL ms                             5.0           1.0      -4.00
    p95 HoL ms                            13.5           5.0      -8.50
    p99 HoL ms                            14.5           5.5      -9.00

  flow ue5_qfi1:
    delivery ratio                       96.7%        100.0%      +3.3%
    retx ratio                            0.0%         10.2%     +10.2%
    loss ratio                           0.00%         0.00%      +0.0%
    tput Mbps                             0.31          0.32      +0.01M
    p50 HoL ms                             4.5           1.0      -3.50
    p95 HoL ms                            12.0           5.0      -7.00
    p99 HoL ms                            14.0           5.0      -9.00

  flow ue6_qfi1:
    delivery ratio                       93.8%        100.0%      +6.2%
    retx ratio                            0.0%          7.2%      +7.2%
    loss ratio                           0.00%         0.00%      +0.0%
    tput Mbps                             0.30          0.32      +0.02M
    p50 HoL ms                             5.5           1.0      -4.50
    p95 HoL ms                            13.0           4.5      -8.50
    p99 HoL ms                            14.5           5.0      -9.50

  flow ue7_qfi1:
    delivery ratio                       94.8%        100.0%      +5.1%
    retx ratio                            0.0%         11.5%     +11.5%
    loss ratio                           0.00%         0.00%      +0.0%
    tput Mbps                             0.30          0.32      +0.02M
    p50 HoL ms                             5.0           1.5      -3.50
    p95 HoL ms                            12.5           5.0      -7.50
    p99 HoL ms                            14.5           6.5      -8.00

  flow ue8_qfi1:
    delivery ratio                       98.0%        100.0%      +2.0%
    retx ratio                            0.0%          9.8%      +9.8%
    loss ratio                           0.00%         0.00%      +0.0%
    tput Mbps                             0.31          0.32      +0.01M
    p50 HoL ms                             4.0           1.0      -3.00
    p95 HoL ms                            11.5           4.5      -7.00
    p99 HoL ms                            14.0           5.0      -9.00

  flow ue9_qfi1:
    delivery ratio                       94.8%        100.0%      +5.2%
    retx ratio                            0.0%          9.0%      +9.0%
    loss ratio                           0.00%         0.00%      +0.0%
    tput Mbps                             0.30          0.32      +0.02M
    p50 HoL ms                             5.5           1.5      -4.00
    p95 HoL ms                            13.0           5.0      -8.00
    p99 HoL ms                            14.5           6.0      -8.50

  [Gradient]
                                     flat-BLER       HARQ/IR       delta
  --------------------------------------------------------------------
  DL PRB utilization                     0.0%         0.0%  +    +0.0%
  UL PRB utilization                    49.6%        46.9%      -2.7%

  flow ue10_qfi1:
    delivery ratio                      100.0%        100.0%      +0.0%
    retx ratio                            0.0%          8.8%      +8.8%
    loss ratio                           0.00%         0.00%      +0.0%
    tput Mbps                             0.32          0.32      +0.00M
    p50 HoL ms                             3.5           1.0      -2.50
    p95 HoL ms                             6.0           4.5      -1.50
    p99 HoL ms                             6.5           5.0      -1.50

  flow ue11_qfi1:
    delivery ratio                      100.0%        100.0%      +0.0%
    retx ratio                            0.0%         10.2%     +10.2%
    loss ratio                           0.00%         0.00%      +0.0%
    tput Mbps                             0.32          0.32      +0.00M
    p50 HoL ms                             3.5           1.0      -2.50
    p95 HoL ms                             6.0           4.5      -1.50
    p99 HoL ms                             6.5           5.0      -1.50

  flow ue12_qfi1:
    delivery ratio                      100.0%        100.0%      +0.0%
    retx ratio                            0.0%         11.5%     +11.5%
    loss ratio                           0.00%         0.00%      +0.0%
    tput Mbps                             0.32          0.32      +0.00M
    p50 HoL ms                             3.5           1.0      -2.50
    p95 HoL ms                             6.0           4.5      -1.50
    p99 HoL ms                             6.5           5.0      -1.50

  flow ue13_qfi1:
    delivery ratio                      100.0%        100.0%      +0.0%
    retx ratio                            0.0%         10.0%     +10.0%
    loss ratio                           0.00%         0.00%      +0.0%
    tput Mbps                             0.32          0.32      +0.00M
    p50 HoL ms                             4.0           1.5      -2.50
    p95 HoL ms                             6.5           4.5      -2.00
    p99 HoL ms                             7.5           5.5      -2.00

  flow ue14_qfi1:
    delivery ratio                      100.0%        100.0%      +0.0%
    retx ratio                            0.0%          8.2%      +8.2%
    loss ratio                           0.00%         0.00%      +0.0%
    tput Mbps                             0.32          0.32      +0.00M
    p50 HoL ms                             3.5           1.0      -2.50
    p95 HoL ms                             6.0           4.5      -1.50
    p99 HoL ms                             6.5           5.0      -1.50

  flow ue15_qfi1:
    delivery ratio                      100.0%        100.0%      +0.0%
    retx ratio                            0.0%          9.9%      +9.9%
    loss ratio                           0.00%         0.00%      +0.0%
    tput Mbps                             0.32          0.32      +0.00M
    p50 HoL ms                             3.5           1.0      -2.50
    p95 HoL ms                             6.0           4.5      -1.50
    p99 HoL ms                             6.5           5.0      -1.50

  flow ue16_qfi1:
    delivery ratio                      100.0%        100.0%      +0.0%
    retx ratio                            0.0%          9.0%      +9.0%
    loss ratio                           0.00%         0.00%      +0.0%
    tput Mbps                             0.32          0.32      +0.00M
    p50 HoL ms                             3.5           1.0      -2.50
    p95 HoL ms                             6.0           4.5      -1.50
    p99 HoL ms                             6.5           5.0      -1.50

  flow ue17_qfi1:
    delivery ratio                      100.0%        100.0%      +0.0%
    retx ratio                            0.0%          8.8%      +8.8%
    loss ratio                           0.00%         0.00%      +0.0%
    tput Mbps                             0.32          0.32      +0.00M
    p50 HoL ms                             3.5           1.0      -2.50
    p95 HoL ms                             6.0           4.5      -1.50
    p99 HoL ms                             6.5           5.0      -1.50

  flow ue18_qfi1:
    delivery ratio                      100.0%        100.0%      +0.0%
    retx ratio                            0.0%         10.0%     +10.0%
    loss ratio                           0.00%         0.00%      +0.0%
    tput Mbps                             0.32          0.32      +0.00M
    p50 HoL ms                             4.0           1.0      -3.00
    p95 HoL ms                             7.0           4.5      -2.50
    p99 HoL ms                             8.0           5.0      -3.00

  flow ue19_qfi1:
    delivery ratio                      100.0%        100.0%      +0.0%
    retx ratio                            0.0%         11.0%     +11.0%
    loss ratio                           0.00%         0.00%      +0.0%
    tput Mbps                             0.32          0.32      +0.00M
    p50 HoL ms                             3.5           1.0      -2.50
    p95 HoL ms                             6.0           4.5      -1.50
    p99 HoL ms                             6.5           5.0      -1.50

  flow ue1_qfi1:
    delivery ratio                      100.0%        100.0%      +0.0%
    retx ratio                            0.0%          8.2%      +8.2%
    loss ratio                           0.00%         0.00%      +0.0%
    tput Mbps                             0.32          0.32      +0.00M
    p50 HoL ms                             4.5           1.0      -3.50
    p95 HoL ms                             7.5           4.5      -3.00
    p99 HoL ms                             8.0           5.0      -3.00

  flow ue20_qfi1:
    delivery ratio                      100.0%        100.0%      +0.0%
    retx ratio                            0.0%          9.8%      +9.8%
    loss ratio                           0.00%         0.00%      +0.0%
    tput Mbps                             0.32          0.32      +0.00M
    p50 HoL ms                             3.5           1.0      -2.50
    p95 HoL ms                             6.0           4.5      -1.50
    p99 HoL ms                             6.5           5.0      -1.50

  flow ue21_qfi1:
    delivery ratio                      100.0%        100.0%      +0.0%
    retx ratio                            0.0%         10.0%     +10.0%
    loss ratio                           0.00%         0.00%      +0.0%
    tput Mbps                             0.32          0.32      +0.00M
    p50 HoL ms                             4.5           1.0      -3.50
    p95 HoL ms                             7.0           4.5      -2.50
    p99 HoL ms                             8.0           5.0      -3.00

  flow ue22_qfi1:
    delivery ratio                      100.0%        100.0%      +0.0%
    retx ratio                            0.0%         10.0%     +10.0%
    loss ratio                           0.00%         0.00%      +0.0%
    tput Mbps                             0.32          0.32      +0.00M
    p50 HoL ms                             3.5           1.0      -2.50
    p95 HoL ms                             6.0           4.5      -1.50
    p99 HoL ms                             6.5           5.0      -1.50

  flow ue23_qfi1:
    delivery ratio                      100.0%        100.0%      +0.0%
    retx ratio                            0.0%          9.1%      +9.1%
    loss ratio                           0.00%         0.00%      +0.0%
    tput Mbps                             0.32          0.32      +0.00M
    p50 HoL ms                             3.5           1.0      -2.50
    p95 HoL ms                             6.0           4.5      -1.50
    p99 HoL ms                             6.5           5.0      -1.50

  flow ue24_qfi1:
    delivery ratio                      100.0%        100.0%      +0.0%
    retx ratio                            0.0%          8.3%      +8.3%
    loss ratio                           0.00%         0.00%      +0.0%
    tput Mbps                             0.32          0.32      +0.00M
    p50 HoL ms                             3.5           1.0      -2.50
    p95 HoL ms                             5.5           4.5      -1.00
    p99 HoL ms                             6.5           5.0      -1.50

  flow ue25_qfi1:
    delivery ratio                      100.0%        100.0%      +0.0%
    retx ratio                            0.0%          9.5%      +9.5%
    loss ratio                           0.00%         0.00%      +0.0%
    tput Mbps                             0.32          0.32      +0.00M
    p50 HoL ms                             3.5           1.5      -2.00
    p95 HoL ms                             6.0           4.5      -1.50
    p99 HoL ms                             7.0           5.5      -1.50

  flow ue26_qfi1:
    delivery ratio                      100.0%        100.0%      +0.0%
    retx ratio                            0.0%          9.8%      +9.8%
    loss ratio                           0.00%         0.00%      +0.0%
    tput Mbps                             0.32          0.32      +0.00M
    p50 HoL ms                             4.5           1.0      -3.50
    p95 HoL ms                             8.0           4.5      -3.50
    p99 HoL ms                             9.5           5.0      -4.50

  flow ue27_qfi1:
    delivery ratio                      100.0%        100.0%      +0.0%
    retx ratio                            0.0%         10.0%     +10.0%
    loss ratio                           0.00%         0.00%      +0.0%
    tput Mbps                             0.32          0.32      +0.00M
    p50 HoL ms                             5.5           1.0      -4.50
    p95 HoL ms                             8.5           4.5      -4.00
    p99 HoL ms                            10.0           5.0      -5.00

  flow ue28_qfi1:
    delivery ratio                      100.0%         99.8%      -0.2%
    retx ratio                            0.0%         10.5%     +10.5%
    loss ratio                           0.00%         0.00%      +0.0%
    tput Mbps                             0.32          0.32      -0.00M
    p50 HoL ms                             4.0           1.5      -2.50
    p95 HoL ms                             6.0           4.5      -1.50
    p99 HoL ms                             6.5           5.0      -1.50

  flow ue29_qfi1:
    delivery ratio                      100.0%        100.0%      +0.0%
    retx ratio                            0.0%         11.5%     +11.5%
    loss ratio                           0.00%         0.00%      +0.0%
    tput Mbps                             0.32          0.32      +0.00M
    p50 HoL ms                             4.0           1.0      -3.00
    p95 HoL ms                             7.0           4.5      -2.50
    p99 HoL ms                             8.5           5.0      -3.50

  flow ue2_qfi1:
    delivery ratio                      100.0%        100.0%      +0.0%
    retx ratio                            0.0%          9.8%      +9.8%
    loss ratio                           0.00%         0.00%      +0.0%
    tput Mbps                             0.32          0.32      +0.00M
    p50 HoL ms                             3.5           1.0      -2.50
    p95 HoL ms                             5.5           4.5      -1.00
    p99 HoL ms                             6.5           5.0      -1.50

  flow ue30_qfi1:
    delivery ratio                      100.0%        100.0%      +0.0%
    retx ratio                            0.0%         11.0%     +11.0%
    loss ratio                           0.00%         0.00%      +0.0%
    tput Mbps                             0.32          0.32      +0.00M
    p50 HoL ms                             4.0           1.5      -2.50
    p95 HoL ms                             6.5           4.5      -2.00
    p99 HoL ms                             7.0           5.0      -2.00

  flow ue3_qfi1:
    delivery ratio                      100.0%        100.0%      +0.0%
    retx ratio                            0.0%         12.7%     +12.7%
    loss ratio                           0.00%         0.00%      +0.0%
    tput Mbps                             0.32          0.32      +0.00M
    p50 HoL ms                             3.5           1.0      -2.50
    p95 HoL ms                             6.0           4.5      -1.50
    p99 HoL ms                             6.5           5.0      -1.50

  flow ue4_qfi1:
    delivery ratio                      100.0%        100.0%      +0.0%
    retx ratio                            0.0%          8.8%      +8.8%
    loss ratio                           0.00%         0.00%      +0.0%
    tput Mbps                             0.32          0.32      +0.00M
    p50 HoL ms                             4.0           1.0      -3.00
    p95 HoL ms                             7.0           4.5      -2.50
    p99 HoL ms                             8.0           5.0      -3.00

  flow ue5_qfi1:
    delivery ratio                      100.0%        100.0%      +0.0%
    retx ratio                            0.0%         10.0%     +10.0%
    loss ratio                           0.00%         0.00%      +0.0%
    tput Mbps                             0.32          0.32      +0.00M
    p50 HoL ms                             3.5           1.0      -2.50
    p95 HoL ms                             6.0           4.5      -1.50
    p99 HoL ms                             6.5           5.0      -1.50

  flow ue6_qfi1:
    delivery ratio                      100.0%        100.0%      +0.0%
    retx ratio                            0.0%          9.5%      +9.5%
    loss ratio                           0.00%         0.00%      +0.0%
    tput Mbps                             0.32          0.32      +0.00M
    p50 HoL ms                             3.5           1.0      -2.50
    p95 HoL ms                             6.0           4.5      -1.50
    p99 HoL ms                             6.0           5.0      -1.00

  flow ue7_qfi1:
    delivery ratio                      100.0%         99.8%      -0.2%
    retx ratio                            0.0%         10.0%     +10.0%
    loss ratio                           0.00%         0.00%      +0.0%
    tput Mbps                             0.32          0.32      -0.00M
    p50 HoL ms                             3.5           1.0      -2.50
    p95 HoL ms                             6.0           4.5      -1.50
    p99 HoL ms                             6.5           5.0      -1.50

  flow ue8_qfi1:
    delivery ratio                      100.0%        100.0%      +0.0%
    retx ratio                            0.0%         10.0%     +10.0%
    loss ratio                           0.00%         0.00%      +0.0%
    tput Mbps                             0.32          0.32      +0.00M
    p50 HoL ms                             3.5           1.0      -2.50
    p95 HoL ms                             6.0           4.5      -1.50
    p99 HoL ms                             6.5           5.0      -1.50

  flow ue9_qfi1:
    delivery ratio                      100.0%        100.0%      +0.0%
    retx ratio                            0.0%         12.0%     +12.0%
    loss ratio                           0.00%         0.00%      +0.0%
    tput Mbps                             0.32          0.32      +0.00M
    p50 HoL ms                             3.5           1.0      -2.50
    p95 HoL ms                             6.0           4.5      -1.50
    p99 HoL ms                             6.5           5.5      -1.00

  [TwoTier]
                                     flat-BLER       HARQ/IR       delta
  --------------------------------------------------------------------
  DL PRB utilization                     0.0%         0.0%  +    +0.0%
  UL PRB utilization                    67.9%        45.2%     -22.7%

  flow ue10_qfi1:
    delivery ratio                      100.0%         99.9%      -0.1%
    retx ratio                            0.0%         11.3%     +11.3%
    loss ratio                           0.00%         0.00%      +0.0%
    tput Mbps                             0.32          0.32      -0.00M
    p50 HoL ms                             2.5           2.0      -0.50
    p95 HoL ms                             5.0           5.0      +0.00
    p99 HoL ms                             5.0           5.5      +0.50

  flow ue11_qfi1:
    delivery ratio                      100.0%        100.0%      +0.0%
    retx ratio                            0.0%          9.1%      +9.1%
    loss ratio                           0.00%         0.00%      +0.0%
    tput Mbps                             0.32          0.32      +0.00M
    p50 HoL ms                             2.5           1.5      -1.00
    p95 HoL ms                             5.0           5.0      +0.00
    p99 HoL ms                             5.0           5.5      +0.50

  flow ue12_qfi1:
    delivery ratio                      100.0%         99.9%      -0.1%
    retx ratio                            0.0%          8.8%      +8.8%
    loss ratio                           0.00%         0.00%      +0.0%
    tput Mbps                             0.32          0.32      -0.00M
    p50 HoL ms                             2.5           1.5      -1.00
    p95 HoL ms                             5.0           5.0      +0.00
    p99 HoL ms                             5.0           5.0      +0.00

  flow ue13_qfi1:
    delivery ratio                      100.0%        100.0%      +0.0%
    retx ratio                            0.0%         10.6%     +10.6%
    loss ratio                           0.00%         0.00%      +0.0%
    tput Mbps                             0.32          0.32      +0.00M
    p50 HoL ms                             2.5           1.5      -1.00
    p95 HoL ms                             5.0           5.0      +0.00
    p99 HoL ms                             5.0           5.0      +0.00

  flow ue14_qfi1:
    delivery ratio                      100.0%        100.0%      +0.0%
    retx ratio                            0.0%          9.1%      +9.1%
    loss ratio                           0.00%         0.00%      +0.0%
    tput Mbps                             0.32          0.32      +0.00M
    p50 HoL ms                             2.5           1.5      -1.00
    p95 HoL ms                             5.0           5.0      +0.00
    p99 HoL ms                             5.0           5.5      +0.50

  flow ue15_qfi1:
    delivery ratio                      100.0%        100.0%      +0.0%
    retx ratio                            0.0%          9.2%      +9.2%
    loss ratio                           0.00%         0.00%      +0.0%
    tput Mbps                             0.32          0.32      +0.00M
    p50 HoL ms                             2.5           1.5      -1.00
    p95 HoL ms                             5.0           5.0      +0.00
    p99 HoL ms                             5.0           5.5      +0.50

  flow ue16_qfi1:
    delivery ratio                      100.0%        100.0%      +0.0%
    retx ratio                            0.0%          9.3%      +9.3%
    loss ratio                           0.00%         0.00%      +0.0%
    tput Mbps                             0.32          0.32      +0.00M
    p50 HoL ms                             2.5           1.5      -1.00
    p95 HoL ms                             5.0           5.0      +0.00
    p99 HoL ms                             5.0           5.5      +0.50

  flow ue17_qfi1:
    delivery ratio                      100.0%        100.0%      +0.0%
    retx ratio                            0.0%         10.7%     +10.7%
    loss ratio                           0.00%         0.00%      +0.0%
    tput Mbps                             0.32          0.32      +0.00M
    p50 HoL ms                             2.5           1.5      -1.00
    p95 HoL ms                             5.0           5.0      +0.00
    p99 HoL ms                             5.0           5.0      +0.00

  flow ue18_qfi1:
    delivery ratio                      100.0%        100.0%      +0.0%
    retx ratio                            0.0%          9.1%      +9.1%
    loss ratio                           0.00%         0.00%      +0.0%
    tput Mbps                             0.32          0.32      +0.00M
    p50 HoL ms                             2.5           1.5      -1.00
    p95 HoL ms                             5.0           5.0      +0.00
    p99 HoL ms                             5.0           5.5      +0.50

  flow ue19_qfi1:
    delivery ratio                      100.0%        100.0%      +0.0%
    retx ratio                            0.0%         10.9%     +10.9%
    loss ratio                           0.00%         0.00%      +0.0%
    tput Mbps                             0.32          0.32      +0.00M
    p50 HoL ms                             2.5           1.5      -1.00
    p95 HoL ms                             5.0           5.0      +0.00
    p99 HoL ms                             5.0           5.0      +0.00

  flow ue1_qfi1:
    delivery ratio                      100.0%        100.0%      +0.0%
    retx ratio                            0.0%          9.0%      +9.0%
    loss ratio                           0.00%         0.00%      +0.0%
    tput Mbps                             0.32          0.32      +0.00M
    p50 HoL ms                             2.5           1.5      -1.00
    p95 HoL ms                             5.0           5.0      +0.00
    p99 HoL ms                             5.0           5.0      +0.00

  flow ue20_qfi1:
    delivery ratio                      100.0%         99.9%      -0.1%
    retx ratio                            0.0%          9.7%      +9.7%
    loss ratio                           0.00%         0.00%      +0.0%
    tput Mbps                             0.32          0.32      -0.00M
    p50 HoL ms                             2.5           2.0      -0.50
    p95 HoL ms                             5.0           5.0      +0.00
    p99 HoL ms                             5.0           5.5      +0.50

  flow ue21_qfi1:
    delivery ratio                      100.0%        100.0%      +0.0%
    retx ratio                            0.0%         11.5%     +11.5%
    loss ratio                           0.00%         0.00%      +0.0%
    tput Mbps                             0.32          0.32      +0.00M
    p50 HoL ms                             2.5           2.0      -0.50
    p95 HoL ms                             5.0           5.0      +0.00
    p99 HoL ms                             5.0           5.5      +0.50

  flow ue22_qfi1:
    delivery ratio                      100.0%         99.9%      -0.1%
    retx ratio                            0.0%          8.9%      +8.9%
    loss ratio                           0.00%         0.00%      +0.0%
    tput Mbps                             0.32          0.32      -0.00M
    p50 HoL ms                             2.5           1.5      -1.00
    p95 HoL ms                             5.0           5.0      +0.00
    p99 HoL ms                             5.0           5.0      +0.00

  flow ue23_qfi1:
    delivery ratio                      100.0%        100.0%      +0.0%
    retx ratio                            0.0%         10.1%     +10.1%
    loss ratio                           0.00%         0.00%      +0.0%
    tput Mbps                             0.32          0.32      +0.00M
    p50 HoL ms                             2.5           2.0      -0.50
    p95 HoL ms                             5.0           5.0      +0.00
    p99 HoL ms                             5.0           5.5      +0.50

  flow ue24_qfi1:
    delivery ratio                      100.0%        100.0%      +0.0%
    retx ratio                            0.0%          9.4%      +9.4%
    loss ratio                           0.00%         0.00%      +0.0%
    tput Mbps                             0.32          0.32      +0.00M
    p50 HoL ms                             2.5           2.0      -0.50
    p95 HoL ms                             5.0           5.0      +0.00
    p99 HoL ms                             5.0           5.5      +0.50

  flow ue25_qfi1:
    delivery ratio                      100.0%        100.0%      +0.0%
    retx ratio                            0.0%         10.9%     +10.9%
    loss ratio                           0.00%         0.00%      +0.0%
    tput Mbps                             0.32          0.32      +0.00M
    p50 HoL ms                             2.5           2.0      -0.50
    p95 HoL ms                             5.0           5.0      +0.00
    p99 HoL ms                             5.0           5.5      +0.50

  flow ue26_qfi1:
    delivery ratio                      100.0%         99.9%      -0.1%
    retx ratio                            0.0%         10.5%     +10.5%
    loss ratio                           0.00%         0.00%      +0.0%
    tput Mbps                             0.32          0.32      -0.00M
    p50 HoL ms                             2.5           2.0      -0.50
    p95 HoL ms                             5.0           5.0      +0.00
    p99 HoL ms                             5.0           5.5      +0.50

  flow ue27_qfi1:
    delivery ratio                      100.0%        100.0%      +0.0%
    retx ratio                            0.0%          9.6%      +9.6%
    loss ratio                           0.00%         0.00%      +0.0%
    tput Mbps                             0.32          0.32      +0.00M
    p50 HoL ms                             2.5           2.0      -0.50
    p95 HoL ms                             5.0           5.0      +0.00
    p99 HoL ms                             5.0           5.5      +0.50

  flow ue28_qfi1:
    delivery ratio                      100.0%        100.0%      +0.0%
    retx ratio                            0.0%         10.4%     +10.4%
    loss ratio                           0.00%         0.00%      +0.0%
    tput Mbps                             0.32          0.32      +0.00M
    p50 HoL ms                             2.5           2.0      -0.50
    p95 HoL ms                             5.0           5.0      +0.00
    p99 HoL ms                             5.0           5.5      +0.50

  flow ue29_qfi1:
    delivery ratio                      100.0%        100.0%      +0.0%
    retx ratio                            0.0%          9.7%      +9.7%
    loss ratio                           0.00%         0.00%      +0.0%
    tput Mbps                             0.32          0.32      +0.00M
    p50 HoL ms                             2.5           2.0      -0.50
    p95 HoL ms                             5.0           5.0      +0.00
    p99 HoL ms                             5.0           5.5      +0.50

  flow ue2_qfi1:
    delivery ratio                      100.0%         99.9%      -0.1%
    retx ratio                            0.0%         11.2%     +11.2%
    loss ratio                           0.00%         0.00%      +0.0%
    tput Mbps                             0.32          0.32      -0.00M
    p50 HoL ms                             2.5           2.0      -0.50
    p95 HoL ms                             5.0           5.0      +0.00
    p99 HoL ms                             5.0           5.0      +0.00

  flow ue30_qfi1:
    delivery ratio                      100.0%         99.8%      -0.2%
    retx ratio                            0.0%         10.2%     +10.2%
    loss ratio                           0.00%         0.00%      +0.0%
    tput Mbps                             0.32          0.32      -0.00M
    p50 HoL ms                             2.5           2.0      -0.50
    p95 HoL ms                             5.0           5.0      +0.00
    p99 HoL ms                             5.0           5.0      +0.00

  flow ue3_qfi1:
    delivery ratio                      100.0%        100.0%      +0.0%
    retx ratio                            0.0%         10.9%     +10.9%
    loss ratio                           0.00%         0.00%      +0.0%
    tput Mbps                             0.32          0.32      +0.00M
    p50 HoL ms                             2.5           2.0      -0.50
    p95 HoL ms                             5.0           5.0      +0.00
    p99 HoL ms                             5.0           5.0      +0.00

  flow ue4_qfi1:
    delivery ratio                      100.0%        100.0%      +0.0%
    retx ratio                            0.0%         10.8%     +10.8%
    loss ratio                           0.00%         0.00%      +0.0%
    tput Mbps                             0.32          0.32      +0.00M
    p50 HoL ms                             2.5           2.0      -0.50
    p95 HoL ms                             5.0           5.0      +0.00
    p99 HoL ms                             5.0           5.0      +0.00

  flow ue5_qfi1:
    delivery ratio                      100.0%        100.0%      +0.0%
    retx ratio                            0.0%          9.2%      +9.2%
    loss ratio                           0.00%         0.00%      +0.0%
    tput Mbps                             0.32          0.32      +0.00M
    p50 HoL ms                             2.5           1.5      -1.00
    p95 HoL ms                             5.0           5.0      +0.00
    p99 HoL ms                             5.0           5.0      +0.00

  flow ue6_qfi1:
    delivery ratio                      100.0%        100.0%      +0.0%
    retx ratio                            0.0%         10.7%     +10.7%
    loss ratio                           0.00%         0.00%      +0.0%
    tput Mbps                             0.32          0.32      +0.00M
    p50 HoL ms                             2.5           2.0      -0.50
    p95 HoL ms                             5.0           5.0      +0.00
    p99 HoL ms                             5.0           5.0      +0.00

  flow ue7_qfi1:
    delivery ratio                      100.0%        100.0%      +0.0%
    retx ratio                            0.0%          9.2%      +9.2%
    loss ratio                           0.00%         0.00%      +0.0%
    tput Mbps                             0.32          0.32      +0.00M
    p50 HoL ms                             2.5           1.5      -1.00
    p95 HoL ms                             5.0           5.0      +0.00
    p99 HoL ms                             5.0           5.0      +0.00

  flow ue8_qfi1:
    delivery ratio                      100.0%        100.0%      +0.0%
    retx ratio                            0.0%         10.7%     +10.7%
    loss ratio                           0.00%         0.00%      +0.0%
    tput Mbps                             0.32          0.32      +0.00M
    p50 HoL ms                             2.5           1.5      -1.00
    p95 HoL ms                             5.0           5.0      +0.00
    p99 HoL ms                             5.0           5.0      +0.00

  flow ue9_qfi1:
    delivery ratio                      100.0%        100.0%      +0.0%
    retx ratio                            0.0%         11.6%     +11.6%
    loss ratio                           0.00%         0.00%      +0.0%
    tput Mbps                             0.32          0.32      +0.00M
    p50 HoL ms                             2.5           1.5      -1.00
    p95 HoL ms                             5.0           5.0      +0.00
    p99 HoL ms                             5.0           5.0      +0.00

================================================================================
SCENARIO: FACTORY_ROBOTS
================================================================================

  [RoundRobin]
                                     flat-BLER       HARQ/IR       delta
  --------------------------------------------------------------------
  DL PRB utilization                    17.1%        18.2%  +    +1.1%
  UL PRB utilization                    97.3%        97.2%      -0.1%

  flow ue10_qfi2:
    delivery ratio                       74.8%         76.9%      +2.0%
    retx ratio                            0.0%          7.4%      +7.4%
    loss ratio                           0.00%         0.00%      +0.0%
    tput Mbps                             5.54          5.69      +0.15M
    p50 HoL ms                            15.0          14.0      -1.00
    p95 HoL ms                            28.5          27.5      -1.00
    p99 HoL ms                            29.8          29.5      -0.25

  flow ue10_qfi8:
    delivery ratio                       99.7%         99.7%      +0.0%
    retx ratio                            0.0%         14.5%     +14.5%
    loss ratio                           0.00%         0.00%      +0.0%
    tput Mbps                             0.30          0.30      -0.00M
    p50 HoL ms                            13.5          13.2      -0.25
    p95 HoL ms                            28.5          28.2      -0.25
    p99 HoL ms                            30.8          31.0      +0.25

  flow ue10_qfi82:
    delivery ratio                        0.0%          0.0%      +0.0%
    retx ratio                            0.0%          0.0%      +0.0%
    loss ratio                           0.00%         0.00%      +0.0%
    tput Mbps                             0.00          0.00      +0.00M
    p50 HoL ms                             7.5           7.5      +0.00
    p95 HoL ms                             9.8           9.8      +0.00
    p99 HoL ms                             9.8           9.8      +0.00

  flow ue10_qfi9:
    delivery ratio                       36.0%         30.3%      -5.7%
    retx ratio                            0.0%          1.3%      +1.3%
    loss ratio                           0.00%         0.00%      +0.0%
    tput Mbps                             3.60          3.03      -0.57M
    p50 HoL ms                           298.2         298.5      +0.25
    p95 HoL ms                           300.0         300.0      +0.00
    p99 HoL ms                           300.0         300.0      +0.00

  flow ue1_qfi2:
    delivery ratio                       63.3%         70.7%      +7.4%
    retx ratio                            0.0%          7.4%      +7.4%
    loss ratio                           0.00%         0.00%      +0.0%
    tput Mbps                             6.19          6.91      +0.72M
    p50 HoL ms                            15.0          14.8      -0.25
    p95 HoL ms                            28.5          28.2      -0.25
    p99 HoL ms                            29.8          29.8      +0.00

  flow ue1_qfi82:
    delivery ratio                       98.0%         99.8%      +1.8%
    retx ratio                            0.0%          9.0%      +9.0%
    loss ratio                           0.00%         0.00%      +0.0%
    tput Mbps                             0.06          0.06      +0.00M
    p50 HoL ms                             5.0           1.5      -3.50
    p95 HoL ms                             8.8           5.5      -3.25
    p99 HoL ms                             9.8           7.0      -2.75

  flow ue2_qfi2:
    delivery ratio                       46.7%         48.4%      +1.8%
    retx ratio                            0.0%          3.9%      +3.9%
    loss ratio                           0.00%         0.00%      +0.0%
    tput Mbps                             4.56          4.73      +0.17M
    p50 HoL ms                            15.0          15.0      +0.00
    p95 HoL ms                            28.5          28.5      +0.00
    p99 HoL ms                            29.8          29.8      +0.00

  flow ue2_qfi82:
    delivery ratio                       99.4%         93.0%      -6.4%
    retx ratio                            0.0%          7.2%      +7.2%
    loss ratio                           0.00%         0.00%      +0.0%
    tput Mbps                             0.06          0.06      -0.00M
    p50 HoL ms                             5.0           5.0      +0.00
    p95 HoL ms                             8.8           8.8      +0.00
    p99 HoL ms                             9.8           9.8      +0.00

  flow ue3_qfi2:
    delivery ratio                       54.6%         61.6%      +7.0%
    retx ratio                            0.0%          7.3%      +7.3%
    loss ratio                           0.00%         0.00%      +0.0%
    tput Mbps                             5.33          6.02      +0.68M
    p50 HoL ms                            15.0          15.0      +0.00
    p95 HoL ms                            28.5          28.5      +0.00
    p99 HoL ms                            29.8          29.8      +0.00

  flow ue3_qfi82:
    delivery ratio                       97.2%         92.0%      -5.2%
    retx ratio                            0.0%          8.5%      +8.5%
    loss ratio                           0.00%         0.00%      +0.0%
    tput Mbps                             0.06          0.06      -0.00M
    p50 HoL ms                             5.0           3.2      -1.75
    p95 HoL ms                             8.8           8.2      -0.50
    p99 HoL ms                             9.8           9.5      -0.25

  flow ue4_qfi2:
    delivery ratio                       45.6%         50.2%      +4.5%
    retx ratio                            0.0%          5.0%      +5.0%
    loss ratio                           0.00%         0.00%      +0.0%
    tput Mbps                             4.46          4.90      +0.44M
    p50 HoL ms                            15.0          15.0      +0.00
    p95 HoL ms                            28.5          28.5      +0.00
    p99 HoL ms                            29.8          29.8      +0.00

  flow ue4_qfi82:
    delivery ratio                       99.9%         92.7%      -7.2%
    retx ratio                            0.0%          9.5%      +9.5%
    loss ratio                           0.00%         0.00%      +0.0%
    tput Mbps                             0.06          0.06      -0.00M
    p50 HoL ms                             5.0           3.2      -1.75
    p95 HoL ms                             8.8           8.8      +0.00
    p99 HoL ms                             9.8           9.8      +0.00

  flow ue5_qfi2:
    delivery ratio                       53.4%         55.6%      +2.2%
    retx ratio                            0.0%          5.5%      +5.5%
    loss ratio                           0.00%         0.00%      +0.0%
    tput Mbps                             8.67          9.03      +0.35M
    p50 HoL ms                            15.0          15.0      +0.00
    p95 HoL ms                            28.5          28.5      +0.00
    p99 HoL ms                            29.8          29.8      +0.00

  flow ue5_qfi82:
    delivery ratio                       97.9%         99.5%      +1.6%
    retx ratio                            0.0%         10.5%     +10.5%
    loss ratio                           0.00%         0.00%      +0.0%
    tput Mbps                             0.06          0.06      +0.00M
    p50 HoL ms                             5.0           2.5      -2.50
    p95 HoL ms                             8.8           7.2      -1.50
    p99 HoL ms                             9.8           9.2      -0.50

  flow ue6_qfi2:
    delivery ratio                       35.4%         35.6%      +0.2%
    retx ratio                            0.0%          3.1%      +3.1%
    loss ratio                           0.00%         0.00%      +0.0%
    tput Mbps                             5.74          5.78      +0.03M
    p50 HoL ms                            15.0          15.0      +0.00
    p95 HoL ms                            28.5          28.5      +0.00
    p99 HoL ms                            29.8          29.8      +0.00

  flow ue6_qfi82:
    delivery ratio                       99.9%         98.0%      -1.9%
    retx ratio                            0.0%         10.0%     +10.0%
    loss ratio                           0.00%         0.00%      +0.0%
    tput Mbps                             0.06          0.06      -0.00M
    p50 HoL ms                             5.0           2.0      -3.00
    p95 HoL ms                             8.8           6.8      -2.00
    p99 HoL ms                             9.8           9.0      -0.75

  flow ue7_qfi2:
    delivery ratio                       22.3%         21.9%      -0.4%
    retx ratio                            0.0%          2.0%      +2.0%
    loss ratio                           0.00%         0.00%      +0.0%
    tput Mbps                             3.62          3.55      -0.07M
    p50 HoL ms                            15.0          15.0      +0.00
    p95 HoL ms                            28.5          28.5      +0.00
    p99 HoL ms                            29.8          29.8      +0.00

  flow ue7_qfi82:
    delivery ratio                       97.9%         93.8%      -4.1%
    retx ratio                            0.0%         10.0%     +10.0%
    loss ratio                           0.00%         0.00%      +0.0%
    tput Mbps                             0.06          0.06      -0.00M
    p50 HoL ms                             5.0           3.5      -1.50
    p95 HoL ms                             8.8           8.5      -0.25
    p99 HoL ms                             9.8           9.5      -0.25

  flow ue8_qfi2:
    delivery ratio                        2.5%          2.6%      +0.1%
    retx ratio                            0.0%          0.3%      +0.3%
    loss ratio                           0.00%         0.00%      +0.0%
    tput Mbps                             0.19          0.19      +0.00M
    p50 HoL ms                            15.0          15.0      +0.00
    p95 HoL ms                            28.5          28.5      +0.00
    p99 HoL ms                            29.8          29.8      +0.00

  flow ue8_qfi82:
    delivery ratio                       99.9%         95.5%      -4.4%
    retx ratio                            0.0%         10.0%     +10.0%
    loss ratio                           0.00%         0.00%      +0.0%
    tput Mbps                             0.06          0.06      -0.00M
    p50 HoL ms                             5.0           2.8      -2.25
    p95 HoL ms                             8.8           7.8      -1.00
    p99 HoL ms                             9.8           9.2      -0.50

  flow ue8_qfi9:
    delivery ratio                       87.7%         82.3%      -5.3%
    retx ratio                            0.0%          7.6%      +7.6%
    loss ratio                           0.00%         0.00%      +0.0%
    tput Mbps                             8.76          8.23      -0.53M
    p50 HoL ms                            48.2          55.5      +7.25
    p95 HoL ms                           115.8         166.2     +50.50
    p99 HoL ms                           124.0         179.0     +55.00

  flow ue9_qfi2:
    delivery ratio                        2.2%          2.2%      +0.0%
    retx ratio                            0.0%          0.5%      +0.5%
    loss ratio                           0.00%         0.00%      +0.0%
    tput Mbps                             0.16          0.16      +0.00M
    p50 HoL ms                            15.0          15.0      +0.00
    p95 HoL ms                            28.5          28.5      +0.00
    p99 HoL ms                            29.8          29.8      +0.00

  flow ue9_qfi82:
    delivery ratio                       98.1%         89.5%      -8.6%
    retx ratio                            0.0%          9.5%      +9.5%
    loss ratio                           0.00%         0.00%      +0.0%
    tput Mbps                             0.06          0.06      -0.01M
    p50 HoL ms                             5.0           3.2      -1.75
    p95 HoL ms                             8.8           8.5      -0.25
    p99 HoL ms                             9.8           9.5      -0.25

  flow ue9_qfi9:
    delivery ratio                       61.0%         65.7%      +4.6%
    retx ratio                            0.0%          6.9%      +6.9%
    loss ratio                           0.00%         0.00%      +0.0%
    tput Mbps                             6.10          6.57      +0.48M
    p50 HoL ms                           202.8         186.8     -16.00
    p95 HoL ms                           299.8         299.8      +0.00
    p99 HoL ms                           300.0         300.0      +0.00

  [ProportionalFair]
                                     flat-BLER       HARQ/IR       delta
  --------------------------------------------------------------------
  DL PRB utilization                    62.5%        49.1%     -13.4%
  UL PRB utilization                   100.0%       100.2%  +    +0.2%

  flow ue10_qfi2:
    delivery ratio                        0.0%          0.0%      +0.0%
    retx ratio                            0.0%          0.0%      +0.0%
    loss ratio                           0.00%         0.00%      +0.0%
    tput Mbps                             0.00          0.00      +0.00M
    p50 HoL ms                            15.0          15.0      +0.00
    p95 HoL ms                            28.5          28.5      +0.00
    p99 HoL ms                            29.8          29.8      +0.00

  flow ue10_qfi8:
    delivery ratio                       19.5%         11.7%      -7.8%
    retx ratio                            0.0%          0.0%      +0.0%
    loss ratio                           0.00%         0.00%      +0.0%
    tput Mbps                             0.06          0.04      -0.02M
    p50 HoL ms                           299.8         299.8      +0.00
    p95 HoL ms                           300.0         300.0      +0.00
    p99 HoL ms                           300.0         300.0      +0.00

  flow ue10_qfi82:
    delivery ratio                      100.0%        100.0%      +0.0%
    retx ratio                            0.0%          8.0%      +8.0%
    loss ratio                           0.00%         0.00%      +0.0%
    tput Mbps                             0.06          0.06      +0.00M
    p50 HoL ms                             2.5           1.2      -1.25
    p95 HoL ms                             4.8           2.2      -2.50
    p99 HoL ms                             4.8           2.2      -2.50

  flow ue10_qfi9:
    delivery ratio                       99.9%         99.9%      +0.0%
    retx ratio                            0.0%         10.6%     +10.6%
    loss ratio                           0.00%         0.00%      +0.0%
    tput Mbps                            10.00         10.00      +0.00M
    p50 HoL ms                             0.5           0.5      +0.00
    p95 HoL ms                             1.0           1.8      +0.75
    p99 HoL ms                             1.0           2.0      +1.00

  flow ue1_qfi2:
    delivery ratio                       78.7%         80.2%      +1.5%
    retx ratio                            0.0%          8.8%      +8.8%
    loss ratio                           0.00%         0.00%      +0.0%
    tput Mbps                             7.69          7.83      +0.15M
    p50 HoL ms                            15.0          12.0      -3.00
    p95 HoL ms                            28.5          27.2      -1.25
    p99 HoL ms                            29.8          29.2      -0.50

  flow ue1_qfi82:
    delivery ratio                      100.0%        100.0%      +0.0%
    retx ratio                            0.0%          8.5%      +8.5%
    loss ratio                           0.00%         0.00%      +0.0%
    tput Mbps                             0.06          0.06      +0.00M
    p50 HoL ms                             2.5           1.2      -1.25
    p95 HoL ms                             4.8           2.2      -2.50
    p99 HoL ms                             4.8           2.2      -2.50

  flow ue2_qfi2:
    delivery ratio                       59.7%         73.7%     +14.0%
    retx ratio                            0.0%          7.5%      +7.5%
    loss ratio                           0.00%         0.00%      +0.0%
    tput Mbps                             5.83          7.20      +1.37M
    p50 HoL ms                            15.0          14.8      -0.25
    p95 HoL ms                            28.5          28.0      -0.50
    p99 HoL ms                            29.8          29.5      -0.25

  flow ue2_qfi82:
    delivery ratio                      100.0%        100.0%      +0.0%
    retx ratio                            0.0%         11.0%     +11.0%
    loss ratio                           0.00%         0.00%      +0.0%
    tput Mbps                             0.06          0.06      +0.00M
    p50 HoL ms                             2.5           1.2      -1.25
    p95 HoL ms                             4.8           2.2      -2.50
    p99 HoL ms                             4.8           2.2      -2.50

  flow ue3_qfi2:
    delivery ratio                       65.1%         77.6%     +12.4%
    retx ratio                            0.0%          5.7%      +5.7%
    loss ratio                           0.00%         0.00%      +0.0%
    tput Mbps                             6.36          7.58      +1.21M
    p50 HoL ms                            15.0          15.0      +0.00
    p95 HoL ms                            28.5          28.2      -0.25
    p99 HoL ms                            29.8          29.8      +0.00

  flow ue3_qfi82:
    delivery ratio                      100.0%        100.0%      +0.0%
    retx ratio                            0.0%          6.5%      +6.5%
    loss ratio                           0.00%         0.00%      +0.0%
    tput Mbps                             0.06          0.06      +0.00M
    p50 HoL ms                             2.5           1.2      -1.25
    p95 HoL ms                             4.8           2.2      -2.50
    p99 HoL ms                             4.8           2.2      -2.50

  flow ue4_qfi2:
    delivery ratio                       54.8%         55.8%      +0.9%
    retx ratio                            0.0%          5.7%      +5.7%
    loss ratio                           0.00%         0.00%      +0.0%
    tput Mbps                             5.36          5.45      +0.09M
    p50 HoL ms                            15.0          15.0      +0.00
    p95 HoL ms                            28.5          28.5      +0.00
    p99 HoL ms                            29.8          29.8      +0.00

  flow ue4_qfi82:
    delivery ratio                      100.0%        100.0%      +0.0%
    retx ratio                            0.0%         11.0%     +11.0%
    loss ratio                           0.00%         0.00%      +0.0%
    tput Mbps                             0.06          0.06      +0.00M
    p50 HoL ms                             2.5           1.2      -1.25
    p95 HoL ms                             4.8           2.2      -2.50
    p99 HoL ms                             4.8           2.2      -2.50

  flow ue5_qfi2:
    delivery ratio                       62.5%         55.7%      -6.8%
    retx ratio                            0.0%          5.8%      +5.8%
    loss ratio                           0.00%         0.00%      +0.0%
    tput Mbps                            10.16          9.05      -1.11M
    p50 HoL ms                            15.0          15.0      +0.00
    p95 HoL ms                            28.5          28.5      +0.00
    p99 HoL ms                            29.8          29.8      +0.00

  flow ue5_qfi82:
    delivery ratio                      100.0%        100.0%      +0.0%
    retx ratio                            0.0%          6.5%      +6.5%
    loss ratio                           0.00%         0.00%      +0.0%
    tput Mbps                             0.06          0.06      +0.00M
    p50 HoL ms                             2.5           1.2      -1.25
    p95 HoL ms                             4.8           2.2      -2.50
    p99 HoL ms                             4.8           2.2      -2.50

  flow ue6_qfi2:
    delivery ratio                       42.8%         45.8%      +2.9%
    retx ratio                            0.0%          4.0%      +4.0%
    loss ratio                           0.00%         0.00%      +0.0%
    tput Mbps                             6.96          7.43      +0.47M
    p50 HoL ms                            15.0          15.0      +0.00
    p95 HoL ms                            28.5          28.5      +0.00
    p99 HoL ms                            29.8          29.8      +0.00

  flow ue6_qfi82:
    delivery ratio                      100.0%        100.0%      +0.0%
    retx ratio                            0.0%         10.0%     +10.0%
    loss ratio                           0.00%         0.00%      +0.0%
    tput Mbps                             0.06          0.06      +0.00M
    p50 HoL ms                             2.5           1.2      -1.25
    p95 HoL ms                             4.8           2.2      -2.50
    p99 HoL ms                             4.8           2.2      -2.50

  flow ue7_qfi2:
    delivery ratio                       25.8%         22.3%      -3.6%
    retx ratio                            0.0%          2.6%      +2.6%
    loss ratio                           0.00%         0.00%      +0.0%
    tput Mbps                             4.20          3.62      -0.58M
    p50 HoL ms                            15.0          15.0      +0.00
    p95 HoL ms                            28.5          28.5      +0.00
    p99 HoL ms                            29.8          29.8      +0.00

  flow ue7_qfi82:
    delivery ratio                      100.0%        100.0%      +0.0%
    retx ratio                            0.0%          6.0%      +6.0%
    loss ratio                           0.00%         0.00%      +0.0%
    tput Mbps                             0.06          0.06      +0.00M
    p50 HoL ms                             2.5           1.2      -1.25
    p95 HoL ms                             4.8           2.2      -2.50
    p99 HoL ms                             4.8           2.2      -2.50

  flow ue8_qfi2:
    delivery ratio                        3.1%          3.2%      +0.1%
    retx ratio                            0.0%          0.0%      +0.0%
    loss ratio                           0.00%         0.00%      +0.0%
    tput Mbps                             0.23          0.24      +0.01M
    p50 HoL ms                            15.0          15.0      +0.00
    p95 HoL ms                            28.5          28.5      +0.00
    p99 HoL ms                            29.8          29.8      +0.00

  flow ue8_qfi82:
    delivery ratio                      100.0%        100.0%      +0.0%
    retx ratio                            0.0%          8.5%      +8.5%
    loss ratio                           0.00%         0.00%      +0.0%
    tput Mbps                             0.06          0.06      +0.00M
    p50 HoL ms                             2.5           1.2      -1.25
    p95 HoL ms                             4.8           2.2      -2.50
    p99 HoL ms                             4.8           2.2      -2.50

  flow ue8_qfi9:
    delivery ratio                       85.7%         85.4%      -0.3%
    retx ratio                            0.0%         11.1%     +11.1%
    loss ratio                           0.00%         0.00%      +0.0%
    tput Mbps                             8.56          8.53      -0.04M
    p50 HoL ms                            51.5          57.5      +6.00
    p95 HoL ms                           137.0         137.5      +0.50
    p99 HoL ms                           145.5         147.5      +2.00

  flow ue9_qfi2:
    delivery ratio                        2.2%          2.6%      +0.3%
    retx ratio                            0.0%          0.3%      +0.3%
    loss ratio                           0.00%         0.00%      +0.0%
    tput Mbps                             0.17          0.19      +0.02M
    p50 HoL ms                            15.0          15.0      +0.00
    p95 HoL ms                            28.5          28.5      +0.00
    p99 HoL ms                            29.8          29.8      +0.00

  flow ue9_qfi82:
    delivery ratio                      100.0%        100.0%      +0.0%
    retx ratio                            0.0%         12.0%     +12.0%
    loss ratio                           0.00%         0.00%      +0.0%
    tput Mbps                             0.06          0.06      +0.00M
    p50 HoL ms                             2.5           1.2      -1.25
    p95 HoL ms                             4.8           2.2      -2.50
    p99 HoL ms                             4.8           2.2      -2.50

  flow ue9_qfi9:
    delivery ratio                       59.3%         59.9%      +0.5%
    retx ratio                            0.0%          8.2%      +8.2%
    loss ratio                           0.00%         0.00%      +0.0%
    tput Mbps                             5.93          5.99      +0.06M
    p50 HoL ms                           209.2         223.0     +13.75
    p95 HoL ms                           300.0         299.8      -0.25
    p99 HoL ms                           300.0         300.0      +0.00

  [Gradient]
                                     flat-BLER       HARQ/IR       delta
  --------------------------------------------------------------------
  DL PRB utilization                    73.9%        46.2%     -27.7%
  UL PRB utilization                   100.0%       100.4%  +    +0.4%

  flow ue10_qfi2:
    delivery ratio                        0.0%          0.0%      +0.0%
    retx ratio                            0.0%          0.0%      +0.0%
    loss ratio                           0.00%         0.00%      +0.0%
    tput Mbps                             0.00          0.00      +0.00M
    p50 HoL ms                            15.0          15.0      +0.00
    p95 HoL ms                            28.5          28.5      +0.00
    p99 HoL ms                            29.8          29.8      +0.00

  flow ue10_qfi8:
    delivery ratio                        0.0%         39.4%     +39.4%
    retx ratio                            0.0%          0.0%      +0.0%
    loss ratio                           0.00%         0.00%      +0.0%
    tput Mbps                             0.00          0.12      +0.12M
    p50 HoL ms                           299.8         277.0     -22.75
    p95 HoL ms                           300.0         300.0      +0.00
    p99 HoL ms                           300.0         300.0      +0.00

  flow ue10_qfi82:
    delivery ratio                      100.0%        100.0%      +0.0%
    retx ratio                            0.0%         14.0%     +14.0%
    loss ratio                           0.00%         0.00%      +0.0%
    tput Mbps                             0.06          0.06      +0.00M
    p50 HoL ms                             2.5           1.2      -1.25
    p95 HoL ms                             4.8           2.2      -2.50
    p99 HoL ms                             4.8           2.2      -2.50

  flow ue10_qfi9:
    delivery ratio                       99.9%         99.9%      -0.0%
    retx ratio                            0.0%         10.3%     +10.3%
    loss ratio                           0.00%         0.00%      +0.0%
    tput Mbps                            10.01          9.99      -0.01M
    p50 HoL ms                             0.5           0.5      +0.00
    p95 HoL ms                             0.8           1.8      +1.00
    p99 HoL ms                             1.0           2.2      +1.25

  flow ue1_qfi2:
    delivery ratio                       66.5%         74.3%      +7.7%
    retx ratio                            0.0%          8.2%      +8.2%
    loss ratio                           0.00%         0.00%      +0.0%
    tput Mbps                             6.50          7.25      +0.76M
    p50 HoL ms                            15.0          15.0      +0.00
    p95 HoL ms                            28.5          28.5      +0.00
    p99 HoL ms                            29.8          29.8      +0.00

  flow ue1_qfi82:
    delivery ratio                      100.0%        100.0%      +0.0%
    retx ratio                            0.0%         10.5%     +10.5%
    loss ratio                           0.00%         0.00%      +0.0%
    tput Mbps                             0.06          0.06      +0.00M
    p50 HoL ms                             2.5           1.2      -1.25
    p95 HoL ms                             4.8           2.2      -2.50
    p99 HoL ms                             4.8           2.2      -2.50

  flow ue2_qfi2:
    delivery ratio                       58.6%         64.1%      +5.5%
    retx ratio                            0.0%          5.0%      +5.0%
    loss ratio                           0.00%         0.00%      +0.0%
    tput Mbps                             5.72          6.26      +0.54M
    p50 HoL ms                            15.0          15.0      +0.00
    p95 HoL ms                            28.5          28.5      +0.00
    p99 HoL ms                            29.8          29.8      +0.00

  flow ue2_qfi82:
    delivery ratio                      100.0%        100.0%      +0.0%
    retx ratio                            0.0%          7.5%      +7.5%
    loss ratio                           0.00%         0.00%      +0.0%
    tput Mbps                             0.06          0.06      +0.00M
    p50 HoL ms                             2.5           1.2      -1.25
    p95 HoL ms                             4.8           2.2      -2.50
    p99 HoL ms                             4.8           2.2      -2.50

  flow ue3_qfi2:
    delivery ratio                       60.6%         65.4%      +4.8%
    retx ratio                            0.0%          4.8%      +4.8%
    loss ratio                           0.00%         0.00%      +0.0%
    tput Mbps                             5.92          6.39      +0.47M
    p50 HoL ms                            15.0          15.0      +0.00
    p95 HoL ms                            28.5          28.5      +0.00
    p99 HoL ms                            29.8          29.8      +0.00

  flow ue3_qfi82:
    delivery ratio                      100.0%        100.0%      +0.0%
    retx ratio                            0.0%         10.5%     +10.5%
    loss ratio                           0.00%         0.00%      +0.0%
    tput Mbps                             0.06          0.06      +0.00M
    p50 HoL ms                             2.5           1.2      -1.25
    p95 HoL ms                             4.8           2.2      -2.50
    p99 HoL ms                             4.8           2.2      -2.50

  flow ue4_qfi2:
    delivery ratio                       56.1%         58.4%      +2.3%
    retx ratio                            0.0%          6.5%      +6.5%
    loss ratio                           0.00%         0.00%      +0.0%
    tput Mbps                             5.48          5.70      +0.23M
    p50 HoL ms                            15.0          15.0      +0.00
    p95 HoL ms                            28.5          28.5      +0.00
    p99 HoL ms                            29.8          29.8      +0.00

  flow ue4_qfi82:
    delivery ratio                      100.0%        100.0%      +0.0%
    retx ratio                            0.0%          7.5%      +7.5%
    loss ratio                           0.00%         0.00%      +0.0%
    tput Mbps                             0.06          0.06      +0.00M
    p50 HoL ms                             2.5           1.2      -1.25
    p95 HoL ms                             4.8           2.2      -2.50
    p99 HoL ms                             4.8           2.2      -2.50

  flow ue5_qfi2:
    delivery ratio                       61.6%         58.0%      -3.6%
    retx ratio                            0.0%          4.4%      +4.4%
    loss ratio                           0.00%         0.00%      +0.0%
    tput Mbps                            10.00          9.42      -0.59M
    p50 HoL ms                            15.0          15.0      +0.00
    p95 HoL ms                            28.5          28.5      +0.00
    p99 HoL ms                            29.8          29.8      +0.00

  flow ue5_qfi82:
    delivery ratio                      100.0%        100.0%      +0.0%
    retx ratio                            0.0%          8.0%      +8.0%
    loss ratio                           0.00%         0.00%      +0.0%
    tput Mbps                             0.06          0.06      +0.00M
    p50 HoL ms                             2.5           1.2      -1.25
    p95 HoL ms                             4.8           2.2      -2.50
    p99 HoL ms                             4.8           2.2      -2.50

  flow ue6_qfi2:
    delivery ratio                       51.1%         49.3%      -1.8%
    retx ratio                            0.0%          4.1%      +4.1%
    loss ratio                           0.00%         0.00%      +0.0%
    tput Mbps                             8.30          8.01      -0.28M
    p50 HoL ms                            15.0          15.0      +0.00
    p95 HoL ms                            28.5          28.5      +0.00
    p99 HoL ms                            29.8          29.8      +0.00

  flow ue6_qfi82:
    delivery ratio                      100.0%        100.0%      +0.0%
    retx ratio                            0.0%         14.0%     +14.0%
    loss ratio                           0.00%         0.00%      +0.0%
    tput Mbps                             0.06          0.06      +0.00M
    p50 HoL ms                             2.5           1.2      -1.25
    p95 HoL ms                             4.8           2.2      -2.50
    p99 HoL ms                             4.8           2.2      -2.50

  flow ue7_qfi2:
    delivery ratio                       38.2%         35.0%      -3.2%
    retx ratio                            0.0%          3.3%      +3.3%
    loss ratio                           0.00%         0.00%      +0.0%
    tput Mbps                             6.20          5.69      -0.52M
    p50 HoL ms                            15.0          15.0      +0.00
    p95 HoL ms                            28.5          28.5      +0.00
    p99 HoL ms                            29.8          29.8      +0.00

  flow ue7_qfi82:
    delivery ratio                      100.0%        100.0%      +0.0%
    retx ratio                            0.0%          9.0%      +9.0%
    loss ratio                           0.00%         0.00%      +0.0%
    tput Mbps                             0.06          0.06      +0.00M
    p50 HoL ms                             2.5           1.2      -1.25
    p95 HoL ms                             4.8           2.2      -2.50
    p99 HoL ms                             4.8           2.2      -2.50

  flow ue8_qfi2:
    delivery ratio                        2.8%          2.8%      +0.1%
    retx ratio                            0.0%          0.0%      +0.0%
    loss ratio                           0.00%         0.00%      +0.0%
    tput Mbps                             0.20          0.21      +0.01M
    p50 HoL ms                            15.0          15.0      +0.00
    p95 HoL ms                            28.5          28.5      +0.00
    p99 HoL ms                            29.8          29.8      +0.00

  flow ue8_qfi82:
    delivery ratio                      100.0%        100.0%      +0.0%
    retx ratio                            0.0%         11.0%     +11.0%
    loss ratio                           0.00%         0.00%      +0.0%
    tput Mbps                             0.06          0.06      +0.00M
    p50 HoL ms                             2.5           1.2      -1.25
    p95 HoL ms                             4.8           2.2      -2.50
    p99 HoL ms                             4.8           2.2      -2.50

  flow ue8_qfi9:
    delivery ratio                       61.4%         62.7%      +1.3%
    retx ratio                            0.0%          7.3%      +7.3%
    loss ratio                           0.00%         0.00%      +0.0%
    tput Mbps                             6.14          6.27      +0.13M
    p50 HoL ms                           188.0         190.0      +2.00
    p95 HoL ms                           299.8         299.8      +0.00
    p99 HoL ms                           300.0         300.0      +0.00

  flow ue9_qfi2:
    delivery ratio                        2.2%          2.4%      +0.3%
    retx ratio                            0.0%          0.2%      +0.2%
    loss ratio                           0.00%         0.00%      +0.0%
    tput Mbps                             0.16          0.18      +0.02M
    p50 HoL ms                            15.0          15.0      +0.00
    p95 HoL ms                            28.5          28.5      +0.00
    p99 HoL ms                            29.8          29.8      +0.00

  flow ue9_qfi82:
    delivery ratio                      100.0%        100.0%      +0.0%
    retx ratio                            0.0%          7.5%      +7.5%
    loss ratio                           0.00%         0.00%      +0.0%
    tput Mbps                             0.06          0.06      +0.00M
    p50 HoL ms                             2.5           1.2      -1.25
    p95 HoL ms                             4.8           2.2      -2.50
    p99 HoL ms                             4.8           2.2      -2.50

  flow ue9_qfi9:
    delivery ratio                       48.2%         48.4%      +0.1%
    retx ratio                            0.0%          6.2%      +6.2%
    loss ratio                           0.00%         0.00%      +0.0%
    tput Mbps                             4.82          4.84      +0.02M
    p50 HoL ms                           263.2         252.5     -10.75
    p95 HoL ms                           300.0         300.0      +0.00
    p99 HoL ms                           300.0         300.0      +0.00

  [TwoTier]
                                     flat-BLER       HARQ/IR       delta
  --------------------------------------------------------------------
  DL PRB utilization                    78.8%        57.0%     -21.8%
  UL PRB utilization                   100.0%       100.3%  +    +0.3%

  flow ue10_qfi2:
    delivery ratio                       75.5%         55.6%     -19.9%
    retx ratio                            0.0%          6.9%      +6.9%
    loss ratio                           0.00%         0.00%      +0.0%
    tput Mbps                             5.59          4.12      -1.47M
    p50 HoL ms                            15.0          14.8      -0.25
    p95 HoL ms                            28.5          28.0      -0.50
    p99 HoL ms                            29.8          29.5      -0.25

  flow ue10_qfi8:
    delivery ratio                       64.4%         28.9%     -35.5%
    retx ratio                            0.0%          7.0%      +7.0%
    loss ratio                           0.00%         0.00%      +0.0%
    tput Mbps                             0.19          0.09      -0.11M
    p50 HoL ms                            94.5         299.8    +205.25
    p95 HoL ms                           299.8         300.0      +0.25
    p99 HoL ms                           300.0         300.0      +0.00

  flow ue10_qfi82:
    delivery ratio                      100.0%        100.0%      +0.0%
    retx ratio                            0.0%         14.5%     +14.5%
    loss ratio                           0.00%         0.00%      +0.0%
    tput Mbps                             0.06          0.06      +0.00M
    p50 HoL ms                             2.5           1.2      -1.25
    p95 HoL ms                             4.8           2.2      -2.50
    p99 HoL ms                             4.8           2.2      -2.50

  flow ue10_qfi9:
    delivery ratio                       99.9%         99.8%      -0.1%
    retx ratio                            0.0%         10.0%     +10.0%
    loss ratio                           0.00%         0.00%      +0.0%
    tput Mbps                            10.01          9.99      -0.01M
    p50 HoL ms                             0.5           0.5      +0.00
    p95 HoL ms                             0.8           1.8      +1.00
    p99 HoL ms                             0.8           2.0      +1.25

  flow ue1_qfi2:
    delivery ratio                       76.3%         77.5%      +1.2%
    retx ratio                            0.0%          6.2%      +6.2%
    loss ratio                           0.00%         0.00%      +0.0%
    tput Mbps                             7.45          7.57      +0.11M
    p50 HoL ms                            15.0          12.5      -2.50
    p95 HoL ms                            28.5          27.5      -1.00
    p99 HoL ms                            29.8          29.5      -0.25

  flow ue1_qfi82:
    delivery ratio                      100.0%        100.0%      +0.0%
    retx ratio                            0.0%         11.5%     +11.5%
    loss ratio                           0.00%         0.00%      +0.0%
    tput Mbps                             0.06          0.06      +0.00M
    p50 HoL ms                             2.5           1.2      -1.25
    p95 HoL ms                             4.8           2.2      -2.50
    p99 HoL ms                             4.8           2.2      -2.50

  flow ue2_qfi2:
    delivery ratio                       60.4%         64.7%      +4.3%
    retx ratio                            0.0%          6.5%      +6.5%
    loss ratio                           0.00%         0.00%      +0.0%
    tput Mbps                             5.90          6.32      +0.42M
    p50 HoL ms                            15.0          14.5      -0.50
    p95 HoL ms                            28.5          28.2      -0.25
    p99 HoL ms                            29.8          29.8      +0.00

  flow ue2_qfi82:
    delivery ratio                      100.0%        100.0%      +0.0%
    retx ratio                            0.0%         12.0%     +12.0%
    loss ratio                           0.00%         0.00%      +0.0%
    tput Mbps                             0.06          0.06      +0.00M
    p50 HoL ms                             2.5           1.2      -1.25
    p95 HoL ms                             4.8           2.2      -2.50
    p99 HoL ms                             4.8           2.2      -2.50

  flow ue3_qfi2:
    delivery ratio                       60.4%         67.6%      +7.2%
    retx ratio                            0.0%          7.2%      +7.2%
    loss ratio                           0.00%         0.00%      +0.0%
    tput Mbps                             5.90          6.60      +0.71M
    p50 HoL ms                            15.0          14.5      -0.50
    p95 HoL ms                            28.5          28.0      -0.50
    p99 HoL ms                            29.8          29.5      -0.25

  flow ue3_qfi82:
    delivery ratio                      100.0%        100.0%      +0.0%
    retx ratio                            0.0%          7.0%      +7.0%
    loss ratio                           0.00%         0.00%      +0.0%
    tput Mbps                             0.06          0.06      +0.00M
    p50 HoL ms                             2.5           1.2      -1.25
    p95 HoL ms                             4.8           2.2      -2.50
    p99 HoL ms                             4.8           2.2      -2.50

  flow ue4_qfi2:
    delivery ratio                        0.2%          1.3%      +1.1%
    retx ratio                            0.0%          0.0%      +0.0%
    loss ratio                           0.00%         0.00%      +0.0%
    tput Mbps                             0.02          0.12      +0.11M
    p50 HoL ms                            15.0          15.0      +0.00
    p95 HoL ms                            28.5          28.5      +0.00
    p99 HoL ms                            29.8          29.8      +0.00

  flow ue4_qfi82:
    delivery ratio                      100.0%        100.0%      +0.0%
    retx ratio                            0.0%          9.9%      +9.9%
    loss ratio                           0.00%         0.00%      +0.0%
    tput Mbps                             0.06          0.06      +0.00M
    p50 HoL ms                             2.5           1.2      -1.25
    p95 HoL ms                             4.8           2.2      -2.50
    p99 HoL ms                             4.8           2.2      -2.50

  flow ue5_qfi2:
    delivery ratio                       81.9%         82.8%      +0.9%
    retx ratio                            0.0%          8.8%      +8.8%
    loss ratio                           0.00%         0.00%      +0.0%
    tput Mbps                            13.30         13.45      +0.15M
    p50 HoL ms                            15.0          12.5      -2.50
    p95 HoL ms                            28.5          26.0      -2.50
    p99 HoL ms                            29.8          29.0      -0.75

  flow ue5_qfi82:
    delivery ratio                      100.0%        100.0%      +0.0%
    retx ratio                            0.0%          9.5%      +9.5%
    loss ratio                           0.00%         0.00%      +0.0%
    tput Mbps                             0.06          0.06      +0.00M
    p50 HoL ms                             2.5           1.2      -1.25
    p95 HoL ms                             4.8           2.2      -2.50
    p99 HoL ms                             4.8           2.2      -2.50

  flow ue6_qfi2:
    delivery ratio                       79.4%         80.9%      +1.5%
    retx ratio                            0.0%          9.1%      +9.1%
    loss ratio                           0.00%         0.00%      +0.0%
    tput Mbps                            12.89         13.14      +0.25M
    p50 HoL ms                            15.0          14.5      -0.50
    p95 HoL ms                            28.5          27.8      -0.75
    p99 HoL ms                            29.8          29.5      -0.25

  flow ue6_qfi82:
    delivery ratio                      100.0%        100.0%      +0.0%
    retx ratio                            0.0%         10.0%     +10.0%
    loss ratio                           0.00%         0.00%      +0.0%
    tput Mbps                             0.06          0.06      +0.00M
    p50 HoL ms                             2.5           1.2      -1.25
    p95 HoL ms                             4.8           2.2      -2.50
    p99 HoL ms                             4.8           2.2      -2.50

  flow ue7_qfi2:
    delivery ratio                        0.1%          0.2%      +0.1%
    retx ratio                            0.0%          0.0%      +0.0%
    loss ratio                           0.00%         0.00%      +0.0%
    tput Mbps                             0.01          0.03      +0.02M
    p50 HoL ms                            15.0          15.0      +0.00
    p95 HoL ms                            28.5          28.5      +0.00
    p99 HoL ms                            29.8          29.8      +0.00

  flow ue7_qfi82:
    delivery ratio                      100.0%        100.0%      +0.0%
    retx ratio                            0.0%         10.3%     +10.3%
    loss ratio                           0.00%         0.00%      +0.0%
    tput Mbps                             0.06          0.06      +0.00M
    p50 HoL ms                             2.5           1.2      -1.25
    p95 HoL ms                             4.8           2.2      -2.50
    p99 HoL ms                             4.8           2.2      -2.50

  flow ue8_qfi2:
    delivery ratio                       75.6%         77.3%      +1.7%
    retx ratio                            0.0%          7.1%      +7.1%
    loss ratio                           0.00%         0.00%      +0.0%
    tput Mbps                             5.60          5.72      +0.12M
    p50 HoL ms                            15.0          13.8      -1.25
    p95 HoL ms                            28.5          27.2      -1.25
    p99 HoL ms                            29.8          29.5      -0.25

  flow ue8_qfi82:
    delivery ratio                      100.0%        100.0%      +0.0%
    retx ratio                            0.0%          6.5%      +6.5%
    loss ratio                           0.00%         0.00%      +0.0%
    tput Mbps                             0.06          0.06      +0.00M
    p50 HoL ms                             2.5           1.2      -1.25
    p95 HoL ms                             4.8           2.2      -2.50
    p99 HoL ms                             4.8           2.2      -2.50

  flow ue8_qfi9:
    delivery ratio                       69.6%         60.8%      -8.8%
    retx ratio                            0.0%          4.5%      +4.5%
    loss ratio                           0.00%         0.00%      +0.0%
    tput Mbps                             6.96          6.08      -0.88M
    p50 HoL ms                           149.8         211.5     +61.75
    p95 HoL ms                           287.8         299.8     +12.00
    p99 HoL ms                           299.8         300.0      +0.25

  flow ue9_qfi2:
    delivery ratio                       44.3%         50.5%      +6.2%
    retx ratio                            0.0%          6.5%      +6.5%
    loss ratio                           0.00%         0.00%      +0.0%
    tput Mbps                             3.28          3.74      +0.46M
    p50 HoL ms                            15.0          15.0      +0.00
    p95 HoL ms                            28.5          28.5      +0.00
    p99 HoL ms                            29.8          29.8      +0.00

  flow ue9_qfi82:
    delivery ratio                      100.0%        100.0%      +0.0%
    retx ratio                            0.0%          5.4%      +5.4%
    loss ratio                           0.00%         0.00%      +0.0%
    tput Mbps                             0.06          0.06      +0.00M
    p50 HoL ms                             2.5           1.2      -1.25
    p95 HoL ms                             4.8           2.2      -2.50
    p99 HoL ms                             4.8           2.2      -2.50

  flow ue9_qfi9:
    delivery ratio                        0.3%          0.8%      +0.4%
    retx ratio                            0.0%          0.0%      +0.0%
    loss ratio                           0.00%         0.00%      +0.0%
    tput Mbps                             0.03          0.08      +0.04M
    p50 HoL ms                           299.8         299.8      +0.00
    p95 HoL ms                           300.0         300.0      +0.00
    p99 HoL ms                           300.0         300.0      +0.00

================================================================================
HARQ parameters: max_retx=3, mode=IR, harq_rtt=8 slots, ewma_alpha=0.1
================================================================================

