M01.flow,M01.p50,M01.p95,M01.p98,M01.p99,M01.population,M01.prot.flow,M01.prot.p50,M01.prot.p95,M01.prot.p98,M01.prot.p99,M01.status,M02,M02.population,M02.prot,M02.status,M03.configured_period_ms,M03.flow,M03.gap_count_over_t_live,M03.gap_count_over_t_live_over_2,M03.gap_count_over_t_live_over_4,M03.max_gap_ms,M03.median_gap_ms,M03.population,M03.prot.configured_period_ms,M03.prot.flow,M03.prot.gap_count_over_t_live,M03.prot.gap_count_over_t_live_over_2,M03.prot.gap_count_over_t_live_over_4,M03.prot.max_gap_ms,M03.prot.median_gap_ms,M03.prot.role,M03.prot.t_live_s,M03.role,M03.status,M03.t_live_s,M04.exceeds_threshold,M04.flow,M04.population,M04.prot.exceeds_threshold,M04.prot.flow,M04.prot.threshold_n,M04.prot.worst_consecutive_miss_slots,M04.status,M04.threshold_n,M04.worst_consecutive_miss_slots,M05.flow,M05.fraction,M05.frame_count,M05.pdb_ms,M05.population,M05.prot.flow,M05.prot.fraction,M05.prot.frame_count,M05.prot.pdb_ms,M05.status,M06.flow,M06.p95_ms,M06.population,M06.prot.flow,M06.prot.p95_ms,M06.status,M07.met,M07.population,M07.prot.met,M07.prot.total,M07.status,M07.total,M08.flow,M08.fraction,M08.population,M08.prot.flow,M08.prot.fraction,M08.status,M09.mean,M09.population,M09.prot.mean,M09.prot.windows,M09.prot.worst,M09.status,M09.windows,M09.worst,M10,M10.status,M11.dl,M11.status,M11.ul,M12,M12.status,M14.flow,M14.fraction,M14.interval_count,M14.pdb_ms,M14.population,M14.prot.flow,M14.prot.fraction,M14.prot.interval_count,M14.prot.pdb_ms,M14.prot.role,M14.prot.survival_time_ms,M14.role,M14.status,M14.survival_time_ms,M15.flow,M15.jitter_ms,M15.population,M15.prot.flow,M15.prot.jitter_ms,M15.status,M17.effective_fps,M17.flow,M17.freeze_count,M17.freeze_max_duration_ms,M17.freeze_total_duration_ms,M17.population,M17.prot.effective_fps,M17.prot.flow,M17.prot.freeze_count,M17.prot.freeze_max_duration_ms,M17.prot.freeze_total_duration_ms,M17.prot.source_fps,M17.prot.xr_frame_period_ms,M17.source_fps,M17.status,M17.xr_frame_period_ms,M18,M18.population,M18.prot,M18.status,M19,M19.population,M19.prot,M19.status,M20.configured_period_ms,M20.excluded_5qi,M20.flow,M20.gap_count_over_t_live,M20.gap_count_over_t_live_over_2,M20.gap_count_over_t_live_over_4,M20.max_gap_ms,M20.median_gap_ms,M20.role,M20.status,M20.t_live_s,M21,M21.population,M21.prot,M21.status,M22.epochs,M22.flows_scored,M22.longest_epoch_s,M22.min_epoch_s,M22.population,M22.prot.epochs,M22.prot.flows_scored,M22.prot.longest_epoch_s,M22.prot.min_epoch_s,M22.prot.worst_flow,M22.status,M22.worst_flow,bg,scheduler,seed
ue8_qfi9,298.0,300.0,300.25,300.25,all_flows,ue6_qfi1,3.5,20.25,41.0,41.0,ok,0.27686579562656505,all_flows,0.0,ok,100.0,ue6_qfi1,0,0,0,136.49999999999994,99.49999999999991,all_flows,100.0,ue6_qfi1,0,0,0,136.49999999999994,99.49999999999991,data,2.0,data,ok,2.0,False,,all_flows,False,,3,0,proxy,3,0,ue1_qfi2,1.0,152,150.0,all_flows,ue1_qfi2,1.0,152,150.0,ok,ue8_qfi2,25.694,all_flows,ue8_qfi2,25.694,ok,8,all_flows,8,8,ok,8,ue2_qfi2,0.9578576,all_flows,ue2_qfi2,0.9578576,ok,0.9543024085615089,all_flows,0.9999386858534555,5,0.9999045409147718,proxy,5,0.9512408963531349,67414070.4,ok,0.004706818181818182,ok,0.9305852272727273,0.0377140625,ok,ue4_qfi1,0.5306122448979592,49,100.0,all_flows,ue4_qfi1,0.5306122448979592,49,100.0,data,0.0,data,ok,0.0,ue6_qfi1,37.5,all_flows,ue6_qfi1,37.5,ok,30.4,ue1_qfi2,0,0.0,0.0,all_flows,30.4,ue1_qfi2,0,0.0,0.0,30.303,33.0,30.303,ok,33.0,,all_flows,,pending,,all_flows,,pending,100.0,"[8, 9]",ue6_qfi1,0,0,0,136.49999999999994,99.49999999999991,data,ok,2.0,,all_flows,,pending,0,32,0.0,1.0,all_flows,0,24,0.0,1.0,,ok,,False,PF,1826701614
ue8_qfi9,298.25,300.0,300.25,300.25,all_flows,ue8_qfi1,5.75,17.0,32.25,32.25,ok,0.2988019244354774,all_flows,0.0,ok,100.0,ue3_qfi1,0,0,0,124.49999999999983,100.00000000000009,all_flows,100.0,ue3_qfi1,0,0,0,124.49999999999983,100.00000000000009,data,2.0,data,ok,2.0,False,,all_flows,False,,3,0,proxy,3,0,ue2_qfi2,0.993421052631579,152,150.0,all_flows,ue2_qfi2,0.993421052631579,152,150.0,ok,ue8_qfi2,23.033,all_flows,ue8_qfi2,23.033,ok,8,all_flows,8,8,ok,8,ue2_qfi2,0.9569772,all_flows,ue2_qfi2,0.9569772,ok,0.9514627229538013,all_flows,0.9999130998784385,5,0.9998799580135991,proxy,5,0.9490397521732957,66288822.4,ok,0.004277272727272728,ok,0.9315931818181818,0.118921875,ok,ue3_qfi1,0.46938775510204084,49,100.0,all_flows,ue3_qfi1,0.46938775510204084,49,100.0,data,0.0,data,ok,0.0,ue8_qfi1,26.5,all_flows,ue8_qfi1,26.5,ok,30.2,ue8_qfi2,1,72.5,72.5,all_flows,30.2,ue8_qfi2,1,72.5,72.5,30.303,33.0,30.303,ok,33.0,,all_flows,,pending,,all_flows,,pending,100.0,"[8, 9]",ue3_qfi1,0,0,0,124.49999999999983,100.00000000000009,data,ok,2.0,,all_flows,,pending,0,32,0.0,1.0,all_flows,0,24,0.0,1.0,,ok,,False,Reservation,1826701614
ue8_qfi9,297.5,300.0,300.25,300.25,all_flows,ue8_qfi2,15.011,66.028,91.479,110.696,ok,0.268189025677629,all_flows,0.0004960601279788003,ok,100.0,ue8_qfi1,0,0,0,344.75000000000034,99.50000000000014,all_flows,100.0,ue8_qfi1,0,0,0,344.75000000000034,99.50000000000014,data,2.0,data,ok,2.0,False,,all_flows,False,,3,0,proxy,3,0,ue1_qfi2,1.0,152,150.0,all_flows,ue1_qfi2,1.0,152,150.0,ok,ue4_qfi2,92.666,all_flows,ue4_qfi2,92.666,ok,7,all_flows,7,8,ok,8,ue2_qfi2,0.9479744,all_flows,ue2_qfi2,0.9479744,ok,0.912510809502656,all_flows,0.9813023358029778,5,0.939805376488437,proxy,5,0.8640768009252999,67888468.8,ok,0.0047,ok,0.9306613636363636,0.0359265625,ok,ue3_qfi1,0.46938775510204084,49,100.0,all_flows,ue3_qfi1,0.46938775510204084,49,100.0,data,0.0,data,ok,0.0,ue7_qfi2,99.529,all_flows,ue7_qfi2,99.529,ok,30.0,ue4_qfi2,6,95.0,515.75,all_flows,30.0,ue4_qfi2,6,95.0,515.75,30.303,33.0,30.303,ok,33.0,,all_flows,,pending,,all_flows,,pending,100.0,"[8, 9]",ue8_qfi1,0,0,0,344.75000000000034,99.50000000000014,data,ok,2.0,,all_flows,,pending,2,32,1.6725,1.0,all_flows,1,24,1.0915,1.0,ue4_qfi1,ok,ue4_qfi9,False,TwoTier,1826701614
ue8_qfi9,297.5,299.75,300.0,300.25,all_flows,ue5_qfi1,6.75,15.5,45.25,45.25,ok,0.26603060152368824,all_flows,0.0,ok,100.0,ue5_qfi1,0,0,0,140.74999999999972,99.74999999999979,all_flows,100.0,ue5_qfi1,0,0,0,140.74999999999972,99.74999999999979,data,2.0,data,ok,2.0,False,,all_flows,False,,3,0,proxy,3,0,ue1_qfi2,1.0,152,150.0,all_flows,ue1_qfi2,1.0,152,150.0,ok,ue6_qfi2,25.126,all_flows,ue6_qfi2,25.126,ok,8,all_flows,8,8,ok,8,ue3_qfi2,0.959342,all_flows,ue3_qfi2,0.959342,ok,0.9565440881646593,all_flows,0.9999643892351017,5,0.9999322138858169,proxy,5,0.9451915468659646,68422590.4,ok,0.004922727272727273,ok,0.9315931818181818,0.034859375,ok,ue3_qfi1,0.46938775510204084,49,100.0,all_flows,ue3_qfi1,0.46938775510204084,49,100.0,data,0.0,data,ok,0.0,ue5_qfi1,38.5,all_flows,ue5_qfi1,38.5,ok,30.4,ue1_qfi2,0,0.0,0.0,all_flows,30.4,ue1_qfi2,0,0.0,0.0,30.303,33.0,30.303,ok,33.0,,all_flows,,pending,,all_flows,,pending,100.0,"[8, 9]",ue5_qfi1,0,0,0,140.74999999999972,99.74999999999979,data,ok,2.0,,all_flows,,pending,0,32,0.0,1.0,all_flows,0,24,0.0,1.0,,ok,,False,PF,1367864806
ue8_qfi9,297.5,300.0,300.25,300.25,all_flows,ue8_qfi1,6.0,18.25,39.25,39.25,ok,0.28524553588117585,all_flows,0.0,ok,100.0,ue3_qfi1,0,0,0,126.75000000000037,100.00000000000009,all_flows,100.0,ue3_qfi1,0,0,0,126.75000000000037,100.00000000000009,data,2.0,data,ok,2.0,False,,all_flows,False,,3,0,proxy,3,0,ue1_qfi2,1.0,152,150.0,all_flows,ue1_qfi2,1.0,152,150.0,ok,ue6_qfi2,24.148,all_flows,ue6_qfi2,24.148,ok,8,all_flows,8,8,ok,8,ue3_qfi2,0.9558675999999999,all_flows,ue3_qfi2,0.9558675999999999,ok,0.9546822615718689,all_flows,0.9998982449989026,5,0.9998284597913002,proxy,5,0.9433153034704176,67508340.8,ok,0.004179545454545455,ok,0.9341704545454546,0.109434375,ok,ue2_qfi1,0.46938775510204084,49,100.0,all_flows,ue2_qfi1,0.46938775510204084,49,100.0,data,0.0,data,ok,0.0,ue8_qfi1,33.25,all_flows,ue8_qfi1,33.25,ok,30.4,ue1_qfi2,0,0.0,0.0,all_flows,30.4,ue1_qfi2,0,0.0,0.0,30.303,33.0,30.303,ok,33.0,,all_flows,,pending,,all_flows,,pending,100.0,"[8, 9]",ue3_qfi1,0,0,0,126.75000000000037,100.00000000000009,data,ok,2.0,,all_flows,,pending,0,32,0.0,1.0,all_flows,0,24,0.0,1.0,,ok,,False,Reservation,1367864806
ue7_qfi9,295.75,299.75,300.0,300.25,all_flows,ue6_qfi2,41.911,92.311,119.281,133.232,ok,0.28119294151658186,all_flows,0.08170824649529855,ok,,ue6_qfi9,0,0,1,528.2499999999999,0.0,all_flows,100.0,ue6_qfi1,0,0,0,488.74999999999955,104.375,data,2.0,data,ok,2.0,False,,all_flows,False,,3,0,proxy,3,0,ue6_qfi2,0.7748344370860927,151,150.0,all_flows,ue6_qfi2,0.7748344370860927,151,150.0,ok,ue6_qfi2,99.561,all_flows,ue6_qfi2,99.561,ok,5,all_flows,5,8,ok,8,ue6_qfi2,0.744604,all_flows,ue6_qfi2,0.744604,ok,0.8824030685731357,all_flows,0.9375193325597133,5,0.7499780377909624,proxy,5,0.7187189415505453,66856840.0,ok,0.004459090909090909,ok,0.9314965909090909,0.032675,ok,ue6_qfi1,0.3888888888888889,18,100.0,all_flows,ue6_qfi1,0.3888888888888889,18,100.0,data,0.0,data,ok,0.0,ue2_qfi9,187.5,all_flows,ue8_qfi2,111.964,ok,23.4,ue6_qfi2,8,202.75,768.5,all_flows,23.4,ue6_qfi2,8,202.75,768.5,30.303,33.0,30.303,ok,33.0,,all_flows,,pending,,all_flows,,pending,100.0,"[8, 9]",ue6_qfi1,0,0,0,488.74999999999955,104.375,data,ok,2.0,,all_flows,,pending,9,32,1.29725,1.0,all_flows,6,24,1.2885,1.0,ue6_qfi1,ok,ue6_qfi9,False,TwoTier,1367864806
ue8_qfi9,298.0,300.0,300.0,300.25,all_flows,ue3_qfi1,5.25,20.25,30.25,30.25,ok,0.28292170398563943,all_flows,0.0,ok,100.0,ue3_qfi1,0,0,0,121.75000000000003,99.74999999999979,all_flows,100.0,ue3_qfi1,0,0,0,121.75000000000003,99.74999999999979,data,2.0,data,ok,2.0,False,,all_flows,False,,3,0,proxy,3,0,ue2_qfi2,0.993421052631579,152,150.0,all_flows,ue2_qfi2,0.993421052631579,152,150.0,ok,ue3_qfi2,25.229,all_flows,ue3_qfi2,25.229,ok,8,all_flows,8,8,ok,8,ue8_qfi2,0.9680356,all_flows,ue8_qfi2,0.9680356,ok,0.9531655167069714,all_flows,0.9999519538907096,5,0.9999222640451659,proxy,5,0.9470962616944628,67031606.4,ok,0.005156818181818182,ok,0.9317522727272727,0.03578125,ok,ue6_qfi1,0.4897959183673469,49,100.0,all_flows,ue6_qfi1,0.4897959183673469,49,100.0,data,0.0,data,ok,0.0,ue3_qfi1,25.0,all_flows,ue3_qfi1,25.0,ok,30.2,ue2_qfi2,1,69.0,69.0,all_flows,30.2,ue2_qfi2,1,69.0,69.0,30.303,33.0,30.303,ok,33.0,,all_flows,,pending,,all_flows,,pending,100.0,"[8, 9]",ue3_qfi1,0,0,0,121.75000000000003,99.74999999999979,data,ok,2.0,,all_flows,,pending,0,32,0.0,1.0,all_flows,0,24,0.0,1.0,,ok,,False,PF,1097657231
ue7_qfi9,297.0,300.0,300.25,300.25,all_flows,ue4_qfi1,3.5,14.25,27.75,27.75,ok,0.29193479579255505,all_flows,0.11977917710453674,ok,100.0,ue5_qfi1,0,0,0,200.00000000000017,100.00000000000009,all_flows,100.0,ue5_qfi1,0,0,0,200.00000000000017,100.00000000000009,data,2.0,data,ok,2.0,False,,all_flows,False,,3,0,proxy,3,0,ue8_qfi2,0.0,147,150.0,all_flows,ue8_qfi2,0.0,147,150.0,ok,ue1_qfi2,21.979,all_flows,ue1_qfi2,21.979,ok,7,all_flows,7,8,ok,8,ue8_qfi2,0.0,all_flows,ue8_qfi2,0.0,ok,0.8864557310327456,all_flows,0.9165076974559974,5,0.9161227672575087,proxy,5,0.8817135685238885,66181462.4,ok,0.004188636363636364,ok,0.9326159090909091,0.0936796875,ok,ue3_qfi1,0.46938775510204084,49,100.0,all_flows,ue3_qfi1,0.46938775510204084,49,100.0,data,0.0,data,ok,0.0,ue4_qfi1,24.25,all_flows,ue4_qfi1,24.25,ok,30.4,ue1_qfi2,0,0.0,0.0,all_flows,30.4,ue1_qfi2,0,0.0,0.0,30.303,33.0,30.303,ok,33.0,,all_flows,,pending,,all_flows,,pending,100.0,"[8, 9]",ue5_qfi1,0,0,0,200.00000000000017,100.00000000000009,data,ok,2.0,,all_flows,,pending,3,32,5.0,1.0,all_flows,2,24,4.98325,1.0,ue8_qfi2,ok,ue8_qfi9,False,Reservation,1097657231
ue7_qfi9,297.25,300.0,300.25,300.25,all_flows,ue6_qfi2,7.75,30.045,79.454,115.75,ok,0.27903757078463615,all_flows,0.0005186625462486816,ok,,ue7_qfi9,0,0,0,385.2500000000001,0.0,all_flows,100.0,ue7_qfi1,0,0,0,384.9999999999998,101.75,data,2.0,data,ok,2.0,False,,all_flows,False,,3,0,proxy,3,0,ue6_qfi2,0.993421052631579,152,150.0,all_flows,ue6_qfi2,0.993421052631579,152,150.0,ok,ue8_qfi2,79.918,all_flows,ue8_qfi2,79.918,ok,8,all_flows,8,8,ok,8,ue8_qfi2,0.9559428000000001,all_flows,ue8_qfi2,0.9559428000000001,ok,0.9127929526953249,all_flows,0.9854193872947565,5,0.9558800098123811,proxy,5,0.8766371029054362,66967792.0,ok,0.004931818181818182,ok,0.9314045454545454,0.034734375,ok,ue7_qfi1,0.42424242424242425,33,100.0,all_flows,ue7_qfi1,0.42424242424242425,33,100.0,data,0.0,data,ok,0.0,ue6_qfi2,108.0,all_flows,ue6_qfi2,108.0,ok,30.0,ue7_qfi2,6,108.75,474.25,all_flows,30.0,ue7_qfi2,6,108.75,474.25,30.303,33.0,30.303,ok,33.0,,all_flows,,pending,,all_flows,,pending,100.0,"[8, 9]",ue7_qfi1,0,0,0,384.9999999999998,101.75,data,ok,2.0,,all_flows,,pending,0,32,0.0,1.0,all_flows,0,24,0.0,1.0,,ok,,False,TwoTier,1097657231
ue8_qfi9,297.75,300.0,300.0,300.25,all_flows,ue8_qfi1,4.25,21.75,29.75,29.75,ok,0.24882266520891325,all_flows,0.0,ok,100.0,ue8_qfi1,0,0,0,127.99999999999967,99.50000000000003,all_flows,100.0,ue8_qfi1,0,0,0,127.99999999999967,99.50000000000003,data,2.0,data,ok,2.0,False,,all_flows,False,,3,0,proxy,3,0,ue1_qfi2,1.0,152,150.0,all_flows,ue1_qfi2,1.0,152,150.0,ok,ue8_qfi2,25.0,all_flows,ue8_qfi2,25.0,ok,8,all_flows,8,8,ok,8,ue8_qfi2,0.9636376,all_flows,ue8_qfi2,0.9636376,ok,0.9622391910026387,all_flows,0.9999629303538609,5,0.9999443507398631,proxy,5,0.9578634333020641,70044726.4,ok,0.004856818181818182,ok,0.9310068181818182,0.0344390625,ok,ue1_qfi1,0.4489795918367347,49,100.0,all_flows,ue1_qfi1,0.4489795918367347,49,100.0,data,0.0,data,ok,0.0,ue8_qfi1,25.5,all_flows,ue8_qfi1,25.5,ok,30.4,ue1_qfi2,0,0.0,0.0,all_flows,30.4,ue1_qfi2,0,0.0,0.0,30.303,33.0,30.303,ok,33.0,,all_flows,,pending,,all_flows,,pending,100.0,"[8, 9]",ue8_qfi1,0,0,0,127.99999999999967,99.50000000000003,data,ok,2.0,,all_flows,,pending,0,32,0.0,1.0,all_flows,0,24,0.0,1.0,,ok,,False,PF,579362555
ue6_qfi9,288.75,299.75,300.0,300.25,all_flows,ue5_qfi1,5.75,18.0,22.0,22.0,ok,0.25057128624861186,all_flows,0.1198110422831787,ok,100.0,ue4_qfi1,0,0,0,119.24999999999963,99.99999999999964,all_flows,100.0,ue4_qfi1,0,0,0,119.24999999999963,99.99999999999964,data,2.0,data,ok,2.0,False,,all_flows,False,,3,0,proxy,3,0,ue8_qfi2,0.0,148,150.0,all_flows,ue8_qfi2,0.0,148,150.0,ok,ue2_qfi2,21.008,all_flows,ue2_qfi2,21.008,ok,7,all_flows,7,8,ok,8,ue8_qfi2,0.0,all_flows,ue8_qfi2,0.0,ok,0.8933730218877967,all_flows,0.9166042133468528,5,0.9165715193852448,proxy,5,0.8908622406727809,69736086.4,ok,0.004018181818181818,ok,0.9333965909090909,0.0893390625,ok,ue3_qfi1,0.4489795918367347,49,100.0,all_flows,ue3_qfi1,0.4489795918367347,49,100.0,data,0.0,data,ok,0.0,ue5_qfi1,16.25,all_flows,ue5_qfi1,16.25,ok,30.4,ue1_qfi2,0,0.0,0.0,all_flows,30.4,ue1_qfi2,0,0.0,0.0,30.303,33.0,30.303,ok,33.0,,all_flows,,pending,,all_flows,,pending,100.0,"[8, 9]",ue4_qfi1,0,0,0,119.24999999999963,99.99999999999964,data,ok,2.0,,all_flows,,pending,3,32,5.0,1.0,all_flows,2,24,4.98325,1.0,ue8_qfi2,ok,ue8_qfi9,False,Reservation,579362555
ue5_qfi9,19.25,42.25,50.0,55.0,all_flows,ue4_qfi2,6.631,19.724,24.063,25.684,ok,0.3628167453146441,all_flows,0.36461406640397953,ok,100.0,ue1_qfi1,0,0,0,111.5,99.99999999999964,all_flows,100.0,ue1_qfi1,0,0,0,111.5,99.99999999999964,data,2.0,data,ok,2.0,False,,all_flows,False,,3,0,proxy,3,0,ue6_qfi2,0.0,148,150.0,all_flows,ue6_qfi2,0.0,148,150.0,ok,ue4_qfi2,22.763,all_flows,ue4_qfi2,22.763,ok,5,all_flows,5,8,ok,8,ue6_qfi2,0.0,all_flows,ue6_qfi2,0.0,ok,0.7186761469140908,all_flows,0.7499701324740611,5,0.7499237029264677,proxy,5,0.7186262681087195,59668352.0,ok,0.004404545454545454,ok,0.9320875,0.03576875,ok,ue2_qfi1,0.4489795918367347,49,100.0,all_flows,ue2_qfi1,0.4489795918367347,49,100.0,data,0.0,data,ok,0.0,ue5_qfi9,35.75,all_flows,ue4_qfi2,19.053,ok,30.4,ue1_qfi2,0,0.0,0.0,all_flows,30.4,ue1_qfi2,0,0.0,0.0,30.303,33.0,30.303,ok,33.0,,all_flows,,pending,,all_flows,,pending,100.0,"[8, 9]",ue1_qfi1,0,0,0,111.5,99.99999999999964,data,ok,2.0,,all_flows,,pending,9,32,5.0,1.0,all_flows,6,24,4.98325,1.0,ue6_qfi2,ok,ue6_qfi9,False,TwoTier,579362555
ue8_qfi9,295.5,299.75,300.0,300.25,all_flows,ue3_qfi1,4.0,16.0,51.75,51.75,ok,0.24850919626020732,all_flows,0.0,ok,100.0,ue3_qfi1,0,0,0,150.9999999999998,99.50000000000003,all_flows,100.0,ue3_qfi1,0,0,0,150.9999999999998,99.50000000000003,data,2.0,data,ok,2.0,False,,all_flows,False,,3,0,proxy,3,0,ue2_qfi2,0.993421052631579,152,150.0,all_flows,ue2_qfi2,0.993421052631579,152,150.0,ok,ue7_qfi2,24.165,all_flows,ue7_qfi2,24.165,ok,8,all_flows,8,8,ok,8,ue8_qfi2,0.9537664,all_flows,ue8_qfi2,0.9537664,ok,0.9622582525690214,all_flows,0.9999567041233475,5,0.9999172203205686,proxy,5,0.9551075974002187,69764577.6,ok,0.004979545454545454,ok,0.9323943181818182,0.0342203125,ok,ue1_qfi1,0.4897959183673469,49,100.0,all_flows,ue1_qfi1,0.4897959183673469,49,100.0,data,0.0,data,ok,0.0,ue3_qfi1,47.75,all_flows,ue3_qfi1,47.75,ok,30.2,ue2_qfi2,1,68.0,68.0,all_flows,30.2,ue2_qfi2,1,68.0,68.0,30.303,33.0,30.303,ok,33.0,,all_flows,,pending,,all_flows,,pending,100.0,"[8, 9]",ue3_qfi1,0,0,0,150.9999999999998,99.50000000000003,data,ok,2.0,,all_flows,,pending,0,32,0.0,1.0,all_flows,0,24,0.0,1.0,,ok,,False,PF,661058651
ue4_qfi9,215.75,298.75,299.5,300.0,all_flows,ue5_qfi1,4.25,15.5,22.75,22.75,ok,0.2560672324711969,all_flows,0.2436172171454803,ok,100.0,ue6_qfi1,0,0,0,119.25000000000009,99.74999999999935,all_flows,100.0,ue6_qfi1,0,0,0,119.25000000000009,99.74999999999935,data,2.0,data,ok,2.0,False,,all_flows,False,,3,0,proxy,3,0,ue7_qfi2,0.0,147,150.0,all_flows,ue7_qfi2,0.0,147,150.0,ok,ue3_qfi2,19.5,all_flows,ue3_qfi2,19.5,ok,6,all_flows,6,8,ok,8,ue7_qfi2,0.0,all_flows,ue7_qfi2,0.0,ok,0.810183818792769,all_flows,0.8332807304110478,5,0.8332513689219321,proxy,5,0.8083532210679226,68646153.6,ok,0.0039590909090909095,ok,0.9326,0.0848109375,ok,ue2_qfi1,0.5102040816326531,49,100.0,all_flows,ue2_qfi1,0.5102040816326531,49,100.0,data,0.0,data,ok,0.0,ue3_qfi9,223.25,all_flows,ue6_qfi1,18.75,ok,30.4,ue1_qfi2,0,0.0,0.0,all_flows,30.4,ue1_qfi2,0,0.0,0.0,30.303,33.0,30.303,ok,33.0,,all_flows,,pending,,all_flows,,pending,100.0,"[8, 9]",ue6_qfi1,0,0,0,119.25000000000009,99.74999999999935,data,ok,2.0,,all_flows,,pending,6,32,5.0,1.0,all_flows,4,24,4.98325,1.0,ue7_qfi2,ok,ue7_qfi9,False,Reservation,661058651
ue7_qfi9,297.0,300.0,300.0,300.25,all_flows,ue7_qfi2,8.977,25.955,74.54,112.009,ok,0.24823548638057438,all_flows,0.00036979277839900684,ok,100.0,ue4_qfi1,0,0,0,405.2500000000001,100.7499999999999,all_flows,100.0,ue4_qfi1,0,0,0,405.2500000000001,100.7499999999999,data,2.0,data,ok,2.0,False,,all_flows,False,,3,0,proxy,3,0,ue2_qfi2,0.993421052631579,152,150.0,all_flows,ue2_qfi2,0.993421052631579,152,150.0,ok,ue4_qfi2,77.757,all_flows,ue4_qfi2,77.757,ok,8,all_flows,8,8,ok,8,ue3_qfi2,0.9504208000000001,all_flows,ue3_qfi2,0.9504208000000001,ok,0.9379706237223866,all_flows,0.9910044168718304,5,0.9785394413064723,proxy,5,0.9142629276065052,69766900.8,ok,0.004475,ok,0.9321386363636364,0.033478125,ok,ue4_qfi1,0.4,35,100.0,all_flows,ue4_qfi1,0.4,35,100.0,data,0.0,data,ok,0.0,ue5_qfi9,123.0,all_flows,ue7_qfi2,103.032,ok,30.4,ue4_qfi2,9,92.0,694.75,all_flows,30.4,ue4_qfi2,9,92.0,694.75,30.303,33.0,30.303,ok,33.0,,all_flows,,pending,,all_flows,,pending,100.0,"[8, 9]",ue4_qfi1,0,0,0,405.2500000000001,100.7499999999999,data,ok,2.0,,all_flows,,pending,0,32,0.0,1.0,all_flows,0,24,0.0,1.0,,ok,,False,TwoTier,661058651
ue8_qfi9,298.25,300.0,300.25,300.25,all_flows,ue4_qfi1,4.75,18.0,54.25,54.25,ok,0.2986655577069819,all_flows,0.0,ok,100.0,ue4_qfi1,0,0,0,153.99999999999991,99.74999999999979,all_flows,100.0,ue4_qfi1,0,0,0,153.99999999999991,99.74999999999979,data,2.0,data,ok,2.0,False,,all_flows,False,,3,0,proxy,3,0,ue6_qfi2,0.993421052631579,152,150.0,all_flows,ue6_qfi2,0.993421052631579,152,150.0,ok,ue3_qfi2,25.288,all_flows,ue3_qfi2,25.288,ok,8,all_flows,8,8,ok,8,ue3_qfi2,0.9638684000000001,all_flows,ue3_qfi2,0.9638684000000001,ok,0.948442109807598,all_flows,0.9999322363612423,5,0.999842688300276,proxy,5,0.9432115605534025,65570259.2,ok,0.00505,ok,0.9323647727272727,0.0384328125,ok,ue1_qfi1,0.5102040816326531,49,100.0,all_flows,ue1_qfi1,0.5102040816326531,49,100.0,data,0.0,data,ok,0.0,ue4_qfi1,49.5,all_flows,ue4_qfi1,49.5,ok,30.4,ue1_qfi2,0,0.0,0.0,all_flows,30.4,ue1_qfi2,0,0.0,0.0,30.303,33.0,30.303,ok,33.0,,all_flows,,pending,,all_flows,,pending,100.0,"[8, 9]",ue4_qfi1,0,0,0,153.99999999999991,99.74999999999979,data,ok,2.0,,all_flows,,pending,0,32,0.0,1.0,all_flows,0,24,0.0,1.0,,ok,,False,PF,87989972
ue7_qfi9,296.25,300.0,300.0,300.25,all_flows,ue7_qfi1,5.75,19.75,53.25,53.25,ok,0.3014489064727952,all_flows,0.12190717045489016,ok,100.0,ue1_qfi1,0,0,0,121.75000000000003,99.25000000000051,all_flows,100.0,ue1_qfi1,0,0,0,121.75000000000003,99.25000000000051,data,2.0,data,ok,2.0,False,,all_flows,False,,3,0,proxy,3,0,ue8_qfi2,0.0,147,150.0,all_flows,ue8_qfi2,0.0,147,150.0,ok,ue3_qfi2,22.788,all_flows,ue3_qfi2,22.788,ok,7,all_flows,7,8,ok,8,ue8_qfi2,0.0,all_flows,ue8_qfi2,0.0,ok,0.8845720518560085,all_flows,0.9165871181016276,5,0.9165455643738899,proxy,5,0.8802296189924912,65251856.0,ok,0.004459090909090909,ok,0.9315034090909091,0.0990546875,ok,ue6_qfi1,0.42857142857142855,49,100.0,all_flows,ue6_qfi1,0.42857142857142855,49,100.0,data,0.0,data,ok,0.0,ue7_qfi1,47.5,all_flows,ue7_qfi1,47.5,ok,30.0,ue1_qfi2,2,72.75,139.0,all_flows,30.0,ue1_qfi2,2,72.75,139.0,30.303,33.0,30.303,ok,33.0,,all_flows,,pending,,all_flows,,pending,100.0,"[8, 9]",ue1_qfi1,0,0,0,121.75000000000003,99.25000000000051,data,ok,2.0,,all_flows,,pending,3,32,5.0,1.0,all_flows,2,24,4.98325,1.0,ue8_qfi2,ok,ue8_qfi9,False,Reservation,87989972
ue8_qfi9,297.25,300.0,300.0,300.25,all_flows,ue7_qfi2,17.75,66.359,88.355,117.956,ok,0.29758283190079377,all_flows,0.004929681480677079,ok,100.0,ue5_qfi1,0,0,0,429.5,101.75,all_flows,100.0,ue5_qfi1,0,0,0,429.5,101.75,data,2.0,data,ok,2.0,False,,all_flows,False,,3,0,proxy,3,0,ue8_qfi2,0.9801324503311258,151,150.0,all_flows,ue8_qfi2,0.9801324503311258,151,150.0,ok,ue5_qfi2,82.0,all_flows,ue5_qfi2,82.0,ok,8,all_flows,8,8,ok,8,ue8_qfi2,0.957062,all_flows,ue8_qfi2,0.957062,ok,0.9085987121784183,all_flows,0.9832504446648169,5,0.9649818582276855,proxy,5,0.8720305428700589,65330240.0,ok,0.005034090909090909,ok,0.9321965909090909,0.0373984375,ok,ue5_qfi1,0.4,35,100.0,all_flows,ue5_qfi1,0.4,35,100.0,data,0.0,data,ok,0.0,ue1_qfi9,105.75,all_flows,ue8_qfi2,105.352,ok,30.2,ue5_qfi2,9,135.75,783.25,all_flows,30.2,ue5_qfi2,9,135.75,783.25,30.303,33.0,30.303,ok,33.0,,all_flows,,pending,,all_flows,,pending,100.0,"[8, 9]",ue5_qfi1,0,0,0,429.5,101.75,data,ok,2.0,,all_flows,,pending,0,32,0.0,1.0,all_flows,0,24,0.0,1.0,,ok,,False,TwoTier,87989972
ue8_qfi9,297.25,299.75,300.0,300.25,all_flows,ue1_qfi1,4.25,14.25,28.5,28.5,ok,0.27550726731076375,all_flows,0.0,ok,100.0,ue5_qfi1,0,0,0,124.00000000000011,100.00000000000009,all_flows,100.0,ue5_qfi1,0,0,0,124.00000000000011,100.00000000000009,data,2.0,data,ok,2.0,False,,all_flows,False,,3,0,proxy,3,0,ue1_qfi2,1.0,152,150.0,all_flows,ue1_qfi2,1.0,152,150.0,ok,ue4_qfi2,26.553,all_flows,ue4_qfi2,26.553,ok,8,all_flows,8,8,ok,8,ue3_qfi2,0.950306,all_flows,ue3_qfi2,0.950306,ok,0.9537289830297535,all_flows,0.9999674152180422,5,0.9999553064229919,proxy,5,0.9373969704563362,67460713.6,ok,0.004902272727272727,ok,0.9328954545454545,0.0369515625,ok,ue5_qfi1,0.46938775510204084,49,100.0,all_flows,ue5_qfi1,0.46938775510204084,49,100.0,data,0.0,data,ok,0.0,ue1_qfi1,24.25,all_flows,ue1_qfi1,24.25,ok,30.4,ue1_qfi2,0,0.0,0.0,all_flows,30.4,ue1_qfi2,0,0.0,0.0,30.303,33.0,30.303,ok,33.0,,all_flows,,pending,,all_flows,,pending,100.0,"[8, 9]",ue5_qfi1,0,0,0,124.00000000000011,100.00000000000009,data,ok,2.0,,all_flows,,pending,0,32,0.0,1.0,all_flows,0,24,0.0,1.0,,ok,,False,PF,161576974
ue7_qfi9,295.0,299.75,300.0,300.25,all_flows,ue1_qfi1,5.75,19.0,23.75,23.75,ok,0.2942834610669451,all_flows,0.12303254881151428,ok,100.0,ue1_qfi1,0,0,0,122.2500000000002,100.24999999999994,all_flows,100.0,ue1_qfi1,0,0,0,122.2500000000002,100.24999999999994,data,2.0,data,ok,2.0,False,,all_flows,False,,3,0,proxy,3,0,ue8_qfi2,0.0,148,150.0,all_flows,ue8_qfi2,0.0,148,150.0,ok,ue1_qfi2,21.524,all_flows,ue1_qfi2,21.524,ok,7,all_flows,7,8,ok,8,ue8_qfi2,0.0,all_flows,ue8_qfi2,0.0,ok,0.8847293654612421,all_flows,0.9165985414178353,5,0.9165743562218862,proxy,5,0.8747098297684265,65744364.8,ok,0.004615909090909091,ok,0.934271590909091,0.0974640625,ok,ue1_qfi1,0.42857142857142855,49,100.0,all_flows,ue1_qfi1,0.42857142857142855,49,100.0,data,0.0,data,ok,0.0,ue1_qfi1,18.0,all_flows,ue1_qfi1,18.0,ok,30.4,ue1_qfi2,0,0.0,0.0,all_flows,30.4,ue1_qfi2,0,0.0,0.0,30.303,33.0,30.303,ok,33.0,,all_flows,,pending,,all_flows,,pending,100.0,"[8, 9]",ue1_qfi1,0,0,0,122.2500000000002,100.24999999999994,data,ok,2.0,,all_flows,,pending,3,32,5.0,1.0,all_flows,2,24,4.98325,1.0,ue8_qfi2,ok,ue8_qfi9,False,Reservation,161576974
ue1_qfi9,15.25,77.25,89.5,93.75,all_flows,ue4_qfi2,6.482,24.059,36.73,38.48,ok,0.3640200820529166,all_flows,0.36795460897469073,ok,100.0,ue1_qfi1,0,0,0,124.24999999999997,100.00000000000009,all_flows,100.0,ue1_qfi1,0,0,0,124.24999999999997,100.00000000000009,data,2.0,data,ok,2.0,False,,all_flows,False,,3,0,proxy,3,0,ue6_qfi2,0.0,147,150.0,all_flows,ue6_qfi2,0.0,147,150.0,ok,ue3_qfi2,31.557,all_flows,ue3_qfi2,31.557,ok,5,all_flows,5,8,ok,8,ue6_qfi2,0.0,all_flows,ue6_qfi2,0.0,ok,0.7185469490018409,all_flows,0.7499577738729932,5,0.7499216762660652,proxy,5,0.7183623171467505,59278011.2,ok,0.005293181818181818,ok,0.9328488636363637,0.039615625,ok,ue1_qfi1,0.40816326530612246,49,100.0,all_flows,ue1_qfi1,0.40816326530612246,49,100.0,data,0.0,data,ok,0.0,ue1_qfi9,78.5,all_flows,ue4_qfi2,31.997999999999998,ok,30.2,ue4_qfi2,2,68.0,135.25,all_flows,30.2,ue4_qfi2,2,68.0,135.25,30.303,33.0,30.303,ok,33.0,,all_flows,,pending,,all_flows,,pending,100.0,"[8, 9]",ue1_qfi1,0,0,0,124.24999999999997,100.00000000000009,data,ok,2.0,,all_flows,,pending,9,32,5.0,1.0,all_flows,6,24,4.98325,1.0,ue6_qfi2,ok,ue6_qfi9,False,TwoTier,161576974
ue8_qfi9,298.0,300.0,300.25,300.25,all_flows,ue5_qfi2,9.487,21.292,25.5,27.724,ok,0.2924727803460798,all_flows,0.0,ok,100.0,ue1_qfi1,0,0,0,118.24999999999974,100.00000000000009,all_flows,100.0,ue1_qfi1,0,0,0,118.24999999999974,100.00000000000009,data,2.0,data,ok,2.0,False,,all_flows,False,,3,0,proxy,3,0,ue2_qfi2,0.993421052631579,152,150.0,all_flows,ue2_qfi2,0.993421052631579,152,150.0,ok,ue5_qfi2,27.117,all_flows,ue5_qfi2,27.117,ok,8,all_flows,8,8,ok,8,ue6_qfi2,0.9690408,all_flows,ue6_qfi2,0.9690408,ok,0.9500964252442554,all_flows,0.9999381865573899,5,0.9998816529904265,proxy,5,0.9420392184478527,66189430.4,ok,0.0048386363636363635,ok,0.9343806818181818,0.0378953125,ok,ue1_qfi1,0.46938775510204084,49,100.0,all_flows,ue1_qfi1,0.46938775510204084,49,100.0,data,0.0,data,ok,0.0,ue4_qfi1,20.25,all_flows,ue4_qfi1,20.25,ok,30.2,ue2_qfi2,1,67.75,67.75,all_flows,30.2,ue2_qfi2,1,67.75,67.75,30.303,33.0,30.303,ok,33.0,,all_flows,,pending,,all_flows,,pending,100.0,"[8, 9]",ue1_qfi1,0,0,0,118.24999999999974,100.00000000000009,data,ok,2.0,,all_flows,,pending,0,32,0.0,1.0,all_flows,0,24,0.0,1.0,,ok,,False,PF,35492826
ue8_qfi9,297.75,300.0,300.25,300.25,all_flows,ue3_qfi2,8.902,22.094,24.511,25.781,ok,0.31298573610087715,all_flows,0.0,ok,100.0,ue2_qfi1,0,0,0,125.24999999999986,100.2500000000004,all_flows,100.0,ue2_qfi1,0,0,0,125.24999999999986,100.2500000000004,data,2.0,data,ok,2.0,False,,all_flows,False,,3,0,proxy,3,0,ue1_qfi2,1.0,152,150.0,all_flows,ue1_qfi2,1.0,152,150.0,ok,ue3_qfi2,24.169,all_flows,ue3_qfi2,24.169,ok,8,all_flows,8,8,ok,8,ue6_qfi2,0.9624115999999999,all_flows,ue6_qfi2,0.9624115999999999,ok,0.946958791563803,all_flows,0.999887702672569,5,0.9998106072048848,proxy,5,0.9376628503820489,65111737.6,ok,0.004243181818181818,ok,0.9308284090909091,0.1187140625,ok,ue2_qfi1,0.42857142857142855,49,100.0,all_flows,ue2_qfi1,0.42857142857142855,49,100.0,data,0.0,data,ok,0.0,ue4_qfi1,20.0,all_flows,ue4_qfi1,20.0,ok,30.4,ue1_qfi2,0,0.0,0.0,all_flows,30.4,ue1_qfi2,0,0.0,0.0,30.303,33.0,30.303,ok,33.0,,all_flows,,pending,,all_flows,,pending,100.0,"[8, 9]",ue2_qfi1,0,0,0,125.24999999999986,100.2500000000004,data,ok,2.0,,all_flows,,pending,0,32,0.0,1.0,all_flows,0,24,0.0,1.0,,ok,,False,Reservation,35492826
ue5_qfi9,23.5,57.0,63.0,67.5,all_flows,ue5_qfi2,7.189,21.496,27.277,32.75,ok,0.36301570832851665,all_flows,0.3647627702059962,ok,100.0,ue1_qfi1,0,0,0,115.25000000000007,99.74999999999979,all_flows,100.0,ue1_qfi1,0,0,0,115.25000000000007,99.74999999999979,data,2.0,data,ok,2.0,False,,all_flows,False,,3,0,proxy,3,0,ue6_qfi2,0.0,147,150.0,all_flows,ue6_qfi2,0.0,147,150.0,ok,ue5_qfi2,25.019,all_flows,ue5_qfi2,25.019,ok,5,all_flows,5,8,ok,8,ue6_qfi2,0.0,all_flows,ue6_qfi2,0.0,ok,0.7186574561347598,all_flows,0.7499665791833902,5,0.7499427442891026,proxy,5,0.7185788141056677,59563257.6,ok,0.005579545454545454,ok,0.9343965909090909,0.038309375,ok,ue3_qfi1,0.4897959183673469,49,100.0,all_flows,ue3_qfi1,0.4897959183673469,49,100.0,data,0.0,data,ok,0.0,ue5_qfi9,44.0,all_flows,ue5_qfi2,25.561,ok,30.4,ue5_qfi2,1,67.5,67.5,all_flows,30.4,ue5_qfi2,1,67.5,67.5,30.303,33.0,30.303,ok,33.0,,all_flows,,pending,,all_flows,,pending,100.0,"[8, 9]",ue1_qfi1,0,0,0,115.25000000000007,99.74999999999979,data,ok,2.0,,all_flows,,pending,9,32,5.0,1.0,all_flows,6,24,4.98325,1.0,ue6_qfi2,ok,ue6_qfi9,False,TwoTier,35492826
ue8_qfi9,297.25,300.0,300.0,300.25,all_flows,ue1_qfi1,6.5,23.25,47.25,47.25,ok,0.2767342514043939,all_flows,0.0,ok,100.0,ue1_qfi1,0,0,0,139.0,98.75000000000011,all_flows,100.0,ue1_qfi1,0,0,0,139.0,98.75000000000011,data,2.0,data,ok,2.0,False,,all_flows,False,,3,0,proxy,3,0,ue1_qfi2,1.0,152,150.0,all_flows,ue1_qfi2,1.0,152,150.0,ok,ue1_qfi2,24.929,all_flows,ue1_qfi2,24.929,ok,8,all_flows,8,8,ok,8,ue2_qfi2,0.9666928,all_flows,ue2_qfi2,0.9666928,ok,0.953978379126973,all_flows,0.9999296006831665,5,0.9998939235608101,proxy,5,0.9466102058041659,67520502.4,ok,0.0046409090909090905,ok,0.9338352272727273,0.036971875,ok,ue8_qfi1,0.3877551020408163,49,100.0,all_flows,ue8_qfi1,0.3877551020408163,49,100.0,data,0.0,data,ok,0.0,ue1_qfi1,40.75,all_flows,ue1_qfi1,40.75,ok,30.4,ue1_qfi2,0,0.0,0.0,all_flows,30.4,ue1_qfi2,0,0.0,0.0,30.303,33.0,30.303,ok,33.0,,all_flows,,pending,,all_flows,,pending,100.0,"[8, 9]",ue1_qfi1,0,0,0,139.0,98.75000000000011,data,ok,2.0,,all_flows,,pending,0,32,0.0,1.0,all_flows,0,24,0.0,1.0,,ok,,False,PF,376383645
ue7_qfi9,296.75,300.0,300.0,300.25,all_flows,ue2_qfi1,4.25,21.0,25.5,25.5,ok,0.2912108612503959,all_flows,0.12366821917336432,ok,100.0,ue6_qfi1,0,0,0,121.24999999999986,98.99999999999997,all_flows,100.0,ue6_qfi1,0,0,0,121.24999999999986,98.99999999999997,data,2.0,data,ok,2.0,False,,all_flows,False,,3,0,proxy,3,0,ue8_qfi2,0.0,148,150.0,all_flows,ue8_qfi2,0.0,148,150.0,ok,ue1_qfi2,21.624,all_flows,ue1_qfi2,21.624,ok,7,all_flows,7,8,ok,8,ue8_qfi2,0.0,all_flows,ue8_qfi2,0.0,ok,0.8860605943177713,all_flows,0.9165334357896049,5,0.9164847911005,proxy,5,0.8771573690744221,66251804.8,ok,0.004134090909090909,ok,0.9348625,0.0970078125,ok,ue5_qfi1,0.4897959183673469,49,100.0,all_flows,ue5_qfi1,0.4897959183673469,49,100.0,data,0.0,data,ok,0.0,ue2_qfi1,21.25,all_flows,ue2_qfi1,21.25,ok,30.4,ue1_qfi2,0,0.0,0.0,all_flows,30.4,ue1_qfi2,0,0.0,0.0,30.303,33.0,30.303,ok,33.0,,all_flows,,pending,,all_flows,,pending,100.0,"[8, 9]",ue6_qfi1,0,0,0,121.24999999999986,98.99999999999997,data,ok,2.0,,all_flows,,pending,3,32,5.0,1.0,all_flows,2,24,4.98325,1.0,ue8_qfi2,ok,ue8_qfi9,False,Reservation,376383645
ue3_qfi9,17.75,48.5,56.75,63.0,all_flows,ue3_qfi2,5.774,18.08,22.636,28.162,ok,0.36355548384464603,all_flows,0.36823802013157664,ok,100.0,ue1_qfi1,0,0,0,118.99999999999977,98.99999999999932,all_flows,100.0,ue1_qfi1,0,0,0,118.99999999999977,98.99999999999932,data,2.0,data,ok,2.0,False,,all_flows,False,,3,0,proxy,3,0,ue6_qfi2,0.0,147,150.0,all_flows,ue6_qfi2,0.0,147,150.0,ok,ue1_qfi2,24.524,all_flows,ue1_qfi2,24.524,ok,5,all_flows,5,8,ok,8,ue6_qfi2,0.0,all_flows,ue6_qfi2,0.0,ok,0.7186471331571955,all_flows,0.7499522682461212,5,0.7499010845785039,proxy,5,0.7186052363576674,59603088.0,ok,0.005690909090909091,ok,0.9339147727272727,0.0378875,ok,ue4_qfi1,0.5102040816326531,49,100.0,all_flows,ue4_qfi1,0.5102040816326531,49,100.0,data,0.0,data,ok,0.0,ue3_qfi9,45.25,all_flows,ue3_qfi2,22.387999999999998,ok,30.4,ue1_qfi2,0,0.0,0.0,all_flows,30.4,ue1_qfi2,0,0.0,0.0,30.303,33.0,30.303,ok,33.0,,all_flows,,pending,,all_flows,,pending,100.0,"[8, 9]",ue1_qfi1,0,0,0,118.99999999999977,98.99999999999932,data,ok,2.0,,all_flows,,pending,9,32,5.0,1.0,all_flows,6,24,4.98325,1.0,ue6_qfi2,ok,ue6_qfi9,False,TwoTier,376383645
ue7_qfi9,297.75,300.0,300.0,300.25,all_flows,ue3_qfi2,8.567,19.133,23.813,26.563,ok,0.24764223402058153,all_flows,0.0,ok,100.0,ue3_qfi1,0,0,0,119.00000000000021,99.49999999999991,all_flows,100.0,ue3_qfi1,0,0,0,119.00000000000021,99.49999999999991,data,2.0,data,ok,2.0,False,,all_flows,False,,3,0,proxy,3,0,ue5_qfi2,0.993421052631579,152,150.0,all_flows,ue5_qfi2,0.993421052631579,152,150.0,ok,ue3_qfi2,26.203,all_flows,ue3_qfi2,26.203,ok,8,all_flows,8,8,ok,8,ue3_qfi2,0.9658652,all_flows,ue3_qfi2,0.9658652,ok,0.9625291709040674,all_flows,0.999963762249451,5,0.9999420419017846,proxy,5,0.9584684626720545,70001803.2,ok,0.0054181818181818185,ok,0.9338920454545454,0.0346359375,ok,ue5_qfi1,0.4489795918367347,49,100.0,all_flows,ue5_qfi1,0.4489795918367347,49,100.0,data,0.0,data,ok,0.0,ue6_qfi1,19.5,all_flows,ue6_qfi1,19.5,ok,30.2,ue5_qfi2,1,71.0,71.0,all_flows,30.2,ue5_qfi2,1,71.0,71.0,30.303,33.0,30.303,ok,33.0,,all_flows,,pending,,all_flows,,pending,100.0,"[8, 9]",ue3_qfi1,0,0,0,119.00000000000021,99.49999999999991,data,ok,2.0,,all_flows,,pending,0,32,0.0,1.0,all_flows,0,24,0.0,1.0,,ok,,False,PF,1746484539
ue7_qfi9,296.0,300.0,300.0,300.25,all_flows,ue7_qfi1,5.75,18.0,27.0,27.0,ok,0.26624522018979246,all_flows,0.12265798365528778,ok,100.0,ue6_qfi1,0,0,0,123.24999999999963,100.00000000000009,all_flows,100.0,ue6_qfi1,0,0,0,123.24999999999963,100.00000000000009,data,2.0,data,ok,2.0,False,,all_flows,False,,3,0,proxy,3,0,ue8_qfi2,0.0,147,150.0,all_flows,ue8_qfi2,0.0,147,150.0,ok,ue2_qfi2,21.372,all_flows,ue2_qfi2,21.372,ok,7,all_flows,7,8,ok,8,ue8_qfi2,0.0,all_flows,ue8_qfi2,0.0,ok,0.8909269259666667,all_flows,0.9165923167509338,5,0.9165633898158612,proxy,5,0.8891916396815399,68256491.2,ok,0.004002272727272728,ok,0.9332170454545454,0.0918578125,ok,ue3_qfi1,0.46938775510204084,49,100.0,all_flows,ue3_qfi1,0.46938775510204084,49,100.0,data,0.0,data,ok,0.0,ue7_qfi1,21.25,all_flows,ue7_qfi1,21.25,ok,30.4,ue1_qfi2,0,0.0,0.0,all_flows,30.4,ue1_qfi2,0,0.0,0.0,30.303,33.0,30.303,ok,33.0,,all_flows,,pending,,all_flows,,pending,100.0,"[8, 9]",ue6_qfi1,0,0,0,123.24999999999963,100.00000000000009,data,ok,2.0,,all_flows,,pending,3,32,5.0,1.0,all_flows,2,24,4.98325,1.0,ue8_qfi2,ok,ue8_qfi9,False,Reservation,1746484539
ue5_qfi9,17.25,34.5,40.25,45.5,all_flows,ue2_qfi2,6.208,17.425,21.13,23.74,ok,0.36379873971897336,all_flows,0.36810170082818683,ok,100.0,ue2_qfi1,0,0,0,110.25,99.75000000000023,all_flows,100.0,ue2_qfi1,0,0,0,110.25,99.75000000000023,data,2.0,data,ok,2.0,False,,all_flows,False,,3,0,proxy,3,0,ue6_qfi2,0.0,147,150.0,all_flows,ue6_qfi2,0.0,147,150.0,ok,ue1_qfi2,20.69,all_flows,ue1_qfi2,20.69,ok,5,all_flows,5,8,ok,8,ue6_qfi2,0.0,all_flows,ue6_qfi2,0.0,ok,0.7187194786415215,all_flows,0.7499802811749149,5,0.7499726843305737,proxy,5,0.7186968781766514,59453259.2,ok,0.004665909090909091,ok,0.9335897727272727,0.034990625,ok,ue4_qfi1,0.4489795918367347,49,100.0,all_flows,ue4_qfi1,0.4489795918367347,49,100.0,data,0.0,data,ok,0.0,ue5_qfi9,28.25,all_flows,ue2_qfi2,17.531999999999996,ok,30.4,ue1_qfi2,0,0.0,0.0,all_flows,30.4,ue1_qfi2,0,0.0,0.0,30.303,33.0,30.303,ok,33.0,,all_flows,,pending,,all_flows,,pending,100.0,"[8, 9]",ue2_qfi1,0,0,0,110.25,99.75000000000023,data,ok,2.0,,all_flows,,pending,9,32,5.0,1.0,all_flows,6,24,4.98325,1.0,ue6_qfi2,ok,ue6_qfi9,False,TwoTier,1746484539
ue8_qfi9,297.5,300.0,300.0,300.25,all_flows,ue7_qfi2,8.734,21.808,26.198,29.198,ok,0.2816152907207956,all_flows,0.0,ok,100.0,ue5_qfi1,0,0,0,126.75000000000037,99.75,all_flows,100.0,ue5_qfi1,0,0,0,126.75000000000037,99.75,data,2.0,data,ok,2.0,False,,all_flows,False,,3,0,proxy,3,0,ue6_qfi2,0.993421052631579,152,150.0,all_flows,ue6_qfi2,0.993421052631579,152,150.0,ok,ue7_qfi2,27.838,all_flows,ue7_qfi2,27.838,ok,8,all_flows,8,8,ok,8,ue5_qfi2,0.9602292,all_flows,ue5_qfi2,0.9602292,ok,0.9534801564419702,all_flows,0.9999465807440355,5,0.9998977648678836,proxy,5,0.9491811608840582,67051030.4,ok,0.004920454545454546,ok,0.9331079545454546,0.0376140625,ok,ue8_qfi1,0.4489795918367347,49,100.0,all_flows,ue8_qfi1,0.4489795918367347,49,100.0,data,0.0,data,ok,0.0,ue4_qfi1,23.0,all_flows,ue4_qfi1,23.0,ok,30.2,ue6_qfi2,1,70.75,70.75,all_flows,30.2,ue6_qfi2,1,70.75,70.75,30.303,33.0,30.303,ok,33.0,,all_flows,,pending,,all_flows,,pending,100.0,"[8, 9]",ue5_qfi1,0,0,0,126.75000000000037,99.75,data,ok,2.0,,all_flows,,pending,0,32,0.0,1.0,all_flows,0,24,0.0,1.0,,ok,,False,PF,1394609702
ue7_qfi9,295.0,300.0,300.0,300.25,all_flows,ue5_qfi1,5.5,15.75,25.75,25.75,ok,0.29434120248239265,all_flows,0.1217779597008354,ok,100.0,ue4_qfi1,0,0,0,122.74999999999991,99.75,all_flows,100.0,ue4_qfi1,0,0,0,122.74999999999991,99.75,data,2.0,data,ok,2.0,False,,all_flows,False,,3,0,proxy,3,0,ue8_qfi2,0.0,147,150.0,all_flows,ue8_qfi2,0.0,147,150.0,ok,ue7_qfi2,21.653,all_flows,ue7_qfi2,21.653,ok,7,all_flows,7,8,ok,8,ue8_qfi2,0.0,all_flows,ue8_qfi2,0.0,ok,0.8862843343366625,all_flows,0.9165810522290687,5,0.916556106201504,proxy,5,0.8841060874611167,65946056.0,ok,0.004193181818181818,ok,0.9335954545454546,0.097109375,ok,ue7_qfi1,0.4489795918367347,49,100.0,all_flows,ue7_qfi1,0.4489795918367347,49,100.0,data,0.0,data,ok,0.0,ue5_qfi1,20.25,all_flows,ue5_qfi1,20.25,ok,30.2,ue2_qfi2,1,70.5,70.5,all_flows,30.2,ue2_qfi2,1,70.5,70.5,30.303,33.0,30.303,ok,33.0,,all_flows,,pending,,all_flows,,pending,100.0,"[8, 9]",ue4_qfi1,0,0,0,122.74999999999991,99.75,data,ok,2.0,,all_flows,,pending,3,32,5.0,1.0,all_flows,2,24,4.98325,1.0,ue8_qfi2,ok,ue8_qfi9,False,Reservation,1394609702
ue3_qfi9,20.0,46.25,51.5,55.0,all_flows,ue1_qfi2,5.533,19.015,21.982,25.5,ok,0.3634590926126873,all_flows,0.3677663475272038,ok,100.0,ue3_qfi1,0,0,0,118.74999999999991,99.99999999999987,all_flows,100.0,ue3_qfi1,0,0,0,118.74999999999991,99.99999999999987,data,2.0,data,ok,2.0,False,,all_flows,False,,3,0,proxy,3,0,ue6_qfi2,0.0,148,150.0,all_flows,ue6_qfi2,0.0,148,150.0,ok,ue2_qfi2,22.596,all_flows,ue2_qfi2,22.596,ok,5,all_flows,5,8,ok,8,ue6_qfi2,0.0,all_flows,ue6_qfi2,0.0,ok,0.7187007697074245,all_flows,0.7499691167427063,5,0.749938473810925,proxy,5,0.7186788653646925,59560432.0,ok,0.0051431818181818184,ok,0.9332465909090909,0.0380265625,ok,ue2_qfi1,0.42857142857142855,49,100.0,all_flows,ue2_qfi1,0.42857142857142855,49,100.0,data,0.0,data,ok,0.0,ue3_qfi9,35.0,all_flows,ue1_qfi2,19.967,ok,30.4,ue1_qfi2,0,0.0,0.0,all_flows,30.4,ue1_qfi2,0,0.0,0.0,30.303,33.0,30.303,ok,33.0,,all_flows,,pending,,all_flows,,pending,100.0,"[8, 9]",ue3_qfi1,0,0,0,118.74999999999991,99.99999999999987,data,ok,2.0,,all_flows,,pending,9,32,5.0,1.0,all_flows,6,24,4.98325,1.0,ue6_qfi2,ok,ue6_qfi9,False,TwoTier,1394609702
ue8_qfi9,297.5,299.75,300.0,300.25,all_flows,ue1_qfi1,7.25,23.0,36.0,36.0,ok,0.29360772204865215,all_flows,0.0,ok,100.0,ue4_qfi1,0,0,0,130.50000000000006,99.99999999999987,all_flows,100.0,ue4_qfi1,0,0,0,130.50000000000006,99.99999999999987,data,2.0,data,ok,2.0,False,,all_flows,False,,3,0,proxy,3,0,ue5_qfi2,0.993421052631579,152,150.0,all_flows,ue5_qfi2,0.993421052631579,152,150.0,ok,ue1_qfi2,27.723,all_flows,ue1_qfi2,27.723,ok,8,all_flows,8,8,ok,8,ue3_qfi2,0.9515044,all_flows,ue3_qfi2,0.9515044,ok,0.9482587188417042,all_flows,0.9999573869100805,5,0.9999292582094416,proxy,5,0.942350118491044,65891404.8,ok,0.0056113636363636366,ok,0.9324011363636364,0.0394328125,ok,ue2_qfi1,0.46938775510204084,49,100.0,all_flows,ue2_qfi1,0.46938775510204084,49,100.0,data,0.0,data,ok,0.0,ue1_qfi1,28.75,all_flows,ue1_qfi1,28.75,ok,30.2,ue6_qfi2,1,66.0,66.0,all_flows,30.2,ue6_qfi2,1,66.0,66.0,30.303,33.0,30.303,ok,33.0,,all_flows,,pending,,all_flows,,pending,100.0,"[8, 9]",ue4_qfi1,0,0,0,130.50000000000006,99.99999999999987,data,ok,2.0,,all_flows,,pending,0,32,0.0,1.0,all_flows,0,24,0.0,1.0,,ok,,False,PF,1960127675
ue7_qfi9,296.75,300.0,300.25,300.25,all_flows,ue7_qfi1,4.75,17.0,29.75,29.75,ok,0.31269370734954316,all_flows,0.12101960653329803,ok,100.0,ue7_qfi1,0,0,0,129.50000000000017,99.75000000000023,all_flows,100.0,ue7_qfi1,0,0,0,129.50000000000017,99.75000000000023,data,2.0,data,ok,2.0,False,,all_flows,False,,3,0,proxy,3,0,ue8_qfi2,0.0,147,150.0,all_flows,ue8_qfi2,0.0,147,150.0,ok,ue1_qfi2,21.795,all_flows,ue1_qfi2,21.795,ok,7,all_flows,7,8,ok,8,ue8_qfi2,0.0,all_flows,ue8_qfi2,0.0,ok,0.8814677262556943,all_flows,0.9165959523017948,5,0.9165502102615866,proxy,5,0.8749697956018868,64274752.0,ok,0.004354545454545455,ok,0.9342443181818182,0.1049546875,ok,ue1_qfi1,0.4897959183673469,49,100.0,all_flows,ue1_qfi1,0.4897959183673469,49,100.0,data,0.0,data,ok,0.0,ue7_qfi1,25.0,all_flows,ue7_qfi1,25.0,ok,30.2,ue7_qfi2,1,81.5,81.5,all_flows,30.2,ue7_qfi2,1,81.5,81.5,30.303,33.0,30.303,ok,33.0,,all_flows,,pending,,all_flows,,pending,100.0,"[8, 9]",ue7_qfi1,0,0,0,129.50000000000017,99.75000000000023,data,ok,2.0,,all_flows,,pending,3,32,5.0,1.0,all_flows,2,24,4.98325,1.0,ue8_qfi2,ok,ue8_qfi9,False,Reservation,1960127675
ue2_qfi9,21.75,52.0,55.75,58.0,all_flows,ue1_qfi2,6.0,20.075,23.971,29.449,ok,0.36394593223053695,all_flows,0.36841443717645966,ok,100.0,ue5_qfi1,0,0,0,199.7500000000003,100.24999999999994,all_flows,100.0,ue5_qfi1,0,0,0,199.7500000000003,100.24999999999994,data,2.0,data,ok,2.0,False,,all_flows,False,,3,0,proxy,3,0,ue6_qfi2,0.0,147,150.0,all_flows,ue6_qfi2,0.0,147,150.0,ok,ue5_qfi2,25.584,all_flows,ue5_qfi2,25.584,ok,5,all_flows,5,8,ok,8,ue6_qfi2,0.0,all_flows,ue6_qfi2,0.0,ok,0.7185556997046134,all_flows,0.7498155694476708,5,0.7495844801163017,proxy,5,0.7183010741326613,59364195.199999996,ok,0.0047954545454545455,ok,0.9319988636363636,0.0401203125,ok,ue5_qfi1,0.4791666666666667,48,100.0,all_flows,ue5_qfi1,0.4791666666666667,48,100.0,data,0.0,data,ok,0.0,ue3_qfi9,36.5,all_flows,ue1_qfi2,23.449,ok,30.2,ue4_qfi2,1,76.0,76.0,all_flows,30.2,ue4_qfi2,1,76.0,76.0,30.303,33.0,30.303,ok,33.0,,all_flows,,pending,,all_flows,,pending,100.0,"[8, 9]",ue5_qfi1,0,0,0,199.7500000000003,100.24999999999994,data,ok,2.0,,all_flows,,pending,9,32,5.0,1.0,all_flows,6,24,4.98325,1.0,ue6_qfi2,ok,ue6_qfi9,False,TwoTier,1960127675
ue8_qfi9,297.5,299.75,300.0,300.25,all_flows,ue6_qfi1,3.25,19.5,45.5,45.5,ok,0.2626367569306508,all_flows,0.0,ok,100.0,ue8_qfi1,0,0,0,131.7499999999998,100.00000000000054,all_flows,100.0,ue8_qfi1,0,0,0,131.7499999999998,100.00000000000054,data,2.0,data,ok,2.0,False,,all_flows,False,,3,0,proxy,3,0,ue8_qfi2,0.9868421052631579,152,150.0,all_flows,ue8_qfi2,0.9868421052631579,152,150.0,ok,ue6_qfi2,26.15,all_flows,ue6_qfi2,26.15,ok,8,all_flows,8,8,ok,8,ue8_qfi2,0.9602008000000001,all_flows,ue8_qfi2,0.9602008000000001,ok,0.9570795397101179,all_flows,0.9999487996411027,5,0.999912749261375,proxy,5,0.9522921854626755,68714368.0,ok,0.0051045454545454545,ok,0.9321090909090909,0.036790625,ok,ue6_qfi1,0.4489795918367347,49,100.0,all_flows,ue6_qfi1,0.4489795918367347,49,100.0,data,0.0,data,ok,0.0,ue6_qfi1,42.25,all_flows,ue6_qfi1,42.25,ok,30.4,ue1_qfi2,0,0.0,0.0,all_flows,30.4,ue1_qfi2,0,0.0,0.0,30.303,33.0,30.303,ok,33.0,,all_flows,,pending,,all_flows,,pending,100.0,"[8, 9]",ue8_qfi1,0,0,0,131.7499999999998,100.00000000000054,data,ok,2.0,,all_flows,,pending,0,32,0.0,1.0,all_flows,0,24,0.0,1.0,,ok,,False,PF,1081530686
ue6_qfi9,297.0,300.0,300.25,300.25,all_flows,ue7_qfi1,5.75,19.0,39.25,39.25,ok,0.27569991348531003,all_flows,0.12018799325427554,ok,100.0,ue3_qfi1,0,0,0,123.25000000000009,100.25,all_flows,100.0,ue3_qfi1,0,0,0,123.25000000000009,100.25,data,2.0,data,ok,2.0,False,,all_flows,False,,3,0,proxy,3,0,ue8_qfi2,0.0,148,150.0,all_flows,ue8_qfi2,0.0,148,150.0,ok,ue5_qfi2,21.123,all_flows,ue5_qfi2,21.123,ok,7,all_flows,7,8,ok,8,ue8_qfi2,0.0,all_flows,ue8_qfi2,0.0,ok,0.8876683677815823,all_flows,0.9165754391722818,5,0.9164752435966659,proxy,5,0.8846241887601229,67495843.2,ok,0.0041522727272727275,ok,0.9316681818181818,0.095796875,ok,ue3_qfi1,0.42857142857142855,49,100.0,all_flows,ue3_qfi1,0.42857142857142855,49,100.0,data,0.0,data,ok,0.0,ue7_qfi1,33.5,all_flows,ue7_qfi1,33.5,ok,30.2,ue2_qfi2,1,77.0,77.0,all_flows,30.2,ue2_qfi2,1,77.0,77.0,30.303,33.0,30.303,ok,33.0,,all_flows,,pending,,all_flows,,pending,100.0,"[8, 9]",ue3_qfi1,0,0,0,123.25000000000009,100.25,data,ok,2.0,,all_flows,,pending,3,32,5.0,1.0,all_flows,2,24,4.98325,1.0,ue8_qfi2,ok,ue8_qfi9,False,Reservation,1081530686
ue4_qfi9,22.5,49.0,54.25,61.5,all_flows,ue4_qfi2,7.25,18.91,23.92,33.359,ok,0.3625990208823571,all_flows,0.36501406717205287,ok,100.0,ue3_qfi1,0,0,0,111.0,99.99999999999987,all_flows,100.0,ue3_qfi1,0,0,0,111.0,99.99999999999987,data,2.0,data,ok,2.0,False,,all_flows,False,,3,0,proxy,3,0,ue6_qfi2,0.0,147,150.0,all_flows,ue6_qfi2,0.0,147,150.0,ok,ue2_qfi2,22.745,all_flows,ue2_qfi2,22.745,ok,5,all_flows,5,8,ok,8,ue6_qfi2,0.0,all_flows,ue6_qfi2,0.0,ok,0.7186620230692434,all_flows,0.7499563433026059,5,0.7498742488214508,proxy,5,0.7186318273903213,59600129.6,ok,0.005131818181818182,ok,0.9326227272727273,0.0363984375,ok,ue2_qfi1,0.4489795918367347,49,100.0,all_flows,ue2_qfi1,0.4489795918367347,49,100.0,data,0.0,data,ok,0.0,ue5_qfi9,42.5,all_flows,ue4_qfi2,26.109,ok,30.2,ue4_qfi2,1,74.75,74.75,all_flows,30.2,ue4_qfi2,1,74.75,74.75,30.303,33.0,30.303,ok,33.0,,all_flows,,pending,,all_flows,,pending,100.0,"[8, 9]",ue3_qfi1,0,0,0,111.0,99.99999999999987,data,ok,2.0,,all_flows,,pending,9,32,5.0,1.0,all_flows,6,24,4.98325,1.0,ue6_qfi2,ok,ue6_qfi9,False,TwoTier,1081530686
ue8_qfi9,298.0,300.0,300.25,300.25,all_flows,ue4_qfi1,4.25,19.75,28.5,28.5,ok,0.284654579347266,all_flows,0.0,ok,100.0,ue4_qfi1,0,0,0,126.24999999999974,99.99999999999964,all_flows,100.0,ue4_qfi1,0,0,0,126.24999999999974,99.99999999999964,data,2.0,data,ok,2.0,False,,all_flows,False,,3,0,proxy,3,0,ue3_qfi2,0.993421052631579,152,150.0,all_flows,ue3_qfi2,0.993421052631579,152,150.0,ok,ue6_qfi2,25.16,all_flows,ue6_qfi2,25.16,ok,8,all_flows,8,8,ok,8,ue3_qfi2,0.9573956,all_flows,ue3_qfi2,0.9573956,ok,0.9521185235072422,all_flows,0.9999455582096303,5,0.9999230094716451,proxy,5,0.943408086231358,66714992.0,ok,0.005313636363636363,ok,0.9345704545454545,0.0377265625,ok,ue6_qfi1,0.4489795918367347,49,100.0,all_flows,ue6_qfi1,0.4489795918367347,49,100.0,data,0.0,data,ok,0.0,ue4_qfi1,24.25,all_flows,ue4_qfi1,24.25,ok,30.2,ue6_qfi2,1,73.0,73.0,all_flows,30.2,ue6_qfi2,1,73.0,73.0,30.303,33.0,30.303,ok,33.0,,all_flows,,pending,,all_flows,,pending,100.0,"[8, 9]",ue4_qfi1,0,0,0,126.24999999999974,99.99999999999964,data,ok,2.0,,all_flows,,pending,0,32,0.0,1.0,all_flows,0,24,0.0,1.0,,ok,,False,PF,1302740407
ue8_qfi9,298.0,300.0,300.25,300.25,all_flows,ue8_qfi1,6.5,27.25,33.0,33.0,ok,0.3043706880370496,all_flows,0.0,ok,100.0,ue7_qfi1,0,0,0,128.50000000000028,99.50000000000037,all_flows,100.0,ue7_qfi1,0,0,0,128.50000000000028,99.50000000000037,data,2.0,data,ok,2.0,False,,all_flows,False,,3,0,proxy,3,0,ue8_qfi2,0.993421052631579,152,150.0,all_flows,ue8_qfi2,0.993421052631579,152,150.0,ok,ue8_qfi2,23.259,all_flows,ue8_qfi2,23.259,ok,8,all_flows,8,8,ok,8,ue3_qfi2,0.958666,all_flows,ue3_qfi2,0.958666,ok,0.9496445677255277,all_flows,0.9998686361539789,5,0.9997499446115423,proxy,5,0.9410765269763066,65807286.4,ok,0.004193181818181818,ok,0.9342375,0.1182671875,ok,ue1_qfi1,0.4897959183673469,49,100.0,all_flows,ue1_qfi1,0.4897959183673469,49,100.0,data,0.0,data,ok,0.0,ue8_qfi1,26.5,all_flows,ue8_qfi1,26.5,ok,30.2,ue8_qfi2,1,83.75,83.75,all_flows,30.2,ue8_qfi2,1,83.75,83.75,30.303,33.0,30.303,ok,33.0,,all_flows,,pending,,all_flows,,pending,100.0,"[8, 9]",ue7_qfi1,0,0,0,128.50000000000028,99.50000000000037,data,ok,2.0,,all_flows,,pending,0,32,0.0,1.0,all_flows,0,24,0.0,1.0,,ok,,False,Reservation,1302740407
ue4_qfi9,22.0,50.25,56.5,62.25,all_flows,ue3_qfi2,6.925,18.654,22.585,28.169,ok,0.3633174067085214,all_flows,0.367156032385047,ok,100.0,ue2_qfi1,0,0,0,115.49999999999994,100.00000000000054,all_flows,100.0,ue2_qfi1,0,0,0,115.49999999999994,100.00000000000054,data,2.0,data,ok,2.0,False,,all_flows,False,,3,0,proxy,3,0,ue6_qfi2,0.0,147,150.0,all_flows,ue6_qfi2,0.0,147,150.0,ok,ue5_qfi2,24.464,all_flows,ue5_qfi2,24.464,ok,5,all_flows,5,8,ok,8,ue6_qfi2,0.0,all_flows,ue6_qfi2,0.0,ok,0.7186618969857983,all_flows,0.7499573642091827,5,0.7499506895631401,proxy,5,0.7186171879938392,59523289.6,ok,0.005454545454545455,ok,0.9355534090909091,0.036371875,ok,ue2_qfi1,0.4489795918367347,49,100.0,all_flows,ue2_qfi1,0.4489795918367347,49,100.0,data,0.0,data,ok,0.0,ue4_qfi9,40.25,all_flows,ue3_qfi2,21.244,ok,30.4,ue1_qfi2,0,0.0,0.0,all_flows,30.4,ue1_qfi2,0,0.0,0.0,30.303,33.0,30.303,ok,33.0,,all_flows,,pending,,all_flows,,pending,100.0,"[8, 9]",ue2_qfi1,0,0,0,115.49999999999994,100.00000000000054,data,ok,2.0,,all_flows,,pending,9,32,5.0,1.0,all_flows,6,24,4.98325,1.0,ue6_qfi2,ok,ue6_qfi9,False,TwoTier,1302740407
ue8_qfi9,297.75,300.0,300.0,300.25,all_flows,ue7_qfi1,3.5,19.0,23.75,23.75,ok,0.2771819735061286,all_flows,0.0,ok,100.0,ue7_qfi1,0,0,0,122.74999999999991,100.00000000000009,all_flows,100.0,ue7_qfi1,0,0,0,122.74999999999991,100.00000000000009,data,2.0,data,ok,2.0,False,,all_flows,False,,3,0,proxy,3,0,ue1_qfi2,1.0,152,150.0,all_flows,ue1_qfi2,1.0,152,150.0,ok,ue6_qfi2,23.492,all_flows,ue6_qfi2,23.492,ok,8,all_flows,8,8,ok,8,ue6_qfi2,0.9596216,all_flows,ue6_qfi2,0.9596216,ok,0.9547565987170502,all_flows,0.9999476613731506,5,0.9999051544329665,proxy,5,0.9505977720534309,67392168.0,ok,0.005245454545454545,ok,0.9323579545454546,0.036453125,ok,ue7_qfi1,0.4897959183673469,49,100.0,all_flows,ue7_qfi1,0.4897959183673469,49,100.0,data,0.0,data,ok,0.0,ue7_qfi1,20.25,all_flows,ue7_qfi1,20.25,ok,30.4,ue1_qfi2,0,0.0,0.0,all_flows,30.4,ue1_qfi2,0,0.0,0.0,30.303,33.0,30.303,ok,33.0,,all_flows,,pending,,all_flows,,pending,100.0,"[8, 9]",ue7_qfi1,0,0,0,122.74999999999991,100.00000000000009,data,ok,2.0,,all_flows,,pending,0,32,0.0,1.0,all_flows,0,24,0.0,1.0,,ok,,False,PF,2084654369
ue7_qfi9,295.75,300.0,300.0,300.25,all_flows,ue5_qfi1,6.25,21.0,25.25,25.25,ok,0.2857699159331383,all_flows,0.12341575441650274,ok,100.0,ue3_qfi1,0,0,0,122.2500000000002,100.00000000000009,all_flows,100.0,ue3_qfi1,0,0,0,122.2500000000002,100.00000000000009,data,2.0,data,ok,2.0,False,,all_flows,False,,3,0,proxy,3,0,ue8_qfi2,0.0,148,150.0,all_flows,ue8_qfi2,0.0,148,150.0,ok,ue1_qfi2,21.48,all_flows,ue1_qfi2,21.48,ok,7,all_flows,7,8,ok,8,ue8_qfi2,0.0,all_flows,ue8_qfi2,0.0,ok,0.8875710782391083,all_flows,0.9165841655259465,5,0.9165500481876717,proxy,5,0.8856507119877416,66607347.2,ok,0.004175,ok,0.9326477272727273,0.094671875,ok,ue1_qfi1,0.46938775510204084,49,100.0,all_flows,ue1_qfi1,0.46938775510204084,49,100.0,data,0.0,data,ok,0.0,ue3_qfi1,19.5,all_flows,ue3_qfi1,19.5,ok,30.4,ue1_qfi2,0,0.0,0.0,all_flows,30.4,ue1_qfi2,0,0.0,0.0,30.303,33.0,30.303,ok,33.0,,all_flows,,pending,,all_flows,,pending,100.0,"[8, 9]",ue3_qfi1,0,0,0,122.2500000000002,100.00000000000009,data,ok,2.0,,all_flows,,pending,3,32,5.0,1.0,all_flows,2,24,4.98325,1.0,ue8_qfi2,ok,ue8_qfi9,False,Reservation,2084654369
ue5_qfi9,17.5,43.75,53.0,60.0,all_flows,ue4_qfi2,6.652,22.223,26.056,28.16,ok,0.36426879979197135,all_flows,0.3684870926656135,ok,100.0,ue1_qfi1,0,0,0,109.99999999999987,99.99999999999987,all_flows,100.0,ue1_qfi1,0,0,0,109.99999999999987,99.99999999999987,data,2.0,data,ok,2.0,False,,all_flows,False,,3,0,proxy,3,0,ue6_qfi2,0.0,147,150.0,all_flows,ue6_qfi2,0.0,147,150.0,ok,ue4_qfi2,24.977,all_flows,ue4_qfi2,24.977,ok,5,all_flows,5,8,ok,8,ue6_qfi2,0.0,all_flows,ue6_qfi2,0.0,ok,0.7186578288596768,all_flows,0.7499629700508079,5,0.7499164279167697,proxy,5,0.7185744531886508,59363248.0,ok,0.005134090909090909,ok,0.9329136363636363,0.036475,ok,ue2_qfi1,0.46938775510204084,49,100.0,all_flows,ue2_qfi1,0.46938775510204084,49,100.0,data,0.0,data,ok,0.0,ue5_qfi9,42.5,all_flows,ue4_qfi2,21.508,ok,30.4,ue1_qfi2,0,0.0,0.0,all_flows,30.4,ue1_qfi2,0,0.0,0.0,30.303,33.0,30.303,ok,33.0,,all_flows,,pending,,all_flows,,pending,100.0,"[8, 9]",ue1_qfi1,0,0,0,109.99999999999987,99.99999999999987,data,ok,2.0,,all_flows,,pending,9,32,5.0,1.0,all_flows,6,24,4.98325,1.0,ue6_qfi2,ok,ue6_qfi9,False,TwoTier,2084654369
ue8_qfi9,297.75,300.0,300.0,300.25,all_flows,ue3_qfi1,6.75,21.0,38.75,38.75,ok,0.2519879335391426,all_flows,0.0,ok,100.0,ue3_qfi1,0,0,0,130.00000000000034,99.75,all_flows,100.0,ue3_qfi1,0,0,0,130.00000000000034,99.75,data,2.0,data,ok,2.0,False,,all_flows,False,,3,0,proxy,3,0,ue1_qfi2,1.0,152,150.0,all_flows,ue1_qfi2,1.0,152,150.0,ok,ue3_qfi2,25.72,all_flows,ue3_qfi2,25.72,ok,8,all_flows,8,8,ok,8,ue5_qfi2,0.96768,all_flows,ue5_qfi2,0.96768,ok,0.9603661755985641,all_flows,0.9999364145373818,5,0.9999079778646366,proxy,5,0.9520027696891633,69748696.0,ok,0.00545,ok,0.9329727272727273,0.0340625,ok,ue5_qfi1,0.46938775510204084,49,100.0,all_flows,ue5_qfi1,0.46938775510204084,49,100.0,data,0.0,data,ok,0.0,ue3_qfi1,32.0,all_flows,ue3_qfi1,32.0,ok,30.4,ue1_qfi2,0,0.0,0.0,all_flows,30.4,ue1_qfi2,0,0.0,0.0,30.303,33.0,30.303,ok,33.0,,all_flows,,pending,,all_flows,,pending,100.0,"[8, 9]",ue3_qfi1,0,0,0,130.00000000000034,99.75,data,ok,2.0,,all_flows,,pending,0,32,0.0,1.0,all_flows,0,24,0.0,1.0,,ok,,False,PF,1566581934
ue8_qfi9,297.5,300.0,300.25,300.25,all_flows,ue3_qfi1,4.25,15.25,26.75,26.75,ok,0.2730852239851209,all_flows,0.0,ok,100.0,ue3_qfi1,0,0,0,126.50000000000006,100.00000000000054,all_flows,100.0,ue3_qfi1,0,0,0,126.50000000000006,100.00000000000054,data,2.0,data,ok,2.0,False,,all_flows,False,,3,0,proxy,3,0,ue6_qfi2,0.993421052631579,152,150.0,all_flows,ue6_qfi2,0.993421052631579,152,150.0,ok,ue8_qfi2,23.682,all_flows,ue8_qfi2,23.682,ok,8,all_flows,8,8,ok,8,ue5_qfi2,0.96768,all_flows,ue5_qfi2,0.96768,ok,0.9578052951801979,all_flows,0.9998813672439185,5,0.9998076183608164,proxy,5,0.9473584779539577,68592611.2,ok,0.004011363636363637,ok,0.9338522727272728,0.1065953125,ok,ue2_qfi1,0.4489795918367347,49,100.0,all_flows,ue2_qfi1,0.4489795918367347,49,100.0,data,0.0,data,ok,0.0,ue3_qfi1,22.5,all_flows,ue3_qfi1,22.5,ok,30.2,ue7_qfi2,1,66.75,66.75,all_flows,30.2,ue7_qfi2,1,66.75,66.75,30.303,33.0,30.303,ok,33.0,,all_flows,,pending,,all_flows,,pending,100.0,"[8, 9]",ue3_qfi1,0,0,0,126.50000000000006,100.00000000000054,data,ok,2.0,,all_flows,,pending,0,32,0.0,1.0,all_flows,0,24,0.0,1.0,,ok,,False,Reservation,1566581934
ue8_qfi9,298.25,300.0,300.25,300.25,all_flows,ue8_qfi2,10.843,78.5,121.258,131.001,ok,0.3013404505739934,all_flows,0.17427498813070677,ok,100.0,ue4_qfi1,0,0,0,154.25000000000023,99.99999999999997,all_flows,100.0,ue4_qfi1,0,0,0,154.25000000000023,99.99999999999997,data,2.0,data,ok,2.0,False,,all_flows,False,,3,0,proxy,3,0,ue7_qfi2,0.5263157894736842,152,150.0,all_flows,ue7_qfi2,0.5263157894736842,152,150.0,ok,ue8_qfi2,89.75,all_flows,ue8_qfi2,89.75,ok,5,all_flows,5,8,ok,8,ue8_qfi2,0.5094864,all_flows,ue8_qfi2,0.5094864,ok,0.8484641714133699,all_flows,0.8922931383861903,5,0.7499608533175677,proxy,5,0.7186667365319688,64834956.8,ok,0.005102272727272727,ok,0.9323204545454545,0.033309375,ok,ue1_qfi1,0.4489795918367347,49,100.0,all_flows,ue1_qfi1,0.4489795918367347,49,100.0,data,0.0,data,ok,0.0,ue5_qfi9,283.5,all_flows,ue7_qfi2,121.763,ok,30.4,ue4_qfi2,3,90.75,249.5,all_flows,30.4,ue4_qfi2,3,90.75,249.5,30.303,33.0,30.303,ok,33.0,,all_flows,,pending,,all_flows,,pending,100.0,"[8, 9]",ue4_qfi1,0,0,0,154.25000000000023,99.99999999999997,data,ok,2.0,,all_flows,,pending,9,32,2.5995,1.0,all_flows,6,24,2.5795,1.0,ue8_qfi1,ok,ue8_qfi9,False,TwoTier,1566581934
ue8_qfi9,296.75,299.75,300.0,300.25,all_flows,ue7_qfi1,4.5,16.75,39.25,39.25,ok,0.24651846836003236,all_flows,0.0,ok,100.0,ue5_qfi1,0,0,0,122.25,99.99999999999987,all_flows,100.0,ue5_qfi1,0,0,0,122.25,99.99999999999987,data,2.0,data,ok,2.0,False,,all_flows,False,,3,0,proxy,3,0,ue1_qfi2,1.0,152,150.0,all_flows,ue1_qfi2,1.0,152,150.0,ok,ue5_qfi2,23.655,all_flows,ue5_qfi2,23.655,ok,8,all_flows,8,8,ok,8,ue5_qfi2,0.9636292,all_flows,ue5_qfi2,0.9636292,ok,0.9620599262006534,all_flows,0.9999590781729756,5,0.9999421477065222,proxy,5,0.9526767073380412,70168004.8,ok,0.004590909090909091,ok,0.9322522727272727,0.0342546875,ok,ue8_qfi1,0.46938775510204084,49,100.0,all_flows,ue8_qfi1,0.46938775510204084,49,100.0,data,0.0,data,ok,0.0,ue7_qfi1,34.75,all_flows,ue7_qfi1,34.75,ok,30.4,ue1_qfi2,0,0.0,0.0,all_flows,30.4,ue1_qfi2,0,0.0,0.0,30.303,33.0,30.303,ok,33.0,,all_flows,,pending,,all_flows,,pending,100.0,"[8, 9]",ue5_qfi1,0,0,0,122.25,99.99999999999987,data,ok,2.0,,all_flows,,pending,0,32,0.0,1.0,all_flows,0,24,0.0,1.0,,ok,,False,PF,1357791198
ue8_qfi9,297.0,300.0,300.25,300.25,all_flows,ue7_qfi1,5.75,20.75,29.0,29.0,ok,0.26743149283403567,all_flows,0.0,ok,100.0,ue2_qfi1,0,0,0,127.00000000000023,99.49999999999991,all_flows,100.0,ue2_qfi1,0,0,0,127.00000000000023,99.49999999999991,data,2.0,data,ok,2.0,False,,all_flows,False,,3,0,proxy,3,0,ue5_qfi2,0.993421052631579,152,150.0,all_flows,ue5_qfi2,0.993421052631579,152,150.0,ok,ue5_qfi2,23.152,all_flows,ue5_qfi2,23.152,ok,8,all_flows,8,8,ok,8,ue5_qfi2,0.9608236,all_flows,ue5_qfi2,0.9608236,ok,0.959989019513673,all_flows,0.9999057616525396,5,0.9998733335790854,proxy,5,0.9492201620252276,69114656.0,ok,0.004020454545454546,ok,0.9331340909090909,0.107475,ok,ue3_qfi1,0.4489795918367347,49,100.0,all_flows,ue3_qfi1,0.4489795918367347,49,100.0,data,0.0,data,ok,0.0,ue7_qfi1,23.25,all_flows,ue7_qfi1,23.25,ok,30.2,ue5_qfi2,1,71.25,71.25,all_flows,30.2,ue5_qfi2,1,71.25,71.25,30.303,33.0,30.303,ok,33.0,,all_flows,,pending,,all_flows,,pending,100.0,"[8, 9]",ue2_qfi1,0,0,0,127.00000000000023,99.49999999999991,data,ok,2.0,,all_flows,,pending,0,32,0.0,1.0,all_flows,0,24,0.0,1.0,,ok,,False,Reservation,1357791198
ue7_qfi9,294.75,299.75,300.0,300.25,all_flows,ue8_qfi2,25.098,73.376,84.572,89.822,ok,0.24845411950012783,all_flows,0.00033336432812654867,ok,,ue8_qfi9,0,0,0,354.24999999999994,0.0,all_flows,100.0,ue8_qfi1,0,0,0,317.50000000000034,102.99999999999999,data,2.0,data,ok,2.0,False,,all_flows,False,,3,0,proxy,3,0,ue1_qfi2,1.0,152,150.0,all_flows,ue1_qfi2,1.0,152,150.0,ok,ue8_qfi2,82.75,all_flows,ue8_qfi2,82.75,ok,7,all_flows,7,8,ok,8,ue5_qfi2,0.947334,all_flows,ue5_qfi2,0.947334,ok,0.9336184956621221,all_flows,0.9907264885282153,5,0.9755820299606516,proxy,5,0.902204575799494,69912350.4,ok,0.004586363636363637,ok,0.9321079545454546,0.0337515625,ok,ue8_qfi1,0.45454545454545453,33,100.0,all_flows,ue8_qfi1,0.45454545454545453,33,100.0,data,0.0,data,ok,0.0,ue1_qfi9,107.0,all_flows,ue5_qfi1,76.25,ok,30.2,ue8_qfi2,8,113.5,743.25,all_flows,30.2,ue8_qfi2,8,113.5,743.25,30.303,33.0,30.303,ok,33.0,,all_flows,,pending,,all_flows,,pending,100.0,"[8, 9]",ue8_qfi1,0,0,0,317.50000000000034,102.99999999999999,data,ok,2.0,,all_flows,,pending,0,32,0.0,1.0,all_flows,0,24,0.0,1.0,,ok,,False,TwoTier,1357791198
ue8_qfi9,298.0,300.0,300.25,300.25,all_flows,ue5_qfi1,3.5,19.0,40.25,40.25,ok,0.2576637846861896,all_flows,0.0,ok,100.0,ue5_qfi1,0,0,0,138.74999999999994,99.75000000000023,all_flows,100.0,ue5_qfi1,0,0,0,138.74999999999994,99.75000000000023,data,2.0,data,ok,2.0,False,,all_flows,False,,3,0,proxy,3,0,ue8_qfi2,0.993421052631579,152,150.0,all_flows,ue8_qfi2,0.993421052631579,152,150.0,ok,ue1_qfi2,26.087,all_flows,ue1_qfi2,26.087,ok,8,all_flows,8,8,ok,8,ue5_qfi2,0.9549204,all_flows,ue5_qfi2,0.9549204,ok,0.958706105831453,all_flows,0.9999470322707523,5,0.999920511559192,proxy,5,0.9503988902064425,69115166.4,ok,0.0049068181818181815,ok,0.9343488636363636,0.03549375,ok,ue2_qfi1,0.46938775510204084,49,100.0,all_flows,ue2_qfi1,0.46938775510204084,49,100.0,data,0.0,data,ok,0.0,ue5_qfi1,36.75,all_flows,ue5_qfi1,36.75,ok,30.4,ue1_qfi2,0,0.0,0.0,all_flows,30.4,ue1_qfi2,0,0.0,0.0,30.303,33.0,30.303,ok,33.0,,all_flows,,pending,,all_flows,,pending,100.0,"[8, 9]",ue5_qfi1,0,0,0,138.74999999999994,99.75000000000023,data,ok,2.0,,all_flows,,pending,0,32,0.0,1.0,all_flows,0,24,0.0,1.0,,ok,,False,PF,1167425778
ue3_qfi9,287.25,299.0,299.5,300.0,all_flows,ue1_qfi1,4.25,16.75,25.5,25.5,ok,0.2666621563170429,all_flows,0.244022238499201,ok,100.0,ue5_qfi1,0,0,0,122.50000000000006,100.00000000000054,all_flows,100.0,ue5_qfi1,0,0,0,122.50000000000006,100.00000000000054,data,2.0,data,ok,2.0,False,,all_flows,False,,3,0,proxy,3,0,ue7_qfi2,0.0,147,150.0,all_flows,ue7_qfi2,0.0,147,150.0,ok,ue5_qfi2,19.209,all_flows,ue5_qfi2,19.209,ok,6,all_flows,6,8,ok,8,ue7_qfi2,0.0,all_flows,ue7_qfi2,0.0,ok,0.8099196011265322,all_flows,0.8332859216067673,5,0.8332625400649755,proxy,5,0.8088662002818263,67794968.0,ok,0.004165909090909091,ok,0.9309079545454545,0.08623125,ok,ue4_qfi1,0.46938775510204084,49,100.0,all_flows,ue4_qfi1,0.46938775510204084,49,100.0,data,0.0,data,ok,0.0,ue4_qfi9,173.0,all_flows,ue1_qfi1,21.25,ok,30.4,ue1_qfi2,0,0.0,0.0,all_flows,30.4,ue1_qfi2,0,0.0,0.0,30.303,33.0,30.303,ok,33.0,,all_flows,,pending,,all_flows,,pending,100.0,"[8, 9]",ue5_qfi1,0,0,0,122.50000000000006,100.00000000000054,data,ok,2.0,,all_flows,,pending,6,32,5.0,1.0,all_flows,4,24,4.98325,1.0,ue7_qfi2,ok,ue7_qfi9,False,Reservation,1167425778
ue5_qfi9,20.0,47.0,51.75,54.25,all_flows,ue5_qfi2,6.649,19.823,23.639,27.209,ok,0.3635938355299747,all_flows,0.36822219587935373,ok,100.0,ue5_qfi1,0,0,0,112.99999999999999,99.75000000000023,all_flows,100.0,ue5_qfi1,0,0,0,112.99999999999999,99.75000000000023,data,2.0,data,ok,2.0,False,,all_flows,False,,3,0,proxy,3,0,ue6_qfi2,0.0,147,150.0,all_flows,ue6_qfi2,0.0,147,150.0,ok,ue5_qfi2,22.823,all_flows,ue5_qfi2,22.823,ok,5,all_flows,5,8,ok,8,ue6_qfi2,0.0,all_flows,ue6_qfi2,0.0,ok,0.7187013422344084,all_flows,0.7499719951286703,5,0.7499526627798003,proxy,5,0.7186507157258698,59496144.0,ok,0.005034090909090909,ok,0.9351261363636364,0.035103125,ok,ue3_qfi1,0.46938775510204084,49,100.0,all_flows,ue3_qfi1,0.46938775510204084,49,100.0,data,0.0,data,ok,0.0,ue3_qfi9,35.75,all_flows,ue5_qfi2,20.56,ok,30.4,ue1_qfi2,0,0.0,0.0,all_flows,30.4,ue1_qfi2,0,0.0,0.0,30.303,33.0,30.303,ok,33.0,,all_flows,,pending,,all_flows,,pending,100.0,"[8, 9]",ue5_qfi1,0,0,0,112.99999999999999,99.75000000000023,data,ok,2.0,,all_flows,,pending,9,32,5.0,1.0,all_flows,6,24,4.98325,1.0,ue6_qfi2,ok,ue6_qfi9,False,TwoTier,1167425778
ue8_qfi9,297.5,300.0,300.0,300.25,all_flows,ue1_qfi1,5.5,24.25,79.25,79.25,ok,0.2714109613499771,all_flows,0.0,ok,100.0,ue1_qfi1,0,0,0,173.25000000000034,100.00000000000009,all_flows,100.0,ue1_qfi1,0,0,0,173.25000000000034,100.00000000000009,data,2.0,data,ok,2.0,False,,all_flows,False,,3,0,proxy,3,0,ue1_qfi2,1.0,152,150.0,all_flows,ue1_qfi2,1.0,152,150.0,ok,ue1_qfi2,26.611,all_flows,ue1_qfi2,26.611,ok,7,all_flows,7,8,ok,8,ue5_qfi2,0.9486644000000001,all_flows,ue5_qfi2,0.9486644000000001,ok,0.9561059852499392,all_flows,0.9999555114610155,5,0.9999041724629899,proxy,5,0.9388307108745091,67852385.6,ok,0.005306818181818182,ok,0.9309568181818182,0.03598125,ok,ue1_qfi1,0.46938775510204084,49,100.0,all_flows,ue1_qfi1,0.46938775510204084,49,100.0,data,0.0,data,ok,0.0,ue1_qfi1,73.75,all_flows,ue1_qfi1,73.75,ok,30.4,ue1_qfi2,0,0.0,0.0,all_flows,30.4,ue1_qfi2,0,0.0,0.0,30.303,33.0,30.303,ok,33.0,,all_flows,,pending,,all_flows,,pending,100.0,"[8, 9]",ue1_qfi1,0,0,0,173.25000000000034,100.00000000000009,data,ok,2.0,,all_flows,,pending,0,32,0.0,1.0,all_flows,0,24,0.0,1.0,,ok,,False,PF,1202413557
ue8_qfi9,297.25,300.0,300.25,300.25,all_flows,ue1_qfi1,6.0,19.75,27.0,27.0,ok,0.2899062860313456,all_flows,0.0,ok,100.0,ue2_qfi1,0,0,0,125.24999999999986,98.49999999999982,all_flows,100.0,ue2_qfi1,0,0,0,125.24999999999986,98.49999999999982,data,2.0,data,ok,2.0,False,,all_flows,False,,3,0,proxy,3,0,ue4_qfi2,0.993421052631579,152,150.0,all_flows,ue4_qfi2,0.993421052631579,152,150.0,ok,ue1_qfi2,24.468,all_flows,ue1_qfi2,24.468,ok,7,all_flows,7,8,ok,8,ue5_qfi2,0.9434796,all_flows,ue5_qfi2,0.9434796,ok,0.9540000486233883,all_flows,0.999895172143232,5,0.9998174068875828,proxy,5,0.9373535931269404,67024352.0,ok,0.004088636363636364,ok,0.9318465909090909,0.11294375,ok,ue8_qfi1,0.4489795918367347,49,100.0,all_flows,ue8_qfi1,0.4489795918367347,49,100.0,data,0.0,data,ok,0.0,ue1_qfi1,21.0,all_flows,ue1_qfi1,21.0,ok,30.4,ue1_qfi2,0,0.0,0.0,all_flows,30.4,ue1_qfi2,0,0.0,0.0,30.303,33.0,30.303,ok,33.0,,all_flows,,pending,,all_flows,,pending,100.0,"[8, 9]",ue2_qfi1,0,0,0,125.24999999999986,98.49999999999982,data,ok,2.0,,all_flows,,pending,0,32,0.0,1.0,all_flows,0,24,0.0,1.0,,ok,,False,Reservation,1202413557
ue6_qfi9,97.25,298.0,299.25,299.75,all_flows,ue6_qfi2,8.0,45.75,106.033,129.736,ok,0.31388856930575243,all_flows,0.302858156355164,ok,100.0,ue3_qfi1,0,0,0,162.49999999999966,99.49999999999991,all_flows,100.0,ue3_qfi1,0,0,0,162.49999999999966,99.49999999999991,data,2.0,data,ok,2.0,False,,all_flows,False,,3,0,proxy,3,0,ue7_qfi2,0.0,147,150.0,all_flows,ue7_qfi2,0.0,147,150.0,ok,ue6_qfi2,49.301,all_flows,ue6_qfi2,49.301,ok,4,all_flows,4,8,ok,8,ue7_qfi2,0.0,all_flows,ue7_qfi2,0.0,ok,0.7703393464979524,all_flows,0.7977202857316862,5,0.7499832613133453,proxy,5,0.7187067868295263,63234828.8,ok,0.004663636363636364,ok,0.9310920454545455,0.0361953125,ok,ue2_qfi1,0.4897959183673469,49,100.0,all_flows,ue2_qfi1,0.4897959183673469,49,100.0,data,0.0,data,ok,0.0,ue1_qfi9,276.75,all_flows,ue6_qfi2,121.73599999999999,ok,30.4,ue5_qfi2,9,95.25,706.75,all_flows,30.4,ue5_qfi2,9,95.25,706.75,30.303,33.0,30.303,ok,33.0,,all_flows,,pending,,all_flows,,pending,100.0,"[8, 9]",ue3_qfi1,0,0,0,162.49999999999966,99.49999999999991,data,ok,2.0,,all_flows,,pending,9,32,5.0,1.0,all_flows,6,24,4.98325,1.0,ue7_qfi2,ok,ue7_qfi9,False,TwoTier,1202413557
ue8_qfi9,297.25,299.75,300.0,300.25,all_flows,ue7_qfi1,8.0,22.0,29.25,29.25,ok,0.27971139592061034,all_flows,0.0,ok,100.0,ue6_qfi1,0,0,0,127.49999999999994,99.5,all_flows,100.0,ue6_qfi1,0,0,0,127.49999999999994,99.5,data,2.0,data,ok,2.0,False,,all_flows,False,,3,0,proxy,3,0,ue1_qfi2,1.0,152,150.0,all_flows,ue1_qfi2,1.0,152,150.0,ok,ue7_qfi2,27.182,all_flows,ue7_qfi2,27.182,ok,8,all_flows,8,8,ok,8,ue6_qfi2,0.9632136,all_flows,ue6_qfi2,0.9632136,ok,0.9535034179449747,all_flows,0.9999634829873083,5,0.9999359494080257,proxy,5,0.9441168874052279,67119078.4,ok,0.0052681818181818186,ok,0.9312920454545455,0.0381609375,ok,ue1_qfi1,0.4489795918367347,49,100.0,all_flows,ue1_qfi1,0.4489795918367347,49,100.0,data,0.0,data,ok,0.0,ue6_qfi1,25.25,all_flows,ue6_qfi1,25.25,ok,30.4,ue1_qfi2,0,0.0,0.0,all_flows,30.4,ue1_qfi2,0,0.0,0.0,30.303,33.0,30.303,ok,33.0,,all_flows,,pending,,all_flows,,pending,100.0,"[8, 9]",ue6_qfi1,0,0,0,127.49999999999994,99.5,data,ok,2.0,,all_flows,,pending,0,32,0.0,1.0,all_flows,0,24,0.0,1.0,,ok,,False,PF,2008052738
ue7_qfi9,297.25,300.0,300.25,300.25,all_flows,ue5_qfi1,3.5,19.5,25.5,25.5,ok,0.2974000947664494,all_flows,0.12051732638715469,ok,100.0,ue4_qfi1,0,0,0,124.74999999999969,99.74999999999979,all_flows,100.0,ue4_qfi1,0,0,0,124.74999999999969,99.74999999999979,data,2.0,data,ok,2.0,False,,all_flows,False,,3,0,proxy,3,0,ue8_qfi2,0.0,147,150.0,all_flows,ue8_qfi2,0.0,147,150.0,ok,ue7_qfi2,22.112,all_flows,ue7_qfi2,22.112,ok,7,all_flows,7,8,ok,8,ue8_qfi2,0.0,all_flows,ue8_qfi2,0.0,ok,0.8847349177013127,all_flows,0.9165786672167062,5,0.9165525713432604,proxy,5,0.8767815628843124,65493089.6,ok,0.004211363636363636,ok,0.9319238636363636,0.101271875,ok,ue3_qfi1,0.46938775510204084,49,100.0,all_flows,ue3_qfi1,0.46938775510204084,49,100.0,data,0.0,data,ok,0.0,ue5_qfi1,22.0,all_flows,ue5_qfi1,22.0,ok,30.2,ue1_qfi2,0,0.0,0.0,all_flows,30.2,ue1_qfi2,0,0.0,0.0,30.303,33.0,30.303,ok,33.0,,all_flows,,pending,,all_flows,,pending,100.0,"[8, 9]",ue4_qfi1,0,0,0,124.74999999999969,99.74999999999979,data,ok,2.0,,all_flows,,pending,3,32,5.0,1.0,all_flows,2,24,4.98325,1.0,ue8_qfi2,ok,ue8_qfi9,False,Reservation,2008052738
ue5_qfi9,20.75,40.5,47.5,52.25,all_flows,ue2_qfi2,6.598,20.493,25.025,28.275,ok,0.3623032058011668,all_flows,0.3641693328902511,ok,100.0,ue3_qfi1,0,0,0,114.24999999999974,100.50000000000003,all_flows,100.0,ue3_qfi1,0,0,0,114.24999999999974,100.50000000000003,data,2.0,data,ok,2.0,False,,all_flows,False,,3,0,proxy,3,0,ue6_qfi2,0.0,147,150.0,all_flows,ue6_qfi2,0.0,147,150.0,ok,ue5_qfi2,22.984,all_flows,ue5_qfi2,22.984,ok,5,all_flows,5,8,ok,8,ue6_qfi2,0.0,all_flows,ue6_qfi2,0.0,ok,0.7186735848676354,all_flows,0.7499675167485762,5,0.7499572352524162,proxy,5,0.7185882773593354,59572292.8,ok,0.005106818181818182,ok,0.9322977272727273,0.0385359375,ok,ue3_qfi1,0.42857142857142855,49,100.0,all_flows,ue3_qfi1,0.42857142857142855,49,100.0,data,0.0,data,ok,0.0,ue1_qfi9,34.5,all_flows,ue2_qfi2,21.677,ok,30.4,ue1_qfi2,0,0.0,0.0,all_flows,30.4,ue1_qfi2,0,0.0,0.0,30.303,33.0,30.303,ok,33.0,,all_flows,,pending,,all_flows,,pending,100.0,"[8, 9]",ue3_qfi1,0,0,0,114.24999999999974,100.50000000000003,data,ok,2.0,,all_flows,,pending,9,32,5.0,1.0,all_flows,6,24,4.98325,1.0,ue6_qfi2,ok,ue6_qfi9,False,TwoTier,2008052738
ue8_qfi9,297.75,300.0,300.0,300.25,all_flows,ue3_qfi1,6.0,26.0,59.25,59.25,ok,0.2840860654350281,all_flows,0.0,ok,100.0,ue3_qfi1,0,0,0,143.24999999999966,99.74999999999935,all_flows,100.0,ue3_qfi1,0,0,0,143.24999999999966,99.74999999999935,data,2.0,data,ok,2.0,False,,all_flows,False,,3,0,proxy,3,0,ue3_qfi2,0.9868421052631579,152,150.0,all_flows,ue3_qfi2,0.9868421052631579,152,150.0,ok,ue3_qfi2,27.831,all_flows,ue3_qfi2,27.831,ok,8,all_flows,8,8,ok,8,ue1_qfi2,0.9576,all_flows,ue1_qfi2,0.9576,ok,0.9522815839861749,all_flows,0.9999551624797176,5,0.9999192086662796,proxy,5,0.946425482734362,66760012.8,ok,0.005454545454545455,ok,0.9294965909090909,0.0371453125,ok,ue4_qfi1,0.46938775510204084,49,100.0,all_flows,ue4_qfi1,0.46938775510204084,49,100.0,data,0.0,data,ok,0.0,ue3_qfi1,53.25,all_flows,ue3_qfi1,53.25,ok,30.4,ue1_qfi2,0,0.0,0.0,all_flows,30.4,ue1_qfi2,0,0.0,0.0,30.303,33.0,30.303,ok,33.0,,all_flows,,pending,,all_flows,,pending,100.0,"[8, 9]",ue3_qfi1,0,0,0,143.24999999999966,99.74999999999935,data,ok,2.0,,all_flows,,pending,0,32,0.0,1.0,all_flows,0,24,0.0,1.0,,ok,,False,PF,595598245
ue7_qfi9,297.25,300.0,300.25,300.25,all_flows,ue2_qfi1,5.75,21.25,24.0,24.0,ok,0.29186871904751605,all_flows,0.12144946614762357,ok,100.0,ue2_qfi1,0,0,0,123.7499999999998,99.99999999999987,all_flows,100.0,ue2_qfi1,0,0,0,123.7499999999998,99.99999999999987,data,2.0,data,ok,2.0,False,,all_flows,False,,3,0,proxy,3,0,ue8_qfi2,0.0,147,150.0,all_flows,ue8_qfi2,0.0,147,150.0,ok,ue6_qfi2,21.36,all_flows,ue6_qfi2,21.36,ok,7,all_flows,7,8,ok,8,ue8_qfi2,0.0,all_flows,ue8_qfi2,0.0,ok,0.8856821584720074,all_flows,0.9165768437358878,5,0.9165217223454757,proxy,5,0.8835885333121247,66034912.0,ok,0.004465909090909091,ok,0.9306147727272728,0.0956265625,ok,ue4_qfi1,0.4897959183673469,49,100.0,all_flows,ue4_qfi1,0.4897959183673469,49,100.0,data,0.0,data,ok,0.0,ue3_qfi1,18.75,all_flows,ue3_qfi1,18.75,ok,30.4,ue1_qfi2,0,0.0,0.0,all_flows,30.4,ue1_qfi2,0,0.0,0.0,30.303,33.0,30.303,ok,33.0,,all_flows,,pending,,all_flows,,pending,100.0,"[8, 9]",ue2_qfi1,0,0,0,123.7499999999998,99.99999999999987,data,ok,2.0,,all_flows,,pending,3,32,5.0,1.0,all_flows,2,24,4.98325,1.0,ue8_qfi2,ok,ue8_qfi9,False,Reservation,595598245
ue8_qfi9,297.5,300.0,300.0,300.25,all_flows,ue6_qfi2,12.808,53.513,92.516,114.832,ok,0.29968288243027114,all_flows,0.08842700325421236,ok,100.0,ue7_qfi1,0,0,0,401.75000000000074,146.37500000000003,all_flows,100.0,ue7_qfi1,0,0,0,401.75000000000074,146.37500000000003,data,2.0,data,ok,2.0,False,,all_flows,False,,3,0,proxy,3,0,ue7_qfi2,0.76,150,150.0,all_flows,ue7_qfi2,0.76,150,150.0,ok,ue7_qfi2,83.895,all_flows,ue7_qfi2,83.895,ok,5,all_flows,5,8,ok,8,ue7_qfi2,0.7220524,all_flows,ue7_qfi2,0.7220524,ok,0.8810709665538787,all_flows,0.9380083052097238,5,0.749991374543511,proxy,5,0.7186778030116896,64754854.4,ok,0.005381818181818182,ok,0.9296420454545454,0.035890625,ok,ue7_qfi1,0.2777777777777778,18,100.0,all_flows,ue7_qfi1,0.2777777777777778,18,100.0,data,0.0,data,ok,0.0,ue1_qfi9,152.75,all_flows,ue6_qfi2,102.024,ok,22.8,ue7_qfi2,7,85.5,533.25,all_flows,22.8,ue7_qfi2,7,85.5,533.25,30.303,33.0,30.303,ok,33.0,,all_flows,,pending,,all_flows,,pending,100.0,"[8, 9]",ue7_qfi1,0,0,0,401.75000000000074,146.37500000000003,data,ok,2.0,,all_flows,,pending,9,32,1.4085,1.0,all_flows,6,24,1.3880000000000001,1.0,ue6_qfi1,ok,ue6_qfi9,False,TwoTier,595598245
ue8_qfi9,297.75,300.0,300.0,300.25,all_flows,ue7_qfi1,4.75,19.0,59.5,59.5,ok,0.27625226644682516,all_flows,0.0,ok,100.0,ue7_qfi1,0,0,0,157.75000000000006,99.75,all_flows,100.0,ue7_qfi1,0,0,0,157.75000000000006,99.75,data,2.0,data,ok,2.0,False,,all_flows,False,,3,0,proxy,3,0,ue5_qfi2,0.993421052631579,152,150.0,all_flows,ue5_qfi2,0.993421052631579,152,150.0,ok,ue7_qfi2,26.427,all_flows,ue7_qfi2,26.427,ok,8,all_flows,8,8,ok,8,ue6_qfi2,0.9574796,all_flows,ue6_qfi2,0.9574796,ok,0.9547934983375317,all_flows,0.999943598422085,5,0.9999000923752758,proxy,5,0.9451333632981905,67472545.6,ok,0.005004545454545454,ok,0.9326420454545454,0.036125,ok,ue3_qfi1,0.5102040816326531,49,100.0,all_flows,ue3_qfi1,0.5102040816326531,49,100.0,data,0.0,data,ok,0.0,ue7_qfi1,54.75,all_flows,ue7_qfi1,54.75,ok,30.2,ue5_qfi2,1,66.25,66.25,all_flows,30.2,ue5_qfi2,1,66.25,66.25,30.303,33.0,30.303,ok,33.0,,all_flows,,pending,,all_flows,,pending,100.0,"[8, 9]",ue7_qfi1,0,0,0,157.75000000000006,99.75,data,ok,2.0,,all_flows,,pending,0,32,0.0,1.0,all_flows,0,24,0.0,1.0,,ok,,False,PF,1752032165
ue7_qfi9,297.5,300.0,300.25,300.25,all_flows,ue5_qfi1,4.5,18.25,24.75,24.75,ok,0.28617137477023336,all_flows,0.1202208764724953,ok,100.0,ue1_qfi1,0,0,0,123.7499999999998,99.25000000000006,all_flows,100.0,ue1_qfi1,0,0,0,123.7499999999998,99.25000000000006,data,2.0,data,ok,2.0,False,,all_flows,False,,3,0,proxy,3,0,ue8_qfi2,0.0,147,150.0,all_flows,ue8_qfi2,0.0,147,150.0,ok,ue7_qfi2,22.476,all_flows,ue7_qfi2,22.476,ok,7,all_flows,7,8,ok,8,ue8_qfi2,0.0,all_flows,ue8_qfi2,0.0,ok,0.8868676856953203,all_flows,0.916583196717115,5,0.9165450568638079,proxy,5,0.8782849680547173,66481753.6,ok,0.0040659090909090905,ok,0.9321818181818182,0.093934375,ok,ue3_qfi1,0.42857142857142855,49,100.0,all_flows,ue3_qfi1,0.42857142857142855,49,100.0,data,0.0,data,ok,0.0,ue5_qfi1,20.25,all_flows,ue5_qfi1,20.25,ok,30.4,ue1_qfi2,0,0.0,0.0,all_flows,30.4,ue1_qfi2,0,0.0,0.0,30.303,33.0,30.303,ok,33.0,,all_flows,,pending,,all_flows,,pending,100.0,"[8, 9]",ue1_qfi1,0,0,0,123.7499999999998,99.25000000000006,data,ok,2.0,,all_flows,,pending,3,32,5.0,1.0,all_flows,2,24,4.98325,1.0,ue8_qfi2,ok,ue8_qfi9,False,Reservation,1752032165
ue1_qfi9,14.75,42.75,53.75,63.0,all_flows,ue5_qfi2,6.876,18.943,24.165,31.065,ok,0.3626296018847328,all_flows,0.36504714040414793,ok,100.0,ue5_qfi1,0,0,0,114.00000000000033,100.24999999999994,all_flows,100.0,ue5_qfi1,0,0,0,114.00000000000033,100.24999999999994,data,2.0,data,ok,2.0,False,,all_flows,False,,3,0,proxy,3,0,ue6_qfi2,0.0,148,150.0,all_flows,ue6_qfi2,0.0,148,150.0,ok,ue3_qfi2,22.102,all_flows,ue3_qfi2,22.102,ok,5,all_flows,5,8,ok,8,ue6_qfi2,0.0,all_flows,ue6_qfi2,0.0,ok,0.7186749491976517,all_flows,0.7499663911096328,5,0.7499517966968318,proxy,5,0.7186364857587696,59546152.0,ok,0.005154545454545454,ok,0.9325829545454546,0.0360515625,ok,ue5_qfi1,0.46938775510204084,49,100.0,all_flows,ue5_qfi1,0.46938775510204084,49,100.0,data,0.0,data,ok,0.0,ue1_qfi9,48.25,all_flows,ue5_qfi2,24.189,ok,30.4,ue1_qfi2,0,0.0,0.0,all_flows,30.4,ue1_qfi2,0,0.0,0.0,30.303,33.0,30.303,ok,33.0,,all_flows,,pending,,all_flows,,pending,100.0,"[8, 9]",ue5_qfi1,0,0,0,114.00000000000033,100.24999999999994,data,ok,2.0,,all_flows,,pending,9,32,5.0,1.0,all_flows,6,24,4.98325,1.0,ue6_qfi2,ok,ue6_qfi9,False,TwoTier,1752032165
ue8_qfi9,298.25,300.0,300.25,300.25,all_flows,ue4_qfi2,9.041,20.518,24.508,28.459,ok,0.3011103904006467,all_flows,0.0,ok,100.0,ue2_qfi1,0,0,0,123.25000000000009,99.49999999999991,all_flows,100.0,ue2_qfi1,0,0,0,123.25000000000009,99.49999999999991,data,2.0,data,ok,2.0,False,,all_flows,False,,3,0,proxy,3,0,ue1_qfi2,1.0,152,150.0,all_flows,ue1_qfi2,1.0,152,150.0,ok,ue4_qfi2,26.966,all_flows,ue4_qfi2,26.966,ok,8,all_flows,8,8,ok,8,ue6_qfi2,0.9598824,all_flows,ue6_qfi2,0.9598824,ok,0.9475989265894981,all_flows,0.9999515130287607,5,0.9999145378757336,proxy,5,0.9416349293290103,65351342.4,ok,0.005243181818181818,ok,0.9314670454545455,0.03889375,ok,ue5_qfi1,0.4897959183673469,49,100.0,all_flows,ue5_qfi1,0.4897959183673469,49,100.0,data,0.0,data,ok,0.0,ue6_qfi1,22.75,all_flows,ue6_qfi1,22.75,ok,30.4,ue1_qfi2,0,0.0,0.0,all_flows,30.4,ue1_qfi2,0,0.0,0.0,30.303,33.0,30.303,ok,33.0,,all_flows,,pending,,all_flows,,pending,100.0,"[8, 9]",ue2_qfi1,0,0,0,123.25000000000009,99.49999999999991,data,ok,2.0,,all_flows,,pending,0,32,0.0,1.0,all_flows,0,24,0.0,1.0,,ok,,False,PF,1440696407
ue7_qfi9,296.75,300.0,300.25,300.25,all_flows,ue1_qfi1,5.75,19.25,25.25,25.25,ok,0.31158242461724983,all_flows,0.12342152997418152,ok,100.0,ue1_qfi1,0,0,0,125.0,99.74999999999979,all_flows,100.0,ue1_qfi1,0,0,0,125.0,99.74999999999979,data,2.0,data,ok,2.0,False,,all_flows,False,,3,0,proxy,3,0,ue8_qfi2,0.0,148,150.0,all_flows,ue8_qfi2,0.0,148,150.0,ok,ue1_qfi2,22.087,all_flows,ue1_qfi2,22.087,ok,7,all_flows,7,8,ok,8,ue8_qfi2,0.0,all_flows,ue8_qfi2,0.0,ok,0.8825049280386826,all_flows,0.916599637575254,5,0.9165757611225541,proxy,5,0.8786710719397332,64330721.6,ok,0.0045340909090909095,ok,0.9307386363636364,0.1008859375,ok,ue3_qfi1,0.4489795918367347,49,100.0,all_flows,ue3_qfi1,0.4489795918367347,49,100.0,data,0.0,data,ok,0.0,ue1_qfi1,19.5,all_flows,ue1_qfi1,19.5,ok,30.2,ue4_qfi2,1,75.0,75.0,all_flows,30.2,ue4_qfi2,1,75.0,75.0,30.303,33.0,30.303,ok,33.0,,all_flows,,pending,,all_flows,,pending,100.0,"[8, 9]",ue1_qfi1,0,0,0,125.0,99.74999999999979,data,ok,2.0,,all_flows,,pending,3,32,5.0,1.0,all_flows,2,24,4.98325,1.0,ue8_qfi2,ok,ue8_qfi9,False,Reservation,1440696407
ue4_qfi9,23.25,56.5,64.0,71.75,all_flows,ue5_qfi2,7.0,22.106,28.307,38.777,ok,0.36369998948828863,all_flows,0.36710836386521584,ok,100.0,ue4_qfi1,0,0,0,117.0,100.00000000000009,all_flows,100.0,ue4_qfi1,0,0,0,117.0,100.00000000000009,data,2.0,data,ok,2.0,False,,all_flows,False,,3,0,proxy,3,0,ue6_qfi2,0.0,148,150.0,all_flows,ue6_qfi2,0.0,148,150.0,ok,ue5_qfi2,24.605,all_flows,ue5_qfi2,24.605,ok,5,all_flows,5,8,ok,8,ue6_qfi2,0.0,all_flows,ue6_qfi2,0.0,ok,0.718654344828228,all_flows,0.7499776508688584,5,0.7499567560270983,proxy,5,0.7186093900767732,59438057.6,ok,0.005279545454545454,ok,0.9319704545454546,0.037771875,ok,ue1_qfi1,0.46938775510204084,49,100.0,all_flows,ue1_qfi1,0.46938775510204084,49,100.0,data,0.0,data,ok,0.0,ue1_qfi9,49.5,all_flows,ue5_qfi2,31.777,ok,30.4,ue5_qfi2,1,70.0,70.0,all_flows,30.4,ue5_qfi2,1,70.0,70.0,30.303,33.0,30.303,ok,33.0,,all_flows,,pending,,all_flows,,pending,100.0,"[8, 9]",ue4_qfi1,0,0,0,117.0,100.00000000000009,data,ok,2.0,,all_flows,,pending,9,32,5.0,1.0,all_flows,6,24,4.98325,1.0,ue6_qfi2,ok,ue6_qfi9,False,TwoTier,1440696407
ue8_qfi9,297.75,300.0,300.0,300.25,all_flows,ue8_qfi1,4.25,17.25,31.5,31.5,ok,0.28737704807128767,all_flows,0.0,ok,100.0,ue5_qfi1,0,0,0,125.74999999999959,99.75,all_flows,100.0,ue5_qfi1,0,0,0,125.74999999999959,99.75,data,2.0,data,ok,2.0,False,,all_flows,False,,3,0,proxy,3,0,ue1_qfi2,1.0,152,150.0,all_flows,ue1_qfi2,1.0,152,150.0,ok,ue6_qfi2,24.757,all_flows,ue6_qfi2,24.757,ok,8,all_flows,8,8,ok,8,ue6_qfi2,0.9582951999999999,all_flows,ue6_qfi2,0.9582951999999999,ok,0.9512654697301782,all_flows,0.999930293736336,5,0.9998861169581957,proxy,5,0.9437556964575341,66461212.8,ok,0.0054477272727272725,ok,0.9357420454545454,0.0382234375,ok,ue7_qfi1,0.5102040816326531,49,100.0,all_flows,ue7_qfi1,0.5102040816326531,49,100.0,data,0.0,data,ok,0.0,ue8_qfi1,27.25,all_flows,ue8_qfi1,27.25,ok,30.4,ue1_qfi2,0,0.0,0.0,all_flows,30.4,ue1_qfi2,0,0.0,0.0,30.303,33.0,30.303,ok,33.0,,all_flows,,pending,,all_flows,,pending,100.0,"[8, 9]",ue5_qfi1,0,0,0,125.74999999999959,99.75,data,ok,2.0,,all_flows,,pending,0,32,0.0,1.0,all_flows,0,24,0.0,1.0,,ok,,False,PF,5880883
ue7_qfi9,295.5,299.75,300.0,300.25,all_flows,ue5_qfi1,4.75,19.25,26.0,26.0,ok,0.3002162721042066,all_flows,0.12199527213237701,ok,100.0,ue5_qfi1,0,0,0,121.75000000000003,100.24999999999994,all_flows,100.0,ue5_qfi1,0,0,0,121.75000000000003,100.24999999999994,data,2.0,data,ok,2.0,False,,all_flows,False,,3,0,proxy,3,0,ue8_qfi2,0.0,148,150.0,all_flows,ue8_qfi2,0.0,148,150.0,ok,ue7_qfi2,21.693,all_flows,ue7_qfi2,21.693,ok,7,all_flows,7,8,ok,8,ue8_qfi2,0.0,all_flows,ue8_qfi2,0.0,ok,0.8841433659533934,all_flows,0.9165519913506138,5,0.9164959780627789,proxy,5,0.8757793816242051,65279040.0,ok,0.0042204545454545455,ok,0.9334363636363636,0.0976078125,ok,ue5_qfi1,0.40816326530612246,49,100.0,all_flows,ue5_qfi1,0.40816326530612246,49,100.0,data,0.0,data,ok,0.0,ue5_qfi1,21.25,all_flows,ue5_qfi1,21.25,ok,30.4,ue1_qfi2,0,0.0,0.0,all_flows,30.4,ue1_qfi2,0,0.0,0.0,30.303,33.0,30.303,ok,33.0,,all_flows,,pending,,all_flows,,pending,100.0,"[8, 9]",ue5_qfi1,0,0,0,121.75000000000003,100.24999999999994,data,ok,2.0,,all_flows,,pending,3,32,5.0,1.0,all_flows,2,24,4.98325,1.0,ue8_qfi2,ok,ue8_qfi9,False,Reservation,5880883
ue6_qfi9,269.25,299.75,300.0,300.25,all_flows,ue6_qfi2,9.159,27.575,53.609,106.969,ok,0.2851728669748568,all_flows,0.0003826894167190781,ok,100.0,ue7_qfi1,0,0,0,342.5,104.49999999999982,all_flows,100.0,ue7_qfi1,0,0,0,342.5,104.49999999999982,data,2.0,data,ok,2.0,False,,all_flows,False,,3,0,proxy,3,0,ue1_qfi2,1.0,152,150.0,all_flows,ue1_qfi2,1.0,152,150.0,ok,ue7_qfi2,84.194,all_flows,ue7_qfi2,84.194,ok,8,all_flows,8,8,ok,8,ue6_qfi2,0.95766,all_flows,ue6_qfi2,0.95766,ok,0.9251525531031859,all_flows,0.9915554359778407,5,0.9850036459460435,proxy,5,0.909290305406598,66197244.8,ok,0.005397727272727273,ok,0.9361170454545454,0.0376375,ok,ue7_qfi1,0.3870967741935484,31,100.0,all_flows,ue7_qfi1,0.3870967741935484,31,100.0,data,0.0,data,ok,0.0,ue6_qfi2,97.80999999999999,all_flows,ue6_qfi2,97.80999999999999,ok,30.4,ue7_qfi2,7,108.5,643.0,all_flows,30.4,ue7_qfi2,7,108.5,643.0,30.303,33.0,30.303,ok,33.0,,all_flows,,pending,,all_flows,,pending,100.0,"[8, 9]",ue7_qfi1,0,0,0,342.5,104.49999999999982,data,ok,2.0,,all_flows,,pending,0,32,0.0,1.0,all_flows,0,24,0.0,1.0,,ok,,False,TwoTier,5880883
ue8_qfi9,298.0,300.0,300.0,300.25,all_flows,ue3_qfi1,3.5,17.75,29.0,29.0,ok,0.27428366221111206,all_flows,0.0,ok,100.0,ue4_qfi1,0,0,0,122.99999999999977,99.49999999999991,all_flows,100.0,ue4_qfi1,0,0,0,122.99999999999977,99.49999999999991,data,2.0,data,ok,2.0,False,,all_flows,False,,3,0,proxy,3,0,ue1_qfi2,1.0,152,150.0,all_flows,ue1_qfi2,1.0,152,150.0,ok,ue2_qfi2,26.754,all_flows,ue2_qfi2,26.754,ok,8,all_flows,8,8,ok,8,ue3_qfi2,0.9626796,all_flows,ue3_qfi2,0.9626796,ok,0.9551524903104429,all_flows,0.9999479491893041,5,0.9999143333666765,proxy,5,0.9481896449647506,67663750.4,ok,0.005240909090909091,ok,0.9310295454545454,0.036503125,ok,ue1_qfi1,0.4489795918367347,49,100.0,all_flows,ue1_qfi1,0.4489795918367347,49,100.0,data,0.0,data,ok,0.0,ue3_qfi1,25.5,all_flows,ue3_qfi1,25.5,ok,30.4,ue1_qfi2,0,0.0,0.0,all_flows,30.4,ue1_qfi2,0,0.0,0.0,30.303,33.0,30.303,ok,33.0,,all_flows,,pending,,all_flows,,pending,100.0,"[8, 9]",ue4_qfi1,0,0,0,122.99999999999977,99.49999999999991,data,ok,2.0,,all_flows,,pending,0,32,0.0,1.0,all_flows,0,24,0.0,1.0,,ok,,False,PF,846428919
ue7_qfi9,295.75,300.0,300.0,300.25,all_flows,ue5_qfi1,4.75,21.0,24.75,24.75,ok,0.2819149413362324,all_flows,0.12228407076380057,ok,100.0,ue5_qfi1,0,0,0,123.7499999999998,99.75,all_flows,100.0,ue5_qfi1,0,0,0,123.7499999999998,99.75,data,2.0,data,ok,2.0,False,,all_flows,False,,3,0,proxy,3,0,ue8_qfi2,0.0,148,150.0,all_flows,ue8_qfi2,0.0,148,150.0,ok,ue6_qfi2,22.209,all_flows,ue6_qfi2,22.209,ok,7,all_flows,7,8,ok,8,ue8_qfi2,0.0,all_flows,ue8_qfi2,0.0,ok,0.8879676111875376,all_flows,0.9165988350884625,5,0.9165711018272976,proxy,5,0.885222247473324,66890830.4,ok,0.004156818181818182,ok,0.9311727272727273,0.0938765625,ok,ue4_qfi1,0.42857142857142855,49,100.0,all_flows,ue4_qfi1,0.42857142857142855,49,100.0,data,0.0,data,ok,0.0,ue5_qfi1,20.0,all_flows,ue5_qfi1,20.0,ok,30.2,ue6_qfi2,1,71.25,71.25,all_flows,30.2,ue6_qfi2,1,71.25,71.25,30.303,33.0,30.303,ok,33.0,,all_flows,,pending,,all_flows,,pending,100.0,"[8, 9]",ue5_qfi1,0,0,0,123.7499999999998,99.75,data,ok,2.0,,all_flows,,pending,3,32,5.0,1.0,all_flows,2,24,4.98325,1.0,ue8_qfi2,ok,ue8_qfi9,False,Reservation,846428919
ue5_qfi9,24.75,46.25,53.5,58.0,all_flows,ue5_qfi2,6.666,21.132,25.361,26.06,ok,0.3637615978946427,all_flows,0.3683277744806113,ok,100.0,ue2_qfi1,0,0,0,116.0000000000001,100.00000000000009,all_flows,100.0,ue2_qfi1,0,0,0,116.0000000000001,100.00000000000009,data,2.0,data,ok,2.0,False,,all_flows,False,,3,0,proxy,3,0,ue6_qfi2,0.0,147,150.0,all_flows,ue6_qfi2,0.0,147,150.0,ok,ue5_qfi2,25.821,all_flows,ue5_qfi2,25.821,ok,5,all_flows,5,8,ok,8,ue6_qfi2,0.0,all_flows,ue6_qfi2,0.0,ok,0.7186304076471781,all_flows,0.749974878380617,5,0.7499667284182873,proxy,5,0.7185544435160286,59467491.2,ok,0.005159090909090909,ok,0.9302897727272728,0.0355859375,ok,ue2_qfi1,0.46938775510204084,49,100.0,all_flows,ue2_qfi1,0.46938775510204084,49,100.0,data,0.0,data,ok,0.0,ue2_qfi9,39.75,all_flows,ue5_qfi2,19.394,ok,30.4,ue1_qfi2,0,0.0,0.0,all_flows,30.4,ue1_qfi2,0,0.0,0.0,30.303,33.0,30.303,ok,33.0,,all_flows,,pending,,all_flows,,pending,100.0,"[8, 9]",ue2_qfi1,0,0,0,116.0000000000001,100.00000000000009,data,ok,2.0,,all_flows,,pending,9,32,5.0,1.0,all_flows,6,24,4.98325,1.0,ue6_qfi2,ok,ue6_qfi9,False,TwoTier,846428919
ue8_qfi9,297.25,299.75,300.0,300.25,all_flows,ue7_qfi1,5.75,22.25,59.75,59.75,ok,0.2860542310183119,all_flows,0.0,ok,100.0,ue7_qfi1,0,0,0,146.50000000000009,99.75000000000023,all_flows,100.0,ue7_qfi1,0,0,0,146.50000000000009,99.75000000000023,data,2.0,data,ok,2.0,False,,all_flows,False,,3,0,proxy,3,0,ue1_qfi2,1.0,152,150.0,all_flows,ue1_qfi2,1.0,152,150.0,ok,ue7_qfi2,28.053,all_flows,ue7_qfi2,28.053,ok,8,all_flows,8,8,ok,8,ue3_qfi2,0.95919,all_flows,ue3_qfi2,0.95919,ok,0.950428581793572,all_flows,0.9999645317091451,5,0.9999396234072847,proxy,5,0.9383609225768891,66613448.0,ok,0.0060704545454545455,ok,0.9334022727272727,0.03811875,ok,ue3_qfi1,0.4897959183673469,49,100.0,all_flows,ue3_qfi1,0.4897959183673469,49,100.0,data,0.0,data,ok,0.0,ue7_qfi1,54.0,all_flows,ue7_qfi1,54.0,ok,30.4,ue1_qfi2,0,0.0,0.0,all_flows,30.4,ue1_qfi2,0,0.0,0.0,30.303,33.0,30.303,ok,33.0,,all_flows,,pending,,all_flows,,pending,100.0,"[8, 9]",ue7_qfi1,0,0,0,146.50000000000009,99.75000000000023,data,ok,2.0,,all_flows,,pending,0,32,0.0,1.0,all_flows,0,24,0.0,1.0,,ok,,False,PF,1841261662
ue7_qfi9,298.5,300.0,300.25,300.25,all_flows,ue7_qfi2,9.613,21.999,73.966,103.59,ok,0.3069959632052691,all_flows,0.13456542443887345,ok,100.0,ue5_qfi1,0,0,0,128.0000000000001,100.49999999999937,all_flows,100.0,ue5_qfi1,0,0,0,128.0000000000001,100.49999999999937,data,2.0,data,ok,2.0,False,,all_flows,False,,3,0,proxy,3,0,ue8_qfi2,0.0,147,150.0,all_flows,ue8_qfi2,0.0,147,150.0,ok,ue7_qfi2,23.091,all_flows,ue7_qfi2,23.091,ok,6,all_flows,6,8,ok,8,ue8_qfi2,0.0,all_flows,ue8_qfi2,0.0,ok,0.8754058470281236,all_flows,0.9101533676896381,5,0.8843305991554384,proxy,5,0.8631329375954717,64615404.8,ok,0.004325,ok,0.9328147727272728,0.1013609375,ok,ue5_qfi1,0.46938775510204084,49,100.0,all_flows,ue5_qfi1,0.46938775510204084,49,100.0,data,0.0,data,ok,0.0,ue7_qfi2,93.977,all_flows,ue7_qfi2,93.977,ok,30.2,ue3_qfi2,1,75.0,75.0,all_flows,30.2,ue3_qfi2,1,75.0,75.0,30.303,33.0,30.303,ok,33.0,,all_flows,,pending,,all_flows,,pending,100.0,"[8, 9]",ue5_qfi1,0,0,0,128.0000000000001,100.49999999999937,data,ok,2.0,,all_flows,,pending,3,32,5.0,1.0,all_flows,2,24,4.98325,1.0,ue8_qfi2,ok,ue8_qfi9,False,Reservation,1841261662
ue4_qfi9,20.75,45.5,50.25,53.75,all_flows,ue5_qfi2,6.965,18.403,21.881,28.386,ok,0.36354941520223355,all_flows,0.366879645978824,ok,100.0,ue5_qfi1,0,0,0,119.75000000000024,100.00000000000009,all_flows,100.0,ue5_qfi1,0,0,0,119.75000000000024,100.00000000000009,data,2.0,data,ok,2.0,False,,all_flows,False,,3,0,proxy,3,0,ue6_qfi2,0.0,147,150.0,all_flows,ue6_qfi2,0.0,147,150.0,ok,ue1_qfi2,23.027,all_flows,ue1_qfi2,23.027,ok,5,all_flows,5,8,ok,8,ue6_qfi2,0.0,all_flows,ue6_qfi2,0.0,ok,0.7186253329953176,all_flows,0.7499389378818349,5,0.749887056492638,proxy,5,0.7185538381427093,59434089.6,ok,0.005075,ok,0.933559090909091,0.037171875,ok,ue1_qfi1,0.4489795918367347,49,100.0,all_flows,ue1_qfi1,0.4489795918367347,49,100.0,data,0.0,data,ok,0.0,ue4_qfi9,33.0,all_flows,ue1_qfi2,21.951,ok,30.4,ue1_qfi2,0,0.0,0.0,all_flows,30.4,ue1_qfi2,0,0.0,0.0,30.303,33.0,30.303,ok,33.0,,all_flows,,pending,,all_flows,,pending,100.0,"[8, 9]",ue5_qfi1,0,0,0,119.75000000000024,100.00000000000009,data,ok,2.0,,all_flows,,pending,9,32,5.0,1.0,all_flows,6,24,4.98325,1.0,ue6_qfi2,ok,ue6_qfi9,False,TwoTier,1841261662
ue8_qfi9,298.0,300.0,300.0,300.25,all_flows,ue8_qfi2,9.0,19.5,22.973,25.63,ok,0.26417513654262254,all_flows,0.0,ok,100.0,ue1_qfi1,0,0,0,121.0,99.49999999999991,all_flows,100.0,ue1_qfi1,0,0,0,121.0,99.49999999999991,data,2.0,data,ok,2.0,False,,all_flows,False,,3,0,proxy,3,0,ue5_qfi2,0.9868421052631579,152,150.0,all_flows,ue5_qfi2,0.9868421052631579,152,150.0,ok,ue4_qfi2,24.563,all_flows,ue4_qfi2,24.563,ok,8,all_flows,8,8,ok,8,ue1_qfi2,0.9539755999999999,all_flows,ue1_qfi2,0.9539755999999999,ok,0.9581701625258425,all_flows,0.9999343311200294,5,0.9998354690745753,proxy,5,0.9506028826159804,68526480.0,ok,0.005020454545454546,ok,0.9339943181818182,0.0357875,ok,ue2_qfi1,0.4489795918367347,49,100.0,all_flows,ue2_qfi1,0.4489795918367347,49,100.0,data,0.0,data,ok,0.0,ue1_qfi1,19.25,all_flows,ue1_qfi1,19.25,ok,30.2,ue2_qfi2,1,68.75,68.75,all_flows,30.2,ue2_qfi2,1,68.75,68.75,30.303,33.0,30.303,ok,33.0,,all_flows,,pending,,all_flows,,pending,100.0,"[8, 9]",ue1_qfi1,0,0,0,121.0,99.49999999999991,data,ok,2.0,,all_flows,,pending,0,32,0.0,1.0,all_flows,0,24,0.0,1.0,,ok,,False,PF,1190382222
ue7_qfi9,296.5,300.0,300.0,300.25,all_flows,ue3_qfi1,6.5,20.75,26.0,26.0,ok,0.2688321087645983,all_flows,0.12248625250012625,ok,100.0,ue3_qfi1,0,0,0,125.75000000000003,99.25000000000051,all_flows,100.0,ue3_qfi1,0,0,0,125.75000000000003,99.25000000000051,data,2.0,data,ok,2.0,False,,all_flows,False,,3,0,proxy,3,0,ue8_qfi2,0.0,147,150.0,all_flows,ue8_qfi2,0.0,147,150.0,ok,ue2_qfi2,20.748,all_flows,ue2_qfi2,20.748,ok,7,all_flows,7,8,ok,8,ue8_qfi2,0.0,all_flows,ue8_qfi2,0.0,ok,0.8899568177882211,all_flows,0.9166058644615374,5,0.9165775010106539,proxy,5,0.8839990826154094,68011289.6,ok,0.004027272727272727,ok,0.9338113636363636,0.092184375,ok,ue2_qfi1,0.40816326530612246,49,100.0,all_flows,ue2_qfi1,0.40816326530612246,49,100.0,data,0.0,data,ok,0.0,ue3_qfi1,19.5,all_flows,ue3_qfi1,19.5,ok,30.4,ue1_qfi2,0,0.0,0.0,all_flows,30.4,ue1_qfi2,0,0.0,0.0,30.303,33.0,30.303,ok,33.0,,all_flows,,pending,,all_flows,,pending,100.0,"[8, 9]",ue3_qfi1,0,0,0,125.75000000000003,99.25000000000051,data,ok,2.0,,all_flows,,pending,3,32,5.0,1.0,all_flows,2,24,4.98325,1.0,ue8_qfi2,ok,ue8_qfi9,False,Reservation,1190382222
ue8_qfi9,297.5,300.0,300.0,300.25,all_flows,ue8_qfi2,12.113,58.309,90.069,112.599,ok,0.26485334192019006,all_flows,0.0004601081387046085,ok,100.0,ue4_qfi1,0,0,0,478.25000000000006,107.99999999999999,all_flows,100.0,ue4_qfi1,0,0,0,478.25000000000006,107.99999999999999,data,2.0,data,ok,2.0,False,,all_flows,False,,3,0,proxy,3,0,ue4_qfi2,0.9933333333333333,150,150.0,all_flows,ue4_qfi2,0.9933333333333333,150,150.0,ok,ue4_qfi2,87.442,all_flows,ue4_qfi2,87.442,ok,8,all_flows,8,8,ok,8,ue1_qfi2,0.9539755999999999,all_flows,ue1_qfi2,0.9539755999999999,ok,0.9233035123078082,all_flows,0.9872450835104308,5,0.9746535586570279,proxy,5,0.899924761332243,68421940.8,ok,0.004859090909090909,ok,0.9344011363636363,0.0351546875,ok,ue4_qfi1,0.2962962962962963,27,100.0,all_flows,ue4_qfi1,0.2962962962962963,27,100.0,data,0.0,data,ok,0.0,ue8_qfi2,100.486,all_flows,ue8_qfi2,100.486,ok,29.8,ue4_qfi2,12,110.75,1001.75,all_flows,29.8,ue4_qfi2,12,110.75,1001.75,30.303,33.0,30.303,ok,33.0,,all_flows,,pending,,all_flows,,pending,100.0,"[8, 9]",ue4_qfi1,0,0,0,478.25000000000006,107.99999999999999,data,ok,2.0,,all_flows,,pending,0,32,0.0,1.0,all_flows,0,24,0.0,1.0,,ok,,False,TwoTier,1190382222
ue8_qfi9,297.75,300.0,300.0,300.25,all_flows,ue3_qfi1,7.25,17.25,52.0,52.0,ok,0.27281055026320294,all_flows,0.0,ok,100.0,ue3_qfi1,0,0,0,138.74999999999994,99.75000000000023,all_flows,100.0,ue3_qfi1,0,0,0,138.74999999999994,99.75000000000023,data,2.0,data,ok,2.0,False,,all_flows,False,,3,0,proxy,3,0,ue1_qfi2,1.0,152,150.0,all_flows,ue1_qfi2,1.0,152,150.0,ok,ue3_qfi2,25.167,all_flows,ue3_qfi2,25.167,ok,8,all_flows,8,8,ok,8,ue4_qfi2,0.9603948,all_flows,ue4_qfi2,0.9603948,ok,0.9558780233242883,all_flows,0.9999271389738471,5,0.9998414881701051,proxy,5,0.9426232627472049,67840243.2,ok,0.0052159090909090905,ok,0.9310102272727273,0.035028125,ok,ue3_qfi1,0.5102040816326531,49,100.0,all_flows,ue3_qfi1,0.5102040816326531,49,100.0,data,0.0,data,ok,0.0,ue3_qfi1,44.75,all_flows,ue3_qfi1,44.75,ok,30.4,ue1_qfi2,0,0.0,0.0,all_flows,30.4,ue1_qfi2,0,0.0,0.0,30.303,33.0,30.303,ok,33.0,,all_flows,,pending,,all_flows,,pending,100.0,"[8, 9]",ue3_qfi1,0,0,0,138.74999999999994,99.75000000000023,data,ok,2.0,,all_flows,,pending,0,32,0.0,1.0,all_flows,0,24,0.0,1.0,,ok,,False,PF,72124473
ue7_qfi9,296.0,300.0,300.0,300.25,all_flows,ue7_qfi1,5.5,17.25,23.5,23.5,ok,0.28330034790064684,all_flows,0.12317210130975041,ok,100.0,ue2_qfi1,0,0,0,121.0,99.75000000000023,all_flows,100.0,ue2_qfi1,0,0,0,121.0,99.75000000000023,data,2.0,data,ok,2.0,False,,all_flows,False,,3,0,proxy,3,0,ue8_qfi2,0.0,148,150.0,all_flows,ue8_qfi2,0.0,148,150.0,ok,ue3_qfi2,21.603,all_flows,ue3_qfi2,21.603,ok,7,all_flows,7,8,ok,8,ue8_qfi2,0.0,all_flows,ue8_qfi2,0.0,ok,0.8876530959423972,all_flows,0.916589653899611,5,0.9165369632444046,proxy,5,0.8774419389122214,66909198.4,ok,0.004243181818181818,ok,0.9300011363636363,0.091403125,ok,ue2_qfi1,0.5102040816326531,49,100.0,all_flows,ue2_qfi1,0.5102040816326531,49,100.0,data,0.0,data,ok,0.0,ue1_qfi1,19.0,all_flows,ue1_qfi1,19.0,ok,30.2,ue1_qfi2,0,0.0,0.0,all_flows,30.2,ue1_qfi2,0,0.0,0.0,30.303,33.0,30.303,ok,33.0,,all_flows,,pending,,all_flows,,pending,100.0,"[8, 9]",ue2_qfi1,0,0,0,121.0,99.75000000000023,data,ok,2.0,,all_flows,,pending,3,32,5.0,1.0,all_flows,2,24,4.98325,1.0,ue8_qfi2,ok,ue8_qfi9,False,Reservation,72124473
ue3_qfi9,22.5,60.5,69.5,73.0,all_flows,ue1_qfi2,5.514,19.857,29.627,31.97,ok,0.36356233283076583,all_flows,0.367991021746211,ok,100.0,ue3_qfi1,0,0,0,118.50000000000006,100.00000000000054,all_flows,100.0,ue3_qfi1,0,0,0,118.50000000000006,100.00000000000054,data,2.0,data,ok,2.0,False,,all_flows,False,,3,0,proxy,3,0,ue6_qfi2,0.0,147,150.0,all_flows,ue6_qfi2,0.0,147,150.0,ok,ue5_qfi2,27.798,all_flows,ue5_qfi2,27.798,ok,5,all_flows,5,8,ok,8,ue6_qfi2,0.0,all_flows,ue6_qfi2,0.0,ok,0.718636061444814,all_flows,0.7499558167553578,5,0.7498882321577821,proxy,5,0.7184483480141268,59553280.0,ok,0.005004545454545454,ok,0.9324772727272728,0.035625,ok,ue3_qfi1,0.4489795918367347,49,100.0,all_flows,ue3_qfi1,0.4489795918367347,49,100.0,data,0.0,data,ok,0.0,ue3_qfi9,50.5,all_flows,ue1_qfi2,26.456,ok,30.4,ue1_qfi2,0,0.0,0.0,all_flows,30.4,ue1_qfi2,0,0.0,0.0,30.303,33.0,30.303,ok,33.0,,all_flows,,pending,,all_flows,,pending,100.0,"[8, 9]",ue3_qfi1,0,0,0,118.50000000000006,100.00000000000054,data,ok,2.0,,all_flows,,pending,9,32,5.0,1.0,all_flows,6,24,4.98325,1.0,ue6_qfi2,ok,ue6_qfi9,False,TwoTier,72124473
ue8_qfi9,298.25,300.0,300.25,300.25,all_flows,ue2_qfi1,6.0,20.25,29.25,29.25,ok,0.27970312570500927,all_flows,0.0,ok,100.0,ue5_qfi1,0,0,0,126.24999999999974,99.50000000000014,all_flows,100.0,ue5_qfi1,0,0,0,126.24999999999974,99.50000000000014,data,2.0,data,ok,2.0,False,,all_flows,False,,3,0,proxy,3,0,ue2_qfi2,0.993421052631579,152,150.0,all_flows,ue2_qfi2,0.993421052631579,152,150.0,ok,ue2_qfi2,25.521,all_flows,ue2_qfi2,25.521,ok,8,all_flows,8,8,ok,8,ue8_qfi2,0.9567675999999999,all_flows,ue8_qfi2,0.9567675999999999,ok,0.9527958577661986,all_flows,0.9999585473546098,5,0.9999156940488011,proxy,5,0.941114837132418,67221630.4,ok,0.004970454545454545,ok,0.9303659090909091,0.036809375,ok,ue6_qfi1,0.4489795918367347,49,100.0,all_flows,ue6_qfi1,0.4489795918367347,49,100.0,data,0.0,data,ok,0.0,ue2_qfi1,23.25,all_flows,ue2_qfi1,23.25,ok,30.2,ue3_qfi2,1,75.25,75.25,all_flows,30.2,ue3_qfi2,1,75.25,75.25,30.303,33.0,30.303,ok,33.0,,all_flows,,pending,,all_flows,,pending,100.0,"[8, 9]",ue5_qfi1,0,0,0,126.24999999999974,99.50000000000014,data,ok,2.0,,all_flows,,pending,0,32,0.0,1.0,all_flows,0,24,0.0,1.0,,ok,,False,PF,1642588603
ue7_qfi9,295.5,300.0,300.0,300.25,all_flows,ue6_qfi1,5.5,18.5,25.25,25.25,ok,0.2807994850405621,all_flows,0.11933382038538339,ok,100.0,ue6_qfi1,0,0,0,125.0,99.49999999999991,all_flows,100.0,ue6_qfi1,0,0,0,125.0,99.49999999999991,data,2.0,data,ok,2.0,False,,all_flows,False,,3,0,proxy,3,0,ue8_qfi2,0.0,147,150.0,all_flows,ue8_qfi2,0.0,147,150.0,ok,ue2_qfi2,21.667,all_flows,ue2_qfi2,21.667,ok,7,all_flows,7,8,ok,8,ue8_qfi2,0.0,all_flows,ue8_qfi2,0.0,ok,0.8875127783990775,all_flows,0.9166022282406724,5,0.9165815275100011,proxy,5,0.8773400225458026,67136174.4,ok,0.0045,ok,0.9322738636363637,0.094653125,ok,ue5_qfi1,0.3673469387755102,49,100.0,all_flows,ue5_qfi1,0.3673469387755102,49,100.0,data,0.0,data,ok,0.0,ue5_qfi1,19.75,all_flows,ue5_qfi1,19.75,ok,30.0,ue1_qfi2,0,0.0,0.0,all_flows,30.0,ue1_qfi2,0,0.0,0.0,30.303,33.0,30.303,ok,33.0,,all_flows,,pending,,all_flows,,pending,100.0,"[8, 9]",ue6_qfi1,0,0,0,125.0,99.49999999999991,data,ok,2.0,,all_flows,,pending,3,32,5.0,1.0,all_flows,2,24,4.98325,1.0,ue8_qfi2,ok,ue8_qfi9,False,Reservation,1642588603
ue2_qfi9,22.75,51.0,57.5,63.25,all_flows,ue2_qfi2,6.557,18.25,21.372,28.896,ok,0.36261034719970037,all_flows,0.36510361236261507,ok,100.0,ue4_qfi1,0,0,0,117.49999999999972,100.00000000000009,all_flows,100.0,ue4_qfi1,0,0,0,117.49999999999972,100.00000000000009,data,2.0,data,ok,2.0,False,,all_flows,False,,3,0,proxy,3,0,ue6_qfi2,0.0,147,150.0,all_flows,ue6_qfi2,0.0,147,150.0,ok,ue5_qfi2,23.516,all_flows,ue5_qfi2,23.516,ok,5,all_flows,5,8,ok,8,ue6_qfi2,0.0,all_flows,ue6_qfi2,0.0,ok,0.7186690747699773,all_flows,0.7499679982665961,5,0.7499503578044733,proxy,5,0.7186186247193102,59579740.8,ok,0.004979545454545454,ok,0.9312977272727273,0.0371375,ok,ue5_qfi1,0.3877551020408163,49,100.0,all_flows,ue5_qfi1,0.3877551020408163,49,100.0,data,0.0,data,ok,0.0,ue2_qfi9,40.5,all_flows,ue2_qfi2,22.339,ok,30.2,ue1_qfi2,1,68.0,68.0,all_flows,30.2,ue1_qfi2,1,68.0,68.0,30.303,33.0,30.303,ok,33.0,,all_flows,,pending,,all_flows,,pending,100.0,"[8, 9]",ue4_qfi1,0,0,0,117.49999999999972,100.00000000000009,data,ok,2.0,,all_flows,,pending,9,32,5.0,1.0,all_flows,6,24,4.98325,1.0,ue6_qfi2,ok,ue6_qfi9,False,TwoTier,1642588603
ue8_qfi9,297.75,299.75,300.0,300.25,all_flows,ue8_qfi1,3.25,18.0,28.5,28.5,ok,0.27604337609121643,all_flows,0.0,ok,100.0,ue3_qfi1,0,0,0,124.75000000000014,100.00000000000009,all_flows,100.0,ue3_qfi1,0,0,0,124.75000000000014,100.00000000000009,data,2.0,data,ok,2.0,False,,all_flows,False,,3,0,proxy,3,0,ue1_qfi2,1.0,152,150.0,all_flows,ue1_qfi2,1.0,152,150.0,ok,ue3_qfi2,27.079,all_flows,ue3_qfi2,27.079,ok,8,all_flows,8,8,ok,8,ue3_qfi2,0.969952,all_flows,ue3_qfi2,0.969952,ok,0.9538241843315471,all_flows,0.9999401702729012,5,0.9999036862817408,proxy,5,0.9435270578154691,67623774.4,ok,0.004970454545454545,ok,0.9328102272727272,0.03766875,ok,ue3_qfi1,0.4897959183673469,49,100.0,all_flows,ue3_qfi1,0.4897959183673469,49,100.0,data,0.0,data,ok,0.0,ue8_qfi1,25.25,all_flows,ue8_qfi1,25.25,ok,30.4,ue1_qfi2,0,0.0,0.0,all_flows,30.4,ue1_qfi2,0,0.0,0.0,30.303,33.0,30.303,ok,33.0,,all_flows,,pending,,all_flows,,pending,100.0,"[8, 9]",ue3_qfi1,0,0,0,124.75000000000014,100.00000000000009,data,ok,2.0,,all_flows,,pending,0,32,0.0,1.0,all_flows,0,24,0.0,1.0,,ok,,False,PF,1566923138
ue3_qfi9,290.25,299.75,300.0,300.25,all_flows,ue3_qfi1,5.25,11.75,22.0,22.0,ok,0.2825908025997457,all_flows,0.24270335702584325,ok,100.0,ue3_qfi1,0,0,0,121.2500000000003,100.24999999999994,all_flows,100.0,ue3_qfi1,0,0,0,121.2500000000003,100.24999999999994,data,2.0,data,ok,2.0,False,,all_flows,False,,3,0,proxy,3,0,ue7_qfi2,0.0,147,150.0,all_flows,ue7_qfi2,0.0,147,150.0,ok,ue4_qfi2,19.02,all_flows,ue4_qfi2,19.02,ok,6,all_flows,6,8,ok,8,ue7_qfi2,0.0,all_flows,ue7_qfi2,0.0,ok,0.8085288959680433,all_flows,0.833278438442502,5,0.8331731134538022,proxy,5,0.8069310593996782,66548961.6,ok,0.0044136363636363635,ok,0.9338931818181818,0.0932765625,ok,ue1_qfi1,0.42857142857142855,49,100.0,all_flows,ue1_qfi1,0.42857142857142855,49,100.0,data,0.0,data,ok,0.0,ue5_qfi9,208.75,all_flows,ue3_qfi1,16.75,ok,30.4,ue1_qfi2,0,0.0,0.0,all_flows,30.4,ue1_qfi2,0,0.0,0.0,30.303,33.0,30.303,ok,33.0,,all_flows,,pending,,all_flows,,pending,100.0,"[8, 9]",ue3_qfi1,0,0,0,121.2500000000003,100.24999999999994,data,ok,2.0,,all_flows,,pending,6,32,5.0,1.0,all_flows,4,24,4.98325,1.0,ue7_qfi2,ok,ue7_qfi9,False,Reservation,1566923138
ue4_qfi9,19.5,61.25,76.75,84.75,all_flows,ue3_qfi2,6.491,18.69,24.201,31.335,ok,0.3634538560259211,all_flows,0.3663506050479303,ok,100.0,ue5_qfi1,0,0,0,116.0000000000001,100.00000000000009,all_flows,100.0,ue5_qfi1,0,0,0,116.0000000000001,100.00000000000009,data,2.0,data,ok,2.0,False,,all_flows,False,,3,0,proxy,3,0,ue6_qfi2,0.0,147,150.0,all_flows,ue6_qfi2,0.0,147,150.0,ok,ue4_qfi2,24.615,all_flows,ue4_qfi2,24.615,ok,5,all_flows,5,8,ok,8,ue6_qfi2,0.0,all_flows,ue6_qfi2,0.0,ok,0.7186780068152556,all_flows,0.7499644024179551,5,0.7499311751521013,proxy,5,0.7186153204131038,59550459.199999996,ok,0.005238636363636364,ok,0.9331840909090909,0.0386171875,ok,ue5_qfi1,0.4489795918367347,49,100.0,all_flows,ue5_qfi1,0.4489795918367347,49,100.0,data,0.0,data,ok,0.0,ue4_qfi9,65.25,all_flows,ue3_qfi2,24.844,ok,30.2,ue1_qfi2,1,75.75,75.75,all_flows,30.2,ue1_qfi2,1,75.75,75.75,30.303,33.0,30.303,ok,33.0,,all_flows,,pending,,all_flows,,pending,100.0,"[8, 9]",ue5_qfi1,0,0,0,116.0000000000001,100.00000000000009,data,ok,2.0,,all_flows,,pending,9,32,5.0,1.0,all_flows,6,24,4.98325,1.0,ue6_qfi2,ok,ue6_qfi9,False,TwoTier,1566923138
ue8_qfi9,297.25,299.75,300.0,300.25,all_flows,ue7_qfi2,8.497,19.75,24.674,27.388,ok,0.2739985901133601,all_flows,0.0,ok,100.0,ue2_qfi1,0,0,0,121.99999999999989,98.99999999999997,all_flows,100.0,ue2_qfi1,0,0,0,121.99999999999989,98.99999999999997,data,2.0,data,ok,2.0,False,,all_flows,False,,3,0,proxy,3,0,ue2_qfi2,0.993421052631579,152,150.0,all_flows,ue2_qfi2,0.993421052631579,152,150.0,ok,ue7_qfi2,27.388,all_flows,ue7_qfi2,27.388,ok,8,all_flows,8,8,ok,8,ue5_qfi2,0.957732,all_flows,ue5_qfi2,0.957732,ok,0.9563313988113629,all_flows,0.9999506296127871,5,0.9999094547230841,proxy,5,0.9500081021830574,67629956.8,ok,0.0051522727272727276,ok,0.9308625,0.0368734375,ok,ue7_qfi1,0.4897959183673469,49,100.0,all_flows,ue7_qfi1,0.4897959183673469,49,100.0,data,0.0,data,ok,0.0,ue1_qfi1,19.5,all_flows,ue1_qfi1,19.5,ok,30.4,ue1_qfi2,0,0.0,0.0,all_flows,30.4,ue1_qfi2,0,0.0,0.0,30.303,33.0,30.303,ok,33.0,,all_flows,,pending,,all_flows,,pending,100.0,"[8, 9]",ue2_qfi1,0,0,0,121.99999999999989,98.99999999999997,data,ok,2.0,,all_flows,,pending,0,32,0.0,1.0,all_flows,0,24,0.0,1.0,,ok,,False,PF,1818006482
ue7_qfi9,295.75,300.0,300.0,300.25,all_flows,ue1_qfi2,6.909,18.529,20.791,22.63,ok,0.28772073309556906,all_flows,0.12057819726033381,ok,100.0,ue4_qfi1,0,0,0,119.00000000000021,100.49999999999982,all_flows,100.0,ue4_qfi1,0,0,0,119.00000000000021,100.49999999999982,data,2.0,data,ok,2.0,False,,all_flows,False,,3,0,proxy,3,0,ue8_qfi2,0.0,147,150.0,all_flows,ue8_qfi2,0.0,147,150.0,ok,ue6_qfi2,21.706,all_flows,ue6_qfi2,21.706,ok,7,all_flows,7,8,ok,8,ue8_qfi2,0.0,all_flows,ue8_qfi2,0.0,ok,0.8873758861181035,all_flows,0.9165989435796341,5,0.9165674048550909,proxy,5,0.8833619832125061,66329846.4,ok,0.004084090909090909,ok,0.9309636363636363,0.0971921875,ok,ue4_qfi1,0.4489795918367347,49,100.0,all_flows,ue4_qfi1,0.4489795918367347,49,100.0,data,0.0,data,ok,0.0,ue5_qfi1,15.75,all_flows,ue5_qfi1,15.75,ok,30.2,ue1_qfi2,1,68.5,68.5,all_flows,30.2,ue1_qfi2,1,68.5,68.5,30.303,33.0,30.303,ok,33.0,,all_flows,,pending,,all_flows,,pending,100.0,"[8, 9]",ue4_qfi1,0,0,0,119.00000000000021,100.49999999999982,data,ok,2.0,,all_flows,,pending,3,32,5.0,1.0,all_flows,2,24,4.98325,1.0,ue8_qfi2,ok,ue8_qfi9,False,Reservation,1818006482
ue5_qfi9,22.0,48.75,56.75,59.75,all_flows,ue2_qfi2,5.771,18.032,22.664,26.999,ok,0.3629114831071755,all_flows,0.3646676289711145,ok,100.0,ue5_qfi1,0,0,0,115.49999999999994,99.75,all_flows,100.0,ue5_qfi1,0,0,0,115.49999999999994,99.75,data,2.0,data,ok,2.0,False,,all_flows,False,,3,0,proxy,3,0,ue6_qfi2,0.0,147,150.0,all_flows,ue6_qfi2,0.0,147,150.0,ok,ue1_qfi2,23.057,all_flows,ue1_qfi2,23.057,ok,5,all_flows,5,8,ok,8,ue6_qfi2,0.0,all_flows,ue6_qfi2,0.0,ok,0.7186774363980326,all_flows,0.7499626925673212,5,0.7499322084007991,proxy,5,0.718623515188226,59411012.8,ok,0.004665909090909091,ok,0.9312329545454545,0.037159375,ok,ue4_qfi1,0.5102040816326531,49,100.0,all_flows,ue4_qfi1,0.5102040816326531,49,100.0,data,0.0,data,ok,0.0,ue3_qfi9,37.75,all_flows,ue2_qfi2,21.227999999999998,ok,30.4,ue1_qfi2,1,67.25,67.25,all_flows,30.4,ue1_qfi2,1,67.25,67.25,30.303,33.0,30.303,ok,33.0,,all_flows,,pending,,all_flows,,pending,100.0,"[8, 9]",ue5_qfi1,0,0,0,115.49999999999994,99.75,data,ok,2.0,,all_flows,,pending,9,32,5.0,1.0,all_flows,6,24,4.98325,1.0,ue6_qfi2,ok,ue6_qfi9,False,TwoTier,1818006482
ue8_qfi9,297.75,300.0,300.25,300.25,all_flows,ue3_qfi2,8.887,20.369,24.981,27.869,ok,0.26839497896706266,all_flows,0.0,ok,100.0,ue4_qfi1,0,0,0,119.24999999999963,99.0000000000002,all_flows,100.0,ue4_qfi1,0,0,0,119.24999999999963,99.0000000000002,data,2.0,data,ok,2.0,False,,all_flows,False,,3,0,proxy,3,0,ue2_qfi2,0.993421052631579,152,150.0,all_flows,ue2_qfi2,0.993421052631579,152,150.0,ok,ue3_qfi2,28.163,all_flows,ue3_qfi2,28.163,ok,8,all_flows,8,8,ok,8,ue5_qfi2,0.96288,all_flows,ue5_qfi2,0.96288,ok,0.9561125750716808,all_flows,0.9999514458875598,5,0.9999102165052014,proxy,5,0.9436718658648974,68146033.6,ok,0.005218181818181818,ok,0.9326875,0.0367203125,ok,ue7_qfi1,0.42857142857142855,49,100.0,all_flows,ue7_qfi1,0.42857142857142855,49,100.0,data,0.0,data,ok,0.0,ue3_qfi2,18.982,all_flows,ue3_qfi2,18.982,ok,30.4,ue1_qfi2,0,0.0,0.0,all_flows,30.4,ue1_qfi2,0,0.0,0.0,30.303,33.0,30.303,ok,33.0,,all_flows,,pending,,all_flows,,pending,100.0,"[8, 9]",ue4_qfi1,0,0,0,119.24999999999963,99.0000000000002,data,ok,2.0,,all_flows,,pending,0,32,0.0,1.0,all_flows,0,24,0.0,1.0,,ok,,False,PF,377217572
ue3_qfi9,142.5,299.0,299.75,300.0,all_flows,ue5_qfi1,4.5,12.25,24.75,24.75,ok,0.26567918708128296,all_flows,0.24330036694616392,ok,100.0,ue3_qfi1,0,0,0,117.99999999999989,100.00000000000009,all_flows,100.0,ue3_qfi1,0,0,0,117.99999999999989,100.00000000000009,data,2.0,data,ok,2.0,False,,all_flows,False,,3,0,proxy,3,0,ue7_qfi2,0.0,147,150.0,all_flows,ue7_qfi2,0.0,147,150.0,ok,ue2_qfi2,19.719,all_flows,ue2_qfi2,19.719,ok,6,all_flows,6,8,ok,8,ue7_qfi2,0.0,all_flows,ue7_qfi2,0.0,ok,0.8093045962046805,all_flows,0.8332805439919347,5,0.8332574308975214,proxy,5,0.808005335321004,67580945.6,ok,0.004340909090909091,ok,0.9340431818181818,0.090165625,ok,ue6_qfi1,0.4489795918367347,49,100.0,all_flows,ue6_qfi1,0.4489795918367347,49,100.0,data,0.0,data,ok,0.0,ue6_qfi9,263.0,all_flows,ue5_qfi1,20.25,ok,30.4,ue1_qfi2,0,0.0,0.0,all_flows,30.4,ue1_qfi2,0,0.0,0.0,30.303,33.0,30.303,ok,33.0,,all_flows,,pending,,all_flows,,pending,100.0,"[8, 9]",ue3_qfi1,0,0,0,117.99999999999989,100.00000000000009,data,ok,2.0,,all_flows,,pending,6,32,5.0,1.0,all_flows,4,24,4.98325,1.0,ue7_qfi2,ok,ue7_qfi9,False,Reservation,377217572
ue2_qfi9,16.5,47.0,54.75,63.0,all_flows,ue4_qfi2,6.665,19.138,24.329,26.89,ok,0.36371538966349226,all_flows,0.3674332290748201,ok,100.0,ue2_qfi1,0,0,0,113.99999999999989,99.99999999999964,all_flows,100.0,ue2_qfi1,0,0,0,113.99999999999989,99.99999999999964,data,2.0,data,ok,2.0,False,,all_flows,False,,3,0,proxy,3,0,ue6_qfi2,0.0,148,150.0,all_flows,ue6_qfi2,0.0,148,150.0,ok,ue5_qfi2,23.305,all_flows,ue5_qfi2,23.305,ok,5,all_flows,5,8,ok,8,ue6_qfi2,0.0,all_flows,ue6_qfi2,0.0,ok,0.718676076405111,all_flows,0.7499631345905813,5,0.7499344441532999,proxy,5,0.7186311597469768,59396673.6,ok,0.004697727272727273,ok,0.9332681818181818,0.0364703125,ok,ue1_qfi1,0.4489795918367347,49,100.0,all_flows,ue1_qfi1,0.4489795918367347,49,100.0,data,0.0,data,ok,0.0,ue2_qfi9,46.5,all_flows,ue4_qfi2,20.225,ok,30.4,ue1_qfi2,0,0.0,0.0,all_flows,30.4,ue1_qfi2,0,0.0,0.0,30.303,33.0,30.303,ok,33.0,,all_flows,,pending,,all_flows,,pending,100.0,"[8, 9]",ue2_qfi1,0,0,0,113.99999999999989,99.99999999999964,data,ok,2.0,,all_flows,,pending,9,32,5.0,1.0,all_flows,6,24,4.98325,1.0,ue6_qfi2,ok,ue6_qfi9,False,TwoTier,377217572
ue8_qfi9,297.25,299.75,300.0,300.25,all_flows,ue7_qfi1,5.25,18.25,34.5,34.5,ok,0.2805399791814463,all_flows,0.0,ok,100.0,ue7_qfi1,0,0,0,133.75000000000003,99.75,all_flows,100.0,ue7_qfi1,0,0,0,133.75000000000003,99.75,data,2.0,data,ok,2.0,False,,all_flows,False,,3,0,proxy,3,0,ue1_qfi2,1.0,152,150.0,all_flows,ue1_qfi2,1.0,152,150.0,ok,ue4_qfi2,27.617,all_flows,ue4_qfi2,27.617,ok,8,all_flows,8,8,ok,8,ue4_qfi2,0.9582956,all_flows,ue4_qfi2,0.9582956,ok,0.9521333255160641,all_flows,0.9999426517710484,5,0.9999086100029183,proxy,5,0.943344332916918,67060888.0,ok,0.005559090909090909,ok,0.9337261363636363,0.0368359375,ok,ue3_qfi1,0.5102040816326531,49,100.0,all_flows,ue3_qfi1,0.5102040816326531,49,100.0,data,0.0,data,ok,0.0,ue7_qfi1,29.25,all_flows,ue7_qfi1,29.25,ok,30.4,ue1_qfi2,0,0.0,0.0,all_flows,30.4,ue1_qfi2,0,0.0,0.0,30.303,33.0,30.303,ok,33.0,,all_flows,,pending,,all_flows,,pending,100.0,"[8, 9]",ue7_qfi1,0,0,0,133.75000000000003,99.75,data,ok,2.0,,all_flows,,pending,0,32,0.0,1.0,all_flows,0,24,0.0,1.0,,ok,,False,PF,191741830
ue8_qfi9,296.25,299.75,300.0,300.25,all_flows,ue8_qfi2,7.229,21.218,86.761,114.426,ok,0.29121743130058914,all_flows,0.14819217095467857,ok,100.0,ue2_qfi1,0,0,0,123.75000000000026,99.49999999999991,all_flows,100.0,ue2_qfi1,0,0,0,123.75000000000026,99.49999999999991,data,2.0,data,ok,2.0,False,,all_flows,False,,3,0,proxy,3,0,ue7_qfi2,0.0,147,150.0,all_flows,ue7_qfi2,0.0,147,150.0,ok,ue8_qfi2,24.87,all_flows,ue8_qfi2,24.87,ok,6,all_flows,6,8,ok,8,ue7_qfi2,0.0,all_flows,ue7_qfi2,0.0,ok,0.8693740465340607,all_flows,0.899615354905899,5,0.8333121603435305,proxy,5,0.8092439225800914,65837331.199999996,ok,0.0043795454545454545,ok,0.9293681818181818,0.0944984375,ok,ue3_qfi1,0.46938775510204084,49,100.0,all_flows,ue3_qfi1,0.46938775510204084,49,100.0,data,0.0,data,ok,0.0,ue8_qfi2,107.197,all_flows,ue8_qfi2,107.197,ok,30.4,ue1_qfi2,0,0.0,0.0,all_flows,30.4,ue1_qfi2,0,0.0,0.0,30.303,33.0,30.303,ok,33.0,,all_flows,,pending,,all_flows,,pending,100.0,"[8, 9]",ue2_qfi1,0,0,0,123.75000000000026,99.49999999999991,data,ok,2.0,,all_flows,,pending,6,32,5.0,1.0,all_flows,4,24,4.98325,1.0,ue7_qfi2,ok,ue7_qfi9,False,Reservation,191741830
ue4_qfi9,32.25,64.25,76.75,88.0,all_flows,ue5_qfi2,7.117,21.987,24.958,38.005,ok,0.36470782368478205,all_flows,0.3678161717158279,ok,100.0,ue3_qfi1,0,0,0,118.25000000000018,100.00000000000009,all_flows,100.0,ue3_qfi1,0,0,0,118.25000000000018,100.00000000000009,data,2.0,data,ok,2.0,False,,all_flows,False,,3,0,proxy,3,0,ue6_qfi2,0.0,147,150.0,all_flows,ue6_qfi2,0.0,147,150.0,ok,ue3_qfi2,29.084,all_flows,ue3_qfi2,29.084,ok,5,all_flows,5,8,ok,8,ue6_qfi2,0.0,all_flows,ue6_qfi2,0.0,ok,0.7186317360407203,all_flows,0.7499627972062164,5,0.7499196292562761,proxy,5,0.7184412184845917,59098233.6,ok,0.0052636363636363636,ok,0.9329590909090909,0.038509375,ok,ue2_qfi1,0.46938775510204084,49,100.0,all_flows,ue2_qfi1,0.46938775510204084,49,100.0,data,0.0,data,ok,0.0,ue4_qfi9,55.75,all_flows,ue5_qfi2,30.888,ok,30.2,ue1_qfi2,1,75.0,75.0,all_flows,30.2,ue1_qfi2,1,75.0,75.0,30.303,33.0,30.303,ok,33.0,,all_flows,,pending,,all_flows,,pending,100.0,"[8, 9]",ue3_qfi1,0,0,0,118.25000000000018,100.00000000000009,data,ok,2.0,,all_flows,,pending,9,32,5.0,1.0,all_flows,6,24,4.98325,1.0,ue6_qfi2,ok,ue6_qfi9,False,TwoTier,191741830
ue8_qfi9,297.25,299.75,300.0,300.25,all_flows,ue2_qfi1,6.0,20.75,47.0,47.0,ok,0.30118800356927095,all_flows,0.0,ok,100.0,ue2_qfi1,0,0,0,140.50000000000006,99.75000000000023,all_flows,100.0,ue2_qfi1,0,0,0,140.50000000000006,99.75000000000023,data,2.0,data,ok,2.0,False,,all_flows,False,,3,0,proxy,3,0,ue5_qfi2,0.993421052631579,152,150.0,all_flows,ue5_qfi2,0.993421052631579,152,150.0,ok,ue2_qfi2,25.631,all_flows,ue2_qfi2,25.631,ok,8,all_flows,8,8,ok,8,ue5_qfi2,0.9629204,all_flows,ue5_qfi2,0.9629204,ok,0.9461533822427519,all_flows,0.9999537452151295,5,0.999907166546358,proxy,5,0.9378253789656734,65390153.6,ok,0.005465909090909091,ok,0.9327318181818182,0.039590625,ok,ue7_qfi1,0.42857142857142855,49,100.0,all_flows,ue7_qfi1,0.42857142857142855,49,100.0,data,0.0,data,ok,0.0,ue2_qfi1,41.0,all_flows,ue2_qfi1,41.0,ok,30.4,ue1_qfi2,0,0.0,0.0,all_flows,30.4,ue1_qfi2,0,0.0,0.0,30.303,33.0,30.303,ok,33.0,,all_flows,,pending,,all_flows,,pending,100.0,"[8, 9]",ue2_qfi1,0,0,0,140.50000000000006,99.75000000000023,data,ok,2.0,,all_flows,,pending,0,32,0.0,1.0,all_flows,0,24,0.0,1.0,,ok,,False,PF,1853662620
ue7_qfi9,296.75,300.0,300.0,300.25,all_flows,ue3_qfi1,3.75,17.5,27.0,27.0,ok,0.3213660635369665,all_flows,0.12190211743371257,ok,100.0,ue3_qfi1,0,0,0,126.2500000000002,100.00000000000009,all_flows,100.0,ue3_qfi1,0,0,0,126.2500000000002,100.00000000000009,data,2.0,data,ok,2.0,False,,all_flows,False,,3,0,proxy,3,0,ue8_qfi2,0.0,147,150.0,all_flows,ue8_qfi2,0.0,147,150.0,ok,ue7_qfi2,22.25,all_flows,ue7_qfi2,22.25,ok,7,all_flows,7,8,ok,8,ue8_qfi2,0.0,all_flows,ue8_qfi2,0.0,ok,0.8800360022946961,all_flows,0.9165883975850371,5,0.9165654759691924,proxy,5,0.8745726915469265,63643065.6,ok,0.004497727272727273,ok,0.9323579545454546,0.105478125,ok,ue2_qfi1,0.4489795918367347,49,100.0,all_flows,ue2_qfi1,0.4489795918367347,49,100.0,data,0.0,data,ok,0.0,ue3_qfi1,23.25,all_flows,ue3_qfi1,23.25,ok,30.4,ue1_qfi2,0,0.0,0.0,all_flows,30.4,ue1_qfi2,0,0.0,0.0,30.303,33.0,30.303,ok,33.0,,all_flows,,pending,,all_flows,,pending,100.0,"[8, 9]",ue3_qfi1,0,0,0,126.2500000000002,100.00000000000009,data,ok,2.0,,all_flows,,pending,3,32,5.0,1.0,all_flows,2,24,4.98325,1.0,ue8_qfi2,ok,ue8_qfi9,False,Reservation,1853662620
ue5_qfi9,200.5,299.75,300.0,300.25,all_flows,ue7_qfi2,7.302,37.057,105.011,120.895,ok,0.29150464749488825,all_flows,0.0007218983926991492,ok,,ue5_qfi9,0,0,1,831.2499999999998,0.0,all_flows,100.0,ue5_qfi1,0,0,1,528.2499999999999,102.75000000000001,data,2.0,data,ok,2.0,False,,all_flows,False,,3,0,proxy,3,0,ue7_qfi2,0.9933774834437086,151,150.0,all_flows,ue7_qfi2,0.9933774834437086,151,150.0,ok,ue2_qfi2,85.618,all_flows,ue2_qfi2,85.618,ok,7,all_flows,7,8,ok,8,ue5_qfi2,0.9481516,all_flows,ue5_qfi2,0.9481516,ok,0.9003006401526055,all_flows,0.978828174801626,5,0.9560975086769814,proxy,5,0.8489126709928163,66125134.4,ok,0.005627272727272727,ok,0.9326125,0.0377484375,ok,ue5_qfi1,0.3793103448275862,29,100.0,all_flows,ue5_qfi1,0.3793103448275862,29,100.0,data,0.0,data,ok,0.0,ue4_qfi9,161.5,all_flows,ue7_qfi2,113.59299999999999,ok,30.4,ue2_qfi2,10,135.0,878.0,all_flows,30.4,ue2_qfi2,10,135.0,878.0,30.303,33.0,30.303,ok,33.0,,all_flows,,pending,,all_flows,,pending,100.0,"[8, 9]",ue5_qfi1,0,0,1,528.2499999999999,102.75000000000001,data,ok,2.0,,all_flows,,pending,0,32,0.0,1.0,all_flows,0,24,0.0,1.0,,ok,,False,TwoTier,1853662620
ue8_qfi9,297.75,300.0,300.0,300.25,all_flows,ue6_qfi1,3.5,26.75,29.5,29.5,ok,0.27810915587568774,all_flows,0.0,ok,100.0,ue6_qfi1,0,0,0,125.0,99.49999999999991,all_flows,100.0,ue6_qfi1,0,0,0,125.0,99.49999999999991,data,2.0,data,ok,2.0,False,,all_flows,False,,3,0,proxy,3,0,ue5_qfi2,0.993421052631579,152,150.0,all_flows,ue5_qfi2,0.993421052631579,152,150.0,ok,ue4_qfi2,26.5,all_flows,ue4_qfi2,26.5,ok,8,all_flows,8,8,ok,8,ue8_qfi2,0.9604764,all_flows,ue8_qfi2,0.9604764,ok,0.953500712166058,all_flows,0.999924564204458,5,0.9998334627766927,proxy,5,0.9389800541215729,67419939.2,ok,0.004861363636363637,ok,0.9330681818181819,0.036934375,ok,ue1_qfi1,0.4489795918367347,49,100.0,all_flows,ue1_qfi1,0.4489795918367347,49,100.0,data,0.0,data,ok,0.0,ue6_qfi1,26.0,all_flows,ue6_qfi1,26.0,ok,30.2,ue5_qfi2,1,69.25,69.25,all_flows,30.2,ue5_qfi2,1,69.25,69.25,30.303,33.0,30.303,ok,33.0,,all_flows,,pending,,all_flows,,pending,100.0,"[8, 9]",ue6_qfi1,0,0,0,125.0,99.49999999999991,data,ok,2.0,,all_flows,,pending,0,32,0.0,1.0,all_flows,0,24,0.0,1.0,,ok,,False,PF,47463574
ue6_qfi9,141.25,298.75,299.75,300.0,all_flows,ue1_qfi1,4.75,16.5,24.0,24.0,ok,0.28257472381785737,all_flows,0.24129583846795613,ok,100.0,ue3_qfi1,0,0,0,121.2500000000003,99.99999999999964,all_flows,100.0,ue3_qfi1,0,0,0,121.2500000000003,99.99999999999964,data,2.0,data,ok,2.0,False,,all_flows,False,,3,0,proxy,3,0,ue7_qfi2,0.0,147,150.0,all_flows,ue7_qfi2,0.0,147,150.0,ok,ue1_qfi2,20.066,all_flows,ue1_qfi2,20.066,ok,6,all_flows,6,8,ok,8,ue7_qfi2,0.0,all_flows,ue7_qfi2,0.0,ok,0.8086324949532896,all_flows,0.8333024455791056,5,0.8332909606603794,proxy,5,0.803556082427002,66000334.4,ok,0.004345454545454546,ok,0.9327897727272727,0.0911,ok,ue1_qfi1,0.4489795918367347,49,100.0,all_flows,ue1_qfi1,0.4489795918367347,49,100.0,data,0.0,data,ok,0.0,ue3_qfi9,263.0,all_flows,ue3_qfi1,19.5,ok,30.4,ue1_qfi2,0,0.0,0.0,all_flows,30.4,ue1_qfi2,0,0.0,0.0,30.303,33.0,30.303,ok,33.0,,all_flows,,pending,,all_flows,,pending,100.0,"[8, 9]",ue3_qfi1,0,0,0,121.2500000000003,99.99999999999964,data,ok,2.0,,all_flows,,pending,6,32,5.0,1.0,all_flows,4,24,4.98325,1.0,ue7_qfi2,ok,ue7_qfi9,False,Reservation,47463574
ue7_qfi9,297.75,300.0,300.25,300.25,all_flows,ue7_qfi2,18.449,70.105,118.584,128.334,ok,0.3159710433984886,all_flows,0.12172523849790508,ok,100.0,ue4_qfi1,0,0,0,294.00000000000006,100.12500000000009,all_flows,100.0,ue4_qfi1,0,0,0,294.00000000000006,100.12500000000009,data,2.0,data,ok,2.0,False,,all_flows,False,,3,0,proxy,3,0,ue8_qfi2,0.6578947368421053,152,150.0,all_flows,ue8_qfi2,0.6578947368421053,152,150.0,ok,ue7_qfi2,74.334,all_flows,ue7_qfi2,74.334,ok,5,all_flows,5,8,ok,8,ue8_qfi2,0.6453131999999999,all_flows,ue8_qfi2,0.6453131999999999,ok,0.8631525617422815,all_flows,0.9224339735625027,5,0.7499806954819089,proxy,5,0.7186989621755467,63315230.4,ok,0.005025,ok,0.9334727272727272,0.036590625,ok,ue1_qfi1,0.4897959183673469,49,100.0,all_flows,ue1_qfi1,0.4897959183673469,49,100.0,data,0.0,data,ok,0.0,ue4_qfi9,281.25,all_flows,ue8_qfi2,120.42,ok,30.2,ue4_qfi2,5,104.75,409.75,all_flows,30.2,ue4_qfi2,5,104.75,409.75,30.303,33.0,30.303,ok,33.0,,all_flows,,pending,,all_flows,,pending,100.0,"[8, 9]",ue4_qfi1,0,0,0,294.00000000000006,100.12500000000009,data,ok,2.0,,all_flows,,pending,9,32,1.9060000000000001,1.0,all_flows,6,24,1.8920000000000001,1.0,ue8_qfi1,ok,ue8_qfi9,False,TwoTier,47463574
ue7_qfi9,297.75,300.0,300.0,300.25,all_flows,ue4_qfi1,6.75,18.25,52.75,52.75,ok,0.26096843787415896,all_flows,0.0,ok,100.0,ue4_qfi1,0,0,0,137.2500000000003,99.49999999999991,all_flows,100.0,ue4_qfi1,0,0,0,137.2500000000003,99.49999999999991,data,2.0,data,ok,2.0,False,,all_flows,False,,3,0,proxy,3,0,ue1_qfi2,1.0,152,150.0,all_flows,ue1_qfi2,1.0,152,150.0,ok,ue1_qfi2,26.206,all_flows,ue1_qfi2,26.206,ok,8,all_flows,8,8,ok,8,ue5_qfi2,0.9554308,all_flows,ue5_qfi2,0.9554308,ok,0.9585356673090916,all_flows,0.999941811851674,5,0.9998997664121605,proxy,5,0.9567591067337774,68708016.0,ok,0.0053363636363636365,ok,0.9327556818181818,0.03579375,ok,ue6_qfi1,0.40816326530612246,49,100.0,all_flows,ue6_qfi1,0.40816326530612246,49,100.0,data,0.0,data,ok,0.0,ue4_qfi1,46.0,all_flows,ue4_qfi1,46.0,ok,30.4,ue1_qfi2,0,0.0,0.0,all_flows,30.4,ue1_qfi2,0,0.0,0.0,30.303,33.0,30.303,ok,33.0,,all_flows,,pending,,all_flows,,pending,100.0,"[8, 9]",ue4_qfi1,0,0,0,137.2500000000003,99.49999999999991,data,ok,2.0,,all_flows,,pending,0,32,0.0,1.0,all_flows,0,24,0.0,1.0,,ok,,False,PF,1162779115
ue7_qfi9,296.25,299.75,300.0,300.25,all_flows,ue5_qfi1,5.5,20.0,25.5,25.5,ok,0.28346648675391806,all_flows,0.12322387831655622,ok,100.0,ue5_qfi1,0,0,0,125.24999999999986,99.49999999999991,all_flows,100.0,ue5_qfi1,0,0,0,125.24999999999986,99.49999999999991,data,2.0,data,ok,2.0,False,,all_flows,False,,3,0,proxy,3,0,ue8_qfi2,0.0,148,150.0,all_flows,ue8_qfi2,0.0,148,150.0,ok,ue3_qfi2,21.199,all_flows,ue3_qfi2,21.199,ok,7,all_flows,7,8,ok,8,ue8_qfi2,0.0,all_flows,ue8_qfi2,0.0,ok,0.8876516849666002,all_flows,0.9165909534432751,5,0.9165601403460607,proxy,5,0.8845229688290196,66635172.8,ok,0.004245454545454545,ok,0.9324102272727273,0.09594375,ok,ue1_qfi1,0.46938775510204084,49,100.0,all_flows,ue1_qfi1,0.46938775510204084,49,100.0,data,0.0,data,ok,0.0,ue5_qfi1,20.0,all_flows,ue5_qfi1,20.0,ok,30.4,ue1_qfi2,0,0.0,0.0,all_flows,30.4,ue1_qfi2,0,0.0,0.0,30.303,33.0,30.303,ok,33.0,,all_flows,,pending,,all_flows,,pending,100.0,"[8, 9]",ue5_qfi1,0,0,0,125.24999999999986,99.49999999999991,data,ok,2.0,,all_flows,,pending,3,32,5.0,1.0,all_flows,2,24,4.98325,1.0,ue8_qfi2,ok,ue8_qfi9,False,Reservation,1162779115
ue4_qfi9,25.25,49.5,56.5,60.5,all_flows,ue4_qfi2,6.387,19.469,22.936,27.962,ok,0.3630901898635695,all_flows,0.36616133889678876,ok,100.0,ue1_qfi1,0,0,0,116.24999999999997,99.49999999999991,all_flows,100.0,ue1_qfi1,0,0,0,116.24999999999997,99.49999999999991,data,2.0,data,ok,2.0,False,,all_flows,False,,3,0,proxy,3,0,ue6_qfi2,0.0,147,150.0,all_flows,ue6_qfi2,0.0,147,150.0,ok,ue4_qfi2,22.037,all_flows,ue4_qfi2,22.037,ok,5,all_flows,5,8,ok,8,ue6_qfi2,0.0,all_flows,ue6_qfi2,0.0,ok,0.7186752702619686,all_flows,0.749964379344964,5,0.749950088333883,proxy,5,0.7186405882176466,59433296.0,ok,0.004881818181818182,ok,0.9328761363636363,0.038140625,ok,ue5_qfi1,0.4489795918367347,49,100.0,all_flows,ue5_qfi1,0.4489795918367347,49,100.0,data,0.0,data,ok,0.0,ue3_qfi9,36.5,all_flows,ue4_qfi2,21.575,ok,30.4,ue1_qfi2,0,0.0,0.0,all_flows,30.4,ue1_qfi2,0,0.0,0.0,30.303,33.0,30.303,ok,33.0,,all_flows,,pending,,all_flows,,pending,100.0,"[8, 9]",ue1_qfi1,0,0,0,116.24999999999997,99.49999999999991,data,ok,2.0,,all_flows,,pending,9,32,5.0,1.0,all_flows,6,24,4.98325,1.0,ue6_qfi2,ok,ue6_qfi9,False,TwoTier,1162779115
ue8_qfi9,298.0,300.0,300.25,300.25,all_flows,ue3_qfi1,4.25,19.75,29.5,29.5,ok,0.2741142050129866,all_flows,0.0,ok,100.0,ue3_qfi1,0,0,0,127.7499999999998,100.24999999999994,all_flows,100.0,ue3_qfi1,0,0,0,127.7499999999998,100.24999999999994,data,2.0,data,ok,2.0,False,,all_flows,False,,3,0,proxy,3,0,ue3_qfi2,0.993421052631579,152,150.0,all_flows,ue3_qfi2,0.993421052631579,152,150.0,ok,ue4_qfi2,25.79,all_flows,ue4_qfi2,25.79,ok,8,all_flows,8,8,ok,8,ue1_qfi2,0.9621768,all_flows,ue1_qfi2,0.9621768,ok,0.9544044613067673,all_flows,0.9999534178034297,5,0.9999172933705375,proxy,5,0.9452260736136752,67684265.6,ok,0.005315909090909091,ok,0.9332590909090909,0.0380375,ok,ue3_qfi1,0.42857142857142855,49,100.0,all_flows,ue3_qfi1,0.42857142857142855,49,100.0,data,0.0,data,ok,0.0,ue3_qfi1,25.25,all_flows,ue3_qfi1,25.25,ok,30.2,ue3_qfi2,1,68.75,68.75,all_flows,30.2,ue3_qfi2,1,68.75,68.75,30.303,33.0,30.303,ok,33.0,,all_flows,,pending,,all_flows,,pending,100.0,"[8, 9]",ue3_qfi1,0,0,0,127.7499999999998,100.24999999999994,data,ok,2.0,,all_flows,,pending,0,32,0.0,1.0,all_flows,0,24,0.0,1.0,,ok,,False,PF,172656923
ue1_qfi9,293.5,299.75,300.0,300.25,all_flows,ue2_qfi1,5.75,17.0,21.75,21.75,ok,0.29022532873560647,all_flows,0.2413751242608877,ok,100.0,ue2_qfi1,0,0,0,121.49999999999972,99.49999999999991,all_flows,100.0,ue2_qfi1,0,0,0,121.49999999999972,99.49999999999991,data,2.0,data,ok,2.0,False,,all_flows,False,,3,0,proxy,3,0,ue7_qfi2,0.0,147,150.0,all_flows,ue7_qfi2,0.0,147,150.0,ok,ue2_qfi2,19.987,all_flows,ue2_qfi2,19.987,ok,6,all_flows,6,8,ok,8,ue7_qfi2,0.0,all_flows,ue7_qfi2,0.0,ok,0.8083712883451349,all_flows,0.8332782005935704,5,0.8332577409867888,proxy,5,0.806759196254571,65329112.0,ok,0.004284090909090909,ok,0.9332920454545455,0.098184375,ok,ue5_qfi1,0.46938775510204084,49,100.0,all_flows,ue5_qfi1,0.46938775510204084,49,100.0,data,0.0,data,ok,0.0,ue5_qfi9,246.25,all_flows,ue6_qfi1,17.0,ok,30.4,ue1_qfi2,0,0.0,0.0,all_flows,30.4,ue1_qfi2,0,0.0,0.0,30.303,33.0,30.303,ok,33.0,,all_flows,,pending,,all_flows,,pending,100.0,"[8, 9]",ue2_qfi1,0,0,0,121.49999999999972,99.49999999999991,data,ok,2.0,,all_flows,,pending,6,32,5.0,1.0,all_flows,4,24,4.98325,1.0,ue7_qfi2,ok,ue7_qfi9,False,Reservation,172656923
ue8_qfi9,298.0,300.0,300.25,300.25,all_flows,ue8_qfi2,12.34,88.136,118.144,134.992,ok,0.3255753366878429,all_flows,0.21286201343283043,ok,100.0,ue5_qfi1,0,0,0,191.74999999999986,99.74999999999979,all_flows,100.0,ue5_qfi1,0,0,0,191.74999999999986,99.74999999999979,data,2.0,data,ok,2.0,False,,all_flows,False,,3,0,proxy,3,0,ue7_qfi2,0.41721854304635764,151,150.0,all_flows,ue7_qfi2,0.41721854304635764,151,150.0,ok,ue8_qfi2,88.136,all_flows,ue8_qfi2,88.136,ok,5,all_flows,5,8,ok,8,ue7_qfi2,0.410338,all_flows,ue7_qfi2,0.410338,ok,0.8029433200546803,all_flows,0.8492840771756958,5,0.7499741170729797,proxy,5,0.7187042586272361,62470089.6,ok,0.0052977272727272725,ok,0.9340534090909091,0.0382015625,ok,ue7_qfi1,0.42105263157894735,19,100.0,all_flows,ue7_qfi1,0.42105263157894735,19,100.0,data,0.0,data,ok,0.0,ue5_qfi9,281.75,all_flows,ue7_qfi2,125.738,ok,30.4,ue2_qfi2,1,96.25,96.25,all_flows,30.4,ue2_qfi2,1,96.25,96.25,30.303,33.0,30.303,ok,33.0,,all_flows,,pending,,all_flows,,pending,100.0,"[8, 9]",ue5_qfi1,0,0,0,191.74999999999986,99.74999999999979,data,ok,2.0,,all_flows,,pending,9,32,3.1555,1.0,all_flows,6,24,3.1195,1.0,ue8_qfi1,ok,ue8_qfi9,False,TwoTier,172656923
ue8_qfi9,297.75,300.0,300.0,300.25,all_flows,ue4_qfi2,9.729,20.64,23.575,28.185,ok,0.28927819528543974,all_flows,0.0,ok,100.0,ue5_qfi1,0,0,0,190.25000000000003,99.87499999999972,all_flows,100.0,ue5_qfi1,0,0,0,190.25000000000003,99.87499999999972,data,2.0,data,ok,2.0,False,,all_flows,False,,3,0,proxy,3,0,ue5_qfi2,0.993421052631579,152,150.0,all_flows,ue5_qfi2,0.993421052631579,152,150.0,ok,ue4_qfi2,25.89,all_flows,ue4_qfi2,25.89,ok,8,all_flows,8,8,ok,8,ue6_qfi2,0.9645044,all_flows,ue6_qfi2,0.9645044,ok,0.9502669071020593,all_flows,0.9998746968583735,5,0.9995872126030386,proxy,5,0.9464738825564531,66365782.4,ok,0.0053,ok,0.9298556818181818,0.03824375,ok,ue8_qfi1,0.4897959183673469,49,100.0,all_flows,ue8_qfi1,0.4897959183673469,49,100.0,data,0.0,data,ok,0.0,ue1_qfi1,24.25,all_flows,ue1_qfi1,24.25,ok,30.2,ue5_qfi2,1,72.5,72.5,all_flows,30.2,ue5_qfi2,1,72.5,72.5,30.303,33.0,30.303,ok,33.0,,all_flows,,pending,,all_flows,,pending,100.0,"[8, 9]",ue5_qfi1,0,0,0,190.25000000000003,99.87499999999972,data,ok,2.0,,all_flows,,pending,0,32,0.0,1.0,all_flows,0,24,0.0,1.0,,ok,,False,PF,643626383
ue7_qfi9,296.75,300.0,300.25,300.25,all_flows,ue1_qfi1,6.25,18.25,23.5,23.5,ok,0.2988950344542105,all_flows,0.12156015224841166,ok,100.0,ue7_qfi1,0,0,0,122.74999999999991,99.74999999999979,all_flows,100.0,ue7_qfi1,0,0,0,122.74999999999991,99.74999999999979,data,2.0,data,ok,2.0,False,,all_flows,False,,3,0,proxy,3,0,ue8_qfi2,0.0,147,150.0,all_flows,ue8_qfi2,0.0,147,150.0,ok,ue5_qfi2,22.005,all_flows,ue5_qfi2,22.005,ok,7,all_flows,7,8,ok,8,ue8_qfi2,0.0,all_flows,ue8_qfi2,0.0,ok,0.8841775269687802,all_flows,0.9165964378496895,5,0.9165737213203438,proxy,5,0.8803565238365514,65455716.8,ok,0.004320454545454546,ok,0.9308375,0.100078125,ok,ue4_qfi1,0.42857142857142855,49,100.0,all_flows,ue4_qfi1,0.42857142857142855,49,100.0,data,0.0,data,ok,0.0,ue5_qfi1,18.75,all_flows,ue5_qfi1,18.75,ok,30.4,ue1_qfi2,0,0.0,0.0,all_flows,30.4,ue1_qfi2,0,0.0,0.0,30.303,33.0,30.303,ok,33.0,,all_flows,,pending,,all_flows,,pending,100.0,"[8, 9]",ue7_qfi1,0,0,0,122.74999999999991,99.74999999999979,data,ok,2.0,,all_flows,,pending,3,32,5.0,1.0,all_flows,2,24,4.98325,1.0,ue8_qfi2,ok,ue8_qfi9,False,Reservation,643626383
ue4_qfi9,32.5,59.75,67.25,72.0,all_flows,ue1_qfi2,6.122,18.953,24.801,29.714,ok,0.36302439259032476,all_flows,0.3655083506881354,ok,100.0,ue2_qfi1,0,0,0,113.25000000000007,100.00000000000009,all_flows,100.0,ue2_qfi1,0,0,0,113.25000000000007,100.00000000000009,data,2.0,data,ok,2.0,False,,all_flows,False,,3,0,proxy,3,0,ue6_qfi2,0.0,148,150.0,all_flows,ue6_qfi2,0.0,148,150.0,ok,ue1_qfi2,25.257,all_flows,ue1_qfi2,25.257,ok,5,all_flows,5,8,ok,8,ue6_qfi2,0.0,all_flows,ue6_qfi2,0.0,ok,0.7186727823016952,all_flows,0.749972179990549,5,0.7499556378980339,proxy,5,0.7185549627686815,59537289.6,ok,0.0054863636363636364,ok,0.9291443181818182,0.0396046875,ok,ue2_qfi1,0.46938775510204084,49,100.0,all_flows,ue2_qfi1,0.46938775510204084,49,100.0,data,0.0,data,ok,0.0,ue4_qfi9,39.5,all_flows,ue1_qfi2,23.592,ok,30.4,ue1_qfi2,0,0.0,0.0,all_flows,30.4,ue1_qfi2,0,0.0,0.0,30.303,33.0,30.303,ok,33.0,,all_flows,,pending,,all_flows,,pending,100.0,"[8, 9]",ue2_qfi1,0,0,0,113.25000000000007,100.00000000000009,data,ok,2.0,,all_flows,,pending,9,32,5.0,1.0,all_flows,6,24,4.98325,1.0,ue6_qfi2,ok,ue6_qfi9,False,TwoTier,643626383
ue8_qfi9,297.75,300.0,300.0,300.25,all_flows,ue5_qfi1,3.5,17.25,35.5,35.5,ok,0.2662815572607046,all_flows,0.0,ok,100.0,ue7_qfi1,0,0,0,197.75000000000009,100.12500000000001,all_flows,100.0,ue7_qfi1,0,0,0,197.75000000000009,100.12500000000001,data,2.0,data,ok,2.0,False,,all_flows,False,,3,0,proxy,3,0,ue4_qfi2,0.9868421052631579,152,150.0,all_flows,ue4_qfi2,0.9868421052631579,152,150.0,ok,ue7_qfi2,28.607,all_flows,ue7_qfi2,28.607,ok,8,all_flows,8,8,ok,8,ue2_qfi2,0.953988,all_flows,ue2_qfi2,0.953988,ok,0.9568994018490887,all_flows,0.999874737309596,5,0.9995492939607225,proxy,5,0.9504488082136882,68293448.0,ok,0.004652272727272727,ok,0.9330352272727273,0.0350265625,ok,ue7_qfi1,0.4583333333333333,48,100.0,all_flows,ue7_qfi1,0.4583333333333333,48,100.0,data,0.0,data,ok,0.0,ue5_qfi1,32.0,all_flows,ue5_qfi1,32.0,ok,30.0,ue4_qfi2,2,68.5,135.75,all_flows,30.0,ue4_qfi2,2,68.5,135.75,30.303,33.0,30.303,ok,33.0,,all_flows,,pending,,all_flows,,pending,100.0,"[8, 9]",ue7_qfi1,0,0,0,197.75000000000009,100.12500000000001,data,ok,2.0,,all_flows,,pending,0,32,0.0,1.0,all_flows,0,24,0.0,1.0,,ok,,False,PF,1033071480
ue6_qfi9,216.0,298.75,299.75,300.0,all_flows,ue1_qfi1,3.25,17.0,23.25,23.25,ok,0.2638309360919517,all_flows,0.24162695283082855,ok,100.0,ue1_qfi1,0,0,0,122.50000000000006,100.24999999999994,all_flows,100.0,ue1_qfi1,0,0,0,122.50000000000006,100.24999999999994,data,2.0,data,ok,2.0,False,,all_flows,False,,3,0,proxy,3,0,ue7_qfi2,0.0,147,150.0,all_flows,ue7_qfi2,0.0,147,150.0,ok,ue3_qfi2,19.75,all_flows,ue3_qfi2,19.75,ok,6,all_flows,6,8,ok,8,ue7_qfi2,0.0,all_flows,ue7_qfi2,0.0,ok,0.8099766291741849,all_flows,0.8333040107127048,5,0.8332693649639569,proxy,5,0.8083728852606297,67827617.6,ok,0.0043022727272727275,ok,0.9323397727272728,0.084925,ok,ue3_qfi1,0.4489795918367347,49,100.0,all_flows,ue3_qfi1,0.4489795918367347,49,100.0,data,0.0,data,ok,0.0,ue4_qfi9,150.5,all_flows,ue1_qfi1,20.0,ok,30.4,ue1_qfi2,0,0.0,0.0,all_flows,30.4,ue1_qfi2,0,0.0,0.0,30.303,33.0,30.303,ok,33.0,,all_flows,,pending,,all_flows,,pending,100.0,"[8, 9]",ue1_qfi1,0,0,0,122.50000000000006,100.24999999999994,data,ok,2.0,,all_flows,,pending,6,32,5.0,1.0,all_flows,4,24,4.98325,1.0,ue7_qfi2,ok,ue7_qfi9,False,Reservation,1033071480
ue5_qfi9,19.75,44.75,50.5,55.75,all_flows,ue3_qfi2,6.401,18.37,20.616,25.5,ok,0.36254290785277765,all_flows,0.3639473136650212,ok,100.0,ue4_qfi1,0,0,0,111.49999999999993,99.99999999999997,all_flows,100.0,ue4_qfi1,0,0,0,111.49999999999993,99.99999999999997,data,2.0,data,ok,2.0,False,,all_flows,False,,3,0,proxy,3,0,ue6_qfi2,0.0,147,150.0,all_flows,ue6_qfi2,0.0,147,150.0,ok,ue5_qfi2,22.5,all_flows,ue5_qfi2,22.5,ok,5,all_flows,5,8,ok,8,ue6_qfi2,0.0,all_flows,ue6_qfi2,0.0,ok,0.7186651889289373,all_flows,0.7499731706295696,5,0.7499569387287421,proxy,5,0.7186226608870757,59505905.6,ok,0.004945454545454545,ok,0.9333568181818181,0.0339125,ok,ue3_qfi1,0.4897959183673469,49,100.0,all_flows,ue3_qfi1,0.4897959183673469,49,100.0,data,0.0,data,ok,0.0,ue3_qfi9,37.0,all_flows,ue3_qfi2,19.099,ok,30.4,ue1_qfi2,0,0.0,0.0,all_flows,30.4,ue1_qfi2,0,0.0,0.0,30.303,33.0,30.303,ok,33.0,,all_flows,,pending,,all_flows,,pending,100.0,"[8, 9]",ue4_qfi1,0,0,0,111.49999999999993,99.99999999999997,data,ok,2.0,,all_flows,,pending,9,32,5.0,1.0,all_flows,6,24,4.98325,1.0,ue6_qfi2,ok,ue6_qfi9,False,TwoTier,1033071480
ue8_qfi9,297.25,300.0,300.0,300.25,all_flows,ue5_qfi1,4.5,22.0,29.0,29.0,ok,0.2700357326413908,all_flows,0.0,ok,100.0,ue5_qfi1,0,0,0,128.50000000000028,100.00000000000054,all_flows,100.0,ue5_qfi1,0,0,0,128.50000000000028,100.00000000000054,data,2.0,data,ok,2.0,False,,all_flows,False,,3,0,proxy,3,0,ue1_qfi2,1.0,152,150.0,all_flows,ue1_qfi2,1.0,152,150.0,ok,ue4_qfi2,27.321,all_flows,ue4_qfi2,27.321,ok,8,all_flows,8,8,ok,8,ue5_qfi2,0.9672048000000001,all_flows,ue5_qfi2,0.9672048000000001,ok,0.9559378962740048,all_flows,0.9999633515289499,5,0.999938259708992,proxy,5,0.9494353522271269,68080969.6,ok,0.004488636363636364,ok,0.9302886363636363,0.0355453125,ok,ue8_qfi1,0.4489795918367347,49,100.0,all_flows,ue8_qfi1,0.4489795918367347,49,100.0,data,0.0,data,ok,0.0,ue5_qfi1,24.5,all_flows,ue5_qfi1,24.5,ok,30.4,ue1_qfi2,0,0.0,0.0,all_flows,30.4,ue1_qfi2,0,0.0,0.0,30.303,33.0,30.303,ok,33.0,,all_flows,,pending,,all_flows,,pending,100.0,"[8, 9]",ue5_qfi1,0,0,0,128.50000000000028,100.00000000000054,data,ok,2.0,,all_flows,,pending,0,32,0.0,1.0,all_flows,0,24,0.0,1.0,,ok,,False,PF,907713895
ue4_qfi9,294.5,299.75,300.0,300.25,all_flows,ue6_qfi1,2.25,19.0,21.75,21.75,ok,0.27773712212953044,all_flows,0.24389742640308684,ok,100.0,ue6_qfi1,0,0,0,120.24999999999997,100.00000000000009,all_flows,100.0,ue6_qfi1,0,0,0,120.24999999999997,100.00000000000009,data,2.0,data,ok,2.0,False,,all_flows,False,,3,0,proxy,3,0,ue7_qfi2,0.0,148,150.0,all_flows,ue7_qfi2,0.0,148,150.0,ok,ue6_qfi2,19.442,all_flows,ue6_qfi2,19.442,ok,6,all_flows,6,8,ok,8,ue7_qfi2,0.0,all_flows,ue7_qfi2,0.0,ok,0.8086881358850734,all_flows,0.833278645613589,5,0.8332413520087831,proxy,5,0.8061455317956673,66419579.2,ok,0.004059090909090909,ok,0.9314488636363636,0.0921,ok,ue2_qfi1,0.3877551020408163,49,100.0,all_flows,ue2_qfi1,0.3877551020408163,49,100.0,data,0.0,data,ok,0.0,ue3_qfi9,194.25,all_flows,ue6_qfi1,19.5,ok,30.4,ue1_qfi2,0,0.0,0.0,all_flows,30.4,ue1_qfi2,0,0.0,0.0,30.303,33.0,30.303,ok,33.0,,all_flows,,pending,,all_flows,,pending,100.0,"[8, 9]",ue6_qfi1,0,0,0,120.24999999999997,100.00000000000009,data,ok,2.0,,all_flows,,pending,6,32,5.0,1.0,all_flows,4,24,4.98325,1.0,ue7_qfi2,ok,ue7_qfi9,False,Reservation,907713895
ue4_qfi9,35.0,58.25,63.25,65.5,all_flows,ue3_qfi2,5.953,18.798,23.812,28.33,ok,0.3635429406377351,all_flows,0.36658175844137203,ok,100.0,ue2_qfi1,0,0,0,113.50000000000016,99.75000000000023,all_flows,100.0,ue2_qfi1,0,0,0,113.50000000000016,99.75000000000023,data,2.0,data,ok,2.0,False,,all_flows,False,,3,0,proxy,3,0,ue6_qfi2,0.0,147,150.0,all_flows,ue6_qfi2,0.0,147,150.0,ok,ue2_qfi2,24.841,all_flows,ue2_qfi2,24.841,ok,5,all_flows,5,8,ok,8,ue6_qfi2,0.0,all_flows,ue6_qfi2,0.0,ok,0.7186739118377162,all_flows,0.7499755464450872,5,0.7499663347195429,proxy,5,0.7185981917752527,59449803.2,ok,0.004725,ok,0.9299363636363637,0.0374140625,ok,ue4_qfi1,0.4897959183673469,49,100.0,all_flows,ue4_qfi1,0.4897959183673469,49,100.0,data,0.0,data,ok,0.0,ue5_qfi9,40.5,all_flows,ue3_qfi2,22.377,ok,30.4,ue1_qfi2,0,0.0,0.0,all_flows,30.4,ue1_qfi2,0,0.0,0.0,30.303,33.0,30.303,ok,33.0,,all_flows,,pending,,all_flows,,pending,100.0,"[8, 9]",ue2_qfi1,0,0,0,113.50000000000016,99.75000000000023,data,ok,2.0,,all_flows,,pending,9,32,5.0,1.0,all_flows,6,24,4.98325,1.0,ue6_qfi2,ok,ue6_qfi9,False,TwoTier,907713895
ue8_qfi8,300.0,300.25,300.25,300.25,all_flows,ue4_qfi1,5.25,27.0,90.25,90.25,ok,0.526894629067161,all_flows,0.0,ok,100.0,ue4_qfi1,0,0,0,171.2500000000001,99.75000000000023,all_flows,100.0,ue4_qfi1,0,0,0,171.2500000000001,99.75000000000023,data,2.0,data,ok,2.0,False,,all_flows,False,,3,0,proxy,3,0,ue1_qfi2,1.0,152,150.0,all_flows,ue1_qfi2,1.0,152,150.0,ok,ue4_qfi2,29.939,all_flows,ue4_qfi2,29.939,ok,8,all_flows,8,8,ok,8,ue7_qfi2,0.9643304,all_flows,ue7_qfi2,0.9643304,ok,0.908396900849441,all_flows,0.9999524827345638,5,0.9999189360948026,proxy,5,0.8998983315187287,68779820.8,ok,0.0046113636363636365,ok,0.9307159090909091,0.0347484375,ok,ue2_qfi1,0.4897959183673469,49,100.0,all_flows,ue2_qfi1,0.4897959183673469,49,100.0,data,0.0,data,ok,0.0,ue4_qfi1,85.0,all_flows,ue4_qfi1,85.0,ok,30.4,ue1_qfi2,0,0.0,0.0,all_flows,30.4,ue1_qfi2,0,0.0,0.0,30.303,33.0,30.303,ok,33.0,,all_flows,,pending,,all_flows,,pending,100.0,"[8, 9]",ue4_qfi1,0,0,0,171.2500000000001,99.75000000000023,data,ok,2.0,,all_flows,,pending,1,33,5.0,1.0,all_flows,0,24,0.0,1.0,,ok,ue8_qfi9,True,PF,1826701614
ue8_qfi8,300.25,300.25,300.25,300.25,all_flows,ue7_qfi1,5.25,16.75,37.0,37.0,ok,0.5466410040282732,all_flows,0.0,ok,100.0,ue4_qfi1,0,0,0,124.75000000000014,100.24999999999994,all_flows,100.0,ue4_qfi1,0,0,0,124.75000000000014,100.24999999999994,data,2.0,data,ok,2.0,False,,all_flows,False,,3,0,proxy,3,0,ue5_qfi2,0.993421052631579,152,150.0,all_flows,ue5_qfi2,0.993421052631579,152,150.0,ok,ue4_qfi2,24.776,all_flows,ue4_qfi2,24.776,ok,8,all_flows,8,8,ok,8,ue5_qfi2,0.959814,all_flows,ue5_qfi2,0.959814,ok,0.9059190606456152,all_flows,0.9998912703989798,5,0.9998401209864676,proxy,5,0.8971606091971442,67577691.2,ok,0.004015909090909091,ok,0.9317272727272727,0.109653125,ok,ue2_qfi1,0.40816326530612246,49,100.0,all_flows,ue2_qfi1,0.40816326530612246,49,100.0,data,0.0,data,ok,0.0,ue7_qfi1,31.75,all_flows,ue7_qfi1,31.75,ok,30.4,ue1_qfi2,0,0.0,0.0,all_flows,30.4,ue1_qfi2,0,0.0,0.0,30.303,33.0,30.303,ok,33.0,,all_flows,,pending,,all_flows,,pending,100.0,"[8, 9]",ue4_qfi1,0,0,0,124.75000000000014,100.24999999999994,data,ok,2.0,,all_flows,,pending,1,33,5.0,1.0,all_flows,0,24,0.0,1.0,,ok,ue8_qfi9,True,Reservation,1826701614
ue8_qfi8,300.0,300.25,300.25,300.25,all_flows,ue6_qfi2,15.913,76.622,95.473,122.701,ok,0.5179399553422603,all_flows,0.0017434626399332668,ok,,ue8_qfi8,0,1,1,1150.5,0.25000000000030553,all_flows,100.0,ue6_qfi1,0,0,0,347.75,100.49999999999987,data,2.0,data,ok,2.0,False,,all_flows,False,,3,0,proxy,3,0,ue6_qfi2,0.9867549668874173,151,150.0,all_flows,ue6_qfi2,0.9867549668874173,151,150.0,ok,ue4_qfi2,113.303,all_flows,ue4_qfi2,113.303,ok,8,all_flows,8,8,ok,8,ue4_qfi2,0.9528932,all_flows,ue4_qfi2,0.9528932,ok,0.8714134977111341,all_flows,0.9742237329512878,5,0.9373316866167457,proxy,5,0.8269827838260646,68573185.6,ok,0.004604545454545455,ok,0.9306602272727272,0.03395,ok,ue8_qfi1,0.38235294117647056,34,100.0,all_flows,ue8_qfi1,0.38235294117647056,34,100.0,data,0.0,data,ok,0.0,ue5_qfi9,113.75,all_flows,ue6_qfi2,106.788,ok,30.4,ue8_qfi2,18,108.0,1632.5,all_flows,30.4,ue8_qfi2,18,108.0,1632.5,30.303,33.0,30.303,ok,33.0,,all_flows,,pending,,all_flows,,pending,100.0,"[8, 9]",ue6_qfi1,0,0,0,347.75,100.49999999999987,data,ok,2.0,,all_flows,,pending,3,33,5.0,1.0,all_flows,1,24,1.8647500000000001,1.0,ue4_qfi1,ok,ue8_qfi9,True,TwoTier,1826701614
ue8_qfi8,300.0,300.25,300.25,300.25,all_flows,ue3_qfi1,4.0,14.25,28.5,28.5,ok,0.5267559621763439,all_flows,0.0,ok,100.0,ue3_qfi1,0,0,0,126.2500000000002,99.50000000000037,all_flows,100.0,ue3_qfi1,0,0,0,126.2500000000002,99.50000000000037,data,2.0,data,ok,2.0,False,,all_flows,False,,3,0,proxy,3,0,ue1_qfi2,1.0,152,150.0,all_flows,ue1_qfi2,1.0,152,150.0,ok,ue5_qfi2,25.779,all_flows,ue5_qfi2,25.779,ok,8,all_flows,8,8,ok,8,ue7_qfi2,0.9582188,all_flows,ue7_qfi2,0.9582188,ok,0.9083687201968258,all_flows,0.9999553277201063,5,0.9999279621479603,proxy,5,0.9040204279351918,68872204.8,ok,0.004809090909090909,ok,0.9316363636363636,0.0362765625,ok,ue4_qfi1,0.4489795918367347,49,100.0,all_flows,ue4_qfi1,0.4489795918367347,49,100.0,data,0.0,data,ok,0.0,ue3_qfi1,24.5,all_flows,ue3_qfi1,24.5,ok,30.4,ue1_qfi2,0,0.0,0.0,all_flows,30.4,ue1_qfi2,0,0.0,0.0,30.303,33.0,30.303,ok,33.0,,all_flows,,pending,,all_flows,,pending,100.0,"[8, 9]",ue3_qfi1,0,0,0,126.2500000000002,99.50000000000037,data,ok,2.0,,all_flows,,pending,1,33,5.0,1.0,all_flows,0,24,0.0,1.0,,ok,ue8_qfi9,True,PF,1367864806
ue8_qfi8,300.0,300.25,300.25,300.25,all_flows,ue8_qfi1,6.75,18.5,39.25,39.25,ok,0.5456357548593039,all_flows,0.0,ok,100.0,ue1_qfi1,0,0,0,122.74999999999991,99.24999999999984,all_flows,100.0,ue1_qfi1,0,0,0,122.74999999999991,99.24999999999984,data,2.0,data,ok,2.0,False,,all_flows,False,,3,0,proxy,3,0,ue1_qfi2,1.0,152,150.0,all_flows,ue1_qfi2,1.0,152,150.0,ok,ue1_qfi2,23.25,all_flows,ue1_qfi2,23.25,ok,8,all_flows,8,8,ok,8,ue7_qfi2,0.9577568000000001,all_flows,ue7_qfi2,0.9577568000000001,ok,0.9070618411064959,all_flows,0.9999060892837124,5,0.9998706873664905,proxy,5,0.9027246528473686,67929856.0,ok,0.004165909090909091,ok,0.9340329545454545,0.1141125,ok,ue5_qfi1,0.4489795918367347,49,100.0,all_flows,ue5_qfi1,0.4489795918367347,49,100.0,data,0.0,data,ok,0.0,ue8_qfi1,32.5,all_flows,ue8_qfi1,32.5,ok,30.4,ue1_qfi2,0,0.0,0.0,all_flows,30.4,ue1_qfi2,0,0.0,0.0,30.303,33.0,30.303,ok,33.0,,all_flows,,pending,,all_flows,,pending,100.0,"[8, 9]",ue1_qfi1,0,0,0,122.74999999999991,99.24999999999984,data,ok,2.0,,all_flows,,pending,1,33,5.0,1.0,all_flows,0,24,0.0,1.0,,ok,ue8_qfi9,True,Reservation,1367864806
ue1_qfi9,17.0,51.75,57.25,60.0,all_flows,ue3_qfi2,5.992,19.359,23.762,27.854,ok,0.5765271884257541,all_flows,0.3657673885424993,ok,100.0,ue1_qfi1,0,0,0,111.75000000000024,100.00000000000009,all_flows,100.0,ue1_qfi1,0,0,0,111.75000000000024,100.00000000000009,data,2.0,data,ok,2.0,False,,all_flows,False,,3,0,proxy,3,0,ue6_qfi2,0.0,147,150.0,all_flows,ue6_qfi2,0.0,147,150.0,ok,ue1_qfi2,24.14,all_flows,ue1_qfi2,24.14,ok,5,all_flows,5,8,ok,8,ue6_qfi2,0.0,all_flows,ue6_qfi2,0.0,ok,0.6969166068697393,all_flows,0.7499730683977763,5,0.7499543455916222,proxy,5,0.6968694637460092,59414928.0,ok,0.004575,ok,0.9311295454545454,0.037175,ok,ue1_qfi1,0.4489795918367347,49,100.0,all_flows,ue1_qfi1,0.4489795918367347,49,100.0,data,0.0,data,ok,0.0,ue1_qfi9,43.0,all_flows,ue3_qfi2,21.862,ok,30.4,ue1_qfi2,0,0.0,0.0,all_flows,30.4,ue1_qfi2,0,0.0,0.0,30.303,33.0,30.303,ok,33.0,,all_flows,,pending,,all_flows,,pending,100.0,"[8, 9]",ue1_qfi1,0,0,0,111.75000000000024,100.00000000000009,data,ok,2.0,,all_flows,,pending,10,33,5.0,1.0,all_flows,6,24,4.98325,1.0,ue6_qfi2,ok,ue6_qfi9,True,TwoTier,1367864806
ue8_qfi8,300.0,300.25,300.25,300.25,all_flows,ue5_qfi1,6.0,21.5,34.0,34.0,ok,0.5678733822972661,all_flows,0.0,ok,100.0,ue5_qfi1,0,0,0,133.75000000000003,99.74999999999979,all_flows,100.0,ue5_qfi1,0,0,0,133.75000000000003,99.74999999999979,data,2.0,data,ok,2.0,False,,all_flows,False,,3,0,proxy,3,0,ue4_qfi2,0.993421052631579,152,150.0,all_flows,ue4_qfi2,0.993421052631579,152,150.0,ok,ue3_qfi2,28.107,all_flows,ue3_qfi2,28.107,ok,8,all_flows,8,8,ok,8,ue7_qfi2,0.9605768,all_flows,ue7_qfi2,0.9605768,ok,0.8910009234692973,all_flows,0.9999495045361038,5,0.9999279483924555,proxy,5,0.8774240053035995,63262592.0,ok,0.005479545454545455,ok,0.9317193181818182,0.0421796875,ok,ue7_qfi1,0.46938775510204084,49,100.0,all_flows,ue7_qfi1,0.46938775510204084,49,100.0,data,0.0,data,ok,0.0,ue3_qfi1,29.0,all_flows,ue3_qfi1,29.0,ok,30.4,ue1_qfi2,0,0.0,0.0,all_flows,30.4,ue1_qfi2,0,0.0,0.0,30.303,33.0,30.303,ok,33.0,,all_flows,,pending,,all_flows,,pending,100.0,"[8, 9]",ue5_qfi1,0,0,0,133.75000000000003,99.74999999999979,data,ok,2.0,,all_flows,,pending,1,33,5.0,1.0,all_flows,0,24,0.0,1.0,,ok,ue8_qfi9,True,PF,1097657231
ue7_qfi9,296.5,300.0,300.0,300.25,all_flows,ue4_qfi1,5.5,19.25,25.75,25.75,ok,0.5648172480274317,all_flows,0.12127785359115233,ok,100.0,ue3_qfi1,0,0,0,119.24999999999963,99.75,all_flows,100.0,ue3_qfi1,0,0,0,119.24999999999963,99.75,data,2.0,data,ok,2.0,False,,all_flows,False,,3,0,proxy,3,0,ue8_qfi2,0.0,148,150.0,all_flows,ue8_qfi2,0.0,148,150.0,ok,ue5_qfi2,22.692,all_flows,ue5_qfi2,22.692,ok,7,all_flows,7,8,ok,8,ue8_qfi2,0.0,all_flows,ue8_qfi2,0.0,ok,0.8483550080252437,all_flows,0.9165736265174225,5,0.9165033393951134,proxy,5,0.834861034104667,61880841.6,ok,0.0045295454545454545,ok,0.9317727272727273,0.1107109375,ok,ue7_qfi1,0.4489795918367347,49,100.0,all_flows,ue7_qfi1,0.4489795918367347,49,100.0,data,0.0,data,ok,0.0,ue4_qfi1,20.25,all_flows,ue4_qfi1,20.25,ok,30.4,ue1_qfi2,0,0.0,0.0,all_flows,30.4,ue1_qfi2,0,0.0,0.0,30.303,33.0,30.303,ok,33.0,,all_flows,,pending,,all_flows,,pending,100.0,"[8, 9]",ue3_qfi1,0,0,0,119.24999999999963,99.75,data,ok,2.0,,all_flows,,pending,4,33,5.0,1.0,all_flows,2,24,4.98325,1.0,ue8_qfi2,ok,ue8_qfi8,True,Reservation,1097657231
ue8_qfi8,300.0,300.25,300.25,300.25,all_flows,ue7_qfi2,8.291,50.493,98.981,113.873,ok,0.5655483687743021,all_flows,0.0003825954039572783,ok,,ue4_qfi9,0,0,0,419.00000000000045,0.0,all_flows,100.0,ue4_qfi1,0,0,0,330.4999999999998,100.00000000000009,data,2.0,data,ok,2.0,False,,all_flows,False,,3,0,proxy,3,0,ue2_qfi2,0.993421052631579,152,150.0,all_flows,ue2_qfi2,0.993421052631579,152,150.0,ok,ue5_qfi2,71.107,all_flows,ue5_qfi2,71.107,ok,8,all_flows,8,8,ok,8,ue8_qfi2,0.9602436,all_flows,ue8_qfi2,0.9602436,ok,0.8635870648946776,all_flows,0.9934502977127414,5,0.9738360408603178,proxy,5,0.8515491954200689,63676164.8,ok,0.0050363636363636366,ok,0.9315897727272727,0.0408953125,ok,ue8_qfi1,0.3829787234042553,47,100.0,all_flows,ue8_qfi1,0.3829787234042553,47,100.0,data,0.0,data,ok,0.0,ue7_qfi2,105.58200000000001,all_flows,ue7_qfi2,105.58200000000001,ok,30.4,ue3_qfi2,5,123.25,472.25,all_flows,30.4,ue3_qfi2,5,123.25,472.25,30.303,33.0,30.303,ok,33.0,,all_flows,,pending,,all_flows,,pending,100.0,"[8, 9]",ue4_qfi1,0,0,0,330.4999999999998,100.00000000000009,data,ok,2.0,,all_flows,,pending,1,33,5.0,1.0,all_flows,0,24,0.0,1.0,,ok,ue8_qfi9,True,TwoTier,1097657231
ue8_qfi8,300.0,300.25,300.25,300.25,all_flows,ue2_qfi1,4.25,18.0,29.0,29.0,ok,0.5308171385692654,all_flows,0.0,ok,100.0,ue3_qfi1,0,0,0,121.24999999999986,99.99999999999964,all_flows,100.0,ue3_qfi1,0,0,0,121.24999999999986,99.99999999999964,data,2.0,data,ok,2.0,False,,all_flows,False,,3,0,proxy,3,0,ue5_qfi2,0.993421052631579,152,150.0,all_flows,ue5_qfi2,0.993421052631579,152,150.0,ok,ue7_qfi2,25.423,all_flows,ue7_qfi2,25.423,ok,8,all_flows,8,8,ok,8,ue2_qfi2,0.9648984,all_flows,ue2_qfi2,0.9648984,ok,0.9076149393878186,all_flows,0.9999639024824978,5,0.9999313433966683,proxy,5,0.8983029184556537,68299393.6,ok,0.004893181818181818,ok,0.9310488636363636,0.03561875,ok,ue2_qfi1,0.46938775510204084,49,100.0,all_flows,ue2_qfi1,0.46938775510204084,49,100.0,data,0.0,data,ok,0.0,ue2_qfi1,24.75,all_flows,ue2_qfi1,24.75,ok,30.4,ue1_qfi2,0,0.0,0.0,all_flows,30.4,ue1_qfi2,0,0.0,0.0,30.303,33.0,30.303,ok,33.0,,all_flows,,pending,,all_flows,,pending,100.0,"[8, 9]",ue3_qfi1,0,0,0,121.24999999999986,99.99999999999964,data,ok,2.0,,all_flows,,pending,1,33,5.0,1.0,all_flows,0,24,0.0,1.0,,ok,ue8_qfi9,True,PF,579362555
ue7_qfi9,297.5,300.0,300.25,300.25,all_flows,ue6_qfi1,3.25,13.5,23.0,23.0,ok,0.5223353531003987,all_flows,0.12024708504653532,ok,100.0,ue6_qfi1,0,0,0,122.24999999999974,99.74999999999979,all_flows,100.0,ue6_qfi1,0,0,0,122.24999999999974,99.74999999999979,data,2.0,data,ok,2.0,False,,all_flows,False,,3,0,proxy,3,0,ue8_qfi2,0.0,147,150.0,all_flows,ue8_qfi2,0.0,147,150.0,ok,ue4_qfi2,21.572,all_flows,ue4_qfi2,21.572,ok,7,all_flows,7,8,ok,8,ue8_qfi2,0.0,all_flows,ue8_qfi2,0.0,ok,0.8615757560639278,all_flows,0.9165945688955052,5,0.9165728156955381,proxy,5,0.8570153969824404,67400713.6,ok,0.004052272727272727,ok,0.9334556818181818,0.0915671875,ok,ue1_qfi1,0.4489795918367347,49,100.0,all_flows,ue1_qfi1,0.4489795918367347,49,100.0,data,0.0,data,ok,0.0,ue6_qfi1,19.75,all_flows,ue6_qfi1,19.75,ok,30.4,ue1_qfi2,0,0.0,0.0,all_flows,30.4,ue1_qfi2,0,0.0,0.0,30.303,33.0,30.303,ok,33.0,,all_flows,,pending,,all_flows,,pending,100.0,"[8, 9]",ue6_qfi1,0,0,0,122.24999999999974,99.74999999999979,data,ok,2.0,,all_flows,,pending,4,33,5.0,1.0,all_flows,2,24,4.98325,1.0,ue8_qfi2,ok,ue8_qfi8,True,Reservation,579362555
ue5_qfi9,20.0,44.5,53.5,57.25,all_flows,ue3_qfi2,5.149,18.424,22.5,29.818,ok,0.5757447314934406,all_flows,0.3653176688861645,ok,100.0,ue1_qfi1,0,0,0,110.7499999999999,99.75000000000023,all_flows,100.0,ue1_qfi1,0,0,0,110.7499999999999,99.75000000000023,data,2.0,data,ok,2.0,False,,all_flows,False,,3,0,proxy,3,0,ue6_qfi2,0.0,148,150.0,all_flows,ue6_qfi2,0.0,148,150.0,ok,ue4_qfi2,22.618,all_flows,ue4_qfi2,22.618,ok,5,all_flows,5,8,ok,8,ue6_qfi2,0.0,all_flows,ue6_qfi2,0.0,ok,0.6969339011367955,all_flows,0.7499817105362798,5,0.7499645206032903,proxy,5,0.696921393230401,59661884.800000004,ok,0.004506818181818182,ok,0.9301965909090909,0.0349875,ok,ue3_qfi1,0.4489795918367347,49,100.0,all_flows,ue3_qfi1,0.4489795918367347,49,100.0,data,0.0,data,ok,0.0,ue5_qfi9,37.25,all_flows,ue3_qfi2,24.669,ok,30.4,ue1_qfi2,0,0.0,0.0,all_flows,30.4,ue1_qfi2,0,0.0,0.0,30.303,33.0,30.303,ok,33.0,,all_flows,,pending,,all_flows,,pending,100.0,"[8, 9]",ue1_qfi1,0,0,0,110.7499999999999,99.75000000000023,data,ok,2.0,,all_flows,,pending,10,33,5.0,1.0,all_flows,6,24,4.98325,1.0,ue6_qfi2,ok,ue6_qfi9,True,TwoTier,579362555
ue8_qfi8,300.0,300.25,300.25,300.25,all_flows,ue6_qfi1,2.75,20.75,32.0,32.0,ok,0.5416268205644849,all_flows,0.0,ok,100.0,ue6_qfi1,0,0,0,131.49999999999994,99.49999999999991,all_flows,100.0,ue6_qfi1,0,0,0,131.49999999999994,99.49999999999991,data,2.0,data,ok,2.0,False,,all_flows,False,,3,0,proxy,3,0,ue2_qfi2,0.993421052631579,152,150.0,all_flows,ue2_qfi2,0.993421052631579,152,150.0,ok,ue1_qfi2,25.689,all_flows,ue1_qfi2,25.689,ok,8,all_flows,8,8,ok,8,ue7_qfi2,0.963618,all_flows,ue7_qfi2,0.963618,ok,0.9030864849748106,all_flows,0.9999427638458387,5,0.9999050522317721,proxy,5,0.898384949534165,67103734.4,ok,0.004709090909090909,ok,0.9321045454545455,0.037834375,ok,ue3_qfi1,0.4489795918367347,49,100.0,all_flows,ue3_qfi1,0.4489795918367347,49,100.0,data,0.0,data,ok,0.0,ue6_qfi1,29.25,all_flows,ue6_qfi1,29.25,ok,30.2,ue2_qfi2,1,68.25,68.25,all_flows,30.2,ue2_qfi2,1,68.25,68.25,30.303,33.0,30.303,ok,33.0,,all_flows,,pending,,all_flows,,pending,100.0,"[8, 9]",ue6_qfi1,0,0,0,131.49999999999994,99.49999999999991,data,ok,2.0,,all_flows,,pending,1,33,5.0,1.0,all_flows,0,24,0.0,1.0,,ok,ue8_qfi9,True,PF,661058651
ue6_qfi9,283.0,299.25,299.75,300.0,all_flows,ue2_qfi1,2.75,15.75,22.75,22.75,ok,0.5265410098853255,all_flows,0.24251360405025818,ok,100.0,ue2_qfi1,0,0,0,194.74999999999997,99.99999999999976,all_flows,100.0,ue2_qfi1,0,0,0,194.74999999999997,99.99999999999976,data,2.0,data,ok,2.0,False,,all_flows,False,,3,0,proxy,3,0,ue7_qfi2,0.0,148,150.0,all_flows,ue7_qfi2,0.0,148,150.0,ok,ue2_qfi2,19.594,all_flows,ue2_qfi2,19.594,ok,6,all_flows,6,8,ok,8,ue7_qfi2,0.0,all_flows,ue7_qfi2,0.0,ok,0.7841727645461862,all_flows,0.8332625342676717,5,0.8332074350209019,proxy,5,0.7819737730568675,66011824.0,ok,0.004134090909090909,ok,0.9326215909090909,0.0967203125,ok,ue3_qfi1,0.42857142857142855,49,100.0,all_flows,ue3_qfi1,0.42857142857142855,49,100.0,data,0.0,data,ok,0.0,ue1_qfi9,79.75,all_flows,ue2_qfi1,20.0,ok,30.0,ue2_qfi2,2,70.75,138.5,all_flows,30.0,ue2_qfi2,2,70.75,138.5,30.303,33.0,30.303,ok,33.0,,all_flows,,pending,,all_flows,,pending,100.0,"[8, 9]",ue2_qfi1,0,0,0,194.74999999999997,99.99999999999976,data,ok,2.0,,all_flows,,pending,7,33,5.0,1.0,all_flows,4,24,4.98325,1.0,ue7_qfi2,ok,ue7_qfi9,True,Reservation,661058651
ue8_qfi8,299.75,300.25,300.25,300.25,all_flows,ue6_qfi2,28.534,83.81,115.912,125.338,ok,0.5391243053124247,all_flows,0.002576733270506366,ok,,ue6_qfi9,0,0,0,457.7499999999999,0.0,all_flows,100.0,ue6_qfi1,0,0,0,391.7499999999996,100.99999999999997,data,2.0,data,ok,2.0,False,,all_flows,False,,3,0,proxy,3,0,ue6_qfi2,0.9868421052631579,152,150.0,all_flows,ue6_qfi2,0.9868421052631579,152,150.0,ok,ue6_qfi2,90.646,all_flows,ue6_qfi2,90.646,ok,8,all_flows,8,8,ok,8,ue7_qfi2,0.9533195999999999,all_flows,ue7_qfi2,0.9533195999999999,ok,0.8540601595688161,all_flows,0.9799007968169084,5,0.9522845985762566,proxy,5,0.819397103489882,68101291.2,ok,0.004647727272727273,ok,0.9318886363636364,0.0361109375,ok,ue7_qfi1,0.3076923076923077,26,100.0,all_flows,ue7_qfi1,0.3076923076923077,26,100.0,data,0.0,data,ok,0.0,ue6_qfi2,96.804,all_flows,ue6_qfi2,96.804,ok,30.2,ue7_qfi2,8,116.75,693.75,all_flows,30.2,ue7_qfi2,8,116.75,693.75,30.303,33.0,30.303,ok,33.0,,all_flows,,pending,,all_flows,,pending,100.0,"[8, 9]",ue6_qfi1,0,0,0,391.7499999999996,100.99999999999997,data,ok,2.0,,all_flows,,pending,1,33,5.0,1.0,all_flows,0,24,0.0,1.0,,ok,ue8_qfi9,True,TwoTier,661058651
ue8_qfi8,300.0,300.25,300.25,300.25,all_flows,ue6_qfi1,6.5,20.25,26.75,26.75,ok,0.522482124168266,all_flows,0.0,ok,100.0,ue6_qfi1,0,0,0,123.75000000000026,99.74999999999979,all_flows,100.0,ue6_qfi1,0,0,0,123.75000000000026,99.74999999999979,data,2.0,data,ok,2.0,False,,all_flows,False,,3,0,proxy,3,0,ue6_qfi2,0.993421052631579,152,150.0,all_flows,ue6_qfi2,0.993421052631579,152,150.0,ok,ue3_qfi2,24.836,all_flows,ue3_qfi2,24.836,ok,8,all_flows,8,8,ok,8,ue3_qfi2,0.953024,all_flows,ue3_qfi2,0.953024,ok,0.9090317112888876,all_flows,0.9999282540168661,5,0.9998510270664555,proxy,5,0.9041239857273583,69629211.2,ok,0.004879545454545454,ok,0.9321306818181818,0.034984375,ok,ue5_qfi1,0.4489795918367347,49,100.0,all_flows,ue5_qfi1,0.4489795918367347,49,100.0,data,0.0,data,ok,0.0,ue6_qfi1,20.25,all_flows,ue6_qfi1,20.25,ok,30.2,ue6_qfi2,1,68.0,68.0,all_flows,30.2,ue6_qfi2,1,68.0,68.0,30.303,33.0,30.303,ok,33.0,,all_flows,,pending,,all_flows,,pending,100.0,"[8, 9]",ue6_qfi1,0,0,0,123.75000000000026,99.74999999999979,data,ok,2.0,,all_flows,,pending,1,33,5.0,1.0,all_flows,0,24,0.0,1.0,,ok,ue8_qfi9,True,PF,87989972
ue6_qfi9,101.5,298.75,299.75,300.0,all_flows,ue3_qfi1,2.5,14.75,20.5,20.5,ok,0.5254143460718964,all_flows,0.24388280510568733,ok,100.0,ue3_qfi1,0,0,0,119.75,99.99999999999997,all_flows,100.0,ue3_qfi1,0,0,0,119.75,99.99999999999997,data,2.0,data,ok,2.0,False,,all_flows,False,,3,0,proxy,3,0,ue7_qfi2,0.0,147,150.0,all_flows,ue7_qfi2,0.0,147,150.0,ok,ue2_qfi2,18.763,all_flows,ue2_qfi2,18.763,ok,6,all_flows,6,8,ok,8,ue7_qfi2,0.0,all_flows,ue7_qfi2,0.0,ok,0.7843693273057466,all_flows,0.8332437413050607,5,0.833115061989266,proxy,5,0.7826395729895178,66107353.6,ok,0.004059090909090909,ok,0.9326272727272727,0.0915734375,ok,ue2_qfi1,0.46938775510204084,49,100.0,all_flows,ue2_qfi1,0.46938775510204084,49,100.0,data,0.0,data,ok,0.0,ue5_qfi9,210.75,all_flows,ue3_qfi1,18.0,ok,30.4,ue1_qfi2,0,0.0,0.0,all_flows,30.4,ue1_qfi2,0,0.0,0.0,30.303,33.0,30.303,ok,33.0,,all_flows,,pending,,all_flows,,pending,100.0,"[8, 9]",ue3_qfi1,0,0,0,119.75,99.99999999999997,data,ok,2.0,,all_flows,,pending,7,33,5.0,1.0,all_flows,4,24,4.98325,1.0,ue7_qfi2,ok,ue7_qfi9,True,Reservation,87989972
ue4_qfi9,23.75,50.75,57.0,63.25,all_flows,ue5_qfi2,6.0,19.284,22.0,26.882,ok,0.5765887560659424,all_flows,0.36814646319603156,ok,100.0,ue3_qfi1,0,0,0,112.99999999999999,100.00000000000009,all_flows,100.0,ue3_qfi1,0,0,0,112.99999999999999,100.00000000000009,data,2.0,data,ok,2.0,False,,all_flows,False,,3,0,proxy,3,0,ue6_qfi2,0.0,147,150.0,all_flows,ue6_qfi2,0.0,147,150.0,ok,ue1_qfi2,22.622,all_flows,ue1_qfi2,22.622,ok,5,all_flows,5,8,ok,8,ue6_qfi2,0.0,all_flows,ue6_qfi2,0.0,ok,0.6968680222178847,all_flows,0.749972002673722,5,0.7499547205570191,proxy,5,0.696833919675331,59512948.8,ok,0.005572727272727273,ok,0.9335022727272727,0.0370078125,ok,ue2_qfi1,0.46938775510204084,49,100.0,all_flows,ue2_qfi1,0.46938775510204084,49,100.0,data,0.0,data,ok,0.0,ue4_qfi9,39.5,all_flows,ue5_qfi2,20.882,ok,30.2,ue5_qfi2,1,71.25,71.25,all_flows,30.2,ue5_qfi2,1,71.25,71.25,30.303,33.0,30.303,ok,33.0,,all_flows,,pending,,all_flows,,pending,100.0,"[8, 9]",ue3_qfi1,0,0,0,112.99999999999999,100.00000000000009,data,ok,2.0,,all_flows,,pending,10,33,5.0,1.0,all_flows,6,24,4.98325,1.0,ue6_qfi2,ok,ue6_qfi9,True,TwoTier,87989972
ue8_qfi8,300.0,300.25,300.25,300.25,all_flows,ue4_qfi1,5.25,25.25,29.75,29.75,ok,0.5402465542788345,all_flows,0.0,ok,100.0,ue4_qfi1,0,0,0,126.75000000000037,99.49999999999997,all_flows,100.0,ue4_qfi1,0,0,0,126.75000000000037,99.49999999999997,data,2.0,data,ok,2.0,False,,all_flows,False,,3,0,proxy,3,0,ue8_qfi2,0.993421052631579,152,150.0,all_flows,ue8_qfi2,0.993421052631579,152,150.0,ok,ue4_qfi2,28.5,all_flows,ue4_qfi2,28.5,ok,8,all_flows,8,8,ok,8,ue8_qfi2,0.961832,all_flows,ue8_qfi2,0.961832,ok,0.9042361720049238,all_flows,0.9999664714239028,5,0.9999391461730043,proxy,5,0.8980093480989416,66866788.8,ok,0.004865909090909091,ok,0.9330806818181818,0.0372359375,ok,ue5_qfi1,0.4489795918367347,49,100.0,all_flows,ue5_qfi1,0.4489795918367347,49,100.0,data,0.0,data,ok,0.0,ue4_qfi1,24.5,all_flows,ue4_qfi1,24.5,ok,30.2,ue8_qfi2,1,66.0,66.0,all_flows,30.2,ue8_qfi2,1,66.0,66.0,30.303,33.0,30.303,ok,33.0,,all_flows,,pending,,all_flows,,pending,100.0,"[8, 9]",ue4_qfi1,0,0,0,126.75000000000037,99.49999999999997,data,ok,2.0,,all_flows,,pending,1,33,5.0,1.0,all_flows,0,24,0.0,1.0,,ok,ue8_qfi9,True,PF,161576974
ue7_qfi9,294.75,299.75,300.0,300.25,all_flows,ue1_qfi1,5.75,13.5,25.75,25.75,ok,0.533659317837859,all_flows,0.11918608126783467,ok,100.0,ue1_qfi1,0,0,0,125.50000000000017,99.75000000000023,all_flows,100.0,ue1_qfi1,0,0,0,125.50000000000017,99.75000000000023,data,2.0,data,ok,2.0,False,,all_flows,False,,3,0,proxy,3,0,ue8_qfi2,0.0,147,150.0,all_flows,ue8_qfi2,0.0,147,150.0,ok,ue4_qfi2,23.136,all_flows,ue4_qfi2,23.136,ok,7,all_flows,7,8,ok,8,ue8_qfi2,0.0,all_flows,ue8_qfi2,0.0,ok,0.8587269679149732,all_flows,0.9166022490113436,5,0.9165723261423674,proxy,5,0.850490972823245,65908614.4,ok,0.004372727272727273,ok,0.9331772727272727,0.0973796875,ok,ue7_qfi1,0.46938775510204084,49,100.0,all_flows,ue7_qfi1,0.46938775510204084,49,100.0,data,0.0,data,ok,0.0,ue1_qfi1,20.0,all_flows,ue1_qfi1,20.0,ok,30.4,ue1_qfi2,0,0.0,0.0,all_flows,30.4,ue1_qfi2,0,0.0,0.0,30.303,33.0,30.303,ok,33.0,,all_flows,,pending,,all_flows,,pending,100.0,"[8, 9]",ue1_qfi1,0,0,0,125.50000000000017,99.75000000000023,data,ok,2.0,,all_flows,,pending,4,33,5.0,1.0,all_flows,2,24,4.98325,1.0,ue8_qfi2,ok,ue8_qfi8,True,Reservation,161576974
ue4_qfi9,25.75,52.25,58.75,66.5,all_flows,ue2_qfi2,7.109,20.206,25.707,29.372,ok,0.5762991885317786,all_flows,0.36679280096000316,ok,100.0,ue2_qfi1,0,0,0,113.75000000000001,99.74999999999979,all_flows,100.0,ue2_qfi1,0,0,0,113.75000000000001,99.74999999999979,data,2.0,data,ok,2.0,False,,all_flows,False,,3,0,proxy,3,0,ue6_qfi2,0.0,148,150.0,all_flows,ue6_qfi2,0.0,148,150.0,ok,ue2_qfi2,23.62,all_flows,ue2_qfi2,23.62,ok,5,all_flows,5,8,ok,8,ue6_qfi2,0.0,all_flows,ue6_qfi2,0.0,ok,0.6969279028333775,all_flows,0.7499827301625984,5,0.7499707798081146,proxy,5,0.6969092520994198,59539777.6,ok,0.0053318181818181815,ok,0.9325568181818182,0.0384890625,ok,ue1_qfi1,0.5102040816326531,49,100.0,all_flows,ue1_qfi1,0.5102040816326531,49,100.0,data,0.0,data,ok,0.0,ue4_qfi9,40.75,all_flows,ue2_qfi2,22.262999999999998,ok,30.4,ue1_qfi2,0,0.0,0.0,all_flows,30.4,ue1_qfi2,0,0.0,0.0,30.303,33.0,30.303,ok,33.0,,all_flows,,pending,,all_flows,,pending,100.0,"[8, 9]",ue2_qfi1,0,0,0,113.75000000000001,99.74999999999979,data,ok,2.0,,all_flows,,pending,10,33,5.0,1.0,all_flows,6,24,4.98325,1.0,ue6_qfi2,ok,ue6_qfi9,True,TwoTier,161576974
ue8_qfi8,300.0,300.25,300.25,300.25,all_flows,ue5_qfi1,4.75,17.25,46.0,46.0,ok,0.5252741181476851,all_flows,0.0,ok,100.0,ue5_qfi1,0,0,0,135.25000000000009,99.99999999999987,all_flows,100.0,ue5_qfi1,0,0,0,135.25000000000009,99.99999999999987,data,2.0,data,ok,2.0,False,,all_flows,False,,3,0,proxy,3,0,ue8_qfi2,0.993421052631579,152,150.0,all_flows,ue8_qfi2,0.993421052631579,152,150.0,ok,ue5_qfi2,25.032,all_flows,ue5_qfi2,25.032,ok,8,all_flows,8,8,ok,8,ue4_qfi2,0.95675,all_flows,ue4_qfi2,0.95675,ok,0.9088059114895556,all_flows,0.9999219346212941,5,0.9998623798231091,proxy,5,0.9016756680616627,68923964.8,ok,0.005056818181818181,ok,0.9345261363636364,0.0356609375,ok,ue6_qfi1,0.4897959183673469,49,100.0,all_flows,ue6_qfi1,0.4897959183673469,49,100.0,data,0.0,data,ok,0.0,ue5_qfi1,41.25,all_flows,ue5_qfi1,41.25,ok,30.4,ue1_qfi2,0,0.0,0.0,all_flows,30.4,ue1_qfi2,0,0.0,0.0,30.303,33.0,30.303,ok,33.0,,all_flows,,pending,,all_flows,,pending,100.0,"[8, 9]",ue5_qfi1,0,0,0,135.25000000000009,99.99999999999987,data,ok,2.0,,all_flows,,pending,1,33,5.0,1.0,all_flows,0,24,0.0,1.0,,ok,ue8_qfi9,True,PF,35492826
ue8_qfi8,300.0,300.25,300.25,300.25,all_flows,ue1_qfi2,9.867,20.866,23.043,24.817,ok,0.5468941796346566,all_flows,0.0,ok,100.0,ue5_qfi1,0,0,0,124.24999999999997,99.50000000000003,all_flows,100.0,ue5_qfi1,0,0,0,124.24999999999997,99.50000000000003,data,2.0,data,ok,2.0,False,,all_flows,False,,3,0,proxy,3,0,ue6_qfi2,0.993421052631579,152,150.0,all_flows,ue6_qfi2,0.993421052631579,152,150.0,ok,ue7_qfi2,23.084,all_flows,ue7_qfi2,23.084,ok,8,all_flows,8,8,ok,8,ue4_qfi2,0.9540824,all_flows,ue4_qfi2,0.9540824,ok,0.9062217895473339,all_flows,0.9998836597225971,5,0.9998120222178741,proxy,5,0.8975955628890122,67560867.2,ok,0.004025,ok,0.9316954545454545,0.1117703125,ok,ue2_qfi1,0.42857142857142855,49,100.0,all_flows,ue2_qfi1,0.42857142857142855,49,100.0,data,0.0,data,ok,0.0,ue1_qfi1,19.0,all_flows,ue1_qfi1,19.0,ok,30.2,ue6_qfi2,1,72.0,72.0,all_flows,30.2,ue6_qfi2,1,72.0,72.0,30.303,33.0,30.303,ok,33.0,,all_flows,,pending,,all_flows,,pending,100.0,"[8, 9]",ue5_qfi1,0,0,0,124.24999999999997,99.50000000000003,data,ok,2.0,,all_flows,,pending,1,33,5.0,1.0,all_flows,0,24,0.0,1.0,,ok,ue8_qfi9,True,Reservation,35492826
ue4_qfi9,18.0,50.75,59.25,63.75,all_flows,ue3_qfi2,6.36,17.305,22.124,26.411,ok,0.5765790208745127,all_flows,0.3668953539033152,ok,100.0,ue5_qfi1,0,0,0,118.4999999999996,99.99999999999987,all_flows,100.0,ue5_qfi1,0,0,0,118.4999999999996,99.99999999999987,data,2.0,data,ok,2.0,False,,all_flows,False,,3,0,proxy,3,0,ue6_qfi2,0.0,148,150.0,all_flows,ue6_qfi2,0.0,148,150.0,ok,ue5_qfi2,23.292,all_flows,ue5_qfi2,23.292,ok,5,all_flows,5,8,ok,8,ue6_qfi2,0.0,all_flows,ue6_qfi2,0.0,ok,0.6968623467605923,all_flows,0.7499654775972104,5,0.7499407693536458,proxy,5,0.6967408011713233,59403177.6,ok,0.004938636363636364,ok,0.9342113636363636,0.036925,ok,ue3_qfi1,0.4897959183673469,49,100.0,all_flows,ue3_qfi1,0.4897959183673469,49,100.0,data,0.0,data,ok,0.0,ue4_qfi9,45.75,all_flows,ue3_qfi2,20.051000000000002,ok,30.4,ue4_qfi2,1,69.5,69.5,all_flows,30.4,ue4_qfi2,1,69.5,69.5,30.303,33.0,30.303,ok,33.0,,all_flows,,pending,,all_flows,,pending,100.0,"[8, 9]",ue5_qfi1,0,0,0,118.4999999999996,99.99999999999987,data,ok,2.0,,all_flows,,pending,10,33,5.0,1.0,all_flows,6,24,4.98325,1.0,ue6_qfi2,ok,ue6_qfi9,True,TwoTier,35492826
ue8_qfi8,300.0,300.25,300.25,300.25,all_flows,ue8_qfi1,3.5,21.75,29.75,29.75,ok,0.5415477772776793,all_flows,0.0,ok,100.0,ue7_qfi1,0,0,0,127.49999999999994,99.74999999999979,all_flows,100.0,ue7_qfi1,0,0,0,127.49999999999994,99.74999999999979,data,2.0,data,ok,2.0,False,,all_flows,False,,3,0,proxy,3,0,ue1_qfi2,1.0,152,150.0,all_flows,ue1_qfi2,1.0,152,150.0,ok,ue4_qfi2,24.887,all_flows,ue4_qfi2,24.887,ok,8,all_flows,8,8,ok,8,ue1_qfi2,0.9620951999999999,all_flows,ue1_qfi2,0.9620951999999999,ok,0.9041829261046068,all_flows,0.9999250884705034,5,0.9998840623072104,proxy,5,0.8998768640355524,66743721.6,ok,0.004570454545454545,ok,0.9340818181818182,0.038253125,ok,ue5_qfi1,0.4489795918367347,49,100.0,all_flows,ue5_qfi1,0.4489795918367347,49,100.0,data,0.0,data,ok,0.0,ue8_qfi1,26.25,all_flows,ue8_qfi1,26.25,ok,30.4,ue1_qfi2,0,0.0,0.0,all_flows,30.4,ue1_qfi2,0,0.0,0.0,30.303,33.0,30.303,ok,33.0,,all_flows,,pending,,all_flows,,pending,100.0,"[8, 9]",ue7_qfi1,0,0,0,127.49999999999994,99.74999999999979,data,ok,2.0,,all_flows,,pending,1,33,5.0,1.0,all_flows,0,24,0.0,1.0,,ok,ue8_qfi9,True,PF,376383645
ue7_qfi9,295.75,299.75,300.0,300.25,all_flows,ue1_qfi1,4.75,19.5,24.5,24.5,ok,0.5348881140418306,all_flows,0.12114777713258428,ok,100.0,ue7_qfi1,0,0,0,122.99999999999977,99.0000000000002,all_flows,100.0,ue7_qfi1,0,0,0,122.99999999999977,99.0000000000002,data,2.0,data,ok,2.0,False,,all_flows,False,,3,0,proxy,3,0,ue8_qfi2,0.0,147,150.0,all_flows,ue8_qfi2,0.0,147,150.0,ok,ue5_qfi2,21.811,all_flows,ue5_qfi2,21.811,ok,7,all_flows,7,8,ok,8,ue8_qfi2,0.0,all_flows,ue8_qfi2,0.0,ok,0.8587913713568616,all_flows,0.9165423791958182,5,0.9165210212076135,proxy,5,0.8544110699237829,65729395.2,ok,0.004163636363636363,ok,0.935075,0.0988921875,ok,ue5_qfi1,0.46938775510204084,49,100.0,all_flows,ue5_qfi1,0.46938775510204084,49,100.0,data,0.0,data,ok,0.0,ue7_qfi1,20.0,all_flows,ue7_qfi1,20.0,ok,30.4,ue1_qfi2,0,0.0,0.0,all_flows,30.4,ue1_qfi2,0,0.0,0.0,30.303,33.0,30.303,ok,33.0,,all_flows,,pending,,all_flows,,pending,100.0,"[8, 9]",ue7_qfi1,0,0,0,122.99999999999977,99.0000000000002,data,ok,2.0,,all_flows,,pending,4,33,5.0,1.0,all_flows,2,24,4.98325,1.0,ue8_qfi2,ok,ue8_qfi8,True,Reservation,376383645
ue2_qfi9,20.5,49.5,57.5,62.5,all_flows,ue4_qfi2,7.602,21.162,23.694,26.892,ok,0.5764620626814407,all_flows,0.36635784396083704,ok,100.0,ue3_qfi1,0,0,0,112.99999999999999,99.99999999999964,all_flows,100.0,ue3_qfi1,0,0,0,112.99999999999999,99.99999999999964,data,2.0,data,ok,2.0,False,,all_flows,False,,3,0,proxy,3,0,ue6_qfi2,0.0,147,150.0,all_flows,ue6_qfi2,0.0,147,150.0,ok,ue4_qfi2,23.694,all_flows,ue4_qfi2,23.694,ok,5,all_flows,5,8,ok,8,ue6_qfi2,0.0,all_flows,ue6_qfi2,0.0,ok,0.6968755009723997,all_flows,0.7499547281959502,5,0.7499010845785039,proxy,5,0.6968130486588904,59489998.4,ok,0.005422727272727273,ok,0.9341409090909091,0.039175,ok,ue5_qfi1,0.42857142857142855,49,100.0,all_flows,ue5_qfi1,0.42857142857142855,49,100.0,data,0.0,data,ok,0.0,ue2_qfi9,42.0,all_flows,ue1_qfi2,19.61,ok,30.4,ue1_qfi2,0,0.0,0.0,all_flows,30.4,ue1_qfi2,0,0.0,0.0,30.303,33.0,30.303,ok,33.0,,all_flows,,pending,,all_flows,,pending,100.0,"[8, 9]",ue3_qfi1,0,0,0,112.99999999999999,99.99999999999964,data,ok,2.0,,all_flows,,pending,10,33,5.0,1.0,all_flows,6,24,4.98325,1.0,ue6_qfi2,ok,ue6_qfi9,True,TwoTier,376383645
ue8_qfi8,300.0,300.25,300.25,300.25,all_flows,ue3_qfi1,6.0,16.25,76.75,76.75,ok,0.535338789129542,all_flows,0.0,ok,100.0,ue3_qfi1,0,0,0,168.75000000000017,99.49999999999991,all_flows,100.0,ue3_qfi1,0,0,0,168.75000000000017,99.49999999999991,data,2.0,data,ok,2.0,False,,all_flows,False,,3,0,proxy,3,0,ue5_qfi2,0.993421052631579,152,150.0,all_flows,ue5_qfi2,0.993421052631579,152,150.0,ok,ue3_qfi2,27.892,all_flows,ue3_qfi2,27.892,ok,8,all_flows,8,8,ok,8,ue4_qfi2,0.9580064,all_flows,ue4_qfi2,0.9580064,ok,0.9053715154689389,all_flows,0.9999612917864527,5,0.9999286905624352,proxy,5,0.9004193445089346,67570009.6,ok,0.005638636363636364,ok,0.9336397727272727,0.036540625,ok,ue1_qfi1,0.5306122448979592,49,100.0,all_flows,ue1_qfi1,0.5306122448979592,49,100.0,data,0.0,data,ok,0.0,ue3_qfi1,70.75,all_flows,ue3_qfi1,70.75,ok,30.4,ue1_qfi2,0,0.0,0.0,all_flows,30.4,ue1_qfi2,0,0.0,0.0,30.303,33.0,30.303,ok,33.0,,all_flows,,pending,,all_flows,,pending,100.0,"[8, 9]",ue3_qfi1,0,0,0,168.75000000000017,99.49999999999991,data,ok,2.0,,all_flows,,pending,1,33,5.0,1.0,all_flows,0,24,0.0,1.0,,ok,ue8_qfi9,True,PF,1746484539
ue7_qfi9,295.25,299.75,300.0,300.25,all_flows,ue6_qfi1,3.5,17.0,26.75,26.75,ok,0.5300972612557335,all_flows,0.12005154100273766,ok,100.0,ue7_qfi1,0,0,0,204.25000000000006,100.00000000000009,all_flows,100.0,ue7_qfi1,0,0,0,204.25000000000006,100.00000000000009,data,2.0,data,ok,2.0,False,,all_flows,False,,3,0,proxy,3,0,ue8_qfi2,0.0,147,150.0,all_flows,ue8_qfi2,0.0,147,150.0,ok,ue3_qfi2,21.296,all_flows,ue3_qfi2,21.296,ok,7,all_flows,7,8,ok,8,ue8_qfi2,0.0,all_flows,ue8_qfi2,0.0,ok,0.8592781886566444,all_flows,0.9165216961328081,5,0.9162173011409168,proxy,5,0.855147881100224,66354873.6,ok,0.004172727272727272,ok,0.9333625,0.0950453125,ok,ue1_qfi1,0.40816326530612246,49,100.0,all_flows,ue1_qfi1,0.40816326530612246,49,100.0,data,0.0,data,ok,0.0,ue6_qfi1,23.25,all_flows,ue6_qfi1,23.25,ok,30.2,ue7_qfi2,1,75.75,75.75,all_flows,30.2,ue7_qfi2,1,75.75,75.75,30.303,33.0,30.303,ok,33.0,,all_flows,,pending,,all_flows,,pending,100.0,"[8, 9]",ue7_qfi1,0,0,0,204.25000000000006,100.00000000000009,data,ok,2.0,,all_flows,,pending,4,33,5.0,1.0,all_flows,2,24,4.98325,1.0,ue8_qfi2,ok,ue8_qfi8,True,Reservation,1746484539
ue8_qfi8,300.0,300.25,300.25,300.25,all_flows,ue6_qfi2,22.277,76.194,91.247,117.168,ok,0.5335072974318759,all_flows,0.00033617174342027853,ok,100.0,ue3_qfi1,0,0,0,393.75000000000006,99.99999999999997,all_flows,100.0,ue3_qfi1,0,0,0,393.75000000000006,99.99999999999997,data,2.0,data,ok,2.0,False,,all_flows,False,,3,0,proxy,3,0,ue2_qfi2,0.993421052631579,152,150.0,all_flows,ue2_qfi2,0.993421052631579,152,150.0,ok,ue6_qfi2,90.345,all_flows,ue6_qfi2,90.345,ok,8,all_flows,8,8,ok,8,ue4_qfi2,0.9592768,all_flows,ue4_qfi2,0.9592768,ok,0.8818819959065836,all_flows,0.9945999246851785,5,0.9916683846918974,proxy,5,0.8680081254752345,67808022.4,ok,0.00565,ok,0.9339284090909091,0.0352984375,ok,ue6_qfi1,0.35135135135135137,37,100.0,all_flows,ue6_qfi1,0.35135135135135137,37,100.0,data,0.0,data,ok,0.0,ue5_qfi2,98.784,all_flows,ue5_qfi2,98.784,ok,30.4,ue6_qfi2,10,153.0,928.5,all_flows,30.4,ue6_qfi2,10,153.0,928.5,30.303,33.0,30.303,ok,33.0,,all_flows,,pending,,all_flows,,pending,100.0,"[8, 9]",ue3_qfi1,0,0,0,393.75000000000006,99.99999999999997,data,ok,2.0,,all_flows,,pending,1,33,5.0,1.0,all_flows,0,24,0.0,1.0,,ok,ue8_qfi9,True,TwoTier,1746484539
ue8_qfi8,300.0,300.25,300.25,300.25,all_flows,ue4_qfi1,4.5,17.75,46.0,46.0,ok,0.5476936863797998,all_flows,0.0,ok,100.0,ue4_qfi1,0,0,0,139.24999999999997,99.49999999999991,all_flows,100.0,ue4_qfi1,0,0,0,139.24999999999997,99.49999999999991,data,2.0,data,ok,2.0,False,,all_flows,False,,3,0,proxy,3,0,ue4_qfi2,0.993421052631579,152,150.0,all_flows,ue4_qfi2,0.993421052631579,152,150.0,ok,ue5_qfi2,25.141,all_flows,ue5_qfi2,25.141,ok,8,all_flows,8,8,ok,8,ue3_qfi2,0.957236,all_flows,ue3_qfi2,0.957236,ok,0.9012563662806526,all_flows,0.9999334398895909,5,0.9999059100345148,proxy,5,0.8978637691364612,65745784.0,ok,0.005368181818181818,ok,0.9330693181818182,0.0388703125,ok,ue3_qfi1,0.4489795918367347,49,100.0,all_flows,ue3_qfi1,0.4489795918367347,49,100.0,data,0.0,data,ok,0.0,ue4_qfi1,41.5,all_flows,ue4_qfi1,41.5,ok,30.4,ue1_qfi2,0,0.0,0.0,all_flows,30.4,ue1_qfi2,0,0.0,0.0,30.303,33.0,30.303,ok,33.0,,all_flows,,pending,,all_flows,,pending,100.0,"[8, 9]",ue4_qfi1,0,0,0,139.24999999999997,99.49999999999991,data,ok,2.0,,all_flows,,pending,1,33,5.0,1.0,all_flows,0,24,0.0,1.0,,ok,ue8_qfi9,True,PF,1394609702
ue7_qfi9,294.25,300.0,300.0,300.25,all_flows,ue5_qfi1,6.0,20.75,27.75,27.75,ok,0.5415237367928959,all_flows,0.12199857612738467,ok,100.0,ue1_qfi1,0,0,0,122.00000000000033,99.99999999999964,all_flows,100.0,ue1_qfi1,0,0,0,122.00000000000033,99.99999999999964,data,2.0,data,ok,2.0,False,,all_flows,False,,3,0,proxy,3,0,ue8_qfi2,0.0,148,150.0,all_flows,ue8_qfi2,0.0,148,150.0,ok,ue5_qfi2,22.445,all_flows,ue5_qfi2,22.445,ok,7,all_flows,7,8,ok,8,ue8_qfi2,0.0,all_flows,ue8_qfi2,0.0,ok,0.8567012763995775,all_flows,0.9165887313029264,5,0.9165489157461952,proxy,5,0.8533459530496109,64805100.800000004,ok,0.004436363636363637,ok,0.9346329545454546,0.100746875,ok,ue3_qfi1,0.42857142857142855,49,100.0,all_flows,ue3_qfi1,0.42857142857142855,49,100.0,data,0.0,data,ok,0.0,ue5_qfi1,21.75,all_flows,ue5_qfi1,21.75,ok,30.0,ue6_qfi2,1,67.25,67.25,all_flows,30.0,ue6_qfi2,1,67.25,67.25,30.303,33.0,30.303,ok,33.0,,all_flows,,pending,,all_flows,,pending,100.0,"[8, 9]",ue1_qfi1,0,0,0,122.00000000000033,99.99999999999964,data,ok,2.0,,all_flows,,pending,4,33,5.0,1.0,all_flows,2,24,4.98325,1.0,ue8_qfi2,ok,ue8_qfi8,True,Reservation,1394609702
ue4_qfi9,21.25,49.25,58.25,62.75,all_flows,ue4_qfi2,6.881,21.473,25.806,26.973,ok,0.5772761905697574,all_flows,0.3695615444254285,ok,100.0,ue5_qfi1,0,0,0,112.75000000000013,99.74999999999979,all_flows,100.0,ue5_qfi1,0,0,0,112.75000000000013,99.74999999999979,data,2.0,data,ok,2.0,False,,all_flows,False,,3,0,proxy,3,0,ue6_qfi2,0.0,148,150.0,all_flows,ue6_qfi2,0.0,148,150.0,ok,ue4_qfi2,25.9,all_flows,ue4_qfi2,25.9,ok,5,all_flows,5,8,ok,8,ue6_qfi2,0.0,all_flows,ue6_qfi2,0.0,ok,0.6968897696525769,all_flows,0.7499692736276471,5,0.7499603278558233,proxy,5,0.6968448196912138,59343366.4,ok,0.006338636363636364,ok,0.9332193181818181,0.0399734375,ok,ue3_qfi1,0.4489795918367347,49,100.0,all_flows,ue3_qfi1,0.4489795918367347,49,100.0,data,0.0,data,ok,0.0,ue4_qfi9,41.5,all_flows,ue3_qfi2,20.358,ok,30.4,ue1_qfi2,0,0.0,0.0,all_flows,30.4,ue1_qfi2,0,0.0,0.0,30.303,33.0,30.303,ok,33.0,,all_flows,,pending,,all_flows,,pending,100.0,"[8, 9]",ue5_qfi1,0,0,0,112.75000000000013,99.74999999999979,data,ok,2.0,,all_flows,,pending,10,33,5.0,1.0,all_flows,6,24,4.98325,1.0,ue6_qfi2,ok,ue6_qfi9,True,TwoTier,1394609702
ue8_qfi8,300.0,300.25,300.25,300.25,all_flows,ue5_qfi1,4.75,20.75,63.5,63.5,ok,0.5275483194322488,all_flows,0.0,ok,100.0,ue3_qfi1,0,0,0,192.25000000000003,100.12500000000001,all_flows,100.0,ue3_qfi1,0,0,0,192.25000000000003,100.12500000000001,data,2.0,data,ok,2.0,False,,all_flows,False,,3,0,proxy,3,0,ue8_qfi2,0.993421052631579,152,150.0,all_flows,ue8_qfi2,0.993421052631579,152,150.0,ok,ue2_qfi2,27.136,all_flows,ue2_qfi2,27.136,ok,8,all_flows,8,8,ok,8,ue6_qfi2,0.9663504,all_flows,ue6_qfi2,0.9663504,ok,0.9072778298748414,all_flows,0.9999561369154997,5,0.9999386545641892,proxy,5,0.8988566110218922,68618513.6,ok,0.005429545454545454,ok,0.9323,0.0357484375,ok,ue3_qfi1,0.4583333333333333,48,100.0,all_flows,ue3_qfi1,0.4583333333333333,48,100.0,data,0.0,data,ok,0.0,ue5_qfi1,58.75,all_flows,ue5_qfi1,58.75,ok,30.2,ue8_qfi2,1,68.25,68.25,all_flows,30.2,ue8_qfi2,1,68.25,68.25,30.303,33.0,30.303,ok,33.0,,all_flows,,pending,,all_flows,,pending,100.0,"[8, 9]",ue3_qfi1,0,0,0,192.25000000000003,100.12500000000001,data,ok,2.0,,all_flows,,pending,1,33,5.0,1.0,all_flows,0,24,0.0,1.0,,ok,ue8_qfi9,True,PF,1960127675
ue7_qfi9,296.25,300.0,300.0,300.25,all_flows,ue3_qfi1,4.0,15.75,24.75,24.75,ok,0.521884623341125,all_flows,0.12158778858944921,ok,100.0,ue3_qfi1,0,0,0,124.24999999999997,99.74999999999979,all_flows,100.0,ue3_qfi1,0,0,0,124.24999999999997,99.74999999999979,data,2.0,data,ok,2.0,False,,all_flows,False,,3,0,proxy,3,0,ue8_qfi2,0.0,147,150.0,all_flows,ue8_qfi2,0.0,147,150.0,ok,ue2_qfi2,21.33,all_flows,ue2_qfi2,21.33,ok,7,all_flows,7,8,ok,8,ue8_qfi2,0.0,all_flows,ue8_qfi2,0.0,ok,0.8605476975326534,all_flows,0.9166034367561885,5,0.9165804878161511,proxy,5,0.8553039604629403,67423409.6,ok,0.004193181818181818,ok,0.9341079545454546,0.0932078125,ok,ue2_qfi1,0.40816326530612246,49,100.0,all_flows,ue2_qfi1,0.40816326530612246,49,100.0,data,0.0,data,ok,0.0,ue1_qfi9,36.25,all_flows,ue3_qfi1,20.75,ok,30.2,ue3_qfi2,1,76.5,76.5,all_flows,30.2,ue3_qfi2,1,76.5,76.5,30.303,33.0,30.303,ok,33.0,,all_flows,,pending,,all_flows,,pending,100.0,"[8, 9]",ue3_qfi1,0,0,0,124.24999999999997,99.74999999999979,data,ok,2.0,,all_flows,,pending,4,33,5.0,1.0,all_flows,2,24,4.98325,1.0,ue8_qfi2,ok,ue8_qfi8,True,Reservation,1960127675
ue8_qfi8,300.0,300.25,300.25,300.25,all_flows,ue8_qfi2,11.748,119.482,145.059,147.309,ok,0.5619561331275849,all_flows,0.2880683582214817,ok,100.0,ue3_qfi1,0,0,0,181.25000000000034,99.99999999999964,all_flows,100.0,ue3_qfi1,0,0,0,181.25000000000034,99.99999999999964,data,2.0,data,ok,2.0,False,,all_flows,False,,3,0,proxy,3,0,ue7_qfi2,0.2185430463576159,151,150.0,all_flows,ue7_qfi2,0.2185430463576159,151,150.0,ok,ue8_qfi2,122.232,all_flows,ue8_qfi2,122.232,ok,5,all_flows,5,8,ok,8,ue7_qfi2,0.2136504,all_flows,ue7_qfi2,0.2136504,ok,0.7373817251069334,all_flows,0.8001447981066712,5,0.7495840788655468,proxy,5,0.696348869003772,61299054.4,ok,0.0052590909090909094,ok,0.9325965909090909,0.0360265625,ok,ue6_qfi1,0.4444444444444444,9,100.0,all_flows,ue6_qfi1,0.4444444444444444,9,100.0,data,0.0,data,ok,0.0,ue3_qfi9,281.25,all_flows,ue8_qfi2,135.561,ok,30.2,ue1_qfi2,4,111.25,322.25,all_flows,30.2,ue1_qfi2,4,111.25,322.25,30.303,33.0,30.303,ok,33.0,,all_flows,,pending,,all_flows,,pending,100.0,"[8, 9]",ue3_qfi1,0,0,0,181.25000000000034,99.99999999999964,data,ok,2.0,,all_flows,,pending,10,33,5.0,1.0,all_flows,6,24,4.0535,1.0,ue7_qfi1,ok,ue8_qfi9,True,TwoTier,1960127675
ue8_qfi8,300.0,300.25,300.25,300.25,all_flows,ue6_qfi1,3.25,15.5,31.75,31.75,ok,0.5223609715365959,all_flows,0.0,ok,100.0,ue6_qfi1,0,0,0,131.49999999999994,100.00000000000009,all_flows,100.0,ue6_qfi1,0,0,0,131.49999999999994,100.00000000000009,data,2.0,data,ok,2.0,False,,all_flows,False,,3,0,proxy,3,0,ue5_qfi2,0.9868421052631579,152,150.0,all_flows,ue5_qfi2,0.9868421052631579,152,150.0,ok,ue5_qfi2,25.16,all_flows,ue5_qfi2,25.16,ok,8,all_flows,8,8,ok,8,ue5_qfi2,0.9620408,all_flows,ue5_qfi2,0.9620408,ok,0.9122104141908082,all_flows,0.9999457953573012,5,0.9998975144679121,proxy,5,0.9040322793854869,69394763.2,ok,0.005038636363636364,ok,0.9319306818181818,0.0350625,ok,ue8_qfi1,0.4489795918367347,49,100.0,all_flows,ue8_qfi1,0.4489795918367347,49,100.0,data,0.0,data,ok,0.0,ue6_qfi1,28.5,all_flows,ue6_qfi1,28.5,ok,30.2,ue2_qfi2,1,67.5,67.5,all_flows,30.2,ue2_qfi2,1,67.5,67.5,30.303,33.0,30.303,ok,33.0,,all_flows,,pending,,all_flows,,pending,100.0,"[8, 9]",ue6_qfi1,0,0,0,131.49999999999994,100.00000000000009,data,ok,2.0,,all_flows,,pending,1,33,5.0,1.0,all_flows,0,24,0.0,1.0,,ok,ue8_qfi9,True,PF,1081530686
ue7_qfi9,295.5,299.75,300.0,300.25,all_flows,ue2_qfi1,4.75,18.0,23.0,23.0,ok,0.5117577212213998,all_flows,0.12083509195148269,ok,100.0,ue1_qfi1,0,0,0,119.49999999999994,99.99999999999987,all_flows,100.0,ue1_qfi1,0,0,0,119.49999999999994,99.99999999999987,data,2.0,data,ok,2.0,False,,all_flows,False,,3,0,proxy,3,0,ue8_qfi2,0.0,147,150.0,all_flows,ue8_qfi2,0.0,147,150.0,ok,ue6_qfi2,20.578,all_flows,ue6_qfi2,20.578,ok,7,all_flows,7,8,ok,8,ue8_qfi2,0.0,all_flows,ue8_qfi2,0.0,ok,0.8646512017778496,all_flows,0.9165573148339836,5,0.9164705474505247,proxy,5,0.8597738019682332,68688507.2,ok,0.003938636363636364,ok,0.9319477272727272,0.090265625,ok,ue1_qfi1,0.5102040816326531,49,100.0,all_flows,ue1_qfi1,0.5102040816326531,49,100.0,data,0.0,data,ok,0.0,ue2_qfi1,18.25,all_flows,ue2_qfi1,18.25,ok,30.4,ue1_qfi2,0,0.0,0.0,all_flows,30.4,ue1_qfi2,0,0.0,0.0,30.303,33.0,30.303,ok,33.0,,all_flows,,pending,,all_flows,,pending,100.0,"[8, 9]",ue1_qfi1,0,0,0,119.49999999999994,99.99999999999987,data,ok,2.0,,all_flows,,pending,4,33,5.0,1.0,all_flows,2,24,4.98325,1.0,ue8_qfi2,ok,ue8_qfi8,True,Reservation,1081530686
ue5_qfi9,21.25,45.25,50.5,55.5,all_flows,ue5_qfi2,6.444,18.156,21.765,26.486,ok,0.5765581340325976,all_flows,0.366333765572916,ok,100.0,ue1_qfi1,0,0,0,109.75000000000013,100.24999999999994,all_flows,100.0,ue1_qfi1,0,0,0,109.75000000000013,100.24999999999994,data,2.0,data,ok,2.0,False,,all_flows,False,,3,0,proxy,3,0,ue6_qfi2,0.0,148,150.0,all_flows,ue6_qfi2,0.0,148,150.0,ok,ue5_qfi2,22.19,all_flows,ue5_qfi2,22.19,ok,5,all_flows,5,8,ok,8,ue6_qfi2,0.0,all_flows,ue6_qfi2,0.0,ok,0.6968552955505724,all_flows,0.749922439294052,5,0.7498417712023097,proxy,5,0.6967678412546697,59446939.2,ok,0.004768181818181818,ok,0.9321886363636364,0.035234375,ok,ue1_qfi1,0.42857142857142855,49,100.0,all_flows,ue1_qfi1,0.42857142857142855,49,100.0,data,0.0,data,ok,0.0,ue5_qfi9,34.25,all_flows,ue5_qfi2,20.042,ok,30.4,ue1_qfi2,1,67.5,67.5,all_flows,30.4,ue1_qfi2,1,67.5,67.5,30.303,33.0,30.303,ok,33.0,,all_flows,,pending,,all_flows,,pending,100.0,"[8, 9]",ue1_qfi1,0,0,0,109.75000000000013,100.24999999999994,data,ok,2.0,,all_flows,,pending,10,33,5.0,1.0,all_flows,6,24,4.98325,1.0,ue6_qfi2,ok,ue6_qfi9,True,TwoTier,1081530686
ue8_qfi8,300.0,300.25,300.25,300.25,all_flows,ue8_qfi1,4.5,18.0,43.5,43.5,ok,0.5353927468876216,all_flows,0.0,ok,100.0,ue8_qfi1,0,0,0,135.0,100.24999999999994,all_flows,100.0,ue8_qfi1,0,0,0,135.0,100.24999999999994,data,2.0,data,ok,2.0,False,,all_flows,False,,3,0,proxy,3,0,ue1_qfi2,0.993421052631579,152,150.0,all_flows,ue1_qfi2,0.993421052631579,152,150.0,ok,ue3_qfi2,24.161,all_flows,ue3_qfi2,24.161,ok,8,all_flows,8,8,ok,8,ue8_qfi2,0.9587068000000001,all_flows,ue8_qfi2,0.9587068000000001,ok,0.9064334803270556,all_flows,0.9999457346652203,5,0.9999230237929468,proxy,5,0.8969708852588444,67694665.6,ok,0.0051045454545454545,ok,0.9343931818181819,0.036990625,ok,ue8_qfi1,0.46938775510204084,49,100.0,all_flows,ue8_qfi1,0.46938775510204084,49,100.0,data,0.0,data,ok,0.0,ue8_qfi1,39.0,all_flows,ue8_qfi1,39.0,ok,30.2,ue1_qfi2,1,70.25,70.25,all_flows,30.2,ue1_qfi2,1,70.25,70.25,30.303,33.0,30.303,ok,33.0,,all_flows,,pending,,all_flows,,pending,100.0,"[8, 9]",ue8_qfi1,0,0,0,135.0,100.24999999999994,data,ok,2.0,,all_flows,,pending,1,33,5.0,1.0,all_flows,0,24,0.0,1.0,,ok,ue8_qfi9,True,PF,1302740407
ue8_qfi8,300.25,300.25,300.25,300.25,all_flows,ue8_qfi1,5.75,21.0,34.75,34.75,ok,0.5533578531799518,all_flows,0.0,ok,,ue8_qfi8,0,0,0,149.7499999999996,2.249999999999641,all_flows,100.0,ue4_qfi1,0,0,0,124.00000000000011,100.24999999999994,data,2.0,data,ok,2.0,False,,all_flows,False,,3,0,proxy,3,0,ue2_qfi2,0.993421052631579,152,150.0,all_flows,ue2_qfi2,0.993421052631579,152,150.0,ok,ue4_qfi2,22.9,all_flows,ue4_qfi2,22.9,ok,8,all_flows,8,8,ok,8,ue8_qfi2,0.958476,all_flows,ue8_qfi2,0.958476,ok,0.9040937698706678,all_flows,0.9998735638416564,5,0.9997647839761958,proxy,5,0.8927883168099282,66721420.8,ok,0.004190909090909091,ok,0.9336875,0.1159703125,ok,ue3_qfi1,0.46938775510204084,49,100.0,all_flows,ue3_qfi1,0.46938775510204084,49,100.0,data,0.0,data,ok,0.0,ue8_qfi1,29.0,all_flows,ue8_qfi1,29.0,ok,30.2,ue6_qfi2,1,74.0,74.0,all_flows,30.2,ue6_qfi2,1,74.0,74.0,30.303,33.0,30.303,ok,33.0,,all_flows,,pending,,all_flows,,pending,100.0,"[8, 9]",ue4_qfi1,0,0,0,124.00000000000011,100.24999999999994,data,ok,2.0,,all_flows,,pending,1,33,5.0,1.0,all_flows,0,24,0.0,1.0,,ok,ue8_qfi9,True,Reservation,1302740407
ue4_qfi9,18.0,45.75,53.0,57.5,all_flows,ue3_qfi2,5.858,20.113,31.18,32.655,ok,0.5761614444755618,all_flows,0.36526066140912633,ok,100.0,ue5_qfi1,0,0,0,116.0000000000001,99.99999999999964,all_flows,100.0,ue5_qfi1,0,0,0,116.0000000000001,99.99999999999964,data,2.0,data,ok,2.0,False,,all_flows,False,,3,0,proxy,3,0,ue6_qfi2,0.0,147,150.0,all_flows,ue6_qfi2,0.0,147,150.0,ok,ue4_qfi2,23.37,all_flows,ue4_qfi2,23.37,ok,5,all_flows,5,8,ok,8,ue6_qfi2,0.0,all_flows,ue6_qfi2,0.0,ok,0.6968838955371119,all_flows,0.7499574767666126,5,0.7499457344656724,proxy,5,0.6968070476705988,59502158.4,ok,0.004747727272727272,ok,0.9348443181818182,0.0371515625,ok,ue1_qfi1,0.40816326530612246,49,100.0,all_flows,ue1_qfi1,0.40816326530612246,49,100.0,data,0.0,data,ok,0.0,ue2_qfi9,42.75,all_flows,ue3_qfi2,26.797,ok,30.2,ue1_qfi2,0,0.0,0.0,all_flows,30.2,ue1_qfi2,0,0.0,0.0,30.303,33.0,30.303,ok,33.0,,all_flows,,pending,,all_flows,,pending,100.0,"[8, 9]",ue5_qfi1,0,0,0,116.0000000000001,99.99999999999964,data,ok,2.0,,all_flows,,pending,10,33,5.0,1.0,all_flows,6,24,4.98325,1.0,ue6_qfi2,ok,ue6_qfi9,True,TwoTier,1302740407
ue8_qfi8,300.0,300.25,300.25,300.25,all_flows,ue4_qfi1,6.0,15.75,28.0,28.0,ok,0.5215991944056936,all_flows,0.0,ok,100.0,ue5_qfi1,0,0,0,127.49999999999994,99.74999999999979,all_flows,100.0,ue5_qfi1,0,0,0,127.49999999999994,99.74999999999979,data,2.0,data,ok,2.0,False,,all_flows,False,,3,0,proxy,3,0,ue8_qfi2,0.993421052631579,152,150.0,all_flows,ue8_qfi2,0.993421052631579,152,150.0,ok,ue7_qfi2,25.081,all_flows,ue7_qfi2,25.081,ok,8,all_flows,8,8,ok,8,ue8_qfi2,0.962902,all_flows,ue8_qfi2,0.962902,ok,0.9107093425154155,all_flows,0.9999561694842128,5,0.999913371429348,proxy,5,0.9043714696272952,69304040.0,ok,0.005429545454545454,ok,0.9328795454545454,0.0352046875,ok,ue6_qfi1,0.42857142857142855,49,100.0,all_flows,ue6_qfi1,0.42857142857142855,49,100.0,data,0.0,data,ok,0.0,ue5_qfi1,24.5,all_flows,ue5_qfi1,24.5,ok,30.2,ue8_qfi2,1,69.0,69.0,all_flows,30.2,ue8_qfi2,1,69.0,69.0,30.303,33.0,30.303,ok,33.0,,all_flows,,pending,,all_flows,,pending,100.0,"[8, 9]",ue5_qfi1,0,0,0,127.49999999999994,99.74999999999979,data,ok,2.0,,all_flows,,pending,1,33,5.0,1.0,all_flows,0,24,0.0,1.0,,ok,ue8_qfi9,True,PF,2084654369
ue7_qfi9,293.75,299.75,300.0,300.25,all_flows,ue5_qfi1,6.75,15.75,22.75,22.75,ok,0.5103890223743365,all_flows,0.11998444903939698,ok,100.0,ue5_qfi1,0,0,0,122.50000000000006,100.2500000000004,all_flows,100.0,ue5_qfi1,0,0,0,122.50000000000006,100.2500000000004,data,2.0,data,ok,2.0,False,,all_flows,False,,3,0,proxy,3,0,ue8_qfi2,0.0,147,150.0,all_flows,ue8_qfi2,0.0,147,150.0,ok,ue5_qfi2,20.196,all_flows,ue5_qfi2,20.196,ok,7,all_flows,7,8,ok,8,ue8_qfi2,0.0,all_flows,ue8_qfi2,0.0,ok,0.8636780138527573,all_flows,0.9165944490349369,5,0.9165717263470738,proxy,5,0.86038516490961,68926809.6,ok,0.004136363636363636,ok,0.9327181818181818,0.0897796875,ok,ue1_qfi1,0.42857142857142855,49,100.0,all_flows,ue1_qfi1,0.42857142857142855,49,100.0,data,0.0,data,ok,0.0,ue4_qfi9,18.5,all_flows,ue7_qfi1,17.0,ok,30.4,ue1_qfi2,0,0.0,0.0,all_flows,30.4,ue1_qfi2,0,0.0,0.0,30.303,33.0,30.303,ok,33.0,,all_flows,,pending,,all_flows,,pending,100.0,"[8, 9]",ue5_qfi1,0,0,0,122.50000000000006,100.2500000000004,data,ok,2.0,,all_flows,,pending,4,33,5.0,1.0,all_flows,2,24,4.98325,1.0,ue8_qfi2,ok,ue8_qfi8,True,Reservation,2084654369
ue8_qfi8,300.0,300.25,300.25,300.25,all_flows,ue7_qfi2,9.455,36.821,93.373,121.547,ok,0.5109639370744439,all_flows,0.0037765174459881068,ok,,ue8_qfi8,0,0,1,501.25000000000017,0.500000000000056,all_flows,100.0,ue8_qfi1,0,0,0,397.0000000000002,103.75000000000001,data,2.0,data,ok,2.0,False,,all_flows,False,,3,0,proxy,3,0,ue7_qfi2,0.9802631578947368,152,150.0,all_flows,ue7_qfi2,0.9802631578947368,152,150.0,ok,ue8_qfi2,97.917,all_flows,ue8_qfi2,97.917,ok,7,all_flows,7,8,ok,8,ue8_qfi2,0.943976,all_flows,ue8_qfi2,0.943976,ok,0.8905781515479742,all_flows,0.9889019600893839,5,0.9787637833186642,proxy,5,0.8778215831801239,69050604.8,ok,0.005209090909090909,ok,0.93225,0.034159375,ok,ue3_qfi1,0.3783783783783784,37,100.0,all_flows,ue3_qfi1,0.3783783783783784,37,100.0,data,0.0,data,ok,0.0,ue1_qfi9,147.0,all_flows,ue7_qfi2,112.092,ok,29.8,ue8_qfi2,17,103.75,1562.75,all_flows,29.8,ue8_qfi2,17,103.75,1562.75,30.303,33.0,30.303,ok,33.0,,all_flows,,pending,,all_flows,,pending,100.0,"[8, 9]",ue8_qfi1,0,0,0,397.0000000000002,103.75000000000001,data,ok,2.0,,all_flows,,pending,1,33,5.0,1.0,all_flows,0,24,0.0,1.0,,ok,ue8_qfi9,True,TwoTier,2084654369
ue8_qfi8,300.0,300.25,300.25,300.25,all_flows,ue6_qfi1,5.5,18.75,29.0,29.0,ok,0.5254163337208713,all_flows,0.0,ok,100.0,ue6_qfi1,0,0,0,127.0,99.25000000000006,all_flows,100.0,ue6_qfi1,0,0,0,127.0,99.25000000000006,data,2.0,data,ok,2.0,False,,all_flows,False,,3,0,proxy,3,0,ue1_qfi2,1.0,152,150.0,all_flows,ue1_qfi2,1.0,152,150.0,ok,ue6_qfi2,25.0,all_flows,ue6_qfi2,25.0,ok,8,all_flows,8,8,ok,8,ue1_qfi2,0.967684,all_flows,ue1_qfi2,0.967684,ok,0.9102454261173086,all_flows,0.9999528850099493,5,0.9999225908125611,proxy,5,0.9053388675937589,69120436.8,ok,0.005231818181818182,ok,0.9328170454545455,0.034734375,ok,ue3_qfi1,0.4489795918367347,49,100.0,all_flows,ue3_qfi1,0.4489795918367347,49,100.0,data,0.0,data,ok,0.0,ue6_qfi1,23.5,all_flows,ue6_qfi1,23.5,ok,30.4,ue1_qfi2,0,0.0,0.0,all_flows,30.4,ue1_qfi2,0,0.0,0.0,30.303,33.0,30.303,ok,33.0,,all_flows,,pending,,all_flows,,pending,100.0,"[8, 9]",ue6_qfi1,0,0,0,127.0,99.25000000000006,data,ok,2.0,,all_flows,,pending,1,33,5.0,1.0,all_flows,0,24,0.0,1.0,,ok,ue8_qfi9,True,PF,1566581934
ue8_qfi8,300.25,300.25,300.25,300.25,all_flows,ue5_qfi1,5.75,17.25,27.25,27.25,ok,0.5428531041403886,all_flows,0.0,ok,100.0,ue5_qfi1,0,0,0,126.75000000000037,100.24999999999994,all_flows,100.0,ue5_qfi1,0,0,0,126.75000000000037,100.24999999999994,data,2.0,data,ok,2.0,False,,all_flows,False,,3,0,proxy,3,0,ue5_qfi2,0.993421052631579,152,150.0,all_flows,ue5_qfi2,0.993421052631579,152,150.0,ok,ue8_qfi2,22.455,all_flows,ue8_qfi2,22.455,ok,8,all_flows,8,8,ok,8,ue1_qfi2,0.9659988,all_flows,ue1_qfi2,0.9659988,ok,0.9082086890323756,all_flows,0.9998893852053314,5,0.9998282468735251,proxy,5,0.9047173789324136,68094345.6,ok,0.004047727272727273,ok,0.9335465909090909,0.1085328125,ok,ue3_qfi1,0.4489795918367347,49,100.0,all_flows,ue3_qfi1,0.4489795918367347,49,100.0,data,0.0,data,ok,0.0,ue5_qfi1,21.5,all_flows,ue5_qfi1,21.5,ok,30.2,ue5_qfi2,1,71.5,71.5,all_flows,30.2,ue5_qfi2,1,71.5,71.5,30.303,33.0,30.303,ok,33.0,,all_flows,,pending,,all_flows,,pending,100.0,"[8, 9]",ue5_qfi1,0,0,0,126.75000000000037,100.24999999999994,data,ok,2.0,,all_flows,,pending,1,33,5.0,1.0,all_flows,0,24,0.0,1.0,,ok,ue8_qfi9,True,Reservation,1566581934
ue2_qfi9,13.25,50.0,55.5,62.25,all_flows,ue3_qfi2,6.606,19.906,26.808,28.965,ok,0.5763809366732873,all_flows,0.3669188160442146,ok,100.0,ue2_qfi1,0,0,0,113.75000000000001,100.00000000000009,all_flows,100.0,ue2_qfi1,0,0,0,113.75000000000001,100.00000000000009,data,2.0,data,ok,2.0,False,,all_flows,False,,3,0,proxy,3,0,ue6_qfi2,0.0,148,150.0,all_flows,ue6_qfi2,0.0,148,150.0,ok,ue3_qfi2,22.866,all_flows,ue3_qfi2,22.866,ok,5,all_flows,5,8,ok,8,ue6_qfi2,0.0,all_flows,ue6_qfi2,0.0,ok,0.6968808031293279,all_flows,0.7499651365977882,5,0.7499365342288182,proxy,5,0.6968310450816017,59522760.0,ok,0.005009090909090909,ok,0.9328795454545454,0.0342890625,ok,ue1_qfi1,0.42857142857142855,49,100.0,all_flows,ue1_qfi1,0.42857142857142855,49,100.0,data,0.0,data,ok,0.0,ue2_qfi9,49.0,all_flows,ue3_qfi2,22.359,ok,30.4,ue1_qfi2,0,0.0,0.0,all_flows,30.4,ue1_qfi2,0,0.0,0.0,30.303,33.0,30.303,ok,33.0,,all_flows,,pending,,all_flows,,pending,100.0,"[8, 9]",ue2_qfi1,0,0,0,113.75000000000001,100.00000000000009,data,ok,2.0,,all_flows,,pending,10,33,5.0,1.0,all_flows,6,24,4.98325,1.0,ue6_qfi2,ok,ue6_qfi9,True,TwoTier,1566581934
ue8_qfi8,300.0,300.25,300.25,300.25,all_flows,ue5_qfi1,5.75,22.0,53.0,53.0,ok,0.5361679301948923,all_flows,0.0,ok,100.0,ue5_qfi1,0,0,0,136.0000000000001,100.00000000000009,all_flows,100.0,ue5_qfi1,0,0,0,136.0000000000001,100.00000000000009,data,2.0,data,ok,2.0,False,,all_flows,False,,3,0,proxy,3,0,ue1_qfi2,1.0,152,150.0,all_flows,ue1_qfi2,1.0,152,150.0,ok,ue5_qfi2,26.0,all_flows,ue5_qfi2,26.0,ok,8,all_flows,8,8,ok,8,ue6_qfi2,0.955028,all_flows,ue6_qfi2,0.955028,ok,0.9049306850308027,all_flows,0.9999470558721976,5,0.9998993546678899,proxy,5,0.8956058846014977,67304344.0,ok,0.005172727272727272,ok,0.9325863636363636,0.0372015625,ok,ue3_qfi1,0.46938775510204084,49,100.0,all_flows,ue3_qfi1,0.46938775510204084,49,100.0,data,0.0,data,ok,0.0,ue5_qfi1,47.25,all_flows,ue5_qfi1,47.25,ok,30.4,ue1_qfi2,0,0.0,0.0,all_flows,30.4,ue1_qfi2,0,0.0,0.0,30.303,33.0,30.303,ok,33.0,,all_flows,,pending,,all_flows,,pending,100.0,"[8, 9]",ue5_qfi1,0,0,0,136.0000000000001,100.00000000000009,data,ok,2.0,,all_flows,,pending,1,33,5.0,1.0,all_flows,0,24,0.0,1.0,,ok,ue8_qfi9,True,PF,1357791198
ue8_qfi8,300.25,300.25,300.25,300.25,all_flows,ue2_qfi1,5.75,18.0,28.0,28.0,ok,0.5545987840463762,all_flows,0.0,ok,,ue8_qfi8,0,0,0,167.74999999999994,2.875000000000183,all_flows,100.0,ue2_qfi1,0,0,0,127.49999999999994,100.00000000000009,data,2.0,data,ok,2.0,False,,all_flows,False,,3,0,proxy,3,0,ue2_qfi2,0.993421052631579,152,150.0,all_flows,ue2_qfi2,0.993421052631579,152,150.0,ok,ue5_qfi2,23.026,all_flows,ue5_qfi2,23.026,ok,8,all_flows,8,8,ok,8,ue6_qfi2,0.9529788,all_flows,ue6_qfi2,0.9529788,ok,0.9030137240430675,all_flows,0.9998826676532826,5,0.999824737261499,proxy,5,0.8950384148063476,66242264.0,ok,0.004179545454545455,ok,0.9328715909090909,0.1167,ok,ue5_qfi1,0.46938775510204084,49,100.0,all_flows,ue5_qfi1,0.46938775510204084,49,100.0,data,0.0,data,ok,0.0,ue2_qfi1,22.25,all_flows,ue2_qfi1,22.25,ok,30.2,ue4_qfi2,1,75.0,75.0,all_flows,30.2,ue4_qfi2,1,75.0,75.0,30.303,33.0,30.303,ok,33.0,,all_flows,,pending,,all_flows,,pending,100.0,"[8, 9]",ue2_qfi1,0,0,0,127.49999999999994,100.00000000000009,data,ok,2.0,,all_flows,,pending,1,33,5.0,1.0,all_flows,0,24,0.0,1.0,,ok,ue8_qfi9,True,Reservation,1357791198
ue8_qfi8,228.25,300.25,300.25,300.25,all_flows,ue8_qfi2,32.255,84.929,97.25,102.794,ok,0.5234323079624209,all_flows,0.000723881062131687,ok,,ue8_qfi8,0,0,1,580.4999999999998,0.25000000000030553,all_flows,100.0,ue5_qfi1,0,0,1,565.2500000000007,99.87500000000001,data,2.0,data,ok,2.0,False,,all_flows,False,,3,0,proxy,3,0,ue1_qfi2,1.0,151,150.0,all_flows,ue1_qfi2,1.0,151,150.0,ok,ue8_qfi2,97.507,all_flows,ue8_qfi2,97.507,ok,8,all_flows,8,8,ok,8,ue6_qfi2,0.9550796,all_flows,ue6_qfi2,0.9550796,ok,0.8722255320700748,all_flows,0.9821328455011109,5,0.9416648377481163,proxy,5,0.8225321938118739,67277408.0,ok,0.00475,ok,0.9321613636363636,0.036634375,ok,ue1_qfi1,0.2903225806451613,31,100.0,all_flows,ue1_qfi1,0.2903225806451613,31,100.0,data,0.0,data,ok,0.0,ue6_qfi9,131.25,all_flows,ue8_qfi1,86.75,ok,30.0,ue8_qfi2,18,107.75,1604.25,all_flows,30.0,ue8_qfi2,18,107.75,1604.25,30.303,33.0,30.303,ok,33.0,,all_flows,,pending,,all_flows,,pending,100.0,"[8, 9]",ue5_qfi1,0,0,1,565.2500000000007,99.87500000000001,data,ok,2.0,,all_flows,,pending,1,33,5.0,1.0,all_flows,0,24,0.0,1.0,,ok,ue8_qfi9,True,TwoTier,1357791198
ue8_qfi8,300.0,300.25,300.25,300.25,all_flows,ue2_qfi1,3.0,18.0,30.75,30.75,ok,0.5231695443125782,all_flows,0.0,ok,100.0,ue8_qfi1,0,0,0,123.0,100.00000000000009,all_flows,100.0,ue8_qfi1,0,0,0,123.0,100.00000000000009,data,2.0,data,ok,2.0,False,,all_flows,False,,3,0,proxy,3,0,ue7_qfi2,0.993421052631579,152,150.0,all_flows,ue7_qfi2,0.993421052631579,152,150.0,ok,ue7_qfi2,25.303,all_flows,ue7_qfi2,25.303,ok,8,all_flows,8,8,ok,8,ue1_qfi2,0.9643676,all_flows,ue1_qfi2,0.9643676,ok,0.9108305367078435,all_flows,0.9999467851397446,5,0.9999283210844458,proxy,5,0.904871607600135,69268625.6,ok,0.0048431818181818185,ok,0.9347625,0.0354453125,ok,ue8_qfi1,0.4489795918367347,49,100.0,all_flows,ue8_qfi1,0.4489795918367347,49,100.0,data,0.0,data,ok,0.0,ue2_qfi1,27.75,all_flows,ue2_qfi1,27.75,ok,30.2,ue7_qfi2,1,77.25,77.25,all_flows,30.2,ue7_qfi2,1,77.25,77.25,30.303,33.0,30.303,ok,33.0,,all_flows,,pending,,all_flows,,pending,100.0,"[8, 9]",ue8_qfi1,0,0,0,123.0,100.00000000000009,data,ok,2.0,,all_flows,,pending,1,33,5.0,1.0,all_flows,0,24,0.0,1.0,,ok,ue8_qfi9,True,PF,1167425778
ue3_qfi9,285.75,299.0,299.75,300.0,all_flows,ue3_qfi1,2.0,18.25,24.25,24.25,ok,0.5088148681304366,all_flows,0.24383544234521073,ok,100.0,ue6_qfi1,0,0,0,123.49999999999994,99.99999999999964,all_flows,100.0,ue6_qfi1,0,0,0,123.49999999999994,99.99999999999964,data,2.0,data,ok,2.0,False,,all_flows,False,,3,0,proxy,3,0,ue7_qfi2,0.0,148,150.0,all_flows,ue7_qfi2,0.0,148,150.0,ok,ue6_qfi2,19.06,all_flows,ue6_qfi2,19.06,ok,6,all_flows,6,8,ok,8,ue7_qfi2,0.0,all_flows,ue7_qfi2,0.0,ok,0.7855518578894312,all_flows,0.8332731688306756,5,0.8332527527438434,proxy,5,0.7847782851286984,68534206.4,ok,0.0042204545454545455,ok,0.9309715909090909,0.0876546875,ok,ue1_qfi1,0.5102040816326531,49,100.0,all_flows,ue1_qfi1,0.5102040816326531,49,100.0,data,0.0,data,ok,0.0,ue1_qfi9,249.75,all_flows,ue3_qfi1,22.25,ok,30.2,ue3_qfi2,1,68.25,68.25,all_flows,30.2,ue3_qfi2,1,68.25,68.25,30.303,33.0,30.303,ok,33.0,,all_flows,,pending,,all_flows,,pending,100.0,"[8, 9]",ue6_qfi1,0,0,0,123.49999999999994,99.99999999999964,data,ok,2.0,,all_flows,,pending,7,33,5.0,1.0,all_flows,4,24,4.98325,1.0,ue7_qfi2,ok,ue7_qfi9,True,Reservation,1167425778
ue1_qfi9,82.0,298.25,299.25,299.75,all_flows,ue6_qfi2,6.94,56.763,115.624,130.931,ok,0.5324838434524608,all_flows,0.2864434104367944,ok,100.0,ue6_qfi1,0,0,0,139.75000000000026,99.37499999999977,all_flows,100.0,ue6_qfi1,0,0,0,139.75000000000026,99.37499999999977,data,2.0,data,ok,2.0,False,,all_flows,False,,3,0,proxy,3,0,ue7_qfi2,0.0,148,150.0,all_flows,ue7_qfi2,0.0,148,150.0,ok,ue6_qfi2,59.513,all_flows,ue6_qfi2,59.513,ok,5,all_flows,5,8,ok,8,ue7_qfi2,0.0,all_flows,ue7_qfi2,0.0,ok,0.7567931631350132,all_flows,0.805550955486485,5,0.7499777261603672,proxy,5,0.696898528926606,65290691.2,ok,0.0051863636363636365,ok,0.9339375,0.03465,ok,ue3_qfi1,0.5102040816326531,49,100.0,all_flows,ue3_qfi1,0.5102040816326531,49,100.0,data,0.0,data,ok,0.0,ue1_qfi9,217.75,all_flows,ue6_qfi2,123.99100000000001,ok,30.0,ue2_qfi2,4,79.75,298.0,all_flows,30.0,ue2_qfi2,4,79.75,298.0,30.303,33.0,30.303,ok,33.0,,all_flows,,pending,,all_flows,,pending,100.0,"[8, 9]",ue6_qfi1,0,0,0,139.75000000000026,99.37499999999977,data,ok,2.0,,all_flows,,pending,10,33,5.0,1.0,all_flows,6,24,4.98325,1.0,ue7_qfi2,ok,ue7_qfi9,True,TwoTier,1167425778
ue8_qfi8,300.0,300.25,300.25,300.25,all_flows,ue3_qfi1,7.0,20.5,37.25,37.25,ok,0.5349733109962719,all_flows,0.0,ok,100.0,ue3_qfi1,0,0,0,135.00000000000023,99.25000000000051,all_flows,100.0,ue3_qfi1,0,0,0,135.00000000000023,99.25000000000051,data,2.0,data,ok,2.0,False,,all_flows,False,,3,0,proxy,3,0,ue1_qfi2,1.0,152,150.0,all_flows,ue1_qfi2,1.0,152,150.0,ok,ue3_qfi2,26.452,all_flows,ue3_qfi2,26.452,ok,8,all_flows,8,8,ok,8,ue4_qfi2,0.95577,all_flows,ue4_qfi2,0.95577,ok,0.9058264250221407,all_flows,0.9999573612411534,5,0.9999148277463571,proxy,5,0.9040436562311737,67719868.8,ok,0.004975,ok,0.9313738636363637,0.0361953125,ok,ue1_qfi1,0.4489795918367347,49,100.0,all_flows,ue1_qfi1,0.4489795918367347,49,100.0,data,0.0,data,ok,0.0,ue3_qfi1,30.25,all_flows,ue3_qfi1,30.25,ok,30.4,ue1_qfi2,0,0.0,0.0,all_flows,30.4,ue1_qfi2,0,0.0,0.0,30.303,33.0,30.303,ok,33.0,,all_flows,,pending,,all_flows,,pending,100.0,"[8, 9]",ue3_qfi1,0,0,0,135.00000000000023,99.25000000000051,data,ok,2.0,,all_flows,,pending,1,33,5.0,1.0,all_flows,0,24,0.0,1.0,,ok,ue8_qfi9,True,PF,1202413557
ue8_qfi8,300.25,300.25,300.25,300.25,all_flows,ue2_qfi1,5.5,22.75,26.5,26.5,ok,0.5518399082451352,all_flows,0.0,ok,,ue8_qfi8,0,0,0,170.00000000000014,2.4999999999999987,all_flows,100.0,ue2_qfi1,0,0,0,126.2500000000002,99.49999999999991,data,2.0,data,ok,2.0,False,,all_flows,False,,3,0,proxy,3,0,ue8_qfi2,0.993421052631579,152,150.0,all_flows,ue8_qfi2,0.993421052631579,152,150.0,ok,ue3_qfi2,24.247,all_flows,ue3_qfi2,24.247,ok,8,all_flows,8,8,ok,8,ue4_qfi2,0.9535904000000001,all_flows,ue4_qfi2,0.9535904000000001,ok,0.9044209019767747,all_flows,0.9998934132986472,5,0.9998629224614813,proxy,5,0.9025723777077195,66845584.0,ok,0.0041863636363636365,ok,0.9319829545454545,0.113803125,ok,ue1_qfi1,0.4897959183673469,49,100.0,all_flows,ue1_qfi1,0.4897959183673469,49,100.0,data,0.0,data,ok,0.0,ue2_qfi1,21.0,all_flows,ue2_qfi1,21.0,ok,30.4,ue1_qfi2,0,0.0,0.0,all_flows,30.4,ue1_qfi2,0,0.0,0.0,30.303,33.0,30.303,ok,33.0,,all_flows,,pending,,all_flows,,pending,100.0,"[8, 9]",ue2_qfi1,0,0,0,126.2500000000002,99.49999999999991,data,ok,2.0,,all_flows,,pending,1,33,5.0,1.0,all_flows,0,24,0.0,1.0,,ok,ue8_qfi9,True,Reservation,1202413557
ue3_qfi9,26.0,55.5,75.75,88.0,all_flows,ue5_qfi2,6.416,20.081,26.284,31.405,ok,0.5760821524593756,all_flows,0.3659719775659592,ok,100.0,ue2_qfi1,0,0,0,116.49999999999983,100.00000000000009,all_flows,100.0,ue2_qfi1,0,0,0,116.49999999999983,100.00000000000009,data,2.0,data,ok,2.0,False,,all_flows,False,,3,0,proxy,3,0,ue6_qfi2,0.0,147,150.0,all_flows,ue6_qfi2,0.0,147,150.0,ok,ue1_qfi2,25.259,all_flows,ue1_qfi2,25.259,ok,5,all_flows,5,8,ok,8,ue6_qfi2,0.0,all_flows,ue6_qfi2,0.0,ok,0.6969100487545973,all_flows,0.7499688554804249,5,0.7499580560564363,proxy,5,0.6968657991003897,59542320.0,ok,0.005295454545454545,ok,0.9316295454545455,0.037678125,ok,ue1_qfi1,0.46938775510204084,49,100.0,all_flows,ue1_qfi1,0.46938775510204084,49,100.0,data,0.0,data,ok,0.0,ue3_qfi9,62.0,all_flows,ue5_qfi2,24.989,ok,30.4,ue1_qfi2,0,0.0,0.0,all_flows,30.4,ue1_qfi2,0,0.0,0.0,30.303,33.0,30.303,ok,33.0,,all_flows,,pending,,all_flows,,pending,100.0,"[8, 9]",ue2_qfi1,0,0,0,116.49999999999983,100.00000000000009,data,ok,2.0,,all_flows,,pending,10,33,5.0,1.0,all_flows,6,24,4.98325,1.0,ue6_qfi2,ok,ue6_qfi9,True,TwoTier,1202413557
ue8_qfi8,300.0,300.25,300.25,300.25,all_flows,ue5_qfi1,4.25,19.75,37.0,37.0,ok,0.5319982317705748,all_flows,0.0,ok,100.0,ue5_qfi1,0,0,0,130.24999999999997,99.75000000000006,all_flows,100.0,ue5_qfi1,0,0,0,130.24999999999997,99.75000000000006,data,2.0,data,ok,2.0,False,,all_flows,False,,3,0,proxy,3,0,ue1_qfi2,1.0,152,150.0,all_flows,ue1_qfi2,1.0,152,150.0,ok,ue4_qfi2,25.5,all_flows,ue4_qfi2,25.5,ok,8,all_flows,8,8,ok,8,ue2_qfi2,0.9571508000000001,all_flows,ue2_qfi2,0.9571508000000001,ok,0.9071084985355162,all_flows,0.999948021768325,5,0.999919450697816,proxy,5,0.8977270332026109,67977187.2,ok,0.005154545454545454,ok,0.9312852272727272,0.0361125,ok,ue3_qfi1,0.4489795918367347,49,100.0,all_flows,ue3_qfi1,0.4489795918367347,49,100.0,data,0.0,data,ok,0.0,ue5_qfi1,32.75,all_flows,ue5_qfi1,32.75,ok,30.4,ue1_qfi2,0,0.0,0.0,all_flows,30.4,ue1_qfi2,0,0.0,0.0,30.303,33.0,30.303,ok,33.0,,all_flows,,pending,,all_flows,,pending,100.0,"[8, 9]",ue5_qfi1,0,0,0,130.24999999999997,99.75000000000006,data,ok,2.0,,all_flows,,pending,1,33,5.0,1.0,all_flows,0,24,0.0,1.0,,ok,ue8_qfi9,True,PF,2008052738
ue7_qfi9,296.25,300.0,300.0,300.25,all_flows,ue7_qfi1,5.5,13.0,27.25,27.25,ok,0.5268256990741357,all_flows,0.12263995267218683,ok,100.0,ue7_qfi1,0,0,0,127.00000000000023,100.00000000000009,all_flows,100.0,ue7_qfi1,0,0,0,127.00000000000023,100.00000000000009,data,2.0,data,ok,2.0,False,,all_flows,False,,3,0,proxy,3,0,ue8_qfi2,0.0,147,150.0,all_flows,ue8_qfi2,0.0,147,150.0,ok,ue3_qfi2,20.844,all_flows,ue3_qfi2,20.844,ok,7,all_flows,7,8,ok,8,ue8_qfi2,0.0,all_flows,ue8_qfi2,0.0,ok,0.8603688281483576,all_flows,0.9165809164392273,5,0.9165347765207158,proxy,5,0.8526834119885589,66582552.0,ok,0.004284090909090909,ok,0.9319238636363636,0.0944140625,ok,ue1_qfi1,0.4489795918367347,49,100.0,all_flows,ue1_qfi1,0.4489795918367347,49,100.0,data,0.0,data,ok,0.0,ue7_qfi1,21.75,all_flows,ue7_qfi1,21.75,ok,30.4,ue1_qfi2,0,0.0,0.0,all_flows,30.4,ue1_qfi2,0,0.0,0.0,30.303,33.0,30.303,ok,33.0,,all_flows,,pending,,all_flows,,pending,100.0,"[8, 9]",ue7_qfi1,0,0,0,127.00000000000023,100.00000000000009,data,ok,2.0,,all_flows,,pending,4,33,5.0,1.0,all_flows,2,24,4.98325,1.0,ue8_qfi2,ok,ue8_qfi8,True,Reservation,2008052738
ue5_qfi9,26.25,54.25,61.5,65.5,all_flows,ue4_qfi2,6.477,17.5,20.697,29.927,ok,0.5771021634999082,all_flows,0.36707303738488073,ok,100.0,ue2_qfi1,0,0,0,115.49999999999994,100.00000000000009,all_flows,100.0,ue2_qfi1,0,0,0,115.49999999999994,100.00000000000009,data,2.0,data,ok,2.0,False,,all_flows,False,,3,0,proxy,3,0,ue6_qfi2,0.0,148,150.0,all_flows,ue6_qfi2,0.0,148,150.0,ok,ue5_qfi2,23.877,all_flows,ue5_qfi2,23.877,ok,5,all_flows,5,8,ok,8,ue6_qfi2,0.0,all_flows,ue6_qfi2,0.0,ok,0.6968650161873798,all_flows,0.7499607302394362,5,0.749917341238479,proxy,5,0.6967708677385787,59262667.2,ok,0.004902272727272727,ok,0.9306534090909091,0.0353484375,ok,ue2_qfi1,0.46938775510204084,49,100.0,all_flows,ue2_qfi1,0.46938775510204084,49,100.0,data,0.0,data,ok,0.0,ue5_qfi9,39.25,all_flows,ue4_qfi2,23.45,ok,30.4,ue1_qfi2,0,0.0,0.0,all_flows,30.4,ue1_qfi2,0,0.0,0.0,30.303,33.0,30.303,ok,33.0,,all_flows,,pending,,all_flows,,pending,100.0,"[8, 9]",ue2_qfi1,0,0,0,115.49999999999994,100.00000000000009,data,ok,2.0,,all_flows,,pending,10,33,5.0,1.0,all_flows,6,24,4.98325,1.0,ue6_qfi2,ok,ue6_qfi9,True,TwoTier,2008052738
ue8_qfi8,300.0,300.25,300.25,300.25,all_flows,ue7_qfi1,6.75,21.0,50.75,50.75,ok,0.5464700467556248,all_flows,0.0,ok,100.0,ue7_qfi1,0,0,0,126.50000000000006,99.25000000000006,all_flows,100.0,ue7_qfi1,0,0,0,126.50000000000006,99.25000000000006,data,2.0,data,ok,2.0,False,,all_flows,False,,3,0,proxy,3,0,ue2_qfi2,0.993421052631579,152,150.0,all_flows,ue2_qfi2,0.993421052631579,152,150.0,ok,ue7_qfi2,25.13,all_flows,ue7_qfi2,25.13,ok,8,all_flows,8,8,ok,8,ue4_qfi2,0.9639095999999999,all_flows,ue4_qfi2,0.9639095999999999,ok,0.9018025295828632,all_flows,0.999959094046514,5,0.9999289834151157,proxy,5,0.8941220911740435,65815198.4,ok,0.005638636363636364,ok,0.9301852272727272,0.03813125,ok,ue1_qfi1,0.46938775510204084,49,100.0,all_flows,ue1_qfi1,0.46938775510204084,49,100.0,data,0.0,data,ok,0.0,ue7_qfi1,44.0,all_flows,ue7_qfi1,44.0,ok,30.2,ue4_qfi2,1,71.5,71.5,all_flows,30.2,ue4_qfi2,1,71.5,71.5,30.303,33.0,30.303,ok,33.0,,all_flows,,pending,,all_flows,,pending,100.0,"[8, 9]",ue7_qfi1,0,0,0,126.50000000000006,99.25000000000006,data,ok,2.0,,all_flows,,pending,1,33,5.0,1.0,all_flows,0,24,0.0,1.0,,ok,ue8_qfi9,True,PF,595598245
ue7_qfi9,296.75,300.0,300.25,300.25,all_flows,ue2_qfi1,5.5,19.0,25.5,25.5,ok,0.5363597698701769,all_flows,0.12164737286285408,ok,100.0,ue7_qfi1,0,0,0,122.74999999999991,100.00000000000009,all_flows,100.0,ue7_qfi1,0,0,0,122.74999999999991,100.00000000000009,data,2.0,data,ok,2.0,False,,all_flows,False,,3,0,proxy,3,0,ue8_qfi2,0.0,147,150.0,all_flows,ue8_qfi2,0.0,147,150.0,ok,ue2_qfi2,21.357,all_flows,ue2_qfi2,21.357,ok,7,all_flows,7,8,ok,8,ue8_qfi2,0.0,all_flows,ue8_qfi2,0.0,ok,0.8579863897770341,all_flows,0.9165796934113972,5,0.9164881731861846,proxy,5,0.8516950198151788,65468497.6,ok,0.004565909090909091,ok,0.9311988636363636,0.097775,ok,ue6_qfi1,0.3877551020408163,49,100.0,all_flows,ue6_qfi1,0.3877551020408163,49,100.0,data,0.0,data,ok,0.0,ue2_qfi1,20.0,all_flows,ue2_qfi1,20.0,ok,30.2,ue6_qfi2,1,76.0,76.0,all_flows,30.2,ue6_qfi2,1,76.0,76.0,30.303,33.0,30.303,ok,33.0,,all_flows,,pending,,all_flows,,pending,100.0,"[8, 9]",ue7_qfi1,0,0,0,122.74999999999991,100.00000000000009,data,ok,2.0,,all_flows,,pending,4,33,5.0,1.0,all_flows,2,24,4.98325,1.0,ue8_qfi2,ok,ue8_qfi8,True,Reservation,595598245
ue8_qfi8,300.0,300.25,300.25,300.25,all_flows,ue8_qfi2,11.436,55.321,102.688,128.17,ok,0.5582402711115336,all_flows,0.1687970920332516,ok,100.0,ue6_qfi1,0,0,0,252.4999999999995,101.75,all_flows,100.0,ue6_qfi1,0,0,0,252.4999999999995,101.75,data,2.0,data,ok,2.0,False,,all_flows,False,,3,0,proxy,3,0,ue8_qfi2,0.543046357615894,151,150.0,all_flows,ue8_qfi2,0.543046357615894,151,150.0,ok,ue6_qfi2,78.751,all_flows,ue6_qfi2,78.751,ok,5,all_flows,5,8,ok,8,ue8_qfi2,0.5230532,all_flows,ue8_qfi2,0.5230532,ok,0.8080998433837758,all_flows,0.8945425560398566,5,0.7499702031700088,proxy,5,0.6968562041267651,62611280.0,ok,0.005854545454545454,ok,0.9288772727272727,0.0362484375,ok,ue8_qfi1,0.375,24,100.0,all_flows,ue8_qfi1,0.375,24,100.0,data,0.0,data,ok,0.0,ue2_qfi9,280.25,all_flows,ue8_qfi2,116.73399999999998,ok,16.8,ue6_qfi2,2,100.25,192.0,all_flows,16.8,ue6_qfi2,2,100.25,192.0,30.303,33.0,30.303,ok,33.0,,all_flows,,pending,,all_flows,,pending,100.0,"[8, 9]",ue6_qfi1,0,0,0,252.4999999999995,101.75,data,ok,2.0,,all_flows,,pending,10,33,5.0,1.0,all_flows,6,24,2.437,1.0,ue7_qfi1,ok,ue8_qfi9,True,TwoTier,595598245
ue8_qfi8,300.0,300.25,300.25,300.25,all_flows,ue2_qfi1,3.25,17.75,28.25,28.25,ok,0.5299467042349834,all_flows,0.0,ok,100.0,ue5_qfi1,0,0,0,127.75000000000003,99.74999999999979,all_flows,100.0,ue5_qfi1,0,0,0,127.75000000000003,99.74999999999979,data,2.0,data,ok,2.0,False,,all_flows,False,,3,0,proxy,3,0,ue1_qfi2,1.0,152,150.0,all_flows,ue1_qfi2,1.0,152,150.0,ok,ue5_qfi2,26.7,all_flows,ue5_qfi2,26.7,ok,8,all_flows,8,8,ok,8,ue4_qfi2,0.9584384,all_flows,ue4_qfi2,0.9584384,ok,0.9090834289252344,all_flows,0.9999527815573337,5,0.9999228513830567,proxy,5,0.9035303216830295,68377681.6,ok,0.004938636363636364,ok,0.9325920454545454,0.036040625,ok,ue4_qfi1,0.4897959183673469,49,100.0,all_flows,ue4_qfi1,0.4897959183673469,49,100.0,data,0.0,data,ok,0.0,ue2_qfi1,25.0,all_flows,ue2_qfi1,25.0,ok,30.4,ue1_qfi2,0,0.0,0.0,all_flows,30.4,ue1_qfi2,0,0.0,0.0,30.303,33.0,30.303,ok,33.0,,all_flows,,pending,,all_flows,,pending,100.0,"[8, 9]",ue5_qfi1,0,0,0,127.75000000000003,99.74999999999979,data,ok,2.0,,all_flows,,pending,1,33,5.0,1.0,all_flows,0,24,0.0,1.0,,ok,ue8_qfi9,True,PF,1752032165
ue7_qfi9,294.0,299.75,300.0,300.25,all_flows,ue2_qfi1,5.5,18.25,24.5,24.5,ok,0.5236065394284333,all_flows,0.12295371336906925,ok,100.0,ue2_qfi1,0,0,0,124.24999999999997,100.00000000000009,all_flows,100.0,ue2_qfi1,0,0,0,124.24999999999997,100.00000000000009,data,2.0,data,ok,2.0,False,,all_flows,False,,3,0,proxy,3,0,ue8_qfi2,0.0,148,150.0,all_flows,ue8_qfi2,0.0,148,150.0,ok,ue4_qfi2,21.663,all_flows,ue4_qfi2,21.663,ok,7,all_flows,7,8,ok,8,ue8_qfi2,0.0,all_flows,ue8_qfi2,0.0,ok,0.862356391945065,all_flows,0.9165905924355954,5,0.9165460788821432,proxy,5,0.8574555307444404,67158017.6,ok,0.004002272727272728,ok,0.9323704545454545,0.093809375,ok,ue1_qfi1,0.3877551020408163,49,100.0,all_flows,ue1_qfi1,0.3877551020408163,49,100.0,data,0.0,data,ok,0.0,ue2_qfi1,19.0,all_flows,ue2_qfi1,19.0,ok,30.4,ue1_qfi2,0,0.0,0.0,all_flows,30.4,ue1_qfi2,0,0.0,0.0,30.303,33.0,30.303,ok,33.0,,all_flows,,pending,,all_flows,,pending,100.0,"[8, 9]",ue2_qfi1,0,0,0,124.24999999999997,100.00000000000009,data,ok,2.0,,all_flows,,pending,4,33,5.0,1.0,all_flows,2,24,4.98325,1.0,ue8_qfi2,ok,ue8_qfi8,True,Reservation,1752032165
ue4_qfi9,21.5,45.75,51.0,55.0,all_flows,ue5_qfi2,6.608,18.537,22.031,29.069,ok,0.5766066352288096,all_flows,0.3670817510155535,ok,100.0,ue4_qfi1,0,0,0,113.99999999999989,99.49999999999991,all_flows,100.0,ue4_qfi1,0,0,0,113.99999999999989,99.49999999999991,data,2.0,data,ok,2.0,False,,all_flows,False,,3,0,proxy,3,0,ue6_qfi2,0.0,147,150.0,all_flows,ue6_qfi2,0.0,147,150.0,ok,ue4_qfi2,22.507,all_flows,ue4_qfi2,22.507,ok,5,all_flows,5,8,ok,8,ue6_qfi2,0.0,all_flows,ue6_qfi2,0.0,ok,0.696918043855508,all_flows,0.74998387764602,5,0.7499699183257666,proxy,5,0.6968796043323735,59440004.8,ok,0.004365909090909091,ok,0.9325806818181818,0.036784375,ok,ue1_qfi1,0.4489795918367347,49,100.0,all_flows,ue1_qfi1,0.4489795918367347,49,100.0,data,0.0,data,ok,0.0,ue4_qfi9,33.5,all_flows,ue5_qfi2,22.461,ok,30.4,ue1_qfi2,0,0.0,0.0,all_flows,30.4,ue1_qfi2,0,0.0,0.0,30.303,33.0,30.303,ok,33.0,,all_flows,,pending,,all_flows,,pending,100.0,"[8, 9]",ue4_qfi1,0,0,0,113.99999999999989,99.49999999999991,data,ok,2.0,,all_flows,,pending,10,33,5.0,1.0,all_flows,6,24,4.98325,1.0,ue6_qfi2,ok,ue6_qfi9,True,TwoTier,1752032165
ue8_qfi8,300.0,300.25,300.25,300.25,all_flows,ue5_qfi1,4.5,19.0,30.0,30.0,ok,0.5412560700148937,all_flows,0.0,ok,100.0,ue5_qfi1,0,0,0,127.24999999999964,99.99999999999964,all_flows,100.0,ue5_qfi1,0,0,0,127.24999999999964,99.99999999999964,data,2.0,data,ok,2.0,False,,all_flows,False,,3,0,proxy,3,0,ue1_qfi2,1.0,152,150.0,all_flows,ue1_qfi2,1.0,152,150.0,ok,ue7_qfi2,26.172,all_flows,ue7_qfi2,26.172,ok,8,all_flows,8,8,ok,8,ue8_qfi2,0.9604916,all_flows,ue8_qfi2,0.9604916,ok,0.9043999622038733,all_flows,0.9999585628504457,5,0.9999243422207563,proxy,5,0.8981307346799555,66750067.2,ok,0.005086363636363636,ok,0.9312897727272728,0.03741875,ok,ue6_qfi1,0.5102040816326531,49,100.0,all_flows,ue6_qfi1,0.5102040816326531,49,100.0,data,0.0,data,ok,0.0,ue5_qfi1,25.5,all_flows,ue5_qfi1,25.5,ok,30.4,ue1_qfi2,0,0.0,0.0,all_flows,30.4,ue1_qfi2,0,0.0,0.0,30.303,33.0,30.303,ok,33.0,,all_flows,,pending,,all_flows,,pending,100.0,"[8, 9]",ue5_qfi1,0,0,0,127.24999999999964,99.99999999999964,data,ok,2.0,,all_flows,,pending,1,33,5.0,1.0,all_flows,0,24,0.0,1.0,,ok,ue8_qfi9,True,PF,1440696407
ue7_qfi9,296.5,300.0,300.0,300.25,all_flows,ue7_qfi1,7.25,21.0,24.75,24.75,ok,0.534098343064166,all_flows,0.11902595686276571,ok,100.0,ue5_qfi1,0,0,0,122.50000000000006,99.49999999999991,all_flows,100.0,ue5_qfi1,0,0,0,122.50000000000006,99.49999999999991,data,2.0,data,ok,2.0,False,,all_flows,False,,3,0,proxy,3,0,ue8_qfi2,0.0,147,150.0,all_flows,ue8_qfi2,0.0,147,150.0,ok,ue3_qfi2,22.051,all_flows,ue3_qfi2,22.051,ok,7,all_flows,7,8,ok,8,ue8_qfi2,0.0,all_flows,ue8_qfi2,0.0,ok,0.8590533766732245,all_flows,0.9166059125468375,5,0.9165801080959856,proxy,5,0.855454770564162,65799846.4,ok,0.004170454545454546,ok,0.930925,0.09714375,ok,ue3_qfi1,0.46938775510204084,49,100.0,all_flows,ue3_qfi1,0.46938775510204084,49,100.0,data,0.0,data,ok,0.0,ue5_qfi1,18.0,all_flows,ue5_qfi1,18.0,ok,29.8,ue2_qfi2,2,70.25,137.5,all_flows,29.8,ue2_qfi2,2,70.25,137.5,30.303,33.0,30.303,ok,33.0,,all_flows,,pending,,all_flows,,pending,100.0,"[8, 9]",ue5_qfi1,0,0,0,122.50000000000006,99.49999999999991,data,ok,2.0,,all_flows,,pending,4,33,5.0,1.0,all_flows,2,24,4.98325,1.0,ue8_qfi2,ok,ue8_qfi8,True,Reservation,1440696407
ue2_qfi9,16.25,51.25,62.0,75.75,all_flows,ue2_qfi1,3.25,15.5,26.75,26.75,ok,0.5763030547605431,all_flows,0.3651595343892985,ok,100.0,ue2_qfi1,0,0,0,123.49999999999994,100.00000000000009,all_flows,100.0,ue2_qfi1,0,0,0,123.49999999999994,100.00000000000009,data,2.0,data,ok,2.0,False,,all_flows,False,,3,0,proxy,3,0,ue6_qfi2,0.0,147,150.0,all_flows,ue6_qfi2,0.0,147,150.0,ok,ue5_qfi2,23.13,all_flows,ue5_qfi2,23.13,ok,5,all_flows,5,8,ok,8,ue6_qfi2,0.0,all_flows,ue6_qfi2,0.0,ok,0.6968309708290292,all_flows,0.7499696863991031,5,0.749938805450619,proxy,5,0.6967360377599704,59477944.0,ok,0.004965909090909091,ok,0.9319954545454545,0.0354015625,ok,ue1_qfi1,0.46938775510204084,49,100.0,all_flows,ue1_qfi1,0.46938775510204084,49,100.0,data,0.0,data,ok,0.0,ue2_qfi9,59.5,all_flows,ue2_qfi1,23.5,ok,30.4,ue1_qfi2,0,0.0,0.0,all_flows,30.4,ue1_qfi2,0,0.0,0.0,30.303,33.0,30.303,ok,33.0,,all_flows,,pending,,all_flows,,pending,100.0,"[8, 9]",ue2_qfi1,0,0,0,123.49999999999994,100.00000000000009,data,ok,2.0,,all_flows,,pending,10,33,5.0,1.0,all_flows,6,24,4.98325,1.0,ue6_qfi2,ok,ue6_qfi9,True,TwoTier,1440696407
ue8_qfi8,300.0,300.25,300.25,300.25,all_flows,ue6_qfi1,5.5,17.0,36.75,36.75,ok,0.5198475100592158,all_flows,0.0,ok,100.0,ue6_qfi1,0,0,0,135.25000000000009,100.24999999999994,all_flows,100.0,ue6_qfi1,0,0,0,135.25000000000009,100.24999999999994,data,2.0,data,ok,2.0,False,,all_flows,False,,3,0,proxy,3,0,ue1_qfi2,1.0,152,150.0,all_flows,ue1_qfi2,1.0,152,150.0,ok,ue5_qfi2,23.984,all_flows,ue5_qfi2,23.984,ok,8,all_flows,8,8,ok,8,ue1_qfi2,0.965046,all_flows,ue1_qfi2,0.965046,ok,0.911040792517198,all_flows,0.9999540933267314,5,0.9999293481890306,proxy,5,0.9036801641468345,69807513.6,ok,0.005436363636363637,ok,0.9361670454545454,0.0350234375,ok,ue8_qfi1,0.42857142857142855,49,100.0,all_flows,ue8_qfi1,0.42857142857142855,49,100.0,data,0.0,data,ok,0.0,ue6_qfi1,31.25,all_flows,ue6_qfi1,31.25,ok,30.4,ue1_qfi2,0,0.0,0.0,all_flows,30.4,ue1_qfi2,0,0.0,0.0,30.303,33.0,30.303,ok,33.0,,all_flows,,pending,,all_flows,,pending,100.0,"[8, 9]",ue6_qfi1,0,0,0,135.25000000000009,100.24999999999994,data,ok,2.0,,all_flows,,pending,1,33,5.0,1.0,all_flows,0,24,0.0,1.0,,ok,ue8_qfi9,True,PF,5880883
ue7_qfi9,295.25,299.75,300.0,300.25,all_flows,ue6_qfi1,4.75,17.75,24.75,24.75,ok,0.5144227542406664,all_flows,0.1213680933738747,ok,100.0,ue7_qfi1,0,0,0,119.25000000000009,99.74999999999979,all_flows,100.0,ue7_qfi1,0,0,0,119.25000000000009,99.74999999999979,data,2.0,data,ok,2.0,False,,all_flows,False,,3,0,proxy,3,0,ue8_qfi2,0.0,147,150.0,all_flows,ue8_qfi2,0.0,147,150.0,ok,ue1_qfi2,21.0,all_flows,ue1_qfi2,21.0,ok,7,all_flows,7,8,ok,8,ue8_qfi2,0.0,all_flows,ue8_qfi2,0.0,ok,0.86270900999906,all_flows,0.9164895350745027,5,0.9161229662511324,proxy,5,0.8588435479403865,68369118.4,ok,0.004,ok,0.9326636363636364,0.0904609375,ok,ue4_qfi1,0.46938775510204084,49,100.0,all_flows,ue4_qfi1,0.46938775510204084,49,100.0,data,0.0,data,ok,0.0,ue4_qfi9,30.0,all_flows,ue1_qfi1,20.0,ok,30.2,ue7_qfi2,1,69.75,69.75,all_flows,30.2,ue7_qfi2,1,69.75,69.75,30.303,33.0,30.303,ok,33.0,,all_flows,,pending,,all_flows,,pending,100.0,"[8, 9]",ue7_qfi1,0,0,0,119.25000000000009,99.74999999999979,data,ok,2.0,,all_flows,,pending,4,33,5.0,1.0,all_flows,2,24,4.98325,1.0,ue8_qfi2,ok,ue8_qfi8,True,Reservation,5880883
ue8_qfi8,299.75,300.25,300.25,300.25,all_flows,ue1_qfi2,27.904,74.495,87.064,108.391,ok,0.5160097113268286,all_flows,0.0016076662622200775,ok,,ue1_qfi9,0,0,0,476.2500000000003,0.0,all_flows,100.0,ue6_qfi1,0,0,0,431.75000000000006,103.75000000000001,data,2.0,data,ok,2.0,False,,all_flows,False,,3,0,proxy,3,0,ue1_qfi2,0.9933774834437086,151,150.0,all_flows,ue1_qfi2,0.9933774834437086,151,150.0,ok,ue6_qfi2,95.434,all_flows,ue6_qfi2,95.434,ok,7,all_flows,7,8,ok,8,ue1_qfi2,0.9476976,all_flows,ue1_qfi2,0.9476976,ok,0.8566593809057922,all_flows,0.9729429036523403,5,0.9363408716002445,proxy,5,0.8087036051527747,70812131.2,ok,0.005184090909090909,ok,0.9361136363636363,0.033021875,ok,ue1_qfi1,0.3793103448275862,29,100.0,all_flows,ue1_qfi1,0.3793103448275862,29,100.0,data,0.0,data,ok,0.0,ue4_qfi9,158.5,all_flows,ue7_qfi2,94.013,ok,30.0,ue6_qfi2,8,94.0,648.0,all_flows,30.0,ue6_qfi2,8,94.0,648.0,30.303,33.0,30.303,ok,33.0,,all_flows,,pending,,all_flows,,pending,100.0,"[8, 9]",ue6_qfi1,0,0,0,431.75000000000006,103.75000000000001,data,ok,2.0,,all_flows,,pending,3,33,5.0,1.0,all_flows,1,24,1.0542500000000001,1.0,ue6_qfi1,ok,ue8_qfi9,True,TwoTier,5880883
ue8_qfi8,300.0,300.25,300.25,300.25,all_flows,ue5_qfi1,5.25,18.25,27.75,27.75,ok,0.5414670488443662,all_flows,0.0,ok,100.0,ue3_qfi1,0,0,0,118.74999999999991,99.75,all_flows,100.0,ue3_qfi1,0,0,0,118.74999999999991,99.75,data,2.0,data,ok,2.0,False,,all_flows,False,,3,0,proxy,3,0,ue1_qfi2,1.0,152,150.0,all_flows,ue1_qfi2,1.0,152,150.0,ok,ue1_qfi2,24.337,all_flows,ue1_qfi2,24.337,ok,8,all_flows,8,8,ok,8,ue3_qfi2,0.9589644,all_flows,ue3_qfi2,0.9589644,ok,0.9040139345031901,all_flows,0.9999480961741808,5,0.9998949508246909,proxy,5,0.8957942560053948,66602040.0,ok,0.005320454545454546,ok,0.930825,0.0370984375,ok,ue8_qfi1,0.46938775510204084,49,100.0,all_flows,ue8_qfi1,0.46938775510204084,49,100.0,data,0.0,data,ok,0.0,ue5_qfi1,22.5,all_flows,ue5_qfi1,22.5,ok,30.4,ue1_qfi2,0,0.0,0.0,all_flows,30.4,ue1_qfi2,0,0.0,0.0,30.303,33.0,30.303,ok,33.0,,all_flows,,pending,,all_flows,,pending,100.0,"[8, 9]",ue3_qfi1,0,0,0,118.74999999999991,99.75,data,ok,2.0,,all_flows,,pending,1,33,5.0,1.0,all_flows,0,24,0.0,1.0,,ok,ue8_qfi9,True,PF,846428919
ue7_qfi9,295.75,299.75,300.0,300.25,all_flows,ue2_qfi1,5.75,16.75,29.25,29.25,ok,0.5306278913244055,all_flows,0.11922642127933777,ok,100.0,ue6_qfi1,0,0,0,123.7499999999998,99.75,all_flows,100.0,ue6_qfi1,0,0,0,123.7499999999998,99.75,data,2.0,data,ok,2.0,False,,all_flows,False,,3,0,proxy,3,0,ue8_qfi2,0.0,147,150.0,all_flows,ue8_qfi2,0.0,147,150.0,ok,ue3_qfi2,21.827,all_flows,ue3_qfi2,21.827,ok,7,all_flows,7,8,ok,8,ue8_qfi2,0.0,all_flows,ue8_qfi2,0.0,ok,0.8593878712223801,all_flows,0.9166179913364761,5,0.9165744222778321,proxy,5,0.8550475533206444,66210697.6,ok,0.004140909090909091,ok,0.9327397727272727,0.09595625,ok,ue1_qfi1,0.46938775510204084,49,100.0,all_flows,ue1_qfi1,0.46938775510204084,49,100.0,data,0.0,data,ok,0.0,ue2_qfi1,23.5,all_flows,ue2_qfi1,23.5,ok,30.4,ue1_qfi2,0,0.0,0.0,all_flows,30.4,ue1_qfi2,0,0.0,0.0,30.303,33.0,30.303,ok,33.0,,all_flows,,pending,,all_flows,,pending,100.0,"[8, 9]",ue6_qfi1,0,0,0,123.7499999999998,99.75,data,ok,2.0,,all_flows,,pending,4,33,5.0,1.0,all_flows,2,24,4.98325,1.0,ue8_qfi2,ok,ue8_qfi8,True,Reservation,846428919
ue2_qfi9,23.75,53.5,60.5,66.5,all_flows,ue5_qfi2,6.961,21.379,25.216,29.867,ok,0.5759977993081832,all_flows,0.36528082163486475,ok,100.0,ue5_qfi1,0,0,0,116.74999999999969,100.00000000000009,all_flows,100.0,ue5_qfi1,0,0,0,116.74999999999969,100.00000000000009,data,2.0,data,ok,2.0,False,,all_flows,False,,3,0,proxy,3,0,ue6_qfi2,0.0,147,150.0,all_flows,ue6_qfi2,0.0,147,150.0,ok,ue5_qfi2,25.216,all_flows,ue5_qfi2,25.216,ok,5,all_flows,5,8,ok,8,ue6_qfi2,0.0,all_flows,ue6_qfi2,0.0,ok,0.6969139525507891,all_flows,0.7499704297262445,5,0.7499305424205095,proxy,5,0.696893300576324,59557435.2,ok,0.005593181818181818,ok,0.9309727272727273,0.0389546875,ok,ue3_qfi1,0.46938775510204084,49,100.0,all_flows,ue3_qfi1,0.46938775510204084,49,100.0,data,0.0,data,ok,0.0,ue2_qfi9,42.75,all_flows,ue5_qfi2,22.906,ok,30.4,ue1_qfi2,0,0.0,0.0,all_flows,30.4,ue1_qfi2,0,0.0,0.0,30.303,33.0,30.303,ok,33.0,,all_flows,,pending,,all_flows,,pending,100.0,"[8, 9]",ue5_qfi1,0,0,0,116.74999999999969,100.00000000000009,data,ok,2.0,,all_flows,,pending,10,33,5.0,1.0,all_flows,6,24,4.98325,1.0,ue6_qfi2,ok,ue6_qfi9,True,TwoTier,846428919
ue8_qfi8,300.0,300.25,300.25,300.25,all_flows,ue7_qfi1,7.25,30.5,49.5,49.5,ok,0.5392943548031268,all_flows,0.0,ok,100.0,ue7_qfi1,0,0,0,136.24999999999997,99.24999999999984,all_flows,100.0,ue7_qfi1,0,0,0,136.24999999999997,99.24999999999984,data,2.0,data,ok,2.0,False,,all_flows,False,,3,0,proxy,3,0,ue1_qfi2,1.0,152,150.0,all_flows,ue1_qfi2,1.0,152,150.0,ok,ue7_qfi2,30.41,all_flows,ue7_qfi2,30.41,ok,8,all_flows,8,8,ok,8,ue4_qfi2,0.9635072,all_flows,ue4_qfi2,0.9635072,ok,0.9029805019080361,all_flows,0.999952872971295,5,0.9999187388236266,proxy,5,0.8988514340876298,67277361.6,ok,0.005979545454545454,ok,0.9336113636363637,0.0374390625,ok,ue8_qfi1,0.46938775510204084,49,100.0,all_flows,ue8_qfi1,0.46938775510204084,49,100.0,data,0.0,data,ok,0.0,ue7_qfi1,42.25,all_flows,ue7_qfi1,42.25,ok,30.4,ue1_qfi2,0,0.0,0.0,all_flows,30.4,ue1_qfi2,0,0.0,0.0,30.303,33.0,30.303,ok,33.0,,all_flows,,pending,,all_flows,,pending,100.0,"[8, 9]",ue7_qfi1,0,0,0,136.24999999999997,99.24999999999984,data,ok,2.0,,all_flows,,pending,1,33,5.0,1.0,all_flows,0,24,0.0,1.0,,ok,ue8_qfi9,True,PF,1841261662
ue8_qfi8,300.25,300.25,300.25,300.25,all_flows,ue7_qfi1,6.5,19.75,40.5,40.5,ok,0.5591118979398848,all_flows,0.0,ok,100.0,ue3_qfi1,0,0,0,128.50000000000028,99.50000000000003,all_flows,100.0,ue3_qfi1,0,0,0,128.50000000000028,99.50000000000003,data,2.0,data,ok,2.0,False,,all_flows,False,,3,0,proxy,3,0,ue1_qfi2,1.0,152,150.0,all_flows,ue1_qfi2,1.0,152,150.0,ok,ue7_qfi2,24.069,all_flows,ue7_qfi2,24.069,ok,8,all_flows,8,8,ok,8,ue4_qfi2,0.963326,all_flows,ue4_qfi2,0.963326,ok,0.9006060993554327,all_flows,0.9999096841625885,5,0.9998822446732842,proxy,5,0.8965117361609574,66177892.8,ok,0.004552272727272727,ok,0.9339443181818182,0.1175671875,ok,ue1_qfi1,0.40816326530612246,49,100.0,all_flows,ue1_qfi1,0.40816326530612246,49,100.0,data,0.0,data,ok,0.0,ue7_qfi1,34.0,all_flows,ue7_qfi1,34.0,ok,30.4,ue1_qfi2,0,0.0,0.0,all_flows,30.4,ue1_qfi2,0,0.0,0.0,30.303,33.0,30.303,ok,33.0,,all_flows,,pending,,all_flows,,pending,100.0,"[8, 9]",ue3_qfi1,0,0,0,128.50000000000028,99.50000000000003,data,ok,2.0,,all_flows,,pending,1,33,5.0,1.0,all_flows,0,24,0.0,1.0,,ok,ue8_qfi9,True,Reservation,1841261662
ue5_qfi9,17.0,49.25,55.75,59.0,all_flows,ue3_qfi2,5.917,18.489,22.778,26.489,ok,0.5763399581403774,all_flows,0.3663732758044792,ok,100.0,ue1_qfi1,0,0,0,119.00000000000021,100.00000000000009,all_flows,100.0,ue1_qfi1,0,0,0,119.00000000000021,100.00000000000009,data,2.0,data,ok,2.0,False,,all_flows,False,,3,0,proxy,3,0,ue6_qfi2,0.0,147,150.0,all_flows,ue6_qfi2,0.0,147,150.0,ok,ue3_qfi2,22.985,all_flows,ue3_qfi2,22.985,ok,5,all_flows,5,8,ok,8,ue6_qfi2,0.0,all_flows,ue6_qfi2,0.0,ok,0.6968883388481761,all_flows,0.7499655041901938,5,0.7499389799224012,proxy,5,0.6968534367298601,59524590.4,ok,0.004975,ok,0.9326693181818182,0.036890625,ok,ue2_qfi1,0.4489795918367347,49,100.0,all_flows,ue2_qfi1,0.4489795918367347,49,100.0,data,0.0,data,ok,0.0,ue5_qfi9,42.0,all_flows,ue3_qfi2,20.572000000000003,ok,30.4,ue1_qfi2,0,0.0,0.0,all_flows,30.4,ue1_qfi2,0,0.0,0.0,30.303,33.0,30.303,ok,33.0,,all_flows,,pending,,all_flows,,pending,100.0,"[8, 9]",ue1_qfi1,0,0,0,119.00000000000021,100.00000000000009,data,ok,2.0,,all_flows,,pending,10,33,5.0,1.0,all_flows,6,24,4.98325,1.0,ue6_qfi2,ok,ue6_qfi9,True,TwoTier,1841261662
ue8_qfi8,300.0,300.25,300.25,300.25,all_flows,ue6_qfi2,8.868,19.222,24.599,26.978,ok,0.5334008882696482,all_flows,0.0,ok,100.0,ue5_qfi1,0,0,0,120.00000000000011,99.50000000000014,all_flows,100.0,ue5_qfi1,0,0,0,120.00000000000011,99.50000000000014,data,2.0,data,ok,2.0,False,,all_flows,False,,3,0,proxy,3,0,ue7_qfi2,0.9868421052631579,152,150.0,all_flows,ue7_qfi2,0.9868421052631579,152,150.0,ok,ue6_qfi2,25.987,all_flows,ue6_qfi2,25.987,ok,8,all_flows,8,8,ok,8,ue3_qfi2,0.9547912,all_flows,ue3_qfi2,0.9547912,ok,0.9063840127987948,all_flows,0.9999266715747905,5,0.999810786557571,proxy,5,0.8973542061471359,67654241.6,ok,0.005054545454545455,ok,0.9341761363636364,0.03689375,ok,ue6_qfi1,0.4489795918367347,49,100.0,all_flows,ue6_qfi1,0.4489795918367347,49,100.0,data,0.0,data,ok,0.0,ue8_qfi1,19.75,all_flows,ue8_qfi1,19.75,ok,30.2,ue1_qfi2,1,70.0,70.0,all_flows,30.2,ue1_qfi2,1,70.0,70.0,30.303,33.0,30.303,ok,33.0,,all_flows,,pending,,all_flows,,pending,100.0,"[8, 9]",ue5_qfi1,0,0,0,120.00000000000011,99.50000000000014,data,ok,2.0,,all_flows,,pending,1,33,5.0,1.0,all_flows,0,24,0.0,1.0,,ok,ue8_qfi9,True,PF,1190382222
ue7_qfi9,295.5,300.0,300.0,300.25,all_flows,ue2_qfi1,4.75,20.75,24.75,24.75,ok,0.5271546031594044,all_flows,0.122246130140245,ok,100.0,ue5_qfi1,0,0,0,121.99999999999989,100.24999999999999,all_flows,100.0,ue5_qfi1,0,0,0,121.99999999999989,100.24999999999999,data,2.0,data,ok,2.0,False,,all_flows,False,,3,0,proxy,3,0,ue8_qfi2,0.0,148,150.0,all_flows,ue8_qfi2,0.0,148,150.0,ok,ue6_qfi2,21.728,all_flows,ue6_qfi2,21.728,ok,7,all_flows,7,8,ok,8,ue8_qfi2,0.0,all_flows,ue8_qfi2,0.0,ok,0.8605363606792193,all_flows,0.9165808592747162,5,0.9165339007543272,proxy,5,0.8541759271855718,66705121.6,ok,0.004056818181818181,ok,0.9327909090909091,0.096421875,ok,ue1_qfi1,0.4489795918367347,49,100.0,all_flows,ue1_qfi1,0.4489795918367347,49,100.0,data,0.0,data,ok,0.0,ue2_qfi1,20.0,all_flows,ue2_qfi1,20.0,ok,30.4,ue1_qfi2,0,0.0,0.0,all_flows,30.4,ue1_qfi2,0,0.0,0.0,30.303,33.0,30.303,ok,33.0,,all_flows,,pending,,all_flows,,pending,100.0,"[8, 9]",ue5_qfi1,0,0,0,121.99999999999989,100.24999999999999,data,ok,2.0,,all_flows,,pending,4,33,5.0,1.0,all_flows,2,24,4.98325,1.0,ue8_qfi2,ok,ue8_qfi8,True,Reservation,1190382222
ue8_qfi8,300.0,300.25,300.25,300.25,all_flows,ue6_qfi2,7.982,38.63,110.576,126.5,ok,0.5211060864425128,all_flows,0.0005822071370423673,ok,,ue8_qfi8,0,0,2,674.2500000000002,0.5000000000000004,all_flows,100.0,ue8_qfi1,0,0,0,348.9999999999998,101.87500000000016,data,2.0,data,ok,2.0,False,,all_flows,False,,3,0,proxy,3,0,ue2_qfi2,0.993421052631579,152,150.0,all_flows,ue2_qfi2,0.993421052631579,152,150.0,ok,ue8_qfi2,98.207,all_flows,ue8_qfi2,98.207,ok,7,all_flows,7,8,ok,8,ue3_qfi2,0.9493808,all_flows,ue3_qfi2,0.9493808,ok,0.8759197820796458,all_flows,0.9871529884667168,5,0.9792859136773123,proxy,5,0.8469709796706892,67631043.2,ok,0.0049,ok,0.9345227272727272,0.0361125,ok,ue3_qfi1,0.38235294117647056,34,100.0,all_flows,ue3_qfi1,0.38235294117647056,34,100.0,data,0.0,data,ok,0.0,ue5_qfi9,183.25,all_flows,ue6_qfi2,118.518,ok,30.4,ue8_qfi2,17,109.25,1586.0,all_flows,30.4,ue8_qfi2,17,109.25,1586.0,30.303,33.0,30.303,ok,33.0,,all_flows,,pending,,all_flows,,pending,100.0,"[8, 9]",ue8_qfi1,0,0,0,348.9999999999998,101.87500000000016,data,ok,2.0,,all_flows,,pending,1,33,5.0,1.0,all_flows,0,24,0.0,1.0,,ok,ue8_qfi9,True,TwoTier,1190382222
ue8_qfi8,300.0,300.25,300.25,300.25,all_flows,ue7_qfi1,3.5,18.25,36.0,36.0,ok,0.5228098435268244,all_flows,0.0,ok,100.0,ue7_qfi1,0,0,0,134.24999999999997,99.49999999999991,all_flows,100.0,ue7_qfi1,0,0,0,134.24999999999997,99.49999999999991,data,2.0,data,ok,2.0,False,,all_flows,False,,3,0,proxy,3,0,ue1_qfi2,1.0,152,150.0,all_flows,ue1_qfi2,1.0,152,150.0,ok,ue3_qfi2,25.465,all_flows,ue3_qfi2,25.465,ok,8,all_flows,8,8,ok,8,ue5_qfi2,0.9613476,all_flows,ue5_qfi2,0.9613476,ok,0.9101202376681907,all_flows,0.9999578657177051,5,0.9999393650541766,proxy,5,0.9030331427053511,69160424.0,ok,0.0051818181818181815,ok,0.9308897727272727,0.0353015625,ok,ue5_qfi1,0.46938775510204084,49,100.0,all_flows,ue5_qfi1,0.46938775510204084,49,100.0,data,0.0,data,ok,0.0,ue7_qfi1,32.5,all_flows,ue7_qfi1,32.5,ok,30.4,ue1_qfi2,0,0.0,0.0,all_flows,30.4,ue1_qfi2,0,0.0,0.0,30.303,33.0,30.303,ok,33.0,,all_flows,,pending,,all_flows,,pending,100.0,"[8, 9]",ue7_qfi1,0,0,0,134.24999999999997,99.49999999999991,data,ok,2.0,,all_flows,,pending,1,33,5.0,1.0,all_flows,0,24,0.0,1.0,,ok,ue8_qfi9,True,PF,72124473
ue7_qfi9,295.25,299.75,300.0,300.25,all_flows,ue4_qfi1,4.25,16.75,24.25,24.25,ok,0.5124627836304163,all_flows,0.12083892128599834,ok,100.0,ue4_qfi1,0,0,0,123.25000000000009,100.24999999999994,all_flows,100.0,ue4_qfi1,0,0,0,123.25000000000009,100.24999999999994,data,2.0,data,ok,2.0,False,,all_flows,False,,3,0,proxy,3,0,ue8_qfi2,0.0,147,150.0,all_flows,ue8_qfi2,0.0,147,150.0,ok,ue2_qfi2,20.621,all_flows,ue2_qfi2,20.621,ok,7,all_flows,7,8,ok,8,ue8_qfi2,0.0,all_flows,ue8_qfi2,0.0,ok,0.8634183800628193,all_flows,0.9166009850467771,5,0.9165829672672621,proxy,5,0.8596103452215638,68682801.6,ok,0.004093181818181818,ok,0.9300318181818182,0.0911953125,ok,ue1_qfi1,0.4897959183673469,49,100.0,all_flows,ue1_qfi1,0.4897959183673469,49,100.0,data,0.0,data,ok,0.0,ue6_qfi9,50.75,all_flows,ue4_qfi1,20.0,ok,30.2,ue2_qfi2,1,73.5,73.5,all_flows,30.2,ue2_qfi2,1,73.5,73.5,30.303,33.0,30.303,ok,33.0,,all_flows,,pending,,all_flows,,pending,100.0,"[8, 9]",ue4_qfi1,0,0,0,123.25000000000009,100.24999999999994,data,ok,2.0,,all_flows,,pending,4,33,5.0,1.0,all_flows,2,24,4.98325,1.0,ue8_qfi2,ok,ue8_qfi8,True,Reservation,72124473
ue4_qfi9,19.25,49.0,59.5,67.5,all_flows,ue1_qfi2,5.455,21.059,27.614,32.164,ok,0.5761963746502433,all_flows,0.3675585360441206,ok,100.0,ue5_qfi1,0,0,0,114.50000000000004,100.24999999999994,all_flows,100.0,ue5_qfi1,0,0,0,114.50000000000004,100.24999999999994,data,2.0,data,ok,2.0,False,,all_flows,False,,3,0,proxy,3,0,ue6_qfi2,0.0,148,150.0,all_flows,ue6_qfi2,0.0,148,150.0,ok,ue1_qfi2,24.709,all_flows,ue1_qfi2,24.709,ok,5,all_flows,5,8,ok,8,ue6_qfi2,0.0,all_flows,ue6_qfi2,0.0,ok,0.6969019136634429,all_flows,0.7499716397461675,5,0.7499548143188646,proxy,5,0.6968545612856551,59577099.2,ok,0.005436363636363637,ok,0.9315920454545454,0.0355359375,ok,ue1_qfi1,0.4489795918367347,49,100.0,all_flows,ue1_qfi1,0.4489795918367347,49,100.0,data,0.0,data,ok,0.0,ue4_qfi9,48.25,all_flows,ue1_qfi2,26.709000000000003,ok,30.4,ue1_qfi2,0,0.0,0.0,all_flows,30.4,ue1_qfi2,0,0.0,0.0,30.303,33.0,30.303,ok,33.0,,all_flows,,pending,,all_flows,,pending,100.0,"[8, 9]",ue5_qfi1,0,0,0,114.50000000000004,100.24999999999994,data,ok,2.0,,all_flows,,pending,10,33,5.0,1.0,all_flows,6,24,4.98325,1.0,ue6_qfi2,ok,ue6_qfi9,True,TwoTier,72124473
ue8_qfi8,300.0,300.25,300.25,300.25,all_flows,ue7_qfi2,8.896,20.451,24.09,27.62,ok,0.5379594197090682,all_flows,0.0,ok,100.0,ue3_qfi1,0,0,0,123.25000000000009,99.50000000000037,all_flows,100.0,ue3_qfi1,0,0,0,123.25000000000009,99.50000000000037,data,2.0,data,ok,2.0,False,,all_flows,False,,3,0,proxy,3,0,ue2_qfi2,0.993421052631579,152,150.0,all_flows,ue2_qfi2,0.993421052631579,152,150.0,ok,ue3_qfi2,26.878,all_flows,ue3_qfi2,26.878,ok,8,all_flows,8,8,ok,8,ue5_qfi2,0.9642668000000001,all_flows,ue5_qfi2,0.9642668000000001,ok,0.9045587434454261,all_flows,0.9999406114500612,5,0.9998897116434093,proxy,5,0.8988206622132352,67461950.4,ok,0.0047227272727272725,ok,0.9305920454545454,0.036459375,ok,ue7_qfi1,0.4897959183673469,49,100.0,all_flows,ue7_qfi1,0.4897959183673469,49,100.0,data,0.0,data,ok,0.0,ue5_qfi1,23.25,all_flows,ue5_qfi1,23.25,ok,30.2,ue8_qfi2,1,77.5,77.5,all_flows,30.2,ue8_qfi2,1,77.5,77.5,30.303,33.0,30.303,ok,33.0,,all_flows,,pending,,all_flows,,pending,100.0,"[8, 9]",ue3_qfi1,0,0,0,123.25000000000009,99.50000000000037,data,ok,2.0,,all_flows,,pending,1,33,5.0,1.0,all_flows,0,24,0.0,1.0,,ok,ue8_qfi9,True,PF,1642588603
ue7_qfi9,295.5,300.0,300.0,300.25,all_flows,ue5_qfi1,4.5,21.0,25.75,25.75,ok,0.5305059249400345,all_flows,0.12130971115037509,ok,100.0,ue5_qfi1,0,0,0,124.00000000000011,100.24999999999994,all_flows,100.0,ue5_qfi1,0,0,0,124.00000000000011,100.24999999999994,data,2.0,data,ok,2.0,False,,all_flows,False,,3,0,proxy,3,0,ue8_qfi2,0.0,148,150.0,all_flows,ue8_qfi2,0.0,148,150.0,ok,ue5_qfi2,21.751,all_flows,ue5_qfi2,21.751,ok,7,all_flows,7,8,ok,8,ue8_qfi2,0.0,all_flows,ue8_qfi2,0.0,ok,0.8594437200210896,all_flows,0.9165682134324772,5,0.9165386264152584,proxy,5,0.8543926974042495,66414569.6,ok,0.004565909090909091,ok,0.9323193181818182,0.0956546875,ok,ue1_qfi1,0.42857142857142855,49,100.0,all_flows,ue1_qfi1,0.42857142857142855,49,100.0,data,0.0,data,ok,0.0,ue5_qfi1,21.25,all_flows,ue5_qfi1,21.25,ok,30.2,ue4_qfi2,1,68.75,68.75,all_flows,30.2,ue4_qfi2,1,68.75,68.75,30.303,33.0,30.303,ok,33.0,,all_flows,,pending,,all_flows,,pending,100.0,"[8, 9]",ue5_qfi1,0,0,0,124.00000000000011,100.24999999999994,data,ok,2.0,,all_flows,,pending,4,33,5.0,1.0,all_flows,2,24,4.98325,1.0,ue8_qfi2,ok,ue8_qfi8,True,Reservation,1642588603
ue5_qfi9,21.75,43.75,50.75,73.5,all_flows,ue4_qfi2,7.084,20.937,25.0,32.5,ok,0.5761215452797139,all_flows,0.3674497885671596,ok,100.0,ue3_qfi1,0,0,0,117.75000000000003,99.75000000000023,all_flows,100.0,ue3_qfi1,0,0,0,117.75000000000003,99.75000000000023,data,2.0,data,ok,2.0,False,,all_flows,False,,3,0,proxy,3,0,ue6_qfi2,0.0,148,150.0,all_flows,ue6_qfi2,0.0,148,150.0,ok,ue4_qfi2,25.5,all_flows,ue4_qfi2,25.5,ok,5,all_flows,5,8,ok,8,ue6_qfi2,0.0,all_flows,ue6_qfi2,0.0,ok,0.6968821890974779,all_flows,0.7499460834113248,5,0.7498860638366965,proxy,5,0.6968168207011395,59635926.4,ok,0.004820454545454545,ok,0.9300943181818182,0.037909375,ok,ue1_qfi1,0.3877551020408163,49,100.0,all_flows,ue1_qfi1,0.3877551020408163,49,100.0,data,0.0,data,ok,0.0,ue5_qfi9,51.75,all_flows,ue4_qfi2,25.416,ok,30.0,ue3_qfi2,1,67.25,67.25,all_flows,30.0,ue3_qfi2,1,67.25,67.25,30.303,33.0,30.303,ok,33.0,,all_flows,,pending,,all_flows,,pending,100.0,"[8, 9]",ue3_qfi1,0,0,0,117.75000000000003,99.75000000000023,data,ok,2.0,,all_flows,,pending,10,33,5.0,1.0,all_flows,6,24,4.98325,1.0,ue6_qfi2,ok,ue6_qfi9,True,TwoTier,1642588603
ue8_qfi8,300.0,300.25,300.25,300.25,all_flows,ue8_qfi1,5.75,21.5,34.75,34.75,ok,0.5410007438534029,all_flows,0.0,ok,100.0,ue8_qfi1,0,0,0,133.75000000000003,99.50000000000037,all_flows,100.0,ue8_qfi1,0,0,0,133.75000000000003,99.50000000000037,data,2.0,data,ok,2.0,False,,all_flows,False,,3,0,proxy,3,0,ue1_qfi2,1.0,152,150.0,all_flows,ue1_qfi2,1.0,152,150.0,ok,ue2_qfi2,26.25,all_flows,ue2_qfi2,26.25,ok,8,all_flows,8,8,ok,8,ue4_qfi2,0.9653564,all_flows,ue4_qfi2,0.9653564,ok,0.9045419985691513,all_flows,0.9999264014230544,5,0.999797146045375,proxy,5,0.8999036222565974,66728582.4,ok,0.004763636363636364,ok,0.9327113636363636,0.0379203125,ok,ue7_qfi1,0.46938775510204084,49,100.0,all_flows,ue7_qfi1,0.46938775510204084,49,100.0,data,0.0,data,ok,0.0,ue8_qfi1,29.0,all_flows,ue8_qfi1,29.0,ok,30.4,ue1_qfi2,0,0.0,0.0,all_flows,30.4,ue1_qfi2,0,0.0,0.0,30.303,33.0,30.303,ok,33.0,,all_flows,,pending,,all_flows,,pending,100.0,"[8, 9]",ue8_qfi1,0,0,0,133.75000000000003,99.50000000000037,data,ok,2.0,,all_flows,,pending,1,33,5.0,1.0,all_flows,0,24,0.0,1.0,,ok,ue8_qfi9,True,PF,1566923138
ue5_qfi9,227.75,298.75,299.75,300.0,all_flows,ue5_qfi1,2.25,15.75,23.5,23.5,ok,0.5233398374285751,all_flows,0.24346306768231066,ok,100.0,ue5_qfi1,0,0,0,123.25000000000009,99.99999999999964,all_flows,100.0,ue5_qfi1,0,0,0,123.25000000000009,99.99999999999964,data,2.0,data,ok,2.0,False,,all_flows,False,,3,0,proxy,3,0,ue7_qfi2,0.0,147,150.0,all_flows,ue7_qfi2,0.0,147,150.0,ok,ue3_qfi2,19.25,all_flows,ue3_qfi2,19.25,ok,6,all_flows,6,8,ok,8,ue7_qfi2,0.0,all_flows,ue7_qfi2,0.0,ok,0.7845458607800904,all_flows,0.8332645509754043,5,0.8332446887771573,proxy,5,0.7833626505490718,66489873.6,ok,0.004227272727272727,ok,0.9331454545454545,0.0932953125,ok,ue1_qfi1,0.46938775510204084,49,100.0,all_flows,ue1_qfi1,0.46938775510204084,49,100.0,data,0.0,data,ok,0.0,ue6_qfi9,164.5,all_flows,ue5_qfi1,21.25,ok,30.2,ue6_qfi2,1,69.0,69.0,all_flows,30.2,ue6_qfi2,1,69.0,69.0,30.303,33.0,30.303,ok,33.0,,all_flows,,pending,,all_flows,,pending,100.0,"[8, 9]",ue5_qfi1,0,0,0,123.25000000000009,99.99999999999964,data,ok,2.0,,all_flows,,pending,7,33,5.0,1.0,all_flows,4,24,4.98325,1.0,ue7_qfi2,ok,ue7_qfi9,True,Reservation,1566923138
ue8_qfi8,300.0,300.25,300.25,300.25,all_flows,ue6_qfi2,13.11,121.753,133.503,146.651,ok,0.5699443756298741,all_flows,0.3354120158178355,ok,100.0,ue1_qfi1,0,0,0,144.49999999999986,99.75000000000023,all_flows,100.0,ue1_qfi1,0,0,0,144.49999999999986,99.75000000000023,data,2.0,data,ok,2.0,False,,all_flows,False,,3,0,proxy,3,0,ue7_qfi2,0.09933774834437085,151,150.0,all_flows,ue7_qfi2,0.09933774834437085,151,150.0,ok,ue8_qfi2,137.591,all_flows,ue8_qfi2,137.591,ok,5,all_flows,5,8,ok,8,ue7_qfi2,0.09228560000000001,all_flows,ue7_qfi2,0.09228560000000001,ok,0.7262668541286774,all_flows,0.7863685338726067,5,0.7499319111856072,proxy,5,0.6968364051006645,60361732.8,ok,0.0049113636363636365,ok,0.9341306818181818,0.038025,ok,ue7_qfi1,0.3333333333333333,3,100.0,all_flows,ue7_qfi1,0.3333333333333333,3,100.0,data,0.0,data,ok,0.0,ue1_qfi9,174.5,all_flows,ue6_qfi2,133.541,ok,30.2,ue1_qfi2,2,84.75,152.25,all_flows,30.2,ue1_qfi2,2,84.75,152.25,30.303,33.0,30.303,ok,33.0,,all_flows,,pending,,all_flows,,pending,100.0,"[8, 9]",ue1_qfi1,0,0,0,144.49999999999986,99.75000000000023,data,ok,2.0,,all_flows,,pending,10,33,5.0,1.0,all_flows,6,24,4.6855,1.0,ue7_qfi1,ok,ue8_qfi9,True,TwoTier,1566923138
ue8_qfi8,300.0,300.25,300.25,300.25,all_flows,ue7_qfi2,9.095,20.158,25.743,29.392,ok,0.5415646130872113,all_flows,0.0,ok,100.0,ue7_qfi1,0,0,0,124.74999999999991,99.75,all_flows,100.0,ue7_qfi1,0,0,0,124.74999999999991,99.75,data,2.0,data,ok,2.0,False,,all_flows,False,,3,0,proxy,3,0,ue2_qfi2,0.993421052631579,152,150.0,all_flows,ue2_qfi2,0.993421052631579,152,150.0,ok,ue5_qfi2,27.587,all_flows,ue5_qfi2,27.587,ok,8,all_flows,8,8,ok,8,ue5_qfi2,0.9663575999999999,all_flows,ue5_qfi2,0.9663575999999999,ok,0.9031908641394448,all_flows,0.9999500375968099,5,0.9999329127335219,proxy,5,0.893875377000377,66838419.199999996,ok,0.005159090909090909,ok,0.930221590909091,0.0377875,ok,ue1_qfi1,0.46938775510204084,49,100.0,all_flows,ue1_qfi1,0.46938775510204084,49,100.0,data,0.0,data,ok,0.0,ue7_qfi1,21.0,all_flows,ue7_qfi1,21.0,ok,30.2,ue3_qfi2,1,67.5,67.5,all_flows,30.2,ue3_qfi2,1,67.5,67.5,30.303,33.0,30.303,ok,33.0,,all_flows,,pending,,all_flows,,pending,100.0,"[8, 9]",ue7_qfi1,0,0,0,124.74999999999991,99.75,data,ok,2.0,,all_flows,,pending,1,33,5.0,1.0,all_flows,0,24,0.0,1.0,,ok,ue8_qfi9,True,PF,1818006482
ue7_qfi9,296.0,300.0,300.0,300.25,all_flows,ue5_qfi1,5.75,20.25,27.0,27.0,ok,0.537346373356769,all_flows,0.12176792120035958,ok,100.0,ue5_qfi1,0,0,0,123.7499999999998,99.75,all_flows,100.0,ue5_qfi1,0,0,0,123.7499999999998,99.75,data,2.0,data,ok,2.0,False,,all_flows,False,,3,0,proxy,3,0,ue8_qfi2,0.0,147,150.0,all_flows,ue8_qfi2,0.0,147,150.0,ok,ue5_qfi2,22.101,all_flows,ue5_qfi2,22.101,ok,7,all_flows,7,8,ok,8,ue8_qfi2,0.0,all_flows,ue8_qfi2,0.0,ok,0.8575387711529814,all_flows,0.9165883811316899,5,0.9165618799756005,proxy,5,0.8506013644333739,65411108.8,ok,0.004168181818181818,ok,0.9310829545454545,0.0991671875,ok,ue4_qfi1,0.42857142857142855,49,100.0,all_flows,ue4_qfi1,0.42857142857142855,49,100.0,data,0.0,data,ok,0.0,ue5_qfi1,21.25,all_flows,ue5_qfi1,21.25,ok,30.4,ue1_qfi2,0,0.0,0.0,all_flows,30.4,ue1_qfi2,0,0.0,0.0,30.303,33.0,30.303,ok,33.0,,all_flows,,pending,,all_flows,,pending,100.0,"[8, 9]",ue5_qfi1,0,0,0,123.7499999999998,99.75,data,ok,2.0,,all_flows,,pending,4,33,5.0,1.0,all_flows,2,24,4.98325,1.0,ue8_qfi2,ok,ue8_qfi8,True,Reservation,1818006482
ue2_qfi9,21.5,60.5,70.25,74.75,all_flows,ue1_qfi2,5.808,19.256,26.153,31.903,ok,0.5765975723252509,all_flows,0.3666425607121871,ok,100.0,ue3_qfi1,0,0,0,116.75000000000013,99.75000000000023,all_flows,100.0,ue3_qfi1,0,0,0,116.75000000000013,99.75000000000023,data,2.0,data,ok,2.0,False,,all_flows,False,,3,0,proxy,3,0,ue6_qfi2,0.0,147,150.0,all_flows,ue6_qfi2,0.0,147,150.0,ok,ue4_qfi2,25.11,all_flows,ue4_qfi2,25.11,ok,5,all_flows,5,8,ok,8,ue6_qfi2,0.0,all_flows,ue6_qfi2,0.0,ok,0.6968078012316612,all_flows,0.7499581612110775,5,0.7499375611881035,proxy,5,0.6965567548435121,59448363.2,ok,0.005004545454545454,ok,0.9314386363636363,0.038675,ok,ue1_qfi1,0.4489795918367347,49,100.0,all_flows,ue1_qfi1,0.4489795918367347,49,100.0,data,0.0,data,ok,0.0,ue2_qfi9,53.25,all_flows,ue1_qfi2,26.095,ok,30.4,ue1_qfi2,1,74.5,74.5,all_flows,30.4,ue1_qfi2,1,74.5,74.5,30.303,33.0,30.303,ok,33.0,,all_flows,,pending,,all_flows,,pending,100.0,"[8, 9]",ue3_qfi1,0,0,0,116.75000000000013,99.75000000000023,data,ok,2.0,,all_flows,,pending,10,33,5.0,1.0,all_flows,6,24,4.98325,1.0,ue6_qfi2,ok,ue6_qfi9,True,TwoTier,1818006482
ue8_qfi8,300.0,300.25,300.25,300.25,all_flows,ue2_qfi1,6.5,18.25,31.75,31.75,ok,0.5296795759019445,all_flows,0.0,ok,100.0,ue4_qfi1,0,0,0,124.75,99.74999999999979,all_flows,100.0,ue4_qfi1,0,0,0,124.75,99.74999999999979,data,2.0,data,ok,2.0,False,,all_flows,False,,3,0,proxy,3,0,ue4_qfi2,0.9868421052631579,152,150.0,all_flows,ue4_qfi2,0.9868421052631579,152,150.0,ok,ue7_qfi2,25.07,all_flows,ue7_qfi2,25.07,ok,8,all_flows,8,8,ok,8,ue1_qfi2,0.9638748,all_flows,ue1_qfi2,0.9638748,ok,0.9081897829178658,all_flows,0.9999520137070596,5,0.999921720508796,proxy,5,0.9034839059738806,68620067.2,ok,0.0052545454545454544,ok,0.9330590909090909,0.0356171875,ok,ue5_qfi1,0.4897959183673469,49,100.0,all_flows,ue5_qfi1,0.4897959183673469,49,100.0,data,0.0,data,ok,0.0,ue2_qfi1,25.25,all_flows,ue2_qfi1,25.25,ok,30.0,ue4_qfi2,1,82.0,82.0,all_flows,30.0,ue4_qfi2,1,82.0,82.0,30.303,33.0,30.303,ok,33.0,,all_flows,,pending,,all_flows,,pending,100.0,"[8, 9]",ue4_qfi1,0,0,0,124.75,99.74999999999979,data,ok,2.0,,all_flows,,pending,1,33,5.0,1.0,all_flows,0,24,0.0,1.0,,ok,ue8_qfi9,True,PF,377217572
ue5_qfi9,255.0,299.5,300.0,300.0,all_flows,ue5_qfi1,4.25,14.75,22.0,22.0,ok,0.519224322047109,all_flows,0.2440634978453693,ok,100.0,ue2_qfi1,0,0,0,120.00000000000011,100.00000000000009,all_flows,100.0,ue2_qfi1,0,0,0,120.00000000000011,100.00000000000009,data,2.0,data,ok,2.0,False,,all_flows,False,,3,0,proxy,3,0,ue7_qfi2,0.0,147,150.0,all_flows,ue7_qfi2,0.0,147,150.0,ok,ue2_qfi2,19.533,all_flows,ue2_qfi2,19.533,ok,6,all_flows,6,8,ok,8,ue7_qfi2,0.0,all_flows,ue7_qfi2,0.0,ok,0.7851627320300224,all_flows,0.8332755472471772,5,0.833243092324176,proxy,5,0.7844459410292284,67021827.2,ok,0.004111363636363636,ok,0.9340636363636363,0.0897390625,ok,ue5_qfi1,0.42857142857142855,49,100.0,all_flows,ue5_qfi1,0.42857142857142855,49,100.0,data,0.0,data,ok,0.0,ue1_qfi9,123.75,all_flows,ue5_qfi1,17.75,ok,30.4,ue1_qfi2,0,0.0,0.0,all_flows,30.4,ue1_qfi2,0,0.0,0.0,30.303,33.0,30.303,ok,33.0,,all_flows,,pending,,all_flows,,pending,100.0,"[8, 9]",ue2_qfi1,0,0,0,120.00000000000011,100.00000000000009,data,ok,2.0,,all_flows,,pending,7,33,5.0,1.0,all_flows,4,24,4.98325,1.0,ue7_qfi2,ok,ue7_qfi9,True,Reservation,377217572
ue5_qfi9,24.0,46.5,52.25,56.0,all_flows,ue4_qfi2,6.182,19.5,25.813,30.925,ok,0.5764185538576099,all_flows,0.36669003678540796,ok,100.0,ue3_qfi1,0,0,0,115.7499999999998,100.00000000000009,all_flows,100.0,ue3_qfi1,0,0,0,115.7499999999998,100.00000000000009,data,2.0,data,ok,2.0,False,,all_flows,False,,3,0,proxy,3,0,ue6_qfi2,0.0,147,150.0,all_flows,ue6_qfi2,0.0,147,150.0,ok,ue4_qfi2,23.427,all_flows,ue4_qfi2,23.427,ok,5,all_flows,5,8,ok,8,ue6_qfi2,0.0,all_flows,ue6_qfi2,0.0,ok,0.6969071891228695,all_flows,0.7499599548833905,5,0.7499439031727739,proxy,5,0.6968624273677612,59484868.8,ok,0.005247727272727273,ok,0.9335840909090909,0.036590625,ok,ue2_qfi1,0.46938775510204084,49,100.0,all_flows,ue2_qfi1,0.46938775510204084,49,100.0,data,0.0,data,ok,0.0,ue1_qfi9,34.0,all_flows,ue4_qfi2,24.743000000000002,ok,30.4,ue1_qfi2,0,0.0,0.0,all_flows,30.4,ue1_qfi2,0,0.0,0.0,30.303,33.0,30.303,ok,33.0,,all_flows,,pending,,all_flows,,pending,100.0,"[8, 9]",ue3_qfi1,0,0,0,115.7499999999998,100.00000000000009,data,ok,2.0,,all_flows,,pending,10,33,5.0,1.0,all_flows,6,24,4.98325,1.0,ue6_qfi2,ok,ue6_qfi9,True,TwoTier,377217572
ue8_qfi8,300.0,300.25,300.25,300.25,all_flows,ue6_qfi1,4.25,18.0,33.25,33.25,ok,0.5247389708277362,all_flows,0.0,ok,100.0,ue6_qfi1,0,0,0,132.49999999999983,99.75,all_flows,100.0,ue6_qfi1,0,0,0,132.49999999999983,99.75,data,2.0,data,ok,2.0,False,,all_flows,False,,3,0,proxy,3,0,ue1_qfi2,1.0,152,150.0,all_flows,ue1_qfi2,1.0,152,150.0,ok,ue1_qfi2,26.152,all_flows,ue1_qfi2,26.152,ok,8,all_flows,8,8,ok,8,ue6_qfi2,0.9640584,all_flows,ue6_qfi2,0.9640584,ok,0.910833404833187,all_flows,0.9999366372001853,5,0.9999018117612346,proxy,5,0.9007574131826219,69002929.6,ok,0.005334090909090909,ok,0.9336056818181818,0.03470625,ok,ue2_qfi1,0.4897959183673469,49,100.0,all_flows,ue2_qfi1,0.4897959183673469,49,100.0,data,0.0,data,ok,0.0,ue6_qfi1,29.0,all_flows,ue6_qfi1,29.0,ok,30.4,ue1_qfi2,0,0.0,0.0,all_flows,30.4,ue1_qfi2,0,0.0,0.0,30.303,33.0,30.303,ok,33.0,,all_flows,,pending,,all_flows,,pending,100.0,"[8, 9]",ue6_qfi1,0,0,0,132.49999999999983,99.75,data,ok,2.0,,all_flows,,pending,1,33,5.0,1.0,all_flows,0,24,0.0,1.0,,ok,ue8_qfi9,True,PF,191741830
ue3_qfi9,58.5,298.5,299.5,300.0,all_flows,ue6_qfi1,4.5,13.25,24.25,24.25,ok,0.513068386722581,all_flows,0.24326932875792254,ok,100.0,ue3_qfi1,0,0,0,120.50000000000027,99.75000000000023,all_flows,100.0,ue3_qfi1,0,0,0,120.50000000000027,99.75000000000023,data,2.0,data,ok,2.0,False,,all_flows,False,,3,0,proxy,3,0,ue7_qfi2,0.0,147,150.0,all_flows,ue7_qfi2,0.0,147,150.0,ok,ue6_qfi2,18.817,all_flows,ue6_qfi2,18.817,ok,6,all_flows,6,8,ok,8,ue7_qfi2,0.0,all_flows,ue7_qfi2,0.0,ok,0.7854688105457802,all_flows,0.833266714218906,5,0.8332384934934717,proxy,5,0.7831298490493087,67717548.8,ok,0.003995454545454545,ok,0.9316636363636364,0.0857296875,ok,ue2_qfi1,0.42857142857142855,49,100.0,all_flows,ue2_qfi1,0.42857142857142855,49,100.0,data,0.0,data,ok,0.0,ue2_qfi9,245.5,all_flows,ue6_qfi1,19.75,ok,30.4,ue1_qfi2,0,0.0,0.0,all_flows,30.4,ue1_qfi2,0,0.0,0.0,30.303,33.0,30.303,ok,33.0,,all_flows,,pending,,all_flows,,pending,100.0,"[8, 9]",ue3_qfi1,0,0,0,120.50000000000027,99.75000000000023,data,ok,2.0,,all_flows,,pending,7,33,5.0,1.0,all_flows,4,24,4.98325,1.0,ue7_qfi2,ok,ue7_qfi9,True,Reservation,191741830
ue3_qfi9,16.25,41.75,51.5,58.75,all_flows,ue3_qfi2,6.0,18.518,24.373,28.904,ok,0.5758577187479965,all_flows,0.3652711331510822,ok,100.0,ue1_qfi1,0,0,0,111.25000000000007,100.00000000000009,all_flows,100.0,ue1_qfi1,0,0,0,111.25000000000007,100.00000000000009,data,2.0,data,ok,2.0,False,,all_flows,False,,3,0,proxy,3,0,ue6_qfi2,0.0,148,150.0,all_flows,ue6_qfi2,0.0,148,150.0,ok,ue1_qfi2,22.818,all_flows,ue1_qfi2,22.818,ok,5,all_flows,5,8,ok,8,ue6_qfi2,0.0,all_flows,ue6_qfi2,0.0,ok,0.6969138710633026,all_flows,0.7499682131768708,5,0.7499578543294313,proxy,5,0.6969008604047777,59625337.6,ok,0.004940909090909091,ok,0.9339965909090909,0.0344859375,ok,ue2_qfi1,0.46938775510204084,49,100.0,all_flows,ue2_qfi1,0.46938775510204084,49,100.0,data,0.0,data,ok,0.0,ue3_qfi9,42.5,all_flows,ue3_qfi2,22.904,ok,30.4,ue1_qfi2,0,0.0,0.0,all_flows,30.4,ue1_qfi2,0,0.0,0.0,30.303,33.0,30.303,ok,33.0,,all_flows,,pending,,all_flows,,pending,100.0,"[8, 9]",ue1_qfi1,0,0,0,111.25000000000007,100.00000000000009,data,ok,2.0,,all_flows,,pending,10,33,5.0,1.0,all_flows,6,24,4.98325,1.0,ue6_qfi2,ok,ue6_qfi9,True,TwoTier,191741830
ue8_qfi8,300.0,300.25,300.25,300.25,all_flows,ue3_qfi1,4.25,14.5,27.0,27.0,ok,0.5368611418152993,all_flows,0.0,ok,100.0,ue3_qfi1,0,0,0,125.5,99.74999999999935,all_flows,100.0,ue3_qfi1,0,0,0,125.5,99.74999999999935,data,2.0,data,ok,2.0,False,,all_flows,False,,3,0,proxy,3,0,ue2_qfi2,0.993421052631579,152,150.0,all_flows,ue2_qfi2,0.993421052631579,152,150.0,ok,ue5_qfi2,26.17,all_flows,ue5_qfi2,26.17,ok,8,all_flows,8,8,ok,8,ue8_qfi2,0.9586916,all_flows,ue8_qfi2,0.9586916,ok,0.9058367192131582,all_flows,0.9999552938070702,5,0.9999086324820856,proxy,5,0.9015756695414616,67232726.4,ok,0.004927272727272727,ok,0.9329488636363636,0.0381046875,ok,ue7_qfi1,0.46938775510204084,49,100.0,all_flows,ue7_qfi1,0.46938775510204084,49,100.0,data,0.0,data,ok,0.0,ue3_qfi1,22.75,all_flows,ue3_qfi1,22.75,ok,30.4,ue1_qfi2,0,0.0,0.0,all_flows,30.4,ue1_qfi2,0,0.0,0.0,30.303,33.0,30.303,ok,33.0,,all_flows,,pending,,all_flows,,pending,100.0,"[8, 9]",ue3_qfi1,0,0,0,125.5,99.74999999999935,data,ok,2.0,,all_flows,,pending,1,33,5.0,1.0,all_flows,0,24,0.0,1.0,,ok,ue8_qfi9,True,PF,1853662620
ue8_qfi8,300.25,300.25,300.25,300.25,all_flows,ue6_qfi1,5.75,19.25,27.0,27.0,ok,0.5561054818667229,all_flows,0.0,ok,,ue8_qfi8,0,0,0,161.00000000000003,2.5000000000000577,all_flows,100.0,ue1_qfi1,0,0,0,122.75000000000036,99.75,data,2.0,data,ok,2.0,False,,all_flows,False,,3,0,proxy,3,0,ue5_qfi2,0.993421052631579,152,150.0,all_flows,ue5_qfi2,0.993421052631579,152,150.0,ok,ue2_qfi2,23.852,all_flows,ue2_qfi2,23.852,ok,8,all_flows,8,8,ok,8,ue8_qfi2,0.958798,all_flows,ue8_qfi2,0.958798,ok,0.9030096077163032,all_flows,0.9999143683395839,5,0.9998753737831412,proxy,5,0.8993599770231455,66171884.8,ok,0.004159090909090909,ok,0.9317090909090909,0.119584375,ok,ue3_qfi1,0.4489795918367347,49,100.0,all_flows,ue3_qfi1,0.4489795918367347,49,100.0,data,0.0,data,ok,0.0,ue6_qfi1,21.25,all_flows,ue6_qfi1,21.25,ok,30.4,ue1_qfi2,0,0.0,0.0,all_flows,30.4,ue1_qfi2,0,0.0,0.0,30.303,33.0,30.303,ok,33.0,,all_flows,,pending,,all_flows,,pending,100.0,"[8, 9]",ue1_qfi1,0,0,0,122.75000000000036,99.75,data,ok,2.0,,all_flows,,pending,1,33,5.0,1.0,all_flows,0,24,0.0,1.0,,ok,ue8_qfi9,True,Reservation,1853662620
ue8_qfi8,300.0,300.25,300.25,300.25,all_flows,ue8_qfi2,10.833,87.298,115.003,143.304,ok,0.5607215380666242,all_flows,0.249027247069588,ok,100.0,ue5_qfi1,0,0,0,161.7499999999996,99.75000000000023,all_flows,100.0,ue5_qfi1,0,0,0,161.7499999999996,99.75000000000023,data,2.0,data,ok,2.0,False,,all_flows,False,,3,0,proxy,3,0,ue7_qfi2,0.3223684210526316,152,150.0,all_flows,ue7_qfi2,0.3223684210526316,152,150.0,ok,ue7_qfi2,94.983,all_flows,ue7_qfi2,94.983,ok,5,all_flows,5,8,ok,8,ue8_qfi2,0.3099172,all_flows,ue8_qfi2,0.3099172,ok,0.7711426080013439,all_flows,0.8412738794646403,5,0.749991397303205,proxy,5,0.6969106620146651,61669761.6,ok,0.004695454545454545,ok,0.9323920454545455,0.0376140625,ok,ue6_qfi1,0.4666666666666667,15,100.0,all_flows,ue6_qfi1,0.4666666666666667,15,100.0,data,0.0,data,ok,0.0,ue2_qfi9,283.0,all_flows,ue8_qfi2,132.471,ok,30.4,ue4_qfi2,3,98.0,259.0,all_flows,30.4,ue4_qfi2,3,98.0,259.0,30.303,33.0,30.303,ok,33.0,,all_flows,,pending,,all_flows,,pending,100.0,"[8, 9]",ue5_qfi1,0,0,0,161.7499999999996,99.75000000000023,data,ok,2.0,,all_flows,,pending,10,33,5.0,1.0,all_flows,6,24,3.6135,1.0,ue7_qfi1,ok,ue8_qfi9,True,TwoTier,1853662620
ue8_qfi8,300.0,300.25,300.25,300.25,all_flows,ue1_qfi2,9.296,20.486,23.25,29.242,ok,0.5339596724217278,all_flows,0.0,ok,100.0,ue1_qfi1,0,0,0,124.74999999999969,99.75,all_flows,100.0,ue1_qfi1,0,0,0,124.74999999999969,99.75,data,2.0,data,ok,2.0,False,,all_flows,False,,3,0,proxy,3,0,ue2_qfi2,0.993421052631579,152,150.0,all_flows,ue2_qfi2,0.993421052631579,152,150.0,ok,ue1_qfi2,27.436,all_flows,ue1_qfi2,27.436,ok,8,all_flows,8,8,ok,8,ue3_qfi2,0.9553096,all_flows,ue3_qfi2,0.9553096,ok,0.9064755268342075,all_flows,0.9999336718866847,5,0.999835149576073,proxy,5,0.9005043537306551,67811892.8,ok,0.004856818181818182,ok,0.9329511363636364,0.036740625,ok,ue8_qfi1,0.4489795918367347,49,100.0,all_flows,ue8_qfi1,0.4489795918367347,49,100.0,data,0.0,data,ok,0.0,ue3_qfi1,22.0,all_flows,ue3_qfi1,22.0,ok,30.4,ue1_qfi2,0,0.0,0.0,all_flows,30.4,ue1_qfi2,0,0.0,0.0,30.303,33.0,30.303,ok,33.0,,all_flows,,pending,,all_flows,,pending,100.0,"[8, 9]",ue1_qfi1,0,0,0,124.74999999999969,99.75,data,ok,2.0,,all_flows,,pending,1,33,5.0,1.0,all_flows,0,24,0.0,1.0,,ok,ue8_qfi9,True,PF,47463574
ue3_qfi9,292.5,299.5,300.0,300.0,all_flows,ue5_qfi1,3.5,13.25,22.0,22.0,ok,0.5239497038436098,all_flows,0.24405358120855933,ok,100.0,ue5_qfi1,0,0,0,121.75000000000003,100.00000000000009,all_flows,100.0,ue5_qfi1,0,0,0,121.75000000000003,100.00000000000009,data,2.0,data,ok,2.0,False,,all_flows,False,,3,0,proxy,3,0,ue7_qfi2,0.0,147,150.0,all_flows,ue7_qfi2,0.0,147,150.0,ok,ue1_qfi2,19.051,all_flows,ue1_qfi2,19.051,ok,6,all_flows,6,8,ok,8,ue7_qfi2,0.0,all_flows,ue7_qfi2,0.0,ok,0.7844413756752214,all_flows,0.8332877647177828,5,0.833272102819803,proxy,5,0.7817616269880111,66270990.4,ok,0.004136363636363636,ok,0.9318318181818182,0.0929796875,ok,ue1_qfi1,0.4489795918367347,49,100.0,all_flows,ue1_qfi1,0.4489795918367347,49,100.0,data,0.0,data,ok,0.0,ue5_qfi9,216.75,all_flows,ue5_qfi1,18.5,ok,30.2,ue1_qfi2,1,67.25,67.25,all_flows,30.2,ue1_qfi2,1,67.25,67.25,30.303,33.0,30.303,ok,33.0,,all_flows,,pending,,all_flows,,pending,100.0,"[8, 9]",ue5_qfi1,0,0,0,121.75000000000003,100.00000000000009,data,ok,2.0,,all_flows,,pending,7,33,5.0,1.0,all_flows,4,24,4.98325,1.0,ue7_qfi2,ok,ue7_qfi9,True,Reservation,47463574
ue5_qfi9,17.5,57.25,66.0,70.5,all_flows,ue3_qfi2,6.488,18.929,22.5,28.792,ok,0.5767761858473309,all_flows,0.3670938118026881,ok,100.0,ue1_qfi1,0,0,0,114.24999999999974,99.99999999999964,all_flows,100.0,ue1_qfi1,0,0,0,114.24999999999974,99.99999999999964,data,2.0,data,ok,2.0,False,,all_flows,False,,3,0,proxy,3,0,ue6_qfi2,0.0,147,150.0,all_flows,ue6_qfi2,0.0,147,150.0,ok,ue4_qfi2,26.533,all_flows,ue4_qfi2,26.533,ok,5,all_flows,5,8,ok,8,ue6_qfi2,0.0,all_flows,ue6_qfi2,0.0,ok,0.6968838684750026,all_flows,0.7499647548066767,5,0.7499535483068988,proxy,5,0.6968156542699002,59437824.0,ok,0.005327272727272727,ok,0.9318284090909091,0.037896875,ok,ue3_qfi1,0.46938775510204084,49,100.0,all_flows,ue3_qfi1,0.46938775510204084,49,100.0,data,0.0,data,ok,0.0,ue5_qfi9,53.0,all_flows,ue4_qfi2,22.774,ok,30.2,ue5_qfi2,1,77.5,77.5,all_flows,30.2,ue5_qfi2,1,77.5,77.5,30.303,33.0,30.303,ok,33.0,,all_flows,,pending,,all_flows,,pending,100.0,"[8, 9]",ue1_qfi1,0,0,0,114.24999999999974,99.99999999999964,data,ok,2.0,,all_flows,,pending,10,33,5.0,1.0,all_flows,6,24,4.98325,1.0,ue6_qfi2,ok,ue6_qfi9,True,TwoTier,47463574
ue8_qfi8,300.0,300.25,300.25,300.25,all_flows,ue8_qfi1,7.75,28.5,71.0,71.0,ok,0.5334590198647426,all_flows,0.0,ok,100.0,ue8_qfi1,0,0,0,167.99999999999991,99.25000000000006,all_flows,100.0,ue8_qfi1,0,0,0,167.99999999999991,99.25000000000006,data,2.0,data,ok,2.0,False,,all_flows,False,,3,0,proxy,3,0,ue1_qfi2,1.0,152,150.0,all_flows,ue1_qfi2,1.0,152,150.0,ok,ue8_qfi2,27.402,all_flows,ue8_qfi2,27.402,ok,8,all_flows,8,8,ok,8,ue3_qfi2,0.9657864,all_flows,ue3_qfi2,0.9657864,ok,0.9075352583321699,all_flows,0.9999284172235567,5,0.9998997664121605,proxy,5,0.8993642534535305,67734656.0,ok,0.005422727272727273,ok,0.9324215909090909,0.0374203125,ok,ue3_qfi1,0.4897959183673469,49,100.0,all_flows,ue3_qfi1,0.4897959183673469,49,100.0,data,0.0,data,ok,0.0,ue8_qfi1,63.25,all_flows,ue8_qfi1,63.25,ok,30.4,ue1_qfi2,0,0.0,0.0,all_flows,30.4,ue1_qfi2,0,0.0,0.0,30.303,33.0,30.303,ok,33.0,,all_flows,,pending,,all_flows,,pending,100.0,"[8, 9]",ue8_qfi1,0,0,0,167.99999999999991,99.25000000000006,data,ok,2.0,,all_flows,,pending,1,33,5.0,1.0,all_flows,0,24,0.0,1.0,,ok,ue8_qfi9,True,PF,1162779115
ue7_qfi9,294.25,299.75,300.0,300.25,all_flows,ue7_qfi1,6.5,15.75,25.5,25.5,ok,0.5239020562572657,all_flows,0.1201119581145943,ok,100.0,ue6_qfi1,0,0,0,119.49999999999994,100.24999999999994,all_flows,100.0,ue6_qfi1,0,0,0,119.49999999999994,100.24999999999994,data,2.0,data,ok,2.0,False,,all_flows,False,,3,0,proxy,3,0,ue8_qfi2,0.0,147,150.0,all_flows,ue8_qfi2,0.0,147,150.0,ok,ue5_qfi2,22.174,all_flows,ue5_qfi2,22.174,ok,7,all_flows,7,8,ok,8,ue8_qfi2,0.0,all_flows,ue8_qfi2,0.0,ok,0.861509875033704,all_flows,0.9165550517371231,5,0.9164342849625037,proxy,5,0.8549011946296489,67169073.6,ok,0.004325,ok,0.9320784090909091,0.0963484375,ok,ue3_qfi1,0.46938775510204084,49,100.0,all_flows,ue3_qfi1,0.46938775510204084,49,100.0,data,0.0,data,ok,0.0,ue7_qfi1,19.0,all_flows,ue7_qfi1,19.0,ok,30.4,ue1_qfi2,0,0.0,0.0,all_flows,30.4,ue1_qfi2,0,0.0,0.0,30.303,33.0,30.303,ok,33.0,,all_flows,,pending,,all_flows,,pending,100.0,"[8, 9]",ue6_qfi1,0,0,0,119.49999999999994,100.24999999999994,data,ok,2.0,,all_flows,,pending,4,33,5.0,1.0,all_flows,2,24,4.98325,1.0,ue8_qfi2,ok,ue8_qfi8,True,Reservation,1162779115
ue8_qfi8,300.0,300.25,300.25,300.25,all_flows,ue6_qfi2,9.69,66.14,114.824,131.793,ok,0.554447741225348,all_flows,0.1758579430953979,ok,100.0,ue8_qfi1,0,0,0,165.24999999999946,101.25000000000028,all_flows,100.0,ue8_qfi1,0,0,0,165.24999999999946,101.25000000000028,data,2.0,data,ok,2.0,False,,all_flows,False,,3,0,proxy,3,0,ue6_qfi2,0.5263157894736842,152,150.0,all_flows,ue6_qfi2,0.5263157894736842,152,150.0,ok,ue6_qfi2,79.64,all_flows,ue6_qfi2,79.64,ok,5,all_flows,5,8,ok,8,ue8_qfi2,0.501312,all_flows,ue8_qfi2,0.501312,ok,0.8121856152324511,all_flows,0.8914046694452281,5,0.7499747832665221,proxy,5,0.6969011226278642,63453739.2,ok,0.004888636363636363,ok,0.9335875,0.03671875,ok,ue8_qfi1,0.43478260869565216,23,100.0,all_flows,ue8_qfi1,0.43478260869565216,23,100.0,data,0.0,data,ok,0.0,ue2_qfi9,278.75,all_flows,ue6_qfi2,122.10300000000001,ok,16.4,ue7_qfi2,1,85.0,85.0,all_flows,16.4,ue7_qfi2,1,85.0,85.0,30.303,33.0,30.303,ok,33.0,,all_flows,,pending,,all_flows,,pending,100.0,"[8, 9]",ue8_qfi1,0,0,0,165.24999999999946,101.25000000000028,data,ok,2.0,,all_flows,,pending,10,33,5.0,1.0,all_flows,6,24,2.60425,1.0,ue8_qfi1,ok,ue8_qfi9,True,TwoTier,1162779115
ue8_qfi8,300.0,300.25,300.25,300.25,all_flows,ue8_qfi1,4.75,18.0,29.25,29.25,ok,0.5378337642806449,all_flows,0.0,ok,100.0,ue8_qfi1,0,0,0,127.25000000000009,99.99999999999964,all_flows,100.0,ue8_qfi1,0,0,0,127.25000000000009,99.99999999999964,data,2.0,data,ok,2.0,False,,all_flows,False,,3,0,proxy,3,0,ue1_qfi2,0.993421052631579,152,150.0,all_flows,ue1_qfi2,0.993421052631579,152,150.0,ok,ue6_qfi2,24.214,all_flows,ue6_qfi2,24.214,ok,8,all_flows,8,8,ok,8,ue5_qfi2,0.9646236,all_flows,ue5_qfi2,0.9646236,ok,0.9050854381595433,all_flows,0.9999466787592128,5,0.9999297506452809,proxy,5,0.8986469845641545,67061934.4,ok,0.005329545454545455,ok,0.9333670454545454,0.03733125,ok,ue6_qfi1,0.46938775510204084,49,100.0,all_flows,ue6_qfi1,0.46938775510204084,49,100.0,data,0.0,data,ok,0.0,ue8_qfi1,24.5,all_flows,ue8_qfi1,24.5,ok,30.2,ue1_qfi2,1,67.5,67.5,all_flows,30.2,ue1_qfi2,1,67.5,67.5,30.303,33.0,30.303,ok,33.0,,all_flows,,pending,,all_flows,,pending,100.0,"[8, 9]",ue8_qfi1,0,0,0,127.25000000000009,99.99999999999964,data,ok,2.0,,all_flows,,pending,1,33,5.0,1.0,all_flows,0,24,0.0,1.0,,ok,ue8_qfi9,True,PF,172656923
ue7_qfi9,294.25,299.75,300.0,300.25,all_flows,ue7_qfi1,4.5,19.25,53.75,53.75,ok,0.5289688191730646,all_flows,0.12117956755898054,ok,100.0,ue6_qfi1,0,0,0,120.24999999999997,100.00000000000009,all_flows,100.0,ue6_qfi1,0,0,0,120.24999999999997,100.00000000000009,data,2.0,data,ok,2.0,False,,all_flows,False,,3,0,proxy,3,0,ue8_qfi2,0.0,147,150.0,all_flows,ue8_qfi2,0.0,147,150.0,ok,ue7_qfi2,21.367,all_flows,ue7_qfi2,21.367,ok,7,all_flows,7,8,ok,8,ue8_qfi2,0.0,all_flows,ue8_qfi2,0.0,ok,0.8594446047109615,all_flows,0.9165988152111867,5,0.9165558663519255,proxy,5,0.8537065326345796,66534969.6,ok,0.004206818181818182,ok,0.9327443181818181,0.09629375,ok,ue1_qfi1,0.4489795918367347,49,100.0,all_flows,ue1_qfi1,0.4489795918367347,49,100.0,data,0.0,data,ok,0.0,ue7_qfi1,49.25,all_flows,ue7_qfi1,49.25,ok,30.2,ue1_qfi2,0,0.0,0.0,all_flows,30.2,ue1_qfi2,0,0.0,0.0,30.303,33.0,30.303,ok,33.0,,all_flows,,pending,,all_flows,,pending,100.0,"[8, 9]",ue6_qfi1,0,0,0,120.24999999999997,100.00000000000009,data,ok,2.0,,all_flows,,pending,4,33,5.0,1.0,all_flows,2,24,4.98325,1.0,ue8_qfi2,ok,ue8_qfi8,True,Reservation,172656923
ue3_qfi9,19.0,50.75,58.75,63.0,all_flows,ue4_qfi2,6.108,19.621,21.996,28.46,ok,0.5771465667260968,all_flows,0.36862429097474086,ok,100.0,ue5_qfi1,0,0,0,114.24999999999974,99.74999999999997,all_flows,100.0,ue5_qfi1,0,0,0,114.24999999999974,99.74999999999997,data,2.0,data,ok,2.0,False,,all_flows,False,,3,0,proxy,3,0,ue6_qfi2,0.0,147,150.0,all_flows,ue6_qfi2,0.0,147,150.0,ok,ue3_qfi2,24.076,all_flows,ue3_qfi2,24.076,ok,5,all_flows,5,8,ok,8,ue6_qfi2,0.0,all_flows,ue6_qfi2,0.0,ok,0.6968816596993075,all_flows,0.749958213671533,5,0.7499381331415342,proxy,5,0.6968211699775824,59355816.0,ok,0.005236363636363636,ok,0.9323988636363636,0.0380828125,ok,ue2_qfi1,0.40816326530612246,49,100.0,all_flows,ue2_qfi1,0.40816326530612246,49,100.0,data,0.0,data,ok,0.0,ue4_qfi9,45.75,all_flows,ue4_qfi2,22.352,ok,30.4,ue1_qfi2,0,0.0,0.0,all_flows,30.4,ue1_qfi2,0,0.0,0.0,30.303,33.0,30.303,ok,33.0,,all_flows,,pending,,all_flows,,pending,100.0,"[8, 9]",ue5_qfi1,0,0,0,114.24999999999974,99.74999999999997,data,ok,2.0,,all_flows,,pending,10,33,5.0,1.0,all_flows,6,24,4.98325,1.0,ue6_qfi2,ok,ue6_qfi9,True,TwoTier,172656923
ue8_qfi8,300.0,300.25,300.25,300.25,all_flows,ue3_qfi1,7.75,26.0,38.25,38.25,ok,0.5269565673230049,all_flows,0.0,ok,100.0,ue8_qfi1,0,0,0,133.9999999999999,99.75000000000023,all_flows,100.0,ue8_qfi1,0,0,0,133.9999999999999,99.75000000000023,data,2.0,data,ok,2.0,False,,all_flows,False,,3,0,proxy,3,0,ue1_qfi2,1.0,152,150.0,all_flows,ue1_qfi2,1.0,152,150.0,ok,ue8_qfi2,24.761,all_flows,ue8_qfi2,24.761,ok,8,all_flows,8,8,ok,8,ue7_qfi2,0.962518,all_flows,ue7_qfi2,0.962518,ok,0.909431150214316,all_flows,0.9999526470705659,5,0.999908213957146,proxy,5,0.9029175730699942,68701360.0,ok,0.005097727272727273,ok,0.9299818181818181,0.0349953125,ok,ue5_qfi1,0.5102040816326531,49,100.0,all_flows,ue5_qfi1,0.5102040816326531,49,100.0,data,0.0,data,ok,0.0,ue8_qfi1,31.5,all_flows,ue8_qfi1,31.5,ok,30.4,ue1_qfi2,0,0.0,0.0,all_flows,30.4,ue1_qfi2,0,0.0,0.0,30.303,33.0,30.303,ok,33.0,,all_flows,,pending,,all_flows,,pending,100.0,"[8, 9]",ue8_qfi1,0,0,0,133.9999999999999,99.75000000000023,data,ok,2.0,,all_flows,,pending,1,33,5.0,1.0,all_flows,0,24,0.0,1.0,,ok,ue8_qfi9,True,PF,643626383
ue7_qfi9,292.0,299.75,300.0,300.25,all_flows,ue5_qfi2,9.25,19.754,21.344,22.895,ok,0.518648287991591,all_flows,0.11999295584392747,ok,100.0,ue3_qfi1,0,0,0,121.50000000000017,100.00000000000009,all_flows,100.0,ue3_qfi1,0,0,0,121.50000000000017,100.00000000000009,data,2.0,data,ok,2.0,False,,all_flows,False,,3,0,proxy,3,0,ue8_qfi2,0.0,147,150.0,all_flows,ue8_qfi2,0.0,147,150.0,ok,ue5_qfi2,22.473,all_flows,ue5_qfi2,22.473,ok,7,all_flows,7,8,ok,8,ue8_qfi2,0.0,all_flows,ue8_qfi2,0.0,ok,0.8627685034561434,all_flows,0.9166018403622698,5,0.9165757075711918,proxy,5,0.8597011849935854,67790529.6,ok,0.0041477272727272725,ok,0.9309829545454545,0.09080625,ok,ue3_qfi1,0.46938775510204084,49,100.0,all_flows,ue3_qfi1,0.46938775510204084,49,100.0,data,0.0,data,ok,0.0,ue3_qfi1,16.5,all_flows,ue3_qfi1,16.5,ok,30.2,ue2_qfi2,1,68.5,68.5,all_flows,30.2,ue2_qfi2,1,68.5,68.5,30.303,33.0,30.303,ok,33.0,,all_flows,,pending,,all_flows,,pending,100.0,"[8, 9]",ue3_qfi1,0,0,0,121.50000000000017,100.00000000000009,data,ok,2.0,,all_flows,,pending,4,33,5.0,1.0,all_flows,2,24,4.98325,1.0,ue8_qfi2,ok,ue8_qfi8,True,Reservation,643626383
ue3_qfi9,21.25,44.75,52.75,56.0,all_flows,ue3_qfi2,6.545,19.445,22.445,37.924,ok,0.5754946562813357,all_flows,0.3636526285278553,ok,100.0,ue3_qfi1,0,0,0,113.50000000000016,99.49999999999991,all_flows,100.0,ue3_qfi1,0,0,0,113.50000000000016,99.49999999999991,data,2.0,data,ok,2.0,False,,all_flows,False,,3,0,proxy,3,0,ue6_qfi2,0.0,148,150.0,all_flows,ue6_qfi2,0.0,148,150.0,ok,ue5_qfi2,24.133,all_flows,ue5_qfi2,24.133,ok,5,all_flows,5,8,ok,8,ue6_qfi2,0.0,all_flows,ue6_qfi2,0.0,ok,0.6969087190173514,all_flows,0.7499631321878008,5,0.7499373151774371,proxy,5,0.6968703911625788,59636163.2,ok,0.0046409090909090905,ok,0.9293454545454546,0.0355859375,ok,ue4_qfi1,0.4897959183673469,49,100.0,all_flows,ue4_qfi1,0.4897959183673469,49,100.0,data,0.0,data,ok,0.0,ue3_qfi9,34.75,all_flows,ue3_qfi2,31.378999999999998,ok,30.4,ue1_qfi2,0,0.0,0.0,all_flows,30.4,ue1_qfi2,0,0.0,0.0,30.303,33.0,30.303,ok,33.0,,all_flows,,pending,,all_flows,,pending,100.0,"[8, 9]",ue3_qfi1,0,0,0,113.50000000000016,99.49999999999991,data,ok,2.0,,all_flows,,pending,10,33,5.0,1.0,all_flows,6,24,4.98325,1.0,ue6_qfi2,ok,ue6_qfi9,True,TwoTier,643626383
ue8_qfi8,300.0,300.25,300.25,300.25,all_flows,ue3_qfi1,5.0,19.75,52.25,52.25,ok,0.5229926423729047,all_flows,0.0,ok,100.0,ue5_qfi1,0,0,0,143.99999999999991,99.75000000000023,all_flows,100.0,ue5_qfi1,0,0,0,143.99999999999991,99.75000000000023,data,2.0,data,ok,2.0,False,,all_flows,False,,3,0,proxy,3,0,ue4_qfi2,0.993421052631579,152,150.0,all_flows,ue4_qfi2,0.993421052631579,152,150.0,ok,ue6_qfi2,25.901,all_flows,ue6_qfi2,25.901,ok,8,all_flows,8,8,ok,8,ue1_qfi2,0.9635624,all_flows,ue1_qfi2,0.9635624,ok,0.9093799817261294,all_flows,0.9999452198527317,5,0.9999147990562899,proxy,5,0.8979265416266681,69268990.4,ok,0.004643181818181818,ok,0.9332272727272727,0.0359390625,ok,ue8_qfi1,0.4489795918367347,49,100.0,all_flows,ue8_qfi1,0.4489795918367347,49,100.0,data,0.0,data,ok,0.0,ue3_qfi1,47.25,all_flows,ue3_qfi1,47.25,ok,30.4,ue1_qfi2,0,0.0,0.0,all_flows,30.4,ue1_qfi2,0,0.0,0.0,30.303,33.0,30.303,ok,33.0,,all_flows,,pending,,all_flows,,pending,100.0,"[8, 9]",ue5_qfi1,0,0,0,143.99999999999991,99.75000000000023,data,ok,2.0,,all_flows,,pending,1,33,5.0,1.0,all_flows,0,24,0.0,1.0,,ok,ue8_qfi9,True,PF,1033071480
ue8_qfi8,300.25,300.25,300.25,300.25,all_flows,ue7_qfi1,6.0,24.0,37.25,37.25,ok,0.5431733517824121,all_flows,0.0,ok,100.0,ue4_qfi1,0,0,0,123.7499999999998,99.74999999999979,all_flows,100.0,ue4_qfi1,0,0,0,123.7499999999998,99.74999999999979,data,2.0,data,ok,2.0,False,,all_flows,False,,3,0,proxy,3,0,ue5_qfi2,0.993421052631579,152,150.0,all_flows,ue5_qfi2,0.993421052631579,152,150.0,ok,ue6_qfi2,23.642,all_flows,ue6_qfi2,23.642,ok,8,all_flows,8,8,ok,8,ue1_qfi2,0.963714,all_flows,ue1_qfi2,0.963714,ok,0.9073946959864811,all_flows,0.9998925403570915,5,0.9998151326821032,proxy,5,0.8933247579559256,68221214.4,ok,0.004090909090909091,ok,0.9319875,0.11295625,ok,ue1_qfi1,0.46938775510204084,49,100.0,all_flows,ue1_qfi1,0.46938775510204084,49,100.0,data,0.0,data,ok,0.0,ue7_qfi1,31.25,all_flows,ue7_qfi1,31.25,ok,30.4,ue1_qfi2,0,0.0,0.0,all_flows,30.4,ue1_qfi2,0,0.0,0.0,30.303,33.0,30.303,ok,33.0,,all_flows,,pending,,all_flows,,pending,100.0,"[8, 9]",ue4_qfi1,0,0,0,123.7499999999998,99.74999999999979,data,ok,2.0,,all_flows,,pending,1,33,5.0,1.0,all_flows,0,24,0.0,1.0,,ok,ue8_qfi9,True,Reservation,1033071480
ue8_qfi8,300.0,300.25,300.25,300.25,all_flows,ue7_qfi2,10.095,41.738,96.75,119.67,ok,0.5203017960109136,all_flows,0.0001704951164926748,ok,100.0,ue6_qfi1,0,0,1,541.5000000000001,99.87499999999994,all_flows,100.0,ue6_qfi1,0,0,1,541.5000000000001,99.87499999999994,data,2.0,data,ok,2.0,False,,all_flows,False,,3,0,proxy,3,0,ue3_qfi2,0.993421052631579,152,150.0,all_flows,ue3_qfi2,0.993421052631579,152,150.0,ok,ue6_qfi2,70.564,all_flows,ue6_qfi2,70.564,ok,8,all_flows,8,8,ok,8,ue1_qfi2,0.963714,all_flows,ue1_qfi2,0.963714,ok,0.8862174901892279,all_flows,0.9956763644794682,5,0.9841740553017451,proxy,5,0.8556047980851905,69727475.2,ok,0.005434090909090909,ok,0.9336215909090909,0.034765625,ok,ue3_qfi1,0.46938775510204084,49,100.0,all_flows,ue3_qfi1,0.46938775510204084,49,100.0,data,0.0,data,ok,0.0,ue2_qfi9,174.0,all_flows,ue7_qfi2,109.575,ok,30.4,ue2_qfi2,4,105.25,351.25,all_flows,30.4,ue2_qfi2,4,105.25,351.25,30.303,33.0,30.303,ok,33.0,,all_flows,,pending,,all_flows,,pending,100.0,"[8, 9]",ue6_qfi1,0,0,1,541.5000000000001,99.87499999999994,data,ok,2.0,,all_flows,,pending,1,33,5.0,1.0,all_flows,0,24,0.0,1.0,,ok,ue8_qfi9,True,TwoTier,1033071480
ue8_qfi8,300.0,300.25,300.25,300.25,all_flows,ue5_qfi1,3.5,15.25,34.5,34.5,ok,0.5423397587015599,all_flows,0.0,ok,100.0,ue5_qfi1,0,0,0,133.75000000000003,100.00000000000009,all_flows,100.0,ue5_qfi1,0,0,0,133.75000000000003,100.00000000000009,data,2.0,data,ok,2.0,False,,all_flows,False,,3,0,proxy,3,0,ue1_qfi2,1.0,152,150.0,all_flows,ue1_qfi2,1.0,152,150.0,ok,ue6_qfi2,25.823,all_flows,ue6_qfi2,25.823,ok,8,all_flows,8,8,ok,8,ue7_qfi2,0.954452,all_flows,ue7_qfi2,0.954452,ok,0.9033092619033514,all_flows,0.9999490541987461,5,0.999907724700741,proxy,5,0.9009189234028911,66521424.0,ok,0.005068181818181818,ok,0.9300715909090909,0.0378265625,ok,ue6_qfi1,0.4489795918367347,49,100.0,all_flows,ue6_qfi1,0.4489795918367347,49,100.0,data,0.0,data,ok,0.0,ue5_qfi1,31.0,all_flows,ue5_qfi1,31.0,ok,30.4,ue1_qfi2,0,0.0,0.0,all_flows,30.4,ue1_qfi2,0,0.0,0.0,30.303,33.0,30.303,ok,33.0,,all_flows,,pending,,all_flows,,pending,100.0,"[8, 9]",ue5_qfi1,0,0,0,133.75000000000003,100.00000000000009,data,ok,2.0,,all_flows,,pending,1,33,5.0,1.0,all_flows,0,24,0.0,1.0,,ok,ue8_qfi9,True,PF,907713895
ue6_qfi9,259.0,299.75,300.0,300.25,all_flows,ue3_qfi1,4.75,13.25,23.0,23.0,ok,0.5286486102696972,all_flows,0.23993303303800834,ok,100.0,ue2_qfi1,0,0,0,120.24999999999997,99.74999999999979,all_flows,100.0,ue2_qfi1,0,0,0,120.24999999999997,99.74999999999979,data,2.0,data,ok,2.0,False,,all_flows,False,,3,0,proxy,3,0,ue7_qfi2,0.0,147,150.0,all_flows,ue7_qfi2,0.0,147,150.0,ok,ue4_qfi2,19.0,all_flows,ue4_qfi2,19.0,ok,6,all_flows,6,8,ok,8,ue7_qfi2,0.0,all_flows,ue7_qfi2,0.0,ok,0.7835048373067648,all_flows,0.8332736590884016,5,0.8332422998086058,proxy,5,0.7808818224036082,65724412.8,ok,0.004320454545454546,ok,0.931728409090909,0.09510625,ok,ue3_qfi1,0.46938775510204084,49,100.0,all_flows,ue3_qfi1,0.46938775510204084,49,100.0,data,0.0,data,ok,0.0,ue3_qfi9,154.25,all_flows,ue1_qfi1,18.25,ok,30.0,ue2_qfi2,2,73.25,144.0,all_flows,30.0,ue2_qfi2,2,73.25,144.0,30.303,33.0,30.303,ok,33.0,,all_flows,,pending,,all_flows,,pending,100.0,"[8, 9]",ue2_qfi1,0,0,0,120.24999999999997,99.74999999999979,data,ok,2.0,,all_flows,,pending,7,33,5.0,1.0,all_flows,4,24,4.98325,1.0,ue7_qfi2,ok,ue7_qfi9,True,Reservation,907713895
ue5_qfi9,22.0,46.5,51.5,55.0,all_flows,ue2_qfi2,5.636,17.486,20.582,26.127,ok,0.575572864541007,all_flows,0.3623562697010578,ok,100.0,ue1_qfi1,0,0,0,113.2500000000003,99.49999999999991,all_flows,100.0,ue1_qfi1,0,0,0,113.2500000000003,99.49999999999991,data,2.0,data,ok,2.0,False,,all_flows,False,,3,0,proxy,3,0,ue6_qfi2,0.0,147,150.0,all_flows,ue6_qfi2,0.0,147,150.0,ok,ue1_qfi2,21.68,all_flows,ue1_qfi2,21.68,ok,5,all_flows,5,8,ok,8,ue6_qfi2,0.0,all_flows,ue6_qfi2,0.0,ok,0.6968960930976594,all_flows,0.7499652471051843,5,0.7499300345289471,proxy,5,0.6968675276296323,59539825.6,ok,0.005161363636363637,ok,0.9306920454545454,0.03680625,ok,ue4_qfi1,0.42857142857142855,49,100.0,all_flows,ue4_qfi1,0.42857142857142855,49,100.0,data,0.0,data,ok,0.0,ue1_qfi9,38.25,all_flows,ue2_qfi2,20.491,ok,30.4,ue1_qfi2,0,0.0,0.0,all_flows,30.4,ue1_qfi2,0,0.0,0.0,30.303,33.0,30.303,ok,33.0,,all_flows,,pending,,all_flows,,pending,100.0,"[8, 9]",ue1_qfi1,0,0,0,113.2500000000003,99.49999999999991,data,ok,2.0,,all_flows,,pending,10,33,5.0,1.0,all_flows,6,24,4.98325,1.0,ue6_qfi2,ok,ue6_qfi9,True,TwoTier,907713895
