M01.flow,M01.p50,M01.p95,M01.p98,M01.p99,M01.status,M02,M02.status,M03.flow,M03.gap_count_over_t_live,M03.gap_count_over_t_live_over_2,M03.gap_count_over_t_live_over_4,M03.max_gap_ms,M03.role,M03.status,M03.t_live_s,M04.exceeds_threshold,M04.flow,M04.status,M04.threshold_n,M04.worst_consecutive_miss_slots,M05,M05.flow,M05.fraction,M05.frame_count,M05.pdb_ms,M05.status,M06,M06.flow,M06.p95_ms,M06.status,M07,M07.met,M07.status,M07.total,M08,M08.flow,M08.fraction,M08.status,M09.mean,M09.status,M09.windows,M09.worst,M10,M10.status,M11.dl,M11.status,M11.ul,M12,M12.status,M14.flow,M14.fraction,M14.interval_count,M14.pdb_ms,M14.role,M14.status,M14.survival_time_ms,M15.flow,M15.jitter_ms,M15.status,M17,M17.effective_fps,M17.flow,M17.freeze_count,M17.freeze_max_duration_ms,M17.freeze_total_duration_ms,M17.source_fps,M17.status,M17.xr_frame_period_ms,M18,M18.status,M19,M19.status,composition,n_ues,scheduler,seed,video_tier
ue3_qfi9,0.25,2.0,2.75,3.5,ok,0.0,ok,ue1_qfi82,0,0,0,100.99999999999997,data,ok,2.0,False,,proxy,3,0,,,,,,ok,,,,ok,,,ok,,,,,ok,0.9999965810151338,proxy,5,0.9999919240211914,55841.6,ok,0.008745454545454546,ok,0.0028034090909090908,0.0098484375,ok,ue1_qfi82,0.0,49,10.0,data,ok,0.0,ue3_qfi9,3.25,ok,,,,,,,,ok,,,pending,,pending,sensor_dense,4,PF,1826701614,0.5
ue3_qfi9,0.25,2.0,2.5,3.25,ok,0.0,ok,ue3_qfi82,0,0,0,100.99999999999997,data,ok,2.0,False,,proxy,3,0,,,,,,ok,,,,ok,,,ok,,,,,ok,0.9999988104273602,proxy,5,0.9999979120483165,55843.2,ok,0.01035909090909091,ok,0.003003409090909091,0.009834375,ok,ue1_qfi82,0.0,49,10.0,data,ok,0.0,ue3_qfi9,3.0,ok,,,,,,,,ok,,,pending,,pending,sensor_dense,4,Reservation,1826701614,0.5
ue3_qfi9,0.25,2.0,2.25,3.25,ok,0.0,ok,ue1_qfi82,0,0,0,100.99999999999997,data,ok,2.0,False,,proxy,3,0,,,,,,ok,,,,ok,,,ok,,,,,ok,0.9999988104273602,proxy,5,0.9999979120483165,55843.2,ok,0.008734090909090908,ok,0.003003409090909091,0.0098296875,ok,ue1_qfi82,0.0,49,10.0,data,ok,0.0,ue3_qfi9,3.0,ok,,,,,,,,ok,,,pending,,pending,sensor_dense,4,TwoTier,1826701614,0.5
ue4_qfi82,0.0,1.5,1.5,3.0,ok,0.0,ok,ue1_qfi82,0,0,0,100.99999999999997,data,ok,2.0,False,,proxy,3,0,,,,,,ok,,,,ok,,,ok,,,,,ok,0.9999948600198934,proxy,5,0.999989684796503,55864.0,ok,0.008795454545454546,ok,0.0028590909090909092,0.01025625,ok,ue1_qfi82,0.0,49,10.0,data,ok,0.0,ue4_qfi82,3.0,ok,,,,,,,,ok,,,pending,,pending,sensor_dense,4,PF,1367864806,0.5
ue2_qfi9,0.25,2.0,2.25,3.25,ok,0.0,ok,ue3_qfi82,0,0,0,100.99999999999997,data,ok,2.0,False,,proxy,3,0,,,,,,ok,,,,ok,,,ok,,,,,ok,0.9999971220287497,proxy,5,0.9999944724301024,55862.4,ok,0.010488636363636363,ok,0.0031170454545454544,0.0102671875,ok,ue1_qfi82,0.0,49,10.0,data,ok,0.0,ue2_qfi9,3.0,ok,,,,,,,,ok,,,pending,,pending,sensor_dense,4,Reservation,1367864806,0.5
ue2_qfi9,0.25,2.0,2.25,3.25,ok,0.0,ok,ue1_qfi82,0,0,0,100.99999999999997,data,ok,2.0,False,,proxy,3,0,,,,,,ok,,,,ok,,,ok,,,,,ok,0.9999971220287497,proxy,5,0.9999944724301024,55862.4,ok,0.008802272727272728,ok,0.0031170454545454544,0.01026875,ok,ue1_qfi82,0.0,49,10.0,data,ok,0.0,ue2_qfi9,3.0,ok,,,,,,,,ok,,,pending,,pending,sensor_dense,4,TwoTier,1367864806,0.5
ue2_qfi9,0.25,2.0,2.25,3.0,ok,0.0,ok,ue2_qfi82,0,0,0,101.00000000000043,data,ok,2.0,False,,proxy,3,0,,,,,,ok,,,,ok,,,ok,,,,,ok,0.999996732404296,proxy,5,0.9999930609108247,56062.4,ok,0.009065909090909091,ok,0.002934090909090909,0.01185625,ok,ue1_qfi82,0.0,49,10.0,data,ok,0.0,ue2_qfi9,2.75,ok,,,,,,,,ok,,,pending,,pending,sensor_dense,4,PF,1097657231,0.5
ue4_qfi82,0.0,1.5,1.5,3.0,ok,0.0,ok,ue1_qfi82,0,0,0,101.00000000000043,data,ok,2.0,False,,proxy,3,0,,,,,,ok,,,,ok,,,ok,,,,,ok,0.9999969828010224,proxy,5,0.9999930609108247,56064.0,ok,0.010815909090909091,ok,0.0032011363636363635,0.0118640625,ok,ue1_qfi82,0.0,49,10.0,data,ok,0.0,ue4_qfi82,3.0,ok,,,,,,,,ok,,,pending,,pending,sensor_dense,4,Reservation,1097657231,0.5
ue4_qfi82,0.0,1.5,1.5,3.0,ok,0.0,ok,ue3_qfi82,0,0,0,101.00000000000043,data,ok,2.0,False,,proxy,3,0,,,,,,ok,,,,ok,,,ok,,,,,ok,0.9999969828010224,proxy,5,0.9999930609108247,56064.0,ok,0.00909090909090909,ok,0.0031988636363636364,0.0118859375,ok,ue1_qfi82,0.0,49,10.0,data,ok,0.0,ue4_qfi82,3.0,ok,,,,,,,,ok,,,pending,,pending,sensor_dense,4,TwoTier,1097657231,0.5
ue2_qfi9,0.25,2.0,2.25,3.25,ok,0.0,ok,ue1_qfi82,0,0,0,100.99999999999997,data,ok,2.0,False,,proxy,3,0,,,,,,ok,,,,ok,,,ok,,,,,ok,0.9999986917785298,proxy,5,0.9999971252298935,55750.4,ok,0.008690909090909091,ok,0.0029125,0.0106875,ok,ue1_qfi82,0.0,49,10.0,data,ok,0.0,ue1_qfi9,3.0,ok,,,,,,,,ok,,,pending,,pending,sensor_dense,4,PF,579362555,0.5
ue2_qfi9,0.25,2.0,2.25,3.5,ok,0.0,ok,ue2_qfi82,0,0,0,100.99999999999997,data,ok,2.0,False,,proxy,3,0,,,,,,ok,,,,ok,,,ok,,,,,ok,0.9999986917785298,proxy,5,0.9999971252298935,55750.4,ok,0.010259090909090909,ok,0.0032090909090909093,0.010665625,ok,ue1_qfi82,0.0,49,10.0,data,ok,0.0,ue2_qfi9,3.25,ok,,,,,,,,ok,,,pending,,pending,sensor_dense,4,Reservation,579362555,0.5
ue2_qfi9,0.25,2.0,2.25,3.5,ok,0.0,ok,ue3_qfi82,0,0,0,100.99999999999997,data,ok,2.0,False,,proxy,3,0,,,,,,ok,,,,ok,,,ok,,,,,ok,0.9999986917785298,proxy,5,0.9999971252298935,55750.4,ok,0.008677272727272728,ok,0.0032102272727272726,0.0106703125,ok,ue1_qfi82,0.0,49,10.0,data,ok,0.0,ue2_qfi9,3.25,ok,,,,,,,,ok,,,pending,,pending,sensor_dense,4,TwoTier,579362555,0.5
ue4_qfi82,0.0,1.5,1.5,3.0,ok,0.0,ok,ue1_qfi82,0,0,0,101.50000000000014,data,ok,2.0,False,,proxy,3,0,,,,,,ok,,,,ok,,,ok,,,,,ok,0.99999639860307,proxy,5,0.99999292952147,55971.2,ok,0.008906818181818182,ok,0.0027738636363636364,0.009546875,ok,ue1_qfi82,0.0,49,10.0,data,ok,0.0,ue4_qfi82,3.0,ok,,,,,,,,ok,,,pending,,pending,sensor_dense,4,PF,661058651,0.5
ue4_qfi82,0.0,1.5,3.0,3.0,ok,0.0,ok,ue2_qfi82,0,0,0,101.50000000000014,data,ok,2.0,False,,proxy,3,0,,,,,,ok,,,,ok,,,ok,,,,,ok,0.99999639860307,proxy,5,0.99999292952147,55971.2,ok,0.010565909090909091,ok,0.002948863636363636,0.00955,ok,ue1_qfi82,0.0,49,10.0,data,ok,0.0,ue4_qfi82,3.0,ok,,,,,,,,ok,,,pending,,pending,sensor_dense,4,Reservation,661058651,0.5
ue4_qfi82,0.0,1.5,3.0,3.0,ok,0.0,ok,ue1_qfi82,0,0,0,101.50000000000014,data,ok,2.0,False,,proxy,3,0,,,,,,ok,,,,ok,,,ok,,,,,ok,0.99999639860307,proxy,5,0.99999292952147,55971.2,ok,0.008913636363636363,ok,0.002948863636363636,0.0095515625,ok,ue1_qfi82,0.0,49,10.0,data,ok,0.0,ue4_qfi82,3.0,ok,,,,,,,,ok,,,pending,,pending,sensor_dense,4,TwoTier,661058651,0.5
ue2_qfi9,0.25,2.25,3.0,3.5,ok,0.0,ok,ue3_qfi82,0,0,0,100.99999999999997,data,ok,2.0,False,,proxy,3,0,,,,,,ok,,,,ok,,,ok,,,,,ok,0.9999959137644545,proxy,5,0.9999911826353339,55836.8,ok,0.008729545454545455,ok,0.0028352272727272727,0.0102703125,ok,ue1_qfi82,0.0,49,10.0,data,ok,0.0,ue1_qfi9,3.25,ok,,,,,,,,ok,,,pending,,pending,sensor_dense,4,PF,87989972,0.5
ue1_qfi9,0.25,2.0,2.5,3.25,ok,0.0,ok,ue3_qfi82,0,0,0,100.99999999999997,data,ok,2.0,False,,proxy,3,0,,,,,,ok,,,,ok,,,ok,,,,,ok,0.9999940339594149,proxy,5,0.9999801388640187,55836.8,ok,0.010320454545454546,ok,0.0030511363636363635,0.010278125,ok,ue1_qfi82,0.0,49,10.0,data,ok,0.0,ue1_qfi9,3.0,ok,,,,,,,,ok,,,pending,,pending,sensor_dense,4,Reservation,87989972,0.5
ue2_qfi9,0.25,2.0,2.25,3.25,ok,0.0,ok,ue2_qfi82,0,0,0,100.50000000000026,data,ok,2.0,False,,proxy,3,0,,,,,,ok,,,,ok,,,ok,,,,,ok,0.9999937050101915,proxy,5,0.9999801388640187,55835.2,ok,0.008745454545454546,ok,0.00305,0.010278125,ok,ue1_qfi82,0.0,49,10.0,data,ok,0.0,ue1_qfi9,3.0,ok,,,,,,,,ok,,,pending,,pending,sensor_dense,4,TwoTier,87989972,0.5
ue3_qfi9,0.25,2.0,2.25,3.25,ok,0.0,ok,ue1_qfi82,0,0,0,100.99999999999997,data,ok,2.0,False,,proxy,3,0,,,,,,ok,,,,ok,,,ok,,,,,ok,0.9999996996538296,proxy,5,0.9999984982691479,56184.0,ok,0.009181818181818182,ok,0.002873863636363636,0.0107734375,ok,ue1_qfi82,0.0,49,10.0,data,ok,0.0,ue2_qfi9,3.0,ok,,,,,,,,ok,,,pending,,pending,sensor_dense,4,PF,161576974,0.5
ue4_qfi82,0.0,1.5,1.5,3.0,ok,0.0,ok,ue2_qfi82,0,0,0,100.99999999999997,data,ok,2.0,False,,proxy,3,0,,,,,,ok,,,,ok,,,ok,,,,,ok,0.9999993355945899,proxy,5,0.9999981797038016,56185.6,ok,0.010902272727272727,ok,0.0031272727272727272,0.0107796875,ok,ue1_qfi82,0.0,49,10.0,data,ok,0.0,ue4_qfi82,3.0,ok,,,,,,,,ok,,,pending,,pending,sensor_dense,4,Reservation,161576974,0.5
ue4_qfi82,0.0,1.5,1.5,3.0,ok,0.0,ok,ue1_qfi82,0,0,0,100.99999999999997,data,ok,2.0,False,,proxy,3,0,,,,,,ok,,,,ok,,,ok,,,,,ok,0.9999996996538296,proxy,5,0.9999984982691479,56184.0,ok,0.009188636363636364,ok,0.003128409090909091,0.01078125,ok,ue1_qfi82,0.0,49,10.0,data,ok,0.0,ue4_qfi82,3.0,ok,,,,,,,,ok,,,pending,,pending,sensor_dense,4,TwoTier,161576974,0.5
ue1_qfi9,0.5,2.0,2.5,3.25,ok,0.0,ok,ue1_qfi82,0,0,0,100.50000000000026,data,ok,2.0,False,,proxy,3,0,,,,,,ok,,,,ok,,,ok,,,,,ok,0.9999895620897465,proxy,5,0.9999567549005456,55728.0,ok,0.008711363636363637,ok,0.0028295454545454544,0.010790625,ok,ue1_qfi82,0.0,49,10.0,data,ok,0.0,ue4_qfi82,3.0,ok,,,,,,,,ok,,,pending,,pending,sensor_dense,4,PF,35492826,0.5
ue1_qfi9,0.25,2.0,3.0,3.5,ok,0.0,ok,ue1_qfi82,0,0,0,100.50000000000026,data,ok,2.0,False,,proxy,3,0,,,,,,ok,,,,ok,,,ok,,,,,ok,0.9999895620897465,proxy,5,0.9999567549005456,55728.0,ok,0.010347727272727272,ok,0.0030136363636363637,0.0108125,ok,ue1_qfi82,0.0,49,10.0,data,ok,0.0,ue1_qfi9,3.25,ok,,,,,,,,ok,,,pending,,pending,sensor_dense,4,Reservation,35492826,0.5
ue1_qfi9,0.25,2.0,2.5,3.5,ok,0.0,ok,ue3_qfi82,0,0,0,199.99999999999994,data,ok,2.0,False,,proxy,3,0,,,,,,ok,,,,ok,,,ok,,,,,ok,0.9997760954207948,proxy,5,0.9988894215557869,55702.4,ok,0.008729545454545455,ok,0.0030136363636363637,0.0108125,ok,ue1_qfi82,0.0,49,10.0,data,ok,0.0,ue1_qfi9,3.25,ok,,,,,,,,ok,,,pending,,pending,sensor_dense,4,TwoTier,35492826,0.5
ue2_qfi9,0.25,2.0,2.25,3.25,ok,0.0,ok,ue1_qfi82,0,0,0,100.99999999999997,data,ok,2.0,False,,proxy,3,0,,,,,,ok,,,,ok,,,ok,,,,,ok,0.9999893960638999,proxy,5,0.9999794898351126,55830.4,ok,0.008815909090909091,ok,0.002777272727272727,0.0094078125,ok,ue1_qfi82,0.0,49,10.0,data,ok,0.0,ue1_qfi9,3.0,ok,,,,,,,,ok,,,pending,,pending,sensor_dense,4,PF,376383645,0.5
ue3_qfi9,0.25,1.75,2.25,3.0,ok,0.0,ok,ue1_qfi82,0,0,0,100.99999999999997,data,ok,2.0,False,,proxy,3,0,,,,,,ok,,,,ok,,,ok,,,,,ok,0.9999875606825708,proxy,5,0.9999709649588531,55830.4,ok,0.010379545454545454,ok,0.0029852272727272726,0.0093984375,ok,ue1_qfi82,0.0,49,10.0,data,ok,0.0,ue1_qfi9,2.75,ok,,,,,,,,ok,,,pending,,pending,sensor_dense,4,Reservation,376383645,0.5
ue3_qfi9,0.25,1.75,2.25,3.0,ok,0.0,ok,ue2_qfi82,0,0,0,100.99999999999997,data,ok,2.0,False,,proxy,3,0,,,,,,ok,,,,ok,,,ok,,,,,ok,0.9999875606825708,proxy,5,0.9999709649588531,55830.4,ok,0.0088,ok,0.002984090909090909,0.0093953125,ok,ue1_qfi82,0.0,49,10.0,data,ok,0.0,ue1_qfi9,2.75,ok,,,,,,,,ok,,,pending,,pending,sensor_dense,4,TwoTier,376383645,0.5
ue3_qfi9,0.25,2.0,3.0,3.25,ok,0.0,ok,ue2_qfi82,0,0,0,101.4999999999997,data,ok,2.0,False,,proxy,3,0,,,,,,ok,,,,ok,,,ok,,,,,ok,0.9999974141174329,proxy,5,0.9999888797953101,56027.2,ok,0.008977272727272728,ok,0.002885227272727273,0.010546875,ok,ue1_qfi82,0.0,49,10.0,data,ok,0.0,ue1_qfi9,3.0,ok,,,,,,,,ok,,,pending,,pending,sensor_dense,4,PF,1746484539,0.5
ue3_qfi9,0.25,2.0,3.0,3.25,ok,0.0,ok,ue2_qfi82,0,0,0,101.4999999999997,data,ok,2.0,False,,proxy,3,0,,,,,,ok,,,,ok,,,ok,,,,,ok,0.9999984444885737,proxy,5,0.9999940316510139,56027.2,ok,0.010690909090909091,ok,0.0031670454545454545,0.0105734375,ok,ue1_qfi82,0.0,49,10.0,data,ok,0.0,ue3_qfi9,3.0,ok,,,,,,,,ok,,,pending,,pending,sensor_dense,4,Reservation,1746484539,0.5
ue3_qfi9,0.25,2.0,3.0,3.25,ok,0.0,ok,ue2_qfi82,0,0,0,101.4999999999997,data,ok,2.0,False,,proxy,3,0,,,,,,ok,,,,ok,,,ok,,,,,ok,0.9999974141174329,proxy,5,0.9999888797953101,56027.2,ok,0.009006818181818182,ok,0.0031670454545454545,0.010571875,ok,ue1_qfi82,0.0,49,10.0,data,ok,0.0,ue3_qfi9,3.0,ok,,,,,,,,ok,,,pending,,pending,sensor_dense,4,TwoTier,1746484539,0.5
ue3_qfi9,0.25,2.0,2.75,3.5,ok,0.0,ok,ue1_qfi82,0,0,0,100.99999999999997,data,ok,2.0,False,,proxy,3,0,,,,,,ok,,,,ok,,,ok,,,,,ok,0.9999965810151338,proxy,5,0.9999919240211914,55841.6,ok,0.008745454545454546,ok,0.0028034090909090908,0.0098484375,ok,ue1_qfi82,0.0,49,10.0,data,ok,0.0,ue3_qfi9,3.25,ok,,,,,,,,ok,,,pending,,pending,sensor_dense,4,PF,1826701614,1.5
ue3_qfi9,0.25,2.0,2.5,3.25,ok,0.0,ok,ue3_qfi82,0,0,0,100.99999999999997,data,ok,2.0,False,,proxy,3,0,,,,,,ok,,,,ok,,,ok,,,,,ok,0.9999988104273602,proxy,5,0.9999979120483165,55843.2,ok,0.01035909090909091,ok,0.003003409090909091,0.009834375,ok,ue1_qfi82,0.0,49,10.0,data,ok,0.0,ue3_qfi9,3.0,ok,,,,,,,,ok,,,pending,,pending,sensor_dense,4,Reservation,1826701614,1.5
ue3_qfi9,0.25,2.0,2.25,3.25,ok,0.0,ok,ue1_qfi82,0,0,0,100.99999999999997,data,ok,2.0,False,,proxy,3,0,,,,,,ok,,,,ok,,,ok,,,,,ok,0.9999988104273602,proxy,5,0.9999979120483165,55843.2,ok,0.008734090909090908,ok,0.003003409090909091,0.0098296875,ok,ue1_qfi82,0.0,49,10.0,data,ok,0.0,ue3_qfi9,3.0,ok,,,,,,,,ok,,,pending,,pending,sensor_dense,4,TwoTier,1826701614,1.5
ue4_qfi82,0.0,1.5,1.5,3.0,ok,0.0,ok,ue1_qfi82,0,0,0,100.99999999999997,data,ok,2.0,False,,proxy,3,0,,,,,,ok,,,,ok,,,ok,,,,,ok,0.9999948600198934,proxy,5,0.999989684796503,55864.0,ok,0.008795454545454546,ok,0.0028590909090909092,0.01025625,ok,ue1_qfi82,0.0,49,10.0,data,ok,0.0,ue4_qfi82,3.0,ok,,,,,,,,ok,,,pending,,pending,sensor_dense,4,PF,1367864806,1.5
ue2_qfi9,0.25,2.0,2.25,3.25,ok,0.0,ok,ue3_qfi82,0,0,0,100.99999999999997,data,ok,2.0,False,,proxy,3,0,,,,,,ok,,,,ok,,,ok,,,,,ok,0.9999971220287497,proxy,5,0.9999944724301024,55862.4,ok,0.010488636363636363,ok,0.0031170454545454544,0.0102671875,ok,ue1_qfi82,0.0,49,10.0,data,ok,0.0,ue2_qfi9,3.0,ok,,,,,,,,ok,,,pending,,pending,sensor_dense,4,Reservation,1367864806,1.5
ue2_qfi9,0.25,2.0,2.25,3.25,ok,0.0,ok,ue1_qfi82,0,0,0,100.99999999999997,data,ok,2.0,False,,proxy,3,0,,,,,,ok,,,,ok,,,ok,,,,,ok,0.9999971220287497,proxy,5,0.9999944724301024,55862.4,ok,0.008802272727272728,ok,0.0031170454545454544,0.01026875,ok,ue1_qfi82,0.0,49,10.0,data,ok,0.0,ue2_qfi9,3.0,ok,,,,,,,,ok,,,pending,,pending,sensor_dense,4,TwoTier,1367864806,1.5
ue2_qfi9,0.25,2.0,2.25,3.0,ok,0.0,ok,ue2_qfi82,0,0,0,101.00000000000043,data,ok,2.0,False,,proxy,3,0,,,,,,ok,,,,ok,,,ok,,,,,ok,0.999996732404296,proxy,5,0.9999930609108247,56062.4,ok,0.009065909090909091,ok,0.002934090909090909,0.01185625,ok,ue1_qfi82,0.0,49,10.0,data,ok,0.0,ue2_qfi9,2.75,ok,,,,,,,,ok,,,pending,,pending,sensor_dense,4,PF,1097657231,1.5
ue4_qfi82,0.0,1.5,1.5,3.0,ok,0.0,ok,ue1_qfi82,0,0,0,101.00000000000043,data,ok,2.0,False,,proxy,3,0,,,,,,ok,,,,ok,,,ok,,,,,ok,0.9999969828010224,proxy,5,0.9999930609108247,56064.0,ok,0.010815909090909091,ok,0.0032011363636363635,0.0118640625,ok,ue1_qfi82,0.0,49,10.0,data,ok,0.0,ue4_qfi82,3.0,ok,,,,,,,,ok,,,pending,,pending,sensor_dense,4,Reservation,1097657231,1.5
ue4_qfi82,0.0,1.5,1.5,3.0,ok,0.0,ok,ue3_qfi82,0,0,0,101.00000000000043,data,ok,2.0,False,,proxy,3,0,,,,,,ok,,,,ok,,,ok,,,,,ok,0.9999969828010224,proxy,5,0.9999930609108247,56064.0,ok,0.00909090909090909,ok,0.0031988636363636364,0.0118859375,ok,ue1_qfi82,0.0,49,10.0,data,ok,0.0,ue4_qfi82,3.0,ok,,,,,,,,ok,,,pending,,pending,sensor_dense,4,TwoTier,1097657231,1.5
ue2_qfi9,0.25,2.0,2.25,3.25,ok,0.0,ok,ue1_qfi82,0,0,0,100.99999999999997,data,ok,2.0,False,,proxy,3,0,,,,,,ok,,,,ok,,,ok,,,,,ok,0.9999986917785298,proxy,5,0.9999971252298935,55750.4,ok,0.008690909090909091,ok,0.0029125,0.0106875,ok,ue1_qfi82,0.0,49,10.0,data,ok,0.0,ue1_qfi9,3.0,ok,,,,,,,,ok,,,pending,,pending,sensor_dense,4,PF,579362555,1.5
ue2_qfi9,0.25,2.0,2.25,3.5,ok,0.0,ok,ue2_qfi82,0,0,0,100.99999999999997,data,ok,2.0,False,,proxy,3,0,,,,,,ok,,,,ok,,,ok,,,,,ok,0.9999986917785298,proxy,5,0.9999971252298935,55750.4,ok,0.010259090909090909,ok,0.0032090909090909093,0.010665625,ok,ue1_qfi82,0.0,49,10.0,data,ok,0.0,ue2_qfi9,3.25,ok,,,,,,,,ok,,,pending,,pending,sensor_dense,4,Reservation,579362555,1.5
ue2_qfi9,0.25,2.0,2.25,3.5,ok,0.0,ok,ue3_qfi82,0,0,0,100.99999999999997,data,ok,2.0,False,,proxy,3,0,,,,,,ok,,,,ok,,,ok,,,,,ok,0.9999986917785298,proxy,5,0.9999971252298935,55750.4,ok,0.008677272727272728,ok,0.0032102272727272726,0.0106703125,ok,ue1_qfi82,0.0,49,10.0,data,ok,0.0,ue2_qfi9,3.25,ok,,,,,,,,ok,,,pending,,pending,sensor_dense,4,TwoTier,579362555,1.5
ue4_qfi82,0.0,1.5,1.5,3.0,ok,0.0,ok,ue1_qfi82,0,0,0,101.50000000000014,data,ok,2.0,False,,proxy,3,0,,,,,,ok,,,,ok,,,ok,,,,,ok,0.99999639860307,proxy,5,0.99999292952147,55971.2,ok,0.008906818181818182,ok,0.0027738636363636364,0.009546875,ok,ue1_qfi82,0.0,49,10.0,data,ok,0.0,ue4_qfi82,3.0,ok,,,,,,,,ok,,,pending,,pending,sensor_dense,4,PF,661058651,1.5
ue4_qfi82,0.0,1.5,3.0,3.0,ok,0.0,ok,ue2_qfi82,0,0,0,101.50000000000014,data,ok,2.0,False,,proxy,3,0,,,,,,ok,,,,ok,,,ok,,,,,ok,0.99999639860307,proxy,5,0.99999292952147,55971.2,ok,0.010565909090909091,ok,0.002948863636363636,0.00955,ok,ue1_qfi82,0.0,49,10.0,data,ok,0.0,ue4_qfi82,3.0,ok,,,,,,,,ok,,,pending,,pending,sensor_dense,4,Reservation,661058651,1.5
ue4_qfi82,0.0,1.5,3.0,3.0,ok,0.0,ok,ue1_qfi82,0,0,0,101.50000000000014,data,ok,2.0,False,,proxy,3,0,,,,,,ok,,,,ok,,,ok,,,,,ok,0.99999639860307,proxy,5,0.99999292952147,55971.2,ok,0.008913636363636363,ok,0.002948863636363636,0.0095515625,ok,ue1_qfi82,0.0,49,10.0,data,ok,0.0,ue4_qfi82,3.0,ok,,,,,,,,ok,,,pending,,pending,sensor_dense,4,TwoTier,661058651,1.5
ue2_qfi9,0.25,2.25,3.0,3.5,ok,0.0,ok,ue3_qfi82,0,0,0,100.99999999999997,data,ok,2.0,False,,proxy,3,0,,,,,,ok,,,,ok,,,ok,,,,,ok,0.9999959137644545,proxy,5,0.9999911826353339,55836.8,ok,0.008729545454545455,ok,0.0028352272727272727,0.0102703125,ok,ue1_qfi82,0.0,49,10.0,data,ok,0.0,ue1_qfi9,3.25,ok,,,,,,,,ok,,,pending,,pending,sensor_dense,4,PF,87989972,1.5
ue1_qfi9,0.25,2.0,2.5,3.25,ok,0.0,ok,ue3_qfi82,0,0,0,100.99999999999997,data,ok,2.0,False,,proxy,3,0,,,,,,ok,,,,ok,,,ok,,,,,ok,0.9999940339594149,proxy,5,0.9999801388640187,55836.8,ok,0.010320454545454546,ok,0.0030511363636363635,0.010278125,ok,ue1_qfi82,0.0,49,10.0,data,ok,0.0,ue1_qfi9,3.0,ok,,,,,,,,ok,,,pending,,pending,sensor_dense,4,Reservation,87989972,1.5
ue2_qfi9,0.25,2.0,2.25,3.25,ok,0.0,ok,ue2_qfi82,0,0,0,100.50000000000026,data,ok,2.0,False,,proxy,3,0,,,,,,ok,,,,ok,,,ok,,,,,ok,0.9999937050101915,proxy,5,0.9999801388640187,55835.2,ok,0.008745454545454546,ok,0.00305,0.010278125,ok,ue1_qfi82,0.0,49,10.0,data,ok,0.0,ue1_qfi9,3.0,ok,,,,,,,,ok,,,pending,,pending,sensor_dense,4,TwoTier,87989972,1.5
ue3_qfi9,0.25,2.0,2.25,3.25,ok,0.0,ok,ue1_qfi82,0,0,0,100.99999999999997,data,ok,2.0,False,,proxy,3,0,,,,,,ok,,,,ok,,,ok,,,,,ok,0.9999996996538296,proxy,5,0.9999984982691479,56184.0,ok,0.009181818181818182,ok,0.002873863636363636,0.0107734375,ok,ue1_qfi82,0.0,49,10.0,data,ok,0.0,ue2_qfi9,3.0,ok,,,,,,,,ok,,,pending,,pending,sensor_dense,4,PF,161576974,1.5
ue4_qfi82,0.0,1.5,1.5,3.0,ok,0.0,ok,ue2_qfi82,0,0,0,100.99999999999997,data,ok,2.0,False,,proxy,3,0,,,,,,ok,,,,ok,,,ok,,,,,ok,0.9999993355945899,proxy,5,0.9999981797038016,56185.6,ok,0.010902272727272727,ok,0.0031272727272727272,0.0107796875,ok,ue1_qfi82,0.0,49,10.0,data,ok,0.0,ue4_qfi82,3.0,ok,,,,,,,,ok,,,pending,,pending,sensor_dense,4,Reservation,161576974,1.5
ue4_qfi82,0.0,1.5,1.5,3.0,ok,0.0,ok,ue1_qfi82,0,0,0,100.99999999999997,data,ok,2.0,False,,proxy,3,0,,,,,,ok,,,,ok,,,ok,,,,,ok,0.9999996996538296,proxy,5,0.9999984982691479,56184.0,ok,0.009188636363636364,ok,0.003128409090909091,0.01078125,ok,ue1_qfi82,0.0,49,10.0,data,ok,0.0,ue4_qfi82,3.0,ok,,,,,,,,ok,,,pending,,pending,sensor_dense,4,TwoTier,161576974,1.5
ue1_qfi9,0.5,2.0,2.5,3.25,ok,0.0,ok,ue1_qfi82,0,0,0,100.50000000000026,data,ok,2.0,False,,proxy,3,0,,,,,,ok,,,,ok,,,ok,,,,,ok,0.9999895620897465,proxy,5,0.9999567549005456,55728.0,ok,0.008711363636363637,ok,0.0028295454545454544,0.010790625,ok,ue1_qfi82,0.0,49,10.0,data,ok,0.0,ue4_qfi82,3.0,ok,,,,,,,,ok,,,pending,,pending,sensor_dense,4,PF,35492826,1.5
ue1_qfi9,0.25,2.0,3.0,3.5,ok,0.0,ok,ue1_qfi82,0,0,0,100.50000000000026,data,ok,2.0,False,,proxy,3,0,,,,,,ok,,,,ok,,,ok,,,,,ok,0.9999895620897465,proxy,5,0.9999567549005456,55728.0,ok,0.010347727272727272,ok,0.0030136363636363637,0.0108125,ok,ue1_qfi82,0.0,49,10.0,data,ok,0.0,ue1_qfi9,3.25,ok,,,,,,,,ok,,,pending,,pending,sensor_dense,4,Reservation,35492826,1.5
ue1_qfi9,0.25,2.0,2.5,3.5,ok,0.0,ok,ue3_qfi82,0,0,0,199.99999999999994,data,ok,2.0,False,,proxy,3,0,,,,,,ok,,,,ok,,,ok,,,,,ok,0.9997760954207948,proxy,5,0.9988894215557869,55702.4,ok,0.008729545454545455,ok,0.0030136363636363637,0.0108125,ok,ue1_qfi82,0.0,49,10.0,data,ok,0.0,ue1_qfi9,3.25,ok,,,,,,,,ok,,,pending,,pending,sensor_dense,4,TwoTier,35492826,1.5
ue2_qfi9,0.25,2.0,2.25,3.25,ok,0.0,ok,ue1_qfi82,0,0,0,100.99999999999997,data,ok,2.0,False,,proxy,3,0,,,,,,ok,,,,ok,,,ok,,,,,ok,0.9999893960638999,proxy,5,0.9999794898351126,55830.4,ok,0.008815909090909091,ok,0.002777272727272727,0.0094078125,ok,ue1_qfi82,0.0,49,10.0,data,ok,0.0,ue1_qfi9,3.0,ok,,,,,,,,ok,,,pending,,pending,sensor_dense,4,PF,376383645,1.5
ue3_qfi9,0.25,1.75,2.25,3.0,ok,0.0,ok,ue1_qfi82,0,0,0,100.99999999999997,data,ok,2.0,False,,proxy,3,0,,,,,,ok,,,,ok,,,ok,,,,,ok,0.9999875606825708,proxy,5,0.9999709649588531,55830.4,ok,0.010379545454545454,ok,0.0029852272727272726,0.0093984375,ok,ue1_qfi82,0.0,49,10.0,data,ok,0.0,ue1_qfi9,2.75,ok,,,,,,,,ok,,,pending,,pending,sensor_dense,4,Reservation,376383645,1.5
ue3_qfi9,0.25,1.75,2.25,3.0,ok,0.0,ok,ue2_qfi82,0,0,0,100.99999999999997,data,ok,2.0,False,,proxy,3,0,,,,,,ok,,,,ok,,,ok,,,,,ok,0.9999875606825708,proxy,5,0.9999709649588531,55830.4,ok,0.0088,ok,0.002984090909090909,0.0093953125,ok,ue1_qfi82,0.0,49,10.0,data,ok,0.0,ue1_qfi9,2.75,ok,,,,,,,,ok,,,pending,,pending,sensor_dense,4,TwoTier,376383645,1.5
ue3_qfi9,0.25,2.0,3.0,3.25,ok,0.0,ok,ue2_qfi82,0,0,0,101.4999999999997,data,ok,2.0,False,,proxy,3,0,,,,,,ok,,,,ok,,,ok,,,,,ok,0.9999974141174329,proxy,5,0.9999888797953101,56027.2,ok,0.008977272727272728,ok,0.002885227272727273,0.010546875,ok,ue1_qfi82,0.0,49,10.0,data,ok,0.0,ue1_qfi9,3.0,ok,,,,,,,,ok,,,pending,,pending,sensor_dense,4,PF,1746484539,1.5
ue3_qfi9,0.25,2.0,3.0,3.25,ok,0.0,ok,ue2_qfi82,0,0,0,101.4999999999997,data,ok,2.0,False,,proxy,3,0,,,,,,ok,,,,ok,,,ok,,,,,ok,0.9999984444885737,proxy,5,0.9999940316510139,56027.2,ok,0.010690909090909091,ok,0.0031670454545454545,0.0105734375,ok,ue1_qfi82,0.0,49,10.0,data,ok,0.0,ue3_qfi9,3.0,ok,,,,,,,,ok,,,pending,,pending,sensor_dense,4,Reservation,1746484539,1.5
ue3_qfi9,0.25,2.0,3.0,3.25,ok,0.0,ok,ue2_qfi82,0,0,0,101.4999999999997,data,ok,2.0,False,,proxy,3,0,,,,,,ok,,,,ok,,,ok,,,,,ok,0.9999974141174329,proxy,5,0.9999888797953101,56027.2,ok,0.009006818181818182,ok,0.0031670454545454545,0.010571875,ok,ue1_qfi82,0.0,49,10.0,data,ok,0.0,ue3_qfi9,3.0,ok,,,,,,,,ok,,,pending,,pending,sensor_dense,4,TwoTier,1746484539,1.5
ue3_qfi9,0.25,2.0,2.75,3.5,ok,0.0,ok,ue1_qfi82,0,0,0,100.99999999999997,data,ok,2.0,False,,proxy,3,0,,,,,,ok,,,,ok,,,ok,,,,,ok,0.9999965810151338,proxy,5,0.9999919240211914,55841.6,ok,0.008745454545454546,ok,0.0028034090909090908,0.0098484375,ok,ue1_qfi82,0.0,49,10.0,data,ok,0.0,ue3_qfi9,3.25,ok,,,,,,,,ok,,,pending,,pending,sensor_dense,4,PF,1826701614,1.0
ue3_qfi9,0.25,2.0,2.5,3.25,ok,0.0,ok,ue3_qfi82,0,0,0,100.99999999999997,data,ok,2.0,False,,proxy,3,0,,,,,,ok,,,,ok,,,ok,,,,,ok,0.9999988104273602,proxy,5,0.9999979120483165,55843.2,ok,0.01035909090909091,ok,0.003003409090909091,0.009834375,ok,ue1_qfi82,0.0,49,10.0,data,ok,0.0,ue3_qfi9,3.0,ok,,,,,,,,ok,,,pending,,pending,sensor_dense,4,Reservation,1826701614,1.0
ue3_qfi9,0.25,2.0,2.25,3.25,ok,0.0,ok,ue1_qfi82,0,0,0,100.99999999999997,data,ok,2.0,False,,proxy,3,0,,,,,,ok,,,,ok,,,ok,,,,,ok,0.9999988104273602,proxy,5,0.9999979120483165,55843.2,ok,0.008734090909090908,ok,0.003003409090909091,0.0098296875,ok,ue1_qfi82,0.0,49,10.0,data,ok,0.0,ue3_qfi9,3.0,ok,,,,,,,,ok,,,pending,,pending,sensor_dense,4,TwoTier,1826701614,1.0
ue4_qfi82,0.0,1.5,1.5,3.0,ok,0.0,ok,ue1_qfi82,0,0,0,100.99999999999997,data,ok,2.0,False,,proxy,3,0,,,,,,ok,,,,ok,,,ok,,,,,ok,0.9999948600198934,proxy,5,0.999989684796503,55864.0,ok,0.008795454545454546,ok,0.0028590909090909092,0.01025625,ok,ue1_qfi82,0.0,49,10.0,data,ok,0.0,ue4_qfi82,3.0,ok,,,,,,,,ok,,,pending,,pending,sensor_dense,4,PF,1367864806,1.0
ue2_qfi9,0.25,2.0,2.25,3.25,ok,0.0,ok,ue3_qfi82,0,0,0,100.99999999999997,data,ok,2.0,False,,proxy,3,0,,,,,,ok,,,,ok,,,ok,,,,,ok,0.9999971220287497,proxy,5,0.9999944724301024,55862.4,ok,0.010488636363636363,ok,0.0031170454545454544,0.0102671875,ok,ue1_qfi82,0.0,49,10.0,data,ok,0.0,ue2_qfi9,3.0,ok,,,,,,,,ok,,,pending,,pending,sensor_dense,4,Reservation,1367864806,1.0
ue2_qfi9,0.25,2.0,2.25,3.25,ok,0.0,ok,ue1_qfi82,0,0,0,100.99999999999997,data,ok,2.0,False,,proxy,3,0,,,,,,ok,,,,ok,,,ok,,,,,ok,0.9999971220287497,proxy,5,0.9999944724301024,55862.4,ok,0.008802272727272728,ok,0.0031170454545454544,0.01026875,ok,ue1_qfi82,0.0,49,10.0,data,ok,0.0,ue2_qfi9,3.0,ok,,,,,,,,ok,,,pending,,pending,sensor_dense,4,TwoTier,1367864806,1.0
ue2_qfi9,0.25,2.0,2.25,3.0,ok,0.0,ok,ue2_qfi82,0,0,0,101.00000000000043,data,ok,2.0,False,,proxy,3,0,,,,,,ok,,,,ok,,,ok,,,,,ok,0.999996732404296,proxy,5,0.9999930609108247,56062.4,ok,0.009065909090909091,ok,0.002934090909090909,0.01185625,ok,ue1_qfi82,0.0,49,10.0,data,ok,0.0,ue2_qfi9,2.75,ok,,,,,,,,ok,,,pending,,pending,sensor_dense,4,PF,1097657231,1.0
ue4_qfi82,0.0,1.5,1.5,3.0,ok,0.0,ok,ue1_qfi82,0,0,0,101.00000000000043,data,ok,2.0,False,,proxy,3,0,,,,,,ok,,,,ok,,,ok,,,,,ok,0.9999969828010224,proxy,5,0.9999930609108247,56064.0,ok,0.010815909090909091,ok,0.0032011363636363635,0.0118640625,ok,ue1_qfi82,0.0,49,10.0,data,ok,0.0,ue4_qfi82,3.0,ok,,,,,,,,ok,,,pending,,pending,sensor_dense,4,Reservation,1097657231,1.0
ue4_qfi82,0.0,1.5,1.5,3.0,ok,0.0,ok,ue3_qfi82,0,0,0,101.00000000000043,data,ok,2.0,False,,proxy,3,0,,,,,,ok,,,,ok,,,ok,,,,,ok,0.9999969828010224,proxy,5,0.9999930609108247,56064.0,ok,0.00909090909090909,ok,0.0031988636363636364,0.0118859375,ok,ue1_qfi82,0.0,49,10.0,data,ok,0.0,ue4_qfi82,3.0,ok,,,,,,,,ok,,,pending,,pending,sensor_dense,4,TwoTier,1097657231,1.0
ue2_qfi9,0.25,2.0,2.25,3.25,ok,0.0,ok,ue1_qfi82,0,0,0,100.99999999999997,data,ok,2.0,False,,proxy,3,0,,,,,,ok,,,,ok,,,ok,,,,,ok,0.9999986917785298,proxy,5,0.9999971252298935,55750.4,ok,0.008690909090909091,ok,0.0029125,0.0106875,ok,ue1_qfi82,0.0,49,10.0,data,ok,0.0,ue1_qfi9,3.0,ok,,,,,,,,ok,,,pending,,pending,sensor_dense,4,PF,579362555,1.0
ue2_qfi9,0.25,2.0,2.25,3.5,ok,0.0,ok,ue2_qfi82,0,0,0,100.99999999999997,data,ok,2.0,False,,proxy,3,0,,,,,,ok,,,,ok,,,ok,,,,,ok,0.9999986917785298,proxy,5,0.9999971252298935,55750.4,ok,0.010259090909090909,ok,0.0032090909090909093,0.010665625,ok,ue1_qfi82,0.0,49,10.0,data,ok,0.0,ue2_qfi9,3.25,ok,,,,,,,,ok,,,pending,,pending,sensor_dense,4,Reservation,579362555,1.0
ue2_qfi9,0.25,2.0,2.25,3.5,ok,0.0,ok,ue3_qfi82,0,0,0,100.99999999999997,data,ok,2.0,False,,proxy,3,0,,,,,,ok,,,,ok,,,ok,,,,,ok,0.9999986917785298,proxy,5,0.9999971252298935,55750.4,ok,0.008677272727272728,ok,0.0032102272727272726,0.0106703125,ok,ue1_qfi82,0.0,49,10.0,data,ok,0.0,ue2_qfi9,3.25,ok,,,,,,,,ok,,,pending,,pending,sensor_dense,4,TwoTier,579362555,1.0
ue4_qfi82,0.0,1.5,1.5,3.0,ok,0.0,ok,ue1_qfi82,0,0,0,101.50000000000014,data,ok,2.0,False,,proxy,3,0,,,,,,ok,,,,ok,,,ok,,,,,ok,0.99999639860307,proxy,5,0.99999292952147,55971.2,ok,0.008906818181818182,ok,0.0027738636363636364,0.009546875,ok,ue1_qfi82,0.0,49,10.0,data,ok,0.0,ue4_qfi82,3.0,ok,,,,,,,,ok,,,pending,,pending,sensor_dense,4,PF,661058651,1.0
ue4_qfi82,0.0,1.5,3.0,3.0,ok,0.0,ok,ue2_qfi82,0,0,0,101.50000000000014,data,ok,2.0,False,,proxy,3,0,,,,,,ok,,,,ok,,,ok,,,,,ok,0.99999639860307,proxy,5,0.99999292952147,55971.2,ok,0.010565909090909091,ok,0.002948863636363636,0.00955,ok,ue1_qfi82,0.0,49,10.0,data,ok,0.0,ue4_qfi82,3.0,ok,,,,,,,,ok,,,pending,,pending,sensor_dense,4,Reservation,661058651,1.0
ue4_qfi82,0.0,1.5,3.0,3.0,ok,0.0,ok,ue1_qfi82,0,0,0,101.50000000000014,data,ok,2.0,False,,proxy,3,0,,,,,,ok,,,,ok,,,ok,,,,,ok,0.99999639860307,proxy,5,0.99999292952147,55971.2,ok,0.008913636363636363,ok,0.002948863636363636,0.0095515625,ok,ue1_qfi82,0.0,49,10.0,data,ok,0.0,ue4_qfi82,3.0,ok,,,,,,,,ok,,,pending,,pending,sensor_dense,4,TwoTier,661058651,1.0
ue2_qfi9,0.25,2.25,3.0,3.5,ok,0.0,ok,ue3_qfi82,0,0,0,100.99999999999997,data,ok,2.0,False,,proxy,3,0,,,,,,ok,,,,ok,,,ok,,,,,ok,0.9999959137644545,proxy,5,0.9999911826353339,55836.8,ok,0.008729545454545455,ok,0.0028352272727272727,0.0102703125,ok,ue1_qfi82,0.0,49,10.0,data,ok,0.0,ue1_qfi9,3.25,ok,,,,,,,,ok,,,pending,,pending,sensor_dense,4,PF,87989972,1.0
ue1_qfi9,0.25,2.0,2.5,3.25,ok,0.0,ok,ue3_qfi82,0,0,0,100.99999999999997,data,ok,2.0,False,,proxy,3,0,,,,,,ok,,,,ok,,,ok,,,,,ok,0.9999940339594149,proxy,5,0.9999801388640187,55836.8,ok,0.010320454545454546,ok,0.0030511363636363635,0.010278125,ok,ue1_qfi82,0.0,49,10.0,data,ok,0.0,ue1_qfi9,3.0,ok,,,,,,,,ok,,,pending,,pending,sensor_dense,4,Reservation,87989972,1.0
ue2_qfi9,0.25,2.0,2.25,3.25,ok,0.0,ok,ue2_qfi82,0,0,0,100.50000000000026,data,ok,2.0,False,,proxy,3,0,,,,,,ok,,,,ok,,,ok,,,,,ok,0.9999937050101915,proxy,5,0.9999801388640187,55835.2,ok,0.008745454545454546,ok,0.00305,0.010278125,ok,ue1_qfi82,0.0,49,10.0,data,ok,0.0,ue1_qfi9,3.0,ok,,,,,,,,ok,,,pending,,pending,sensor_dense,4,TwoTier,87989972,1.0
ue3_qfi9,0.25,2.0,2.25,3.25,ok,0.0,ok,ue1_qfi82,0,0,0,100.99999999999997,data,ok,2.0,False,,proxy,3,0,,,,,,ok,,,,ok,,,ok,,,,,ok,0.9999996996538296,proxy,5,0.9999984982691479,56184.0,ok,0.009181818181818182,ok,0.002873863636363636,0.0107734375,ok,ue1_qfi82,0.0,49,10.0,data,ok,0.0,ue2_qfi9,3.0,ok,,,,,,,,ok,,,pending,,pending,sensor_dense,4,PF,161576974,1.0
ue4_qfi82,0.0,1.5,1.5,3.0,ok,0.0,ok,ue2_qfi82,0,0,0,100.99999999999997,data,ok,2.0,False,,proxy,3,0,,,,,,ok,,,,ok,,,ok,,,,,ok,0.9999993355945899,proxy,5,0.9999981797038016,56185.6,ok,0.010902272727272727,ok,0.0031272727272727272,0.0107796875,ok,ue1_qfi82,0.0,49,10.0,data,ok,0.0,ue4_qfi82,3.0,ok,,,,,,,,ok,,,pending,,pending,sensor_dense,4,Reservation,161576974,1.0
ue4_qfi82,0.0,1.5,1.5,3.0,ok,0.0,ok,ue1_qfi82,0,0,0,100.99999999999997,data,ok,2.0,False,,proxy,3,0,,,,,,ok,,,,ok,,,ok,,,,,ok,0.9999996996538296,proxy,5,0.9999984982691479,56184.0,ok,0.009188636363636364,ok,0.003128409090909091,0.01078125,ok,ue1_qfi82,0.0,49,10.0,data,ok,0.0,ue4_qfi82,3.0,ok,,,,,,,,ok,,,pending,,pending,sensor_dense,4,TwoTier,161576974,1.0
ue1_qfi9,0.5,2.0,2.5,3.25,ok,0.0,ok,ue1_qfi82,0,0,0,100.50000000000026,data,ok,2.0,False,,proxy,3,0,,,,,,ok,,,,ok,,,ok,,,,,ok,0.9999895620897465,proxy,5,0.9999567549005456,55728.0,ok,0.008711363636363637,ok,0.0028295454545454544,0.010790625,ok,ue1_qfi82,0.0,49,10.0,data,ok,0.0,ue4_qfi82,3.0,ok,,,,,,,,ok,,,pending,,pending,sensor_dense,4,PF,35492826,1.0
ue1_qfi9,0.25,2.0,3.0,3.5,ok,0.0,ok,ue1_qfi82,0,0,0,100.50000000000026,data,ok,2.0,False,,proxy,3,0,,,,,,ok,,,,ok,,,ok,,,,,ok,0.9999895620897465,proxy,5,0.9999567549005456,55728.0,ok,0.010347727272727272,ok,0.0030136363636363637,0.0108125,ok,ue1_qfi82,0.0,49,10.0,data,ok,0.0,ue1_qfi9,3.25,ok,,,,,,,,ok,,,pending,,pending,sensor_dense,4,Reservation,35492826,1.0
ue1_qfi9,0.25,2.0,2.5,3.5,ok,0.0,ok,ue3_qfi82,0,0,0,199.99999999999994,data,ok,2.0,False,,proxy,3,0,,,,,,ok,,,,ok,,,ok,,,,,ok,0.9997760954207948,proxy,5,0.9988894215557869,55702.4,ok,0.008729545454545455,ok,0.0030136363636363637,0.0108125,ok,ue1_qfi82,0.0,49,10.0,data,ok,0.0,ue1_qfi9,3.25,ok,,,,,,,,ok,,,pending,,pending,sensor_dense,4,TwoTier,35492826,1.0
ue2_qfi9,0.25,2.0,2.25,3.25,ok,0.0,ok,ue1_qfi82,0,0,0,100.99999999999997,data,ok,2.0,False,,proxy,3,0,,,,,,ok,,,,ok,,,ok,,,,,ok,0.9999893960638999,proxy,5,0.9999794898351126,55830.4,ok,0.008815909090909091,ok,0.002777272727272727,0.0094078125,ok,ue1_qfi82,0.0,49,10.0,data,ok,0.0,ue1_qfi9,3.0,ok,,,,,,,,ok,,,pending,,pending,sensor_dense,4,PF,376383645,1.0
ue3_qfi9,0.25,1.75,2.25,3.0,ok,0.0,ok,ue1_qfi82,0,0,0,100.99999999999997,data,ok,2.0,False,,proxy,3,0,,,,,,ok,,,,ok,,,ok,,,,,ok,0.9999875606825708,proxy,5,0.9999709649588531,55830.4,ok,0.010379545454545454,ok,0.0029852272727272726,0.0093984375,ok,ue1_qfi82,0.0,49,10.0,data,ok,0.0,ue1_qfi9,2.75,ok,,,,,,,,ok,,,pending,,pending,sensor_dense,4,Reservation,376383645,1.0
ue3_qfi9,0.25,1.75,2.25,3.0,ok,0.0,ok,ue2_qfi82,0,0,0,100.99999999999997,data,ok,2.0,False,,proxy,3,0,,,,,,ok,,,,ok,,,ok,,,,,ok,0.9999875606825708,proxy,5,0.9999709649588531,55830.4,ok,0.0088,ok,0.002984090909090909,0.0093953125,ok,ue1_qfi82,0.0,49,10.0,data,ok,0.0,ue1_qfi9,2.75,ok,,,,,,,,ok,,,pending,,pending,sensor_dense,4,TwoTier,376383645,1.0
ue3_qfi9,0.25,2.0,3.0,3.25,ok,0.0,ok,ue2_qfi82,0,0,0,101.4999999999997,data,ok,2.0,False,,proxy,3,0,,,,,,ok,,,,ok,,,ok,,,,,ok,0.9999974141174329,proxy,5,0.9999888797953101,56027.2,ok,0.008977272727272728,ok,0.002885227272727273,0.010546875,ok,ue1_qfi82,0.0,49,10.0,data,ok,0.0,ue1_qfi9,3.0,ok,,,,,,,,ok,,,pending,,pending,sensor_dense,4,PF,1746484539,1.0
ue3_qfi9,0.25,2.0,3.0,3.25,ok,0.0,ok,ue2_qfi82,0,0,0,101.4999999999997,data,ok,2.0,False,,proxy,3,0,,,,,,ok,,,,ok,,,ok,,,,,ok,0.9999984444885737,proxy,5,0.9999940316510139,56027.2,ok,0.010690909090909091,ok,0.0031670454545454545,0.0105734375,ok,ue1_qfi82,0.0,49,10.0,data,ok,0.0,ue3_qfi9,3.0,ok,,,,,,,,ok,,,pending,,pending,sensor_dense,4,Reservation,1746484539,1.0
ue3_qfi9,0.25,2.0,3.0,3.25,ok,0.0,ok,ue2_qfi82,0,0,0,101.4999999999997,data,ok,2.0,False,,proxy,3,0,,,,,,ok,,,,ok,,,ok,,,,,ok,0.9999974141174329,proxy,5,0.9999888797953101,56027.2,ok,0.009006818181818182,ok,0.0031670454545454545,0.010571875,ok,ue1_qfi82,0.0,49,10.0,data,ok,0.0,ue3_qfi9,3.0,ok,,,,,,,,ok,,,pending,,pending,sensor_dense,4,TwoTier,1746484539,1.0
ue1_qfi2,3.761,9.218,10.354,11.0,ok,4.1924475991215146e-05,ok,ue2_qfi9,0,1,4,1000.0000000000002,data,ok,2.0,False,,proxy,3,0,,ue1_qfi2,1.0,152,150.0,ok,,ue3_qfi2,10.901,ok,,3,ok,3,,ue2_qfi2,0.9650136,ok,0.9999946477596436,proxy,5,0.9999879590769719,7632678.4,ok,0.003952272727272727,ok,0.11757613636363637,0.0185640625,ok,ue1_qfi82,0.0,99,10.0,data,ok,0.0,ue1_qfi9,7.5,ok,,30.4,ue1_qfi2,0,0.0,0.0,30.303,ok,33.0,,pending,,pending,mixed,4,PF,1826701614,0.5
ue1_qfi2,4.17,10.8,12.031,13.111,ok,9.013800127995962e-06,ok,ue2_qfi9,0,1,4,1000.0000000000002,data,ok,2.0,False,,proxy,3,0,,ue1_qfi2,1.0,152,150.0,ok,,ue1_qfi2,12.031,ok,,3,ok,3,,ue2_qfi2,0.9650136,ok,0.9999958490133964,proxy,5,0.9999910023674292,7632740.8,ok,0.0046409090909090905,ok,0.1706431818181818,0.0202734375,ok,ue1_qfi82,0.0,99,10.0,data,ok,0.0,ue1_qfi2,8.941,ok,,30.4,ue1_qfi2,0,0.0,0.0,30.303,ok,33.0,,pending,,pending,mixed,4,Reservation,1826701614,0.5
ue1_qfi2,3.233,9.198,10.354,11.0,ok,0.0,ok,ue2_qfi9,0,1,4,1000.5000000000001,data,ok,2.0,False,,proxy,3,0,,ue1_qfi2,1.0,152,150.0,ok,,ue1_qfi2,11.0,ok,,3,ok,3,,ue2_qfi2,0.964288,ok,0.9999952395820767,proxy,5,0.9999898424508541,7631344.0,ok,0.003956818181818182,ok,0.12687159090909092,0.018771875,ok,ue1_qfi82,0.0,99,10.0,data,ok,0.0,ue2_qfi1,10.0,ok,,30.4,ue1_qfi2,0,0.0,0.0,30.303,ok,33.0,,pending,,pending,mixed,4,TwoTier,1826701614,0.5
ue1_qfi2,3.97,9.545,10.696,11.499,ok,0.0,ok,ue2_qfi9,0,2,4,1000.2499999999999,data,ok,2.0,False,,proxy,3,0,,ue1_qfi2,0.993421052631579,152,150.0,ok,,ue1_qfi2,11.5,ok,,3,ok,3,,ue2_qfi2,0.967844,ok,0.9999900413355178,proxy,5,0.9999800844392,7524609.6,ok,0.004013636363636363,ok,0.12001022727272727,0.018690625,ok,ue1_qfi82,0.0,99,10.0,data,ok,0.0,ue2_qfi2,7.664,ok,,30.2,ue1_qfi2,1,66.75,66.75,30.303,ok,33.0,,pending,,pending,mixed,4,PF,1367864806,0.5
ue1_qfi2,4.29,10.634,12.212,12.742,ok,0.0,ok,ue2_qfi9,0,1,4,1000.0000000000002,data,ok,2.0,False,,proxy,3,0,,ue1_qfi2,1.0,152,150.0,ok,,ue3_qfi2,13.498,ok,,3,ok,3,,ue2_qfi2,0.967844,ok,0.9999942078857167,proxy,5,0.999986643109555,7530753.6,ok,0.004577272727272728,ok,0.1712840909090909,0.020796875,ok,ue1_qfi82,0.0,99,10.0,data,ok,0.0,ue2_qfi1,10.25,ok,,30.4,ue1_qfi2,0,0.0,0.0,30.303,ok,33.0,,pending,,pending,mixed,4,Reservation,1367864806,0.5
ue2_qfi2,2.717,8.325,9.762,11.0,ok,0.0,ok,ue2_qfi9,0,2,4,1000.9999999999999,data,ok,2.0,False,,proxy,3,0,,ue1_qfi2,1.0,152,150.0,ok,,ue3_qfi2,11.081,ok,,3,ok,3,,ue2_qfi2,0.967844,ok,0.9999939375454415,proxy,5,0.9999855994202291,7531171.2,ok,0.004013636363636363,ok,0.12806136363636364,0.018903125,ok,ue1_qfi82,0.0,99,10.0,data,ok,0.0,ue2_qfi1,9.75,ok,,30.4,ue1_qfi2,0,0.0,0.0,30.303,ok,33.0,,pending,,pending,mixed,4,TwoTier,1367864806,0.5
ue1_qfi2,3.828,9.51,10.461,11.911,ok,8.46211974407165e-05,ok,ue2_qfi9,0,1,4,1000.0000000000002,data,ok,2.0,False,,proxy,3,0,,ue1_qfi2,0.993421052631579,152,150.0,ok,,ue1_qfi2,11.388,ok,,3,ok,3,,ue2_qfi2,0.970256,ok,0.9999791542380546,proxy,5,0.999958549898909,7562476.8,ok,0.00415,ok,0.12337272727272727,0.019546875,ok,ue1_qfi82,0.0,99,10.0,data,ok,0.0,ue1_qfi9,8.5,ok,,30.2,ue1_qfi2,1,66.5,66.5,30.303,ok,33.0,,pending,,pending,mixed,4,PF,1097657231,0.5
ue1_qfi2,4.294,10.653,11.454,12.5,ok,8.45721926207802e-05,ok,ue2_qfi9,0,1,4,1000.0000000000002,data,ok,2.0,False,,proxy,3,0,,ue1_qfi2,1.0,152,150.0,ok,,ue3_qfi2,12.644,ok,,3,ok,3,,ue2_qfi2,0.970256,ok,0.9999898600184943,proxy,5,0.9999713851088602,7567179.2,ok,0.0045,ok,0.17923295454545454,0.0219015625,ok,ue1_qfi82,0.0,99,10.0,data,ok,0.0,ue1_qfi9,9.5,ok,,30.4,ue1_qfi2,0,0.0,0.0,30.303,ok,33.0,,pending,,pending,mixed,4,Reservation,1097657231,0.5
ue3_qfi2,3.647,9.0,10.387,11.332,ok,0.0,ok,ue2_qfi9,0,2,4,1000.5,data,ok,2.0,False,,proxy,3,0,,ue2_qfi2,0.993421052631579,152,150.0,ok,,ue3_qfi2,11.75,ok,,3,ok,3,,ue2_qfi2,0.96826,ok,0.9999951500848401,proxy,5,0.9999907083009054,7563264.0,ok,0.003977272727272727,ok,0.13360454545454545,0.01963125,ok,ue1_qfi82,0.0,99,10.0,data,ok,0.0,ue2_qfi1,10.0,ok,,30.4,ue1_qfi2,0,0.0,0.0,30.303,ok,33.0,,pending,,pending,mixed,4,TwoTier,1097657231,0.5
ue1_qfi2,4.03,9.642,10.711,11.057,ok,0.0,ok,ue2_qfi9,0,1,4,1000.5,data,ok,2.0,False,,proxy,3,0,,ue1_qfi2,1.0,152,150.0,ok,,ue3_qfi2,11.335,ok,,3,ok,3,,ue2_qfi2,0.9608384,ok,0.9999967550621532,proxy,5,0.9999926666564394,7560068.8,ok,0.0038977272727272728,ok,0.12096818181818182,0.0189453125,ok,ue1_qfi82,0.0,99,10.0,data,ok,0.0,ue2_qfi1,10.5,ok,,30.4,ue1_qfi2,0,0.0,0.0,30.303,ok,33.0,,pending,,pending,mixed,4,PF,579362555,0.5
ue1_qfi2,4.504,10.881,11.407,12.085,ok,0.0,ok,ue2_qfi9,0,2,4,1000.2499999999999,data,ok,2.0,False,,proxy,3,0,,ue1_qfi2,1.0,152,150.0,ok,,ue1_qfi2,11.64,ok,,3,ok,3,,ue2_qfi2,0.9608384,ok,0.9999975671889242,proxy,5,0.9999938224819218,7560009.6,ok,0.004468181818181818,ok,0.17409204545454546,0.0211359375,ok,ue1_qfi82,0.0,99,10.0,data,ok,0.0,ue1_qfi9,9.0,ok,,30.4,ue1_qfi2,0,0.0,0.0,30.303,ok,33.0,,pending,,pending,mixed,4,Reservation,579362555,0.5
ue1_qfi2,3.895,9.186,10.531,10.998,ok,0.0,ok,ue2_qfi9,0,2,4,1000.2499999999999,data,ok,2.0,False,,proxy,3,0,,ue1_qfi2,1.0,152,150.0,ok,,ue3_qfi2,11.711,ok,,3,ok,3,,ue2_qfi2,0.9608384,ok,0.9999975328464471,proxy,5,0.9999938670179093,7559830.4,ok,0.0039045454545454544,ok,0.13100227272727272,0.0191125,ok,ue1_qfi82,0.0,99,10.0,data,ok,0.0,ue2_qfi9,9.75,ok,,30.4,ue1_qfi2,0,0.0,0.0,30.303,ok,33.0,,pending,,pending,mixed,4,TwoTier,579362555,0.5
ue1_qfi2,3.553,9.746,10.806,11.431,ok,3.197154868709466e-05,ok,ue2_qfi9,0,1,4,1000.0000000000002,data,ok,2.0,False,,proxy,3,0,,ue1_qfi2,1.0,152,150.0,ok,,ue1_qfi2,11.442,ok,,3,ok,3,,ue1_qfi2,0.9758696,ok,0.999959899990686,proxy,5,0.999821545692791,7606673.6,ok,0.0038454545454545456,ok,0.11552272727272728,0.0171078125,ok,ue1_qfi82,0.0,98,10.0,data,ok,0.0,ue1_qfi9,8.5,ok,,30.4,ue1_qfi2,0,0.0,0.0,30.303,ok,33.0,,pending,,pending,mixed,4,PF,661058651,0.5
ue1_qfi2,4.181,11.056,11.838,12.962,ok,0.0,ok,ue2_qfi9,0,1,4,1000.0000000000002,data,ok,2.0,False,,proxy,3,0,,ue1_qfi2,1.0,152,150.0,ok,,ue1_qfi2,12.343,ok,,3,ok,3,,ue1_qfi2,0.9758696,ok,0.9999924787370194,proxy,5,0.9999897172274841,7606715.2,ok,0.0044136363636363635,ok,0.16804431818181817,0.0188875,ok,ue1_qfi82,0.0,99,10.0,data,ok,0.0,ue2_qfi9,10.0,ok,,30.4,ue1_qfi2,0,0.0,0.0,30.303,ok,33.0,,pending,,pending,mixed,4,Reservation,661058651,0.5
ue3_qfi2,3.306,8.584,10.291,11.024,ok,0.0,ok,ue2_qfi9,0,1,4,1000.0000000000002,data,ok,2.0,False,,proxy,3,0,,ue1_qfi2,1.0,152,150.0,ok,,ue3_qfi2,11.25,ok,,3,ok,3,,ue1_qfi2,0.9758696,ok,0.9999929374557153,proxy,5,0.9999890879849058,7606955.2,ok,0.003852272727272727,ok,0.1247,0.0173390625,ok,ue1_qfi82,0.0,99,10.0,data,ok,0.0,ue2_qfi1,10.0,ok,,30.4,ue1_qfi2,0,0.0,0.0,30.303,ok,33.0,,pending,,pending,mixed,4,TwoTier,661058651,0.5
ue1_qfi2,4.151,9.817,10.71,12.189,ok,6.10861582346353e-05,ok,ue2_qfi9,0,2,4,1000.2499999999999,data,ok,2.0,False,,proxy,3,0,,ue1_qfi2,1.0,152,150.0,ok,,ue1_qfi2,12.189,ok,,3,ok,3,,ue1_qfi2,0.970964,ok,0.9999892071564795,proxy,5,0.999976624568785,7595684.8,ok,0.0039590909090909095,ok,0.12379318181818182,0.0207390625,ok,ue1_qfi82,0.0,99,10.0,data,ok,0.0,ue1_qfi9,8.75,ok,,30.4,ue1_qfi2,0,0.0,0.0,30.303,ok,33.0,,pending,,pending,mixed,4,PF,87989972,0.5
ue1_qfi2,4.614,10.768,12.439,13.0,ok,0.0,ok,ue2_qfi9,0,2,4,1000.5000000000001,data,ok,2.0,False,,proxy,3,0,,ue1_qfi2,1.0,152,150.0,ok,,ue1_qfi2,12.877,ok,,3,ok,3,,ue1_qfi2,0.970964,ok,0.999990818581866,proxy,5,0.9999764411949834,7595296.0,ok,0.004375,ok,0.17810681818181817,0.0227953125,ok,ue1_qfi82,0.0,99,10.0,data,ok,0.0,ue2_qfi1,10.0,ok,,30.4,ue1_qfi2,0,0.0,0.0,30.303,ok,33.0,,pending,,pending,mixed,4,Reservation,87989972,0.5
ue1_qfi2,3.677,9.809,10.5,11.517,ok,0.0,ok,ue2_qfi9,0,3,4,1001.7499999999999,data,ok,2.0,False,,proxy,3,0,,ue1_qfi2,1.0,152,150.0,ok,,ue3_qfi2,11.66,ok,,3,ok,3,,ue1_qfi2,0.970964,ok,0.9999934187066228,proxy,5,0.999983062112367,7595588.8,ok,0.003922727272727273,ok,0.13513295454545454,0.0208046875,ok,ue1_qfi82,0.0,99,10.0,data,ok,0.0,ue2_qfi1,10.5,ok,,30.4,ue1_qfi2,0,0.0,0.0,30.303,ok,33.0,,pending,,pending,mixed,4,TwoTier,87989972,0.5
ue1_qfi2,3.916,9.168,10.5,11.081,ok,8.463885236487302e-05,ok,ue1_qfi85,1,1,1,3302.5,data,ok,2.0,False,,proxy,3,0,,ue1_qfi2,1.0,152,150.0,ok,,ue3_qfi2,11.388,ok,,2,ok,3,,ue1_qfi2,0.9486232,ok,0.9999905206499532,proxy,5,0.999971375415649,7561219.2,ok,0.0040704545454545455,ok,0.11854886363636363,0.0188859375,ok,ue1_qfi82,0.0,99,10.0,data,ok,0.0,ue1_qfi9,7.5,ok,,30.4,ue1_qfi2,0,0.0,0.0,30.303,ok,33.0,,pending,,pending,mixed,4,PF,161576974,0.5
ue1_qfi2,4.412,10.703,11.668,12.894,ok,2.5391650336661545e-05,ok,ue1_qfi85,1,1,1,3302.5,data,ok,2.0,False,,proxy,3,0,,ue1_qfi2,1.0,152,150.0,ok,,ue1_qfi2,12.784,ok,,2,ok,3,,ue1_qfi2,0.9486232,ok,0.9999942772447399,proxy,5,0.9999889047279913,7561540.8,ok,0.004661363636363636,ok,0.17127727272727272,0.0207359375,ok,ue1_qfi82,0.0,99,10.0,data,ok,0.0,ue2_qfi1,10.0,ok,,30.4,ue1_qfi2,0,0.0,0.0,30.303,ok,33.0,,pending,,pending,mixed,4,Reservation,161576974,0.5
ue1_qfi2,3.662,9.105,10.04,11.1,ok,0.0,ok,ue1_qfi85,1,1,1,3302.5,data,ok,2.0,False,,proxy,3,0,,ue1_qfi2,1.0,152,150.0,ok,,ue3_qfi2,10.947,ok,,2,ok,3,,ue1_qfi2,0.9486232,ok,0.9999958831142421,proxy,5,0.9999908146498059,7561336.0,ok,0.0041,ok,0.12842727272727272,0.018875,ok,ue1_qfi82,0.0,99,10.0,data,ok,0.0,ue2_qfi1,9.75,ok,,30.4,ue1_qfi2,0,0.0,0.0,30.303,ok,33.0,,pending,,pending,mixed,4,TwoTier,161576974,0.5
ue1_qfi2,3.503,9.253,10.333,10.85,ok,0.0,ok,ue1_qfi85,0,1,1,1693.7500000000005,data,ok,2.0,False,,proxy,3,0,,ue1_qfi2,1.0,152,150.0,ok,,ue3_qfi2,10.936,ok,,3,ok,3,,ue2_qfi2,0.968176,ok,0.9999968209769747,proxy,5,0.9999928721658011,7597296.0,ok,0.004011363636363637,ok,0.1206,0.0184328125,ok,ue1_qfi82,0.0,99,10.0,data,ok,0.0,ue2_qfi1,9.75,ok,,30.4,ue1_qfi2,0,0.0,0.0,30.303,ok,33.0,,pending,,pending,mixed,4,PF,35492826,0.5
ue1_qfi2,4.306,11.076,12.217,12.748,ok,0.0,ok,ue1_qfi85,0,1,1,1693.7500000000005,data,ok,2.0,False,,proxy,3,0,,ue1_qfi2,1.0,152,150.0,ok,,ue1_qfi2,12.5,ok,,3,ok,3,,ue2_qfi2,0.968176,ok,0.9999958161601847,proxy,5,0.9999901601105806,7597233.6,ok,0.004475,ok,0.17294545454545454,0.020496875,ok,ue1_qfi82,0.0,99,10.0,data,ok,0.0,ue2_qfi1,10.0,ok,,30.4,ue1_qfi2,0,0.0,0.0,30.303,ok,33.0,,pending,,pending,mixed,4,Reservation,35492826,0.5
ue1_qfi2,3.5,9.012,10.277,11.232,ok,2.1060297527247286e-07,ok,ue1_qfi85,0,1,1,1693.7500000000005,data,ok,2.0,False,,proxy,3,0,,ue1_qfi2,1.0,152,150.0,ok,,ue1_qfi2,10.872,ok,,3,ok,3,,ue2_qfi2,0.968176,ok,0.9999959268554669,proxy,5,0.999990413307625,7597233.6,ok,0.003995454545454545,ok,0.1295965909090909,0.018484375,ok,ue1_qfi82,0.0,99,10.0,data,ok,0.0,ue2_qfi1,9.75,ok,,30.4,ue1_qfi2,0,0.0,0.0,30.303,ok,33.0,,pending,,pending,mixed,4,TwoTier,35492826,0.5
ue3_qfi2,3.947,8.608,10.25,11.25,ok,0.0,ok,ue3_qfi82,0,1,4,1001.5,data,ok,2.0,False,,proxy,3,0,,ue1_qfi2,1.0,152,150.0,ok,,ue3_qfi2,11.69,ok,,3,ok,3,,ue1_qfi2,0.9658392,ok,0.9999971768279755,proxy,5,0.9999933148559368,7540899.2,ok,0.004002272727272728,ok,0.12056477272727273,0.0176421875,ok,ue1_qfi82,0.0,99,10.0,data,ok,0.0,ue1_qfi9,8.0,ok,,30.4,ue1_qfi2,0,0.0,0.0,30.303,ok,33.0,,pending,,pending,mixed,4,PF,376383645,0.5
ue1_qfi2,4.108,10.812,11.927,12.5,ok,0.0,ok,ue2_qfi9,0,2,4,1000.2499999999999,data,ok,2.0,False,,proxy,3,0,,ue1_qfi2,1.0,152,150.0,ok,,ue1_qfi2,12.494,ok,,3,ok,3,,ue1_qfi2,0.9658392,ok,0.9999996673585526,proxy,5,0.9999987719863411,7540793.6,ok,0.004504545454545455,ok,0.1740590909090909,0.0197171875,ok,ue1_qfi82,0.0,99,10.0,data,ok,0.0,ue2_qfi1,10.0,ok,,30.4,ue1_qfi2,0,0.0,0.0,30.303,ok,33.0,,pending,,pending,mixed,4,Reservation,376383645,0.5
ue3_qfi2,3.75,8.5,10.25,11.263,ok,0.0,ok,ue3_qfi82,0,1,4,1001.5,data,ok,2.0,False,,proxy,3,0,,ue1_qfi2,1.0,152,150.0,ok,,ue3_qfi2,11.263,ok,,3,ok,3,,ue1_qfi2,0.9658392,ok,0.9999969541869614,proxy,5,0.999992998181708,7540768.0,ok,0.004009090909090909,ok,0.12964886363636363,0.01765,ok,ue1_qfi82,0.0,99,10.0,data,ok,0.0,ue2_qfi9,10.0,ok,,30.4,ue1_qfi2,0,0.0,0.0,30.303,ok,33.0,,pending,,pending,mixed,4,TwoTier,376383645,0.5
ue1_qfi2,3.706,9.42,10.446,11.091,ok,6.887608429500241e-05,ok,ue3_qfi82,0,1,4,1001.5,data,ok,2.0,False,,proxy,3,0,,ue1_qfi2,0.993421052631579,152,150.0,ok,,ue3_qfi2,11.409,ok,,3,ok,3,,ue1_qfi2,0.962564,ok,0.9999976815682208,proxy,5,0.9999914955475276,7549790.4,ok,0.003963636363636364,ok,0.12085795454545455,0.0176484375,ok,ue1_qfi82,0.0,99,10.0,data,ok,0.0,ue2_qfi1,9.75,ok,,30.2,ue1_qfi2,1,73.5,73.5,30.303,ok,33.0,,pending,,pending,mixed,4,PF,1746484539,0.5
ue1_qfi2,4.364,10.584,12.0,12.412,ok,0.0,ok,ue3_qfi82,0,1,4,1001.5,data,ok,2.0,False,,proxy,3,0,,ue2_qfi2,0.9868421052631579,152,150.0,ok,,ue1_qfi2,12.145,ok,,3,ok,3,,ue1_qfi2,0.9641512,ok,0.9999949734801484,proxy,5,0.9999836006438763,7549382.4,ok,0.004425,ok,0.17177272727272727,0.0196515625,ok,ue1_qfi82,0.0,99,10.0,data,ok,0.0,ue2_qfi1,10.0,ok,,30.0,ue2_qfi2,2,67.5,134.5,30.303,ok,33.0,,pending,,pending,mixed,4,Reservation,1746484539,0.5
ue1_qfi2,3.709,9.051,10.119,10.784,ok,0.0,ok,ue2_qfi9,0,1,4,1000.0000000000002,data,ok,2.0,False,,proxy,3,0,,ue3_qfi2,0.993421052631579,152,150.0,ok,,ue3_qfi2,11.0,ok,,3,ok,3,,ue1_qfi2,0.9641512,ok,0.9999660909441147,proxy,5,0.9998387892905642,7552043.2,ok,0.0039545454545454545,ok,0.129925,0.0176890625,ok,ue1_qfi82,0.0,99,10.0,data,ok,0.0,ue2_qfi1,10.0,ok,,30.2,ue3_qfi2,1,68.0,68.0,30.303,ok,33.0,,pending,,pending,mixed,4,TwoTier,1746484539,0.5
ue1_qfi2,6.511,15.169,17.111,18.948,ok,0.0007540968314832021,ok,ue2_qfi9,0,2,4,1007.2500000000005,data,ok,2.0,False,,proxy,3,0,,ue1_qfi2,1.0,152,150.0,ok,,ue1_qfi2,19.611,ok,,3,ok,3,,ue2_qfi2,0.9650514666666666,ok,0.9978913763485382,proxy,5,0.9967257349916389,18305348.8,ok,0.004709090909090909,ok,0.2649306818181818,0.0217359375,ok,ue1_qfi82,0.0,99,10.0,data,ok,0.0,ue1_qfi9,15.5,ok,,30.4,ue1_qfi2,0,0.0,0.0,30.303,ok,33.0,,pending,,pending,drone_heavy,4,PF,1826701614,1.5
ue3_qfi1,0.75,15.5,20.25,20.25,ok,0.0007000020786087924,ok,ue3_qfi9,0,1,4,1005.0000000000003,data,ok,2.0,False,,proxy,3,0,,ue1_qfi2,1.0,152,150.0,ok,,ue1_qfi2,19.095,ok,,3,ok,3,,ue2_qfi2,0.9650514666666666,ok,0.9983729304233104,proxy,5,0.9975564945807956,18307761.599999998,ok,0.0053704545454545454,ok,0.3223909090909091,0.0288859375,ok,ue1_qfi82,0.0,99,10.0,data,ok,0.0,ue3_qfi1,19.5,ok,,30.4,ue1_qfi2,0,0.0,0.0,30.303,ok,33.0,,pending,,pending,drone_heavy,4,Reservation,1826701614,1.5
ue2_qfi9,0.5,18.25,18.25,18.25,ok,0.000556259059088588,ok,ue3_qfi9,0,2,4,1007.4999999999999,data,ok,2.0,False,,proxy,3,0,,ue1_qfi2,0.9868421052631579,152,150.0,ok,,ue1_qfi2,18.064,ok,,3,ok,3,,ue2_qfi2,0.9650514666666666,ok,0.9990472567201667,proxy,5,0.9986828237386373,18301496.0,ok,0.004709090909090909,ok,0.2863625,0.0225203125,ok,ue1_qfi82,0.0,99,10.0,data,ok,0.0,ue2_qfi9,17.75,ok,,30.0,ue1_qfi2,2,69.75,137.5,30.303,ok,33.0,,pending,,pending,drone_heavy,4,TwoTier,1826701614,1.5
ue2_qfi1,0.75,15.5,18.0,18.0,ok,0.000721617725286914,ok,ue3_qfi9,0,1,4,1007.4999999999999,data,ok,2.0,False,,proxy,3,0,,ue3_qfi2,0.993421052631579,152,150.0,ok,,ue1_qfi2,19.811,ok,,3,ok,3,,ue3_qfi2,0.9588586666666666,ok,0.998342919468754,proxy,5,0.9978422032598994,18082166.4,ok,0.004806818181818182,ok,0.2690375,0.0227703125,ok,ue1_qfi82,0.0,99,10.0,data,ok,0.0,ue2_qfi1,17.25,ok,,30.4,ue1_qfi2,0,0.0,0.0,30.303,ok,33.0,,pending,,pending,drone_heavy,4,PF,1367864806,1.5
ue1_qfi2,6.566,15.742,17.443,18.417,ok,0.0008487069572489837,ok,ue2_qfi9,0,1,4,1009.7499999999999,data,ok,2.0,False,,proxy,3,0,,ue1_qfi2,0.993421052631579,152,150.0,ok,,ue1_qfi2,19.913,ok,,3,ok,3,,ue3_qfi2,0.9597055999999999,ok,0.9977702013265185,proxy,5,0.9969985478607101,18085568.0,ok,0.005388636363636364,ok,0.3273602272727273,0.0308421875,ok,ue1_qfi82,0.0,99,10.0,data,ok,0.0,ue2_qfi1,17.5,ok,,30.2,ue1_qfi2,0,0.0,0.0,30.303,ok,33.0,,pending,,pending,drone_heavy,4,Reservation,1367864806,1.5
ue2_qfi1,0.75,15.75,18.0,18.0,ok,0.0006461197806534287,ok,ue3_qfi9,0,2,4,1017.2500000000002,data,ok,2.0,False,,proxy,3,0,,ue1_qfi2,1.0,152,150.0,ok,,ue3_qfi2,17.749,ok,,3,ok,3,,ue3_qfi2,0.9597055999999999,ok,0.9987440678678313,proxy,5,0.9980561692304919,18088382.4,ok,0.004945454545454545,ok,0.28880568181818184,0.02325625,ok,ue1_qfi82,0.0,99,10.0,data,ok,0.0,ue2_qfi1,17.25,ok,,30.4,ue1_qfi2,0,0.0,0.0,30.303,ok,33.0,,pending,,pending,drone_heavy,4,TwoTier,1367864806,1.5
ue2_qfi1,0.75,15.5,18.75,18.75,ok,0.000742241564242407,ok,ue3_qfi9,0,2,4,1005.0000000000003,data,ok,2.0,False,,proxy,3,0,,ue1_qfi2,1.0,152,150.0,ok,,ue1_qfi2,19.469,ok,,3,ok,3,,ue2_qfi2,0.9702592,ok,0.998216497619099,proxy,5,0.9969417942145423,18163515.2,ok,0.004631818181818181,ok,0.27646818181818184,0.0239296875,ok,ue1_qfi82,0.0,99,10.0,data,ok,0.0,ue2_qfi1,18.0,ok,,30.4,ue1_qfi2,0,0.0,0.0,30.303,ok,33.0,,pending,,pending,drone_heavy,4,PF,1097657231,1.5
ue3_qfi1,1.0,18.0,20.5,20.5,ok,0.0006919505028261688,ok,ue3_qfi9,0,2,4,1004.75,data,ok,2.0,False,,proxy,3,0,,ue1_qfi2,1.0,152,150.0,ok,,ue1_qfi2,19.417,ok,,3,ok,3,,ue2_qfi2,0.9702992,ok,0.9984877222048226,proxy,5,0.9979012495491938,18162593.6,ok,0.005275,ok,0.3380818181818182,0.033015625,ok,ue1_qfi82,0.0,99,10.0,data,ok,0.0,ue3_qfi1,19.5,ok,,30.4,ue1_qfi2,0,0.0,0.0,30.303,ok,33.0,,pending,,pending,drone_heavy,4,Reservation,1097657231,1.5
ue3_qfi1,0.75,17.75,18.0,18.0,ok,0.0005283006241871875,ok,ue3_qfi9,0,1,4,1004.75,data,ok,2.0,False,,proxy,3,0,,ue1_qfi2,0.993421052631579,152,150.0,ok,,ue1_qfi2,17.88,ok,,3,ok,3,,ue2_qfi2,0.9702992,ok,0.9991495739029688,proxy,5,0.9983367981926706,18162512.0,ok,0.004731818181818182,ok,0.2995534090909091,0.0246390625,ok,ue1_qfi82,0.0,99,10.0,data,ok,0.0,ue3_qfi1,17.25,ok,,30.2,ue1_qfi2,1,67.25,67.25,30.303,ok,33.0,,pending,,pending,drone_heavy,4,TwoTier,1097657231,1.5
ue1_qfi2,6.829,15.131,16.51,17.814,ok,0.0006669748858981406,ok,ue3_qfi9,0,2,4,1014.7499999999998,data,ok,2.0,False,,proxy,3,0,,ue3_qfi2,0.993421052631579,152,150.0,ok,,ue1_qfi2,19.223,ok,,3,ok,3,,ue2_qfi2,0.9608752,ok,0.9986173139637844,proxy,5,0.997836597554606,18119297.6,ok,0.004625,ok,0.27003636363636363,0.0231234375,ok,ue1_qfi82,0.0,99,10.0,data,ok,0.0,ue2_qfi9,17.25,ok,,30.4,ue1_qfi2,0,0.0,0.0,30.303,ok,33.0,,pending,,pending,drone_heavy,4,PF,579362555,1.5
ue2_qfi1,0.75,15.25,20.5,20.5,ok,0.0007526182195886269,ok,ue3_qfi9,0,2,4,1014.7499999999998,data,ok,2.0,False,,proxy,3,0,,ue1_qfi2,1.0,152,150.0,ok,,ue1_qfi2,19.881,ok,,3,ok,3,,ue2_qfi2,0.9608752,ok,0.9984451759958903,proxy,5,0.9973685089788396,18126019.2,ok,0.005129545454545454,ok,0.3288465909090909,0.030846875,ok,ue1_qfi82,0.0,99,10.0,data,ok,0.0,ue2_qfi1,19.75,ok,,30.4,ue1_qfi2,0,0.0,0.0,30.303,ok,33.0,,pending,,pending,drone_heavy,4,Reservation,579362555,1.5
ue3_qfi1,0.75,13.25,20.25,20.25,ok,0.0006410222483323895,ok,ue3_qfi9,0,1,4,1012.4999999999998,data,ok,2.0,False,,proxy,3,0,,ue1_qfi2,1.0,152,150.0,ok,,ue1_qfi2,18.498,ok,,3,ok,3,,ue2_qfi2,0.9608752,ok,0.9987144816917948,proxy,5,0.998273091832392,18127328.0,ok,0.004631818181818181,ok,0.2910261363636364,0.02350625,ok,ue1_qfi82,0.0,99,10.0,data,ok,0.0,ue3_qfi1,19.5,ok,,30.4,ue1_qfi2,0,0.0,0.0,30.303,ok,33.0,,pending,,pending,drone_heavy,4,TwoTier,579362555,1.5
ue1_qfi2,5.705,14.423,16.442,18.111,ok,0.0006316138205644464,ok,ue3_qfi9,0,3,4,1007.25,data,ok,2.0,False,,proxy,3,0,,ue1_qfi2,1.0,152,150.0,ok,,ue1_qfi2,18.556,ok,,3,ok,3,,ue3_qfi2,0.9726208,ok,0.9985619733614218,proxy,5,0.9967387284301752,18273593.6,ok,0.004643181818181818,ok,0.2569840909090909,0.0207796875,ok,ue1_qfi82,0.0,99,10.0,data,ok,0.0,ue3_qfi9,17.25,ok,,30.4,ue1_qfi2,0,0.0,0.0,30.303,ok,33.0,,pending,,pending,drone_heavy,4,PF,661058651,1.5
ue1_qfi2,6.131,15.059,17.25,18.145,ok,0.0006344679437434922,ok,ue3_qfi9,0,3,4,1007.25,data,ok,2.0,False,,proxy,3,0,,ue3_qfi2,0.993421052631579,152,150.0,ok,,ue1_qfi2,18.99,ok,,3,ok,3,,ue3_qfi2,0.9718509333333333,ok,0.998487997716604,proxy,5,0.9971499014104583,18266395.2,ok,0.005179545454545455,ok,0.3193011363636364,0.027390625,ok,ue1_qfi82,0.0,99,10.0,data,ok,0.0,ue2_qfi9,17.5,ok,,30.4,ue1_qfi2,0,0.0,0.0,30.303,ok,33.0,,pending,,pending,drone_heavy,4,Reservation,661058651,1.5
ue2_qfi1,0.75,11.0,18.25,18.25,ok,0.0005764647648492842,ok,ue3_qfi9,0,2,4,1006.9999999999997,data,ok,2.0,False,,proxy,3,0,,ue3_qfi2,0.993421052631579,152,150.0,ok,,ue1_qfi2,18.5,ok,,3,ok,3,,ue3_qfi2,0.9722664000000001,ok,0.9989312225714058,proxy,5,0.9983724726379537,18272424.0,ok,0.004740909090909091,ok,0.2772181818181818,0.0209703125,ok,ue1_qfi82,0.0,99,10.0,data,ok,0.0,ue2_qfi1,17.5,ok,,30.4,ue1_qfi2,0,0.0,0.0,30.303,ok,33.0,,pending,,pending,drone_heavy,4,TwoTier,661058651,1.5
ue1_qfi2,6.878,15.228,17.059,18.383,ok,0.000767546804556516,ok,ue3_qfi9,0,2,4,1012.2500000000003,data,ok,2.0,False,,proxy,3,0,,ue1_qfi2,1.0,152,150.0,ok,,ue1_qfi2,19.768,ok,,3,ok,3,,ue1_qfi2,0.9705117333333334,ok,0.9978919918519216,proxy,5,0.9971397881073234,18215614.4,ok,0.004690909090909091,ok,0.27675113636363635,0.025140625,ok,ue1_qfi82,0.0,99,10.0,data,ok,0.0,ue2_qfi1,17.25,ok,,30.4,ue1_qfi2,0,0.0,0.0,30.303,ok,33.0,,pending,,pending,drone_heavy,4,PF,87989972,1.5
ue3_qfi1,0.75,18.0,19.0,19.0,ok,0.0008094918358834286,ok,ue2_qfi9,0,1,4,1005.7499999999994,data,ok,2.0,False,,proxy,3,0,,ue1_qfi2,1.0,152,150.0,ok,,ue1_qfi2,20.5,ok,,3,ok,3,,ue1_qfi2,0.9708874666666666,ok,0.9978023401207302,proxy,5,0.9972153619438999,18218020.8,ok,0.005068181818181818,ok,0.3371034090909091,0.0333890625,ok,ue1_qfi82,0.0,99,10.0,data,ok,0.0,ue3_qfi1,18.25,ok,,30.4,ue1_qfi2,0,0.0,0.0,30.303,ok,33.0,,pending,,pending,drone_heavy,4,Reservation,87989972,1.5
ue3_qfi1,1.0,15.5,19.0,19.0,ok,0.0006232745750925192,ok,ue3_qfi9,0,2,4,1010.0000000000002,data,ok,2.0,False,,proxy,3,0,,ue1_qfi2,1.0,152,150.0,ok,,ue1_qfi2,19.03,ok,,3,ok,3,,ue1_qfi2,0.9708357333333334,ok,0.9987236882000368,proxy,5,0.9977699121984557,18221019.2,ok,0.004847727272727273,ok,0.30022954545454544,0.02584375,ok,ue1_qfi82,0.0,99,10.0,data,ok,0.0,ue3_qfi1,18.0,ok,,30.4,ue1_qfi2,0,0.0,0.0,30.303,ok,33.0,,pending,,pending,drone_heavy,4,TwoTier,87989972,1.5
ue2_qfi9,0.75,17.75,17.75,17.75,ok,0.0006453261862634485,ok,ue1_qfi85,1,1,1,3302.5,data,ok,2.0,False,,proxy,3,0,,ue1_qfi2,1.0,152,150.0,ok,,ue1_qfi2,17.943,ok,,2,ok,3,,ue1_qfi2,0.9486602666666666,ok,0.9987519554412432,proxy,5,0.9979114553467865,18118310.4,ok,0.004879545454545454,ok,0.26495454545454544,0.022378125,ok,ue1_qfi82,0.0,99,10.0,data,ok,0.0,ue2_qfi9,17.0,ok,,30.4,ue1_qfi2,0,0.0,0.0,30.303,ok,33.0,,pending,,pending,drone_heavy,4,PF,161576974,1.5
ue2_qfi1,0.75,16.5,20.5,20.5,ok,0.0007200322430420784,ok,ue1_qfi85,1,1,1,3302.5,data,ok,2.0,False,,proxy,3,0,,ue1_qfi2,1.0,152,150.0,ok,,ue1_qfi2,20.425,ok,,2,ok,3,,ue1_qfi2,0.9486602666666666,ok,0.998674087564677,proxy,5,0.997944143449059,18118905.599999998,ok,0.005402272727272727,ok,0.32596363636363634,0.0299296875,ok,ue1_qfi82,0.0,99,10.0,data,ok,0.0,ue2_qfi1,19.75,ok,,30.4,ue1_qfi2,0,0.0,0.0,30.303,ok,33.0,,pending,,pending,drone_heavy,4,Reservation,161576974,1.5
ue3_qfi1,0.75,15.5,20.25,20.25,ok,0.0006009836540388616,ok,ue1_qfi85,1,1,1,3302.5,data,ok,2.0,False,,proxy,3,0,,ue1_qfi2,1.0,152,150.0,ok,,ue1_qfi2,18.644,ok,,2,ok,3,,ue1_qfi2,0.9486602666666666,ok,0.9988245823617747,proxy,5,0.998283043908418,18119700.8,ok,0.004818181818181818,ok,0.28638977272727273,0.0231125,ok,ue1_qfi82,0.0,99,10.0,data,ok,0.0,ue3_qfi1,19.5,ok,,30.4,ue1_qfi2,0,0.0,0.0,30.303,ok,33.0,,pending,,pending,drone_heavy,4,TwoTier,161576974,1.5
ue3_qfi1,0.5,15.5,18.0,18.0,ok,0.0006045395278987262,ok,ue1_qfi85,0,1,1,1693.7500000000005,data,ok,2.0,False,,proxy,3,0,,ue3_qfi2,0.993421052631579,152,150.0,ok,,ue1_qfi2,19.149,ok,,3,ok,3,,ue2_qfi2,0.9682112,ok,0.9987483355274287,proxy,5,0.9971624841102372,18203497.6,ok,0.004670454545454545,ok,0.27136704545454543,0.0230015625,ok,ue1_qfi82,0.0,99,10.0,data,ok,0.0,ue3_qfi1,17.5,ok,,30.2,ue3_qfi2,1,72.25,72.25,30.303,ok,33.0,,pending,,pending,drone_heavy,4,PF,35492826,1.5
ue3_qfi1,0.75,17.75,21.5,21.5,ok,0.00067654547781211,ok,ue1_qfi85,0,1,1,1693.7500000000005,data,ok,2.0,False,,proxy,3,0,,ue3_qfi2,0.993421052631579,152,150.0,ok,,ue2_qfi2,20.037,ok,,3,ok,3,,ue2_qfi2,0.9682112,ok,0.998529262303188,proxy,5,0.9978814586778807,18205307.2,ok,0.005234090909090909,ok,0.3306034090909091,0.03089375,ok,ue1_qfi82,0.0,99,10.0,data,ok,0.0,ue3_qfi1,20.75,ok,,30.4,ue1_qfi2,0,0.0,0.0,30.303,ok,33.0,,pending,,pending,drone_heavy,4,Reservation,35492826,1.5
ue3_qfi1,0.75,17.75,18.5,18.5,ok,0.0005567420478003944,ok,ue1_qfi85,0,1,1,1695.2499999999998,data,ok,2.0,False,,proxy,3,0,,ue2_qfi2,0.993421052631579,152,150.0,ok,,ue1_qfi2,18.42,ok,,3,ok,3,,ue2_qfi2,0.9675458666666666,ok,0.9989598192419665,proxy,5,0.998723407930697,18201526.4,ok,0.004604545454545455,ok,0.29174886363636365,0.0233703125,ok,ue1_qfi82,0.0,99,10.0,data,ok,0.0,ue3_qfi1,17.75,ok,,30.2,ue3_qfi2,1,69.0,69.0,30.303,ok,33.0,,pending,,pending,drone_heavy,4,TwoTier,35492826,1.5
ue3_qfi1,0.75,13.5,18.0,18.0,ok,0.000689401583177577,ok,ue2_qfi9,0,2,4,1008.2499999999999,data,ok,2.0,False,,proxy,3,0,,ue1_qfi2,1.0,152,150.0,ok,,ue1_qfi2,18.833,ok,,3,ok,3,,ue3_qfi2,0.9617362666666666,ok,0.9983462773681036,proxy,5,0.9974407951830337,18106896.0,ok,0.004847727272727273,ok,0.26852613636363637,0.02158125,ok,ue1_qfi82,0.0,99,10.0,data,ok,0.0,ue2_qfi1,17.25,ok,,30.4,ue1_qfi2,0,0.0,0.0,30.303,ok,33.0,,pending,,pending,drone_heavy,4,PF,376383645,1.5
ue2_qfi9,0.75,20.25,20.25,20.25,ok,0.0007093401308450342,ok,ue2_qfi9,0,1,4,1010.2499999999997,data,ok,2.0,False,,proxy,3,0,,ue3_qfi2,0.993421052631579,152,150.0,ok,,ue1_qfi2,18.854,ok,,3,ok,3,,ue3_qfi2,0.9609664000000001,ok,0.9983480191641844,proxy,5,0.9971759601394456,18102628.8,ok,0.0052,ok,0.3291545454545455,0.02921875,ok,ue1_qfi82,0.0,99,10.0,data,ok,0.0,ue2_qfi9,19.5,ok,,30.4,ue1_qfi2,0,0.0,0.0,30.303,ok,33.0,,pending,,pending,drone_heavy,4,Reservation,376383645,1.5
ue3_qfi9,1.0,18.0,18.0,18.0,ok,0.0006182501982595904,ok,ue3_qfi9,0,1,4,1007.2499999999995,data,ok,2.0,False,,proxy,3,0,,ue1_qfi2,0.993421052631579,152,150.0,ok,,ue1_qfi2,18.726,ok,,3,ok,3,,ue3_qfi2,0.9617362666666666,ok,0.9986859972807801,proxy,5,0.9981909330981871,18104646.4,ok,0.004652272727272727,ok,0.29047272727272727,0.022134375,ok,ue1_qfi82,0.0,99,10.0,data,ok,0.0,ue3_qfi9,17.0,ok,,30.2,ue1_qfi2,0,0.0,0.0,30.303,ok,33.0,,pending,,pending,drone_heavy,4,TwoTier,376383645,1.5
ue2_qfi1,0.75,18.0,18.5,18.5,ok,0.0006174679386388589,ok,ue2_qfi9,0,2,4,1009.7499999999999,data,ok,2.0,False,,proxy,3,0,,ue1_qfi2,0.993421052631579,152,150.0,ok,,ue2_qfi2,19.083,ok,,3,ok,3,,ue1_qfi2,0.9641485333333334,ok,0.9986291306107906,proxy,5,0.9977952278548903,18127393.6,ok,0.004781818181818182,ok,0.2726386363636364,0.0220296875,ok,ue1_qfi82,0.0,99,10.0,data,ok,0.0,ue2_qfi1,17.75,ok,,30.2,ue1_qfi2,0,0.0,0.0,30.303,ok,33.0,,pending,,pending,drone_heavy,4,PF,1746484539,1.5
ue3_qfi9,0.75,18.25,18.25,18.25,ok,0.0006883041852688962,ok,ue2_qfi9,0,1,4,1010.0000000000002,data,ok,2.0,False,,proxy,3,0,,ue2_qfi2,0.993421052631579,152,150.0,ok,,ue1_qfi2,18.284,ok,,3,ok,3,,ue1_qfi2,0.9641850666666667,ok,0.9984183259895436,proxy,5,0.9973020937612529,18119584.0,ok,0.0052681818181818186,ok,0.3302181818181818,0.029171875,ok,ue1_qfi82,0.0,99,10.0,data,ok,0.0,ue3_qfi9,17.5,ok,,30.2,ue3_qfi2,1,68.0,68.0,30.303,ok,33.0,,pending,,pending,drone_heavy,4,Reservation,1746484539,1.5
ue2_qfi9,1.0,18.0,18.0,18.0,ok,0.0005829835843538781,ok,ue2_qfi9,0,1,4,1007.2499999999995,data,ok,2.0,False,,proxy,3,0,,ue2_qfi2,0.993421052631579,152,150.0,ok,,ue1_qfi2,17.867,ok,,3,ok,3,,ue1_qfi2,0.9641850666666667,ok,0.9989069852227452,proxy,5,0.9982895785664924,18125694.400000002,ok,0.004581818181818182,ok,0.2925443181818182,0.02213125,ok,ue1_qfi82,0.0,99,10.0,data,ok,0.0,ue2_qfi1,17.25,ok,,30.4,ue1_qfi2,0,0.0,0.0,30.303,ok,33.0,,pending,,pending,drone_heavy,4,TwoTier,1746484539,1.5
ue1_qfi2,3.919,9.531,11.0,11.506,ok,0.0,ok,ue2_qfi9,0,1,4,1000.0000000000002,data,ok,2.0,False,,proxy,3,0,,ue3_qfi2,0.993421052631579,152,150.0,ok,,ue1_qfi2,11.506,ok,,3,ok,3,,ue2_qfi2,0.9650136,ok,0.9999948741037624,proxy,5,0.9999817799669432,6560952.0,ok,0.004704545454545454,ok,0.10323068181818182,0.01808125,ok,ue1_qfi82,0.0,99,10.0,data,ok,0.0,ue2_qfi1,10.5,ok,,30.4,ue1_qfi2,0,0.0,0.0,30.303,ok,33.0,,pending,,pending,drone_heavy,4,PF,1826701614,0.5
ue2_qfi1,0.5,6.75,13.0,13.0,ok,0.0,ok,ue2_qfi9,0,2,4,1000.75,data,ok,2.0,False,,proxy,3,0,,ue1_qfi2,1.0,152,150.0,ok,,ue1_qfi2,11.919,ok,,3,ok,3,,ue2_qfi2,0.9650136,ok,0.9999961346558583,proxy,5,0.9999907268123694,6565979.2,ok,0.005236363636363636,ok,0.1567181818181818,0.0201359375,ok,ue1_qfi82,0.0,99,10.0,data,ok,0.0,ue2_qfi1,12.5,ok,,30.4,ue1_qfi2,0,0.0,0.0,30.303,ok,33.0,,pending,,pending,drone_heavy,4,Reservation,1826701614,0.5
ue1_qfi2,3.266,9.09,10.009,11.0,ok,0.0,ok,ue3_qfi9,0,2,4,1000.9999999999999,data,ok,2.0,False,,proxy,3,0,,ue2_qfi2,0.993421052631579,152,150.0,ok,,ue1_qfi2,10.948,ok,,3,ok,3,,ue2_qfi2,0.9623528,ok,0.9999945054416232,proxy,5,0.9999839846868708,6560712.0,ok,0.004604545454545455,ok,0.11357840909090909,0.0185921875,ok,ue1_qfi82,0.0,99,10.0,data,ok,0.0,ue2_qfi1,9.75,ok,,30.4,ue1_qfi2,0,0.0,0.0,30.303,ok,33.0,,pending,,pending,drone_heavy,4,TwoTier,1826701614,0.5
ue1_qfi2,4.163,9.81,10.946,12.073,ok,9.29024957503885e-05,ok,ue3_qfi9,0,1,4,1000.5,data,ok,2.0,False,,proxy,3,0,,ue1_qfi2,1.0,152,150.0,ok,,ue1_qfi2,11.5,ok,,3,ok,3,,ue3_qfi2,0.959668,ok,0.999994036129347,proxy,5,0.9999777072229795,6492545.6,ok,0.004686363636363636,ok,0.1041875,0.0181703125,ok,ue1_qfi82,0.0,99,10.0,data,ok,0.0,ue2_qfi1,10.5,ok,,30.4,ue1_qfi2,0,0.0,0.0,30.303,ok,33.0,,pending,,pending,drone_heavy,4,PF,1367864806,0.5
ue1_qfi2,4.249,10.539,12.089,12.81,ok,0.0,ok,ue2_qfi9,0,1,4,1000.0000000000002,data,ok,2.0,False,,proxy,3,0,,ue1_qfi2,1.0,152,150.0,ok,,ue1_qfi2,12.322,ok,,3,ok,3,,ue3_qfi2,0.959668,ok,0.999992865090179,proxy,5,0.9999840864578955,6493137.6,ok,0.0052545454545454544,ok,0.15537954545454546,0.0202953125,ok,ue1_qfi82,0.0,99,10.0,data,ok,0.0,ue3_qfi1,12.25,ok,,30.4,ue1_qfi2,0,0.0,0.0,30.303,ok,33.0,,pending,,pending,drone_heavy,4,Reservation,1367864806,0.5
ue3_qfi1,0.5,10.25,11.0,11.0,ok,0.0,ok,ue2_qfi9,0,2,4,1000.2499999999999,data,ok,2.0,False,,proxy,3,0,,ue1_qfi2,1.0,152,150.0,ok,,ue2_qfi2,10.75,ok,,3,ok,3,,ue3_qfi2,0.959668,ok,0.9999970017558573,proxy,5,0.9999931232652689,6493112.0,ok,0.004686363636363636,ok,0.11442272727272727,0.018584375,ok,ue1_qfi82,0.0,99,10.0,data,ok,0.0,ue3_qfi1,10.5,ok,,30.4,ue1_qfi2,0,0.0,0.0,30.303,ok,33.0,,pending,,pending,drone_heavy,4,TwoTier,1367864806,0.5
ue1_qfi2,4.083,9.199,10.192,10.655,ok,0.0,ok,ue2_qfi9,0,1,4,1000.0000000000002,data,ok,2.0,False,,proxy,3,0,,ue1_qfi2,1.0,152,150.0,ok,,ue1_qfi2,10.625,ok,,3,ok,3,,ue2_qfi2,0.970256,ok,0.9999973880731361,proxy,5,0.9999932191812256,6517628.8,ok,0.004631818181818181,ok,0.10775454545454545,0.0189546875,ok,ue1_qfi82,0.0,99,10.0,data,ok,0.0,ue2_qfi1,10.0,ok,,30.4,ue1_qfi2,0,0.0,0.0,30.303,ok,33.0,,pending,,pending,drone_heavy,4,PF,1097657231,0.5
ue3_qfi1,0.5,7.75,12.75,12.75,ok,4.9103649702419604e-05,ok,ue2_qfi9,0,2,4,1000.5000000000001,data,ok,2.0,False,,proxy,3,0,,ue2_qfi2,0.993421052631579,152,150.0,ok,,ue1_qfi2,12.155,ok,,3,ok,3,,ue2_qfi2,0.9698176,ok,0.9999927019586738,proxy,5,0.9999747465065727,6516507.2,ok,0.005184090909090909,ok,0.16093863636363637,0.0213140625,ok,ue1_qfi82,0.0,99,10.0,data,ok,0.0,ue3_qfi1,12.25,ok,,30.4,ue1_qfi2,0,0.0,0.0,30.303,ok,33.0,,pending,,pending,drone_heavy,4,Reservation,1097657231,0.5
ue3_qfi2,3.322,8.391,10.209,11.039,ok,0.0,ok,ue3_qfi9,0,2,4,1000.4999999999998,data,ok,2.0,False,,proxy,3,0,,ue1_qfi2,1.0,152,150.0,ok,,ue3_qfi2,11.039,ok,,3,ok,3,,ue2_qfi2,0.9698656,ok,0.999997512677352,proxy,5,0.9999937955709927,6516923.2,ok,0.004668181818181818,ok,0.11864204545454546,0.0192546875,ok,ue1_qfi82,0.0,99,10.0,data,ok,0.0,ue3_qfi1,10.25,ok,,30.4,ue1_qfi2,0,0.0,0.0,30.303,ok,33.0,,pending,,pending,drone_heavy,4,TwoTier,1097657231,0.5
ue1_qfi2,4.607,9.448,10.881,11.546,ok,0.0,ok,ue3_qfi9,0,1,4,1000.0000000000002,data,ok,2.0,False,,proxy,3,0,,ue1_qfi2,1.0,152,150.0,ok,,ue1_qfi2,11.473,ok,,3,ok,3,,ue2_qfi2,0.9608384,ok,0.9999982757024017,proxy,5,0.9999949425678243,6506726.4,ok,0.004634090909090909,ok,0.10532727272727273,0.01856875,ok,ue1_qfi82,0.0,99,10.0,data,ok,0.0,ue3_qfi1,10.0,ok,,30.4,ue1_qfi2,0,0.0,0.0,30.303,ok,33.0,,pending,,pending,drone_heavy,4,PF,579362555,0.5
ue2_qfi1,0.5,10.5,13.0,13.0,ok,2.458993819073136e-07,ok,ue2_qfi9,0,2,4,1000.2499999999999,data,ok,2.0,False,,proxy,3,0,,ue1_qfi2,1.0,152,150.0,ok,,ue1_qfi2,11.436,ok,,3,ok,3,,ue2_qfi2,0.9608384,ok,0.9999975805785042,proxy,5,0.9999938692408992,6506724.8,ok,0.005113636363636364,ok,0.1580875,0.0206171875,ok,ue1_qfi82,0.0,99,10.0,data,ok,0.0,ue2_qfi1,12.5,ok,,30.4,ue1_qfi2,0,0.0,0.0,30.303,ok,33.0,,pending,,pending,drone_heavy,4,Reservation,579362555,0.5
ue1_qfi2,3.825,9.296,10.531,11.248,ok,4.1561594529018604e-05,ok,ue3_qfi9,0,2,4,1002.2499999999997,data,ok,2.0,False,,proxy,3,0,,ue1_qfi2,0.993421052631579,152,150.0,ok,,ue1_qfi2,10.857,ok,,3,ok,3,,ue2_qfi2,0.9608384,ok,0.9999936049767706,proxy,5,0.9999743290706359,6505736.0,ok,0.004559090909090909,ok,0.1158,0.018903125,ok,ue1_qfi82,0.0,99,10.0,data,ok,0.0,ue2_qfi1,10.0,ok,,30.2,ue1_qfi2,0,0.0,0.0,30.303,ok,33.0,,pending,,pending,drone_heavy,4,TwoTier,579362555,0.5
ue1_qfi2,4.038,9.614,11.014,12.099,ok,0.0,ok,ue3_qfi9,0,1,4,1000.7500000000002,data,ok,2.0,False,,proxy,3,0,,ue1_qfi2,1.0,152,150.0,ok,,ue1_qfi2,11.323,ok,,3,ok,3,,ue3_qfi2,0.9725775999999999,ok,0.9999926586959607,proxy,5,0.9999889018236765,6554332.8,ok,0.004527272727272727,ok,0.10115681818181818,0.016915625,ok,ue1_qfi82,0.0,99,10.0,data,ok,0.0,ue2_qfi1,10.0,ok,,30.4,ue1_qfi2,0,0.0,0.0,30.303,ok,33.0,,pending,,pending,drone_heavy,4,PF,661058651,0.5
ue2_qfi1,0.5,10.25,14.0,14.0,ok,0.0,ok,ue2_qfi9,0,2,4,1000.2499999999999,data,ok,2.0,False,,proxy,3,0,,ue1_qfi2,1.0,152,150.0,ok,,ue1_qfi2,12.645,ok,,3,ok,3,,ue3_qfi2,0.9725775999999999,ok,0.9999947399717657,proxy,5,0.9999911161726315,6554305.6,ok,0.005004545454545454,ok,0.15405227272727273,0.0185328125,ok,ue1_qfi82,0.0,99,10.0,data,ok,0.0,ue2_qfi1,13.5,ok,,30.4,ue1_qfi2,0,0.0,0.0,30.303,ok,33.0,,pending,,pending,drone_heavy,4,Reservation,661058651,0.5
ue1_qfi2,3.532,9.579,10.776,11.014,ok,0.0,ok,ue3_qfi9,0,1,4,1000.5000000000001,data,ok,2.0,False,,proxy,3,0,,ue1_qfi2,1.0,152,150.0,ok,,ue1_qfi2,10.818,ok,,3,ok,3,,ue3_qfi2,0.9725775999999999,ok,0.9999942646118255,proxy,5,0.9999907523480894,6554332.8,ok,0.004468181818181818,ok,0.11094886363636364,0.0170828125,ok,ue1_qfi82,0.0,99,10.0,data,ok,0.0,ue3_qfi1,10.5,ok,,30.4,ue1_qfi2,0,0.0,0.0,30.303,ok,33.0,,pending,,pending,drone_heavy,4,TwoTier,661058651,0.5
ue1_qfi2,4.348,10.293,10.877,12.059,ok,0.00011379387304421369,ok,ue3_qfi9,0,2,4,1000.2499999999999,data,ok,2.0,False,,proxy,3,0,,ue1_qfi2,1.0,152,150.0,ok,,ue1_qfi2,12.059,ok,,3,ok,3,,ue1_qfi2,0.970964,ok,0.9999891736882416,proxy,5,0.9999732060654771,6537704.0,ok,0.004670454545454545,ok,0.1081,0.0202203125,ok,ue1_qfi82,0.0,99,10.0,data,ok,0.0,ue3_qfi1,10.25,ok,,30.4,ue1_qfi2,0,0.0,0.0,30.303,ok,33.0,,pending,,pending,drone_heavy,4,PF,87989972,0.5
ue3_qfi1,0.5,6.0,13.0,13.0,ok,0.0,ok,ue2_qfi9,0,2,4,1002.2499999999997,data,ok,2.0,False,,proxy,3,0,,ue1_qfi2,1.0,152,150.0,ok,,ue1_qfi2,12.877,ok,,3,ok,3,,ue1_qfi2,0.970964,ok,0.9999937745635687,proxy,5,0.99998483580084,6538081.6,ok,0.005047727272727272,ok,0.16349318181818182,0.0226140625,ok,ue1_qfi82,0.0,99,10.0,data,ok,0.0,ue3_qfi1,12.5,ok,,30.4,ue1_qfi2,0,0.0,0.0,30.303,ok,33.0,,pending,,pending,drone_heavy,4,Reservation,87989972,0.5
ue1_qfi2,3.591,10.0,10.646,12.087,ok,2.6937352778183877e-06,ok,ue3_qfi9,0,2,4,1000.7499999999995,data,ok,2.0,False,,proxy,3,0,,ue3_qfi2,0.993421052631579,152,150.0,ok,,ue1_qfi2,11.944,ok,,3,ok,3,,ue1_qfi2,0.970964,ok,0.9999921975217104,proxy,5,0.999983204338119,6533660.8,ok,0.004595454545454546,ok,0.11974318181818182,0.020646875,ok,ue1_qfi82,0.0,99,10.0,data,ok,0.0,ue3_qfi1,10.0,ok,,30.2,ue3_qfi2,1,69.0,69.0,30.303,ok,33.0,,pending,,pending,drone_heavy,4,TwoTier,87989972,0.5
ue1_qfi2,4.339,9.527,11.0,11.75,ok,0.00019072059408357646,ok,ue1_qfi85,1,1,1,3302.5,data,ok,2.0,False,,proxy,3,0,,ue1_qfi2,1.0,152,150.0,ok,,ue1_qfi2,11.75,ok,,2,ok,3,,ue1_qfi2,0.9486232,ok,0.9999869919575917,proxy,5,0.9999700819264299,6501054.4,ok,0.004827272727272727,ok,0.10392159090909091,0.018303125,ok,ue1_qfi82,0.0,99,10.0,data,ok,0.0,ue3_qfi1,10.0,ok,,30.4,ue1_qfi2,0,0.0,0.0,30.303,ok,33.0,,pending,,pending,drone_heavy,4,PF,161576974,0.5
ue1_qfi2,4.319,10.675,11.454,11.981,ok,3.667195825795892e-05,ok,ue1_qfi85,1,1,1,3302.5,data,ok,2.0,False,,proxy,3,0,,ue1_qfi2,1.0,152,150.0,ok,,ue1_qfi2,11.912,ok,,2,ok,3,,ue1_qfi2,0.9482632,ok,0.9999954221321975,proxy,5,0.9999893737735478,6500838.4,ok,0.005347727272727273,ok,0.15684204545454544,0.0204140625,ok,ue1_qfi82,0.0,99,10.0,data,ok,0.0,ue2_qfi1,10.0,ok,,30.4,ue1_qfi2,0,0.0,0.0,30.303,ok,33.0,,pending,,pending,drone_heavy,4,Reservation,161576974,0.5
ue3_qfi2,3.27,8.024,10.026,10.831,ok,0.0,ok,ue1_qfi85,1,1,1,3302.5,data,ok,2.0,False,,proxy,3,0,,ue1_qfi2,1.0,152,150.0,ok,,ue3_qfi2,10.528,ok,,2,ok,3,,ue1_qfi2,0.9486232,ok,0.9999961253966653,proxy,5,0.9999910749081439,6501622.4,ok,0.004688636363636364,ok,0.11471363636363636,0.01870625,ok,ue1_qfi82,0.0,99,10.0,data,ok,0.0,ue2_qfi1,10.25,ok,,30.4,ue1_qfi2,0,0.0,0.0,30.303,ok,33.0,,pending,,pending,drone_heavy,4,TwoTier,161576974,0.5
ue1_qfi2,3.853,9.695,11.083,11.965,ok,0.0,ok,ue1_qfi85,0,1,1,1693.7500000000005,data,ok,2.0,False,,proxy,3,0,,ue1_qfi2,1.0,152,150.0,ok,,ue1_qfi2,12.498,ok,,3,ok,3,,ue2_qfi2,0.968176,ok,0.9999933396353139,proxy,5,0.9999894321287994,6532566.4,ok,0.004675,ok,0.1055909090909091,0.0180765625,ok,ue1_qfi82,0.0,99,10.0,data,ok,0.0,ue2_qfi1,10.25,ok,,30.4,ue1_qfi2,0,0.0,0.0,30.303,ok,33.0,,pending,,pending,drone_heavy,4,PF,35492826,0.5
ue2_qfi1,0.5,10.5,13.0,13.0,ok,0.0,ok,ue1_qfi85,0,1,1,1693.7500000000005,data,ok,2.0,False,,proxy,3,0,,ue3_qfi2,0.993421052631579,152,150.0,ok,,ue1_qfi2,12.326,ok,,3,ok,3,,ue2_qfi2,0.968176,ok,0.9999923077420589,proxy,5,0.9999863308063893,6531377.6,ok,0.005159090909090909,ok,0.1587556818181818,0.0201203125,ok,ue1_qfi82,0.0,99,10.0,data,ok,0.0,ue2_qfi1,12.5,ok,,30.4,ue1_qfi2,0,0.0,0.0,30.303,ok,33.0,,pending,,pending,drone_heavy,4,Reservation,35492826,0.5
ue1_qfi2,3.313,9.076,10.277,11.122,ok,0.0,ok,ue1_qfi85,0,1,1,1693.7500000000005,data,ok,2.0,False,,proxy,3,0,,ue1_qfi2,1.0,152,150.0,ok,,ue1_qfi2,10.92,ok,,3,ok,3,,ue2_qfi2,0.968176,ok,0.9999929995715636,proxy,5,0.9999893707237157,6532564.8,ok,0.004615909090909091,ok,0.11558181818181819,0.0182453125,ok,ue1_qfi82,0.0,99,10.0,data,ok,0.0,ue2_qfi1,10.25,ok,,30.4,ue1_qfi2,0,0.0,0.0,30.303,ok,33.0,,pending,,pending,drone_heavy,4,TwoTier,35492826,0.5
ue1_qfi2,4.071,9.647,10.629,11.358,ok,0.0,ok,ue2_qfi9,0,2,4,1000.2499999999999,data,ok,2.0,False,,proxy,3,0,,ue1_qfi2,1.0,152,150.0,ok,,ue1_qfi2,11.187,ok,,3,ok,3,,ue3_qfi2,0.9616975999999999,ok,0.9999924251759902,proxy,5,0.9999734508385829,6500104.0,ok,0.0047227272727272725,ok,0.10531704545454545,0.0172265625,ok,ue1_qfi82,0.0,99,10.0,data,ok,0.0,ue2_qfi1,10.25,ok,,30.4,ue1_qfi2,0,0.0,0.0,30.303,ok,33.0,,pending,,pending,drone_heavy,4,PF,376383645,0.5
ue1_qfi2,4.037,11.0,12.25,12.75,ok,0.0,ok,ue2_qfi9,0,2,4,1000.2499999999999,data,ok,2.0,False,,proxy,3,0,,ue1_qfi2,1.0,152,150.0,ok,,ue1_qfi2,12.729,ok,,3,ok,3,,ue3_qfi2,0.9616975999999999,ok,0.9999974186650433,proxy,5,0.9999940036040095,6500524.8,ok,0.005170454545454546,ok,0.15825454545454545,0.019140625,ok,ue1_qfi82,0.0,99,10.0,data,ok,0.0,ue3_qfi1,10.25,ok,,30.4,ue1_qfi2,0,0.0,0.0,30.303,ok,33.0,,pending,,pending,drone_heavy,4,Reservation,376383645,0.5
ue3_qfi2,3.362,8.393,9.742,10.984,ok,4.922681896788098e-05,ok,ue2_qfi9,0,3,4,1000.2500000000001,data,ok,2.0,False,,proxy,3,0,,ue1_qfi2,1.0,152,150.0,ok,,ue3_qfi2,10.957,ok,,3,ok,3,,ue3_qfi2,0.9616975999999999,ok,0.9999974514154859,proxy,5,0.9999939831236254,6500521.6,ok,0.004656818181818182,ok,0.11595,0.01750625,ok,ue1_qfi82,0.0,99,10.0,data,ok,0.0,ue3_qfi1,10.25,ok,,30.4,ue1_qfi2,0,0.0,0.0,30.303,ok,33.0,,pending,,pending,drone_heavy,4,TwoTier,376383645,0.5
ue2_qfi1,0.5,7.75,10.75,10.75,ok,4.91809527088254e-05,ok,ue2_qfi9,0,1,4,1000.2500000000001,data,ok,2.0,False,,proxy,3,0,,ue1_qfi2,1.0,152,150.0,ok,,ue1_qfi2,10.446,ok,,3,ok,3,,ue1_qfi2,0.9641512,ok,0.9999997221294011,proxy,5,0.9999989752102101,6506584.0,ok,0.00465,ok,0.10530227272727273,0.01705625,ok,ue1_qfi82,0.0,99,10.0,data,ok,0.0,ue2_qfi1,10.25,ok,,30.4,ue1_qfi2,0,0.0,0.0,30.303,ok,33.0,,pending,,pending,drone_heavy,4,PF,1746484539,0.5
ue2_qfi1,0.5,7.75,13.0,13.0,ok,0.0,ok,ue2_qfi9,0,2,4,1000.4999999999998,data,ok,2.0,False,,proxy,3,0,,ue1_qfi2,0.993421052631579,152,150.0,ok,,ue1_qfi2,12.091,ok,,3,ok,3,,ue1_qfi2,0.9618416,ok,0.9999932555021169,proxy,5,0.999985407424761,6501896.0,ok,0.005068181818181818,ok,0.1580784090909091,0.0191296875,ok,ue1_qfi82,0.0,99,10.0,data,ok,0.0,ue2_qfi1,12.5,ok,,30.2,ue1_qfi2,0,0.0,0.0,30.303,ok,33.0,,pending,,pending,drone_heavy,4,Reservation,1746484539,0.5
ue2_qfi1,0.5,8.25,11.0,11.0,ok,0.0,ok,ue3_qfi9,0,2,4,1000.7499999999995,data,ok,2.0,False,,proxy,3,0,,ue1_qfi2,1.0,152,150.0,ok,,ue1_qfi2,10.412,ok,,3,ok,3,,ue1_qfi2,0.9641512,ok,0.999996668274011,proxy,5,0.999991469607679,6506547.2,ok,0.004588636363636363,ok,0.11560227272727273,0.017265625,ok,ue1_qfi82,0.0,99,10.0,data,ok,0.0,ue2_qfi1,10.5,ok,,30.4,ue1_qfi2,0,0.0,0.0,30.303,ok,33.0,,pending,,pending,drone_heavy,4,TwoTier,1746484539,0.5
ue3_qfi9,0.5,18.5,18.5,18.5,ok,0.0012376702565023794,ok,ue3_qfi9,0,2,4,1000.5000000000001,data,ok,2.0,False,,proxy,3,0,,ue1_qfi2,1.0,152,150.0,ok,,ue1_qfi2,19.031,ok,,3,ok,3,,ue2_qfi2,0.9669133333333333,ok,0.9974343339720422,proxy,5,0.9956901241727804,18717121.6,ok,0.004561363636363636,ok,0.27711022727272727,0.0283171875,ok,ue1_qfi82,0.0,99,10.0,data,ok,0.0,ue3_qfi9,18.0,ok,,30.4,ue1_qfi2,0,0.0,0.0,30.303,ok,33.0,,pending,,pending,ugv_heavy,4,PF,1826701614,1.5
ue3_qfi9,1.0,20.5,20.5,20.5,ok,0.0013456934223789892,ok,ue3_qfi9,0,1,4,1005.2499999999998,data,ok,2.0,False,,proxy,3,0,,ue1_qfi2,1.0,152,150.0,ok,,ue1_qfi2,19.118,ok,,3,ok,3,,ue2_qfi2,0.9666354666666667,ok,0.9971144872789413,proxy,5,0.9951245538497846,18711865.599999998,ok,0.004961363636363636,ok,0.34338636363636366,0.0349640625,ok,ue1_qfi82,0.0,99,10.0,data,ok,0.0,ue3_qfi1,19.5,ok,,30.4,ue1_qfi2,0,0.0,0.0,30.303,ok,33.0,,pending,,pending,ugv_heavy,4,Reservation,1826701614,1.5
ue3_qfi1,1.0,13.5,17.75,17.75,ok,0.001151414656138146,ok,ue3_qfi9,0,1,4,1001.2500000000002,data,ok,2.0,False,,proxy,3,0,,ue1_qfi2,1.0,152,150.0,ok,,ue2_qfi2,18.551,ok,,3,ok,3,,ue2_qfi2,0.9669133333333333,ok,0.9977432464920684,proxy,5,0.9956995893781343,18717568.0,ok,0.004670454545454545,ok,0.3116022727272727,0.02898125,ok,ue1_qfi82,0.0,99,10.0,data,ok,0.0,ue3_qfi1,16.75,ok,,30.4,ue1_qfi2,0,0.0,0.0,30.303,ok,33.0,,pending,,pending,ugv_heavy,4,TwoTier,1826701614,1.5
ue2_qfi2,6.25,14.765,16.873,17.989,ok,0.001262839701472158,ok,ue3_qfi9,0,2,4,1000.5000000000001,data,ok,2.0,False,,proxy,3,0,,ue1_qfi2,1.0,152,150.0,ok,,ue2_qfi2,19.0,ok,,3,ok,3,,ue1_qfi2,0.9613016,ok,0.9972719274450539,proxy,5,0.9957638685065259,18584860.8,ok,0.004736363636363637,ok,0.28171477272727274,0.0300421875,ok,ue1_qfi82,0.0,99,10.0,data,ok,0.0,ue2_qfi9,15.25,ok,,30.4,ue1_qfi2,0,0.0,0.0,30.303,ok,33.0,,pending,,pending,ugv_heavy,4,PF,1367864806,1.5
ue3_qfi1,1.0,18.0,18.5,18.5,ok,0.0014785927429925092,ok,ue3_qfi9,0,2,4,1004.75,data,ok,2.0,False,,proxy,3,0,,ue2_qfi2,0.993421052631579,152,150.0,ok,,ue2_qfi2,19.689,ok,,3,ok,3,,ue1_qfi2,0.9613016,ok,0.9965344222905109,proxy,5,0.9946137251462426,18577248.0,ok,0.005334090909090909,ok,0.3478409090909091,0.036759375,ok,ue1_qfi82,0.0,99,10.0,data,ok,0.0,ue3_qfi1,17.5,ok,,30.4,ue1_qfi2,0,0.0,0.0,30.303,ok,33.0,,pending,,pending,ugv_heavy,4,Reservation,1367864806,1.5
ue3_qfi1,1.0,18.0,20.5,20.5,ok,0.001204551398749846,ok,ue3_qfi9,0,1,4,1005.5000000000001,data,ok,2.0,False,,proxy,3,0,,ue1_qfi2,1.0,152,150.0,ok,,ue2_qfi2,18.732,ok,,3,ok,3,,ue1_qfi2,0.9613016,ok,0.9975840278330645,proxy,5,0.9966819604280758,18587723.2,ok,0.004677272727272727,ok,0.3169875,0.030728125,ok,ue1_qfi82,0.0,99,10.0,data,ok,0.0,ue3_qfi1,19.5,ok,,30.4,ue1_qfi2,0,0.0,0.0,30.303,ok,33.0,,pending,,pending,ugv_heavy,4,TwoTier,1367864806,1.5
ue1_qfi2,7.022,15.471,17.272,18.675,ok,0.0012613804939309427,ok,ue1_qfi85,1,1,1,2601.2500000000005,data,ok,2.0,False,,proxy,3,0,,ue1_qfi2,1.0,152,150.0,ok,,ue1_qfi2,19.491,ok,,3,ok,3,,ue1_qfi2,0.9567410666666667,ok,0.997472858577855,proxy,5,0.9968845601635212,18758718.400000002,ok,0.004743181818181818,ok,0.2944840909090909,0.0320171875,ok,ue1_qfi82,0.0,99,10.0,data,ok,0.0,ue1_qfi9,15.0,ok,,30.4,ue1_qfi2,0,0.0,0.0,30.303,ok,33.0,,pending,,pending,ugv_heavy,4,PF,1097657231,1.5
ue3_qfi1,1.0,18.0,20.5,20.5,ok,0.0014907518440813276,ok,ue1_qfi85,1,1,1,2601.2500000000005,data,ok,2.0,False,,proxy,3,0,,ue1_qfi2,1.0,152,150.0,ok,,ue1_qfi2,20.95,ok,,3,ok,3,,ue1_qfi2,0.956684,ok,0.9966807725516242,proxy,5,0.9957143804816292,18755816.0,ok,0.005381818181818182,ok,0.36007045454545455,0.0394484375,ok,ue1_qfi82,0.0,99,10.0,data,ok,0.0,ue3_qfi1,19.5,ok,,30.4,ue1_qfi2,0,0.0,0.0,30.303,ok,33.0,,pending,,pending,ugv_heavy,4,Reservation,1097657231,1.5
ue3_qfi1,0.75,18.0,18.25,18.25,ok,0.0012119387467449273,ok,ue1_qfi85,1,1,1,2601.2500000000005,data,ok,2.0,False,,proxy,3,0,,ue1_qfi2,1.0,152,150.0,ok,,ue1_qfi2,18.905,ok,,3,ok,3,,ue1_qfi2,0.9567410666666667,ok,0.997831999145576,proxy,5,0.9972368362920703,18759233.6,ok,0.004738636363636363,ok,0.3314238636363636,0.032678125,ok,ue1_qfi82,0.0,99,10.0,data,ok,0.0,ue3_qfi1,17.5,ok,,30.4,ue1_qfi2,0,0.0,0.0,30.303,ok,33.0,,pending,,pending,ugv_heavy,4,TwoTier,1097657231,1.5
ue2_qfi2,6.803,15.597,17.453,18.363,ok,0.0013169835599708656,ok,ue1_qfi85,0,1,1,1928.7499999999998,data,ok,2.0,False,,proxy,3,0,,ue3_qfi2,0.993421052631579,152,150.0,ok,,ue2_qfi2,19.529,ok,,3,ok,3,,ue3_qfi2,0.9689285333333334,ok,0.9976340725689967,proxy,5,0.9961525182885851,18733472.0,ok,0.004547727272727273,ok,0.28864204545454547,0.0310859375,ok,ue1_qfi82,0.0,99,10.0,data,ok,0.0,ue3_qfi1,17.75,ok,,30.4,ue1_qfi2,0,0.0,0.0,30.303,ok,33.0,,pending,,pending,ugv_heavy,4,PF,579362555,1.5
ue2_qfi2,6.462,15.815,18.154,19.49,ok,0.0015610357560093095,ok,ue1_qfi85,0,1,1,1930.2499999999998,data,ok,2.0,False,,proxy,3,0,,ue1_qfi2,1.0,152,150.0,ok,,ue2_qfi2,20.238,ok,,3,ok,3,,ue3_qfi2,0.9697754666666666,ok,0.9962097266430737,proxy,5,0.9947083233511169,18730443.2,ok,0.005320454545454546,ok,0.35497613636363634,0.0382125,ok,ue1_qfi82,0.0,99,10.0,data,ok,0.0,ue3_qfi1,17.75,ok,,30.4,ue1_qfi2,0,0.0,0.0,30.303,ok,33.0,,pending,,pending,ugv_heavy,4,Reservation,579362555,1.5
ue3_qfi1,1.0,18.25,20.25,20.25,ok,0.0012260145342760864,ok,ue1_qfi85,0,1,1,1928.7499999999998,data,ok,2.0,False,,proxy,3,0,,ue1_qfi2,1.0,152,150.0,ok,,ue2_qfi2,18.732,ok,,3,ok,3,,ue3_qfi2,0.9697754666666666,ok,0.9977572593859696,proxy,5,0.9970018570654554,18739299.2,ok,0.004604545454545455,ok,0.32440795454545457,0.0318125,ok,ue1_qfi82,0.0,99,10.0,data,ok,0.0,ue3_qfi1,19.25,ok,,30.4,ue1_qfi2,0,0.0,0.0,30.303,ok,33.0,,pending,,pending,ugv_heavy,4,TwoTier,579362555,1.5
ue1_qfi2,6.012,14.438,16.236,17.25,ok,0.0012743743688069405,ok,ue2_qfi85,0,1,2,1546.2500000000002,data,ok,2.0,False,,proxy,3,0,,ue1_qfi2,1.0,152,150.0,ok,,ue1_qfi2,18.091,ok,,3,ok,3,,ue1_qfi2,0.9682173333333334,ok,0.9974624612979873,proxy,5,0.9967525345289505,18762240.0,ok,0.004713636363636363,ok,0.27346136363636364,0.0266359375,ok,ue1_qfi82,0.0,99,10.0,data,ok,0.0,ue1_qfi9,15.0,ok,,30.4,ue1_qfi2,0,0.0,0.0,30.303,ok,33.0,,pending,,pending,ugv_heavy,4,PF,661058651,1.5
ue3_qfi1,1.0,18.0,20.5,20.5,ok,0.0013698310408262633,ok,ue2_qfi85,0,1,2,1546.2500000000002,data,ok,2.0,False,,proxy,3,0,,ue1_qfi2,1.0,152,150.0,ok,,ue1_qfi2,19.177,ok,,3,ok,3,,ue2_qfi2,0.9681669333333333,ok,0.9969715498053435,proxy,5,0.9958021616519519,18758147.2,ok,0.005343181818181818,ok,0.33959545454545453,0.0324234375,ok,ue1_qfi82,0.0,99,10.0,data,ok,0.0,ue3_qfi1,19.5,ok,,30.4,ue1_qfi2,0,0.0,0.0,30.303,ok,33.0,,pending,,pending,ugv_heavy,4,Reservation,661058651,1.5
ue3_qfi1,1.0,17.75,20.25,20.25,ok,0.0011022586847805077,ok,ue2_qfi85,0,1,2,1546.2500000000002,data,ok,2.0,False,,proxy,3,0,,ue2_qfi2,0.993421052631579,152,150.0,ok,,ue2_qfi2,17.811,ok,,3,ok,3,,ue2_qfi2,0.967808,ok,0.9979235943466067,proxy,5,0.9974384020209781,18762934.4,ok,0.0047227272727272725,ok,0.3065568181818182,0.027409375,ok,ue1_qfi82,0.0,99,10.0,data,ok,0.0,ue3_qfi1,19.25,ok,,30.2,ue2_qfi2,1,69.75,69.75,30.303,ok,33.0,,pending,,pending,ugv_heavy,4,TwoTier,661058651,1.5
ue1_qfi2,6.62,14.91,16.79,18.744,ok,0.0012044821541723574,ok,ue3_qfi9,0,1,4,1005.2499999999998,data,ok,2.0,False,,proxy,3,0,,ue1_qfi2,0.993421052631579,152,150.0,ok,,ue1_qfi2,19.482,ok,,3,ok,3,,ue1_qfi2,0.9687946666666667,ok,0.9975836787223056,proxy,5,0.9964555958872421,18825300.8,ok,0.004634090909090909,ok,0.29401136363636365,0.0316078125,ok,ue1_qfi82,0.0,99,10.0,data,ok,0.0,ue3_qfi1,17.75,ok,,30.2,ue1_qfi2,1,72.5,72.5,30.303,ok,33.0,,pending,,pending,ugv_heavy,4,PF,87989972,1.5
ue3_qfi1,0.75,18.0,22.75,22.75,ok,0.0014863060430463366,ok,ue3_qfi9,0,1,4,1005.5000000000001,data,ok,2.0,False,,proxy,3,0,,ue1_qfi2,1.0,152,150.0,ok,,ue1_qfi2,20.546,ok,,3,ok,3,,ue1_qfi2,0.9689146666666667,ok,0.996325958990514,proxy,5,0.9946325728820364,18820518.4,ok,0.005209090909090909,ok,0.3599943181818182,0.039134375,ok,ue1_qfi82,0.0,99,10.0,data,ok,0.0,ue3_qfi1,22.0,ok,,30.4,ue1_qfi2,0,0.0,0.0,30.303,ok,33.0,,pending,,pending,ugv_heavy,4,Reservation,87989972,1.5
ue3_qfi1,1.0,18.5,20.25,20.25,ok,0.0011936010959497708,ok,ue3_qfi9,0,1,4,1010.2499999999997,data,ok,2.0,False,,proxy,3,0,,ue1_qfi2,1.0,152,150.0,ok,,ue2_qfi2,18.3,ok,,3,ok,3,,ue1_qfi2,0.9687946666666667,ok,0.9975763814841654,proxy,5,0.9961031153117491,18823790.4,ok,0.004504545454545455,ok,0.3285090909090909,0.0320671875,ok,ue1_qfi82,0.0,99,10.0,data,ok,0.0,ue3_qfi1,19.25,ok,,30.4,ue1_qfi2,0,0.0,0.0,30.303,ok,33.0,,pending,,pending,ugv_heavy,4,TwoTier,87989972,1.5
ue1_qfi2,7.293,16.045,17.782,18.642,ok,0.0012216818526841298,ok,ue3_qfi9,0,2,4,1004.75,data,ok,2.0,False,,proxy,3,0,,ue1_qfi2,0.993421052631579,152,150.0,ok,,ue1_qfi2,19.944,ok,,3,ok,3,,ue2_qfi2,0.9652797333333334,ok,0.997538032990715,proxy,5,0.9971060529060926,18643027.2,ok,0.004797727272727273,ok,0.28288863636363637,0.0296328125,ok,ue1_qfi82,0.0,99,10.0,data,ok,0.0,ue1_qfi9,15.0,ok,,30.2,ue1_qfi2,1,67.75,67.75,30.303,ok,33.0,,pending,,pending,ugv_heavy,4,PF,161576974,1.5
ue3_qfi1,0.75,18.0,20.5,20.5,ok,0.0014674496378294188,ok,ue3_qfi9,0,2,4,1004.7500000000005,data,ok,2.0,False,,proxy,3,0,,ue1_qfi2,1.0,152,150.0,ok,,ue1_qfi2,20.821,ok,,3,ok,3,,ue2_qfi2,0.9652797333333334,ok,0.9966195389726437,proxy,5,0.9956914575807283,18644620.8,ok,0.0052545454545454544,ok,0.3494602272727273,0.0371015625,ok,ue1_qfi82,0.0,99,10.0,data,ok,0.0,ue3_qfi1,19.75,ok,,30.4,ue1_qfi2,0,0.0,0.0,30.303,ok,33.0,,pending,,pending,ugv_heavy,4,Reservation,161576974,1.5
ue3_qfi1,1.0,16.75,20.75,20.75,ok,0.0011044118355506432,ok,ue3_qfi9,0,1,4,1007.4999999999999,data,ok,2.0,False,,proxy,3,0,,ue2_qfi2,0.993421052631579,152,150.0,ok,,ue1_qfi2,18.381,ok,,3,ok,3,,ue2_qfi2,0.9644205333333333,ok,0.9981270560853609,proxy,5,0.9976517818306788,18646073.6,ok,0.004731818181818182,ok,0.31711704545454544,0.030784375,ok,ue1_qfi82,0.0,99,10.0,data,ok,0.0,ue3_qfi1,19.75,ok,,30.2,ue2_qfi2,1,67.5,67.5,30.303,ok,33.0,,pending,,pending,ugv_heavy,4,TwoTier,161576974,1.5
ue2_qfi2,6.222,14.727,16.863,18.513,ok,0.001261533485345193,ok,ue3_qfi9,0,2,4,1005.0000000000003,data,ok,2.0,False,,proxy,3,0,,ue1_qfi2,1.0,152,150.0,ok,,ue2_qfi2,19.866,ok,,3,ok,3,,ue3_qfi2,0.9642002666666666,ok,0.9973448331499848,proxy,5,0.9960029760058872,18665699.2,ok,0.004745454545454546,ok,0.29206590909090907,0.032890625,ok,ue1_qfi82,0.0,99,10.0,data,ok,0.0,ue2_qfi9,15.25,ok,,30.4,ue1_qfi2,0,0.0,0.0,30.303,ok,33.0,,pending,,pending,ugv_heavy,4,PF,35492826,1.5
ue3_qfi1,1.0,18.0,18.5,18.5,ok,0.0015607998315740302,ok,ue3_qfi9,0,1,4,1007.9999999999995,data,ok,2.0,False,,proxy,3,0,,ue3_qfi2,0.993421052631579,152,150.0,ok,,ue2_qfi2,19.854,ok,,3,ok,3,,ue3_qfi2,0.9640794666666667,ok,0.9960655881471523,proxy,5,0.9953291621148337,18659656.0,ok,0.0053,ok,0.3548875,0.0410515625,ok,ue1_qfi82,0.0,99,10.0,data,ok,0.0,ue3_qfi1,17.5,ok,,30.4,ue1_qfi2,0,0.0,0.0,30.303,ok,33.0,,pending,,pending,ugv_heavy,4,Reservation,35492826,1.5
ue3_qfi1,1.0,18.0,18.25,18.25,ok,0.0012505431375321816,ok,ue3_qfi9,0,1,4,1005.5000000000001,data,ok,2.0,False,,proxy,3,0,,ue1_qfi2,1.0,152,150.0,ok,,ue3_qfi2,18.695,ok,,3,ok,3,,ue3_qfi2,0.9642002666666666,ok,0.9975392150052673,proxy,5,0.996785777774356,18669110.4,ok,0.004609090909090909,ok,0.32675113636363634,0.033490625,ok,ue1_qfi82,0.0,99,10.0,data,ok,0.0,ue3_qfi1,17.25,ok,,30.4,ue1_qfi2,0,0.0,0.0,30.303,ok,33.0,,pending,,pending,ugv_heavy,4,TwoTier,35492826,1.5
ue3_qfi1,0.5,18.0,18.5,18.5,ok,0.0012614425693797668,ok,ue3_qfi9,0,2,4,1007.9999999999995,data,ok,2.0,False,,proxy,3,0,,ue1_qfi2,0.993421052631579,152,150.0,ok,,ue2_qfi2,18.642,ok,,3,ok,3,,ue2_qfi2,0.9726728,ok,0.9975142259345976,proxy,5,0.9966993428680734,18775436.8,ok,0.004597727272727272,ok,0.27932386363636363,0.0273796875,ok,ue1_qfi82,0.0,99,10.0,data,ok,0.0,ue3_qfi1,18.0,ok,,30.2,ue1_qfi2,0,0.0,0.0,30.303,ok,33.0,,pending,,pending,ugv_heavy,4,PF,376383645,1.5
ue3_qfi1,0.75,20.5,23.0,23.0,ok,0.0013552300263245385,ok,ue3_qfi9,0,1,4,1007.4999999999999,data,ok,2.0,False,,proxy,3,0,,ue1_qfi2,0.9868421052631579,152,150.0,ok,,ue1_qfi2,18.912,ok,,3,ok,3,,ue2_qfi2,0.9713421333333333,ok,0.9971282571392127,proxy,5,0.9964773718563102,18764216.0,ok,0.0050659090909090905,ok,0.3467204545454545,0.0340828125,ok,ue1_qfi82,0.0,99,10.0,data,ok,0.0,ue3_qfi1,22.25,ok,,30.0,ue1_qfi2,1,69.5,69.5,30.303,ok,33.0,,pending,,pending,ugv_heavy,4,Reservation,376383645,1.5
ue3_qfi1,0.75,18.25,22.75,22.75,ok,0.001115556864760072,ok,ue3_qfi9,0,1,4,1012.4999999999998,data,ok,2.0,False,,proxy,3,0,,ue1_qfi2,0.993421052631579,152,150.0,ok,,ue2_qfi2,18.343,ok,,3,ok,3,,ue2_qfi2,0.9723362666666666,ok,0.9981880460296638,proxy,5,0.9979684650743703,18779465.6,ok,0.0046840909090909095,ok,0.31334772727272725,0.0281125,ok,ue1_qfi82,0.0,99,10.0,data,ok,0.0,ue3_qfi1,22.0,ok,,30.2,ue1_qfi2,1,71.25,71.25,30.303,ok,33.0,,pending,,pending,ugv_heavy,4,TwoTier,376383645,1.5
ue1_qfi2,6.519,14.787,16.583,17.584,ok,0.00124597291928872,ok,ue3_qfi9,0,3,4,1007.0000000000001,data,ok,2.0,False,,proxy,3,0,,ue2_qfi2,0.993421052631579,152,150.0,ok,,ue1_qfi2,18.292,ok,,3,ok,3,,ue1_qfi2,0.9560792,ok,0.9976147487665813,proxy,5,0.9965836831531567,18499156.8,ok,0.004536363636363636,ok,0.2806613636363636,0.03099375,ok,ue1_qfi82,0.0,99,10.0,data,ok,0.0,ue1_qfi9,15.0,ok,,30.4,ue1_qfi2,0,0.0,0.0,30.303,ok,33.0,,pending,,pending,ugv_heavy,4,PF,1746484539,1.5
ue3_qfi1,0.75,18.0,18.5,18.5,ok,0.001426002932356227,ok,ue3_qfi9,0,1,4,1005.2499999999998,data,ok,2.0,False,,proxy,3,0,,ue2_qfi2,0.993421052631579,152,150.0,ok,,ue1_qfi2,19.019,ok,,3,ok,3,,ue1_qfi2,0.9558989333333333,ok,0.9970128576568502,proxy,5,0.9963441175712682,18493364.8,ok,0.0051863636363636365,ok,0.34668977272727275,0.037853125,ok,ue1_qfi82,0.0,99,10.0,data,ok,0.0,ue3_qfi1,17.75,ok,,30.4,ue1_qfi2,0,0.0,0.0,30.303,ok,33.0,,pending,,pending,ugv_heavy,4,Reservation,1746484539,1.5
ue3_qfi9,0.75,20.25,20.25,20.25,ok,0.0011921598385711911,ok,ue3_qfi9,0,1,4,1010.0000000000002,data,ok,2.0,False,,proxy,3,0,,ue1_qfi2,1.0,152,150.0,ok,,ue2_qfi2,18.084,ok,,3,ok,3,,ue1_qfi2,0.9560792,ok,0.9976446890404107,proxy,5,0.9966606816155191,18498926.400000002,ok,0.004763636363636364,ok,0.31583295454545457,0.0316359375,ok,ue1_qfi82,0.0,99,10.0,data,ok,0.0,ue3_qfi9,19.5,ok,,30.4,ue1_qfi2,0,0.0,0.0,30.303,ok,33.0,,pending,,pending,ugv_heavy,4,TwoTier,1746484539,1.5
ue1_qfi2,3.937,9.518,10.471,11.531,ok,2.554473584030426e-05,ok,ue3_qfi9,0,1,4,1001.0000000000001,data,ok,2.0,False,,proxy,3,0,,ue1_qfi2,1.0,152,150.0,ok,,ue1_qfi2,11.5,ok,,3,ok,3,,ue2_qfi2,0.9668728000000001,ok,0.9999915948397888,proxy,5,0.9999853731280842,7077779.2,ok,0.004440909090909091,ok,0.1194590909090909,0.0259125,ok,ue1_qfi82,0.0,99,10.0,data,ok,0.0,ue3_qfi9,9.75,ok,,30.4,ue1_qfi2,0,0.0,0.0,30.303,ok,33.0,,pending,,pending,ugv_heavy,4,PF,1826701614,0.5
ue1_qfi2,4.078,10.187,11.471,12.283,ok,0.0,ok,ue3_qfi9,0,2,4,1000.4999999999998,data,ok,2.0,False,,proxy,3,0,,ue2_qfi2,0.993421052631579,152,150.0,ok,,ue1_qfi2,12.283,ok,,3,ok,3,,ue2_qfi2,0.9639032,ok,0.9999875284249718,proxy,5,0.9999781586949029,7071651.2,ok,0.005056818181818181,ok,0.17846022727272728,0.0276734375,ok,ue1_qfi82,0.0,99,10.0,data,ok,0.0,ue1_qfi9,9.25,ok,,30.2,ue2_qfi2,1,68.0,68.0,30.303,ok,33.0,,pending,,pending,ugv_heavy,4,Reservation,1826701614,0.5
ue1_qfi2,3.533,9.046,10.114,11.5,ok,8.296271379853036e-05,ok,ue3_qfi9,0,2,4,1000.9999999999999,data,ok,2.0,False,,proxy,3,0,,ue1_qfi2,1.0,152,150.0,ok,,ue1_qfi2,10.687,ok,,3,ok,3,,ue2_qfi2,0.9668728000000001,ok,0.9999903934615013,proxy,5,0.9999796503940297,7077611.2,ok,0.004440909090909091,ok,0.13763636363636364,0.0263484375,ok,ue1_qfi82,0.0,99,10.0,data,ok,0.0,ue3_qfi1,10.0,ok,,30.4,ue1_qfi2,0,0.0,0.0,30.303,ok,33.0,,pending,,pending,ugv_heavy,4,TwoTier,1826701614,0.5
ue2_qfi2,4.174,9.82,11.25,12.006,ok,0.0,ok,ue3_qfi9,0,1,4,1000.0000000000002,data,ok,2.0,False,,proxy,3,0,,ue1_qfi2,1.0,152,150.0,ok,,ue2_qfi2,11.939,ok,,3,ok,3,,ue1_qfi2,0.961256,ok,0.9999938822668255,proxy,5,0.9999883102347243,7033864.0,ok,0.004690909090909091,ok,0.12105227272727273,0.0271109375,ok,ue1_qfi82,0.0,99,10.0,data,ok,0.0,ue3_qfi1,9.75,ok,,30.4,ue1_qfi2,0,0.0,0.0,30.303,ok,33.0,,pending,,pending,ugv_heavy,4,PF,1367864806,0.5
ue3_qfi1,0.5,6.0,13.25,13.25,ok,5.733175291834548e-05,ok,ue3_qfi9,0,1,4,1000.0000000000002,data,ok,2.0,False,,proxy,3,0,,ue2_qfi2,0.993421052631579,152,150.0,ok,,ue2_qfi2,12.705,ok,,3,ok,3,,ue1_qfi2,0.961256,ok,0.9999871138614485,proxy,5,0.9999720949075328,7032432.0,ok,0.005240909090909091,ok,0.18048977272727273,0.0288078125,ok,ue1_qfi82,0.0,99,10.0,data,ok,0.0,ue3_qfi1,12.75,ok,,30.4,ue1_qfi2,0,0.0,0.0,30.303,ok,33.0,,pending,,pending,ugv_heavy,4,Reservation,1367864806,0.5
ue3_qfi1,0.5,10.25,11.25,11.25,ok,6.733534914743438e-05,ok,ue3_qfi9,0,2,4,1000.2499999999999,data,ok,2.0,False,,proxy,3,0,,ue1_qfi2,0.993421052631579,152,150.0,ok,,ue2_qfi2,11.038,ok,,3,ok,3,,ue1_qfi2,0.961016,ok,0.9999839464467225,proxy,5,0.9999447029485813,7032979.2,ok,0.004613636363636364,ok,0.1399159090909091,0.027496875,ok,ue1_qfi82,0.0,99,10.0,data,ok,0.0,ue3_qfi1,10.75,ok,,30.2,ue1_qfi2,0,0.0,0.0,30.303,ok,33.0,,pending,,pending,ugv_heavy,4,TwoTier,1367864806,0.5
ue1_qfi2,4.525,10.208,12.0,12.324,ok,0.00010918591970864505,ok,ue1_qfi85,1,1,1,2601.2500000000005,data,ok,2.0,False,,proxy,3,0,,ue1_qfi2,1.0,152,150.0,ok,,ue1_qfi2,12.25,ok,,3,ok,3,,ue1_qfi2,0.9566984000000001,ok,0.9999882762967053,proxy,5,0.9999720514895368,7091849.600000001,ok,0.004668181818181818,ok,0.12564772727272727,0.029475,ok,ue1_qfi82,0.0,99,10.0,data,ok,0.0,ue3_qfi1,9.75,ok,,30.4,ue1_qfi2,0,0.0,0.0,30.303,ok,33.0,,pending,,pending,ugv_heavy,4,PF,1097657231,0.5
ue2_qfi2,3.874,10.5,12.184,13.653,ok,2.3913622191841393e-05,ok,ue1_qfi85,1,1,1,2601.2500000000005,data,ok,2.0,False,,proxy,3,0,,ue1_qfi2,1.0,152,150.0,ok,,ue2_qfi2,12.877,ok,,3,ok,3,,ue1_qfi2,0.9564584,ok,0.9999970396938103,proxy,5,0.9999927772977403,7092192.0,ok,0.005272727272727273,ok,0.18699886363636364,0.03118125,ok,ue1_qfi82,0.0,99,10.0,data,ok,0.0,ue1_qfi9,10.0,ok,,30.4,ue1_qfi2,0,0.0,0.0,30.303,ok,33.0,,pending,,pending,ugv_heavy,4,Reservation,1097657231,0.5
ue1_qfi2,4.134,9.721,10.5,11.75,ok,3.699723242654019e-05,ok,ue1_qfi85,1,1,1,2601.2500000000005,data,ok,2.0,False,,proxy,3,0,,ue1_qfi2,1.0,152,150.0,ok,,ue1_qfi2,10.78,ok,,3,ok,3,,ue1_qfi2,0.9566984000000001,ok,0.9999943512179144,proxy,5,0.999980177336617,7092160.0,ok,0.004725,ok,0.14702386363636363,0.02966875,ok,ue1_qfi82,0.0,99,10.0,data,ok,0.0,ue3_qfi1,9.75,ok,,30.4,ue1_qfi2,0,0.0,0.0,30.303,ok,33.0,,pending,,pending,ugv_heavy,4,TwoTier,1097657231,0.5
ue2_qfi2,4.25,9.884,11.409,11.995,ok,0.0,ok,ue1_qfi85,0,1,1,1928.7499999999998,data,ok,2.0,False,,proxy,3,0,,ue1_qfi2,1.0,152,150.0,ok,,ue2_qfi2,11.75,ok,,3,ok,3,,ue3_qfi2,0.969736,ok,0.9999933803342655,proxy,5,0.9999888178500724,7083300.8,ok,0.004547727272727273,ok,0.12343863636363636,0.028478125,ok,ue1_qfi82,0.0,99,10.0,data,ok,0.0,ue3_qfi9,9.75,ok,,30.4,ue1_qfi2,0,0.0,0.0,30.303,ok,33.0,,pending,,pending,ugv_heavy,4,PF,579362555,0.5
ue3_qfi9,0.5,12.75,12.75,12.75,ok,5.940770741591155e-05,ok,ue1_qfi85,0,1,1,1931.7499999999998,data,ok,2.0,False,,proxy,3,0,,ue1_qfi2,1.0,152,150.0,ok,,ue2_qfi2,12.488,ok,,3,ok,3,,ue3_qfi2,0.969736,ok,0.999987494481506,proxy,5,0.999981119216307,7082835.2,ok,0.005154545454545454,ok,0.18512727272727272,0.0301390625,ok,ue1_qfi82,0.0,99,10.0,data,ok,0.0,ue3_qfi9,12.25,ok,,30.4,ue1_qfi2,0,0.0,0.0,30.303,ok,33.0,,pending,,pending,ugv_heavy,4,Reservation,579362555,0.5
ue2_qfi2,3.974,9.778,11.409,11.724,ok,0.0,ok,ue1_qfi85,0,1,1,1931.7499999999998,data,ok,2.0,False,,proxy,3,0,,ue1_qfi2,1.0,152,150.0,ok,,ue2_qfi2,11.5,ok,,3,ok,3,,ue3_qfi2,0.9695376,ok,0.9999956839005678,proxy,5,0.9999900841293329,7082740.8,ok,0.0046068181818181815,ok,0.14375113636363637,0.0288828125,ok,ue1_qfi82,0.0,99,10.0,data,ok,0.0,ue3_qfi9,11.0,ok,,30.4,ue1_qfi2,0,0.0,0.0,30.303,ok,33.0,,pending,,pending,ugv_heavy,4,TwoTier,579362555,0.5
ue3_qfi2,2.539,7.711,9.789,10.961,ok,0.00012295117101402455,ok,ue2_qfi85,0,1,2,1547.7500000000002,data,ok,2.0,False,,proxy,3,0,,ue1_qfi2,1.0,152,150.0,ok,,ue1_qfi2,11.0,ok,,3,ok,3,,ue2_qfi2,0.9681856,ok,0.9999914773197114,proxy,5,0.999981289533459,7092246.4,ok,0.004736363636363637,ok,0.11788409090909091,0.0249828125,ok,ue1_qfi82,0.0,99,10.0,data,ok,0.0,ue3_qfi2,8.422,ok,,30.4,ue1_qfi2,0,0.0,0.0,30.303,ok,33.0,,pending,,pending,ugv_heavy,4,PF,661058651,0.5
ue2_qfi2,3.733,10.072,10.998,12.25,ok,0.0,ok,ue2_qfi85,0,1,2,1546.2500000000002,data,ok,2.0,False,,proxy,3,0,,ue1_qfi2,1.0,152,150.0,ok,,ue2_qfi2,12.25,ok,,3,ok,3,,ue2_qfi2,0.9681856,ok,0.9999942422657362,proxy,5,0.9999864007683762,7092216.0,ok,0.005284090909090909,ok,0.17781363636363637,0.026246875,ok,ue1_qfi82,0.0,99,10.0,data,ok,0.0,ue3_qfi1,10.0,ok,,30.4,ue1_qfi2,0,0.0,0.0,30.303,ok,33.0,,pending,,pending,ugv_heavy,4,Reservation,661058651,0.5
ue3_qfi2,3.213,8.367,9.949,11.159,ok,0.0,ok,ue2_qfi85,0,1,2,1546.2500000000002,data,ok,2.0,False,,proxy,3,0,,ue1_qfi2,1.0,152,150.0,ok,,ue3_qfi2,10.711,ok,,3,ok,3,,ue2_qfi2,0.9681856,ok,0.9999892436894852,proxy,5,0.9999752004621076,7091699.2,ok,0.004704545454545454,ok,0.13625681818181817,0.0250375,ok,ue1_qfi82,0.0,99,10.0,data,ok,0.0,ue3_qfi1,10.0,ok,,30.4,ue1_qfi2,0,0.0,0.0,30.303,ok,33.0,,pending,,pending,ugv_heavy,4,TwoTier,661058651,0.5
ue1_qfi2,3.833,9.5,10.747,11.311,ok,3.126530228486379e-05,ok,ue3_qfi9,0,2,4,1000.5000000000001,data,ok,2.0,False,,proxy,3,0,,ue1_qfi2,1.0,152,150.0,ok,,ue1_qfi2,11.311,ok,,3,ok,3,,ue1_qfi2,0.9688751999999999,ok,0.9999922430248154,proxy,5,0.9999888363379933,7113313.6,ok,0.004647727272727273,ok,0.1254659090909091,0.028265625,ok,ue1_qfi82,0.0,99,10.0,data,ok,0.0,ue3_qfi1,10.0,ok,,30.4,ue1_qfi2,0,0.0,0.0,30.303,ok,33.0,,pending,,pending,ugv_heavy,4,PF,87989972,0.5
ue2_qfi2,3.871,10.155,11.489,13.244,ok,0.0,ok,ue3_qfi9,0,2,4,1000.5,data,ok,2.0,False,,proxy,3,0,,ue1_qfi2,0.993421052631579,152,150.0,ok,,ue2_qfi2,13.244,ok,,3,ok,3,,ue1_qfi2,0.9668791999999999,ok,0.9999880197534591,proxy,5,0.9999818806135277,7109324.8,ok,0.005097727272727273,ok,0.18604886363636364,0.030175,ok,ue1_qfi82,0.0,99,10.0,data,ok,0.0,ue3_qfi1,12.5,ok,,30.2,ue1_qfi2,0,0.0,0.0,30.303,ok,33.0,,pending,,pending,ugv_heavy,4,Reservation,87989972,0.5
ue3_qfi1,0.5,6.0,10.75,10.75,ok,0.0,ok,ue3_qfi9,0,2,4,1000.5000000000001,data,ok,2.0,False,,proxy,3,0,,ue1_qfi2,1.0,152,150.0,ok,,ue2_qfi2,10.297,ok,,3,ok,3,,ue1_qfi2,0.9688751999999999,ok,0.9999953960218008,proxy,5,0.9999885478610127,7113406.399999999,ok,0.004509090909090909,ok,0.14396363636363638,0.028525,ok,ue1_qfi82,0.0,99,10.0,data,ok,0.0,ue3_qfi1,10.25,ok,,30.4,ue1_qfi2,0,0.0,0.0,30.303,ok,33.0,,pending,,pending,ugv_heavy,4,TwoTier,87989972,0.5
ue1_qfi2,4.407,10.042,11.25,12.257,ok,4.5363663478735215e-05,ok,ue3_qfi9,0,1,4,1000.0000000000002,data,ok,2.0,False,,proxy,3,0,,ue1_qfi2,1.0,152,150.0,ok,,ue1_qfi2,12.257,ok,,3,ok,3,,ue2_qfi2,0.96524,ok,0.9999950734269152,proxy,5,0.9999864127929073,7054104.0,ok,0.004615909090909091,ok,0.12174886363636364,0.0273984375,ok,ue1_qfi82,0.0,99,10.0,data,ok,0.0,ue3_qfi1,10.0,ok,,30.4,ue1_qfi2,0,0.0,0.0,30.303,ok,33.0,,pending,,pending,ugv_heavy,4,PF,161576974,0.5
ue1_qfi2,4.599,11.056,12.571,13.667,ok,0.0002000528484282129,ok,ue3_qfi9,0,1,4,1000.0000000000002,data,ok,2.0,False,,proxy,3,0,,ue1_qfi2,1.0,152,150.0,ok,,ue1_qfi2,13.228,ok,,3,ok,3,,ue2_qfi2,0.96524,ok,0.9999648473291316,proxy,5,0.9998421109334263,7053212.8,ok,0.005086363636363636,ok,0.18163522727272727,0.0288734375,ok,ue1_qfi82,0.0,99,10.0,data,ok,0.0,ue3_qfi1,12.5,ok,,30.4,ue1_qfi2,0,0.0,0.0,30.303,ok,33.0,,pending,,pending,ugv_heavy,4,Reservation,161576974,0.5
ue1_qfi2,4.123,9.968,10.892,11.272,ok,3.402384345584261e-06,ok,ue3_qfi9,0,2,4,1000.2499999999999,data,ok,2.0,False,,proxy,3,0,,ue1_qfi2,1.0,152,150.0,ok,,ue1_qfi2,11.25,ok,,3,ok,3,,ue2_qfi2,0.96524,ok,0.9999962435769,proxy,5,0.9999899089845192,7053852.8,ok,0.004588636363636363,ok,0.1405840909090909,0.0274890625,ok,ue1_qfi82,0.0,99,10.0,data,ok,0.0,ue3_qfi9,10.25,ok,,30.4,ue1_qfi2,0,0.0,0.0,30.303,ok,33.0,,pending,,pending,ugv_heavy,4,TwoTier,161576974,0.5
ue2_qfi2,4.084,9.78,11.0,11.876,ok,4.5324495056797255e-05,ok,ue3_qfi9,0,1,4,1000.0000000000002,data,ok,2.0,False,,proxy,3,0,,ue1_qfi2,1.0,152,150.0,ok,,ue2_qfi2,11.571,ok,,3,ok,3,,ue3_qfi2,0.9641616,ok,0.9999884021746418,proxy,5,0.9999680044243976,7059880.0,ok,0.004627272727272727,ok,0.12414204545454545,0.0297828125,ok,ue1_qfi82,0.0,99,10.0,data,ok,0.0,ue3_qfi1,9.75,ok,,30.4,ue1_qfi2,0,0.0,0.0,30.303,ok,33.0,,pending,,pending,ugv_heavy,4,PF,35492826,0.5
ue2_qfi2,4.053,10.649,11.742,13.149,ok,0.00016156648336159804,ok,ue3_qfi9,0,1,4,1000.5000000000001,data,ok,2.0,False,,proxy,3,0,,ue1_qfi2,1.0,152,150.0,ok,,ue2_qfi2,12.916,ok,,3,ok,3,,ue3_qfi2,0.9641616,ok,0.9999781744349837,proxy,5,0.9999333699559476,7060049.6,ok,0.005127272727272727,ok,0.18585681818181818,0.0316765625,ok,ue1_qfi82,0.0,99,10.0,data,ok,0.0,ue3_qfi1,12.25,ok,,30.4,ue1_qfi2,0,0.0,0.0,30.303,ok,33.0,,pending,,pending,ugv_heavy,4,Reservation,35492826,0.5
ue1_qfi2,3.169,8.655,9.379,11.124,ok,0.0,ok,ue3_qfi9,0,2,4,1000.2499999999999,data,ok,2.0,False,,proxy,3,0,,ue2_qfi2,0.993421052631579,152,150.0,ok,,ue2_qfi2,10.746,ok,,3,ok,3,,ue3_qfi2,0.9641616,ok,0.9999936272711034,proxy,5,0.9999905462158307,7059131.2,ok,0.004629545454545455,ok,0.14422954545454544,0.030046875,ok,ue1_qfi82,0.0,99,10.0,data,ok,0.0,ue3_qfi1,9.75,ok,,30.4,ue1_qfi2,0,0.0,0.0,30.303,ok,33.0,,pending,,pending,ugv_heavy,4,TwoTier,35492826,0.5
ue2_qfi2,4.135,9.556,10.787,11.503,ok,9.016244342024918e-05,ok,ue3_qfi9,0,2,4,1000.75,data,ok,2.0,False,,proxy,3,0,,ue1_qfi2,1.0,152,150.0,ok,,ue2_qfi2,11.382,ok,,3,ok,3,,ue2_qfi2,0.9726624,ok,0.9999947146790827,proxy,5,0.9999864273473732,7098299.2,ok,0.004581818181818182,ok,0.12006818181818182,0.0249359375,ok,ue1_qfi82,0.0,99,10.0,data,ok,0.0,ue3_qfi1,10.0,ok,,30.4,ue1_qfi2,0,0.0,0.0,30.303,ok,33.0,,pending,,pending,ugv_heavy,4,PF,376383645,0.5
ue3_qfi1,0.5,6.0,13.0,13.0,ok,0.00012622190125795903,ok,ue3_qfi9,0,1,4,1000.0000000000002,data,ok,2.0,False,,proxy,3,0,,ue1_qfi2,1.0,152,150.0,ok,,ue2_qfi2,12.502,ok,,3,ok,3,,ue2_qfi2,0.9726624,ok,0.9999846329000992,proxy,5,0.9999549641223541,7098033.6,ok,0.005029545454545455,ok,0.18041363636363636,0.02664375,ok,ue1_qfi82,0.0,99,10.0,data,ok,0.0,ue3_qfi1,12.5,ok,,30.4,ue1_qfi2,0,0.0,0.0,30.303,ok,33.0,,pending,,pending,ugv_heavy,4,Reservation,376383645,0.5
ue2_qfi2,3.752,9.304,10.211,11.287,ok,0.0,ok,ue3_qfi9,0,2,4,1000.2499999999999,data,ok,2.0,False,,proxy,3,0,,ue1_qfi2,1.0,152,150.0,ok,,ue2_qfi2,11.169,ok,,3,ok,3,,ue2_qfi2,0.9726624,ok,0.9999940344234306,proxy,5,0.9999839066164025,7098609.6,ok,0.004504545454545455,ok,0.13851477272727272,0.0253109375,ok,ue1_qfi82,0.0,99,10.0,data,ok,0.0,ue3_qfi1,10.0,ok,,30.4,ue1_qfi2,0,0.0,0.0,30.303,ok,33.0,,pending,,pending,ugv_heavy,4,TwoTier,376383645,0.5
ue1_qfi2,4.021,9.64,10.5,12.25,ok,0.0,ok,ue3_qfi9,0,2,4,1000.5000000000001,data,ok,2.0,False,,proxy,3,0,,ue1_qfi2,1.0,152,150.0,ok,,ue1_qfi2,12.25,ok,,3,ok,3,,ue1_qfi2,0.9560392,ok,0.9999906025320499,proxy,5,0.9999821649040832,7006694.399999999,ok,0.004631818181818181,ok,0.12091363636363636,0.0286890625,ok,ue1_qfi82,0.0,99,10.0,data,ok,0.0,ue1_qfi9,8.5,ok,,30.4,ue1_qfi2,0,0.0,0.0,30.303,ok,33.0,,pending,,pending,ugv_heavy,4,PF,1746484539,0.5
ue1_qfi2,4.115,10.16,11.36,12.615,ok,2.7403472979148013e-06,ok,ue3_qfi9,0,2,4,1000.5000000000001,data,ok,2.0,False,,proxy,3,0,,ue1_qfi2,1.0,152,150.0,ok,,ue1_qfi2,12.521,ok,,3,ok,3,,ue1_qfi2,0.9560392,ok,0.9999903530315581,proxy,5,0.9999818868573034,7006411.2,ok,0.005122727272727273,ok,0.18233863636363637,0.0301421875,ok,ue1_qfi82,0.0,99,10.0,data,ok,0.0,ue3_qfi1,9.75,ok,,30.4,ue1_qfi2,0,0.0,0.0,30.303,ok,33.0,,pending,,pending,ugv_heavy,4,Reservation,1746484539,0.5
ue3_qfi2,3.172,8.574,9.942,10.865,ok,6.850660175285558e-06,ok,ue3_qfi9,0,1,4,1000.2499999999999,data,ok,2.0,False,,proxy,3,0,,ue1_qfi2,1.0,152,150.0,ok,,ue3_qfi2,10.607,ok,,3,ok,3,,ue1_qfi2,0.9560392,ok,0.9999926146656234,proxy,5,0.9999808746741207,7006624.0,ok,0.004625,ok,0.14081931818181817,0.02883125,ok,ue1_qfi82,0.0,99,10.0,data,ok,0.0,ue3_qfi1,10.0,ok,,30.4,ue1_qfi2,0,0.0,0.0,30.303,ok,33.0,,pending,,pending,ugv_heavy,4,TwoTier,1746484539,0.5
ue1_qfi2,5.078,12.545,13.85,14.794,ok,0.0010204567598191057,ok,ue3_qfi9,0,2,4,1000.4999999999998,data,ok,2.0,False,,proxy,3,0,,ue3_qfi2,0.993421052631579,152,150.0,ok,,ue1_qfi2,15.586,ok,,3,ok,3,,ue2_qfi2,0.9667836,ok,0.9991698408907259,proxy,5,0.9982594588369436,12888276.8,ok,0.004638636363636364,ok,0.19971136363636363,0.0271984375,ok,ue1_qfi82,0.0,99,10.0,data,ok,0.0,ue3_qfi9,12.0,ok,,30.2,ue3_qfi2,1,71.25,71.25,30.303,ok,33.0,,pending,,pending,ugv_heavy,4,PF,1826701614,1.0
ue3_qfi9,1.0,17.75,17.75,17.75,ok,0.0012732180710696643,ok,ue3_qfi9,0,1,4,1000.2499999999999,data,ok,2.0,False,,proxy,3,0,,ue1_qfi2,1.0,152,150.0,ok,,ue1_qfi2,16.447,ok,,3,ok,3,,ue2_qfi2,0.9667551999999999,ok,0.9987667336803465,proxy,5,0.9980138643856914,12892598.4,ok,0.004975,ok,0.2645840909090909,0.030978125,ok,ue1_qfi82,0.0,99,10.0,data,ok,0.0,ue3_qfi9,16.75,ok,,30.4,ue1_qfi2,0,0.0,0.0,30.303,ok,33.0,,pending,,pending,ugv_heavy,4,Reservation,1826701614,1.0
ue3_qfi1,0.75,10.75,15.5,15.5,ok,0.0009391781112723941,ok,ue3_qfi9,0,1,4,1000.5000000000001,data,ok,2.0,False,,proxy,3,0,,ue2_qfi2,0.993421052631579,152,150.0,ok,,ue2_qfi2,15.269,ok,,3,ok,3,,ue2_qfi2,0.9654531999999999,ok,0.9993316408933218,proxy,5,0.9986236675147198,12891761.6,ok,0.004497727272727273,ok,0.22652045454545455,0.0274921875,ok,ue1_qfi82,0.0,99,10.0,data,ok,0.0,ue3_qfi1,14.75,ok,,30.4,ue1_qfi2,0,0.0,0.0,30.303,ok,33.0,,pending,,pending,ugv_heavy,4,TwoTier,1826701614,1.0
ue3_qfi9,0.5,15.5,15.5,15.5,ok,0.0010000255808889546,ok,ue3_qfi9,0,1,4,1000.2500000000001,data,ok,2.0,False,,proxy,3,0,,ue1_qfi2,1.0,152,150.0,ok,,ue2_qfi2,15.481,ok,,3,ok,3,,ue1_qfi2,0.961292,ok,0.999329551334808,proxy,5,0.999137662708203,12810481.6,ok,0.004613636363636364,ok,0.20207386363636365,0.02866875,ok,ue1_qfi82,0.0,99,10.0,data,ok,0.0,ue3_qfi9,15.0,ok,,30.4,ue1_qfi2,0,0.0,0.0,30.303,ok,33.0,,pending,,pending,ugv_heavy,4,PF,1367864806,1.0
ue2_qfi2,5.124,13.555,14.944,15.865,ok,0.00138662817251092,ok,ue3_qfi9,0,2,4,1005.2499999999998,data,ok,2.0,False,,proxy,3,0,,ue1_qfi2,1.0,152,150.0,ok,,ue2_qfi2,16.36,ok,,3,ok,3,,ue1_qfi2,0.961292,ok,0.9986892902637458,proxy,5,0.9982630062731234,12805401.6,ok,0.005229545454545455,ok,0.2691113636363636,0.0328046875,ok,ue1_qfi82,0.0,99,10.0,data,ok,0.0,ue3_qfi1,14.5,ok,,30.4,ue1_qfi2,0,0.0,0.0,30.303,ok,33.0,,pending,,pending,ugv_heavy,4,Reservation,1367864806,1.0
ue3_qfi1,0.75,12.75,15.5,15.5,ok,0.0009801851607828104,ok,ue3_qfi9,0,1,4,1005.2499999999998,data,ok,2.0,False,,proxy,3,0,,ue1_qfi2,1.0,152,150.0,ok,,ue1_qfi2,15.25,ok,,3,ok,3,,ue1_qfi2,0.961292,ok,0.9993466197188399,proxy,5,0.9985650388190928,12811092.799999999,ok,0.004631818181818181,ok,0.23018181818181818,0.0288265625,ok,ue1_qfi82,0.0,99,10.0,data,ok,0.0,ue3_qfi1,14.75,ok,,30.4,ue1_qfi2,0,0.0,0.0,30.303,ok,33.0,,pending,,pending,ugv_heavy,4,TwoTier,1367864806,1.0
ue3_qfi9,0.5,15.25,15.25,15.25,ok,0.0010023109316468976,ok,ue1_qfi85,1,1,1,2601.2500000000005,data,ok,2.0,False,,proxy,3,0,,ue1_qfi2,0.993421052631579,152,150.0,ok,,ue1_qfi2,15.592,ok,,3,ok,3,,ue1_qfi2,0.95561,ok,0.9993090533127182,proxy,5,0.9988741325465544,12921265.6,ok,0.004743181818181818,ok,0.2125125,0.03110625,ok,ue1_qfi82,0.0,99,10.0,data,ok,0.0,ue3_qfi9,14.75,ok,,30.2,ue1_qfi2,1,66.0,66.0,30.303,ok,33.0,,pending,,pending,ugv_heavy,4,PF,1097657231,1.0
ue1_qfi2,5.535,13.775,15.139,16.696,ok,0.0011947078154050275,ok,ue1_qfi85,1,1,1,2601.2500000000005,data,ok,2.0,False,,proxy,3,0,,ue1_qfi2,1.0,152,150.0,ok,,ue1_qfi2,17.078,ok,,3,ok,3,,ue1_qfi2,0.956728,ok,0.9989999842155497,proxy,5,0.998659637522648,12922468.8,ok,0.005272727272727273,ok,0.27827613636363635,0.0350625,ok,ue1_qfi82,0.0,99,10.0,data,ok,0.0,ue3_qfi1,14.75,ok,,30.4,ue1_qfi2,0,0.0,0.0,30.303,ok,33.0,,pending,,pending,ugv_heavy,4,Reservation,1097657231,1.0
ue1_qfi2,5.0,12.97,14.5,15.074,ok,0.0008739001423767116,ok,ue1_qfi85,1,1,1,2601.2500000000005,data,ok,2.0,False,,proxy,3,0,,ue1_qfi2,1.0,152,150.0,ok,,ue1_qfi2,15.87,ok,,3,ok,3,,ue1_qfi2,0.956728,ok,0.9994594384458206,proxy,5,0.9990825396499515,12926601.6,ok,0.004875,ok,0.24033409090909091,0.0313578125,ok,ue1_qfi82,0.0,99,10.0,data,ok,0.0,ue3_qfi1,12.25,ok,,30.4,ue1_qfi2,0,0.0,0.0,30.303,ok,33.0,,pending,,pending,ugv_heavy,4,TwoTier,1097657231,1.0
ue2_qfi2,5.374,12.495,14.366,14.897,ok,0.0009619542095433188,ok,ue1_qfi85,0,1,1,1928.7499999999998,data,ok,2.0,False,,proxy,3,0,,ue1_qfi2,1.0,152,150.0,ok,,ue2_qfi2,15.404,ok,,3,ok,3,,ue3_qfi2,0.9697051999999999,ok,0.9993861607452175,proxy,5,0.9987382591514632,12910816.0,ok,0.004604545454545455,ok,0.20688863636363636,0.0300671875,ok,ue1_qfi82,0.0,99,10.0,data,ok,0.0,ue2_qfi9,11.25,ok,,30.4,ue1_qfi2,0,0.0,0.0,30.303,ok,33.0,,pending,,pending,ugv_heavy,4,PF,579362555,1.0
ue2_qfi2,5.25,13.631,15.524,16.25,ok,0.0011427020034813645,ok,ue1_qfi85,0,1,1,1931.7499999999998,data,ok,2.0,False,,proxy,3,0,,ue2_qfi2,0.993421052631579,152,150.0,ok,,ue2_qfi2,16.779,ok,,3,ok,3,,ue3_qfi2,0.9697652,ok,0.9991099053801058,proxy,5,0.9985474394783109,12904572.8,ok,0.0051522727272727276,ok,0.2738829545454545,0.034178125,ok,ue1_qfi82,0.0,99,10.0,data,ok,0.0,ue2_qfi9,13.25,ok,,30.4,ue1_qfi2,0,0.0,0.0,30.303,ok,33.0,,pending,,pending,ugv_heavy,4,Reservation,579362555,1.0
ue3_qfi1,0.5,13.5,15.75,15.75,ok,0.0009594283308151487,ok,ue1_qfi85,0,1,1,1928.7499999999998,data,ok,2.0,False,,proxy,3,0,,ue2_qfi2,0.993421052631579,152,150.0,ok,,ue2_qfi2,16.212,ok,,3,ok,3,,ue3_qfi2,0.9697051999999999,ok,0.9993076717844807,proxy,5,0.999105914158351,12907070.4,ok,0.004547727272727273,ok,0.2353159090909091,0.0302546875,ok,ue1_qfi82,0.0,99,10.0,data,ok,0.0,ue3_qfi1,15.25,ok,,30.2,ue2_qfi2,1,68.0,68.0,30.303,ok,33.0,,pending,,pending,ugv_heavy,4,TwoTier,579362555,1.0
ue1_qfi2,5.228,12.382,14.341,14.965,ok,0.0009261501315457197,ok,ue2_qfi85,0,1,2,1546.2500000000002,data,ok,2.0,False,,proxy,3,0,,ue1_qfi2,1.0,152,150.0,ok,,ue1_qfi2,15.096,ok,,3,ok,3,,ue2_qfi2,0.9680564,ok,0.9995188222856735,proxy,5,0.9992052261777219,12928145.6,ok,0.004713636363636363,ok,0.1968125,0.025834375,ok,ue1_qfi82,0.0,99,10.0,data,ok,0.0,ue3_qfi1,12.25,ok,,30.4,ue1_qfi2,0,0.0,0.0,30.303,ok,33.0,,pending,,pending,ugv_heavy,4,PF,661058651,1.0
ue3_qfi1,0.75,11.25,17.75,17.75,ok,0.0012307651960039036,ok,ue2_qfi85,0,1,2,1546.2500000000002,data,ok,2.0,False,,proxy,3,0,,ue1_qfi2,0.993421052631579,152,150.0,ok,,ue1_qfi2,16.048,ok,,3,ok,3,,ue1_qfi2,0.9671156,ok,0.9989078705470584,proxy,5,0.998275937726327,12919129.6,ok,0.0053022727272727275,ok,0.2620818181818182,0.0292484375,ok,ue1_qfi82,0.0,99,10.0,data,ok,0.0,ue3_qfi1,17.0,ok,,30.2,ue1_qfi2,0,0.0,0.0,30.303,ok,33.0,,pending,,pending,ugv_heavy,4,Reservation,661058651,1.0
ue3_qfi1,0.75,14.0,16.0,16.0,ok,0.0008525763846729669,ok,ue2_qfi85,0,1,2,1546.2500000000002,data,ok,2.0,False,,proxy,3,0,,ue2_qfi2,0.993421052631579,152,150.0,ok,,ue1_qfi2,15.096,ok,,3,ok,3,,ue2_qfi2,0.9680224000000001,ok,0.9994641687042186,proxy,5,0.999211833071744,12927526.4,ok,0.00465,ok,0.2227375,0.0261078125,ok,ue1_qfi82,0.0,99,10.0,data,ok,0.0,ue3_qfi1,15.25,ok,,30.4,ue1_qfi2,0,0.0,0.0,30.303,ok,33.0,,pending,,pending,ugv_heavy,4,TwoTier,661058651,1.0
ue3_qfi1,0.5,10.75,15.5,15.5,ok,0.0009587418073059627,ok,ue3_qfi9,0,1,4,1001.2500000000002,data,ok,2.0,False,,proxy,3,0,,ue1_qfi2,1.0,152,150.0,ok,,ue1_qfi2,16.342,ok,,3,ok,3,,ue1_qfi2,0.9689072,ok,0.999273600631988,proxy,5,0.9988648228667474,12968448.0,ok,0.004713636363636363,ok,0.2099909090909091,0.0299515625,ok,ue1_qfi82,0.0,99,10.0,data,ok,0.0,ue3_qfi1,15.0,ok,,30.4,ue1_qfi2,0,0.0,0.0,30.303,ok,33.0,,pending,,pending,ugv_heavy,4,PF,87989972,1.0
ue3_qfi1,0.75,13.0,18.5,18.5,ok,0.001117814216540914,ok,ue3_qfi9,0,1,4,1005.2499999999998,data,ok,2.0,False,,proxy,3,0,,ue1_qfi2,1.0,152,150.0,ok,,ue1_qfi2,16.342,ok,,3,ok,3,,ue1_qfi2,0.9689072,ok,0.9991228466025653,proxy,5,0.9989268780207657,12967654.4,ok,0.005202272727272727,ok,0.2762431818181818,0.034278125,ok,ue1_qfi82,0.0,99,10.0,data,ok,0.0,ue3_qfi1,17.75,ok,,30.4,ue1_qfi2,0,0.0,0.0,30.303,ok,33.0,,pending,,pending,ugv_heavy,4,Reservation,87989972,1.0
ue3_qfi1,0.75,13.0,15.5,15.5,ok,0.0009847176409095062,ok,ue3_qfi9,0,1,4,1000.9999999999999,data,ok,2.0,False,,proxy,3,0,,ue1_qfi2,0.993421052631579,152,150.0,ok,,ue1_qfi2,15.296,ok,,3,ok,3,,ue1_qfi2,0.9679371999999999,ok,0.999272973414359,proxy,5,0.9990494660569837,12963774.4,ok,0.004575,ok,0.23818977272727274,0.03025625,ok,ue1_qfi82,0.0,99,10.0,data,ok,0.0,ue3_qfi1,14.75,ok,,30.2,ue1_qfi2,0,0.0,0.0,30.303,ok,33.0,,pending,,pending,ugv_heavy,4,TwoTier,87989972,1.0
ue3_qfi1,0.5,15.25,15.5,15.5,ok,0.0010069952270043404,ok,ue3_qfi9,0,2,4,1000.2499999999999,data,ok,2.0,False,,proxy,3,0,,ue1_qfi2,1.0,152,150.0,ok,,ue1_qfi2,15.532,ok,,3,ok,3,,ue2_qfi2,0.9652696,ok,0.9993369667402154,proxy,5,0.999143789647646,12850388.8,ok,0.0046795454545454545,ok,0.20336704545454545,0.0284265625,ok,ue1_qfi82,0.0,99,10.0,data,ok,0.0,ue3_qfi1,15.0,ok,,30.4,ue1_qfi2,0,0.0,0.0,30.303,ok,33.0,,pending,,pending,ugv_heavy,4,PF,161576974,1.0
ue1_qfi2,5.67,14.23,15.772,16.903,ok,0.001282355723163917,ok,ue3_qfi9,0,2,4,1000.9999999999999,data,ok,2.0,False,,proxy,3,0,,ue1_qfi2,1.0,152,150.0,ok,,ue1_qfi2,17.244,ok,,3,ok,3,,ue2_qfi2,0.9652696,ok,0.9989221858239776,proxy,5,0.9985832185245602,12847657.6,ok,0.005118181818181819,ok,0.2697681818181818,0.0327484375,ok,ue1_qfi82,0.0,99,10.0,data,ok,0.0,ue1_qfi9,12.75,ok,,30.4,ue1_qfi2,0,0.0,0.0,30.303,ok,33.0,,pending,,pending,ugv_heavy,4,Reservation,161576974,1.0
ue1_qfi2,5.05,12.669,14.292,15.282,ok,0.000979706244899437,ok,ue3_qfi9,0,1,4,1000.5000000000001,data,ok,2.0,False,,proxy,3,0,,ue3_qfi2,0.993421052631579,152,150.0,ok,,ue1_qfi2,15.852,ok,,3,ok,3,,ue2_qfi2,0.9652696,ok,0.9992029406621448,proxy,5,0.9987710285961702,12847049.6,ok,0.004615909090909091,ok,0.23124545454545453,0.0287796875,ok,ue1_qfi82,0.0,99,10.0,data,ok,0.0,ue3_qfi1,14.5,ok,,30.2,ue3_qfi2,1,67.25,67.25,30.303,ok,33.0,,pending,,pending,ugv_heavy,4,TwoTier,161576974,1.0
ue3_qfi9,0.5,15.5,15.5,15.5,ok,0.000987585053617711,ok,ue3_qfi9,0,1,4,1000.0000000000002,data,ok,2.0,False,,proxy,3,0,,ue1_qfi2,0.993421052631579,152,150.0,ok,,ue2_qfi2,15.043,ok,,3,ok,3,,ue3_qfi2,0.964192,ok,0.9993063418392618,proxy,5,0.999209723223491,12855193.6,ok,0.004631818181818181,ok,0.20880568181818182,0.0314640625,ok,ue1_qfi82,0.0,99,10.0,data,ok,0.0,ue3_qfi9,15.0,ok,,30.2,ue1_qfi2,1,66.5,66.5,30.303,ok,33.0,,pending,,pending,ugv_heavy,4,PF,35492826,1.0
ue2_qfi2,5.284,13.17,14.639,15.746,ok,0.0011405594781014568,ok,ue3_qfi9,0,1,4,1002.5,data,ok,2.0,False,,proxy,3,0,,ue1_qfi2,1.0,152,150.0,ok,,ue1_qfi2,16.274,ok,,3,ok,3,,ue3_qfi2,0.964192,ok,0.9990383862710035,proxy,5,0.9984925098035811,12861214.4,ok,0.005222727272727273,ok,0.27557613636363637,0.036146875,ok,ue1_qfi82,0.0,99,10.0,data,ok,0.0,ue3_qfi9,14.5,ok,,30.4,ue1_qfi2,0,0.0,0.0,30.303,ok,33.0,,pending,,pending,ugv_heavy,4,Reservation,35492826,1.0
ue2_qfi2,4.715,12.767,14.296,15.186,ok,0.0009445754214266743,ok,ue3_qfi9,0,1,4,1000.5000000000001,data,ok,2.0,False,,proxy,3,0,,ue2_qfi2,0.993421052631579,152,150.0,ok,,ue2_qfi2,15.584,ok,,3,ok,3,,ue3_qfi2,0.964192,ok,0.9992936750989555,proxy,5,0.9990721886019829,12861827.2,ok,0.004627272727272727,ok,0.23728068181818182,0.03154375,ok,ue1_qfi82,0.0,99,10.0,data,ok,0.0,ue3_qfi1,12.75,ok,,30.4,ue1_qfi2,0,0.0,0.0,30.303,ok,33.0,,pending,,pending,ugv_heavy,4,TwoTier,35492826,1.0
ue3_qfi1,0.5,15.25,16.0,16.0,ok,0.0009897670539012907,ok,ue3_qfi9,0,2,4,1002.2499999999997,data,ok,2.0,False,,proxy,3,0,,ue1_qfi2,1.0,152,150.0,ok,,ue2_qfi2,15.164,ok,,3,ok,3,,ue2_qfi2,0.9726931999999999,ok,0.9993117681929868,proxy,5,0.999120251729676,12940024.0,ok,0.004502272727272727,ok,0.20089318181818183,0.0264953125,ok,ue1_qfi82,0.0,99,10.0,data,ok,0.0,ue3_qfi1,15.5,ok,,30.4,ue1_qfi2,0,0.0,0.0,30.303,ok,33.0,,pending,,pending,ugv_heavy,4,PF,376383645,1.0
ue2_qfi2,5.051,13.346,14.664,15.843,ok,0.0011731765177917155,ok,ue3_qfi9,0,2,4,1000.4999999999998,data,ok,2.0,False,,proxy,3,0,,ue1_qfi2,1.0,152,150.0,ok,,ue2_qfi2,16.037,ok,,3,ok,3,,ue2_qfi2,0.9726931999999999,ok,0.9990445670139003,proxy,5,0.9987079155029186,12938272.0,ok,0.004979545454545454,ok,0.2655931818181818,0.0300984375,ok,ue1_qfi82,0.0,99,10.0,data,ok,0.0,ue3_qfi1,13.25,ok,,30.4,ue1_qfi2,0,0.0,0.0,30.303,ok,33.0,,pending,,pending,ugv_heavy,4,Reservation,376383645,1.0
ue3_qfi1,0.75,13.0,15.5,15.5,ok,0.0008902122240740514,ok,ue3_qfi9,0,1,4,1000.75,data,ok,2.0,False,,proxy,3,0,,ue1_qfi2,1.0,152,150.0,ok,,ue1_qfi2,14.946,ok,,3,ok,3,,ue2_qfi2,0.9726931999999999,ok,0.999416294189191,proxy,5,0.9989462094464538,12941054.4,ok,0.004504545454545455,ok,0.22827272727272727,0.0264625,ok,ue1_qfi82,0.0,99,10.0,data,ok,0.0,ue3_qfi1,14.75,ok,,30.4,ue1_qfi2,0,0.0,0.0,30.303,ok,33.0,,pending,,pending,ugv_heavy,4,TwoTier,376383645,1.0
ue2_qfi2,4.621,12.304,13.973,14.514,ok,0.0009026449590644682,ok,ue3_qfi9,0,2,4,1001.2500000000002,data,ok,2.0,False,,proxy,3,0,,ue1_qfi2,1.0,152,150.0,ok,,ue1_qfi2,14.91,ok,,3,ok,3,,ue1_qfi2,0.9560688,ok,0.999409898641078,proxy,5,0.9990616266376308,12753252.8,ok,0.004547727272727273,ok,0.2008318181818182,0.029834375,ok,ue1_qfi82,0.0,99,10.0,data,ok,0.0,ue1_qfi9,11.0,ok,,30.4,ue1_qfi2,0,0.0,0.0,30.303,ok,33.0,,pending,,pending,ugv_heavy,4,PF,1746484539,1.0
ue1_qfi2,5.075,13.035,14.552,15.245,ok,0.0011157449016813265,ok,ue3_qfi9,0,2,4,1000.9999999999999,data,ok,2.0,False,,proxy,3,0,,ue1_qfi2,1.0,152,150.0,ok,,ue1_qfi2,15.733,ok,,3,ok,3,,ue1_qfi2,0.9559488,ok,0.9991694904281367,proxy,5,0.9985560173597285,12751041.6,ok,0.005168181818181818,ok,0.26759431818181817,0.0340015625,ok,ue1_qfi82,0.0,99,10.0,data,ok,0.0,ue1_qfi9,12.5,ok,,30.4,ue1_qfi2,0,0.0,0.0,30.303,ok,33.0,,pending,,pending,ugv_heavy,4,Reservation,1746484539,1.0
ue3_qfi1,0.75,13.0,15.5,15.5,ok,0.0009136065193998478,ok,ue3_qfi9,0,1,4,1000.9999999999999,data,ok,2.0,False,,proxy,3,0,,ue1_qfi2,1.0,152,150.0,ok,,ue1_qfi2,14.742,ok,,3,ok,3,,ue1_qfi2,0.9560688,ok,0.9994510395009456,proxy,5,0.9992539269144788,12753160.0,ok,0.004540909090909091,ok,0.22893409090909092,0.0302609375,ok,ue1_qfi82,0.0,99,10.0,data,ok,0.0,ue3_qfi1,14.75,ok,,30.4,ue1_qfi2,0,0.0,0.0,30.303,ok,33.0,,pending,,pending,ugv_heavy,4,TwoTier,1746484539,1.0
ue3_qfi1,0.5,10.5,15.5,15.5,ok,0.0005400619219569375,ok,ue2_qfi9,0,3,4,1000.4999999999998,data,ok,2.0,False,,proxy,3,0,,ue1_qfi2,1.0,152,150.0,ok,,ue1_qfi2,15.564,ok,,3,ok,3,,ue2_qfi2,0.9650428000000001,ok,0.999558267917033,proxy,5,0.9993006955143579,12436705.6,ok,0.004654545454545455,ok,0.18447045454545455,0.020225,ok,ue1_qfi82,0.0,99,10.0,data,ok,0.0,ue3_qfi1,15.0,ok,,30.4,ue1_qfi2,0,0.0,0.0,30.303,ok,33.0,,pending,,pending,drone_heavy,4,PF,1826701614,1.0
ue1_qfi2,5.37,13.752,14.97,16.59,ok,0.0006087269377486053,ok,ue3_qfi9,0,1,4,1005.0000000000003,data,ok,2.0,False,,proxy,3,0,,ue1_qfi2,1.0,152,150.0,ok,,ue1_qfi2,16.829,ok,,3,ok,3,,ue2_qfi2,0.9650428000000001,ok,0.9993485283700819,proxy,5,0.9986671654585885,12435657.6,ok,0.005315909090909091,ok,0.2459715909090909,0.02429375,ok,ue1_qfi82,0.0,99,10.0,data,ok,0.0,ue3_qfi1,14.5,ok,,30.4,ue1_qfi2,0,0.0,0.0,30.303,ok,33.0,,pending,,pending,drone_heavy,4,Reservation,1826701614,1.0
ue3_qfi9,0.5,15.75,15.75,15.75,ok,0.00044277454208467825,ok,ue2_qfi9,0,2,4,1000.5000000000001,data,ok,2.0,False,,proxy,3,0,,ue2_qfi2,0.993421052631579,152,150.0,ok,,ue1_qfi2,15.354,ok,,3,ok,3,,ue2_qfi2,0.9637724,ok,0.999688718413257,proxy,5,0.9993254162836177,12432769.6,ok,0.004718181818181818,ok,0.1990943181818182,0.0204359375,ok,ue1_qfi82,0.0,99,10.0,data,ok,0.0,ue3_qfi9,15.25,ok,,30.2,ue2_qfi2,1,69.5,69.5,30.303,ok,33.0,,pending,,pending,drone_heavy,4,TwoTier,1826701614,1.0
ue1_qfi2,5.175,12.443,14.544,15.696,ok,0.0005077741114603875,ok,ue3_qfi9,0,1,4,1000.5,data,ok,2.0,False,,proxy,3,0,,ue3_qfi2,0.993421052631579,152,150.0,ok,,ue1_qfi2,16.25,ok,,3,ok,3,,ue3_qfi2,0.9584224,ok,0.9997148751356258,proxy,5,0.999375109504564,12286960.0,ok,0.004675,ok,0.1877465909090909,0.0205984375,ok,ue1_qfi82,0.0,99,10.0,data,ok,0.0,ue2_qfi1,14.75,ok,,30.2,ue3_qfi2,1,67.25,67.25,30.303,ok,33.0,,pending,,pending,drone_heavy,4,PF,1367864806,1.0
ue1_qfi2,5.602,14.098,15.61,16.448,ok,0.0006505688183406279,ok,ue3_qfi9,0,2,4,1004.75,data,ok,2.0,False,,proxy,3,0,,ue1_qfi2,1.0,152,150.0,ok,,ue1_qfi2,17.492,ok,,3,ok,3,,ue3_qfi2,0.9596328000000001,ok,0.9993503850748177,proxy,5,0.9987593110623771,12289180.8,ok,0.005356818181818182,ok,0.24515227272727272,0.0253875,ok,ue1_qfi82,0.0,99,10.0,data,ok,0.0,ue2_qfi1,14.5,ok,,30.4,ue1_qfi2,0,0.0,0.0,30.303,ok,33.0,,pending,,pending,drone_heavy,4,Reservation,1367864806,1.0
ue3_qfi1,0.75,13.0,15.25,15.25,ok,0.0004075143459492332,ok,ue3_qfi9,0,1,4,1000.2499999999999,data,ok,2.0,False,,proxy,3,0,,ue1_qfi2,1.0,152,150.0,ok,,ue1_qfi2,15.242,ok,,3,ok,3,,ue3_qfi2,0.9596928,ok,0.9997509569932577,proxy,5,0.9995988964492174,12292227.200000001,ok,0.004738636363636363,ok,0.2004875,0.0210671875,ok,ue1_qfi82,0.0,99,10.0,data,ok,0.0,ue2_qfi9,14.75,ok,,30.4,ue1_qfi2,0,0.0,0.0,30.303,ok,33.0,,pending,,pending,drone_heavy,4,TwoTier,1367864806,1.0
ue3_qfi9,0.5,15.5,15.5,15.5,ok,0.0005022673301018556,ok,ue2_qfi9,0,3,4,1003.7500000000001,data,ok,2.0,False,,proxy,3,0,,ue1_qfi2,1.0,152,150.0,ok,,ue1_qfi2,15.192,ok,,3,ok,3,,ue2_qfi2,0.9702896,ok,0.9996343752750642,proxy,5,0.9990930866844034,12341636.799999999,ok,0.004765909090909091,ok,0.19222727272727272,0.0215046875,ok,ue1_qfi82,0.0,99,10.0,data,ok,0.0,ue2_qfi1,15.0,ok,,30.4,ue1_qfi2,0,0.0,0.0,30.303,ok,33.0,,pending,,pending,drone_heavy,4,PF,1097657231,1.0
ue3_qfi1,0.75,12.75,18.0,18.0,ok,0.0006557241935920714,ok,ue2_qfi9,0,1,4,1005.5000000000001,data,ok,2.0,False,,proxy,3,0,,ue1_qfi2,1.0,152,150.0,ok,,ue1_qfi2,16.969,ok,,3,ok,3,,ue2_qfi2,0.9702896,ok,0.9993650346407025,proxy,5,0.9987622073279532,12339292.799999999,ok,0.005222727272727273,ok,0.25466363636363637,0.0270046875,ok,ue1_qfi82,0.0,99,10.0,data,ok,0.0,ue3_qfi1,17.25,ok,,30.4,ue1_qfi2,0,0.0,0.0,30.303,ok,33.0,,pending,,pending,drone_heavy,4,Reservation,1097657231,1.0
ue2_qfi9,0.5,15.75,15.75,15.75,ok,0.0005460681151941963,ok,ue3_qfi9,0,3,4,1004.5000000000002,data,ok,2.0,False,,proxy,3,0,,ue1_qfi2,1.0,152,150.0,ok,,ue1_qfi2,15.49,ok,,3,ok,3,,ue2_qfi2,0.9702896,ok,0.99953689587421,proxy,5,0.9988912806367177,12340918.4,ok,0.004668181818181818,ok,0.208625,0.0216515625,ok,ue1_qfi82,0.0,99,10.0,data,ok,0.0,ue2_qfi9,15.25,ok,,30.4,ue1_qfi2,0,0.0,0.0,30.303,ok,33.0,,pending,,pending,drone_heavy,4,TwoTier,1097657231,1.0
ue3_qfi1,0.5,10.75,15.75,15.75,ok,0.0006231856210304374,ok,ue3_qfi9,0,3,4,1004.9999999999999,data,ok,2.0,False,,proxy,3,0,,ue1_qfi2,1.0,152,150.0,ok,,ue1_qfi2,15.809,ok,,3,ok,3,,ue2_qfi2,0.9608671999999999,ok,0.999476601481932,proxy,5,0.9992710189636068,12316707.2,ok,0.004572727272727273,ok,0.18828295454545455,0.0209203125,ok,ue1_qfi82,0.0,99,10.0,data,ok,0.0,ue3_qfi1,15.25,ok,,30.4,ue1_qfi2,0,0.0,0.0,30.303,ok,33.0,,pending,,pending,drone_heavy,4,PF,579362555,1.0
ue3_qfi1,0.75,10.75,17.75,17.75,ok,0.0005950512973689333,ok,ue3_qfi9,0,2,4,1007.4999999999999,data,ok,2.0,False,,proxy,3,0,,ue1_qfi2,1.0,152,150.0,ok,,ue1_qfi2,17.145,ok,,3,ok,3,,ue2_qfi2,0.9608671999999999,ok,0.9995088683139148,proxy,5,0.9992860574859521,12316171.2,ok,0.005159090909090909,ok,0.24778636363636364,0.0259171875,ok,ue1_qfi82,0.0,99,10.0,data,ok,0.0,ue3_qfi1,17.0,ok,,30.4,ue1_qfi2,0,0.0,0.0,30.303,ok,33.0,,pending,,pending,drone_heavy,4,Reservation,579362555,1.0
ue3_qfi1,0.5,11.5,15.5,15.5,ok,0.0005224838899718038,ok,ue3_qfi9,0,2,4,1002.2499999999997,data,ok,2.0,False,,proxy,3,0,,ue3_qfi2,0.9868421052631579,152,150.0,ok,,ue1_qfi2,15.088,ok,,3,ok,3,,ue2_qfi2,0.9608671999999999,ok,0.999678747243365,proxy,5,0.9995685941016116,12311046.4,ok,0.004556818181818182,ok,0.20403181818181818,0.021346875,ok,ue1_qfi82,0.0,99,10.0,data,ok,0.0,ue3_qfi1,15.0,ok,,30.0,ue3_qfi2,1,71.5,71.5,30.303,ok,33.0,,pending,,pending,drone_heavy,4,TwoTier,579362555,1.0
ue3_qfi1,0.5,10.5,16.0,16.0,ok,0.00046951684744504476,ok,ue3_qfi9,0,2,4,1002.5,data,ok,2.0,False,,proxy,3,0,,ue3_qfi2,0.993421052631579,152,150.0,ok,,ue1_qfi2,15.25,ok,,3,ok,3,,ue3_qfi2,0.9713408,ok,0.9997075411549222,proxy,5,0.9995038438664875,12409390.4,ok,0.004520454545454545,ok,0.17944545454545455,0.018825,ok,ue1_qfi82,0.0,99,10.0,data,ok,0.0,ue3_qfi1,15.5,ok,,30.4,ue1_qfi2,0,0.0,0.0,30.303,ok,33.0,,pending,,pending,drone_heavy,4,PF,661058651,1.0
ue1_qfi2,4.944,13.763,15.145,16.027,ok,0.0005063262429188104,ok,ue2_qfi9,0,2,4,1002.9999999999997,data,ok,2.0,False,,proxy,3,0,,ue2_qfi2,0.993421052631579,152,150.0,ok,,ue1_qfi2,16.365,ok,,3,ok,3,,ue3_qfi2,0.9724648,ok,0.9996305403276136,proxy,5,0.9990918353744532,12410216.0,ok,0.005054545454545455,ok,0.2396340909090909,0.0226046875,ok,ue1_qfi82,0.0,99,10.0,data,ok,0.0,ue3_qfi1,14.75,ok,,30.4,ue1_qfi2,0,0.0,0.0,30.303,ok,33.0,,pending,,pending,drone_heavy,4,Reservation,661058651,1.0
ue3_qfi1,0.75,10.75,15.5,15.5,ok,0.0004941949485701005,ok,ue2_qfi9,0,3,4,1000.5000000000001,data,ok,2.0,False,,proxy,3,0,,ue1_qfi2,1.0,152,150.0,ok,,ue1_qfi2,15.139,ok,,3,ok,3,,ue3_qfi2,0.9725651999999999,ok,0.9996495449973887,proxy,5,0.9992370286322525,12413787.2,ok,0.004525,ok,0.19252613636363636,0.0191453125,ok,ue1_qfi82,0.0,99,10.0,data,ok,0.0,ue2_qfi1,15.0,ok,,30.4,ue1_qfi2,0,0.0,0.0,30.303,ok,33.0,,pending,,pending,drone_heavy,4,TwoTier,661058651,1.0
ue2_qfi1,0.5,10.75,15.5,15.5,ok,0.0006319565112641856,ok,ue3_qfi9,0,2,4,1002.5,data,ok,2.0,False,,proxy,3,0,,ue1_qfi2,1.0,152,150.0,ok,,ue1_qfi2,15.517,ok,,3,ok,3,,ue1_qfi2,0.9709972,ok,0.9993784022877407,proxy,5,0.9989808587110649,12378155.2,ok,0.004586363636363637,ok,0.19358636363636364,0.0228765625,ok,ue1_qfi82,0.0,99,10.0,data,ok,0.0,ue2_qfi1,15.0,ok,,30.4,ue1_qfi2,0,0.0,0.0,30.303,ok,33.0,,pending,,pending,drone_heavy,4,PF,87989972,1.0
ue3_qfi1,0.75,13.0,17.75,17.75,ok,0.0005597509967133199,ok,ue3_qfi9,0,2,4,1002.5,data,ok,2.0,False,,proxy,3,0,,ue1_qfi2,1.0,152,150.0,ok,,ue1_qfi2,17.501,ok,,3,ok,3,,ue1_qfi2,0.9709972,ok,0.9995264445956247,proxy,5,0.9990403249173594,12379121.6,ok,0.005031818181818182,ok,0.25276363636363636,0.0277,ok,ue1_qfi82,0.0,99,10.0,data,ok,0.0,ue3_qfi1,17.0,ok,,30.4,ue1_qfi2,0,0.0,0.0,30.303,ok,33.0,,pending,,pending,drone_heavy,4,Reservation,87989972,1.0
ue3_qfi1,0.5,13.0,15.5,15.5,ok,0.0005074082508870279,ok,ue3_qfi9,0,2,4,1000.5000000000001,data,ok,2.0,False,,proxy,3,0,,ue1_qfi2,1.0,152,150.0,ok,,ue1_qfi2,15.285,ok,,3,ok,3,,ue1_qfi2,0.9709972,ok,0.9996107685826843,proxy,5,0.9993251831075882,12380286.4,ok,0.004656818181818182,ok,0.20930454545454547,0.0231921875,ok,ue1_qfi82,0.0,99,10.0,data,ok,0.0,ue2_qfi1,15.0,ok,,30.4,ue1_qfi2,0,0.0,0.0,30.303,ok,33.0,,pending,,pending,drone_heavy,4,TwoTier,87989972,1.0
ue2_qfi1,0.5,15.5,15.75,15.75,ok,0.0004936676727960272,ok,ue1_qfi85,1,1,1,3302.5,data,ok,2.0,False,,proxy,3,0,,ue1_qfi2,1.0,152,150.0,ok,,ue1_qfi2,15.581,ok,,2,ok,3,,ue1_qfi2,0.9486532,ok,0.9996135942586891,proxy,5,0.9990985335333448,12310147.2,ok,0.004831818181818182,ok,0.1851534090909091,0.0205953125,ok,ue1_qfi82,0.0,99,10.0,data,ok,0.0,ue2_qfi1,15.25,ok,,30.4,ue1_qfi2,0,0.0,0.0,30.303,ok,33.0,,pending,,pending,drone_heavy,4,PF,161576974,1.0
ue2_qfi1,0.75,15.25,17.75,17.75,ok,0.0006219710426085252,ok,ue1_qfi85,1,1,1,3302.5,data,ok,2.0,False,,proxy,3,0,,ue3_qfi2,0.993421052631579,152,150.0,ok,,ue1_qfi2,17.201,ok,,2,ok,3,,ue1_qfi2,0.9486532,ok,0.9996311361872579,proxy,5,0.999571736799816,12305795.2,ok,0.005420454545454545,ok,0.2452193181818182,0.0247375,ok,ue1_qfi82,0.0,99,10.0,data,ok,0.0,ue2_qfi1,17.0,ok,,30.4,ue1_qfi2,0,0.0,0.0,30.303,ok,33.0,,pending,,pending,drone_heavy,4,Reservation,161576974,1.0
ue2_qfi9,0.75,15.75,15.75,15.75,ok,0.00042611292772059466,ok,ue1_qfi85,1,1,1,3302.5,data,ok,2.0,False,,proxy,3,0,,ue1_qfi2,1.0,152,150.0,ok,,ue1_qfi2,15.04,ok,,2,ok,3,,ue1_qfi2,0.9486532,ok,0.9997087016927978,proxy,5,0.9993756102705401,12311070.4,ok,0.0046931818181818186,ok,0.19977613636363636,0.0208828125,ok,ue1_qfi82,0.0,99,10.0,data,ok,0.0,ue2_qfi9,15.0,ok,,30.4,ue1_qfi2,0,0.0,0.0,30.303,ok,33.0,,pending,,pending,drone_heavy,4,TwoTier,161576974,1.0
ue3_qfi1,0.5,10.5,17.75,17.75,ok,0.0004658230180492186,ok,ue1_qfi85,0,1,1,1693.7500000000005,data,ok,2.0,False,,proxy,3,0,,ue2_qfi2,0.993421052631579,152,150.0,ok,,ue1_qfi2,15.248,ok,,3,ok,3,,ue2_qfi2,0.96693,ok,0.9996370506469081,proxy,5,0.9990996575482951,12359771.2,ok,0.004677272727272727,ok,0.18890795454545453,0.0204203125,ok,ue1_qfi82,0.0,99,10.0,data,ok,0.0,ue3_qfi1,17.25,ok,,30.4,ue1_qfi2,0,0.0,0.0,30.303,ok,33.0,,pending,,pending,drone_heavy,4,PF,35492826,1.0
ue1_qfi2,5.009,13.472,15.277,16.681,ok,0.0005546499576966279,ok,ue1_qfi85,0,1,1,1693.7500000000005,data,ok,2.0,False,,proxy,3,0,,ue1_qfi2,1.0,152,150.0,ok,,ue1_qfi2,17.138,ok,,3,ok,3,,ue2_qfi2,0.9682004000000001,ok,0.9995116878572065,proxy,5,0.9987705209822542,12368862.4,ok,0.005243181818181818,ok,0.24806704545454544,0.0253640625,ok,ue1_qfi82,0.0,99,10.0,data,ok,0.0,ue3_qfi1,14.75,ok,,30.4,ue1_qfi2,0,0.0,0.0,30.303,ok,33.0,,pending,,pending,drone_heavy,4,Reservation,35492826,1.0
ue3_qfi9,0.5,15.25,15.25,15.25,ok,0.00046544052394122625,ok,ue1_qfi85,0,1,1,1693.7500000000005,data,ok,2.0,False,,proxy,3,0,,ue1_qfi2,1.0,152,150.0,ok,,ue1_qfi2,15.083,ok,,3,ok,3,,ue2_qfi2,0.9682004000000001,ok,0.9996207219090726,proxy,5,0.9993719921587829,12369612.8,ok,0.004752272727272727,ok,0.20355681818181817,0.0207109375,ok,ue1_qfi82,0.0,99,10.0,data,ok,0.0,ue3_qfi1,14.75,ok,,30.4,ue1_qfi2,0,0.0,0.0,30.303,ok,33.0,,pending,,pending,drone_heavy,4,TwoTier,35492826,1.0
ue2_qfi1,0.5,10.75,15.5,15.5,ok,0.0004679109284756554,ok,ue3_qfi9,0,1,4,1000.5,data,ok,2.0,False,,proxy,3,0,,ue1_qfi2,1.0,152,150.0,ok,,ue1_qfi2,15.25,ok,,3,ok,3,,ue3_qfi2,0.9617268,ok,0.9996569403918822,proxy,5,0.9993087263249923,12304595.2,ok,0.0047,ok,0.1872318181818182,0.0196703125,ok,ue1_qfi82,0.0,99,10.0,data,ok,0.0,ue2_qfi1,15.0,ok,,30.4,ue1_qfi2,0,0.0,0.0,30.303,ok,33.0,,pending,,pending,drone_heavy,4,PF,376383645,1.0
ue3_qfi1,0.75,10.75,17.75,17.75,ok,0.0006759205387814608,ok,ue3_qfi9,0,1,4,1005.0000000000003,data,ok,2.0,False,,proxy,3,0,,ue1_qfi2,1.0,152,150.0,ok,,ue1_qfi2,17.25,ok,,3,ok,3,,ue3_qfi2,0.9617268,ok,0.9994802829421273,proxy,5,0.999327443209841,12302177.6,ok,0.005204545454545455,ok,0.245925,0.024065625,ok,ue1_qfi82,0.0,99,10.0,data,ok,0.0,ue2_qfi1,17.0,ok,,30.4,ue1_qfi2,0,0.0,0.0,30.303,ok,33.0,,pending,,pending,drone_heavy,4,Reservation,376383645,1.0
ue2_qfi9,0.5,15.5,15.5,15.5,ok,0.00047193899600340067,ok,ue2_qfi9,0,2,4,1001.4999999999997,data,ok,2.0,False,,proxy,3,0,,ue1_qfi2,1.0,152,150.0,ok,,ue1_qfi2,15.218,ok,,3,ok,3,,ue3_qfi2,0.9616668,ok,0.9997454044528906,proxy,5,0.9995724518524377,12305337.6,ok,0.004736363636363637,ok,0.20302272727272727,0.019959375,ok,ue1_qfi82,0.0,99,10.0,data,ok,0.0,ue2_qfi9,15.0,ok,,30.4,ue1_qfi2,0,0.0,0.0,30.303,ok,33.0,,pending,,pending,drone_heavy,4,TwoTier,376383645,1.0
ue3_qfi9,0.5,15.75,15.75,15.75,ok,0.0005567964157269536,ok,ue2_qfi9,0,1,4,1000.2500000000003,data,ok,2.0,False,,proxy,3,0,,ue1_qfi2,0.993421052631579,152,150.0,ok,,ue1_qfi2,15.367,ok,,3,ok,3,,ue1_qfi2,0.9637396,ok,0.9993855530631045,proxy,5,0.9982778564361946,12315057.6,ok,0.004584090909090909,ok,0.18904204545454545,0.0196203125,ok,ue1_qfi82,0.0,99,10.0,data,ok,0.0,ue3_qfi9,15.25,ok,,30.2,ue1_qfi2,0,0.0,0.0,30.303,ok,33.0,,pending,,pending,drone_heavy,4,PF,1746484539,1.0
ue3_qfi1,0.75,12.75,18.0,18.0,ok,0.0005453485212030855,ok,ue3_qfi9,0,1,4,1004.75,data,ok,2.0,False,,proxy,3,0,,ue2_qfi2,0.993421052631579,152,150.0,ok,,ue1_qfi2,16.273,ok,,3,ok,3,,ue1_qfi2,0.9641784,ok,0.999599542862194,proxy,5,0.9991043142376769,12316614.4,ok,0.0051090909090909095,ok,0.24790340909090908,0.02401875,ok,ue1_qfi82,0.0,99,10.0,data,ok,0.0,ue3_qfi1,17.25,ok,,30.4,ue1_qfi2,0,0.0,0.0,30.303,ok,33.0,,pending,,pending,drone_heavy,4,Reservation,1746484539,1.0
ue2_qfi9,0.5,15.5,15.5,15.5,ok,0.00041879854698727444,ok,ue3_qfi9,0,2,4,1007.2499999999995,data,ok,2.0,False,,proxy,3,0,,ue2_qfi2,0.993421052631579,152,150.0,ok,,ue1_qfi2,15.0,ok,,3,ok,3,,ue1_qfi2,0.9641784,ok,0.9997303481640183,proxy,5,0.9995346582158268,12312339.2,ok,0.004822727272727273,ok,0.2030534090909091,0.0198359375,ok,ue1_qfi82,0.0,99,10.0,data,ok,0.0,ue2_qfi9,15.0,ok,,30.4,ue1_qfi2,0,0.0,0.0,30.303,ok,33.0,,pending,,pending,drone_heavy,4,TwoTier,1746484539,1.0
ue1_qfi2,4.733,12.042,13.718,14.746,ok,0.00041373232306759095,ok,ue2_qfi9,0,1,4,1000.2499999999999,data,ok,2.0,False,,proxy,3,0,,ue1_qfi2,1.0,152,150.0,ok,,ue3_qfi2,15.5,ok,,3,ok,3,,ue2_qfi2,0.9650428000000001,ok,0.9995754188552674,proxy,5,0.999468778379056,14612323.200000001,ok,0.00395,ok,0.211875,0.020878125,ok,ue1_qfi82,0.0,99,10.0,data,ok,0.0,ue2_qfi9,12.0,ok,,30.4,ue1_qfi2,0,0.0,0.0,30.303,ok,33.0,,pending,,pending,mixed,4,PF,1826701614,1.0
ue1_qfi2,5.501,13.595,14.798,15.948,ok,0.0005910461758108442,ok,ue2_qfi9,0,1,4,1002.2499999999997,data,ok,2.0,False,,proxy,3,0,,ue1_qfi2,1.0,152,150.0,ok,,ue3_qfi2,16.918,ok,,3,ok,3,,ue2_qfi2,0.9650428000000001,ok,0.9990862862974893,proxy,5,0.9984601899199105,14609854.4,ok,0.004629545454545455,ok,0.27185113636363634,0.0251125,ok,ue1_qfi82,0.0,99,10.0,data,ok,0.0,ue2_qfi9,14.5,ok,,30.4,ue1_qfi2,0,0.0,0.0,30.303,ok,33.0,,pending,,pending,mixed,4,Reservation,1826701614,1.0
ue1_qfi2,4.808,13.048,14.501,15.604,ok,0.0004580607862534043,ok,ue2_qfi9,0,0,4,1000.0,data,ok,2.0,False,,proxy,3,0,,ue1_qfi2,1.0,152,150.0,ok,,ue1_qfi2,15.863,ok,,3,ok,3,,ue2_qfi2,0.9650428000000001,ok,0.9995144853280398,proxy,5,0.9992159721300392,14612067.200000001,ok,0.00405,ok,0.22661477272727273,0.02080625,ok,ue1_qfi82,0.0,99,10.0,data,ok,0.0,ue2_qfi1,12.75,ok,,30.4,ue1_qfi2,0,0.0,0.0,30.303,ok,33.0,,pending,,pending,mixed,4,TwoTier,1826701614,1.0
ue2_qfi1,0.5,10.75,15.5,15.5,ok,0.00044398275171407867,ok,ue2_qfi9,0,1,4,1000.0000000000002,data,ok,2.0,False,,proxy,3,0,,ue1_qfi2,1.0,152,150.0,ok,,ue1_qfi2,15.681,ok,,3,ok,3,,ue2_qfi2,0.9678748,ok,0.9995631585537279,proxy,5,0.9992889959277884,14408894.4,ok,0.004068181818181818,ok,0.21806022727272728,0.0218109375,ok,ue1_qfi82,0.0,99,10.0,data,ok,0.0,ue2_qfi1,15.0,ok,,30.4,ue1_qfi2,0,0.0,0.0,30.303,ok,33.0,,pending,,pending,mixed,4,PF,1367864806,1.0
ue2_qfi1,0.5,10.5,16.5,16.5,ok,0.0004903405574473872,ok,ue2_qfi9,0,2,4,1000.9999999999999,data,ok,2.0,False,,proxy,3,0,,ue2_qfi2,0.993421052631579,152,150.0,ok,,ue1_qfi2,16.544,ok,,3,ok,3,,ue2_qfi2,0.9673411999999999,ok,0.9994344114583568,proxy,5,0.9989594778639842,14406092.8,ok,0.004631818181818181,ok,0.2734761363636364,0.0264625,ok,ue1_qfi82,0.0,99,10.0,data,ok,0.0,ue2_qfi1,16.0,ok,,30.4,ue1_qfi2,0,0.0,0.0,30.303,ok,33.0,,pending,,pending,mixed,4,Reservation,1367864806,1.0
ue1_qfi2,4.795,13.07,14.576,15.322,ok,0.00048024872997806954,ok,ue2_qfi9,0,2,4,1000.5000000000001,data,ok,2.0,False,,proxy,3,0,,ue2_qfi2,0.993421052631579,152,150.0,ok,,ue1_qfi2,15.653,ok,,3,ok,3,,ue2_qfi2,0.9675116,ok,0.9994938511246494,proxy,5,0.9989721480527066,14402766.4,ok,0.004015909090909091,ok,0.23149431818181818,0.021884375,ok,ue1_qfi82,0.0,99,10.0,data,ok,0.0,ue2_qfi1,12.5,ok,,30.4,ue1_qfi2,0,0.0,0.0,30.303,ok,33.0,,pending,,pending,mixed,4,TwoTier,1367864806,1.0
ue3_qfi2,6.041,11.287,12.989,14.278,ok,0.00033107154503589316,ok,ue2_qfi9,0,3,4,1001.9999999999998,data,ok,2.0,False,,proxy,3,0,,ue3_qfi2,0.993421052631579,152,150.0,ok,,ue3_qfi2,15.456,ok,,3,ok,3,,ue2_qfi2,0.9702896,ok,0.9997936247052103,proxy,5,0.9996543640394568,14479803.2,ok,0.003970454545454545,ok,0.22362613636363637,0.0227921875,ok,ue1_qfi82,0.0,99,10.0,data,ok,0.0,ue1_qfi9,11.25,ok,,30.4,ue1_qfi2,0,0.0,0.0,30.303,ok,33.0,,pending,,pending,mixed,4,PF,1097657231,1.0
ue3_qfi2,5.944,12.5,14.9,16.114,ok,0.0006307993152142519,ok,ue2_qfi9,0,2,4,1004.2499999999999,data,ok,2.0,False,,proxy,3,0,,ue2_qfi2,0.9868421052631579,152,150.0,ok,,ue3_qfi2,18.637,ok,,3,ok,3,,ue2_qfi2,0.968434,ok,0.9991795630114109,proxy,5,0.9981628173240995,14472630.4,ok,0.004470454545454546,ok,0.28111477272727275,0.027734375,ok,ue1_qfi82,0.0,99,10.0,data,ok,0.0,ue2_qfi9,13.75,ok,,30.0,ue2_qfi2,2,69.5,136.75,30.303,ok,33.0,,pending,,pending,mixed,4,Reservation,1097657231,1.0
ue1_qfi2,4.891,12.891,13.989,15.138,ok,0.00044515495403103886,ok,ue2_qfi9,0,1,4,1000.5000000000001,data,ok,2.0,False,,proxy,3,0,,ue1_qfi2,0.993421052631579,152,150.0,ok,,ue3_qfi2,15.641,ok,,3,ok,3,,ue2_qfi2,0.9702896,ok,0.9996154097871338,proxy,5,0.9993518335541084,14475600.0,ok,0.004018181818181818,ok,0.23987272727272727,0.022640625,ok,ue1_qfi82,0.0,99,10.0,data,ok,0.0,ue1_qfi9,12.5,ok,,30.2,ue1_qfi2,0,0.0,0.0,30.303,ok,33.0,,pending,,pending,mixed,4,TwoTier,1097657231,1.0
ue1_qfi2,5.053,12.97,14.448,15.607,ok,0.0004608263850967332,ok,ue2_qfi9,0,2,4,1000.5000000000001,data,ok,2.0,False,,proxy,3,0,,ue1_qfi2,1.0,152,150.0,ok,,ue1_qfi2,15.998,ok,,3,ok,3,,ue2_qfi2,0.9608671999999999,ok,0.9995790869422777,proxy,5,0.9993921138155594,14465416.0,ok,0.0039022727272727273,ok,0.21905454545454545,0.0221625,ok,ue1_qfi82,0.0,99,10.0,data,ok,0.0,ue2_qfi1,15.0,ok,,30.4,ue1_qfi2,0,0.0,0.0,30.303,ok,33.0,,pending,,pending,mixed,4,PF,579362555,1.0
ue1_qfi2,5.986,14.227,15.607,16.51,ok,0.0005836733578989263,ok,ue2_qfi9,0,2,4,1000.2499999999999,data,ok,2.0,False,,proxy,3,0,,ue1_qfi2,0.993421052631579,152,150.0,ok,,ue1_qfi2,17.296,ok,,3,ok,3,,ue2_qfi2,0.9608671999999999,ok,0.9992172854237884,proxy,5,0.9990124353708333,14460241.6,ok,0.004545454545454545,ok,0.27682045454545456,0.0266703125,ok,ue1_qfi82,0.0,99,10.0,data,ok,0.0,ue2_qfi9,14.5,ok,,30.2,ue1_qfi2,1,67.75,67.75,30.303,ok,33.0,,pending,,pending,mixed,4,Reservation,579362555,1.0
ue1_qfi2,5.26,13.217,14.725,15.588,ok,0.0004422308823313174,ok,ue2_qfi9,0,2,4,1001.4999999999997,data,ok,2.0,False,,proxy,3,0,,ue1_qfi2,1.0,152,150.0,ok,,ue1_qfi2,16.316,ok,,3,ok,3,,ue2_qfi2,0.9608671999999999,ok,0.9995437317743521,proxy,5,0.9992233548178298,14465998.4,ok,0.0040318181818181816,ok,0.23371704545454544,0.022075,ok,ue1_qfi82,0.0,99,10.0,data,ok,0.0,ue2_qfi1,12.5,ok,,30.4,ue1_qfi2,0,0.0,0.0,30.303,ok,33.0,,pending,,pending,mixed,4,TwoTier,579362555,1.0
ue1_qfi2,4.412,12.349,13.818,14.579,ok,0.00037775056841080366,ok,ue2_qfi9,0,2,4,1001.0000000000001,data,ok,2.0,False,,proxy,3,0,,ue1_qfi2,1.0,152,150.0,ok,,ue3_qfi2,15.5,ok,,3,ok,3,,ue1_qfi2,0.9759004,ok,0.9996432163884791,proxy,5,0.9993023925027966,14561121.6,ok,0.003936363636363636,ok,0.2088534090909091,0.0196640625,ok,ue1_qfi82,0.0,98,10.0,data,ok,0.0,ue1_qfi9,11.0,ok,,30.4,ue1_qfi2,0,0.0,0.0,30.303,ok,33.0,,pending,,pending,mixed,4,PF,661058651,1.0
ue1_qfi2,4.979,13.75,15.395,16.032,ok,0.00046133511921283925,ok,ue2_qfi9,0,2,4,1002.5,data,ok,2.0,False,,proxy,3,0,,ue1_qfi2,1.0,152,150.0,ok,,ue3_qfi2,16.745,ok,,3,ok,3,,ue1_qfi2,0.9759004,ok,0.9995566985980215,proxy,5,0.9994867379083218,14560260.8,ok,0.0044136363636363635,ok,0.26535,0.023328125,ok,ue1_qfi82,0.0,99,10.0,data,ok,0.0,ue1_qfi9,13.25,ok,,30.4,ue1_qfi2,0,0.0,0.0,30.303,ok,33.0,,pending,,pending,mixed,4,Reservation,661058651,1.0
ue1_qfi2,4.97,12.716,14.883,16.032,ok,0.0004488131659770622,ok,ue2_qfi9,0,1,4,1000.9999999999999,data,ok,2.0,False,,proxy,3,0,,ue1_qfi2,1.0,152,150.0,ok,,ue1_qfi2,16.156,ok,,3,ok,3,,ue1_qfi2,0.9759004,ok,0.9994653284024613,proxy,5,0.9985964862069331,14560166.4,ok,0.003852272727272727,ok,0.22359431818181819,0.019625,ok,ue1_qfi82,0.0,99,10.0,data,ok,0.0,ue2_qfi9,14.5,ok,,30.4,ue1_qfi2,0,0.0,0.0,30.303,ok,33.0,,pending,,pending,mixed,4,TwoTier,661058651,1.0
ue2_qfi1,0.5,10.5,16.0,16.0,ok,0.0004742907147938436,ok,ue2_qfi9,0,2,4,1000.9999999999999,data,ok,2.0,False,,proxy,3,0,,ue1_qfi2,1.0,152,150.0,ok,,ue1_qfi2,15.46,ok,,3,ok,3,,ue1_qfi2,0.9709972,ok,0.9994047874465535,proxy,5,0.9990071481796295,14536292.799999999,ok,0.003963636363636364,ok,0.22629204545454545,0.023975,ok,ue1_qfi82,0.0,99,10.0,data,ok,0.0,ue2_qfi1,15.5,ok,,30.4,ue1_qfi2,0,0.0,0.0,30.303,ok,33.0,,pending,,pending,mixed,4,PF,87989972,1.0
ue1_qfi2,5.723,13.585,15.448,16.476,ok,0.0005407596336081177,ok,ue2_qfi9,0,1,4,1000.9999999999999,data,ok,2.0,False,,proxy,3,0,,ue1_qfi2,1.0,152,150.0,ok,,ue1_qfi2,17.317,ok,,3,ok,3,,ue1_qfi2,0.9709972,ok,0.999339739781977,proxy,5,0.9988414863470831,14535548.799999999,ok,0.004368181818181818,ok,0.28089204545454544,0.0287765625,ok,ue1_qfi82,0.0,99,10.0,data,ok,0.0,ue2_qfi9,13.75,ok,,30.4,ue1_qfi2,0,0.0,0.0,30.303,ok,33.0,,pending,,pending,mixed,4,Reservation,87989972,1.0
ue1_qfi2,5.147,13.128,14.812,15.767,ok,0.00042698576435402696,ok,ue2_qfi9,0,1,4,1000.2499999999999,data,ok,2.0,False,,proxy,3,0,,ue1_qfi2,1.0,152,150.0,ok,,ue1_qfi2,16.495,ok,,3,ok,3,,ue1_qfi2,0.9709972,ok,0.9995765732689156,proxy,5,0.9992316520568716,14537304.0,ok,0.004045454545454546,ok,0.24228522727272728,0.024053125,ok,ue1_qfi82,0.0,99,10.0,data,ok,0.0,ue2_qfi1,14.75,ok,,30.4,ue1_qfi2,0,0.0,0.0,30.303,ok,33.0,,pending,,pending,mixed,4,TwoTier,87989972,1.0
ue1_qfi2,4.816,12.638,13.932,14.412,ok,0.000498764086244964,ok,ue1_qfi85,1,1,1,3302.5,data,ok,2.0,False,,proxy,3,0,,ue1_qfi2,1.0,152,150.0,ok,,ue1_qfi2,15.5,ok,,2,ok,3,,ue1_qfi2,0.9486532,ok,0.9994233507283596,proxy,5,0.998974003872526,14470580.8,ok,0.0041,ok,0.21425227272727274,0.021646875,ok,ue1_qfi82,0.0,99,10.0,data,ok,0.0,ue1_qfi9,10.75,ok,,30.4,ue1_qfi2,0,0.0,0.0,30.303,ok,33.0,,pending,,pending,mixed,4,PF,161576974,1.0
ue1_qfi2,5.217,13.467,14.832,15.751,ok,0.0004175343656312411,ok,ue1_qfi85,1,1,1,3302.5,data,ok,2.0,False,,proxy,3,0,,ue1_qfi2,1.0,152,150.0,ok,,ue3_qfi2,16.706,ok,,2,ok,3,,ue1_qfi2,0.9486532,ok,0.9995943504642136,proxy,5,0.9989775051588933,14471840.0,ok,0.0047568181818181815,ok,0.2707386363636364,0.0258296875,ok,ue1_qfi82,0.0,99,10.0,data,ok,0.0,ue2_qfi1,15.0,ok,,30.4,ue1_qfi2,0,0.0,0.0,30.303,ok,33.0,,pending,,pending,mixed,4,Reservation,161576974,1.0
ue1_qfi2,4.912,12.75,14.1,15.644,ok,0.00040747688588193713,ok,ue1_qfi85,1,1,1,3302.5,data,ok,2.0,False,,proxy,3,0,,ue1_qfi2,1.0,152,150.0,ok,,ue1_qfi2,16.413,ok,,2,ok,3,,ue1_qfi2,0.9486532,ok,0.9997154609297543,proxy,5,0.9993487513044791,14472875.2,ok,0.004097727272727273,ok,0.22915681818181818,0.0214453125,ok,ue1_qfi82,0.0,99,10.0,data,ok,0.0,ue2_qfi9,14.75,ok,,30.4,ue1_qfi2,0,0.0,0.0,30.303,ok,33.0,,pending,,pending,mixed,4,TwoTier,161576974,1.0
ue2_qfi9,0.75,15.25,15.25,15.25,ok,0.00027641224604143676,ok,ue1_qfi85,0,1,1,1693.7500000000005,data,ok,2.0,False,,proxy,3,0,,ue1_qfi2,1.0,152,150.0,ok,,ue3_qfi2,15.483,ok,,3,ok,3,,ue2_qfi2,0.9682004000000001,ok,0.9998137929488902,proxy,5,0.9995459686996524,14542868.8,ok,0.004079545454545455,ok,0.22034318181818183,0.0216828125,ok,ue1_qfi82,0.0,99,10.0,data,ok,0.0,ue2_qfi9,14.5,ok,,30.4,ue1_qfi2,0,0.0,0.0,30.303,ok,33.0,,pending,,pending,mixed,4,PF,35492826,1.0
ue1_qfi2,5.103,13.793,15.899,16.945,ok,0.0005060311765807892,ok,ue1_qfi85,0,1,1,1693.7500000000005,data,ok,2.0,False,,proxy,3,0,,ue1_qfi2,1.0,152,150.0,ok,,ue1_qfi2,17.094,ok,,3,ok,3,,ue2_qfi2,0.9677384,ok,0.9994927019425477,proxy,5,0.9992360546315384,14538158.4,ok,0.004590909090909091,ok,0.27594772727272726,0.0264265625,ok,ue1_qfi82,0.0,99,10.0,data,ok,0.0,ue2_qfi1,14.75,ok,,30.4,ue1_qfi2,0,0.0,0.0,30.303,ok,33.0,,pending,,pending,mixed,4,Reservation,35492826,1.0
ue1_qfi2,4.589,12.538,14.471,15.156,ok,0.00034696282083744476,ok,ue1_qfi85,0,1,1,1693.7500000000005,data,ok,2.0,False,,proxy,3,0,,ue2_qfi2,0.993421052631579,152,150.0,ok,,ue3_qfi2,15.722,ok,,3,ok,3,,ue2_qfi2,0.9672024,ok,0.9996670792890893,proxy,5,0.9992830497319642,14535086.4,ok,0.004206818181818182,ok,0.23334545454545455,0.0212953125,ok,ue1_qfi82,0.0,99,10.0,data,ok,0.0,ue2_qfi1,12.5,ok,,30.2,ue2_qfi2,1,69.5,69.5,30.303,ok,33.0,,pending,,pending,mixed,4,TwoTier,35492826,1.0
ue2_qfi9,0.75,15.25,15.25,15.25,ok,0.0003775874468026846,ok,ue3_qfi82,0,1,4,1001.5,data,ok,2.0,False,,proxy,3,0,,ue1_qfi2,1.0,152,150.0,ok,,ue3_qfi2,16.0,ok,,3,ok,3,,ue1_qfi2,0.9658692,ok,0.9995902645652569,proxy,5,0.9994833128400263,14427249.6,ok,0.004,ok,0.22019886363636362,0.0211375,ok,ue1_qfi82,0.0,99,10.0,data,ok,0.0,ue2_qfi1,14.5,ok,,30.4,ue1_qfi2,0,0.0,0.0,30.303,ok,33.0,,pending,,pending,mixed,4,PF,376383645,1.0
ue3_qfi2,6.027,12.471,14.54,15.685,ok,0.000492814279972837,ok,ue2_qfi9,0,2,4,1007.2499999999995,data,ok,2.0,False,,proxy,3,0,,ue1_qfi2,1.0,152,150.0,ok,,ue3_qfi2,17.12,ok,,3,ok,3,,ue1_qfi2,0.9658692,ok,0.999508800133057,proxy,5,0.9991515778495632,14425480.0,ok,0.004554545454545454,ok,0.2759465909090909,0.0250203125,ok,ue1_qfi82,0.0,99,10.0,data,ok,0.0,ue1_qfi9,13.0,ok,,30.4,ue1_qfi2,0,0.0,0.0,30.303,ok,33.0,,pending,,pending,mixed,4,Reservation,376383645,1.0
ue1_qfi2,4.664,12.518,14.695,16.119,ok,0.00037705592515661684,ok,ue2_qfi9,0,1,4,1000.2499999999999,data,ok,2.0,False,,proxy,3,0,,ue1_qfi2,0.993421052631579,152,150.0,ok,,ue1_qfi2,16.119,ok,,3,ok,3,,ue1_qfi2,0.9645988000000001,ok,0.9996809910655523,proxy,5,0.99950504856898,14422820.8,ok,0.003995454545454545,ok,0.23401931818181818,0.020640625,ok,ue1_qfi82,0.0,99,10.0,data,ok,0.0,ue2_qfi1,12.5,ok,,30.2,ue1_qfi2,0,0.0,0.0,30.303,ok,33.0,,pending,,pending,mixed,4,TwoTier,376383645,1.0
ue2_qfi1,0.5,12.75,15.25,15.25,ok,0.0003098653834108255,ok,ue2_qfi9,0,2,4,1004.75,data,ok,2.0,False,,proxy,3,0,,ue1_qfi2,1.0,152,150.0,ok,,ue3_qfi2,15.575,ok,,3,ok,3,,ue1_qfi2,0.9641784,ok,0.999768436068998,proxy,5,0.9996521927082389,14453774.4,ok,0.004056818181818181,ok,0.2207375,0.0205890625,ok,ue1_qfi82,0.0,99,10.0,data,ok,0.0,ue2_qfi1,14.75,ok,,30.4,ue1_qfi2,0,0.0,0.0,30.303,ok,33.0,,pending,,pending,mixed,4,PF,1746484539,1.0
ue1_qfi2,5.134,13.596,15.243,16.034,ok,0.0004611403745827659,ok,ue2_qfi9,0,2,4,1007.2499999999995,data,ok,2.0,False,,proxy,3,0,,ue1_qfi2,1.0,152,150.0,ok,,ue1_qfi2,16.517,ok,,3,ok,3,,ue1_qfi2,0.9641784,ok,0.9994554380320733,proxy,5,0.9992499362435382,14451513.6,ok,0.004477272727272727,ok,0.27582045454545456,0.0252390625,ok,ue1_qfi82,0.0,99,10.0,data,ok,0.0,ue2_qfi1,14.75,ok,,30.4,ue1_qfi2,0,0.0,0.0,30.303,ok,33.0,,pending,,pending,mixed,4,Reservation,1746484539,1.0
ue1_qfi2,4.617,12.5,14.645,15.369,ok,0.0003720456767152208,ok,ue2_qfi9,0,2,4,1002.2499999999997,data,ok,2.0,False,,proxy,3,0,,ue2_qfi2,0.993421052631579,152,150.0,ok,,ue1_qfi2,15.684,ok,,3,ok,3,,ue1_qfi2,0.9641784,ok,0.9996642452868105,proxy,5,0.9995105759669788,14449048.0,ok,0.004006818181818182,ok,0.23347159090909092,0.0204515625,ok,ue1_qfi82,0.0,99,10.0,data,ok,0.0,ue2_qfi9,14.75,ok,,30.4,ue1_qfi2,0,0.0,0.0,30.303,ok,33.0,,pending,,pending,mixed,4,TwoTier,1746484539,1.0
ue3_qfi2,8.386,14.62,16.322,17.223,ok,0.0004231472196738566,ok,ue2_qfi9,0,2,4,1005.2499999999998,data,ok,2.0,False,,proxy,3,0,,ue2_qfi2,0.993421052631579,152,150.0,ok,,ue3_qfi2,20.051,ok,,3,ok,3,,ue2_qfi2,0.9641645333333334,ok,0.9990294746343983,proxy,5,0.9983805821704655,21589508.8,ok,0.003947727272727273,ok,0.3069886363636364,0.0234640625,ok,ue1_qfi82,0.0,99,10.0,data,ok,0.0,ue2_qfi9,15.0,ok,,30.2,ue2_qfi2,1,68.25,68.25,30.303,ok,33.0,,pending,,pending,mixed,4,PF,1826701614,1.5
ue3_qfi2,8.173,14.636,16.5,18.27,ok,0.0006049427555883143,ok,ue2_qfi9,0,2,4,1005.0000000000003,data,ok,2.0,False,,proxy,3,0,,ue1_qfi2,1.0,152,150.0,ok,,ue3_qfi2,20.265,ok,,3,ok,3,,ue2_qfi2,0.9650514666666666,ok,0.9980225813219927,proxy,5,0.997177836953715,21590872.0,ok,0.004706818181818182,ok,0.36595,0.030059375,ok,ue1_qfi82,0.0,99,10.0,data,ok,0.0,ue1_qfi9,15.0,ok,,30.4,ue1_qfi2,0,0.0,0.0,30.303,ok,33.0,,pending,,pending,mixed,4,Reservation,1826701614,1.5
ue2_qfi1,1.0,15.5,18.0,18.0,ok,0.0005702576125427035,ok,ue2_qfi9,0,1,4,1007.4999999999999,data,ok,2.0,False,,proxy,3,0,,ue2_qfi2,0.9868421052631579,152,150.0,ok,,ue1_qfi2,18.777,ok,,3,ok,3,,ue2_qfi2,0.9633575999999999,ok,0.9982515095601412,proxy,5,0.9970729715868168,21581440.0,ok,0.0041,ok,0.3285431818181818,0.023171875,ok,ue1_qfi82,0.0,99,10.0,data,ok,0.0,ue2_qfi1,17.0,ok,,30.0,ue2_qfi2,1,72.5,72.5,30.303,ok,33.0,,pending,,pending,mixed,4,TwoTier,1826701614,1.5
ue2_qfi1,0.75,13.0,18.0,18.0,ok,0.00040986903947986896,ok,ue2_qfi9,0,1,4,1005.5000000000001,data,ok,2.0,False,,proxy,3,0,,ue1_qfi2,1.0,152,150.0,ok,,ue3_qfi2,19.86,ok,,3,ok,3,,ue2_qfi2,0.9678834666666666,ok,0.9991188229863903,proxy,5,0.998580389759245,21289977.6,ok,0.004113636363636364,ok,0.3140625,0.025309375,ok,ue1_qfi82,0.0,99,10.0,data,ok,0.0,ue2_qfi1,17.25,ok,,30.4,ue1_qfi2,0,0.0,0.0,30.303,ok,33.0,,pending,,pending,mixed,4,PF,1367864806,1.5
ue3_qfi2,8.378,14.989,17.199,19.215,ok,0.000594875817700655,ok,ue2_qfi9,0,2,4,1007.9999999999995,data,ok,2.0,False,,proxy,3,0,,ue1_qfi2,0.993421052631579,152,150.0,ok,,ue3_qfi2,20.167,ok,,3,ok,3,,ue2_qfi2,0.9678434666666667,ok,0.9982164101398814,proxy,5,0.997684450579124,21281508.8,ok,0.0047568181818181815,ok,0.37087386363636365,0.0323953125,ok,ue1_qfi82,0.0,99,10.0,data,ok,0.0,ue2_qfi1,17.25,ok,,30.2,ue1_qfi2,1,67.5,67.5,30.303,ok,33.0,,pending,,pending,mixed,4,Reservation,1367864806,1.5
ue1_qfi2,5.795,14.5,16.698,18.06,ok,0.0005761099111638367,ok,ue2_qfi9,0,1,4,1005.2499999999998,data,ok,2.0,False,,proxy,3,0,,ue1_qfi2,1.0,152,150.0,ok,,ue3_qfi2,20.249,ok,,3,ok,3,,ue2_qfi2,0.9678834666666666,ok,0.9984030333012497,proxy,5,0.9975956670759716,21287193.6,ok,0.004106818181818182,ok,0.33626136363636366,0.0246875,ok,ue1_qfi82,0.0,99,10.0,data,ok,0.0,ue2_qfi1,17.25,ok,,30.4,ue1_qfi2,0,0.0,0.0,30.303,ok,33.0,,pending,,pending,mixed,4,TwoTier,1367864806,1.5
ue3_qfi2,8.724,14.865,16.75,17.82,ok,0.000411294476680657,ok,ue2_qfi9,0,2,4,1000.9999999999999,data,ok,2.0,False,,proxy,3,0,,ue1_qfi2,1.0,152,150.0,ok,,ue3_qfi2,20.425,ok,,3,ok,3,,ue2_qfi2,0.9702992,ok,0.9991523332119183,proxy,5,0.9987761526540446,21399048.0,ok,0.004009090909090909,ok,0.32355340909090907,0.026465625,ok,ue1_qfi82,0.0,99,10.0,data,ok,0.0,ue2_qfi1,15.0,ok,,30.4,ue1_qfi2,0,0.0,0.0,30.303,ok,33.0,,pending,,pending,mixed,4,PF,1097657231,1.5
ue3_qfi2,8.779,15.647,17.986,19.474,ok,0.0005820937963927224,ok,ue2_qfi9,0,1,4,1000.2499999999999,data,ok,2.0,False,,proxy,3,0,,ue1_qfi2,1.0,152,150.0,ok,,ue3_qfi2,22.486,ok,,3,ok,3,,ue2_qfi2,0.9702874666666667,ok,0.9984823662713918,proxy,5,0.9979404066540795,21398411.2,ok,0.004479545454545455,ok,0.38121704545454543,0.034496875,ok,ue1_qfi82,0.0,99,10.0,data,ok,0.0,ue1_qfi9,15.0,ok,,30.4,ue1_qfi2,0,0.0,0.0,30.303,ok,33.0,,pending,,pending,mixed,4,Reservation,1097657231,1.5
ue1_qfi2,5.757,14.468,16.392,17.63,ok,0.0004694627625679,ok,ue3_qfi82,0,1,4,1001.5,data,ok,2.0,False,,proxy,3,0,,ue1_qfi2,1.0,152,150.0,ok,,ue3_qfi2,19.954,ok,,3,ok,3,,ue2_qfi2,0.9702992,ok,0.9989220023992423,proxy,5,0.9983365055374712,21400539.2,ok,0.004018181818181818,ok,0.3460647727272727,0.026015625,ok,ue1_qfi82,0.0,99,10.0,data,ok,0.0,ue1_qfi9,15.5,ok,,30.4,ue1_qfi2,0,0.0,0.0,30.303,ok,33.0,,pending,,pending,mixed,4,TwoTier,1097657231,1.5
ue2_qfi1,0.75,13.0,18.5,18.5,ok,0.0004450397601785069,ok,ue2_qfi9,0,3,4,1000.2500000000003,data,ok,2.0,False,,proxy,3,0,,ue1_qfi2,0.993421052631579,152,150.0,ok,,ue3_qfi2,19.801,ok,,3,ok,3,,ue2_qfi2,0.9608752,ok,0.9989984169881939,proxy,5,0.9981710950049751,21367868.8,ok,0.004018181818181818,ok,0.31683295454545457,0.0252453125,ok,ue1_qfi82,0.0,99,10.0,data,ok,0.0,ue2_qfi1,17.75,ok,,30.2,ue1_qfi2,0,0.0,0.0,30.303,ok,33.0,,pending,,pending,mixed,4,PF,579362555,1.5
ue3_qfi2,8.773,15.732,18.346,20.31,ok,0.0005987692746636245,ok,ue2_qfi9,0,1,4,1007.7500000000001,data,ok,2.0,False,,proxy,3,0,,ue1_qfi2,0.993421052631579,152,150.0,ok,,ue3_qfi2,22.204,ok,,3,ok,3,,ue2_qfi2,0.9608592,ok,0.9983347844916057,proxy,5,0.9976900690089735,21365342.400000002,ok,0.004504545454545455,ok,0.37357954545454547,0.032765625,ok,ue1_qfi82,0.0,99,10.0,data,ok,0.0,ue2_qfi1,17.25,ok,,30.2,ue1_qfi2,0,0.0,0.0,30.303,ok,33.0,,pending,,pending,mixed,4,Reservation,579362555,1.5
ue2_qfi1,0.75,15.5,18.25,18.25,ok,0.0005925734338657589,ok,ue2_qfi9,0,1,4,1005.2499999999998,data,ok,2.0,False,,proxy,3,0,,ue2_qfi2,0.993421052631579,152,150.0,ok,,ue3_qfi2,19.956,ok,,3,ok,3,,ue2_qfi2,0.9602592,ok,0.9982253594714535,proxy,5,0.9970298653743647,21367131.2,ok,0.0039204545454545455,ok,0.3379056818181818,0.02499375,ok,ue1_qfi82,0.0,99,10.0,data,ok,0.0,ue2_qfi1,17.5,ok,,30.2,ue2_qfi2,1,71.75,71.75,30.303,ok,33.0,,pending,,pending,mixed,4,TwoTier,579362555,1.5
ue3_qfi2,7.891,14.041,15.716,17.501,ok,0.00040926232138999933,ok,ue2_qfi9,0,2,4,1005.0000000000003,data,ok,2.0,False,,proxy,3,0,,ue1_qfi2,1.0,152,150.0,ok,,ue3_qfi2,18.876,ok,,3,ok,3,,ue1_qfi2,0.9759106666666667,ok,0.9990251886047451,proxy,5,0.9981686241402459,21516969.6,ok,0.004015909090909091,ok,0.3020375,0.022478125,ok,ue1_qfi82,0.0,99,10.0,data,ok,0.0,ue2_qfi1,15.0,ok,,30.4,ue1_qfi2,0,0.0,0.0,30.303,ok,33.0,,pending,,pending,mixed,4,PF,661058651,1.5
ue3_qfi2,7.956,14.581,16.714,18.391,ok,0.000519563652753981,ok,ue2_qfi9,0,1,4,1005.0000000000003,data,ok,2.0,False,,proxy,3,0,,ue1_qfi2,1.0,152,150.0,ok,,ue3_qfi2,20.807,ok,,3,ok,3,,ue1_qfi2,0.9759106666666667,ok,0.9983857485530112,proxy,5,0.9969925232266775,21514609.6,ok,0.004440909090909091,ok,0.3605602272727273,0.0285625,ok,ue1_qfi82,0.0,99,10.0,data,ok,0.0,ue1_qfi9,15.0,ok,,30.4,ue1_qfi2,0,0.0,0.0,30.303,ok,33.0,,pending,,pending,mixed,4,Reservation,661058651,1.5
ue2_qfi1,0.75,13.0,18.0,18.0,ok,0.0005220908579318973,ok,ue2_qfi9,0,1,4,1007.4999999999999,data,ok,2.0,False,,proxy,3,0,,ue1_qfi2,1.0,152,150.0,ok,,ue3_qfi2,18.641,ok,,3,ok,3,,ue1_qfi2,0.9759106666666667,ok,0.998588294167476,proxy,5,0.9977712361116136,21514982.4,ok,0.0039022727272727273,ok,0.32167045454545456,0.0220953125,ok,ue1_qfi82,0.0,99,10.0,data,ok,0.0,ue2_qfi1,17.25,ok,,30.4,ue1_qfi2,0,0.0,0.0,30.303,ok,33.0,,pending,,pending,mixed,4,TwoTier,661058651,1.5
ue3_qfi2,8.592,14.746,16.784,17.808,ok,0.0005662277154428314,ok,ue2_qfi9,0,1,4,1005.0000000000003,data,ok,2.0,False,,proxy,3,0,,ue3_qfi2,0.993421052631579,152,150.0,ok,,ue3_qfi2,20.905,ok,,3,ok,3,,ue1_qfi2,0.9708722666666666,ok,0.9982895957162853,proxy,5,0.9973262525198743,21472305.599999998,ok,0.003963636363636364,ok,0.3248,0.0274265625,ok,ue1_qfi82,0.0,99,10.0,data,ok,0.0,ue1_qfi9,14.75,ok,,30.2,ue3_qfi2,1,66.75,66.75,30.303,ok,33.0,,pending,,pending,mixed,4,PF,87989972,1.5
ue3_qfi2,8.58,15.166,17.324,19.416,ok,0.0006637556848790094,ok,ue2_qfi9,0,1,4,1010.2499999999997,data,ok,2.0,False,,proxy,3,0,,ue1_qfi2,1.0,152,150.0,ok,,ue3_qfi2,20.886,ok,,3,ok,3,,ue1_qfi2,0.9704562666666666,ok,0.9977890863489286,proxy,5,0.9968992341185614,21469369.599999998,ok,0.004393181818181818,ok,0.3824443181818182,0.035271875,ok,ue1_qfi82,0.0,99,10.0,data,ok,0.0,ue2_qfi1,15.75,ok,,30.4,ue1_qfi2,0,0.0,0.0,30.303,ok,33.0,,pending,,pending,mixed,4,Reservation,87989972,1.5
ue1_qfi2,5.878,14.745,16.864,18.03,ok,0.0005561844584639659,ok,ue2_qfi9,0,1,4,1005.5000000000001,data,ok,2.0,False,,proxy,3,0,,ue1_qfi2,1.0,152,150.0,ok,,ue3_qfi2,19.692,ok,,3,ok,3,,ue1_qfi2,0.9710058666666667,ok,0.9981692948874186,proxy,5,0.9966268915464807,21478080.0,ok,0.004040909090909091,ok,0.34827159090909093,0.0270515625,ok,ue1_qfi82,0.0,99,10.0,data,ok,0.0,ue2_qfi1,17.0,ok,,30.4,ue1_qfi2,0,0.0,0.0,30.303,ok,33.0,,pending,,pending,mixed,4,TwoTier,87989972,1.5
ue3_qfi2,8.561,14.75,16.319,17.636,ok,0.0003951996259215653,ok,ue1_qfi85,1,1,1,3302.5,data,ok,2.0,False,,proxy,3,0,,ue1_qfi2,1.0,152,150.0,ok,,ue3_qfi2,19.625,ok,,2,ok,3,,ue1_qfi2,0.9485802666666666,ok,0.9991836459964041,proxy,5,0.9985841030084424,21384595.2,ok,0.004138636363636363,ok,0.30918636363636365,0.0246625,ok,ue1_qfi82,0.0,99,10.0,data,ok,0.0,ue2_qfi1,14.75,ok,,30.4,ue1_qfi2,0,0.0,0.0,30.303,ok,33.0,,pending,,pending,mixed,4,PF,161576974,1.5
ue3_qfi2,8.521,14.778,17.636,19.239,ok,0.0005573356841351616,ok,ue1_qfi85,1,1,1,3302.5,data,ok,2.0,False,,proxy,3,0,,ue1_qfi2,1.0,152,150.0,ok,,ue3_qfi2,20.831,ok,,2,ok,3,,ue1_qfi2,0.9486602666666666,ok,0.9985024289171684,proxy,5,0.9976914735427523,21381955.2,ok,0.004677272727272727,ok,0.3679386363636364,0.03155625,ok,ue1_qfi82,0.0,99,10.0,data,ok,0.0,ue2_qfi1,17.0,ok,,30.4,ue1_qfi2,0,0.0,0.0,30.303,ok,33.0,,pending,,pending,mixed,4,Reservation,161576974,1.5
ue2_qfi1,1.0,15.25,18.25,18.25,ok,0.0004937652782011981,ok,ue1_qfi85,1,1,1,3302.5,data,ok,2.0,False,,proxy,3,0,,ue3_qfi2,0.993421052631579,152,150.0,ok,,ue1_qfi2,18.894,ok,,2,ok,3,,ue1_qfi2,0.9486602666666666,ok,0.9988727254700297,proxy,5,0.9980970494404766,21376875.2,ok,0.004018181818181818,ok,0.33233863636363636,0.0240921875,ok,ue1_qfi82,0.0,99,10.0,data,ok,0.0,ue2_qfi1,17.25,ok,,30.4,ue1_qfi2,0,0.0,0.0,30.303,ok,33.0,,pending,,pending,mixed,4,TwoTier,161576974,1.5
ue2_qfi1,1.0,15.25,18.0,18.0,ok,0.0003688202419267259,ok,ue1_qfi85,0,1,1,1693.7500000000005,data,ok,2.0,False,,proxy,3,0,,ue1_qfi2,1.0,152,150.0,ok,,ue3_qfi2,19.749,ok,,3,ok,3,,ue2_qfi2,0.9682112,ok,0.9993192818337727,proxy,5,0.9987894478279414,21488038.400000002,ok,0.004056818181818181,ok,0.31741477272727275,0.0250109375,ok,ue1_qfi82,0.0,99,10.0,data,ok,0.0,ue2_qfi1,17.0,ok,,30.4,ue1_qfi2,0,0.0,0.0,30.303,ok,33.0,,pending,,pending,mixed,4,PF,35492826,1.5
ue2_qfi1,0.75,15.5,20.5,20.5,ok,0.0004995440515725436,ok,ue1_qfi85,0,1,1,1693.7500000000005,data,ok,2.0,False,,proxy,3,0,,ue1_qfi2,0.993421052631579,152,150.0,ok,,ue3_qfi2,20.954,ok,,3,ok,3,,ue2_qfi2,0.9680504000000001,ok,0.998592721871302,proxy,5,0.9978996985226923,21477670.4,ok,0.004527272727272727,ok,0.3743965909090909,0.0325328125,ok,ue1_qfi82,0.0,99,10.0,data,ok,0.0,ue2_qfi1,19.75,ok,,30.2,ue1_qfi2,0,0.0,0.0,30.303,ok,33.0,,pending,,pending,mixed,4,Reservation,35492826,1.5
ue2_qfi1,0.75,17.75,20.5,20.5,ok,0.00044407994898254695,ok,ue1_qfi85,0,1,1,1693.7500000000005,data,ok,2.0,False,,proxy,3,0,,ue1_qfi2,0.993421052631579,152,150.0,ok,,ue3_qfi2,18.681,ok,,3,ok,3,,ue2_qfi2,0.9681712,ok,0.9990151456839144,proxy,5,0.9980893318763794,21482760.0,ok,0.004163636363636363,ok,0.3378068181818182,0.0244984375,ok,ue1_qfi82,0.0,99,10.0,data,ok,0.0,ue2_qfi1,19.75,ok,,30.2,ue1_qfi2,0,0.0,0.0,30.303,ok,33.0,,pending,,pending,mixed,4,TwoTier,35492826,1.5
ue3_qfi2,8.809,14.69,16.474,18.445,ok,0.00040527785849978743,ok,ue2_qfi9,0,2,4,1004.75,data,ok,2.0,False,,proxy,3,0,,ue1_qfi2,0.993421052631579,152,150.0,ok,,ue3_qfi2,20.768,ok,,3,ok,3,,ue1_qfi2,0.9650312,ok,0.999076009573295,proxy,5,0.997917075682619,21310387.2,ok,0.004043181818181818,ok,0.31614545454545456,0.0239703125,ok,ue1_qfi82,0.0,99,10.0,data,ok,0.0,ue2_qfi1,17.0,ok,,30.2,ue1_qfi2,0,0.0,0.0,30.303,ok,33.0,,pending,,pending,mixed,4,PF,376383645,1.5
ue3_qfi2,8.777,15.379,17.608,19.206,ok,0.0005552359614026971,ok,ue2_qfi9,0,1,4,1007.4999999999999,data,ok,2.0,False,,proxy,3,0,,ue1_qfi2,1.0,152,150.0,ok,,ue3_qfi2,21.584,ok,,3,ok,3,,ue1_qfi2,0.9658781333333333,ok,0.9983485684948864,proxy,5,0.9966810422412669,21313067.2,ok,0.004595454545454546,ok,0.3724477272727273,0.0308171875,ok,ue1_qfi82,0.0,99,10.0,data,ok,0.0,ue2_qfi1,17.25,ok,,30.4,ue1_qfi2,0,0.0,0.0,30.303,ok,33.0,,pending,,pending,mixed,4,Reservation,376383645,1.5
ue2_qfi1,1.0,17.75,18.25,18.25,ok,0.0005581073572551142,ok,ue2_qfi9,0,2,4,1001.9999999999998,data,ok,2.0,False,,proxy,3,0,,ue1_qfi2,1.0,152,150.0,ok,,ue3_qfi2,19.126,ok,,3,ok,3,,ue1_qfi2,0.9658781333333333,ok,0.9983893478808614,proxy,5,0.9973712143782272,21312235.2,ok,0.004168181818181818,ok,0.33791136363636365,0.0235546875,ok,ue1_qfi82,0.0,99,10.0,data,ok,0.0,ue2_qfi1,17.25,ok,,30.4,ue1_qfi2,0,0.0,0.0,30.303,ok,33.0,,pending,,pending,mixed,4,TwoTier,376383645,1.5
ue2_qfi9,0.5,18.0,18.0,18.0,ok,0.00037859468349709145,ok,ue2_qfi9,0,2,4,1005.0000000000003,data,ok,2.0,False,,proxy,3,0,,ue1_qfi2,1.0,152,150.0,ok,,ue3_qfi2,19.692,ok,,3,ok,3,,ue1_qfi2,0.9641850666666667,ok,0.9991018429522466,proxy,5,0.9980595551308765,21355128.0,ok,0.004047727272727273,ok,0.3169840909090909,0.023771875,ok,ue1_qfi82,0.0,99,10.0,data,ok,0.0,ue2_qfi9,17.5,ok,,30.4,ue1_qfi2,0,0.0,0.0,30.303,ok,33.0,,pending,,pending,mixed,4,PF,1746484539,1.5
ue3_qfi2,8.115,14.939,17.126,18.808,ok,0.0005337983003388762,ok,ue2_qfi9,0,2,4,1007.25,data,ok,2.0,False,,proxy,3,0,,ue2_qfi2,0.993421052631579,152,150.0,ok,,ue3_qfi2,20.348,ok,,3,ok,3,,ue1_qfi2,0.9641850666666667,ok,0.9983837727924414,proxy,5,0.9974817586810831,21351094.4,ok,0.004511363636363636,ok,0.37372727272727274,0.030953125,ok,ue1_qfi82,0.0,99,10.0,data,ok,0.0,ue1_qfi9,15.0,ok,,30.4,ue1_qfi2,0,0.0,0.0,30.303,ok,33.0,,pending,,pending,mixed,4,Reservation,1746484539,1.5
ue2_qfi1,1.0,16.0,18.25,18.25,ok,0.0005707754862376526,ok,ue2_qfi9,0,1,4,1007.2499999999995,data,ok,2.0,False,,proxy,3,0,,ue1_qfi2,1.0,152,150.0,ok,,ue3_qfi2,19.742,ok,,3,ok,3,,ue1_qfi2,0.9641850666666667,ok,0.9981338051619518,proxy,5,0.9963000935682151,21351331.2,ok,0.004009090909090909,ok,0.3369375,0.023275,ok,ue1_qfi82,0.0,99,10.0,data,ok,0.0,ue2_qfi1,17.25,ok,,30.4,ue1_qfi2,0,0.0,0.0,30.303,ok,33.0,,pending,,pending,mixed,4,TwoTier,1746484539,1.5
ue1_qfi2,3.296,9.079,10.781,12.386,ok,0.0,ok,ue1_qfi82,0,0,4,1000.0,data,ok,2.0,False,,proxy,3,0,,ue1_qfi2,1.0,152,150.0,ok,,ue1_qfi2,14.051,ok,,1,ok,1,,ue1_qfi2,1.0276416,ok,0.9999989253387824,proxy,5,0.9999972782812627,6272585.6,ok,0.015511363636363636,ok,0.08941136363636364,0.021075,ok,ue1_qfi82,0.0,4,10.0,data,ok,0.0,ue1_qfi2,9.09,ok,,30.4,ue1_qfi2,0,0.0,0.0,30.303,ok,33.0,,pending,,pending,sensor_dense,8,PF,1826701614,1.0
ue1_qfi2,3.262,9.079,10.658,11.891,ok,0.0,ok,ue1_qfi82,0,2,4,1001.5,data,ok,2.0,False,,proxy,3,0,,ue1_qfi2,1.0,152,150.0,ok,,ue1_qfi2,14.051,ok,,1,ok,1,,ue1_qfi2,1.0276416,ok,0.999998901703855,proxy,5,0.9999972782812627,6272585.6,ok,0.0184,ok,0.11325227272727273,0.0210515625,ok,ue1_qfi82,0.0,4,10.0,data,ok,0.0,ue1_qfi2,8.629,ok,,30.4,ue1_qfi2,0,0.0,0.0,30.303,ok,33.0,,pending,,pending,sensor_dense,8,Reservation,1826701614,1.0
ue1_qfi2,3.287,9.25,10.582,12.07,ok,0.0,ok,ue1_qfi82,0,2,4,1001.5,data,ok,2.0,False,,proxy,3,0,,ue1_qfi2,1.0,152,150.0,ok,,ue1_qfi2,13.741,ok,,1,ok,1,,ue1_qfi2,1.0276416,ok,0.999998901703855,proxy,5,0.9999972782812627,6272585.6,ok,0.01548409090909091,ok,0.090675,0.021096875,ok,ue1_qfi82,0.0,4,10.0,data,ok,0.0,ue1_qfi2,8.783000000000001,ok,,30.4,ue1_qfi2,0,0.0,0.0,30.303,ok,33.0,,pending,,pending,sensor_dense,8,TwoTier,1826701614,1.0
ue1_qfi2,3.386,8.896,10.75,12.008,ok,0.0,ok,ue1_qfi82,0,0,4,1000.0,data,ok,2.0,False,,proxy,3,0,,ue1_qfi2,1.0,152,150.0,ok,,ue1_qfi2,13.467,ok,,1,ok,1,,ue1_qfi2,1.0266378666666667,ok,0.9999966846433258,proxy,5,0.9999932076888538,6266233.600000001,ok,0.015104545454545454,ok,0.09008977272727273,0.022303125,ok,ue1_qfi82,0.0,4,10.0,data,ok,0.0,ue1_qfi2,8.622,ok,,30.4,ue1_qfi2,0,0.0,0.0,30.303,ok,33.0,,pending,,pending,sensor_dense,8,PF,1367864806,1.0
ue1_qfi2,3.433,8.902,10.906,11.923,ok,0.0,ok,ue1_qfi82,0,0,4,1000.0,data,ok,2.0,False,,proxy,3,0,,ue1_qfi2,1.0,152,150.0,ok,,ue1_qfi2,13.263,ok,,1,ok,1,,ue1_qfi2,1.0266378666666667,ok,0.9999920951862604,proxy,5,0.9999722414172724,6266182.4,ok,0.018136363636363638,ok,0.11583522727272727,0.0224171875,ok,ue1_qfi82,0.0,4,10.0,data,ok,0.0,ue1_qfi2,8.49,ok,,30.4,ue1_qfi2,0,0.0,0.0,30.303,ok,33.0,,pending,,pending,sensor_dense,8,Reservation,1367864806,1.0
ue1_qfi2,3.415,8.665,10.292,11.25,ok,0.0,ok,ue1_qfi82,0,1,4,1001.5,data,ok,2.0,False,,proxy,3,0,,ue1_qfi2,0.993421052631579,152,150.0,ok,,ue1_qfi2,12.785,ok,,1,ok,1,,ue1_qfi2,1.0257909333333333,ok,0.9999971412149649,proxy,5,0.9999952110634759,6261150.399999999,ok,0.015093181818181818,ok,0.0906875,0.0222578125,ok,ue1_qfi82,0.0,4,10.0,data,ok,0.0,ue1_qfi2,7.835,ok,,30.2,ue1_qfi2,0,0.0,0.0,30.303,ok,33.0,,pending,,pending,sensor_dense,8,TwoTier,1367864806,1.0
ue1_qfi2,3.088,8.689,10.23,11.74,ok,0.0,ok,ue1_qfi82,0,0,4,1000.0,data,ok,2.0,False,,proxy,3,0,,ue1_qfi2,1.0,152,150.0,ok,,ue1_qfi2,13.289,ok,,1,ok,1,,ue1_qfi2,1.0126202666666666,ok,0.999998420509916,proxy,5,0.9999957242348092,6182248.0,ok,0.015218181818181818,ok,0.0877875,0.02226875,ok,ue1_qfi82,0.0,4,10.0,data,ok,0.0,ue1_qfi2,8.652000000000001,ok,,30.4,ue1_qfi2,0,0.0,0.0,30.303,ok,33.0,,pending,,pending,sensor_dense,8,PF,1097657231,1.0
ue1_qfi2,3.345,9.176,10.759,11.802,ok,0.0,ok,ue1_qfi82,0,0,4,1000.0,data,ok,2.0,False,,proxy,3,0,,ue1_qfi2,1.0,152,150.0,ok,,ue1_qfi2,13.23,ok,,1,ok,1,,ue1_qfi2,1.0126202666666666,ok,0.999997866264356,proxy,5,0.9999957242348092,6182246.399999999,ok,0.017968181818181817,ok,0.11370568181818182,0.0223203125,ok,ue1_qfi82,0.0,4,10.0,data,ok,0.0,ue1_qfi2,8.456999999999999,ok,,30.4,ue1_qfi2,0,0.0,0.0,30.303,ok,33.0,,pending,,pending,sensor_dense,8,Reservation,1097657231,1.0
ue1_qfi2,3.158,8.888,10.605,11.903,ok,0.0,ok,ue1_qfi82,0,0,4,1000.0,data,ok,2.0,False,,proxy,3,0,,ue1_qfi2,1.0,152,150.0,ok,,ue1_qfi2,13.028,ok,,1,ok,1,,ue1_qfi2,1.0126202666666666,ok,0.9999971950563478,proxy,5,0.9999942449093945,6182244.8,ok,0.015179545454545454,ok,0.0889125,0.0222421875,ok,ue1_qfi82,0.0,4,10.0,data,ok,0.0,ue1_qfi2,8.745000000000001,ok,,30.4,ue1_qfi2,0,0.0,0.0,30.303,ok,33.0,,pending,,pending,sensor_dense,8,TwoTier,1097657231,1.0
ue1_qfi2,3.307,8.522,9.964,11.287,ok,0.0,ok,ue1_qfi82,0,0,4,1000.0,data,ok,2.0,False,,proxy,3,0,,ue1_qfi2,1.0,152,150.0,ok,,ue1_qfi2,13.384,ok,,1,ok,1,,ue1_qfi2,1.0054096,ok,0.9999965808040265,proxy,5,0.9999885685169301,6138809.6,ok,0.014956818181818182,ok,0.08583181818181818,0.0217109375,ok,ue1_qfi82,0.0,4,10.0,data,ok,0.0,ue1_qfi2,7.98,ok,,30.4,ue1_qfi2,0,0.0,0.0,30.303,ok,33.0,,pending,,pending,sensor_dense,8,PF,579362555,1.0
ue1_qfi2,3.287,8.624,9.918,10.819,ok,0.0,ok,ue1_qfi82,0,0,4,1000.0,data,ok,2.0,False,,proxy,3,0,,ue1_qfi2,1.0,152,150.0,ok,,ue1_qfi2,12.62,ok,,1,ok,1,,ue1_qfi2,1.0054096,ok,0.999992733426074,proxy,5,0.9999758889598472,6138707.199999999,ok,0.017845454545454546,ok,0.11045568181818181,0.021796875,ok,ue1_qfi82,0.0,4,10.0,data,ok,0.0,ue1_qfi2,7.532000000000001,ok,,30.4,ue1_qfi2,0,0.0,0.0,30.303,ok,33.0,,pending,,pending,sensor_dense,8,Reservation,579362555,1.0
ue1_qfi2,3.206,8.575,9.944,11.32,ok,0.0,ok,ue1_qfi82,0,0,4,1000.0,data,ok,2.0,False,,proxy,3,0,,ue1_qfi2,1.0,152,150.0,ok,,ue1_qfi2,13.653,ok,,1,ok,1,,ue1_qfi2,1.0054096,ok,0.9999973438766541,proxy,5,0.999989406464069,6138809.6,ok,0.014954545454545455,ok,0.08673863636363636,0.0217328125,ok,ue1_qfi82,0.0,4,10.0,data,ok,0.0,ue1_qfi2,8.114,ok,,30.4,ue1_qfi2,0,0.0,0.0,30.303,ok,33.0,,pending,,pending,sensor_dense,8,TwoTier,579362555,1.0
ue1_qfi2,3.331,9.298,10.969,12.217,ok,0.0,ok,ue1_qfi82,0,0,4,1000.0,data,ok,2.0,False,,proxy,3,0,,ue1_qfi2,1.0,152,150.0,ok,,ue1_qfi2,14.113,ok,,1,ok,1,,ue1_qfi2,1.0151264,ok,0.9999944435389487,proxy,5,0.9999871801149348,6197454.4,ok,0.015161363636363636,ok,0.0851875,0.0199328125,ok,ue1_qfi82,0.0,4,10.0,data,ok,0.0,ue1_qfi2,8.886000000000001,ok,,30.4,ue1_qfi2,0,0.0,0.0,30.303,ok,33.0,,pending,,pending,sensor_dense,8,PF,661058651,1.0
ue1_qfi2,3.396,9.464,10.776,11.809,ok,0.0,ok,ue1_qfi82,0,1,4,1001.5,data,ok,2.0,False,,proxy,3,0,,ue1_qfi2,1.0,152,150.0,ok,,ue1_qfi2,13.581,ok,,1,ok,1,,ue1_qfi2,1.0151264,ok,0.9999926059311361,proxy,5,0.9999828987554628,6197456.0,ok,0.018115909090909092,ok,0.11156022727272727,0.019978125,ok,ue1_qfi82,0.0,4,10.0,data,ok,0.0,ue1_qfi2,8.413,ok,,30.4,ue1_qfi2,0,0.0,0.0,30.303,ok,33.0,,pending,,pending,sensor_dense,8,Reservation,661058651,1.0
ue1_qfi2,3.397,9.214,10.701,12.129,ok,0.0,ok,ue1_qfi82,0,1,4,1001.5,data,ok,2.0,False,,proxy,3,0,,ue1_qfi2,0.993421052631579,152,150.0,ok,,ue1_qfi2,14.164,ok,,1,ok,1,,ue1_qfi2,1.0142794666666666,ok,0.999993590597902,proxy,5,0.9999829785982822,6192374.399999999,ok,0.015122727272727272,ok,0.08600454545454546,0.0198984375,ok,ue1_qfi82,0.0,4,10.0,data,ok,0.0,ue1_qfi2,8.732,ok,,30.2,ue1_qfi2,1,66.25,66.25,30.303,ok,33.0,,pending,,pending,sensor_dense,8,TwoTier,661058651,1.0
ue1_qfi2,3.324,8.618,10.065,11.309,ok,0.0,ok,ue1_qfi82,0,0,4,1000.0,data,ok,2.0,False,,proxy,3,0,,ue1_qfi2,1.0,152,150.0,ok,,ue1_qfi2,13.43,ok,,1,ok,1,,ue1_qfi2,1.0040567999999999,ok,0.9999972032439561,proxy,5,0.99999354393762,6130817.6,ok,0.01496590909090909,ok,0.09142045454545454,0.0221171875,ok,ue1_qfi82,0.0,4,10.0,data,ok,0.0,ue1_qfi2,7.984999999999999,ok,,30.4,ue1_qfi2,0,0.0,0.0,30.303,ok,33.0,,pending,,pending,sensor_dense,8,PF,87989972,1.0
ue1_qfi2,3.362,8.602,10.666,12.739,ok,0.0,ok,ue1_qfi82,0,0,4,1000.0,data,ok,2.0,False,,proxy,3,0,,ue1_qfi2,1.0,152,150.0,ok,,ue1_qfi2,13.818,ok,,1,ok,1,,ue1_qfi2,1.0040567999999999,ok,0.9999963753056041,proxy,5,0.9999934309355613,6130819.2,ok,0.017922727272727274,ok,0.11577727272727273,0.0222,ok,ue1_qfi82,0.0,4,10.0,data,ok,0.0,ue1_qfi2,9.377,ok,,30.4,ue1_qfi2,0,0.0,0.0,30.303,ok,33.0,,pending,,pending,sensor_dense,8,Reservation,87989972,1.0
ue1_qfi2,3.36,8.602,10.469,12.014,ok,0.0,ok,ue1_qfi82,0,0,4,1000.0,data,ok,2.0,False,,proxy,3,0,,ue1_qfi2,1.0,152,150.0,ok,,ue1_qfi2,13.368,ok,,1,ok,1,,ue1_qfi2,1.0040567999999999,ok,0.9999959663036432,proxy,5,0.9999894517540919,6130814.399999999,ok,0.015025,ok,0.09190568181818182,0.022140625,ok,ue1_qfi82,0.0,4,10.0,data,ok,0.0,ue1_qfi2,8.654,ok,,30.4,ue1_qfi2,0,0.0,0.0,30.303,ok,33.0,,pending,,pending,sensor_dense,8,TwoTier,87989972,1.0
ue1_qfi2,3.125,8.635,10.346,11.5,ok,0.0,ok,ue1_qfi82,0,0,4,1000.0,data,ok,2.0,False,,proxy,3,0,,ue1_qfi2,1.0,152,150.0,ok,,ue1_qfi2,13.188,ok,,1,ok,1,,ue1_qfi2,0.9846509333333333,ok,0.999997013976128,proxy,5,0.9999934470587489,6014345.6,ok,0.01509090909090909,ok,0.08565340909090909,0.020903125,ok,ue1_qfi82,0.0,4,10.0,data,ok,0.0,ue1_qfi2,8.375,ok,,30.4,ue1_qfi2,0,0.0,0.0,30.303,ok,33.0,,pending,,pending,sensor_dense,8,PF,161576974,1.0
ue1_qfi2,3.14,8.688,10.605,11.644,ok,0.0,ok,ue1_qfi82,0,0,4,1000.0,data,ok,2.0,False,,proxy,3,0,,ue1_qfi2,1.0,152,150.0,ok,,ue1_qfi2,13.494,ok,,1,ok,1,,ue1_qfi2,0.9846509333333333,ok,0.999995826699841,proxy,5,0.9999925091176629,6014345.6,ok,0.017804545454545455,ok,0.10971818181818181,0.02095,ok,ue1_qfi82,0.0,4,10.0,data,ok,0.0,ue1_qfi2,8.504,ok,,30.4,ue1_qfi2,0,0.0,0.0,30.303,ok,33.0,,pending,,pending,sensor_dense,8,Reservation,161576974,1.0
ue1_qfi2,3.125,8.635,10.88,11.917,ok,0.0,ok,ue1_qfi82,0,0,4,1000.0,data,ok,2.0,False,,proxy,3,0,,ue1_qfi2,1.0,152,150.0,ok,,ue1_qfi2,13.435,ok,,1,ok,1,,ue1_qfi2,0.9846509333333333,ok,0.9999953167187796,proxy,5,0.999991265709403,6014345.6,ok,0.015093181818181818,ok,0.08680454545454545,0.0209109375,ok,ue1_qfi82,0.0,4,10.0,data,ok,0.0,ue1_qfi2,8.792,ok,,30.4,ue1_qfi2,0,0.0,0.0,30.303,ok,33.0,,pending,,pending,sensor_dense,8,TwoTier,161576974,1.0
ue1_qfi2,3.421,9.299,11.088,12.194,ok,0.0,ok,ue1_qfi82,0,1,4,1001.5,data,ok,2.0,False,,proxy,3,0,,ue1_qfi2,1.0,152,150.0,ok,,ue1_qfi2,13.795,ok,,1,ok,1,,ue1_qfi2,1.0160629333333333,ok,0.9998743020759557,proxy,5,0.9993892034090659,6202934.399999999,ok,0.015406818181818181,ok,0.09844659090909091,0.023984375,ok,ue1_qfi82,0.0,4,10.0,data,ok,0.0,ue1_qfi2,8.773000000000001,ok,,30.4,ue1_qfi2,0,0.0,0.0,30.303,ok,33.0,,pending,,pending,sensor_dense,8,PF,35492826,1.0
ue1_qfi2,3.457,9.203,10.96,12.61,ok,0.0,ok,ue1_qfi82,0,0,4,1000.0,data,ok,2.0,False,,proxy,3,0,,ue1_qfi2,1.0,152,150.0,ok,,ue1_qfi2,13.911,ok,,1,ok,1,,ue1_qfi2,1.0160629333333333,ok,0.999996983651165,proxy,5,0.9999958921912772,6203011.199999999,ok,0.01839318181818182,ok,0.12260454545454545,0.0239234375,ok,ue1_qfi82,0.0,4,10.0,data,ok,0.0,ue1_qfi2,9.152999999999999,ok,,30.4,ue1_qfi2,0,0.0,0.0,30.303,ok,33.0,,pending,,pending,sensor_dense,8,Reservation,35492826,1.0
ue1_qfi2,3.392,9.192,11.46,12.808,ok,0.0,ok,ue1_qfi82,0,0,4,1000.0,data,ok,2.0,False,,proxy,3,0,,ue1_qfi2,1.0,152,150.0,ok,,ue1_qfi2,14.049,ok,,1,ok,1,,ue1_qfi2,1.0160629333333333,ok,0.999996983651165,proxy,5,0.9999958921912772,6203011.199999999,ok,0.015402272727272728,ok,0.09937840909090909,0.0239125,ok,ue1_qfi82,0.0,4,10.0,data,ok,0.0,ue1_qfi2,9.416,ok,,30.4,ue1_qfi2,0,0.0,0.0,30.303,ok,33.0,,pending,,pending,sensor_dense,8,TwoTier,35492826,1.0
ue1_qfi2,3.822,9.37,11.189,12.973,ok,0.0,ok,ue1_qfi82,0,1,4,1001.5,data,ok,2.0,False,,proxy,3,0,,ue1_qfi2,0.9868421052631579,152,150.0,ok,,ue1_qfi2,14.299,ok,,1,ok,1,,ue1_qfi2,1.0101162666666665,ok,0.9999919387909703,proxy,5,0.9999856850221782,6167216.0,ok,0.014920454545454546,ok,0.09840681818181818,0.022165625,ok,ue1_qfi82,0.0,4,10.0,data,ok,0.0,ue1_qfi2,9.151,ok,,30.0,ue1_qfi2,2,72.5,144.75,30.303,ok,33.0,,pending,,pending,sensor_dense,8,PF,376383645,1.0
ue1_qfi2,3.91,9.552,11.323,13.002,ok,0.0,ok,ue1_qfi82,0,0,4,1000.0,data,ok,2.0,False,,proxy,3,0,,ue1_qfi2,0.9868421052631579,152,150.0,ok,,ue1_qfi2,14.537,ok,,1,ok,1,,ue1_qfi2,1.0100405333333333,ok,0.9999971068329707,proxy,5,0.9999923850322855,6166763.2,ok,0.017802272727272726,ok,0.12275568181818182,0.0222546875,ok,ue1_qfi82,0.0,4,10.0,data,ok,0.0,ue1_qfi2,9.092,ok,,30.0,ue1_qfi2,2,72.5,142.25,30.303,ok,33.0,,pending,,pending,sensor_dense,8,Reservation,376383645,1.0
ue1_qfi2,3.865,9.439,11.189,13.062,ok,0.0,ok,ue1_qfi82,0,0,4,1000.0,data,ok,2.0,False,,proxy,3,0,,ue1_qfi2,1.0,152,150.0,ok,,ue1_qfi2,14.439,ok,,1,ok,1,,ue1_qfi2,1.0112448,ok,0.9999967318256966,proxy,5,0.999993590191797,6173987.2,ok,0.014956818181818182,ok,0.09886363636363636,0.0220859375,ok,ue1_qfi82,0.0,4,10.0,data,ok,0.0,ue1_qfi2,9.197,ok,,30.4,ue1_qfi2,0,0.0,0.0,30.303,ok,33.0,,pending,,pending,sensor_dense,8,TwoTier,376383645,1.0
ue1_qfi2,3.426,9.0,10.619,11.5,ok,0.0,ok,ue1_qfi82,0,0,4,1000.0,data,ok,2.0,False,,proxy,3,0,,ue1_qfi2,1.0,152,150.0,ok,,ue1_qfi2,13.35,ok,,1,ok,1,,ue1_qfi2,1.0158973333333334,ok,0.9999977701198175,proxy,5,0.9999968011063564,6201862.4,ok,0.015111363636363636,ok,0.08702727272727273,0.021784375,ok,ue1_qfi82,0.0,4,10.0,data,ok,0.0,ue1_qfi2,8.074,ok,,30.4,ue1_qfi2,0,0.0,0.0,30.303,ok,33.0,,pending,,pending,sensor_dense,8,PF,1746484539,1.0
ue1_qfi2,3.413,9.065,10.786,11.867,ok,0.0,ok,ue1_qfi82,0,1,4,1001.5,data,ok,2.0,False,,proxy,3,0,,ue1_qfi2,1.0,152,150.0,ok,,ue1_qfi2,14.149,ok,,1,ok,1,,ue1_qfi2,1.0158973333333334,ok,0.9999979521659805,proxy,5,0.9999968011063564,6201864.0,ok,0.018129545454545454,ok,0.11166818181818182,0.0218421875,ok,ue1_qfi82,0.0,4,10.0,data,ok,0.0,ue1_qfi2,8.454,ok,,30.4,ue1_qfi2,0,0.0,0.0,30.303,ok,33.0,,pending,,pending,sensor_dense,8,Reservation,1746484539,1.0
ue1_qfi2,3.333,9.134,10.634,11.5,ok,0.0,ok,ue1_qfi82,0,1,4,1001.5,data,ok,2.0,False,,proxy,3,0,,ue1_qfi2,1.0,152,150.0,ok,,ue1_qfi2,13.131,ok,,1,ok,1,,ue1_qfi2,1.0158973333333334,ok,0.9999962437559038,proxy,5,0.9999926849848895,6201860.8,ok,0.015175,ok,0.08778295454545454,0.0217703125,ok,ue1_qfi82,0.0,4,10.0,data,ok,0.0,ue1_qfi2,8.167,ok,,30.4,ue1_qfi2,0,0.0,0.0,30.303,ok,33.0,,pending,,pending,sensor_dense,8,TwoTier,1746484539,1.0
ue1_qfi2,2.636,7.834,9.408,10.46,ok,0.0,ok,ue1_qfi82,0,2,4,1001.5,data,ok,2.0,False,,proxy,3,0,,ue1_qfi2,1.0,152,150.0,ok,,ue1_qfi2,10.46,ok,,1,ok,1,,ue1_qfi2,1.0276229333333333,ok,0.9999962572253329,proxy,5,0.9999923409110094,3189604.8,ok,0.015477272727272727,ok,0.04870909090909091,0.0195734375,ok,ue1_qfi82,0.0,4,10.0,data,ok,0.0,ue1_qfi2,7.824000000000001,ok,,30.4,ue1_qfi2,0,0.0,0.0,30.303,ok,33.0,,pending,,pending,sensor_dense,8,PF,1826701614,0.5
ue1_qfi2,2.655,7.865,9.866,10.46,ok,0.0,ok,ue1_qfi82,0,2,4,1001.5,data,ok,2.0,False,,proxy,3,0,,ue1_qfi2,1.0,152,150.0,ok,,ue1_qfi2,10.46,ok,,1,ok,1,,ue1_qfi2,1.0276229333333333,ok,0.9999970005369754,proxy,5,0.9999932050128415,3189604.8,ok,0.018347727272727272,ok,0.0719625,0.01959375,ok,ue1_qfi82,0.0,4,10.0,data,ok,0.0,ue1_qfi2,7.8050000000000015,ok,,30.4,ue1_qfi2,0,0.0,0.0,30.303,ok,33.0,,pending,,pending,sensor_dense,8,Reservation,1826701614,0.5
ue1_qfi2,2.511,7.764,9.497,10.097,ok,0.0,ok,ue1_qfi82,0,2,4,1001.5,data,ok,2.0,False,,proxy,3,0,,ue1_qfi2,1.0,152,150.0,ok,,ue1_qfi2,10.097,ok,,1,ok,1,,ue1_qfi2,1.0276229333333333,ok,0.9999982492587252,proxy,5,0.9999964246810106,3189604.8,ok,0.015468181818181818,ok,0.0491125,0.019559375,ok,ue1_qfi82,0.0,4,10.0,data,ok,0.0,ue1_qfi2,7.585999999999999,ok,,30.4,ue1_qfi2,0,0.0,0.0,30.303,ok,33.0,,pending,,pending,sensor_dense,8,TwoTier,1826701614,0.5
ue1_qfi2,2.719,8.229,9.034,10.194,ok,0.0,ok,ue1_qfi82,0,0,4,1000.0,data,ok,2.0,False,,proxy,3,0,,ue1_qfi2,1.0,152,150.0,ok,,ue1_qfi2,10.026,ok,,1,ok,1,,ue1_qfi2,1.0266181333333333,ok,0.99999759651771,proxy,5,0.999995587698973,3186260.8,ok,0.015075,ok,0.049232954545454545,0.0207828125,ok,ue1_qfi82,0.0,4,10.0,data,ok,0.0,ue1_qfi2,7.475000000000001,ok,,30.4,ue1_qfi2,0,0.0,0.0,30.303,ok,33.0,,pending,,pending,sensor_dense,8,PF,1367864806,0.5
ue1_qfi2,2.704,7.877,9.32,10.5,ok,0.0,ok,ue1_qfi82,0,0,4,1000.0,data,ok,2.0,False,,proxy,3,0,,ue1_qfi2,1.0,152,150.0,ok,,ue1_qfi2,10.5,ok,,1,ok,1,,ue1_qfi2,1.0266181333333333,ok,0.9999929427953939,proxy,5,0.999973196471326,3186208.0,ok,0.01803409090909091,ok,0.07268863636363636,0.0208453125,ok,ue1_qfi82,0.0,4,10.0,data,ok,0.0,ue1_qfi2,7.795999999999999,ok,,30.4,ue1_qfi2,0,0.0,0.0,30.303,ok,33.0,,pending,,pending,sensor_dense,8,Reservation,1367864806,0.5
ue1_qfi2,2.599,7.984,9.32,9.944,ok,0.0,ok,ue1_qfi82,0,1,4,1001.5,data,ok,2.0,False,,proxy,3,0,,ue1_qfi2,1.0,152,150.0,ok,,ue1_qfi2,9.882,ok,,1,ok,1,,ue1_qfi2,1.0266181333333333,ok,0.9999977410882834,proxy,5,0.9999964370938903,3186259.1999999997,ok,0.015113636363636364,ok,0.049682954545454544,0.0208125,ok,ue1_qfi82,0.0,4,10.0,data,ok,0.0,ue1_qfi2,7.345000000000001,ok,,30.4,ue1_qfi2,0,0.0,0.0,30.303,ok,33.0,,pending,,pending,sensor_dense,8,TwoTier,1367864806,0.5
ue1_qfi2,2.578,7.726,9.482,10.075,ok,0.0,ok,ue1_qfi82,0,0,4,1000.0,data,ok,2.0,False,,proxy,3,0,,ue1_qfi2,1.0,152,150.0,ok,,ue1_qfi2,9.847,ok,,1,ok,1,,ue1_qfi2,1.0126,ok,0.9999924504852962,proxy,5,0.99997412583378,3144273.6,ok,0.015127272727272727,ok,0.0481875,0.0207390625,ok,ue1_qfi82,0.0,4,10.0,data,ok,0.0,ue1_qfi2,7.497,ok,,30.4,ue1_qfi2,0,0.0,0.0,30.303,ok,33.0,,pending,,pending,sensor_dense,8,PF,1097657231,0.5
ue1_qfi2,2.552,7.939,9.527,10.175,ok,0.0,ok,ue1_qfi82,0,0,4,1000.0,data,ok,2.0,False,,proxy,3,0,,ue1_qfi2,1.0,152,150.0,ok,,ue1_qfi2,9.777,ok,,1,ok,1,,ue1_qfi2,1.0126,ok,0.9999964889165192,proxy,5,0.99999544459025,3144324.8,ok,0.017877272727272728,ok,0.07165568181818181,0.0207390625,ok,ue1_qfi82,0.0,4,10.0,data,ok,0.0,ue1_qfi2,7.623000000000001,ok,,30.4,ue1_qfi2,0,0.0,0.0,30.303,ok,33.0,,pending,,pending,sensor_dense,8,Reservation,1097657231,0.5
ue1_qfi2,2.504,7.773,9.623,10.175,ok,0.0,ok,ue1_qfi82,0,0,4,1000.0,data,ok,2.0,False,,proxy,3,0,,ue1_qfi2,1.0,152,150.0,ok,,ue1_qfi2,10.175,ok,,1,ok,1,,ue1_qfi2,1.0126,ok,0.9999952242613155,proxy,5,0.999993152102177,3144323.2,ok,0.015122727272727272,ok,0.04842727272727273,0.0207578125,ok,ue1_qfi82,0.0,4,10.0,data,ok,0.0,ue1_qfi2,7.671000000000001,ok,,30.4,ue1_qfi2,0,0.0,0.0,30.303,ok,33.0,,pending,,pending,sensor_dense,8,TwoTier,1097657231,0.5
ue1_qfi2,2.686,7.765,9.113,9.668,ok,0.0,ok,ue1_qfi82,0,0,4,1000.0,data,ok,2.0,False,,proxy,3,0,,ue1_qfi2,1.0,152,150.0,ok,,ue1_qfi2,10.0,ok,,1,ok,1,,ue1_qfi2,1.0053877333333334,ok,0.9999962957615154,proxy,5,0.9999883173032579,3122513.6,ok,0.014970454545454545,ok,0.04694318181818182,0.020425,ok,ue1_qfi82,0.0,4,10.0,data,ok,0.0,ue1_qfi2,6.981999999999999,ok,,30.4,ue1_qfi2,0,0.0,0.0,30.303,ok,33.0,,pending,,pending,sensor_dense,8,PF,579362555,0.5
ue1_qfi2,2.62,7.722,9.111,9.668,ok,0.0,ok,ue1_qfi82,0,0,4,1000.0,data,ok,2.0,False,,proxy,3,0,,ue1_qfi2,1.0,152,150.0,ok,,ue1_qfi2,9.686,ok,,1,ok,1,,ue1_qfi2,1.0053877333333334,ok,0.9999965844896984,proxy,5,0.9999883173032579,3122515.2,ok,0.017795454545454545,ok,0.06977045454545455,0.020340625,ok,ue1_qfi82,0.0,4,10.0,data,ok,0.0,ue1_qfi2,7.047999999999999,ok,,30.4,ue1_qfi2,0,0.0,0.0,30.303,ok,33.0,,pending,,pending,sensor_dense,8,Reservation,579362555,0.5
ue1_qfi2,2.51,7.687,8.707,9.46,ok,0.0,ok,ue1_qfi82,0,0,4,1000.0,data,ok,2.0,False,,proxy,3,0,,ue1_qfi2,1.0,152,150.0,ok,,ue1_qfi2,9.505,ok,,1,ok,1,,ue1_qfi2,1.0053877333333334,ok,0.9999965844896984,proxy,5,0.9999883173032579,3122515.2,ok,0.014947727272727272,ok,0.04731590909090909,0.020365625,ok,ue1_qfi82,0.0,4,10.0,data,ok,0.0,ue1_qfi2,6.950000000000001,ok,,30.4,ue1_qfi2,0,0.0,0.0,30.303,ok,33.0,,pending,,pending,sensor_dense,8,TwoTier,579362555,0.5
ue1_qfi2,2.805,7.965,9.5,10.0,ok,0.0,ok,ue1_qfi82,0,1,4,1001.5,data,ok,2.0,False,,proxy,3,0,,ue1_qfi2,1.0,152,150.0,ok,,ue1_qfi2,10.0,ok,,1,ok,1,,ue1_qfi2,1.0151061333333333,ok,0.9999913618282891,proxy,5,0.9999761474658933,3151963.1999999997,ok,0.015145454545454545,ok,0.04632613636363636,0.0185796875,ok,ue1_qfi82,0.0,4,10.0,data,ok,0.0,ue1_qfi2,7.195,ok,,30.4,ue1_qfi2,0,0.0,0.0,30.303,ok,33.0,,pending,,pending,sensor_dense,8,PF,661058651,0.5
ue1_qfi2,2.752,8.046,9.463,9.879,ok,0.0,ok,ue1_qfi82,0,1,4,1001.5,data,ok,2.0,False,,proxy,3,0,,ue1_qfi2,1.0,152,150.0,ok,,ue1_qfi2,9.726,ok,,1,ok,1,,ue1_qfi2,1.0151061333333333,ok,0.9998782015307013,proxy,5,0.9994089593969311,3151939.1999999997,ok,0.01808409090909091,ok,0.06886590909090909,0.0186046875,ok,ue1_qfi82,0.0,4,10.0,data,ok,0.0,ue1_qfi2,7.127,ok,,30.4,ue1_qfi2,0,0.0,0.0,30.303,ok,33.0,,pending,,pending,sensor_dense,8,Reservation,661058651,0.5
ue1_qfi2,2.652,7.999,9.5,9.963,ok,0.0,ok,ue1_qfi82,0,1,4,1001.5,data,ok,2.0,False,,proxy,3,0,,ue1_qfi2,1.0,152,150.0,ok,,ue1_qfi2,9.879,ok,,1,ok,1,,ue1_qfi2,1.0151061333333333,ok,0.9999962127159445,proxy,5,0.9999920964883978,3152016.0,ok,0.015127272727272727,ok,0.04682613636363636,0.0185703125,ok,ue1_qfi82,0.0,4,10.0,data,ok,0.0,ue1_qfi2,7.310999999999999,ok,,30.4,ue1_qfi2,0,0.0,0.0,30.303,ok,33.0,,pending,,pending,sensor_dense,8,TwoTier,661058651,0.5
ue1_qfi2,2.639,7.811,8.956,9.591,ok,0.0,ok,ue1_qfi82,0,1,4,1001.5,data,ok,2.0,False,,proxy,3,0,,ue1_qfi2,1.0,152,150.0,ok,,ue1_qfi2,9.702,ok,,1,ok,1,,ue1_qfi2,1.0040346666666666,ok,0.9999984362416143,proxy,5,0.9999971203526744,3118580.8,ok,0.014970454545454545,ok,0.049473863636363635,0.0205796875,ok,ue1_qfi82,0.0,4,10.0,data,ok,0.0,ue1_qfi2,6.952,ok,,30.4,ue1_qfi2,0,0.0,0.0,30.303,ok,33.0,,pending,,pending,sensor_dense,8,PF,87989972,0.5
ue1_qfi2,2.747,7.901,9.123,9.702,ok,0.0,ok,ue1_qfi82,0,0,4,1000.0,data,ok,2.0,False,,proxy,3,0,,ue1_qfi2,1.0,152,150.0,ok,,ue1_qfi2,9.916,ok,,1,ok,1,,ue1_qfi2,1.0040346666666666,ok,0.9999969313707007,proxy,5,0.999992170590204,3118577.6,ok,0.017877272727272728,ok,0.07231136363636363,0.02064375,ok,ue1_qfi82,0.0,4,10.0,data,ok,0.0,ue1_qfi2,6.955,ok,,30.4,ue1_qfi2,0,0.0,0.0,30.303,ok,33.0,,pending,,pending,sensor_dense,8,Reservation,87989972,0.5
ue1_qfi2,2.629,7.739,9.206,9.591,ok,0.0,ok,ue1_qfi82,0,0,4,1000.0,data,ok,2.0,False,,proxy,3,0,,ue1_qfi2,1.0,152,150.0,ok,,ue1_qfi2,9.771,ok,,1,ok,1,,ue1_qfi2,1.0040346666666666,ok,0.9999978466678675,proxy,5,0.9999958400934748,3118582.4,ok,0.014986363636363636,ok,0.050089772727272726,0.0205609375,ok,ue1_qfi82,0.0,4,10.0,data,ok,0.0,ue1_qfi2,6.962,ok,,30.4,ue1_qfi2,0,0.0,0.0,30.303,ok,33.0,,pending,,pending,sensor_dense,8,TwoTier,87989972,0.5
ue1_qfi2,2.48,7.894,9.134,9.95,ok,0.0,ok,ue1_qfi82,0,0,4,1000.0,data,ok,2.0,False,,proxy,3,0,,ue1_qfi2,1.0,152,150.0,ok,,ue1_qfi2,9.987,ok,,1,ok,1,,ue1_qfi2,0.984632,ok,0.9999980342599754,proxy,5,0.999995715786158,3060334.4,ok,0.01509090909090909,ok,0.04713409090909091,0.0197140625,ok,ue1_qfi82,0.0,4,10.0,data,ok,0.0,ue1_qfi2,7.469999999999999,ok,,30.4,ue1_qfi2,0,0.0,0.0,30.303,ok,33.0,,pending,,pending,sensor_dense,8,PF,161576974,0.5
ue1_qfi2,2.489,7.801,9.134,9.947,ok,0.0,ok,ue1_qfi82,0,1,4,1001.5,data,ok,2.0,False,,proxy,3,0,,ue1_qfi2,1.0,152,150.0,ok,,ue1_qfi2,9.947,ok,,1,ok,1,,ue1_qfi2,0.984632,ok,0.999996687139568,proxy,5,0.9999923756000817,3060334.4,ok,0.01781818181818182,ok,0.06949431818181818,0.0196234375,ok,ue1_qfi82,0.0,4,10.0,data,ok,0.0,ue1_qfi2,7.457999999999999,ok,,30.4,ue1_qfi2,0,0.0,0.0,30.303,ok,33.0,,pending,,pending,sensor_dense,8,Reservation,161576974,0.5
ue1_qfi2,2.375,7.894,8.994,9.947,ok,0.0,ok,ue1_qfi82,0,1,4,1001.5,data,ok,2.0,False,,proxy,3,0,,ue1_qfi2,1.0,152,150.0,ok,,ue1_qfi2,9.947,ok,,1,ok,1,,ue1_qfi2,0.984632,ok,0.9999972541075433,proxy,5,0.9999933182790914,3060336.0,ok,0.015056818181818182,ok,0.047273863636363635,0.019603125,ok,ue1_qfi82,0.0,4,10.0,data,ok,0.0,ue1_qfi2,7.571999999999999,ok,,30.4,ue1_qfi2,0,0.0,0.0,30.303,ok,33.0,,pending,,pending,sensor_dense,8,TwoTier,161576974,0.5
ue1_qfi2,2.623,8.122,9.397,10.343,ok,0.0,ok,ue1_qfi82,0,1,4,1001.5,data,ok,2.0,False,,proxy,3,0,,ue1_qfi2,1.0,152,150.0,ok,,ue1_qfi2,10.343,ok,,1,ok,1,,ue1_qfi2,1.0160437333333334,ok,0.9999978895782856,proxy,5,0.9999969053281929,3154764.8000000003,ok,0.015420454545454546,ok,0.053267045454545456,0.021884375,ok,ue1_qfi82,0.0,4,10.0,data,ok,0.0,ue1_qfi2,7.72,ok,,30.4,ue1_qfi2,0,0.0,0.0,30.303,ok,33.0,,pending,,pending,sensor_dense,8,PF,35492826,0.5
ue1_qfi2,2.673,8.139,9.798,10.5,ok,0.0,ok,ue1_qfi82,0,1,4,1001.5,data,ok,2.0,False,,proxy,3,0,,ue1_qfi2,1.0,152,150.0,ok,,ue1_qfi2,10.5,ok,,1,ok,1,,ue1_qfi2,1.0160437333333334,ok,0.9999976989492732,proxy,5,0.9999962089378406,3154764.8000000003,ok,0.01840227272727273,ok,0.07652727272727272,0.0219,ok,ue1_qfi82,0.0,4,10.0,data,ok,0.0,ue1_qfi2,7.827,ok,,30.4,ue1_qfi2,0,0.0,0.0,30.303,ok,33.0,,pending,,pending,sensor_dense,8,Reservation,35492826,0.5
ue1_qfi2,2.727,8.093,9.148,10.5,ok,0.0,ok,ue1_qfi82,0,1,4,1001.5,data,ok,2.0,False,,proxy,3,0,,ue1_qfi2,1.0,152,150.0,ok,,ue1_qfi2,10.5,ok,,1,ok,1,,ue1_qfi2,1.0160437333333334,ok,0.9999976989492732,proxy,5,0.9999962089378406,3154764.8000000003,ok,0.015386363636363636,ok,0.054092045454545455,0.0219078125,ok,ue1_qfi82,0.0,4,10.0,data,ok,0.0,ue1_qfi2,7.773,ok,,30.4,ue1_qfi2,0,0.0,0.0,30.303,ok,33.0,,pending,,pending,sensor_dense,8,TwoTier,35492826,0.5
ue1_qfi2,3.09,8.601,9.831,10.5,ok,0.0,ok,ue1_qfi82,0,0,4,1000.0,data,ok,2.0,False,,proxy,3,0,,ue1_qfi2,0.993421052631579,152,150.0,ok,,ue1_qfi2,10.302,ok,,1,ok,1,,ue1_qfi2,1.0105258666666668,ok,0.9999962709349288,proxy,5,0.9999936612549032,3138096.0,ok,0.014954545454545455,ok,0.053088636363636366,0.020109375,ok,ue1_qfi82,0.0,4,10.0,data,ok,0.0,ue1_qfi2,7.41,ok,,30.2,ue1_qfi2,0,0.0,0.0,30.303,ok,33.0,,pending,,pending,sensor_dense,8,PF,376383645,0.5
ue1_qfi2,3.223,8.861,10.074,10.75,ok,0.0,ok,ue1_qfi82,0,0,4,1000.0,data,ok,2.0,False,,proxy,3,0,,ue1_qfi2,1.0,152,150.0,ok,,ue1_qfi2,10.75,ok,,1,ok,1,,ue1_qfi2,1.0112245333333334,ok,0.9999929534224528,proxy,5,0.9999723450954603,3140142.4,ok,0.017747727272727273,ok,0.07866136363636364,0.020146875,ok,ue1_qfi82,0.0,4,10.0,data,ok,0.0,ue1_qfi2,7.527,ok,,30.4,ue1_qfi2,0,0.0,0.0,30.303,ok,33.0,,pending,,pending,sensor_dense,8,Reservation,376383645,0.5
ue1_qfi2,3.196,8.602,9.537,10.5,ok,0.0,ok,ue1_qfi82,0,0,4,1000.0,data,ok,2.0,False,,proxy,3,0,,ue1_qfi2,0.993421052631579,152,150.0,ok,,ue1_qfi2,10.238,ok,,1,ok,1,,ue1_qfi2,1.0105258666666668,ok,0.9999972249363502,proxy,5,0.9999936612549032,3138097.6,ok,0.014920454545454546,ok,0.053534090909090906,0.020046875,ok,ue1_qfi82,0.0,4,10.0,data,ok,0.0,ue1_qfi2,7.304,ok,,30.2,ue1_qfi2,0,0.0,0.0,30.303,ok,33.0,,pending,,pending,sensor_dense,8,TwoTier,376383645,0.5
ue1_qfi2,2.599,7.75,9.431,9.886,ok,0.0,ok,ue1_qfi82,0,0,4,1000.0,data,ok,2.0,False,,proxy,3,0,,ue1_qfi2,1.0,152,150.0,ok,,ue1_qfi2,9.886,ok,,1,ok,1,,ue1_qfi2,1.0158762666666665,ok,0.9999921783557367,proxy,5,0.9999723536873425,3154056.0,ok,0.015120454545454546,ok,0.04775909090909091,0.0205234375,ok,ue1_qfi82,0.0,4,10.0,data,ok,0.0,ue1_qfi2,7.286999999999999,ok,,30.4,ue1_qfi2,0,0.0,0.0,30.303,ok,33.0,,pending,,pending,sensor_dense,8,PF,1746484539,0.5
ue1_qfi2,2.67,7.85,9.624,10.468,ok,0.0,ok,ue1_qfi82,0,1,4,1001.5,data,ok,2.0,False,,proxy,3,0,,ue1_qfi2,1.0,152,150.0,ok,,ue1_qfi2,10.565,ok,,1,ok,1,,ue1_qfi2,1.0158762666666665,ok,0.9999972165235989,proxy,5,0.9999959133513457,3154107.1999999997,ok,0.018047727272727274,ok,0.07072045454545454,0.02051875,ok,ue1_qfi82,0.0,4,10.0,data,ok,0.0,ue1_qfi2,7.798,ok,,30.4,ue1_qfi2,0,0.0,0.0,30.303,ok,33.0,,pending,,pending,sensor_dense,8,Reservation,1746484539,0.5
ue1_qfi2,2.691,7.75,9.416,9.843,ok,0.0,ok,ue1_qfi82,0,1,4,1001.5,data,ok,2.0,False,,proxy,3,0,,ue1_qfi2,1.0,152,150.0,ok,,ue1_qfi2,9.843,ok,,1,ok,1,,ue1_qfi2,1.0158762666666665,ok,0.999996333192613,proxy,5,0.9999945939695148,3154107.1999999997,ok,0.015131818181818182,ok,0.04812727272727273,0.02051875,ok,ue1_qfi82,0.0,4,10.0,data,ok,0.0,ue1_qfi2,7.152,ok,,30.4,ue1_qfi2,0,0.0,0.0,30.303,ok,33.0,,pending,,pending,sensor_dense,8,TwoTier,1746484539,0.5
ue7_qfi2,7.739,13.095,14.85,15.92,ok,0.00011564746241947066,ok,ue6_qfi9,0,2,4,1002.2499999999997,data,ok,2.0,False,,proxy,3,0,,ue2_qfi2,0.993421052631579,152,150.0,ok,,ue7_qfi2,15.976,ok,,7,ok,7,,ue5_qfi2,0.9657551999999999,ok,0.9999589893657822,proxy,5,0.9999433420318861,15521534.4,ok,0.006577272727272728,ok,0.24307159090909092,0.0264671875,ok,ue1_qfi82,0.0,99,10.0,data,ok,0.0,ue6_qfi9,13.0,ok,,30.4,ue1_qfi2,0,0.0,0.0,30.303,ok,33.0,,pending,,pending,drone_heavy,8,PF,1826701614,0.5
ue1_qfi2,8.795,15.412,17.885,18.441,ok,0.0006598083030070661,ok,ue6_qfi9,0,2,4,1006.9999999999997,data,ok,2.0,False,,proxy,3,0,,ue4_qfi2,0.993421052631579,152,150.0,ok,,ue1_qfi2,17.885,ok,,7,ok,7,,ue5_qfi2,0.9657551999999999,ok,0.9994606700733721,proxy,5,0.9992951760501505,15509739.2,ok,0.006897727272727272,ok,0.3199681818181818,0.0341546875,ok,ue1_qfi82,0.0,99,10.0,data,ok,0.0,ue3_qfi1,16.75,ok,,30.4,ue1_qfi2,0,0.0,0.0,30.303,ok,33.0,,pending,,pending,drone_heavy,8,Reservation,1826701614,0.5
ue1_qfi2,5.528,11.987,13.657,15.184,ok,0.00020614291455365886,ok,ue3_qfi9,0,2,4,1002.7500000000002,data,ok,2.0,False,,proxy,3,0,,ue1_qfi2,1.0,152,150.0,ok,,ue7_qfi2,14.607,ok,,7,ok,7,,ue5_qfi2,0.9657551999999999,ok,0.9998933899925946,proxy,5,0.9997564654875574,15520011.2,ok,0.006559090909090909,ok,0.25711931818181816,0.0263078125,ok,ue1_qfi82,0.0,99,10.0,data,ok,0.0,ue3_qfi1,12.75,ok,,30.4,ue1_qfi2,0,0.0,0.0,30.303,ok,33.0,,pending,,pending,drone_heavy,8,TwoTier,1826701614,0.5
ue7_qfi2,7.064,12.426,13.837,14.735,ok,4.64600920198907e-05,ok,ue2_qfi9,0,2,4,1000.75,data,ok,2.0,False,,proxy,3,0,,ue3_qfi2,0.993421052631579,152,150.0,ok,,ue7_qfi2,14.8,ok,,7,ok,7,,ue1_qfi2,0.9582864,ok,0.9999809504300018,proxy,5,0.999973665050291,15496451.2,ok,0.006813636363636364,ok,0.23972727272727273,0.0267359375,ok,ue1_qfi82,0.0,99,10.0,data,ok,0.0,ue5_qfi9,12.25,ok,,30.4,ue1_qfi2,0,0.0,0.0,30.303,ok,33.0,,pending,,pending,drone_heavy,8,PF,1367864806,0.5
ue1_qfi2,8.968,15.318,16.974,18.064,ok,0.000660581949990437,ok,ue3_qfi9,0,1,4,1004.5000000000002,data,ok,2.0,False,,proxy,3,0,,ue7_qfi2,0.993421052631579,152,150.0,ok,,ue1_qfi2,17.263,ok,,7,ok,7,,ue1_qfi2,0.9582864,ok,0.9994967535428778,proxy,5,0.9993389727248068,15491883.2,ok,0.007309090909090909,ok,0.3153125,0.0342171875,ok,ue1_qfi82,0.0,99,10.0,data,ok,0.0,ue1_qfi9,13.0,ok,,30.4,ue1_qfi2,0,0.0,0.0,30.303,ok,33.0,,pending,,pending,drone_heavy,8,Reservation,1367864806,0.5
ue1_qfi2,5.484,11.25,13.369,14.852,ok,0.0001858181905272364,ok,ue2_qfi9,0,2,4,1001.4999999999997,data,ok,2.0,False,,proxy,3,0,,ue1_qfi2,0.993421052631579,152,150.0,ok,,ue7_qfi2,14.306,ok,,7,ok,7,,ue1_qfi2,0.9566696,ok,0.9999419276684138,proxy,5,0.9998778237803329,15496140.8,ok,0.0067181818181818185,ok,0.25328181818181816,0.026940625,ok,ue1_qfi82,0.0,99,10.0,data,ok,0.0,ue2_qfi1,12.5,ok,,30.2,ue1_qfi2,1,67.25,67.25,30.303,ok,33.0,,pending,,pending,drone_heavy,8,TwoTier,1367864806,0.5
ue7_qfi2,7.81,13.25,15.55,16.495,ok,0.00014496795017492973,ok,ue5_qfi9,0,2,4,1007.4999999999999,data,ok,2.0,False,,proxy,3,0,,ue1_qfi2,1.0,152,150.0,ok,,ue7_qfi2,16.495,ok,,7,ok,7,,ue6_qfi2,0.9588936,ok,0.9999400174916817,proxy,5,0.9998216693785199,15449451.2,ok,0.007020454545454546,ok,0.2505136363636364,0.02944375,ok,ue1_qfi82,0.0,99,10.0,data,ok,0.0,ue3_qfi1,12.25,ok,,30.4,ue1_qfi2,0,0.0,0.0,30.303,ok,33.0,,pending,,pending,drone_heavy,8,PF,1097657231,0.5
ue1_qfi2,9.325,16.268,17.69,18.619,ok,0.000733848674292271,ok,ue5_qfi9,0,1,4,1004.7500000000005,data,ok,2.0,False,,proxy,3,0,,ue6_qfi2,0.993421052631579,152,150.0,ok,,ue1_qfi2,18.0,ok,,7,ok,7,,ue6_qfi2,0.957508,ok,0.999338334210182,proxy,5,0.9988952552034791,15436476.8,ok,0.007395454545454545,ok,0.3250977272727273,0.037590625,ok,ue1_qfi82,0.0,99,10.0,data,ok,0.0,ue1_qfi9,14.5,ok,,30.2,ue6_qfi2,1,66.25,66.25,30.303,ok,33.0,,pending,,pending,drone_heavy,8,Reservation,1097657231,0.5
ue1_qfi2,5.094,12.215,14.593,15.609,ok,0.00024226585171154764,ok,ue5_qfi9,0,2,4,1004.75,data,ok,2.0,False,,proxy,3,0,,ue2_qfi2,0.993421052631579,152,150.0,ok,,ue7_qfi2,15.806,ok,,7,ok,7,,ue6_qfi2,0.9588936,ok,0.9999227859147701,proxy,5,0.9998535376854947,15444070.4,ok,0.006918181818181818,ok,0.2639511363636364,0.029734375,ok,ue1_qfi82,0.0,99,10.0,data,ok,0.0,ue5_qfi1,14.5,ok,,30.2,ue2_qfi2,1,70.0,70.0,30.303,ok,33.0,,pending,,pending,drone_heavy,8,TwoTier,1097657231,0.5
ue1_qfi2,6.849,13.0,14.862,16.073,ok,0.00028650642286226507,ok,ue3_qfi9,0,2,4,1002.2499999999997,data,ok,2.0,False,,proxy,3,0,,ue1_qfi2,1.0,152,150.0,ok,,ue7_qfi2,15.983,ok,,7,ok,7,,ue5_qfi2,0.9617376,ok,0.9998679499177262,proxy,5,0.999662698048546,15532067.200000001,ok,0.006652272727272727,ok,0.2511875,0.0291140625,ok,ue1_qfi82,0.0,99,10.0,data,ok,0.0,ue6_qfi1,12.5,ok,,30.4,ue1_qfi2,0,0.0,0.0,30.303,ok,33.0,,pending,,pending,drone_heavy,8,PF,579362555,0.5
ue1_qfi2,9.095,15.975,17.296,17.857,ok,0.0007702642369888528,ok,ue4_qfi9,0,1,4,1007.25,data,ok,2.0,False,,proxy,3,0,,ue1_qfi2,1.0,152,150.0,ok,,ue1_qfi2,17.378,ok,,7,ok,7,,ue5_qfi2,0.9617376,ok,0.9992604806175075,proxy,5,0.9990527293366489,15523801.6,ok,0.007184090909090909,ok,0.32872386363636363,0.0378015625,ok,ue1_qfi82,0.0,99,10.0,data,ok,0.0,ue5_qfi1,14.75,ok,,30.4,ue1_qfi2,0,0.0,0.0,30.303,ok,33.0,,pending,,pending,drone_heavy,8,Reservation,579362555,0.5
ue1_qfi2,5.841,12.846,15.0,16.464,ok,0.0002884101554983954,ok,ue4_qfi9,0,2,4,1004.75,data,ok,2.0,False,,proxy,3,0,,ue6_qfi2,0.993421052631579,152,150.0,ok,,ue7_qfi2,15.682,ok,,7,ok,7,,ue5_qfi2,0.9617376,ok,0.9998829108847493,proxy,5,0.9997344843441103,15529236.8,ok,0.0067568181818181815,ok,0.26852386363636366,0.0296453125,ok,ue1_qfi82,0.0,99,10.0,data,ok,0.0,ue5_qfi1,13.0,ok,,30.4,ue1_qfi2,0,0.0,0.0,30.303,ok,33.0,,pending,,pending,drone_heavy,8,TwoTier,579362555,0.5
ue7_qfi2,7.413,12.055,13.995,15.024,ok,0.00010854712926990415,ok,ue7_qfi82,0,1,4,1001.5,data,ok,2.0,False,,proxy,3,0,,ue1_qfi2,1.0,152,150.0,ok,,ue7_qfi2,15.118,ok,,7,ok,7,,ue2_qfi2,0.958844,ok,0.99996450124279,proxy,5,0.9998748031766518,15460916.799999999,ok,0.006420454545454545,ok,0.23066818181818183,0.024178125,ok,ue1_qfi82,0.0,99,10.0,data,ok,0.0,ue1_qfi9,10.25,ok,,30.4,ue1_qfi2,0,0.0,0.0,30.303,ok,33.0,,pending,,pending,drone_heavy,8,PF,661058651,0.5
ue6_qfi1,1.0,12.75,17.75,17.75,ok,0.0005784511726674681,ok,ue5_qfi9,0,2,4,1007.2499999999995,data,ok,2.0,False,,proxy,3,0,,ue7_qfi2,0.993421052631579,152,150.0,ok,,ue1_qfi2,16.798,ok,,7,ok,7,,ue2_qfi2,0.958844,ok,0.9995924198199745,proxy,5,0.9994253585034466,15453326.4,ok,0.007025,ok,0.30593977272727274,0.0307578125,ok,ue1_qfi82,0.0,99,10.0,data,ok,0.0,ue6_qfi1,16.75,ok,,30.4,ue1_qfi2,0,0.0,0.0,30.303,ok,33.0,,pending,,pending,drone_heavy,8,Reservation,661058651,0.5
ue6_qfi2,5.498,11.315,13.143,14.552,ok,0.00018626049461474345,ok,ue5_qfi9,0,2,4,1002.5,data,ok,2.0,False,,proxy,3,0,,ue1_qfi2,1.0,152,150.0,ok,,ue7_qfi2,14.952,ok,,7,ok,7,,ue2_qfi2,0.958844,ok,0.9999448146866019,proxy,5,0.9998797305707289,15459336.0,ok,0.006395454545454545,ok,0.24356931818181818,0.0244671875,ok,ue1_qfi82,0.0,99,10.0,data,ok,0.0,ue4_qfi1,12.5,ok,,30.4,ue1_qfi2,0,0.0,0.0,30.303,ok,33.0,,pending,,pending,drone_heavy,8,TwoTier,661058651,0.5
ue7_qfi2,7.689,12.53,14.611,15.121,ok,0.00010320333875185263,ok,ue1_qfi85,0,1,1,1741.25,data,ok,2.0,False,,proxy,3,0,,ue1_qfi2,1.0,152,150.0,ok,,ue7_qfi2,15.487,ok,,7,ok,7,,ue6_qfi2,0.9539991999999999,ok,0.9999728981599617,proxy,5,0.9999434480954265,15502094.4,ok,0.0069068181818181815,ok,0.24729318181818183,0.0287484375,ok,ue1_qfi82,0.0,99,10.0,data,ok,0.0,ue5_qfi9,12.0,ok,,30.4,ue1_qfi2,0,0.0,0.0,30.303,ok,33.0,,pending,,pending,drone_heavy,8,PF,87989972,0.5
ue1_qfi2,8.784,15.935,17.617,18.14,ok,0.0006192278290894038,ok,ue1_qfi85,0,1,1,1741.25,data,ok,2.0,False,,proxy,3,0,,ue1_qfi2,1.0,152,150.0,ok,,ue1_qfi2,17.673,ok,,7,ok,7,,ue6_qfi2,0.9539991999999999,ok,0.999527296357153,proxy,5,0.9991371581903572,15494014.4,ok,0.0071,ok,0.3238011363636364,0.036603125,ok,ue1_qfi82,0.0,99,10.0,data,ok,0.0,ue2_qfi1,14.25,ok,,30.4,ue1_qfi2,0,0.0,0.0,30.303,ok,33.0,,pending,,pending,drone_heavy,8,Reservation,87989972,0.5
ue1_qfi2,5.283,12.575,14.533,16.029,ok,0.0002270482825397084,ok,ue1_qfi85,0,1,1,1741.25,data,ok,2.0,False,,proxy,3,0,,ue1_qfi2,1.0,152,150.0,ok,,ue1_qfi2,15.0,ok,,7,ok,7,,ue6_qfi2,0.9539991999999999,ok,0.9999158535881852,proxy,5,0.9997460401633821,15500110.4,ok,0.006654545454545455,ok,0.2631159090909091,0.0289421875,ok,ue1_qfi82,0.0,99,10.0,data,ok,0.0,ue2_qfi1,14.5,ok,,30.4,ue1_qfi2,0,0.0,0.0,30.303,ok,33.0,,pending,,pending,drone_heavy,8,TwoTier,87989972,0.5
ue7_qfi2,8.265,13.681,15.726,17.079,ok,0.00014450155581728687,ok,ue1_qfi85,1,1,1,2417.5,data,ok,2.0,False,,proxy,3,0,,ue5_qfi2,0.993421052631579,152,150.0,ok,,ue7_qfi2,17.117,ok,,7,ok,7,,ue5_qfi2,0.9601744,ok,0.9999503640309578,proxy,5,0.9998741338284951,15499643.2,ok,0.006884090909090909,ok,0.24877727272727274,0.029346875,ok,ue1_qfi82,0.0,99,10.0,data,ok,0.0,ue4_qfi1,12.5,ok,,30.2,ue7_qfi2,1,67.25,67.25,30.303,ok,33.0,,pending,,pending,drone_heavy,8,PF,161576974,0.5
ue1_qfi2,8.962,15.873,17.235,17.711,ok,0.0006192990938002793,ok,ue1_qfi85,1,1,1,2417.5,data,ok,2.0,False,,proxy,3,0,,ue1_qfi2,1.0,152,150.0,ok,,ue7_qfi2,17.725,ok,,7,ok,7,,ue5_qfi2,0.9614448000000001,ok,0.9995330945536125,proxy,5,0.9992847137808557,15492435.200000001,ok,0.0073704545454545455,ok,0.3241090909090909,0.0371859375,ok,ue1_qfi82,0.0,99,10.0,data,ok,0.0,ue5_qfi1,14.25,ok,,30.4,ue1_qfi2,0,0.0,0.0,30.303,ok,33.0,,pending,,pending,drone_heavy,8,Reservation,161576974,0.5
ue1_qfi2,5.142,12.255,13.615,16.2,ok,0.00020637181225200557,ok,ue1_qfi85,1,1,1,2417.5,data,ok,2.0,False,,proxy,3,0,,ue1_qfi2,1.0,152,150.0,ok,,ue7_qfi2,15.636,ok,,7,ok,7,,ue5_qfi2,0.9614448000000001,ok,0.9999102874333958,proxy,5,0.9997796881967886,15503379.200000001,ok,0.006929545454545455,ok,0.26452954545454543,0.0295984375,ok,ue1_qfi82,0.0,99,10.0,data,ok,0.0,ue4_qfi1,12.75,ok,,30.4,ue1_qfi2,0,0.0,0.0,30.303,ok,33.0,,pending,,pending,drone_heavy,8,TwoTier,161576974,0.5
ue7_qfi2,7.701,13.127,15.462,15.981,ok,0.0001238744202419061,ok,ue2_qfi9,0,2,4,1007.4999999999999,data,ok,2.0,False,,proxy,3,0,,ue4_qfi2,0.993421052631579,152,150.0,ok,,ue7_qfi2,16.0,ok,,7,ok,7,,ue1_qfi2,0.9555488000000001,ok,0.9999454591463666,proxy,5,0.9998319140595363,15497648.0,ok,0.006779545454545455,ok,0.250775,0.029934375,ok,ue1_qfi82,0.0,99,10.0,data,ok,0.0,ue3_qfi1,15.0,ok,,30.4,ue1_qfi2,0,0.0,0.0,30.303,ok,33.0,,pending,,pending,drone_heavy,8,PF,35492826,0.5
ue1_qfi2,9.312,16.039,16.99,17.885,ok,0.0006905008143574627,ok,ue2_qfi9,0,1,4,1006.9999999999997,data,ok,2.0,False,,proxy,3,0,,ue1_qfi2,1.0,152,150.0,ok,,ue1_qfi2,17.5,ok,,7,ok,7,,ue1_qfi2,0.9555488000000001,ok,0.9993257282739322,proxy,5,0.9988711103432341,15491192.0,ok,0.007240909090909091,ok,0.3270227272727273,0.03835625,ok,ue1_qfi82,0.0,99,10.0,data,ok,0.0,ue6_qfi1,15.25,ok,,30.4,ue1_qfi2,0,0.0,0.0,30.303,ok,33.0,,pending,,pending,drone_heavy,8,Reservation,35492826,0.5
ue4_qfi1,0.5,10.5,18.25,18.25,ok,0.0002064275128240512,ok,ue5_qfi9,0,2,4,1007.4999999999999,data,ok,2.0,False,,proxy,3,0,,ue1_qfi2,1.0,152,150.0,ok,,ue7_qfi2,15.679,ok,,7,ok,7,,ue1_qfi2,0.9555488000000001,ok,0.9999166435494125,proxy,5,0.9998202363160751,15498732.8,ok,0.006577272727272728,ok,0.2648125,0.030159375,ok,ue1_qfi82,0.0,99,10.0,data,ok,0.0,ue4_qfi1,17.75,ok,,30.4,ue1_qfi2,0,0.0,0.0,30.303,ok,33.0,,pending,,pending,drone_heavy,8,TwoTier,35492826,0.5
ue1_qfi2,7.344,13.457,14.75,15.771,ok,0.0003287138423761655,ok,ue6_qfi9,0,2,4,1002.2499999999997,data,ok,2.0,False,,proxy,3,0,,ue1_qfi2,1.0,152,150.0,ok,,ue1_qfi2,15.731,ok,,7,ok,7,,ue3_qfi2,0.9667232,ok,0.9998268236080022,proxy,5,0.9996642567612426,15570737.6,ok,0.006813636363636364,ok,0.24209772727272727,0.027815625,ok,ue1_qfi82,0.0,99,10.0,data,ok,0.0,ue6_qfi1,12.5,ok,,30.4,ue1_qfi2,0,0.0,0.0,30.303,ok,33.0,,pending,,pending,drone_heavy,8,PF,376383645,0.5
ue1_qfi2,9.512,15.946,17.152,19.249,ok,0.0006779974421005593,ok,ue6_qfi9,0,2,4,1009.5000000000001,data,ok,2.0,False,,proxy,3,0,,ue1_qfi2,0.993421052631579,152,150.0,ok,,ue1_qfi2,18.0,ok,,7,ok,7,,ue3_qfi2,0.9666032,ok,0.9993941729867869,proxy,5,0.9993272309219626,15564720.0,ok,0.007193181818181818,ok,0.32199204545454546,0.0352125,ok,ue1_qfi82,0.0,99,10.0,data,ok,0.0,ue2_qfi1,14.5,ok,,30.2,ue1_qfi2,1,70.25,70.25,30.303,ok,33.0,,pending,,pending,drone_heavy,8,Reservation,376383645,0.5
ue1_qfi2,5.835,12.331,14.238,14.73,ok,0.00019671469004698655,ok,ue2_qfi9,0,2,4,1007.2499999999995,data,ok,2.0,False,,proxy,3,0,,ue1_qfi2,1.0,152,150.0,ok,,ue1_qfi2,14.73,ok,,7,ok,7,,ue3_qfi2,0.9667232,ok,0.9999282566944988,proxy,5,0.9998472005315253,15572793.6,ok,0.006659090909090909,ok,0.2605704545454545,0.028515625,ok,ue1_qfi82,0.0,99,10.0,data,ok,0.0,ue2_qfi1,13.5,ok,,30.4,ue1_qfi2,0,0.0,0.0,30.303,ok,33.0,,pending,,pending,drone_heavy,8,TwoTier,376383645,0.5
ue7_qfi2,8.147,13.749,15.394,16.658,ok,9.01410381996656e-05,ok,ue4_qfi9,0,2,4,1002.2499999999997,data,ok,2.0,False,,proxy,3,0,,ue7_qfi2,0.993421052631579,152,150.0,ok,,ue7_qfi2,17.045,ok,,7,ok,7,,ue6_qfi2,0.9629352,ok,0.9999721479276051,proxy,5,0.9999359890319461,15494320.0,ok,0.006804545454545455,ok,0.246425,0.0270328125,ok,ue1_qfi82,0.0,99,10.0,data,ok,0.0,ue3_qfi1,15.0,ok,,30.4,ue1_qfi2,0,0.0,0.0,30.303,ok,33.0,,pending,,pending,drone_heavy,8,PF,1746484539,0.5
ue7_qfi2,7.839,14.25,16.306,17.877,ok,0.0006602200148355928,ok,ue3_qfi9,0,1,4,1007.25,data,ok,2.0,False,,proxy,3,0,,ue1_qfi2,1.0,152,150.0,ok,,ue7_qfi2,18.037,ok,,7,ok,7,,ue6_qfi2,0.9629352,ok,0.999435785056817,proxy,5,0.9991364526190851,15487944.0,ok,0.0073659090909090905,ok,0.3228806818181818,0.034803125,ok,ue1_qfi82,0.0,99,10.0,data,ok,0.0,ue3_qfi1,14.5,ok,,30.4,ue1_qfi2,0,0.0,0.0,30.303,ok,33.0,,pending,,pending,drone_heavy,8,Reservation,1746484539,0.5
ue3_qfi1,1.0,13.25,15.5,15.5,ok,0.00018581525565959718,ok,ue3_qfi9,0,2,4,1001.7499999999999,data,ok,2.0,False,,proxy,3,0,,ue1_qfi2,1.0,152,150.0,ok,,ue7_qfi2,15.309,ok,,7,ok,7,,ue6_qfi2,0.9629352,ok,0.9999461731133963,proxy,5,0.9998794419967623,15496705.6,ok,0.00715,ok,0.26010568181818183,0.0268453125,ok,ue1_qfi82,0.0,99,10.0,data,ok,0.0,ue3_qfi1,14.5,ok,,30.4,ue1_qfi2,0,0.0,0.0,30.303,ok,33.0,,pending,,pending,drone_heavy,8,TwoTier,1746484539,0.5
ue1_qfi2,3.971,9.975,11.636,12.764,ok,0.0,ok,ue1_qfi82,0,1,4,1001.5,data,ok,2.0,False,,proxy,3,0,,ue1_qfi2,1.0,152,150.0,ok,,ue1_qfi2,15.46,ok,,1,ok,1,,ue1_qfi2,1.0276481777777777,ok,0.9999982024797663,proxy,5,0.9999972782812627,9355569.6,ok,0.015513636363636363,ok,0.13173863636363636,0.0226203125,ok,ue1_qfi82,0.0,4,10.0,data,ok,0.0,ue1_qfi2,8.793,ok,,30.4,ue1_qfi2,0,0.0,0.0,30.303,ok,33.0,,pending,,pending,sensor_dense,8,PF,1826701614,1.5
ue1_qfi2,4.005,10.133,11.597,12.764,ok,0.0,ok,ue1_qfi82,0,2,4,1001.5,data,ok,2.0,False,,proxy,3,0,,ue1_qfi2,1.0,152,150.0,ok,,ue1_qfi2,14.866,ok,,1,ok,1,,ue1_qfi2,1.0276481777777777,ok,0.9999986009283302,proxy,5,0.9999972782812627,9355569.6,ok,0.01853409090909091,ok,0.15835681818181818,0.02264375,ok,ue1_qfi82,0.0,4,10.0,data,ok,0.0,ue1_qfi2,8.759,ok,,30.4,ue1_qfi2,0,0.0,0.0,30.303,ok,33.0,,pending,,pending,sensor_dense,8,Reservation,1826701614,1.5
ue1_qfi2,3.931,9.995,11.5,13.016,ok,0.0,ok,ue1_qfi82,0,2,4,1001.5,data,ok,2.0,False,,proxy,3,0,,ue1_qfi2,1.0,152,150.0,ok,,ue1_qfi2,15.033,ok,,1,ok,1,,ue1_qfi2,1.0276481777777777,ok,0.9999986030033673,proxy,5,0.9999972782812627,9355568.0,ok,0.015522727272727273,ok,0.13418295454545454,0.0226265625,ok,ue1_qfi82,0.0,4,10.0,data,ok,0.0,ue1_qfi2,9.085,ok,,30.4,ue1_qfi2,0,0.0,0.0,30.303,ok,33.0,,pending,,pending,sensor_dense,8,TwoTier,1826701614,1.5
ue1_qfi2,3.904,9.539,11.0,12.242,ok,0.0,ok,ue1_qfi82,0,0,4,1000.0,data,ok,2.0,False,,proxy,3,0,,ue1_qfi2,0.993421052631579,152,150.0,ok,,ue1_qfi2,14.42,ok,,1,ok,1,,ue1_qfi2,1.0260792888888888,ok,0.9999953889432712,proxy,5,0.9999903345814877,9341120.0,ok,0.015081818181818182,ok,0.13236704545454545,0.0238453125,ok,ue1_qfi82,0.0,4,10.0,data,ok,0.0,ue1_qfi2,8.338000000000001,ok,,30.2,ue1_qfi2,0,0.0,0.0,30.303,ok,33.0,,pending,,pending,sensor_dense,8,PF,1367864806,1.5
ue1_qfi2,3.971,9.423,11.038,12.734,ok,0.0,ok,ue1_qfi82,0,0,4,1000.0,data,ok,2.0,False,,proxy,3,0,,ue1_qfi2,0.993421052631579,152,150.0,ok,,ue1_qfi2,14.415,ok,,1,ok,1,,ue1_qfi2,1.0260792888888888,ok,0.9999955560139033,proxy,5,0.9999912272586491,9341118.4,ok,0.018127272727272728,ok,0.15819545454545456,0.0238875,ok,ue1_qfi82,0.0,4,10.0,data,ok,0.0,ue1_qfi2,8.763,ok,,30.2,ue1_qfi2,1,66.75,66.75,30.303,ok,33.0,,pending,,pending,sensor_dense,8,Reservation,1367864806,1.5
ue1_qfi2,3.913,9.32,11.0,12.099,ok,0.0,ok,ue1_qfi82,0,1,4,1001.5,data,ok,2.0,False,,proxy,3,0,,ue1_qfi2,1.0,152,150.0,ok,,ue1_qfi2,14.321,ok,,1,ok,1,,ue1_qfi2,1.0266172444444444,ok,0.9999955653882437,proxy,5,0.9999923880733279,9345958.399999999,ok,0.0152,ok,0.1341375,0.0237984375,ok,ue1_qfi82,0.0,4,10.0,data,ok,0.0,ue1_qfi2,8.186,ok,,30.4,ue1_qfi2,0,0.0,0.0,30.303,ok,33.0,,pending,,pending,sensor_dense,8,TwoTier,1367864806,1.5
ue1_qfi2,3.852,9.597,10.932,12.155,ok,0.0,ok,ue1_qfi82,0,0,4,1000.0,data,ok,2.0,False,,proxy,3,0,,ue1_qfi2,1.0,152,150.0,ok,,ue1_qfi2,14.325,ok,,1,ok,1,,ue1_qfi2,1.0126277333333333,ok,0.9999925186256897,proxy,5,0.9999837185386364,9220176.0,ok,0.015163636363636364,ok,0.12988295454545454,0.0238203125,ok,ue1_qfi82,0.0,4,10.0,data,ok,0.0,ue1_qfi2,8.302999999999999,ok,,30.4,ue1_qfi2,0,0.0,0.0,30.303,ok,33.0,,pending,,pending,sensor_dense,8,PF,1097657231,1.5
ue1_qfi2,3.958,9.561,11.105,12.302,ok,0.0,ok,ue1_qfi82,0,0,4,1000.0,data,ok,2.0,False,,proxy,3,0,,ue1_qfi2,1.0,152,150.0,ok,,ue1_qfi2,14.232,ok,,1,ok,1,,ue1_qfi2,1.0126277333333333,ok,0.999996396996465,proxy,5,0.9999951877716118,9220174.4,ok,0.017977272727272727,ok,0.1554784090909091,0.0238,ok,ue1_qfi82,0.0,4,10.0,data,ok,0.0,ue1_qfi2,8.344,ok,,30.4,ue1_qfi2,0,0.0,0.0,30.303,ok,33.0,,pending,,pending,sensor_dense,8,Reservation,1097657231,1.5
ue1_qfi2,3.827,9.331,11.153,12.24,ok,0.0,ok,ue1_qfi82,0,0,4,1000.0,data,ok,2.0,False,,proxy,3,0,,ue1_qfi2,1.0,152,150.0,ok,,ue1_qfi2,14.414,ok,,1,ok,1,,ue1_qfi2,1.0126277333333333,ok,0.9999900118011732,proxy,5,0.9999792614864346,9220171.2,ok,0.015152272727272728,ok,0.1312965909090909,0.0238015625,ok,ue1_qfi82,0.0,4,10.0,data,ok,0.0,ue1_qfi2,8.413,ok,,30.4,ue1_qfi2,0,0.0,0.0,30.303,ok,33.0,,pending,,pending,sensor_dense,8,TwoTier,1097657231,1.5
ue1_qfi2,3.83,9.32,11.633,12.566,ok,0.0,ok,ue1_qfi82,0,0,4,1000.0,data,ok,2.0,False,,proxy,3,0,,ue1_qfi2,1.0,152,150.0,ok,,ue1_qfi2,14.436,ok,,1,ok,1,,ue1_qfi2,1.0054156444444444,ok,0.9999915906341984,proxy,5,0.999976504348262,9155040.0,ok,0.014984090909090909,ok,0.1261909090909091,0.0232765625,ok,ue1_qfi82,0.0,4,10.0,data,ok,0.0,ue1_qfi2,8.736,ok,,30.4,ue1_qfi2,0,0.0,0.0,30.303,ok,33.0,,pending,,pending,sensor_dense,8,PF,579362555,1.5
ue1_qfi2,3.895,9.494,11.391,12.436,ok,0.0,ok,ue1_qfi82,0,0,4,1000.0,data,ok,2.0,False,,proxy,3,0,,ue1_qfi2,1.0,152,150.0,ok,,ue1_qfi2,14.714,ok,,1,ok,1,,ue1_qfi2,1.0054156444444444,ok,0.9999964505898932,proxy,5,0.999987013654828,9155092.8,ok,0.01801818181818182,ok,0.15105795454545454,0.0232140625,ok,ue1_qfi82,0.0,4,10.0,data,ok,0.0,ue1_qfi2,8.541,ok,,30.4,ue1_qfi2,0,0.0,0.0,30.303,ok,33.0,,pending,,pending,sensor_dense,8,Reservation,579362555,1.5
ue1_qfi2,3.9,9.5,11.613,12.648,ok,0.0,ok,ue1_qfi82,0,0,4,1000.0,data,ok,2.0,False,,proxy,3,0,,ue1_qfi2,1.0,152,150.0,ok,,ue1_qfi2,14.436,ok,,1,ok,1,,ue1_qfi2,1.0054156444444444,ok,0.9999968540800943,proxy,5,0.9999890368835452,9155092.8,ok,0.014997727272727272,ok,0.12864886363636363,0.0232765625,ok,ue1_qfi82,0.0,4,10.0,data,ok,0.0,ue1_qfi2,8.748,ok,,30.4,ue1_qfi2,0,0.0,0.0,30.303,ok,33.0,,pending,,pending,sensor_dense,8,TwoTier,579362555,1.5
ue1_qfi2,4.052,9.613,11.623,12.652,ok,0.0,ok,ue1_qfi82,0,1,4,1001.5,data,ok,2.0,False,,proxy,3,0,,ue1_qfi2,1.0,152,150.0,ok,,ue1_qfi2,14.388,ok,,1,ok,1,,ue1_qfi2,1.0151308444444445,ok,0.9999883641716252,proxy,5,0.9999601918799235,9242824.0,ok,0.015122727272727272,ok,0.1252,0.0211703125,ok,ue1_qfi82,0.0,4,10.0,data,ok,0.0,ue1_qfi2,8.6,ok,,30.4,ue1_qfi2,0,0.0,0.0,30.303,ok,33.0,,pending,,pending,sensor_dense,8,PF,661058651,1.5
ue1_qfi2,4.138,9.439,10.917,12.283,ok,0.0,ok,ue1_qfi82,0,1,4,1001.5,data,ok,2.0,False,,proxy,3,0,,ue1_qfi2,1.0,152,150.0,ok,,ue1_qfi2,14.439,ok,,1,ok,1,,ue1_qfi2,1.0151308444444445,ok,0.9999955987675925,proxy,5,0.9999878588723543,9242875.2,ok,0.018127272727272728,ok,0.14985909090909091,0.02115,ok,ue1_qfi82,0.0,4,10.0,data,ok,0.0,ue1_qfi2,8.145,ok,,30.4,ue1_qfi2,0,0.0,0.0,30.303,ok,33.0,,pending,,pending,sensor_dense,8,Reservation,661058651,1.5
ue1_qfi2,4.052,9.463,10.969,12.129,ok,0.0,ok,ue1_qfi82,0,0,4,1000.0,data,ok,2.0,False,,proxy,3,0,,ue1_qfi2,1.0,152,150.0,ok,,ue1_qfi2,14.246,ok,,1,ok,1,,ue1_qfi2,1.0151308444444445,ok,0.999995604494184,proxy,5,0.9999878588723543,9242875.2,ok,0.015163636363636364,ok,0.12700454545454545,0.0211390625,ok,ue1_qfi82,0.0,4,10.0,data,ok,0.0,ue1_qfi2,8.077,ok,,30.4,ue1_qfi2,0,0.0,0.0,30.303,ok,33.0,,pending,,pending,sensor_dense,8,TwoTier,661058651,1.5
ue1_qfi2,3.937,9.952,12.264,13.374,ok,0.0,ok,ue1_qfi82,0,0,4,1000.0,data,ok,2.0,False,,proxy,3,0,,ue1_qfi2,1.0,152,150.0,ok,,ue1_qfi2,15.059,ok,,1,ok,1,,ue1_qfi2,1.0040645333333333,ok,0.9999987299643861,proxy,5,0.9999976443704458,9143057.600000001,ok,0.015022727272727273,ok,0.13466704545454544,0.023875,ok,ue1_qfi82,0.0,4,10.0,data,ok,0.0,ue1_qfi2,9.437000000000001,ok,,30.4,ue1_qfi2,0,0.0,0.0,30.303,ok,33.0,,pending,,pending,sensor_dense,8,PF,87989972,1.5
ue1_qfi2,3.988,9.786,12.124,13.183,ok,0.0,ok,ue1_qfi82,0,0,4,1000.0,data,ok,2.0,False,,proxy,3,0,,ue1_qfi2,1.0,152,150.0,ok,,ue1_qfi2,14.706,ok,,1,ok,1,,ue1_qfi2,1.0040645333333333,ok,0.9999981177941877,proxy,5,0.9999956632622836,9143059.200000001,ok,0.017881818181818183,ok,0.16189431818181818,0.023871875,ok,ue1_qfi82,0.0,4,10.0,data,ok,0.0,ue1_qfi2,9.195,ok,,30.4,ue1_qfi2,0,0.0,0.0,30.303,ok,33.0,,pending,,pending,sensor_dense,8,Reservation,87989972,1.5
ue1_qfi2,3.902,9.456,11.75,12.991,ok,0.0,ok,ue1_qfi82,0,2,4,1001.5,data,ok,2.0,False,,proxy,3,0,,ue1_qfi2,1.0,152,150.0,ok,,ue1_qfi2,14.702,ok,,1,ok,1,,ue1_qfi2,1.0040645333333333,ok,0.9999967361338488,proxy,5,0.9999945481383463,9143059.200000001,ok,0.015054545454545454,ok,0.13643295454545454,0.023803125,ok,ue1_qfi82,0.0,4,10.0,data,ok,0.0,ue1_qfi2,9.088999999999999,ok,,30.4,ue1_qfi2,0,0.0,0.0,30.303,ok,33.0,,pending,,pending,sensor_dense,8,TwoTier,87989972,1.5
ue1_qfi2,3.826,9.429,11.375,12.45,ok,0.0,ok,ue1_qfi82,0,0,4,1000.0,data,ok,2.0,False,,proxy,3,0,,ue1_qfi2,1.0,152,150.0,ok,,ue1_qfi2,14.807,ok,,1,ok,1,,ue1_qfi2,0.9846572444444444,ok,0.9999964221911999,proxy,5,0.9999918701167906,8968355.2,ok,0.015063636363636364,ok,0.12640113636363637,0.0223125,ok,ue1_qfi82,0.0,4,10.0,data,ok,0.0,ue1_qfi2,8.623999999999999,ok,,30.4,ue1_qfi2,0,0.0,0.0,30.303,ok,33.0,,pending,,pending,sensor_dense,8,PF,161576974,1.5
ue1_qfi2,3.864,9.802,11.256,13.053,ok,0.0,ok,ue1_qfi82,0,2,4,1001.5,data,ok,2.0,False,,proxy,3,0,,ue1_qfi2,1.0,152,150.0,ok,,ue1_qfi2,14.652,ok,,1,ok,1,,ue1_qfi2,0.9846572444444444,ok,0.9999965868146512,proxy,5,0.9999926844258779,8968355.2,ok,0.01790909090909091,ok,0.1535034090909091,0.02236875,ok,ue1_qfi82,0.0,4,10.0,data,ok,0.0,ue1_qfi2,9.189,ok,,30.4,ue1_qfi2,0,0.0,0.0,30.303,ok,33.0,,pending,,pending,sensor_dense,8,Reservation,161576974,1.5
ue1_qfi2,3.885,9.45,11.208,12.323,ok,0.0,ok,ue1_qfi82,0,2,4,1001.5,data,ok,2.0,False,,proxy,3,0,,ue1_qfi2,1.0,152,150.0,ok,,ue1_qfi2,14.807,ok,,1,ok,1,,ue1_qfi2,0.9846572444444444,ok,0.9999963053745876,proxy,5,0.9999919457163706,8968355.2,ok,0.015172727272727273,ok,0.12842045454545453,0.0222640625,ok,ue1_qfi82,0.0,4,10.0,data,ok,0.0,ue1_qfi2,8.438,ok,,30.4,ue1_qfi2,0,0.0,0.0,30.303,ok,33.0,,pending,,pending,sensor_dense,8,TwoTier,161576974,1.5
ue1_qfi2,4.152,10.399,12.575,13.589,ok,0.0,ok,ue1_qfi82,0,0,4,1000.0,data,ok,2.0,False,,proxy,3,0,,ue1_qfi2,1.0,152,150.0,ok,,ue1_qfi2,15.449,ok,,1,ok,1,,ue1_qfi2,1.0160698666666668,ok,0.9999935637046636,proxy,5,0.9999901718539349,9251262.4,ok,0.01543409090909091,ok,0.145125,0.0259828125,ok,ue1_qfi82,0.0,4,10.0,data,ok,0.0,ue1_qfi2,9.437000000000001,ok,,30.4,ue1_qfi2,0,0.0,0.0,30.303,ok,33.0,,pending,,pending,sensor_dense,8,PF,35492826,1.5
ue1_qfi2,4.191,10.402,12.5,13.589,ok,0.0,ok,ue1_qfi82,0,1,4,1001.5,data,ok,2.0,False,,proxy,3,0,,ue1_qfi2,1.0,152,150.0,ok,,ue1_qfi2,15.093,ok,,1,ok,1,,ue1_qfi2,1.0160698666666668,ok,0.9999960515908992,proxy,5,0.9999934154646237,9251262.4,ok,0.018486363636363638,ok,0.1724409090909091,0.0260609375,ok,ue1_qfi82,0.0,4,10.0,data,ok,0.0,ue1_qfi2,9.398,ok,,30.4,ue1_qfi2,0,0.0,0.0,30.303,ok,33.0,,pending,,pending,sensor_dense,8,Reservation,35492826,1.5
ue1_qfi2,4.183,10.271,12.28,13.044,ok,0.0,ok,ue1_qfi82,0,0,4,1000.0,data,ok,2.0,False,,proxy,3,0,,ue1_qfi2,1.0,152,150.0,ok,,ue1_qfi2,14.798,ok,,1,ok,1,,ue1_qfi2,1.0160698666666668,ok,0.9999959110356385,proxy,5,0.9999919467028748,9251262.4,ok,0.015406818181818181,ok,0.14730909090909092,0.0259328125,ok,ue1_qfi82,0.0,4,10.0,data,ok,0.0,ue1_qfi2,8.861,ok,,30.4,ue1_qfi2,0,0.0,0.0,30.303,ok,33.0,,pending,,pending,sensor_dense,8,TwoTier,35492826,1.5
ue1_qfi2,4.498,10.605,12.474,14.169,ok,0.0,ok,ue1_qfi82,0,1,4,1001.5,data,ok,2.0,False,,proxy,3,0,,ue1_qfi2,1.0,152,150.0,ok,,ue1_qfi2,16.125,ok,,1,ok,1,,ue1_qfi2,1.0112513777777778,ok,0.9999896038788826,proxy,5,0.9999857085655561,9207780.8,ok,0.014954545454545455,ok,0.14546022727272728,0.02430625,ok,ue1_qfi82,0.0,4,10.0,data,ok,0.0,ue1_qfi2,9.671,ok,,30.4,ue1_qfi2,0,0.0,0.0,30.303,ok,33.0,,pending,,pending,sensor_dense,8,PF,376383645,1.5
ue1_qfi2,4.579,10.303,11.91,13.558,ok,0.0,ok,ue1_qfi82,0,0,4,1000.0,data,ok,2.0,False,,proxy,3,0,,ue1_qfi2,0.9868421052631579,152,150.0,ok,,ue1_qfi2,15.074,ok,,1,ok,1,,ue1_qfi2,1.0106362666666666,ok,0.9999860845518747,proxy,5,0.9999641820620825,9202144.0,ok,0.017797727272727274,ok,0.1708284090909091,0.0243203125,ok,ue1_qfi82,0.0,4,10.0,data,ok,0.0,ue1_qfi2,8.979,ok,,30.0,ue1_qfi2,2,69.75,137.25,30.303,ok,33.0,,pending,,pending,sensor_dense,8,Reservation,376383645,1.5
ue1_qfi2,4.506,10.331,11.773,13.75,ok,0.0,ok,ue1_qfi82,0,1,4,1001.7500000000003,data,ok,2.0,False,,proxy,3,0,,ue1_qfi2,0.9868421052631579,152,150.0,ok,,ue1_qfi2,15.331,ok,,1,ok,1,,ue1_qfi2,1.0102512000000001,ok,0.9999878756644959,proxy,5,0.9999716009210349,9198780.8,ok,0.014981818181818181,ok,0.14739772727272726,0.02426875,ok,ue1_qfi82,0.0,4,10.0,data,ok,0.0,ue1_qfi2,9.244,ok,,30.0,ue1_qfi2,2,69.75,137.5,30.303,ok,33.0,,pending,,pending,sensor_dense,8,TwoTier,376383645,1.5
ue1_qfi2,3.937,9.776,11.5,12.707,ok,0.0,ok,ue1_qfi82,0,0,4,1000.0,data,ok,2.0,False,,proxy,3,0,,ue1_qfi2,1.0,152,150.0,ok,,ue1_qfi2,14.874,ok,,1,ok,1,,ue1_qfi2,1.015904,ok,0.9999973021029854,proxy,5,0.9999957817850799,9249614.4,ok,0.015147727272727273,ok,0.12732727272727273,0.0231015625,ok,ue1_qfi82,0.0,4,10.0,data,ok,0.0,ue1_qfi2,8.770000000000001,ok,,30.4,ue1_qfi2,0,0.0,0.0,30.303,ok,33.0,,pending,,pending,sensor_dense,8,PF,1746484539,1.5
ue1_qfi2,4.002,9.631,11.25,12.817,ok,0.0,ok,ue1_qfi82,0,1,4,1001.5,data,ok,2.0,False,,proxy,3,0,,ue1_qfi2,1.0,152,150.0,ok,,ue1_qfi2,14.416,ok,,1,ok,1,,ue1_qfi2,1.015904,ok,0.9999979137901291,proxy,5,0.9999968011063564,9249616.0,ok,0.01819090909090909,ok,0.15330454545454544,0.02318125,ok,ue1_qfi82,0.0,4,10.0,data,ok,0.0,ue1_qfi2,8.815000000000001,ok,,30.4,ue1_qfi2,0,0.0,0.0,30.303,ok,33.0,,pending,,pending,sensor_dense,8,Reservation,1746484539,1.5
ue1_qfi2,3.929,9.468,11.17,12.67,ok,0.0,ok,ue1_qfi82,0,1,4,1001.5,data,ok,2.0,False,,proxy,3,0,,ue1_qfi2,1.0,152,150.0,ok,,ue1_qfi2,14.54,ok,,1,ok,1,,ue1_qfi2,1.015904,ok,0.9999968086667141,proxy,5,0.9999957346719958,9249614.4,ok,0.015175,ok,0.12932272727272728,0.0231015625,ok,ue1_qfi82,0.0,4,10.0,data,ok,0.0,ue1_qfi2,8.741,ok,,30.4,ue1_qfi2,0,0.0,0.0,30.303,ok,33.0,,pending,,pending,sensor_dense,8,TwoTier,1746484539,1.5
ue7_qfi2,14.657,20.073,22.717,24.132,ok,0.00043237824077817705,ok,ue2_qfi9,0,2,4,1009.7499999999999,data,ok,2.0,False,,proxy,3,0,,ue1_qfi2,0.993421052631579,152,150.0,ok,,ue7_qfi2,24.81,ok,,7,ok,7,,ue5_qfi2,0.965782,ok,0.9990600218585144,proxy,5,0.9980450288830071,30201984.0,ok,0.006970454545454545,ok,0.45351136363636363,0.033075,ok,ue1_qfi82,0.0,99,10.0,data,ok,0.0,ue6_qfi1,17.25,ok,,30.2,ue1_qfi2,1,70.0,70.0,30.303,ok,33.0,,pending,,pending,drone_heavy,8,PF,1826701614,1.0
ue1_qfi2,14.604,23.162,25.028,26.186,ok,0.0008205825118188634,ok,ue2_qfi9,0,2,4,1015.2499999999995,data,ok,2.0,False,,proxy,3,0,,ue1_qfi2,1.0,152,150.0,ok,,ue1_qfi2,26.873,ok,,7,ok,7,,ue1_qfi2,0.9640888000000001,ok,0.9967845901065504,proxy,5,0.9955259539180153,30163104.0,ok,0.0072,ok,0.5293056818181818,0.049296875,ok,ue1_qfi82,0.0,99,10.0,data,ok,0.0,ue1_qfi9,18.75,ok,,30.4,ue1_qfi2,0,0.0,0.0,30.303,ok,33.0,,pending,,pending,drone_heavy,8,Reservation,1826701614,1.0
ue5_qfi1,1.75,16.25,22.75,22.75,ok,0.00040343049889034107,ok,ue6_qfi9,0,1,4,1015.4999999999999,data,ok,2.0,False,,proxy,3,0,,ue1_qfi2,1.0,152,150.0,ok,,ue7_qfi2,23.033,ok,,7,ok,7,,ue5_qfi2,0.965782,ok,0.994394266880852,proxy,5,0.9875082493588897,30205736.0,ok,0.006668181818181818,ok,0.4741681818181818,0.0334453125,ok,ue1_qfi82,0.0,99,10.0,data,ok,0.0,ue5_qfi1,21.0,ok,,30.4,ue1_qfi2,0,0.0,0.0,30.303,ok,33.0,,pending,,pending,drone_heavy,8,TwoTier,1826701614,1.0
ue7_qfi2,13.541,19.49,21.09,21.792,ok,0.00044324575462205467,ok,ue3_qfi9,0,2,4,1007.4999999999999,data,ok,2.0,False,,proxy,3,0,,ue1_qfi2,1.0,152,150.0,ok,,ue7_qfi2,24.292,ok,,7,ok,7,,ue1_qfi2,0.95832,ok,0.9988581488745641,proxy,5,0.9977648364738944,30174916.8,ok,0.006893181818181818,ok,0.44675113636363634,0.0328609375,ok,ue1_qfi82,0.0,99,10.0,data,ok,0.0,ue3_qfi9,18.0,ok,,30.4,ue1_qfi2,0,0.0,0.0,30.303,ok,33.0,,pending,,pending,drone_heavy,8,PF,1367864806,1.0
ue1_qfi2,14.333,22.513,24.195,26.156,ok,0.0008218131835884846,ok,ue3_qfi9,0,1,4,1012.4999999999998,data,ok,2.0,False,,proxy,3,0,,ue1_qfi2,0.993421052631579,152,150.0,ok,,ue1_qfi2,26.838,ok,,7,ok,7,,ue1_qfi2,0.957396,ok,0.9970606710569705,proxy,5,0.9965047415279616,30155880.0,ok,0.007206818181818181,ok,0.5225386363636364,0.049075,ok,ue1_qfi82,0.0,99,10.0,data,ok,0.0,ue6_qfi1,18.75,ok,,30.2,ue1_qfi2,0,0.0,0.0,30.303,ok,33.0,,pending,,pending,drone_heavy,8,Reservation,1367864806,1.0
ue4_qfi1,3.0,20.5,22.75,22.75,ok,0.00037621670166821205,ok,ue6_qfi9,0,1,4,1012.2500000000003,data,ok,2.0,False,,proxy,3,0,,ue1_qfi2,1.0,152,150.0,ok,,ue1_qfi2,21.5,ok,,7,ok,7,,ue1_qfi2,0.95832,ok,0.9944783421915826,proxy,5,0.9869107461182179,30175820.8,ok,0.007320454545454546,ok,0.46716477272727275,0.0333859375,ok,ue1_qfi82,0.0,99,10.0,data,ok,0.0,ue4_qfi1,19.75,ok,,30.4,ue1_qfi2,0,0.0,0.0,30.303,ok,33.0,,pending,,pending,drone_heavy,8,TwoTier,1367864806,1.0
ue7_qfi2,14.67,20.363,22.282,23.621,ok,0.000433797852328318,ok,ue5_qfi9,0,1,4,1010.0000000000002,data,ok,2.0,False,,proxy,3,0,,ue1_qfi2,1.0,152,150.0,ok,,ue7_qfi2,25.054,ok,,7,ok,7,,ue6_qfi2,0.958924,ok,0.9991381746807335,proxy,5,0.9986869248935211,30069964.8,ok,0.007229545454545455,ok,0.46470795454545455,0.03621875,ok,ue1_qfi82,0.0,99,10.0,data,ok,0.0,ue3_qfi1,19.5,ok,,30.4,ue1_qfi2,0,0.0,0.0,30.303,ok,33.0,,pending,,pending,drone_heavy,8,PF,1097657231,1.0
ue1_qfi2,14.506,22.944,24.897,26.008,ok,0.0008127563002975744,ok,ue5_qfi9,0,1,4,1012.2499999999999,data,ok,2.0,False,,proxy,3,0,,ue4_qfi2,0.993421052631579,152,150.0,ok,,ue7_qfi2,26.674,ok,,7,ok,7,,ue6_qfi2,0.958924,ok,0.9969220911886468,proxy,5,0.9960646641831776,30054601.6,ok,0.007588636363636363,ok,0.5407636363636363,0.054678125,ok,ue1_qfi82,0.0,99,10.0,data,ok,0.0,ue6_qfi9,22.5,ok,,30.4,ue1_qfi2,0,0.0,0.0,30.303,ok,33.0,,pending,,pending,drone_heavy,8,Reservation,1097657231,1.0
ue5_qfi1,8.0,20.5,23.25,23.25,ok,0.00038059059255588206,ok,ue5_qfi9,0,1,4,1015.0000000000001,data,ok,2.0,False,,proxy,3,0,,ue4_qfi2,0.9868421052631579,152,150.0,ok,,ue7_qfi2,22.929,ok,,7,ok,7,,ue6_qfi2,0.958924,ok,0.9944950043705315,proxy,5,0.9872764759612882,30068438.4,ok,0.007102272727272727,ok,0.48572727272727273,0.0372609375,ok,ue1_qfi82,0.0,99,10.0,data,ok,0.0,ue6_qfi1,21.0,ok,,30.0,ue4_qfi2,2,69.0,135.25,30.303,ok,33.0,,pending,,pending,drone_heavy,8,TwoTier,1097657231,1.0
ue7_qfi2,14.16,20.5,22.307,23.522,ok,0.0005562339154105368,ok,ue4_qfi9,0,1,4,1015.0000000000001,data,ok,2.0,False,,proxy,3,0,,ue1_qfi2,1.0,152,150.0,ok,,ue7_qfi2,25.464,ok,,7,ok,7,,ue5_qfi2,0.9617648000000001,ok,0.9985268729725103,proxy,5,0.99733193622062,30222083.2,ok,0.006845454545454545,ok,0.46688636363636365,0.0353671875,ok,ue1_qfi82,0.0,99,10.0,data,ok,0.0,ue4_qfi1,21.75,ok,,30.4,ue1_qfi2,0,0.0,0.0,30.303,ok,33.0,,pending,,pending,drone_heavy,8,PF,579362555,1.0
ue1_qfi2,14.757,23.909,25.56,26.966,ok,0.0008686490486441351,ok,ue6_qfi9,0,2,4,1014.7499999999998,data,ok,2.0,False,,proxy,3,0,,ue1_qfi2,1.0,152,150.0,ok,,ue1_qfi2,27.626,ok,,7,ok,7,,ue5_qfi2,0.9616876,ok,0.9941115873828734,proxy,5,0.9829624606985053,30219449.6,ok,0.007368181818181818,ok,0.5462056818181819,0.0538453125,ok,ue1_qfi82,0.0,99,10.0,data,ok,0.0,ue6_qfi9,19.75,ok,,30.4,ue1_qfi2,0,0.0,0.0,30.303,ok,33.0,,pending,,pending,drone_heavy,8,Reservation,579362555,1.0
ue4_qfi1,3.5,18.5,22.75,22.75,ok,0.00040934837652031875,ok,ue4_qfi9,0,2,4,1014.5000000000005,data,ok,2.0,False,,proxy,3,0,,ue7_qfi2,0.993421052631579,152,150.0,ok,,ue2_qfi2,22.677,ok,,7,ok,7,,ue5_qfi2,0.9617648000000001,ok,0.9944158354637217,proxy,5,0.9869288176645441,30237249.6,ok,0.00675,ok,0.49343977272727274,0.0369796875,ok,ue1_qfi82,0.0,99,10.0,data,ok,0.0,ue4_qfi1,19.25,ok,,30.4,ue1_qfi2,0,0.0,0.0,30.303,ok,33.0,,pending,,pending,drone_heavy,8,TwoTier,579362555,1.0
ue7_qfi2,13.565,19.25,20.856,21.5,ok,0.00046601328031501733,ok,ue4_qfi9,0,1,4,1009.7499999999999,data,ok,2.0,False,,proxy,3,0,,ue7_qfi2,0.993421052631579,152,150.0,ok,,ue7_qfi2,24.259,ok,,7,ok,7,,ue2_qfi2,0.9588751999999999,ok,0.9990315261315477,proxy,5,0.9982651474224259,30077057.6,ok,0.006715909090909091,ok,0.4290443181818182,0.0292453125,ok,ue1_qfi82,0.0,99,10.0,data,ok,0.0,ue6_qfi1,19.75,ok,,30.2,ue7_qfi2,1,67.75,67.75,30.303,ok,33.0,,pending,,pending,drone_heavy,8,PF,661058651,1.0
ue1_qfi2,13.618,22.314,24.443,25.5,ok,0.0007559057897195643,ok,ue6_qfi9,0,2,4,1014.5,data,ok,2.0,False,,proxy,3,0,,ue6_qfi2,0.993421052631579,152,150.0,ok,,ue1_qfi2,26.36,ok,,7,ok,7,,ue2_qfi2,0.9588751999999999,ok,0.9973581602157218,proxy,5,0.9968481051963364,30078987.2,ok,0.007072727272727273,ok,0.5090511363636364,0.043509375,ok,ue1_qfi82,0.0,99,10.0,data,ok,0.0,ue6_qfi1,20.0,ok,,30.4,ue1_qfi2,0,0.0,0.0,30.303,ok,33.0,,pending,,pending,drone_heavy,8,Reservation,661058651,1.0
ue7_qfi2,10.163,17.991,19.431,20.606,ok,0.0003879889133270711,ok,ue6_qfi9,0,1,4,1014.7499999999998,data,ok,2.0,False,,proxy,3,0,,ue6_qfi2,0.993421052631579,152,150.0,ok,,ue7_qfi2,21.75,ok,,7,ok,7,,ue2_qfi2,0.9588751999999999,ok,0.9945046883607315,proxy,5,0.9874513129911885,30097182.4,ok,0.006797727272727273,ok,0.4526375,0.029971875,ok,ue1_qfi82,0.0,99,10.0,data,ok,0.0,ue1_qfi9,17.25,ok,,30.2,ue6_qfi2,1,67.0,67.0,30.303,ok,33.0,,pending,,pending,drone_heavy,8,TwoTier,661058651,1.0
ue7_qfi2,14.555,20.265,21.899,23.258,ok,0.0005079964914206009,ok,ue1_qfi85,0,1,1,1741.25,data,ok,2.0,False,,proxy,3,0,,ue1_qfi2,1.0,152,150.0,ok,,ue7_qfi2,24.5,ok,,7,ok,7,,ue6_qfi2,0.9540284,ok,0.9986775532718253,proxy,5,0.9976971739144144,30164724.8,ok,0.006786363636363636,ok,0.4632636363636364,0.0352484375,ok,ue1_qfi82,0.0,99,10.0,data,ok,0.0,ue5_qfi1,19.0,ok,,30.4,ue1_qfi2,0,0.0,0.0,30.303,ok,33.0,,pending,,pending,drone_heavy,8,PF,87989972,1.0
ue1_qfi2,14.75,23.386,25.747,26.75,ok,0.0008564599809736863,ok,ue1_qfi85,0,1,1,1741.25,data,ok,2.0,False,,proxy,3,0,,ue1_qfi2,0.993421052631579,152,150.0,ok,,ue1_qfi2,26.982,ok,,7,ok,7,,ue6_qfi2,0.9528916,ok,0.9965715515034896,proxy,5,0.9955625392397489,30134380.8,ok,0.007211363636363636,ok,0.5407579545454545,0.05294375,ok,ue1_qfi82,0.0,99,10.0,data,ok,0.0,ue6_qfi1,20.25,ok,,30.2,ue6_qfi2,1,67.0,67.0,30.303,ok,33.0,,pending,,pending,drone_heavy,8,Reservation,87989972,1.0
ue6_qfi1,2.75,20.25,23.0,23.0,ok,0.00040640601525451846,ok,ue1_qfi85,0,1,1,1741.25,data,ok,2.0,False,,proxy,3,0,,ue1_qfi2,1.0,152,150.0,ok,,ue7_qfi2,23.739,ok,,7,ok,7,,ue6_qfi2,0.9540284,ok,0.9944289510462909,proxy,5,0.9872684348518567,30157224.0,ok,0.0067613636363636365,ok,0.48512272727272726,0.0359703125,ok,ue1_qfi82,0.0,99,10.0,data,ok,0.0,ue6_qfi1,20.25,ok,,30.4,ue1_qfi2,0,0.0,0.0,30.303,ok,33.0,,pending,,pending,drone_heavy,8,TwoTier,87989972,1.0
ue7_qfi2,15.102,20.678,22.246,23.602,ok,0.0005127100036113355,ok,ue1_qfi85,1,1,1,2417.5,data,ok,2.0,False,,proxy,3,0,,ue4_qfi2,0.993421052631579,152,150.0,ok,,ue7_qfi2,25.463,ok,,7,ok,7,,ue5_qfi2,0.9614775999999999,ok,0.998913816517925,proxy,5,0.9985305176815337,30175518.4,ok,0.006813636363636364,ok,0.46455795454545457,0.0358375,ok,ue1_qfi82,0.0,99,10.0,data,ok,0.0,ue6_qfi1,18.75,ok,,30.2,ue4_qfi2,1,67.5,67.5,30.303,ok,33.0,,pending,,pending,drone_heavy,8,PF,161576974,1.0
ue1_qfi2,14.818,23.258,24.898,25.517,ok,0.0008603521754895754,ok,ue1_qfi85,1,1,1,2417.5,data,ok,2.0,False,,proxy,3,0,,ue5_qfi2,0.993421052631579,152,150.0,ok,,ue7_qfi2,26.718,ok,,7,ok,7,,ue5_qfi2,0.9609004,ok,0.9964270961297637,proxy,5,0.9954317920362186,30151926.400000002,ok,0.007518181818181818,ok,0.5409397727272727,0.0530046875,ok,ue1_qfi82,0.0,99,10.0,data,ok,0.0,ue3_qfi1,18.5,ok,,30.2,ue5_qfi2,1,67.5,67.5,30.303,ok,33.0,,pending,,pending,drone_heavy,8,Reservation,161576974,1.0
ue6_qfi1,8.0,18.0,25.5,25.5,ok,0.00039963481353769294,ok,ue1_qfi85,1,1,1,2417.5,data,ok,2.0,False,,proxy,3,0,,ue7_qfi2,0.9868421052631579,152,150.0,ok,,ue7_qfi2,23.739,ok,,7,ok,7,,ue5_qfi2,0.9612008000000001,ok,0.9944152976001593,proxy,5,0.9871128819672537,30159832.0,ok,0.006840909090909091,ok,0.4858636363636364,0.0367390625,ok,ue1_qfi82,0.0,99,10.0,data,ok,0.0,ue5_qfi1,18.25,ok,,30.4,ue1_qfi2,0,0.0,0.0,30.303,ok,33.0,,pending,,pending,drone_heavy,8,TwoTier,161576974,1.0
ue5_qfi1,1.75,18.0,23.0,23.0,ok,0.00043678369832890734,ok,ue2_qfi9,0,1,4,1013.0000000000003,data,ok,2.0,False,,proxy,3,0,,ue6_qfi2,0.993421052631579,152,150.0,ok,,ue7_qfi2,24.755,ok,,7,ok,7,,ue1_qfi2,0.9544704,ok,0.9990726029404318,proxy,5,0.9986766142063315,30164649.6,ok,0.0074477272727272725,ok,0.4658181818181818,0.0364328125,ok,ue1_qfi82,0.0,99,10.0,data,ok,0.0,ue3_qfi1,22.0,ok,,30.4,ue1_qfi2,0,0.0,0.0,30.303,ok,33.0,,pending,,pending,drone_heavy,8,PF,35492826,1.0
ue1_qfi2,15.04,23.25,25.013,26.218,ok,0.0009276266700540565,ok,ue2_qfi9,0,1,4,1012.9999999999999,data,ok,2.0,False,,proxy,3,0,,ue3_qfi2,0.993421052631579,152,150.0,ok,,ue1_qfi2,26.99,ok,,7,ok,7,,ue1_qfi2,0.9537284,ok,0.995885633575204,proxy,5,0.9948907343208345,30152406.400000002,ok,0.00745,ok,0.5424193181818182,0.0549015625,ok,ue1_qfi82,0.0,99,10.0,data,ok,0.0,ue6_qfi1,20.5,ok,,30.4,ue1_qfi2,0,0.0,0.0,30.303,ok,33.0,,pending,,pending,drone_heavy,8,Reservation,35492826,1.0
ue4_qfi1,7.75,20.5,23.25,23.25,ok,0.0003808122793266819,ok,ue5_qfi9,0,1,4,1015.4999999999999,data,ok,2.0,False,,proxy,3,0,,ue1_qfi2,1.0,152,150.0,ok,,ue7_qfi2,23.363,ok,,7,ok,7,,ue1_qfi2,0.9555788000000001,ok,0.9894259466658953,proxy,5,0.9639239857119611,30160531.2,ok,0.007047727272727272,ok,0.4879806818181818,0.0376671875,ok,ue1_qfi82,0.0,99,10.0,data,ok,0.0,ue5_qfi1,19.5,ok,,30.4,ue1_qfi2,0,0.0,0.0,30.303,ok,33.0,,pending,,pending,drone_heavy,8,TwoTier,35492826,1.0
ue1_qfi2,11.874,19.118,21.551,22.811,ok,0.0006540918907322617,ok,ue6_qfi9,0,1,4,1012.4999999999998,data,ok,2.0,False,,proxy,3,0,,ue1_qfi2,1.0,152,150.0,ok,,ue7_qfi2,23.492,ok,,7,ok,7,,ue3_qfi2,0.9667564000000001,ok,0.9978544606561425,proxy,5,0.9969307431274168,30312609.6,ok,0.0067613636363636365,ok,0.45037954545454545,0.032540625,ok,ue1_qfi82,0.0,99,10.0,data,ok,0.0,ue2_qfi1,19.5,ok,,30.4,ue1_qfi2,0,0.0,0.0,30.303,ok,33.0,,pending,,pending,drone_heavy,8,PF,376383645,1.0
ue1_qfi2,14.576,23.057,25.379,25.807,ok,0.0008647496975828838,ok,ue6_qfi9,0,2,4,1014.5,data,ok,2.0,False,,proxy,3,0,,ue1_qfi2,1.0,152,150.0,ok,,ue1_qfi2,26.635,ok,,7,ok,7,,ue3_qfi2,0.9667564000000001,ok,0.9964310726066101,proxy,5,0.9951105088417388,30307401.6,ok,0.007670454545454545,ok,0.5283011363636364,0.0481890625,ok,ue1_qfi82,0.0,99,10.0,data,ok,0.0,ue2_qfi1,19.75,ok,,30.4,ue1_qfi2,0,0.0,0.0,30.303,ok,33.0,,pending,,pending,drone_heavy,8,Reservation,376383645,1.0
ue3_qfi1,2.0,15.5,25.5,25.5,ok,0.0004518745673842982,ok,ue6_qfi9,0,1,4,1015.0000000000001,data,ok,2.0,False,,proxy,3,0,,ue1_qfi2,1.0,152,150.0,ok,,ue2_qfi2,22.135,ok,,7,ok,7,,ue3_qfi2,0.9667564000000001,ok,0.994176125820648,proxy,5,0.9869971544414358,30321014.4,ok,0.00705,ok,0.47559318181818183,0.0343625,ok,ue1_qfi82,0.0,99,10.0,data,ok,0.0,ue3_qfi1,23.5,ok,,30.4,ue1_qfi2,0,0.0,0.0,30.303,ok,33.0,,pending,,pending,drone_heavy,8,TwoTier,376383645,1.0
ue3_qfi1,1.5,18.25,25.75,25.75,ok,0.00034851907754941783,ok,ue3_qfi9,0,1,4,1013.0000000000003,data,ok,2.0,False,,proxy,3,0,,ue1_qfi2,1.0,152,150.0,ok,,ue7_qfi2,25.349,ok,,7,ok,7,,ue6_qfi2,0.9629668,ok,0.9993399333952843,proxy,5,0.9990074279642399,30169752.0,ok,0.006918181818181818,ok,0.46201136363636364,0.03415,ok,ue1_qfi82,0.0,99,10.0,data,ok,0.0,ue3_qfi1,24.25,ok,,30.4,ue1_qfi2,0,0.0,0.0,30.303,ok,33.0,,pending,,pending,drone_heavy,8,PF,1746484539,1.0
ue7_qfi2,14.151,21.349,23.279,24.941,ok,0.0007556317716430721,ok,ue6_qfi9,0,1,4,1014.7499999999998,data,ok,2.0,False,,proxy,3,0,,ue1_qfi2,1.0,152,150.0,ok,,ue7_qfi2,27.411,ok,,7,ok,7,,ue6_qfi2,0.9629668,ok,0.9972246204489588,proxy,5,0.9959701098845593,30146897.599999998,ok,0.007556818181818182,ok,0.5381443181818182,0.0511265625,ok,ue1_qfi82,0.0,99,10.0,data,ok,0.0,ue5_qfi1,21.0,ok,,30.4,ue1_qfi2,0,0.0,0.0,30.303,ok,33.0,,pending,,pending,drone_heavy,8,Reservation,1746484539,1.0
ue6_qfi1,2.75,18.25,23.0,23.0,ok,0.00040239688811659596,ok,ue3_qfi9,0,1,4,1012.4999999999998,data,ok,2.0,False,,proxy,3,0,,ue1_qfi2,1.0,152,150.0,ok,,ue7_qfi2,23.397,ok,,7,ok,7,,ue6_qfi2,0.9629668,ok,0.9944582644172613,proxy,5,0.9871018006273483,30171630.4,ok,0.007090909090909091,ok,0.48248522727272725,0.033909375,ok,ue1_qfi82,0.0,99,10.0,data,ok,0.0,ue6_qfi1,20.25,ok,,30.4,ue1_qfi2,0,0.0,0.0,30.303,ok,33.0,,pending,,pending,drone_heavy,8,TwoTier,1746484539,1.0
ue7_qfi2,21.068,27.25,29.333,30.243,ok,0.00047118719398799263,ok,ue6_qfi9,0,1,4,1020.0,data,ok,2.0,False,,proxy,3,0,,ue4_qfi2,0.993421052631579,152,150.0,ok,,ue7_qfi2,32.0,ok,,7,ok,7,,ue5_qfi2,0.9649458666666667,ok,0.9977105553049398,proxy,5,0.9960024466588007,44806184.0,ok,0.006811363636363636,ok,0.6567829545454545,0.0397296875,ok,ue1_qfi82,0.0,99,10.0,data,ok,0.0,ue4_qfi1,22.25,ok,,30.2,ue4_qfi2,1,70.5,70.5,30.303,ok,33.0,,pending,,pending,drone_heavy,8,PF,1826701614,1.5
ue1_qfi9,11.25,30.25,38.75,44.75,ok,0.000811823305811469,ok,ue2_qfi9,0,1,4,1020.2499999999999,data,ok,2.0,False,,proxy,3,0,,ue6_qfi2,0.9802631578947368,152,150.0,ok,,ue7_qfi2,34.232,ok,,7,ok,7,,ue5_qfi2,0.964556,ok,0.9839490173798306,proxy,5,0.9563909317245415,44786329.6,ok,0.007190909090909091,ok,0.7296704545454545,0.06516875,ok,ue1_qfi82,0.0,99,10.0,data,ok,0.0,ue1_qfi9,33.5,ok,,29.8,ue6_qfi2,2,72.5,138.75,30.303,ok,33.0,,pending,,pending,drone_heavy,8,Reservation,1826701614,1.5
ue3_qfi1,14.25,25.25,50.75,50.75,ok,0.0004576230523221996,ok,ue8_qfi82,0,1,1,1309.7500000000002,data,ok,2.0,False,,proxy,3,0,,ue6_qfi2,0.993421052631579,152,150.0,ok,,ue7_qfi2,32.717,ok,,7,ok,7,,ue5_qfi2,0.9638512,ok,0.9831034409214341,proxy,5,0.9631825304643772,44803076.8,ok,0.007261363636363636,ok,0.6824613636363637,0.04060625,ok,ue1_qfi82,0.0,99,10.0,data,ok,0.0,ue4_qfi1,39.75,ok,,30.4,ue1_qfi2,0,0.0,0.0,30.303,ok,33.0,,pending,,pending,drone_heavy,8,TwoTier,1826701614,1.5
ue7_qfi2,20.014,26.29,28.444,29.281,ok,0.00047210613131461583,ok,ue3_qfi9,0,1,4,1012.75,data,ok,2.0,False,,proxy,3,0,,ue1_qfi2,1.0,152,150.0,ok,,ue7_qfi2,31.944,ok,,7,ok,7,,ue1_qfi2,0.9583314666666667,ok,0.9974791876344218,proxy,5,0.9960708972609098,44799878.4,ok,0.007068181818181818,ok,0.6470886363636363,0.0396578125,ok,ue1_qfi82,0.0,99,10.0,data,ok,0.0,ue4_qfi1,22.5,ok,,30.4,ue1_qfi2,0,0.0,0.0,30.303,ok,33.0,,pending,,pending,drone_heavy,8,PF,1367864806,1.5
ue1_qfi9,11.75,31.0,39.5,44.75,ok,0.0008251106975323471,ok,ue3_qfi9,0,1,4,1019.4999999999999,data,ok,2.0,False,,proxy,3,0,,ue6_qfi2,0.993421052631579,152,150.0,ok,,ue1_qfi2,33.68,ok,,7,ok,7,,ue1_qfi2,0.9583208,ok,0.9836291848345858,proxy,5,0.956014940854902,44780747.2,ok,0.007304545454545454,ok,0.7227625,0.0642953125,ok,ue1_qfi82,0.0,99,10.0,data,ok,0.0,ue1_qfi9,33.0,ok,,30.4,ue1_qfi2,0,0.0,0.0,30.303,ok,33.0,,pending,,pending,drone_heavy,8,Reservation,1367864806,1.5
ue6_qfi1,13.25,26.0,53.0,53.0,ok,0.00044793964181959645,ok,ue4_qfi9,0,1,4,1017.7499999999999,data,ok,2.0,False,,proxy,3,0,,ue5_qfi2,0.993421052631579,152,150.0,ok,,ue7_qfi2,29.078,ok,,7,ok,7,,ue1_qfi2,0.9583314666666667,ok,0.9787089698549565,proxy,5,0.9628572336848499,44811217.6,ok,0.007125,ok,0.6723579545454546,0.0402453125,ok,ue1_qfi82,0.0,99,10.0,data,ok,0.0,ue6_qfi1,39.75,ok,,30.2,ue5_qfi2,1,70.0,70.0,30.303,ok,33.0,,pending,,pending,drone_heavy,8,TwoTier,1367864806,1.5
ue7_qfi2,21.401,28.363,30.05,32.011,ok,0.0005088815235654791,ok,ue5_qfi9,0,1,4,1019.7499999999997,data,ok,2.0,False,,proxy,3,0,,ue3_qfi2,0.993421052631579,152,150.0,ok,,ue7_qfi2,33.995,ok,,7,ok,7,,ue6_qfi2,0.9589327999999999,ok,0.997170591906961,proxy,5,0.995463328256069,44624534.4,ok,0.00765,ok,0.6750215909090909,0.0435609375,ok,ue1_qfi82,0.0,99,10.0,data,ok,0.0,ue3_qfi1,23.25,ok,,30.2,ue5_qfi2,1,67.0,67.0,30.303,ok,33.0,,pending,,pending,drone_heavy,8,PF,1097657231,1.5
ue1_qfi9,13.0,33.25,40.75,44.25,ok,0.0007760846689672144,ok,ue4_qfi9,0,1,4,1019.4999999999999,data,ok,2.0,False,,proxy,3,0,,ue2_qfi2,0.993421052631579,152,150.0,ok,,ue7_qfi2,34.0,ok,,7,ok,7,,ue6_qfi2,0.9589327999999999,ok,0.9845337299072623,proxy,5,0.9600803346507919,44624720.0,ok,0.007709090909090909,ok,0.7460693181818182,0.071846875,ok,ue1_qfi82,0.0,99,10.0,data,ok,0.0,ue1_qfi9,31.25,ok,,30.2,ue2_qfi2,1,69.0,69.0,30.303,ok,33.0,,pending,,pending,drone_heavy,8,Reservation,1097657231,1.5
ue5_qfi9,18.25,108.0,108.0,108.0,ok,0.0004750434196706807,ok,ue5_qfi9,0,2,4,1090.2500000000002,data,ok,2.0,False,,proxy,3,0,,ue3_qfi2,0.993421052631579,152,150.0,ok,,ue7_qfi2,31.555,ok,,7,ok,7,,ue6_qfi2,0.9589327999999999,ok,0.9785025283464467,proxy,5,0.9641568525121321,44644302.4,ok,0.0071727272727272725,ok,0.7000772727272727,0.044734375,ok,ue1_qfi82,0.0,99,10.0,data,ok,0.0,ue5_qfi9,89.75,ok,,30.4,ue1_qfi2,0,0.0,0.0,30.303,ok,33.0,,pending,,pending,drone_heavy,8,TwoTier,1097657231,1.5
ue6_qfi1,3.25,23.25,31.25,31.25,ok,0.0007012817894484726,ok,ue4_qfi9,0,1,4,1020.0,data,ok,2.0,False,,proxy,3,0,,ue7_qfi2,0.9933774834437086,151,150.0,ok,,ue7_qfi2,32.846,ok,,7,ok,7,,ue5_qfi2,0.9611269333333333,ok,0.9943092991172678,proxy,5,0.991329002812306,44867084.8,ok,0.007115909090909091,ok,0.6783636363636364,0.042128125,ok,ue1_qfi82,0.0,99,10.0,data,ok,0.0,ue6_qfi1,28.0,ok,,30.4,ue1_qfi2,0,0.0,0.0,30.303,ok,33.0,,pending,,pending,drone_heavy,8,PF,579362555,1.5
ue1_qfi9,14.0,37.0,44.0,48.5,ok,0.0008751197800595019,ok,ue4_qfi9,0,1,4,1019.25,data,ok,2.0,False,,proxy,3,0,,ue4_qfi2,0.993421052631579,152,150.0,ok,,ue1_qfi2,34.159,ok,,7,ok,7,,ue5_qfi2,0.9606266666666666,ok,0.9838367176707623,proxy,5,0.9621981533138617,44850470.4,ok,0.007063636363636364,ok,0.750653409090909,0.0715328125,ok,ue1_qfi82,0.0,99,10.0,data,ok,0.0,ue1_qfi9,34.5,ok,,30.2,ue4_qfi2,1,70.5,70.5,30.303,ok,33.0,,pending,,pending,drone_heavy,8,Reservation,579362555,1.5
ue4_qfi1,13.0,28.75,58.0,58.0,ok,0.00043373416176285015,ok,ue8_qfi82,0,1,1,1309.2499999999995,data,ok,2.0,False,,proxy,3,0,,ue1_qfi2,1.0,152,150.0,ok,,ue7_qfi2,31.614,ok,,7,ok,7,,ue5_qfi2,0.9601162666666666,ok,0.9832048342979596,proxy,5,0.9628508261193871,44878433.6,ok,0.0071772727272727274,ok,0.7081420454545454,0.044228125,ok,ue1_qfi82,0.0,99,10.0,data,ok,0.0,ue4_qfi1,45.0,ok,,30.4,ue1_qfi2,0,0.0,0.0,30.303,ok,33.0,,pending,,pending,drone_heavy,8,TwoTier,579362555,1.5
ue7_qfi2,19.973,26.009,28.03,29.682,ok,0.0004558871763582476,ok,ue5_qfi9,0,2,4,1014.7500000000002,data,ok,2.0,False,,proxy,3,0,,ue1_qfi2,0.993421052631579,152,150.0,ok,,ue7_qfi2,31.733,ok,,7,ok,7,,ue2_qfi2,0.9588826666666667,ok,0.9976733433259894,proxy,5,0.9960052376133448,44654048.0,ok,0.007004545454545454,ok,0.622625,0.0348359375,ok,ue1_qfi82,0.0,99,10.0,data,ok,0.0,ue4_qfi1,25.0,ok,,30.2,ue1_qfi2,0,0.0,0.0,30.303,ok,33.0,,pending,,pending,drone_heavy,8,PF,661058651,1.5
ue1_qfi9,11.25,29.25,35.5,41.5,ok,0.0008373050040364434,ok,ue6_qfi9,0,1,4,1019.7500000000001,data,ok,2.0,False,,proxy,3,0,,ue3_qfi2,0.993421052631579,152,150.0,ok,,ue1_qfi2,32.29,ok,,7,ok,7,,ue2_qfi2,0.9588826666666667,ok,0.9881604891918048,proxy,5,0.9771537441281175,44632384.0,ok,0.007227272727272727,ok,0.6987397727272727,0.057025,ok,ue1_qfi82,0.0,99,10.0,data,ok,0.0,ue1_qfi9,30.25,ok,,30.2,ue3_qfi2,1,67.75,67.75,30.303,ok,33.0,,pending,,pending,drone_heavy,8,Reservation,661058651,1.5
ue5_qfi1,13.0,23.0,60.25,60.25,ok,0.0004137052024539394,ok,ue8_qfi82,0,1,1,1307.0000000000005,data,ok,2.0,False,,proxy,3,0,,ue2_qfi2,0.993421052631579,152,150.0,ok,,ue7_qfi2,30.0,ok,,7,ok,7,,ue2_qfi2,0.9580357333333334,ok,0.9864242842152869,proxy,5,0.9644191583397232,44658740.8,ok,0.006663636363636364,ok,0.6482534090909091,0.0359375,ok,ue1_qfi82,0.0,99,10.0,data,ok,0.0,ue5_qfi1,47.25,ok,,30.4,ue1_qfi2,0,0.0,0.0,30.303,ok,33.0,,pending,,pending,drone_heavy,8,TwoTier,661058651,1.5
ue7_qfi2,21.165,27.767,29.787,31.271,ok,0.0005787904066222251,ok,ue1_qfi85,0,1,1,1741.25,data,ok,2.0,False,,proxy,3,0,,ue5_qfi2,0.993421052631579,152,150.0,ok,,ue7_qfi2,34.13,ok,,7,ok,7,,ue6_qfi2,0.9528322666666666,ok,0.9962478192560443,proxy,5,0.9933828657804612,44774052.8,ok,0.007268181818181819,ok,0.6717568181818182,0.042371875,ok,ue1_qfi82,0.0,99,10.0,data,ok,0.0,ue6_qfi1,22.75,ok,,30.4,ue1_qfi2,0,0.0,0.0,30.303,ok,33.0,,pending,,pending,drone_heavy,8,PF,87989972,1.5
ue1_qfi9,13.25,33.25,40.5,44.0,ok,0.0008265469257862446,ok,ue1_qfi85,0,1,1,1741.25,data,ok,2.0,False,,proxy,3,0,,ue7_qfi2,0.993421052631579,152,150.0,ok,,ue7_qfi2,35.72,ok,,7,ok,7,,ue6_qfi2,0.9513008,ok,0.9872198675199926,proxy,5,0.9755177344469117,44726088.0,ok,0.007338636363636364,ok,0.7424863636363637,0.0693234375,ok,ue1_qfi82,0.0,99,10.0,data,ok,0.0,ue1_qfi9,30.75,ok,,30.4,ue1_qfi2,0,0.0,0.0,30.303,ok,33.0,,pending,,pending,drone_heavy,8,Reservation,87989972,1.5
ue4_qfi1,15.0,23.5,53.0,53.0,ok,0.00044468675614571746,ok,ue1_qfi85,0,1,1,1741.25,data,ok,2.0,False,,proxy,3,0,,ue3_qfi2,0.993421052631579,152,150.0,ok,,ue7_qfi2,33.031,ok,,7,ok,7,,ue6_qfi2,0.9508770666666667,ok,0.9817898726936282,proxy,5,0.962860770996174,44758072.0,ok,0.007361363636363636,ok,0.6969352272727273,0.0432875,ok,ue1_qfi82,0.0,99,10.0,data,ok,0.0,ue4_qfi1,38.0,ok,,30.2,ue3_qfi2,1,66.5,66.5,30.303,ok,33.0,,pending,,pending,drone_heavy,8,TwoTier,87989972,1.5
ue7_qfi2,21.672,28.641,30.225,31.611,ok,0.0005935971727929974,ok,ue1_qfi85,1,1,1,2417.5,data,ok,2.0,False,,proxy,3,0,,ue7_qfi2,0.993421052631579,152,150.0,ok,,ue7_qfi2,33.685,ok,,7,ok,7,,ue5_qfi2,0.9612535999999999,ok,0.996262519092935,proxy,5,0.994394203939497,44769260.800000004,ok,0.007165909090909091,ok,0.6726556818181818,0.042528125,ok,ue1_qfi82,0.0,99,10.0,data,ok,0.0,ue4_qfi1,23.25,ok,,30.2,ue7_qfi2,1,69.75,69.75,30.303,ok,33.0,,pending,,pending,drone_heavy,8,PF,161576974,1.5
ue1_qfi9,12.75,31.75,42.25,47.0,ok,0.0008512627194653884,ok,ue1_qfi85,1,1,1,2417.5,data,ok,2.0,False,,proxy,3,0,,ue4_qfi2,0.9868421052631579,152,150.0,ok,,ue7_qfi2,37.361,ok,,7,ok,7,,ue5_qfi2,0.9601448,ok,0.9806562881637412,proxy,5,0.9570147069591088,44751804.800000004,ok,0.0076363636363636364,ok,0.7464045454545455,0.0693515625,ok,ue1_qfi82,0.0,99,10.0,data,ok,0.0,ue1_qfi9,34.25,ok,,30.4,ue1_qfi2,0,0.0,0.0,30.303,ok,33.0,,pending,,pending,drone_heavy,8,Reservation,161576974,1.5
ue6_qfi1,15.5,28.0,60.5,60.5,ok,0.0004215449630038923,ok,ue1_qfi85,1,1,1,2416.0000000000005,data,ok,2.0,False,,proxy,3,0,,ue1_qfi2,1.0,152,150.0,ok,,ue7_qfi2,33.901,ok,,7,ok,7,,ue5_qfi2,0.9587373333333333,ok,0.9860205499314834,proxy,5,0.9643991086928009,44768867.2,ok,0.007270454545454545,ok,0.7014272727272727,0.044346875,ok,ue1_qfi82,0.0,99,10.0,data,ok,0.0,ue6_qfi1,45.0,ok,,30.4,ue1_qfi2,0,0.0,0.0,30.303,ok,33.0,,pending,,pending,drone_heavy,8,TwoTier,161576974,1.5
ue3_qfi1,3.0,25.75,63.0,63.0,ok,0.0005650500469070852,ok,ue2_qfi9,0,1,4,1022.4999999999995,data,ok,2.0,False,,proxy,3,0,,ue7_qfi2,0.993421052631579,152,150.0,ok,,ue7_qfi2,34.166,ok,,7,ok,7,,ue1_qfi2,0.9507392,ok,0.9966254970041974,proxy,5,0.9946917934060666,44760595.2,ok,0.007136363636363636,ok,0.6741977272727273,0.043796875,ok,ue1_qfi82,0.0,99,10.0,data,ok,0.0,ue3_qfi1,60.0,ok,,30.4,ue1_qfi2,0,0.0,0.0,30.303,ok,33.0,,pending,,pending,drone_heavy,8,PF,35492826,1.5
ue1_qfi9,13.0,34.5,41.25,44.5,ok,0.0008236000406229364,ok,ue2_qfi9,0,1,4,1022.0000000000002,data,ok,2.0,False,,proxy,3,0,,ue2_qfi2,0.993421052631579,152,150.0,ok,,ue7_qfi2,34.29,ok,,7,ok,7,,ue1_qfi2,0.9546269333333333,ok,0.9829334378009426,proxy,5,0.9580794116642599,44769819.2,ok,0.007729545454545454,ok,0.7463965909090909,0.072859375,ok,ue1_qfi82,0.0,99,10.0,data,ok,0.0,ue1_qfi9,31.5,ok,,30.4,ue1_qfi2,0,0.0,0.0,30.303,ok,33.0,,pending,,pending,drone_heavy,8,Reservation,35492826,1.5
ue2_qfi1,13.0,26.0,58.0,58.0,ok,0.0004466147661542729,ok,ue8_qfi82,0,1,1,1504.5000000000002,data,ok,2.0,False,,proxy,3,0,,ue6_qfi2,0.993421052631579,152,150.0,ok,,ue7_qfi2,31.632,ok,,7,ok,7,,ue1_qfi2,0.9555890666666668,ok,0.9842443338109795,proxy,5,0.9628755342500455,44775816.0,ok,0.006811363636363636,ok,0.7018727272727273,0.045065625,ok,ue1_qfi82,0.0,99,10.0,data,ok,0.0,ue2_qfi1,45.0,ok,,30.2,ue6_qfi2,1,68.75,68.75,30.303,ok,33.0,,pending,,pending,drone_heavy,8,TwoTier,35492826,1.5
ue2_qfi1,5.5,25.5,30.5,30.5,ok,0.0007204496492912522,ok,ue6_qfi9,0,2,4,1020.0,data,ok,2.0,False,,proxy,3,0,,ue3_qfi2,0.993421052631579,152,150.0,ok,,ue7_qfi2,31.372,ok,,7,ok,7,,ue3_qfi2,0.9667453333333333,ok,0.9943319755367751,proxy,5,0.9919325242605125,44986516.8,ok,0.007234090909090909,ok,0.6525375,0.03730625,ok,ue1_qfi82,0.0,99,10.0,data,ok,0.0,ue2_qfi1,25.0,ok,,30.2,ue3_qfi2,1,69.75,69.75,30.303,ok,33.0,,pending,,pending,drone_heavy,8,PF,376383645,1.5
ue1_qfi9,14.0,35.0,44.25,49.0,ok,0.000918638153350575,ok,ue8_qfi82,0,1,1,1303.4999999999995,data,ok,2.0,False,,proxy,3,0,,ue1_qfi2,0.993421052631579,152,150.0,ok,,ue1_qfi2,32.914,ok,,7,ok,7,,ue1_qfi2,0.9652042666666666,ok,0.979464817673319,proxy,5,0.9555521568468048,44942196.8,ok,0.0073363636363636365,ok,0.7256318181818182,0.062246875,ok,ue1_qfi82,0.0,99,10.0,data,ok,0.0,ue1_qfi9,35.0,ok,,30.2,ue6_qfi2,1,71.75,71.75,30.303,ok,33.0,,pending,,pending,drone_heavy,8,Reservation,376383645,1.5
ue6_qfi1,12.75,26.5,58.0,58.0,ok,0.0005278762432949484,ok,ue8_qfi82,0,1,1,1309.5,data,ok,2.0,False,,proxy,3,0,,ue1_qfi2,1.0,152,150.0,ok,,ue7_qfi2,30.992,ok,,7,ok,7,,ue3_qfi2,0.9657845333333334,ok,0.9853314558015953,proxy,5,0.9631382058944108,45005395.2,ok,0.007038636363636363,ok,0.6816613636363636,0.0401796875,ok,ue1_qfi82,0.0,99,10.0,data,ok,0.0,ue6_qfi1,45.25,ok,,30.4,ue1_qfi2,0,0.0,0.0,30.303,ok,33.0,,pending,,pending,drone_heavy,8,TwoTier,376383645,1.5
ue3_qfi1,8.25,28.0,95.5,95.5,ok,0.00045767775507168137,ok,ue3_qfi9,0,1,4,1014.7499999999998,data,ok,2.0,False,,proxy,3,0,,ue1_qfi2,1.0,152,150.0,ok,,ue7_qfi2,33.594,ok,,7,ok,7,,ue6_qfi2,0.9629781333333333,ok,0.9977748037534612,proxy,5,0.9969335277676102,44776528.0,ok,0.007206818181818181,ok,0.6694329545454546,0.041603125,ok,ue1_qfi82,0.0,99,10.0,data,ok,0.0,ue3_qfi1,87.25,ok,,30.4,ue1_qfi2,0,0.0,0.0,30.303,ok,33.0,,pending,,pending,drone_heavy,8,PF,1746484539,1.5
ue1_qfi9,11.5,30.5,37.25,44.0,ok,0.000790614621821899,ok,ue6_qfi9,0,1,4,1018.5,data,ok,2.0,False,,proxy,3,0,,ue6_qfi2,0.993421052631579,152,150.0,ok,,ue7_qfi2,35.714,ok,,7,ok,7,,ue6_qfi2,0.9625162666666666,ok,0.9881379995135665,proxy,5,0.9755139947918512,44779217.6,ok,0.007590909090909091,ok,0.7438488636363636,0.067859375,ok,ue1_qfi82,0.0,99,10.0,data,ok,0.0,ue1_qfi9,32.5,ok,,30.2,ue6_qfi2,1,77.25,77.25,30.303,ok,33.0,,pending,,pending,drone_heavy,8,Reservation,1746484539,1.5
ue2_qfi1,9.75,25.75,70.5,70.5,ok,0.0004175684432103525,ok,ue8_qfi82,0,1,1,1309.2499999999995,data,ok,2.0,False,,proxy,3,0,,ue2_qfi2,0.993421052631579,152,150.0,ok,,ue7_qfi2,34.643,ok,,7,ok,7,,ue6_qfi2,0.9627765333333334,ok,0.98337835958934,proxy,5,0.9641347746910027,44785776.0,ok,0.007084090909090909,ok,0.6946193181818182,0.041846875,ok,ue1_qfi82,0.0,99,10.0,data,ok,0.0,ue2_qfi1,60.75,ok,,30.2,ue6_qfi2,1,66.75,66.75,30.303,ok,33.0,,pending,,pending,drone_heavy,8,TwoTier,1746484539,1.5
ue6_qfi2,5.723,10.975,13.17,13.733,ok,0.00013174792804565355,ok,ue1_qfi85,1,1,1,3006.25,data,ok,2.0,False,,proxy,3,0,,ue2_qfi2,0.993421052631579,152,150.0,ok,,ue6_qfi2,14.223,ok,,6,ok,6,,ue4_qfi2,0.962584,ok,0.9999776679611194,proxy,5,0.9999293013149371,15215657.6,ok,0.007204545454545455,ok,0.2627647727272727,0.051884375,ok,ue1_qfi82,0.0,99,10.0,data,ok,0.0,ue5_qfi1,10.5,ok,,30.4,ue1_qfi2,0,0.0,0.0,30.303,ok,33.0,,pending,,pending,ugv_heavy,8,PF,1826701614,0.5
ue4_qfi2,5.623,12.323,13.669,15.594,ok,0.0005620099765184155,ok,ue1_qfi85,1,1,1,3006.25,data,ok,2.0,False,,proxy,3,0,,ue2_qfi2,0.993421052631579,152,150.0,ok,,ue6_qfi2,15.939,ok,,6,ok,6,,ue4_qfi2,0.962584,ok,0.9998709282545886,proxy,5,0.9998089807716123,15206307.2,ok,0.007915909090909092,ok,0.3622659090909091,0.055225,ok,ue1_qfi82,0.0,99,10.0,data,ok,0.0,ue5_qfi1,12.0,ok,,30.4,ue1_qfi2,0,0.0,0.0,30.303,ok,33.0,,pending,,pending,ugv_heavy,8,Reservation,1826701614,0.5
ue6_qfi2,5.045,10.529,12.216,13.317,ok,0.000358797998304782,ok,ue1_qfi85,1,1,1,3007.7499999999995,data,ok,2.0,False,,proxy,3,0,,ue6_qfi2,0.9802631578947368,152,150.0,ok,,ue6_qfi2,14.384,ok,,6,ok,6,,ue4_qfi2,0.962584,ok,0.9999215254846898,proxy,5,0.9997999964081783,15205969.6,ok,0.007397727272727273,ok,0.29894886363636364,0.05196875,ok,ue1_qfi82,0.0,99,10.0,data,ok,0.0,ue5_qfi1,12.75,ok,,29.8,ue6_qfi2,2,68.0,135.0,30.303,ok,33.0,,pending,,pending,ugv_heavy,8,TwoTier,1826701614,0.5
ue3_qfi2,4.792,10.187,11.75,13.187,ok,0.0001602687467110203,ok,ue5_qfi9,0,2,4,1000.2499999999999,data,ok,2.0,False,,proxy,3,0,,ue1_qfi2,1.0,152,150.0,ok,,ue3_qfi2,13.011,ok,,6,ok,6,,ue5_qfi2,0.9569591999999999,ok,0.9999659644327608,proxy,5,0.999927801898756,15212104.0,ok,0.0073363636363636365,ok,0.26053977272727274,0.0539046875,ok,ue1_qfi82,0.0,99,10.0,data,ok,0.0,ue3_qfi9,9.5,ok,,30.4,ue1_qfi2,0,0.0,0.0,30.303,ok,33.0,,pending,,pending,ugv_heavy,8,PF,1367864806,0.5
ue4_qfi2,5.552,12.567,14.069,14.882,ok,0.0006440287002914009,ok,ue5_qfi9,0,1,4,1002.5,data,ok,2.0,False,,proxy,3,0,,ue1_qfi2,1.0,152,150.0,ok,,ue3_qfi2,14.75,ok,,6,ok,6,,ue5_qfi2,0.9569591999999999,ok,0.9998716660317182,proxy,5,0.999809371770063,15205657.6,ok,0.00805,ok,0.35979545454545453,0.057425,ok,ue1_qfi82,0.0,99,10.0,data,ok,0.0,ue5_qfi1,12.25,ok,,30.4,ue1_qfi2,0,0.0,0.0,30.303,ok,33.0,,pending,,pending,ugv_heavy,8,Reservation,1367864806,0.5
ue3_qfi2,4.569,10.132,12.25,13.488,ok,0.0003155099982489195,ok,ue5_qfi9,0,3,4,1000.4999999999998,data,ok,2.0,False,,proxy,3,0,,ue3_qfi2,0.993421052631579,152,150.0,ok,,ue3_qfi2,13.462,ok,,6,ok,6,,ue5_qfi2,0.9569591999999999,ok,0.9998799227746421,proxy,5,0.9996521160384072,15209684.8,ok,0.007154545454545454,ok,0.2966625,0.0541203125,ok,ue1_qfi82,0.0,99,10.0,data,ok,0.0,ue5_qfi1,12.25,ok,,30.4,ue1_qfi2,0,0.0,0.0,30.303,ok,33.0,,pending,,pending,ugv_heavy,8,TwoTier,1367864806,0.5
ue1_qfi2,5.17,10.328,12.008,13.5,ok,6.032765179511087e-05,ok,ue3_qfi85,1,1,2,2507.4999999999995,data,ok,2.0,False,,proxy,3,0,,ue1_qfi2,1.0,152,150.0,ok,,ue6_qfi2,13.14,ok,,6,ok,6,,ue5_qfi2,0.9649528,ok,0.9999843677995066,proxy,5,0.9999652055539436,15196352.0,ok,0.007147727272727273,ok,0.26207613636363636,0.0537828125,ok,ue1_qfi82,0.0,99,10.0,data,ok,0.0,ue1_qfi9,10.25,ok,,30.4,ue1_qfi2,0,0.0,0.0,30.303,ok,33.0,,pending,,pending,ugv_heavy,8,PF,1097657231,0.5
ue3_qfi2,6.302,13.5,14.836,15.655,ok,0.0005934643123915285,ok,ue3_qfi85,1,1,2,2507.4999999999995,data,ok,2.0,False,,proxy,3,0,,ue1_qfi2,1.0,152,150.0,ok,,ue3_qfi2,15.655,ok,,6,ok,6,,ue5_qfi2,0.9649528,ok,0.9998924178175341,proxy,5,0.9998266606133472,15190276.8,ok,0.007727272727272728,ok,0.3638681818181818,0.05743125,ok,ue1_qfi82,0.0,99,10.0,data,ok,0.0,ue5_qfi1,12.5,ok,,30.4,ue1_qfi2,0,0.0,0.0,30.303,ok,33.0,,pending,,pending,ugv_heavy,8,Reservation,1097657231,0.5
ue2_qfi2,4.385,9.924,10.903,13.065,ok,0.0002526782313281842,ok,ue3_qfi85,1,1,2,2508.9999999999995,data,ok,2.0,False,,proxy,3,0,,ue1_qfi2,1.0,152,150.0,ok,,ue6_qfi2,13.418,ok,,6,ok,6,,ue5_qfi2,0.9649528,ok,0.9999409460122595,proxy,5,0.9998595271447678,15193353.6,ok,0.007236363636363636,ok,0.2995056818181818,0.0540625,ok,ue1_qfi82,0.0,99,10.0,data,ok,0.0,ue5_qfi1,12.25,ok,,30.4,ue1_qfi2,0,0.0,0.0,30.303,ok,33.0,,pending,,pending,ugv_heavy,8,TwoTier,1097657231,0.5
ue3_qfi2,4.631,10.594,12.172,13.279,ok,0.00020422724249198227,ok,ue1_qfi85,0,2,2,1805.0000000000002,data,ok,2.0,False,,proxy,3,0,,ue1_qfi2,1.0,152,150.0,ok,,ue6_qfi2,13.25,ok,,6,ok,6,,ue5_qfi2,0.9706176,ok,0.9999644944140786,proxy,5,0.9999137290787633,15298256.0,ok,0.007115909090909091,ok,0.2547897727272727,0.049671875,ok,ue1_qfi82,0.0,99,10.0,data,ok,0.0,ue3_qfi9,10.0,ok,,30.4,ue1_qfi2,0,0.0,0.0,30.303,ok,33.0,,pending,,pending,ugv_heavy,8,PF,579362555,0.5
ue2_qfi2,5.839,12.654,14.233,15.12,ok,0.00046061014689124225,ok,ue1_qfi85,0,2,2,1805.0,data,ok,2.0,False,,proxy,3,0,,ue1_qfi2,1.0,152,150.0,ok,,ue6_qfi2,14.911,ok,,6,ok,6,,ue5_qfi2,0.9706176,ok,0.9999140348785034,proxy,5,0.9998414567673484,15295464.0,ok,0.007845454545454546,ok,0.35409090909090907,0.052446875,ok,ue1_qfi82,0.0,99,10.0,data,ok,0.0,ue5_qfi1,12.25,ok,,30.4,ue1_qfi2,0,0.0,0.0,30.303,ok,33.0,,pending,,pending,ugv_heavy,8,Reservation,579362555,0.5
ue5_qfi1,0.5,13.0,13.5,13.5,ok,0.00045339449714000633,ok,ue1_qfi85,0,2,2,1805.0000000000002,data,ok,2.0,False,,proxy,3,0,,ue2_qfi2,0.993421052631579,152,150.0,ok,,ue6_qfi2,14.492,ok,,6,ok,6,,ue5_qfi2,0.9706176,ok,0.9999065339888344,proxy,5,0.999848401439969,15292304.0,ok,0.007106818181818182,ok,0.2907477272727273,0.0498109375,ok,ue1_qfi82,0.0,99,10.0,data,ok,0.0,ue5_qfi1,13.0,ok,,30.4,ue1_qfi2,0,0.0,0.0,30.303,ok,33.0,,pending,,pending,ugv_heavy,8,TwoTier,579362555,0.5
ue1_qfi2,5.713,11.842,12.75,14.503,ok,0.00015698587127158556,ok,ue1_qfi85,1,1,1,3083.5,data,ok,2.0,False,,proxy,3,0,,ue1_qfi2,1.0,152,150.0,ok,,ue1_qfi2,13.75,ok,,6,ok,6,,ue2_qfi2,0.9552784,ok,0.9999626332191648,proxy,5,0.9998577126283137,15204664.0,ok,0.006938636363636364,ok,0.2614034090909091,0.0520765625,ok,ue1_qfi82,0.0,99,10.0,data,ok,0.0,ue1_qfi9,10.25,ok,,30.4,ue1_qfi2,0,0.0,0.0,30.303,ok,33.0,,pending,,pending,ugv_heavy,8,PF,661058651,0.5
ue1_qfi2,6.384,12.992,15.0,15.75,ok,0.0005468120342838625,ok,ue1_qfi85,1,1,1,3083.5,data,ok,2.0,False,,proxy,3,0,,ue1_qfi2,1.0,152,150.0,ok,,ue1_qfi2,15.397,ok,,6,ok,6,,ue2_qfi2,0.9552784,ok,0.9998229550313692,proxy,5,0.9995589228207653,15200174.4,ok,0.007604545454545455,ok,0.36145,0.05571875,ok,ue1_qfi82,0.0,99,10.0,data,ok,0.0,ue5_qfi1,12.5,ok,,30.4,ue1_qfi2,0,0.0,0.0,30.303,ok,33.0,,pending,,pending,ugv_heavy,8,Reservation,661058651,0.5
ue1_qfi2,5.003,11.513,12.884,13.62,ok,0.0003156565656565657,ok,ue1_qfi85,1,1,1,3085.0,data,ok,2.0,False,,proxy,3,0,,ue1_qfi2,1.0,152,150.0,ok,,ue6_qfi2,13.25,ok,,6,ok,6,,ue2_qfi2,0.9552784,ok,0.9999327632970447,proxy,5,0.9998277162333594,15201920.0,ok,0.007275,ok,0.2990568181818182,0.0525859375,ok,ue1_qfi82,0.0,99,10.0,data,ok,0.0,ue1_qfi9,10.5,ok,,30.4,ue1_qfi2,0,0.0,0.0,30.303,ok,33.0,,pending,,pending,ugv_heavy,8,TwoTier,661058651,0.5
ue3_qfi2,5.305,11.437,12.205,14.274,ok,0.00021579921444040467,ok,ue6_qfi82,0,1,4,1001.5,data,ok,2.0,False,,proxy,3,0,,ue1_qfi2,1.0,152,150.0,ok,,ue3_qfi2,14.254,ok,,6,ok,6,,ue2_qfi2,0.9646256,ok,0.9999696728343691,proxy,5,0.9999229010163752,15219083.2,ok,0.007286363636363636,ok,0.2600977272727273,0.05255,ok,ue1_qfi82,0.0,99,10.0,data,ok,0.0,ue3_qfi9,10.0,ok,,30.4,ue1_qfi2,0,0.0,0.0,30.303,ok,33.0,,pending,,pending,ugv_heavy,8,PF,87989972,0.5
ue3_qfi2,6.079,12.981,14.972,15.737,ok,0.0005802504201034065,ok,ue6_qfi82,0,1,4,1001.5,data,ok,2.0,False,,proxy,3,0,,ue1_qfi2,1.0,152,150.0,ok,,ue3_qfi2,15.031,ok,,6,ok,6,,ue2_qfi2,0.9641848000000001,ok,0.9998290918547938,proxy,5,0.9996203423451546,15212745.6,ok,0.007668181818181818,ok,0.3602181818181818,0.0558875,ok,ue1_qfi82,0.0,99,10.0,data,ok,0.0,ue5_qfi1,12.25,ok,,30.4,ue1_qfi2,0,0.0,0.0,30.303,ok,33.0,,pending,,pending,ugv_heavy,8,Reservation,87989972,0.5
ue5_qfi1,0.75,10.25,13.75,13.75,ok,0.0004204689763798399,ok,ue5_qfi9,0,1,4,1001.4999999999997,data,ok,2.0,False,,proxy,3,0,,ue1_qfi2,1.0,152,150.0,ok,,ue3_qfi2,13.526,ok,,6,ok,6,,ue2_qfi2,0.9646256,ok,0.999914985829492,proxy,5,0.9998472861923899,15215339.2,ok,0.007193181818181818,ok,0.2980943181818182,0.0526171875,ok,ue1_qfi82,0.0,99,10.0,data,ok,0.0,ue5_qfi1,13.0,ok,,30.4,ue1_qfi2,0,0.0,0.0,30.303,ok,33.0,,pending,,pending,ugv_heavy,8,TwoTier,87989972,0.5
ue2_qfi2,5.07,10.505,12.487,13.728,ok,0.0002245127951863954,ok,ue5_qfi9,0,2,4,1000.2499999999999,data,ok,2.0,False,,proxy,3,0,,ue1_qfi2,1.0,152,150.0,ok,,ue6_qfi2,13.204,ok,,6,ok,6,,ue1_qfi2,0.9653535999999999,ok,0.9999685533801855,proxy,5,0.9999135536885562,15269555.2,ok,0.007425,ok,0.2621136363636364,0.0549203125,ok,ue1_qfi82,0.0,99,10.0,data,ok,0.0,ue2_qfi9,9.75,ok,,30.4,ue1_qfi2,0,0.0,0.0,30.303,ok,33.0,,pending,,pending,ugv_heavy,8,PF,161576974,0.5
ue1_qfi2,5.963,13.093,15.009,16.33,ok,0.0005983437894198653,ok,ue5_qfi9,0,1,4,1002.7499999999998,data,ok,2.0,False,,proxy,3,0,,ue1_qfi2,0.993421052631579,152,150.0,ok,,ue1_qfi2,16.168,ok,,6,ok,6,,ue1_qfi2,0.9649936,ok,0.9998499021976561,proxy,5,0.9997736784425052,15262772.799999999,ok,0.007838636363636364,ok,0.3617284090909091,0.058328125,ok,ue1_qfi82,0.0,99,10.0,data,ok,0.0,ue5_qfi9,12.25,ok,,30.2,ue1_qfi2,1,67.5,67.5,30.303,ok,33.0,,pending,,pending,ugv_heavy,8,Reservation,161576974,0.5
ue2_qfi2,4.808,10.76,12.515,14.053,ok,0.00031429728940588695,ok,ue5_qfi9,0,2,4,1000.9999999999999,data,ok,2.0,False,,proxy,3,0,,ue1_qfi2,1.0,152,150.0,ok,,ue2_qfi2,13.771,ok,,6,ok,6,,ue1_qfi2,0.9653535999999999,ok,0.9999210294504252,proxy,5,0.9997760027332819,15267608.0,ok,0.007236363636363636,ok,0.29836931818181817,0.0550828125,ok,ue1_qfi82,0.0,99,10.0,data,ok,0.0,ue5_qfi1,12.5,ok,,30.4,ue1_qfi2,0,0.0,0.0,30.303,ok,33.0,,pending,,pending,ugv_heavy,8,TwoTier,161576974,0.5
ue4_qfi2,4.919,10.106,11.825,13.0,ok,0.00014259031185904944,ok,ue3_qfi85,0,1,1,1413.75,data,ok,2.0,False,,proxy,3,0,,ue6_qfi2,0.993421052631579,152,150.0,ok,,ue4_qfi2,13.0,ok,,6,ok,6,,ue2_qfi2,0.955764,ok,0.9999778272983889,proxy,5,0.9999326337013936,15158235.2,ok,0.007159090909090909,ok,0.25781136363636364,0.0543484375,ok,ue1_qfi82,0.0,99,10.0,data,ok,0.0,ue5_qfi1,10.0,ok,,30.2,ue6_qfi2,1,68.75,68.75,30.303,ok,33.0,,pending,,pending,ugv_heavy,8,PF,35492826,0.5
ue1_qfi2,6.05,12.828,14.56,15.091,ok,0.0005607080139137482,ok,ue3_qfi85,0,1,1,1413.75,data,ok,2.0,False,,proxy,3,0,,ue2_qfi2,0.993421052631579,152,150.0,ok,,ue1_qfi2,15.091,ok,,6,ok,6,,ue2_qfi2,0.9549008,ok,0.9998348358816458,proxy,5,0.9997618068918658,15152603.2,ok,0.007863636363636364,ok,0.3612193181818182,0.0580109375,ok,ue1_qfi82,0.0,99,10.0,data,ok,0.0,ue1_qfi9,12.0,ok,,30.2,ue2_qfi2,1,67.5,67.5,30.303,ok,33.0,,pending,,pending,ugv_heavy,8,Reservation,35492826,0.5
ue4_qfi2,4.958,10.805,12.5,13.325,ok,0.0003374302025045617,ok,ue3_qfi85,0,1,1,1413.75,data,ok,2.0,False,,proxy,3,0,,ue4_qfi2,0.993421052631579,152,150.0,ok,,ue4_qfi2,13.325,ok,,6,ok,6,,ue2_qfi2,0.955764,ok,0.9999562977604264,proxy,5,0.9998859094202709,15155529.6,ok,0.007252272727272727,ok,0.29537386363636364,0.0545140625,ok,ue1_qfi82,0.0,99,10.0,data,ok,0.0,ue5_qfi1,12.25,ok,,30.4,ue1_qfi2,0,0.0,0.0,30.303,ok,33.0,,pending,,pending,ugv_heavy,8,TwoTier,35492826,0.5
ue1_qfi2,5.571,10.815,12.732,14.049,ok,0.00022193418222894457,ok,ue3_qfi85,1,1,1,3791.2500000000005,data,ok,2.0,False,,proxy,3,0,,ue1_qfi2,1.0,152,150.0,ok,,ue1_qfi2,13.581,ok,,6,ok,6,,ue3_qfi2,0.961052,ok,0.9999648901660141,proxy,5,0.9999164179362976,15173136.0,ok,0.0072204545454545455,ok,0.2575227272727273,0.0542921875,ok,ue1_qfi82,0.0,99,10.0,data,ok,0.0,ue1_qfi9,10.25,ok,,30.4,ue1_qfi2,0,0.0,0.0,30.303,ok,33.0,,pending,,pending,ugv_heavy,8,PF,376383645,0.5
ue1_qfi2,6.377,13.071,14.637,15.233,ok,0.0006457065994842151,ok,ue3_qfi85,1,1,1,3791.2500000000005,data,ok,2.0,False,,proxy,3,0,,ue3_qfi2,0.993421052631579,152,150.0,ok,,ue1_qfi2,14.859,ok,,6,ok,6,,ue3_qfi2,0.960064,ok,0.9998458584410292,proxy,5,0.9997987280500987,15164182.4,ok,0.007931818181818182,ok,0.3599909090909091,0.0579109375,ok,ue1_qfi82,0.0,99,10.0,data,ok,0.0,ue5_qfi1,12.5,ok,,30.4,ue1_qfi2,0,0.0,0.0,30.303,ok,33.0,,pending,,pending,ugv_heavy,8,Reservation,376383645,0.5
ue1_qfi2,5.093,11.082,12.732,14.206,ok,0.0003964117984802668,ok,ue3_qfi85,1,1,1,3791.2500000000005,data,ok,2.0,False,,proxy,3,0,,ue1_qfi2,1.0,152,150.0,ok,,ue6_qfi2,13.246,ok,,6,ok,6,,ue3_qfi2,0.961052,ok,0.9999214038609938,proxy,5,0.9998660010133209,15170377.6,ok,0.007231818181818182,ok,0.2949909090909091,0.0549625,ok,ue1_qfi82,0.0,99,10.0,data,ok,0.0,ue5_qfi1,12.25,ok,,30.4,ue1_qfi2,0,0.0,0.0,30.303,ok,33.0,,pending,,pending,ugv_heavy,8,TwoTier,376383645,0.5
ue2_qfi2,4.645,10.266,11.881,12.956,ok,0.00016682545591200653,ok,ue2_qfi85,0,1,1,1252.7500000000002,data,ok,2.0,False,,proxy,3,0,,ue2_qfi2,0.993421052631579,152,150.0,ok,,ue4_qfi2,13.095,ok,,6,ok,6,,ue2_qfi2,0.9676008,ok,0.9999623247080887,proxy,5,0.9999165220434338,15295771.2,ok,0.007145454545454545,ok,0.2631204545454545,0.055434375,ok,ue1_qfi82,0.0,99,10.0,data,ok,0.0,ue1_qfi9,10.0,ok,,30.4,ue1_qfi2,0,0.0,0.0,30.303,ok,33.0,,pending,,pending,ugv_heavy,8,PF,1746484539,0.5
ue3_qfi2,5.68,12.437,14.0,15.955,ok,0.0006035878971215173,ok,ue2_qfi85,0,1,1,1251.2500000000002,data,ok,2.0,False,,proxy,3,0,,ue1_qfi2,1.0,152,150.0,ok,,ue1_qfi2,15.25,ok,,6,ok,6,,ue2_qfi2,0.9691424000000001,ok,0.9998441483771078,proxy,5,0.9996717532558136,15292240.0,ok,0.0077613636363636366,ok,0.3635,0.0588078125,ok,ue1_qfi82,0.0,99,10.0,data,ok,0.0,ue1_qfi9,12.0,ok,,30.4,ue1_qfi2,0,0.0,0.0,30.303,ok,33.0,,pending,,pending,ugv_heavy,8,Reservation,1746484539,0.5
ue6_qfi2,4.909,10.224,12.411,13.343,ok,0.00045280657462597445,ok,ue2_qfi85,0,1,1,1252.7500000000002,data,ok,2.0,False,,proxy,3,0,,ue1_qfi2,1.0,152,150.0,ok,,ue6_qfi2,13.744,ok,,6,ok,6,,ue2_qfi2,0.9691424000000001,ok,0.9998945491038924,proxy,5,0.9997848217128,15293950.4,ok,0.007243181818181818,ok,0.30203636363636366,0.0555328125,ok,ue1_qfi82,0.0,99,10.0,data,ok,0.0,ue5_qfi1,12.25,ok,,30.4,ue1_qfi2,0,0.0,0.0,30.303,ok,33.0,,pending,,pending,ugv_heavy,8,TwoTier,1746484539,0.5
ue6_qfi2,11.989,17.703,19.684,21.238,ok,0.0012192812783054594,ok,ue1_qfi85,1,1,1,3006.25,data,ok,2.0,False,,proxy,3,0,,ue1_qfi2,1.0,152,150.0,ok,,ue6_qfi2,23.281,ok,,6,ok,6,,ue4_qfi2,0.9626144,ok,0.9986248055756018,proxy,5,0.9982329777343828,27920017.6,ok,0.007618181818181818,ok,0.4414659090909091,0.05424375,ok,ue1_qfi82,0.0,99,10.0,data,ok,0.0,ue5_qfi1,17.25,ok,,30.4,ue1_qfi2,0,0.0,0.0,30.303,ok,33.0,,pending,,pending,ugv_heavy,8,PF,1826701614,1.0
ue5_qfi1,1.75,13.25,25.25,25.25,ok,0.001805580911442126,ok,ue1_qfi85,1,1,1,3006.25,data,ok,2.0,False,,proxy,3,0,,ue1_qfi2,0.993421052631579,152,150.0,ok,,ue6_qfi2,23.067,ok,,6,ok,6,,ue4_qfi2,0.9626144,ok,0.9969149348555947,proxy,5,0.9958069220516386,27891708.8,ok,0.008047727272727272,ok,0.5397818181818181,0.0643515625,ok,ue1_qfi82,0.0,99,10.0,data,ok,0.0,ue5_qfi1,23.5,ok,,30.2,ue1_qfi2,1,66.5,66.5,30.303,ok,33.0,,pending,,pending,ugv_heavy,8,Reservation,1826701614,1.0
ue6_qfi2,10.82,17.744,19.689,20.328,ok,0.0014558295751606381,ok,ue1_qfi85,1,1,1,3007.7499999999995,data,ok,2.0,False,,proxy,3,0,,ue1_qfi2,1.0,152,150.0,ok,,ue6_qfi2,22.028,ok,,6,ok,6,,ue4_qfi2,0.9620656,ok,0.9937604166466025,proxy,5,0.9858155284075715,27897129.6,ok,0.007420454545454545,ok,0.48903295454545453,0.0533703125,ok,ue1_qfi82,0.0,99,10.0,data,ok,0.0,ue4_qfi9,15.75,ok,,30.4,ue1_qfi2,0,0.0,0.0,30.303,ok,33.0,,pending,,pending,ugv_heavy,8,TwoTier,1826701614,1.0
ue6_qfi2,11.356,17.122,19.149,20.651,ok,0.0012963661610012223,ok,ue5_qfi9,0,1,4,1002.7500000000002,data,ok,2.0,False,,proxy,3,0,,ue1_qfi2,1.0,152,150.0,ok,,ue6_qfi2,21.786,ok,,6,ok,6,,ue5_qfi2,0.9569908,ok,0.9982998376029683,proxy,5,0.9973243089040986,27908984.0,ok,0.007095454545454545,ok,0.4364,0.055384375,ok,ue1_qfi82,0.0,99,10.0,data,ok,0.0,ue2_qfi9,14.75,ok,,30.4,ue1_qfi2,0,0.0,0.0,30.303,ok,33.0,,pending,,pending,ugv_heavy,8,PF,1367864806,1.0
ue6_qfi2,10.422,18.106,19.622,20.985,ok,0.0017853899029031026,ok,ue5_qfi9,0,1,4,1005.9999999999998,data,ok,2.0,False,,proxy,3,0,,ue6_qfi2,0.993421052631579,152,150.0,ok,,ue6_qfi2,23.0,ok,,6,ok,6,,ue5_qfi2,0.9569908,ok,0.9969590122967011,proxy,5,0.9964485379345175,27891232.0,ok,0.008068181818181818,ok,0.5304329545454546,0.066146875,ok,ue1_qfi82,0.0,99,10.0,data,ok,0.0,ue1_qfi9,17.0,ok,,30.2,ue6_qfi2,1,66.5,66.5,30.303,ok,33.0,,pending,,pending,ugv_heavy,8,Reservation,1367864806,1.0
ue6_qfi2,10.295,17.552,19.414,20.584,ok,0.0014065859716339737,ok,ue5_qfi9,0,1,4,1007.4999999999999,data,ok,2.0,False,,proxy,3,0,,ue1_qfi2,0.9868421052631579,152,150.0,ok,,ue6_qfi2,21.725,ok,,6,ok,6,,ue5_qfi2,0.9569908,ok,0.9968423135387358,proxy,5,0.9930360456694716,27905364.8,ok,0.007445454545454545,ok,0.4849318181818182,0.055275,ok,ue1_qfi82,0.0,99,10.0,data,ok,0.0,ue5_qfi1,16.25,ok,,30.0,ue1_qfi2,1,69.75,69.75,30.303,ok,33.0,,pending,,pending,ugv_heavy,8,TwoTier,1367864806,1.0
ue6_qfi2,11.612,17.713,19.761,20.75,ok,0.00131281183439528,ok,ue3_qfi85,1,1,2,2505.75,data,ok,2.0,False,,proxy,3,0,,ue2_qfi2,0.9868421052631579,152,150.0,ok,,ue6_qfi2,21.884,ok,,6,ok,6,,ue5_qfi2,0.9630112,ok,0.998356369899801,proxy,5,0.9977897871330387,27859536.0,ok,0.007497727272727273,ok,0.4381375,0.0552765625,ok,ue1_qfi82,0.0,99,10.0,data,ok,0.0,ue5_qfi1,17.25,ok,,30.0,ue2_qfi2,1,76.25,76.25,30.303,ok,33.0,,pending,,pending,ugv_heavy,8,PF,1097657231,1.0
ue6_qfi2,11.032,18.869,20.963,22.07,ok,0.0017947228737582195,ok,ue3_qfi85,1,1,2,2507.4999999999995,data,ok,2.0,False,,proxy,3,0,,ue1_qfi2,0.993421052631579,152,150.0,ok,,ue6_qfi2,24.095,ok,,6,ok,6,,ue5_qfi2,0.964762,ok,0.9970061523323274,proxy,5,0.9956847844306639,27857913.6,ok,0.007977272727272727,ok,0.537784090909091,0.0658234375,ok,ue1_qfi82,0.0,99,10.0,data,ok,0.0,ue5_qfi9,17.0,ok,,30.2,ue1_qfi2,1,66.25,66.25,30.303,ok,33.0,,pending,,pending,ugv_heavy,8,Reservation,1097657231,1.0
ue6_qfi2,10.156,17.382,19.757,21.039,ok,0.0014839515595279976,ok,ue3_qfi85,1,1,2,2507.4999999999995,data,ok,2.0,False,,proxy,3,0,,ue4_qfi2,0.993421052631579,152,150.0,ok,,ue6_qfi2,21.964,ok,,6,ok,6,,ue5_qfi2,0.9649824,ok,0.9979284644865543,proxy,5,0.9974150000009507,27866827.2,ok,0.007309090909090909,ok,0.48956363636363637,0.054921875,ok,ue1_qfi82,0.0,99,10.0,data,ok,0.0,ue3_qfi9,16.25,ok,,30.4,ue1_qfi2,0,0.0,0.0,30.303,ok,33.0,,pending,,pending,ugv_heavy,8,TwoTier,1097657231,1.0
ue6_qfi2,11.103,17.0,19.026,19.98,ok,0.001310883887190691,ok,ue1_qfi85,0,1,1,1141.2499999999995,data,ok,2.0,False,,proxy,3,0,,ue1_qfi2,1.0,152,150.0,ok,,ue6_qfi2,21.155,ok,,6,ok,6,,ue5_qfi2,0.9705904000000001,ok,0.9980805498284312,proxy,5,0.9966869312867409,28082041.599999998,ok,0.007445454545454545,ok,0.42516363636363635,0.050171875,ok,ue1_qfi82,0.0,99,10.0,data,ok,0.0,ue5_qfi1,17.25,ok,,30.4,ue1_qfi2,0,0.0,0.0,30.303,ok,33.0,,pending,,pending,ugv_heavy,8,PF,579362555,1.0
ue6_qfi2,10.188,17.518,19.255,21.058,ok,0.001906608403306245,ok,ue1_qfi85,0,2,2,1803.5000000000002,data,ok,2.0,False,,proxy,3,0,,ue1_qfi2,1.0,152,150.0,ok,,ue6_qfi2,22.177,ok,,6,ok,6,,ue5_qfi2,0.9706504,ok,0.9962881833451378,proxy,5,0.99458437487678,28059580.8,ok,0.0077,ok,0.5237443181818182,0.05945625,ok,ue1_qfi82,0.0,99,10.0,data,ok,0.0,ue5_qfi1,18.75,ok,,30.4,ue1_qfi2,0,0.0,0.0,30.303,ok,33.0,,pending,,pending,ugv_heavy,8,Reservation,579362555,1.0
ue5_qfi1,1.75,18.0,20.25,20.25,ok,0.0014480372688442649,ok,ue1_qfi85,0,2,2,1806.4999999999998,data,ok,2.0,False,,proxy,3,0,,ue3_qfi2,0.993421052631579,152,150.0,ok,,ue6_qfi2,20.981,ok,,6,ok,6,,ue5_qfi2,0.9706504,ok,0.9952990065493855,proxy,5,0.9845105857112263,28068694.4,ok,0.007347727272727273,ok,0.4732659090909091,0.0504125,ok,ue1_qfi82,0.0,99,10.0,data,ok,0.0,ue5_qfi1,18.5,ok,,30.2,ue3_qfi2,1,67.25,67.25,30.303,ok,33.0,,pending,,pending,ugv_heavy,8,TwoTier,579362555,1.0
ue1_qfi2,9.16,17.475,19.242,20.138,ok,0.001396360275271489,ok,ue1_qfi85,1,1,1,3083.5,data,ok,2.0,False,,proxy,3,0,,ue1_qfi2,1.0,152,150.0,ok,,ue6_qfi2,21.647,ok,,6,ok,6,,ue2_qfi2,0.9553068,ok,0.9981409537512175,proxy,5,0.997712521412713,27895283.2,ok,0.007188636363636364,ok,0.4367806818181818,0.0533140625,ok,ue1_qfi82,0.0,99,10.0,data,ok,0.0,ue1_qfi9,16.5,ok,,30.4,ue1_qfi2,0,0.0,0.0,30.303,ok,33.0,,pending,,pending,ugv_heavy,8,PF,661058651,1.0
ue5_qfi9,3.25,22.75,22.75,22.75,ok,0.002024240693432079,ok,ue1_qfi85,1,1,1,3083.5,data,ok,2.0,False,,proxy,3,0,,ue1_qfi2,0.993421052631579,152,150.0,ok,,ue1_qfi2,22.473,ok,,6,ok,6,,ue2_qfi2,0.9553068,ok,0.9963056170813868,proxy,5,0.9952799077332407,27867971.2,ok,0.007777272727272727,ok,0.5337613636363636,0.064471875,ok,ue1_qfi82,0.0,99,10.0,data,ok,0.0,ue5_qfi9,19.5,ok,,30.2,ue6_qfi2,1,71.5,71.5,30.303,ok,33.0,,pending,,pending,ugv_heavy,8,Reservation,661058651,1.0
ue1_qfi2,7.431,16.5,18.089,20.5,ok,0.0014592292526831826,ok,ue1_qfi85,1,1,1,3083.5,data,ok,2.0,False,,proxy,3,0,,ue1_qfi2,1.0,152,150.0,ok,,ue6_qfi2,21.647,ok,,6,ok,6,,ue2_qfi2,0.9553068,ok,0.9979044274207187,proxy,5,0.9972128371561707,27892094.4,ok,0.007356818181818182,ok,0.48765227272727274,0.053240625,ok,ue1_qfi82,0.0,99,10.0,data,ok,0.0,ue1_qfi9,16.0,ok,,30.4,ue1_qfi2,0,0.0,0.0,30.303,ok,33.0,,pending,,pending,ugv_heavy,8,TwoTier,661058651,1.0
ue6_qfi2,11.144,17.463,18.906,20.267,ok,0.0013371204670989175,ok,ue5_qfi9,0,1,4,1000.5,data,ok,2.0,False,,proxy,3,0,,ue4_qfi2,0.9868421052631579,152,150.0,ok,,ue6_qfi2,21.198,ok,,6,ok,6,,ue2_qfi2,0.9642308,ok,0.9981393612326233,proxy,5,0.997364430849521,27907352.0,ok,0.007229545454545455,ok,0.43532045454545454,0.05356875,ok,ue1_qfi82,0.0,99,10.0,data,ok,0.0,ue5_qfi9,17.25,ok,,30.0,ue4_qfi2,1,70.0,70.0,30.303,ok,33.0,,pending,,pending,ugv_heavy,8,PF,87989972,1.0
ue6_qfi2,10.6,18.795,20.517,21.831,ok,0.001964968874254185,ok,ue5_qfi9,0,2,4,1007.5000000000002,data,ok,2.0,False,,proxy,3,0,,ue1_qfi2,1.0,152,150.0,ok,,ue6_qfi2,23.327,ok,,6,ok,6,,ue2_qfi2,0.9643816,ok,0.9961269810478661,proxy,5,0.9950827827095419,27897118.4,ok,0.008084090909090909,ok,0.5343795454545455,0.0638296875,ok,ue1_qfi82,0.0,99,10.0,data,ok,0.0,ue5_qfi9,18.75,ok,,30.4,ue1_qfi2,0,0.0,0.0,30.303,ok,33.0,,pending,,pending,ugv_heavy,8,Reservation,87989972,1.0
ue6_qfi2,10.212,17.341,19.162,21.096,ok,0.0013415451742840971,ok,ue5_qfi9,0,1,4,1005.5000000000001,data,ok,2.0,False,,proxy,3,0,,ue2_qfi2,0.993421052631579,152,150.0,ok,,ue6_qfi2,22.843,ok,,6,ok,6,,ue2_qfi2,0.9638595999999999,ok,0.9981341836403346,proxy,5,0.9975527709156028,27915299.2,ok,0.007325,ok,0.48705227272727275,0.0539,ok,ue1_qfi82,0.0,99,10.0,data,ok,0.0,ue5_qfi1,18.25,ok,,30.2,ue2_qfi2,1,69.5,69.5,30.303,ok,33.0,,pending,,pending,ugv_heavy,8,TwoTier,87989972,1.0
ue6_qfi2,11.406,17.218,18.772,19.811,ok,0.001326088519516074,ok,ue5_qfi9,0,2,4,1001.4999999999997,data,ok,2.0,False,,proxy,3,0,,ue1_qfi2,1.0,152,150.0,ok,,ue6_qfi2,20.891,ok,,6,ok,6,,ue1_qfi2,0.9653828000000001,ok,0.9982076638641126,proxy,5,0.9971691662146296,28026457.6,ok,0.007375,ok,0.43902386363636364,0.055875,ok,ue1_qfi82,0.0,99,10.0,data,ok,0.0,ue2_qfi9,15.5,ok,,30.4,ue1_qfi2,0,0.0,0.0,30.303,ok,33.0,,pending,,pending,ugv_heavy,8,PF,161576974,1.0
ue6_qfi2,10.123,18.272,20.22,21.82,ok,0.0017816903843145525,ok,ue5_qfi9,0,1,4,1000.2500000000001,data,ok,2.0,False,,proxy,3,0,,ue1_qfi2,0.993421052631579,152,150.0,ok,,ue6_qfi2,23.581,ok,,6,ok,6,,ue1_qfi2,0.9649148000000001,ok,0.9966691282491242,proxy,5,0.9954999771496443,27996027.2,ok,0.007909090909090909,ok,0.5386170454545455,0.066240625,ok,ue1_qfi82,0.0,99,10.0,data,ok,0.0,ue5_qfi9,17.5,ok,,30.2,ue1_qfi2,1,71.0,71.0,30.303,ok,33.0,,pending,,pending,ugv_heavy,8,Reservation,161576974,1.0
ue5_qfi1,2.0,15.75,20.25,20.25,ok,0.0013609559779071765,ok,ue5_qfi9,0,1,4,1012.2500000000003,data,ok,2.0,False,,proxy,3,0,,ue1_qfi2,0.993421052631579,152,150.0,ok,,ue5_qfi2,21.022,ok,,6,ok,6,,ue1_qfi2,0.9647475999999999,ok,0.9932715526609931,proxy,5,0.9855171336345899,28019536.0,ok,0.007572727272727273,ok,0.4892931818181818,0.05566875,ok,ue1_qfi82,0.0,99,10.0,data,ok,0.0,ue5_qfi1,18.25,ok,,30.2,ue1_qfi2,1,67.0,67.0,30.303,ok,33.0,,pending,,pending,ugv_heavy,8,TwoTier,161576974,1.0
ue6_qfi2,10.5,16.835,18.414,19.638,ok,0.0013317322658323828,ok,ue3_qfi85,0,1,1,1413.75,data,ok,2.0,False,,proxy,3,0,,ue4_qfi2,0.993421052631579,152,150.0,ok,,ue6_qfi2,21.523,ok,,6,ok,6,,ue2_qfi2,0.955796,ok,0.9982591611186219,proxy,5,0.9979494904945393,27802160.0,ok,0.007163636363636363,ok,0.4305477272727273,0.0550375,ok,ue1_qfi82,0.0,99,10.0,data,ok,0.0,ue5_qfi1,17.5,ok,,30.4,ue1_qfi2,0,0.0,0.0,30.303,ok,33.0,,pending,,pending,ugv_heavy,8,PF,35492826,1.0
ue6_qfi2,9.616,17.778,20.101,21.489,ok,0.0019422866037652532,ok,ue3_qfi85,0,1,1,1413.75,data,ok,2.0,False,,proxy,3,0,,ue3_qfi2,0.993421052631579,152,150.0,ok,,ue6_qfi2,22.892,ok,,6,ok,6,,ue2_qfi2,0.955796,ok,0.9963488480597483,proxy,5,0.9959874527080215,27774654.4,ok,0.007852272727272727,ok,0.5293329545454546,0.0657984375,ok,ue1_qfi82,0.0,99,10.0,data,ok,0.0,ue2_qfi9,16.75,ok,,30.4,ue1_qfi2,0,0.0,0.0,30.303,ok,33.0,,pending,,pending,ugv_heavy,8,Reservation,35492826,1.0
ue6_qfi2,9.75,16.585,18.67,20.559,ok,0.0013450491790612457,ok,ue3_qfi85,0,1,1,1413.75,data,ok,2.0,False,,proxy,3,0,,ue6_qfi2,0.9868421052631579,152,150.0,ok,,ue6_qfi2,22.348,ok,,6,ok,6,,ue2_qfi2,0.955796,ok,0.998240731419217,proxy,5,0.9979699225005593,27796027.2,ok,0.007361363636363636,ok,0.48037386363636364,0.05535,ok,ue1_qfi82,0.0,99,10.0,data,ok,0.0,ue5_qfi1,16.5,ok,,30.0,ue6_qfi2,1,97.5,97.5,30.303,ok,33.0,,pending,,pending,ugv_heavy,8,TwoTier,35492826,1.0
ue6_qfi2,10.776,16.586,18.298,19.301,ok,0.0014565302955716942,ok,ue3_qfi85,1,1,1,3791.2500000000005,data,ok,2.0,False,,proxy,3,0,,ue1_qfi2,1.0,152,150.0,ok,,ue6_qfi2,20.673,ok,,6,ok,6,,ue3_qfi2,0.9610828,ok,0.9979942527509736,proxy,5,0.9971830334466071,27819497.6,ok,0.007538636363636364,ok,0.42964545454545455,0.0548796875,ok,ue1_qfi82,0.0,99,10.0,data,ok,0.0,ue1_qfi9,16.0,ok,,30.4,ue1_qfi2,0,0.0,0.0,30.303,ok,33.0,,pending,,pending,ugv_heavy,8,PF,376383645,1.0
ue1_qfi2,9.132,17.935,20.482,21.579,ok,0.0020145267444841076,ok,ue3_qfi85,1,1,1,3791.2500000000005,data,ok,2.0,False,,proxy,3,0,,ue1_qfi2,1.0,152,150.0,ok,,ue6_qfi2,22.996,ok,,6,ok,6,,ue3_qfi2,0.9581828,ok,0.9959151244918575,proxy,5,0.995040776689594,27796350.400000002,ok,0.007847727272727274,ok,0.5259511363636363,0.0654890625,ok,ue1_qfi82,0.0,99,10.0,data,ok,0.0,ue5_qfi1,18.5,ok,,30.4,ue1_qfi2,0,0.0,0.0,30.303,ok,33.0,,pending,,pending,ugv_heavy,8,Reservation,376383645,1.0
ue5_qfi1,2.25,16.5,20.75,20.75,ok,0.0014386324377963174,ok,ue3_qfi85,1,1,1,3792.7500000000005,data,ok,2.0,False,,proxy,3,0,,ue1_qfi2,1.0,152,150.0,ok,,ue6_qfi2,21.339,ok,,6,ok,6,,ue3_qfi2,0.9610848000000001,ok,0.9979298537025543,proxy,5,0.9972019769129327,27824284.8,ok,0.007634090909090909,ok,0.4803363636363636,0.05535625,ok,ue1_qfi82,0.0,99,10.0,data,ok,0.0,ue5_qfi1,18.5,ok,,30.4,ue1_qfi2,0,0.0,0.0,30.303,ok,33.0,,pending,,pending,ugv_heavy,8,TwoTier,376383645,1.0
ue6_qfi2,11.27,17.017,18.5,20.201,ok,0.0014048982106275995,ok,ue5_qfi9,0,2,3,1987.2500000000002,data,ok,2.0,False,,proxy,3,0,,ue4_qfi2,0.993421052631579,152,150.0,ok,,ue6_qfi2,21.431,ok,,6,ok,6,,ue2_qfi2,0.9690584,ok,0.9979689455941964,proxy,5,0.9973643849155067,28071371.2,ok,0.007234090909090909,ok,0.4399977272727273,0.0565140625,ok,ue1_qfi82,0.0,99,10.0,data,ok,0.0,ue1_qfi9,15.25,ok,,30.4,ue1_qfi2,0,0.0,0.0,30.303,ok,33.0,,pending,,pending,ugv_heavy,8,PF,1746484539,1.0
ue2_qfi2,7.91,17.138,19.449,20.977,ok,0.001954319156376453,ok,ue2_qfi85,0,1,1,1249.7500000000002,data,ok,2.0,False,,proxy,3,0,,ue1_qfi2,1.0,152,150.0,ok,,ue6_qfi2,23.77,ok,,6,ok,6,,ue2_qfi2,0.9689856,ok,0.9964744420135659,proxy,5,0.9962345106827163,28045667.2,ok,0.008106818181818182,ok,0.540290909090909,0.067140625,ok,ue1_qfi82,0.0,99,10.0,data,ok,0.0,ue5_qfi9,19.5,ok,,30.4,ue1_qfi2,0,0.0,0.0,30.303,ok,33.0,,pending,,pending,ugv_heavy,8,Reservation,1746484539,1.0
ue6_qfi2,10.203,17.445,19.563,20.843,ok,0.0014622036408255999,ok,ue2_qfi85,0,1,1,1251.2500000000002,data,ok,2.0,False,,proxy,3,0,,ue1_qfi2,1.0,152,150.0,ok,,ue6_qfi2,21.902,ok,,6,ok,6,,ue2_qfi2,0.9691716,ok,0.9956512248998883,proxy,5,0.9861639459434798,28074092.8,ok,0.007343181818181818,ok,0.4915022727272727,0.05636875,ok,ue1_qfi82,0.0,99,10.0,data,ok,0.0,ue2_qfi9,15.5,ok,,30.4,ue1_qfi2,0,0.0,0.0,30.303,ok,33.0,,pending,,pending,ugv_heavy,8,TwoTier,1746484539,1.0
ue1_qfi2,4.814,9.833,11.36,12.96,ok,2.6343158629017726e-05,ok,ue4_qfi9,0,2,4,1000.5000000000001,data,ok,2.0,False,,proxy,3,0,,ue1_qfi2,1.0,152,150.0,ok,,ue1_qfi2,12.8,ok,,5,ok,5,,ue3_qfi2,0.9652728,ok,0.9999902600377298,proxy,5,0.9999785324464479,12147046.4,ok,0.008975,ok,0.19314772727272728,0.034759375,ok,ue1_qfi82,0.0,99,10.0,data,ok,0.0,ue3_qfi1,10.0,ok,,30.4,ue1_qfi2,0,0.0,0.0,30.303,ok,33.0,,pending,,pending,mixed,8,PF,1826701614,0.5
ue2_qfi2,5.898,12.781,14.218,15.25,ok,0.0003286796943265669,ok,ue4_qfi9,0,0,4,1000.0,data,ok,2.0,False,,proxy,3,0,,ue5_qfi2,0.993421052631579,152,150.0,ok,,ue2_qfi2,14.996,ok,,5,ok,5,,ue3_qfi2,0.9652728,ok,0.9999332388523804,proxy,5,0.9999124529372896,12141571.200000001,ok,0.01,ok,0.2696,0.0378734375,ok,ue1_qfi82,0.0,99,10.0,data,ok,0.0,ue3_qfi1,12.5,ok,,30.4,ue1_qfi2,0,0.0,0.0,30.303,ok,33.0,,pending,,pending,mixed,8,Reservation,1826701614,0.5
ue2_qfi2,4.225,9.25,11.03,12.572,ok,1.63327648038402e-05,ok,ue5_qfi82,0,1,4,1001.5,data,ok,2.0,False,,proxy,3,0,,ue1_qfi2,1.0,152,150.0,ok,,ue5_qfi2,12.829,ok,,5,ok,5,,ue3_qfi2,0.9652728,ok,0.9999948174453929,proxy,5,0.9999859786208127,12147163.200000001,ok,0.008897727272727272,ok,0.21303522727272728,0.035203125,ok,ue1_qfi82,0.0,99,10.0,data,ok,0.0,ue4_qfi9,10.25,ok,,30.4,ue1_qfi2,0,0.0,0.0,30.303,ok,33.0,,pending,,pending,mixed,8,TwoTier,1826701614,0.5
ue5_qfi2,4.941,9.833,11.629,12.482,ok,0.0,ok,ue1_qfi85,0,1,1,1676.0000000000002,data,ok,2.0,False,,proxy,3,0,,ue1_qfi2,1.0,152,150.0,ok,,ue5_qfi2,12.838,ok,,5,ok,5,,ue2_qfi2,0.9581368,ok,0.9999706255372638,proxy,5,0.9998735558434639,12174022.4,ok,0.00904090909090909,ok,0.1981465909090909,0.035559375,ok,ue1_qfi82,0.0,99,10.0,data,ok,0.0,ue3_qfi1,10.25,ok,,30.4,ue1_qfi2,0,0.0,0.0,30.303,ok,33.0,,pending,,pending,mixed,8,PF,1367864806,0.5
ue1_qfi2,5.223,12.0,13.974,15.123,ok,0.000324495208865698,ok,ue1_qfi85,0,1,1,1676.0000000000002,data,ok,2.0,False,,proxy,3,0,,ue1_qfi2,1.0,152,150.0,ok,,ue5_qfi2,14.597,ok,,5,ok,5,,ue2_qfi2,0.9581368,ok,0.9999263036371371,proxy,5,0.9998048207183197,12170465.6,ok,0.010177272727272728,ok,0.2734738636363636,0.039359375,ok,ue1_qfi82,0.0,99,10.0,data,ok,0.0,ue4_qfi1,12.0,ok,,30.4,ue1_qfi2,0,0.0,0.0,30.303,ok,33.0,,pending,,pending,mixed,8,Reservation,1367864806,0.5
ue2_qfi2,4.291,9.164,11.0,13.075,ok,5.257743802237328e-05,ok,ue1_qfi85,0,1,1,1676.0000000000002,data,ok,2.0,False,,proxy,3,0,,ue3_qfi2,0.993421052631579,152,150.0,ok,,ue2_qfi2,12.969,ok,,5,ok,5,,ue2_qfi2,0.9581368,ok,0.9999879072986658,proxy,5,0.9999726096545352,12171881.6,ok,0.009020454545454545,ok,0.21795795454545455,0.035765625,ok,ue1_qfi82,0.0,99,10.0,data,ok,0.0,ue4_qfi1,10.25,ok,,30.2,ue3_qfi2,1,70.0,70.0,30.303,ok,33.0,,pending,,pending,mixed,8,TwoTier,1367864806,0.5
ue1_qfi2,4.626,10.521,12.126,13.793,ok,3.322475972129548e-05,ok,ue3_qfi9,0,2,4,1000.5000000000001,data,ok,2.0,False,,proxy,3,0,,ue5_qfi2,0.993421052631579,152,150.0,ok,,ue1_qfi2,13.862,ok,,5,ok,5,,ue3_qfi2,0.965568,ok,0.9999914837579125,proxy,5,0.9999838152607604,12183364.8,ok,0.009020454545454545,ok,0.20685227272727272,0.040121875,ok,ue1_qfi82,0.0,99,10.0,data,ok,0.0,ue3_qfi1,10.0,ok,,30.4,ue1_qfi2,0,0.0,0.0,30.303,ok,33.0,,pending,,pending,mixed,8,PF,1097657231,0.5
ue2_qfi2,6.241,12.682,13.68,14.239,ok,0.00046662557105503467,ok,ue4_qfi9,0,2,4,1002.2500000000001,data,ok,2.0,False,,proxy,3,0,,ue1_qfi2,1.0,152,150.0,ok,,ue5_qfi2,14.5,ok,,5,ok,5,,ue3_qfi2,0.965568,ok,0.9998546531374192,proxy,5,0.9996943307370065,12180529.6,ok,0.01010909090909091,ok,0.2842875,0.0442265625,ok,ue1_qfi82,0.0,99,10.0,data,ok,0.0,ue3_qfi9,12.5,ok,,30.4,ue1_qfi2,0,0.0,0.0,30.303,ok,33.0,,pending,,pending,mixed,8,Reservation,1097657231,0.5
ue5_qfi2,4.67,10.283,12.16,13.257,ok,0.0002209762818790783,ok,ue5_qfi82,0,1,4,1004.5000000000002,data,ok,2.0,False,,proxy,3,0,,ue1_qfi2,1.0,152,150.0,ok,,ue5_qfi2,13.804,ok,,5,ok,5,,ue3_qfi2,0.965568,ok,0.9999533401029816,proxy,5,0.9998648749110918,12183699.2,ok,0.009063636363636364,ok,0.22832954545454545,0.040421875,ok,ue1_qfi82,0.0,99,10.0,data,ok,0.0,ue4_qfi1,10.25,ok,,30.4,ue1_qfi2,0,0.0,0.0,30.303,ok,33.0,,pending,,pending,mixed,8,TwoTier,1097657231,0.5
ue2_qfi2,4.539,9.383,11.662,12.539,ok,2.6283619706511847e-05,ok,ue4_qfi9,0,2,4,1004.75,data,ok,2.0,False,,proxy,3,0,,ue1_qfi2,1.0,152,150.0,ok,,ue2_qfi2,12.539,ok,,5,ok,5,,ue3_qfi2,0.9696416,ok,0.9999957067925725,proxy,5,0.9999909413065823,12174883.200000001,ok,0.008795454545454546,ok,0.19907386363636365,0.036553125,ok,ue1_qfi82,0.0,99,10.0,data,ok,0.0,ue3_qfi1,10.25,ok,,30.4,ue1_qfi2,0,0.0,0.0,30.303,ok,33.0,,pending,,pending,mixed,8,PF,579362555,0.5
ue2_qfi2,5.907,12.566,14.157,14.738,ok,0.0004210791375132228,ok,ue4_qfi9,0,2,4,1004.2500000000003,data,ok,2.0,False,,proxy,3,0,,ue1_qfi2,1.0,152,150.0,ok,,ue2_qfi2,14.611,ok,,5,ok,5,,ue3_qfi2,0.9694111999999999,ok,0.9998905848535442,proxy,5,0.9997422031103315,12169390.4,ok,0.010245454545454545,ok,0.27392727272727274,0.0402609375,ok,ue1_qfi82,0.0,99,10.0,data,ok,0.0,ue3_qfi1,12.25,ok,,30.4,ue1_qfi2,0,0.0,0.0,30.303,ok,33.0,,pending,,pending,mixed,8,Reservation,579362555,0.5
ue3_qfi2,4.082,9.012,10.73,12.219,ok,7.885224770960505e-05,ok,ue5_qfi82,0,1,4,1001.5,data,ok,2.0,False,,proxy,3,0,,ue1_qfi2,1.0,152,150.0,ok,,ue5_qfi2,11.788,ok,,5,ok,5,,ue3_qfi2,0.9696416,ok,0.9999900265011391,proxy,5,0.9999702962620135,12174028.8,ok,0.008838636363636364,ok,0.21884204545454544,0.036965625,ok,ue1_qfi82,0.0,99,10.0,data,ok,0.0,ue3_qfi1,10.0,ok,,30.4,ue1_qfi2,0,0.0,0.0,30.303,ok,33.0,,pending,,pending,mixed,8,TwoTier,579362555,0.5
ue2_qfi2,4.977,10.25,11.75,13.163,ok,4.378314798467353e-05,ok,ue5_qfi82,0,1,4,1003.0000000000001,data,ok,2.0,False,,proxy,3,0,,ue1_qfi2,1.0,152,150.0,ok,,ue2_qfi2,12.841,ok,,5,ok,5,,ue2_qfi2,0.9648135999999999,ok,0.9999909822751514,proxy,5,0.9999794909707245,12168585.6,ok,0.009063636363636364,ok,0.19080454545454545,0.034775,ok,ue1_qfi82,0.0,99,10.0,data,ok,0.0,ue4_qfi1,10.0,ok,,30.4,ue1_qfi2,0,0.0,0.0,30.303,ok,33.0,,pending,,pending,mixed,8,PF,661058651,0.5
ue2_qfi2,5.988,12.913,14.494,15.178,ok,0.0002124960288489658,ok,ue3_qfi9,0,2,4,1005.7499999999994,data,ok,2.0,False,,proxy,3,0,,ue4_qfi2,0.993421052631579,152,150.0,ok,,ue2_qfi2,15.164,ok,,5,ok,5,,ue2_qfi2,0.9648135999999999,ok,0.9999512849000217,proxy,5,0.9999302629427662,12165171.2,ok,0.0101,ok,0.2689556818181818,0.0376765625,ok,ue1_qfi82,0.0,99,10.0,data,ok,0.0,ue4_qfi1,12.25,ok,,30.2,ue4_qfi2,1,66.75,66.75,30.303,ok,33.0,,pending,,pending,mixed,8,Reservation,661058651,0.5
ue2_qfi2,4.727,10.178,10.986,11.75,ok,2.3009240510989213e-05,ok,ue5_qfi82,0,1,4,1003.0000000000001,data,ok,2.0,False,,proxy,3,0,,ue1_qfi2,1.0,152,150.0,ok,,ue5_qfi2,11.833,ok,,5,ok,5,,ue2_qfi2,0.9648135999999999,ok,0.9999939304217783,proxy,5,0.9999878892426779,12168744.0,ok,0.00895909090909091,ok,0.21055,0.035165625,ok,ue1_qfi82,0.0,99,10.0,data,ok,0.0,ue4_qfi1,10.25,ok,,30.4,ue1_qfi2,0,0.0,0.0,30.303,ok,33.0,,pending,,pending,mixed,8,TwoTier,661058651,0.5
ue2_qfi2,5.479,10.826,11.839,12.798,ok,5.5314008894704356e-05,ok,ue3_qfi9,0,3,4,1000.5000000000001,data,ok,2.0,False,,proxy,3,0,,ue4_qfi2,0.993421052631579,152,150.0,ok,,ue2_qfi2,12.916,ok,,5,ok,5,,ue4_qfi2,0.9676584,ok,0.9919926652978731,proxy,5,0.9599951398300799,12090670.4,ok,0.009070454545454545,ok,0.19507954545454545,0.0358765625,ok,ue1_qfi82,0.0,99,10.0,data,ok,0.0,ue3_qfi1,10.75,ok,,30.4,ue1_qfi2,0,0.0,0.0,30.303,ok,33.0,,pending,,pending,mixed,8,PF,87989972,0.5
ue2_qfi2,6.388,12.75,15.088,15.975,ok,0.0004579094429500535,ok,ue4_qfi9,0,2,4,1000.5000000000001,data,ok,2.0,False,,proxy,3,0,,ue1_qfi2,1.0,152,150.0,ok,,ue2_qfi2,15.351,ok,,5,ok,5,,ue4_qfi2,0.9697832,ok,0.9918636138375925,proxy,5,0.9597424873569513,12088051.2,ok,0.010063636363636363,ok,0.27399318181818183,0.039559375,ok,ue1_qfi82,0.0,99,10.0,data,ok,0.0,ue2_qfi9,11.75,ok,,30.4,ue1_qfi2,0,0.0,0.0,30.303,ok,33.0,,pending,,pending,mixed,8,Reservation,87989972,0.5
ue2_qfi2,4.803,10.25,11.5,11.872,ok,2.645742372159382e-05,ok,ue3_qfi9,0,2,4,1000.9999999999999,data,ok,2.0,False,,proxy,3,0,,ue1_qfi2,1.0,152,150.0,ok,,ue2_qfi2,13.247,ok,,5,ok,5,,ue4_qfi2,0.9697832,ok,0.9919144795905689,proxy,5,0.9599846575665114,12094584.0,ok,0.008961363636363637,ok,0.21820454545454546,0.03631875,ok,ue1_qfi82,0.0,99,10.0,data,ok,0.0,ue3_qfi1,10.0,ok,,30.4,ue1_qfi2,0,0.0,0.0,30.303,ok,33.0,,pending,,pending,mixed,8,TwoTier,87989972,0.5
ue1_qfi2,4.755,9.888,11.779,12.866,ok,6.69559881649067e-05,ok,ue4_qfi9,0,2,4,1000.2499999999999,data,ok,2.0,False,,proxy,3,0,,ue1_qfi2,1.0,152,150.0,ok,,ue1_qfi2,12.866,ok,,5,ok,5,,ue4_qfi2,0.9751024,ok,0.999992039647504,proxy,5,0.9999823023842918,12210560.0,ok,0.009397727272727273,ok,0.19696590909090908,0.034903125,ok,ue1_qfi82,0.0,99,10.0,data,ok,0.0,ue3_qfi1,10.5,ok,,30.4,ue1_qfi2,0,0.0,0.0,30.303,ok,33.0,,pending,,pending,mixed,8,PF,161576974,0.5
ue2_qfi2,5.526,12.297,13.776,15.286,ok,0.000526225722007635,ok,ue5_qfi82,0,2,4,1001.7500000000003,data,ok,2.0,False,,proxy,3,0,,ue1_qfi2,1.0,152,150.0,ok,,ue1_qfi2,14.323,ok,,5,ok,5,,ue4_qfi2,0.9751024,ok,0.9998487657196357,proxy,5,0.9997111312911485,12204476.8,ok,0.010545454545454545,ok,0.2735318181818182,0.038509375,ok,ue1_qfi82,0.0,99,10.0,data,ok,0.0,ue4_qfi9,12.0,ok,,30.4,ue1_qfi2,0,0.0,0.0,30.303,ok,33.0,,pending,,pending,mixed,8,Reservation,161576974,0.5
ue3_qfi2,4.204,9.25,11.0,11.5,ok,2.830238000740841e-05,ok,ue4_qfi9,0,2,4,1000.5000000000001,data,ok,2.0,False,,proxy,3,0,,ue1_qfi2,1.0,152,150.0,ok,,ue5_qfi2,11.637,ok,,5,ok,5,,ue4_qfi2,0.9751024,ok,0.9999928326271672,proxy,5,0.9999730740204757,12210667.2,ok,0.009247727272727272,ok,0.21641136363636362,0.0354640625,ok,ue1_qfi82,0.0,99,10.0,data,ok,0.0,ue3_qfi1,10.25,ok,,30.4,ue1_qfi2,0,0.0,0.0,30.303,ok,33.0,,pending,,pending,mixed,8,TwoTier,161576974,0.5
ue1_qfi2,5.174,11.013,12.75,13.894,ok,8.038448172990551e-05,ok,ue5_qfi82,0,1,4,1001.5,data,ok,2.0,False,,proxy,3,0,,ue1_qfi2,1.0,152,150.0,ok,,ue1_qfi2,13.894,ok,,5,ok,5,,ue2_qfi2,0.9620104,ok,0.9999863388194115,proxy,5,0.9999788665556206,12200379.2,ok,0.008918181818181818,ok,0.19875454545454546,0.0377296875,ok,ue1_qfi82,0.0,99,10.0,data,ok,0.0,ue3_qfi1,10.25,ok,,30.4,ue1_qfi2,0,0.0,0.0,30.303,ok,33.0,,pending,,pending,mixed,8,PF,35492826,0.5
ue1_qfi2,6.376,13.304,14.632,15.25,ok,0.0005519601864783524,ok,ue5_qfi82,0,1,4,1001.5,data,ok,2.0,False,,proxy,3,0,,ue1_qfi2,1.0,152,150.0,ok,,ue1_qfi2,15.0,ok,,5,ok,5,,ue2_qfi2,0.9620104,ok,0.9998498683977399,proxy,5,0.9997330001041884,12194856.0,ok,0.010181818181818183,ok,0.2764465909090909,0.0409640625,ok,ue1_qfi82,0.0,99,10.0,data,ok,0.0,ue3_qfi1,12.75,ok,,30.4,ue1_qfi2,0,0.0,0.0,30.303,ok,33.0,,pending,,pending,mixed,8,Reservation,35492826,0.5
ue3_qfi1,0.5,10.5,13.0,13.0,ok,8.300686806432048e-05,ok,ue5_qfi82,0,1,4,1001.5,data,ok,2.0,False,,proxy,3,0,,ue1_qfi2,1.0,152,150.0,ok,,ue5_qfi2,12.719,ok,,5,ok,5,,ue2_qfi2,0.9620104,ok,0.9999911290078461,proxy,5,0.9999848773344849,12200795.2,ok,0.008947727272727272,ok,0.21991704545454546,0.0384421875,ok,ue1_qfi82,0.0,99,10.0,data,ok,0.0,ue3_qfi1,12.5,ok,,30.4,ue1_qfi2,0,0.0,0.0,30.303,ok,33.0,,pending,,pending,mixed,8,TwoTier,35492826,0.5
ue2_qfi2,4.744,9.642,10.986,12.237,ok,8.481226087196238e-05,ok,ue3_qfi9,0,2,4,1002.5,data,ok,2.0,False,,proxy,3,0,,ue3_qfi2,0.993421052631579,152,150.0,ok,,ue1_qfi2,11.997,ok,,5,ok,5,,ue1_qfi2,0.9677496,ok,0.999988388390817,proxy,5,0.9999760638104248,12130307.2,ok,0.009065909090909091,ok,0.19774090909090908,0.0343453125,ok,ue1_qfi82,0.0,99,10.0,data,ok,0.0,ue3_qfi1,10.0,ok,,30.2,ue3_qfi2,1,67.0,67.0,30.303,ok,33.0,,pending,,pending,mixed,8,PF,376383645,0.5
ue2_qfi2,6.038,12.669,14.618,15.539,ok,0.0005999437536234505,ok,ue4_qfi9,0,1,4,1000.5000000000001,data,ok,2.0,False,,proxy,3,0,,ue2_qfi2,0.9868421052631579,152,150.0,ok,,ue2_qfi2,15.539,ok,,5,ok,5,,ue1_qfi2,0.9665952,ok,0.9997943697076629,proxy,5,0.9993896599026945,12117080.0,ok,0.010231818181818182,ok,0.2745818181818182,0.0377390625,ok,ue1_qfi82,0.0,99,10.0,data,ok,0.0,ue3_qfi1,12.5,ok,,30.2,ue1_qfi2,1,72.25,72.25,30.303,ok,33.0,,pending,,pending,mixed,8,Reservation,376383645,0.5
ue2_qfi2,4.309,9.473,11.368,12.628,ok,8.398653631217888e-05,ok,ue3_qfi9,0,2,4,1000.9999999999999,data,ok,2.0,False,,proxy,3,0,,ue1_qfi2,1.0,152,150.0,ok,,ue2_qfi2,11.704,ok,,5,ok,5,,ue1_qfi2,0.9677496,ok,0.9999866763602057,proxy,5,0.999963695632345,12134638.4,ok,0.009011363636363637,ok,0.21911022727272728,0.0346609375,ok,ue1_qfi82,0.0,99,10.0,data,ok,0.0,ue3_qfi1,10.25,ok,,30.4,ue1_qfi2,0,0.0,0.0,30.303,ok,33.0,,pending,,pending,mixed,8,TwoTier,376383645,0.5
ue2_qfi2,4.903,10.349,12.014,13.212,ok,2.6320790423864746e-05,ok,ue2_qfi85,0,1,1,1716.9999999999998,data,ok,2.0,False,,proxy,3,0,,ue1_qfi2,1.0,152,150.0,ok,,ue2_qfi2,13.212,ok,,5,ok,5,,ue4_qfi2,0.97362,ok,0.9999931646981445,proxy,5,0.9999797682980714,12157369.6,ok,0.009006818181818182,ok,0.1965659090909091,0.0354734375,ok,ue1_qfi82,0.0,99,10.0,data,ok,0.0,ue4_qfi1,10.0,ok,,30.4,ue1_qfi2,0,0.0,0.0,30.303,ok,33.0,,pending,,pending,mixed,8,PF,1746484539,0.5
ue2_qfi2,6.229,12.844,13.963,14.831,ok,0.00043191621299233445,ok,ue2_qfi85,0,1,1,1720.0,data,ok,2.0,False,,proxy,3,0,,ue1_qfi2,1.0,152,150.0,ok,,ue2_qfi2,14.636,ok,,5,ok,5,,ue4_qfi2,0.97362,ok,0.9998940207689575,proxy,5,0.9998064576755101,12152764.8,ok,0.010295454545454545,ok,0.2729284090909091,0.038796875,ok,ue1_qfi82,0.0,99,10.0,data,ok,0.0,ue2_qfi9,11.5,ok,,30.4,ue1_qfi2,0,0.0,0.0,30.303,ok,33.0,,pending,,pending,mixed,8,Reservation,1746484539,0.5
ue2_qfi2,4.656,9.94,11.359,12.379,ok,0.00010422845086648453,ok,ue2_qfi85,0,1,1,1720.0,data,ok,2.0,False,,proxy,3,0,,ue1_qfi2,1.0,152,150.0,ok,,ue2_qfi2,11.791,ok,,5,ok,5,,ue4_qfi2,0.97362,ok,0.9999805792773072,proxy,5,0.9999480903005882,12156643.2,ok,0.009068181818181819,ok,0.21653522727272728,0.0358546875,ok,ue1_qfi82,0.0,99,10.0,data,ok,0.0,ue4_qfi1,11.0,ok,,30.4,ue1_qfi2,0,0.0,0.0,30.303,ok,33.0,,pending,,pending,mixed,8,TwoTier,1746484539,0.5
ue6_qfi2,18.086,24.749,27.051,28.31,ok,0.001711241851051102,ok,ue1_qfi85,1,1,1,3006.25,data,ok,2.0,False,,proxy,3,0,,ue4_qfi2,0.993421052631579,152,150.0,ok,,ue6_qfi2,30.0,ok,,6,ok,6,,ue4_qfi2,0.9617781333333333,ok,0.994056569004068,proxy,5,0.9928404071292496,40556118.4,ok,0.007654545454545455,ok,0.6178147727272727,0.056453125,ok,ue1_qfi82,0.0,99,10.0,data,ok,0.0,ue5_qfi1,19.25,ok,,30.4,ue1_qfi2,0,0.0,0.0,30.303,ok,33.0,,pending,,pending,ugv_heavy,8,PF,1826701614,1.5
ue6_qfi2,17.878,26.103,28.103,29.736,ok,0.0023647075569890267,ok,ue1_qfi85,1,1,1,3007.7499999999995,data,ok,2.0,False,,proxy,3,0,,ue3_qfi2,0.993421052631579,152,150.0,ok,,ue6_qfi2,32.862,ok,,6,ok,6,,ue4_qfi2,0.9622285333333334,ok,0.9884910747384689,proxy,5,0.9873827439161011,40528348.8,ok,0.008029545454545454,ok,0.7098670454545455,0.074084375,ok,ue1_qfi82,0.0,99,10.0,data,ok,0.0,ue5_qfi1,20.75,ok,,30.2,ue3_qfi2,1,72.25,72.25,30.303,ok,33.0,,pending,,pending,ugv_heavy,8,Reservation,1826701614,1.5
ue6_qfi2,17.5,25.434,27.502,29.214,ok,0.0019740352559529687,ok,ue1_qfi85,1,1,1,3006.25,data,ok,2.0,False,,proxy,3,0,,ue1_qfi2,1.0,152,150.0,ok,,ue6_qfi2,31.452,ok,,6,ok,6,,ue4_qfi2,0.9626250666666667,ok,0.9802047481143855,proxy,5,0.9555516315821284,40538940.8,ok,0.008179545454545455,ok,0.6782170454545454,0.0559859375,ok,ue1_qfi82,0.0,99,10.0,data,ok,0.0,ue3_qfi9,19.5,ok,,30.4,ue1_qfi2,0,0.0,0.0,30.303,ok,33.0,,pending,,pending,ugv_heavy,8,TwoTier,1826701614,1.5
ue6_qfi2,17.646,24.291,26.021,27.25,ok,0.0017890604611890408,ok,ue5_qfi9,0,1,4,1008.5000000000002,data,ok,2.0,False,,proxy,3,0,,ue3_qfi2,0.993421052631579,152,150.0,ok,,ue6_qfi2,29.718,ok,,6,ok,6,,ue5_qfi2,0.957,ok,0.9937169251719393,proxy,5,0.9924705817836587,40573700.8,ok,0.007677272727272727,ok,0.6092795454545454,0.0568296875,ok,ue1_qfi82,0.0,99,10.0,data,ok,0.0,ue2_qfi9,18.25,ok,,30.2,ue3_qfi2,1,67.0,67.0,30.303,ok,33.0,,pending,,pending,ugv_heavy,8,PF,1367864806,1.5
ue6_qfi2,16.821,25.255,27.309,29.205,ok,0.0024928133408580154,ok,ue5_qfi9,0,1,4,1015.0000000000001,data,ok,2.0,False,,proxy,3,0,,ue2_qfi2,0.993421052631579,152,150.0,ok,,ue6_qfi2,31.834,ok,,6,ok,6,,ue5_qfi2,0.957,ok,0.986999524138492,proxy,5,0.9838411555637329,40545777.6,ok,0.008195454545454546,ok,0.7009522727272727,0.07565,ok,ue1_qfi82,0.0,99,10.0,data,ok,0.0,ue5_qfi9,20.75,ok,,30.4,ue1_qfi2,0,0.0,0.0,30.303,ok,33.0,,pending,,pending,ugv_heavy,8,Reservation,1367864806,1.5
ue6_qfi2,17.258,25.147,27.498,28.97,ok,0.0019778473067853714,ok,ue7_qfi82,0,1,1,1307.2499999999998,data,ok,2.0,False,,proxy,3,0,,ue5_qfi2,0.993421052631579,152,150.0,ok,,ue6_qfi2,30.419,ok,,6,ok,6,,ue5_qfi2,0.9561669333333332,ok,0.9766444817926156,proxy,5,0.9547826749565139,40549235.199999996,ok,0.007897727272727273,ok,0.6729306818181818,0.0577671875,ok,ue1_qfi82,0.0,99,10.0,data,ok,0.0,ue2_qfi9,18.25,ok,,30.2,ue5_qfi2,1,68.25,68.25,30.303,ok,33.0,,pending,,pending,ugv_heavy,8,TwoTier,1367864806,1.5
ue6_qfi2,17.941,24.535,26.75,27.801,ok,0.0018585034119803063,ok,ue3_qfi85,1,1,2,2507.4999999999995,data,ok,2.0,False,,proxy,3,0,,ue1_qfi2,0.9868421052631579,152,150.0,ok,,ue6_qfi2,30.551,ok,,6,ok,6,,ue5_qfi2,0.9645575999999999,ok,0.9931124349437621,proxy,5,0.9920560081286239,40513065.6,ok,0.007468181818181818,ok,0.6143727272727273,0.056653125,ok,ue1_qfi82,0.0,99,10.0,data,ok,0.0,ue5_qfi1,24.5,ok,,30.0,ue1_qfi2,1,70.0,70.0,30.303,ok,33.0,,pending,,pending,ugv_heavy,8,PF,1097657231,1.5
ue6_qfi2,17.424,25.916,28.059,30.0,ok,0.002457813115417044,ok,ue3_qfi85,1,1,2,2507.4999999999995,data,ok,2.0,False,,proxy,3,0,,ue4_qfi2,0.9868421052631579,152,150.0,ok,,ue6_qfi2,32.416,ok,,6,ok,6,,ue5_qfi2,0.9649517333333334,ok,0.9879351830650347,proxy,5,0.9858645629202715,40472204.8,ok,0.00806590909090909,ok,0.7069761363636363,0.0751484375,ok,ue1_qfi82,0.0,99,10.0,data,ok,0.0,ue5_qfi9,22.5,ok,,30.0,ue6_qfi2,1,69.0,69.0,30.303,ok,33.0,,pending,,pending,ugv_heavy,8,Reservation,1097657231,1.5
ue5_qfi1,13.75,28.0,48.25,48.25,ok,0.002047099771182382,ok,ue3_qfi85,1,1,2,2508.9999999999995,data,ok,2.0,False,,proxy,3,0,,ue1_qfi2,0.993421052631579,152,150.0,ok,,ue6_qfi2,31.964,ok,,6,ok,6,,ue5_qfi2,0.9649917333333334,ok,0.9767362805767072,proxy,5,0.956841762056223,40509648.0,ok,0.007720454545454545,ok,0.6772022727272727,0.056753125,ok,ue1_qfi82,0.0,99,10.0,data,ok,0.0,ue5_qfi1,34.5,ok,,30.2,ue6_qfi2,1,67.75,67.75,30.303,ok,33.0,,pending,,pending,ugv_heavy,8,TwoTier,1097657231,1.5
ue6_qfi2,17.174,23.255,25.308,26.505,ok,0.0016631015086863005,ok,ue1_qfi85,0,2,2,1805.0000000000002,data,ok,2.0,False,,proxy,3,0,,ue1_qfi2,1.0,152,150.0,ok,,ue6_qfi2,28.465,ok,,6,ok,6,,ue5_qfi2,0.9706629333333333,ok,0.9936338034360975,proxy,5,0.9908636164477146,40839792.0,ok,0.007604545454545455,ok,0.5952465909090909,0.051640625,ok,ue1_qfi82,0.0,99,10.0,data,ok,0.0,ue3_qfi9,20.0,ok,,30.4,ue1_qfi2,0,0.0,0.0,30.303,ok,33.0,,pending,,pending,ugv_heavy,8,PF,579362555,1.5
ue6_qfi2,16.601,24.664,27.007,28.359,ok,0.002484632347562504,ok,ue1_qfi85,0,2,2,1804.7500000000002,data,ok,2.0,False,,proxy,3,0,,ue2_qfi2,0.993421052631579,152,150.0,ok,,ue6_qfi2,31.507,ok,,6,ok,6,,ue1_qfi2,0.9704298666666668,ok,0.9861260078048554,proxy,5,0.98245912303027,40781046.4,ok,0.008088636363636364,ok,0.6881681818181818,0.06751875,ok,ue1_qfi82,0.0,99,10.0,data,ok,0.0,ue5_qfi9,26.0,ok,,30.2,ue2_qfi2,1,70.0,70.0,30.303,ok,33.0,,pending,,pending,ugv_heavy,8,Reservation,579362555,1.5
ue6_qfi2,16.76,24.253,26.182,26.846,ok,0.0018551439030715777,ok,ue1_qfi85,0,2,2,1805.0000000000002,data,ok,2.0,False,,proxy,3,0,,ue1_qfi2,1.0,152,150.0,ok,,ue6_qfi2,29.871,ok,,6,ok,6,,ue5_qfi2,0.9706256,ok,0.9822219219521005,proxy,5,0.9542754031953884,40815745.6,ok,0.007525,ok,0.6539977272727273,0.052046875,ok,ue1_qfi82,0.0,99,10.0,data,ok,0.0,ue3_qfi9,19.25,ok,,30.4,ue1_qfi2,0,0.0,0.0,30.303,ok,33.0,,pending,,pending,ugv_heavy,8,TwoTier,579362555,1.5
ue6_qfi2,16.839,23.804,25.517,26.75,ok,0.0017012309014857257,ok,ue1_qfi85,1,1,1,3083.5,data,ok,2.0,False,,proxy,3,0,,ue2_qfi2,0.993421052631579,152,150.0,ok,,ue6_qfi2,28.954,ok,,6,ok,6,,ue2_qfi2,0.954632,ok,0.9940829471372629,proxy,5,0.9929845012882126,40545446.4,ok,0.007406818181818182,ok,0.6090238636363636,0.054953125,ok,ue1_qfi82,0.0,99,10.0,data,ok,0.0,ue4_qfi9,18.75,ok,,30.4,ue1_qfi2,0,0.0,0.0,30.303,ok,33.0,,pending,,pending,ugv_heavy,8,PF,661058651,1.5
ue6_qfi2,16.315,24.728,26.794,28.567,ok,0.0024955077432995947,ok,ue1_qfi85,1,1,1,3083.5,data,ok,2.0,False,,proxy,3,0,,ue2_qfi2,0.993421052631579,152,150.0,ok,,ue6_qfi2,31.207,ok,,6,ok,6,,ue2_qfi2,0.9549794666666667,ok,0.9878671287734813,proxy,5,0.9848027479369591,40512358.4,ok,0.007731818181818182,ok,0.7021022727272728,0.073371875,ok,ue1_qfi82,0.0,99,10.0,data,ok,0.0,ue3_qfi9,20.25,ok,,30.2,ue2_qfi2,1,75.75,75.75,30.303,ok,33.0,,pending,,pending,ugv_heavy,8,Reservation,661058651,1.5
ue5_qfi1,15.25,25.75,55.5,55.5,ok,0.0019047167768109672,ok,ue1_qfi85,1,1,1,3082.5,data,ok,2.0,False,,proxy,3,0,,ue4_qfi2,0.993421052631579,152,150.0,ok,,ue6_qfi2,30.39,ok,,6,ok,6,,ue2_qfi2,0.955152,ok,0.9815492659203026,proxy,5,0.9595478150602275,40511419.2,ok,0.007422727272727273,ok,0.6753431818181819,0.0555125,ok,ue1_qfi82,0.0,99,10.0,data,ok,0.0,ue5_qfi1,40.25,ok,,30.2,ue4_qfi2,1,68.0,68.0,30.303,ok,33.0,,pending,,pending,ugv_heavy,8,TwoTier,661058651,1.5
ue6_qfi2,17.158,23.912,26.101,27.818,ok,0.001787317944322548,ok,ue5_qfi9,0,1,4,1007.4999999999999,data,ok,2.0,False,,proxy,3,0,,ue3_qfi2,0.993421052631579,152,150.0,ok,,ue6_qfi2,29.754,ok,,6,ok,6,,ue2_qfi2,0.9630477333333334,ok,0.9928957330849236,proxy,5,0.9920360426026055,40569468.800000004,ok,0.007743181818181818,ok,0.6104511363636363,0.054928125,ok,ue1_qfi82,0.0,99,10.0,data,ok,0.0,ue2_qfi9,18.75,ok,,30.4,ue1_qfi2,0,0.0,0.0,30.303,ok,33.0,,pending,,pending,ugv_heavy,8,PF,87989972,1.5
ue6_qfi2,16.647,25.65,27.605,28.68,ok,0.0024813943651280845,ok,ue5_qfi9,0,1,4,1014.5,data,ok,2.0,False,,proxy,3,0,,ue1_qfi2,1.0,152,150.0,ok,,ue6_qfi2,31.484,ok,,6,ok,6,,ue2_qfi2,0.9631464000000001,ok,0.9869939357127471,proxy,5,0.9852916407618397,40540988.8,ok,0.008138636363636364,ok,0.7014204545454545,0.0729375,ok,ue1_qfi82,0.0,99,10.0,data,ok,0.0,ue4_qfi9,19.25,ok,,30.4,ue1_qfi2,0,0.0,0.0,30.303,ok,33.0,,pending,,pending,ugv_heavy,8,Reservation,87989972,1.5
ue5_qfi1,17.75,26.5,43.0,43.0,ok,0.0019311003460719862,ok,ue7_qfi82,0,1,1,1308.2500000000002,data,ok,2.0,False,,proxy,3,0,,ue6_qfi2,0.993421052631579,152,150.0,ok,,ue6_qfi2,30.712,ok,,6,ok,6,,ue2_qfi2,0.9645162666666666,ok,0.9776668120941648,proxy,5,0.9546947692313297,40560185.6,ok,0.007884090909090908,ok,0.6738147727272727,0.05539375,ok,ue1_qfi82,0.0,99,10.0,data,ok,0.0,ue5_qfi1,25.25,ok,,30.4,ue1_qfi2,0,0.0,0.0,30.303,ok,33.0,,pending,,pending,ugv_heavy,8,TwoTier,87989972,1.5
ue6_qfi2,17.557,24.696,27.07,28.447,ok,0.0017484962218787903,ok,ue5_qfi9,0,2,4,1007.4999999999999,data,ok,2.0,False,,proxy,3,0,,ue2_qfi2,0.993421052631579,152,150.0,ok,,ue6_qfi2,29.494,ok,,6,ok,6,,ue1_qfi2,0.9653925333333334,ok,0.9933369543802992,proxy,5,0.9906926049498368,40733142.4,ok,0.007725,ok,0.6161727272727273,0.0570140625,ok,ue1_qfi82,0.0,99,10.0,data,ok,0.0,ue4_qfi9,21.25,ok,,30.2,ue6_qfi2,1,71.25,71.25,30.303,ok,33.0,,pending,,pending,ugv_heavy,8,PF,161576974,1.5
ue6_qfi2,16.802,25.635,27.704,29.25,ok,0.002580160403168153,ok,ue5_qfi9,0,1,4,1007.7500000000001,data,ok,2.0,False,,proxy,3,0,,ue4_qfi2,0.993421052631579,152,150.0,ok,,ue6_qfi2,31.526,ok,,6,ok,6,,ue1_qfi2,0.9653925333333334,ok,0.9813079565317271,proxy,5,0.9713950454144996,40692441.6,ok,0.007902272727272727,ok,0.7048022727272727,0.075140625,ok,ue1_qfi82,0.0,99,10.0,data,ok,0.0,ue5_qfi9,22.25,ok,,30.4,ue1_qfi2,0,0.0,0.0,30.303,ok,33.0,,pending,,pending,ugv_heavy,8,Reservation,161576974,1.5
ue5_qfi1,15.5,28.0,48.25,48.25,ok,0.0020001173218127913,ok,ue7_qfi82,0,1,1,1306.5000000000007,data,ok,2.0,False,,proxy,3,0,,ue3_qfi2,0.993421052631579,152,150.0,ok,,ue6_qfi2,31.541,ok,,6,ok,6,,ue1_qfi2,0.9653925333333334,ok,0.9794640576416761,proxy,5,0.9535530920874781,40723532.8,ok,0.008206818181818181,ok,0.6781613636363636,0.057525,ok,ue1_qfi82,0.0,99,10.0,data,ok,0.0,ue5_qfi1,32.75,ok,,30.2,ue3_qfi2,1,78.0,78.0,30.303,ok,33.0,,pending,,pending,ugv_heavy,8,TwoTier,161576974,1.5
ue6_qfi2,16.572,23.802,26.336,27.44,ok,0.0017796519987467317,ok,ue3_qfi85,0,1,1,1413.75,data,ok,2.0,False,,proxy,3,0,,ue1_qfi2,1.0,152,150.0,ok,,ue6_qfi2,29.246,ok,,6,ok,6,,ue2_qfi2,0.9558064000000001,ok,0.9933045869827211,proxy,5,0.9924110293237294,40420608.0,ok,0.007797727272727273,ok,0.6037272727272728,0.0565046875,ok,ue1_qfi82,0.0,99,10.0,data,ok,0.0,ue5_qfi1,24.75,ok,,30.4,ue1_qfi2,0,0.0,0.0,30.303,ok,33.0,,pending,,pending,ugv_heavy,8,PF,35492826,1.5
ue6_qfi2,16.124,24.523,26.69,28.567,ok,0.0024024190054134807,ok,ue3_qfi85,0,1,1,1413.75,data,ok,2.0,False,,proxy,3,0,,ue1_qfi2,1.0,151,150.0,ok,,ue6_qfi2,31.155,ok,,6,ok,6,,ue2_qfi2,0.9555421333333333,ok,0.9882723153773169,proxy,5,0.9867153618161749,40363081.6,ok,0.007925,ok,0.6954306818181818,0.0742234375,ok,ue1_qfi82,0.0,99,10.0,data,ok,0.0,ue5_qfi9,21.25,ok,,30.2,ue1_qfi2,0,0.0,0.0,30.303,ok,33.0,,pending,,pending,ugv_heavy,8,Reservation,35492826,1.5
ue6_qfi2,16.783,24.584,26.477,27.388,ok,0.001932826059258042,ok,ue3_qfi85,0,1,1,1413.75,data,ok,2.0,False,,proxy,3,0,,ue2_qfi2,0.993421052631579,152,150.0,ok,,ue6_qfi2,28.75,ok,,6,ok,6,,ue2_qfi2,0.9549749333333333,ok,0.9805984447931669,proxy,5,0.9560448941084093,40384388.8,ok,0.007872727272727273,ok,0.6659772727272727,0.056978125,ok,ue1_qfi82,0.0,99,10.0,data,ok,0.0,ue2_qfi9,18.75,ok,,30.2,ue2_qfi2,1,68.0,68.0,30.303,ok,33.0,,pending,,pending,ugv_heavy,8,TwoTier,35492826,1.5
ue6_qfi2,16.83,23.666,26.256,27.897,ok,0.001820583506535973,ok,ue3_qfi85,1,1,1,3791.2500000000005,data,ok,2.0,False,,proxy,3,0,,ue1_qfi2,1.0,152,150.0,ok,,ue6_qfi2,30.76,ok,,6,ok,6,,ue3_qfi2,0.9579578666666667,ok,0.993194963374056,proxy,5,0.9918790438643325,40423945.6,ok,0.007720454545454545,ok,0.5980238636363636,0.055615625,ok,ue1_qfi82,0.0,99,10.0,data,ok,0.0,ue5_qfi1,21.5,ok,,30.4,ue1_qfi2,0,0.0,0.0,30.303,ok,33.0,,pending,,pending,ugv_heavy,8,PF,376383645,1.5
ue5_qfi9,7.25,28.0,28.0,28.0,ok,0.0025343279429766133,ok,ue3_qfi85,1,1,1,3791.2500000000005,data,ok,2.0,False,,proxy,3,0,,ue3_qfi2,0.993421052631579,152,150.0,ok,,ue6_qfi2,29.946,ok,,6,ok,6,,ue3_qfi2,0.9579250666666668,ok,0.986929829316505,proxy,5,0.9856093972928972,40376208.0,ok,0.008009090909090908,ok,0.6907886363636364,0.0738921875,ok,ue1_qfi82,0.0,99,10.0,data,ok,0.0,ue5_qfi9,20.75,ok,,30.2,ue3_qfi2,1,76.5,76.5,30.303,ok,33.0,,pending,,pending,ugv_heavy,8,Reservation,376383645,1.5
ue5_qfi1,15.5,28.0,31.5,31.5,ok,0.0020090697316513615,ok,ue3_qfi85,1,1,1,3792.5,data,ok,2.0,False,,proxy,3,0,,ue2_qfi2,0.993421052631579,152,150.0,ok,,ue6_qfi2,31.243,ok,,6,ok,6,,ue3_qfi2,0.9600421333333333,ok,0.9824914398021368,proxy,5,0.9723509582683872,40394302.4,ok,0.0073659090909090905,ok,0.6635818181818182,0.0569203125,ok,ue1_qfi82,0.0,99,10.0,data,ok,0.0,ue2_qfi9,19.5,ok,,30.4,ue1_qfi2,0,0.0,0.0,30.303,ok,33.0,,pending,,pending,ugv_heavy,8,TwoTier,376383645,1.5
ue6_qfi2,17.392,24.364,26.274,28.207,ok,0.00178271321392449,ok,ue2_qfi85,0,1,1,1251.2500000000002,data,ok,2.0,False,,proxy,3,0,,ue3_qfi2,0.993421052631579,152,150.0,ok,,ue6_qfi2,29.627,ok,,6,ok,6,,ue2_qfi2,0.9677648,ok,0.9931902959536923,proxy,5,0.9925423551713892,40825233.6,ok,0.007493181818181818,ok,0.6160102272727273,0.058046875,ok,ue1_qfi82,0.0,99,10.0,data,ok,0.0,ue5_qfi1,21.0,ok,,30.2,ue6_qfi2,1,67.5,67.5,30.303,ok,33.0,,pending,,pending,ugv_heavy,8,PF,1746484539,1.5
ue6_qfi2,17.307,25.35,28.093,29.52,ok,0.0024371971184510744,ok,ue2_qfi85,0,1,1,1251.2500000000002,data,ok,2.0,False,,proxy,3,0,,ue1_qfi2,0.9868421052631579,152,150.0,ok,,ue6_qfi2,31.781,ok,,6,ok,6,,ue2_qfi2,0.9669210666666668,ok,0.9876290663226935,proxy,5,0.986704595652383,40793440.0,ok,0.008052272727272727,ok,0.7081693181818182,0.0760625,ok,ue1_qfi82,0.0,99,10.0,data,ok,0.0,ue2_qfi9,19.0,ok,,30.0,ue1_qfi2,0,0.0,0.0,30.303,ok,33.0,,pending,,pending,ugv_heavy,8,Reservation,1746484539,1.5
ue5_qfi1,13.25,25.5,82.75,82.75,ok,0.0019894741054708696,ok,ue7_qfi82,0,2,2,1794.75,data,ok,2.0,False,,proxy,3,0,,ue4_qfi2,0.993421052631579,152,150.0,ok,,ue6_qfi2,30.591,ok,,6,ok,6,,ue2_qfi2,0.9688706666666667,ok,0.9762294942856865,proxy,5,0.9645721590171031,40779136.0,ok,0.0077,ok,0.6798931818181818,0.0581578125,ok,ue1_qfi82,0.0,99,10.0,data,ok,0.0,ue5_qfi1,69.5,ok,,30.2,ue4_qfi2,1,72.0,72.0,30.303,ok,33.0,,pending,,pending,ugv_heavy,8,TwoTier,1746484539,1.5
ue3_qfi1,0.5,12.75,17.75,17.75,ok,0.0007283060334705817,ok,ue4_qfi9,0,1,4,1002.7500000000002,data,ok,2.0,False,,proxy,3,0,,ue1_qfi2,1.0,152,150.0,ok,,ue5_qfi2,19.253,ok,,5,ok,5,,ue3_qfi2,0.9653044000000001,ok,0.9992762843404103,proxy,5,0.9987315051193357,22946627.2,ok,0.009036363636363636,ok,0.34099318181818183,0.037715625,ok,ue1_qfi82,0.0,99,10.0,data,ok,0.0,ue3_qfi1,17.25,ok,,30.4,ue1_qfi2,0,0.0,0.0,30.303,ok,33.0,,pending,,pending,mixed,8,PF,1826701614,1.0
ue1_qfi2,8.48,16.933,19.282,20.693,ok,0.0012709800734379659,ok,ue3_qfi9,0,2,4,1007.4999999999999,data,ok,2.0,False,,proxy,3,0,,ue1_qfi2,1.0,152,150.0,ok,,ue1_qfi2,21.344,ok,,5,ok,5,,ue3_qfi2,0.9653044000000001,ok,0.997802756621725,proxy,5,0.9968516899466048,22933611.2,ok,0.010286363636363637,ok,0.41659772727272726,0.045540625,ok,ue1_qfi82,0.0,99,10.0,data,ok,0.0,ue3_qfi9,19.75,ok,,30.4,ue1_qfi2,0,0.0,0.0,30.303,ok,33.0,,pending,,pending,mixed,8,Reservation,1826701614,1.0
ue3_qfi1,1.0,15.25,18.5,18.5,ok,0.0007536281333689032,ok,ue4_qfi9,0,2,4,1004.9999999999999,data,ok,2.0,False,,proxy,3,0,,ue2_qfi2,0.993421052631579,152,150.0,ok,,ue5_qfi2,18.019,ok,,5,ok,5,,ue3_qfi2,0.9653044000000001,ok,0.9991060025416483,proxy,5,0.9982912323455925,22942886.400000002,ok,0.009525,ok,0.3691238636363636,0.037890625,ok,ue1_qfi82,0.0,99,10.0,data,ok,0.0,ue3_qfi1,17.5,ok,,30.4,ue1_qfi2,0,0.0,0.0,30.303,ok,33.0,,pending,,pending,mixed,8,TwoTier,1826701614,1.0
ue5_qfi2,9.445,15.0,16.993,18.448,ok,0.0007142111610392145,ok,ue1_qfi85,0,1,1,1676.0000000000002,data,ok,2.0,False,,proxy,3,0,,ue2_qfi2,0.993421052631579,152,150.0,ok,,ue5_qfi2,18.967,ok,,5,ok,5,,ue2_qfi2,0.9577055999999999,ok,0.99920081915125,proxy,5,0.9990558610110023,22993748.8,ok,0.009502272727272727,ok,0.3493659090909091,0.039084375,ok,ue1_qfi82,0.0,99,10.0,data,ok,0.0,ue3_qfi1,15.0,ok,,30.4,ue1_qfi2,0,0.0,0.0,30.303,ok,33.0,,pending,,pending,mixed,8,PF,1367864806,1.0
ue1_qfi2,8.554,17.247,19.42,20.62,ok,0.001241273998178389,ok,ue1_qfi85,0,1,1,1676.0000000000002,data,ok,2.0,False,,proxy,3,0,,ue1_qfi2,0.993421052631579,152,150.0,ok,,ue1_qfi2,21.393,ok,,5,ok,5,,ue2_qfi2,0.9581656,ok,0.9977776625645692,proxy,5,0.9965265330076631,22980460.8,ok,0.010154545454545454,ok,0.42333295454545455,0.0474296875,ok,ue1_qfi82,0.0,99,10.0,data,ok,0.0,ue1_qfi9,16.75,ok,,30.2,ue1_qfi2,1,67.25,67.25,30.303,ok,33.0,,pending,,pending,mixed,8,Reservation,1367864806,1.0
ue4_qfi1,1.0,13.5,18.0,18.0,ok,0.0007002693033279896,ok,ue1_qfi85,0,1,1,1676.0000000000002,data,ok,2.0,False,,proxy,3,0,,ue1_qfi2,1.0,152,150.0,ok,,ue5_qfi2,19.136,ok,,5,ok,5,,ue2_qfi2,0.9581656,ok,0.9992212072465799,proxy,5,0.998780509134606,22998176.0,ok,0.009313636363636364,ok,0.3786340909090909,0.039075,ok,ue1_qfi82,0.0,99,10.0,data,ok,0.0,ue3_qfi1,17.25,ok,,30.4,ue1_qfi2,0,0.0,0.0,30.303,ok,33.0,,pending,,pending,mixed,8,TwoTier,1367864806,1.0
ue5_qfi2,10.205,16.007,18.089,19.719,ok,0.0008386454840496561,ok,ue4_qfi9,0,1,4,1007.4999999999999,data,ok,2.0,False,,proxy,3,0,,ue4_qfi2,0.993421052631579,152,150.0,ok,,ue5_qfi2,20.338,ok,,5,ok,5,,ue3_qfi2,0.9655964,ok,0.99901165494712,proxy,5,0.9984205170479336,23017812.8,ok,0.009068181818181819,ok,0.36408295454545453,0.0437203125,ok,ue1_qfi82,0.0,99,10.0,data,ok,0.0,ue4_qfi1,17.25,ok,,30.2,ue4_qfi2,1,66.75,66.75,30.303,ok,33.0,,pending,,pending,mixed,8,PF,1097657231,1.0
ue5_qfi2,9.496,16.129,18.458,19.955,ok,0.001223850943998973,ok,ue4_qfi9,0,1,4,1008.5000000000002,data,ok,2.0,False,,proxy,3,0,,ue1_qfi2,0.993421052631579,152,150.0,ok,,ue5_qfi2,21.976,ok,,5,ok,5,,ue3_qfi2,0.9655964,ok,0.9977828309343785,proxy,5,0.9972254838965217,23006977.6,ok,0.010215909090909091,ok,0.4403090909090909,0.054109375,ok,ue1_qfi82,0.0,99,10.0,data,ok,0.0,ue4_qfi9,16.75,ok,,30.2,ue1_qfi2,0,0.0,0.0,30.303,ok,33.0,,pending,,pending,mixed,8,Reservation,1097657231,1.0
ue5_qfi2,8.969,15.879,18.0,19.249,ok,0.0007363458813069886,ok,ue4_qfi9,0,1,4,1014.7499999999998,data,ok,2.0,False,,proxy,3,0,,ue1_qfi2,1.0,152,150.0,ok,,ue5_qfi2,20.538,ok,,5,ok,5,,ue3_qfi2,0.9655964,ok,0.9991097855885303,proxy,5,0.9987797518769266,23023502.4,ok,0.008986363636363636,ok,0.39620795454545454,0.0442765625,ok,ue1_qfi82,0.0,99,10.0,data,ok,0.0,ue4_qfi1,17.0,ok,,30.4,ue1_qfi2,0,0.0,0.0,30.303,ok,33.0,,pending,,pending,mixed,8,TwoTier,1097657231,1.0
ue3_qfi1,0.75,13.25,18.0,18.0,ok,0.0007066990931285799,ok,ue5_qfi82,0,1,4,1001.5,data,ok,2.0,False,,proxy,3,0,,ue1_qfi2,1.0,152,150.0,ok,,ue5_qfi2,18.92,ok,,5,ok,5,,ue3_qfi2,0.9696728,ok,0.999166475396542,proxy,5,0.9987624889787399,23002310.4,ok,0.009031818181818183,ok,0.3505556818181818,0.04009375,ok,ue1_qfi82,0.0,99,10.0,data,ok,0.0,ue3_qfi1,17.25,ok,,30.4,ue1_qfi2,0,0.0,0.0,30.303,ok,33.0,,pending,,pending,mixed,8,PF,579362555,1.0
ue2_qfi2,8.473,16.775,19.285,20.369,ok,0.0011757066144828675,ok,ue3_qfi9,0,1,4,1005.5000000000001,data,ok,2.0,False,,proxy,3,0,,ue1_qfi2,1.0,152,150.0,ok,,ue1_qfi2,21.269,ok,,5,ok,5,,ue3_qfi2,0.9696728,ok,0.997982607926188,proxy,5,0.997541996147833,22989344.0,ok,0.010254545454545454,ok,0.42596477272727273,0.0493046875,ok,ue1_qfi82,0.0,99,10.0,data,ok,0.0,ue2_qfi9,17.25,ok,,30.4,ue1_qfi2,0,0.0,0.0,30.303,ok,33.0,,pending,,pending,mixed,8,Reservation,579362555,1.0
ue4_qfi1,1.0,18.0,18.0,18.0,ok,0.0006667031843818367,ok,ue3_qfi9,0,1,4,1005.2499999999998,data,ok,2.0,False,,proxy,3,0,,ue4_qfi2,0.993421052631579,152,150.0,ok,,ue5_qfi2,19.061,ok,,5,ok,5,,ue3_qfi2,0.9696728,ok,0.9991533512813211,proxy,5,0.9986740907197424,23002875.2,ok,0.009093181818181818,ok,0.3811818181818182,0.0400828125,ok,ue1_qfi82,0.0,99,10.0,data,ok,0.0,ue3_qfi1,17.0,ok,,30.4,ue1_qfi2,0,0.0,0.0,30.303,ok,33.0,,pending,,pending,mixed,8,TwoTier,579362555,1.0
ue2_qfi2,7.1,15.341,17.5,18.707,ok,0.0007812703745598225,ok,ue3_qfi9,0,2,4,1007.7500000000001,data,ok,2.0,False,,proxy,3,0,,ue1_qfi2,1.0,152,150.0,ok,,ue5_qfi2,19.065,ok,,5,ok,5,,ue2_qfi2,0.9648444,ok,0.9990764442476735,proxy,5,0.9987524302611042,22990028.8,ok,0.009177272727272727,ok,0.3381375,0.0370328125,ok,ue1_qfi82,0.0,99,10.0,data,ok,0.0,ue2_qfi9,14.75,ok,,30.4,ue1_qfi2,0,0.0,0.0,30.303,ok,33.0,,pending,,pending,mixed,8,PF,661058651,1.0
ue2_qfi2,8.968,17.267,19.0,20.646,ok,0.0012161733318580036,ok,ue3_qfi9,0,2,4,1005.2500000000002,data,ok,2.0,False,,proxy,3,0,,ue3_qfi2,0.993421052631579,152,150.0,ok,,ue2_qfi2,21.361,ok,,5,ok,5,,ue2_qfi2,0.9648444,ok,0.9979273702758821,proxy,5,0.9974398160408484,22979980.8,ok,0.010172727272727273,ok,0.41409090909090907,0.045125,ok,ue1_qfi82,0.0,99,10.0,data,ok,0.0,ue4_qfi1,17.25,ok,,30.2,ue3_qfi2,1,68.5,68.5,30.303,ok,33.0,,pending,,pending,mixed,8,Reservation,661058651,1.0
ue4_qfi1,1.0,15.25,17.75,17.75,ok,0.0007308825194320173,ok,ue3_qfi9,0,1,4,1012.2500000000003,data,ok,2.0,False,,proxy,3,0,,ue1_qfi2,1.0,152,150.0,ok,,ue5_qfi2,19.073,ok,,5,ok,5,,ue2_qfi2,0.9648444,ok,0.9992787757434458,proxy,5,0.9988540237620259,22992680.0,ok,0.009059090909090909,ok,0.36652045454545457,0.037609375,ok,ue1_qfi82,0.0,99,10.0,data,ok,0.0,ue4_qfi1,16.75,ok,,30.4,ue1_qfi2,0,0.0,0.0,30.303,ok,33.0,,pending,,pending,mixed,8,TwoTier,661058651,1.0
ue2_qfi2,8.07,16.053,17.5,19.108,ok,0.0008992767974402646,ok,ue3_qfi9,0,2,4,1007.4999999999999,data,ok,2.0,False,,proxy,3,0,,ue4_qfi2,0.993421052631579,152,150.0,ok,,ue2_qfi2,19.841,ok,,5,ok,5,,ue4_qfi2,0.9681784,ok,0.9909097697580427,proxy,5,0.9588100451432963,22832198.4,ok,0.009177272727272727,ok,0.3455625,0.0388453125,ok,ue1_qfi82,0.0,99,10.0,data,ok,0.0,ue4_qfi1,18.0,ok,,30.2,ue4_qfi2,1,67.25,67.25,30.303,ok,33.0,,pending,,pending,mixed,8,PF,87989972,1.0
ue1_qfi2,8.433,16.59,18.959,20.666,ok,0.001338954431024875,ok,ue4_qfi9,0,1,4,1006.2500000000001,data,ok,2.0,False,,proxy,3,0,,ue1_qfi2,1.0,152,150.0,ok,,ue1_qfi2,21.336,ok,,5,ok,5,,ue4_qfi2,0.9698116,ok,0.9893491387246854,proxy,5,0.9568425024638355,22825545.6,ok,0.010104545454545455,ok,0.42117954545454545,0.0479875,ok,ue1_qfi82,0.0,99,10.0,data,ok,0.0,ue4_qfi1,17.5,ok,,30.4,ue1_qfi2,0,0.0,0.0,30.303,ok,33.0,,pending,,pending,mixed,8,Reservation,87989972,1.0
ue3_qfi1,1.25,15.5,18.25,18.25,ok,0.0007434093137606688,ok,ue3_qfi9,0,1,4,1002.9999999999997,data,ok,2.0,False,,proxy,3,0,,ue3_qfi2,0.993421052631579,152,150.0,ok,,ue5_qfi2,19.234,ok,,5,ok,5,,ue4_qfi2,0.9698116,ok,0.9909037694595858,proxy,5,0.9590884638864269,22835734.4,ok,0.009443181818181818,ok,0.37720227272727275,0.039425,ok,ue1_qfi82,0.0,99,10.0,data,ok,0.0,ue3_qfi1,17.0,ok,,30.4,ue1_qfi2,0,0.0,0.0,30.303,ok,33.0,,pending,,pending,mixed,8,TwoTier,87989972,1.0
ue4_qfi9,0.75,18.0,18.0,18.0,ok,0.0007626159320740859,ok,ue4_qfi9,0,1,4,1007.7500000000001,data,ok,2.0,False,,proxy,3,0,,ue1_qfi2,0.993421052631579,152,150.0,ok,,ue5_qfi2,19.037,ok,,5,ok,5,,ue4_qfi2,0.9751364,ok,0.9991970168206656,proxy,5,0.9988921080208711,23066971.2,ok,0.009663636363636364,ok,0.3484909090909091,0.0386375,ok,ue1_qfi82,0.0,99,10.0,data,ok,0.0,ue4_qfi9,17.25,ok,,30.2,ue1_qfi2,0,0.0,0.0,30.303,ok,33.0,,pending,,pending,mixed,8,PF,161576974,1.0
ue1_qfi2,8.755,17.163,18.47,20.167,ok,0.0011664339044009432,ok,ue4_qfi9,0,2,4,1007.0000000000001,data,ok,2.0,False,,proxy,3,0,,ue1_qfi2,1.0,152,150.0,ok,,ue1_qfi2,20.37,ok,,5,ok,5,,ue4_qfi2,0.9751364,ok,0.9979963087905583,proxy,5,0.9971184854859644,23055851.2,ok,0.010852272727272728,ok,0.42310681818181817,0.0473703125,ok,ue1_qfi82,0.0,99,10.0,data,ok,0.0,ue3_qfi1,17.0,ok,,30.4,ue1_qfi2,0,0.0,0.0,30.303,ok,33.0,,pending,,pending,mixed,8,Reservation,161576974,1.0
ue3_qfi9,0.75,18.25,18.25,18.25,ok,0.0007048577858606277,ok,ue4_qfi9,0,1,4,1010.2499999999997,data,ok,2.0,False,,proxy,3,0,,ue1_qfi2,1.0,152,150.0,ok,,ue5_qfi2,18.989,ok,,5,ok,5,,ue4_qfi2,0.9751364,ok,0.9991580974427008,proxy,5,0.9985822391370689,23066252.8,ok,0.009375,ok,0.3787125,0.038646875,ok,ue1_qfi82,0.0,99,10.0,data,ok,0.0,ue3_qfi9,17.5,ok,,30.4,ue1_qfi2,0,0.0,0.0,30.303,ok,33.0,,pending,,pending,mixed,8,TwoTier,161576974,1.0
ue4_qfi9,1.0,19.0,19.0,19.0,ok,0.0008328698765134648,ok,ue4_qfi9,0,1,4,1007.4999999999999,data,ok,2.0,False,,proxy,3,0,,ue2_qfi2,0.993421052631579,152,150.0,ok,,ue5_qfi2,20.765,ok,,5,ok,5,,ue2_qfi2,0.9619184000000001,ok,0.9989214815065586,proxy,5,0.9984969364868495,23051804.8,ok,0.009034090909090908,ok,0.3508545454545455,0.0402046875,ok,ue1_qfi82,0.0,99,10.0,data,ok,0.0,ue4_qfi9,18.0,ok,,30.2,ue2_qfi2,1,66.75,66.75,30.303,ok,33.0,,pending,,pending,mixed,8,PF,35492826,1.0
ue1_qfi2,9.028,17.585,19.676,21.344,ok,0.001153996734076194,ok,ue4_qfi9,0,1,4,1007.7500000000001,data,ok,2.0,False,,proxy,3,0,,ue1_qfi2,1.0,152,150.0,ok,,ue1_qfi2,21.773,ok,,5,ok,5,,ue2_qfi2,0.9619652,ok,0.9980425685554806,proxy,5,0.9972816275906354,23044168.0,ok,0.010134090909090909,ok,0.42475454545454544,0.048978125,ok,ue1_qfi82,0.0,99,10.0,data,ok,0.0,ue1_qfi9,17.0,ok,,30.4,ue1_qfi2,0,0.0,0.0,30.303,ok,33.0,,pending,,pending,mixed,8,Reservation,35492826,1.0
ue4_qfi1,1.5,15.5,17.75,17.75,ok,0.0006572210673614141,ok,ue4_qfi9,0,1,4,1012.2500000000003,data,ok,2.0,False,,proxy,3,0,,ue1_qfi2,1.0,152,150.0,ok,,ue5_qfi2,19.314,ok,,5,ok,5,,ue2_qfi2,0.9620384000000001,ok,0.9992954901619153,proxy,5,0.9990532064911742,23054312.0,ok,0.009097727272727273,ok,0.38194545454545453,0.040759375,ok,ue1_qfi82,0.0,99,10.0,data,ok,0.0,ue3_qfi1,16.5,ok,,30.4,ue1_qfi2,0,0.0,0.0,30.303,ok,33.0,,pending,,pending,mixed,8,TwoTier,35492826,1.0
ue5_qfi2,9.517,14.671,16.644,18.156,ok,0.000755851308227528,ok,ue3_qfi9,0,1,4,1007.2499999999995,data,ok,2.0,False,,proxy,3,0,,ue1_qfi2,1.0,152,150.0,ok,,ue5_qfi2,19.365,ok,,5,ok,5,,ue1_qfi2,0.9677784,ok,0.9992392569017496,proxy,5,0.9989575773025553,22922852.8,ok,0.009379545454545455,ok,0.3490420454545455,0.037703125,ok,ue1_qfi82,0.0,99,10.0,data,ok,0.0,ue3_qfi1,14.5,ok,,30.4,ue1_qfi2,0,0.0,0.0,30.303,ok,33.0,,pending,,pending,mixed,8,PF,376383645,1.0
ue2_qfi2,8.688,17.06,18.911,20.65,ok,0.001263304760326831,ok,ue3_qfi9,0,2,4,1007.25,data,ok,2.0,False,,proxy,3,0,,ue1_qfi2,1.0,152,150.0,ok,,ue2_qfi2,20.935,ok,,5,ok,5,,ue1_qfi2,0.9677784,ok,0.9976580707324837,proxy,5,0.9972308608208758,22907856.0,ok,0.010243181818181818,ok,0.42343522727272725,0.046653125,ok,ue1_qfi82,0.0,99,10.0,data,ok,0.0,ue3_qfi1,17.75,ok,,30.4,ue1_qfi2,0,0.0,0.0,30.303,ok,33.0,,pending,,pending,mixed,8,Reservation,376383645,1.0
ue3_qfi1,1.25,17.75,20.25,20.25,ok,0.0006584670315531961,ok,ue3_qfi9,0,1,4,1014.7499999999998,data,ok,2.0,False,,proxy,3,0,,ue1_qfi2,1.0,152,150.0,ok,,ue5_qfi2,18.278,ok,,5,ok,5,,ue1_qfi2,0.9677784,ok,0.9994268508805307,proxy,5,0.9992149132785421,22924620.8,ok,0.009409090909090909,ok,0.3797556818181818,0.0377625,ok,ue1_qfi82,0.0,99,10.0,data,ok,0.0,ue3_qfi1,19.0,ok,,30.4,ue1_qfi2,0,0.0,0.0,30.303,ok,33.0,,pending,,pending,mixed,8,TwoTier,376383645,1.0
ue5_qfi2,8.931,14.284,16.25,17.613,ok,0.0007405346820557688,ok,ue2_qfi85,0,1,1,1718.25,data,ok,2.0,False,,proxy,3,0,,ue1_qfi2,1.0,152,150.0,ok,,ue5_qfi2,18.75,ok,,5,ok,5,,ue4_qfi2,0.9736504,ok,0.9990913331658359,proxy,5,0.998443694723476,22961976.0,ok,0.009484090909090909,ok,0.3462545454545455,0.038246875,ok,ue1_qfi82,0.0,99,10.0,data,ok,0.0,ue2_qfi9,14.5,ok,,30.4,ue1_qfi2,0,0.0,0.0,30.303,ok,33.0,,pending,,pending,mixed,8,PF,1746484539,1.0
ue2_qfi2,8.83,17.438,18.844,20.393,ok,0.0012678435859251257,ok,ue2_qfi85,0,1,1,1720.0,data,ok,2.0,False,,proxy,3,0,,ue1_qfi2,0.993421052631579,152,150.0,ok,,ue2_qfi2,21.143,ok,,5,ok,5,,ue4_qfi2,0.9736504,ok,0.9976789588090339,proxy,5,0.9970141457136856,22950625.6,ok,0.01035909090909091,ok,0.42306363636363636,0.046784375,ok,ue1_qfi82,0.0,99,10.0,data,ok,0.0,ue1_qfi9,17.0,ok,,30.2,ue1_qfi2,1,67.75,67.75,30.303,ok,33.0,,pending,,pending,mixed,8,Reservation,1746484539,1.0
ue4_qfi1,1.0,15.5,18.0,18.0,ok,0.0007852329149531976,ok,ue2_qfi85,0,1,1,1716.9999999999998,data,ok,2.0,False,,proxy,3,0,,ue1_qfi2,1.0,152,150.0,ok,,ue2_qfi2,18.249,ok,,5,ok,5,,ue4_qfi2,0.9736504,ok,0.9990398486482018,proxy,5,0.998204647320496,22964971.2,ok,0.00920909090909091,ok,0.37658522727272725,0.0387984375,ok,ue1_qfi82,0.0,99,10.0,data,ok,0.0,ue4_qfi1,17.0,ok,,30.4,ue1_qfi2,0,0.0,0.0,30.303,ok,33.0,,pending,,pending,mixed,8,TwoTier,1746484539,1.0
ue5_qfi2,14.066,19.855,22.13,23.312,ok,0.000959147754432398,ok,ue4_qfi9,0,3,4,1004.2500000000003,data,ok,2.0,False,,proxy,3,0,,ue3_qfi2,0.993421052631579,152,150.0,ok,,ue5_qfi2,25.389,ok,,5,ok,5,,ue3_qfi2,0.9644650666666668,ok,0.9970183499341048,proxy,5,0.9954056519849401,33735294.4,ok,0.00926590909090909,ok,0.4864045454545455,0.0403984375,ok,ue1_qfi82,0.0,99,10.0,data,ok,0.0,ue3_qfi1,19.5,ok,,30.2,ue3_qfi2,1,66.75,66.75,30.303,ok,33.0,,pending,,pending,mixed,8,PF,1826701614,1.5
ue5_qfi2,13.404,20.667,22.684,24.62,ok,0.00135486244048987,ok,ue4_qfi9,0,1,4,1012.2500000000003,data,ok,2.0,False,,proxy,3,0,,ue1_qfi2,1.0,152,150.0,ok,,ue5_qfi2,26.389,ok,,5,ok,5,,ue3_qfi2,0.965312,ok,0.994100658209334,proxy,5,0.9935740201248873,33714323.2,ok,0.010356818181818182,ok,0.5593659090909091,0.0537796875,ok,ue1_qfi82,0.0,99,10.0,data,ok,0.0,ue3_qfi1,18.5,ok,,30.4,ue1_qfi2,0,0.0,0.0,30.303,ok,33.0,,pending,,pending,mixed,8,Reservation,1826701614,1.5
ue4_qfi1,8.0,20.75,25.5,25.5,ok,0.0009525242033556717,ok,ue4_qfi9,0,1,4,1015.4999999999999,data,ok,2.0,False,,proxy,3,0,,ue2_qfi2,0.993421052631579,152,150.0,ok,,ue5_qfi2,25.604,ok,,5,ok,5,,ue3_qfi2,0.965312,ok,0.9858462856494954,proxy,5,0.9650161674865072,33731646.4,ok,0.009311363636363637,ok,0.5211704545454545,0.0413546875,ok,ue1_qfi82,0.0,99,10.0,data,ok,0.0,ue3_qfi1,19.0,ok,,30.4,ue1_qfi2,0,0.0,0.0,30.303,ok,33.0,,pending,,pending,mixed,8,TwoTier,1826701614,1.5
ue5_qfi2,14.071,20.739,22.888,24.482,ok,0.0008936805282894971,ok,ue1_qfi85,0,1,1,1676.0000000000002,data,ok,2.0,False,,proxy,3,0,,ue1_qfi2,1.0,152,150.0,ok,,ue5_qfi2,26.739,ok,,5,ok,5,,ue2_qfi2,0.9581767999999999,ok,0.9973269565494988,proxy,5,0.9966071060451446,33810025.6,ok,0.009365909090909091,ok,0.49875909090909093,0.0423640625,ok,ue1_qfi82,0.0,99,10.0,data,ok,0.0,ue3_qfi1,17.75,ok,,30.4,ue1_qfi2,0,0.0,0.0,30.303,ok,33.0,,pending,,pending,mixed,8,PF,1367864806,1.5
ue5_qfi2,12.864,21.484,24.125,25.494,ok,0.0014333074881225983,ok,ue1_qfi85,0,1,1,1676.0000000000002,data,ok,2.0,False,,proxy,3,0,,ue1_qfi2,0.9868421052631579,152,150.0,ok,,ue5_qfi2,27.384,ok,,5,ok,5,,ue2_qfi2,0.9577325333333334,ok,0.9878052841890786,proxy,5,0.9643876103518417,33790388.800000004,ok,0.010238636363636363,ok,0.5722875,0.0568796875,ok,ue1_qfi82,0.0,99,10.0,data,ok,0.0,ue2_qfi9,18.25,ok,,30.0,ue1_qfi2,0,0.0,0.0,30.303,ok,33.0,,pending,,pending,mixed,8,Reservation,1367864806,1.5
ue4_qfi1,8.0,20.75,25.5,25.5,ok,0.0010085742995435418,ok,ue1_qfi85,0,1,1,1676.0000000000002,data,ok,2.0,False,,proxy,3,0,,ue1_qfi2,1.0,152,150.0,ok,,ue5_qfi2,26.386,ok,,5,ok,5,,ue2_qfi2,0.9581767999999999,ok,0.9841477309776809,proxy,5,0.9595151639166662,33818552.0,ok,0.009540909090909091,ok,0.5340886363636363,0.0426984375,ok,ue1_qfi82,0.0,99,10.0,data,ok,0.0,ue3_qfi1,21.75,ok,,30.4,ue1_qfi2,0,0.0,0.0,30.303,ok,33.0,,pending,,pending,mixed,8,TwoTier,1367864806,1.5
ue5_qfi2,14.999,22.148,24.463,26.167,ok,0.0010510148318895731,ok,ue4_qfi9,0,1,4,1012.2500000000003,data,ok,2.0,False,,proxy,3,0,,ue1_qfi2,1.0,152,150.0,ok,,ue5_qfi2,28.572,ok,,5,ok,5,,ue3_qfi2,0.9655253333333333,ok,0.9962619344104002,proxy,5,0.9955883484314302,33846459.2,ok,0.009636363636363636,ok,0.5204715909090909,0.0473625,ok,ue1_qfi82,0.0,99,10.0,data,ok,0.0,ue4_qfi9,18.0,ok,,30.4,ue1_qfi2,0,0.0,0.0,30.303,ok,33.0,,pending,,pending,mixed,8,PF,1097657231,1.5
ue5_qfi2,14.477,22.592,24.842,26.572,ok,0.0015072540708361674,ok,ue4_qfi9,0,1,4,1010.2499999999997,data,ok,2.0,False,,proxy,3,0,,ue4_qfi2,0.993421052631579,152,150.0,ok,,ue5_qfi2,29.0,ok,,5,ok,5,,ue3_qfi2,0.9656053333333333,ok,0.9925522662061346,proxy,5,0.9905896706192516,33800865.6,ok,0.010288636363636364,ok,0.5925852272727272,0.064190625,ok,ue1_qfi82,0.0,99,10.0,data,ok,0.0,ue4_qfi9,23.0,ok,,30.4,ue1_qfi2,0,0.0,0.0,30.303,ok,33.0,,pending,,pending,mixed,8,Reservation,1097657231,1.5
ue3_qfi1,7.75,25.25,25.75,25.75,ok,0.0010743016165231398,ok,ue4_qfi9,0,2,4,1015.25,data,ok,2.0,False,,proxy,3,0,,ue1_qfi2,1.0,152,150.0,ok,,ue5_qfi2,26.866,ok,,5,ok,5,,ue3_qfi2,0.9655328,ok,0.9874661678131144,proxy,5,0.9701881028562247,33823329.6,ok,0.00925,ok,0.5574602272727273,0.04876875,ok,ue1_qfi82,0.0,99,10.0,data,ok,0.0,ue3_qfi1,18.0,ok,,30.4,ue1_qfi2,0,0.0,0.0,30.303,ok,33.0,,pending,,pending,mixed,8,TwoTier,1097657231,1.5
ue5_qfi2,14.289,20.83,22.855,24.864,ok,0.0008711036498954595,ok,ue3_qfi9,0,2,4,1009.9999999999998,data,ok,2.0,False,,proxy,3,0,,ue5_qfi2,0.993421052631579,152,150.0,ok,,ue5_qfi2,26.75,ok,,5,ok,5,,ue3_qfi2,0.9696813333333333,ok,0.9973518227731499,proxy,5,0.9964007551120815,33820758.4,ok,0.009122727272727272,ok,0.5035204545454546,0.0439171875,ok,ue1_qfi82,0.0,99,10.0,data,ok,0.0,ue3_qfi1,22.5,ok,,30.4,ue1_qfi2,0,0.0,0.0,30.303,ok,33.0,,pending,,pending,mixed,8,PF,579362555,1.5
ue2_qfi2,11.223,21.246,24.138,24.96,ok,0.0014692164664188143,ok,ue3_qfi9,0,1,4,1015.0000000000001,data,ok,2.0,False,,proxy,3,0,,ue2_qfi2,0.993421052631579,152,150.0,ok,,ue5_qfi2,27.527,ok,,5,ok,5,,ue3_qfi2,0.9696813333333333,ok,0.9933576521763324,proxy,5,0.9915078167853865,33797811.2,ok,0.010088636363636364,ok,0.5751761363636364,0.05885,ok,ue1_qfi82,0.0,99,10.0,data,ok,0.0,ue4_qfi9,21.5,ok,,30.2,ue2_qfi2,1,72.0,72.0,30.303,ok,33.0,,pending,,pending,mixed,8,Reservation,579362555,1.5
ue5_qfi2,12.16,20.474,22.465,23.543,ok,0.000978377687715262,ok,ue3_qfi9,0,1,4,1009.7499999999999,data,ok,2.0,False,,proxy,3,0,,ue5_qfi2,0.993421052631579,152,150.0,ok,,ue5_qfi2,26.426,ok,,5,ok,5,,ue3_qfi2,0.9696813333333333,ok,0.976304005463788,proxy,5,0.9205744619975891,33828854.4,ok,0.009443181818181818,ok,0.5380897727272728,0.0440546875,ok,ue1_qfi82,0.0,99,10.0,data,ok,0.0,ue3_qfi1,18.25,ok,,30.2,ue5_qfi2,1,73.5,73.5,30.303,ok,33.0,,pending,,pending,mixed,8,TwoTier,579362555,1.5
ue5_qfi2,13.9,19.72,22.018,23.379,ok,0.0009260436569249731,ok,ue3_qfi9,0,2,4,1012.2499999999999,data,ok,2.0,False,,proxy,3,0,,ue2_qfi2,0.9868421052631579,152,150.0,ok,,ue5_qfi2,25.26,ok,,5,ok,5,,ue2_qfi2,0.963888,ok,0.9970220908608919,proxy,5,0.9958136646958773,33794547.2,ok,0.009402272727272728,ok,0.48227613636363637,0.0401625,ok,ue1_qfi82,0.0,99,10.0,data,ok,0.0,ue2_qfi9,17.25,ok,,30.4,ue1_qfi2,0,0.0,0.0,30.303,ok,33.0,,pending,,pending,mixed,8,PF,661058651,1.5
ue2_qfi2,11.67,21.287,22.979,24.5,ok,0.001496611100240964,ok,ue3_qfi9,0,2,4,1012.0,data,ok,2.0,False,,proxy,3,0,,ue3_qfi2,0.9868421052631579,152,150.0,ok,,ue5_qfi2,26.544,ok,,5,ok,5,,ue2_qfi2,0.9646589333333333,ok,0.9925727285858208,proxy,5,0.9908075175521834,33772102.4,ok,0.010225,ok,0.5570647727272727,0.05299375,ok,ue1_qfi82,0.0,99,10.0,data,ok,0.0,ue3_qfi9,19.25,ok,,30.4,ue1_qfi2,0,0.0,0.0,30.303,ok,33.0,,pending,,pending,mixed,8,Reservation,661058651,1.5
ue4_qfi1,8.0,20.5,23.0,23.0,ok,0.0009270889888142077,ok,ue3_qfi9,0,1,4,1017.4999999999997,data,ok,2.0,False,,proxy,3,0,,ue2_qfi2,0.993421052631579,152,150.0,ok,,ue5_qfi2,24.239,ok,,5,ok,5,,ue2_qfi2,0.9640095999999999,ok,0.9842142954496648,proxy,5,0.9596247153718276,33800254.4,ok,0.00930909090909091,ok,0.5166863636363637,0.0411125,ok,ue1_qfi82,0.0,99,10.0,data,ok,0.0,ue3_qfi1,19.5,ok,,30.2,ue5_qfi2,1,69.25,69.25,30.303,ok,33.0,,pending,,pending,mixed,8,TwoTier,661058651,1.5
ue5_qfi2,13.649,20.034,22.111,23.593,ok,0.0011056412657435306,ok,ue3_qfi9,0,2,4,1009.7499999999999,data,ok,2.0,False,,proxy,3,0,,ue3_qfi2,0.993421052631579,152,150.0,ok,,ue5_qfi2,25.446,ok,,5,ok,5,,ue4_qfi2,0.9698221333333333,ok,0.987686724806329,proxy,5,0.9541870092499356,33562649.6,ok,0.009375,ok,0.4923431818181818,0.041903125,ok,ue1_qfi82,0.0,99,10.0,data,ok,0.0,ue3_qfi1,19.75,ok,,30.4,ue1_qfi2,0,0.0,0.0,30.303,ok,33.0,,pending,,pending,mixed,8,PF,87989972,1.5
ue2_qfi2,11.798,21.372,23.412,25.345,ok,0.0015119854601841527,ok,ue3_qfi9,0,2,4,1010.7500000000002,data,ok,2.0,False,,proxy,3,0,,ue2_qfi2,0.993421052631579,152,150.0,ok,,ue5_qfi2,27.835,ok,,5,ok,5,,ue4_qfi2,0.9698221333333333,ok,0.9850068630381514,proxy,5,0.9523658371116858,33561000.0,ok,0.010206818181818181,ok,0.5700534090909091,0.0570578125,ok,ue1_qfi82,0.0,99,10.0,data,ok,0.0,ue4_qfi1,23.5,ok,,30.2,ue2_qfi2,1,67.25,67.25,30.303,ok,33.0,,pending,,pending,mixed,8,Reservation,87989972,1.5
ue3_qfi1,4.25,21.5,25.5,25.5,ok,0.0010250995662103044,ok,ue7_qfi82,0,1,1,1303.4999999999995,data,ok,2.0,False,,proxy,3,0,,ue1_qfi2,1.0,152,150.0,ok,,ue5_qfi2,26.093,ok,,5,ok,5,,ue4_qfi2,0.9698221333333333,ok,0.9704753246096427,proxy,5,0.9574258300570662,33584227.2,ok,0.00913409090909091,ok,0.5297193181818182,0.0431203125,ok,ue1_qfi82,0.0,99,10.0,data,ok,0.0,ue3_qfi1,21.25,ok,,30.4,ue1_qfi2,0,0.0,0.0,30.303,ok,33.0,,pending,,pending,mixed,8,TwoTier,87989972,1.5
ue5_qfi2,14.42,20.392,22.196,23.611,ok,0.0008194036518854365,ok,ue4_qfi9,0,3,4,1012.2500000000003,data,ok,2.0,False,,proxy,3,0,,ue1_qfi2,1.0,152,150.0,ok,,ue5_qfi2,25.506,ok,,5,ok,5,,ue4_qfi2,0.9751487999999999,ok,0.9976049493104643,proxy,5,0.9963110705358275,33927475.2,ok,0.009720454545454546,ok,0.49822727272727274,0.0423765625,ok,ue1_qfi82,0.0,99,10.0,data,ok,0.0,ue3_qfi1,22.0,ok,,30.4,ue1_qfi2,0,0.0,0.0,30.303,ok,33.0,,pending,,pending,mixed,8,PF,161576974,1.5
ue2_qfi2,10.547,20.472,23.0,24.899,ok,0.0015057831808041483,ok,ue4_qfi9,0,1,4,1017.2500000000002,data,ok,2.0,False,,proxy,3,0,,ue3_qfi2,0.993421052631579,152,150.0,ok,,ue5_qfi2,27.362,ok,,5,ok,5,,ue4_qfi2,0.9751487999999999,ok,0.9929988874929517,proxy,5,0.991102821975837,33877974.4,ok,0.010925,ok,0.5718147727272728,0.056203125,ok,ue1_qfi82,0.0,99,10.0,data,ok,0.0,ue3_qfi9,22.25,ok,,30.2,ue3_qfi2,1,69.75,69.75,30.303,ok,33.0,,pending,,pending,mixed,8,Reservation,161576974,1.5
ue3_qfi1,2.25,20.75,23.5,23.5,ok,0.000941935050364883,ok,ue7_qfi82,0,1,2,1303.75,data,ok,2.0,False,,proxy,3,0,,ue1_qfi2,1.0,152,150.0,ok,,ue5_qfi2,26.001,ok,,5,ok,5,,ue4_qfi2,0.9727914666666666,ok,0.9808260391530828,proxy,5,0.9665082433596893,33878657.6,ok,0.009681818181818182,ok,0.5324829545454546,0.042571875,ok,ue1_qfi82,0.0,99,10.0,data,ok,0.0,ue3_qfi1,21.25,ok,,30.4,ue1_qfi2,0,0.0,0.0,30.303,ok,33.0,,pending,,pending,mixed,8,TwoTier,161576974,1.5
ue5_qfi2,14.302,20.623,22.802,23.91,ok,0.0009751972567732287,ok,ue4_qfi9,0,1,4,1010.0000000000002,data,ok,2.0,False,,proxy,3,0,,ue2_qfi2,0.993421052631579,152,150.0,ok,,ue5_qfi2,26.714,ok,,5,ok,5,,ue2_qfi2,0.9611669333333333,ok,0.996826102027784,proxy,5,0.995247581880493,33901817.6,ok,0.009252272727272727,ok,0.5009193181818182,0.0429640625,ok,ue1_qfi82,0.0,99,10.0,data,ok,0.0,ue3_qfi1,21.25,ok,,30.2,ue2_qfi2,1,70.0,70.0,30.303,ok,33.0,,pending,,pending,mixed,8,PF,35492826,1.5
ue1_qfi2,11.882,21.628,23.75,24.75,ok,0.0014847212466623121,ok,ue4_qfi9,0,2,4,1012.4999999999998,data,ok,2.0,False,,proxy,3,0,,ue1_qfi2,1.0,152,150.0,ok,,ue1_qfi2,26.594,ok,,5,ok,5,,ue2_qfi2,0.9620506666666667,ok,0.993169115584535,proxy,5,0.9901525223260245,33888062.4,ok,0.010229545454545455,ok,0.5735397727272727,0.057696875,ok,ue1_qfi82,0.0,99,10.0,data,ok,0.0,ue4_qfi9,22.25,ok,,30.4,ue1_qfi2,0,0.0,0.0,30.303,ok,33.0,,pending,,pending,mixed,8,Reservation,35492826,1.5
ue3_qfi1,2.25,23.0,25.25,25.25,ok,0.0010572165602401996,ok,ue6_qfi82,0,1,1,1402.2500000000005,data,ok,2.0,False,,proxy,3,0,,ue1_qfi2,1.0,152,150.0,ok,,ue5_qfi2,25.744,ok,,5,ok,5,,ue2_qfi2,0.9620506666666667,ok,0.9729013601685447,proxy,5,0.9208368480288018,33904500.8,ok,0.009284090909090909,ok,0.5374363636363636,0.0438359375,ok,ue1_qfi82,0.0,99,10.0,data,ok,0.0,ue3_qfi1,23.0,ok,,30.4,ue1_qfi2,0,0.0,0.0,30.303,ok,33.0,,pending,,pending,mixed,8,TwoTier,35492826,1.5
ue5_qfi2,14.275,20.068,22.384,23.747,ok,0.000919517813736841,ok,ue3_qfi9,0,1,4,1009.7499999999999,data,ok,2.0,False,,proxy,3,0,,ue1_qfi2,1.0,152,150.0,ok,,ue5_qfi2,25.758,ok,,5,ok,5,,ue1_qfi2,0.9677869333333333,ok,0.9971362832937981,proxy,5,0.9962672307735776,33706308.8,ok,0.008961363636363637,ok,0.49845113636363636,0.0413890625,ok,ue1_qfi82,0.0,99,10.0,data,ok,0.0,ue3_qfi1,20.5,ok,,30.4,ue1_qfi2,0,0.0,0.0,30.303,ok,33.0,,pending,,pending,mixed,8,PF,376383645,1.5
ue5_qfi2,13.203,20.797,22.42,23.83,ok,0.001371066432654124,ok,ue3_qfi9,0,1,4,1012.75,data,ok,2.0,False,,proxy,3,0,,ue1_qfi2,1.0,152,150.0,ok,,ue5_qfi2,27.08,ok,,5,ok,5,,ue1_qfi2,0.9677869333333333,ok,0.9941027946385835,proxy,5,0.9928108138547416,33683568.0,ok,0.010661363636363637,ok,0.5716897727272727,0.0561421875,ok,ue1_qfi82,0.0,99,10.0,data,ok,0.0,ue4_qfi9,20.0,ok,,30.4,ue1_qfi2,0,0.0,0.0,30.303,ok,33.0,,pending,,pending,mixed,8,Reservation,376383645,1.5
ue3_qfi1,5.75,22.75,25.5,25.5,ok,0.000934188303176838,ok,ue3_qfi9,0,1,4,1022.2500000000001,data,ok,2.0,False,,proxy,3,0,,ue1_qfi2,0.993421052631579,152,150.0,ok,,ue5_qfi2,25.191,ok,,5,ok,5,,ue1_qfi2,0.9673634666666666,ok,0.9841689074456758,proxy,5,0.9599490315054496,33696409.6,ok,0.00935,ok,0.5348931818181818,0.0419859375,ok,ue1_qfi82,0.0,99,10.0,data,ok,0.0,ue3_qfi1,19.75,ok,,30.2,ue5_qfi2,1,69.75,69.75,30.303,ok,33.0,,pending,,pending,mixed,8,TwoTier,376383645,1.5
ue5_qfi2,13.781,20.17,21.921,23.42,ok,0.0010261961967819623,ok,ue2_qfi85,0,1,1,1717.2500000000002,data,ok,2.0,False,,proxy,3,0,,ue1_qfi2,1.0,152,150.0,ok,,ue5_qfi2,24.883,ok,,5,ok,5,,ue4_qfi2,0.9736584,ok,0.9963594312848876,proxy,5,0.994840293746229,33761060.800000004,ok,0.009431818181818182,ok,0.49317954545454545,0.0410578125,ok,ue1_qfi82,0.0,99,10.0,data,ok,0.0,ue4_qfi1,19.5,ok,,30.4,ue1_qfi2,0,0.0,0.0,30.303,ok,33.0,,pending,,pending,mixed,8,PF,1746484539,1.5
ue5_qfi2,12.715,20.17,23.145,24.8,ok,0.001412392309468448,ok,ue2_qfi85,0,1,1,1720.0,data,ok,2.0,False,,proxy,3,0,,ue1_qfi2,1.0,152,150.0,ok,,ue5_qfi2,26.492,ok,,5,ok,5,,ue4_qfi2,0.9734261333333333,ok,0.9931935717184794,proxy,5,0.9917726296188852,33727384.0,ok,0.010245454545454545,ok,0.5693840909090909,0.05509375,ok,ue1_qfi82,0.0,99,10.0,data,ok,0.0,ue3_qfi9,22.5,ok,,30.4,ue1_qfi2,0,0.0,0.0,30.303,ok,33.0,,pending,,pending,mixed,8,Reservation,1746484539,1.5
ue5_qfi2,12.082,20.02,21.659,23.905,ok,0.0009756590270205531,ok,ue2_qfi85,0,1,1,1720.0,data,ok,2.0,False,,proxy,3,0,,ue1_qfi2,1.0,152,150.0,ok,,ue5_qfi2,26.025,ok,,5,ok,5,,ue4_qfi2,0.9729912000000001,ok,0.9861981433866225,proxy,5,0.9694435957784325,33740779.2,ok,0.009386363636363637,ok,0.5278647727272727,0.042378125,ok,ue1_qfi82,0.0,99,10.0,data,ok,0.0,ue3_qfi1,21.5,ok,,30.4,ue1_qfi2,0,0.0,0.0,30.303,ok,33.0,,pending,,pending,mixed,8,TwoTier,1746484539,1.5
ue1_qfi2,4.048,9.5,10.59,11.5,ok,3.658431963134713e-05,ok,ue3_qfi82,0,1,4,1001.5,data,ok,2.0,False,,proxy,3,0,,ue1_qfi2,1.0,152,150.0,ok,,ue2_qfi2,11.75,ok,,3,ok,3,,ue1_qfi2,0.9598608000000001,ok,0.9999932508212813,proxy,5,0.9999825656025111,8746596.8,ok,0.03005681818181818,ok,0.1398840909090909,0.0490140625,ok,ue1_qfi82,0.0,99,10.0,data,ok,0.0,ue1_qfi9,8.75,ok,,30.4,ue1_qfi2,0,0.0,0.0,30.303,ok,33.0,,pending,,pending,sensor_dense,16,PF,1826701614,0.5
ue1_qfi2,5.026,11.527,12.353,13.75,ok,0.0,ok,ue2_qfi82,0,1,4,1001.5,data,ok,2.0,False,,proxy,3,0,,ue1_qfi2,1.0,152,150.0,ok,,ue1_qfi2,12.735,ok,,3,ok,3,,ue1_qfi2,0.9598608000000001,ok,0.9999917852199761,proxy,5,0.9999791589570711,8746880.0,ok,0.035936363636363634,ok,0.19560227272727274,0.0515390625,ok,ue1_qfi82,0.0,99,10.0,data,ok,0.0,ue1_qfi9,9.75,ok,,30.4,ue1_qfi2,0,0.0,0.0,30.303,ok,33.0,,pending,,pending,sensor_dense,16,Reservation,1826701614,0.5
ue1_qfi2,4.033,9.737,11.337,11.61,ok,3.658425271084739e-05,ok,ue2_qfi82,0,1,4,1001.5,data,ok,2.0,False,,proxy,3,0,,ue1_qfi2,1.0,152,150.0,ok,,ue1_qfi2,11.587,ok,,3,ok,3,,ue1_qfi2,0.9598608000000001,ok,0.9999941906860947,proxy,5,0.9999841601171494,8746612.8,ok,0.03015681818181818,ok,0.15056022727272728,0.0489859375,ok,ue1_qfi82,0.0,99,10.0,data,ok,0.0,ue1_qfi9,8.0,ok,,30.4,ue1_qfi2,0,0.0,0.0,30.303,ok,33.0,,pending,,pending,sensor_dense,16,TwoTier,1826701614,0.5
ue1_qfi2,3.362,9.29,10.28,11.602,ok,0.0,ok,ue1_qfi85,0,1,1,1061.2499999999998,data,ok,2.0,False,,proxy,3,0,,ue1_qfi2,1.0,152,150.0,ok,,ue1_qfi2,12.102,ok,,3,ok,3,,ue1_qfi2,0.9775904,ok,0.9999946430424094,proxy,5,0.9999920448791884,8798660.8,ok,0.029711363636363636,ok,0.14596136363636364,0.04980625,ok,ue1_qfi82,0.0,99,10.0,data,ok,0.0,ue1_qfi2,8.24,ok,,30.4,ue1_qfi2,0,0.0,0.0,30.303,ok,33.0,,pending,,pending,sensor_dense,16,PF,1367864806,0.5
ue1_qfi2,4.898,11.095,12.75,13.058,ok,0.0,ok,ue1_qfi85,0,1,1,1061.2499999999998,data,ok,2.0,False,,proxy,3,0,,ue1_qfi2,1.0,152,150.0,ok,,ue1_qfi2,13.117,ok,,3,ok,3,,ue1_qfi2,0.9775904,ok,0.9999935701975151,proxy,5,0.999985708881948,8798633.6,ok,0.035195454545454544,ok,0.1977806818181818,0.0525109375,ok,ue1_qfi82,0.0,99,10.0,data,ok,0.0,ue1_qfi9,9.75,ok,,30.4,ue1_qfi2,0,0.0,0.0,30.303,ok,33.0,,pending,,pending,sensor_dense,16,Reservation,1367864806,0.5
ue1_qfi2,3.727,9.369,10.153,11.352,ok,4.891641947811818e-05,ok,ue1_qfi85,0,1,1,1061.2499999999998,data,ok,2.0,False,,proxy,3,0,,ue1_qfi2,1.0,152,150.0,ok,,ue3_qfi2,11.936,ok,,3,ok,3,,ue1_qfi2,0.9775904,ok,0.9999914363129371,proxy,5,0.9999818561242303,8798251.2,ok,0.029743181818181818,ok,0.15461818181818182,0.0496625,ok,ue1_qfi82,0.0,99,10.0,data,ok,0.0,ue1_qfi9,7.75,ok,,30.4,ue1_qfi2,0,0.0,0.0,30.303,ok,33.0,,pending,,pending,sensor_dense,16,TwoTier,1367864806,0.5
ue1_qfi2,3.594,9.058,10.029,10.84,ok,0.0,ok,ue2_qfi82,0,1,4,1001.5,data,ok,2.0,False,,proxy,3,0,,ue1_qfi2,1.0,152,150.0,ok,,ue3_qfi2,10.763,ok,,3,ok,3,,ue1_qfi2,0.9690224000000001,ok,0.9999965832869743,proxy,5,0.9999917391471318,8748318.4,ok,0.029602272727272727,ok,0.1442375,0.0523953125,ok,ue1_qfi82,0.0,99,10.0,data,ok,0.0,ue1_qfi83,7.75,ok,,30.4,ue1_qfi2,0,0.0,0.0,30.303,ok,33.0,,pending,,pending,sensor_dense,16,PF,1097657231,0.5
ue1_qfi2,4.887,11.201,12.401,13.082,ok,3.6578458324059173e-05,ok,ue2_qfi82,0,1,4,1001.5,data,ok,2.0,False,,proxy,3,0,,ue1_qfi2,1.0,152,150.0,ok,,ue1_qfi2,12.772,ok,,3,ok,3,,ue1_qfi2,0.9690224000000001,ok,0.999996965532144,proxy,5,0.9999927790897039,8748318.4,ok,0.03544318181818182,ok,0.19795681818181818,0.0553,ok,ue1_qfi82,0.0,99,10.0,data,ok,0.0,ue1_qfi9,9.25,ok,,30.4,ue1_qfi2,0,0.0,0.0,30.303,ok,33.0,,pending,,pending,sensor_dense,16,Reservation,1097657231,0.5
ue1_qfi2,3.919,9.058,10.511,11.27,ok,4.206525015289804e-06,ok,ue2_qfi82,0,1,4,1001.5,data,ok,2.0,False,,proxy,3,0,,ue1_qfi2,1.0,152,150.0,ok,,ue1_qfi2,11.001,ok,,3,ok,3,,ue1_qfi2,0.9690224000000001,ok,0.9999965449235522,proxy,5,0.9999916641895011,8748313.6,ok,0.02957272727272727,ok,0.15319772727272726,0.0521171875,ok,ue1_qfi82,0.0,99,10.0,data,ok,0.0,ue1_qfi83,7.75,ok,,30.4,ue1_qfi2,0,0.0,0.0,30.303,ok,33.0,,pending,,pending,sensor_dense,16,TwoTier,1097657231,0.5
ue1_qfi2,3.805,9.598,11.089,11.754,ok,0.0,ok,ue2_qfi82,0,0,4,1000.0,data,ok,2.0,False,,proxy,3,0,,ue1_qfi2,1.0,152,150.0,ok,,ue3_qfi2,11.514,ok,,3,ok,3,,ue1_qfi2,0.9786216,ok,0.9999406964260409,proxy,5,0.9997210007009607,8778360.0,ok,0.029609090909090908,ok,0.145725,0.0498703125,ok,ue1_qfi82,0.0,99,10.0,data,ok,0.0,ue1_qfi2,7.949,ok,,30.4,ue1_qfi2,0,0.0,0.0,30.303,ok,33.0,,pending,,pending,sensor_dense,16,PF,579362555,0.5
ue1_qfi2,5.04,11.39,12.5,13.082,ok,0.0,ok,ue2_qfi82,0,0,4,1000.0,data,ok,2.0,False,,proxy,3,0,,ue1_qfi2,0.993421052631579,152,150.0,ok,,ue1_qfi2,12.746,ok,,3,ok,3,,ue1_qfi2,0.9773656,ok,0.9999915864650596,proxy,5,0.9999839133831262,8774649.6,ok,0.03516818181818182,ok,0.19840454545454544,0.052915625,ok,ue1_qfi82,0.0,99,10.0,data,ok,0.0,ue1_qfi9,9.5,ok,,30.2,ue1_qfi2,0,0.0,0.0,30.303,ok,33.0,,pending,,pending,sensor_dense,16,Reservation,579362555,0.5
ue1_qfi2,3.872,9.5,11.235,12.132,ok,9.186194316443252e-05,ok,ue2_qfi82,0,0,4,1000.0,data,ok,2.0,False,,proxy,3,0,,ue1_qfi2,1.0,152,150.0,ok,,ue3_qfi2,11.514,ok,,3,ok,3,,ue1_qfi2,0.9786216,ok,0.9999891528712054,proxy,5,0.9999840744560434,8777750.4,ok,0.029661363636363635,ok,0.15606022727272728,0.0498734375,ok,ue1_qfi82,0.0,99,10.0,data,ok,0.0,ue1_qfi2,8.26,ok,,30.4,ue1_qfi2,0,0.0,0.0,30.303,ok,33.0,,pending,,pending,sensor_dense,16,TwoTier,579362555,0.5
ue2_qfi2,3.843,8.921,10.718,11.287,ok,0.0,ok,ue2_qfi82,0,0,4,1000.0,data,ok,2.0,False,,proxy,3,0,,ue1_qfi2,1.0,152,150.0,ok,,ue2_qfi2,11.75,ok,,3,ok,3,,ue1_qfi2,0.9824584000000001,ok,0.9999944950964833,proxy,5,0.9999868688562525,8777540.8,ok,0.02970681818181818,ok,0.14415795454545455,0.0492796875,ok,ue1_qfi82,0.0,99,10.0,data,ok,0.0,ue1_qfi83,7.75,ok,,30.4,ue1_qfi2,0,0.0,0.0,30.303,ok,33.0,,pending,,pending,sensor_dense,16,PF,661058651,0.5
ue1_qfi2,4.392,10.984,12.477,13.0,ok,2.369785310211277e-06,ok,ue2_qfi82,0,0,4,1000.0,data,ok,2.0,False,,proxy,3,0,,ue1_qfi2,1.0,152,150.0,ok,,ue2_qfi2,12.75,ok,,3,ok,3,,ue1_qfi2,0.9822184,ok,0.9999971122924609,proxy,5,0.9999946802536356,8777166.4,ok,0.03515,ok,0.19675227272727272,0.052525,ok,ue1_qfi82,0.0,99,10.0,data,ok,0.0,ue1_qfi9,9.0,ok,,30.4,ue1_qfi2,0,0.0,0.0,30.303,ok,33.0,,pending,,pending,sensor_dense,16,Reservation,661058651,0.5
ue3_qfi2,3.832,8.909,9.984,11.292,ok,0.00010936958278785254,ok,ue2_qfi82,0,1,4,1001.5,data,ok,2.0,False,,proxy,3,0,,ue1_qfi2,1.0,152,150.0,ok,,ue3_qfi2,12.161,ok,,3,ok,3,,ue1_qfi2,0.9824584000000001,ok,0.9999919890343529,proxy,5,0.9999715119532097,8777008.0,ok,0.029629545454545454,ok,0.1537784090909091,0.049296875,ok,ue1_qfi82,0.0,99,10.0,data,ok,0.0,ue1_qfi9,7.75,ok,,30.4,ue1_qfi2,0,0.0,0.0,30.303,ok,33.0,,pending,,pending,sensor_dense,16,TwoTier,661058651,0.5
ue1_qfi2,3.802,9.245,10.75,11.033,ok,3.642031962472503e-05,ok,ue2_qfi82,0,0,4,1000.0,data,ok,2.0,False,,proxy,3,0,,ue1_qfi2,1.0,152,150.0,ok,,ue1_qfi2,11.0,ok,,3,ok,3,,ue1_qfi2,0.9810024,ok,0.9999405092859035,proxy,5,0.9997192115382688,8786206.4,ok,0.02946590909090909,ok,0.14113977272727274,0.0503625,ok,ue1_qfi82,0.0,99,10.0,data,ok,0.0,ue1_qfi9,8.0,ok,,30.4,ue1_qfi2,0,0.0,0.0,30.303,ok,33.0,,pending,,pending,sensor_dense,16,PF,87989972,0.5
ue1_qfi2,4.842,11.673,13.135,13.675,ok,3.641993496128015e-05,ok,ue2_qfi82,0,0,4,1000.0,data,ok,2.0,False,,proxy,3,0,,ue1_qfi2,1.0,152,150.0,ok,,ue1_qfi2,13.25,ok,,3,ok,3,,ue1_qfi2,0.9810024,ok,0.9999944882078122,proxy,5,0.9999869568119828,8786076.8,ok,0.03551590909090909,ok,0.19720227272727273,0.053303125,ok,ue1_qfi82,0.0,99,10.0,data,ok,0.0,ue1_qfi9,10.0,ok,,30.4,ue1_qfi2,0,0.0,0.0,30.303,ok,33.0,,pending,,pending,sensor_dense,16,Reservation,87989972,0.5
ue3_qfi2,3.917,9.064,10.465,11.25,ok,7.283980360203755e-05,ok,ue2_qfi82,0,1,4,1001.5,data,ok,2.0,False,,proxy,3,0,,ue1_qfi2,1.0,152,150.0,ok,,ue3_qfi2,11.977,ok,,3,ok,3,,ue1_qfi2,0.9810024,ok,0.9999878163252129,proxy,5,0.9999517361950188,8785764.8,ok,0.02952727272727273,ok,0.15137045454545456,0.050409375,ok,ue1_qfi82,0.0,99,10.0,data,ok,0.0,ue1_qfi9,8.0,ok,,30.4,ue1_qfi2,0,0.0,0.0,30.303,ok,33.0,,pending,,pending,sensor_dense,16,TwoTier,87989972,0.5
ue1_qfi2,3.838,9.592,10.755,11.858,ok,3.621701671016934e-05,ok,ue3_qfi82,0,1,4,1001.5,data,ok,2.0,False,,proxy,3,0,,ue1_qfi2,1.0,152,150.0,ok,,ue1_qfi2,11.858,ok,,3,ok,3,,ue1_qfi2,0.9793648,ok,0.9999970253450673,proxy,5,0.9999957695926733,8835476.8,ok,0.02965,ok,0.14681590909090908,0.0525921875,ok,ue1_qfi82,0.0,99,10.0,data,ok,0.0,ue1_qfi9,8.5,ok,,30.4,ue1_qfi2,0,0.0,0.0,30.303,ok,33.0,,pending,,pending,sensor_dense,16,PF,161576974,0.5
ue1_qfi2,4.722,10.972,12.425,13.433,ok,2.0824712958494535e-05,ok,ue2_qfi82,0,0,4,1000.0,data,ok,2.0,False,,proxy,3,0,,ue1_qfi2,1.0,152,150.0,ok,,ue1_qfi2,13.231,ok,,3,ok,3,,ue1_qfi2,0.9793648,ok,0.9999973761054004,proxy,5,0.9999954934805049,8835656.0,ok,0.03491590909090909,ok,0.20000113636363637,0.055696875,ok,ue1_qfi82,0.0,99,10.0,data,ok,0.0,ue1_qfi9,10.25,ok,,30.4,ue1_qfi2,0,0.0,0.0,30.303,ok,33.0,,pending,,pending,sensor_dense,16,Reservation,161576974,0.5
ue1_qfi2,4.189,10.08,11.5,12.389,ok,0.0001448675684069185,ok,ue2_qfi82,0,0,4,1000.0,data,ok,2.0,False,,proxy,3,0,,ue1_qfi2,1.0,152,150.0,ok,,ue1_qfi2,12.25,ok,,3,ok,3,,ue1_qfi2,0.9793648,ok,0.9999860534042163,proxy,5,0.999951144519052,8834595.2,ok,0.029611363636363637,ok,0.1570125,0.052415625,ok,ue1_qfi82,0.0,99,10.0,data,ok,0.0,ue1_qfi9,9.0,ok,,30.4,ue1_qfi2,0,0.0,0.0,30.303,ok,33.0,,pending,,pending,sensor_dense,16,TwoTier,161576974,0.5
ue1_qfi2,3.891,9.249,10.5,12.5,ok,3.29060422806081e-06,ok,ue2_qfi82,0,0,4,1000.0,data,ok,2.0,False,,proxy,3,0,,ue1_qfi2,1.0,152,150.0,ok,,ue1_qfi2,12.035,ok,,3,ok,3,,ue1_qfi2,0.9819304,ok,0.9999930947102209,proxy,5,0.9999897944065058,8752163.2,ok,0.02970681818181818,ok,0.1497625,0.05293125,ok,ue1_qfi82,0.0,99,10.0,data,ok,0.0,ue1_qfi2,8.609,ok,,30.4,ue1_qfi2,0,0.0,0.0,30.303,ok,33.0,,pending,,pending,sensor_dense,16,PF,35492826,0.5
ue1_qfi2,4.635,11.282,12.5,13.76,ok,3.71160092866815e-05,ok,ue2_qfi82,0,0,4,1000.0,data,ok,2.0,False,,proxy,3,0,,ue1_qfi2,1.0,152,150.0,ok,,ue1_qfi2,13.57,ok,,3,ok,3,,ue1_qfi2,0.9819304,ok,0.9999865784143818,proxy,5,0.9999718279545229,8750616.0,ok,0.03528409090909091,ok,0.2029409090909091,0.0563765625,ok,ue1_qfi82,0.0,99,10.0,data,ok,0.0,ue1_qfi9,10.25,ok,,30.4,ue1_qfi2,0,0.0,0.0,30.303,ok,33.0,,pending,,pending,sensor_dense,16,Reservation,35492826,0.5
ue1_qfi2,4.022,9.371,11.489,12.207,ok,7.31245785053592e-05,ok,ue3_qfi82,0,1,4,1001.5,data,ok,2.0,False,,proxy,3,0,,ue1_qfi2,1.0,152,150.0,ok,,ue1_qfi2,12.207,ok,,3,ok,3,,ue1_qfi2,0.9819304,ok,0.999991556320244,proxy,5,0.9999848226982023,8751547.2,ok,0.029711363636363636,ok,0.16194204545454546,0.0528921875,ok,ue1_qfi82,0.0,99,10.0,data,ok,0.0,ue1_qfi9,9.0,ok,,30.4,ue1_qfi2,0,0.0,0.0,30.303,ok,33.0,,pending,,pending,sensor_dense,16,TwoTier,35492826,0.5
ue1_qfi2,4.064,9.814,10.75,11.769,ok,5.28276211123137e-05,ok,ue2_qfi82,0,1,4,1001.5,data,ok,2.0,False,,proxy,3,0,,ue1_qfi2,1.0,152,150.0,ok,,ue2_qfi2,12.395,ok,,3,ok,3,,ue1_qfi2,0.9596984000000001,ok,0.9999917115632387,proxy,5,0.9999676893240573,8813105.6,ok,0.029727272727272727,ok,0.14172727272727273,0.0493828125,ok,ue1_qfi82,0.0,99,10.0,data,ok,0.0,ue1_qfi9,8.25,ok,,30.4,ue1_qfi2,0,0.0,0.0,30.303,ok,33.0,,pending,,pending,sensor_dense,16,PF,376383645,0.5
ue1_qfi2,5.076,11.556,12.686,14.125,ok,0.0,ok,ue3_qfi82,0,1,4,1001.5,data,ok,2.0,False,,proxy,3,0,,ue1_qfi2,1.0,152,150.0,ok,,ue1_qfi2,13.039,ok,,3,ok,3,,ue1_qfi2,0.9596984000000001,ok,0.9999979508848351,proxy,5,0.9999955655070705,8814201.6,ok,0.035320454545454544,ok,0.19616022727272728,0.0520015625,ok,ue1_qfi82,0.0,99,10.0,data,ok,0.0,ue1_qfi9,9.5,ok,,30.4,ue1_qfi2,0,0.0,0.0,30.303,ok,33.0,,pending,,pending,sensor_dense,16,Reservation,376383645,0.5
ue1_qfi2,3.909,9.434,10.968,11.91,ok,0.0,ok,ue2_qfi82,0,0,4,1000.0,data,ok,2.0,False,,proxy,3,0,,ue1_qfi2,1.0,152,150.0,ok,,ue1_qfi2,11.5,ok,,3,ok,3,,ue1_qfi2,0.9596984000000001,ok,0.9999972309338834,proxy,5,0.9999955112573258,8814136.0,ok,0.029620454545454547,ok,0.15282159090909092,0.0495125,ok,ue1_qfi82,0.0,99,10.0,data,ok,0.0,ue1_qfi2,8.001000000000001,ok,,30.4,ue1_qfi2,0,0.0,0.0,30.303,ok,33.0,,pending,,pending,sensor_dense,16,TwoTier,376383645,0.5
ue3_qfi2,3.995,9.25,10.744,11.904,ok,0.0,ok,ue2_qfi82,0,0,4,1000.0,data,ok,2.0,False,,proxy,3,0,,ue1_qfi2,1.0,152,150.0,ok,,ue3_qfi2,13.055,ok,,3,ok,3,,ue1_qfi2,0.973788,ok,0.9999408676557984,proxy,5,0.9997160073348139,8808795.200000001,ok,0.02933409090909091,ok,0.14007727272727272,0.047003125,ok,ue1_qfi82,0.0,99,10.0,data,ok,0.0,ue1_qfi9,8.0,ok,,30.4,ue1_qfi2,0,0.0,0.0,30.303,ok,33.0,,pending,,pending,sensor_dense,16,PF,1746484539,0.5
ue1_qfi2,4.784,11.202,11.941,12.75,ok,0.0,ok,ue2_qfi82,0,0,4,1000.0,data,ok,2.0,False,,proxy,3,0,,ue1_qfi2,1.0,152,150.0,ok,,ue2_qfi2,12.148,ok,,3,ok,3,,ue1_qfi2,0.973788,ok,0.9999958817991509,proxy,5,0.9999924458868913,8808828.8,ok,0.034763636363636365,ok,0.1929125,0.0495703125,ok,ue1_qfi82,0.0,99,10.0,data,ok,0.0,ue1_qfi9,9.5,ok,,30.4,ue1_qfi2,0,0.0,0.0,30.303,ok,33.0,,pending,,pending,sensor_dense,16,Reservation,1746484539,0.5
ue1_qfi2,3.965,9.47,10.703,11.499,ok,3.632682738018368e-05,ok,ue3_qfi82,0,1,4,1001.5,data,ok,2.0,False,,proxy,3,0,,ue1_qfi2,1.0,152,150.0,ok,,ue1_qfi2,10.964,ok,,3,ok,3,,ue1_qfi2,0.973788,ok,0.9999936326757382,proxy,5,0.9999830416808628,8808596.8,ok,0.02939318181818182,ok,0.15089431818181817,0.046896875,ok,ue1_qfi82,0.0,99,10.0,data,ok,0.0,ue1_qfi9,7.75,ok,,30.4,ue1_qfi2,0,0.0,0.0,30.303,ok,33.0,,pending,,pending,sensor_dense,16,TwoTier,1746484539,0.5
ue12_qfi2,13.118,19.0,20.22,21.881,ok,0.0008161860836414802,ok,ue11_qfi9,0,1,4,1009.7499999999999,data,ok,2.0,False,,proxy,3,0,,ue1_qfi2,1.0,152,150.0,ok,,ue12_qfi2,22.25,ok,,13,ok,13,,ue7_qfi2,0.9688431999999999,ok,0.9991658043936406,proxy,5,0.9989466641930512,29215313.6,ok,0.013956818181818181,ok,0.46290681818181817,0.049615625,ok,ue1_qfi82,0.0,99,10.0,data,ok,0.0,ue3_qfi1,17.0,ok,,30.4,ue1_qfi2,0,0.0,0.0,30.303,ok,33.0,,pending,,pending,drone_heavy,16,PF,1826701614,0.5
ue1_qfi2,14.075,21.306,22.909,24.236,ok,0.0015379508098808563,ok,ue3_qfi9,0,1,4,1010.2500000000001,data,ok,2.0,False,,proxy,3,0,,ue4_qfi2,0.993421052631579,152,150.0,ok,,ue2_qfi2,23.357,ok,,13,ok,13,,ue7_qfi2,0.9686128,ok,0.9972012990389733,proxy,5,0.9965302819597771,29182080.0,ok,0.015281818181818181,ok,0.5170647727272727,0.094765625,ok,ue1_qfi82,0.0,99,10.0,data,ok,0.0,ue1_qfi9,17.5,ok,,30.2,ue5_qfi2,1,67.25,67.25,30.303,ok,33.0,,pending,,pending,drone_heavy,16,Reservation,1826701614,0.5
ue5_qfi1,2.75,15.5,23.0,23.0,ok,0.0006087525650370721,ok,ue11_qfi9,0,1,4,1011.2500000000005,data,ok,2.0,False,,proxy,3,0,,ue1_qfi2,1.0,152,150.0,ok,,ue6_qfi2,21.323,ok,,13,ok,13,,ue7_qfi2,0.9688431999999999,ok,0.9944253048173246,proxy,5,0.9866751389587293,29222620.8,ok,0.013988636363636363,ok,0.4907693181818182,0.051984375,ok,ue1_qfi82,0.0,99,10.0,data,ok,0.0,ue5_qfi1,20.25,ok,,30.4,ue1_qfi2,0,0.0,0.0,30.303,ok,33.0,,pending,,pending,drone_heavy,16,TwoTier,1826701614,0.5
ue12_qfi2,13.447,19.335,20.859,22.135,ok,0.0007191571689561471,ok,ue4_qfi9,0,1,4,1008.0,data,ok,2.0,False,,proxy,3,0,,ue4_qfi2,0.993421052631579,152,150.0,ok,,ue12_qfi2,22.413,ok,,13,ok,13,,ue9_qfi2,0.9610335999999999,ok,0.9993715013945433,proxy,5,0.9991584248051698,29018859.2,ok,0.014102272727272727,ok,0.46235795454545453,0.0499921875,ok,ue1_qfi82,0.0,99,10.0,data,ok,0.0,ue10_qfi1,19.0,ok,,30.2,ue4_qfi2,1,69.0,69.0,30.303,ok,33.0,,pending,,pending,drone_heavy,16,PF,1367864806,0.5
ue2_qfi2,14.766,21.75,22.884,23.531,ok,0.0014679791098290182,ok,ue7_qfi9,0,1,4,1010.0000000000002,data,ok,2.0,False,,proxy,3,0,,ue2_qfi2,0.993421052631579,152,150.0,ok,,ue2_qfi2,23.25,ok,,13,ok,13,,ue9_qfi2,0.9610335999999999,ok,0.9974716694916197,proxy,5,0.9968330348385173,28993152.0,ok,0.015277272727272728,ok,0.5198647727272727,0.096953125,ok,ue1_qfi82,0.0,99,10.0,data,ok,0.0,ue11_qfi9,17.75,ok,,30.4,ue1_qfi2,0,0.0,0.0,30.303,ok,33.0,,pending,,pending,drone_heavy,16,Reservation,1367864806,0.5
ue3_qfi2,8.464,17.5,19.541,23.271,ok,0.0004527615728464278,ok,ue4_qfi9,0,1,4,1012.4999999999998,data,ok,2.0,False,,proxy,3,0,,ue12_qfi2,0.993421052631579,152,150.0,ok,,ue3_qfi2,21.097,ok,,13,ok,13,,ue9_qfi2,0.9610335999999999,ok,0.9945757691634791,proxy,5,0.9869373181205594,29024982.4,ok,0.014220454545454545,ok,0.48999886363636364,0.052521875,ok,ue1_qfi82,0.0,99,10.0,data,ok,0.0,ue9_qfi1,20.75,ok,,30.4,ue1_qfi2,0,0.0,0.0,30.303,ok,33.0,,pending,,pending,drone_heavy,16,TwoTier,1367864806,0.5
ue13_qfi2,14.896,20.25,21.497,23.082,ok,0.0007577682540389147,ok,ue2_qfi85,0,1,2,1672.75,data,ok,2.0,False,,proxy,3,0,,ue1_qfi2,1.0,152,150.0,ok,,ue13_qfi2,23.735,ok,,13,ok,13,,ue11_qfi2,0.9500608,ok,0.9992052589043678,proxy,5,0.9987610523592921,29020342.4,ok,0.014561363636363636,ok,0.47757045454545455,0.05496875,ok,ue1_qfi82,0.0,99,10.0,data,ok,0.0,ue4_qfi1,17.5,ok,,30.4,ue1_qfi2,0,0.0,0.0,30.303,ok,33.0,,pending,,pending,drone_heavy,16,PF,1097657231,0.5
ue2_qfi2,14.584,21.652,23.441,24.792,ok,0.0016318919380988869,ok,ue2_qfi85,0,1,2,1671.25,data,ok,2.0,False,,proxy,3,0,,ue1_qfi2,1.0,152,150.0,ok,,ue2_qfi2,23.691,ok,,13,ok,13,,ue11_qfi2,0.95006,ok,0.9944767336343329,proxy,5,0.9842731412009051,28983401.6,ok,0.015579545454545455,ok,0.5312193181818182,0.1066703125,ok,ue1_qfi82,0.0,99,10.0,data,ok,0.0,ue1_qfi9,17.25,ok,,30.4,ue1_qfi2,0,0.0,0.0,30.303,ok,33.0,,pending,,pending,drone_heavy,16,Reservation,1097657231,0.5
ue11_qfi2,9.751,19.225,21.45,24.139,ok,0.0005359742617719237,ok,ue2_qfi85,0,1,2,1671.25,data,ok,2.0,False,,proxy,3,0,,ue1_qfi2,1.0,152,150.0,ok,,ue13_qfi2,23.374,ok,,13,ok,13,,ue11_qfi2,0.9500368,ok,0.9946236917591428,proxy,5,0.986936812215769,29016233.6,ok,0.014597727272727273,ok,0.5080613636363637,0.0571734375,ok,ue1_qfi82,0.0,99,10.0,data,ok,0.0,ue7_qfi1,20.75,ok,,30.4,ue1_qfi2,0,0.0,0.0,30.303,ok,33.0,,pending,,pending,drone_heavy,16,TwoTier,1097657231,0.5
ue12_qfi2,13.088,18.86,20.731,22.297,ok,0.0009109929526192368,ok,ue1_qfi85,0,1,1,1491.25,data,ok,2.0,False,,proxy,3,0,,ue1_qfi2,1.0,152,150.0,ok,,ue13_qfi2,22.478,ok,,13,ok,13,,ue9_qfi2,0.9598952,ok,0.9989483053362219,proxy,5,0.9986037873846463,29065804.8,ok,0.013756818181818183,ok,0.4601704545454545,0.05013125,ok,ue1_qfi82,0.0,99,10.0,data,ok,0.0,ue1_qfi9,16.5,ok,,30.4,ue1_qfi2,0,0.0,0.0,30.303,ok,33.0,,pending,,pending,drone_heavy,16,PF,579362555,0.5
ue2_qfi2,13.761,21.5,22.977,24.025,ok,0.0014714082781470432,ok,ue1_qfi85,0,1,1,1491.25,data,ok,2.0,False,,proxy,3,0,,ue2_qfi2,0.993421052631579,152,150.0,ok,,ue2_qfi2,23.827,ok,,13,ok,13,,ue9_qfi2,0.9598952,ok,0.9974545441265482,proxy,5,0.996936524517208,29046651.2,ok,0.014568181818181819,ok,0.5207318181818181,0.09425625,ok,ue1_qfi82,0.0,98,10.0,data,ok,0.0,ue7_qfi1,18.75,ok,,30.2,ue2_qfi2,1,68.25,68.25,30.303,ok,33.0,,pending,,pending,drone_heavy,16,Reservation,579362555,0.5
ue6_qfi1,2.75,20.5,23.0,23.0,ok,0.0005592286034536602,ok,ue1_qfi85,0,1,1,1491.25,data,ok,2.0,False,,proxy,3,0,,ue7_qfi2,0.993421052631579,152,150.0,ok,,ue13_qfi2,21.894,ok,,13,ok,13,,ue9_qfi2,0.9598952,ok,0.9910108641762392,proxy,5,0.9692345176339094,29064369.599999998,ok,0.013781818181818182,ok,0.4915784090909091,0.05295,ok,ue1_qfi82,0.0,99,10.0,data,ok,0.0,ue8_qfi1,20.5,ok,,30.4,ue1_qfi2,0,0.0,0.0,30.303,ok,33.0,,pending,,pending,drone_heavy,16,TwoTier,579362555,0.5
ue12_qfi2,14.094,19.354,21.048,22.05,ok,0.0007218252333082519,ok,ue4_qfi9,0,3,4,1008.2500000000003,data,ok,2.0,False,,proxy,3,0,,ue1_qfi2,1.0,152,150.0,ok,,ue12_qfi2,22.434,ok,,13,ok,13,,ue5_qfi2,0.9565168000000001,ok,0.999203920677888,proxy,5,0.99851503725219,29086107.2,ok,0.014434090909090909,ok,0.45826477272727273,0.0494484375,ok,ue1_qfi82,0.0,99,10.0,data,ok,0.0,ue10_qfi1,17.0,ok,,30.4,ue1_qfi2,0,0.0,0.0,30.303,ok,33.0,,pending,,pending,drone_heavy,16,PF,661058651,0.5
ue1_qfi2,14.344,21.817,23.246,23.75,ok,0.0016001226135801466,ok,ue10_qfi9,0,1,4,1009.9999999999998,data,ok,2.0,False,,proxy,3,0,,ue1_qfi2,1.0,152,150.0,ok,,ue2_qfi2,23.354,ok,,13,ok,13,,ue5_qfi2,0.9565168000000001,ok,0.9932694172529211,proxy,5,0.9847655104559631,29058739.2,ok,0.015329545454545455,ok,0.5127886363636364,0.0917875,ok,ue1_qfi82,0.0,99,10.0,data,ok,0.0,ue2_qfi9,17.0,ok,,30.4,ue1_qfi2,0,0.0,0.0,30.303,ok,33.0,,pending,,pending,drone_heavy,16,Reservation,661058651,0.5
ue8_qfi1,2.25,15.5,22.75,22.75,ok,0.0005851111315358849,ok,ue5_qfi9,0,1,4,1010.5,data,ok,2.0,False,,proxy,3,0,,ue1_qfi2,0.9868421052631579,152,150.0,ok,,ue11_qfi2,21.375,ok,,13,ok,13,,ue5_qfi2,0.9565168000000001,ok,0.9944659845607886,proxy,5,0.9867337284879834,29089737.6,ok,0.01374090909090909,ok,0.48642840909090906,0.05126875,ok,ue1_qfi82,0.0,99,10.0,data,ok,0.0,ue8_qfi1,20.5,ok,,30.0,ue1_qfi2,1,69.25,69.25,30.303,ok,33.0,,pending,,pending,drone_heavy,16,TwoTier,661058651,0.5
ue12_qfi2,14.762,20.747,22.805,23.92,ok,0.0007752429934077651,ok,ue8_qfi9,0,3,4,1008.9999999999999,data,ok,2.0,False,,proxy,3,0,,ue1_qfi2,1.0,152,150.0,ok,,ue12_qfi2,24.624,ok,,13,ok,13,,ue11_qfi2,0.9599944,ok,0.9992322756555516,proxy,5,0.998890951121039,29047835.2,ok,0.014429545454545455,ok,0.4744590909090909,0.0529546875,ok,ue1_qfi82,0.0,99,10.0,data,ok,0.0,ue5_qfi1,17.0,ok,,30.4,ue1_qfi2,0,0.0,0.0,30.303,ok,33.0,,pending,,pending,drone_heavy,16,PF,87989972,0.5
ue2_qfi2,14.907,22.012,23.86,24.75,ok,0.0015319520403106097,ok,ue6_qfi9,0,1,4,1009.7500000000003,data,ok,2.0,False,,proxy,3,0,,ue1_qfi2,1.0,152,150.0,ok,,ue2_qfi2,24.134,ok,,13,ok,13,,ue11_qfi2,0.9599944,ok,0.9927484782391763,proxy,5,0.9846786875711536,29017579.2,ok,0.015022727272727273,ok,0.5299113636363636,0.1033359375,ok,ue1_qfi82,0.0,99,10.0,data,ok,0.0,ue10_qfi9,19.75,ok,,30.4,ue1_qfi2,0,0.0,0.0,30.303,ok,33.0,,pending,,pending,drone_heavy,16,Reservation,87989972,0.5
ue4_qfi1,2.25,15.25,22.75,22.75,ok,0.0005818311685580859,ok,ue11_qfi9,0,1,4,1014.7499999999998,data,ok,2.0,False,,proxy,3,0,,ue1_qfi2,1.0,152,150.0,ok,,ue12_qfi2,23.055,ok,,13,ok,13,,ue11_qfi2,0.9599944,ok,0.9944830379132104,proxy,5,0.9869430661097368,29050259.2,ok,0.014136363636363636,ok,0.5027011363636363,0.055696875,ok,ue1_qfi82,0.0,99,10.0,data,ok,0.0,ue4_qfi1,20.5,ok,,30.4,ue1_qfi2,0,0.0,0.0,30.303,ok,33.0,,pending,,pending,drone_heavy,16,TwoTier,87989972,0.5
ue12_qfi2,14.582,20.037,21.897,23.128,ok,0.0007397556590896641,ok,ue3_qfi9,0,1,4,1007.7500000000001,data,ok,2.0,False,,proxy,3,0,,ue1_qfi2,1.0,152,150.0,ok,,ue12_qfi2,23.332,ok,,13,ok,13,,ue11_qfi2,0.9697216,ok,0.9993096808544383,proxy,5,0.9990596580111195,29156416.0,ok,0.013993181818181818,ok,0.4732284090909091,0.0512984375,ok,ue1_qfi82,0.0,99,10.0,data,ok,0.0,ue3_qfi9,16.5,ok,,30.4,ue1_qfi2,0,0.0,0.0,30.303,ok,33.0,,pending,,pending,drone_heavy,16,PF,161576974,0.5
ue1_qfi2,14.884,22.26,23.39,24.708,ok,0.0015625029141962967,ok,ue9_qfi9,0,1,4,1012.2500000000003,data,ok,2.0,False,,proxy,3,0,,ue1_qfi2,1.0,152,150.0,ok,,ue1_qfi2,24.176,ok,,13,ok,13,,ue11_qfi2,0.9697216,ok,0.9972005235700202,proxy,5,0.9961463708602873,29123334.4,ok,0.015220454545454546,ok,0.5302034090909091,0.1025,ok,ue1_qfi82,0.0,99,10.0,data,ok,0.0,ue1_qfi9,17.5,ok,,30.4,ue1_qfi2,0,0.0,0.0,30.303,ok,33.0,,pending,,pending,drone_heavy,16,Reservation,161576974,0.5
ue10_qfi1,3.0,15.75,25.5,25.5,ok,0.0005250859597958306,ok,ue11_qfi9,0,2,4,1014.2500000000001,data,ok,2.0,False,,proxy,3,0,,ue8_qfi2,0.993421052631579,152,150.0,ok,,ue12_qfi2,22.572,ok,,13,ok,13,,ue11_qfi2,0.9697216,ok,0.9935935386094539,proxy,5,0.9821759549294133,29164540.8,ok,0.014529545454545455,ok,0.4987602272727273,0.053321875,ok,ue1_qfi82,0.0,99,10.0,data,ok,0.0,ue10_qfi1,22.5,ok,,30.2,ue8_qfi2,1,69.75,69.75,30.303,ok,33.0,,pending,,pending,drone_heavy,16,TwoTier,161576974,0.5
ue13_qfi2,13.799,19.221,20.795,22.637,ok,0.0008581491119721011,ok,ue9_qfi9,0,1,4,1007.2499999999995,data,ok,2.0,False,,proxy,3,0,,ue1_qfi2,1.0,152,150.0,ok,,ue13_qfi2,23.132,ok,,13,ok,13,,ue11_qfi2,0.96474,ok,0.9989780117963617,proxy,5,0.9983429594145882,29073945.6,ok,0.014077272727272726,ok,0.4684056818181818,0.052165625,ok,ue1_qfi82,0.0,99,10.0,data,ok,0.0,ue8_qfi1,19.25,ok,,30.4,ue1_qfi2,0,0.0,0.0,30.303,ok,33.0,,pending,,pending,drone_heavy,16,PF,35492826,0.5
ue2_qfi2,13.906,21.547,22.66,24.027,ok,0.0014581174429429496,ok,ue6_qfi9,0,1,4,1010.2499999999997,data,ok,2.0,False,,proxy,3,0,,ue2_qfi2,0.993421052631579,152,150.0,ok,,ue1_qfi2,23.028,ok,,13,ok,13,,ue11_qfi2,0.96474,ok,0.9951613487064502,proxy,5,0.9843304471931571,29061134.4,ok,0.015211363636363636,ok,0.5244715909090909,0.1012171875,ok,ue1_qfi82,0.0,99,10.0,data,ok,0.0,ue1_qfi9,17.25,ok,,30.2,ue2_qfi2,1,77.25,77.25,30.303,ok,33.0,,pending,,pending,drone_heavy,16,Reservation,35492826,0.5
ue5_qfi1,3.25,20.5,25.5,25.5,ok,0.000562419059485794,ok,ue4_qfi9,0,1,4,1012.4999999999998,data,ok,2.0,False,,proxy,3,0,,ue1_qfi2,1.0,152,150.0,ok,,ue13_qfi2,21.895,ok,,13,ok,13,,ue11_qfi2,0.96474,ok,0.9953298969177145,proxy,5,0.9848723987504537,29086886.4,ok,0.014440909090909091,ok,0.4973397727272727,0.0552921875,ok,ue1_qfi82,0.0,98,10.0,data,ok,0.0,ue5_qfi1,22.25,ok,,30.4,ue1_qfi2,0,0.0,0.0,30.303,ok,33.0,,pending,,pending,drone_heavy,16,TwoTier,35492826,0.5
ue13_qfi2,14.724,20.436,21.986,22.607,ok,0.0006077716530481102,ok,ue6_qfi9,0,3,4,1014.7500000000002,data,ok,2.0,False,,proxy,3,0,,ue1_qfi2,1.0,152,150.0,ok,,ue13_qfi2,23.004,ok,,13,ok,13,,ue5_qfi2,0.9613744000000001,ok,0.9995002757772662,proxy,5,0.9992615533596383,29061988.8,ok,0.013863636363636364,ok,0.4722681818181818,0.0531921875,ok,ue1_qfi82,0.0,99,10.0,data,ok,0.0,ue10_qfi1,17.75,ok,,30.4,ue1_qfi2,0,0.0,0.0,30.303,ok,33.0,,pending,,pending,drone_heavy,16,PF,376383645,0.5
ue2_qfi2,14.806,21.857,23.561,24.487,ok,0.0016665103069483417,ok,ue7_qfi9,0,1,4,1012.5000000000002,data,ok,2.0,False,,proxy,3,0,,ue1_qfi2,1.0,152,150.0,ok,,ue2_qfi2,24.074,ok,,13,ok,13,,ue5_qfi2,0.9613744000000001,ok,0.9966451267132204,proxy,5,0.996276049594701,29029916.8,ok,0.015195454545454545,ok,0.5291613636363637,0.103778125,ok,ue1_qfi82,0.0,99,10.0,data,ok,0.0,ue11_qfi9,19.5,ok,,30.4,ue1_qfi2,0,0.0,0.0,30.303,ok,33.0,,pending,,pending,drone_heavy,16,Reservation,376383645,0.5
ue4_qfi1,2.0,18.0,23.75,23.75,ok,0.0005761055266399142,ok,ue6_qfi9,0,2,4,1017.0000000000003,data,ok,2.0,False,,proxy,3,0,,ue1_qfi2,1.0,152,150.0,ok,,ue13_qfi2,22.088,ok,,13,ok,13,,ue5_qfi2,0.9613744000000001,ok,0.994498520051233,proxy,5,0.9867143309270159,29059428.8,ok,0.014168181818181818,ok,0.5004238636363636,0.0552359375,ok,ue1_qfi82,0.0,99,10.0,data,ok,0.0,ue4_qfi1,21.75,ok,,30.4,ue1_qfi2,0,0.0,0.0,30.303,ok,33.0,,pending,,pending,drone_heavy,16,TwoTier,376383645,0.5
ue12_qfi2,13.98,19.518,21.676,22.81,ok,0.0007135944659725194,ok,ue9_qfi9,0,1,4,1009.7500000000003,data,ok,2.0,False,,proxy,3,0,,ue1_qfi2,1.0,152,150.0,ok,,ue12_qfi2,22.963,ok,,13,ok,13,,ue2_qfi2,0.9628824,ok,0.9992667656664214,proxy,5,0.9987873763631998,29120804.8,ok,0.013781818181818182,ok,0.46577386363636364,0.051271875,ok,ue1_qfi82,0.0,99,10.0,data,ok,0.0,ue11_qfi1,19.25,ok,,30.4,ue1_qfi2,0,0.0,0.0,30.303,ok,33.0,,pending,,pending,drone_heavy,16,PF,1746484539,0.5
ue1_qfi2,13.883,21.687,23.0,24.038,ok,0.0015326340255953615,ok,ue11_qfi9,0,2,4,1010.0000000000002,data,ok,2.0,False,,proxy,3,0,,ue1_qfi2,1.0,152,150.0,ok,,ue1_qfi2,23.75,ok,,13,ok,13,,ue2_qfi2,0.9625336,ok,0.9972355554407859,proxy,5,0.997038628406897,29099398.4,ok,0.015293181818181819,ok,0.5218681818181818,0.0967640625,ok,ue1_qfi82,0.0,99,10.0,data,ok,0.0,ue1_qfi9,17.25,ok,,30.4,ue1_qfi2,0,0.0,0.0,30.303,ok,33.0,,pending,,pending,drone_heavy,16,Reservation,1746484539,0.5
ue13_qfi2,10.021,18.113,19.823,21.538,ok,0.0005169233648207788,ok,ue7_qfi9,0,2,4,1014.7499999999998,data,ok,2.0,False,,proxy,3,0,,ue1_qfi2,1.0,152,150.0,ok,,ue12_qfi2,22.32,ok,,13,ok,13,,ue2_qfi2,0.9628824,ok,0.995776265748224,proxy,5,0.9868427148068722,29123492.8,ok,0.014381818181818181,ok,0.49167954545454545,0.0537859375,ok,ue1_qfi82,0.0,99,10.0,data,ok,0.0,ue10_qfi1,17.5,ok,,30.4,ue1_qfi2,0,0.0,0.0,30.303,ok,33.0,,pending,,pending,drone_heavy,16,TwoTier,1746484539,0.5
ue1_qfi2,4.655,13.146,14.609,16.039,ok,0.00043664171685110575,ok,ue2_qfi82,0,0,4,1000.0,data,ok,2.0,False,,proxy,3,0,,ue1_qfi2,0.993421052631579,152,150.0,ok,,ue2_qfi2,16.499,ok,,3,ok,3,,ue1_qfi2,0.9586236,ok,0.9997619214841877,proxy,5,0.9992820037294345,16706600.0,ok,0.0302,ok,0.2494284090909091,0.0522234375,ok,ue1_qfi82,0.0,99,10.0,data,ok,0.0,ue1_qfi9,12.5,ok,,30.2,ue1_qfi2,1,67.5,67.5,30.303,ok,33.0,,pending,,pending,sensor_dense,16,PF,1826701614,1.0
ue1_qfi2,5.623,14.396,16.033,16.93,ok,0.0005066419689876141,ok,ue2_qfi82,0,1,4,1001.5,data,ok,2.0,False,,proxy,3,0,,ue1_qfi2,1.0,152,150.0,ok,,ue2_qfi2,17.287,ok,,3,ok,3,,ue1_qfi2,0.9588524,ok,0.9996880193252125,proxy,5,0.9994344270045863,16704246.4,ok,0.035945454545454544,ok,0.3033954545454545,0.058096875,ok,ue1_qfi82,0.0,99,10.0,data,ok,0.0,ue1_qfi9,13.25,ok,,30.4,ue1_qfi2,0,0.0,0.0,30.303,ok,33.0,,pending,,pending,sensor_dense,16,Reservation,1826701614,1.0
ue1_qfi2,5.349,13.539,14.865,16.524,ok,0.0004918262948769961,ok,ue2_qfi82,0,1,4,1001.5,data,ok,2.0,False,,proxy,3,0,,ue1_qfi2,1.0,152,150.0,ok,,ue1_qfi2,16.859,ok,,3,ok,3,,ue1_qfi2,0.959894,ok,0.9997030969680086,proxy,5,0.9994514256413457,16710144.0,ok,0.030222727272727273,ok,0.26792954545454545,0.051865625,ok,ue1_qfi82,0.0,99,10.0,data,ok,0.0,ue1_qfi9,12.75,ok,,30.4,ue1_qfi2,0,0.0,0.0,30.303,ok,33.0,,pending,,pending,sensor_dense,16,TwoTier,1826701614,1.0
ue1_qfi2,4.127,12.75,14.193,15.133,ok,0.0003894376592494678,ok,ue1_qfi85,0,1,1,1061.2499999999998,data,ok,2.0,False,,proxy,3,0,,ue1_qfi2,0.993421052631579,152,150.0,ok,,ue3_qfi2,16.493,ok,,3,ok,3,,ue1_qfi2,0.97662,ok,0.9998099840247372,proxy,5,0.9996631143970797,16813838.4,ok,0.02989318181818182,ok,0.26151022727272727,0.0534515625,ok,ue1_qfi82,0.0,99,10.0,data,ok,0.0,ue1_qfi2,11.006,ok,,30.2,ue1_qfi2,0,0.0,0.0,30.303,ok,33.0,,pending,,pending,sensor_dense,16,PF,1367864806,1.0
ue1_qfi2,6.056,14.486,15.5,16.414,ok,0.00042739515403161506,ok,ue1_qfi85,0,1,1,1061.2499999999998,data,ok,2.0,False,,proxy,3,0,,ue2_qfi2,0.993421052631579,152,150.0,ok,,ue2_qfi2,17.161,ok,,3,ok,3,,ue1_qfi2,0.977618,ok,0.9997732630695498,proxy,5,0.9996039420184086,16809705.6,ok,0.03547954545454545,ok,0.3153943181818182,0.0605859375,ok,ue1_qfi82,0.0,99,10.0,data,ok,0.0,ue1_qfi9,13.5,ok,,30.4,ue1_qfi2,0,0.0,0.0,30.303,ok,33.0,,pending,,pending,sensor_dense,16,Reservation,1367864806,1.0
ue1_qfi2,5.183,13.444,15.105,16.0,ok,0.00042019093049697637,ok,ue1_qfi85,0,1,1,1061.2499999999998,data,ok,2.0,False,,proxy,3,0,,ue2_qfi2,0.993421052631579,152,150.0,ok,,ue3_qfi2,16.72,ok,,3,ok,3,,ue1_qfi2,0.977618,ok,0.9997841885898172,proxy,5,0.9995767380519389,16812504.0,ok,0.02983181818181818,ok,0.2759215909090909,0.05331875,ok,ue1_qfi82,0.0,99,10.0,data,ok,0.0,ue1_qfi9,12.75,ok,,30.2,ue2_qfi2,1,72.0,72.0,30.303,ok,33.0,,pending,,pending,sensor_dense,16,TwoTier,1367864806,1.0
ue1_qfi2,4.035,12.48,14.18,15.261,ok,0.0003061735104419519,ok,ue2_qfi82,0,0,4,1000.0,data,ok,2.0,False,,proxy,3,0,,ue1_qfi2,1.0,152,150.0,ok,,ue3_qfi2,16.092,ok,,3,ok,3,,ue1_qfi2,0.9690548,ok,0.9998811668630998,proxy,5,0.9998094890219726,16717820.8,ok,0.029752272727272728,ok,0.25842613636363637,0.0561453125,ok,ue1_qfi82,0.0,99,10.0,data,ok,0.0,ue1_qfi9,11.25,ok,,30.4,ue1_qfi2,0,0.0,0.0,30.303,ok,33.0,,pending,,pending,sensor_dense,16,PF,1097657231,1.0
ue1_qfi2,6.047,14.308,16.169,17.318,ok,0.0004736135537291614,ok,ue2_qfi82,0,1,4,1001.5,data,ok,2.0,False,,proxy,3,0,,ue1_qfi2,1.0,152,150.0,ok,,ue1_qfi2,17.466,ok,,3,ok,3,,ue1_qfi2,0.9690548,ok,0.999714185508161,proxy,5,0.9994356914177425,16715144.0,ok,0.03567045454545455,ok,0.31137954545454544,0.0633953125,ok,ue1_qfi82,0.0,99,10.0,data,ok,0.0,ue1_qfi9,13.75,ok,,30.4,ue1_qfi2,0,0.0,0.0,30.303,ok,33.0,,pending,,pending,sensor_dense,16,Reservation,1097657231,1.0
ue1_qfi2,5.354,13.57,15.276,16.418,ok,0.0003260747886206788,ok,ue2_qfi82,0,0,4,1000.0,data,ok,2.0,False,,proxy,3,0,,ue1_qfi2,1.0,152,150.0,ok,,ue1_qfi2,16.421,ok,,3,ok,3,,ue1_qfi2,0.9690548,ok,0.9998748749738209,proxy,5,0.9997868128746732,16717704.0,ok,0.029763636363636364,ok,0.2739579545454545,0.055628125,ok,ue1_qfi82,0.0,99,10.0,data,ok,0.0,ue1_qfi9,12.75,ok,,30.4,ue1_qfi2,0,0.0,0.0,30.303,ok,33.0,,pending,,pending,sensor_dense,16,TwoTier,1097657231,1.0
ue3_qfi2,6.045,12.043,13.949,15.316,ok,0.0003950368726501788,ok,ue2_qfi82,0,1,4,1001.2499999999998,data,ok,2.0,False,,proxy,3,0,,ue1_qfi2,1.0,152,150.0,ok,,ue1_qfi2,15.985,ok,,3,ok,3,,ue1_qfi2,0.9786492,ok,0.9997683819667523,proxy,5,0.9994592999610662,16778136.0,ok,0.02955681818181818,ok,0.2618897727272727,0.0537765625,ok,ue1_qfi82,0.0,99,10.0,data,ok,0.0,ue1_qfi9,11.5,ok,,30.4,ue1_qfi2,0,0.0,0.0,30.303,ok,33.0,,pending,,pending,sensor_dense,16,PF,579362555,1.0
ue1_qfi2,5.832,14.484,16.055,16.984,ok,0.00042306229034560984,ok,ue2_qfi82,0,1,4,1003.0000000000001,data,ok,2.0,False,,proxy,3,0,,ue2_qfi2,0.993421052631579,152,150.0,ok,,ue3_qfi2,18.248,ok,,3,ok,3,,ue1_qfi2,0.9786492,ok,0.9998015340977708,proxy,5,0.9997178899582082,16777902.4,ok,0.03525227272727273,ok,0.31556022727272726,0.06114375,ok,ue1_qfi82,0.0,99,10.0,data,ok,0.0,ue1_qfi9,13.25,ok,,30.4,ue1_qfi2,0,0.0,0.0,30.303,ok,33.0,,pending,,pending,sensor_dense,16,Reservation,579362555,1.0
ue1_qfi2,5.191,12.958,14.664,15.549,ok,0.0003812951471327415,ok,ue3_qfi82,0,1,4,1001.5,data,ok,2.0,False,,proxy,3,0,,ue1_qfi2,1.0,152,150.0,ok,,ue3_qfi2,17.015,ok,,3,ok,3,,ue1_qfi2,0.9786492,ok,0.9998420399791771,proxy,5,0.9997195749987597,16779219.2,ok,0.029845454545454547,ok,0.27753181818181816,0.053503125,ok,ue1_qfi82,0.0,99,10.0,data,ok,0.0,ue1_qfi9,12.5,ok,,30.4,ue1_qfi2,0,0.0,0.0,30.303,ok,33.0,,pending,,pending,sensor_dense,16,TwoTier,579362555,1.0
ue1_qfi2,4.011,11.817,13.75,15.202,ok,0.00029203140400652213,ok,ue2_qfi82,0,1,4,1001.5,data,ok,2.0,False,,proxy,3,0,,ue1_qfi2,1.0,152,150.0,ok,,ue2_qfi2,16.037,ok,,3,ok,3,,ue1_qfi2,0.98231,ok,0.9998833429810322,proxy,5,0.9997816306857963,16777168.0,ok,0.02983181818181818,ok,0.25830681818181817,0.053234375,ok,ue1_qfi82,0.0,99,10.0,data,ok,0.0,ue1_qfi9,11.25,ok,,30.4,ue1_qfi2,0,0.0,0.0,30.303,ok,33.0,,pending,,pending,sensor_dense,16,PF,661058651,1.0
ue1_qfi2,5.321,13.629,15.764,16.703,ok,0.00043435465959086556,ok,ue2_qfi82,0,0,4,1000.0,data,ok,2.0,False,,proxy,3,0,,ue1_qfi2,0.993421052631579,152,150.0,ok,,ue1_qfi2,17.477,ok,,3,ok,3,,ue1_qfi2,0.9816735999999999,ok,0.9997833019600726,proxy,5,0.9996487655350613,16772348.8,ok,0.03534090909090909,ok,0.31036477272727275,0.06045625,ok,ue1_qfi82,0.0,99,10.0,data,ok,0.0,ue1_qfi9,13.5,ok,,30.2,ue1_qfi2,0,0.0,0.0,30.303,ok,33.0,,pending,,pending,sensor_dense,16,Reservation,661058651,1.0
ue1_qfi2,4.742,12.932,14.636,15.892,ok,0.0003705771116436244,ok,ue3_qfi82,0,1,4,1001.7500000000003,data,ok,2.0,False,,proxy,3,0,,ue1_qfi2,1.0,152,150.0,ok,,ue1_qfi2,16.39,ok,,3,ok,3,,ue1_qfi2,0.98249,ok,0.9998864734561618,proxy,5,0.9998247353678262,16777694.4,ok,0.029913636363636364,ok,0.2730818181818182,0.0528140625,ok,ue1_qfi82,0.0,99,10.0,data,ok,0.0,ue1_qfi9,12.5,ok,,30.4,ue1_qfi2,0,0.0,0.0,30.303,ok,33.0,,pending,,pending,sensor_dense,16,TwoTier,661058651,1.0
ue1_qfi2,4.381,12.562,13.962,14.923,ok,0.0004061892031975778,ok,ue2_qfi82,0,1,4,1001.5,data,ok,2.0,False,,proxy,3,0,,ue1_qfi2,0.993421052631579,152,150.0,ok,,ue2_qfi2,15.843,ok,,3,ok,3,,ue1_qfi2,0.9809088,ok,0.999764314966689,proxy,5,0.9995960204129328,16789291.2,ok,0.029695454545454546,ok,0.2542534090909091,0.0540703125,ok,ue1_qfi82,0.0,99,10.0,data,ok,0.0,ue1_qfi9,11.25,ok,,30.2,ue3_qfi2,1,67.25,67.25,30.303,ok,33.0,,pending,,pending,sensor_dense,16,PF,87989972,1.0
ue1_qfi2,5.678,14.282,16.135,17.041,ok,0.00034289362020702586,ok,ue2_qfi82,0,1,4,1001.7500000000003,data,ok,2.0,False,,proxy,3,0,,ue1_qfi2,1.0,152,150.0,ok,,ue1_qfi2,18.0,ok,,3,ok,3,,ue1_qfi2,0.980798,ok,0.9998390248023439,proxy,5,0.9997194849343884,16792452.8,ok,0.035570454545454544,ok,0.308375,0.0598171875,ok,ue1_qfi82,0.0,99,10.0,data,ok,0.0,ue1_qfi9,13.0,ok,,30.4,ue1_qfi2,0,0.0,0.0,30.303,ok,33.0,,pending,,pending,sensor_dense,16,Reservation,87989972,1.0
ue1_qfi2,5.084,13.06,14.826,16.0,ok,0.0004422972172522397,ok,ue3_qfi82,0,1,4,1004.5000000000002,data,ok,2.0,False,,proxy,3,0,,ue1_qfi2,0.993421052631579,152,150.0,ok,,ue1_qfi2,16.361,ok,,3,ok,3,,ue1_qfi2,0.9803432,ok,0.999798394485202,proxy,5,0.9997313774757822,16789288.0,ok,0.02963409090909091,ok,0.2687988636363636,0.053628125,ok,ue1_qfi82,0.0,99,10.0,data,ok,0.0,ue1_qfi9,12.75,ok,,30.2,ue1_qfi2,0,0.0,0.0,30.303,ok,33.0,,pending,,pending,sensor_dense,16,TwoTier,87989972,1.0
ue2_qfi2,5.883,12.075,14.15,15.542,ok,0.00036253746686010837,ok,ue3_qfi82,0,1,4,1001.5,data,ok,2.0,False,,proxy,3,0,,ue1_qfi2,1.0,152,150.0,ok,,ue2_qfi2,16.149,ok,,3,ok,3,,ue1_qfi2,0.9793944,ok,0.9998780425068098,proxy,5,0.9997121753342454,16893867.2,ok,0.029679545454545455,ok,0.2626409090909091,0.0567234375,ok,ue1_qfi82,0.0,99,10.0,data,ok,0.0,ue1_qfi9,11.0,ok,,30.4,ue1_qfi2,0,0.0,0.0,30.303,ok,33.0,,pending,,pending,sensor_dense,16,PF,161576974,1.0
ue1_qfi2,5.994,14.036,15.76,16.978,ok,0.0004904533445840932,ok,ue2_qfi82,0,0,4,1000.0,data,ok,2.0,False,,proxy,3,0,,ue1_qfi2,1.0,152,150.0,ok,,ue2_qfi2,17.5,ok,,3,ok,3,,ue1_qfi2,0.9793944,ok,0.9997081821172621,proxy,5,0.9995747370700665,16890916.8,ok,0.03501590909090909,ok,0.3166318181818182,0.0642125,ok,ue1_qfi82,0.0,99,10.0,data,ok,0.0,ue1_qfi9,13.5,ok,,30.4,ue1_qfi2,0,0.0,0.0,30.303,ok,33.0,,pending,,pending,sensor_dense,16,Reservation,161576974,1.0
ue1_qfi2,5.248,12.924,14.497,15.494,ok,0.00041129870881178134,ok,ue2_qfi82,0,0,4,1000.0,data,ok,2.0,False,,proxy,3,0,,ue1_qfi2,1.0,152,150.0,ok,,ue3_qfi2,16.75,ok,,3,ok,3,,ue1_qfi2,0.9793944,ok,0.9997851865393745,proxy,5,0.9996157993012599,16891955.2,ok,0.029722727272727272,ok,0.27923068181818184,0.0561875,ok,ue1_qfi82,0.0,99,10.0,data,ok,0.0,ue1_qfi9,13.0,ok,,30.4,ue1_qfi2,0,0.0,0.0,30.303,ok,33.0,,pending,,pending,sensor_dense,16,TwoTier,161576974,1.0
ue3_qfi2,5.658,11.924,13.833,15.424,ok,0.0003444539328745398,ok,ue3_qfi82,0,1,4,1001.5,data,ok,2.0,False,,proxy,3,0,,ue3_qfi2,0.9868421052631579,152,150.0,ok,,ue3_qfi2,16.65,ok,,3,ok,3,,ue1_qfi2,0.9819628,ok,0.9998502823902861,proxy,5,0.999712095158432,16716680.0,ok,0.030084090909090908,ok,0.2680102272727273,0.0570515625,ok,ue1_qfi82,0.0,99,10.0,data,ok,0.0,ue1_qfi9,11.5,ok,,30.0,ue3_qfi2,1,69.25,69.25,30.303,ok,33.0,,pending,,pending,sensor_dense,16,PF,35492826,1.0
ue1_qfi2,5.599,13.908,15.461,16.957,ok,0.0005127942745304686,ok,ue2_qfi82,0,1,4,1001.5,data,ok,2.0,False,,proxy,3,0,,ue1_qfi2,1.0,152,150.0,ok,,ue1_qfi2,17.216,ok,,3,ok,3,,ue1_qfi2,0.9819628,ok,0.99964717395907,proxy,5,0.9994609818407945,16721843.2,ok,0.035575,ok,0.3225875,0.065353125,ok,ue1_qfi82,0.0,99,10.0,data,ok,0.0,ue1_qfi9,13.5,ok,,30.4,ue1_qfi2,0,0.0,0.0,30.303,ok,33.0,,pending,,pending,sensor_dense,16,Reservation,35492826,1.0
ue1_qfi2,5.39,13.063,15.241,16.32,ok,0.0005165562989927344,ok,ue2_qfi82,0,2,4,1001.5,data,ok,2.0,False,,proxy,3,0,,ue3_qfi2,0.993421052631579,152,150.0,ok,,ue1_qfi2,17.08,ok,,3,ok,3,,ue1_qfi2,0.9819628,ok,0.9997198893444009,proxy,5,0.9995887190052776,16718518.4,ok,0.02982272727272727,ok,0.2863681818181818,0.0566640625,ok,ue1_qfi82,0.0,99,10.0,data,ok,0.0,ue1_qfi9,13.0,ok,,30.2,ue3_qfi2,1,70.0,70.0,30.303,ok,33.0,,pending,,pending,sensor_dense,16,TwoTier,35492826,1.0
ue1_qfi2,4.437,12.599,14.079,15.276,ok,0.00036378459774745947,ok,ue2_qfi82,0,0,4,1000.0,data,ok,2.0,False,,proxy,3,0,,ue1_qfi2,1.0,152,150.0,ok,,ue2_qfi2,15.919,ok,,3,ok,3,,ue1_qfi2,0.9597272,ok,0.999841699531593,proxy,5,0.9997194288826821,16848169.6,ok,0.02980909090909091,ok,0.2531806818181818,0.0527171875,ok,ue1_qfi82,0.0,99,10.0,data,ok,0.0,ue1_qfi9,11.0,ok,,30.4,ue1_qfi2,0,0.0,0.0,30.303,ok,33.0,,pending,,pending,sensor_dense,16,PF,376383645,1.0
ue1_qfi2,5.783,13.97,15.765,16.75,ok,0.0004414401619791101,ok,ue2_qfi82,0,1,4,1000.2500000000003,data,ok,2.0,False,,proxy,3,0,,ue1_qfi2,1.0,152,150.0,ok,,ue1_qfi2,16.856,ok,,3,ok,3,,ue1_qfi2,0.9597272,ok,0.9998270797514868,proxy,5,0.9997934932919276,16847796.8,ok,0.03553636363636364,ok,0.3083784090909091,0.059,ok,ue1_qfi82,0.0,99,10.0,data,ok,0.0,ue1_qfi9,12.75,ok,,30.4,ue1_qfi2,0,0.0,0.0,30.303,ok,33.0,,pending,,pending,sensor_dense,16,Reservation,376383645,1.0
ue1_qfi2,5.475,13.031,14.787,16.037,ok,0.00044714113055695085,ok,ue2_qfi82,0,0,4,1000.0,data,ok,2.0,False,,proxy,3,0,,ue1_qfi2,1.0,152,150.0,ok,,ue1_qfi2,16.403,ok,,3,ok,3,,ue1_qfi2,0.9597272,ok,0.9997359267034336,proxy,5,0.9995744154413007,16846203.2,ok,0.02977727272727273,ok,0.2687625,0.0522890625,ok,ue1_qfi82,0.0,99,10.0,data,ok,0.0,ue1_qfi9,12.5,ok,,30.4,ue1_qfi2,0,0.0,0.0,30.303,ok,33.0,,pending,,pending,sensor_dense,16,TwoTier,376383645,1.0
ue1_qfi2,4.267,12.171,13.86,14.705,ok,0.00032302656893529495,ok,ue2_qfi82,0,1,4,1001.5,data,ok,2.0,False,,proxy,3,0,,ue1_qfi2,0.993421052631579,152,150.0,ok,,ue3_qfi2,16.522,ok,,3,ok,3,,ue1_qfi2,0.9736668,ok,0.9999021090729843,proxy,5,0.9998091765958665,16836558.4,ok,0.02939318181818182,ok,0.24994204545454546,0.0499953125,ok,ue1_qfi82,0.0,99,10.0,data,ok,0.0,ue1_qfi9,11.25,ok,,30.2,ue1_qfi2,0,0.0,0.0,30.303,ok,33.0,,pending,,pending,sensor_dense,16,PF,1746484539,1.0
ue1_qfi2,5.429,13.798,15.832,16.499,ok,0.00046128463875587335,ok,ue2_qfi82,0,0,4,1000.0,data,ok,2.0,False,,proxy,3,0,,ue3_qfi2,0.993421052631579,152,150.0,ok,,ue1_qfi2,16.5,ok,,3,ok,3,,ue1_qfi2,0.97382,ok,0.9998016972729632,proxy,5,0.9996294738334,16830139.2,ok,0.035134090909090906,ok,0.30405795454545453,0.0560140625,ok,ue1_qfi82,0.0,99,10.0,data,ok,0.0,ue1_qfi9,13.0,ok,,30.4,ue1_qfi2,0,0.0,0.0,30.303,ok,33.0,,pending,,pending,sensor_dense,16,Reservation,1746484539,1.0
ue1_qfi2,4.81,12.897,14.514,15.952,ok,0.0003407247612836335,ok,ue3_qfi82,0,1,4,1001.5,data,ok,2.0,False,,proxy,3,0,,ue3_qfi2,0.993421052631579,152,150.0,ok,,ue1_qfi2,16.202,ok,,3,ok,3,,ue1_qfi2,0.97382,ok,0.9998389082888804,proxy,5,0.9996896989746143,16833875.2,ok,0.029365909090909092,ok,0.2651272727272727,0.0497625,ok,ue1_qfi82,0.0,99,10.0,data,ok,0.0,ue1_qfi9,12.5,ok,,30.2,ue3_qfi2,1,71.25,71.25,30.303,ok,33.0,,pending,,pending,sensor_dense,16,TwoTier,1746484539,1.0
ue2_qfi2,8.204,15.044,16.257,18.25,ok,0.0004182080514090656,ok,ue2_qfi82,0,0,4,1000.0,data,ok,2.0,False,,proxy,3,0,,ue1_qfi2,1.0,152,150.0,ok,,ue2_qfi2,20.246,ok,,3,ok,3,,ue1_qfi2,0.9597850666666667,ok,0.9994869137305751,proxy,5,0.9989396636838446,24678001.6,ok,0.030261363636363635,ok,0.3587659090909091,0.05536875,ok,ue1_qfi82,0.0,99,10.0,data,ok,0.0,ue1_qfi9,14.75,ok,,30.4,ue1_qfi2,0,0.0,0.0,30.303,ok,33.0,,pending,,pending,sensor_dense,16,PF,1826701614,1.5
ue2_qfi2,8.225,15.787,18.263,19.32,ok,0.0006438845806266633,ok,ue2_qfi82,0,1,4,1001.5,data,ok,2.0,False,,proxy,3,0,,ue1_qfi2,1.0,152,150.0,ok,,ue2_qfi2,21.297,ok,,3,ok,3,,ue1_qfi2,0.9599050666666668,ok,0.9988711775140253,proxy,5,0.9981172069950482,24672353.6,ok,0.03620227272727273,ok,0.4116340909090909,0.06506875,ok,ue1_qfi82,0.0,99,10.0,data,ok,0.0,ue1_qfi9,16.0,ok,,30.4,ue1_qfi2,0,0.0,0.0,30.303,ok,33.0,,pending,,pending,sensor_dense,16,Reservation,1826701614,1.5
ue3_qfi2,8.303,14.997,16.746,18.317,ok,0.0006926352123808933,ok,ue3_qfi82,0,1,4,1001.5,data,ok,2.0,False,,proxy,3,0,,ue1_qfi2,0.9868421052631579,152,150.0,ok,,ue2_qfi2,21.332,ok,,3,ok,3,,ue1_qfi2,0.9579669333333333,ok,0.9813536018866206,proxy,5,0.9686828597826285,24654728.0,ok,0.030356818181818183,ok,0.3824056818181818,0.054978125,ok,ue1_qfi82,0.0,99,10.0,data,ok,0.0,ue1_qfi9,15.5,ok,,30.0,ue1_qfi2,1,66.75,66.75,30.303,ok,33.0,,pending,,pending,sensor_dense,16,TwoTier,1826701614,1.5
ue3_qfi2,8.064,15.228,16.978,18.966,ok,0.0002968266781379554,ok,ue1_qfi85,0,1,1,1062.7499999999998,data,ok,2.0,False,,proxy,3,0,,ue1_qfi2,1.0,152,150.0,ok,,ue3_qfi2,20.351,ok,,3,ok,3,,ue1_qfi2,0.9776296,ok,0.9997404551072882,proxy,5,0.9995855124979371,24842158.400000002,ok,0.02995,ok,0.37544886363636365,0.0576234375,ok,ue1_qfi82,0.0,99,10.0,data,ok,0.0,ue1_qfi9,14.0,ok,,30.4,ue1_qfi2,0,0.0,0.0,30.303,ok,33.0,,pending,,pending,sensor_dense,16,PF,1367864806,1.5
ue2_qfi2,7.78,15.584,17.601,19.341,ok,0.000582185422321749,ok,ue1_qfi85,0,1,1,1061.2499999999998,data,ok,2.0,False,,proxy,3,0,,ue3_qfi2,0.993421052631579,152,150.0,ok,,ue2_qfi2,22.0,ok,,3,ok,3,,ue1_qfi2,0.9776296,ok,0.9992115967927793,proxy,5,0.9990566899327353,24831036.8,ok,0.03538181818181818,ok,0.42889886363636365,0.0686515625,ok,ue1_qfi82,0.0,99,10.0,data,ok,0.0,ue1_qfi9,15.25,ok,,30.2,ue3_qfi2,1,66.25,66.25,30.303,ok,33.0,,pending,,pending,sensor_dense,16,Reservation,1367864806,1.5
ue3_qfi2,8.773,16.069,18.321,19.919,ok,0.0006990157556760253,ok,ue1_qfi85,0,1,1,1061.2499999999998,data,ok,2.0,False,,proxy,3,0,,ue3_qfi2,0.993421052631579,152,150.0,ok,,ue3_qfi2,21.689,ok,,3,ok,3,,ue1_qfi2,0.9776296,ok,0.9818613889644192,proxy,5,0.933357933510035,24827012.8,ok,0.029920454545454545,ok,0.39645,0.0569046875,ok,ue1_qfi82,0.0,99,10.0,data,ok,0.0,ue1_qfi9,16.0,ok,,30.4,ue1_qfi2,0,0.0,0.0,30.303,ok,33.0,,pending,,pending,sensor_dense,16,TwoTier,1367864806,1.5
ue3_qfi2,8.086,15.342,17.293,18.836,ok,0.0003550499619904079,ok,ue2_qfi82,0,0,4,1000.0,data,ok,2.0,False,,proxy,3,0,,ue1_qfi2,0.993421052631579,152,150.0,ok,,ue2_qfi2,20.618,ok,,3,ok,3,,ue1_qfi2,0.9687034666666666,ok,0.999688332681479,proxy,5,0.9995328302894901,24682668.8,ok,0.02993409090909091,ok,0.37279772727272725,0.06019375,ok,ue1_qfi82,0.0,99,10.0,data,ok,0.0,ue1_qfi9,14.25,ok,,30.2,ue3_qfi2,1,67.5,67.5,30.303,ok,33.0,,pending,,pending,sensor_dense,16,PF,1097657231,1.5
ue2_qfi2,8.067,16.112,18.158,20.353,ok,0.0004780918322576213,ok,ue2_qfi82,0,2,4,1001.2499999999998,data,ok,2.0,False,,proxy,3,0,,ue1_qfi2,0.993421052631579,152,150.0,ok,,ue3_qfi2,22.894,ok,,3,ok,3,,ue1_qfi2,0.9683717333333334,ok,0.9993839330714451,proxy,5,0.9991773597642751,24676697.6,ok,0.03579772727272727,ok,0.4255375,0.07205625,ok,ue1_qfi82,0.0,99,10.0,data,ok,0.0,ue1_qfi9,15.5,ok,,30.2,ue1_qfi2,1,69.5,69.5,30.303,ok,33.0,,pending,,pending,sensor_dense,16,Reservation,1097657231,1.5
ue3_qfi2,8.645,16.057,18.014,19.199,ok,0.000538245699962359,ok,ue2_qfi82,0,0,4,1000.0,data,ok,2.0,False,,proxy,3,0,,ue1_qfi2,1.0,152,150.0,ok,,ue3_qfi2,20.29,ok,,3,ok,3,,ue1_qfi2,0.9690645333333333,ok,0.9949143311224287,proxy,5,0.9782092999663882,24684105.6,ok,0.029720454545454546,ok,0.3934602272727273,0.0598171875,ok,ue1_qfi82,0.0,99,10.0,data,ok,0.0,ue1_qfi9,15.75,ok,,30.4,ue1_qfi2,0,0.0,0.0,30.303,ok,33.0,,pending,,pending,sensor_dense,16,TwoTier,1097657231,1.5
ue3_qfi2,8.822,16.096,18.46,19.765,ok,0.0003607127855118218,ok,ue2_qfi82,0,1,4,1003.0000000000001,data,ok,2.0,False,,proxy,3,0,,ue3_qfi2,0.993421052631579,152,150.0,ok,,ue3_qfi2,20.996,ok,,3,ok,3,,ue1_qfi2,0.9784341333333333,ok,0.9996080470730799,proxy,5,0.999189361816142,24769513.6,ok,0.02983181818181818,ok,0.3768011363636364,0.058046875,ok,ue1_qfi82,0.0,99,10.0,data,ok,0.0,ue1_qfi9,14.25,ok,,30.4,ue1_qfi2,0,0.0,0.0,30.303,ok,33.0,,pending,,pending,sensor_dense,16,PF,579362555,1.5
ue3_qfi2,8.692,16.631,18.394,20.445,ok,0.0005786093526800603,ok,ue3_qfi82,0,1,4,1001.5,data,ok,2.0,False,,proxy,3,0,,ue3_qfi2,0.9868421052631579,152,150.0,ok,,ue3_qfi2,21.914,ok,,3,ok,3,,ue1_qfi2,0.9784133333333334,ok,0.9992330399658773,proxy,5,0.9987158606042146,24766553.6,ok,0.03553636363636364,ok,0.4298659090909091,0.069128125,ok,ue1_qfi82,0.0,99,10.0,data,ok,0.0,ue1_qfi9,16.25,ok,,30.2,ue1_qfi2,1,67.75,67.75,30.303,ok,33.0,,pending,,pending,sensor_dense,16,Reservation,579362555,1.5
ue3_qfi2,9.005,16.199,18.171,19.862,ok,0.0008657310075903153,ok,ue2_qfi82,0,2,4,1001.5,data,ok,2.0,False,,proxy,3,0,,ue1_qfi2,1.0,152,150.0,ok,,ue3_qfi2,21.846,ok,,3,ok,3,,ue1_qfi2,0.9785818666666667,ok,0.9665924266012267,proxy,5,0.889411530424083,24766763.2,ok,0.029913636363636364,ok,0.3977522727272727,0.0571078125,ok,ue1_qfi82,0.0,99,10.0,data,ok,0.0,ue1_qfi9,15.25,ok,,30.4,ue1_qfi2,0,0.0,0.0,30.303,ok,33.0,,pending,,pending,sensor_dense,16,TwoTier,579362555,1.5
ue2_qfi2,8.655,15.897,18.037,19.5,ok,0.0003494088967134908,ok,ue2_qfi82,0,1,4,1001.5,data,ok,2.0,False,,proxy,3,0,,ue1_qfi2,1.0,152,150.0,ok,,ue2_qfi2,21.144,ok,,3,ok,3,,ue1_qfi2,0.9824994666666667,ok,0.99966527639767,proxy,5,0.9995758122769153,24778664.0,ok,0.029943181818181817,ok,0.37132272727272725,0.0570390625,ok,ue1_qfi82,0.0,99,10.0,data,ok,0.0,ue1_qfi9,14.0,ok,,30.4,ue1_qfi2,0,0.0,0.0,30.303,ok,33.0,,pending,,pending,sensor_dense,16,PF,661058651,1.5
ue2_qfi2,8.314,16.46,18.441,19.866,ok,0.0005682463329456159,ok,ue2_qfi82,0,1,4,1001.5,data,ok,2.0,False,,proxy,3,0,,ue1_qfi2,1.0,152,150.0,ok,,ue2_qfi2,21.274,ok,,3,ok,3,,ue1_qfi2,0.9824994666666667,ok,0.9992680186030309,proxy,5,0.999040553826654,24773936.0,ok,0.03539545454545454,ok,0.42507727272727275,0.068275,ok,ue1_qfi82,0.0,99,10.0,data,ok,0.0,ue1_qfi9,16.25,ok,,30.4,ue1_qfi2,0,0.0,0.0,30.303,ok,33.0,,pending,,pending,sensor_dense,16,Reservation,661058651,1.5
ue3_qfi2,8.365,15.661,17.723,19.373,ok,0.000695478883753164,ok,ue2_qfi82,0,1,4,1000.2500000000003,data,ok,2.0,False,,proxy,3,0,,ue1_qfi2,1.0,152,150.0,ok,,ue3_qfi2,20.736,ok,,3,ok,3,,ue1_qfi2,0.9824994666666667,ok,0.9829541004774907,proxy,5,0.9506445738318428,24769443.2,ok,0.02989090909090909,ok,0.39211931818181817,0.056165625,ok,ue1_qfi82,0.0,99,10.0,data,ok,0.0,ue1_qfi9,15.25,ok,,30.4,ue1_qfi2,0,0.0,0.0,30.303,ok,33.0,,pending,,pending,sensor_dense,16,TwoTier,661058651,1.5
ue2_qfi2,8.095,15.138,16.661,18.983,ok,0.00035376839107154615,ok,ue2_qfi82,0,1,4,1000.2500000000001,data,ok,2.0,False,,proxy,3,0,,ue1_qfi2,1.0,152,150.0,ok,,ue2_qfi2,21.03,ok,,3,ok,3,,ue1_qfi2,0.98104,ok,0.9996183602899988,proxy,5,0.9993720430071327,24802988.8,ok,0.0297,ok,0.3649340909090909,0.057259375,ok,ue1_qfi82,0.0,99,10.0,data,ok,0.0,ue1_qfi9,14.25,ok,,30.4,ue1_qfi2,0,0.0,0.0,30.303,ok,33.0,,pending,,pending,sensor_dense,16,PF,87989972,1.5
ue2_qfi2,7.843,15.607,17.92,19.541,ok,0.0005562396753170192,ok,ue2_qfi82,0,1,4,1001.5,data,ok,2.0,False,,proxy,3,0,,ue1_qfi2,1.0,152,150.0,ok,,ue2_qfi2,21.315,ok,,3,ok,3,,ue1_qfi2,0.98104,ok,0.9992213877373117,proxy,5,0.9989271328585947,24793412.8,ok,0.03569772727272727,ok,0.41841931818181816,0.0668578125,ok,ue1_qfi82,0.0,99,10.0,data,ok,0.0,ue1_qfi9,15.5,ok,,30.4,ue1_qfi2,0,0.0,0.0,30.303,ok,33.0,,pending,,pending,sensor_dense,16,Reservation,87989972,1.5
ue3_qfi2,8.83,16.094,17.656,19.0,ok,0.0007657607368226817,ok,ue2_qfi82,0,2,4,1001.5,data,ok,2.0,False,,proxy,3,0,,ue1_qfi2,1.0,152,150.0,ok,,ue3_qfi2,20.594,ok,,3,ok,3,,ue1_qfi2,0.98104,ok,0.9768527052507817,proxy,5,0.9196341069814571,24789153.6,ok,0.029761363636363638,ok,0.38605340909090907,0.05629375,ok,ue1_qfi82,0.0,99,10.0,data,ok,0.0,ue1_qfi9,15.75,ok,,30.4,ue1_qfi2,0,0.0,0.0,30.303,ok,33.0,,pending,,pending,sensor_dense,16,TwoTier,87989972,1.5
ue2_qfi2,8.605,15.9,17.846,19.65,ok,0.0003799640050296028,ok,ue3_qfi82,0,1,4,1001.7499999999999,data,ok,2.0,False,,proxy,3,0,,ue3_qfi2,0.993421052631579,152,150.0,ok,,ue2_qfi2,21.15,ok,,3,ok,3,,ue1_qfi2,0.9794037333333334,ok,0.9995728451740907,proxy,5,0.9993303928979296,24948670.400000002,ok,0.029995454545454544,ok,0.37842386363636366,0.0606796875,ok,ue1_qfi82,0.0,99,10.0,data,ok,0.0,ue1_qfi9,14.25,ok,,30.4,ue1_qfi2,0,0.0,0.0,30.303,ok,33.0,,pending,,pending,sensor_dense,16,PF,161576974,1.5
ue2_qfi2,8.358,16.679,19.176,20.572,ok,0.0005717140529660567,ok,ue2_qfi82,0,0,4,1000.0,data,ok,2.0,False,,proxy,3,0,,ue3_qfi2,0.993421052631579,152,150.0,ok,,ue2_qfi2,23.484,ok,,3,ok,3,,ue1_qfi2,0.9794037333333334,ok,0.9992625798006586,proxy,5,0.9989612316124014,24945281.6,ok,0.03525909090909091,ok,0.43087954545454543,0.0727421875,ok,ue1_qfi82,0.0,99,10.0,data,ok,0.0,ue1_qfi9,16.0,ok,,30.2,ue3_qfi2,1,69.75,69.75,30.303,ok,33.0,,pending,,pending,sensor_dense,16,Reservation,161576974,1.5
ue3_qfi2,8.67,15.697,18.121,18.922,ok,0.0007725137406106281,ok,ue2_qfi82,0,1,4,1000.2500000000001,data,ok,2.0,False,,proxy,3,0,,ue1_qfi2,1.0,152,150.0,ok,,ue3_qfi2,20.435,ok,,3,ok,3,,ue1_qfi2,0.9794037333333334,ok,0.9791945129687418,proxy,5,0.9016164124300678,24943288.0,ok,0.02983409090909091,ok,0.3995681818181818,0.0598078125,ok,ue1_qfi82,0.0,99,10.0,data,ok,0.0,ue1_qfi9,15.5,ok,,30.4,ue1_qfi2,0,0.0,0.0,30.303,ok,33.0,,pending,,pending,sensor_dense,16,TwoTier,161576974,1.5
ue2_qfi2,8.365,15.743,17.59,19.741,ok,0.0003908933889783094,ok,ue2_qfi82,0,0,4,1000.0,data,ok,2.0,False,,proxy,3,0,,ue1_qfi2,0.993421052631579,152,150.0,ok,,ue2_qfi2,21.606,ok,,3,ok,3,,ue1_qfi2,0.9813538666666667,ok,0.9995713126761421,proxy,5,0.9990435552693016,24689123.200000003,ok,0.030115909090909092,ok,0.38575227272727275,0.0617609375,ok,ue1_qfi82,0.0,99,10.0,data,ok,0.0,ue1_qfi9,14.75,ok,,30.2,ue3_qfi2,1,68.75,68.75,30.303,ok,33.0,,pending,,pending,sensor_dense,16,PF,35492826,1.5
ue2_qfi2,8.22,16.741,19.173,20.606,ok,0.0006452818299477732,ok,ue2_qfi82,0,1,4,1001.5,data,ok,2.0,False,,proxy,3,0,,ue1_qfi2,1.0,152,150.0,ok,,ue2_qfi2,22.59,ok,,3,ok,3,,ue1_qfi2,0.981852,ok,0.9989089309372847,proxy,5,0.9982471506825426,24690876.8,ok,0.03555681818181818,ok,0.4394215909090909,0.0745859375,ok,ue1_qfi82,0.0,99,10.0,data,ok,0.0,ue1_qfi9,15.75,ok,,30.4,ue1_qfi2,0,0.0,0.0,30.303,ok,33.0,,pending,,pending,sensor_dense,16,Reservation,35492826,1.5
ue3_qfi2,8.944,15.816,17.494,19.092,ok,0.0006493111188538551,ok,ue2_qfi82,0,1,4,1001.5,data,ok,2.0,False,,proxy,3,0,,ue3_qfi2,0.993421052631579,152,150.0,ok,,ue3_qfi2,21.808,ok,,3,ok,3,,ue1_qfi2,0.9819728,ok,0.9849801291925335,proxy,5,0.9287623398527516,24690168.0,ok,0.030020454545454545,ok,0.41110681818181816,0.0608984375,ok,ue1_qfi82,0.0,99,10.0,data,ok,0.0,ue1_qfi9,16.0,ok,,30.2,ue3_qfi2,1,70.0,70.0,30.303,ok,33.0,,pending,,pending,sensor_dense,16,TwoTier,35492826,1.5
ue2_qfi2,8.245,14.756,16.734,18.505,ok,0.00038970174415151716,ok,ue3_qfi82,0,2,4,1001.5,data,ok,2.0,False,,proxy,3,0,,ue1_qfi2,0.993421052631579,152,150.0,ok,,ue2_qfi2,20.663,ok,,3,ok,3,,ue1_qfi2,0.9596594666666667,ok,0.9995940791899083,proxy,5,0.9994442939113968,24883468.8,ok,0.02980681818181818,ok,0.3619818181818182,0.0556859375,ok,ue1_qfi82,0.0,99,10.0,data,ok,0.0,ue1_qfi9,14.75,ok,,30.2,ue1_qfi2,1,69.75,69.75,30.303,ok,33.0,,pending,,pending,sensor_dense,16,PF,376383645,1.5
ue3_qfi2,7.384,15.292,17.25,18.777,ok,0.0006225750883551262,ok,ue3_qfi82,0,1,4,1001.5,data,ok,2.0,False,,proxy,3,0,,ue1_qfi2,0.993421052631579,152,150.0,ok,,ue3_qfi2,21.526,ok,,3,ok,3,,ue1_qfi2,0.9591952,ok,0.9991055543019034,proxy,5,0.9985339499806073,24871195.2,ok,0.03579545454545455,ok,0.41774204545454546,0.0660359375,ok,ue1_qfi82,0.0,99,10.0,data,ok,0.0,ue1_qfi9,15.25,ok,,30.2,ue1_qfi2,1,69.75,69.75,30.303,ok,33.0,,pending,,pending,sensor_dense,16,Reservation,376383645,1.5
ue1_qfi2,6.069,15.265,18.0,19.137,ok,0.0007659690437181475,ok,ue2_qfi82,0,1,4,1001.5,data,ok,2.0,False,,proxy,3,0,,ue1_qfi2,1.0,152,150.0,ok,,ue3_qfi2,21.305,ok,,3,ok,3,,ue1_qfi2,0.9597394666666667,ok,0.9763929575485509,proxy,5,0.9163006617185385,24874307.2,ok,0.029925,ok,0.38506931818181817,0.0549734375,ok,ue1_qfi82,0.0,99,10.0,data,ok,0.0,ue1_qfi9,15.75,ok,,30.4,ue1_qfi2,0,0.0,0.0,30.303,ok,33.0,,pending,,pending,sensor_dense,16,TwoTier,376383645,1.5
ue3_qfi2,8.744,15.296,17.106,18.5,ok,0.0004011447162370721,ok,ue2_qfi82,0,0,4,1000.0,data,ok,2.0,False,,proxy,3,0,,ue3_qfi2,0.993421052631579,152,150.0,ok,,ue3_qfi2,20.403,ok,,3,ok,3,,ue1_qfi2,0.9738304000000001,ok,0.9995762260958871,proxy,5,0.9993543711362302,24863385.6,ok,0.02955909090909091,ok,0.36014318181818183,0.0532171875,ok,ue1_qfi82,0.0,99,10.0,data,ok,0.0,ue1_qfi9,14.75,ok,,30.4,ue1_qfi2,0,0.0,0.0,30.303,ok,33.0,,pending,,pending,sensor_dense,16,PF,1746484539,1.5
ue3_qfi2,8.435,16.244,18.25,19.722,ok,0.0005909937341539564,ok,ue2_qfi82,0,0,4,1000.0,data,ok,2.0,False,,proxy,3,0,,ue3_qfi2,0.9868421052631579,152,150.0,ok,,ue3_qfi2,22.467,ok,,3,ok,3,,ue1_qfi2,0.9738304000000001,ok,0.9991748940745817,proxy,5,0.9988613201347093,24855878.4,ok,0.03501590909090909,ok,0.41333977272727274,0.0631671875,ok,ue1_qfi82,0.0,99,10.0,data,ok,0.0,ue1_qfi9,15.25,ok,,30.0,ue3_qfi2,1,68.25,68.25,30.303,ok,33.0,,pending,,pending,sensor_dense,16,Reservation,1746484539,1.5
ue3_qfi2,8.814,15.9,18.177,19.764,ok,0.0006259990107272853,ok,ue3_qfi82,0,1,4,1001.5,data,ok,2.0,False,,proxy,3,0,,ue1_qfi2,1.0,152,150.0,ok,,ue3_qfi2,22.642,ok,,3,ok,3,,ue1_qfi2,0.9738304000000001,ok,0.9859244974675685,proxy,5,0.933331216913236,24856374.400000002,ok,0.029704545454545456,ok,0.3826215909090909,0.052909375,ok,ue1_qfi82,0.0,99,10.0,data,ok,0.0,ue1_qfi9,16.0,ok,,30.4,ue1_qfi2,0,0.0,0.0,30.303,ok,33.0,,pending,,pending,sensor_dense,16,TwoTier,1746484539,1.5
ue6_qfi1,8.25,23.0,85.5,85.5,ok,0.0011161473739969118,ok,ue6_qfi9,0,2,4,1028.7499999999998,data,ok,2.0,False,,proxy,3,0,,ue12_qfi2,0.9933774834437086,151,150.0,ok,,ue13_qfi2,57.842,ok,,13,ok,13,,ue7_qfi2,0.9688776,ok,0.9942783941860419,proxy,5,0.9936113927897031,56650513.6,ok,0.014497727272727273,ok,0.8365579545454546,0.0577875,ok,ue1_qfi82,0.0,99,10.0,data,ok,0.0,ue6_qfi1,77.25,ok,,30.4,ue1_qfi2,0,0.0,0.0,30.303,ok,33.0,,pending,,pending,drone_heavy,16,PF,1826701614,1.0
ue2_qfi9,20.25,54.25,59.0,62.5,ok,0.0017636301641475612,ok,ue10_qfi9,0,1,4,1024.7499999999995,data,ok,2.0,False,,proxy,3,0,,ue1_qfi2,0.993421052631579,152,150.0,ok,,ue2_qfi2,42.113,ok,,13,ok,13,,ue7_qfi2,0.9662028,ok,0.9643627859108161,proxy,5,0.9475207157807133,56609027.2,ok,0.015375,ok,0.868534090909091,0.156471875,ok,ue1_qfi82,0.0,99,10.0,data,ok,0.0,ue2_qfi9,42.25,ok,,30.2,ue1_qfi2,1,78.25,78.25,30.303,ok,33.0,,pending,,pending,drone_heavy,16,Reservation,1826701614,1.0
ue11_qfi1,18.25,84.0,94.0,94.0,ok,0.0008345238946092482,ok,ue14_qfi82,0,1,1,1800.5,data,ok,2.0,False,,proxy,3,0,,ue9_qfi2,0.9933774834437086,151,150.0,ok,,ue12_qfi2,48.008,ok,,13,ok,13,,ue4_qfi2,0.9647055999999999,ok,0.9767706826101206,proxy,5,0.962024043136429,56659449.6,ok,0.014877272727272727,ok,0.8681545454545454,0.0604078125,ok,ue1_qfi82,0.0,99,10.0,data,ok,0.0,ue8_qfi1,76.0,ok,,30.4,ue10_qfi2,2,68.75,135.0,30.303,ok,33.0,,pending,,pending,drone_heavy,16,TwoTier,1826701614,1.0
ue12_qfi2,26.297,33.532,54.269,57.55,ok,0.0011022958139530654,ok,ue8_qfi9,0,2,4,1038.75,data,ok,2.0,False,,proxy,3,0,,ue12_qfi2,0.9867549668874173,151,150.0,ok,,ue12_qfi2,58.527,ok,,13,ok,13,,ue6_qfi2,0.956532,ok,0.9945376646536823,proxy,5,0.9924987707289205,56237337.6,ok,0.014695454545454546,ok,0.8373943181818182,0.0583671875,ok,ue1_qfi82,0.0,99,10.0,data,ok,0.0,ue4_qfi1,46.5,ok,,29.8,ue12_qfi2,1,68.75,68.75,30.303,ok,33.0,,pending,,pending,drone_heavy,16,PF,1367864806,1.0
ue2_qfi9,21.75,55.5,64.5,71.5,ok,0.001723994847376603,ok,ue6_qfi9,0,1,4,1020.0,data,ok,2.0,False,,proxy,3,0,,ue8_qfi2,0.993421052631579,152,150.0,ok,,ue12_qfi2,40.683,ok,,13,ok,13,,ue6_qfi2,0.9568384,ok,0.9640230296864892,proxy,5,0.9487228647820755,56181214.4,ok,0.015702272727272728,ok,0.8688988636363636,0.159978125,ok,ue1_qfi82,0.0,99,10.0,data,ok,0.0,ue2_qfi9,49.75,ok,,30.4,ue1_qfi2,1,70.25,70.25,30.303,ok,33.0,,pending,,pending,drone_heavy,16,Reservation,1367864806,1.0
ue6_qfi1,19.75,48.25,79.0,79.0,ok,0.0008835466019447009,ok,ue14_qfi82,0,1,1,1901.0,data,ok,2.0,False,,proxy,3,0,,ue11_qfi2,0.9868421052631579,152,150.0,ok,,ue13_qfi2,42.974,ok,,13,ok,13,,ue6_qfi2,0.957544,ok,0.9731091537955934,proxy,5,0.9619416231456763,56231132.8,ok,0.014536363636363637,ok,0.8714625,0.0613796875,ok,ue1_qfi82,0.0,99,10.0,data,ok,0.0,ue5_qfi1,61.75,ok,,30.0,ue11_qfi2,2,69.5,138.0,30.303,ok,33.0,,pending,,pending,drone_heavy,16,TwoTier,1367864806,1.0
ue2_qfi9,9.5,67.25,114.5,137.25,ok,0.0011667637074336166,ok,ue2_qfi85,0,1,2,1671.5000000000002,data,ok,2.0,False,,proxy,3,0,,ue1_qfi2,0.993421052631579,152,150.0,ok,,ue13_qfi2,62.5,ok,,12,ok,13,,ue11_qfi2,0.9457536,ok,0.9933472898920879,proxy,5,0.9896256047742914,56210344.0,ok,0.014545454545454545,ok,0.86245,0.063971875,ok,ue1_qfi82,0.0,99,10.0,data,ok,0.0,ue2_qfi9,127.75,ok,,30.2,ue5_qfi2,1,67.5,67.5,30.303,ok,33.0,,pending,,pending,drone_heavy,16,PF,1097657231,1.0
ue11_qfi1,12.75,28.25,88.0,88.0,ok,0.0017881972893023321,ok,ue2_qfi85,0,1,2,1671.25,data,ok,2.0,False,,proxy,3,0,,ue11_qfi2,0.9868421052631579,152,150.0,ok,,ue13_qfi2,57.747,ok,,12,ok,13,,ue11_qfi2,0.9461304,ok,0.9594190330275871,proxy,5,0.9459202519695816,56161444.8,ok,0.015561363636363637,ok,0.8914647727272728,0.1760796875,ok,ue1_qfi82,0.0,99,10.0,data,ok,0.0,ue11_qfi1,75.25,ok,,30.0,ue11_qfi2,1,107.5,107.5,30.303,ok,33.0,,pending,,pending,drone_heavy,16,Reservation,1097657231,1.0
ue9_qfi1,17.0,84.0,92.0,92.0,ok,0.0009137913470605758,ok,ue2_qfi85,0,1,2,1671.25,data,ok,2.0,False,,proxy,3,0,,ue8_qfi2,0.993421052631579,152,150.0,ok,,ue13_qfi2,54.415,ok,,12,ok,13,,ue11_qfi2,0.9463888,ok,0.970712207538055,proxy,5,0.9553449222126034,56208820.8,ok,0.01555,ok,0.8954579545454545,0.06633125,ok,ue1_qfi82,0.0,99,10.0,data,ok,0.0,ue8_qfi9,79.75,ok,,30.4,ue3_qfi2,1,90.0,90.0,30.303,ok,33.0,,pending,,pending,drone_heavy,16,TwoTier,1097657231,1.0
ue1_qfi9,12.5,65.75,93.0,104.75,ok,0.001191703302587753,ok,ue1_qfi85,0,1,1,1491.25,data,ok,2.0,False,,proxy,3,0,,ue6_qfi2,0.993421052631579,152,150.0,ok,,ue13_qfi2,57.73,ok,,13,ok,13,,ue9_qfi2,0.9598932,ok,0.9932943437646495,proxy,5,0.9877608077414848,56375614.4,ok,0.014720454545454545,ok,0.8352079545454546,0.0569875,ok,ue1_qfi82,0.0,99,10.0,data,ok,0.0,ue1_qfi9,92.25,ok,,30.4,ue1_qfi2,0,0.0,0.0,30.303,ok,33.0,,pending,,pending,drone_heavy,16,PF,579362555,1.0
ue1_qfi9,22.25,56.25,64.0,71.0,ok,0.0017157278122201288,ok,ue15_qfi82,0,1,1,1803.25,data,ok,2.0,False,,proxy,3,0,,ue10_qfi2,0.993421052631579,152,150.0,ok,,ue13_qfi2,44.394,ok,,13,ok,13,,ue9_qfi2,0.958992,ok,0.963186205236035,proxy,5,0.9511158328832583,56313617.6,ok,0.014913636363636363,ok,0.8669727272727272,0.1537765625,ok,ue1_qfi82,0.0,98,10.0,data,ok,0.0,ue1_qfi9,48.75,ok,,30.2,ue10_qfi2,1,70.0,70.0,30.303,ok,33.0,,pending,,pending,drone_heavy,16,Reservation,579362555,1.0
ue9_qfi1,17.75,71.5,84.5,84.5,ok,0.0009292173070056042,ok,ue1_qfi85,0,1,1,1491.25,data,ok,2.0,False,,proxy,3,0,,ue3_qfi2,0.993421052631579,152,150.0,ok,,ue13_qfi2,50.381,ok,,13,ok,13,,ue9_qfi2,0.9569276,ok,0.9691409822799631,proxy,5,0.9589266836080191,56360857.6,ok,0.014597727272727273,ok,0.8680522727272727,0.0604734375,ok,ue1_qfi82,0.0,99,10.0,data,ok,0.0,ue9_qfi1,66.75,ok,,30.2,ue4_qfi2,1,69.75,69.75,30.303,ok,33.0,,pending,,pending,drone_heavy,16,TwoTier,579362555,1.0
ue12_qfi2,26.655,33.336,53.678,57.048,ok,0.001003392881071628,ok,ue3_qfi9,0,1,4,1015.4999999999999,data,ok,2.0,False,,proxy,3,0,,ue1_qfi2,0.993421052631579,152,150.0,ok,,ue12_qfi2,57.798,ok,,13,ok,13,,ue5_qfi2,0.956546,ok,0.9949813770600825,proxy,5,0.9935251001431217,56398216.0,ok,0.014113636363636363,ok,0.830675,0.0573453125,ok,ue1_qfi82,0.0,99,10.0,data,ok,0.0,ue1_qfi9,44.75,ok,,30.2,ue12_qfi2,1,67.75,67.75,30.303,ok,33.0,,pending,,pending,drone_heavy,16,PF,661058651,1.0
ue5_qfi1,15.25,23.25,90.5,90.5,ok,0.0016700884733592456,ok,ue14_qfi82,0,1,1,1309.0000000000002,data,ok,2.0,False,,proxy,3,0,,ue3_qfi2,0.993421052631579,152,150.0,ok,,ue12_qfi2,41.336,ok,,13,ok,13,,ue5_qfi2,0.9556048,ok,0.9713694971288447,proxy,5,0.9487319702798329,56350820.8,ok,0.01555909090909091,ok,0.8660659090909091,0.152315625,ok,ue1_qfi82,0.0,99,10.0,data,ok,0.0,ue5_qfi1,75.25,ok,,30.4,ue2_qfi2,2,71.25,140.5,30.303,ok,33.0,,pending,,pending,drone_heavy,16,Reservation,661058651,1.0
ue4_qfi1,16.75,56.0,79.0,79.0,ok,0.0008019237323265173,ok,ue6_qfi9,0,1,4,1025.0,data,ok,2.0,False,,proxy,3,0,,ue5_qfi2,0.993421052631579,152,150.0,ok,,ue12_qfi2,46.604,ok,,13,ok,13,,ue5_qfi2,0.95353,ok,0.9756824070635981,proxy,5,0.9607093054486346,56385212.8,ok,0.014604545454545455,ok,0.8614534090909091,0.060165625,ok,ue1_qfi82,0.0,99,10.0,data,ok,0.0,ue8_qfi1,62.5,ok,,30.2,ue5_qfi2,1,89.0,89.0,30.303,ok,33.0,,pending,,pending,drone_heavy,16,TwoTier,661058651,1.0
ue12_qfi2,27.86,54.922,60.303,61.96,ok,0.001091231513769108,ok,ue8_qfi9,0,1,4,1022.4999999999995,data,ok,2.0,False,,proxy,3,0,,ue1_qfi2,1.0,152,150.0,ok,,ue12_qfi2,62.454,ok,,13,ok,13,,ue11_qfi2,0.957582,ok,0.9946384085726564,proxy,5,0.9939982637688215,56299660.8,ok,0.014515909090909091,ok,0.8585886363636364,0.0626953125,ok,ue1_qfi82,0.0,99,10.0,data,ok,0.0,ue7_qfi1,42.5,ok,,30.4,ue1_qfi2,0,0.0,0.0,30.303,ok,33.0,,pending,,pending,drone_heavy,16,PF,87989972,1.0
ue2_qfi9,23.25,55.5,62.0,66.5,ok,0.0017709686539172976,ok,ue15_qfi82,0,1,1,1305.4999999999995,data,ok,2.0,False,,proxy,3,0,,ue1_qfi2,1.0,152,150.0,ok,,ue12_qfi2,57.204,ok,,13,ok,13,,ue11_qfi2,0.9559295999999999,ok,0.9650455664179368,proxy,5,0.9518190520665804,56247553.6,ok,0.015270454545454545,ok,0.88615,0.171890625,ok,ue1_qfi82,0.0,99,10.0,data,ok,0.0,ue11_qfi1,50.25,ok,,30.4,ue6_qfi2,1,82.75,82.75,30.303,ok,33.0,,pending,,pending,drone_heavy,16,Reservation,87989972,1.0
ue6_qfi1,19.0,56.75,86.5,86.5,ok,0.0008203917828618615,ok,ue11_qfi9,0,1,4,1053.7499999999995,data,ok,2.0,False,,proxy,3,0,,ue1_qfi2,1.0,152,150.0,ok,,ue12_qfi2,53.42,ok,,13,ok,13,,ue9_qfi2,0.9551796,ok,0.9730461527924519,proxy,5,0.9603206864221868,56305188.8,ok,0.01491590909090909,ok,0.8905238636363636,0.0648921875,ok,ue1_qfi82,0.0,99,10.0,data,ok,0.0,ue6_qfi1,67.5,ok,,30.4,ue5_qfi2,2,75.25,141.75,30.303,ok,33.0,,pending,,pending,drone_heavy,16,TwoTier,87989972,1.0
ue5_qfi1,13.25,30.5,83.0,83.0,ok,0.0010338400490485314,ok,ue11_qfi9,0,2,4,1021.4999999999997,data,ok,2.0,False,,proxy,3,0,,ue1_qfi2,1.0,152,150.0,ok,,ue12_qfi2,60.708,ok,,13,ok,13,,ue11_qfi2,0.9691664,ok,0.9951037790741253,proxy,5,0.9937757800968807,56540116.8,ok,0.014352272727272727,ok,0.8573829545454545,0.0611765625,ok,ue1_qfi82,0.0,99,10.0,data,ok,0.0,ue5_qfi1,69.75,ok,,30.4,ue1_qfi2,0,0.0,0.0,30.303,ok,33.0,,pending,,pending,drone_heavy,16,PF,161576974,1.0
ue9_qfi1,13.5,23.25,85.25,85.25,ok,0.001706278463310304,ok,ue5_qfi9,0,2,4,1024.75,data,ok,2.0,False,,proxy,3,0,,ue2_qfi2,0.993421052631579,152,150.0,ok,,ue12_qfi2,56.5,ok,,13,ok,13,,ue11_qfi2,0.9674404,ok,0.9633678574980873,proxy,5,0.9484050484384019,56476651.2,ok,0.015406818181818181,ok,0.8851988636363637,0.17195,ok,ue1_qfi82,0.0,99,10.0,data,ok,0.0,ue9_qfi1,71.75,ok,,30.4,ue1_qfi2,1,68.75,68.75,30.303,ok,33.0,,pending,,pending,drone_heavy,16,Reservation,161576974,1.0
ue7_qfi1,20.25,81.5,84.0,84.0,ok,0.0008573302442716878,ok,ue7_qfi9,0,2,4,1056.7500000000005,data,ok,2.0,False,,proxy,3,0,,ue3_qfi2,0.993421052631579,152,150.0,ok,,ue12_qfi2,48.184,ok,,13,ok,13,,ue11_qfi2,0.96611,ok,0.9719037702259079,proxy,5,0.9604827106747409,56542656.0,ok,0.014979545454545454,ok,0.8886227272727273,0.0626734375,ok,ue1_qfi82,0.0,99,10.0,data,ok,0.0,ue6_qfi1,63.75,ok,,30.4,ue4_qfi2,2,74.5,141.5,30.303,ok,33.0,,pending,,pending,drone_heavy,16,TwoTier,161576974,1.0
ue9_qfi1,8.5,55.5,84.75,84.75,ok,0.001194059710300598,ok,ue11_qfi9,0,1,4,1015.0000000000001,data,ok,2.0,False,,proxy,3,0,,ue9_qfi2,0.993421052631579,152,150.0,ok,,ue13_qfi2,59.989,ok,,13,ok,13,,ue9_qfi2,0.9604792,ok,0.9935251017652904,proxy,5,0.9909556789670224,56364606.4,ok,0.015109090909090909,ok,0.8472727272727273,0.0607203125,ok,ue1_qfi82,0.0,99,10.0,data,ok,0.0,ue9_qfi1,76.25,ok,,30.4,ue1_qfi2,0,0.0,0.0,30.303,ok,33.0,,pending,,pending,drone_heavy,16,PF,35492826,1.0
ue2_qfi9,22.5,55.75,67.0,81.0,ok,0.0017164123413887817,ok,ue15_qfi82,0,1,1,1309.0000000000002,data,ok,2.0,False,,proxy,3,0,,ue1_qfi2,0.993421052631579,152,150.0,ok,,ue13_qfi2,53.277,ok,,13,ok,13,,ue9_qfi2,0.9623728,ok,0.9700675015127598,proxy,5,0.9524594629027272,56314315.2,ok,0.015465909090909091,ok,0.8786761363636364,0.1680359375,ok,ue1_qfi82,0.0,99,10.0,data,ok,0.0,ue2_qfi9,58.5,ok,,30.2,ue1_qfi2,2,70.25,136.5,30.303,ok,33.0,,pending,,pending,drone_heavy,16,Reservation,35492826,1.0
ue9_qfi1,18.25,71.5,91.5,91.5,ok,0.0008462584436459742,ok,ue14_qfi82,0,1,1,1801.25,data,ok,2.0,False,,proxy,3,0,,ue6_qfi2,0.993421052631579,152,150.0,ok,,ue12_qfi2,49.083,ok,,13,ok,13,,ue9_qfi2,0.961442,ok,0.9768277146829734,proxy,5,0.9613942740258935,56346571.2,ok,0.014313636363636363,ok,0.8790045454545454,0.0638828125,ok,ue1_qfi82,0.0,99,10.0,data,ok,0.0,ue9_qfi1,73.25,ok,,30.2,ue6_qfi2,2,70.75,141.0,30.303,ok,33.0,,pending,,pending,drone_heavy,16,TwoTier,35492826,1.0
ue3_qfi1,10.5,28.5,88.0,88.0,ok,0.001003551714731995,ok,ue6_qfi9,0,2,4,1024.5000000000002,data,ok,2.0,False,,proxy,3,0,,ue7_qfi2,0.993421052631579,152,150.0,ok,,ue13_qfi2,61.675,ok,,13,ok,13,,ue5_qfi2,0.960864,ok,0.9954595423309192,proxy,5,0.9947831635180412,56313417.6,ok,0.014597727272727273,ok,0.8600034090909091,0.0639625,ok,ue1_qfi82,0.0,99,10.0,data,ok,0.0,ue3_qfi1,77.5,ok,,30.4,ue1_qfi2,0,0.0,0.0,30.303,ok,33.0,,pending,,pending,drone_heavy,16,PF,376383645,1.0
ue2_qfi9,27.5,77.5,89.75,100.75,ok,0.0018055848966965057,ok,ue6_qfi9,0,2,4,1024.2499999999998,data,ok,2.0,False,,proxy,3,0,,ue1_qfi2,0.9933774834437086,151,150.0,ok,,ue13_qfi2,52.528,ok,,13,ok,13,,ue9_qfi2,0.9597924,ok,0.9626534217939137,proxy,5,0.9481360644244845,56262699.2,ok,0.015520454545454546,ok,0.8878806818181818,0.172334375,ok,ue1_qfi82,0.0,99,10.0,data,ok,0.0,ue3_qfi1,75.25,ok,,30.2,ue13_qfi2,1,83.75,83.75,30.303,ok,33.0,,pending,,pending,drone_heavy,16,Reservation,376383645,1.0
ue9_qfi9,24.0,99.75,99.75,99.75,ok,0.0009281313434005076,ok,ue15_qfi82,1,1,1,2399.5,data,ok,2.0,False,,proxy,3,0,,ue1_qfi2,1.0,152,150.0,ok,,ue13_qfi2,50.899,ok,,13,ok,13,,ue5_qfi2,0.9597171999999999,ok,0.9657882493645147,proxy,5,0.95397433697079,56318537.6,ok,0.014925,ok,0.8901181818181818,0.063834375,ok,ue1_qfi82,0.0,99,10.0,data,ok,0.0,ue7_qfi1,79.75,ok,,30.4,ue11_qfi2,2,103.5,179.25,30.303,ok,33.0,,pending,,pending,drone_heavy,16,TwoTier,376383645,1.0
ue12_qfi2,26.817,33.873,54.193,56.831,ok,0.0010757724129471851,ok,ue9_qfi9,0,1,4,1020.2499999999999,data,ok,2.0,False,,proxy,3,0,,ue1_qfi2,1.0,152,150.0,ok,,ue12_qfi2,58.679,ok,,13,ok,13,,ue2_qfi2,0.95987,ok,0.9944482661437218,proxy,5,0.9933036505352506,56435086.4,ok,0.014547727272727273,ok,0.842640909090909,0.0597671875,ok,ue1_qfi82,0.0,99,10.0,data,ok,0.0,ue11_qfi1,45.5,ok,,30.4,ue1_qfi2,0,0.0,0.0,30.303,ok,33.0,,pending,,pending,drone_heavy,16,PF,1746484539,1.0
ue1_qfi9,22.0,54.5,62.25,71.0,ok,0.0016454759060353186,ok,ue14_qfi82,0,1,1,1309.0000000000002,data,ok,2.0,False,,proxy,3,0,,ue7_qfi2,0.993421052631579,152,150.0,ok,,ue13_qfi2,45.555,ok,,13,ok,13,,ue2_qfi2,0.9557732,ok,0.9717122536412072,proxy,5,0.9516644771261739,56376857.6,ok,0.015379545454545455,ok,0.8742886363636364,0.1606875,ok,ue1_qfi82,0.0,99,10.0,data,ok,0.0,ue1_qfi9,49.0,ok,,30.4,ue1_qfi2,0,0.0,0.0,30.303,ok,33.0,,pending,,pending,drone_heavy,16,Reservation,1746484539,1.0
ue9_qfi1,18.25,53.0,81.5,81.5,ok,0.0008202744753262321,ok,ue14_qfi82,0,1,1,1896.2500000000002,data,ok,2.0,False,,proxy,3,0,,ue1_qfi2,1.0,152,150.0,ok,,ue13_qfi2,43.59,ok,,13,ok,13,,ue2_qfi2,0.9629152,ok,0.9755827302880877,proxy,5,0.9623461297544362,56450939.2,ok,0.015075,ok,0.8730511363636364,0.062521875,ok,ue1_qfi82,0.0,99,10.0,data,ok,0.0,ue9_qfi1,63.25,ok,,30.4,ue5_qfi2,1,68.25,68.25,30.303,ok,33.0,,pending,,pending,drone_heavy,16,TwoTier,1746484539,1.0
ue2_qfi9,209.5,287.25,295.0,297.75,ok,0.17078677869595144,ok,ue10_qfi1,1,1,1,3624.0,data,ok,2.0,False,,proxy,3,0,,ue13_qfi2,0.03355704697986577,149,150.0,ok,,ue12_qfi2,149.939,ok,,0,ok,13,,ue13_qfi2,0.5837747555555556,ok,0.6180893383478949,proxy,5,0.5910604328499647,68451945.6,ok,0.015595454545454546,ok,0.9305295454545455,0.0439359375,ok,ue1_qfi82,0.0,99,10.0,data,ok,0.0,ue2_qfi9,88.25,ok,,12.4,ue6_qfi2,21,495.75,3358.5,30.303,ok,33.0,,pending,,pending,drone_heavy,16,PF,1826701614,1.5
ue2_qfi9,225.0,291.75,296.75,298.5,ok,0.20775605936609845,ok,ue7_qfi9,1,1,2,3002.25,data,ok,2.0,False,,proxy,3,0,,ue13_qfi2,0.2483221476510067,149,150.0,ok,,ue13_qfi2,149.648,ok,,1,ok,13,,ue6_qfi2,0.48317920000000003,ok,0.7979895147203335,proxy,5,0.7682670214573266,65977508.8,ok,0.015568181818181818,ok,0.9317829545454546,0.174875,ok,ue1_qfi82,0.0,99,10.0,data,ok,0.0,ue10_qfi9,205.25,ok,,7.4,ue13_qfi2,15,895.25,4237.5,30.303,ok,33.0,,pending,,pending,drone_heavy,16,Reservation,1826701614,1.5
ue1_qfi9,40.5,293.75,297.75,299.0,ok,0.1626741621740508,ok,ue2_qfi83,1,2,2,3424.7500000000005,data,ok,2.0,False,,proxy,3,0,,ue7_qfi2,0.4966442953020134,149,150.0,ok,,ue3_qfi2,147.397,ok,,3,ok,13,,ue7_qfi2,0.5646688,ok,0.5661979504184947,proxy,5,0.5202700940564552,69250974.4,ok,0.014604545454545455,ok,0.9303329545454545,0.040184375,ok,ue1_qfi82,0.0,99,10.0,data,ok,0.0,ue1_qfi9,258.5,ok,,26.4,ue1_qfi2,34,226.75,2987.5,30.303,ok,33.0,,pending,,pending,drone_heavy,16,TwoTier,1826701614,1.5
ue1_qfi9,256.75,297.0,299.0,299.5,ok,0.1679769624332415,ok,ue9_qfi1,1,1,1,2166.2500000000005,data,ok,2.0,False,,proxy,3,0,,ue13_qfi2,0.033783783783783786,148,150.0,ok,,ue10_qfi2,150.117,ok,,0,ok,13,,ue12_qfi2,0.587130488888889,ok,0.6225878215975202,proxy,5,0.5915493271293033,68172316.8,ok,0.014981818181818181,ok,0.9336375,0.0444390625,ok,ue1_qfi82,0.0,99,10.0,data,ok,0.0,ue9_qfi1,65.25,ok,,12.0,ue7_qfi2,26,340.5,3657.5,30.303,ok,33.0,,pending,,pending,drone_heavy,16,PF,1367864806,1.5
ue1_qfi9,205.25,292.0,297.0,298.5,ok,0.21581051935656542,ok,ue3_qfi2,1,1,1,4073.5,data,ok,2.0,False,,proxy,3,0,,ue6_qfi2,0.061224489795918366,147,150.0,ok,,ue13_qfi2,149.789,ok,,4,ok,13,,ue6_qfi2,0.056533599999999996,ok,0.7832945931491635,proxy,5,0.7562192216869502,64881896.0,ok,0.015222727272727273,ok,0.9319045454545455,0.1700703125,ok,ue1_qfi82,0.0,99,10.0,data,ok,0.0,ue5_qfi9,258.5,ok,,8.2,ue12_qfi2,16,1254.25,4072.5,30.303,ok,33.0,,pending,,pending,drone_heavy,16,Reservation,1367864806,1.5
ue1_qfi9,208.25,295.25,298.25,299.25,ok,0.1636732903506096,ok,ue1_qfi83,0,1,2,1516.75,data,ok,2.0,False,,proxy,3,0,,ue10_qfi2,0.610738255033557,149,150.0,ok,,ue6_qfi2,147.226,ok,,1,ok,13,,ue4_qfi2,0.6711677333333333,ok,0.568412741963376,proxy,5,0.5233416720126481,68676110.4,ok,0.014984090909090909,ok,0.9324181818181818,0.0410859375,ok,ue1_qfi82,0.0,98,10.0,data,ok,0.0,ue2_qfi9,125.25,ok,,26.2,ue1_qfi2,34,305.0,3358.25,30.303,ok,33.0,,pending,,pending,drone_heavy,16,TwoTier,1367864806,1.5
ue2_qfi9,219.0,288.5,295.0,297.75,ok,0.19527071398337362,ok,ue8_qfi1,1,1,1,4116.250000000001,data,ok,2.0,False,,proxy,3,0,,ue13_qfi2,0.0472972972972973,148,150.0,ok,,ue3_qfi2,149.848,ok,,0,ok,13,,ue13_qfi2,0.5287927111111111,ok,0.6155747027471111,proxy,5,0.5954955926398569,65928244.800000004,ok,0.014627272727272727,ok,0.9332170454545454,0.048128125,ok,ue1_qfi82,0.0,99,10.0,data,ok,0.0,ue2_qfi9,78.75,ok,,12.6,ue6_qfi2,17,496.25,3279.5,30.303,ok,33.0,,pending,,pending,drone_heavy,16,PF,1097657231,1.5
ue2_qfi9,272.0,297.75,299.25,299.75,ok,0.22698693345715062,ok,ue9_qfi9,1,1,2,2935.25,data,ok,2.0,False,,proxy,3,0,,ue13_qfi2,0.08783783783783784,148,150.0,ok,,ue13_qfi2,150.232,ok,,0,ok,13,,ue3_qfi2,0.5612698666666667,ok,0.7611277489123796,proxy,5,0.7192637323065112,63769992.0,ok,0.015477272727272727,ok,0.9313159090909091,0.2219875,ok,ue1_qfi82,0.0,99,10.0,data,ok,0.0,ue9_qfi9,140.75,ok,,25.0,ue4_qfi2,10,511.5,1967.5,30.303,ok,33.0,,pending,,pending,drone_heavy,16,Reservation,1097657231,1.5
ue1_qfi9,172.75,289.5,296.0,298.0,ok,0.18719118415485658,ok,ue2_qfi83,1,1,1,2337.5,data,ok,2.0,False,,proxy,3,0,,ue9_qfi2,0.4,150,150.0,ok,,ue7_qfi2,148.678,ok,,2,ok,13,,ue9_qfi2,0.5550642666666666,ok,0.5762943574667876,proxy,5,0.5308432357027074,66591537.6,ok,0.014706818181818182,ok,0.9317227272727273,0.0450140625,ok,ue1_qfi82,0.0,99,10.0,data,ok,0.0,ue2_qfi9,154.25,ok,,24.2,ue1_qfi2,25,320.5,2738.5,30.303,ok,33.0,,pending,,pending,drone_heavy,16,TwoTier,1097657231,1.5
ue12_qfi2,133.636,148.596,149.75,150.0,ok,0.16148360546265564,ok,ue5_qfi9,1,2,2,2969.0000000000005,data,ok,2.0,False,,proxy,3,0,,ue12_qfi2,0.033783783783783786,148,150.0,ok,,ue7_qfi2,149.676,ok,,1,ok,13,,ue13_qfi2,0.5685724444444444,ok,0.6309562526110731,proxy,5,0.6111021404974457,68926785.6,ok,0.014706818181818182,ok,0.9341011363636363,0.043434375,ok,ue1_qfi82,0.0,99,10.0,data,ok,0.0,ue5_qfi1,82.5,ok,,12.6,ue1_qfi2,15,1362.75,3247.0,30.303,ok,33.0,,pending,,pending,drone_heavy,16,PF,579362555,1.5
ue2_qfi9,249.25,298.0,299.25,300.0,ok,0.19580113720612516,ok,ue6_qfi9,1,1,1,4161.75,data,ok,2.0,False,,proxy,3,0,,ue12_qfi2,0.12837837837837837,148,150.0,ok,,ue12_qfi2,150.232,ok,,0,ok,13,,ue13_qfi2,0.6412327111111111,ok,0.7915536888703872,proxy,5,0.7742751232884747,66539492.800000004,ok,0.014645454545454545,ok,0.9324784090909091,0.210109375,ok,ue1_qfi82,0.0,99,10.0,data,ok,0.0,ue5_qfi9,215.25,ok,,4.0,ue12_qfi2,10,920.5,4564.0,30.303,ok,33.0,,pending,,pending,drone_heavy,16,Reservation,579362555,1.5
ue2_qfi9,169.5,289.5,296.0,298.0,ok,0.15963003409299298,ok,ue2_qfi83,1,2,2,3080.5,data,ok,2.0,False,,proxy,3,0,,ue9_qfi2,0.20134228187919462,149,150.0,ok,,ue9_qfi2,146.142,ok,,1,ok,13,,ue9_qfi2,0.3918464,ok,0.5793976434147723,proxy,5,0.5302935522544945,69029700.8,ok,0.014984090909090909,ok,0.9302863636363636,0.04028125,ok,ue1_qfi82,0.0,99,10.0,data,ok,0.0,ue2_qfi9,128.5,ok,,22.8,ue2_qfi2,27,328.25,3306.0,30.303,ok,33.0,,pending,,pending,drone_heavy,16,TwoTier,579362555,1.5
ue2_qfi9,80.75,274.5,289.75,295.0,ok,0.16550502710778633,ok,ue9_qfi1,1,1,1,3527.7500000000005,data,ok,2.0,False,,proxy,3,0,,ue13_qfi2,0.02702702702702703,148,150.0,ok,,ue6_qfi2,150.103,ok,,1,ok,13,,ue12_qfi2,0.5714263111111111,ok,0.6326285647931285,proxy,5,0.6171643470130774,68621521.6,ok,0.014477272727272728,ok,0.9280318181818182,0.043065625,ok,ue1_qfi82,0.0,99,10.0,data,ok,0.0,ue2_qfi9,214.25,ok,,10.6,ue4_qfi2,22,486.5,3801.25,30.303,ok,33.0,,pending,,pending,drone_heavy,16,PF,661058651,1.5
ue1_qfi9,288.0,299.25,299.75,300.0,ok,0.19908171354867277,ok,ue6_qfi9,1,1,1,3892.5,data,ok,2.0,False,,proxy,3,0,,ue12_qfi2,0.1476510067114094,149,150.0,ok,,ue13_qfi2,149.408,ok,,0,ok,13,,ue2_qfi2,0.5948794666666667,ok,0.754251163603436,proxy,5,0.7120589952433936,66202633.6,ok,0.015004545454545454,ok,0.9321897727272728,0.2112828125,ok,ue1_qfi82,0.0,99,10.0,data,ok,0.0,ue5_qfi9,179.75,ok,,4.4,ue12_qfi2,13,913.75,4676.75,30.303,ok,33.0,,pending,,pending,drone_heavy,16,Reservation,661058651,1.5
ue1_qfi9,213.25,291.25,296.5,298.5,ok,0.15870810410969832,ok,ue5_qfi9,1,1,1,3173.5,data,ok,2.0,False,,proxy,3,0,,ue7_qfi2,0.52,150,150.0,ok,,ue4_qfi2,146.647,ok,,1,ok,13,,ue7_qfi2,0.6105272,ok,0.5856672798107775,proxy,5,0.5301183306900578,69178939.2,ok,0.014968181818181818,ok,0.9316261363636363,0.040125,ok,ue1_qfi82,0.0,99,10.0,data,ok,0.0,ue2_qfi9,98.5,ok,,27.6,ue2_qfi2,29,306.25,2861.75,30.303,ok,33.0,,pending,,pending,drone_heavy,16,TwoTier,661058651,1.5
ue12_qfi2,133.024,148.54,149.605,149.94,ok,0.1913432122391518,ok,ue12_qfi82,0,1,4,1001.2500000000002,data,ok,2.0,False,,proxy,3,0,,ue12_qfi2,0.04054054054054054,148,150.0,ok,,ue5_qfi2,150.045,ok,,0,ok,13,,ue12_qfi2,0.5263534222222223,ok,0.6153116581504761,proxy,5,0.5968680401092296,66365532.8,ok,0.014881818181818182,ok,0.9318636363636363,0.046590625,ok,ue1_qfi82,0.0,99,10.0,data,ok,0.0,ue9_qfi2,80.482,ok,,10.8,ue8_qfi2,24,362.5,3333.25,30.303,ok,33.0,,pending,,pending,drone_heavy,16,PF,87989972,1.5
ue1_qfi9,246.0,296.0,298.5,299.25,ok,0.21607282396693941,ok,ue1_qfi83,1,2,2,3497.25,data,ok,2.0,False,,proxy,3,0,,ue12_qfi2,0.0472972972972973,148,150.0,ok,,ue13_qfi2,149.419,ok,,0,ok,13,,ue12_qfi2,0.5122174222222222,ok,0.765595986200126,proxy,5,0.7209030457238061,64628046.4,ok,0.014815909090909091,ok,0.9320806818181818,0.250071875,ok,ue1_qfi82,0.0,99,10.0,data,ok,0.0,ue11_qfi9,160.0,ok,,25.8,ue2_qfi2,10,285.0,1121.75,30.303,ok,33.0,,pending,,pending,drone_heavy,16,Reservation,87989972,1.5
ue1_qfi9,213.25,289.75,296.0,298.0,ok,0.18775606539981507,ok,ue1_qfi2,0,1,1,1926.7499999999998,data,ok,2.0,False,,proxy,3,0,,ue12_qfi2,0.4797297297297297,148,150.0,ok,,ue1_qfi2,146.876,ok,,0,ok,13,,ue1_qfi2,0.5906258666666667,ok,0.5759500799010707,proxy,5,0.5281940472993785,66696425.6,ok,0.014961363636363637,ok,0.9322159090909091,0.04415625,ok,ue1_qfi82,0.0,99,10.0,data,ok,0.0,ue1_qfi9,84.75,ok,,25.0,ue2_qfi2,30,179.0,2911.75,30.303,ok,33.0,,pending,,pending,drone_heavy,16,TwoTier,87989972,1.5
ue8_qfi2,129.839,147.788,149.536,149.923,ok,0.19156354632003886,ok,ue4_qfi1,1,1,1,3127.0,data,ok,2.0,False,,proxy,3,0,,ue13_qfi2,0.04054054054054054,148,150.0,ok,,ue3_qfi2,150.0,ok,,0,ok,13,,ue12_qfi2,0.5402899555555555,ok,0.6132853925255202,proxy,5,0.5903085476060121,66594276.8,ok,0.014820454545454545,ok,0.9303602272727273,0.045659375,ok,ue1_qfi82,0.0,99,10.0,data,ok,0.0,ue4_qfi1,62.75,ok,,11.6,ue8_qfi2,20,497.0,3584.75,30.303,ok,33.0,,pending,,pending,drone_heavy,16,PF,161576974,1.5
ue1_qfi9,248.0,297.0,299.0,299.75,ok,0.22602220458264724,ok,ue8_qfi9,1,1,2,3229.75,data,ok,2.0,False,,proxy,3,0,,ue12_qfi2,0.0945945945945946,148,150.0,ok,,ue12_qfi2,149.896,ok,,0,ok,13,,ue12_qfi2,0.6164074666666667,ok,0.7639163697932957,proxy,5,0.6644396482383477,64217614.4,ok,0.015352272727272727,ok,0.9324079545454546,0.22205,ok,ue1_qfi82,0.0,99,10.0,data,ok,0.0,ue8_qfi9,229.75,ok,,9.2,ue13_qfi2,11,1285.5,3730.0,30.303,ok,33.0,,pending,,pending,drone_heavy,16,Reservation,161576974,1.5
ue2_qfi9,237.25,294.25,297.75,299.0,ok,0.18258373970278424,ok,ue2_qfi83,1,2,3,2742.5,data,ok,2.0,False,,proxy,3,0,,ue5_qfi2,0.3691275167785235,149,150.0,ok,,ue5_qfi2,149.671,ok,,1,ok,13,,ue5_qfi2,0.564488,ok,0.5761197555893969,proxy,5,0.528157145086497,67437164.8,ok,0.015393181818181818,ok,0.9327613636363636,0.0427015625,ok,ue1_qfi82,0.0,99,10.0,data,ok,0.0,ue1_qfi9,96.5,ok,,23.0,ue2_qfi2,30,619.5,3626.5,30.303,ok,33.0,,pending,,pending,drone_heavy,16,TwoTier,161576974,1.5
ue4_qfi9,294.25,294.25,294.25,294.25,ok,0.1789211172903215,ok,ue7_qfi1,1,1,1,4679.75,data,ok,2.0,False,,proxy,3,0,,ue12_qfi2,0.04054054054054054,148,150.0,ok,,ue12_qfi2,150.248,ok,,0,ok,13,,ue13_qfi2,0.5910512,ok,0.6112538636876204,proxy,5,0.597537411149493,67561852.8,ok,0.014729545454545455,ok,0.9334829545454545,0.045959375,ok,ue1_qfi82,0.0,99,10.0,data,ok,0.0,ue10_qfi1,40.0,ok,,13.2,ue9_qfi2,22,389.0,3358.25,30.303,ok,33.0,,pending,,pending,drone_heavy,16,PF,35492826,1.5
ue1_qfi9,277.25,298.0,299.25,299.75,ok,0.20979981605269368,ok,ue6_qfi9,1,1,2,2117.2500000000005,data,ok,2.0,False,,proxy,3,0,,ue4_qfi2,0.19727891156462585,147,150.0,ok,,ue12_qfi2,149.931,ok,,0,ok,13,,ue4_qfi2,0.18480106666666665,ok,0.7846334389739269,proxy,5,0.7700425791542239,65440982.4,ok,0.015225,ok,0.9315965909090909,0.195971875,ok,ue1_qfi82,0.0,99,10.0,data,ok,0.0,ue5_qfi9,117.25,ok,,8.8,ue12_qfi2,19,827.75,4060.25,30.303,ok,33.0,,pending,,pending,drone_heavy,16,Reservation,35492826,1.5
ue2_qfi9,116.0,267.25,287.75,294.0,ok,0.22176395788054284,ok,ue3_qfi1,0,2,4,1117.9999999999998,data,ok,2.0,False,,proxy,3,0,,ue12_qfi2,0.0,147,150.0,ok,,ue4_qfi2,130.416,ok,,7,ok,13,,ue12_qfi2,0.0,ok,0.6410278111842327,proxy,5,0.6019983538164942,64344876.8,ok,0.015615909090909092,ok,0.9341431818181818,0.0459390625,ok,ue1_qfi82,0.0,99,10.0,data,ok,0.0,ue1_qfi9,181.25,ok,,30.4,ue2_qfi2,31,118.5,2551.5,30.303,ok,33.0,,pending,,pending,drone_heavy,16,TwoTier,35492826,1.5
ue13_qfi2,133.277,148.792,149.847,150.054,ok,0.18644855257952322,ok,ue12_qfi82,0,0,4,1000.0,data,ok,2.0,False,,proxy,3,0,,ue13_qfi2,0.02702702702702703,148,150.0,ok,,ue2_qfi2,149.934,ok,,0,ok,13,,ue13_qfi2,0.5249262222222222,ok,0.6352230522148745,proxy,5,0.5874849453807923,66606684.800000004,ok,0.014736363636363636,ok,0.9344056818181818,0.047190625,ok,ue1_qfi82,0.0,99,10.0,data,ok,0.0,ue10_qfi2,100.20400000000001,ok,,14.2,ue5_qfi2,20,428.25,3131.0,30.303,ok,33.0,,pending,,pending,drone_heavy,16,PF,376383645,1.5
ue1_qfi9,239.75,296.25,298.75,299.5,ok,0.2235247037852348,ok,ue6_qfi9,1,1,2,2937.5000000000005,data,ok,2.0,False,,proxy,3,0,,ue13_qfi2,0.07432432432432433,148,150.0,ok,,ue12_qfi2,149.818,ok,,0,ok,13,,ue10_qfi2,0.3319410666666667,ok,0.7723638602931555,proxy,5,0.7207949398598414,64019270.4,ok,0.015347727272727273,ok,0.9330886363636364,0.210853125,ok,ue1_qfi82,0.0,99,10.0,data,ok,0.0,ue9_qfi2,116.36399999999999,ok,,5.6,ue12_qfi2,19,431.5,4638.5,30.303,ok,33.0,,pending,,pending,drone_heavy,16,Reservation,376383645,1.5
ue1_qfi9,225.75,294.25,297.5,298.75,ok,0.1838436181683329,ok,ue2_qfi83,0,2,3,1881.25,data,ok,2.0,False,,proxy,3,0,,ue13_qfi2,0.41721854304635764,151,150.0,ok,,ue7_qfi2,147.928,ok,,1,ok,13,,ue13_qfi2,0.6274567111111111,ok,0.5713285763764336,proxy,5,0.5286687463151566,67013659.2,ok,0.015095454545454546,ok,0.9335477272727273,0.0446484375,ok,ue1_qfi82,0.0,99,10.0,data,ok,0.0,ue2_qfi9,93.0,ok,,22.0,ue2_qfi2,26,548.25,3504.5,30.303,ok,33.0,,pending,,pending,drone_heavy,16,TwoTier,376383645,1.5
ue10_qfi9,269.75,269.75,269.75,269.75,ok,0.17374575791833133,ok,ue10_qfi1,1,1,1,2268.0000000000005,data,ok,2.0,False,,proxy,3,0,,ue12_qfi2,0.03355704697986577,149,150.0,ok,,ue9_qfi2,150.201,ok,,0,ok,13,,ue12_qfi2,0.5614783999999999,ok,0.6196952262004827,proxy,5,0.5916121557664671,68044766.4,ok,0.015097727272727273,ok,0.9318454545454545,0.0445140625,ok,ue1_qfi82,0.0,99,10.0,data,ok,0.0,ue11_qfi2,99.94,ok,,14.2,ue2_qfi2,20,623.75,3134.0,30.303,ok,33.0,,pending,,pending,drone_heavy,16,PF,1746484539,1.5
ue2_qfi9,258.75,297.5,299.25,299.75,ok,0.20893303530450327,ok,ue6_qfi9,1,2,3,2147.25,data,ok,2.0,False,,proxy,3,0,,ue5_qfi2,0.08163265306122448,147,150.0,ok,,ue13_qfi2,149.927,ok,,0,ok,13,,ue5_qfi2,0.07383493333333332,ok,0.7853275446884023,proxy,5,0.74248298811548,65360291.2,ok,0.015247727272727272,ok,0.9322818181818182,0.195121875,ok,ue1_qfi82,0.0,99,10.0,data,ok,0.0,ue3_qfi9,264.5,ok,,4.4,ue12_qfi2,13,1497.75,4665.0,30.303,ok,33.0,,pending,,pending,drone_heavy,16,Reservation,1746484539,1.5
ue2_qfi9,187.5,290.25,296.5,298.25,ok,0.17128910225579366,ok,ue2_qfi83,1,1,2,4057.25,data,ok,2.0,False,,proxy,3,0,,ue13_qfi2,0.5369127516778524,149,150.0,ok,,ue7_qfi2,147.68,ok,,1,ok,13,,ue2_qfi2,0.6517032,ok,0.5801496336210915,proxy,5,0.5342352754289801,68275809.6,ok,0.014695454545454546,ok,0.9328,0.0420640625,ok,ue1_qfi82,0.0,99,10.0,data,ok,0.0,ue1_qfi9,111.75,ok,,24.8,ue1_qfi2,26,347.5,2948.75,30.303,ok,33.0,,pending,,pending,drone_heavy,16,TwoTier,1746484539,1.5
ue13_qfi2,11.609,17.786,19.921,21.076,ok,0.0016634058185656295,ok,ue7_qfi85,1,1,1,2042.5000000000005,data,ok,2.0,False,,proxy,3,0,,ue3_qfi2,0.993421052631579,152,150.0,ok,,ue13_qfi2,21.333,ok,,13,ok,13,,ue10_qfi2,0.9636112,ok,0.9989701286222997,proxy,5,0.9988370068126801,32950547.2,ok,0.014059090909090908,ok,0.5225056818181818,0.0917328125,ok,ue1_qfi82,0.0,99,10.0,data,ok,0.0,ue6_qfi9,15.0,ok,,30.2,ue10_qfi2,1,68.75,68.75,30.303,ok,33.0,,pending,,pending,ugv_heavy,16,PF,1826701614,0.5
ue2_qfi2,8.325,17.253,19.491,21.753,ok,0.0032047058506515474,ok,ue7_qfi85,1,1,1,2042.5000000000005,data,ok,2.0,False,,proxy,3,0,,ue1_qfi2,1.0,152,150.0,ok,,ue8_qfi2,21.441,ok,,13,ok,13,,ue7_qfi2,0.9642871999999999,ok,0.9957175827694495,proxy,5,0.9901119471809471,32912216.0,ok,0.015102272727272728,ok,0.6130181818181818,0.1214953125,ok,ue1_qfi82,0.0,99,10.0,data,ok,0.0,ue11_qfi9,17.25,ok,,30.4,ue1_qfi2,0,0.0,0.0,30.303,ok,33.0,,pending,,pending,ugv_heavy,16,Reservation,1826701614,0.5
ue12_qfi2,12.182,19.0,21.0,21.701,ok,0.0017763101178061864,ok,ue7_qfi85,1,1,1,2042.5000000000005,data,ok,2.0,False,,proxy,3,0,,ue1_qfi2,0.993421052631579,152,150.0,ok,,ue12_qfi2,22.0,ok,,13,ok,13,,ue7_qfi2,0.9642871999999999,ok,0.9916720863167688,proxy,5,0.9864448862887666,32941163.2,ok,0.01393409090909091,ok,0.5996170454545454,0.0929890625,ok,ue1_qfi82,0.0,99,10.0,data,ok,0.0,ue8_qfi9,15.5,ok,,30.2,ue5_qfi2,1,76.75,76.75,30.303,ok,33.0,,pending,,pending,ugv_heavy,16,TwoTier,1826701614,0.5
ue12_qfi2,13.052,18.978,20.479,21.407,ok,0.0017748686528850656,ok,ue13_qfi82,0,2,4,1003.2500000000002,data,ok,2.0,False,,proxy,3,0,,ue8_qfi2,0.993421052631579,152,150.0,ok,,ue12_qfi2,21.7,ok,,13,ok,13,,ue7_qfi2,0.9603408,ok,0.9988540415006628,proxy,5,0.9985819434819775,32953774.4,ok,0.0141,ok,0.5488340909090909,0.1004484375,ok,ue1_qfi82,0.0,99,10.0,data,ok,0.0,ue6_qfi9,15.75,ok,,30.2,ue8_qfi2,1,69.5,69.5,30.303,ok,33.0,,pending,,pending,ugv_heavy,16,PF,1367864806,0.5
ue2_qfi2,8.942,18.459,20.701,23.115,ok,0.0034734404807274587,ok,ue10_qfi9,0,1,4,1005.5000000000001,data,ok,2.0,False,,proxy,3,0,,ue1_qfi2,1.0,152,150.0,ok,,ue6_qfi2,22.106,ok,,13,ok,13,,ue7_qfi2,0.9603408,ok,0.996367305163074,proxy,5,0.9949966750280864,32896878.4,ok,0.015002272727272727,ok,0.6340102272727273,0.1364546875,ok,ue1_qfi82,0.0,99,10.0,data,ok,0.0,ue2_qfi9,17.5,ok,,30.4,ue1_qfi2,0,0.0,0.0,30.303,ok,33.0,,pending,,pending,ugv_heavy,16,Reservation,1367864806,0.5
ue13_qfi2,13.462,20.914,23.227,25.131,ok,0.0016633257138374883,ok,ue11_qfi9,0,1,4,1012.2500000000003,data,ok,2.0,False,,proxy,3,0,,ue4_qfi2,0.993421052631579,152,150.0,ok,,ue13_qfi2,24.98,ok,,13,ok,13,,ue7_qfi2,0.9603408,ok,0.9934579439334208,proxy,5,0.9827956014063866,32950616.0,ok,0.014272727272727272,ok,0.6287784090909091,0.0995578125,ok,ue1_qfi82,0.0,99,10.0,data,ok,0.0,ue6_qfi9,15.5,ok,,30.2,ue4_qfi2,1,75.0,75.0,30.303,ok,33.0,,pending,,pending,ugv_heavy,16,TwoTier,1367864806,0.5
ue13_qfi2,13.0,19.0,20.917,22.086,ok,0.0020962236168385997,ok,ue1_qfi85,0,1,2,1653.75,data,ok,2.0,False,,proxy,3,0,,ue7_qfi2,0.993421052631579,152,150.0,ok,,ue13_qfi2,22.427,ok,,13,ok,13,,ue2_qfi2,0.954656,ok,0.9985125360985452,proxy,5,0.9976720542548492,32934158.400000002,ok,0.014077272727272726,ok,0.5453454545454546,0.10261875,ok,ue1_qfi82,0.0,99,10.0,data,ok,0.0,ue1_qfi9,16.5,ok,,30.4,ue1_qfi2,0,0.0,0.0,30.303,ok,33.0,,pending,,pending,ugv_heavy,16,PF,1097657231,0.5
ue9_qfi2,12.032,20.249,21.912,23.245,ok,0.003621328668717812,ok,ue1_qfi85,0,1,2,1653.75,data,ok,2.0,False,,proxy,3,0,,ue11_qfi2,0.993421052631579,152,150.0,ok,,ue9_qfi2,22.673,ok,,13,ok,13,,ue2_qfi2,0.954656,ok,0.9951994559948485,proxy,5,0.9896914745979739,32883760.0,ok,0.015459090909090908,ok,0.6345625,0.139146875,ok,ue1_qfi82,0.0,99,10.0,data,ok,0.0,ue10_qfi9,17.75,ok,,30.4,ue1_qfi2,0,0.0,0.0,30.303,ok,33.0,,pending,,pending,ugv_heavy,16,Reservation,1097657231,0.5
ue13_qfi2,13.314,20.651,22.392,23.496,ok,0.0021377765067795767,ok,ue1_qfi85,0,1,2,1656.7500000000002,data,ok,2.0,False,,proxy,3,0,,ue1_qfi2,0.993421052631579,152,150.0,ok,,ue13_qfi2,23.765,ok,,13,ok,13,,ue2_qfi2,0.9545551999999999,ok,0.9914294991023047,proxy,5,0.9849537547212708,32919836.8,ok,0.014036363636363637,ok,0.6275681818181819,0.103384375,ok,ue1_qfi82,0.0,99,10.0,data,ok,0.0,ue9_qfi9,15.25,ok,,30.2,ue1_qfi2,0,0.0,0.0,30.303,ok,33.0,,pending,,pending,ugv_heavy,16,TwoTier,1097657231,0.5
ue13_qfi2,12.95,18.735,20.791,21.559,ok,0.0017036477123580256,ok,ue2_qfi85,0,1,1,1530.0,data,ok,2.0,False,,proxy,3,0,,ue1_qfi2,1.0,152,150.0,ok,,ue13_qfi2,22.519,ok,,13,ok,13,,ue9_qfi2,0.9643568,ok,0.9987995226824969,proxy,5,0.9981747075546323,33065768.0,ok,0.014261363636363636,ok,0.5398590909090909,0.0989984375,ok,ue1_qfi82,0.0,99,10.0,data,ok,0.0,ue11_qfi9,17.25,ok,,30.4,ue1_qfi2,0,0.0,0.0,30.303,ok,33.0,,pending,,pending,ugv_heavy,16,PF,579362555,0.5
ue7_qfi2,10.003,19.75,21.527,23.621,ok,0.0034111693825503667,ok,ue2_qfi85,0,1,1,1531.5,data,ok,2.0,False,,proxy,3,0,,ue1_qfi2,1.0,152,150.0,ok,,ue6_qfi2,22.051,ok,,13,ok,13,,ue9_qfi2,0.9643568,ok,0.9965493097030957,proxy,5,0.9962098326603537,33007638.4,ok,0.015486363636363637,ok,0.6285909090909091,0.133175,ok,ue1_qfi82,0.0,99,10.0,data,ok,0.0,ue11_qfi9,17.75,ok,,30.4,ue1_qfi2,0,0.0,0.0,30.303,ok,33.0,,pending,,pending,ugv_heavy,16,Reservation,579362555,0.5
ue13_qfi2,13.386,20.291,21.75,23.32,ok,0.0017857888457520716,ok,ue2_qfi85,0,1,1,1530.0,data,ok,2.0,False,,proxy,3,0,,ue4_qfi2,0.993421052631579,152,150.0,ok,,ue13_qfi2,23.791,ok,,13,ok,13,,ue9_qfi2,0.9643568,ok,0.9937116148064851,proxy,5,0.9805083201091139,33050510.4,ok,0.014106818181818182,ok,0.6183818181818181,0.0987015625,ok,ue1_qfi82,0.0,99,10.0,data,ok,0.0,ue10_qfi1,20.0,ok,,30.4,ue1_qfi2,0,0.0,0.0,30.303,ok,33.0,,pending,,pending,ugv_heavy,16,TwoTier,579362555,0.5
ue12_qfi2,13.827,18.885,20.403,22.482,ok,0.0017187806120925457,ok,ue3_qfi85,1,2,2,2826.0,data,ok,2.0,False,,proxy,3,0,,ue1_qfi2,1.0,152,150.0,ok,,ue12_qfi2,23.073,ok,,13,ok,13,,ue4_qfi2,0.9570711999999999,ok,0.9989580046529462,proxy,5,0.9985911780361217,32898264.0,ok,0.014161363636363637,ok,0.5414136363636364,0.0978046875,ok,ue1_qfi82,0.0,99,10.0,data,ok,0.0,ue10_qfi1,17.25,ok,,30.4,ue1_qfi2,0,0.0,0.0,30.303,ok,33.0,,pending,,pending,ugv_heavy,16,PF,661058651,0.5
ue3_qfi2,10.116,19.446,21.496,22.981,ok,0.0035054868859963886,ok,ue3_qfi85,1,2,2,2826.0,data,ok,2.0,False,,proxy,3,0,,ue1_qfi2,1.0,152,150.0,ok,,ue5_qfi2,22.359,ok,,13,ok,13,,ue4_qfi2,0.9570711999999999,ok,0.995521743149563,proxy,5,0.9906629765055067,32828440.0,ok,0.015168181818181819,ok,0.6272852272727273,0.132815625,ok,ue1_qfi82,0.0,99,10.0,data,ok,0.0,ue3_qfi9,17.0,ok,,30.4,ue1_qfi2,0,0.0,0.0,30.303,ok,33.0,,pending,,pending,ugv_heavy,16,Reservation,661058651,0.5
ue11_qfi2,12.368,19.5,21.657,23.0,ok,0.001789346163003607,ok,ue3_qfi85,1,2,2,2826.0,data,ok,2.0,False,,proxy,3,0,,ue8_qfi2,0.993421052631579,152,150.0,ok,,ue13_qfi2,22.317,ok,,13,ok,13,,ue4_qfi2,0.9570711999999999,ok,0.9936951125339556,proxy,5,0.9838726545414469,32884956.8,ok,0.013902272727272727,ok,0.6167375,0.0981390625,ok,ue1_qfi82,0.0,99,10.0,data,ok,0.0,ue7_qfi9,15.25,ok,,30.4,ue1_qfi2,0,0.0,0.0,30.303,ok,33.0,,pending,,pending,ugv_heavy,16,TwoTier,661058651,0.5
ue13_qfi2,12.525,18.58,20.06,21.362,ok,0.0020733638738522076,ok,ue2_qfi85,1,1,1,2843.75,data,ok,2.0,False,,proxy,3,0,,ue5_qfi2,0.993421052631579,152,150.0,ok,,ue13_qfi2,21.917,ok,,13,ok,13,,ue10_qfi2,0.9552615999999999,ok,0.9982877219237147,proxy,5,0.9978823547619606,32834436.8,ok,0.01419090909090909,ok,0.5452363636363636,0.09800625,ok,ue1_qfi82,0.0,99,10.0,data,ok,0.0,ue4_qfi9,16.75,ok,,30.4,ue1_qfi2,0,0.0,0.0,30.303,ok,33.0,,pending,,pending,ugv_heavy,16,PF,87989972,0.5
ue4_qfi2,10.375,19.255,21.91,23.086,ok,0.003419497379208818,ok,ue2_qfi85,1,1,1,2843.75,data,ok,2.0,False,,proxy,3,0,,ue11_qfi2,0.993421052631579,152,150.0,ok,,ue4_qfi2,21.925,ok,,13,ok,13,,ue10_qfi2,0.9552615999999999,ok,0.996553851801611,proxy,5,0.9959216784001153,32794737.6,ok,0.014818181818181819,ok,0.6327568181818182,0.13318125,ok,ue1_qfi82,0.0,99,10.0,data,ok,0.0,ue6_qfi9,17.0,ok,,30.4,ue1_qfi2,0,0.0,0.0,30.303,ok,33.0,,pending,,pending,ugv_heavy,16,Reservation,87989972,0.5
ue11_qfi1,8.0,19.5,25.25,25.25,ok,0.0019622907160612847,ok,ue2_qfi85,1,1,1,2843.75,data,ok,2.0,False,,proxy,3,0,,ue5_qfi2,0.993421052631579,152,150.0,ok,,ue13_qfi2,23.442,ok,,13,ok,13,,ue10_qfi2,0.9552615999999999,ok,0.9930347063597227,proxy,5,0.9820837792163023,32840683.2,ok,0.013915909090909092,ok,0.6280181818181818,0.0989875,ok,ue1_qfi82,0.0,99,10.0,data,ok,0.0,ue11_qfi1,17.25,ok,,30.2,ue5_qfi2,1,69.75,69.75,30.303,ok,33.0,,pending,,pending,ugv_heavy,16,TwoTier,87989972,0.5
ue12_qfi2,12.838,18.764,20.25,21.25,ok,0.0019007576846559104,ok,ue4_qfi85,1,1,1,2534.0,data,ok,2.0,False,,proxy,3,0,,ue1_qfi2,1.0,152,150.0,ok,,ue12_qfi2,21.325,ok,,13,ok,13,,ue6_qfi2,0.9605784,ok,0.9986468340887665,proxy,5,0.9981613980886768,32876547.2,ok,0.014243181818181818,ok,0.5473829545454545,0.1013984375,ok,ue1_qfi82,0.0,99,10.0,data,ok,0.0,ue3_qfi9,16.5,ok,,30.4,ue1_qfi2,0,0.0,0.0,30.303,ok,33.0,,pending,,pending,ugv_heavy,16,PF,161576974,0.5
ue4_qfi2,9.494,18.909,20.945,22.001,ok,0.0034149758623595186,ok,ue4_qfi85,1,1,1,2532.5,data,ok,2.0,False,,proxy,3,0,,ue1_qfi2,1.0,152,150.0,ok,,ue2_qfi2,21.801,ok,,13,ok,13,,ue6_qfi2,0.9593432,ok,0.9942823579919825,proxy,5,0.9845247043155173,32817070.4,ok,0.015652272727272726,ok,0.6353909090909091,0.1377,ok,ue1_qfi82,0.0,99,10.0,data,ok,0.0,ue1_qfi9,16.5,ok,,30.4,ue1_qfi2,0,0.0,0.0,30.303,ok,33.0,,pending,,pending,ugv_heavy,16,Reservation,161576974,0.5
ue10_qfi1,8.25,19.0,23.25,23.25,ok,0.0018337078145195074,ok,ue4_qfi85,1,1,1,2532.5,data,ok,2.0,False,,proxy,3,0,,ue1_qfi2,1.0,152,150.0,ok,,ue11_qfi2,23.0,ok,,13,ok,13,,ue6_qfi2,0.9605784,ok,0.9899057187054708,proxy,5,0.9661954818019614,32881115.2,ok,0.01455,ok,0.6275238636363636,0.1012328125,ok,ue1_qfi82,0.0,99,10.0,data,ok,0.0,ue9_qfi9,15.5,ok,,30.4,ue1_qfi2,0,0.0,0.0,30.303,ok,33.0,,pending,,pending,ugv_heavy,16,TwoTier,161576974,0.5
ue13_qfi2,12.349,18.772,19.976,21.813,ok,0.001915547438534975,ok,ue10_qfi9,0,1,4,1000.0000000000002,data,ok,2.0,False,,proxy,3,0,,ue1_qfi2,1.0,152,150.0,ok,,ue13_qfi2,22.0,ok,,13,ok,13,,ue10_qfi2,0.9666616,ok,0.998690639567361,proxy,5,0.9982399391700219,33027673.6,ok,0.01415,ok,0.5344943181818181,0.0961015625,ok,ue1_qfi82,0.0,99,10.0,data,ok,0.0,ue2_qfi9,15.5,ok,,30.4,ue1_qfi2,0,0.0,0.0,30.303,ok,33.0,,pending,,pending,ugv_heavy,16,PF,35492826,0.5
ue2_qfi2,11.56,20.037,22.25,23.244,ok,0.003350926641346813,ok,ue11_qfi9,0,2,4,1005.0000000000003,data,ok,2.0,False,,proxy,3,0,,ue1_qfi2,1.0,152,150.0,ok,,ue2_qfi2,22.392,ok,,13,ok,13,,ue10_qfi2,0.9666616,ok,0.9944298023232923,proxy,5,0.9848501038125076,32974251.2,ok,0.015206818181818182,ok,0.625990909090909,0.1293046875,ok,ue1_qfi82,0.0,99,10.0,data,ok,0.0,ue7_qfi9,17.0,ok,,30.4,ue1_qfi2,0,0.0,0.0,30.303,ok,33.0,,pending,,pending,ugv_heavy,16,Reservation,35492826,0.5
ue13_qfi2,12.901,20.25,22.312,23.0,ok,0.0016137374703351038,ok,ue10_qfi9,0,1,4,1010.9999999999997,data,ok,2.0,False,,proxy,3,0,,ue1_qfi2,1.0,152,150.0,ok,,ue13_qfi2,23.289,ok,,13,ok,13,,ue10_qfi2,0.9661576,ok,0.9936520120451979,proxy,5,0.9831437363771641,33035174.4,ok,0.014281818181818182,ok,0.6135545454545455,0.096884375,ok,ue1_qfi82,0.0,99,10.0,data,ok,0.0,ue4_qfi9,14.5,ok,,30.4,ue1_qfi2,0,0.0,0.0,30.303,ok,33.0,,pending,,pending,ugv_heavy,16,TwoTier,35492826,0.5
ue13_qfi2,13.735,19.397,20.921,22.756,ok,0.0019617972088565873,ok,ue9_qfi85,0,1,1,1480.0,data,ok,2.0,False,,proxy,3,0,,ue1_qfi2,1.0,152,150.0,ok,,ue13_qfi2,23.631,ok,,13,ok,13,,ue9_qfi2,0.9579032,ok,0.9984751905621871,proxy,5,0.9980527756999051,32914686.4,ok,0.014411363636363637,ok,0.5465181818181818,0.0992953125,ok,ue1_qfi82,0.0,99,10.0,data,ok,0.0,ue6_qfi9,16.5,ok,,30.4,ue1_qfi2,0,0.0,0.0,30.303,ok,33.0,,pending,,pending,ugv_heavy,16,PF,376383645,0.5
ue3_qfi2,10.263,19.483,21.106,22.847,ok,0.0034631750989192593,ok,ue9_qfi85,0,1,1,1480.0,data,ok,2.0,False,,proxy,3,0,,ue1_qfi2,1.0,152,150.0,ok,,ue4_qfi2,21.916,ok,,13,ok,13,,ue9_qfi2,0.9577208,ok,0.9938171263844889,proxy,5,0.9827699848545827,32855988.8,ok,0.015195454545454545,ok,0.6334920454545454,0.135040625,ok,ue1_qfi82,0.0,99,10.0,data,ok,0.0,ue11_qfi9,19.5,ok,,30.4,ue1_qfi2,0,0.0,0.0,30.303,ok,33.0,,pending,,pending,ugv_heavy,16,Reservation,376383645,0.5
ue13_qfi2,13.822,21.053,22.351,23.714,ok,0.0018852681865094468,ok,ue9_qfi85,0,1,1,1480.0,data,ok,2.0,False,,proxy,3,0,,ue1_qfi2,1.0,152,150.0,ok,,ue13_qfi2,24.026,ok,,13,ok,13,,ue9_qfi2,0.9579032,ok,0.9896180935675716,proxy,5,0.9658513479313795,32907936.0,ok,0.014397727272727272,ok,0.6260806818181818,0.1000203125,ok,ue1_qfi82,0.0,99,10.0,data,ok,0.0,ue10_qfi1,18.25,ok,,30.4,ue1_qfi2,0,0.0,0.0,30.303,ok,33.0,,pending,,pending,ugv_heavy,16,TwoTier,376383645,0.5
ue8_qfi2,10.46,18.81,20.955,22.026,ok,0.0019400577878417166,ok,ue7_qfi85,1,1,1,2514.0000000000005,data,ok,2.0,False,,proxy,3,0,,ue5_qfi2,0.993421052631579,152,150.0,ok,,ue8_qfi2,21.368,ok,,13,ok,13,,ue5_qfi2,0.9567095999999999,ok,0.9985515966236775,proxy,5,0.9981754301431495,32952336.0,ok,0.014202272727272727,ok,0.5421590909090909,0.097934375,ok,ue1_qfi82,0.0,99,10.0,data,ok,0.0,ue10_qfi1,20.0,ok,,30.2,ue5_qfi2,1,68.75,68.75,30.303,ok,33.0,,pending,,pending,ugv_heavy,16,PF,1746484539,0.5
ue8_qfi2,10.809,19.781,21.58,23.072,ok,0.0034076501831457433,ok,ue7_qfi85,1,1,1,2512.5,data,ok,2.0,False,,proxy,3,0,,ue12_qfi2,0.993421052631579,152,150.0,ok,,ue8_qfi2,22.25,ok,,13,ok,13,,ue11_qfi2,0.9589951999999999,ok,0.9953578807453892,proxy,5,0.9891712202808041,32892552.0,ok,0.01564090909090909,ok,0.6301215909090909,0.13213125,ok,ue1_qfi82,0.0,99,10.0,data,ok,0.0,ue8_qfi9,17.5,ok,,30.4,ue1_qfi2,0,0.0,0.0,30.303,ok,33.0,,pending,,pending,ugv_heavy,16,Reservation,1746484539,0.5
ue10_qfi1,3.25,16.5,25.25,25.25,ok,0.001948149766642736,ok,ue7_qfi85,1,1,1,2512.5,data,ok,2.0,False,,proxy,3,0,,ue12_qfi2,0.993421052631579,152,150.0,ok,,ue13_qfi2,23.658,ok,,13,ok,13,,ue11_qfi2,0.9589951999999999,ok,0.9893989725084433,proxy,5,0.9653535126418921,32948710.4,ok,0.014225,ok,0.6246227272727273,0.099278125,ok,ue1_qfi82,0.0,99,10.0,data,ok,0.0,ue10_qfi1,22.0,ok,,30.4,ue1_qfi2,0,0.0,0.0,30.303,ok,33.0,,pending,,pending,ugv_heavy,16,TwoTier,1746484539,0.5
ue9_qfi2,9.888,15.25,16.5,17.5,ok,0.0003368577783383529,ok,ue1_qfi85,0,1,1,1288.7499999999998,data,ok,2.0,False,,proxy,3,0,,ue1_qfi2,0.993421052631579,152,150.0,ok,,ue9_qfi2,17.75,ok,,9,ok,9,,ue3_qfi2,0.9573488,ok,0.9998647802106007,proxy,5,0.9996892282362805,22877652.8,ok,0.01793181818181818,ok,0.3694875,0.061175,ok,ue1_qfi82,0.0,99,10.0,data,ok,0.0,ue5_qfi1,12.25,ok,,30.2,ue1_qfi2,0,0.0,0.0,30.303,ok,33.0,,pending,,pending,mixed,16,PF,1826701614,0.5
ue2_qfi2,10.5,17.634,19.304,20.594,ok,0.001662533114850422,ok,ue1_qfi85,0,1,1,1288.7499999999998,data,ok,2.0,False,,proxy,3,0,,ue4_qfi2,0.993421052631579,152,150.0,ok,,ue3_qfi2,19.75,ok,,9,ok,9,,ue3_qfi2,0.9573488,ok,0.9984497074388109,proxy,5,0.9974880379637262,22847963.2,ok,0.019879545454545455,ok,0.4562715909090909,0.0773125,ok,ue1_qfi82,0.0,99,10.0,data,ok,0.0,ue1_qfi9,15.5,ok,,30.4,ue1_qfi2,0,0.0,0.0,30.303,ok,33.0,,pending,,pending,mixed,16,Reservation,1826701614,0.5
ue2_qfi2,6.509,14.032,16.363,17.736,ok,0.0009189557893830231,ok,ue1_qfi85,0,1,1,1288.7499999999998,data,ok,2.0,False,,proxy,3,0,,ue1_qfi2,1.0,152,150.0,ok,,ue1_qfi2,17.102,ok,,9,ok,9,,ue3_qfi2,0.9573488,ok,0.9932955234220608,proxy,5,0.9691803144894086,22866723.2,ok,0.017970454545454546,ok,0.40762272727272725,0.0608671875,ok,ue1_qfi82,0.0,99,10.0,data,ok,0.0,ue5_qfi1,16.25,ok,,30.4,ue1_qfi2,0,0.0,0.0,30.303,ok,33.0,,pending,,pending,mixed,16,TwoTier,1826701614,0.5
ue7_qfi2,9.288,14.611,16.532,17.676,ok,0.0003264209380118934,ok,ue6_qfi9,0,1,4,1002.0000000000002,data,ok,2.0,False,,proxy,3,0,,ue7_qfi2,0.9868421052631579,152,150.0,ok,,ue7_qfi2,18.0,ok,,9,ok,9,,ue4_qfi2,0.9652944,ok,0.9998793050583435,proxy,5,0.999823595579272,22834659.2,ok,0.01783181818181818,ok,0.36492386363636364,0.0602109375,ok,ue1_qfi82,0.0,99,10.0,data,ok,0.0,ue3_qfi9,12.5,ok,,30.4,ue1_qfi2,0,0.0,0.0,30.303,ok,33.0,,pending,,pending,mixed,16,PF,1367864806,0.5
ue1_qfi2,10.662,17.843,19.674,20.0,ok,0.0014867685583402211,ok,ue4_qfi9,0,2,4,1002.2499999999997,data,ok,2.0,False,,proxy,3,0,,ue5_qfi2,0.993421052631579,152,150.0,ok,,ue1_qfi2,19.882,ok,,9,ok,9,,ue4_qfi2,0.9652944,ok,0.9987793473565748,proxy,5,0.9983734930009005,22809843.2,ok,0.020263636363636362,ok,0.44927045454545456,0.0750125,ok,ue1_qfi82,0.0,99,10.0,data,ok,0.0,ue1_qfi9,15.25,ok,,30.2,ue5_qfi2,1,67.5,67.5,30.303,ok,33.0,,pending,,pending,mixed,16,Reservation,1367864806,0.5
ue3_qfi2,6.271,14.25,16.62,17.782,ok,0.0006519612484711232,ok,ue4_qfi9,0,1,4,1005.5000000000001,data,ok,2.0,False,,proxy,3,0,,ue2_qfi2,0.993421052631579,152,150.0,ok,,ue9_qfi2,17.157,ok,,9,ok,9,,ue4_qfi2,0.9652944,ok,0.9995136594334687,proxy,5,0.9991964958525268,22830955.2,ok,0.018038636363636364,ok,0.3983602272727273,0.06,ok,ue1_qfi82,0.0,99,10.0,data,ok,0.0,ue6_qfi1,16.75,ok,,30.2,ue2_qfi2,1,66.25,66.25,30.303,ok,33.0,,pending,,pending,mixed,16,TwoTier,1367864806,0.5
ue8_qfi2,10.105,15.523,16.67,17.5,ok,0.0004042046216435309,ok,ue1_qfi85,1,1,1,2982.5,data,ok,2.0,False,,proxy,3,0,,ue1_qfi2,1.0,152,150.0,ok,,ue8_qfi2,17.758,ok,,9,ok,9,,ue2_qfi2,0.9702888000000001,ok,0.9998292883593687,proxy,5,0.9996376747562722,22910364.8,ok,0.01813409090909091,ok,0.37867954545454546,0.0637046875,ok,ue1_qfi82,0.0,99,10.0,data,ok,0.0,ue1_qfi9,12.5,ok,,30.4,ue1_qfi2,0,0.0,0.0,30.303,ok,33.0,,pending,,pending,mixed,16,PF,1097657231,0.5
ue1_qfi2,11.322,18.054,19.673,20.349,ok,0.0016060337370438545,ok,ue1_qfi85,1,1,1,2982.5,data,ok,2.0,False,,proxy,3,0,,ue1_qfi2,0.993421052631579,152,150.0,ok,,ue1_qfi2,20.287,ok,,9,ok,9,,ue1_qfi2,0.96926,ok,0.9984728763554533,proxy,5,0.9976489308341144,22875923.2,ok,0.020295454545454547,ok,0.4618897727272727,0.080875,ok,ue1_qfi82,0.0,99,10.0,data,ok,0.0,ue3_qfi9,15.75,ok,,30.2,ue1_qfi2,1,70.75,70.75,30.303,ok,33.0,,pending,,pending,mixed,16,Reservation,1097657231,0.5
ue1_qfi2,6.463,13.909,16.514,17.272,ok,0.0006361046492673802,ok,ue1_qfi85,1,1,1,2982.5,data,ok,2.0,False,,proxy,3,0,,ue1_qfi2,1.0,152,150.0,ok,,ue8_qfi2,16.987,ok,,9,ok,9,,ue2_qfi2,0.9705288000000001,ok,0.9996227522891779,proxy,5,0.9992001231599633,22905248.0,ok,0.018327272727272727,ok,0.41477954545454543,0.0631765625,ok,ue1_qfi82,0.0,98,10.0,data,ok,0.0,ue5_qfi1,14.75,ok,,30.4,ue1_qfi2,0,0.0,0.0,30.303,ok,33.0,,pending,,pending,mixed,16,TwoTier,1097657231,0.5
ue8_qfi2,9.713,15.283,17.0,17.615,ok,0.0003113765833471268,ok,ue4_qfi9,0,1,4,1007.4999999999999,data,ok,2.0,False,,proxy,3,0,,ue1_qfi2,1.0,152,150.0,ok,,ue7_qfi2,17.972,ok,,9,ok,9,,ue5_qfi2,0.9652951999999999,ok,0.9999044586147086,proxy,5,0.9997758155807466,22855190.4,ok,0.018438636363636362,ok,0.37233636363636363,0.06221875,ok,ue1_qfi82,0.0,99,10.0,data,ok,0.0,ue5_qfi9,12.5,ok,,30.4,ue1_qfi2,0,0.0,0.0,30.303,ok,33.0,,pending,,pending,mixed,16,PF,579362555,0.5
ue2_qfi2,10.525,17.229,19.556,21.164,ok,0.0014638102793193433,ok,ue4_qfi9,0,1,4,1005.5000000000001,data,ok,2.0,False,,proxy,3,0,,ue1_qfi2,1.0,152,150.0,ok,,ue2_qfi2,19.717,ok,,9,ok,9,,ue5_qfi2,0.964572,ok,0.9986969394968515,proxy,5,0.9983475230489683,22814744.0,ok,0.020520454545454547,ok,0.4541522727272727,0.0785140625,ok,ue1_qfi82,0.0,99,10.0,data,ok,0.0,ue6_qfi1,18.0,ok,,30.4,ue1_qfi2,0,0.0,0.0,30.303,ok,33.0,,pending,,pending,mixed,16,Reservation,579362555,0.5
ue7_qfi2,8.319,14.454,16.342,17.242,ok,0.0007619567261490293,ok,ue4_qfi9,0,2,4,1009.2500000000002,data,ok,2.0,False,,proxy,3,0,,ue1_qfi2,1.0,152,150.0,ok,,ue7_qfi2,17.538,ok,,9,ok,9,,ue5_qfi2,0.9652951999999999,ok,0.9995848632296394,proxy,5,0.999004535733841,22843968.0,ok,0.01807272727272727,ok,0.4065102272727273,0.06170625,ok,ue1_qfi82,0.0,99,10.0,data,ok,0.0,ue4_qfi1,14.5,ok,,30.4,ue1_qfi2,0,0.0,0.0,30.303,ok,33.0,,pending,,pending,mixed,16,TwoTier,579362555,0.5
ue9_qfi2,9.225,14.675,15.847,17.98,ok,0.0005330242640669025,ok,ue2_qfi85,1,2,2,2122.25,data,ok,2.0,False,,proxy,3,0,,ue8_qfi2,0.993421052631579,152,150.0,ok,,ue9_qfi2,18.181,ok,,9,ok,9,,ue4_qfi2,0.9676975999999999,ok,0.9997691561971042,proxy,5,0.999685792162733,22880236.8,ok,0.018334090909090908,ok,0.3729386363636364,0.0633984375,ok,ue1_qfi82,0.0,99,10.0,data,ok,0.0,ue1_qfi9,12.75,ok,,30.2,ue9_qfi2,1,67.25,67.25,30.303,ok,33.0,,pending,,pending,mixed,16,PF,661058651,0.5
ue2_qfi2,10.847,17.517,18.99,20.277,ok,0.001413221175717837,ok,ue2_qfi85,1,2,2,2122.25,data,ok,2.0,False,,proxy,3,0,,ue7_qfi2,0.993421052631579,152,150.0,ok,,ue1_qfi2,19.525,ok,,9,ok,9,,ue4_qfi2,0.9676975999999999,ok,0.9988098996391972,proxy,5,0.9986608810085398,22864380.8,ok,0.02024090909090909,ok,0.458,0.0791703125,ok,ue1_qfi82,0.0,99,10.0,data,ok,0.0,ue1_qfi9,15.75,ok,,30.4,ue1_qfi2,0,0.0,0.0,30.303,ok,33.0,,pending,,pending,mixed,16,Reservation,661058651,0.5
ue1_qfi2,6.155,13.483,15.244,17.264,ok,0.0006343995894461505,ok,ue2_qfi85,1,2,2,2122.25,data,ok,2.0,False,,proxy,3,0,,ue1_qfi2,1.0,152,150.0,ok,,ue9_qfi2,16.947,ok,,9,ok,9,,ue4_qfi2,0.9676975999999999,ok,0.9996823224446241,proxy,5,0.9995108377967715,22888806.4,ok,0.018115909090909092,ok,0.4118477272727273,0.0643078125,ok,ue1_qfi82,0.0,99,10.0,data,ok,0.0,ue6_qfi9,14.25,ok,,30.4,ue1_qfi2,0,0.0,0.0,30.303,ok,33.0,,pending,,pending,mixed,16,TwoTier,661058651,0.5
ue9_qfi2,9.557,14.856,16.25,16.917,ok,0.0003452560642151109,ok,ue3_qfi85,1,1,1,2447.5,data,ok,2.0,False,,proxy,3,0,,ue1_qfi2,1.0,152,150.0,ok,,ue9_qfi2,17.57,ok,,9,ok,9,,ue2_qfi2,0.9640544,ok,0.9998022732179604,proxy,5,0.9996625395706354,22875984.0,ok,0.01770909090909091,ok,0.3756215909090909,0.0635890625,ok,ue1_qfi82,0.0,99,10.0,data,ok,0.0,ue2_qfi9,12.75,ok,,30.4,ue1_qfi2,0,0.0,0.0,30.303,ok,33.0,,pending,,pending,mixed,16,PF,87989972,0.5
ue3_qfi2,10.383,17.555,19.522,20.0,ok,0.001587948705453344,ok,ue3_qfi85,1,1,1,2447.5,data,ok,2.0,False,,proxy,3,0,,ue1_qfi2,1.0,152,150.0,ok,,ue3_qfi2,19.741,ok,,9,ok,9,,ue2_qfi2,0.9641024,ok,0.9969810758795286,proxy,5,0.9910487047179598,22849060.8,ok,0.020136363636363636,ok,0.4583693181818182,0.08135625,ok,ue1_qfi82,0.0,99,10.0,data,ok,0.0,ue2_qfi9,15.75,ok,,30.4,ue1_qfi2,0,0.0,0.0,30.303,ok,33.0,,pending,,pending,mixed,16,Reservation,87989972,0.5
ue9_qfi2,8.328,14.579,16.054,17.983,ok,0.000973690773232963,ok,ue3_qfi85,1,1,1,2447.5,data,ok,2.0,False,,proxy,3,0,,ue1_qfi2,1.0,152,150.0,ok,,ue7_qfi2,17.92,ok,,9,ok,9,,ue2_qfi2,0.9641024,ok,0.9901070151942559,proxy,5,0.9761248538887451,22863892.8,ok,0.018231818181818182,ok,0.4100284090909091,0.06335,ok,ue1_qfi82,0.0,99,10.0,data,ok,0.0,ue5_qfi1,14.75,ok,,30.4,ue1_qfi2,0,0.0,0.0,30.303,ok,33.0,,pending,,pending,mixed,16,TwoTier,87989972,0.5
ue8_qfi2,8.665,15.013,16.899,18.25,ok,0.0007628184803957684,ok,ue4_qfi9,0,2,4,1002.2500000000001,data,ok,2.0,False,,proxy,3,0,,ue1_qfi2,1.0,152,150.0,ok,,ue7_qfi2,18.022,ok,,9,ok,9,,ue2_qfi2,0.9661328,ok,0.9995531250491492,proxy,5,0.9991935196132481,22809411.2,ok,0.01803181818181818,ok,0.3752943181818182,0.0636546875,ok,ue1_qfi82,0.0,99,10.0,data,ok,0.0,ue6_qfi1,14.75,ok,,30.4,ue1_qfi2,0,0.0,0.0,30.303,ok,33.0,,pending,,pending,mixed,16,PF,161576974,0.5
ue2_qfi2,10.819,18.102,19.12,20.852,ok,0.0015977382795195835,ok,ue5_qfi9,0,2,4,1007.9999999999995,data,ok,2.0,False,,proxy,3,0,,ue4_qfi2,0.993421052631579,152,150.0,ok,,ue2_qfi2,19.867,ok,,9,ok,9,,ue2_qfi2,0.9661328,ok,0.9984666822900214,proxy,5,0.9981242213963761,22787948.8,ok,0.020504545454545456,ok,0.4616125,0.0812296875,ok,ue1_qfi82,0.0,99,10.0,data,ok,0.0,ue6_qfi1,17.0,ok,,30.2,ue4_qfi2,1,68.25,68.25,30.303,ok,33.0,,pending,,pending,mixed,16,Reservation,161576974,0.5
ue6_qfi1,1.5,16.75,18.0,18.0,ok,0.0007292512833224304,ok,ue6_qfi9,0,1,4,1007.4999999999999,data,ok,2.0,False,,proxy,3,0,,ue1_qfi2,1.0,152,150.0,ok,,ue6_qfi2,17.354,ok,,9,ok,9,,ue2_qfi2,0.9661328,ok,0.9963651386703682,proxy,5,0.9838333149128548,22808228.8,ok,0.017904545454545454,ok,0.4134397727272727,0.0648875,ok,ue1_qfi82,0.0,99,10.0,data,ok,0.0,ue6_qfi1,16.5,ok,,30.4,ue1_qfi2,0,0.0,0.0,30.303,ok,33.0,,pending,,pending,mixed,16,TwoTier,161576974,0.5
ue8_qfi2,10.409,15.802,17.528,18.456,ok,0.0003464274380647668,ok,ue3_qfi85,1,1,1,3728.5,data,ok,2.0,False,,proxy,3,0,,ue1_qfi2,1.0,152,150.0,ok,,ue8_qfi2,18.829,ok,,9,ok,9,,ue4_qfi2,0.9599208,ok,0.999878446452852,proxy,5,0.9996573447536119,22767003.2,ok,0.018365909090909092,ok,0.37852386363636364,0.0650375,ok,ue1_qfi82,0.0,99,10.0,data,ok,0.0,ue6_qfi9,12.25,ok,,30.4,ue1_qfi2,0,0.0,0.0,30.303,ok,33.0,,pending,,pending,mixed,16,PF,35492826,0.5
ue1_qfi2,11.143,17.971,20.173,21.354,ok,0.001501931958793311,ok,ue3_qfi85,1,1,1,3730.0,data,ok,2.0,False,,proxy,3,0,,ue1_qfi2,1.0,152,150.0,ok,,ue1_qfi2,20.88,ok,,9,ok,9,,ue4_qfi2,0.9599208,ok,0.9987116237512824,proxy,5,0.9983027927256329,22737448.0,ok,0.02025681818181818,ok,0.46468522727272726,0.08340625,ok,ue1_qfi82,0.0,99,10.0,data,ok,0.0,ue6_qfi1,17.5,ok,,30.4,ue1_qfi2,0,0.0,0.0,30.303,ok,33.0,,pending,,pending,mixed,16,Reservation,35492826,0.5
ue9_qfi2,7.879,14.384,16.25,17.736,ok,0.0006742059213900489,ok,ue3_qfi85,1,1,1,3730.0,data,ok,2.0,False,,proxy,3,0,,ue5_qfi2,0.993421052631579,152,150.0,ok,,ue9_qfi2,18.209,ok,,9,ok,9,,ue4_qfi2,0.9599208,ok,0.9994085317107398,proxy,5,0.9990900268559332,22755300.8,ok,0.017781818181818183,ok,0.41563636363636364,0.06459375,ok,ue1_qfi82,0.0,99,10.0,data,ok,0.0,ue6_qfi1,14.5,ok,,30.4,ue1_qfi2,0,0.0,0.0,30.303,ok,33.0,,pending,,pending,mixed,16,TwoTier,35492826,0.5
ue7_qfi2,8.856,15.0,16.54,18.377,ok,0.00036476430121036,ok,ue6_qfi9,0,2,4,1004.4999999999998,data,ok,2.0,False,,proxy,3,0,,ue1_qfi2,1.0,152,150.0,ok,,ue7_qfi2,18.385,ok,,9,ok,9,,ue3_qfi2,0.9627,ok,0.9998839051988231,proxy,5,0.9998098142139552,22819822.4,ok,0.018063636363636365,ok,0.3686965909090909,0.060825,ok,ue1_qfi82,0.0,99,10.0,data,ok,0.0,ue4_qfi1,14.75,ok,,30.4,ue1_qfi2,0,0.0,0.0,30.303,ok,33.0,,pending,,pending,mixed,16,PF,376383645,0.5
ue1_qfi2,10.953,17.962,19.85,20.75,ok,0.0015552475689266528,ok,ue5_qfi9,0,1,4,1007.4999999999999,data,ok,2.0,False,,proxy,3,0,,ue1_qfi2,1.0,152,150.0,ok,,ue1_qfi2,19.874,ok,,9,ok,9,,ue1_qfi2,0.9625504,ok,0.9984947145779582,proxy,5,0.9978383008854481,22787992.0,ok,0.020322727272727274,ok,0.4503511363636364,0.077003125,ok,ue1_qfi82,0.0,99,10.0,data,ok,0.0,ue1_qfi9,15.5,ok,,30.4,ue1_qfi2,0,0.0,0.0,30.303,ok,33.0,,pending,,pending,mixed,16,Reservation,376383645,0.5
ue1_qfi2,6.215,14.615,16.425,18.119,ok,0.0006788525072542943,ok,ue6_qfi9,0,1,4,1010.0000000000002,data,ok,2.0,False,,proxy,3,0,,ue1_qfi2,1.0,152,150.0,ok,,ue7_qfi2,17.103,ok,,9,ok,9,,ue3_qfi2,0.9627,ok,0.997372747185001,proxy,5,0.9886807795579469,22811336.0,ok,0.01805,ok,0.4033909090909091,0.0605015625,ok,ue1_qfi82,0.0,99,10.0,data,ok,0.0,ue4_qfi1,14.75,ok,,30.4,ue1_qfi2,0,0.0,0.0,30.303,ok,33.0,,pending,,pending,mixed,16,TwoTier,376383645,0.5
ue8_qfi2,9.642,15.171,16.592,17.415,ok,0.00041288287364230395,ok,ue2_qfi85,0,1,1,1445.0,data,ok,2.0,False,,proxy,3,0,,ue9_qfi2,0.993421052631579,152,150.0,ok,,ue8_qfi2,18.662,ok,,9,ok,9,,ue1_qfi2,0.9590871999999999,ok,0.9998096039464499,proxy,5,0.9995964324527213,22750028.8,ok,0.01781818181818182,ok,0.3682784090909091,0.06108125,ok,ue1_qfi82,0.0,99,10.0,data,ok,0.0,ue4_qfi1,12.75,ok,,30.2,ue9_qfi2,1,66.5,66.5,30.303,ok,33.0,,pending,,pending,mixed,16,PF,1746484539,0.5
ue3_qfi2,10.605,17.074,18.465,20.329,ok,0.0015372658830123999,ok,ue2_qfi85,0,1,1,1445.0,data,ok,2.0,False,,proxy,3,0,,ue3_qfi2,0.993421052631579,152,150.0,ok,,ue1_qfi2,19.795,ok,,9,ok,9,,ue1_qfi2,0.9590871999999999,ok,0.998542227741337,proxy,5,0.9981301886175774,22720987.2,ok,0.019886363636363636,ok,0.4535659090909091,0.0765375,ok,ue1_qfi82,0.0,99,10.0,data,ok,0.0,ue6_qfi1,17.0,ok,,30.2,ue3_qfi2,1,67.0,67.0,30.303,ok,33.0,,pending,,pending,mixed,16,Reservation,1746484539,0.5
ue8_qfi2,8.02,14.797,16.652,17.296,ok,0.000693217586683475,ok,ue2_qfi85,0,1,1,1445.0,data,ok,2.0,False,,proxy,3,0,,ue1_qfi2,1.0,152,150.0,ok,,ue8_qfi2,17.339,ok,,9,ok,9,,ue1_qfi2,0.9590871999999999,ok,0.9995308960231999,proxy,5,0.9991546354511726,22748865.6,ok,0.01778409090909091,ok,0.40378522727272725,0.060821875,ok,ue1_qfi82,0.0,99,10.0,data,ok,0.0,ue4_qfi1,15.0,ok,,30.4,ue1_qfi2,0,0.0,0.0,30.303,ok,33.0,,pending,,pending,mixed,16,TwoTier,1746484539,0.5
ue13_qfi2,25.901,33.725,56.737,59.249,ok,0.003770038266741789,ok,ue7_qfi85,1,1,1,2042.2500000000002,data,ok,2.0,False,,proxy,3,0,,ue1_qfi2,1.0,152,150.0,ok,,ue13_qfi2,60.872,ok,,13,ok,13,,ue7_qfi2,0.9625556,ok,0.9844313337463124,proxy,5,0.9825395721426061,60146497.6,ok,0.01488409090909091,ok,0.8636840909090909,0.0805125,ok,ue1_qfi82,0.0,99,10.0,data,ok,0.0,ue6_qfi9,48.0,ok,,30.4,ue1_qfi2,0,0.0,0.0,30.303,ok,33.0,,pending,,pending,ugv_heavy,16,PF,1826701614,1.0
ue10_qfi9,12.25,62.75,62.75,62.75,ok,0.005173243761671573,ok,ue7_qfi85,1,1,1,2042.5000000000005,data,ok,2.0,False,,proxy,3,0,,ue12_qfi2,0.993421052631579,152,150.0,ok,,ue13_qfi2,38.318,ok,,13,ok,13,,ue8_qfi2,0.9623231999999999,ok,0.9556423313449673,proxy,5,0.9385946422387254,60056513.6,ok,0.015506818181818182,ok,0.8988170454545454,0.163234375,ok,ue1_qfi82,0.0,99,10.0,data,ok,0.0,ue10_qfi9,50.5,ok,,30.4,ue1_qfi2,0,0.0,0.0,30.303,ok,33.0,,pending,,pending,ugv_heavy,16,Reservation,1826701614,1.0
ue6_qfi9,40.75,148.0,202.75,230.75,ok,0.008802665702531,ok,ue7_qfi85,1,1,1,2042.5000000000005,data,ok,2.0,False,,proxy,3,0,,ue7_qfi2,0.9867549668874173,151,150.0,ok,,ue13_qfi2,112.671,ok,,13,ok,13,,ue4_qfi2,0.955878,ok,0.8721977428849345,proxy,5,0.8563561513175051,59647758.4,ok,0.015138636363636363,ok,0.9306477272727273,0.0471609375,ok,ue1_qfi82,0.0,99,10.0,data,ok,0.0,ue6_qfi9,190.0,ok,,30.4,ue10_qfi2,15,100.25,1153.5,30.303,ok,33.0,,pending,,pending,ugv_heavy,16,TwoTier,1826701614,1.0
ue12_qfi2,30.537,129.235,132.184,133.978,ok,0.0048255228652547884,ok,ue10_qfi9,0,1,4,1009.7499999999999,data,ok,2.0,False,,proxy,3,0,,ue12_qfi2,0.9801324503311258,151,150.0,ok,,ue12_qfi2,132.934,ok,,13,ok,13,,ue7_qfi2,0.9596591999999999,ok,0.9829137371190132,proxy,5,0.9782207121884233,60076787.2,ok,0.014488636363636363,ok,0.9053340909090909,0.0877359375,ok,ue1_qfi82,0.0,99,10.0,data,ok,0.0,ue12_qfi2,103.441,ok,,30.0,ue7_qfi2,2,68.0,135.5,30.303,ok,33.0,,pending,,pending,ugv_heavy,16,PF,1367864806,1.0
ue2_qfi9,21.0,142.0,170.75,182.25,ok,0.006349684689888295,ok,ue16_qfi83,0,1,1,1736.25,data,ok,2.0,False,,proxy,3,0,,ue13_qfi2,0.9868421052631579,152,150.0,ok,,ue12_qfi2,49.415,ok,,13,ok,13,,ue7_qfi2,0.959738,ok,0.9370244005081444,proxy,5,0.8892757977909793,59965928.0,ok,0.015,ok,0.9190625,0.1905078125,ok,ue1_qfi82,0.0,99,10.0,data,ok,0.0,ue2_qfi9,161.25,ok,,30.4,ue9_qfi2,2,73.5,140.25,30.303,ok,33.0,,pending,,pending,ugv_heavy,16,Reservation,1367864806,1.0
ue4_qfi9,119.5,256.5,281.75,291.5,ok,0.01190737521644266,ok,ue11_qfi9,0,2,3,1977.2500000000002,data,ok,2.0,False,,proxy,3,0,,ue13_qfi2,0.9932885906040269,149,150.0,ok,,ue12_qfi2,118.479,ok,,13,ok,13,,ue11_qfi2,0.9565212,ok,0.8382300863292198,proxy,5,0.7644778377255982,59309548.8,ok,0.014643181818181817,ok,0.9331602272727273,0.0473578125,ok,ue1_qfi82,0.0,99,10.0,data,ok,0.0,ue1_qfi9,214.75,ok,,29.8,ue12_qfi2,23,86.25,1714.0,30.303,ok,33.0,,pending,,pending,ugv_heavy,16,TwoTier,1367864806,1.0
ue1_qfi9,11.0,88.75,118.0,129.25,ok,0.004504199940935307,ok,ue1_qfi85,0,1,2,1654.0000000000005,data,ok,2.0,False,,proxy,3,0,,ue2_qfi2,0.993421052631579,152,150.0,ok,,ue13_qfi2,86.205,ok,,13,ok,13,,ue2_qfi2,0.9519708,ok,0.9790274491666473,proxy,5,0.9750004555523816,60075000.0,ok,0.015111363636363636,ok,0.8991363636363636,0.0856921875,ok,ue1_qfi82,0.0,99,10.0,data,ok,0.0,ue1_qfi9,118.25,ok,,30.2,ue2_qfi2,1,73.5,73.5,30.303,ok,33.0,,pending,,pending,ugv_heavy,16,PF,1097657231,1.0
ue1_qfi9,22.75,103.75,136.75,155.75,ok,0.005873043717843313,ok,ue1_qfi85,0,1,2,1653.75,data,ok,2.0,False,,proxy,3,0,,ue2_qfi2,0.9933774834437086,151,150.0,ok,,ue9_qfi2,38.8,ok,,12,ok,13,,ue2_qfi2,0.9465848,ok,0.9449733132776229,proxy,5,0.9179279687508294,59972916.8,ok,0.015590909090909091,ok,0.9181102272727273,0.18798125,ok,ue1_qfi82,0.0,99,10.0,data,ok,0.0,ue1_qfi9,133.0,ok,,30.4,ue10_qfi2,1,86.25,86.25,30.303,ok,33.0,,pending,,pending,ugv_heavy,16,Reservation,1097657231,1.0
ue8_qfi9,62.0,268.5,288.0,294.5,ok,0.011725703568633217,ok,ue1_qfi85,0,1,2,1653.75,data,ok,2.0,False,,proxy,3,0,,ue5_qfi2,0.9867549668874173,151,150.0,ok,,ue13_qfi2,107.93,ok,,13,ok,13,,ue2_qfi2,0.9531415999999999,ok,0.8457169803613477,proxy,5,0.7993875323542424,59255401.6,ok,0.014456818181818182,ok,0.9315056818181818,0.0488421875,ok,ue1_qfi82,0.0,99,10.0,data,ok,0.0,ue8_qfi9,232.5,ok,,30.2,ue12_qfi2,25,93.5,1923.75,30.303,ok,33.0,,pending,,pending,ugv_heavy,16,TwoTier,1097657231,1.0
ue13_qfi2,28.239,63.809,68.934,90.397,ok,0.0037558114957213975,ok,ue2_qfi85,0,1,1,1530.0,data,ok,2.0,False,,proxy,3,0,,ue1_qfi2,1.0,152,150.0,ok,,ue13_qfi2,84.925,ok,,13,ok,13,,ue9_qfi2,0.962812,ok,0.9840954374556912,proxy,5,0.9794388679519856,60317456.0,ok,0.014602272727272728,ok,0.8943670454545455,0.087971875,ok,ue1_qfi82,0.0,99,10.0,data,ok,0.0,ue13_qfi2,62.158,ok,,30.4,ue1_qfi2,0,0.0,0.0,30.303,ok,33.0,,pending,,pending,ugv_heavy,16,PF,579362555,1.0
ue5_qfi9,20.25,60.5,81.25,92.5,ok,0.005623187849660397,ok,ue2_qfi85,0,1,1,1530.0,data,ok,2.0,False,,proxy,3,0,,ue1_qfi2,0.9933774834437086,151,150.0,ok,,ue1_qfi2,37.888,ok,,13,ok,13,,ue9_qfi2,0.9572436,ok,0.9506233019713841,proxy,5,0.9242074719739675,60203200.0,ok,0.015520454545454546,ok,0.9140079545454546,0.1823046875,ok,ue1_qfi82,0.0,99,10.0,data,ok,0.0,ue5_qfi9,72.25,ok,,30.2,ue2_qfi2,1,71.75,71.75,30.303,ok,33.0,,pending,,pending,ugv_heavy,16,Reservation,579362555,1.0
ue11_qfi9,155.75,299.25,299.25,299.25,ok,0.010180435539092147,ok,ue2_qfi85,0,1,1,1530.0,data,ok,2.0,False,,proxy,3,0,,ue10_qfi2,0.9933333333333333,150,150.0,ok,,ue12_qfi2,115.915,ok,,13,ok,13,,ue9_qfi2,0.9572436,ok,0.8459120977259754,proxy,5,0.8048290274497797,59470147.2,ok,0.014656818181818182,ok,0.9312943181818182,0.0477328125,ok,ue1_qfi82,0.0,99,10.0,data,ok,0.0,ue10_qfi9,239.0,ok,,29.8,ue13_qfi2,24,95.5,1817.25,30.303,ok,33.0,,pending,,pending,ugv_heavy,16,TwoTier,579362555,1.0
ue12_qfi2,28.966,58.383,61.532,63.715,ok,0.003998928707948226,ok,ue3_qfi85,1,2,2,2826.0,data,ok,2.0,False,,proxy,3,0,,ue11_qfi2,0.993421052631579,152,150.0,ok,,ue12_qfi2,62.76,ok,,13,ok,13,,ue4_qfi2,0.955492,ok,0.9841284046884582,proxy,5,0.9816762260326962,59967401.6,ok,0.014661363636363636,ok,0.8935681818181819,0.0844046875,ok,ue1_qfi82,0.0,99,10.0,data,ok,0.0,ue3_qfi9,54.75,ok,,30.4,ue1_qfi2,0,0.0,0.0,30.303,ok,33.0,,pending,,pending,ugv_heavy,16,PF,661058651,1.0
ue1_qfi9,19.5,58.5,78.0,98.0,ok,0.005684448327021046,ok,ue3_qfi85,1,2,2,2826.0,data,ok,2.0,False,,proxy,3,0,,ue13_qfi2,0.9868421052631579,152,150.0,ok,,ue4_qfi2,37.49,ok,,13,ok,13,,ue4_qfi2,0.9564872,ok,0.9559162827819214,proxy,5,0.9401004682066088,59854537.6,ok,0.015456818181818183,ok,0.9144704545454545,0.18180625,ok,ue1_qfi82,0.0,99,10.0,data,ok,0.0,ue1_qfi9,78.5,ok,,30.0,ue13_qfi2,2,77.25,146.25,30.303,ok,33.0,,pending,,pending,ugv_heavy,16,Reservation,661058651,1.0
ue4_qfi9,63.25,200.0,235.5,250.75,ok,0.009916246253006576,ok,ue3_qfi85,1,2,2,2826.0,data,ok,2.0,False,,proxy,3,0,,ue13_qfi2,0.9932885906040269,149,150.0,ok,,ue12_qfi2,111.237,ok,,12,ok,13,,ue11_qfi2,0.9440535999999999,ok,0.8510854832297321,proxy,5,0.8179093920217414,59133108.8,ok,0.014893181818181818,ok,0.9313318181818182,0.0469703125,ok,ue1_qfi82,0.0,99,10.0,data,ok,0.0,ue4_qfi9,187.5,ok,,29.8,ue12_qfi2,27,100.25,2009.0,30.303,ok,33.0,,pending,,pending,ugv_heavy,16,TwoTier,661058651,1.0
ue4_qfi9,8.5,56.0,97.0,120.0,ok,0.0039958345104218,ok,ue2_qfi85,1,1,1,2843.75,data,ok,2.0,False,,proxy,3,0,,ue1_qfi2,1.0,152,150.0,ok,,ue13_qfi2,63.5,ok,,13,ok,13,,ue10_qfi2,0.9552912,ok,0.981357003541582,proxy,5,0.9760286334249874,59893852.8,ok,0.014645454545454545,ok,0.8972670454545455,0.0849578125,ok,ue1_qfi82,0.0,99,10.0,data,ok,0.0,ue4_qfi9,111.5,ok,,30.4,ue1_qfi2,0,0.0,0.0,30.303,ok,33.0,,pending,,pending,ugv_heavy,16,PF,87989972,1.0
ue2_qfi9,20.5,57.5,80.25,94.75,ok,0.006216564998798484,ok,ue2_qfi85,1,1,1,2843.75,data,ok,2.0,False,,proxy,3,0,,ue7_qfi2,0.993421052631579,152,150.0,ok,,ue13_qfi2,39.953,ok,,13,ok,13,,ue10_qfi2,0.9552848,ok,0.9353707597302368,proxy,5,0.9168086539415473,59759798.4,ok,0.015047727272727273,ok,0.9179159090909091,0.1798828125,ok,ue1_qfi82,0.0,99,10.0,data,ok,0.0,ue2_qfi9,74.25,ok,,30.2,ue7_qfi2,1,75.25,75.25,30.303,ok,33.0,,pending,,pending,ugv_heavy,16,Reservation,87989972,1.0
ue3_qfi9,87.75,241.0,271.0,284.25,ok,0.01062888908806098,ok,ue10_qfi9,1,2,2,3174.75,data,ok,2.0,False,,proxy,3,0,,ue2_qfi2,0.993421052631579,152,150.0,ok,,ue12_qfi2,112.494,ok,,12,ok,13,,ue10_qfi2,0.949418,ok,0.8163651181489511,proxy,5,0.7719437668805625,59186467.2,ok,0.014809090909090909,ok,0.9297034090909091,0.0462296875,ok,ue1_qfi82,0.0,99,10.0,data,ok,0.0,ue7_qfi9,201.0,ok,,30.4,ue6_qfi2,30,105.75,2267.5,30.303,ok,33.0,,pending,,pending,ugv_heavy,16,TwoTier,87989972,1.0
ue13_qfi2,26.896,61.053,66.077,87.303,ok,0.0040805258886964044,ok,ue4_qfi85,1,1,1,2532.5,data,ok,2.0,False,,proxy,3,0,,ue1_qfi2,1.0,152,150.0,ok,,ue13_qfi2,66.327,ok,,13,ok,13,,ue6_qfi2,0.9606088,ok,0.9824096763295307,proxy,5,0.9788237159956774,59908232.0,ok,0.01545,ok,0.9020829545454545,0.0870265625,ok,ue1_qfi82,0.0,99,10.0,data,ok,0.0,ue5_qfi9,63.5,ok,,30.2,ue12_qfi2,1,66.25,66.25,30.303,ok,33.0,,pending,,pending,ugv_heavy,16,PF,161576974,1.0
ue3_qfi9,24.0,59.75,75.5,92.75,ok,0.0060884471115704615,ok,ue4_qfi85,1,1,1,2532.5,data,ok,2.0,False,,proxy,3,0,,ue5_qfi2,0.993421052631579,152,150.0,ok,,ue3_qfi2,39.816,ok,,13,ok,13,,ue6_qfi2,0.9538211999999999,ok,0.9430894366110778,proxy,5,0.9281291301752349,59800979.2,ok,0.016036363636363637,ok,0.9219090909090909,0.18918125,ok,ue1_qfi82,0.0,99,10.0,data,ok,0.0,ue3_qfi9,68.75,ok,,30.2,ue5_qfi2,1,82.25,82.25,30.303,ok,33.0,,pending,,pending,ugv_heavy,16,Reservation,161576974,1.0
ue6_qfi9,71.0,196.5,270.5,284.25,ok,0.010370529485164032,ok,ue4_qfi85,1,1,1,2532.2500000000005,data,ok,2.0,False,,proxy,3,0,,ue12_qfi2,0.9867549668874173,151,150.0,ok,,ue12_qfi2,105.628,ok,,13,ok,13,,ue6_qfi2,0.9539411999999999,ok,0.8359816952774365,proxy,5,0.8079203021595452,59223529.6,ok,0.015038636363636363,ok,0.9344,0.0484546875,ok,ue1_qfi82,0.0,99,10.0,data,ok,0.0,ue6_qfi9,213.25,ok,,30.2,ue3_qfi2,23,92.5,1763.0,30.303,ok,33.0,,pending,,pending,ugv_heavy,16,TwoTier,161576974,1.0
ue4_qfi9,10.5,45.5,63.25,74.5,ok,0.00399417563221718,ok,ue11_qfi9,0,2,4,1008.7500000000005,data,ok,2.0,False,,proxy,3,0,,ue1_qfi2,1.0,152,150.0,ok,,ue13_qfi2,61.379,ok,,13,ok,13,,ue10_qfi2,0.9637156,ok,0.9828971828539574,proxy,5,0.9795597398389085,60254360.0,ok,0.01458409090909091,ok,0.8843875,0.0830109375,ok,ue1_qfi82,0.0,99,10.0,data,ok,0.0,ue4_qfi9,64.0,ok,,30.2,ue13_qfi2,1,66.0,66.0,30.303,ok,33.0,,pending,,pending,ugv_heavy,16,PF,35492826,1.0
ue4_qfi9,17.75,52.25,68.75,76.0,ok,0.005619451887389607,ok,ue11_qfi9,0,2,4,1017.2499999999998,data,ok,2.0,False,,proxy,3,0,,ue8_qfi2,0.9933774834437086,151,150.0,ok,,ue13_qfi2,37.629,ok,,13,ok,13,,ue5_qfi2,0.966348,ok,0.9514577930519023,proxy,5,0.9302437647331767,60149278.4,ok,0.015063636363636364,ok,0.9109045454545455,0.1746109375,ok,ue1_qfi82,0.0,99,10.0,data,ok,0.0,ue4_qfi9,58.25,ok,,30.0,ue8_qfi2,1,84.25,84.25,30.303,ok,33.0,,pending,,pending,ugv_heavy,16,Reservation,35492826,1.0
ue2_qfi9,66.75,168.75,249.25,271.0,ok,0.009864358754484832,ok,ue10_qfi9,1,1,1,4062.0000000000005,data,ok,2.0,False,,proxy,3,0,,ue1_qfi2,1.0,151,150.0,ok,,ue12_qfi2,111.083,ok,,13,ok,13,,ue10_qfi2,0.9582491999999999,ok,0.8342841115201074,proxy,5,0.7906509394902935,59604561.6,ok,0.014938636363636364,ok,0.9329204545454546,0.0465140625,ok,ue1_qfi82,0.0,99,10.0,data,ok,0.0,ue2_qfi9,204.25,ok,,30.2,ue12_qfi2,20,92.25,1528.75,30.303,ok,33.0,,pending,,pending,ugv_heavy,16,TwoTier,35492826,1.0
ue6_qfi9,12.5,103.75,173.5,189.5,ok,0.004109028299160774,ok,ue9_qfi85,0,1,1,1480.0,data,ok,2.0,False,,proxy,3,0,,ue10_qfi2,0.993421052631579,152,150.0,ok,,ue13_qfi2,62.493,ok,,13,ok,13,,ue9_qfi2,0.9543844,ok,0.9819576234575121,proxy,5,0.9782619363026787,60016260.8,ok,0.014661363636363636,ok,0.8975488636363637,0.084740625,ok,ue1_qfi82,0.0,99,10.0,data,ok,0.0,ue6_qfi9,177.0,ok,,30.4,ue1_qfi2,0,0.0,0.0,30.303,ok,33.0,,pending,,pending,ugv_heavy,16,PF,376383645,1.0
ue5_qfi9,21.25,66.25,92.0,108.5,ok,0.006077427919831418,ok,ue9_qfi85,0,1,1,1480.0,data,ok,2.0,False,,proxy,3,0,,ue9_qfi2,0.9802631578947368,152,150.0,ok,,ue13_qfi2,41.12,ok,,13,ok,13,,ue9_qfi2,0.95594,ok,0.9403520275581464,proxy,5,0.9233983080762047,59846296.0,ok,0.015311363636363637,ok,0.9191284090909091,0.1844890625,ok,ue1_qfi82,0.0,99,10.0,data,ok,0.0,ue5_qfi9,87.25,ok,,29.8,ue9_qfi2,1,71.5,71.5,30.303,ok,33.0,,pending,,pending,ugv_heavy,16,Reservation,376383645,1.0
ue4_qfi9,95.5,271.25,284.0,291.25,ok,0.010390066668840884,ok,ue11_qfi9,1,1,2,2075.5,data,ok,2.0,False,,proxy,3,0,,ue11_qfi2,0.9866666666666667,150,150.0,ok,,ue13_qfi2,104.895,ok,,13,ok,13,,ue9_qfi2,0.9524628,ok,0.8343717826311259,proxy,5,0.7931072958467601,59183422.4,ok,0.015218181818181818,ok,0.9338011363636364,0.0472796875,ok,ue1_qfi82,0.0,99,10.0,data,ok,0.0,ue4_qfi9,195.75,ok,,30.2,ue1_qfi2,24,101.25,1823.75,30.303,ok,33.0,,pending,,pending,ugv_heavy,16,TwoTier,376383645,1.0
ue8_qfi9,13.5,86.25,132.75,148.75,ok,0.004056122613973016,ok,ue7_qfi85,1,1,1,2512.5,data,ok,2.0,False,,proxy,3,0,,ue7_qfi2,0.993421052631579,152,150.0,ok,,ue12_qfi2,65.027,ok,,13,ok,13,,ue7_qfi2,0.953474,ok,0.9817108534610757,proxy,5,0.979212082617957,60118752.0,ok,0.014913636363636363,ok,0.8914443181818181,0.083828125,ok,ue1_qfi82,0.0,99,10.0,data,ok,0.0,ue8_qfi9,135.25,ok,,30.4,ue1_qfi2,0,0.0,0.0,30.303,ok,33.0,,pending,,pending,ugv_heavy,16,PF,1746484539,1.0
ue9_qfi9,19.75,81.0,113.0,128.25,ok,0.005828556285952453,ok,ue7_qfi85,1,1,1,2512.5,data,ok,2.0,False,,proxy,3,0,,ue4_qfi2,0.993421052631579,152,150.0,ok,,ue2_qfi2,37.973,ok,,13,ok,13,,ue7_qfi2,0.9552155999999999,ok,0.9398357488071477,proxy,5,0.9301422973357589,60004798.4,ok,0.01571818181818182,ok,0.9165295454545455,0.176625,ok,ue1_qfi82,0.0,99,10.0,data,ok,0.0,ue9_qfi9,108.5,ok,,30.2,ue4_qfi2,1,72.0,72.0,30.303,ok,33.0,,pending,,pending,ugv_heavy,16,Reservation,1746484539,1.0
ue8_qfi9,70.75,256.5,276.5,286.5,ok,0.010236179939434155,ok,ue7_qfi85,1,1,1,2512.5,data,ok,2.0,False,,proxy,3,0,,ue10_qfi2,0.9933774834437086,151,150.0,ok,,ue12_qfi2,97.835,ok,,12,ok,13,,ue11_qfi2,0.9480411999999999,ok,0.8356840383511667,proxy,5,0.7770063353618378,59435723.2,ok,0.015047727272727273,ok,0.9317090909090909,0.047559375,ok,ue1_qfi82,0.0,99,10.0,data,ok,0.0,ue8_qfi9,215.75,ok,,30.2,ue12_qfi2,25,93.0,1893.5,30.303,ok,33.0,,pending,,pending,ugv_heavy,16,TwoTier,1746484539,1.0
ue6_qfi9,227.75,293.5,298.25,299.25,ok,0.18077148277868377,ok,ue10_qfi1,1,1,1,4492.249999999999,data,ok,2.0,False,,proxy,3,0,,ue13_qfi2,0.0472972972972973,148,150.0,ok,,ue8_qfi2,149.924,ok,,0,ok,13,,ue13_qfi2,0.6170410666666666,ok,0.6466699576266983,proxy,5,0.6254147121310627,70519872.0,ok,0.014863636363636364,ok,0.9306647727272728,0.042884375,ok,ue1_qfi82,0.0,99,10.0,data,ok,0.0,ue7_qfi9,208.75,ok,,13.4,ue11_qfi2,23,524.0,3360.75,30.303,ok,33.0,,pending,,pending,ugv_heavy,16,PF,1826701614,1.5
ue7_qfi9,241.75,297.25,299.0,299.75,ok,0.21160111725387534,ok,ue7_qfi85,1,1,1,2042.5000000000005,data,ok,2.0,False,,proxy,3,0,,ue13_qfi2,0.3087248322147651,149,150.0,ok,,ue12_qfi2,149.801,ok,,2,ok,13,,ue7_qfi2,0.6933058666666667,ok,0.6900920157625376,proxy,5,0.6769463658616645,68028521.6,ok,0.015070454545454545,ok,0.9302147727272727,0.2167640625,ok,ue1_qfi82,0.0,99,10.0,data,ok,0.0,ue10_qfi9,169.5,ok,,10.8,ue12_qfi2,15,1194.0,3563.75,30.303,ok,33.0,,pending,,pending,ugv_heavy,16,Reservation,1826701614,1.5
ue8_qfi9,275.75,298.0,299.5,300.0,ok,0.18184916376818008,ok,ue6_qfi9,1,1,1,3228.25,data,ok,2.0,False,,proxy,3,0,,ue10_qfi2,0.4,150,150.0,ok,,ue9_qfi2,148.5,ok,,0,ok,13,,ue10_qfi2,0.5137426666666667,ok,0.5806174405929235,proxy,5,0.5589279351211648,70294851.2,ok,0.015263636363636363,ok,0.9283397727272727,0.04049375,ok,ue1_qfi82,0.0,99,10.0,data,ok,0.0,ue1_qfi9,118.75,ok,,24.0,ue8_qfi2,21,533.0,2400.5,30.303,ok,33.0,,pending,,pending,ugv_heavy,16,TwoTier,1826701614,1.5
ue7_qfi9,258.75,295.25,298.25,299.25,ok,0.2225467530511121,ok,ue13_qfi82,0,1,4,1001.5,data,ok,2.0,False,,proxy,3,0,,ue12_qfi2,0.033783783783783786,148,150.0,ok,,ue3_qfi2,149.892,ok,,1,ok,13,,ue12_qfi2,0.5543594666666667,ok,0.6302573667279499,proxy,5,0.616466514724362,66984928.0,ok,0.014809090909090909,ok,0.9306329545454546,0.0458625,ok,ue1_qfi82,0.0,99,10.0,data,ok,0.0,ue1_qfi9,274.25,ok,,14.8,ue10_qfi2,17,349.75,2919.5,30.303,ok,33.0,,pending,,pending,ugv_heavy,16,PF,1367864806,1.5
ue6_qfi9,266.0,297.5,299.0,299.75,ok,0.25356569007444696,ok,ue11_qfi9,1,1,2,2997.25,data,ok,2.0,False,,proxy,3,0,,ue13_qfi2,0.16778523489932887,149,150.0,ok,,ue13_qfi2,150.03,ok,,0,ok,13,,ue7_qfi2,0.6415261333333333,ok,0.6696543060517329,proxy,5,0.637987723961762,64580376.0,ok,0.015020454545454545,ok,0.9325488636363637,0.242940625,ok,ue1_qfi82,0.0,99,10.0,data,ok,0.0,ue10_qfi2,115.044,ok,,5.6,ue12_qfi2,10,2279.5,3822.0,30.303,ok,33.0,,pending,,pending,ugv_heavy,16,Reservation,1367864806,1.5
ue9_qfi9,226.25,293.75,297.75,299.0,ok,0.2574170897693639,ok,ue4_qfi83,0,1,3,1100.0,data,ok,2.0,False,,proxy,3,0,,ue12_qfi2,0.0,148,150.0,ok,,ue10_qfi2,142.441,ok,,2,ok,13,,ue12_qfi2,0.0,ok,0.6752070584047829,proxy,5,0.6337314789147992,64190276.800000004,ok,0.014895454545454545,ok,0.9319875,0.0450109375,ok,ue1_qfi82,0.0,99,10.0,data,ok,0.0,ue2_qfi9,101.5,ok,,29.2,ue7_qfi2,28,219.75,2807.75,30.303,ok,33.0,,pending,,pending,ugv_heavy,16,TwoTier,1367864806,1.5
ue13_qfi2,133.42,148.726,149.916,150.107,ok,0.22339649645280266,ok,ue1_qfi85,0,1,2,1653.75,data,ok,2.0,False,,proxy,3,0,,ue13_qfi2,0.04697986577181208,149,150.0,ok,,ue9_qfi2,150.096,ok,,0,ok,13,,ue13_qfi2,0.5470750222222223,ok,0.6324530533599864,proxy,5,0.6283265301740594,66826561.6,ok,0.014647727272727272,ok,0.930825,0.04718125,ok,ue1_qfi82,0.0,99,10.0,data,ok,0.0,ue8_qfi2,30.540000000000006,ok,,9.8,ue4_qfi2,21,326.25,3838.5,30.303,ok,33.0,,pending,,pending,ugv_heavy,16,PF,1097657231,1.5
ue9_qfi9,270.25,298.0,299.5,299.75,ok,0.24336061011864976,ok,ue11_qfi1,0,1,2,1986.5,data,ok,2.0,False,,proxy,3,0,,ue13_qfi2,0.1610738255033557,149,150.0,ok,,ue12_qfi2,149.095,ok,,0,ok,13,,ue11_qfi2,0.6590194666666667,ok,0.6778174113872149,proxy,5,0.6551915099527592,65198878.4,ok,0.015120454545454546,ok,0.9307931818181818,0.23515625,ok,ue1_qfi82,0.0,99,10.0,data,ok,0.0,ue10_qfi2,112.54599999999999,ok,,10.8,ue12_qfi2,11,536.5,2760.25,30.303,ok,33.0,,pending,,pending,ugv_heavy,16,Reservation,1097657231,1.5
ue1_qfi9,242.0,294.75,298.0,299.25,ok,0.2617432922268834,ok,ue1_qfi85,0,1,2,1653.75,data,ok,2.0,False,,proxy,3,0,,ue12_qfi2,0.0,148,150.0,ok,,ue11_qfi2,139.847,ok,,1,ok,13,,ue12_qfi2,0.0,ok,0.6874714392322542,proxy,5,0.663756510330276,63734270.4,ok,0.015115909090909091,ok,0.9315,0.0469,ok,ue1_qfi82,0.0,99,10.0,data,ok,0.0,ue6_qfi9,108.0,ok,,29.2,ue7_qfi2,24,267.75,2635.75,30.303,ok,33.0,,pending,,pending,ugv_heavy,16,TwoTier,1097657231,1.5
ue7_qfi9,204.75,298.75,299.75,300.0,ok,0.21069280613808344,ok,ue2_qfi85,0,1,1,1531.0,data,ok,2.0,False,,proxy,3,0,,ue12_qfi2,0.02702702702702703,148,150.0,ok,,ue7_qfi2,149.89,ok,,0,ok,13,,ue12_qfi2,0.5442010666666667,ok,0.6457654698039497,proxy,5,0.6223229214570285,68130051.2,ok,0.015068181818181817,ok,0.9313340909090909,0.0468828125,ok,ue1_qfi82,0.0,99,10.0,data,ok,0.0,ue8_qfi9,280.5,ok,,14.8,ue10_qfi2,18,464.0,2951.0,30.303,ok,33.0,,pending,,pending,ugv_heavy,16,PF,579362555,1.5
ue6_qfi9,236.0,294.75,298.0,299.0,ok,0.23620821747682924,ok,ue2_qfi85,0,1,1,1530.0,data,ok,2.0,False,,proxy,3,0,,ue13_qfi2,0.0,147,150.0,ok,,ue12_qfi2,149.956,ok,,6,ok,13,,ue13_qfi2,0.0,ok,0.7440320923610366,proxy,5,0.6841207851208206,66248995.2,ok,0.01543409090909091,ok,0.9305,0.2009109375,ok,ue1_qfi82,0.0,99,10.0,data,ok,0.0,ue9_qfi9,106.25,ok,,30.2,ue8_qfi2,22,169.25,2095.5,30.303,ok,33.0,,pending,,pending,ugv_heavy,16,Reservation,579362555,1.5
ue8_qfi9,207.75,294.25,297.75,299.0,ok,0.22371176659110026,ok,ue4_qfi9,1,1,2,2856.25,data,ok,2.0,False,,proxy,3,0,,ue13_qfi2,0.0,147,150.0,ok,,ue9_qfi2,147.692,ok,,0,ok,13,,ue13_qfi2,0.0,ok,0.6023625459041938,proxy,5,0.5782440859240598,66918430.4,ok,0.014375,ok,0.9315431818181819,0.0453671875,ok,ue1_qfi82,0.0,99,10.0,data,ok,0.0,ue7_qfi9,131.75,ok,,27.4,ue2_qfi2,25,309.5,2861.25,30.303,ok,33.0,,pending,,pending,ugv_heavy,16,TwoTier,579362555,1.5
ue9_qfi9,280.75,298.75,299.5,299.75,ok,0.2128879826706209,ok,ue3_qfi85,1,2,2,2826.0,data,ok,2.0,False,,proxy,3,0,,ue12_qfi2,0.04054054054054054,148,150.0,ok,,ue1_qfi2,149.977,ok,,0,ok,13,,ue12_qfi2,0.5560414222222222,ok,0.6382591039410457,proxy,5,0.6358876181330977,67386209.6,ok,0.014497727272727273,ok,0.9309352272727273,0.0448140625,ok,ue1_qfi82,0.0,99,10.0,data,ok,0.0,ue9_qfi2,65.897,ok,,13.4,ue4_qfi2,21,424.0,3279.25,30.303,ok,33.0,,pending,,pending,ugv_heavy,16,PF,661058651,1.5
ue7_qfi9,270.25,297.75,299.25,299.75,ok,0.22758198292348117,ok,ue3_qfi85,1,2,2,2826.0,data,ok,2.0,False,,proxy,3,0,,ue11_qfi2,0.047619047619047616,147,150.0,ok,,ue13_qfi2,149.87,ok,,0,ok,13,,ue11_qfi2,0.045148,ok,0.6786079936593226,proxy,5,0.6497262190159152,66452134.4,ok,0.014829545454545455,ok,0.9313954545454546,0.211428125,ok,ue1_qfi82,0.0,99,10.0,data,ok,0.0,ue7_qfi2,87.46799999999999,ok,,11.6,ue13_qfi2,18,460.75,3419.75,30.303,ok,33.0,,pending,,pending,ugv_heavy,16,Reservation,661058651,1.5
ue2_qfi9,190.5,289.5,295.75,298.0,ok,0.21188673683047488,ok,ue3_qfi85,1,2,2,2826.0,data,ok,2.0,False,,proxy,3,0,,ue11_qfi2,0.34459459459459457,148,150.0,ok,,ue11_qfi2,148.25,ok,,0,ok,13,,ue11_qfi2,0.514308,ok,0.6030005453504395,proxy,5,0.5829018107073177,67539756.8,ok,0.015415909090909091,ok,0.9306011363636364,0.0424203125,ok,ue1_qfi82,0.0,99,10.0,data,ok,0.0,ue3_qfi9,113.25,ok,,26.6,ue1_qfi2,27,221.0,2391.25,30.303,ok,33.0,,pending,,pending,ugv_heavy,16,TwoTier,661058651,1.5
ue6_qfi9,280.5,298.25,299.5,300.0,ok,0.21623385635737302,ok,ue10_qfi1,1,1,1,4232.5,data,ok,2.0,False,,proxy,3,0,,ue12_qfi2,0.033783783783783786,148,150.0,ok,,ue7_qfi2,150.077,ok,,0,ok,13,,ue13_qfi2,0.5603877333333332,ok,0.633810478064046,proxy,5,0.6108682921041402,67260523.2,ok,0.014613636363636363,ok,0.9315011363636364,0.0450203125,ok,ue1_qfi82,0.0,99,10.0,data,ok,0.0,ue9_qfi9,133.5,ok,,9.8,ue11_qfi2,21,492.25,3870.75,30.303,ok,33.0,,pending,,pending,ugv_heavy,16,PF,87989972,1.5
ue3_qfi9,267.5,297.25,299.0,299.75,ok,0.24434502257161503,ok,ue2_qfi85,1,1,1,2843.75,data,ok,2.0,False,,proxy,3,0,,ue13_qfi2,0.1891891891891892,148,150.0,ok,,ue13_qfi2,149.75,ok,,0,ok,13,,ue5_qfi2,0.6790616,ok,0.6645541361863254,proxy,5,0.6124973524778458,64979457.6,ok,0.014586363636363637,ok,0.9318772727272727,0.2371546875,ok,ue1_qfi82,0.0,99,10.0,data,ok,0.0,ue10_qfi2,115.307,ok,,9.4,ue12_qfi2,13,792.25,3762.0,30.303,ok,33.0,,pending,,pending,ugv_heavy,16,Reservation,87989972,1.5
ue3_qfi9,223.75,292.75,297.5,299.0,ok,0.26265179395658206,ok,ue2_qfi85,1,1,1,2843.75,data,ok,2.0,False,,proxy,3,0,,ue12_qfi2,0.0,148,150.0,ok,,ue11_qfi2,139.406,ok,,1,ok,13,,ue12_qfi2,0.0,ok,0.6751500365034344,proxy,5,0.6286275597737565,63490192.0,ok,0.014861363636363636,ok,0.9322272727272727,0.04523125,ok,ue1_qfi82,0.0,99,10.0,data,ok,0.0,ue5_qfi9,107.75,ok,,29.2,ue9_qfi2,24,208.75,2567.75,30.303,ok,33.0,,pending,,pending,ugv_heavy,16,TwoTier,87989972,1.5
ue3_qfi9,269.0,297.0,299.0,299.5,ok,0.22077978616300886,ok,ue4_qfi85,1,1,1,2531.0,data,ok,2.0,False,,proxy,3,0,,ue13_qfi2,0.04054054054054054,148,150.0,ok,,ue13_qfi2,150.007,ok,,0,ok,13,,ue12_qfi2,0.5608496000000001,ok,0.6325704542612021,proxy,5,0.629958906875032,66724070.4,ok,0.015034090909090908,ok,0.9307647727272728,0.046640625,ok,ue1_qfi82,0.0,99,10.0,data,ok,0.0,ue6_qfi2,32.08800000000001,ok,,10.8,ue9_qfi2,22,361.0,3800.5,30.303,ok,33.0,,pending,,pending,ugv_heavy,16,PF,161576974,1.5
ue5_qfi9,265.0,297.75,299.25,299.75,ok,0.2468049608485282,ok,ue4_qfi85,1,1,1,2532.5,data,ok,2.0,False,,proxy,3,0,,ue11_qfi2,0.047619047619047616,147,150.0,ok,,ue12_qfi2,150.048,ok,,1,ok,13,,ue11_qfi2,0.043329066666666666,ok,0.6647218404261436,proxy,5,0.6463972552935586,64757004.800000004,ok,0.015636363636363636,ok,0.9327068181818182,0.2298421875,ok,ue1_qfi82,0.0,99,10.0,data,ok,0.0,ue10_qfi9,209.0,ok,,9.2,ue12_qfi2,13,823.75,3682.5,30.303,ok,33.0,,pending,,pending,ugv_heavy,16,Reservation,161576974,1.5
ue4_qfi9,221.5,292.0,297.0,298.75,ok,0.21503629537749902,ok,ue2_qfi83,1,1,1,3535.25,data,ok,2.0,False,,proxy,3,0,,ue10_qfi2,0.3716216216216216,148,150.0,ok,,ue4_qfi2,147.291,ok,,0,ok,13,,ue5_qfi2,0.4810853333333333,ok,0.5962333539617737,proxy,5,0.5785275041542447,67205577.6,ok,0.015393181818181818,ok,0.9331738636363637,0.04429375,ok,ue1_qfi82,0.0,99,10.0,data,ok,0.0,ue1_qfi9,133.0,ok,,26.8,ue1_qfi2,30,318.75,2907.75,30.303,ok,33.0,,pending,,pending,ugv_heavy,16,TwoTier,161576974,1.5
ue8_qfi9,241.75,295.5,298.25,299.25,ok,0.20340310889511623,ok,ue8_qfi83,1,1,1,3161.7499999999995,data,ok,2.0,False,,proxy,3,0,,ue13_qfi2,0.05405405405405406,148,150.0,ok,,ue13_qfi2,150.051,ok,,0,ok,13,,ue13_qfi2,0.5914512,ok,0.6345475224894915,proxy,5,0.6247175106156453,68605979.2,ok,0.014795454545454546,ok,0.9322693181818181,0.044153125,ok,ue1_qfi82,0.0,99,10.0,data,ok,0.0,ue9_qfi9,95.25,ok,,11.2,ue2_qfi2,17,1274.75,3523.0,30.303,ok,33.0,,pending,,pending,ugv_heavy,16,PF,35492826,1.5
ue9_qfi9,269.5,297.5,299.0,299.75,ok,0.22602977049634065,ok,ue10_qfi9,1,2,2,2017.0,data,ok,2.0,False,,proxy,3,0,,ue11_qfi2,0.11486486486486487,148,150.0,ok,,ue13_qfi2,149.896,ok,,0,ok,13,,ue11_qfi2,0.10645733333333333,ok,0.6660669857585734,proxy,5,0.6467028630493649,66952478.4,ok,0.014940909090909092,ok,0.9327704545454546,0.214290625,ok,ue1_qfi82,0.0,99,10.0,data,ok,0.0,ue10_qfi9,165.0,ok,,10.0,ue12_qfi2,14,824.25,3713.0,30.303,ok,33.0,,pending,,pending,ugv_heavy,16,Reservation,35492826,1.5
ue8_qfi9,154.0,273.75,288.25,294.5,ok,0.2794225293659879,ok,ue12_qfi82,0,1,4,1001.2500000000002,data,ok,2.0,False,,proxy,3,0,,ue11_qfi2,0.0,148,150.0,ok,,ue10_qfi2,105.169,ok,,10,ok,13,,ue11_qfi2,0.0,ok,0.731186762410337,proxy,5,0.7156317919570118,62628088.0,ok,0.01445,ok,0.9340511363636363,0.04379375,ok,ue1_qfi82,0.0,99,10.0,data,ok,0.0,ue4_qfi9,168.5,ok,,30.0,ue6_qfi2,29,113.0,2341.75,30.303,ok,33.0,,pending,,pending,ugv_heavy,16,TwoTier,35492826,1.5
ue4_qfi9,235.0,296.25,298.75,299.75,ok,0.21472620037859308,ok,ue9_qfi85,0,1,1,1480.0,data,ok,2.0,False,,proxy,3,0,,ue13_qfi2,0.033783783783783786,148,150.0,ok,,ue10_qfi2,149.763,ok,,0,ok,13,,ue13_qfi2,0.5407539555555555,ok,0.639400571017974,proxy,5,0.6237465545213611,67371148.8,ok,0.015365909090909092,ok,0.9348920454545454,0.0453515625,ok,ue1_qfi82,0.0,99,10.0,data,ok,0.0,ue6_qfi9,84.0,ok,,13.2,ue5_qfi2,20,411.25,3318.75,30.303,ok,33.0,,pending,,pending,ugv_heavy,16,PF,376383645,1.5
ue5_qfi9,254.25,297.0,299.0,299.75,ok,0.24307770246880703,ok,ue11_qfi9,1,2,3,2047.7500000000007,data,ok,2.0,False,,proxy,3,0,,ue13_qfi2,0.14189189189189189,148,150.0,ok,,ue12_qfi2,149.489,ok,,0,ok,13,,ue10_qfi2,0.5454064,ok,0.6650914280317153,proxy,5,0.6424272583496518,65125049.6,ok,0.014872727272727274,ok,0.9334647727272727,0.2314234375,ok,ue1_qfi82,0.0,99,10.0,data,ok,0.0,ue11_qfi2,116.69200000000001,ok,,14.6,ue12_qfi2,12,539.75,2807.75,30.303,ok,33.0,,pending,,pending,ugv_heavy,16,Reservation,376383645,1.5
ue5_qfi9,15.5,293.25,297.5,299.0,ok,0.21764192565965043,ok,ue5_qfi9,1,1,1,4835.750000000001,data,ok,2.0,False,,proxy,3,0,,ue9_qfi2,0.4161073825503356,149,150.0,ok,,ue10_qfi2,148.81,ok,,1,ok,13,,ue6_qfi2,0.5856384,ok,0.6026297881421551,proxy,5,0.5697097129933766,67190204.8,ok,0.014493181818181818,ok,0.9341340909090909,0.0435203125,ok,ue1_qfi82,0.0,99,10.0,data,ok,0.0,ue5_qfi9,283.5,ok,,24.2,ue5_qfi2,27,481.0,2812.75,30.303,ok,33.0,,pending,,pending,ugv_heavy,16,TwoTier,376383645,1.5
ue2_qfi9,107.5,261.75,283.0,292.5,ok,0.21314157910446888,ok,ue2_qfi9,1,1,1,4226.75,data,ok,2.0,False,,proxy,3,0,,ue13_qfi2,0.033783783783783786,148,150.0,ok,,ue3_qfi2,150.049,ok,,0,ok,13,,ue13_qfi2,0.5913584,ok,0.6259442327717253,proxy,5,0.6167170169733296,67824953.6,ok,0.0152,ok,0.9334295454545455,0.0459046875,ok,ue1_qfi82,0.0,99,10.0,data,ok,0.0,ue2_qfi9,185.0,ok,,19.8,ue11_qfi2,18,264.0,2160.5,30.303,ok,33.0,,pending,,pending,ugv_heavy,16,PF,1746484539,1.5
ue8_qfi9,273.25,297.75,299.25,299.75,ok,0.24106847704506992,ok,ue7_qfi85,1,1,1,2512.5,data,ok,2.0,False,,proxy,3,0,,ue11_qfi2,0.08163265306122448,147,150.0,ok,,ue13_qfi2,149.788,ok,,1,ok,13,,ue11_qfi2,0.0725568,ok,0.6567315340169552,proxy,5,0.6426281927688482,65511854.4,ok,0.015277272727272728,ok,0.9318477272727272,0.221096875,ok,ue1_qfi82,0.0,99,10.0,data,ok,0.0,ue10_qfi9,125.0,ok,,6.8,ue13_qfi2,14,1016.0,4104.25,30.303,ok,33.0,,pending,,pending,ugv_heavy,16,Reservation,1746484539,1.5
ue9_qfi9,274.0,297.75,299.25,299.75,ok,0.2127050918287995,ok,ue2_qfi9,1,2,2,3726.5,data,ok,2.0,False,,proxy,3,0,,ue11_qfi2,0.02040816326530612,147,150.0,ok,,ue2_qfi2,147.398,ok,,2,ok,13,,ue11_qfi2,0.018034133333333334,ok,0.5828265084140333,proxy,5,0.55475085248162,67714102.4,ok,0.014679545454545454,ok,0.9325318181818182,0.0441375,ok,ue1_qfi82,0.0,99,10.0,data,ok,0.0,ue4_qfi9,290.75,ok,,27.4,ue3_qfi2,24,182.0,2161.25,30.303,ok,33.0,,pending,,pending,ugv_heavy,16,TwoTier,1746484539,1.5
ue9_qfi2,19.212,25.902,28.56,29.187,ok,0.0009852317518032766,ok,ue1_qfi85,0,1,1,1288.7499999999998,data,ok,2.0,False,,proxy,3,0,,ue1_qfi2,1.0,152,150.0,ok,,ue9_qfi2,31.148,ok,,9,ok,9,,ue3_qfi2,0.9572672,ok,0.9978567458119374,proxy,5,0.9961174042986376,43602460.8,ok,0.018795454545454546,ok,0.6605,0.0677546875,ok,ue1_qfi82,0.0,99,10.0,data,ok,0.0,ue1_qfi9,18.75,ok,,30.4,ue1_qfi2,0,0.0,0.0,30.303,ok,33.0,,pending,,pending,mixed,16,PF,1826701614,1.0
ue2_qfi9,10.0,26.5,29.75,36.75,ok,0.002390190900305239,ok,ue1_qfi85,0,1,1,1288.7499999999998,data,ok,2.0,False,,proxy,3,0,,ue9_qfi2,0.993421052631579,152,150.0,ok,,ue2_qfi2,31.25,ok,,9,ok,9,,ue3_qfi2,0.9570236,ok,0.9760779969007534,proxy,5,0.928136129085433,43535524.8,ok,0.02025681818181818,ok,0.7293215909090909,0.1068203125,ok,ue1_qfi82,0.0,99,10.0,data,ok,0.0,ue2_qfi9,26.75,ok,,30.4,ue1_qfi2,0,0.0,0.0,30.303,ok,33.0,,pending,,pending,mixed,16,Reservation,1826701614,1.0
ue4_qfi9,15.75,43.0,43.0,43.0,ok,0.0012641090206794792,ok,ue12_qfi82,0,1,1,1307.7500000000005,data,ok,2.0,False,,proxy,3,0,,ue3_qfi2,0.993421052631579,152,150.0,ok,,ue9_qfi2,31.379,ok,,9,ok,9,,ue3_qfi2,0.9572615999999999,ok,0.959649757764053,proxy,5,0.9111001705599653,43597273.6,ok,0.018722727272727273,ok,0.7041727272727273,0.066871875,ok,ue1_qfi82,0.0,99,10.0,data,ok,0.0,ue6_qfi1,30.75,ok,,30.2,ue7_qfi2,1,77.5,77.5,30.303,ok,33.0,,pending,,pending,mixed,16,TwoTier,1826701614,1.0
ue7_qfi2,18.214,25.335,27.15,28.15,ok,0.000867449449642213,ok,ue4_qfi9,0,2,4,1011.5000000000003,data,ok,2.0,False,,proxy,3,0,,ue1_qfi2,0.9868421052631579,152,150.0,ok,,ue7_qfi2,29.231,ok,,9,ok,9,,ue4_qfi2,0.9653244,ok,0.9981888726165018,proxy,5,0.9970717049872845,43532764.8,ok,0.018375,ok,0.6508272727272727,0.0670875,ok,ue1_qfi82,0.0,99,10.0,data,ok,0.0,ue4_qfi1,19.5,ok,,30.0,ue1_qfi2,1,68.25,68.25,30.303,ok,33.0,,pending,,pending,mixed,16,PF,1367864806,1.0
ue1_qfi9,9.75,27.5,32.75,38.0,ok,0.002339618886657912,ok,ue12_qfi82,0,2,2,1308.7499999999998,data,ok,2.0,False,,proxy,3,0,,ue9_qfi2,0.993421052631579,152,150.0,ok,,ue2_qfi2,31.964,ok,,9,ok,9,,ue4_qfi2,0.9653088000000001,ok,0.976796765877123,proxy,5,0.9413964413027027,43476651.2,ok,0.02035,ok,0.71995,0.1032390625,ok,ue1_qfi82,0.0,99,10.0,data,ok,0.0,ue1_qfi9,28.25,ok,,30.2,ue9_qfi2,1,70.0,70.0,30.303,ok,33.0,,pending,,pending,mixed,16,Reservation,1367864806,1.0
ue4_qfi1,9.0,23.25,40.5,40.5,ok,0.0011786619014944881,ok,ue13_qfi82,0,1,1,1307.0,data,ok,2.0,False,,proxy,3,0,,ue7_qfi2,0.9868421052631579,152,150.0,ok,,ue8_qfi2,29.529,ok,,9,ok,9,,ue6_qfi2,0.964808,ok,0.9586889298980509,proxy,5,0.91060222074927,43525788.8,ok,0.01876590909090909,ok,0.6924068181818182,0.06540625,ok,ue1_qfi82,0.0,99,10.0,data,ok,0.0,ue4_qfi1,31.5,ok,,30.0,ue7_qfi2,2,70.75,137.75,30.303,ok,33.0,,pending,,pending,mixed,16,TwoTier,1367864806,1.0
ue8_qfi2,19.65,26.133,28.169,28.9,ok,0.000908708375956493,ok,ue1_qfi85,1,1,1,2982.5,data,ok,2.0,False,,proxy,3,0,,ue6_qfi2,0.993421052631579,152,150.0,ok,,ue8_qfi2,30.195,ok,,9,ok,9,,ue2_qfi2,0.9705552,ok,0.998210147281014,proxy,5,0.9973100106663494,43670516.8,ok,0.018902272727272726,ok,0.6752920454545455,0.071203125,ok,ue1_qfi82,0.0,99,10.0,data,ok,0.0,ue5_qfi1,21.75,ok,,30.2,ue6_qfi2,1,72.75,72.75,30.303,ok,33.0,,pending,,pending,mixed,16,PF,1097657231,1.0
ue3_qfi9,10.75,27.5,31.5,36.5,ok,0.0023985923864972866,ok,ue1_qfi85,1,1,1,2982.5,data,ok,2.0,False,,proxy,3,0,,ue1_qfi2,0.993421052631579,152,150.0,ok,,ue1_qfi2,31.689,ok,,9,ok,9,,ue2_qfi2,0.9645888,ok,0.9751720345521825,proxy,5,0.9366829445605986,43603507.2,ok,0.020659090909090908,ok,0.7418306818181818,0.11274375,ok,ue1_qfi82,0.0,99,10.0,data,ok,0.0,ue3_qfi9,25.75,ok,,30.2,ue1_qfi2,1,71.5,71.5,30.303,ok,33.0,,pending,,pending,mixed,16,Reservation,1097657231,1.0
ue6_qfi1,13.0,28.0,42.75,42.75,ok,0.0012891147510420004,ok,ue1_qfi85,1,1,1,2982.5,data,ok,2.0,False,,proxy,3,0,,ue1_qfi2,1.0,152,150.0,ok,,ue8_qfi2,31.604,ok,,9,ok,9,,ue2_qfi2,0.9705552,ok,0.9616009644635246,proxy,5,0.9245294069016524,43677897.6,ok,0.01841590909090909,ok,0.7185659090909091,0.0697125,ok,ue1_qfi82,0.0,99,10.0,data,ok,0.0,ue6_qfi1,29.75,ok,,30.4,ue1_qfi2,0,0.0,0.0,30.303,ok,33.0,,pending,,pending,mixed,16,TwoTier,1097657231,1.0
ue8_qfi2,18.767,25.969,27.719,29.324,ok,0.0008773797314747453,ok,ue4_qfi9,0,1,4,1017.2500000000002,data,ok,2.0,False,,proxy,3,0,,ue1_qfi2,1.0,152,150.0,ok,,ue8_qfi2,30.894,ok,,9,ok,9,,ue5_qfi2,0.9653264,ok,0.9983292059690928,proxy,5,0.9979478514447868,43552292.8,ok,0.018436363636363636,ok,0.6641420454545455,0.069596875,ok,ue1_qfi82,0.0,99,10.0,data,ok,0.0,ue5_qfi9,21.75,ok,,30.4,ue1_qfi2,0,0.0,0.0,30.303,ok,33.0,,pending,,pending,mixed,16,PF,579362555,1.0
ue2_qfi9,9.75,25.75,29.0,31.75,ok,0.0023270692894581187,ok,ue4_qfi9,0,2,4,1020.75,data,ok,2.0,False,,proxy,3,0,,ue6_qfi2,0.993421052631579,152,150.0,ok,,ue2_qfi2,31.325,ok,,9,ok,9,,ue3_qfi2,0.9645448000000001,ok,0.9857587888515644,proxy,5,0.9705950095040813,43486574.4,ok,0.020870454545454546,ok,0.7342,0.1113328125,ok,ue1_qfi82,0.0,99,10.0,data,ok,0.0,ue5_qfi9,22.25,ok,,30.2,ue8_qfi2,1,68.75,68.75,30.303,ok,33.0,,pending,,pending,mixed,16,Reservation,579362555,1.0
ue4_qfi1,14.0,24.25,41.0,41.0,ok,0.001315321332961258,ok,ue10_qfi82,0,1,1,1794.2500000000002,data,ok,2.0,False,,proxy,3,0,,ue4_qfi2,0.993421052631579,152,150.0,ok,,ue8_qfi2,29.75,ok,,9,ok,9,,ue5_qfi2,0.9618648000000001,ok,0.9491969277542598,proxy,5,0.9109801709832444,43524974.4,ok,0.01878409090909091,ok,0.7057409090909091,0.0676265625,ok,ue1_qfi82,0.0,99,10.0,data,ok,0.0,ue4_qfi1,27.0,ok,,30.4,ue1_qfi2,0,0.0,0.0,30.303,ok,33.0,,pending,,pending,mixed,16,TwoTier,579362555,1.0
ue9_qfi2,18.674,25.925,27.639,29.139,ok,0.001144139386630005,ok,ue2_qfi85,1,2,2,2122.25,data,ok,2.0,False,,proxy,3,0,,ue2_qfi2,0.993421052631579,152,150.0,ok,,ue9_qfi2,31.007,ok,,9,ok,9,,ue4_qfi2,0.9677284,ok,0.9970939251343023,proxy,5,0.995921130094453,43602860.8,ok,0.019077272727272727,ok,0.6642420454545455,0.06865,ok,ue1_qfi82,0.0,99,10.0,data,ok,0.0,ue1_qfi9,19.5,ok,,30.2,ue6_qfi2,1,69.25,69.25,30.303,ok,33.0,,pending,,pending,mixed,16,PF,661058651,1.0
ue6_qfi1,2.75,21.0,43.0,43.0,ok,0.0023957076672139325,ok,ue2_qfi85,1,2,2,2122.25,data,ok,2.0,False,,proxy,3,0,,ue2_qfi2,0.993421052631579,152,150.0,ok,,ue3_qfi2,30.686,ok,,9,ok,9,,ue1_qfi2,0.9653608,ok,0.9748102713169787,proxy,5,0.9490050463544709,43546675.2,ok,0.020388636363636362,ok,0.729434090909091,0.1088046875,ok,ue1_qfi82,0.0,99,10.0,data,ok,0.0,ue6_qfi1,40.25,ok,,30.2,ue2_qfi2,1,70.25,70.25,30.303,ok,33.0,,pending,,pending,mixed,16,Reservation,661058651,1.0
ue6_qfi1,11.0,23.0,45.75,45.75,ok,0.0013137809423740547,ok,ue2_qfi85,1,2,2,2122.25,data,ok,2.0,False,,proxy,3,0,,ue1_qfi2,1.0,152,150.0,ok,,ue9_qfi2,29.999,ok,,9,ok,9,,ue4_qfi2,0.9634676,ok,0.949127351693234,proxy,5,0.9116645407645133,43602747.2,ok,0.019188636363636363,ok,0.7080113636363636,0.068903125,ok,ue1_qfi82,0.0,99,10.0,data,ok,0.0,ue6_qfi1,34.75,ok,,30.4,ue1_qfi2,0,0.0,0.0,30.303,ok,33.0,,pending,,pending,mixed,16,TwoTier,661058651,1.0
ue9_qfi2,18.487,25.566,27.041,28.687,ok,0.0009919113465586714,ok,ue3_qfi85,1,1,1,2447.5,data,ok,2.0,False,,proxy,3,0,,ue3_qfi2,0.993421052631579,152,150.0,ok,,ue9_qfi2,29.625,ok,,9,ok,9,,ue2_qfi2,0.96215,ok,0.9977765166134033,proxy,5,0.9963972881246645,43630268.8,ok,0.018404545454545455,ok,0.6679386363636364,0.0709140625,ok,ue1_qfi82,0.0,99,10.0,data,ok,0.0,ue6_qfi1,20.0,ok,,30.2,ue9_qfi2,1,68.75,68.75,30.303,ok,33.0,,pending,,pending,mixed,16,PF,87989972,1.0
ue2_qfi9,10.75,27.5,31.75,37.25,ok,0.0024351612198833974,ok,ue3_qfi85,1,1,1,2447.5,data,ok,2.0,False,,proxy,3,0,,ue9_qfi2,0.993421052631579,152,150.0,ok,,ue3_qfi2,30.986,ok,,9,ok,9,,ue2_qfi2,0.9631684,ok,0.9695089220090125,proxy,5,0.9511920631456966,43530179.2,ok,0.02019090909090909,ok,0.7344488636363636,0.1133140625,ok,ue1_qfi82,0.0,99,10.0,data,ok,0.0,ue2_qfi9,26.5,ok,,30.2,ue1_qfi2,0,0.0,0.0,30.303,ok,33.0,,pending,,pending,mixed,16,Reservation,87989972,1.0
ue6_qfi1,9.75,26.0,43.0,43.0,ok,0.0012976444220440773,ok,ue3_qfi85,1,1,1,2447.5,data,ok,2.0,False,,proxy,3,0,,ue4_qfi2,0.993421052631579,152,150.0,ok,,ue9_qfi2,30.25,ok,,9,ok,9,,ue2_qfi2,0.9641371999999999,ok,0.9589667621645462,proxy,5,0.9256178787618004,43597548.8,ok,0.018145454545454544,ok,0.7122886363636364,0.0695640625,ok,ue1_qfi82,0.0,99,10.0,data,ok,0.0,ue6_qfi1,33.25,ok,,30.2,ue4_qfi2,1,78.5,78.5,30.303,ok,33.0,,pending,,pending,mixed,16,TwoTier,87989972,1.0
ue8_qfi2,17.396,25.179,27.651,28.605,ok,0.0012523045320682034,ok,ue4_qfi9,0,1,4,1012.0000000000005,data,ok,2.0,False,,proxy,3,0,,ue7_qfi2,0.993421052631579,152,150.0,ok,,ue7_qfi2,29.091,ok,,9,ok,9,,ue2_qfi2,0.9661608,ok,0.9960175612163056,proxy,5,0.9944038598413908,43493168.0,ok,0.018372727272727273,ok,0.6664988636363637,0.068903125,ok,ue1_qfi82,0.0,99,10.0,data,ok,0.0,ue3_qfi9,25.0,ok,,30.4,ue1_qfi2,0,0.0,0.0,30.303,ok,33.0,,pending,,pending,mixed,16,PF,161576974,1.0
ue1_qfi9,11.25,27.5,31.5,35.5,ok,0.002513243992253968,ok,ue13_qfi82,0,1,1,1304.0000000000002,data,ok,2.0,False,,proxy,3,0,,ue4_qfi2,0.993421052631579,152,150.0,ok,,ue2_qfi2,31.94,ok,,9,ok,9,,ue2_qfi2,0.9595108,ok,0.9765799654780668,proxy,5,0.9513770754651149,43418046.4,ok,0.020502272727272727,ok,0.7349102272727273,0.1121078125,ok,ue1_qfi82,0.0,99,10.0,data,ok,0.0,ue1_qfi9,24.25,ok,,30.2,ue4_qfi2,1,72.75,72.75,30.303,ok,33.0,,pending,,pending,mixed,16,Reservation,161576974,1.0
ue4_qfi9,11.75,53.0,53.0,53.0,ok,0.0012910600813636822,ok,ue10_qfi82,0,2,2,1796.5,data,ok,2.0,False,,proxy,3,0,,ue1_qfi2,1.0,152,150.0,ok,,ue7_qfi2,30.259,ok,,9,ok,9,,ue2_qfi2,0.9661608,ok,0.952785312082313,proxy,5,0.925855668080213,43489553.6,ok,0.018956818181818182,ok,0.7124920454545455,0.070128125,ok,ue1_qfi82,0.0,99,10.0,data,ok,0.0,ue4_qfi9,41.25,ok,,30.4,ue1_qfi2,0,0.0,0.0,30.303,ok,33.0,,pending,,pending,mixed,16,TwoTier,161576974,1.0
ue8_qfi2,19.823,26.965,28.776,29.621,ok,0.0008984775970322265,ok,ue3_qfi85,1,1,1,3730.0,data,ok,2.0,False,,proxy,3,0,,ue2_qfi2,0.993421052631579,152,150.0,ok,,ue8_qfi2,31.359,ok,,9,ok,9,,ue4_qfi2,0.9599476,ok,0.9982597432897677,proxy,5,0.9970613368859075,43372476.8,ok,0.018513636363636364,ok,0.6769943181818182,0.07285,ok,ue1_qfi82,0.0,99,10.0,data,ok,0.0,ue1_qfi9,20.25,ok,,30.2,ue2_qfi2,1,67.5,67.5,30.303,ok,33.0,,pending,,pending,mixed,16,PF,35492826,1.0
ue1_qfi9,10.75,27.25,31.25,38.25,ok,0.0025174999851536404,ok,ue3_qfi85,1,1,1,3730.0,data,ok,2.0,False,,proxy,3,0,,ue2_qfi2,0.993421052631579,152,150.0,ok,,ue3_qfi2,31.273,ok,,9,ok,9,,ue4_qfi2,0.9599476,ok,0.9696677476045528,proxy,5,0.9462107078689518,43270486.4,ok,0.020681818181818183,ok,0.7437363636363636,0.1158125,ok,ue1_qfi82,0.0,99,10.0,data,ok,0.0,ue1_qfi9,27.5,ok,,30.2,ue8_qfi2,1,77.0,77.0,30.303,ok,33.0,,pending,,pending,mixed,16,Reservation,35492826,1.0
ue6_qfi1,13.0,30.75,45.25,45.25,ok,0.0012570965798369494,ok,ue3_qfi85,1,1,1,3730.0,data,ok,2.0,False,,proxy,3,0,,ue1_qfi2,1.0,152,150.0,ok,,ue8_qfi2,30.87,ok,,9,ok,9,,ue4_qfi2,0.9599476,ok,0.94862555353142,proxy,5,0.9117545559251562,43352561.6,ok,0.018475,ok,0.7203534090909091,0.07105625,ok,ue1_qfi82,0.0,99,10.0,data,ok,0.0,ue6_qfi1,32.25,ok,,30.4,ue1_qfi2,0,0.0,0.0,30.303,ok,33.0,,pending,,pending,mixed,16,TwoTier,35492826,1.0
ue7_qfi2,17.822,24.802,26.5,28.058,ok,0.0009607344130606088,ok,ue6_qfi9,0,1,4,1012.4999999999998,data,ok,2.0,False,,proxy,3,0,,ue5_qfi2,0.993421052631579,152,150.0,ok,,ue7_qfi2,29.402,ok,,9,ok,9,,ue3_qfi2,0.962476,ok,0.998115805175733,proxy,5,0.997737635110703,43505340.8,ok,0.01875,ok,0.6578931818181818,0.0679328125,ok,ue1_qfi82,0.0,99,10.0,data,ok,0.0,ue6_qfi1,20.0,ok,,30.4,ue1_qfi2,0,0.0,0.0,30.303,ok,33.0,,pending,,pending,mixed,16,PF,376383645,1.0
ue1_qfi9,9.75,26.25,29.0,31.0,ok,0.0023176761377082292,ok,ue12_qfi82,0,1,2,1300.7499999999998,data,ok,2.0,False,,proxy,3,0,,ue7_qfi2,0.993421052631579,152,150.0,ok,,ue3_qfi2,31.204,ok,,9,ok,9,,ue3_qfi2,0.9625612,ok,0.9781276807456234,proxy,5,0.9566537771889042,43435904.0,ok,0.020238636363636365,ok,0.7240079545454545,0.106684375,ok,ue1_qfi82,0.0,99,10.0,data,ok,0.0,ue4_qfi1,21.75,ok,,30.4,ue1_qfi2,0,0.0,0.0,30.303,ok,33.0,,pending,,pending,mixed,16,Reservation,376383645,1.0
ue5_qfi1,10.5,40.75,50.75,50.75,ok,0.00113413973309821,ok,ue10_qfi82,0,2,2,1408.75,data,ok,2.0,False,,proxy,3,0,,ue1_qfi2,1.0,152,150.0,ok,,ue8_qfi2,29.475,ok,,9,ok,9,,ue3_qfi2,0.962732,ok,0.9709558249072767,proxy,5,0.9270085421581279,43504347.2,ok,0.018479545454545453,ok,0.6978113636363636,0.0667890625,ok,ue1_qfi82,0.0,99,10.0,data,ok,0.0,ue5_qfi1,40.25,ok,,30.4,ue5_qfi2,1,67.75,67.75,30.303,ok,33.0,,pending,,pending,mixed,16,TwoTier,376383645,1.0
ue8_qfi2,18.642,25.854,27.71,29.501,ok,0.0009832852205203676,ok,ue2_qfi85,0,1,1,1445.0,data,ok,2.0,False,,proxy,3,0,,ue1_qfi2,0.993421052631579,152,150.0,ok,,ue8_qfi2,30.048,ok,,9,ok,9,,ue1_qfi2,0.9589968000000001,ok,0.9979313376855712,proxy,5,0.9970784860758249,43352636.8,ok,0.018022727272727274,ok,0.6583511363636364,0.06755,ok,ue1_qfi82,0.0,99,10.0,data,ok,0.0,ue4_qfi1,19.5,ok,,30.2,ue1_qfi2,1,67.0,67.0,30.303,ok,33.0,,pending,,pending,mixed,16,PF,1746484539,1.0
ue1_qfi9,10.0,26.5,30.25,34.25,ok,0.0023799056159996227,ok,ue2_qfi85,0,1,1,1445.0,data,ok,2.0,False,,proxy,3,0,,ue7_qfi2,0.993421052631579,152,150.0,ok,,ue1_qfi2,30.943,ok,,9,ok,9,,ue1_qfi2,0.95555,ok,0.9732140045479012,proxy,5,0.9266738127053868,43276416.0,ok,0.019956818181818183,ok,0.7275943181818182,0.1043234375,ok,ue1_qfi82,0.0,99,10.0,data,ok,0.0,ue1_qfi9,24.25,ok,,30.4,ue1_qfi2,0,0.0,0.0,30.303,ok,33.0,,pending,,pending,mixed,16,Reservation,1746484539,1.0
ue5_qfi1,11.75,26.0,45.5,45.5,ok,0.001367474641454415,ok,ue13_qfi82,0,1,1,1796.75,data,ok,2.0,False,,proxy,3,0,,ue1_qfi2,1.0,152,150.0,ok,,ue9_qfi2,30.139,ok,,9,ok,9,,ue1_qfi2,0.9591168,ok,0.9490355653491624,proxy,5,0.9115524151111571,43351273.6,ok,0.018070454545454546,ok,0.7018511363636364,0.0660953125,ok,ue1_qfi82,0.0,99,10.0,data,ok,0.0,ue5_qfi1,33.75,ok,,30.4,ue1_qfi2,0,0.0,0.0,30.303,ok,33.0,,pending,,pending,mixed,16,TwoTier,1746484539,1.0
ue9_qfi2,92.375,133.332,147.041,148.842,ok,0.012206588537215974,ok,ue1_qfi85,0,1,1,1288.7499999999998,data,ok,2.0,False,,proxy,3,0,,ue9_qfi2,0.8013245033112583,151,150.0,ok,,ue9_qfi2,148.76,ok,,9,ok,9,,ue3_qfi2,0.9543618666666667,ok,0.9926430634360914,proxy,5,0.990290621841479,63554840.0,ok,0.018988636363636364,ok,0.9223079545454546,0.07075625,ok,ue1_qfi82,0.0,99,10.0,data,ok,0.0,ue8_qfi2,113.531,ok,,24.4,ue9_qfi2,4,549.25,936.75,30.303,ok,33.0,,pending,,pending,mixed,16,PF,1826701614,1.5
ue1_qfi9,58.0,152.0,169.75,184.5,ok,0.02994684188839188,ok,ue16_qfi83,1,1,2,2954.7499999999995,data,ok,2.0,False,,proxy,3,0,,ue5_qfi2,0.7894736842105263,152,150.0,ok,,ue9_qfi2,132.982,ok,,7,ok,9,,ue5_qfi2,0.7653970666666667,ok,0.8490151854471251,proxy,5,0.7977897253615328,62376459.2,ok,0.020113636363636365,ok,0.9257534090909091,0.1334140625,ok,ue1_qfi82,0.0,99,10.0,data,ok,0.0,ue1_qfi9,126.5,ok,,30.4,ue1_qfi2,3,91.75,234.0,30.303,ok,33.0,,pending,,pending,mixed,16,Reservation,1826701614,1.5
ue3_qfi9,116.25,269.75,287.75,294.0,ok,0.011337037577672668,ok,ue1_qfi85,0,1,1,1288.7499999999998,data,ok,2.0,False,,proxy,3,0,,ue9_qfi2,0.9801324503311258,151,150.0,ok,,ue9_qfi2,122.064,ok,,9,ok,9,,ue3_qfi2,0.9515189333333333,ok,0.7237034641471792,proxy,5,0.675596998400681,63309649.6,ok,0.019225,ok,0.9302454545454546,0.0509,ok,ue1_qfi82,0.0,99,10.0,data,ok,0.0,ue1_qfi9,214.25,ok,,30.2,ue1_qfi2,26,191.0,2270.75,30.303,ok,33.0,,pending,,pending,mixed,16,TwoTier,1826701614,1.5
ue8_qfi2,35.582,124.902,129.952,131.87,ok,0.0036069064712923793,ok,ue4_qfi9,0,1,4,1016.7499999999995,data,ok,2.0,False,,proxy,3,0,,ue7_qfi2,0.9536423841059603,151,150.0,ok,,ue8_qfi2,128.051,ok,,9,ok,9,,ue4_qfi2,0.9653330666666667,ok,0.9941939272831893,proxy,5,0.9907759616553327,63996105.6,ok,0.019784090909090907,ok,0.9200545454545455,0.071196875,ok,ue1_qfi82,0.0,99,10.0,data,ok,0.0,ue8_qfi2,96.28800000000001,ok,,28.8,ue8_qfi2,3,165.25,357.25,30.303,ok,33.0,,pending,,pending,mixed,16,PF,1367864806,1.5
ue1_qfi9,67.75,192.0,256.5,276.5,ok,0.005128671343933479,ok,ue12_qfi82,1,1,1,4705.0,data,ok,2.0,False,,proxy,3,0,,ue7_qfi2,0.9671052631578947,152,150.0,ok,,ue8_qfi2,133.392,ok,,9,ok,9,,ue4_qfi2,0.9645069333333333,ok,0.8630038786843525,proxy,5,0.8150756884564806,63894737.6,ok,0.02024318181818182,ok,0.9269227272727273,0.1321640625,ok,ue1_qfi82,0.0,99,10.0,data,ok,0.0,ue1_qfi9,208.75,ok,,30.4,ue3_qfi2,10,109.0,793.0,30.303,ok,33.0,,pending,,pending,mixed,16,Reservation,1367864806,1.5
ue1_qfi9,91.75,256.5,281.5,291.0,ok,0.005284720515371745,ok,ue4_qfi1,1,1,1,4687.5,data,ok,2.0,False,,proxy,3,0,,ue7_qfi2,0.993421052631579,152,150.0,ok,,ue7_qfi2,113.604,ok,,9,ok,9,,ue6_qfi2,0.9613418666666667,ok,0.7264479811986719,proxy,5,0.6908135517926871,63879523.2,ok,0.01904090909090909,ok,0.92925,0.0497859375,ok,ue1_qfi82,0.0,99,10.0,data,ok,0.0,ue1_qfi9,199.25,ok,,30.4,ue1_qfi2,24,105.0,1947.25,30.303,ok,33.0,,pending,,pending,mixed,16,TwoTier,1367864806,1.5
ue1_qfi9,8.25,74.0,143.25,159.25,ok,0.02582494849614861,ok,ue1_qfi85,1,1,1,2983.5,data,ok,2.0,False,,proxy,3,0,,ue8_qfi2,0.4900662251655629,151,150.0,ok,,ue9_qfi2,148.614,ok,,8,ok,9,,ue8_qfi2,0.905077688888889,ok,0.9923607053166525,proxy,5,0.9900680525090895,62831150.4,ok,0.019886363636363636,ok,0.9298,0.0732171875,ok,ue1_qfi82,0.0,99,10.0,data,ok,0.0,ue1_qfi9,151.0,ok,,14.8,ue8_qfi2,8,756.25,2792.0,30.303,ok,33.0,,pending,,pending,mixed,16,PF,1097657231,1.5
ue2_qfi9,126.5,287.0,295.0,297.75,ok,0.02864657498860544,ok,ue15_qfi83,1,1,2,3504.0,data,ok,2.0,False,,proxy,3,0,,ue8_qfi2,0.7368421052631579,152,150.0,ok,,ue8_qfi2,148.478,ok,,7,ok,9,,ue6_qfi2,0.8642295999999999,ok,0.8198813306770537,proxy,5,0.7895940004197238,62588179.2,ok,0.02020227272727273,ok,0.9299125,0.14040625,ok,ue1_qfi82,0.0,99,10.0,data,ok,0.0,ue1_qfi9,175.5,ok,,30.0,ue2_qfi2,16,184.75,1747.75,30.303,ok,33.0,,pending,,pending,mixed,16,Reservation,1097657231,1.5
ue3_qfi9,103.75,283.0,293.25,296.75,ok,0.018805147938227598,ok,ue1_qfi85,1,1,1,2982.5,data,ok,2.0,False,,proxy,3,0,,ue1_qfi2,0.9605263157894737,152,150.0,ok,,ue4_qfi2,136.933,ok,,7,ok,9,,ue1_qfi2,0.9362690666666668,ok,0.6916102264719803,proxy,5,0.6389806520370771,62909243.2,ok,0.01965,ok,0.9331897727272728,0.052740625,ok,ue1_qfi82,0.0,99,10.0,data,ok,0.0,ue2_qfi9,210.5,ok,,30.2,ue3_qfi2,29,173.75,2386.75,30.303,ok,33.0,,pending,,pending,mixed,16,TwoTier,1097657231,1.5
ue8_qfi2,62.359,131.685,134.985,148.41,ok,0.01051856466976902,ok,ue4_qfi9,0,1,4,1025.0,data,ok,2.0,False,,proxy,3,0,,ue8_qfi2,0.7866666666666666,150,150.0,ok,,ue8_qfi2,135.17,ok,,9,ok,9,,ue8_qfi2,0.9505054222222223,ok,0.9942466083814357,proxy,5,0.9935122817939358,63237019.199999996,ok,0.018879545454545454,ok,0.9268045454545455,0.073153125,ok,ue1_qfi82,0.0,99,10.0,data,ok,0.0,ue9_qfi2,87.721,ok,,26.2,ue7_qfi2,6,208.5,789.75,30.303,ok,33.0,,pending,,pending,mixed,16,PF,579362555,1.5
ue3_qfi9,64.75,243.0,277.25,286.75,ok,0.015586085167645702,ok,ue15_qfi83,1,1,1,2838.75,data,ok,2.0,False,,proxy,3,0,,ue5_qfi2,0.8947368421052632,152,150.0,ok,,ue8_qfi2,140.25,ok,,8,ok,9,,ue5_qfi2,0.8704757333333334,ok,0.8509358577359954,proxy,5,0.7889340647365349,62806913.6,ok,0.020602272727272726,ok,0.93105,0.1409015625,ok,ue1_qfi82,0.0,99,10.0,data,ok,0.0,ue3_qfi9,222.0,ok,,30.4,ue1_qfi2,10,88.25,781.75,30.303,ok,33.0,,pending,,pending,mixed,16,Reservation,579362555,1.5
ue2_qfi9,114.0,278.0,293.0,296.75,ok,0.007437422007566109,ok,ue9_qfi82,0,2,4,1001.5,data,ok,2.0,False,,proxy,3,0,,ue1_qfi2,1.0,152,150.0,ok,,ue4_qfi2,124.881,ok,,8,ok,9,,ue5_qfi2,0.9460978666666667,ok,0.6932896031958593,proxy,5,0.6487687448626647,63012868.800000004,ok,0.01928409090909091,ok,0.9302477272727273,0.0510203125,ok,ue1_qfi82,0.0,99,10.0,data,ok,0.0,ue3_qfi9,187.25,ok,,30.4,ue1_qfi2,31,103.25,2434.25,30.303,ok,33.0,,pending,,pending,mixed,16,TwoTier,579362555,1.5
ue9_qfi2,54.592,131.74,145.924,148.4,ok,0.008468676955592594,ok,ue2_qfi85,1,2,2,2123.5,data,ok,2.0,False,,proxy,3,0,,ue9_qfi2,0.7905405405405406,148,150.0,ok,,ue9_qfi2,133.14,ok,,8,ok,9,,ue9_qfi2,0.9457710222222221,ok,0.9902806359864332,proxy,5,0.9881129235042654,63556918.4,ok,0.018772727272727274,ok,0.9264125,0.070584375,ok,ue1_qfi82,0.0,99,10.0,data,ok,0.0,ue2_qfi9,129.0,ok,,23.4,ue9_qfi2,5,528.5,1219.0,30.303,ok,33.0,,pending,,pending,mixed,16,PF,661058651,1.5
ue2_qfi9,135.75,276.25,289.5,294.75,ok,0.009718386261651234,ok,ue16_qfi83,1,1,1,2319.0,data,ok,2.0,False,,proxy,3,0,,ue9_qfi2,0.8581081081081081,148,150.0,ok,,ue9_qfi2,140.109,ok,,9,ok,9,,ue2_qfi2,0.9576626666666667,ok,0.8308530595732118,proxy,5,0.8046069573965833,63385776.0,ok,0.020438636363636364,ok,0.9308102272727272,0.136909375,ok,ue1_qfi82,0.0,99,10.0,data,ok,0.0,ue3_qfi9,176.5,ok,,30.0,ue2_qfi2,17,106.0,1412.5,30.303,ok,33.0,,pending,,pending,mixed,16,Reservation,661058651,1.5
ue2_qfi9,81.0,253.25,284.75,291.5,ok,0.006996299523914519,ok,ue2_qfi85,1,2,2,2122.25,data,ok,2.0,False,,proxy,3,0,,ue1_qfi2,1.0,152,150.0,ok,,ue4_qfi2,130.139,ok,,8,ok,9,,ue4_qfi2,0.9467824,ok,0.7141979715313191,proxy,5,0.6529171439082492,63116683.2,ok,0.01935909090909091,ok,0.9304295454545455,0.051103125,ok,ue1_qfi82,0.0,99,10.0,data,ok,0.0,ue2_qfi9,210.5,ok,,30.2,ue2_qfi2,23,100.75,1861.0,30.303,ok,33.0,,pending,,pending,mixed,16,TwoTier,661058651,1.5
ue2_qfi9,10.0,60.5,124.0,153.5,ok,0.009850552254140025,ok,ue3_qfi85,1,1,1,2447.5,data,ok,2.0,False,,proxy,3,0,,ue9_qfi2,0.8145695364238411,151,150.0,ok,,ue9_qfi2,137.75,ok,,9,ok,9,,ue2_qfi2,0.9600693333333333,ok,0.9921083727301585,proxy,5,0.9875534150419498,63477668.800000004,ok,0.018954545454545453,ok,0.9298863636363637,0.07378125,ok,ue1_qfi82,0.0,99,10.0,data,ok,0.0,ue2_qfi9,143.5,ok,,24.6,ue9_qfi2,5,480.0,1071.75,30.303,ok,33.0,,pending,,pending,mixed,16,PF,87989972,1.5
ue2_qfi9,106.0,271.5,286.25,293.5,ok,0.029449726970992157,ok,ue3_qfi85,1,1,1,2447.5,data,ok,2.0,False,,proxy,3,0,,ue7_qfi2,0.9006622516556292,151,150.0,ok,,ue8_qfi2,137.75,ok,,7,ok,9,,ue5_qfi2,0.8850253333333333,ok,0.8648851933798094,proxy,5,0.8133129538017801,62323048.0,ok,0.020156818181818182,ok,0.927053409090909,0.1415125,ok,ue1_qfi82,0.0,99,10.0,data,ok,0.0,ue1_qfi9,196.25,ok,,30.0,ue1_qfi2,15,177.5,1379.0,30.303,ok,33.0,,pending,,pending,mixed,16,Reservation,87989972,1.5
ue2_qfi9,180.0,289.0,295.75,298.0,ok,0.01118214892034792,ok,ue3_qfi85,1,1,1,2444.75,data,ok,2.0,False,,proxy,3,0,,ue5_qfi2,0.9866666666666667,150,150.0,ok,,ue5_qfi2,126.311,ok,,9,ok,9,,ue2_qfi2,0.9505026666666667,ok,0.6769630670985877,proxy,5,0.623677946357419,63036529.6,ok,0.01945,ok,0.9302909090909091,0.052228125,ok,ue1_qfi82,0.0,99,10.0,data,ok,0.0,ue3_qfi9,192.5,ok,,30.0,ue2_qfi2,30,178.25,2596.5,30.303,ok,33.0,,pending,,pending,mixed,16,TwoTier,87989972,1.5
ue2_qfi9,8.75,235.25,275.0,287.0,ok,0.00792631475823018,ok,ue6_qfi9,0,2,4,1222.25,data,ok,2.0,False,,proxy,3,0,,ue8_qfi2,0.868421052631579,152,150.0,ok,,ue8_qfi2,147.105,ok,,9,ok,9,,ue2_qfi2,0.9660786666666666,ok,0.9843306086501101,proxy,5,0.9771155491286786,63474678.4,ok,0.019443181818181818,ok,0.9293920454545455,0.0711,ok,ue1_qfi82,0.0,99,10.0,data,ok,0.0,ue2_qfi9,278.25,ok,,26.6,ue8_qfi2,7,233.75,858.0,30.303,ok,33.0,,pending,,pending,mixed,16,PF,161576974,1.5
ue3_qfi9,128.5,277.25,291.25,295.75,ok,0.013851776225153762,ok,ue14_qfi83,1,1,1,3444.75,data,ok,2.0,False,,proxy,3,0,,ue4_qfi2,0.8947368421052632,152,150.0,ok,,ue7_qfi2,118.007,ok,,8,ok,9,,ue4_qfi2,0.8766455999999999,ok,0.8331939845172753,proxy,5,0.7883168291601396,62990622.4,ok,0.020368181818181817,ok,0.9321113636363636,0.140365625,ok,ue1_qfi82,0.0,99,10.0,data,ok,0.0,ue1_qfi9,169.0,ok,,30.4,ue3_qfi2,13,113.5,1112.75,30.303,ok,33.0,,pending,,pending,mixed,16,Reservation,161576974,1.5
ue3_qfi9,106.5,268.5,286.5,293.25,ok,0.008667040240788198,ok,ue6_qfi1,0,1,1,1897.5,data,ok,2.0,False,,proxy,3,0,,ue5_qfi2,0.9933333333333333,150,150.0,ok,,ue6_qfi2,125.74,ok,,9,ok,9,,ue6_qfi2,0.9588421333333333,ok,0.681391343752293,proxy,5,0.6139279522138554,63123152.0,ok,0.019313636363636363,ok,0.9314795454545455,0.051571875,ok,ue1_qfi82,0.0,99,10.0,data,ok,0.0,ue2_qfi9,189.0,ok,,30.4,ue1_qfi2,28,133.5,2265.5,30.303,ok,33.0,,pending,,pending,mixed,16,TwoTier,161576974,1.5
ue1_qfi9,7.5,120.25,243.25,267.25,ok,0.020993713111844493,ok,ue3_qfi85,1,1,1,3730.0,data,ok,2.0,False,,proxy,3,0,,ue8_qfi2,0.5135135135135135,148,150.0,ok,,ue8_qfi2,148.159,ok,,8,ok,9,,ue8_qfi2,0.8804554666666667,ok,0.9921287557592304,proxy,5,0.9855257417483091,62350772.8,ok,0.018340909090909092,ok,0.9295534090909091,0.0748953125,ok,ue1_qfi82,0.0,99,10.0,data,ok,0.0,ue1_qfi9,259.75,ok,,15.2,ue8_qfi2,11,844.75,2680.25,30.303,ok,33.0,,pending,,pending,mixed,16,PF,35492826,1.5
ue2_qfi9,108.25,274.75,288.5,293.75,ok,0.03287054535972603,ok,ue16_qfi83,1,1,1,4536.5,data,ok,2.0,False,,proxy,3,0,,ue8_qfi2,0.68,150,150.0,ok,,ue8_qfi2,144.136,ok,,6,ok,9,,ue4_qfi2,0.8428818666666666,ok,0.8340512225762955,proxy,5,0.7971609001085506,61661526.4,ok,0.020529545454545453,ok,0.9302488636363636,0.1407875,ok,ue1_qfi82,0.0,99,10.0,data,ok,0.0,ue2_qfi9,185.5,ok,,30.2,ue2_qfi2,14,190.25,1416.25,30.303,ok,33.0,,pending,,pending,mixed,16,Reservation,35492826,1.5
ue3_qfi9,159.75,288.5,295.5,298.0,ok,0.016009942428391762,ok,ue3_qfi85,1,1,1,3730.0,data,ok,2.0,False,,proxy,3,0,,ue9_qfi2,0.96,150,150.0,ok,,ue5_qfi2,134.392,ok,,8,ok,9,,ue4_qfi2,0.9458189333333332,ok,0.6893194154793589,proxy,5,0.6497853200790517,62265780.8,ok,0.018995454545454545,ok,0.9338227272727273,0.052946875,ok,ue1_qfi82,0.0,99,10.0,data,ok,0.0,ue1_qfi9,160.5,ok,,30.2,ue1_qfi2,32,180.75,2643.0,30.303,ok,33.0,,pending,,pending,mixed,16,TwoTier,35492826,1.5
ue8_qfi2,65.852,131.0,143.885,147.385,ok,0.005084644269601421,ok,ue6_qfi9,0,1,4,1022.4999999999995,data,ok,2.0,False,,proxy,3,0,,ue9_qfi2,0.881578947368421,152,150.0,ok,,ue8_qfi2,148.112,ok,,9,ok,9,,ue3_qfi2,0.9610407999999999,ok,0.9940194914993393,proxy,5,0.9926041817830755,63883544.0,ok,0.01854090909090909,ok,0.9244488636363636,0.071909375,ok,ue1_qfi82,0.0,99,10.0,data,ok,0.0,ue9_qfi2,98.191,ok,,26.8,ue9_qfi2,6,261.0,792.5,30.303,ok,33.0,,pending,,pending,mixed,16,PF,376383645,1.5
ue1_qfi9,73.25,256.5,283.25,291.25,ok,0.017539544606517604,ok,ue10_qfi82,1,1,2,2403.5,data,ok,2.0,False,,proxy,3,0,,ue7_qfi2,0.9013157894736842,152,150.0,ok,,ue7_qfi2,120.925,ok,,8,ok,9,,ue7_qfi2,0.9043820444444445,ok,0.8815119517274926,proxy,5,0.8245023270891455,63048601.6,ok,0.020195454545454544,ok,0.9269568181818182,0.1357609375,ok,ue1_qfi82,0.0,99,10.0,data,ok,0.0,ue1_qfi9,218.0,ok,,30.4,ue2_qfi2,12,100.75,942.75,30.303,ok,33.0,,pending,,pending,mixed,16,Reservation,376383645,1.5
ue1_qfi9,104.5,269.25,288.5,294.75,ok,0.006298485690670926,ok,ue6_qfi1,1,1,1,4318.5,data,ok,2.0,False,,proxy,3,0,,ue1_qfi2,1.0,152,150.0,ok,,ue4_qfi2,122.39,ok,,9,ok,9,,ue1_qfi2,0.962428,ok,0.7100163855858095,proxy,5,0.6549905446555411,63627081.6,ok,0.019202272727272728,ok,0.9344840909090909,0.051928125,ok,ue1_qfi82,0.0,99,10.0,data,ok,0.0,ue2_qfi9,235.25,ok,,30.4,ue3_qfi2,26,109.75,2041.25,30.303,ok,33.0,,pending,,pending,mixed,16,TwoTier,376383645,1.5
ue8_qfi2,62.542,127.887,131.296,132.577,ok,0.0052886358246268675,ok,ue2_qfi85,0,1,1,1445.2500000000002,data,ok,2.0,False,,proxy,3,0,,ue9_qfi2,0.9194630872483222,149,150.0,ok,,ue9_qfi2,131.606,ok,,9,ok,9,,ue1_qfi2,0.9585205333333333,ok,0.9933276283092065,proxy,5,0.989998227190415,63484993.6,ok,0.019327272727272728,ok,0.9259681818181819,0.0712375,ok,ue1_qfi82,0.0,99,10.0,data,ok,0.0,ue9_qfi2,98.274,ok,,27.8,ue8_qfi2,3,228.75,479.25,30.303,ok,33.0,,pending,,pending,mixed,16,PF,1746484539,1.5
ue1_qfi9,77.0,231.75,261.25,277.5,ok,0.011953945939597033,ok,ue14_qfi83,1,1,3,3004.0000000000005,data,ok,2.0,False,,proxy,3,0,,ue4_qfi2,0.9078947368421053,152,150.0,ok,,ue8_qfi2,115.008,ok,,8,ok,9,,ue4_qfi2,0.8756205333333333,ok,0.8566528978133565,proxy,5,0.79698983494803,63045251.2,ok,0.020029545454545456,ok,0.9292397727272728,0.131365625,ok,ue1_qfi82,0.0,99,10.0,data,ok,0.0,ue1_qfi9,200.5,ok,,30.0,ue1_qfi2,7,119.75,618.5,30.303,ok,33.0,,pending,,pending,mixed,16,Reservation,1746484539,1.5
ue2_qfi9,80.25,253.75,280.0,289.25,ok,0.006355938768095195,ok,ue2_qfi85,0,1,1,1445.0,data,ok,2.0,False,,proxy,3,0,,ue9_qfi2,0.9933333333333333,150,150.0,ok,,ue8_qfi2,111.808,ok,,9,ok,9,,ue6_qfi2,0.9521642666666666,ok,0.695934742104763,proxy,5,0.6582853516910463,63110592.0,ok,0.018813636363636362,ok,0.9312534090909091,0.0492390625,ok,ue1_qfi82,0.0,99,10.0,data,ok,0.0,ue2_qfi9,209.0,ok,,30.2,ue3_qfi2,28,109.5,2238.5,30.303,ok,33.0,,pending,,pending,mixed,16,TwoTier,1746484539,1.5
ue5_qfi2,5.536,10.75,12.266,14.069,ok,2.0507870578930352e-05,ok,ue1_qfi85,1,1,1,4460.25,data,ok,2.0,False,,proxy,3,0,,ue5_qfi2,0.993421052631579,152,150.0,ok,,ue5_qfi2,14.069,ok,,5,ok,5,,ue1_qfi2,0.9719864,ok,0.999996432585832,proxy,5,0.9999951389448488,14043100.8,ok,0.06269772727272727,ok,0.23499545454545454,0.095421875,ok,ue1_qfi82,0.0,99,10.0,data,ok,0.0,ue2_qfi1,12.75,ok,,30.4,ue1_qfi2,0,0.0,0.0,30.303,ok,33.0,,pending,,pending,sensor_dense,32,PF,1826701614,0.5
ue1_qfi2,7.777,14.941,16.012,17.137,ok,0.0002847757299998018,ok,ue1_qfi85,1,1,1,4460.25,data,ok,2.0,False,,proxy,3,0,,ue1_qfi2,1.0,152,150.0,ok,,ue1_qfi2,16.75,ok,,5,ok,5,,ue1_qfi2,0.9719864,ok,0.9999528619734797,proxy,5,0.9999012400103732,14042140.8,ok,0.07452954545454546,ok,0.29691704545454545,0.1031265625,ok,ue1_qfi82,0.0,99,10.0,data,ok,0.0,ue1_qfi9,12.75,ok,,30.4,ue1_qfi2,0,0.0,0.0,30.303,ok,33.0,,pending,,pending,sensor_dense,32,Reservation,1826701614,0.5
ue1_qfi2,4.686,11.338,13.194,14.5,ok,0.0002733793134556956,ok,ue1_qfi85,1,1,1,4460.25,data,ok,2.0,False,,proxy,3,0,,ue1_qfi2,1.0,152,150.0,ok,,ue4_qfi2,14.334,ok,,5,ok,5,,ue1_qfi2,0.9719864,ok,0.9999607951866544,proxy,5,0.9999433211910902,14042577.6,ok,0.06274545454545455,ok,0.2481590909090909,0.095140625,ok,ue1_qfi82,0.0,99,10.0,data,ok,0.0,ue2_qfi1,12.75,ok,,30.4,ue1_qfi2,0,0.0,0.0,30.303,ok,33.0,,pending,,pending,sensor_dense,32,TwoTier,1826701614,0.5
ue2_qfi1,1.0,8.25,14.0,14.0,ok,4.582958771932036e-05,ok,ue1_qfi85,0,1,1,1528.7499999999998,data,ok,2.0,False,,proxy,3,0,,ue1_qfi2,1.0,152,150.0,ok,,ue4_qfi2,14.3,ok,,5,ok,5,,ue1_qfi2,0.9658216,ok,0.9999937824852612,proxy,5,0.9999877035538804,13964457.6,ok,0.0628590909090909,ok,0.2273568181818182,0.092525,ok,ue1_qfi82,0.0,99,10.0,data,ok,0.0,ue2_qfi1,13.0,ok,,30.4,ue1_qfi2,0,0.0,0.0,30.303,ok,33.0,,pending,,pending,sensor_dense,32,PF,1367864806,0.5
ue1_qfi2,7.735,15.1,16.481,17.114,ok,0.0003208422567585994,ok,ue1_qfi85,0,1,1,1529.0,data,ok,2.0,False,,proxy,3,0,,ue1_qfi2,1.0,152,150.0,ok,,ue1_qfi2,16.504,ok,,5,ok,5,,ue1_qfi2,0.9658216,ok,0.9999334233624151,proxy,5,0.9998380016649457,13959088.0,ok,0.07449772727272727,ok,0.2893113636363636,0.09954375,ok,ue1_qfi82,0.0,99,10.0,data,ok,0.0,ue1_qfi9,12.75,ok,,30.4,ue1_qfi2,0,0.0,0.0,30.303,ok,33.0,,pending,,pending,sensor_dense,32,Reservation,1367864806,0.5
ue4_qfi2,5.059,10.262,11.672,13.58,ok,0.00018338487212343635,ok,ue1_qfi85,0,1,1,1529.0,data,ok,2.0,False,,proxy,3,0,,ue4_qfi2,0.993421052631579,152,150.0,ok,,ue4_qfi2,14.375,ok,,5,ok,5,,ue1_qfi2,0.9658216,ok,0.9999771043539244,proxy,5,0.9999648951440326,13957152.0,ok,0.0628659090909091,ok,0.23905113636363637,0.09255625,ok,ue1_qfi82,0.0,99,10.0,data,ok,0.0,ue2_qfi1,12.25,ok,,30.2,ue4_qfi2,1,66.5,66.5,30.303,ok,33.0,,pending,,pending,sensor_dense,32,TwoTier,1367864806,0.5
ue3_qfi2,6.054,11.594,13.094,14.5,ok,0.0,ok,ue2_qfi9,0,1,4,1000.5000000000001,data,ok,2.0,False,,proxy,3,0,,ue1_qfi2,1.0,152,150.0,ok,,ue3_qfi2,14.865,ok,,5,ok,5,,ue2_qfi2,0.964592,ok,0.9999948559855332,proxy,5,0.9999909567818562,14009678.4,ok,0.06281136363636364,ok,0.22953068181818181,0.0943140625,ok,ue1_qfi82,0.0,99,10.0,data,ok,0.0,ue1_qfi9,8.75,ok,,30.4,ue1_qfi2,0,0.0,0.0,30.303,ok,33.0,,pending,,pending,sensor_dense,32,PF,1097657231,0.5
ue1_qfi2,7.598,14.838,16.775,17.5,ok,0.00024053965860500932,ok,ue2_qfi9,0,1,4,1001.9999999999998,data,ok,2.0,False,,proxy,3,0,,ue1_qfi2,1.0,152,150.0,ok,,ue1_qfi2,16.963,ok,,5,ok,5,,ue2_qfi2,0.964712,ok,0.9999647272136387,proxy,5,0.999941882737592,14005451.2,ok,0.07478409090909091,ok,0.29109318181818183,0.1018625,ok,ue1_qfi82,0.0,99,10.0,data,ok,0.0,ue1_qfi9,12.75,ok,,30.4,ue1_qfi2,0,0.0,0.0,30.303,ok,33.0,,pending,,pending,sensor_dense,32,Reservation,1097657231,0.5
ue1_qfi2,4.441,10.723,12.464,14.5,ok,0.0002443738044077311,ok,ue3_qfi82,0,1,4,1001.5,data,ok,2.0,False,,proxy,3,0,,ue1_qfi2,0.993421052631579,152,150.0,ok,,ue3_qfi2,13.838,ok,,5,ok,5,,ue2_qfi2,0.964712,ok,0.9999706628177407,proxy,5,0.9999464354658679,14001574.4,ok,0.06267954545454546,ok,0.24163636363636365,0.0940390625,ok,ue1_qfi82,0.0,99,10.0,data,ok,0.0,ue2_qfi1,12.25,ok,,30.2,ue1_qfi2,1,66.75,66.75,30.303,ok,33.0,,pending,,pending,sensor_dense,32,TwoTier,1097657231,0.5
ue4_qfi2,5.984,10.853,12.0,13.5,ok,0.0,ok,ue3_qfi82,0,1,4,1003.0000000000001,data,ok,2.0,False,,proxy,3,0,,ue3_qfi2,0.993421052631579,152,150.0,ok,,ue4_qfi2,13.918,ok,,5,ok,5,,ue2_qfi2,0.964996,ok,0.9999971977639582,proxy,5,0.9999944962245153,13942814.4,ok,0.06173181818181818,ok,0.22456477272727274,0.088265625,ok,ue1_qfi82,0.0,99,10.0,data,ok,0.0,ue2_qfi1,11.5,ok,,30.2,ue3_qfi2,1,67.5,67.5,30.303,ok,33.0,,pending,,pending,sensor_dense,32,PF,579362555,0.5
ue1_qfi2,7.78,14.107,15.412,16.25,ok,0.0002606818132250966,ok,ue2_qfi9,0,1,4,1004.5000000000002,data,ok,2.0,False,,proxy,3,0,,ue4_qfi2,0.993421052631579,152,150.0,ok,,ue1_qfi2,15.994,ok,,5,ok,5,,ue2_qfi2,0.964876,ok,0.9999234515942627,proxy,5,0.9998443474861005,13935312.0,ok,0.07310227272727272,ok,0.2851102272727273,0.0954859375,ok,ue1_qfi82,0.0,99,10.0,data,ok,0.0,ue1_qfi9,12.5,ok,,30.4,ue1_qfi2,0,0.0,0.0,30.303,ok,33.0,,pending,,pending,sensor_dense,32,Reservation,579362555,0.5
ue2_qfi1,0.75,10.75,13.25,13.25,ok,0.0002295131669982558,ok,ue4_qfi82,0,1,4,1001.5,data,ok,2.0,False,,proxy,3,0,,ue1_qfi2,1.0,152,150.0,ok,,ue4_qfi2,14.5,ok,,5,ok,5,,ue2_qfi2,0.96496,ok,0.9999722554874312,proxy,5,0.9999424617096643,13939675.200000001,ok,0.061779545454545455,ok,0.23518522727272728,0.087846875,ok,ue1_qfi82,0.0,99,10.0,data,ok,0.0,ue2_qfi1,12.5,ok,,30.4,ue1_qfi2,0,0.0,0.0,30.303,ok,33.0,,pending,,pending,sensor_dense,32,TwoTier,579362555,0.5
ue4_qfi2,5.758,11.089,12.887,14.431,ok,2.4870367507243066e-05,ok,ue5_qfi82,0,2,4,1001.5,data,ok,2.0,False,,proxy,3,0,,ue4_qfi2,0.9868421052631579,152,150.0,ok,,ue4_qfi2,14.839,ok,,5,ok,5,,ue1_qfi2,0.9659984,ok,0.9999946205021193,proxy,5,0.9999893635579773,13960068.8,ok,0.06212045454545455,ok,0.2283056818181818,0.093928125,ok,ue1_qfi82,0.0,99,10.0,data,ok,0.0,ue4_qfi2,8.672999999999998,ok,,30.0,ue4_qfi2,1,69.75,69.75,30.303,ok,33.0,,pending,,pending,sensor_dense,32,PF,661058651,0.5
ue1_qfi2,7.795,14.647,15.766,16.062,ok,0.00013563557927447108,ok,ue2_qfi9,0,2,4,1001.9999999999998,data,ok,2.0,False,,proxy,3,0,,ue1_qfi2,1.0,152,150.0,ok,,ue1_qfi2,15.802,ok,,5,ok,5,,ue1_qfi2,0.9659984,ok,0.9999854137763446,proxy,5,0.9999732695576258,13965192.0,ok,0.07381136363636363,ok,0.2879590909090909,0.10064375,ok,ue1_qfi82,0.0,99,10.0,data,ok,0.0,ue1_qfi9,12.75,ok,,30.4,ue1_qfi2,0,0.0,0.0,30.303,ok,33.0,,pending,,pending,sensor_dense,32,Reservation,661058651,0.5
ue4_qfi2,5.203,10.241,11.768,13.927,ok,0.0001891144096360149,ok,ue5_qfi82,0,1,4,1001.5,data,ok,2.0,False,,proxy,3,0,,ue1_qfi2,1.0,152,150.0,ok,,ue4_qfi2,14.322,ok,,5,ok,5,,ue1_qfi2,0.9659984,ok,0.9999817446823803,proxy,5,0.999971142290647,13966024.0,ok,0.06211136363636364,ok,0.2401715909090909,0.0936703125,ok,ue1_qfi82,0.0,99,10.0,data,ok,0.0,ue2_qfi1,12.25,ok,,30.4,ue1_qfi2,0,0.0,0.0,30.303,ok,33.0,,pending,,pending,sensor_dense,32,TwoTier,661058651,0.5
ue3_qfi2,5.302,10.92,12.75,14.205,ok,4.574649647597583e-05,ok,ue2_qfi9,0,1,4,1000.0000000000005,data,ok,2.0,False,,proxy,3,0,,ue1_qfi2,1.0,152,150.0,ok,,ue3_qfi2,14.205,ok,,5,ok,5,,ue2_qfi2,0.966456,ok,0.9999923138879498,proxy,5,0.9999859645970499,13989822.4,ok,0.06209318181818182,ok,0.2317875,0.093621875,ok,ue1_qfi82,0.0,99,10.0,data,ok,0.0,ue1_qfi9,9.75,ok,,30.4,ue1_qfi2,0,0.0,0.0,30.303,ok,33.0,,pending,,pending,sensor_dense,32,PF,87989972,0.5
ue1_qfi2,7.762,14.915,16.053,16.38,ok,0.00017028644490164213,ok,ue2_qfi9,0,2,4,1002.0000000000002,data,ok,2.0,False,,proxy,3,0,,ue1_qfi2,1.0,152,150.0,ok,,ue1_qfi2,16.371,ok,,5,ok,5,,ue2_qfi2,0.966456,ok,0.9999506991767895,proxy,5,0.9998429254029185,13988161.6,ok,0.07397727272727272,ok,0.29253636363636365,0.10133125,ok,ue1_qfi82,0.0,99,10.0,data,ok,0.0,ue1_qfi9,12.5,ok,,30.4,ue1_qfi2,0,0.0,0.0,30.303,ok,33.0,,pending,,pending,sensor_dense,32,Reservation,87989972,0.5
ue4_qfi2,4.763,10.42,11.953,13.96,ok,0.00016011282922342762,ok,ue2_qfi9,0,1,4,1003.5000000000002,data,ok,2.0,False,,proxy,3,0,,ue1_qfi2,0.993421052631579,152,150.0,ok,,ue4_qfi2,14.0,ok,,5,ok,5,,ue2_qfi2,0.966456,ok,0.9999729474181718,proxy,5,0.9999459714132755,13987894.4,ok,0.06214772727272727,ok,0.24597954545454545,0.0937234375,ok,ue1_qfi82,0.0,99,10.0,data,ok,0.0,ue2_qfi1,12.0,ok,,30.2,ue1_qfi2,1,67.5,67.5,30.303,ok,33.0,,pending,,pending,sensor_dense,32,TwoTier,87989972,0.5
ue4_qfi2,5.607,11.147,12.926,15.241,ok,4.578723131480324e-05,ok,ue4_qfi82,0,1,4,1001.2499999999998,data,ok,2.0,False,,proxy,3,0,,ue1_qfi2,1.0,152,150.0,ok,,ue4_qfi2,15.754,ok,,5,ok,5,,ue2_qfi2,0.96294,ok,0.999990675844991,proxy,5,0.9999799595249679,13977254.4,ok,0.06247272727272727,ok,0.2335465909090909,0.094121875,ok,ue1_qfi82,0.0,99,10.0,data,ok,0.0,ue4_qfi2,9.634,ok,,30.4,ue1_qfi2,0,0.0,0.0,30.303,ok,33.0,,pending,,pending,sensor_dense,32,PF,161576974,0.5
ue1_qfi2,7.759,14.685,16.326,16.679,ok,0.0003115496290773242,ok,ue2_qfi9,0,1,4,1004.5000000000002,data,ok,2.0,False,,proxy,3,0,,ue2_qfi2,0.993421052631579,152,150.0,ok,,ue1_qfi2,16.576,ok,,5,ok,5,,ue2_qfi2,0.961092,ok,0.999959201807421,proxy,5,0.999920763367503,13970784.0,ok,0.07395681818181818,ok,0.29569545454545454,0.1021015625,ok,ue1_qfi82,0.0,99,10.0,data,ok,0.0,ue1_qfi9,12.75,ok,,30.4,ue1_qfi2,0,0.0,0.0,30.303,ok,33.0,,pending,,pending,sensor_dense,32,Reservation,161576974,0.5
ue1_qfi2,5.209,11.048,12.97,13.5,ok,0.00020604626746041795,ok,ue5_qfi82,0,1,4,1001.5,data,ok,2.0,False,,proxy,3,0,,ue1_qfi2,1.0,152,150.0,ok,,ue4_qfi2,13.605,ok,,5,ok,5,,ue2_qfi2,0.96282,ok,0.9999749478295543,proxy,5,0.9999644698870935,13974563.200000001,ok,0.06240909090909091,ok,0.24648863636363635,0.093628125,ok,ue1_qfi82,0.0,99,10.0,data,ok,0.0,ue1_qfi9,10.0,ok,,30.4,ue1_qfi2,0,0.0,0.0,30.303,ok,33.0,,pending,,pending,sensor_dense,32,TwoTier,161576974,0.5
ue3_qfi2,6.452,12.202,14.37,15.34,ok,7.122095166161428e-05,ok,ue4_qfi82,0,1,4,1001.5,data,ok,2.0,False,,proxy,3,0,,ue1_qfi2,1.0,152,150.0,ok,,ue3_qfi2,15.62,ok,,5,ok,5,,ue1_qfi2,0.9744968,ok,0.9999925137740092,proxy,5,0.9999900849000495,14107355.200000001,ok,0.06248181818181818,ok,0.2450090909090909,0.100125,ok,ue1_qfi82,0.0,99,10.0,data,ok,0.0,ue1_qfi9,10.0,ok,,30.4,ue1_qfi2,0,0.0,0.0,30.303,ok,33.0,,pending,,pending,sensor_dense,32,PF,35492826,0.5
ue1_qfi2,8.393,15.102,16.545,17.338,ok,0.0003496642689958261,ok,ue2_qfi9,0,2,4,1004.5000000000002,data,ok,2.0,False,,proxy,3,0,,ue4_qfi2,0.993421052631579,152,150.0,ok,,ue1_qfi2,16.545,ok,,5,ok,5,,ue1_qfi2,0.9744968,ok,0.9999425476755774,proxy,5,0.9999172781395269,14102568.0,ok,0.07474318181818182,ok,0.306625,0.10854375,ok,ue1_qfi82,0.0,99,10.0,data,ok,0.0,ue1_qfi9,13.25,ok,,30.4,ue1_qfi2,0,0.0,0.0,30.303,ok,33.0,,pending,,pending,sensor_dense,32,Reservation,35492826,0.5
ue1_qfi2,5.055,11.023,13.241,14.518,ok,0.0002722450277848738,ok,ue4_qfi82,0,1,4,1001.5,data,ok,2.0,False,,proxy,3,0,,ue4_qfi2,0.993421052631579,152,150.0,ok,,ue3_qfi2,14.629,ok,,5,ok,5,,ue1_qfi2,0.9744968,ok,0.9999647875408384,proxy,5,0.9999432233518616,14101376.0,ok,0.06298636363636363,ok,0.26096477272727275,0.099865625,ok,ue1_qfi82,0.0,99,10.0,data,ok,0.0,ue2_qfi1,12.75,ok,,30.4,ue1_qfi2,0,0.0,0.0,30.303,ok,33.0,,pending,,pending,sensor_dense,32,TwoTier,35492826,0.5
ue5_qfi2,5.426,10.674,12.644,13.747,ok,5.482188699442481e-05,ok,ue4_qfi82,0,1,4,1001.5,data,ok,2.0,False,,proxy,3,0,,ue1_qfi2,1.0,152,150.0,ok,,ue5_qfi2,14.268,ok,,5,ok,5,,ue2_qfi2,0.9688744,ok,0.9999922553614782,proxy,5,0.999978583116704,14037868.799999999,ok,0.06209090909090909,ok,0.22636818181818183,0.090696875,ok,ue1_qfi82,0.0,99,10.0,data,ok,0.0,ue2_qfi9,11.25,ok,,30.4,ue1_qfi2,0,0.0,0.0,30.303,ok,33.0,,pending,,pending,sensor_dense,32,PF,376383645,0.5
ue1_qfi2,7.777,14.477,15.93,16.43,ok,0.00022795038750996,ok,ue2_qfi9,0,1,4,1001.9999999999998,data,ok,2.0,False,,proxy,3,0,,ue1_qfi2,1.0,152,150.0,ok,,ue1_qfi2,16.125,ok,,5,ok,5,,ue2_qfi2,0.9688744,ok,0.9999513362464979,proxy,5,0.9998518566935146,14035262.4,ok,0.07416363636363636,ok,0.2869181818181818,0.0976890625,ok,ue1_qfi82,0.0,99,10.0,data,ok,0.0,ue1_qfi9,12.75,ok,,30.4,ue1_qfi2,0,0.0,0.0,30.303,ok,33.0,,pending,,pending,sensor_dense,32,Reservation,376383645,0.5
ue5_qfi2,5.252,10.732,12.469,13.976,ok,0.00022795124487594095,ok,ue4_qfi82,0,1,4,1001.5,data,ok,2.0,False,,proxy,3,0,,ue1_qfi2,1.0,152,150.0,ok,,ue5_qfi2,14.808,ok,,5,ok,5,,ue2_qfi2,0.9688744,ok,0.9999711153457248,proxy,5,0.9999440987994984,14034889.6,ok,0.061997727272727274,ok,0.2376443181818182,0.090378125,ok,ue1_qfi82,0.0,99,10.0,data,ok,0.0,ue2_qfi1,12.0,ok,,30.4,ue1_qfi2,0,0.0,0.0,30.303,ok,33.0,,pending,,pending,sensor_dense,32,TwoTier,376383645,0.5
ue5_qfi2,5.786,11.59,13.0,14.456,ok,0.0001506623087679524,ok,ue2_qfi9,0,2,4,1000.5000000000001,data,ok,2.0,False,,proxy,3,0,,ue1_qfi2,1.0,152,150.0,ok,,ue5_qfi2,15.471,ok,,5,ok,5,,ue2_qfi2,0.9721856,ok,0.9999839787497766,proxy,5,0.9999629100419244,14005731.2,ok,0.062095454545454544,ok,0.23976477272727273,0.0934703125,ok,ue1_qfi82,0.0,99,10.0,data,ok,0.0,ue1_qfi9,10.5,ok,,30.4,ue1_qfi2,0,0.0,0.0,30.303,ok,33.0,,pending,,pending,sensor_dense,32,PF,1746484539,0.5
ue3_qfi2,5.998,12.361,14.227,16.352,ok,0.00028510380588451514,ok,ue2_qfi9,0,2,4,1002.2500000000001,data,ok,2.0,False,,proxy,3,0,,ue1_qfi2,1.0,152,150.0,ok,,ue3_qfi2,16.36,ok,,5,ok,5,,ue2_qfi2,0.9721856,ok,0.9999143537992866,proxy,5,0.9998460744820601,14004009.6,ok,0.07341818181818181,ok,0.30172954545454544,0.102059375,ok,ue1_qfi82,0.0,99,10.0,data,ok,0.0,ue1_qfi9,12.75,ok,,30.4,ue1_qfi2,0,0.0,0.0,30.303,ok,33.0,,pending,,pending,sensor_dense,32,Reservation,1746484539,0.5
ue3_qfi2,5.424,10.676,12.556,14.399,ok,0.00024283777066245595,ok,ue3_qfi82,0,1,4,1001.5,data,ok,2.0,False,,proxy,3,0,,ue1_qfi2,1.0,152,150.0,ok,,ue3_qfi2,14.889,ok,,5,ok,5,,ue2_qfi2,0.9721856,ok,0.9999617971842323,proxy,5,0.9999413681425776,14004304.0,ok,0.062113636363636364,ok,0.25440113636363637,0.093171875,ok,ue1_qfi82,0.0,99,10.0,data,ok,0.0,ue2_qfi1,12.0,ok,,30.4,ue1_qfi2,0,0.0,0.0,30.303,ok,33.0,,pending,,pending,sensor_dense,32,TwoTier,1746484539,0.5
ue5_qfi2,10.543,17.229,19.142,20.5,ok,0.0002601547288849394,ok,ue1_qfi85,1,1,1,4460.25,data,ok,2.0,False,,proxy,3,0,,ue1_qfi2,1.0,152,150.0,ok,,ue5_qfi2,21.386,ok,,5,ok,5,,ue1_qfi2,0.9720171999999999,ok,0.9998736601387066,proxy,5,0.9997993639906445,27090835.2,ok,0.0627340909090909,ok,0.4230215909090909,0.102696875,ok,ue1_qfi82,0.0,99,10.0,data,ok,0.0,ue2_qfi9,14.0,ok,,30.4,ue1_qfi2,0,0.0,0.0,30.303,ok,33.0,,pending,,pending,sensor_dense,32,PF,1826701614,1.0
ue1_qfi2,11.246,20.412,22.5,23.643,ok,0.0007978878120126705,ok,ue1_qfi85,1,1,1,4461.749999999999,data,ok,2.0,False,,proxy,3,0,,ue1_qfi2,1.0,152,150.0,ok,,ue1_qfi2,24.272,ok,,5,ok,5,,ue1_qfi2,0.9720171999999999,ok,0.99900684641765,proxy,5,0.998502035577742,27070822.4,ok,0.07487045454545455,ok,0.4845659090909091,0.1200328125,ok,ue1_qfi82,0.0,99,10.0,data,ok,0.0,ue1_qfi9,18.25,ok,,30.4,ue1_qfi2,0,0.0,0.0,30.303,ok,33.0,,pending,,pending,sensor_dense,32,Reservation,1826701614,1.0
ue2_qfi1,1.75,15.25,23.0,23.0,ok,0.0012349311387871884,ok,ue1_qfi85,1,1,1,4460.25,data,ok,2.0,False,,proxy,3,0,,ue1_qfi2,1.0,152,150.0,ok,,ue5_qfi2,20.823,ok,,5,ok,5,,ue1_qfi2,0.9720171999999999,ok,0.9534830113473378,proxy,5,0.862878361331023,27065225.6,ok,0.06315,ok,0.4429954545454545,0.10026875,ok,ue1_qfi82,0.0,99,10.0,data,ok,0.0,ue2_qfi1,21.25,ok,,30.4,ue1_qfi2,0,0.0,0.0,30.303,ok,33.0,,pending,,pending,sensor_dense,32,TwoTier,1826701614,1.0
ue3_qfi2,9.208,16.297,18.207,19.5,ok,0.00026929889254172175,ok,ue1_qfi85,0,1,1,1527.4999999999998,data,ok,2.0,False,,proxy,3,0,,ue1_qfi2,1.0,152,150.0,ok,,ue3_qfi2,21.066,ok,,5,ok,5,,ue1_qfi2,0.9658536,ok,0.9998781330031801,proxy,5,0.9997901682084241,26925347.2,ok,0.06302272727272727,ok,0.41191704545454544,0.098990625,ok,ue1_qfi82,0.0,99,10.0,data,ok,0.0,ue2_qfi1,16.5,ok,,30.4,ue1_qfi2,0,0.0,0.0,30.303,ok,33.0,,pending,,pending,sensor_dense,32,PF,1367864806,1.0
ue1_qfi2,11.236,20.498,22.651,23.485,ok,0.0007721320457494773,ok,ue1_qfi85,0,1,1,1529.0,data,ok,2.0,False,,proxy,3,0,,ue4_qfi2,0.993421052631579,152,150.0,ok,,ue1_qfi2,24.879,ok,,5,ok,5,,ue1_qfi2,0.9658536,ok,0.9990834882760276,proxy,5,0.9988267569166854,26910283.2,ok,0.074825,ok,0.4710238636363636,0.1139875,ok,ue1_qfi82,0.0,99,10.0,data,ok,0.0,ue1_qfi9,18.75,ok,,30.2,ue4_qfi2,1,67.75,67.75,30.303,ok,33.0,,pending,,pending,sensor_dense,32,Reservation,1367864806,1.0
ue4_qfi2,8.845,16.16,17.595,19.031,ok,0.001121140576055931,ok,ue1_qfi85,0,1,1,1529.0,data,ok,2.0,False,,proxy,3,0,,ue2_qfi2,0.993421052631579,152,150.0,ok,,ue5_qfi2,20.462,ok,,5,ok,5,,ue1_qfi2,0.9658536,ok,0.9563336339117674,proxy,5,0.8630118757652626,26899526.4,ok,0.06309318181818181,ok,0.4291488636363636,0.09695625,ok,ue1_qfi82,0.0,99,10.0,data,ok,0.0,ue2_qfi1,16.75,ok,,30.4,ue1_qfi2,0,0.0,0.0,30.303,ok,33.0,,pending,,pending,sensor_dense,32,TwoTier,1367864806,1.0
ue3_qfi2,10.811,17.428,19.335,20.706,ok,0.0002220539086491537,ok,ue5_qfi82,0,1,4,1003.0000000000001,data,ok,2.0,False,,proxy,3,0,,ue5_qfi2,0.993421052631579,152,150.0,ok,,ue3_qfi2,21.642,ok,,5,ok,5,,ue2_qfi2,0.964742,ok,0.9998735741301508,proxy,5,0.999695243239596,27014465.6,ok,0.06292045454545454,ok,0.4178727272727273,0.1014359375,ok,ue1_qfi82,0.0,99,10.0,data,ok,0.0,ue2_qfi1,14.0,ok,,30.4,ue1_qfi2,0,0.0,0.0,30.303,ok,33.0,,pending,,pending,sensor_dense,32,PF,1097657231,1.0
ue1_qfi2,11.431,20.578,22.5,23.761,ok,0.0007632696655360263,ok,ue2_qfi9,0,1,4,1001.9999999999998,data,ok,2.0,False,,proxy,3,0,,ue4_qfi2,0.9868421052631579,152,150.0,ok,,ue1_qfi2,24.524,ok,,5,ok,5,,ue2_qfi2,0.9641068,ok,0.9990860739792501,proxy,5,0.998671490704761,26994849.6,ok,0.0746,ok,0.47679204545454545,0.1171046875,ok,ue1_qfi82,0.0,99,10.0,data,ok,0.0,ue1_qfi9,18.25,ok,,30.0,ue4_qfi2,2,72.5,139.0,30.303,ok,33.0,,pending,,pending,sensor_dense,32,Reservation,1097657231,1.0
ue5_qfi2,9.154,16.592,18.344,19.592,ok,0.0009433911420256442,ok,ue2_qfi9,0,1,4,1004.2500000000003,data,ok,2.0,False,,proxy,3,0,,ue1_qfi2,0.993421052631579,152,150.0,ok,,ue5_qfi2,21.268,ok,,5,ok,5,,ue2_qfi2,0.964742,ok,0.9721781999155616,proxy,5,0.9003962097436561,26990662.4,ok,0.06322727272727273,ok,0.4324875,0.0990640625,ok,ue1_qfi82,0.0,99,10.0,data,ok,0.0,ue2_qfi1,17.5,ok,,30.2,ue1_qfi2,0,0.0,0.0,30.303,ok,33.0,,pending,,pending,sensor_dense,32,TwoTier,1097657231,1.0
ue2_qfi1,1.0,13.0,21.0,21.0,ok,0.00023802676289612636,ok,ue4_qfi82,0,1,4,1001.5,data,ok,2.0,False,,proxy,3,0,,ue1_qfi2,1.0,152,150.0,ok,,ue4_qfi2,22.0,ok,,5,ok,5,,ue2_qfi2,0.9650284,ok,0.9998896500692569,proxy,5,0.9998457404972789,26881332.8,ok,0.062122727272727274,ok,0.4065125,0.095121875,ok,ue1_qfi82,0.0,99,10.0,data,ok,0.0,ue2_qfi1,20.0,ok,,30.4,ue1_qfi2,0,0.0,0.0,30.303,ok,33.0,,pending,,pending,sensor_dense,32,PF,579362555,1.0
ue1_qfi2,11.913,20.181,22.698,23.484,ok,0.0007990463356385144,ok,ue2_qfi9,0,2,4,1004.75,data,ok,2.0,False,,proxy,3,0,,ue1_qfi2,1.0,152,150.0,ok,,ue1_qfi2,23.641,ok,,5,ok,5,,ue2_qfi2,0.9650284,ok,0.9991045992804773,proxy,5,0.9984889497417799,26856955.2,ok,0.07359318181818182,ok,0.46773522727272726,0.1102171875,ok,ue1_qfi82,0.0,99,10.0,data,ok,0.0,ue1_qfi9,18.0,ok,,30.4,ue1_qfi2,0,0.0,0.0,30.303,ok,33.0,,pending,,pending,sensor_dense,32,Reservation,579362555,1.0
ue2_qfi1,1.5,18.0,20.5,20.5,ok,0.0010457187649011205,ok,ue4_qfi82,0,2,4,1001.25,data,ok,2.0,False,,proxy,3,0,,ue1_qfi2,1.0,152,150.0,ok,,ue3_qfi2,20.904,ok,,5,ok,5,,ue2_qfi2,0.9649684000000001,ok,0.9577655915989618,proxy,5,0.8930107813626265,26863548.8,ok,0.06215909090909091,ok,0.4235988636363636,0.09293125,ok,ue1_qfi82,0.0,99,10.0,data,ok,0.0,ue2_qfi1,19.0,ok,,30.4,ue1_qfi2,0,0.0,0.0,30.303,ok,33.0,,pending,,pending,sensor_dense,32,TwoTier,579362555,1.0
ue4_qfi2,10.283,17.402,19.567,20.952,ok,0.00032083822908705124,ok,ue2_qfi9,0,2,4,1001.0000000000003,data,ok,2.0,False,,proxy,3,0,,ue1_qfi2,1.0,152,150.0,ok,,ue4_qfi2,22.974,ok,,5,ok,5,,ue1_qfi2,0.9660284,ok,0.9998412645315847,proxy,5,0.9997682815754138,26921456.0,ok,0.06222727272727273,ok,0.41306590909090907,0.1004359375,ok,ue1_qfi82,0.0,99,10.0,data,ok,0.0,ue2_qfi1,14.0,ok,,30.4,ue1_qfi2,0,0.0,0.0,30.303,ok,33.0,,pending,,pending,sensor_dense,32,PF,661058651,1.0
ue1_qfi2,11.404,19.747,22.25,23.114,ok,0.0008014028800219112,ok,ue2_qfi9,0,2,4,1005.2500000000002,data,ok,2.0,False,,proxy,3,0,,ue1_qfi2,0.993421052631579,152,150.0,ok,,ue1_qfi2,23.614,ok,,5,ok,5,,ue1_qfi2,0.962072,ok,0.9990661885550531,proxy,5,0.9985132616609441,26899059.2,ok,0.07447045454545455,ok,0.47402045454545455,0.115178125,ok,ue1_qfi82,0.0,99,10.0,data,ok,0.0,ue1_qfi9,18.5,ok,,30.2,ue1_qfi2,1,71.5,71.5,30.303,ok,33.0,,pending,,pending,sensor_dense,32,Reservation,661058651,1.0
ue4_qfi2,9.107,17.25,19.224,20.637,ok,0.0010026822343775664,ok,ue2_qfi9,0,1,4,1003.7499999999997,data,ok,2.0,False,,proxy,3,0,,ue3_qfi2,0.993421052631579,152,150.0,ok,,ue4_qfi2,22.043,ok,,5,ok,5,,ue1_qfi2,0.9660284,ok,0.9642438321062239,proxy,5,0.8967031569778182,26909140.8,ok,0.06282954545454546,ok,0.4301602272727273,0.0986265625,ok,ue1_qfi82,0.0,99,10.0,data,ok,0.0,ue2_qfi1,16.25,ok,,30.2,ue3_qfi2,1,67.5,67.5,30.303,ok,33.0,,pending,,pending,sensor_dense,32,TwoTier,661058651,1.0
ue3_qfi2,10.363,17.058,19.289,20.5,ok,0.0002975804656274399,ok,ue5_qfi82,0,1,4,1001.5,data,ok,2.0,False,,proxy,3,0,,ue2_qfi2,0.993421052631579,152,150.0,ok,,ue5_qfi2,21.608,ok,,5,ok,5,,ue2_qfi2,0.9652172,ok,0.9998367301037929,proxy,5,0.9997866993685162,26972363.2,ok,0.062211363636363634,ok,0.41921704545454547,0.1006140625,ok,ue1_qfi82,0.0,99,10.0,data,ok,0.0,ue1_qfi9,13.5,ok,,30.2,ue2_qfi2,1,70.0,70.0,30.303,ok,33.0,,pending,,pending,sensor_dense,32,PF,87989972,1.0
ue1_qfi2,12.06,20.394,22.205,23.731,ok,0.0008690797610626649,ok,ue2_qfi9,0,2,4,1004.9999999999994,data,ok,2.0,False,,proxy,3,0,,ue1_qfi2,0.993421052631579,152,150.0,ok,,ue1_qfi2,24.496,ok,,5,ok,5,,ue2_qfi2,0.9664876,ok,0.9988053273361587,proxy,5,0.9982841914054681,26957792.0,ok,0.074125,ok,0.47953181818181817,0.116175,ok,ue1_qfi82,0.0,99,10.0,data,ok,0.0,ue1_qfi9,18.25,ok,,30.2,ue1_qfi2,0,0.0,0.0,30.303,ok,33.0,,pending,,pending,sensor_dense,32,Reservation,87989972,1.0
ue3_qfi2,8.68,16.628,18.081,19.894,ok,0.0009447823763313368,ok,ue2_qfi9,0,1,4,1004.75,data,ok,2.0,False,,proxy,3,0,,ue1_qfi2,1.0,152,150.0,ok,,ue5_qfi2,20.467,ok,,5,ok,5,,ue2_qfi2,0.9664876,ok,0.9703514471478625,proxy,5,0.8983628622977092,26961830.4,ok,0.06299772727272727,ok,0.4384795454545454,0.0991078125,ok,ue1_qfi82,0.0,99,10.0,data,ok,0.0,ue2_qfi1,16.0,ok,,30.4,ue1_qfi2,0,0.0,0.0,30.303,ok,33.0,,pending,,pending,sensor_dense,32,TwoTier,87989972,1.0
ue4_qfi2,10.662,17.563,19.188,20.966,ok,0.0002834866195027873,ok,ue3_qfi82,0,1,4,1001.5,data,ok,2.0,False,,proxy,3,0,,ue3_qfi2,0.993421052631579,152,150.0,ok,,ue4_qfi2,22.565,ok,,5,ok,5,,ue2_qfi2,0.9629708,ok,0.9998601571343937,proxy,5,0.9997841491016771,26948729.6,ok,0.0626340909090909,ok,0.4240647727272727,0.10130625,ok,ue1_qfi82,0.0,99,10.0,data,ok,0.0,ue2_qfi9,16.25,ok,,30.2,ue3_qfi2,1,69.25,69.25,30.303,ok,33.0,,pending,,pending,sensor_dense,32,PF,161576974,1.0
ue1_qfi2,12.077,20.963,22.973,24.536,ok,0.0008644931094342486,ok,ue2_qfi9,0,1,4,1004.7500000000005,data,ok,2.0,False,,proxy,3,0,,ue5_qfi2,0.993421052631579,152,150.0,ok,,ue1_qfi2,25.334,ok,,5,ok,5,,ue2_qfi2,0.9629708,ok,0.9988588471096722,proxy,5,0.9977279658266128,26929603.2,ok,0.07397954545454545,ok,0.4865068181818182,0.1174125,ok,ue1_qfi82,0.0,99,10.0,data,ok,0.0,ue1_qfi9,18.25,ok,,30.4,ue1_qfi2,0,0.0,0.0,30.303,ok,33.0,,pending,,pending,sensor_dense,32,Reservation,161576974,1.0
ue4_qfi2,9.132,16.681,18.591,20.372,ok,0.0010672447902376125,ok,ue4_qfi82,0,1,4,1003.0000000000001,data,ok,2.0,False,,proxy,3,0,,ue1_qfi2,1.0,152,150.0,ok,,ue4_qfi2,21.215,ok,,5,ok,5,,ue2_qfi2,0.9629708,ok,0.9645880392780855,proxy,5,0.8943745085831777,26930945.6,ok,0.06269545454545454,ok,0.4410227272727273,0.09929375,ok,ue1_qfi82,0.0,99,10.0,data,ok,0.0,ue2_qfi1,16.25,ok,,30.4,ue1_qfi2,0,0.0,0.0,30.303,ok,33.0,,pending,,pending,sensor_dense,32,TwoTier,161576974,1.0
ue3_qfi2,12.148,18.721,20.879,22.25,ok,0.0003174139836025112,ok,ue3_qfi82,0,1,4,1001.5,data,ok,2.0,False,,proxy,3,0,,ue1_qfi2,1.0,152,150.0,ok,,ue3_qfi2,24.34,ok,,5,ok,5,,ue1_qfi2,0.974528,ok,0.999809340684007,proxy,5,0.99969547153957,27211652.8,ok,0.06267272727272727,ok,0.44546363636363634,0.108553125,ok,ue1_qfi82,0.0,99,10.0,data,ok,0.0,ue2_qfi9,14.5,ok,,30.4,ue1_qfi2,0,0.0,0.0,30.303,ok,33.0,,pending,,pending,sensor_dense,32,PF,35492826,1.0
ue1_qfi2,11.885,20.547,22.77,23.795,ok,0.0008157576849905583,ok,ue2_qfi9,0,1,4,1000.2500000000003,data,ok,2.0,False,,proxy,3,0,,ue1_qfi2,1.0,152,150.0,ok,,ue3_qfi2,24.62,ok,,5,ok,5,,ue1_qfi2,0.974348,ok,0.9989595870313929,proxy,5,0.9983986829050109,27196947.2,ok,0.07475681818181819,ok,0.5073943181818181,0.1267078125,ok,ue1_qfi82,0.0,99,10.0,data,ok,0.0,ue1_qfi9,18.25,ok,,30.4,ue1_qfi2,0,0.0,0.0,30.303,ok,33.0,,pending,,pending,sensor_dense,32,Reservation,35492826,1.0
ue5_qfi2,9.131,17.61,19.419,20.951,ok,0.001170597097984338,ok,ue4_qfi82,0,1,4,1001.5,data,ok,2.0,False,,proxy,3,0,,ue1_qfi2,1.0,152,150.0,ok,,ue3_qfi2,22.202,ok,,5,ok,5,,ue1_qfi2,0.974528,ok,0.9542241724504418,proxy,5,0.875629235782735,27188059.2,ok,0.06244090909090909,ok,0.4641625,0.105871875,ok,ue1_qfi82,0.0,99,10.0,data,ok,0.0,ue2_qfi1,18.5,ok,,30.4,ue1_qfi2,0,0.0,0.0,30.303,ok,33.0,,pending,,pending,sensor_dense,32,TwoTier,35492826,1.0
ue2_qfi1,1.5,13.25,20.25,20.25,ok,0.00024967408256590753,ok,ue2_qfi9,0,1,4,1000.0000000000005,data,ok,2.0,False,,proxy,3,0,,ue1_qfi2,1.0,152,150.0,ok,,ue3_qfi2,21.317,ok,,5,ok,5,,ue2_qfi2,0.968902,ok,0.9998799982891502,proxy,5,0.9998079197315596,27075198.4,ok,0.06199090909090909,ok,0.40930568181818183,0.096965625,ok,ue1_qfi82,0.0,99,10.0,data,ok,0.0,ue2_qfi1,18.75,ok,,30.4,ue1_qfi2,0,0.0,0.0,30.303,ok,33.0,,pending,,pending,sensor_dense,32,PF,376383645,1.0
ue1_qfi2,11.679,20.806,22.882,24.09,ok,0.0008645685382853001,ok,ue2_qfi9,0,1,4,1004.5000000000002,data,ok,2.0,False,,proxy,3,0,,ue3_qfi2,0.9868421052631579,152,150.0,ok,,ue1_qfi2,24.785,ok,,5,ok,5,,ue2_qfi2,0.968902,ok,0.9989075809251933,proxy,5,0.9983122549080927,27055417.6,ok,0.07424318181818182,ok,0.46901363636363635,0.1118484375,ok,ue1_qfi82,0.0,99,10.0,data,ok,0.0,ue1_qfi9,18.75,ok,,30.0,ue3_qfi2,1,67.5,67.5,30.303,ok,33.0,,pending,,pending,sensor_dense,32,Reservation,376383645,1.0
ue2_qfi1,2.0,16.0,20.5,20.5,ok,0.000978586890516079,ok,ue2_qfi9,0,1,4,1002.7499999999998,data,ok,2.0,False,,proxy,3,0,,ue3_qfi2,0.993421052631579,152,150.0,ok,,ue4_qfi2,20.923,ok,,5,ok,5,,ue2_qfi2,0.968902,ok,0.971144873611902,proxy,5,0.8972788287154234,27055145.6,ok,0.062422727272727276,ok,0.4273977272727273,0.0952875,ok,ue1_qfi82,0.0,99,10.0,data,ok,0.0,ue2_qfi1,18.5,ok,,30.4,ue1_qfi2,0,0.0,0.0,30.303,ok,33.0,,pending,,pending,sensor_dense,32,TwoTier,376383645,1.0
ue5_qfi2,11.367,18.131,20.0,21.769,ok,0.00033173001110466214,ok,ue5_qfi82,0,1,4,1001.5,data,ok,2.0,False,,proxy,3,0,,ue3_qfi2,0.993421052631579,152,150.0,ok,,ue3_qfi2,22.994,ok,,5,ok,5,,ue2_qfi2,0.9722132,ok,0.9997792879120935,proxy,5,0.9996217323992829,27001118.4,ok,0.06208181818181818,ok,0.4350772727272727,0.1010828125,ok,ue1_qfi82,0.0,99,10.0,data,ok,0.0,ue1_qfi9,14.25,ok,,30.2,ue5_qfi2,1,69.25,69.25,30.303,ok,33.0,,pending,,pending,sensor_dense,32,PF,1746484539,1.0
ue1_qfi2,12.209,20.29,22.748,23.531,ok,0.0008710157339732394,ok,ue2_qfi9,0,2,4,1008.9999999999999,data,ok,2.0,False,,proxy,3,0,,ue5_qfi2,0.993421052631579,152,150.0,ok,,ue1_qfi2,24.368,ok,,5,ok,5,,ue2_qfi2,0.9721768000000001,ok,0.9988957130647709,proxy,5,0.9983106155210613,26984942.4,ok,0.07352954545454546,ok,0.4960477272727273,0.118578125,ok,ue1_qfi82,0.0,99,10.0,data,ok,0.0,ue1_qfi9,17.5,ok,,30.2,ue5_qfi2,1,67.25,67.25,30.303,ok,33.0,,pending,,pending,sensor_dense,32,Reservation,1746484539,1.0
ue2_qfi1,1.75,15.75,22.75,22.75,ok,0.001481845760446743,ok,ue2_qfi9,0,1,4,1007.25,data,ok,2.0,False,,proxy,3,0,,ue5_qfi2,0.993421052631579,152,150.0,ok,,ue3_qfi2,21.602,ok,,5,ok,5,,ue2_qfi2,0.9722132,ok,0.9211423228071848,proxy,5,0.7176928351226709,26970995.2,ok,0.062381818181818184,ok,0.45417840909090906,0.098478125,ok,ue1_qfi82,0.0,99,10.0,data,ok,0.0,ue2_qfi1,21.0,ok,,30.4,ue1_qfi2,0,0.0,0.0,30.303,ok,33.0,,pending,,pending,sensor_dense,32,TwoTier,1746484539,1.0
ue5_qfi2,15.663,24.214,26.642,28.169,ok,0.00034322969645683585,ok,ue1_qfi85,1,1,1,4460.25,data,ok,2.0,False,,proxy,3,0,,ue4_qfi2,0.993421052631579,152,150.0,ok,,ue5_qfi2,31.334,ok,,5,ok,5,,ue1_qfi2,0.9718986666666667,ok,0.9995283513836164,proxy,5,0.9992759876491857,40076651.199999996,ok,0.06292954545454546,ok,0.609909090909091,0.1100296875,ok,ue1_qfi82,0.0,99,10.0,data,ok,0.0,ue2_qfi1,18.5,ok,,30.2,ue4_qfi2,1,67.5,67.5,30.303,ok,33.0,,pending,,pending,sensor_dense,32,PF,1826701614,1.5
ue5_qfi2,13.93,24.553,26.883,28.593,ok,0.0009101438294763784,ok,ue1_qfi85,1,1,1,4460.25,data,ok,2.0,False,,proxy,3,0,,ue1_qfi2,1.0,152,150.0,ok,,ue5_qfi2,31.286,ok,,5,ok,5,,ue1_qfi2,0.9719912,ok,0.9971054042073678,proxy,5,0.9963625382920956,40036955.2,ok,0.07499545454545455,ok,0.6657795454545454,0.1374328125,ok,ue1_qfi82,0.0,99,10.0,data,ok,0.0,ue1_qfi9,19.0,ok,,30.4,ue1_qfi2,0,0.0,0.0,30.303,ok,33.0,,pending,,pending,sensor_dense,32,Reservation,1826701614,1.5
ue2_qfi1,9.0,25.5,53.0,53.0,ok,0.0016971271453171905,ok,ue1_qfi85,1,1,1,4460.25,data,ok,2.0,False,,proxy,3,0,,ue1_qfi2,1.0,152,150.0,ok,,ue5_qfi2,29.123,ok,,5,ok,5,,ue1_qfi2,0.9720290666666668,ok,0.8695005352240444,proxy,5,0.7023473321928653,40019252.800000004,ok,0.06323636363636363,ok,0.6334761363636363,0.1052890625,ok,ue1_qfi82,0.0,99,10.0,data,ok,0.0,ue2_qfi1,44.0,ok,,30.4,ue1_qfi2,0,0.0,0.0,30.303,ok,33.0,,pending,,pending,sensor_dense,32,TwoTier,1826701614,1.5
ue5_qfi2,13.815,22.718,24.75,26.25,ok,0.00029707515061910865,ok,ue1_qfi85,0,1,1,1528.7499999999998,data,ok,2.0,False,,proxy,3,0,,ue1_qfi2,1.0,152,150.0,ok,,ue5_qfi2,28.539,ok,,5,ok,5,,ue1_qfi2,0.9658621333333333,ok,0.9996630408705226,proxy,5,0.9994457547153562,39843707.2,ok,0.06288181818181818,ok,0.5908818181818182,0.1052921875,ok,ue1_qfi82,0.0,99,10.0,data,ok,0.0,ue2_qfi1,18.75,ok,,30.4,ue1_qfi2,0,0.0,0.0,30.303,ok,33.0,,pending,,pending,sensor_dense,32,PF,1367864806,1.5
ue1_qfi2,14.217,25.804,28.316,29.942,ok,0.0009370749661981091,ok,ue1_qfi85,0,1,1,1529.0,data,ok,2.0,False,,proxy,3,0,,ue3_qfi2,0.993421052631579,152,150.0,ok,,ue1_qfi2,30.64,ok,,5,ok,5,,ue1_qfi2,0.9657242666666666,ok,0.9970225168941198,proxy,5,0.9962789099659102,39801723.2,ok,0.07506590909090909,ok,0.6486636363636363,0.1287984375,ok,ue1_qfi82,0.0,99,10.0,data,ok,0.0,ue2_qfi1,20.0,ok,,30.2,ue3_qfi2,1,67.5,67.5,30.303,ok,33.0,,pending,,pending,sensor_dense,32,Reservation,1367864806,1.5
ue2_qfi1,8.0,22.75,28.5,28.5,ok,0.0015442320261523205,ok,ue1_qfi85,0,1,1,1529.0,data,ok,2.0,False,,proxy,3,0,,ue2_qfi2,0.993421052631579,152,150.0,ok,,ue3_qfi2,27.563,ok,,5,ok,5,,ue1_qfi2,0.9658621333333333,ok,0.8854849921357314,proxy,5,0.7027402443463697,39784697.6,ok,0.06348636363636363,ok,0.6131636363636364,0.101840625,ok,ue1_qfi82,0.0,99,10.0,data,ok,0.0,ue2_qfi1,20.5,ok,,30.4,ue1_qfi2,0,0.0,0.0,30.303,ok,33.0,,pending,,pending,sensor_dense,32,TwoTier,1367864806,1.5
ue3_qfi2,15.642,23.75,25.75,27.729,ok,0.00024089366348859309,ok,ue2_qfi9,0,2,4,1004.2500000000003,data,ok,2.0,False,,proxy,3,0,,ue1_qfi2,1.0,152,150.0,ok,,ue3_qfi2,29.365,ok,,5,ok,5,,ue2_qfi2,0.9647496,ok,0.9997762129675785,proxy,5,0.9995485201147406,39988504.0,ok,0.06327045454545455,ok,0.5991818181818181,0.1083140625,ok,ue1_qfi82,0.0,99,10.0,data,ok,0.0,ue2_qfi9,19.0,ok,,30.4,ue1_qfi2,0,0.0,0.0,30.303,ok,33.0,,pending,,pending,sensor_dense,32,PF,1097657231,1.5
ue1_qfi9,8.0,24.25,27.25,29.25,ok,0.0008721380968014867,ok,ue2_qfi9,0,1,4,1004.7500000000005,data,ok,2.0,False,,proxy,3,0,,ue2_qfi2,0.993421052631579,152,150.0,ok,,ue3_qfi2,30.335,ok,,5,ok,5,,ue2_qfi2,0.9641335999999999,ok,0.9972980616658866,proxy,5,0.9962853862133354,39952094.4,ok,0.07529772727272727,ok,0.6548602272727273,0.133309375,ok,ue1_qfi82,0.0,99,10.0,data,ok,0.0,ue1_qfi9,21.25,ok,,30.2,ue3_qfi2,1,69.75,69.75,30.303,ok,33.0,,pending,,pending,sensor_dense,32,Reservation,1097657231,1.5
ue4_qfi2,12.689,23.295,25.489,26.537,ok,0.001518717080169039,ok,ue6_qfi82,0,2,2,1308.5,data,ok,2.0,False,,proxy,3,0,,ue3_qfi2,0.993421052631579,152,150.0,ok,,ue5_qfi2,28.764,ok,,5,ok,5,,ue2_qfi2,0.9637637333333334,ok,0.8915502834934156,proxy,5,0.6983413902750812,39909078.4,ok,0.0637659090909091,ok,0.6182954545454545,0.103921875,ok,ue1_qfi82,0.0,99,10.0,data,ok,0.0,ue2_qfi1,17.75,ok,,30.2,ue3_qfi2,1,67.25,67.25,30.303,ok,33.0,,pending,,pending,sensor_dense,32,TwoTier,1097657231,1.5
ue4_qfi2,15.807,23.515,25.303,27.236,ok,0.00026578736720892925,ok,ue2_qfi9,0,1,4,1001.2500000000002,data,ok,2.0,False,,proxy,3,0,,ue1_qfi2,1.0,152,150.0,ok,,ue4_qfi2,30.061,ok,,5,ok,5,,ue2_qfi2,0.9650375999999999,ok,0.9997365157677376,proxy,5,0.9996054860452056,39751179.199999996,ok,0.062104545454545454,ok,0.5840875,0.101846875,ok,ue1_qfi82,0.0,99,10.0,data,ok,0.0,ue2_qfi1,17.0,ok,,30.4,ue1_qfi2,0,0.0,0.0,30.303,ok,33.0,,pending,,pending,sensor_dense,32,PF,579362555,1.5
ue1_qfi2,12.7,24.16,26.876,28.432,ok,0.0008120163606199683,ok,ue2_qfi9,0,1,4,1009.5000000000001,data,ok,2.0,False,,proxy,3,0,,ue1_qfi2,1.0,152,150.0,ok,,ue4_qfi2,30.491,ok,,5,ok,5,,ue2_qfi2,0.9641487999999999,ok,0.9971102168813193,proxy,5,0.9951814010198009,39711892.800000004,ok,0.07353409090909091,ok,0.6416352272727273,0.125815625,ok,ue1_qfi82,0.0,99,10.0,data,ok,0.0,ue1_qfi9,20.25,ok,,30.4,ue1_qfi2,0,0.0,0.0,30.303,ok,33.0,,pending,,pending,sensor_dense,32,Reservation,579362555,1.5
ue2_qfi1,3.25,23.25,30.5,30.5,ok,0.0015794415257687677,ok,ue14_qfi82,0,1,1,1309.0000000000002,data,ok,2.0,False,,proxy,3,0,,ue4_qfi2,0.993421052631579,152,150.0,ok,,ue4_qfi2,29.0,ok,,5,ok,5,,ue2_qfi2,0.9638421333333334,ok,0.8654628433325608,proxy,5,0.6988438987012957,39691593.6,ok,0.062327272727272724,ok,0.6041375,0.0976609375,ok,ue1_qfi82,0.0,99,10.0,data,ok,0.0,ue2_qfi1,27.25,ok,,30.4,ue1_qfi2,0,0.0,0.0,30.303,ok,33.0,,pending,,pending,sensor_dense,32,TwoTier,579362555,1.5
ue4_qfi2,14.777,24.171,26.652,27.822,ok,0.0002885511596147218,ok,ue2_qfi9,0,1,4,1004.2500000000003,data,ok,2.0,False,,proxy,3,0,,ue3_qfi2,0.9868421052631579,152,150.0,ok,,ue4_qfi2,30.387,ok,,5,ok,5,,ue1_qfi2,0.9659461333333333,ok,0.9996905904106056,proxy,5,0.9995050107736397,39840459.2,ok,0.06227272727272727,ok,0.5966306818181818,0.1073125,ok,ue1_qfi82,0.0,99,10.0,data,ok,0.0,ue2_qfi1,19.25,ok,,30.0,ue3_qfi2,1,69.75,69.75,30.303,ok,33.0,,pending,,pending,sensor_dense,32,PF,661058651,1.5
ue4_qfi2,13.566,24.853,27.072,28.589,ok,0.0008009272466127695,ok,ue2_qfi9,0,1,4,1012.2499999999999,data,ok,2.0,False,,proxy,3,0,,ue3_qfi2,0.993421052631579,152,150.0,ok,,ue4_qfi2,31.572,ok,,5,ok,5,,ue1_qfi2,0.9652250666666667,ok,0.9978226411236848,proxy,5,0.9974311745080569,39824659.2,ok,0.07478181818181819,ok,0.6524136363636364,0.1299203125,ok,ue1_qfi82,0.0,99,10.0,data,ok,0.0,ue1_qfi9,20.75,ok,,30.4,ue1_qfi2,0,0.0,0.0,30.303,ok,33.0,,pending,,pending,sensor_dense,32,Reservation,661058651,1.5
ue4_qfi2,13.555,23.816,25.845,27.352,ok,0.0016218983663090023,ok,ue8_qfi82,0,1,1,1804.5,data,ok,2.0,False,,proxy,3,0,,ue1_qfi2,1.0,152,150.0,ok,,ue4_qfi2,29.861,ok,,5,ok,5,,ue1_qfi2,0.9660394666666666,ok,0.8651218275419751,proxy,5,0.7069664480202983,39784673.6,ok,0.062154545454545455,ok,0.6148806818181818,0.1027484375,ok,ue1_qfi82,0.0,99,10.0,data,ok,0.0,ue2_qfi1,18.5,ok,,30.4,ue1_qfi2,0,0.0,0.0,30.303,ok,33.0,,pending,,pending,sensor_dense,32,TwoTier,661058651,1.5
ue3_qfi2,15.25,23.523,25.747,26.747,ok,0.0003011211703493322,ok,ue3_qfi82,0,1,4,1002.7499999999998,data,ok,2.0,False,,proxy,3,0,,ue4_qfi2,0.993421052631579,152,150.0,ok,,ue5_qfi2,28.837,ok,,5,ok,5,,ue2_qfi2,0.9664981333333333,ok,0.9996629673204008,proxy,5,0.9995148731308721,39908441.6,ok,0.06266818181818182,ok,0.6034647727272727,0.1072625,ok,ue1_qfi82,0.0,99,10.0,data,ok,0.0,ue2_qfi9,17.5,ok,,30.2,ue4_qfi2,1,67.5,67.5,30.303,ok,33.0,,pending,,pending,sensor_dense,32,PF,87989972,1.5
ue1_qfi9,8.5,24.5,27.5,29.75,ok,0.0008826828940450102,ok,ue2_qfi9,0,2,4,1002.5,data,ok,2.0,False,,proxy,3,0,,ue1_qfi2,0.993421052631579,152,150.0,ok,,ue3_qfi2,31.224,ok,,5,ok,5,,ue2_qfi2,0.9664981333333333,ok,0.9973153038504833,proxy,5,0.9967351217048741,39866352.0,ok,0.07439090909090909,ok,0.6604227272727273,0.132846875,ok,ue1_qfi82,0.0,99,10.0,data,ok,0.0,ue1_qfi9,21.25,ok,,30.2,ue5_qfi2,1,68.75,68.75,30.303,ok,33.0,,pending,,pending,sensor_dense,32,Reservation,87989972,1.5
ue5_qfi2,12.45,23.337,25.56,26.837,ok,0.0015339825466803441,ok,ue11_qfi82,0,1,1,1306.2500000000005,data,ok,2.0,False,,proxy,3,0,,ue1_qfi2,1.0,152,150.0,ok,,ue4_qfi2,28.639,ok,,5,ok,5,,ue2_qfi2,0.9664981333333333,ok,0.8882256216166944,proxy,5,0.715588939549009,39862384.0,ok,0.06273636363636363,ok,0.6257875,0.1032125,ok,ue1_qfi82,0.0,99,10.0,data,ok,0.0,ue1_qfi9,18.5,ok,,30.4,ue1_qfi2,0,0.0,0.0,30.303,ok,33.0,,pending,,pending,sensor_dense,32,TwoTier,87989972,1.5
ue4_qfi2,15.721,23.983,25.834,26.884,ok,0.0003143891797189305,ok,ue3_qfi82,0,1,4,1001.5,data,ok,2.0,False,,proxy,3,0,,ue3_qfi2,0.9868421052631579,152,150.0,ok,,ue4_qfi2,29.637,ok,,5,ok,5,,ue2_qfi2,0.9629837333333334,ok,0.9996604337471368,proxy,5,0.9994940929426904,39888072.0,ok,0.06284090909090909,ok,0.610028409090909,0.10855,ok,ue1_qfi82,0.0,99,10.0,data,ok,0.0,ue2_qfi1,16.5,ok,,30.0,ue3_qfi2,1,69.75,69.75,30.303,ok,33.0,,pending,,pending,sensor_dense,32,PF,161576974,1.5
ue1_qfi2,13.67,24.792,27.5,29.017,ok,0.000837274156919964,ok,ue2_qfi9,0,2,4,1002.5,data,ok,2.0,False,,proxy,3,0,,ue1_qfi2,0.993421052631579,152,150.0,ok,,ue4_qfi2,30.842,ok,,5,ok,5,,ue2_qfi2,0.9629837333333334,ok,0.9975806479824667,proxy,5,0.9973300626367436,39851067.2,ok,0.07444318181818183,ok,0.6667806818181818,0.134434375,ok,ue1_qfi82,0.0,99,10.0,data,ok,0.0,ue1_qfi9,19.5,ok,,30.2,ue1_qfi2,1,75.25,75.25,30.303,ok,33.0,,pending,,pending,sensor_dense,32,Reservation,161576974,1.5
ue2_qfi1,8.25,23.0,28.25,28.25,ok,0.0014841022023935504,ok,ue6_qfi82,0,2,2,1805.25,data,ok,2.0,False,,proxy,3,0,,ue3_qfi2,0.993421052631579,152,150.0,ok,,ue5_qfi2,29.492,ok,,5,ok,5,,ue2_qfi2,0.9629837333333334,ok,0.8882272141620836,proxy,5,0.7026010495743673,39834336.0,ok,0.06318409090909091,ok,0.6331125,0.104346875,ok,ue1_qfi82,0.0,99,10.0,data,ok,0.0,ue2_qfi1,20.0,ok,,30.4,ue1_qfi2,0,0.0,0.0,30.303,ok,33.0,,pending,,pending,sensor_dense,32,TwoTier,161576974,1.5
ue3_qfi2,17.967,25.84,28.085,29.75,ok,0.0003455722512395289,ok,ue2_qfi9,0,1,4,1001.5,data,ok,2.0,False,,proxy,3,0,,ue5_qfi2,0.993421052631579,152,150.0,ok,,ue3_qfi2,32.781,ok,,5,ok,5,,ue1_qfi2,0.9745405333333333,ok,0.9995648462088129,proxy,5,0.9994134167624465,40258945.6,ok,0.0631340909090909,ok,0.641346590909091,0.11635625,ok,ue1_qfi82,0.0,99,10.0,data,ok,0.0,ue2_qfi9,18.5,ok,,30.4,ue1_qfi2,0,0.0,0.0,30.303,ok,33.0,,pending,,pending,sensor_dense,32,PF,35492826,1.5
ue1_qfi9,9.25,26.25,29.5,33.25,ok,0.0008624538898240698,ok,ue2_qfi9,0,2,4,1009.2500000000002,data,ok,2.0,False,,proxy,3,0,,ue2_qfi2,0.993421052631579,152,150.0,ok,,ue3_qfi2,32.717,ok,,5,ok,5,,ue1_qfi2,0.9743584000000001,ok,0.9973345237437592,proxy,5,0.9966011452953358,40213620.8,ok,0.07485681818181818,ok,0.6991363636363637,0.145878125,ok,ue1_qfi82,0.0,99,10.0,data,ok,0.0,ue1_qfi9,24.0,ok,,30.2,ue4_qfi2,1,76.5,76.5,30.303,ok,33.0,,pending,,pending,sensor_dense,32,Reservation,35492826,1.5
ue3_qfi2,14.871,24.629,26.828,28.37,ok,0.0017728863236288863,ok,ue7_qfi82,0,2,2,1804.25,data,ok,2.0,False,,proxy,3,0,,ue4_qfi2,0.993421052631579,152,150.0,ok,,ue3_qfi2,30.535,ok,,5,ok,5,,ue1_qfi2,0.9744605333333334,ok,0.8465219001227242,proxy,5,0.6984545816367038,40192283.199999996,ok,0.06307045454545454,ok,0.6647329545454546,0.11105625,ok,ue1_qfi82,0.0,99,10.0,data,ok,0.0,ue2_qfi1,19.5,ok,,30.4,ue1_qfi2,0,0.0,0.0,30.303,ok,33.0,,pending,,pending,sensor_dense,32,TwoTier,35492826,1.5
ue5_qfi2,13.765,22.73,24.75,26.174,ok,0.000246547073505,ok,ue2_qfi9,0,1,4,1007.0000000000001,data,ok,2.0,False,,proxy,3,0,,ue1_qfi2,0.993421052631579,152,150.0,ok,,ue4_qfi2,29.743,ok,,5,ok,5,,ue2_qfi2,0.9689141333333333,ok,0.9997385380509236,proxy,5,0.999483042211011,40070244.8,ok,0.06272045454545455,ok,0.5892897727272727,0.1037328125,ok,ue1_qfi82,0.0,99,10.0,data,ok,0.0,ue2_qfi1,18.5,ok,,30.2,ue3_qfi2,1,79.25,79.25,30.303,ok,33.0,,pending,,pending,sensor_dense,32,PF,376383645,1.5
ue1_qfi2,12.914,25.066,27.398,29.087,ok,0.0008913273161251531,ok,ue2_qfi9,0,1,4,1005.0000000000003,data,ok,2.0,False,,proxy,3,0,,ue4_qfi2,0.993421052631579,152,150.0,ok,,ue1_qfi2,29.823,ok,,5,ok,5,,ue2_qfi2,0.9689141333333333,ok,0.9964945952277388,proxy,5,0.9943616862828737,40029494.4,ok,0.07417727272727273,ok,0.6478238636363637,0.127315625,ok,ue1_qfi82,0.0,99,10.0,data,ok,0.0,ue2_qfi9,20.25,ok,,30.2,ue4_qfi2,1,74.0,74.0,30.303,ok,33.0,,pending,,pending,sensor_dense,32,Reservation,376383645,1.5
ue2_qfi1,9.0,22.75,28.25,28.25,ok,0.0014905949907768037,ok,ue8_qfi82,0,2,2,1804.5,data,ok,2.0,False,,proxy,3,0,,ue2_qfi2,0.993421052631579,152,150.0,ok,,ue5_qfi2,27.776,ok,,5,ok,5,,ue2_qfi2,0.9684061333333333,ok,0.8896543394877277,proxy,5,0.6980732043400879,40017358.4,ok,0.06296363636363636,ok,0.6090306818181818,0.0996,ok,ue1_qfi82,0.0,99,10.0,data,ok,0.0,ue2_qfi1,19.25,ok,,30.4,ue1_qfi2,0,0.0,0.0,30.303,ok,33.0,,pending,,pending,sensor_dense,32,TwoTier,376383645,1.5
ue5_qfi2,16.721,25.0,27.471,29.0,ok,0.0004083584654467947,ok,ue2_qfi9,0,1,4,1007.4999999999999,data,ok,2.0,False,,proxy,3,0,,ue1_qfi2,0.993421052631579,152,150.0,ok,,ue5_qfi2,30.931,ok,,5,ok,5,,ue2_qfi2,0.9722245333333334,ok,0.9993654412063566,proxy,5,0.9989540081668243,39937212.8,ok,0.06263863636363637,ok,0.6262215909090909,0.1089421875,ok,ue1_qfi82,0.0,99,10.0,data,ok,0.0,ue1_qfi9,17.5,ok,,30.2,ue1_qfi2,0,0.0,0.0,30.303,ok,33.0,,pending,,pending,sensor_dense,32,PF,1746484539,1.5
ue5_qfi2,15.286,25.455,27.788,29.336,ok,0.0008865829866885101,ok,ue2_qfi9,0,1,4,1010.9999999999997,data,ok,2.0,False,,proxy,3,0,,ue4_qfi2,0.993421052631579,152,150.0,ok,,ue3_qfi2,33.043,ok,,5,ok,5,,ue2_qfi2,0.9722245333333334,ok,0.9972540809994419,proxy,5,0.9966468548012013,39886502.4,ok,0.07368181818181818,ok,0.6820397727272727,0.136875,ok,ue1_qfi82,0.0,99,10.0,data,ok,0.0,ue1_qfi9,20.25,ok,,30.2,ue4_qfi2,1,67.25,67.25,30.303,ok,33.0,,pending,,pending,sensor_dense,32,Reservation,1746484539,1.5
ue2_qfi1,9.5,23.25,28.0,28.0,ok,0.0018018329741841931,ok,ue6_qfi82,0,2,2,1805.0,data,ok,2.0,False,,proxy,3,0,,ue1_qfi2,1.0,152,150.0,ok,,ue3_qfi2,29.776,ok,,5,ok,5,,ue2_qfi2,0.9714744000000001,ok,0.8628903336142344,proxy,5,0.7023828888130298,39881102.4,ok,0.06274772727272727,ok,0.6501022727272727,0.1043125,ok,ue1_qfi82,0.0,99,10.0,data,ok,0.0,ue1_qfi9,19.0,ok,,30.4,ue1_qfi2,0,0.0,0.0,30.303,ok,33.0,,pending,,pending,sensor_dense,32,TwoTier,1746484539,1.5
ue1_qfi9,11.75,36.75,54.5,65.0,ok,0.0018603969441913404,ok,ue2_qfi85,1,1,1,3183.5000000000005,data,ok,2.0,False,,proxy,3,0,,ue1_qfi2,0.993421052631579,152,150.0,ok,,ue25_qfi2,59.145,ok,,25,ok,25,,ue1_qfi2,0.9583552,ok,0.9949739473527334,proxy,5,0.9941668177637389,54567585.6,ok,0.038454545454545457,ok,0.8567034090909091,0.080353125,ok,ue1_qfi82,0.0,99,10.0,data,ok,0.0,ue8_qfi1,55.75,ok,,30.2,ue25_qfi2,1,67.25,67.25,30.303,ok,33.0,,pending,,pending,drone_heavy,32,PF,1826701614,0.5
ue21_qfi9,9.25,60.5,60.5,60.5,ok,0.00212929357316686,ok,ue2_qfi85,1,1,1,3183.7500000000005,data,ok,2.0,False,,proxy,3,0,,ue17_qfi2,0.993421052631579,152,150.0,ok,,ue2_qfi2,37.023,ok,,25,ok,25,,ue4_qfi2,0.9599168,ok,0.9705053989822856,proxy,5,0.9388695782872454,54525281.6,ok,0.04163181818181818,ok,0.8460693181818182,0.2754234375,ok,ue1_qfi82,0.0,99,10.0,data,ok,0.0,ue21_qfi9,51.25,ok,,30.4,ue3_qfi2,1,70.25,70.25,30.303,ok,33.0,,pending,,pending,drone_heavy,32,Reservation,1826701614,0.5
ue8_qfi1,14.25,44.25,61.0,61.0,ok,0.001172848362678611,ok,ue2_qfi85,1,1,1,3183.7500000000005,data,ok,2.0,False,,proxy,3,0,,ue1_qfi2,1.0,152,150.0,ok,,ue23_qfi2,46.958,ok,,25,ok,25,,ue4_qfi2,0.9550424000000001,ok,0.9669585871834983,proxy,5,0.9525365072981962,54558192.0,ok,0.03716590909090909,ok,0.880575,0.0852359375,ok,ue1_qfi82,0.0,99,10.0,data,ok,0.0,ue8_qfi1,46.75,ok,,30.4,ue24_qfi2,2,75.25,146.25,30.303,ok,33.0,,pending,,pending,drone_heavy,32,TwoTier,1826701614,0.5
ue10_qfi1,8.0,19.25,74.0,74.0,ok,0.001994745973471107,ok,ue9_qfi9,0,1,4,1019.7500000000006,data,ok,2.0,False,,proxy,3,0,,ue2_qfi2,0.993421052631579,152,150.0,ok,,ue23_qfi2,59.439,ok,,25,ok,25,,ue4_qfi2,0.957472,ok,0.9943941002335318,proxy,5,0.9933854897648758,54453395.2,ok,0.03763863636363636,ok,0.8570431818181818,0.081953125,ok,ue1_qfi82,0.0,99,10.0,data,ok,0.0,ue10_qfi1,66.0,ok,,30.2,ue18_qfi2,1,68.25,68.25,30.303,ok,33.0,,pending,,pending,drone_heavy,32,PF,1367864806,0.5
ue4_qfi1,13.0,27.0,53.0,53.0,ok,0.0022218919667467345,ok,ue28_qfi82,0,1,1,1308.7499999999998,data,ok,2.0,False,,proxy,3,0,,ue12_qfi2,0.993421052631579,152,150.0,ok,,ue3_qfi2,34.791,ok,,25,ok,25,,ue4_qfi2,0.956868,ok,0.9716354387928764,proxy,5,0.9471753048198615,54431811.2,ok,0.041095454545454546,ok,0.847096590909091,0.275371875,ok,ue1_qfi82,0.0,99,10.0,data,ok,0.0,ue4_qfi1,40.0,ok,,30.4,ue1_qfi2,0,0.0,0.0,30.303,ok,33.0,,pending,,pending,drone_heavy,32,Reservation,1367864806,0.5
ue12_qfi1,14.75,53.25,71.5,71.5,ok,0.0011958167362588312,ok,ue18_qfi9,0,1,4,1044.25,data,ok,2.0,False,,proxy,3,0,,ue5_qfi2,0.9868421052631579,152,150.0,ok,,ue25_qfi2,42.834,ok,,25,ok,25,,ue4_qfi2,0.957472,ok,0.9601535973137254,proxy,5,0.9510957249998407,54469420.8,ok,0.037125,ok,0.8838659090909091,0.0878671875,ok,ue1_qfi82,0.0,99,10.0,data,ok,0.0,ue12_qfi1,56.75,ok,,30.0,ue5_qfi2,3,95.0,244.75,30.303,ok,33.0,,pending,,pending,drone_heavy,32,TwoTier,1367864806,0.5
ue8_qfi1,11.0,26.0,68.75,68.75,ok,0.001907691904777298,ok,ue18_qfi9,0,1,4,1022.0000000000002,data,ok,2.0,False,,proxy,3,0,,ue7_qfi2,0.993421052631579,152,150.0,ok,,ue24_qfi2,63.267,ok,,25,ok,25,,ue15_qfi2,0.953312,ok,0.9947910740655155,proxy,5,0.994120213656271,54391587.2,ok,0.03903636363636363,ok,0.8886102272727273,0.0901875,ok,ue1_qfi82,0.0,99,10.0,data,ok,0.0,ue8_qfi1,57.75,ok,,30.2,ue13_qfi2,1,72.0,72.0,30.303,ok,33.0,,pending,,pending,drone_heavy,32,PF,1097657231,0.5
ue10_qfi9,18.25,88.25,88.25,88.25,ok,0.0022779126229273455,ok,ue26_qfi82,0,1,1,1306.4999999999998,data,ok,2.0,False,,proxy,3,0,,ue1_qfi2,0.9933774834437086,151,150.0,ok,,ue2_qfi2,39.475,ok,,25,ok,25,,ue15_qfi2,0.9544144,ok,0.9712261123984248,proxy,5,0.9461506230040254,54360558.4,ok,0.04181818181818182,ok,0.8684022727272728,0.314059375,ok,ue1_qfi82,0.0,99,10.0,data,ok,0.0,ue10_qfi9,70.0,ok,,30.0,ue1_qfi2,3,76.25,213.75,30.303,ok,33.0,,pending,,pending,drone_heavy,32,Reservation,1097657231,0.5
ue21_qfi1,15.5,50.25,79.0,79.0,ok,0.001473658879944051,ok,ue31_qfi83,0,1,1,1797.75,data,ok,2.0,False,,proxy,3,0,,ue7_qfi2,0.9933774834437086,151,150.0,ok,,ue23_qfi2,52.931,ok,,24,ok,25,,ue7_qfi2,0.9479791999999999,ok,0.9506813324276553,proxy,5,0.9352424540931771,54388182.4,ok,0.037561363636363636,ok,0.9111420454545455,0.0919828125,ok,ue1_qfi82,0.0,99,10.0,data,ok,0.0,ue14_qfi1,64.25,ok,,30.4,ue20_qfi2,5,80.75,375.5,30.303,ok,33.0,,pending,,pending,drone_heavy,32,TwoTier,1097657231,0.5
ue10_qfi1,9.25,17.25,65.5,65.5,ok,0.0018608533453660793,ok,ue1_qfi85,1,1,1,3817.5,data,ok,2.0,False,,proxy,3,0,,ue12_qfi2,0.993421052631579,152,150.0,ok,,ue25_qfi2,63.148,ok,,25,ok,25,,ue14_qfi2,0.9549088,ok,0.9949293729702946,proxy,5,0.9938254423837964,54441862.4,ok,0.037779545454545455,ok,0.8712295454545455,0.0850546875,ok,ue1_qfi82,0.0,99,10.0,data,ok,0.0,ue20_qfi9,56.5,ok,,30.4,ue1_qfi2,0,0.0,0.0,30.303,ok,33.0,,pending,,pending,drone_heavy,32,PF,579362555,0.5
ue20_qfi9,12.75,60.5,60.5,60.5,ok,0.0022058538851678347,ok,ue1_qfi85,1,1,1,3817.5,data,ok,2.0,False,,proxy,3,0,,ue4_qfi2,0.993421052631579,152,150.0,ok,,ue3_qfi2,37.093,ok,,25,ok,25,,ue14_qfi2,0.9542672,ok,0.9670863729864843,proxy,5,0.9479441859817083,54431011.2,ok,0.04126136363636364,ok,0.8574215909090909,0.2907359375,ok,ue1_qfi82,0.0,99,10.0,data,ok,0.0,ue20_qfi9,47.75,ok,,30.4,ue2_qfi2,1,71.5,71.5,30.303,ok,33.0,,pending,,pending,drone_heavy,32,Reservation,579362555,0.5
ue20_qfi9,4.75,87.75,87.75,87.75,ok,0.0012855110963371221,ok,ue1_qfi85,1,1,1,3817.5,data,ok,2.0,False,,proxy,3,0,,ue6_qfi2,0.993421052631579,152,150.0,ok,,ue25_qfi2,49.147,ok,,24,ok,25,,ue14_qfi2,0.9497072,ok,0.9581267924518027,proxy,5,0.9441972301215592,54475246.4,ok,0.03653863636363636,ok,0.8968079545454546,0.0886625,ok,ue1_qfi82,0.0,99,10.0,data,ok,0.0,ue20_qfi9,83.0,ok,,30.2,ue17_qfi2,4,76.0,289.75,30.303,ok,33.0,,pending,,pending,drone_heavy,32,TwoTier,579362555,0.5
ue25_qfi2,28.657,54.505,60.271,61.393,ok,0.0020496806870733317,ok,ue7_qfi9,0,1,4,1019.7500000000001,data,ok,2.0,False,,proxy,3,0,,ue25_qfi2,0.9933774834437086,151,150.0,ok,,ue25_qfi2,62.2,ok,,25,ok,25,,ue9_qfi2,0.9557584,ok,0.9938907063520933,proxy,5,0.9923972325737626,54380948.8,ok,0.038577272727272724,ok,0.8698022727272727,0.08416875,ok,ue1_qfi82,0.0,99,10.0,data,ok,0.0,ue13_qfi1,42.5,ok,,30.4,ue1_qfi2,0,0.0,0.0,30.303,ok,33.0,,pending,,pending,drone_heavy,32,PF,661058651,0.5
ue21_qfi9,13.0,58.5,58.5,58.5,ok,0.0021992972424010834,ok,ue29_qfi82,0,1,1,1405.2499999999998,data,ok,2.0,False,,proxy,3,0,,ue13_qfi2,0.993421052631579,152,150.0,ok,,ue1_qfi2,35.853,ok,,25,ok,25,,ue9_qfi2,0.9557168,ok,0.9722992257757864,proxy,5,0.9479977699814726,54351323.2,ok,0.04125,ok,0.8543875,0.2850234375,ok,ue1_qfi82,0.0,99,10.0,data,ok,0.0,ue21_qfi9,45.5,ok,,30.2,ue14_qfi2,1,72.75,72.75,30.303,ok,33.0,,pending,,pending,drone_heavy,32,Reservation,661058651,0.5
ue4_qfi1,14.5,49.5,72.5,72.5,ok,0.0014593906409869333,ok,ue22_qfi9,0,1,4,1052.0,data,ok,2.0,False,,proxy,3,0,,ue1_qfi2,1.0,152,150.0,ok,,ue24_qfi2,46.75,ok,,25,ok,25,,ue9_qfi2,0.9569472,ok,0.949647303740678,proxy,5,0.944617289647699,54351206.4,ok,0.03746818181818182,ok,0.8943170454545455,0.089453125,ok,ue1_qfi82,0.0,99,10.0,data,ok,0.0,ue4_qfi1,58.0,ok,,30.0,ue24_qfi2,3,77.0,219.75,30.303,ok,33.0,,pending,,pending,drone_heavy,32,TwoTier,661058651,0.5
ue17_qfi1,9.25,47.0,74.75,74.75,ok,0.001942734017989337,ok,ue1_qfi85,1,1,1,3973.75,data,ok,2.0,False,,proxy,3,0,,ue13_qfi2,0.993421052631579,152,150.0,ok,,ue23_qfi2,58.683,ok,,25,ok,25,,ue19_qfi2,0.9610104,ok,0.9944047904861621,proxy,5,0.9925788945817032,54389700.8,ok,0.03884318181818182,ok,0.8698897727272727,0.0828359375,ok,ue1_qfi82,0.0,99,10.0,data,ok,0.0,ue17_qfi1,65.5,ok,,30.2,ue13_qfi2,1,69.0,69.0,30.303,ok,33.0,,pending,,pending,drone_heavy,32,PF,87989972,0.5
ue13_qfi1,13.75,30.25,55.25,55.25,ok,0.0022660107605342473,ok,ue1_qfi85,1,1,1,3973.75,data,ok,2.0,False,,proxy,3,0,,ue1_qfi2,1.0,151,150.0,ok,,ue3_qfi2,38.173,ok,,25,ok,25,,ue19_qfi2,0.9595488000000001,ok,0.9707053379226389,proxy,5,0.9466431541415419,54371305.6,ok,0.04172954545454546,ok,0.8559681818181818,0.2893234375,ok,ue1_qfi82,0.0,99,10.0,data,ok,0.0,ue13_qfi1,41.5,ok,,30.4,ue3_qfi2,1,67.0,67.0,30.303,ok,33.0,,pending,,pending,drone_heavy,32,Reservation,87989972,0.5
ue8_qfi9,17.0,81.0,81.0,81.0,ok,0.0012952693937193806,ok,ue1_qfi85,1,1,1,3973.75,data,ok,2.0,False,,proxy,3,0,,ue21_qfi2,0.9933774834437086,151,150.0,ok,,ue23_qfi2,45.799,ok,,25,ok,25,,ue5_qfi2,0.9571304,ok,0.9594231625455208,proxy,5,0.948404053018526,54424334.4,ok,0.03809318181818182,ok,0.8955829545454546,0.087959375,ok,ue1_qfi82,0.0,99,10.0,data,ok,0.0,ue8_qfi9,64.0,ok,,30.2,ue6_qfi2,5,80.0,365.25,30.303,ok,33.0,,pending,,pending,drone_heavy,32,TwoTier,87989972,0.5
ue3_qfi9,16.25,47.75,56.5,72.25,ok,0.0019058831534727295,ok,ue9_qfi9,0,1,4,1052.7499999999995,data,ok,2.0,False,,proxy,3,0,,ue4_qfi2,0.993421052631579,152,150.0,ok,,ue25_qfi2,61.479,ok,,25,ok,25,,ue12_qfi2,0.9545408000000001,ok,0.9947528013458982,proxy,5,0.9935424626464259,54261379.2,ok,0.03789772727272727,ok,0.8672147727272728,0.0863015625,ok,ue1_qfi82,0.0,99,10.0,data,ok,0.0,ue3_qfi9,56.0,ok,,30.2,ue11_qfi2,1,67.25,67.25,30.303,ok,33.0,,pending,,pending,drone_heavy,32,PF,161576974,0.5
ue3_qfi9,17.0,44.75,52.5,56.5,ok,0.002215512875235037,ok,ue26_qfi82,0,1,1,1308.7499999999998,data,ok,2.0,False,,proxy,3,0,,ue1_qfi2,1.0,152,150.0,ok,,ue3_qfi2,36.513,ok,,25,ok,25,,ue12_qfi2,0.9547976,ok,0.9712332198592376,proxy,5,0.9477286717401656,54245732.8,ok,0.04169090909090909,ok,0.8537318181818182,0.2925265625,ok,ue1_qfi82,0.0,99,10.0,data,ok,0.0,ue3_qfi9,39.5,ok,,30.4,ue1_qfi2,0,0.0,0.0,30.303,ok,33.0,,pending,,pending,drone_heavy,32,Reservation,161576974,0.5
ue11_qfi9,12.0,94.75,94.75,94.75,ok,0.0012716985514765584,ok,ue11_qfi9,0,1,4,1091.9999999999995,data,ok,2.0,False,,proxy,3,0,,ue24_qfi2,0.993421052631579,152,150.0,ok,,ue25_qfi2,51.75,ok,,25,ok,25,,ue6_qfi2,0.9502688,ok,0.9623541594076428,proxy,5,0.9482298226936182,54308665.6,ok,0.03736818181818182,ok,0.8913477272727273,0.0910796875,ok,ue1_qfi82,0.0,99,10.0,data,ok,0.0,ue11_qfi9,82.75,ok,,30.4,ue25_qfi2,6,85.25,456.5,30.303,ok,33.0,,pending,,pending,drone_heavy,32,TwoTier,161576974,0.5
ue16_qfi1,9.75,25.25,77.75,77.75,ok,0.001944607512876374,ok,ue7_qfi9,0,1,4,1018.2499999999997,data,ok,2.0,False,,proxy,3,0,,ue1_qfi2,1.0,151,150.0,ok,,ue25_qfi2,62.297,ok,,25,ok,25,,ue15_qfi2,0.9569352,ok,0.9943859885061161,proxy,5,0.9919789024880048,54565179.2,ok,0.038475,ok,0.8797806818181818,0.085515625,ok,ue1_qfi82,0.0,99,10.0,data,ok,0.0,ue16_qfi1,68.0,ok,,30.2,ue1_qfi2,0,0.0,0.0,30.303,ok,33.0,,pending,,pending,drone_heavy,32,PF,35492826,0.5
ue3_qfi9,18.5,48.75,56.5,60.5,ok,0.002245232098361512,ok,ue20_qfi9,0,1,4,1020.75,data,ok,2.0,False,,proxy,3,0,,ue21_qfi2,0.993421052631579,152,150.0,ok,,ue2_qfi2,37.284,ok,,25,ok,25,,ue15_qfi2,0.9551768,ok,0.9652862547767624,proxy,5,0.9477236626210749,54533992.0,ok,0.04159772727272727,ok,0.8620897727272727,0.31053125,ok,ue1_qfi82,0.0,99,10.0,data,ok,0.0,ue3_qfi9,42.0,ok,,30.4,ue3_qfi2,2,76.75,150.5,30.303,ok,33.0,,pending,,pending,drone_heavy,32,Reservation,35492826,0.5
ue11_qfi1,19.75,49.5,74.0,74.0,ok,0.0012937855351568904,ok,ue22_qfi9,0,2,4,1049.0,data,ok,2.0,False,,proxy,3,0,,ue9_qfi2,0.993421052631579,152,150.0,ok,,ue23_qfi2,48.873,ok,,25,ok,25,,ue15_qfi2,0.9502704000000001,ok,0.9642496011450001,proxy,5,0.9477142259506023,54589656.0,ok,0.03797954545454545,ok,0.9033806818181818,0.089703125,ok,ue1_qfi82,0.0,99,10.0,data,ok,0.0,ue9_qfi1,59.5,ok,,30.4,ue16_qfi2,3,78.5,220.0,30.303,ok,33.0,,pending,,pending,drone_heavy,32,TwoTier,35492826,0.5
ue1_qfi9,16.5,51.5,61.75,68.75,ok,0.0020714668399744564,ok,ue21_qfi9,0,1,4,1022.7499999999998,data,ok,2.0,False,,proxy,3,0,,ue1_qfi2,0.993421052631579,152,150.0,ok,,ue25_qfi2,61.922,ok,,25,ok,25,,ue7_qfi2,0.9522024,ok,0.9938419680406938,proxy,5,0.9925865976526105,54344449.6,ok,0.03860681818181818,ok,0.8626738636363637,0.081275,ok,ue1_qfi82,0.0,99,10.0,data,ok,0.0,ue1_qfi9,52.25,ok,,30.2,ue1_qfi2,1,67.25,67.25,30.303,ok,33.0,,pending,,pending,drone_heavy,32,PF,376383645,0.5
ue15_qfi1,13.0,27.0,72.75,72.75,ok,0.0023231260632471003,ok,ue27_qfi82,0,1,1,1309.2500000000005,data,ok,2.0,False,,proxy,3,0,,ue19_qfi2,0.993421052631579,152,150.0,ok,,ue3_qfi2,37.256,ok,,25,ok,25,,ue7_qfi2,0.95242,ok,0.972093873805612,proxy,5,0.9480953222645581,54339956.8,ok,0.04146363636363636,ok,0.8509727272727273,0.2758765625,ok,ue1_qfi82,0.0,99,10.0,data,ok,0.0,ue15_qfi1,59.75,ok,,30.2,ue19_qfi2,1,72.75,72.75,30.303,ok,33.0,,pending,,pending,drone_heavy,32,Reservation,376383645,0.5
ue9_qfi1,18.5,46.5,65.25,65.25,ok,0.0011877983397914824,ok,ue26_qfi82,0,1,1,1296.0,data,ok,2.0,False,,proxy,3,0,,ue1_qfi2,1.0,152,150.0,ok,,ue25_qfi2,47.215,ok,,24,ok,25,,ue7_qfi2,0.9470008000000001,ok,0.959484309894661,proxy,5,0.9528371866758772,54388920.0,ok,0.03760454545454545,ok,0.8894943181818182,0.0874515625,ok,ue1_qfi82,0.0,99,10.0,data,ok,0.0,ue6_qfi1,47.25,ok,,30.2,ue10_qfi2,3,84.75,238.25,30.303,ok,33.0,,pending,,pending,drone_heavy,32,TwoTier,376383645,0.5
ue3_qfi9,16.0,50.0,59.5,68.0,ok,0.002028739619615125,ok,ue18_qfi9,0,2,4,1020.0000000000005,data,ok,2.0,False,,proxy,3,0,,ue6_qfi2,0.993421052631579,152,150.0,ok,,ue23_qfi2,60.422,ok,,25,ok,25,,ue18_qfi2,0.9618608000000001,ok,0.9936254344461206,proxy,5,0.9916130824440519,54569249.6,ok,0.03883181818181818,ok,0.8702534090909091,0.082828125,ok,ue1_qfi82,0.0,99,10.0,data,ok,0.0,ue22_qfi1,52.25,ok,,30.2,ue22_qfi2,1,70.25,70.25,30.303,ok,33.0,,pending,,pending,drone_heavy,32,PF,1746484539,0.5
ue22_qfi9,13.25,62.75,62.75,62.75,ok,0.002279028636599709,ok,ue26_qfi82,0,1,1,1309.2500000000005,data,ok,2.0,False,,proxy,3,0,,ue12_qfi2,0.993421052631579,152,150.0,ok,,ue3_qfi2,37.887,ok,,25,ok,25,,ue18_qfi2,0.9612096,ok,0.9666664073210057,proxy,5,0.9460752648960239,54538088.0,ok,0.04157045454545454,ok,0.8572363636363637,0.2926921875,ok,ue1_qfi82,0.0,99,10.0,data,ok,0.0,ue22_qfi9,49.5,ok,,30.2,ue12_qfi2,1,71.5,71.5,30.303,ok,33.0,,pending,,pending,drone_heavy,32,Reservation,1746484539,0.5
ue20_qfi1,13.25,48.0,78.5,78.5,ok,0.001352657384163897,ok,ue10_qfi9,0,2,4,1053.2500000000002,data,ok,2.0,False,,proxy,3,0,,ue25_qfi2,0.9868421052631579,152,150.0,ok,,ue25_qfi2,49.423,ok,,25,ok,25,,ue18_qfi2,0.955644,ok,0.9670067813981928,proxy,5,0.9461951956462022,54538579.2,ok,0.037675,ok,0.8969022727272727,0.0889328125,ok,ue1_qfi82,0.0,99,10.0,data,ok,0.0,ue20_qfi1,65.25,ok,,30.4,ue24_qfi2,3,110.0,244.5,30.303,ok,33.0,,pending,,pending,drone_heavy,32,TwoTier,1746484539,0.5
ue10_qfi2,133.02,148.482,149.75,150.027,ok,0.3417181393849053,ok,ue2_qfi85,1,1,1,3182.250000000001,data,ok,2.0,False,,proxy,3,0,,ue25_qfi2,0.013513513513513514,148,150.0,ok,,ue1_qfi2,150.242,ok,,0,ok,25,,ue25_qfi2,0.45638320000000004,ok,0.5812401921179523,proxy,5,0.5753632230026579,68775633.6,ok,0.03788409090909091,ok,0.928275,0.0550671875,ok,ue1_qfi82,0.0,99,10.0,data,ok,0.0,ue3_qfi2,18.513000000000005,ok,,6.4,ue20_qfi2,16,1710.75,4369.5,30.303,ok,33.0,,pending,,pending,drone_heavy,32,PF,1826701614,1.0
ue11_qfi9,292.75,292.75,292.75,292.75,ok,0.3676970453209179,ok,ue19_qfi9,1,1,1,3832.25,data,ok,2.0,False,,proxy,3,0,,ue21_qfi2,0.0,147,150.0,ok,,ue2_qfi2,148.584,ok,,1,ok,25,,ue21_qfi2,0.0,ok,0.6094101616340224,proxy,5,0.481698445017604,66281966.4,ok,0.04159090909090909,ok,0.9198795454545454,0.3902078125,ok,ue1_qfi82,0.0,99,10.0,data,ok,0.0,ue4_qfi2,99.94200000000001,ok,,8.8,ue2_qfi2,13,1952.75,4077.0,30.303,ok,33.0,,pending,,pending,drone_heavy,32,Reservation,1826701614,1.0
ue3_qfi9,203.75,290.5,296.5,298.5,ok,0.3602807454849918,ok,ue2_qfi85,1,1,1,3185.2500000000005,data,ok,2.0,False,,proxy,3,0,,ue19_qfi2,0.0,147,150.0,ok,,ue2_qfi2,146.0,ok,,2,ok,25,,ue19_qfi2,0.0,ok,0.5116182280635924,proxy,5,0.4746489168040952,66782947.2,ok,0.037168181818181815,ok,0.9286363636363636,0.05349375,ok,ue1_qfi82,0.0,99,10.0,data,ok,0.0,ue2_qfi9,116.75,ok,,27.8,ue2_qfi2,38,191.0,3441.5,30.303,ok,33.0,,pending,,pending,drone_heavy,32,TwoTier,1826701614,1.0
ue9_qfi2,133.723,148.666,149.866,150.094,ok,0.33850346687101096,ok,ue24_qfi82,0,1,4,1001.7500000000003,data,ok,2.0,False,,proxy,3,0,,ue24_qfi2,0.02027027027027027,148,150.0,ok,,ue6_qfi2,150.25,ok,,0,ok,25,,ue23_qfi2,0.4363,ok,0.5819776945143368,proxy,5,0.5762184888334145,68953643.2,ok,0.03790681818181818,ok,0.9304284090909091,0.0571578125,ok,ue1_qfi82,0.0,99,10.0,data,ok,0.0,ue21_qfi2,19.704999999999984,ok,,10.6,ue7_qfi2,21,1115.5,3655.5,30.303,ok,33.0,,pending,,pending,drone_heavy,32,PF,1367864806,1.0
ue1_qfi9,284.5,298.75,299.75,300.0,ok,0.3678157246449062,ok,ue1_qfi9,1,1,1,4445.75,data,ok,2.0,False,,proxy,3,0,,ue20_qfi2,0.0,147,150.0,ok,,ue23_qfi2,149.878,ok,,0,ok,25,,ue20_qfi2,0.0,ok,0.6545156946913219,proxy,5,0.6355555246024714,66185299.2,ok,0.040947727272727275,ok,0.9228738636363636,0.37939375,ok,ue1_qfi82,0.0,99,10.0,data,ok,0.0,ue4_qfi9,120.0,ok,,19.4,ue1_qfi2,13,599.0,2327.25,30.303,ok,33.0,,pending,,pending,drone_heavy,32,Reservation,1367864806,1.0
ue2_qfi9,124.5,292.5,297.5,299.0,ok,0.3468098163323532,ok,ue17_qfi1,1,1,1,4383.75,data,ok,2.0,False,,proxy,3,0,,ue21_qfi2,0.0,147,150.0,ok,,ue6_qfi2,145.108,ok,,1,ok,25,,ue21_qfi2,0.0,ok,0.5207689956706532,proxy,5,0.484287799232052,68105256.0,ok,0.03701818181818182,ok,0.9306920454545454,0.053971875,ok,ue1_qfi82,0.0,99,10.0,data,ok,0.0,ue2_qfi9,174.5,ok,,25.8,ue3_qfi2,33,366.75,3479.25,30.303,ok,33.0,,pending,,pending,drone_heavy,32,TwoTier,1367864806,1.0
ue9_qfi2,132.522,148.846,149.561,150.09,ok,0.367433546535101,ok,ue25_qfi82,0,1,4,1001.5,data,ok,2.0,False,,proxy,3,0,,ue23_qfi2,0.02027027027027027,148,150.0,ok,,ue19_qfi2,150.158,ok,,0,ok,25,,ue23_qfi2,0.4089338666666667,ok,0.58061083295822,proxy,5,0.5765359188652915,65928739.2,ok,0.03892954545454545,ok,0.9319011363636364,0.0621921875,ok,ue1_qfi82,0.0,99,10.0,data,ok,0.0,ue21_qfi2,18.301999999999992,ok,,5.6,ue6_qfi2,13,2173.5,4400.75,30.303,ok,33.0,,pending,,pending,drone_heavy,32,PF,1097657231,1.0
ue7_qfi9,295.25,295.25,295.25,295.25,ok,0.38385858042531307,ok,ue12_qfi1,1,1,1,3552.0,data,ok,2.0,False,,proxy,3,0,,ue23_qfi2,0.0,148,150.0,ok,,ue16_qfi2,149.952,ok,,1,ok,25,,ue23_qfi2,0.0,ok,0.5306322860523659,proxy,5,0.4790779352078969,64189201.6,ok,0.041402272727272725,ok,0.911475,0.4137046875,ok,ue1_qfi82,0.0,99,10.0,data,ok,0.0,ue6_qfi2,81.54499999999999,ok,,14.0,ue16_qfi2,13,996.25,3027.25,30.303,ok,33.0,,pending,,pending,drone_heavy,32,Reservation,1097657231,1.0
ue3_qfi9,215.0,292.25,297.0,298.75,ok,0.3873939888963156,ok,ue1_qfi83,0,2,3,1774.25,data,ok,2.0,False,,proxy,3,0,,ue18_qfi2,0.0,147,150.0,ok,,ue8_qfi2,143.248,ok,,4,ok,25,,ue18_qfi2,0.0,ok,0.5164207556998506,proxy,5,0.4691651904710619,63949075.2,ok,0.03785454545454545,ok,0.9300215909090909,0.0593734375,ok,ue1_qfi82,0.0,99,10.0,data,ok,0.0,ue1_qfi9,104.5,ok,,28.6,ue1_qfi2,31,206.5,3043.0,30.303,ok,33.0,,pending,,pending,drone_heavy,32,TwoTier,1097657231,1.0
ue25_qfi2,133.528,149.109,149.849,150.135,ok,0.35094368835652123,ok,ue1_qfi85,1,1,1,3817.5,data,ok,2.0,False,,proxy,3,0,,ue24_qfi2,0.02027027027027027,148,150.0,ok,,ue10_qfi2,150.135,ok,,0,ok,25,,ue24_qfi2,0.406364,ok,0.5826690523825961,proxy,5,0.5777200653955157,67702395.2,ok,0.037418181818181816,ok,0.9311659090909091,0.058,ok,ue1_qfi82,0.0,99,10.0,data,ok,0.0,ue9_qfi2,19.900000000000006,ok,,8.8,ue20_qfi2,18,593.5,3949.0,30.303,ok,33.0,,pending,,pending,drone_heavy,32,PF,579362555,1.0
ue1_qfi9,284.75,298.5,299.5,299.75,ok,0.3696155880987649,ok,ue1_qfi85,1,1,1,3819.0,data,ok,2.0,False,,proxy,3,0,,ue16_qfi2,0.0,148,150.0,ok,,ue3_qfi2,149.396,ok,,1,ok,25,,ue16_qfi2,0.0,ok,0.6188828319711993,proxy,5,0.5526661984911313,65991473.6,ok,0.041025,ok,0.9193045454545454,0.391465625,ok,ue1_qfi82,0.0,99,10.0,data,ok,0.0,ue9_qfi2,105.197,ok,,11.6,ue2_qfi2,17,1144.75,3790.0,30.303,ok,33.0,,pending,,pending,drone_heavy,32,Reservation,579362555,1.0
ue2_qfi9,159.5,291.5,296.75,298.5,ok,0.3754385165453588,ok,ue1_qfi85,1,1,1,3816.0,data,ok,2.0,False,,proxy,3,0,,ue18_qfi2,0.0,147,150.0,ok,,ue16_qfi2,146.76,ok,,5,ok,25,,ue18_qfi2,0.0,ok,0.514007762792074,proxy,5,0.4805302254998061,65010140.8,ok,0.03713409090909091,ok,0.9304761363636364,0.0562609375,ok,ue1_qfi82,0.0,99,10.0,data,ok,0.0,ue2_qfi9,139.0,ok,,28.8,ue1_qfi2,35,190.5,3459.5,30.303,ok,33.0,,pending,,pending,drone_heavy,32,TwoTier,579362555,1.0
ue4_qfi2,132.806,148.883,149.852,150.095,ok,0.34894454277934406,ok,ue25_qfi82,0,2,4,1001.25,data,ok,2.0,False,,proxy,3,0,,ue23_qfi2,0.013513513513513514,148,150.0,ok,,ue14_qfi2,150.24,ok,,0,ok,25,,ue25_qfi2,0.4149888,ok,0.5799366540609335,proxy,5,0.5730701327491404,67874963.2,ok,0.0386,ok,0.9297397727272727,0.0588953125,ok,ue1_qfi82,0.0,99,10.0,data,ok,0.0,ue13_qfi2,19.089,ok,,5.6,ue22_qfi2,15,1162.0,4413.75,30.303,ok,33.0,,pending,,pending,drone_heavy,32,PF,661058651,1.0
ue1_qfi9,248.25,294.75,298.0,299.0,ok,0.3729178353354232,ok,ue1_qfi83,1,1,1,4294.25,data,ok,2.0,False,,proxy,3,0,,ue21_qfi2,0.0,147,150.0,ok,,ue3_qfi2,148.063,ok,,0,ok,25,,ue21_qfi2,0.0,ok,0.6350140159381009,proxy,5,0.5930807568110968,65563408.0,ok,0.04097727272727273,ok,0.9204613636363637,0.3823828125,ok,ue1_qfi82,0.0,99,10.0,data,ok,0.0,ue14_qfi9,110.25,ok,,11.6,ue2_qfi2,17,1222.0,3853.5,30.303,ok,33.0,,pending,,pending,drone_heavy,32,Reservation,661058651,1.0
ue1_qfi9,209.0,292.75,297.25,298.75,ok,0.3726512732529936,ok,ue7_qfi1,1,1,1,2391.2500000000005,data,ok,2.0,False,,proxy,3,0,,ue18_qfi2,0.0,148,150.0,ok,,ue14_qfi2,143.219,ok,,9,ok,25,,ue18_qfi2,0.0,ok,0.5394759415408272,proxy,5,0.491384316681497,65284860.8,ok,0.03723409090909091,ok,0.9299852272727273,0.05760625,ok,ue1_qfi82,0.0,99,10.0,data,ok,0.0,ue1_qfi2,96.47999999999999,ok,,28.6,ue1_qfi2,32,309.5,3484.75,30.303,ok,33.0,,pending,,pending,drone_heavy,32,TwoTier,661058651,1.0
ue4_qfi2,133.452,148.929,149.759,150.13,ok,0.3525790970478741,ok,ue1_qfi85,1,1,1,3973.75,data,ok,2.0,False,,proxy,3,0,,ue23_qfi2,0.02027027027027027,148,150.0,ok,,ue17_qfi2,150.221,ok,,0,ok,25,,ue23_qfi2,0.442568,ok,0.5799462969518281,proxy,5,0.573058020137997,67405963.2,ok,0.03797727272727273,ok,0.9293886363636363,0.05745625,ok,ue1_qfi82,0.0,99,10.0,data,ok,0.0,ue10_qfi2,20.792,ok,,6.4,ue16_qfi2,15,892.75,4327.5,30.303,ok,33.0,,pending,,pending,drone_heavy,32,PF,87989972,1.0
ue4_qfi9,285.25,285.25,285.25,285.25,ok,0.3768127153692848,ok,ue15_qfi9,1,1,1,4215.0,data,ok,2.0,False,,proxy,3,0,,ue22_qfi2,0.0,147,150.0,ok,,ue3_qfi2,149.87,ok,,0,ok,25,,ue22_qfi2,0.0,ok,0.6109623101102326,proxy,5,0.5413281669020427,65035601.6,ok,0.041513636363636364,ok,0.9175511363636364,0.3974828125,ok,ue1_qfi82,0.0,99,10.0,data,ok,0.0,ue21_qfi2,99.768,ok,,5.4,ue2_qfi2,14,774.5,3981.0,30.303,ok,33.0,,pending,,pending,drone_heavy,32,Reservation,87989972,1.0
ue2_qfi9,13.5,289.75,296.0,298.0,ok,0.3432707683120227,ok,ue2_qfi9,1,1,1,4092.7499999999995,data,ok,2.0,False,,proxy,3,0,,ue24_qfi2,0.0,147,150.0,ok,,ue10_qfi2,147.343,ok,,0,ok,25,,ue24_qfi2,0.0,ok,0.5195198906410331,proxy,5,0.48507316905634795,68285459.2,ok,0.037775,ok,0.9301375,0.052775,ok,ue1_qfi82,0.0,99,10.0,data,ok,0.0,ue2_qfi9,284.5,ok,,22.8,ue2_qfi2,27,738.0,3183.5,30.303,ok,33.0,,pending,,pending,drone_heavy,32,TwoTier,87989972,1.0
ue5_qfi2,132.203,148.71,149.569,150.073,ok,0.3449448644523944,ok,ue24_qfi82,0,2,4,1001.5,data,ok,2.0,False,,proxy,3,0,,ue24_qfi2,0.020134228187919462,149,150.0,ok,,ue14_qfi2,150.158,ok,,0,ok,25,,ue24_qfi2,0.4156618666666667,ok,0.5817584640883208,proxy,5,0.5763642665382742,68055036.8,ok,0.03835227272727273,ok,0.9323704545454545,0.059890625,ok,ue1_qfi82,0.0,99,10.0,data,ok,0.0,ue12_qfi2,18.84299999999999,ok,,9.4,ue5_qfi2,19,1019.25,3660.5,30.303,ok,33.0,,pending,,pending,drone_heavy,32,PF,161576974,1.0
ue2_qfi9,260.5,298.25,299.5,299.75,ok,0.3710050634782259,ok,ue5_qfi9,1,1,1,4027.5,data,ok,2.0,False,,proxy,3,0,,ue22_qfi2,0.0,147,150.0,ok,,ue3_qfi2,149.61,ok,,0,ok,25,,ue22_qfi2,0.0,ok,0.6230853488825205,proxy,5,0.5659098056537972,65678969.6,ok,0.041072727272727275,ok,0.9173465909090909,0.40063125,ok,ue1_qfi82,0.0,99,10.0,data,ok,0.0,ue16_qfi2,105.73000000000002,ok,,11.6,ue1_qfi2,12,1375.0,3613.25,30.303,ok,33.0,,pending,,pending,drone_heavy,32,Reservation,161576974,1.0
ue1_qfi9,183.0,290.0,296.25,298.25,ok,0.34898103308918055,ok,ue3_qfi83,1,1,1,3297.5000000000005,data,ok,2.0,False,,proxy,3,0,,ue21_qfi2,0.0,148,150.0,ok,,ue14_qfi2,148.81,ok,,0,ok,25,,ue21_qfi2,0.0,ok,0.5163126680379209,proxy,5,0.4809892628920912,67607507.2,ok,0.036963636363636365,ok,0.9316329545454546,0.05629375,ok,ue1_qfi82,0.0,99,10.0,data,ok,0.0,ue3_qfi9,181.25,ok,,24.8,ue1_qfi2,32,414.5,3518.75,30.303,ok,33.0,,pending,,pending,drone_heavy,32,TwoTier,161576974,1.0
ue25_qfi2,132.999,148.846,149.717,150.145,ok,0.36077622258334163,ok,ue25_qfi82,0,1,4,1000.5,data,ok,2.0,False,,proxy,3,0,,ue24_qfi2,0.02027027027027027,148,150.0,ok,,ue5_qfi2,150.193,ok,,0,ok,25,,ue25_qfi2,0.46396106666666664,ok,0.5826852422609622,proxy,5,0.5768046561968141,66734296.0,ok,0.03806363636363636,ok,0.9312477272727273,0.0594546875,ok,ue1_qfi82,0.0,99,10.0,data,ok,0.0,ue1_qfi2,17.723000000000013,ok,,3.8,ue12_qfi2,14,924.0,4772.25,30.303,ok,33.0,,pending,,pending,drone_heavy,32,PF,35492826,1.0
ue18_qfi9,277.75,277.75,277.75,277.75,ok,0.3903511633273774,ok,ue15_qfi2,1,1,1,4292.75,data,ok,2.0,False,,proxy,3,0,,ue23_qfi2,0.0,147,150.0,ok,,ue18_qfi2,149.767,ok,,1,ok,25,,ue23_qfi2,0.0,ok,0.5193847590280198,proxy,5,0.48231535729394476,63506838.4,ok,0.0415,ok,0.9073102272727273,0.4272578125,ok,ue1_qfi82,0.0,99,10.0,data,ok,0.0,ue16_qfi2,95.819,ok,,22.4,ue7_qfi2,9,341.25,1519.75,30.303,ok,33.0,,pending,,pending,drone_heavy,32,Reservation,35492826,1.0
ue1_qfi9,183.5,291.25,296.75,298.5,ok,0.37089947800246154,ok,ue2_qfi83,1,1,1,3791.2500000000005,data,ok,2.0,False,,proxy,3,0,,ue20_qfi2,0.0,147,150.0,ok,,ue14_qfi2,149.165,ok,,1,ok,25,,ue20_qfi2,0.0,ok,0.5170191375525478,proxy,5,0.4800190999719705,65517412.8,ok,0.03834318181818182,ok,0.9333079545454546,0.0574421875,ok,ue1_qfi82,0.0,99,10.0,data,ok,0.0,ue3_qfi9,201.0,ok,,26.4,ue2_qfi2,39,343.75,3626.0,30.303,ok,33.0,,pending,,pending,drone_heavy,32,TwoTier,35492826,1.0
ue23_qfi2,133.514,148.943,149.867,150.096,ok,0.34280821310590304,ok,ue23_qfi82,0,1,4,1001.2500000000002,data,ok,2.0,False,,proxy,3,0,,ue23_qfi2,0.02027027027027027,148,150.0,ok,,ue9_qfi2,150.232,ok,,0,ok,25,,ue25_qfi2,0.42127946666666666,ok,0.5849294624481424,proxy,5,0.5804016913115242,68403840.0,ok,0.03787045454545455,ok,0.9324170454545454,0.0571890625,ok,ue1_qfi82,0.0,99,10.0,data,ok,0.0,ue17_qfi2,18.251000000000005,ok,,6.8,ue14_qfi2,16,726.5,4247.5,30.303,ok,33.0,,pending,,pending,drone_heavy,32,PF,376383645,1.0
ue1_qfi9,277.0,297.5,299.0,299.5,ok,0.36722235469576114,ok,ue4_qfi9,1,1,2,3132.75,data,ok,2.0,False,,proxy,3,0,,ue21_qfi2,0.0,147,150.0,ok,,ue3_qfi2,149.718,ok,,0,ok,25,,ue21_qfi2,0.0,ok,0.6489187630847009,proxy,5,0.5800649701575971,66044934.4,ok,0.04126363636363636,ok,0.9232795454545455,0.372890625,ok,ue1_qfi82,0.0,99,10.0,data,ok,0.0,ue5_qfi9,122.0,ok,,15.0,ue3_qfi2,17,793.75,3192.25,30.303,ok,33.0,,pending,,pending,drone_heavy,32,Reservation,376383645,1.0
ue3_qfi9,199.5,291.0,297.0,298.5,ok,0.36981648350956375,ok,ue9_qfi1,1,1,1,4432.5,data,ok,2.0,False,,proxy,3,0,,ue19_qfi2,0.0,147,150.0,ok,,ue9_qfi2,137.058,ok,,8,ok,25,,ue19_qfi2,0.0,ok,0.5365001243083649,proxy,5,0.5010667642687355,65652043.2,ok,0.03755454545454545,ok,0.9311954545454545,0.0553671875,ok,ue1_qfi82,0.0,99,10.0,data,ok,0.0,ue8_qfi9,184.75,ok,,29.6,ue2_qfi2,29,201.5,2964.5,30.303,ok,33.0,,pending,,pending,drone_heavy,32,TwoTier,376383645,1.0
ue22_qfi2,133.025,148.83,149.807,150.139,ok,0.35165544258510034,ok,ue24_qfi82,0,1,4,1001.25,data,ok,2.0,False,,proxy,3,0,,ue23_qfi2,0.013513513513513514,148,150.0,ok,,ue20_qfi2,150.215,ok,,0,ok,25,,ue23_qfi2,0.4554712,ok,0.572271711298515,proxy,5,0.5668571926172267,67715307.2,ok,0.03835,ok,0.9316011363636364,0.05795625,ok,ue1_qfi82,0.0,99,10.0,data,ok,0.0,ue13_qfi2,19.400000000000006,ok,,9.2,ue17_qfi2,21,456.5,3958.0,30.303,ok,33.0,,pending,,pending,drone_heavy,32,PF,1746484539,1.0
ue1_qfi9,263.25,296.25,298.5,299.25,ok,0.38043965546094044,ok,ue19_qfi9,1,1,2,3101.75,data,ok,2.0,False,,proxy,3,0,,ue22_qfi2,0.0,147,150.0,ok,,ue2_qfi2,149.308,ok,,2,ok,25,,ue22_qfi2,0.0,ok,0.6084787380565465,proxy,5,0.5807668311478197,64898172.8,ok,0.04150681818181818,ok,0.9152954545454546,0.4012828125,ok,ue1_qfi82,0.0,99,10.0,data,ok,0.0,ue11_qfi9,167.5,ok,,9.6,ue2_qfi2,19,517.5,3480.75,30.303,ok,33.0,,pending,,pending,drone_heavy,32,Reservation,1746484539,1.0
ue1_qfi9,168.0,292.75,297.25,298.75,ok,0.3654684612434935,ok,ue3_qfi83,1,1,1,4098.000000000001,data,ok,2.0,False,,proxy,3,0,,ue20_qfi2,0.0,147,150.0,ok,,ue14_qfi2,146.724,ok,,2,ok,25,,ue20_qfi2,0.0,ok,0.5022949317916543,proxy,5,0.4637549769200161,66124131.2,ok,0.03784318181818182,ok,0.9319193181818182,0.0558640625,ok,ue1_qfi82,0.0,99,10.0,data,ok,0.0,ue3_qfi9,243.0,ok,,25.6,ue1_qfi2,31,310.75,3123.5,30.303,ok,33.0,,pending,,pending,drone_heavy,32,TwoTier,1746484539,1.0
ue25_qfi2,134.62,149.0,149.839,150.165,ok,0.5576389698663469,ok,ue2_qfi85,1,1,1,3183.7500000000005,data,ok,2.0,False,,proxy,3,0,,ue25_qfi2,0.006756756756756757,148,150.0,ok,,ue15_qfi2,150.184,ok,,0,ok,25,,ue24_qfi2,0.3043388444444445,ok,0.5377531683476711,proxy,5,0.5335573714319582,68832883.2,ok,0.038168181818181816,ok,0.9292863636363636,0.0550109375,ok,ue1_qfi82,0.0,98,10.0,data,ok,0.0,ue3_qfi2,17.29400000000001,ok,,0.8,ue17_qfi2,3,4795.25,4937.25,30.303,ok,33.0,,pending,,pending,drone_heavy,32,PF,1826701614,1.5
ue2_qfi2,134.324,148.692,149.742,150.047,ok,0.5670081807321157,ok,ue2_qfi85,1,1,1,3183.7500000000005,data,ok,2.0,False,,proxy,3,0,,ue18_qfi2,0.0,148,150.0,ok,,ue11_qfi2,150.206,ok,,0,ok,25,,ue18_qfi2,0.0,ok,0.4400437769887545,proxy,5,0.43834675855478156,67200921.6,ok,0.040988636363636366,ok,0.9249704545454546,0.3484625,ok,ue1_qfi82,0.0,99,10.0,data,ok,0.0,ue7_qfi2,25.180999999999997,ok,,5.8,ue6_qfi2,10,998.75,4110.75,30.303,ok,33.0,,pending,,pending,drone_heavy,32,Reservation,1826701614,1.5
ue1_qfi9,236.5,293.75,297.75,299.0,ok,0.550150924038372,ok,ue7_qfi9,1,1,1,3995.0,data,ok,2.0,False,,proxy,3,0,,ue19_qfi2,0.0,147,150.0,ok,,ue4_qfi2,149.836,ok,,0,ok,25,,ue19_qfi2,0.0,ok,0.45926043980350995,proxy,5,0.4286308852782772,69658539.2,ok,0.03725,ok,0.9294443181818182,0.0500203125,ok,ue1_qfi82,0.0,99,10.0,data,ok,0.0,ue2_qfi9,92.75,ok,,21.8,ue2_qfi2,23,1241.25,2957.75,30.303,ok,33.0,,pending,,pending,drone_heavy,32,TwoTier,1826701614,1.5
ue24_qfi2,133.919,148.894,149.769,150.113,ok,0.5560333465298652,ok,ue25_qfi82,0,2,4,1001.2500000000002,data,ok,2.0,False,,proxy,3,0,,ue4_qfi2,0.013513513513513514,148,150.0,ok,,ue7_qfi2,150.02,ok,,0,ok,25,,ue23_qfi2,0.2908346666666667,ok,0.5381780732601273,proxy,5,0.535411627662144,68910611.2,ok,0.038125,ok,0.9308409090909091,0.057184375,ok,ue1_qfi82,0.0,99,10.0,data,ok,0.0,ue15_qfi2,16.997000000000014,ok,,1.0,ue18_qfi2,4,2900.0,4935.5,30.303,ok,33.0,,pending,,pending,drone_heavy,32,PF,1367864806,1.5
ue2_qfi2,132.5,148.905,149.637,150.075,ok,0.5646704746422813,ok,ue7_qfi2,0,1,1,1662.5000000000005,data,ok,2.0,False,,proxy,3,0,,ue16_qfi2,0.0,147,150.0,ok,,ue6_qfi2,150.11,ok,,0,ok,25,,ue16_qfi2,0.0,ok,0.43083899295796557,proxy,5,0.42517651182576927,67243832.0,ok,0.04110681818181818,ok,0.9262556818181819,0.344396875,ok,ue1_qfi82,0.0,99,10.0,data,ok,0.0,ue14_qfi2,36.672,ok,,10.0,ue6_qfi2,14,562.75,3603.0,30.303,ok,33.0,,pending,,pending,drone_heavy,32,Reservation,1367864806,1.5
ue2_qfi9,202.25,292.25,297.25,298.75,ok,0.5681251352581919,ok,ue7_qfi1,0,1,1,1903.0,data,ok,2.0,False,,proxy,3,0,,ue13_qfi2,0.0,147,150.0,ok,,ue6_qfi2,144.828,ok,,1,ok,25,,ue13_qfi2,0.0,ok,0.4456268176321709,proxy,5,0.4177443021333563,66862252.8,ok,0.036418181818181815,ok,0.9312988636363636,0.0553,ok,ue1_qfi82,0.0,99,10.0,data,ok,0.0,ue1_qfi9,127.75,ok,,28.0,ue2_qfi2,35,304.5,3352.5,30.303,ok,33.0,,pending,,pending,drone_heavy,32,TwoTier,1367864806,1.5
ue22_qfi2,133.615,148.453,149.821,150.137,ok,0.5746392948550256,ok,ue25_qfi82,0,1,4,1001.5,data,ok,2.0,False,,proxy,3,0,,ue23_qfi2,0.006756756756756757,148,150.0,ok,,ue18_qfi2,149.131,ok,,0,ok,25,,ue23_qfi2,0.2726225777777778,ok,0.5375063677011439,proxy,5,0.5346539432498849,65928739.2,ok,0.03892954545454545,ok,0.9319011363636364,0.0621921875,ok,ue1_qfi82,0.0,99,10.0,data,ok,0.0,ue14_qfi2,16.724000000000018,ok,,1.0,ue14_qfi2,3,2672.5,4882.0,30.303,ok,33.0,,pending,,pending,drone_heavy,32,PF,1097657231,1.5
ue20_qfi2,134.273,148.951,149.778,150.088,ok,0.5821398394217803,ok,ue24_qfi82,0,2,4,1001.5,data,ok,2.0,False,,proxy,3,0,,ue17_qfi2,0.0,148,150.0,ok,,ue21_qfi2,150.138,ok,,0,ok,25,,ue17_qfi2,0.0,ok,0.45218338997388285,proxy,5,0.4419193783423583,64707379.2,ok,0.041393181818181815,ok,0.9168125,0.390234375,ok,ue1_qfi82,0.0,99,10.0,data,ok,0.0,ue6_qfi2,27.082000000000008,ok,,6.0,ue7_qfi2,8,2275.75,4156.25,30.303,ok,33.0,,pending,,pending,drone_heavy,32,Reservation,1097657231,1.5
ue1_qfi9,210.75,292.0,297.25,298.75,ok,0.5887414562431936,ok,ue6_qfi9,1,2,3,2080.75,data,ok,2.0,False,,proxy,3,0,,ue12_qfi2,0.0,148,150.0,ok,,ue8_qfi2,140.832,ok,,4,ok,25,,ue12_qfi2,0.0,ok,0.4712111939189777,proxy,5,0.4279705490061998,63654529.6,ok,0.037654545454545454,ok,0.9297522727272727,0.05951875,ok,ue1_qfi82,0.0,99,10.0,data,ok,0.0,ue6_qfi9,179.0,ok,,29.6,ue1_qfi2,28,203.25,2711.25,30.303,ok,33.0,,pending,,pending,drone_heavy,32,TwoTier,1097657231,1.5
ue1_qfi2,134.295,149.069,149.796,150.132,ok,0.5629218953831309,ok,ue1_qfi85,1,1,1,3817.5,data,ok,2.0,False,,proxy,3,0,,ue6_qfi2,0.006756756756756757,148,150.0,ok,,ue6_qfi2,150.005,ok,,0,ok,25,,ue24_qfi2,0.2716222222222222,ok,0.5402659375088461,proxy,5,0.5363917133793964,67744145.6,ok,0.037761363636363635,ok,0.9296306818181819,0.05790625,ok,ue1_qfi82,0.0,99,10.0,data,ok,0.0,ue7_qfi2,17.210999999999984,ok,,0.8,ue9_qfi2,3,4787.25,4929.75,30.303,ok,33.0,,pending,,pending,drone_heavy,32,PF,579362555,1.5
ue1_qfi2,133.564,148.869,149.755,150.0,ok,0.5678531186483363,ok,ue1_qfi85,1,1,1,3817.5,data,ok,2.0,False,,proxy,3,0,,ue16_qfi2,0.0,148,150.0,ok,,ue10_qfi2,150.057,ok,,0,ok,25,,ue16_qfi2,0.0,ok,0.4414482585056242,proxy,5,0.4379618834490275,66846643.2,ok,0.041,ok,0.9241965909090909,0.3502734375,ok,ue1_qfi82,0.0,99,10.0,data,ok,0.0,ue9_qfi2,42.233999999999995,ok,,11.4,ue7_qfi2,12,1355.25,3315.25,30.303,ok,33.0,,pending,,pending,drone_heavy,32,Reservation,579362555,1.5
ue2_qfi9,118.25,280.25,292.0,296.0,ok,0.5812888570596023,ok,ue1_qfi85,1,1,1,3817.5,data,ok,2.0,False,,proxy,3,0,,ue12_qfi2,0.0,147,150.0,ok,,ue7_qfi2,133.482,ok,,9,ok,25,,ue12_qfi2,0.0,ok,0.467010269109059,proxy,5,0.44064377979428515,64819259.199999996,ok,0.037375,ok,0.9311227272727273,0.0549375,ok,ue1_qfi82,0.0,99,10.0,data,ok,0.0,ue1_qfi9,179.5,ok,,30.4,ue3_qfi2,26,123.5,2236.75,30.303,ok,33.0,,pending,,pending,drone_heavy,32,TwoTier,579362555,1.5
ue9_qfi2,134.305,148.849,149.726,150.154,ok,0.5618283648310893,ok,ue23_qfi82,0,1,4,1001.2499999999998,data,ok,2.0,False,,proxy,3,0,,ue24_qfi2,0.006756756756756757,148,150.0,ok,,ue13_qfi2,148.764,ok,,0,ok,25,,ue25_qfi2,0.27701973333333335,ok,0.5366075604003249,proxy,5,0.5312001892933916,67961206.4,ok,0.03745,ok,0.9315227272727272,0.0587515625,ok,ue1_qfi82,0.0,99,10.0,data,ok,0.0,ue20_qfi2,17.48599999999999,ok,,0.8,ue17_qfi2,3,4784.0,4928.75,30.303,ok,33.0,,pending,,pending,drone_heavy,32,PF,661058651,1.5
ue2_qfi2,132.821,149.085,149.763,150.066,ok,0.5680716660873559,ok,ue23_qfi82,0,3,4,1001.4999999999997,data,ok,2.0,False,,proxy,3,0,,ue2_qfi2,0.0,148,150.0,ok,,ue9_qfi2,150.193,ok,,0,ok,25,,ue18_qfi2,0.0,ok,0.43985703395464687,proxy,5,0.4378104812244361,66864345.6,ok,0.041036363636363635,ok,0.9258579545454545,0.3518109375,ok,ue1_qfi82,0.0,99,10.0,data,ok,0.0,ue17_qfi2,20.283999999999992,ok,,7.0,ue12_qfi2,12,989.75,4126.0,30.303,ok,33.0,,pending,,pending,drone_heavy,32,Reservation,661058651,1.5
ue1_qfi9,210.25,293.0,298.25,299.25,ok,0.5656529056034884,ok,ue2_qfi9,1,1,2,3760.0000000000005,data,ok,2.0,False,,proxy,3,0,,ue15_qfi2,0.0,147,150.0,ok,,ue3_qfi2,147.984,ok,,0,ok,25,,ue15_qfi2,0.0,ok,0.44491454350848514,proxy,5,0.4256651903202514,67071536.0,ok,0.037543181818181816,ok,0.9302602272727273,0.0559328125,ok,ue1_qfi82,0.0,99,10.0,data,ok,0.0,ue2_qfi9,131.5,ok,,21.4,ue2_qfi2,31,361.0,3294.25,30.303,ok,33.0,,pending,,pending,drone_heavy,32,TwoTier,661058651,1.5
ue4_qfi2,134.097,148.929,149.759,150.13,ok,0.5645599870977841,ok,ue1_qfi85,1,1,1,3973.75,data,ok,2.0,False,,proxy,3,0,,ue6_qfi2,0.013513513513513514,148,150.0,ok,,ue1_qfi2,149.033,ok,,0,ok,25,,ue23_qfi2,0.2950453333333333,ok,0.5358499862369299,proxy,5,0.5307093336714697,67405963.2,ok,0.03797727272727273,ok,0.9293886363636363,0.05745625,ok,ue1_qfi82,0.0,99,10.0,data,ok,0.0,ue12_qfi2,17.26599999999999,ok,,0.8,ue3_qfi2,3,4792.25,4938.75,30.303,ok,33.0,,pending,,pending,drone_heavy,32,PF,87989972,1.5
ue1_qfi2,133.399,148.576,149.772,150.09,ok,0.5684588317912996,ok,ue1_qfi85,1,1,1,3973.75,data,ok,2.0,False,,proxy,3,0,,ue1_qfi2,0.0,148,150.0,ok,,ue18_qfi2,150.115,ok,,0,ok,25,,ue19_qfi2,0.0,ok,0.4454336982942494,proxy,5,0.44224600569634265,66737596.8,ok,0.04158409090909091,ok,0.9228295454545454,0.3695125,ok,ue1_qfi82,0.0,99,10.0,data,ok,0.0,ue11_qfi2,19.36499999999998,ok,,7.6,ue16_qfi2,13,1347.25,3972.0,30.303,ok,33.0,,pending,,pending,drone_heavy,32,Reservation,87989972,1.5
ue1_qfi9,158.75,289.5,296.0,298.25,ok,0.5537289885570637,ok,ue1_qfi85,1,1,1,3973.75,data,ok,2.0,False,,proxy,3,0,,ue17_qfi2,0.0,147,150.0,ok,,ue14_qfi2,149.052,ok,,0,ok,25,,ue17_qfi2,0.0,ok,0.4529066810610408,proxy,5,0.43007406582414826,68768280.0,ok,0.03762272727272727,ok,0.9313056818181819,0.052465625,ok,ue1_qfi82,0.0,99,10.0,data,ok,0.0,ue3_qfi9,182.25,ok,,19.0,ue2_qfi2,24,744.75,3417.75,30.303,ok,33.0,,pending,,pending,drone_heavy,32,TwoTier,87989972,1.5
ue13_qfi2,133.615,148.962,149.734,150.067,ok,0.5585520930704359,ok,ue24_qfi82,0,1,4,1001.2500000000002,data,ok,2.0,False,,proxy,3,0,,ue24_qfi2,0.006756756756756757,148,150.0,ok,,ue17_qfi2,150.081,ok,,0,ok,25,,ue24_qfi2,0.27682951111111115,ok,0.5374220516200297,proxy,5,0.5346527079309454,68185062.4,ok,0.038363636363636364,ok,0.9329852272727273,0.059903125,ok,ue1_qfi82,0.0,99,10.0,data,ok,0.0,ue18_qfi2,17.165999999999997,ok,,0.8,ue13_qfi2,3,4802.25,4938.25,30.303,ok,33.0,,pending,,pending,drone_heavy,32,PF,161576974,1.5
ue14_qfi2,132.87,148.417,149.631,150.049,ok,0.5649524666379089,ok,ue23_qfi82,0,1,4,1001.2500000000002,data,ok,2.0,False,,proxy,3,0,,ue19_qfi2,0.0,147,150.0,ok,,ue16_qfi2,150.019,ok,,0,ok,25,,ue19_qfi2,0.0,ok,0.44635634348346614,proxy,5,0.4451281438698828,67208734.4,ok,0.04114772727272727,ok,0.9228534090909091,0.3725921875,ok,ue1_qfi82,0.0,99,10.0,data,ok,0.0,ue5_qfi2,18.988,ok,,10.0,ue5_qfi2,11,999.5,2687.0,30.303,ok,33.0,,pending,,pending,drone_heavy,32,Reservation,161576974,1.5
ue2_qfi9,221.5,292.5,297.25,298.75,ok,0.5586641967386946,ok,ue3_qfi9,1,1,1,4601.5,data,ok,2.0,False,,proxy,3,0,,ue14_qfi2,0.0,147,150.0,ok,,ue8_qfi2,147.792,ok,,0,ok,25,,ue14_qfi2,0.0,ok,0.44720946057441935,proxy,5,0.42502937901702426,68078008.0,ok,0.037195454545454545,ok,0.9304034090909091,0.054690625,ok,ue1_qfi82,0.0,99,10.0,data,ok,0.0,ue3_qfi9,205.75,ok,,29.2,ue1_qfi2,36,129.5,3143.5,30.303,ok,33.0,,pending,,pending,drone_heavy,32,TwoTier,161576974,1.5
ue14_qfi2,133.568,148.752,149.739,150.209,ok,0.5713512216641641,ok,ue23_qfi82,0,2,4,1001.2500000000002,data,ok,2.0,False,,proxy,3,0,,ue4_qfi2,0.013513513513513514,148,150.0,ok,,ue18_qfi2,148.592,ok,,0,ok,25,,ue25_qfi2,0.30910293333333333,ok,0.538279359602978,proxy,5,0.5344565922444026,66680494.4,ok,0.03871363636363637,ok,0.9306147727272728,0.059475,ok,ue1_qfi82,0.0,99,10.0,data,ok,0.0,ue25_qfi2,16.774,ok,,0.8,ue14_qfi2,3,4780.0,4931.0,30.303,ok,33.0,,pending,,pending,drone_heavy,32,PF,35492826,1.5
ue14_qfi2,132.398,148.464,149.569,150.023,ok,0.5830950155904753,ok,ue23_qfi82,0,1,4,1001.2500000000002,data,ok,2.0,False,,proxy,3,0,,ue2_qfi2,0.0,147,150.0,ok,,ue16_qfi2,150.159,ok,,0,ok,25,,ue17_qfi2,0.0,ok,0.4442612425642708,proxy,5,0.44116850391923257,64711278.4,ok,0.04143636363636364,ok,0.9162659090909091,0.3922359375,ok,ue1_qfi82,0.0,99,10.0,data,ok,0.0,ue9_qfi2,23.244,ok,,6.8,ue10_qfi2,13,855.0,4162.5,30.303,ok,33.0,,pending,,pending,drone_heavy,32,Reservation,35492826,1.5
ue1_qfi9,201.75,290.75,296.5,298.25,ok,0.5781447019400731,ok,ue2_qfi83,1,1,1,3533.0,data,ok,2.0,False,,proxy,3,0,,ue13_qfi2,0.0,147,150.0,ok,,ue9_qfi2,146.992,ok,,2,ok,25,,ue13_qfi2,0.0,ok,0.44703758282683836,proxy,5,0.4252028818242085,65195689.6,ok,0.03775909090909091,ok,0.9317147727272728,0.0570234375,ok,ue1_qfi82,0.0,99,10.0,data,ok,0.0,ue2_qfi9,153.0,ok,,26.8,ue2_qfi2,37,351.75,3385.25,30.303,ok,33.0,,pending,,pending,drone_heavy,32,TwoTier,35492826,1.5
ue7_qfi2,133.352,149.135,149.924,150.14,ok,0.5582398829017328,ok,ue24_qfi82,0,1,4,1001.2500000000002,data,ok,2.0,False,,proxy,3,0,,ue25_qfi2,0.006756756756756757,148,150.0,ok,,ue18_qfi2,148.945,ok,,0,ok,25,,ue25_qfi2,0.2803328,ok,0.5416162998178313,proxy,5,0.5399252501743081,68455268.8,ok,0.03817954545454545,ok,0.9331397727272728,0.05731875,ok,ue1_qfi82,0.0,99,10.0,data,ok,0.0,ue23_qfi2,17.430999999999983,ok,,1.0,ue7_qfi2,4,3040.25,4937.25,30.303,ok,33.0,,pending,,pending,drone_heavy,32,PF,376383645,1.5
ue19_qfi2,133.652,148.718,149.757,150.039,ok,0.5641908079772353,ok,ue23_qfi82,0,2,4,1001.5,data,ok,2.0,False,,proxy,3,0,,ue20_qfi2,0.0,147,150.0,ok,,ue17_qfi2,150.197,ok,,0,ok,25,,ue20_qfi2,0.0,ok,0.4567460587355089,proxy,5,0.45482610178034955,67444892.8,ok,0.041327272727272726,ok,0.9236602272727272,0.3703140625,ok,ue1_qfi82,0.0,99,10.0,data,ok,0.0,ue7_qfi2,17.468999999999994,ok,,3.8,ue19_qfi2,12,2059.25,4636.25,30.303,ok,33.0,,pending,,pending,drone_heavy,32,Reservation,376383645,1.5
ue4_qfi9,299.0,299.0,299.0,299.0,ok,0.5720543697945937,ok,ue4_qfi9,1,1,1,3266.25,data,ok,2.0,False,,proxy,3,0,,ue13_qfi2,0.0,147,150.0,ok,,ue1_qfi2,146.091,ok,,1,ok,25,,ue13_qfi2,0.0,ok,0.4614687525496928,proxy,5,0.43018272311303224,65981187.2,ok,0.03796818181818182,ok,0.9325545454545454,0.0557484375,ok,ue1_qfi82,0.0,99,10.0,data,ok,0.0,ue1_qfi9,202.0,ok,,28.6,ue3_qfi2,31,291.0,2929.25,30.303,ok,33.0,,pending,,pending,drone_heavy,32,TwoTier,376383645,1.5
ue22_qfi2,133.623,149.027,149.807,150.139,ok,0.5639026284529481,ok,ue24_qfi82,0,1,4,1001.25,data,ok,2.0,False,,proxy,3,0,,ue7_qfi2,0.006756756756756757,148,150.0,ok,,ue22_qfi2,150.006,ok,,0,ok,25,,ue23_qfi2,0.3036474666666667,ok,0.5276342486968177,proxy,5,0.5241166758115672,67715307.2,ok,0.03835,ok,0.9316011363636364,0.05795625,ok,ue1_qfi82,0.0,99,10.0,data,ok,0.0,ue2_qfi2,17.01600000000002,ok,,0.8,ue18_qfi2,3,4791.5,4936.5,30.303,ok,33.0,,pending,,pending,drone_heavy,32,PF,1746484539,1.5
ue16_qfi2,133.785,148.376,149.677,150.063,ok,0.5684596167347914,ok,ue24_qfi82,0,1,4,1001.2500000000002,data,ok,2.0,False,,proxy,3,0,,ue18_qfi2,0.0,147,150.0,ok,,ue6_qfi2,150.059,ok,,0,ok,25,,ue18_qfi2,0.0,ok,0.42477679720671285,proxy,5,0.4224798345341781,66941955.199999996,ok,0.04126363636363636,ok,0.9257,0.3483796875,ok,ue1_qfi82,0.0,99,10.0,data,ok,0.0,ue17_qfi2,57.054,ok,,13.8,ue5_qfi2,13,715.0,2893.0,30.303,ok,33.0,,pending,,pending,drone_heavy,32,Reservation,1746484539,1.5
ue1_qfi9,77.5,288.5,296.25,298.75,ok,0.5735453098073329,ok,ue3_qfi83,1,1,1,4259.250000000001,data,ok,2.0,False,,proxy,3,0,,ue13_qfi2,0.0,147,150.0,ok,,ue6_qfi2,142.645,ok,,0,ok,25,,ue13_qfi2,0.0,ok,0.4368064156280645,proxy,5,0.41044749800932756,65977980.800000004,ok,0.03768863636363636,ok,0.9322125,0.0557671875,ok,ue1_qfi82,0.0,99,10.0,data,ok,0.0,ue1_qfi9,221.25,ok,,26.0,ue1_qfi2,31,297.25,3176.0,30.303,ok,33.0,,pending,,pending,drone_heavy,32,TwoTier,1746484539,1.5
ue17_qfi2,20.159,27.531,29.364,30.172,ok,0.002322593224772046,ok,ue4_qfi85,0,1,2,1940.2500000000002,data,ok,2.0,False,,proxy,3,0,,ue1_qfi2,0.993421052631579,152,150.0,ok,,ue17_qfi2,30.236,ok,,19,ok,19,,ue13_qfi2,0.9572144,ok,0.9964332433754841,proxy,5,0.9945205632962109,47386768.0,ok,0.03565454545454545,ok,0.7354215909090909,0.1031875,ok,ue1_qfi82,0.0,99,10.0,data,ok,0.0,ue3_qfi9,24.25,ok,,30.2,ue1_qfi2,0,0.0,0.0,30.303,ok,33.0,,pending,,pending,mixed,32,PF,1826701614,0.5
ue5_qfi2,18.575,27.732,29.037,30.507,ok,0.0038448842471698113,ok,ue4_qfi85,0,1,2,1938.7500000000002,data,ok,2.0,False,,proxy,3,0,,ue19_qfi2,0.993421052631579,152,150.0,ok,,ue6_qfi2,29.569,ok,,19,ok,19,,ue4_qfi2,0.9526104,ok,0.9800145072304902,proxy,5,0.9420621712993293,47311686.4,ok,0.04101590909090909,ok,0.7842318181818182,0.2170890625,ok,ue1_qfi82,0.0,99,10.0,data,ok,0.0,ue10_qfi9,22.75,ok,,30.2,ue19_qfi2,1,73.75,73.75,30.303,ok,33.0,,pending,,pending,mixed,32,Reservation,1826701614,0.5
ue12_qfi1,9.75,36.75,47.25,47.25,ok,0.001740532275786997,ok,ue4_qfi85,0,1,2,1940.2500000000002,data,ok,2.0,False,,proxy,3,0,,ue1_qfi2,1.0,152,150.0,ok,,ue17_qfi2,32.281,ok,,19,ok,19,,ue7_qfi2,0.9537568000000001,ok,0.9475438099028995,proxy,5,0.9134527000638721,47376536.0,ok,0.03636590909090909,ok,0.7950579545454546,0.1047890625,ok,ue1_qfi82,0.0,99,10.0,data,ok,0.0,ue12_qfi1,37.5,ok,,30.4,ue13_qfi2,1,68.25,68.25,30.303,ok,33.0,,pending,,pending,mixed,32,TwoTier,1826701614,0.5
ue5_qfi9,4.25,21.25,25.25,30.75,ok,0.0021165227804556277,ok,ue11_qfi9,0,2,4,1007.0000000000001,data,ok,2.0,False,,proxy,3,0,,ue1_qfi2,1.0,152,150.0,ok,,ue18_qfi2,30.739,ok,,19,ok,19,,ue11_qfi2,0.9612352,ok,0.9969347499292078,proxy,5,0.9957715254821096,47580017.6,ok,0.03634090909090909,ok,0.7452840909090909,0.107140625,ok,ue1_qfi82,0.0,99,10.0,data,ok,0.0,ue5_qfi9,26.5,ok,,30.4,ue1_qfi2,0,0.0,0.0,30.303,ok,33.0,,pending,,pending,mixed,32,PF,1367864806,0.5
ue4_qfi2,19.139,27.694,29.317,31.303,ok,0.0037843059047379117,ok,ue11_qfi9,0,2,4,1018.9999999999997,data,ok,2.0,False,,proxy,3,0,,ue10_qfi2,0.993421052631579,152,150.0,ok,,ue4_qfi2,30.031,ok,,19,ok,19,,ue11_qfi2,0.9612352,ok,0.9809218383684838,proxy,5,0.9400482010210723,47506528.0,ok,0.04069545454545455,ok,0.7918068181818182,0.2294359375,ok,ue1_qfi82,0.0,99,10.0,data,ok,0.0,ue2_qfi9,20.75,ok,,30.2,ue10_qfi2,1,73.5,73.5,30.303,ok,33.0,,pending,,pending,mixed,32,Reservation,1367864806,0.5
ue13_qfi1,10.75,40.5,48.0,48.0,ok,0.001858046920375421,ok,ue10_qfi9,0,2,4,1025.4999999999998,data,ok,2.0,False,,proxy,3,0,,ue1_qfi2,1.0,152,150.0,ok,,ue17_qfi2,32.979,ok,,19,ok,19,,ue11_qfi2,0.9612352,ok,0.9534121660101043,proxy,5,0.9124242249749126,47582544.0,ok,0.035927272727272724,ok,0.8030829545454545,0.1063203125,ok,ue1_qfi82,0.0,99,10.0,data,ok,0.0,ue8_qfi1,37.25,ok,,30.4,ue9_qfi2,1,68.5,68.5,30.303,ok,33.0,,pending,,pending,mixed,32,TwoTier,1367864806,0.5
ue15_qfi2,21.646,28.799,30.928,31.786,ok,0.0019815735679041264,ok,ue1_qfi85,0,2,2,1278.75,data,ok,2.0,False,,proxy,3,0,,ue12_qfi2,0.993421052631579,152,150.0,ok,,ue15_qfi2,32.053,ok,,19,ok,19,,ue1_qfi2,0.9505256,ok,0.9975273598025092,proxy,5,0.9971239032513238,47353388.8,ok,0.03688409090909091,ok,0.7558647727272727,0.1104171875,ok,ue1_qfi82,0.0,99,10.0,data,ok,0.0,ue7_qfi9,21.5,ok,,30.4,ue1_qfi2,0,0.0,0.0,30.303,ok,33.0,,pending,,pending,mixed,32,PF,1097657231,0.5
ue6_qfi9,10.75,26.5,29.5,34.0,ok,0.003924788114693684,ok,ue1_qfi85,0,2,2,1278.75,data,ok,2.0,False,,proxy,3,0,,ue1_qfi2,0.993421052631579,152,150.0,ok,,ue3_qfi2,31.017,ok,,18,ok,19,,ue1_qfi2,0.949004,ok,0.9768227952334098,proxy,5,0.9282406890287602,47259206.4,ok,0.04075,ok,0.7956227272727273,0.23869375,ok,ue1_qfi82,0.0,99,10.0,data,ok,0.0,ue6_qfi9,23.25,ok,,30.2,ue1_qfi2,1,71.75,71.75,30.303,ok,33.0,,pending,,pending,mixed,32,Reservation,1097657231,0.5
ue13_qfi1,13.25,41.5,55.5,55.5,ok,0.0017470378627973187,ok,ue1_qfi85,0,2,2,1278.75,data,ok,2.0,False,,proxy,3,0,,ue17_qfi2,0.9933774834437086,151,150.0,ok,,ue17_qfi2,33.392,ok,,19,ok,19,,ue1_qfi2,0.9515416,ok,0.9462600678469967,proxy,5,0.9142445318522637,47353236.800000004,ok,0.03631818181818182,ok,0.8123613636363637,0.1086703125,ok,ue1_qfi82,0.0,99,10.0,data,ok,0.0,ue7_qfi1,42.75,ok,,30.4,ue9_qfi2,1,68.25,68.25,30.303,ok,33.0,,pending,,pending,mixed,32,TwoTier,1097657231,0.5
ue15_qfi2,22.12,28.597,30.54,31.602,ok,0.0021589836313860486,ok,ue8_qfi9,0,1,4,1010.7499999999998,data,ok,2.0,False,,proxy,3,0,,ue9_qfi2,0.993421052631579,152,150.0,ok,,ue15_qfi2,32.071,ok,,19,ok,19,,ue10_qfi2,0.9575984000000001,ok,0.9968104685103973,proxy,5,0.9964018852773755,47599212.8,ok,0.03606363636363636,ok,0.7568863636363636,0.1079890625,ok,ue1_qfi82,0.0,99,10.0,data,ok,0.0,ue12_qfi9,24.0,ok,,30.2,ue9_qfi2,1,76.0,76.0,30.303,ok,33.0,,pending,,pending,mixed,32,PF,579362555,0.5
ue1_qfi9,11.5,27.5,33.75,39.5,ok,0.0038390022558611706,ok,ue20_qfi82,0,1,1,1297.0000000000002,data,ok,2.0,False,,proxy,3,0,,ue1_qfi2,1.0,152,150.0,ok,,ue2_qfi2,30.641,ok,,19,ok,19,,ue10_qfi2,0.9575984000000001,ok,0.9737679561433529,proxy,5,0.937671383085037,47523688.0,ok,0.040729545454545456,ok,0.7982159090909091,0.240821875,ok,ue1_qfi82,0.0,99,10.0,data,ok,0.0,ue1_qfi9,28.0,ok,,30.4,ue1_qfi2,0,0.0,0.0,30.303,ok,33.0,,pending,,pending,mixed,32,Reservation,579362555,0.5
ue9_qfi1,13.0,42.0,55.25,55.25,ok,0.0018697494537744626,ok,ue22_qfi82,0,1,1,1307.2499999999998,data,ok,2.0,False,,proxy,3,0,,ue1_qfi2,1.0,152,150.0,ok,,ue15_qfi2,34.0,ok,,19,ok,19,,ue10_qfi2,0.9575984000000001,ok,0.9492797671348381,proxy,5,0.9133152300389494,47611651.2,ok,0.03606590909090909,ok,0.8176125,0.10836875,ok,ue1_qfi82,0.0,99,10.0,data,ok,0.0,ue9_qfi1,42.25,ok,,30.4,ue16_qfi2,1,67.0,67.0,30.303,ok,33.0,,pending,,pending,mixed,32,TwoTier,579362555,0.5
ue16_qfi2,22.716,29.558,31.073,32.039,ok,0.0020739099658397624,ok,ue5_qfi85,0,1,1,1189.75,data,ok,2.0,False,,proxy,3,0,,ue13_qfi2,0.993421052631579,152,150.0,ok,,ue16_qfi2,32.634,ok,,19,ok,19,,ue6_qfi2,0.9572655999999999,ok,0.9971292492996664,proxy,5,0.996642075564952,47490251.2,ok,0.03675681818181818,ok,0.7628988636363636,0.1101984375,ok,ue1_qfi82,0.0,99,10.0,data,ok,0.0,ue5_qfi9,20.0,ok,,30.4,ue1_qfi2,0,0.0,0.0,30.303,ok,33.0,,pending,,pending,mixed,32,PF,661058651,0.5
ue2_qfi9,12.0,29.0,34.5,38.75,ok,0.00392993670948617,ok,ue5_qfi85,0,1,1,1189.75,data,ok,2.0,False,,proxy,3,0,,ue4_qfi2,0.993421052631579,152,150.0,ok,,ue6_qfi2,30.115,ok,,19,ok,19,,ue6_qfi2,0.9554088000000001,ok,0.9593313016757932,proxy,5,0.9188790328585428,47417720.0,ok,0.04071363636363636,ok,0.8001,0.2408390625,ok,ue1_qfi82,0.0,99,10.0,data,ok,0.0,ue2_qfi9,26.75,ok,,30.4,ue1_qfi2,0,0.0,0.0,30.303,ok,33.0,,pending,,pending,mixed,32,Reservation,661058651,0.5
ue12_qfi1,9.5,26.75,54.0,54.0,ok,0.00172664312124797,ok,ue21_qfi82,0,1,1,1895.25,data,ok,2.0,False,,proxy,3,0,,ue2_qfi2,0.993421052631579,152,150.0,ok,,ue16_qfi2,36.719,ok,,19,ok,19,,ue6_qfi2,0.958428,ok,0.9485056379455081,proxy,5,0.913923843168708,47515964.8,ok,0.03605,ok,0.819253409090909,0.1085296875,ok,ue1_qfi82,0.0,99,10.0,data,ok,0.0,ue12_qfi1,44.5,ok,,30.4,ue7_qfi2,1,70.5,70.5,30.303,ok,33.0,,pending,,pending,mixed,32,TwoTier,661058651,0.5
ue16_qfi2,20.429,28.239,29.752,31.179,ok,0.002040089700536179,ok,ue8_qfi9,0,1,4,1009.5000000000001,data,ok,2.0,False,,proxy,3,0,,ue17_qfi2,0.993421052631579,152,150.0,ok,,ue19_qfi2,31.821,ok,,19,ok,19,,ue8_qfi2,0.9597448000000001,ok,0.9971381088205943,proxy,5,0.996793025815508,47544153.6,ok,0.036093181818181816,ok,0.7552420454545454,0.1067875,ok,ue1_qfi82,0.0,99,10.0,data,ok,0.0,ue7_qfi9,20.25,ok,,30.2,ue17_qfi2,1,66.25,66.25,30.303,ok,33.0,,pending,,pending,mixed,32,PF,87989972,0.5
ue6_qfi9,10.25,25.25,28.25,31.0,ok,0.004009130606397375,ok,ue27_qfi82,0,1,1,1400.0000000000005,data,ok,2.0,False,,proxy,3,0,,ue12_qfi2,0.9868421052631579,152,150.0,ok,,ue1_qfi2,30.247,ok,,19,ok,19,,ue6_qfi2,0.9537256,ok,0.9623040761596876,proxy,5,0.9209763588064516,47457708.8,ok,0.04092272727272727,ok,0.7963579545454545,0.2319296875,ok,ue1_qfi82,0.0,99,10.0,data,ok,0.0,ue3_qfi9,20.75,ok,,30.0,ue12_qfi2,1,66.25,66.25,30.303,ok,33.0,,pending,,pending,mixed,32,Reservation,87989972,0.5
ue8_qfi1,9.5,45.75,60.75,60.75,ok,0.0018463030250256886,ok,ue7_qfi9,0,2,4,1023.5000000000001,data,ok,2.0,False,,proxy,3,0,,ue1_qfi2,1.0,152,150.0,ok,,ue17_qfi2,34.0,ok,,19,ok,19,,ue8_qfi2,0.9538304000000001,ok,0.9485974974670125,proxy,5,0.9141079499799564,47541160.0,ok,0.036263636363636366,ok,0.81235,0.1056171875,ok,ue1_qfi82,0.0,99,10.0,data,ok,0.0,ue8_qfi1,51.25,ok,,30.4,ue10_qfi2,2,73.5,142.25,30.303,ok,33.0,,pending,,pending,mixed,32,TwoTier,87989972,0.5
ue18_qfi2,21.341,29.425,31.198,32.91,ok,0.0020743559903652767,ok,ue1_qfi85,1,1,1,3249.0,data,ok,2.0,False,,proxy,3,0,,ue1_qfi2,1.0,152,150.0,ok,,ue18_qfi2,32.231,ok,,19,ok,19,,ue3_qfi2,0.9610704,ok,0.9968783667903438,proxy,5,0.9962179276084508,47429796.8,ok,0.03663181818181818,ok,0.7664420454545454,0.1102109375,ok,ue1_qfi82,0.0,99,10.0,data,ok,0.0,ue13_qfi1,21.25,ok,,30.4,ue1_qfi2,0,0.0,0.0,30.303,ok,33.0,,pending,,pending,mixed,32,PF,161576974,0.5
ue10_qfi1,5.25,18.25,46.0,46.0,ok,0.003959181870531965,ok,ue1_qfi85,1,1,1,3247.5,data,ok,2.0,False,,proxy,3,0,,ue8_qfi2,0.993421052631579,152,150.0,ok,,ue4_qfi2,31.683,ok,,19,ok,19,,ue3_qfi2,0.9616032,ok,0.9673272108937712,proxy,5,0.9266076791393058,47338208.0,ok,0.04119545454545454,ok,0.8015147727272727,0.2505953125,ok,ue1_qfi82,0.0,99,10.0,data,ok,0.0,ue10_qfi1,40.75,ok,,30.2,ue8_qfi2,1,81.0,81.0,30.303,ok,33.0,,pending,,pending,mixed,32,Reservation,161576974,0.5
ue7_qfi1,16.0,49.0,56.5,56.5,ok,0.001943506202522446,ok,ue1_qfi85,1,1,1,3247.5,data,ok,2.0,False,,proxy,3,0,,ue4_qfi2,0.993421052631579,152,150.0,ok,,ue17_qfi2,37.839,ok,,19,ok,19,,ue9_qfi2,0.9608696,ok,0.9435497077671711,proxy,5,0.9127425805990843,47420473.6,ok,0.03663181818181818,ok,0.826525,0.1099,ok,ue1_qfi82,0.0,99,10.0,data,ok,0.0,ue11_qfi1,45.5,ok,,30.4,ue18_qfi2,1,66.25,66.25,30.303,ok,33.0,,pending,,pending,mixed,32,TwoTier,161576974,0.5
ue15_qfi2,19.916,27.484,29.037,30.163,ok,0.0021129237802265206,ok,ue2_qfi85,0,2,2,1754.7500000000002,data,ok,2.0,False,,proxy,3,0,,ue10_qfi2,0.993421052631579,152,150.0,ok,,ue15_qfi2,30.163,ok,,19,ok,19,,ue13_qfi2,0.9590424000000001,ok,0.997057452592664,proxy,5,0.9963306144210806,47563889.6,ok,0.03616818181818182,ok,0.7608488636363636,0.107465625,ok,ue1_qfi82,0.0,99,10.0,data,ok,0.0,ue3_qfi9,20.5,ok,,30.4,ue1_qfi2,0,0.0,0.0,30.303,ok,33.0,,pending,,pending,mixed,32,PF,35492826,0.5
ue2_qfi9,11.5,26.75,29.75,31.75,ok,0.0039601765053522316,ok,ue2_qfi85,0,2,2,1754.7500000000002,data,ok,2.0,False,,proxy,3,0,,ue5_qfi2,0.9933774834437086,151,150.0,ok,,ue3_qfi2,30.744,ok,,19,ok,19,,ue1_qfi2,0.9533408000000001,ok,0.9657854807814191,proxy,5,0.9344816532453939,47468512.0,ok,0.04115909090909091,ok,0.7979329545454545,0.2417671875,ok,ue1_qfi82,0.0,98,10.0,data,ok,0.0,ue6_qfi9,20.75,ok,,30.2,ue1_qfi2,0,0.0,0.0,30.303,ok,33.0,,pending,,pending,mixed,32,Reservation,35492826,0.5
ue10_qfi1,12.75,38.0,55.25,55.25,ok,0.0018339701802982627,ok,ue2_qfi85,0,2,2,1754.7500000000002,data,ok,2.0,False,,proxy,3,0,,ue14_qfi2,0.993421052631579,152,150.0,ok,,ue18_qfi2,36.061,ok,,19,ok,19,,ue13_qfi2,0.9581008000000001,ok,0.9452627804066618,proxy,5,0.9135297810503017,47568523.2,ok,0.03654090909090909,ok,0.8187829545454546,0.1073140625,ok,ue1_qfi82,0.0,99,10.0,data,ok,0.0,ue10_qfi1,42.5,ok,,30.4,ue9_qfi2,1,70.0,70.0,30.303,ok,33.0,,pending,,pending,mixed,32,TwoTier,35492826,0.5
ue15_qfi2,23.134,29.75,31.267,32.302,ok,0.002389247920738167,ok,ue5_qfi85,0,1,1,1803.5,data,ok,2.0,False,,proxy,3,0,,ue1_qfi2,1.0,152,150.0,ok,,ue15_qfi2,32.72,ok,,19,ok,19,,ue4_qfi2,0.9662704,ok,0.9961532406783384,proxy,5,0.9953950180010868,47514793.6,ok,0.03600909090909091,ok,0.7665886363636364,0.11166875,ok,ue1_qfi82,0.0,99,10.0,data,ok,0.0,ue11_qfi1,23.75,ok,,30.4,ue1_qfi2,0,0.0,0.0,30.303,ok,33.0,,pending,,pending,mixed,32,PF,376383645,0.5
ue6_qfi9,11.5,27.0,31.25,36.5,ok,0.0038828060411751656,ok,ue5_qfi85,0,1,1,1803.75,data,ok,2.0,False,,proxy,3,0,,ue9_qfi2,0.993421052631579,152,150.0,ok,,ue4_qfi2,31.298,ok,,19,ok,19,,ue4_qfi2,0.9671512,ok,0.9699773331254512,proxy,5,0.9358409131435212,47428545.6,ok,0.040711363636363636,ok,0.8042363636363636,0.2436484375,ok,ue1_qfi82,0.0,99,10.0,data,ok,0.0,ue6_qfi9,25.0,ok,,30.2,ue9_qfi2,1,82.25,82.25,30.303,ok,33.0,,pending,,pending,mixed,32,Reservation,376383645,0.5
ue8_qfi1,11.0,51.0,57.75,57.75,ok,0.0017837162231387114,ok,ue5_qfi85,0,1,1,1802.25,data,ok,2.0,False,,proxy,3,0,,ue2_qfi2,0.993421052631579,152,150.0,ok,,ue17_qfi2,34.895,ok,,19,ok,19,,ue10_qfi2,0.9673111999999999,ok,0.9456433889159153,proxy,5,0.9134067545518569,47517401.6,ok,0.03604545454545455,ok,0.8266443181818182,0.1104125,ok,ue1_qfi82,0.0,99,10.0,data,ok,0.0,ue8_qfi1,46.75,ok,,30.4,ue11_qfi2,2,70.0,137.75,30.303,ok,33.0,,pending,,pending,mixed,32,TwoTier,376383645,0.5
ue15_qfi2,20.907,27.75,29.776,31.168,ok,0.0021701573845908837,ok,ue4_qfi85,0,2,2,1207.2500000000002,data,ok,2.0,False,,proxy,3,0,,ue2_qfi2,0.993421052631579,152,150.0,ok,,ue15_qfi2,32.25,ok,,19,ok,19,,ue8_qfi2,0.9581871999999999,ok,0.9966081939783928,proxy,5,0.9943778812013817,47470040.0,ok,0.036302272727272725,ok,0.7598568181818182,0.1086078125,ok,ue1_qfi82,0.0,99,10.0,data,ok,0.0,ue3_qfi9,21.0,ok,,30.2,ue2_qfi2,1,66.75,66.75,30.303,ok,33.0,,pending,,pending,mixed,32,PF,1746484539,0.5
ue6_qfi9,11.75,26.75,30.0,33.25,ok,0.004033418107044625,ok,ue20_qfi82,0,1,1,1299.2499999999998,data,ok,2.0,False,,proxy,3,0,,ue1_qfi2,0.9933774834437086,151,150.0,ok,,ue6_qfi2,30.363,ok,,19,ok,19,,ue8_qfi2,0.9579568,ok,0.9688923727330861,proxy,5,0.9224139847314536,47388720.0,ok,0.04076818181818182,ok,0.8000875,0.240796875,ok,ue1_qfi82,0.0,99,10.0,data,ok,0.0,ue6_qfi9,21.5,ok,,30.2,ue10_qfi2,1,72.5,72.5,30.303,ok,33.0,,pending,,pending,mixed,32,Reservation,1746484539,0.5
ue7_qfi1,11.75,28.0,52.25,52.25,ok,0.001990742944392239,ok,ue20_qfi82,0,1,1,1797.75,data,ok,2.0,False,,proxy,3,0,,ue15_qfi2,0.993421052631579,152,150.0,ok,,ue19_qfi2,33.846,ok,,19,ok,19,,ue8_qfi2,0.9576136,ok,0.9469109237411635,proxy,5,0.9138415311093318,47471712.0,ok,0.03694318181818182,ok,0.8197727272727273,0.1078578125,ok,ue1_qfi82,0.0,99,10.0,data,ok,0.0,ue7_qfi1,40.5,ok,,30.2,ue15_qfi2,1,79.75,79.75,30.303,ok,33.0,,pending,,pending,mixed,32,TwoTier,1746484539,0.5
ue14_qfi2,129.793,148.867,149.543,150.06,ok,0.37466338815305666,ok,ue7_qfi85,1,1,1,3419.7499999999995,data,ok,2.0,False,,proxy,3,0,,ue23_qfi2,0.02027027027027027,148,150.0,ok,,ue20_qfi2,150.194,ok,,0,ok,24,,ue23_qfi2,0.4498661333333333,ok,0.6284322070541961,proxy,5,0.6259084120177434,67695580.8,ok,0.03739090909090909,ok,0.928934090909091,0.0594546875,ok,ue1_qfi82,0.0,99,10.0,data,ok,0.0,ue14_qfi2,20.266999999999996,ok,,9.4,ue6_qfi2,16,1089.0,3690.5,30.303,ok,33.0,,pending,,pending,ugv_heavy,32,PF,1826701614,1.0
ue18_qfi9,286.0,299.25,299.75,300.0,ok,0.391256722690144,ok,ue4_qfi83,1,1,1,4719.5,data,ok,2.0,False,,proxy,3,0,,ue21_qfi2,0.0,147,150.0,ok,,ue8_qfi2,148.945,ok,,1,ok,24,,ue21_qfi2,0.0,ok,0.5675389380635939,proxy,5,0.537289268317838,65935240.0,ok,0.041202272727272726,ok,0.9201840909090909,0.3904546875,ok,ue1_qfi82,0.0,99,10.0,data,ok,0.0,ue20_qfi2,98.666,ok,,17.4,ue8_qfi2,14,675.0,2765.0,30.303,ok,33.0,,pending,,pending,ugv_heavy,32,Reservation,1826701614,1.0
ue11_qfi9,221.25,293.5,297.5,299.0,ok,0.41078432366422746,ok,ue7_qfi85,1,1,1,3419.7499999999995,data,ok,2.0,False,,proxy,3,0,,ue17_qfi2,0.0,147,150.0,ok,,ue16_qfi2,134.083,ok,,3,ok,24,,ue17_qfi2,0.0,ok,0.638270777644097,proxy,5,0.6256454252183894,63896284.8,ok,0.037052272727272725,ok,0.9280931818181818,0.0565640625,ok,ue1_qfi82,0.0,99,10.0,data,ok,0.0,ue3_qfi9,135.0,ok,,30.0,ue2_qfi2,28,201.75,3086.25,30.303,ok,33.0,,pending,,pending,ugv_heavy,32,TwoTier,1826701614,1.0
ue10_qfi2,134.001,148.946,149.643,150.145,ok,0.3718266416081431,ok,ue2_qfi85,1,2,2,2272.25,data,ok,2.0,False,,proxy,3,0,,ue22_qfi2,0.013513513513513514,148,150.0,ok,,ue16_qfi2,150.25,ok,,0,ok,24,,ue24_qfi2,0.45340293333333337,ok,0.6193132291747756,proxy,5,0.6172583761828414,68061745.6,ok,0.03763409090909091,ok,0.9322818181818182,0.060346875,ok,ue1_qfi82,0.0,99,10.0,data,ok,0.0,ue21_qfi2,19.565999999999974,ok,,4.8,ue8_qfi2,15,898.25,4633.25,30.303,ok,33.0,,pending,,pending,ugv_heavy,32,PF,1367864806,1.0
ue16_qfi9,282.5,298.5,299.5,300.0,ok,0.3915034119343527,ok,ue9_qfi83,1,1,1,4059.0,data,ok,2.0,False,,proxy,3,0,,ue22_qfi2,0.0,148,150.0,ok,,ue14_qfi2,149.0,ok,,1,ok,24,,ue22_qfi2,0.0,ok,0.5615234247120836,proxy,5,0.5351689512137688,65768211.2,ok,0.04193636363636364,ok,0.9216511363636364,0.395184375,ok,ue1_qfi82,0.0,99,10.0,data,ok,0.0,ue20_qfi2,98.16499999999999,ok,,21.8,ue14_qfi2,12,347.5,1787.75,30.303,ok,33.0,,pending,,pending,ugv_heavy,32,Reservation,1367864806,1.0
ue9_qfi9,234.75,295.0,298.0,299.25,ok,0.41066183347697194,ok,ue2_qfi85,1,2,2,2273.75,data,ok,2.0,False,,proxy,3,0,,ue17_qfi2,0.0,147,150.0,ok,,ue16_qfi2,146.937,ok,,2,ok,24,,ue17_qfi2,0.0,ok,0.6090444178435772,proxy,5,0.6028837603870704,64008718.4,ok,0.036686363636363635,ok,0.9302204545454545,0.0568890625,ok,ue1_qfi82,0.0,99,10.0,data,ok,0.0,ue5_qfi9,97.5,ok,,27.6,ue16_qfi2,43,104.25,3494.5,30.303,ok,33.0,,pending,,pending,ugv_heavy,32,TwoTier,1367864806,1.0
ue1_qfi2,131.918,148.775,149.875,150.118,ok,0.3848096668941615,ok,ue13_qfi85,1,1,1,3882.5,data,ok,2.0,False,,proxy,3,0,,ue23_qfi2,0.02027027027027027,148,150.0,ok,,ue2_qfi2,150.247,ok,,0,ok,24,,ue24_qfi2,0.45182106666666666,ok,0.6207750066954898,proxy,5,0.6191902642197087,66614001.6,ok,0.038118181818181815,ok,0.9297079545454545,0.06216875,ok,ue1_qfi82,0.0,99,10.0,data,ok,0.0,ue20_qfi2,18.736999999999995,ok,,7.0,ue19_qfi2,14,1697.75,4117.75,30.303,ok,33.0,,pending,,pending,ugv_heavy,32,PF,1097657231,1.0
ue18_qfi9,284.25,298.5,299.5,300.0,ok,0.40146135868459704,ok,ue13_qfi85,1,1,1,3882.5,data,ok,2.0,False,,proxy,3,0,,ue21_qfi2,0.0,147,150.0,ok,,ue4_qfi2,149.744,ok,,0,ok,24,,ue21_qfi2,0.0,ok,0.5456989669802645,proxy,5,0.5293971407213617,64723476.8,ok,0.041897727272727274,ok,0.9151363636363636,0.4045546875,ok,ue1_qfi82,0.0,99,10.0,data,ok,0.0,ue4_qfi9,249.25,ok,,20.0,ue3_qfi2,13,698.0,2156.5,30.303,ok,33.0,,pending,,pending,ugv_heavy,32,Reservation,1097657231,1.0
ue4_qfi9,236.75,295.5,298.5,299.25,ok,0.42257331949838695,ok,ue13_qfi85,1,1,1,3882.5,data,ok,2.0,False,,proxy,3,0,,ue17_qfi2,0.0,148,150.0,ok,,ue15_qfi2,147.878,ok,,1,ok,24,,ue17_qfi2,0.0,ok,0.5945330656147547,proxy,5,0.5817132075574611,62670064.0,ok,0.036825,ok,0.9291693181818181,0.059171875,ok,ue1_qfi82,0.0,99,10.0,data,ok,0.0,ue14_qfi9,106.25,ok,,26.6,ue13_qfi2,38,109.5,3266.75,30.303,ok,33.0,,pending,,pending,ugv_heavy,32,TwoTier,1097657231,1.0
ue1_qfi2,131.944,147.967,149.735,150.086,ok,0.3729524470055935,ok,ue4_qfi85,1,1,1,4691.0,data,ok,2.0,False,,proxy,3,0,,ue23_qfi2,0.02027027027027027,148,150.0,ok,,ue1_qfi2,150.25,ok,,0,ok,24,,ue23_qfi2,0.4630477333333333,ok,0.6318367124582859,proxy,5,0.6304342435027283,67880476.8,ok,0.037713636363636366,ok,0.9292397727272728,0.0611609375,ok,ue1_qfi82,0.0,99,10.0,data,ok,0.0,ue7_qfi2,18.236999999999995,ok,,5.0,ue8_qfi2,13,1651.25,3807.75,30.303,ok,33.0,,pending,,pending,ugv_heavy,32,PF,579362555,1.0
ue18_qfi9,283.75,299.0,299.75,300.0,ok,0.3979290160281717,ok,ue4_qfi85,1,1,1,4692.5,data,ok,2.0,False,,proxy,3,0,,ue21_qfi2,0.0,147,150.0,ok,,ue12_qfi2,147.645,ok,,0,ok,24,,ue21_qfi2,0.0,ok,0.5721805918878654,proxy,5,0.5386047491066632,65229796.8,ok,0.04176590909090909,ok,0.9172068181818182,0.39725625,ok,ue1_qfi82,0.0,99,10.0,data,ok,0.0,ue5_qfi9,125.5,ok,,17.8,ue13_qfi2,11,717.5,2905.75,30.303,ok,33.0,,pending,,pending,ugv_heavy,32,Reservation,579362555,1.0
ue10_qfi9,228.25,293.5,297.75,299.25,ok,0.41000414147221886,ok,ue4_qfi85,1,1,1,4692.5,data,ok,2.0,False,,proxy,3,0,,ue18_qfi2,0.0,147,150.0,ok,,ue17_qfi2,146.705,ok,,0,ok,24,,ue18_qfi2,0.0,ok,0.6129113242761013,proxy,5,0.5903221353584136,64005732.800000004,ok,0.03725,ok,0.9307147727272728,0.05878125,ok,ue1_qfi82,0.0,99,10.0,data,ok,0.0,ue7_qfi9,94.0,ok,,27.6,ue16_qfi2,36,110.75,2923.75,30.303,ok,33.0,,pending,,pending,ugv_heavy,32,TwoTier,579362555,1.0
ue7_qfi2,132.471,148.903,149.755,150.107,ok,0.37825723766452174,ok,ue11_qfi85,1,1,2,2060.0,data,ok,2.0,False,,proxy,3,0,,ue22_qfi2,0.02702702702702703,148,150.0,ok,,ue12_qfi2,150.245,ok,,0,ok,24,,ue24_qfi2,0.44781146666666666,ok,0.619025569576173,proxy,5,0.6168467325262338,67418657.6,ok,0.03842954545454545,ok,0.9321215909090909,0.060228125,ok,ue1_qfi82,0.0,99,10.0,data,ok,0.0,ue11_qfi2,19.75800000000001,ok,,6.0,ue5_qfi2,13,1087.75,4306.25,30.303,ok,33.0,,pending,,pending,ugv_heavy,32,PF,661058651,1.0
ue15_qfi9,290.75,299.5,300.0,300.25,ok,0.4012043082922474,ok,ue18_qfi9,1,1,1,3172.0,data,ok,2.0,False,,proxy,3,0,,ue21_qfi2,0.0,147,150.0,ok,,ue4_qfi2,147.214,ok,,0,ok,24,,ue21_qfi2,0.0,ok,0.5528296720561571,proxy,5,0.5390265940313411,64798596.8,ok,0.04187727272727273,ok,0.9148068181818182,0.4048890625,ok,ue1_qfi82,0.0,99,10.0,data,ok,0.0,ue19_qfi2,105.643,ok,,22.8,ue1_qfi2,13,313.5,1916.75,30.303,ok,33.0,,pending,,pending,ugv_heavy,32,Reservation,661058651,1.0
ue8_qfi9,156.5,279.0,291.75,296.0,ok,0.4416637278136827,ok,ue11_qfi85,1,1,2,2058.5,data,ok,2.0,False,,proxy,3,0,,ue15_qfi2,0.0,148,150.0,ok,,ue9_qfi2,92.037,ok,,13,ok,24,,ue15_qfi2,0.0,ok,0.6389303163423292,proxy,5,0.6324097410222,60729137.6,ok,0.03768409090909091,ok,0.9303943181818182,0.0580984375,ok,ue1_qfi82,0.0,99,10.0,data,ok,0.0,ue5_qfi9,186.5,ok,,30.2,ue5_qfi2,27,120.0,2231.0,30.303,ok,33.0,,pending,,pending,ugv_heavy,32,TwoTier,661058651,1.0
ue18_qfi2,133.142,148.937,149.885,150.179,ok,0.37696536058240754,ok,ue11_qfi85,1,1,2,2836.2500000000005,data,ok,2.0,False,,proxy,3,0,,ue23_qfi2,0.013513513513513514,148,150.0,ok,,ue3_qfi2,150.226,ok,,0,ok,24,,ue22_qfi2,0.44434293333333336,ok,0.6254107845833622,proxy,5,0.6229179158535045,67544032.0,ok,0.03825909090909091,ok,0.9308204545454546,0.0625546875,ok,ue1_qfi82,0.0,99,10.0,data,ok,0.0,ue15_qfi2,18.61500000000001,ok,,6.0,ue18_qfi2,17,954.0,4421.5,30.303,ok,33.0,,pending,,pending,ugv_heavy,32,PF,87989972,1.0
ue18_qfi9,283.75,298.75,299.5,300.0,ok,0.3917417502788694,ok,ue11_qfi85,1,1,2,2836.2500000000005,data,ok,2.0,False,,proxy,3,0,,ue21_qfi2,0.0,147,150.0,ok,,ue14_qfi2,148.22,ok,,0,ok,24,,ue21_qfi2,0.0,ok,0.5765744998899005,proxy,5,0.5526997061893842,65749160.0,ok,0.04177954545454545,ok,0.9182295454545455,0.395425,ok,ue1_qfi82,0.0,99,10.0,data,ok,0.0,ue19_qfi2,106.42699999999999,ok,,23.8,ue10_qfi2,13,314.5,2116.0,30.303,ok,33.0,,pending,,pending,ugv_heavy,32,Reservation,87989972,1.0
ue1_qfi9,228.5,296.0,298.5,299.25,ok,0.37919411120861546,ok,ue11_qfi85,1,1,2,2836.2500000000005,data,ok,2.0,False,,proxy,3,0,,ue20_qfi2,0.0,147,150.0,ok,,ue14_qfi2,147.759,ok,,0,ok,24,,ue20_qfi2,0.0,ok,0.5637817674840208,proxy,5,0.5418938050054463,67093248.0,ok,0.03739318181818182,ok,0.9298181818181818,0.0571,ok,ue1_qfi82,0.0,99,10.0,data,ok,0.0,ue3_qfi9,111.25,ok,,27.0,ue8_qfi2,31,195.0,3136.0,30.303,ok,33.0,,pending,,pending,ugv_heavy,32,TwoTier,87989972,1.0
ue4_qfi2,132.19,149.0,149.927,150.174,ok,0.36548212612485603,ok,ue10_qfi85,1,1,1,3204.5,data,ok,2.0,False,,proxy,3,0,,ue23_qfi2,0.02027027027027027,148,150.0,ok,,ue1_qfi2,150.215,ok,,0,ok,24,,ue23_qfi2,0.4677872,ok,0.6302865870444047,proxy,5,0.6269528375360075,68751478.4,ok,0.038338636363636366,ok,0.9307886363636364,0.0586765625,ok,ue1_qfi82,0.0,99,10.0,data,ok,0.0,ue20_qfi2,18.843999999999994,ok,,7.4,ue5_qfi2,16,897.5,4072.5,30.303,ok,33.0,,pending,,pending,ugv_heavy,32,PF,161576974,1.0
ue18_qfi9,281.75,298.5,299.5,300.0,ok,0.38780426018997877,ok,ue10_qfi85,1,1,1,3206.0,data,ok,2.0,False,,proxy,3,0,,ue20_qfi2,0.0,147,150.0,ok,,ue18_qfi2,145.367,ok,,1,ok,24,,ue20_qfi2,0.0,ok,0.5759939345434233,proxy,5,0.5644296796186556,66468052.8,ok,0.041790909090909094,ok,0.9235295454545455,0.375559375,ok,ue1_qfi82,0.0,99,10.0,data,ok,0.0,ue19_qfi9,133.5,ok,,28.0,ue17_qfi2,10,314.25,1725.0,30.303,ok,33.0,,pending,,pending,ugv_heavy,32,Reservation,161576974,1.0
ue1_qfi9,235.25,293.5,297.5,298.75,ok,0.41193268660387394,ok,ue10_qfi85,1,1,1,3206.0,data,ok,2.0,False,,proxy,3,0,,ue16_qfi2,0.0,147,150.0,ok,,ue10_qfi2,105.281,ok,,14,ok,24,,ue16_qfi2,0.0,ok,0.648792401280275,proxy,5,0.6435650790427062,63901118.4,ok,0.03743863636363636,ok,0.9329193181818182,0.05550625,ok,ue1_qfi82,0.0,99,10.0,data,ok,0.0,ue7_qfi9,124.25,ok,,30.2,ue14_qfi2,30,119.25,2634.75,30.303,ok,33.0,,pending,,pending,ugv_heavy,32,TwoTier,161576974,1.0
ue12_qfi2,130.777,149.0,149.746,150.036,ok,0.37987863901923613,ok,ue10_qfi85,1,1,1,2505.0,data,ok,2.0,False,,proxy,3,0,,ue24_qfi2,0.02027027027027027,148,150.0,ok,,ue13_qfi2,150.224,ok,,0,ok,24,,ue24_qfi2,0.4349648,ok,0.6278647890178285,proxy,5,0.6261877833775222,67173412.8,ok,0.03776818181818182,ok,0.9325056818181818,0.062078125,ok,ue1_qfi82,0.0,99,10.0,data,ok,0.0,ue18_qfi2,19.299000000000007,ok,,5.0,ue2_qfi2,12,1069.25,4356.25,30.303,ok,33.0,,pending,,pending,ugv_heavy,32,PF,35492826,1.0
ue7_qfi9,290.25,299.5,300.0,300.25,ok,0.4011670163733124,ok,ue4_qfi83,1,1,1,4094.0000000000005,data,ok,2.0,False,,proxy,3,0,,ue21_qfi2,0.0,147,150.0,ok,,ue3_qfi2,148.322,ok,,1,ok,24,,ue21_qfi2,0.0,ok,0.5630977060935473,proxy,5,0.536299751198431,65033563.2,ok,0.041745454545454544,ok,0.9175318181818182,0.396984375,ok,ue1_qfi82,0.0,99,10.0,data,ok,0.0,ue11_qfi9,275.5,ok,,17.8,ue15_qfi2,11,836.0,2682.0,30.303,ok,33.0,,pending,,pending,ugv_heavy,32,Reservation,35492826,1.0
ue9_qfi9,154.0,281.5,293.0,296.75,ok,0.4391057965180284,ok,ue10_qfi85,1,1,1,2504.75,data,ok,2.0,False,,proxy,3,0,,ue15_qfi2,0.0,148,150.0,ok,,ue1_qfi2,85.0,ok,,14,ok,24,,ue15_qfi2,0.0,ok,0.6469316096471739,proxy,5,0.6423894321349931,61175297.6,ok,0.03721136363636364,ok,0.9320318181818181,0.05856875,ok,ue1_qfi82,0.0,99,10.0,data,ok,0.0,ue10_qfi9,178.75,ok,,30.4,ue1_qfi2,24,111.0,2039.75,30.303,ok,33.0,,pending,,pending,ugv_heavy,32,TwoTier,35492826,1.0
ue20_qfi2,132.776,148.208,149.628,150.132,ok,0.3736827200898558,ok,ue8_qfi85,1,1,1,3038.5000000000005,data,ok,2.0,False,,proxy,3,0,,ue22_qfi2,0.02027027027027027,148,150.0,ok,,ue10_qfi2,150.224,ok,,0,ok,24,,ue22_qfi2,0.4715984,ok,0.6223449853511556,proxy,5,0.6207084114843086,67938216.0,ok,0.03784545454545454,ok,0.9333397727272728,0.0595015625,ok,ue1_qfi82,0.0,99,10.0,data,ok,0.0,ue5_qfi2,29.72200000000001,ok,,6.0,ue2_qfi2,15,1442.75,4406.5,30.303,ok,33.0,,pending,,pending,ugv_heavy,32,PF,376383645,1.0
ue16_qfi9,296.5,300.0,300.25,300.25,ok,0.39409988095191684,ok,ue6_qfi83,1,1,1,4722.5,data,ok,2.0,False,,proxy,3,0,,ue22_qfi2,0.0,147,150.0,ok,,ue11_qfi2,149.394,ok,,1,ok,24,,ue22_qfi2,0.0,ok,0.5587240587584898,proxy,5,0.5360004662164268,65694120.0,ok,0.04173863636363637,ok,0.9191511363636363,0.400825,ok,ue1_qfi82,0.0,99,10.0,data,ok,0.0,ue8_qfi9,211.0,ok,,20.4,ue3_qfi2,12,392.25,2246.5,30.303,ok,33.0,,pending,,pending,ugv_heavy,32,Reservation,376383645,1.0
ue10_qfi9,237.0,294.25,298.0,299.0,ok,0.4107030123997512,ok,ue8_qfi85,1,1,1,3038.5000000000005,data,ok,2.0,False,,proxy,3,0,,ue17_qfi2,0.0,148,150.0,ok,,ue15_qfi2,147.32,ok,,2,ok,24,,ue17_qfi2,0.0,ok,0.6045383154416462,proxy,5,0.5820107873546568,63914296.0,ok,0.036418181818181815,ok,0.9333170454545454,0.0561578125,ok,ue1_qfi82,0.0,99,10.0,data,ok,0.0,ue2_qfi9,103.5,ok,,26.8,ue15_qfi2,40,113.25,3394.0,30.303,ok,33.0,,pending,,pending,ugv_heavy,32,TwoTier,376383645,1.0
ue15_qfi2,133.017,148.75,149.732,150.157,ok,0.36885435692148066,ok,ue17_qfi85,1,1,1,4772.75,data,ok,2.0,False,,proxy,3,0,,ue22_qfi2,0.02027027027027027,148,150.0,ok,,ue10_qfi2,150.25,ok,,0,ok,24,,ue22_qfi2,0.4500346666666667,ok,0.6200627115228871,proxy,5,0.6178552870666901,68135086.4,ok,0.03820681818181818,ok,0.9332863636363636,0.058228125,ok,ue1_qfi82,0.0,99,10.0,data,ok,0.0,ue3_qfi2,18.697000000000003,ok,,7.6,ue17_qfi2,13,2282.5,3889.25,30.303,ok,33.0,,pending,,pending,ugv_heavy,32,PF,1746484539,1.0
ue18_qfi9,268.25,298.25,299.5,300.0,ok,0.3916836471735942,ok,ue17_qfi85,1,1,1,4772.75,data,ok,2.0,False,,proxy,3,0,,ue19_qfi2,0.0,147,150.0,ok,,ue1_qfi2,147.337,ok,,1,ok,24,,ue19_qfi2,0.0,ok,0.560248581534134,proxy,5,0.5454168062165927,65916798.4,ok,0.041522727272727274,ok,0.9219522727272728,0.371246875,ok,ue1_qfi82,0.0,99,10.0,data,ok,0.0,ue12_qfi2,94.75600000000001,ok,,29.0,ue3_qfi2,15,284.0,1765.25,30.303,ok,33.0,,pending,,pending,ugv_heavy,32,Reservation,1746484539,1.0
ue8_qfi9,252.0,295.75,298.5,299.5,ok,0.37930386260017845,ok,ue17_qfi85,1,1,1,4772.75,data,ok,2.0,False,,proxy,3,0,,ue20_qfi2,0.0,148,150.0,ok,,ue18_qfi2,147.538,ok,,0,ok,24,,ue20_qfi2,0.0,ok,0.5575747282384997,proxy,5,0.5328525480062842,67130886.4,ok,0.03685,ok,0.9324943181818182,0.0536359375,ok,ue1_qfi82,0.0,99,10.0,data,ok,0.0,ue7_qfi9,130.5,ok,,24.2,ue16_qfi2,24,205.0,2252.0,30.303,ok,33.0,,pending,,pending,ugv_heavy,32,TwoTier,1746484539,1.0
ue2_qfi2,134.304,148.688,149.763,150.155,ok,0.5684070444349144,ok,ue7_qfi85,1,1,1,3419.7499999999995,data,ok,2.0,False,,proxy,3,0,,ue18_qfi2,0.013513513513513514,148,150.0,ok,,ue14_qfi2,150.088,ok,,0,ok,24,,ue23_qfi2,0.3000248888888889,ok,0.5921390013475989,proxy,5,0.588479027043919,67701161.6,ok,0.03700909090909091,ok,0.9295613636363637,0.0593515625,ok,ue1_qfi82,0.0,99,10.0,data,ok,0.0,ue6_qfi2,16.89699999999999,ok,,1.2,ue14_qfi2,5,3751.25,4924.5,30.303,ok,33.0,,pending,,pending,ugv_heavy,32,PF,1826701614,1.5
ue7_qfi2,131.542,148.377,149.578,149.944,ok,0.5715646410161023,ok,ue7_qfi85,1,1,1,3419.7499999999995,data,ok,2.0,False,,proxy,3,0,,ue15_qfi2,0.0,147,150.0,ok,,ue1_qfi2,150.159,ok,,0,ok,24,,ue15_qfi2,0.0,ok,0.5003929813356802,proxy,5,0.4976333842839384,67166646.4,ok,0.04131590909090909,ok,0.9248375,0.3319921875,ok,ue1_qfi82,0.0,99,10.0,data,ok,0.0,ue6_qfi2,27.965000000000003,ok,,11.0,ue2_qfi2,13,1144.5,3494.0,30.303,ok,33.0,,pending,,pending,ugv_heavy,32,Reservation,1826701614,1.5
ue11_qfi9,220.25,294.75,298.25,299.25,ok,0.5849175457751493,ok,ue7_qfi85,1,1,1,3418.7499999999995,data,ok,2.0,False,,proxy,3,0,,ue13_qfi2,0.0,148,150.0,ok,,ue9_qfi2,139.922,ok,,0,ok,24,,ue13_qfi2,0.0,ok,0.5357696349859812,proxy,5,0.5120505025290356,65082865.6,ok,0.036504545454545456,ok,0.9280125,0.0560625,ok,ue1_qfi82,0.0,99,10.0,data,ok,0.0,ue6_qfi2,86.39399999999999,ok,,27.8,ue2_qfi2,23,304.75,2577.0,30.303,ok,33.0,,pending,,pending,ugv_heavy,32,TwoTier,1826701614,1.5
ue1_qfi2,132.848,147.91,149.717,150.062,ok,0.5672624816277394,ok,ue2_qfi85,1,2,2,2272.25,data,ok,2.0,False,,proxy,3,0,,ue22_qfi2,0.006756756756756757,148,150.0,ok,,ue18_qfi2,149.5,ok,,0,ok,24,,ue24_qfi2,0.3022686222222222,ok,0.5822175865137647,proxy,5,0.5789724043395775,68061745.6,ok,0.03763409090909091,ok,0.9322818181818182,0.060346875,ok,ue1_qfi82,0.0,99,10.0,data,ok,0.0,ue6_qfi2,17.331999999999994,ok,,0.8,ue13_qfi2,3,4787.0,4945.0,30.303,ok,33.0,,pending,,pending,ugv_heavy,32,PF,1367864806,1.5
ue18_qfi2,135.053,148.474,149.5,150.028,ok,0.5741604561346241,ok,ue2_qfi85,1,2,2,2273.75,data,ok,2.0,False,,proxy,3,0,,ue17_qfi2,0.0,147,150.0,ok,,ue2_qfi2,150.239,ok,,0,ok,24,,ue17_qfi2,0.0,ok,0.4940770598494878,proxy,5,0.49019594860896704,66916654.4,ok,0.041697727272727275,ok,0.9255386363636363,0.354603125,ok,ue1_qfi82,0.0,99,10.0,data,ok,0.0,ue13_qfi2,18.831999999999994,ok,,7.0,ue12_qfi2,15,883.25,4258.0,30.303,ok,33.0,,pending,,pending,ugv_heavy,32,Reservation,1367864806,1.5
ue3_qfi9,255.5,296.25,298.5,299.5,ok,0.5829645961806096,ok,ue6_qfi83,1,1,3,2861.75,data,ok,2.0,False,,proxy,3,0,,ue13_qfi2,0.0,147,150.0,ok,,ue6_qfi2,142.278,ok,,0,ok,24,,ue13_qfi2,0.0,ok,0.5078663190199814,proxy,5,0.47878298400092073,65525942.4,ok,0.03678636363636364,ok,0.930321590909091,0.0569859375,ok,ue1_qfi82,0.0,99,10.0,data,ok,0.0,ue12_qfi9,88.75,ok,,27.0,ue10_qfi2,27,168.5,2328.0,30.303,ok,33.0,,pending,,pending,ugv_heavy,32,TwoTier,1367864806,1.5
ue20_qfi2,133.734,149.234,149.972,150.182,ok,0.5757431927950866,ok,ue13_qfi85,1,1,1,3882.5,data,ok,2.0,False,,proxy,3,0,,ue17_qfi2,0.013513513513513514,148,150.0,ok,,ue15_qfi2,149.71,ok,,0,ok,24,,ue24_qfi2,0.3025768888888889,ok,0.5835514802150026,proxy,5,0.58191328402364,66633742.4,ok,0.038252272727272725,ok,0.9306943181818181,0.0621484375,ok,ue1_qfi82,0.0,99,10.0,data,ok,0.0,ue21_qfi2,17.073000000000008,ok,,0.8,ue8_qfi2,3,4796.75,4936.5,30.303,ok,33.0,,pending,,pending,ugv_heavy,32,PF,1097657231,1.5
ue4_qfi2,132.652,148.556,149.685,149.945,ok,0.5850659565353538,ok,ue13_qfi85,1,1,1,3884.0,data,ok,2.0,False,,proxy,3,0,,ue17_qfi2,0.0,148,150.0,ok,,ue13_qfi2,150.08,ok,,0,ok,24,,ue17_qfi2,0.0,ok,0.4965363082657957,proxy,5,0.4943121015723454,65149147.2,ok,0.04182045454545454,ok,0.9219125,0.3671625,ok,ue1_qfi82,0.0,99,10.0,data,ok,0.0,ue6_qfi2,19.039999999999992,ok,,5.8,ue8_qfi2,15,626.75,4426.0,30.303,ok,33.0,,pending,,pending,ugv_heavy,32,Reservation,1097657231,1.5
ue7_qfi9,236.0,294.0,297.75,299.0,ok,0.5831161785093044,ok,ue13_qfi85,1,1,1,3882.75,data,ok,2.0,False,,proxy,3,0,,ue13_qfi2,0.0,147,150.0,ok,,ue5_qfi2,147.208,ok,,1,ok,24,,ue13_qfi2,0.0,ok,0.47778246756087484,proxy,5,0.4688126578039812,65264854.4,ok,0.03638636363636363,ok,0.9289045454545455,0.05894375,ok,ue1_qfi82,0.0,99,10.0,data,ok,0.0,ue9_qfi9,250.0,ok,,27.6,ue1_qfi2,26,364.5,2469.25,30.303,ok,33.0,,pending,,pending,ugv_heavy,32,TwoTier,1097657231,1.5
ue20_qfi2,133.178,148.25,149.232,150.133,ok,0.5672744771316939,ok,ue4_qfi85,1,1,1,4691.0,data,ok,2.0,False,,proxy,3,0,,ue6_qfi2,0.013513513513513514,148,150.0,ok,,ue8_qfi2,149.266,ok,,0,ok,24,,ue23_qfi2,0.3092174222222222,ok,0.5956961508695823,proxy,5,0.5939263119495429,67931380.8,ok,0.0377,ok,0.9304431818181819,0.0612875,ok,ue1_qfi82,0.0,99,10.0,data,ok,0.0,ue13_qfi2,17.247000000000014,ok,,0.8,ue13_qfi2,3,4799.0,4946.75,30.303,ok,33.0,,pending,,pending,ugv_heavy,32,PF,579362555,1.5
ue10_qfi2,132.695,148.361,149.529,150.037,ok,0.5773011108716707,ok,ue4_qfi85,1,1,1,4692.5,data,ok,2.0,False,,proxy,3,0,,ue17_qfi2,0.0,147,150.0,ok,,ue2_qfi2,150.232,ok,,0,ok,24,,ue17_qfi2,0.0,ok,0.5056117410422235,proxy,5,0.5030983170544322,66356504.0,ok,0.04180681818181818,ok,0.9249409090909091,0.3500109375,ok,ue1_qfi82,0.0,99,10.0,data,ok,0.0,ue3_qfi2,22.75199999999998,ok,,7.2,ue7_qfi2,13,1647.25,4100.0,30.303,ok,33.0,,pending,,pending,ugv_heavy,32,Reservation,579362555,1.5
ue10_qfi9,196.5,289.25,295.75,298.0,ok,0.6038604787578004,ok,ue4_qfi85,1,1,1,4692.5,data,ok,2.0,False,,proxy,3,0,,ue11_qfi2,0.0,147,150.0,ok,,ue6_qfi2,104.812,ok,,9,ok,24,,ue11_qfi2,0.0,ok,0.5642955898344812,proxy,5,0.549198154168749,62203012.8,ok,0.03698863636363636,ok,0.9303420454545455,0.058615625,ok,ue1_qfi82,0.0,99,10.0,data,ok,0.0,ue2_qfi9,149.25,ok,,30.0,ue10_qfi2,27,181.0,2342.25,30.303,ok,33.0,,pending,,pending,ugv_heavy,32,TwoTier,579362555,1.5
ue22_qfi2,133.511,149.102,149.666,150.097,ok,0.5713581026947656,ok,ue11_qfi85,1,1,2,2060.0,data,ok,2.0,False,,proxy,3,0,,ue22_qfi2,0.006756756756756757,148,150.0,ok,,ue1_qfi2,149.506,ok,,0,ok,24,,ue24_qfi2,0.29845937777777776,ok,0.5814424782459435,proxy,5,0.5780354263200407,67404259.2,ok,0.03842727272727273,ok,0.9308897727272727,0.060103125,ok,ue1_qfi82,0.0,99,10.0,data,ok,0.0,ue2_qfi2,17.00999999999999,ok,,0.8,ue13_qfi2,3,4786.75,4930.5,30.303,ok,33.0,,pending,,pending,ugv_heavy,32,PF,661058651,1.5
ue14_qfi2,132.299,148.457,149.536,150.0,ok,0.5783497669261897,ok,ue11_qfi85,1,1,2,2060.0,data,ok,2.0,False,,proxy,3,0,,ue18_qfi2,0.0,147,150.0,ok,,ue12_qfi2,150.176,ok,,0,ok,24,,ue18_qfi2,0.0,ok,0.4951369367436199,proxy,5,0.48965614126470697,66294248.0,ok,0.04146590909090909,ok,0.9214602272727273,0.3707328125,ok,ue1_qfi82,0.0,99,10.0,data,ok,0.0,ue11_qfi2,20.256999999999977,ok,,6.0,ue19_qfi2,14,462.0,3181.5,30.303,ok,33.0,,pending,,pending,ugv_heavy,32,Reservation,661058651,1.5
ue5_qfi9,229.0,292.75,297.25,298.75,ok,0.5710716860994755,ok,ue4_qfi83,1,1,1,4383.75,data,ok,2.0,False,,proxy,3,0,,ue16_qfi2,0.0,147,150.0,ok,,ue15_qfi2,149.5,ok,,0,ok,24,,ue16_qfi2,0.0,ok,0.4881445561071498,proxy,5,0.48061414941376496,67209467.2,ok,0.03775681818181818,ok,0.9315238636363636,0.0559859375,ok,ue1_qfi82,0.0,99,10.0,data,ok,0.0,ue4_qfi9,148.75,ok,,21.4,ue10_qfi2,24,396.25,2850.75,30.303,ok,33.0,,pending,,pending,ugv_heavy,32,TwoTier,661058651,1.5
ue18_qfi2,133.949,149.008,149.989,150.195,ok,0.5707713370105162,ok,ue11_qfi85,1,1,2,2836.2500000000005,data,ok,2.0,False,,proxy,3,0,,ue23_qfi2,0.006756756756756757,148,150.0,ok,,ue14_qfi2,150.027,ok,,0,ok,24,,ue22_qfi2,0.29622862222222224,ok,0.5884850045718787,proxy,5,0.5856044675565435,67544032.0,ok,0.03825909090909091,ok,0.9308204545454546,0.0625546875,ok,ue1_qfi82,0.0,99,10.0,data,ok,0.0,ue2_qfi2,17.24800000000002,ok,,0.8,ue12_qfi2,3,4789.25,4932.0,30.303,ok,33.0,,pending,,pending,ugv_heavy,32,PF,87989972,1.5
ue6_qfi2,131.418,148.466,149.808,149.985,ok,0.5718503385960213,ok,ue11_qfi85,1,1,2,2836.2500000000005,data,ok,2.0,False,,proxy,3,0,,ue17_qfi2,0.0,147,150.0,ok,,ue6_qfi2,150.163,ok,,0,ok,24,,ue17_qfi2,0.0,ok,0.499935392425512,proxy,5,0.49901776688570637,67217808.0,ok,0.04199090909090909,ok,0.92675,0.3469515625,ok,ue1_qfi82,0.0,99,10.0,data,ok,0.0,ue4_qfi2,23.762,ok,,6.4,ue9_qfi2,12,899.0,4172.5,30.303,ok,33.0,,pending,,pending,ugv_heavy,32,Reservation,87989972,1.5
ue9_qfi9,260.5,296.5,298.75,299.5,ok,0.5626185279329874,ok,ue2_qfi9,1,1,1,4751.749999999999,data,ok,2.0,False,,proxy,3,0,,ue16_qfi2,0.0,147,150.0,ok,,ue7_qfi2,149.809,ok,,0,ok,24,,ue16_qfi2,0.0,ok,0.4977257044954916,proxy,5,0.4932994353606629,68523155.2,ok,0.03719772727272727,ok,0.9303443181818182,0.055890625,ok,ue1_qfi82,0.0,99,10.0,data,ok,0.0,ue1_qfi9,293.5,ok,,13.8,ue11_qfi2,24,502.75,3480.75,30.303,ok,33.0,,pending,,pending,ugv_heavy,32,TwoTier,87989972,1.5
ue4_qfi2,133.254,149.073,149.957,150.143,ok,0.5626332275824696,ok,ue10_qfi85,1,1,1,3204.5,data,ok,2.0,False,,proxy,3,0,,ue22_qfi2,0.013513513513513514,148,150.0,ok,,ue15_qfi2,149.932,ok,,0,ok,24,,ue23_qfi2,0.31185813333333334,ok,0.5939569113143547,proxy,5,0.5902645240599286,68751478.4,ok,0.038338636363636366,ok,0.9307886363636364,0.0586765625,ok,ue1_qfi82,0.0,99,10.0,data,ok,0.0,ue8_qfi2,17.198000000000008,ok,,1.0,ue11_qfi2,4,2794.5,4943.25,30.303,ok,33.0,,pending,,pending,ugv_heavy,32,PF,161576974,1.5
ue18_qfi2,133.932,148.697,149.745,150.065,ok,0.573467779829326,ok,ue10_qfi85,1,1,1,3206.0,data,ok,2.0,False,,proxy,3,0,,ue17_qfi2,0.0,148,150.0,ok,,ue13_qfi2,150.222,ok,,0,ok,24,,ue17_qfi2,0.0,ok,0.5050798803443302,proxy,5,0.4964549799910669,66945624.0,ok,0.04135227272727273,ok,0.9261818181818182,0.344765625,ok,ue1_qfi82,0.0,99,10.0,data,ok,0.0,ue7_qfi2,21.861999999999995,ok,,6.8,ue5_qfi2,14,1190.0,4266.0,30.303,ok,33.0,,pending,,pending,ugv_heavy,32,Reservation,161576974,1.5
ue9_qfi9,249.75,295.75,298.25,299.25,ok,0.560153784377342,ok,ue7_qfi83,1,1,1,4740.75,data,ok,2.0,False,,proxy,3,0,,ue15_qfi2,0.0,147,150.0,ok,,ue13_qfi2,147.91,ok,,0,ok,24,,ue15_qfi2,0.0,ok,0.5020485371252187,proxy,5,0.49324067183266046,68815444.8,ok,0.037070454545454545,ok,0.9311647727272727,0.0533859375,ok,ue1_qfi82,0.0,99,10.0,data,ok,0.0,ue1_qfi9,272.5,ok,,22.0,ue5_qfi2,17,410.5,2603.5,30.303,ok,33.0,,pending,,pending,ugv_heavy,32,TwoTier,161576974,1.5
ue1_qfi2,133.501,148.317,149.545,150.102,ok,0.5732923382426829,ok,ue10_qfi85,1,1,1,2505.0,data,ok,2.0,False,,proxy,3,0,,ue24_qfi2,0.006756756756756757,148,150.0,ok,,ue9_qfi2,150.046,ok,,0,ok,24,,ue24_qfi2,0.2895836444444444,ok,0.5911220364916586,proxy,5,0.5885949898154713,67051897.6,ok,0.038493181818181815,ok,0.9308897727272727,0.062015625,ok,ue1_qfi82,0.0,99,10.0,data,ok,0.0,ue10_qfi2,17.110000000000014,ok,,0.8,ue19_qfi2,3,4790.0,4928.5,30.303,ok,33.0,,pending,,pending,ugv_heavy,32,PF,35492826,1.5
ue7_qfi2,132.448,148.515,149.564,150.001,ok,0.5790419237141287,ok,ue10_qfi85,1,1,1,2505.0,data,ok,2.0,False,,proxy,3,0,,ue17_qfi2,0.0,148,150.0,ok,,ue4_qfi2,150.229,ok,,0,ok,24,,ue17_qfi2,0.0,ok,0.5053370707696374,proxy,5,0.49872242285239604,66199564.8,ok,0.04156136363636364,ok,0.9248977272727272,0.3496859375,ok,ue1_qfi82,0.0,99,10.0,data,ok,0.0,ue10_qfi2,19.339,ok,,6.8,ue4_qfi2,12,1022.5,4162.75,30.303,ok,33.0,,pending,,pending,ugv_heavy,32,Reservation,35492826,1.5
ue8_qfi9,246.25,296.25,298.75,299.5,ok,0.5673005139087725,ok,ue10_qfi9,1,1,1,3762.5,data,ok,2.0,False,,proxy,3,0,,ue16_qfi2,0.0,147,150.0,ok,,ue13_qfi2,149.588,ok,,0,ok,24,,ue16_qfi2,0.0,ok,0.5024741288857297,proxy,5,0.49048642964984634,67864894.4,ok,0.03700454545454546,ok,0.9320954545454545,0.0562421875,ok,ue1_qfi82,0.0,99,10.0,data,ok,0.0,ue4_qfi9,236.75,ok,,24.8,ue10_qfi2,16,334.0,1779.25,30.303,ok,33.0,,pending,,pending,ugv_heavy,32,TwoTier,35492826,1.5
ue10_qfi2,132.918,148.688,149.714,150.132,ok,0.5682081852958817,ok,ue8_qfi85,1,1,1,3038.5000000000005,data,ok,2.0,False,,proxy,3,0,,ue22_qfi2,0.013513513513513514,148,150.0,ok,,ue4_qfi2,149.75,ok,,0,ok,24,,ue22_qfi2,0.3137356444444444,ok,0.5854625928294357,proxy,5,0.5836744751754032,67958251.2,ok,0.03771590909090909,ok,0.9338181818181818,0.0594640625,ok,ue1_qfi82,0.0,99,10.0,data,ok,0.0,ue10_qfi2,17.214,ok,,1.0,ue12_qfi2,4,2825.25,4938.5,30.303,ok,33.0,,pending,,pending,ugv_heavy,32,PF,376383645,1.5
ue13_qfi2,132.451,148.758,149.718,150.0,ok,0.5767617264574515,ok,ue8_qfi85,1,1,1,3038.5000000000005,data,ok,2.0,False,,proxy,3,0,,ue17_qfi2,0.0,148,150.0,ok,,ue9_qfi2,150.193,ok,,0,ok,24,,ue17_qfi2,0.0,ok,0.4932635621938669,proxy,5,0.4920071875000583,66482542.4,ok,0.04162727272727273,ok,0.9248738636363636,0.3456828125,ok,ue1_qfi82,0.0,99,10.0,data,ok,0.0,ue5_qfi2,22.77499999999999,ok,,7.2,ue12_qfi2,15,972.75,4128.5,30.303,ok,33.0,,pending,,pending,ugv_heavy,32,Reservation,376383645,1.5
ue7_qfi9,75.5,295.75,298.25,299.25,ok,0.5670152784816037,ok,ue8_qfi85,1,1,1,3038.5000000000005,data,ok,2.0,False,,proxy,3,0,,ue15_qfi2,0.0,147,150.0,ok,,ue13_qfi2,146.5,ok,,1,ok,24,,ue15_qfi2,0.0,ok,0.493628130760178,proxy,5,0.48532754763870173,67802923.2,ok,0.036704545454545455,ok,0.9315215909090909,0.05488125,ok,ue1_qfi82,0.0,99,10.0,data,ok,0.0,ue7_qfi9,223.75,ok,,26.4,ue7_qfi2,26,160.25,2350.5,30.303,ok,33.0,,pending,,pending,ugv_heavy,32,TwoTier,376383645,1.5
ue15_qfi2,133.979,148.919,149.732,150.157,ok,0.5648854448169696,ok,ue17_qfi85,1,1,1,4772.75,data,ok,2.0,False,,proxy,3,0,,ue4_qfi2,0.013513513513513514,148,150.0,ok,,ue9_qfi2,149.757,ok,,0,ok,24,,ue22_qfi2,0.30002311111111113,ok,0.5827340943432329,proxy,5,0.5804367360304494,68135086.4,ok,0.03820681818181818,ok,0.9332863636363636,0.058228125,ok,ue1_qfi82,0.0,99,10.0,data,ok,0.0,ue8_qfi2,17.238,ok,,1.0,ue9_qfi2,4,4615.75,4933.25,30.303,ok,33.0,,pending,,pending,ugv_heavy,32,PF,1746484539,1.5
ue5_qfi9,253.0,296.0,298.25,299.25,ok,0.5753754486078746,ok,ue17_qfi85,1,1,1,4772.75,data,ok,2.0,False,,proxy,3,0,,ue16_qfi2,0.0,147,150.0,ok,,ue8_qfi2,150.082,ok,,0,ok,24,,ue16_qfi2,0.0,ok,0.48437485087188215,proxy,5,0.4755041055950858,66472260.800000004,ok,0.04152045454545455,ok,0.9276454545454546,0.332765625,ok,ue1_qfi82,0.0,99,10.0,data,ok,0.0,ue5_qfi9,46.25,ok,,8.8,ue15_qfi2,14,856.5,3851.25,30.303,ok,33.0,,pending,,pending,ugv_heavy,32,Reservation,1746484539,1.5
ue5_qfi9,236.5,294.0,297.75,299.0,ok,0.5630699643461529,ok,ue17_qfi85,1,1,1,4773.750000000001,data,ok,2.0,False,,proxy,3,0,,ue16_qfi2,0.0,147,150.0,ok,,ue8_qfi2,148.933,ok,,1,ok,24,,ue16_qfi2,0.0,ok,0.48458475669357143,proxy,5,0.4771324696263325,68241155.2,ok,0.03671136363636364,ok,0.9321193181818181,0.05278125,ok,ue1_qfi82,0.0,99,10.0,data,ok,0.0,ue12_qfi9,167.75,ok,,27.2,ue3_qfi2,20,193.0,1842.75,30.303,ok,33.0,,pending,,pending,ugv_heavy,32,TwoTier,1746484539,1.5
ue8_qfi9,12.5,256.25,286.75,293.75,ok,0.008748271728005455,ok,ue7_qfi85,1,1,1,3419.7499999999995,data,ok,2.0,False,,proxy,3,0,,ue24_qfi2,0.9407894736842105,152,150.0,ok,,ue24_qfi2,143.912,ok,,24,ok,24,,ue18_qfi2,0.954536,ok,0.9809726570964662,proxy,5,0.9774190778171566,60345875.2,ok,0.038261363636363635,ok,0.9254818181818182,0.1231984375,ok,ue1_qfi82,0.0,99,10.0,data,ok,0.0,ue8_qfi9,281.25,ok,,28.6,ue24_qfi2,3,194.0,408.5,30.303,ok,33.0,,pending,,pending,ugv_heavy,32,PF,1826701614,0.5
ue8_qfi9,20.25,173.25,188.75,205.0,ok,0.009227341380792573,ok,ue7_qfi85,1,1,1,3419.7499999999995,data,ok,2.0,False,,proxy,3,0,,ue18_qfi2,0.9933774834437086,151,150.0,ok,,ue3_qfi2,33.978,ok,,23,ok,24,,ue18_qfi2,0.94738,ok,0.9586521373156991,proxy,5,0.9401280587339343,60304926.4,ok,0.04142272727272727,ok,0.9132125,0.3468375,ok,ue1_qfi82,0.0,99,10.0,data,ok,0.0,ue8_qfi9,184.75,ok,,30.4,ue1_qfi2,0,0.0,0.0,30.303,ok,33.0,,pending,,pending,ugv_heavy,32,Reservation,1826701614,0.5
ue4_qfi9,61.75,219.5,276.25,291.0,ok,0.0205532032618375,ok,ue7_qfi85,1,1,1,3419.7499999999995,data,ok,2.0,False,,proxy,3,0,,ue21_qfi2,0.9932885906040269,149,150.0,ok,,ue21_qfi2,129.961,ok,,23,ok,24,,ue18_qfi2,0.9476104000000001,ok,0.8062530010624849,proxy,5,0.7908508189550708,59282446.4,ok,0.03685,ok,0.9300931818181818,0.0580375,ok,ue1_qfi82,0.0,99,10.0,data,ok,0.0,ue4_qfi9,229.25,ok,,29.8,ue19_qfi2,30,96.5,2392.75,30.303,ok,33.0,,pending,,pending,ugv_heavy,32,TwoTier,1826701614,0.5
ue8_qfi9,6.25,114.0,164.75,188.75,ok,0.008092456975009528,ok,ue2_qfi85,1,2,2,2272.25,data,ok,2.0,False,,proxy,3,0,,ue1_qfi2,1.0,152,150.0,ok,,ue22_qfi2,87.34,ok,,24,ok,24,,ue15_qfi2,0.9596048,ok,0.9800151501117874,proxy,5,0.9760201943540645,60361604.8,ok,0.038575,ok,0.9252409090909091,0.1243,ok,ue1_qfi82,0.0,99,10.0,data,ok,0.0,ue8_qfi9,182.5,ok,,30.4,ue1_qfi2,0,0.0,0.0,30.303,ok,33.0,,pending,,pending,ugv_heavy,32,PF,1367864806,0.5
ue8_qfi9,14.75,74.5,109.25,121.75,ok,0.009184902661648515,ok,ue2_qfi85,1,2,2,2273.75,data,ok,2.0,False,,proxy,3,0,,ue21_qfi2,0.993421052631579,152,150.0,ok,,ue9_qfi2,34.559,ok,,24,ok,24,,ue16_qfi2,0.9596424,ok,0.965055554832578,proxy,5,0.9306089219116107,60334096.0,ok,0.04189545454545455,ok,0.9129704545454546,0.3467421875,ok,ue1_qfi82,0.0,99,10.0,data,ok,0.0,ue8_qfi9,107.0,ok,,30.4,ue1_qfi2,0,0.0,0.0,30.303,ok,33.0,,pending,,pending,ugv_heavy,32,Reservation,1367864806,0.5
ue9_qfi9,71.5,251.25,277.0,288.5,ok,0.021991870047560327,ok,ue2_qfi85,1,2,2,2273.75,data,ok,2.0,False,,proxy,3,0,,ue5_qfi2,0.9337748344370861,151,150.0,ok,,ue24_qfi2,126.094,ok,,23,ok,24,,ue5_qfi2,0.923736,ok,0.8236700574235231,proxy,5,0.792169677500883,59239398.4,ok,0.036745454545454546,ok,0.9311806818181818,0.05951875,ok,ue1_qfi82,0.0,99,10.0,data,ok,0.0,ue9_qfi9,217.0,ok,,29.8,ue22_qfi2,26,104.75,2077.75,30.303,ok,33.0,,pending,,pending,ugv_heavy,32,TwoTier,1367864806,0.5
ue13_qfi9,23.0,118.75,178.5,213.25,ok,0.012364626490420144,ok,ue13_qfi85,1,1,1,3882.5,data,ok,2.0,False,,proxy,3,0,,ue24_qfi2,0.8486842105263158,152,150.0,ok,,ue22_qfi2,147.849,ok,,24,ok,24,,ue21_qfi2,0.9635592,ok,0.9758539885846682,proxy,5,0.9696377917039128,60145795.2,ok,0.038154545454545455,ok,0.9281227272727273,0.121009375,ok,ue1_qfi82,0.0,99,10.0,data,ok,0.0,ue5_qfi9,197.5,ok,,26.4,ue22_qfi2,5,192.25,659.5,30.303,ok,33.0,,pending,,pending,ugv_heavy,32,PF,1097657231,0.5
ue3_qfi9,21.5,62.25,72.5,80.5,ok,0.009773137737815176,ok,ue13_qfi85,1,1,1,3882.5,data,ok,2.0,False,,proxy,3,0,,ue1_qfi2,1.0,152,150.0,ok,,ue22_qfi2,35.789,ok,,24,ok,24,,ue5_qfi2,0.9584632,ok,0.9492124030508137,proxy,5,0.9304038075537356,60311022.4,ok,0.041531818181818184,ok,0.9152625,0.36623125,ok,ue1_qfi82,0.0,99,10.0,data,ok,0.0,ue3_qfi9,59.0,ok,,30.4,ue19_qfi2,1,91.25,91.25,30.303,ok,33.0,,pending,,pending,ugv_heavy,32,Reservation,1097657231,0.5
ue13_qfi9,99.0,271.75,287.5,293.0,ok,0.02291100784264593,ok,ue13_qfi85,1,1,1,3882.5,data,ok,2.0,False,,proxy,3,0,,ue15_qfi2,0.9403973509933775,151,150.0,ok,,ue21_qfi2,134.147,ok,,23,ok,24,,ue15_qfi2,0.910704,ok,0.8030550004286601,proxy,5,0.7868707510780175,59174944.0,ok,0.037163636363636364,ok,0.9307545454545455,0.0608265625,ok,ue1_qfi82,0.0,99,10.0,data,ok,0.0,ue4_qfi9,204.0,ok,,30.0,ue19_qfi2,31,116.5,2413.25,30.303,ok,33.0,,pending,,pending,ugv_heavy,32,TwoTier,1097657231,0.5
ue3_qfi9,4.75,93.5,126.75,142.0,ok,0.008143037021087183,ok,ue4_qfi85,1,1,1,4692.5,data,ok,2.0,False,,proxy,3,0,,ue9_qfi2,0.993421052631579,152,150.0,ok,,ue23_qfi2,93.298,ok,,24,ok,24,,ue4_qfi2,0.9549104,ok,0.9805697349255518,proxy,5,0.9774604389395724,60305950.4,ok,0.038363636363636364,ok,0.9240431818181818,0.1252890625,ok,ue1_qfi82,0.0,99,10.0,data,ok,0.0,ue3_qfi9,137.25,ok,,30.2,ue1_qfi2,0,0.0,0.0,30.303,ok,33.0,,pending,,pending,ugv_heavy,32,PF,579362555,0.5
ue1_qfi9,17.75,50.25,59.5,68.5,ok,0.009287259087556987,ok,ue4_qfi85,1,1,1,4692.5,data,ok,2.0,False,,proxy,3,0,,ue4_qfi2,0.993421052631579,152,150.0,ok,,ue10_qfi2,34.356,ok,,24,ok,24,,ue13_qfi2,0.9580751999999999,ok,0.9617237852019741,proxy,5,0.936996979890013,60264520.0,ok,0.04165454545454546,ok,0.9137511363636364,0.3490921875,ok,ue1_qfi82,0.0,99,10.0,data,ok,0.0,ue1_qfi9,50.75,ok,,30.2,ue7_qfi2,1,78.75,78.75,30.303,ok,33.0,,pending,,pending,ugv_heavy,32,Reservation,579362555,0.5
ue13_qfi9,54.0,123.5,191.5,235.25,ok,0.02001880845910024,ok,ue4_qfi85,1,1,1,4692.5,data,ok,2.0,False,,proxy,3,0,,ue1_qfi2,1.0,152,150.0,ok,,ue21_qfi2,132.877,ok,,23,ok,24,,ue16_qfi2,0.9441271999999999,ok,0.808009132259176,proxy,5,0.7954485796901056,59172801.6,ok,0.036922727272727274,ok,0.9298670454545455,0.060015625,ok,ue1_qfi82,0.0,99,10.0,data,ok,0.0,ue13_qfi9,181.25,ok,,29.8,ue20_qfi2,31,105.25,2419.0,30.303,ok,33.0,,pending,,pending,ugv_heavy,32,TwoTier,579362555,0.5
ue8_qfi9,13.5,119.5,143.25,152.5,ok,0.010004884728879691,ok,ue11_qfi85,1,1,2,2059.75,data,ok,2.0,False,,proxy,3,0,,ue24_qfi2,0.8807947019867549,151,150.0,ok,,ue24_qfi2,122.585,ok,,24,ok,24,,ue10_qfi2,0.962576,ok,0.9773939064574412,proxy,5,0.9740317353515748,60328545.6,ok,0.038493181818181815,ok,0.9283761363636364,0.121728125,ok,ue1_qfi82,0.0,99,10.0,data,ok,0.0,ue1_qfi9,139.25,ok,,26.6,ue24_qfi2,2,362.0,641.75,30.303,ok,33.0,,pending,,pending,ugv_heavy,32,PF,661058651,0.5
ue13_qfi9,20.0,56.75,75.5,91.0,ok,0.009535337791497,ok,ue11_qfi85,1,1,2,2060.0,data,ok,2.0,False,,proxy,3,0,,ue6_qfi2,0.9933774834437086,151,150.0,ok,,ue13_qfi2,35.141,ok,,24,ok,24,,ue14_qfi2,0.9613256,ok,0.9495379427537337,proxy,5,0.9335454696323311,60359668.8,ok,0.04170227272727273,ok,0.9132034090909091,0.35844375,ok,ue1_qfi82,0.0,99,10.0,data,ok,0.0,ue13_qfi9,71.0,ok,,30.0,ue6_qfi2,1,78.0,78.0,30.303,ok,33.0,,pending,,pending,ugv_heavy,32,Reservation,661058651,0.5
ue7_qfi9,91.0,232.5,260.0,281.5,ok,0.020365323272909793,ok,ue21_qfi1,1,1,1,4517.5,data,ok,2.0,False,,proxy,3,0,,ue19_qfi2,0.9932885906040269,149,150.0,ok,,ue19_qfi2,136.141,ok,,24,ok,24,,ue19_qfi2,0.9525624,ok,0.8048161015484293,proxy,5,0.7844216851443425,59272700.8,ok,0.037320454545454546,ok,0.9306863636363636,0.0589078125,ok,ue1_qfi82,0.0,99,10.0,data,ok,0.0,ue13_qfi9,195.5,ok,,29.6,ue19_qfi2,33,111.5,2621.75,30.303,ok,33.0,,pending,,pending,ugv_heavy,32,TwoTier,661058651,0.5
ue10_qfi9,7.5,193.5,207.25,213.5,ok,0.01031798024989758,ok,ue11_qfi85,1,1,2,2837.7500000000005,data,ok,2.0,False,,proxy,3,0,,ue22_qfi2,0.8355263157894737,152,150.0,ok,,ue22_qfi2,134.75,ok,,24,ok,24,,ue15_qfi2,0.9510272,ok,0.9800059205786571,proxy,5,0.9707269329789567,60174636.8,ok,0.03813409090909091,ok,0.9252647727272727,0.1251203125,ok,ue1_qfi82,0.0,99,10.0,data,ok,0.0,ue10_qfi9,206.0,ok,,25.4,ue22_qfi2,6,316.75,973.5,30.303,ok,33.0,,pending,,pending,ugv_heavy,32,PF,87989972,0.5
ue20_qfi2,11.5,32.734,75.636,114.095,ok,0.009327965118275357,ok,ue11_qfi85,1,1,2,2837.7500000000005,data,ok,2.0,False,,proxy,3,0,,ue3_qfi2,0.9933774834437086,151,150.0,ok,,ue20_qfi2,40.851,ok,,24,ok,24,,ue15_qfi2,0.9553248000000001,ok,0.9535933998420998,proxy,5,0.9365237606517224,60298113.6,ok,0.04206818181818182,ok,0.9130420454545455,0.356225,ok,ue1_qfi82,0.0,99,10.0,data,ok,0.0,ue20_qfi2,102.595,ok,,30.4,ue20_qfi2,1,163.25,163.25,30.303,ok,33.0,,pending,,pending,ugv_heavy,32,Reservation,87989972,0.5
ue14_qfi9,74.25,245.25,278.5,290.75,ok,0.024239261103452286,ok,ue11_qfi85,1,1,2,2836.2500000000005,data,ok,2.0,False,,proxy,3,0,,ue4_qfi2,0.9342105263157895,152,150.0,ok,,ue20_qfi2,131.348,ok,,20,ok,24,,ue4_qfi2,0.9113711999999999,ok,0.8126801153935018,proxy,5,0.7834022411519124,58933526.4,ok,0.03788181818181818,ok,0.9288954545454545,0.0605796875,ok,ue1_qfi82,0.0,99,10.0,data,ok,0.0,ue10_qfi9,227.5,ok,,29.8,ue19_qfi2,32,126.25,2593.25,30.303,ok,33.0,,pending,,pending,ugv_heavy,32,TwoTier,87989972,0.5
ue2_qfi9,8.75,126.0,161.5,172.25,ok,0.008086963784941904,ok,ue10_qfi85,1,1,1,3206.0,data,ok,2.0,False,,proxy,3,0,,ue1_qfi2,1.0,151,150.0,ok,,ue23_qfi2,63.142,ok,,24,ok,24,,ue1_qfi2,0.956596,ok,0.9811834012443548,proxy,5,0.9792224985411301,60387254.4,ok,0.03820227272727273,ok,0.917240909090909,0.121,ok,ue1_qfi82,0.0,99,10.0,data,ok,0.0,ue2_qfi9,163.5,ok,,30.2,ue1_qfi2,0,0.0,0.0,30.303,ok,33.0,,pending,,pending,ugv_heavy,32,PF,161576974,0.5
ue13_qfi9,16.75,45.25,54.75,60.75,ok,0.008987903070712863,ok,ue10_qfi85,1,1,1,3206.0,data,ok,2.0,False,,proxy,3,0,,ue15_qfi2,0.9933774834437086,151,150.0,ok,,ue7_qfi2,33.253,ok,,24,ok,24,,ue15_qfi2,0.957008,ok,0.9626978301183838,proxy,5,0.9391195418860021,60321273.6,ok,0.04141818181818182,ok,0.9117011363636364,0.32805,ok,ue1_qfi82,0.0,99,10.0,data,ok,0.0,ue21_qfi9,49.5,ok,,30.2,ue23_qfi2,1,73.25,73.25,30.303,ok,33.0,,pending,,pending,ugv_heavy,32,Reservation,161576974,0.5
ue21_qfi9,90.75,210.5,210.5,210.5,ok,0.04588322402740319,ok,ue10_qfi85,1,1,1,3206.0,data,ok,2.0,False,,proxy,3,0,,ue24_qfi2,0.43537414965986393,147,150.0,ok,,ue24_qfi2,119.092,ok,,23,ok,24,,ue24_qfi2,0.4228421333333333,ok,0.846539398651084,proxy,5,0.8398741760301973,57766432.0,ok,0.036981818181818185,ok,0.9314977272727273,0.0586984375,ok,ue1_qfi82,0.0,99,10.0,data,ok,0.0,ue21_qfi9,119.75,ok,,30.4,ue22_qfi2,34,113.5,2742.5,30.303,ok,33.0,,pending,,pending,ugv_heavy,32,TwoTier,161576974,0.5
ue1_qfi9,11.25,245.25,271.75,282.75,ok,0.011683458888317604,ok,ue10_qfi85,1,1,1,2505.0,data,ok,2.0,False,,proxy,3,0,,ue24_qfi2,0.7947019867549668,151,150.0,ok,,ue24_qfi2,148.25,ok,,24,ok,24,,ue5_qfi2,0.9557696,ok,0.9791714927774026,proxy,5,0.9735845627555351,60241094.4,ok,0.038079545454545456,ok,0.9267670454545455,0.1221359375,ok,ue1_qfi82,0.0,99,10.0,data,ok,0.0,ue1_qfi9,271.5,ok,,24.2,ue24_qfi2,12,229.75,1387.5,30.303,ok,33.0,,pending,,pending,ugv_heavy,32,PF,35492826,0.5
ue1_qfi9,16.75,67.75,86.75,93.75,ok,0.009491695767265648,ok,ue10_qfi85,1,1,1,2505.0,data,ok,2.0,False,,proxy,3,0,,ue10_qfi2,0.993421052631579,152,150.0,ok,,ue24_qfi2,36.094,ok,,24,ok,24,,ue18_qfi2,0.9568408,ok,0.9555203749067358,proxy,5,0.9264922756683984,60363732.8,ok,0.04171818181818182,ok,0.9149784090909091,0.3557421875,ok,ue1_qfi82,0.0,99,10.0,data,ok,0.0,ue1_qfi9,77.0,ok,,30.4,ue24_qfi2,1,85.75,85.75,30.303,ok,33.0,,pending,,pending,ugv_heavy,32,Reservation,35492826,0.5
ue14_qfi9,74.25,266.0,286.25,293.75,ok,0.0213951675862898,ok,ue21_qfi1,1,1,2,2819.25,data,ok,2.0,False,,proxy,3,0,,ue19_qfi2,0.9933774834437086,151,150.0,ok,,ue21_qfi2,134.001,ok,,23,ok,24,,ue10_qfi2,0.9445296,ok,0.8154017216193195,proxy,5,0.7942576928419078,59269217.6,ok,0.037125,ok,0.9315602272727272,0.0602234375,ok,ue1_qfi82,0.0,99,10.0,data,ok,0.0,ue14_qfi9,219.5,ok,,30.0,ue20_qfi2,29,102.5,2269.0,30.303,ok,33.0,,pending,,pending,ugv_heavy,32,TwoTier,35492826,0.5
ue13_qfi9,11.5,205.25,232.5,248.25,ok,0.008364845394250895,ok,ue8_qfi85,1,1,1,3038.5000000000005,data,ok,2.0,False,,proxy,3,0,,ue23_qfi2,0.9736842105263158,152,150.0,ok,,ue23_qfi2,127.812,ok,,23,ok,24,,ue7_qfi2,0.9494592,ok,0.9795394575882845,proxy,5,0.9717382940743586,60373929.6,ok,0.03852727272727273,ok,0.9281647727272727,0.1231625,ok,ue1_qfi82,0.0,99,10.0,data,ok,0.0,ue13_qfi9,236.75,ok,,29.6,ue23_qfi2,2,81.5,161.0,30.303,ok,33.0,,pending,,pending,ugv_heavy,32,PF,376383645,0.5
ue13_qfi9,18.75,54.0,68.5,74.75,ok,0.009159393263697064,ok,ue8_qfi85,1,1,1,3038.5000000000005,data,ok,2.0,False,,proxy,3,0,,ue1_qfi2,0.9933774834437086,151,150.0,ok,,ue3_qfi2,34.526,ok,,24,ok,24,,ue7_qfi2,0.9514592,ok,0.9612781871098269,proxy,5,0.9341787169877761,60346723.2,ok,0.04139090909090909,ok,0.9146875,0.35109375,ok,ue1_qfi82,0.0,99,10.0,data,ok,0.0,ue13_qfi9,56.0,ok,,30.2,ue6_qfi2,1,79.75,79.75,30.303,ok,33.0,,pending,,pending,ugv_heavy,32,Reservation,376383645,0.5
ue11_qfi9,78.25,218.0,252.5,268.0,ok,0.01993438527706746,ok,ue19_qfi9,1,1,1,4060.25,data,ok,2.0,False,,proxy,3,0,,ue18_qfi2,0.9867549668874173,151,150.0,ok,,ue24_qfi2,127.794,ok,,22,ok,24,,ue7_qfi2,0.9459648,ok,0.8141398548263782,proxy,5,0.7915188142825081,59359968.0,ok,0.036629545454545456,ok,0.9338806818181818,0.0588109375,ok,ue1_qfi82,0.0,99,10.0,data,ok,0.0,ue13_qfi9,200.75,ok,,30.0,ue23_qfi2,29,111.5,2380.75,30.303,ok,33.0,,pending,,pending,ugv_heavy,32,TwoTier,376383645,0.5
ue1_qfi9,13.25,240.0,268.0,282.75,ok,0.008655686072771293,ok,ue17_qfi85,1,1,1,4772.75,data,ok,2.0,False,,proxy,3,0,,ue22_qfi2,0.9802631578947368,152,150.0,ok,,ue22_qfi2,129.786,ok,,24,ok,24,,ue20_qfi2,0.956244,ok,0.9809146742739558,proxy,5,0.9766122259039519,60264801.6,ok,0.037811363636363636,ok,0.9234238636363636,0.1223171875,ok,ue1_qfi82,0.0,99,10.0,data,ok,0.0,ue1_qfi9,269.5,ok,,30.4,ue1_qfi2,2,66.5,132.75,30.303,ok,33.0,,pending,,pending,ugv_heavy,32,PF,1746484539,0.5
ue1_qfi9,19.0,50.5,71.0,91.25,ok,0.009233279169838139,ok,ue17_qfi85,1,1,1,4772.75,data,ok,2.0,False,,proxy,3,0,,ue3_qfi2,0.9868421052631579,152,150.0,ok,,ue15_qfi2,34.178,ok,,24,ok,24,,ue20_qfi2,0.9558215999999999,ok,0.9517165475638791,proxy,5,0.9321049532057353,60218761.6,ok,0.0411,ok,0.9132931818181819,0.3411046875,ok,ue1_qfi82,0.0,99,10.0,data,ok,0.0,ue1_qfi9,72.25,ok,,30.0,ue3_qfi2,2,84.0,151.75,30.303,ok,33.0,,pending,,pending,ugv_heavy,32,Reservation,1746484539,0.5
ue1_qfi9,63.75,178.75,237.0,259.25,ok,0.021562492214243164,ok,ue17_qfi85,1,1,1,4772.75,data,ok,2.0,False,,proxy,3,0,,ue9_qfi2,0.9407894736842105,152,150.0,ok,,ue24_qfi2,130.222,ok,,23,ok,24,,ue9_qfi2,0.9161728,ok,0.828385674681507,proxy,5,0.8088081464221284,59135729.6,ok,0.03650909090909091,ok,0.9322045454545455,0.0575953125,ok,ue1_qfi82,0.0,99,10.0,data,ok,0.0,ue1_qfi9,195.5,ok,,30.4,ue19_qfi2,30,120.0,2417.75,30.303,ok,33.0,,pending,,pending,ugv_heavy,32,TwoTier,1746484539,0.5
ue1_qfi9,278.0,298.25,299.5,299.75,ok,0.22549640230436452,ok,ue8_qfi1,1,1,1,4976.0,data,ok,2.0,False,,proxy,3,0,,ue14_qfi2,0.02702702702702703,148,150.0,ok,,ue16_qfi2,150.046,ok,,1,ok,19,,ue17_qfi2,0.5743354666666667,ok,0.750069486897973,proxy,5,0.713817037433717,68931718.4,ok,0.03734318181818182,ok,0.9292863636363636,0.06776875,ok,ue1_qfi82,0.0,99,10.0,data,ok,0.0,ue10_qfi9,234.5,ok,,13.0,ue6_qfi2,23,480.5,3447.75,30.303,ok,33.0,,pending,,pending,mixed,32,PF,1826701614,1.0
ue5_qfi9,282.5,298.75,299.75,300.0,ok,0.23677801113954863,ok,ue4_qfi83,1,1,1,4697.25,data,ok,2.0,False,,proxy,3,0,,ue14_qfi2,0.16891891891891891,148,150.0,ok,,ue18_qfi2,150.135,ok,,0,ok,19,,ue1_qfi2,0.57885,ok,0.6925075835663518,proxy,5,0.6543102650411818,67979993.6,ok,0.04096363636363636,ok,0.9245863636363636,0.3562875,ok,ue1_qfi82,0.0,99,10.0,data,ok,0.0,ue8_qfi9,144.75,ok,,7.6,ue16_qfi2,10,1130.0,3967.75,30.303,ok,33.0,,pending,,pending,mixed,32,Reservation,1826701614,1.0
ue2_qfi9,91.5,265.75,281.75,290.25,ok,0.31526277914772294,ok,ue4_qfi85,0,1,2,1938.5,data,ok,2.0,False,,proxy,3,0,,ue16_qfi2,0.0,147,150.0,ok,,ue9_qfi2,97.113,ok,,12,ok,19,,ue16_qfi2,0.0,ok,0.6905347603596397,proxy,5,0.6421256812864392,61230780.8,ok,0.03644318181818182,ok,0.9288522727272728,0.0649421875,ok,ue1_qfi82,0.0,99,10.0,data,ok,0.0,ue5_qfi9,221.0,ok,,30.4,ue6_qfi2,21,96.25,1645.25,30.303,ok,33.0,,pending,,pending,mixed,32,TwoTier,1826701614,1.0
ue2_qfi9,186.0,289.0,296.25,298.25,ok,0.23344263793229375,ok,ue12_qfi9,1,1,1,4081.5,data,ok,2.0,False,,proxy,3,0,,ue18_qfi2,0.040268456375838924,149,150.0,ok,,ue16_qfi2,150.15,ok,,0,ok,19,,ue17_qfi2,0.5824927999999999,ok,0.7420262498620682,proxy,5,0.7271744393802846,68454673.6,ok,0.03653636363636364,ok,0.9319886363636364,0.0698765625,ok,ue1_qfi82,0.0,99,10.0,data,ok,0.0,ue10_qfi2,125.33399999999999,ok,,13.6,ue4_qfi2,18,401.0,3080.75,30.303,ok,33.0,,pending,,pending,mixed,32,PF,1367864806,1.0
ue4_qfi9,289.75,299.25,300.0,300.25,ok,0.252919087569964,ok,ue11_qfi9,1,2,2,2172.5000000000005,data,ok,2.0,False,,proxy,3,0,,ue19_qfi2,0.10135135135135136,148,150.0,ok,,ue17_qfi2,150.037,ok,,0,ok,19,,ue9_qfi2,0.15364039999999998,ok,0.6730569527550356,proxy,5,0.6394254130965835,66999272.0,ok,0.040688636363636364,ok,0.9255909090909091,0.360671875,ok,ue1_qfi82,0.0,99,10.0,data,ok,0.0,ue11_qfi9,117.5,ok,,10.8,ue17_qfi2,15,890.25,3623.75,30.303,ok,33.0,,pending,,pending,mixed,32,Reservation,1367864806,1.0
ue2_qfi9,64.75,225.5,261.75,276.5,ok,0.3103280985123861,ok,ue8_qfi9,1,1,1,3072.0,data,ok,2.0,False,,proxy,3,0,,ue16_qfi2,0.0,147,150.0,ok,,ue9_qfi2,91.421,ok,,14,ok,19,,ue16_qfi2,0.0,ok,0.6783875134901077,proxy,5,0.6334735748267443,62013433.6,ok,0.03607727272727273,ok,0.9327022727272727,0.064475,ok,ue1_qfi82,0.0,99,10.0,data,ok,0.0,ue2_qfi9,211.75,ok,,30.4,ue6_qfi2,16,86.75,1203.75,30.303,ok,33.0,,pending,,pending,mixed,32,TwoTier,1367864806,1.0
ue4_qfi9,229.5,293.5,297.5,298.75,ok,0.2454754664502213,ok,ue7_qfi1,1,1,1,4347.75,data,ok,2.0,False,,proxy,3,0,,ue14_qfi2,0.02702702702702703,148,150.0,ok,,ue17_qfi2,150.08,ok,,1,ok,19,,ue14_qfi2,0.5400208,ok,0.7277127165337797,proxy,5,0.7122640603157654,67081828.8,ok,0.037838636363636366,ok,0.9299602272727273,0.07048125,ok,ue1_qfi82,0.0,99,10.0,data,ok,0.0,ue1_qfi9,111.0,ok,,14.4,ue5_qfi2,18,666.5,2983.0,30.303,ok,33.0,,pending,,pending,mixed,32,PF,1097657231,1.0
ue6_qfi9,278.25,298.5,299.75,300.0,ok,0.2646805835405357,ok,ue13_qfi9,1,1,2,3200.0,data,ok,2.0,False,,proxy,3,0,,ue18_qfi2,0.0,148,150.0,ok,,ue19_qfi2,149.55,ok,,0,ok,19,,ue18_qfi2,0.0,ok,0.6973495150787392,proxy,5,0.6516785167048819,65586625.6,ok,0.04105227272727273,ok,0.9251988636363636,0.345078125,ok,ue1_qfi82,0.0,99,10.0,data,ok,0.0,ue9_qfi9,222.75,ok,,10.8,ue16_qfi2,12,586.75,3007.75,30.303,ok,33.0,,pending,,pending,mixed,32,Reservation,1097657231,1.0
ue5_qfi9,235.5,293.5,297.5,299.0,ok,0.2364554669783204,ok,ue5_qfi83,1,2,2,3442.2500000000005,data,ok,2.0,False,,proxy,3,0,,ue11_qfi2,0.013605442176870748,147,150.0,ok,,ue15_qfi2,146.896,ok,,3,ok,19,,ue11_qfi2,0.012586,ok,0.6013408379031787,proxy,5,0.5571835037545174,67876524.8,ok,0.03742954545454545,ok,0.9288397727272727,0.0619546875,ok,ue1_qfi82,0.0,99,10.0,data,ok,0.0,ue1_qfi9,226.75,ok,,25.0,ue5_qfi2,30,329.5,2882.0,30.303,ok,33.0,,pending,,pending,mixed,32,TwoTier,1097657231,1.0
ue2_qfi9,273.75,295.5,298.25,299.25,ok,0.24818605557681042,ok,ue8_qfi1,1,1,1,3021.25,data,ok,2.0,False,,proxy,3,0,,ue15_qfi2,0.02702702702702703,148,150.0,ok,,ue3_qfi2,149.777,ok,,0,ok,19,,ue15_qfi2,0.5403104,ok,0.7334942528685665,proxy,5,0.7116862697505447,67117059.2,ok,0.03681818181818182,ok,0.9289272727272727,0.06968125,ok,ue1_qfi82,0.0,99,10.0,data,ok,0.0,ue12_qfi2,97.805,ok,,15.8,ue7_qfi2,19,333.5,2596.25,30.303,ok,33.0,,pending,,pending,mixed,32,PF,579362555,1.0
ue6_qfi9,284.25,299.25,300.0,300.0,ok,0.2668713986080291,ok,ue9_qfi9,1,1,2,2995.0,data,ok,2.0,False,,proxy,3,0,,ue15_qfi2,0.12162162162162163,148,150.0,ok,,ue15_qfi2,149.534,ok,,0,ok,19,,ue5_qfi2,0.4165604,ok,0.6766138809663882,proxy,5,0.6462630747416783,65788950.4,ok,0.04075227272727273,ok,0.9207227272727273,0.376740625,ok,ue1_qfi82,0.0,99,10.0,data,ok,0.0,ue9_qfi9,207.5,ok,,6.8,ue17_qfi2,9,1588.5,4070.5,30.303,ok,33.0,,pending,,pending,mixed,32,Reservation,579362555,1.0
ue5_qfi9,27.25,290.25,297.75,299.0,ok,0.23280472326394427,ok,ue2_qfi83,1,1,2,4091.75,data,ok,2.0,False,,proxy,3,0,,ue15_qfi2,0.30405405405405406,148,150.0,ok,,ue3_qfi2,147.849,ok,,0,ok,19,,ue15_qfi2,0.4208925333333334,ok,0.5925363886602948,proxy,5,0.5635397778520775,68532363.2,ok,0.036636363636363634,ok,0.9313295454545455,0.06100625,ok,ue1_qfi82,0.0,99,10.0,data,ok,0.0,ue5_qfi9,271.75,ok,,26.4,ue6_qfi2,31,337.0,2966.25,30.303,ok,33.0,,pending,,pending,mixed,32,TwoTier,579362555,1.0
ue6_qfi9,298.0,300.0,300.25,300.25,ok,0.25214047770274817,ok,ue5_qfi83,1,1,1,2444.2500000000005,data,ok,2.0,False,,proxy,3,0,,ue16_qfi2,0.02702702702702703,148,150.0,ok,,ue2_qfi2,149.712,ok,,0,ok,19,,ue16_qfi2,0.5247442666666667,ok,0.7405765635720235,proxy,5,0.7128352766792513,66740187.2,ok,0.03682727272727273,ok,0.9293397727272728,0.0707546875,ok,ue1_qfi82,0.0,99,10.0,data,ok,0.0,ue5_qfi2,67.82999999999998,ok,,8.8,ue2_qfi2,19,1580.25,3983.25,30.303,ok,33.0,,pending,,pending,mixed,32,PF,661058651,1.0
ue6_qfi9,279.0,299.25,300.0,300.0,ok,0.27165707725917454,ok,ue2_qfi83,1,1,1,4658.749999999999,data,ok,2.0,False,,proxy,3,0,,ue16_qfi2,0.12837837837837837,148,150.0,ok,,ue17_qfi2,150.025,ok,,0,ok,19,,ue1_qfi2,0.5931144,ok,0.6908406211771586,proxy,5,0.6643135642724035,65256795.199999996,ok,0.040929545454545455,ok,0.9213261363636364,0.3783890625,ok,ue1_qfi82,0.0,99,10.0,data,ok,0.0,ue10_qfi2,115.54899999999999,ok,,9.4,ue18_qfi2,11,985.25,3615.25,30.303,ok,33.0,,pending,,pending,mixed,32,Reservation,661058651,1.0
ue1_qfi9,183.25,292.0,297.0,298.75,ok,0.2651225091665642,ok,ue2_qfi83,1,1,1,2867.2500000000005,data,ok,2.0,False,,proxy,3,0,,ue17_qfi2,0.0,147,150.0,ok,,ue7_qfi2,145.984,ok,,3,ok,19,,ue17_qfi2,0.0,ok,0.6079466655662088,proxy,5,0.5705436008701095,65537385.6,ok,0.036913636363636364,ok,0.9304852272727273,0.0643828125,ok,ue1_qfi82,0.0,99,10.0,data,ok,0.0,ue2_qfi9,117.25,ok,,27.0,ue3_qfi2,30,326.0,3228.25,30.303,ok,33.0,,pending,,pending,mixed,32,TwoTier,661058651,1.0
ue4_qfi9,285.75,299.0,299.75,300.0,ok,0.2444610634738661,ok,ue8_qfi9,1,1,1,3001.25,data,ok,2.0,False,,proxy,3,0,,ue14_qfi2,0.04054054054054054,148,150.0,ok,,ue17_qfi2,150.108,ok,,0,ok,19,,ue19_qfi2,0.5497426666666667,ok,0.73075748121949,proxy,5,0.7143416029663419,67379960.0,ok,0.037038636363636364,ok,0.9300238636363637,0.0685046875,ok,ue1_qfi82,0.0,99,10.0,data,ok,0.0,ue8_qfi2,105.51299999999998,ok,,14.6,ue13_qfi2,21,295.0,3061.0,30.303,ok,33.0,,pending,,pending,mixed,32,PF,87989972,1.0
ue6_qfi9,277.5,298.75,299.75,300.0,ok,0.26040102184779945,ok,ue13_qfi9,1,2,2,3137.5,data,ok,2.0,False,,proxy,3,0,,ue15_qfi2,0.16891891891891891,148,150.0,ok,,ue14_qfi2,150.168,ok,,0,ok,19,,ue13_qfi2,0.5853075999999999,ok,0.693128132599302,proxy,5,0.6764212579089,66195177.6,ok,0.04095909090909091,ok,0.9255772727272727,0.367275,ok,ue1_qfi82,0.0,99,10.0,data,ok,0.0,ue13_qfi9,137.5,ok,,8.0,ue14_qfi2,11,1471.75,3938.75,30.303,ok,33.0,,pending,,pending,mixed,32,Reservation,87989972,1.0
ue6_qfi9,154.0,292.75,297.75,299.0,ok,0.2358647846284204,ok,ue2_qfi83,1,1,1,3204.5000000000005,data,ok,2.0,False,,proxy,3,0,,ue19_qfi2,0.0,147,150.0,ok,,ue1_qfi2,147.783,ok,,0,ok,19,,ue19_qfi2,0.0,ok,0.6015838249471337,proxy,5,0.5610665262098403,68095331.2,ok,0.03690227272727273,ok,0.9302170454545454,0.0596453125,ok,ue1_qfi82,0.0,99,10.0,data,ok,0.0,ue5_qfi9,246.25,ok,,26.4,ue4_qfi2,36,298.5,3445.75,30.303,ok,33.0,,pending,,pending,mixed,32,TwoTier,87989972,1.0
ue3_qfi9,254.75,296.75,299.0,299.75,ok,0.25517056040121333,ok,ue9_qfi1,1,1,1,4032.2499999999995,data,ok,2.0,False,,proxy,3,0,,ue19_qfi2,0.02027027027027027,148,150.0,ok,,ue5_qfi2,149.986,ok,,0,ok,19,,ue19_qfi2,0.5568762666666667,ok,0.7200180397652478,proxy,5,0.7079175135576267,66288603.2,ok,0.03708181818181818,ok,0.9301943181818182,0.070925,ok,ue1_qfi82,0.0,99,10.0,data,ok,0.0,ue12_qfi1,70.75,ok,,13.0,ue11_qfi2,24,410.75,3405.75,30.303,ok,33.0,,pending,,pending,mixed,32,PF,161576974,1.0
ue4_qfi9,284.0,299.5,300.0,300.25,ok,0.2735404871580071,ok,ue1_qfi85,1,1,1,3247.5,data,ok,2.0,False,,proxy,3,0,,ue18_qfi2,0.10135135135135136,148,150.0,ok,,ue17_qfi2,150.152,ok,,0,ok,19,,ue4_qfi2,0.56607,ok,0.6608992558690097,proxy,5,0.6370252034255456,64697636.800000004,ok,0.040809090909090906,ok,0.9184034090909091,0.3878453125,ok,ue1_qfi82,0.0,99,10.0,data,ok,0.0,ue1_qfi9,142.75,ok,,10.6,ue17_qfi2,14,1226.0,3573.5,30.303,ok,33.0,,pending,,pending,mixed,32,Reservation,161576974,1.0
ue4_qfi9,11.25,295.5,298.5,299.5,ok,0.2441270091191849,ok,ue4_qfi83,1,1,1,4462.75,data,ok,2.0,False,,proxy,3,0,,ue7_qfi2,0.02040816326530612,147,150.0,ok,,ue9_qfi2,147.944,ok,,0,ok,19,,ue7_qfi2,0.0202044,ok,0.5885854986496557,proxy,5,0.5551633822209031,67435606.4,ok,0.03726363636363637,ok,0.9319363636363637,0.0626375,ok,ue1_qfi82,0.0,99,10.0,data,ok,0.0,ue4_qfi9,288.25,ok,,27.0,ue2_qfi2,38,297.25,3486.0,30.303,ok,33.0,,pending,,pending,mixed,32,TwoTier,161576974,1.0
ue5_qfi9,280.5,298.25,299.25,299.75,ok,0.25004511548943636,ok,ue2_qfi85,0,2,2,1754.7500000000002,data,ok,2.0,False,,proxy,3,0,,ue16_qfi2,0.03355704697986577,149,150.0,ok,,ue19_qfi2,150.098,ok,,0,ok,19,,ue16_qfi2,0.5710392000000001,ok,0.724691572428348,proxy,5,0.7107257364089511,66895408.0,ok,0.03685227272727273,ok,0.931025,0.0694734375,ok,ue1_qfi82,0.0,99,10.0,data,ok,0.0,ue13_qfi2,102.377,ok,,18.4,ue9_qfi2,18,204.0,2148.75,30.303,ok,33.0,,pending,,pending,mixed,32,PF,35492826,1.0
ue5_qfi9,270.75,299.0,299.75,300.0,ok,0.27602605108920963,ok,ue9_qfi9,1,1,1,3130.25,data,ok,2.0,False,,proxy,3,0,,ue19_qfi2,0.0,147,150.0,ok,,ue18_qfi2,149.809,ok,,0,ok,19,,ue19_qfi2,0.0,ok,0.6826568874676449,proxy,5,0.6407254662275188,64872478.4,ok,0.04152045454545455,ok,0.9205931818181818,0.3642140625,ok,ue1_qfi82,0.0,99,10.0,data,ok,0.0,ue9_qfi2,113.50099999999999,ok,,9.4,ue17_qfi2,10,806.25,3637.25,30.303,ok,33.0,,pending,,pending,mixed,32,Reservation,35492826,1.0
ue1_qfi9,174.0,293.25,297.25,298.75,ok,0.23289871400076048,ok,ue1_qfi83,1,1,1,4104.0,data,ok,2.0,False,,proxy,3,0,,ue11_qfi2,0.2585034013605442,147,150.0,ok,,ue10_qfi2,148.89,ok,,1,ok,19,,ue12_qfi2,0.3491736,ok,0.5903536474212465,proxy,5,0.5604955113929582,68478136.0,ok,0.037175,ok,0.9315920454545454,0.06023125,ok,ue1_qfi82,0.0,99,10.0,data,ok,0.0,ue5_qfi9,125.5,ok,,25.4,ue5_qfi2,34,330.25,3251.0,30.303,ok,33.0,,pending,,pending,mixed,32,TwoTier,35492826,1.0
ue8_qfi9,225.5,225.5,225.5,225.5,ok,0.25494186049647727,ok,ue12_qfi1,1,1,1,4828.250000000001,data,ok,2.0,False,,proxy,3,0,,ue14_qfi2,0.033783783783783786,148,150.0,ok,,ue13_qfi2,149.878,ok,,0,ok,19,,ue15_qfi2,0.4969042666666667,ok,0.7262405699087353,proxy,5,0.7086851898683286,66587985.6,ok,0.036097727272727274,ok,0.9300840909090909,0.0706734375,ok,ue1_qfi82,0.0,99,10.0,data,ok,0.0,ue5_qfi9,87.0,ok,,16.0,ue6_qfi2,20,360.25,2843.25,30.303,ok,33.0,,pending,,pending,mixed,32,PF,376383645,1.0
ue5_qfi9,275.0,298.5,299.5,300.0,ok,0.27355532946700656,ok,ue9_qfi9,1,1,1,4261.25,data,ok,2.0,False,,proxy,3,0,,ue15_qfi2,0.08783783783783784,148,150.0,ok,,ue14_qfi2,150.25,ok,,0,ok,19,,ue8_qfi2,0.5881596,ok,0.6789172881983092,proxy,5,0.6392699964444316,65034393.6,ok,0.041075,ok,0.9205420454545454,0.3829671875,ok,ue1_qfi82,0.0,99,10.0,data,ok,0.0,ue11_qfi9,227.75,ok,,6.0,ue17_qfi2,11,1404.75,4178.0,30.303,ok,33.0,,pending,,pending,mixed,32,Reservation,376383645,1.0
ue2_qfi9,210.0,294.5,298.0,299.25,ok,0.25718164907220664,ok,ue4_qfi83,1,1,1,4744.499999999999,data,ok,2.0,False,,proxy,3,0,,ue19_qfi2,0.0,147,150.0,ok,,ue5_qfi2,147.855,ok,,0,ok,19,,ue19_qfi2,0.0,ok,0.5889036641374126,proxy,5,0.5530036741282975,66399860.8,ok,0.03661818181818182,ok,0.9316409090909091,0.06395,ok,ue1_qfi82,0.0,99,10.0,data,ok,0.0,ue4_qfi9,171.5,ok,,26.2,ue5_qfi2,38,119.0,3245.25,30.303,ok,33.0,,pending,,pending,mixed,32,TwoTier,376383645,1.0
ue2_qfi9,233.0,294.5,298.25,299.25,ok,0.24966722960741594,ok,ue12_qfi1,0,1,1,1374.25,data,ok,2.0,False,,proxy,3,0,,ue18_qfi2,0.033783783783783786,148,150.0,ok,,ue14_qfi2,150.143,ok,,1,ok,19,,ue19_qfi2,0.5504157333333333,ok,0.7245946289192738,proxy,5,0.7131354306730383,66890238.4,ok,0.03686363636363636,ok,0.9298034090909091,0.0696078125,ok,ue1_qfi82,0.0,99,10.0,data,ok,0.0,ue2_qfi9,66.25,ok,,16.2,ue10_qfi2,19,465.25,2743.0,30.303,ok,33.0,,pending,,pending,mixed,32,PF,1746484539,1.0
ue4_qfi9,279.0,298.75,299.5,300.0,ok,0.2650369649732752,ok,ue6_qfi83,1,2,2,3572.5,data,ok,2.0,False,,proxy,3,0,,ue19_qfi2,0.060810810810810814,148,150.0,ok,,ue19_qfi2,150.219,ok,,0,ok,19,,ue4_qfi2,0.514434,ok,0.678644349692879,proxy,5,0.6519115223490375,65630104.0,ok,0.04079090909090909,ok,0.9195943181818181,0.382803125,ok,ue1_qfi82,0.0,99,10.0,data,ok,0.0,ue10_qfi9,235.25,ok,,5.0,ue18_qfi2,9,1406.5,4381.25,30.303,ok,33.0,,pending,,pending,mixed,32,Reservation,1746484539,1.0
ue3_qfi9,237.75,294.75,298.0,299.25,ok,0.23491568475556596,ok,ue1_qfi83,1,1,1,4655.5,data,ok,2.0,False,,proxy,3,0,,ue9_qfi2,0.17567567567567569,148,150.0,ok,,ue6_qfi2,148.732,ok,,1,ok,19,,ue9_qfi2,0.35488240000000004,ok,0.5953119250575192,proxy,5,0.5682383893922999,68145011.2,ok,0.03698636363636364,ok,0.9313852272727273,0.06123125,ok,ue1_qfi82,0.0,99,10.0,data,ok,0.0,ue1_qfi9,243.75,ok,,22.2,ue3_qfi2,31,661.75,3480.75,30.303,ok,33.0,,pending,,pending,mixed,32,TwoTier,1746484539,1.0
ue13_qfi2,132.791,148.37,149.75,150.12,ok,0.472846402939422,ok,ue4_qfi85,0,1,2,1938.7500000000002,data,ok,2.0,False,,proxy,3,0,,ue17_qfi2,0.006756756756756757,148,150.0,ok,,ue12_qfi2,150.147,ok,,0,ok,19,,ue17_qfi2,0.3830336,ok,0.6843736797879046,proxy,5,0.681367214396933,69381648.0,ok,0.03756818181818182,ok,0.9301579545454546,0.0671703125,ok,ue1_qfi82,0.0,99,10.0,data,ok,0.0,ue8_qfi2,17.41300000000001,ok,,3.2,ue10_qfi2,8,1383.75,4612.0,30.303,ok,33.0,,pending,,pending,mixed,32,PF,1826701614,1.5
ue7_qfi9,229.75,229.75,229.75,229.75,ok,0.48775797631593026,ok,ue8_qfi9,1,1,1,3929.75,data,ok,2.0,False,,proxy,3,0,,ue17_qfi2,0.0,148,150.0,ok,,ue4_qfi2,150.152,ok,,2,ok,19,,ue18_qfi2,0.0,ok,0.5675621490109553,proxy,5,0.5330720966938388,67417651.2,ok,0.040975,ok,0.9243193181818182,0.3487921875,ok,ue1_qfi82,0.0,99,10.0,data,ok,0.0,ue11_qfi9,200.0,ok,,4.4,ue3_qfi2,10,1712.0,4549.25,30.303,ok,33.0,,pending,,pending,mixed,32,Reservation,1826701614,1.5
ue2_qfi9,250.25,295.25,298.25,299.25,ok,0.4857765549088413,ok,ue4_qfi85,0,1,2,1938.7500000000002,data,ok,2.0,False,,proxy,3,0,,ue13_qfi2,0.0,147,150.0,ok,,ue2_qfi2,145.344,ok,,1,ok,19,,ue13_qfi2,0.0,ok,0.5645778402781764,proxy,5,0.513488981208756,67332753.6,ok,0.03615681818181818,ok,0.92975,0.0610140625,ok,ue1_qfi82,0.0,99,10.0,data,ok,0.0,ue1_qfi9,115.5,ok,,26.8,ue3_qfi2,26,267.75,2821.0,30.303,ok,33.0,,pending,,pending,mixed,32,TwoTier,1826701614,1.5
ue15_qfi2,133.627,148.717,149.95,150.062,ok,0.47932558802363345,ok,ue19_qfi82,0,1,4,1001.5,data,ok,2.0,False,,proxy,3,0,,ue14_qfi2,0.013513513513513514,148,150.0,ok,,ue10_qfi2,150.174,ok,,0,ok,19,,ue17_qfi2,0.38745084444444444,ok,0.6830075801546249,proxy,5,0.6814309807029343,68811038.4,ok,0.03688181818181818,ok,0.9331761363636364,0.069328125,ok,ue1_qfi82,0.0,99,10.0,data,ok,0.0,ue11_qfi2,17.153999999999996,ok,,2.4,ue2_qfi2,8,2571.25,4773.25,30.303,ok,33.0,,pending,,pending,mixed,32,PF,1367864806,1.5
ue7_qfi9,295.5,295.5,295.5,295.5,ok,0.4890493986061447,ok,ue12_qfi9,1,1,1,3135.0,data,ok,2.0,False,,proxy,3,0,,ue14_qfi2,0.0,148,150.0,ok,,ue1_qfi2,149.984,ok,,0,ok,19,,ue19_qfi2,0.0,ok,0.5668822809932849,proxy,5,0.5489994136883743,67560073.6,ok,0.040670454545454544,ok,0.9265829545454546,0.348309375,ok,ue1_qfi82,0.0,99,10.0,data,ok,0.0,ue8_qfi2,112.445,ok,,3.0,ue1_qfi2,13,1424.5,4823.25,30.303,ok,33.0,,pending,,pending,mixed,32,Reservation,1367864806,1.5
ue4_qfi9,254.75,296.0,298.5,299.25,ok,0.48959724080670225,ok,ue10_qfi1,1,1,1,2977.25,data,ok,2.0,False,,proxy,3,0,,ue13_qfi2,0.0,148,150.0,ok,,ue7_qfi2,145.651,ok,,1,ok,19,,ue13_qfi2,0.0,ok,0.5531471964619914,proxy,5,0.5193377930827701,67232156.8,ok,0.036779545454545454,ok,0.9291965909090909,0.0621390625,ok,ue1_qfi82,0.0,99,10.0,data,ok,0.0,ue3_qfi9,98.5,ok,,30.0,ue3_qfi2,26,167.5,2361.25,30.303,ok,33.0,,pending,,pending,mixed,32,TwoTier,1367864806,1.5
ue16_qfi2,134.133,148.732,149.839,150.08,ok,0.48834499546665505,ok,ue1_qfi85,0,2,2,1280.25,data,ok,2.0,False,,proxy,3,0,,ue14_qfi2,0.013513513513513514,148,150.0,ok,,ue9_qfi2,150.127,ok,,0,ok,19,,ue14_qfi2,0.36019555555555555,ok,0.6847846493832169,proxy,5,0.6823227576849573,67153395.2,ok,0.037425,ok,0.9299568181818182,0.0702625,ok,ue1_qfi82,0.0,99,10.0,data,ok,0.0,ue1_qfi2,18.074000000000012,ok,,3.2,ue10_qfi2,7,2111.75,4579.75,30.303,ok,33.0,,pending,,pending,mixed,32,PF,1097657231,1.5
ue9_qfi9,175.5,175.5,175.5,175.5,ok,0.49523361004809097,ok,ue8_qfi1,1,1,1,2956.5,data,ok,2.0,False,,proxy,3,0,,ue16_qfi2,0.0,148,150.0,ok,,ue5_qfi2,150.221,ok,,0,ok,19,,ue18_qfi2,0.0,ok,0.569710879386028,proxy,5,0.5569383796881979,66260624.0,ok,0.04140909090909091,ok,0.9267,0.3506359375,ok,ue1_qfi82,0.0,99,10.0,data,ok,0.0,ue7_qfi2,110.144,ok,,3.6,ue6_qfi2,10,1089.25,4661.0,30.303,ok,33.0,,pending,,pending,mixed,32,Reservation,1097657231,1.5
ue2_qfi9,231.25,295.5,298.5,299.25,ok,0.48430447266352084,ok,ue5_qfi83,1,1,1,4743.75,data,ok,2.0,False,,proxy,3,0,,ue14_qfi2,0.0,147,150.0,ok,,ue12_qfi2,147.893,ok,,0,ok,19,,ue14_qfi2,0.0,ok,0.5458000658377746,proxy,5,0.522561227322084,67646940.8,ok,0.037347727272727275,ok,0.9282806818181818,0.061246875,ok,ue1_qfi82,0.0,99,10.0,data,ok,0.0,ue1_qfi9,182.5,ok,,24.4,ue4_qfi2,28,311.75,3097.75,30.303,ok,33.0,,pending,,pending,mixed,32,TwoTier,1097657231,1.5
ue9_qfi2,133.068,148.749,149.664,150.103,ok,0.48949681603956285,ok,ue14_qfi82,0,1,4,1004.2499999999999,data,ok,2.0,False,,proxy,3,0,,ue14_qfi2,0.013513513513513514,148,150.0,ok,,ue6_qfi2,150.197,ok,,0,ok,19,,ue15_qfi2,0.36100284444444447,ok,0.6812035118508527,proxy,5,0.6784796645569197,67400182.4,ok,0.036731818181818185,ok,0.9318943181818182,0.06956875,ok,ue1_qfi82,0.0,99,10.0,data,ok,0.0,ue12_qfi2,17.325999999999993,ok,,2.4,ue12_qfi2,6,1317.75,4692.5,30.303,ok,33.0,,pending,,pending,mixed,32,PF,579362555,1.5
ue12_qfi9,162.75,162.75,162.75,162.75,ok,0.5015110707620921,ok,ue9_qfi1,1,1,2,2993.2499999999995,data,ok,2.0,False,,proxy,3,0,,ue18_qfi2,0.0,148,150.0,ok,,ue5_qfi2,149.745,ok,,2,ok,19,,ue18_qfi2,0.0,ok,0.5509557623871758,proxy,5,0.5338996717871725,65848036.8,ok,0.04079772727272727,ok,0.9235318181818182,0.358728125,ok,ue1_qfi82,0.0,99,10.0,data,ok,0.0,ue12_qfi2,108.48599999999999,ok,,3.2,ue2_qfi2,8,1745.5,4693.75,30.303,ok,33.0,,pending,,pending,mixed,32,Reservation,579362555,1.5
ue6_qfi9,208.5,291.25,296.5,298.5,ok,0.49507324286554755,ok,ue2_qfi9,1,1,1,3522.7500000000005,data,ok,2.0,False,,proxy,3,0,,ue13_qfi2,0.0,147,150.0,ok,,ue3_qfi2,146.766,ok,,0,ok,19,,ue13_qfi2,0.0,ok,0.5336101416607351,proxy,5,0.5126826232853767,66431300.8,ok,0.037177272727272725,ok,0.9303625,0.062528125,ok,ue1_qfi82,0.0,99,10.0,data,ok,0.0,ue3_qfi9,218.75,ok,,28.0,ue6_qfi2,30,337.5,2760.75,30.303,ok,33.0,,pending,,pending,mixed,32,TwoTier,579362555,1.5
ue15_qfi2,134.426,149.007,149.735,150.13,ok,0.49242099260274114,ok,ue5_qfi85,0,1,1,1189.75,data,ok,2.0,False,,proxy,3,0,,ue15_qfi2,0.006756756756756757,148,150.0,ok,,ue5_qfi2,150.221,ok,,0,ok,19,,ue16_qfi2,0.3494885333333333,ok,0.6840239099098061,proxy,5,0.6806085981652801,66931132.8,ok,0.03692045454545455,ok,0.9284829545454546,0.0702390625,ok,ue1_qfi82,0.0,98,10.0,data,ok,0.0,ue8_qfi2,18.823000000000008,ok,,2.8,ue12_qfi2,9,1416.25,4755.75,30.303,ok,33.0,,pending,,pending,mixed,32,PF,661058651,1.5
ue8_qfi9,228.0,228.0,228.0,228.0,ok,0.5015580983356688,ok,ue12_qfi1,1,1,1,3267.2499999999995,data,ok,2.0,False,,proxy,3,0,,ue18_qfi2,0.0,147,150.0,ok,,ue3_qfi2,150.202,ok,,1,ok,19,,ue18_qfi2,0.0,ok,0.5549099729078582,proxy,5,0.5392853538423832,65730489.6,ok,0.04101363636363636,ok,0.9247772727272727,0.35769375,ok,ue1_qfi82,0.0,99,10.0,data,ok,0.0,ue12_qfi2,113.52900000000001,ok,,4.6,ue3_qfi2,11,987.0,4436.75,30.303,ok,33.0,,pending,,pending,mixed,32,Reservation,661058651,1.5
ue5_qfi9,241.5,296.0,298.5,299.25,ok,0.4888954073182954,ok,ue2_qfi83,1,1,1,4220.25,data,ok,2.0,False,,proxy,3,0,,ue14_qfi2,0.0,148,150.0,ok,,ue9_qfi2,146.118,ok,,0,ok,19,,ue14_qfi2,0.0,ok,0.5489980260146861,proxy,5,0.5218077225441821,67137920.0,ok,0.03757727272727273,ok,0.9320659090909091,0.062753125,ok,ue1_qfi82,0.0,99,10.0,data,ok,0.0,ue2_qfi9,243.0,ok,,26.0,ue3_qfi2,30,538.75,3083.5,30.303,ok,33.0,,pending,,pending,mixed,32,TwoTier,661058651,1.5
ue10_qfi2,133.792,148.746,149.51,150.062,ok,0.4875366008317206,ok,ue17_qfi82,0,1,4,1001.5,data,ok,2.0,False,,proxy,3,0,,ue14_qfi2,0.02027027027027027,148,150.0,ok,,ue1_qfi2,149.955,ok,,0,ok,19,,ue19_qfi2,0.36688497777777773,ok,0.6849145860970423,proxy,5,0.6822159837044933,67554024.0,ok,0.036236363636363636,ok,0.930075,0.0681578125,ok,ue1_qfi82,0.0,99,10.0,data,ok,0.0,ue1_qfi2,17.02600000000001,ok,,3.0,ue9_qfi2,7,1186.5,3366.25,30.303,ok,33.0,,pending,,pending,mixed,32,PF,87989972,1.5
ue13_qfi9,263.0,263.0,263.0,263.0,ok,0.49249737140243965,ok,ue11_qfi1,0,1,2,1554.2499999999998,data,ok,2.0,False,,proxy,3,0,,ue16_qfi2,0.0,147,150.0,ok,,ue4_qfi2,149.734,ok,,2,ok,19,,ue16_qfi2,0.0,ok,0.5912131538733281,proxy,5,0.5672861276170159,66912328.0,ok,0.040979545454545456,ok,0.9282488636363636,0.31384375,ok,ue1_qfi82,0.0,99,10.0,data,ok,0.0,ue13_qfi2,111.205,ok,,9.0,ue1_qfi2,11,1427.25,3777.25,30.303,ok,33.0,,pending,,pending,mixed,32,Reservation,87989972,1.5
ue5_qfi9,193.0,291.25,296.5,298.5,ok,0.5032022266128923,ok,ue15_qfi82,0,1,4,1001.5,data,ok,2.0,False,,proxy,3,0,,ue12_qfi2,0.0,147,150.0,ok,,ue11_qfi2,134.538,ok,,5,ok,19,,ue12_qfi2,0.0,ok,0.5842015314185601,proxy,5,0.5614651398370538,65433438.4,ok,0.03714772727272727,ok,0.9296340909090909,0.0600671875,ok,ue1_qfi82,0.0,99,10.0,data,ok,0.0,ue3_qfi9,126.75,ok,,30.4,ue6_qfi2,26,158.75,2348.0,30.303,ok,33.0,,pending,,pending,mixed,32,TwoTier,87989972,1.5
ue3_qfi2,133.447,148.88,149.836,150.083,ok,0.4961851319745923,ok,ue1_qfi85,1,1,1,3247.5,data,ok,2.0,False,,proxy,3,0,,ue14_qfi2,0.013513513513513514,148,150.0,ok,,ue2_qfi2,150.003,ok,,0,ok,19,,ue18_qfi2,0.3712165333333333,ok,0.676579122389054,proxy,5,0.6751895333064635,66279436.8,ok,0.03764318181818182,ok,0.9302829545454545,0.0710546875,ok,ue1_qfi82,0.0,99,10.0,data,ok,0.0,ue12_qfi2,17.18300000000002,ok,,1.8,ue10_qfi2,5,2671.5,4787.5,30.303,ok,33.0,,pending,,pending,mixed,32,PF,161576974,1.5
ue10_qfi9,230.25,230.25,230.25,230.25,ok,0.5085497472571469,ok,ue1_qfi85,1,1,1,3247.5,data,ok,2.0,False,,proxy,3,0,,ue17_qfi2,0.0,147,150.0,ok,,ue4_qfi2,150.115,ok,,3,ok,19,,ue17_qfi2,0.0,ok,0.5590061225643234,proxy,5,0.5487407087946924,64707971.2,ok,0.04102272727272727,ok,0.9238386363636364,0.3532921875,ok,ue1_qfi82,0.0,99,10.0,data,ok,0.0,ue8_qfi2,113.41100000000002,ok,,4.2,ue3_qfi2,11,1548.25,4582.0,30.303,ok,33.0,,pending,,pending,mixed,32,Reservation,161576974,1.5
ue3_qfi9,243.25,294.75,298.25,299.25,ok,0.5015957755249878,ok,ue1_qfi85,1,1,1,3247.5,data,ok,2.0,False,,proxy,3,0,,ue13_qfi2,0.0,147,150.0,ok,,ue11_qfi2,145.567,ok,,1,ok,19,,ue13_qfi2,0.0,ok,0.5434434791644208,proxy,5,0.5127938996093259,65447620.8,ok,0.037395454545454544,ok,0.9332170454545454,0.0642609375,ok,ue1_qfi82,0.0,99,10.0,data,ok,0.0,ue4_qfi9,98.5,ok,,27.2,ue2_qfi2,26,301.0,2972.75,30.303,ok,33.0,,pending,,pending,mixed,32,TwoTier,161576974,1.5
ue10_qfi2,134.289,148.735,149.75,150.101,ok,0.49262351245483066,ok,ue2_qfi85,0,2,2,1754.7500000000002,data,ok,2.0,False,,proxy,3,0,,ue16_qfi2,0.006756756756756757,148,150.0,ok,,ue11_qfi2,150.073,ok,,0,ok,19,,ue16_qfi2,0.38115946666666667,ok,0.6803868162732722,proxy,5,0.6772630292234716,66980987.2,ok,0.03718863636363636,ok,0.932325,0.0692109375,ok,ue1_qfi82,0.0,99,10.0,data,ok,0.0,ue9_qfi2,16.985000000000014,ok,,2.0,ue5_qfi2,5,2872.0,4733.0,30.303,ok,33.0,,pending,,pending,mixed,32,PF,35492826,1.5
ue7_qfi9,290.5,290.5,290.5,290.5,ok,0.5084189600888216,ok,ue10_qfi9,1,1,1,3130.0,data,ok,2.0,False,,proxy,3,0,,ue16_qfi2,0.0,148,150.0,ok,,ue1_qfi2,150.005,ok,,3,ok,19,,ue19_qfi2,0.0,ok,0.5430929369414248,proxy,5,0.5219521799016834,64788355.2,ok,0.04100681818181818,ok,0.9218863636363637,0.3678296875,ok,ue1_qfi82,0.0,99,10.0,data,ok,0.0,ue13_qfi2,113.955,ok,,18.6,ue12_qfi2,8,462.75,2076.5,30.303,ok,33.0,,pending,,pending,mixed,32,Reservation,35492826,1.5
ue5_qfi9,161.25,293.75,297.5,299.0,ok,0.49613433579507676,ok,ue5_qfi83,1,1,1,3813.5000000000005,data,ok,2.0,False,,proxy,3,0,,ue14_qfi2,0.0,147,150.0,ok,,ue1_qfi2,148.107,ok,,0,ok,19,,ue14_qfi2,0.0,ok,0.5355186843166013,proxy,5,0.5205479538038231,66214625.6,ok,0.03662272727272727,ok,0.9321840909090909,0.061965625,ok,ue1_qfi82,0.0,99,10.0,data,ok,0.0,ue5_qfi9,137.75,ok,,23.4,ue5_qfi2,30,327.0,2881.0,30.303,ok,33.0,,pending,,pending,mixed,32,TwoTier,35492826,1.5
ue16_qfi2,133.833,148.577,149.551,149.991,ok,0.49148625402707985,ok,ue5_qfi85,0,1,1,1803.75,data,ok,2.0,False,,proxy,3,0,,ue14_qfi2,0.013513513513513514,148,150.0,ok,,ue11_qfi2,150.027,ok,,0,ok,19,,ue15_qfi2,0.3327281777777778,ok,0.6806361589187213,proxy,5,0.6763486255724536,66913368.0,ok,0.036175,ok,0.9333272727272727,0.0706984375,ok,ue1_qfi82,0.0,99,10.0,data,ok,0.0,ue9_qfi2,17.423000000000002,ok,,2.0,ue13_qfi2,5,2443.75,4757.5,30.303,ok,33.0,,pending,,pending,mixed,32,PF,376383645,1.5
ue8_qfi9,295.25,295.25,295.25,295.25,ok,0.49641757699739314,ok,ue9_qfi1,1,1,1,4059.9999999999995,data,ok,2.0,False,,proxy,3,0,,ue17_qfi2,0.0,148,150.0,ok,,ue19_qfi2,149.632,ok,,4,ok,19,,ue15_qfi2,0.10632746666666666,ok,0.5351766151389057,proxy,5,0.5202440194850798,66384539.2,ok,0.04126590909090909,ok,0.9221261363636364,0.3787359375,ok,ue1_qfi82,0.0,99,10.0,data,ok,0.0,ue9_qfi2,92.79700000000001,ok,,23.4,ue13_qfi2,12,169.5,1357.25,30.303,ok,33.0,,pending,,pending,mixed,32,Reservation,376383645,1.5
ue1_qfi9,197.25,290.25,296.25,298.25,ok,0.4879523186232953,ok,ue1_qfi9,2,2,2,2256.25,data,ok,2.0,False,,proxy,3,0,,ue14_qfi2,0.0,147,150.0,ok,,ue4_qfi2,145.978,ok,,0,ok,19,,ue14_qfi2,0.0,ok,0.5329311880265006,proxy,5,0.5095898174839263,67344188.8,ok,0.03661590909090909,ok,0.9352693181818181,0.06259375,ok,ue1_qfi82,0.0,99,10.0,data,ok,0.0,ue2_qfi9,164.0,ok,,24.0,ue5_qfi2,26,439.0,2845.25,30.303,ok,33.0,,pending,,pending,mixed,32,TwoTier,376383645,1.5
ue4_qfi2,133.329,148.455,149.357,150.044,ok,0.4905277335789941,ok,ue4_qfi85,0,2,2,1209.0,data,ok,2.0,False,,proxy,3,0,,ue18_qfi2,0.006756756756756757,148,150.0,ok,,ue2_qfi2,150.051,ok,,0,ok,19,,ue19_qfi2,0.36822951111111113,ok,0.6808196291925037,proxy,5,0.6784777407634324,67125544.0,ok,0.03712045454545455,ok,0.9318852272727273,0.0695546875,ok,ue1_qfi82,0.0,99,10.0,data,ok,0.0,ue2_qfi2,17.417,ok,,1.6,ue5_qfi2,6,2150.5,4886.25,30.303,ok,33.0,,pending,,pending,mixed,32,PF,1746484539,1.5
ue8_qfi9,208.0,290.5,290.5,290.5,ok,0.4998280925573891,ok,ue12_qfi1,1,1,2,3537.75,data,ok,2.0,False,,proxy,3,0,,ue16_qfi2,0.0,148,150.0,ok,,ue3_qfi2,150.25,ok,,1,ok,19,,ue18_qfi2,0.0,ok,0.5668037418123338,proxy,5,0.5314182535482217,65891136.0,ok,0.04095454545454545,ok,0.925775,0.348734375,ok,ue1_qfi82,0.0,99,10.0,data,ok,0.0,ue8_qfi2,111.02699999999999,ok,,3.6,ue3_qfi2,9,1401.25,4631.25,30.303,ok,33.0,,pending,,pending,mixed,32,Reservation,1746484539,1.5
ue2_qfi9,233.75,294.0,297.75,299.0,ok,0.4910752863649415,ok,ue1_qfi9,1,1,1,4732.250000000001,data,ok,2.0,False,,proxy,3,0,,ue14_qfi2,0.0,148,150.0,ok,,ue9_qfi2,148.628,ok,,0,ok,19,,ue14_qfi2,0.0,ok,0.5304125527400593,proxy,5,0.5152688914880206,66887246.4,ok,0.036725,ok,0.9315761363636363,0.062296875,ok,ue1_qfi82,0.0,99,10.0,data,ok,0.0,ue1_qfi9,275.25,ok,,24.0,ue3_qfi2,31,485.75,3147.5,30.303,ok,33.0,,pending,,pending,mixed,32,TwoTier,1746484539,1.5
