M01.flow,M01.p50,M01.p95,M01.p98,M01.p99,M01.population,M01.prot.flow,M01.prot.p50,M01.prot.p95,M01.prot.p98,M01.prot.p99,M01.status,M02,M02.population,M02.prot,M02.status,M03.configured_period_ms,M03.flow,M03.gap_count_over_t_live,M03.gap_count_over_t_live_over_2,M03.gap_count_over_t_live_over_4,M03.max_gap_ms,M03.median_gap_ms,M03.population,M03.prot.configured_period_ms,M03.prot.flow,M03.prot.gap_count_over_t_live,M03.prot.gap_count_over_t_live_over_2,M03.prot.gap_count_over_t_live_over_4,M03.prot.max_gap_ms,M03.prot.median_gap_ms,M03.prot.role,M03.prot.t_live_s,M03.role,M03.status,M03.t_live_s,M04.exceeds_threshold,M04.flow,M04.population,M04.prot.exceeds_threshold,M04.prot.flow,M04.prot.threshold_n,M04.prot.worst_consecutive_miss_slots,M04.status,M04.threshold_n,M04.worst_consecutive_miss_slots,M05.flow,M05.fraction,M05.frame_count,M05.pdb_ms,M05.population,M05.prot.flow,M05.prot.fraction,M05.prot.frame_count,M05.prot.pdb_ms,M05.status,M06.flow,M06.p95_ms,M06.population,M06.prot.flow,M06.prot.p95_ms,M06.status,M07.met,M07.population,M07.prot.met,M07.prot.total,M07.status,M07.total,M08.flow,M08.fraction,M08.population,M08.prot.flow,M08.prot.fraction,M08.status,M09.mean,M09.population,M09.prot.mean,M09.prot.windows,M09.prot.worst,M09.status,M09.windows,M09.worst,M10,M10.status,M11.dl,M11.status,M11.ul,M12,M12.status,M14.flow,M14.fraction,M14.interval_count,M14.pdb_ms,M14.population,M14.prot.flow,M14.prot.fraction,M14.prot.interval_count,M14.prot.pdb_ms,M14.prot.role,M14.prot.survival_time_ms,M14.role,M14.status,M14.survival_time_ms,M15.flow,M15.jitter_ms,M15.population,M15.prot.flow,M15.prot.jitter_ms,M15.status,M17.effective_fps,M17.flow,M17.freeze_count,M17.freeze_max_duration_ms,M17.freeze_total_duration_ms,M17.population,M17.prot.effective_fps,M17.prot.flow,M17.prot.freeze_count,M17.prot.freeze_max_duration_ms,M17.prot.freeze_total_duration_ms,M17.prot.source_fps,M17.prot.xr_frame_period_ms,M17.source_fps,M17.status,M17.xr_frame_period_ms,M18,M18.population,M18.prot,M18.status,M19,M19.population,M19.prot,M19.status,M20.configured_period_ms,M20.excluded_5qi,M20.flow,M20.gap_count_over_t_live,M20.gap_count_over_t_live_over_2,M20.gap_count_over_t_live_over_4,M20.max_gap_ms,M20.median_gap_ms,M20.role,M20.status,M20.t_live_s,M21,M21.population,M21.prot,M21.status,M22.epochs,M22.flows_scored,M22.longest_epoch_s,M22.min_epoch_s,M22.population,M22.prot.epochs,M22.prot.flows_scored,M22.prot.longest_epoch_s,M22.prot.min_epoch_s,M22.prot.worst_flow,M22.status,M22.worst_flow,bg,scheduler,seed
ue8_qfi9,298.0,300.0,300.25,300.25,all_flows,ue6_qfi1,4.5,16.75,42.25,42.25,ok,0.27708655943558136,all_flows,0.0,ok,100.0,ue6_qfi1,0,0,0,138.0000000000001,100.00000000000009,all_flows,100.0,ue6_qfi1,0,0,0,138.0000000000001,100.00000000000009,data,2.0,data,ok,2.0,False,,all_flows,False,,3,0,proxy,3,0,ue1_qfi2,1.0,152,150.0,all_flows,ue1_qfi2,1.0,152,150.0,ok,ue8_qfi2,26.694,all_flows,ue8_qfi2,26.694,ok,8,all_flows,8,8,ok,8,ue2_qfi2,0.9578576,all_flows,ue2_qfi2,0.9578576,ok,0.9542808514427211,all_flows,0.9999359876193129,5,0.9999075566388942,proxy,5,0.9511479445800696,67408168.0,ok,0.005234090909090909,ok,0.9305829545454546,0.0377640625,ok,ue3_qfi1,0.42857142857142855,49,100.0,all_flows,ue3_qfi1,0.42857142857142855,49,100.0,data,0.0,data,ok,0.0,ue6_qfi1,37.75,all_flows,ue6_qfi1,37.75,ok,30.4,ue1_qfi2,0,0.0,0.0,all_flows,30.4,ue1_qfi2,0,0.0,0.0,30.303,33.0,30.303,ok,33.0,,all_flows,,pending,,all_flows,,pending,100.0,"[8, 9]",ue6_qfi1,0,0,0,138.0000000000001,100.00000000000009,data,ok,2.0,,all_flows,,pending,0,32,0.0,1.0,all_flows,0,24,0.0,1.0,,ok,,False,PF,1826701614
ue8_qfi9,298.25,300.0,300.25,300.25,all_flows,ue5_qfi1,5.75,21.5,27.25,27.25,ok,0.2993835808521018,all_flows,0.0,ok,100.0,ue5_qfi1,0,0,0,125.50000000000017,98.50000000000048,all_flows,100.0,ue5_qfi1,0,0,0,125.50000000000017,98.50000000000048,data,2.0,data,ok,2.0,False,,all_flows,False,,3,0,proxy,3,0,ue1_qfi2,1.0,152,150.0,all_flows,ue1_qfi2,1.0,152,150.0,ok,ue8_qfi2,22.947,all_flows,ue8_qfi2,22.947,ok,8,all_flows,8,8,ok,8,ue2_qfi2,0.9567992,all_flows,ue2_qfi2,0.9567992,ok,0.9513301254872462,all_flows,0.9999023963445749,5,0.9998740949479097,proxy,5,0.9484504683104261,66272478.4,ok,0.004159090909090909,ok,0.9314011363636364,0.1187484375,ok,ue4_qfi1,0.4489795918367347,49,100.0,all_flows,ue4_qfi1,0.4489795918367347,49,100.0,data,0.0,data,ok,0.0,ue5_qfi1,21.5,all_flows,ue5_qfi1,21.5,ok,30.4,ue1_qfi2,0,0.0,0.0,all_flows,30.4,ue1_qfi2,0,0.0,0.0,30.303,33.0,30.303,ok,33.0,,all_flows,,pending,,all_flows,,pending,100.0,"[8, 9]",ue5_qfi1,0,0,0,125.50000000000017,98.50000000000048,data,ok,2.0,,all_flows,,pending,0,32,0.0,1.0,all_flows,0,24,0.0,1.0,,ok,,False,Reservation,1826701614
ue8_qfi9,297.25,300.0,300.25,300.25,all_flows,ue4_qfi2,33.976,89.285,110.739,112.436,ok,0.26983782221128094,all_flows,0.000553493267360146,ok,100.0,ue4_qfi1,0,0,0,397.2500000000001,102.375,all_flows,100.0,ue4_qfi1,0,0,0,397.2500000000001,102.375,data,2.0,data,ok,2.0,False,,all_flows,False,,3,0,proxy,3,0,ue1_qfi2,1.0,152,150.0,all_flows,ue1_qfi2,1.0,152,150.0,ok,ue4_qfi2,111.796,all_flows,ue4_qfi2,111.796,ok,8,all_flows,8,8,ok,8,ue4_qfi2,0.9504412,all_flows,ue4_qfi2,0.9504412,ok,0.9107444749371074,all_flows,0.9773981545087527,5,0.9377695736921842,proxy,5,0.8562733905027997,67841064.0,ok,0.005231818181818182,ok,0.9307238636363636,0.035984375,ok,ue4_qfi1,0.4166666666666667,24,100.0,all_flows,ue4_qfi1,0.4166666666666667,24,100.0,data,0.0,data,ok,0.0,ue7_qfi9,101.25,all_flows,ue8_qfi1,85.0,ok,30.0,ue4_qfi2,8,90.0,630.75,all_flows,30.0,ue4_qfi2,8,90.0,630.75,30.303,33.0,30.303,ok,33.0,,all_flows,,pending,,all_flows,,pending,100.0,"[8, 9]",ue4_qfi1,0,0,0,397.2500000000001,102.375,data,ok,2.0,,all_flows,,pending,2,32,1.8980000000000001,1.0,all_flows,1,24,1.7985,1.0,ue4_qfi1,ok,ue4_qfi9,False,TwoTier,1826701614
ue8_qfi9,297.5,299.75,300.0,300.25,all_flows,ue3_qfi1,4.0,18.25,51.75,51.75,ok,0.2659431028507255,all_flows,0.0,ok,100.0,ue5_qfi1,0,0,0,141.24999999999943,99.49999999999999,all_flows,100.0,ue5_qfi1,0,0,0,141.24999999999943,99.49999999999999,data,2.0,data,ok,2.0,False,,all_flows,False,,3,0,proxy,3,0,ue7_qfi2,0.993421052631579,152,150.0,all_flows,ue7_qfi2,0.993421052631579,152,150.0,ok,ue4_qfi2,25.652,all_flows,ue4_qfi2,25.652,ok,8,all_flows,8,8,ok,8,ue3_qfi2,0.9590696,all_flows,ue3_qfi2,0.9590696,ok,0.9565579250085081,all_flows,0.9999565096629122,5,0.9999233464843713,proxy,5,0.9445641160223126,68427270.4,ok,0.005004545454545454,ok,0.9314488636363636,0.0348390625,ok,ue7_qfi1,0.42857142857142855,49,100.0,all_flows,ue7_qfi1,0.42857142857142855,49,100.0,data,0.0,data,ok,0.0,ue3_qfi1,47.75,all_flows,ue3_qfi1,47.75,ok,30.4,ue1_qfi2,0,0.0,0.0,all_flows,30.4,ue1_qfi2,0,0.0,0.0,30.303,33.0,30.303,ok,33.0,,all_flows,,pending,,all_flows,,pending,100.0,"[8, 9]",ue5_qfi1,0,0,0,141.24999999999943,99.49999999999999,data,ok,2.0,,all_flows,,pending,0,32,0.0,1.0,all_flows,0,24,0.0,1.0,,ok,,False,PF,1367864806
ue8_qfi9,297.5,300.0,300.25,300.25,all_flows,ue7_qfi1,6.0,23.5,26.5,26.5,ok,0.2858409737879468,all_flows,0.0,ok,100.0,ue7_qfi1,0,0,0,124.24999999999997,100.24999999999994,all_flows,100.0,ue7_qfi1,0,0,0,124.24999999999997,100.24999999999994,data,2.0,data,ok,2.0,False,,all_flows,False,,3,0,proxy,3,0,ue1_qfi2,1.0,152,150.0,all_flows,ue1_qfi2,1.0,152,150.0,ok,ue2_qfi2,23.248,all_flows,ue2_qfi2,23.248,ok,8,all_flows,8,8,ok,8,ue3_qfi2,0.9555712,all_flows,ue3_qfi2,0.9555712,ok,0.9547615306092773,all_flows,0.9999321458100567,5,0.9998832124908626,proxy,5,0.9432698923430244,67450952.0,ok,0.004177272727272727,ok,0.9332738636363637,0.10985625,ok,ue4_qfi1,0.4489795918367347,49,100.0,all_flows,ue4_qfi1,0.4489795918367347,49,100.0,data,0.0,data,ok,0.0,ue7_qfi1,20.5,all_flows,ue7_qfi1,20.5,ok,30.4,ue1_qfi2,0,0.0,0.0,all_flows,30.4,ue1_qfi2,0,0.0,0.0,30.303,33.0,30.303,ok,33.0,,all_flows,,pending,,all_flows,,pending,100.0,"[8, 9]",ue7_qfi1,0,0,0,124.24999999999997,100.24999999999994,data,ok,2.0,,all_flows,,pending,0,32,0.0,1.0,all_flows,0,24,0.0,1.0,,ok,,False,Reservation,1367864806
ue8_qfi9,295.5,300.0,300.0,300.25,all_flows,ue8_qfi1,9.75,79.5,98.0,98.0,ok,0.2602371507203119,all_flows,0.0006596795737043482,ok,100.0,ue6_qfi1,0,0,1,740.0000000000002,105.62499999999997,all_flows,100.0,ue6_qfi1,0,0,1,740.0000000000002,105.62499999999997,data,2.0,data,ok,2.0,False,,all_flows,False,,3,0,proxy,3,0,ue1_qfi2,1.0,151,150.0,all_flows,ue1_qfi2,1.0,151,150.0,ok,ue6_qfi2,89.742,all_flows,ue6_qfi2,89.742,ok,8,all_flows,8,8,ok,8,ue3_qfi2,0.9607608000000001,all_flows,ue3_qfi2,0.9607608000000001,ok,0.9088524007683386,all_flows,0.9784744321419471,5,0.959501608308152,proxy,5,0.8696787370636846,68754044.8,ok,0.004977272727272727,ok,0.9312488636363636,0.033575,ok,ue6_qfi1,0.2727272727272727,22,100.0,all_flows,ue6_qfi1,0.2727272727272727,22,100.0,data,0.0,data,ok,0.0,ue2_qfi9,158.25,all_flows,ue8_qfi1,88.25,ok,30.0,ue6_qfi2,11,115.75,992.75,all_flows,30.0,ue6_qfi2,11,115.75,992.75,30.303,33.0,30.303,ok,33.0,,all_flows,,pending,,all_flows,,pending,100.0,"[8, 9]",ue6_qfi1,0,0,1,740.0000000000002,105.62499999999997,data,ok,2.0,,all_flows,,pending,0,32,0.0,1.0,all_flows,0,24,0.0,1.0,,ok,,False,TwoTier,1367864806
ue8_qfi9,297.75,300.0,300.0,300.25,all_flows,ue3_qfi1,5.75,21.75,29.25,29.25,ok,0.2827565507016846,all_flows,0.0,ok,100.0,ue4_qfi1,0,0,0,120.75000000000014,99.50000000000003,all_flows,100.0,ue4_qfi1,0,0,0,120.75000000000014,99.50000000000003,data,2.0,data,ok,2.0,False,,all_flows,False,,3,0,proxy,3,0,ue8_qfi2,0.993421052631579,152,150.0,all_flows,ue8_qfi2,0.993421052631579,152,150.0,ok,ue2_qfi2,24.762,all_flows,ue2_qfi2,24.762,ok,8,all_flows,8,8,ok,8,ue8_qfi2,0.9667652,all_flows,ue8_qfi2,0.9667652,ok,0.9532391799353406,all_flows,0.9999512507355659,5,0.9999184678348748,proxy,5,0.9474805186105841,67044403.2,ok,0.005245454545454545,ok,0.9318613636363636,0.035771875,ok,ue1_qfi1,0.5102040816326531,49,100.0,all_flows,ue1_qfi1,0.5102040816326531,49,100.0,data,0.0,data,ok,0.0,ue3_qfi1,23.5,all_flows,ue3_qfi1,23.5,ok,30.2,ue8_qfi2,1,71.0,71.0,all_flows,30.2,ue8_qfi2,1,71.0,71.0,30.303,33.0,30.303,ok,33.0,,all_flows,,pending,,all_flows,,pending,100.0,"[8, 9]",ue4_qfi1,0,0,0,120.75000000000014,99.50000000000003,data,ok,2.0,,all_flows,,pending,0,32,0.0,1.0,all_flows,0,24,0.0,1.0,,ok,,False,PF,1097657231
ue8_qfi9,297.25,300.0,300.25,300.25,all_flows,ue6_qfi1,6.0,14.5,30.25,30.25,ok,0.3018937757505505,all_flows,0.0,ok,100.0,ue6_qfi1,0,0,0,129.49999999999972,99.74999999999979,all_flows,100.0,ue6_qfi1,0,0,0,129.49999999999972,99.74999999999979,data,2.0,data,ok,2.0,False,,all_flows,False,,3,0,proxy,3,0,ue2_qfi2,0.993421052631579,152,150.0,all_flows,ue2_qfi2,0.993421052631579,152,150.0,ok,ue6_qfi2,22.919,all_flows,ue6_qfi2,22.919,ok,8,all_flows,8,8,ok,8,ue8_qfi2,0.9680356,all_flows,ue8_qfi2,0.9680356,ok,0.9508059780380501,all_flows,0.9999014478205052,5,0.9998074605103177,proxy,5,0.9449059691748324,66165292.800000004,ok,0.004288636363636363,ok,0.9310443181818182,0.11236875,ok,ue2_qfi1,0.46938775510204084,49,100.0,all_flows,ue2_qfi1,0.46938775510204084,49,100.0,data,0.0,data,ok,0.0,ue6_qfi1,24.25,all_flows,ue6_qfi1,24.25,ok,30.2,ue5_qfi2,1,71.5,71.5,all_flows,30.2,ue5_qfi2,1,71.5,71.5,30.303,33.0,30.303,ok,33.0,,all_flows,,pending,,all_flows,,pending,100.0,"[8, 9]",ue6_qfi1,0,0,0,129.49999999999972,99.74999999999979,data,ok,2.0,,all_flows,,pending,0,32,0.0,1.0,all_flows,0,24,0.0,1.0,,ok,,False,Reservation,1097657231
ue8_qfi9,294.5,299.75,300.0,300.25,all_flows,ue7_qfi1,10.5,88.0,95.5,95.5,ok,0.27630538374654695,all_flows,0.0003655688566204418,ok,100.0,ue7_qfi1,0,0,0,354.24999999999994,100.99999999999997,all_flows,100.0,ue7_qfi1,0,0,0,354.24999999999994,100.99999999999997,data,2.0,data,ok,2.0,False,,all_flows,False,,3,0,proxy,3,0,ue2_qfi2,0.993421052631579,152,150.0,all_flows,ue2_qfi2,0.993421052631579,152,150.0,ok,ue7_qfi2,87.155,all_flows,ue7_qfi2,87.155,ok,8,all_flows,8,8,ok,8,ue7_qfi2,0.9631684,all_flows,ue7_qfi2,0.9631684,ok,0.9243958146168512,all_flows,0.9850499023916995,5,0.9580848962510006,proxy,5,0.9104732417295666,67324521.6,ok,0.005584090909090909,ok,0.9320931818181818,0.0344328125,ok,ue7_qfi1,0.4,25,100.0,all_flows,ue7_qfi1,0.4,25,100.0,data,0.0,data,ok,0.0,ue8_qfi1,87.75,all_flows,ue8_qfi1,87.75,ok,29.8,ue7_qfi2,8,88.75,620.0,all_flows,29.8,ue7_qfi2,8,88.75,620.0,30.303,33.0,30.303,ok,33.0,,all_flows,,pending,,all_flows,,pending,100.0,"[8, 9]",ue7_qfi1,0,0,0,354.24999999999994,100.99999999999997,data,ok,2.0,,all_flows,,pending,2,32,1.1752500000000001,1.0,all_flows,1,24,1.08675,1.0,ue7_qfi1,ok,ue7_qfi9,False,TwoTier,1097657231
ue8_qfi9,297.75,300.0,300.0,300.25,all_flows,ue8_qfi1,4.25,22.25,29.5,29.5,ok,0.24864762367020227,all_flows,0.0,ok,100.0,ue8_qfi1,0,0,0,129.0,99.74999999999979,all_flows,100.0,ue8_qfi1,0,0,0,129.0,99.74999999999979,data,2.0,data,ok,2.0,False,,all_flows,False,,3,0,proxy,3,0,ue1_qfi2,1.0,152,150.0,all_flows,ue1_qfi2,1.0,152,150.0,ok,ue2_qfi2,25.139,all_flows,ue2_qfi2,25.139,ok,8,all_flows,8,8,ok,8,ue8_qfi2,0.9636376,all_flows,ue8_qfi2,0.9636376,ok,0.9622709436922824,all_flows,0.9999582558265218,5,0.9999369331677586,proxy,5,0.9578669750684701,70051699.2,ok,0.00465,ok,0.9312659090909091,0.0343921875,ok,ue1_qfi1,0.4897959183673469,49,100.0,all_flows,ue1_qfi1,0.4897959183673469,49,100.0,data,0.0,data,ok,0.0,ue8_qfi1,25.25,all_flows,ue8_qfi1,25.25,ok,30.4,ue1_qfi2,0,0.0,0.0,all_flows,30.4,ue1_qfi2,0,0.0,0.0,30.303,33.0,30.303,ok,33.0,,all_flows,,pending,,all_flows,,pending,100.0,"[8, 9]",ue8_qfi1,0,0,0,129.0,99.74999999999979,data,ok,2.0,,all_flows,,pending,0,32,0.0,1.0,all_flows,0,24,0.0,1.0,,ok,,False,PF,579362555
ue8_qfi9,297.75,300.0,300.25,300.25,all_flows,ue2_qfi1,4.25,18.0,25.75,25.75,ok,0.2675208262273407,all_flows,0.0,ok,100.0,ue2_qfi1,0,0,0,125.50000000000017,100.00000000000009,all_flows,100.0,ue2_qfi1,0,0,0,125.50000000000017,100.00000000000009,data,2.0,data,ok,2.0,False,,all_flows,False,,3,0,proxy,3,0,ue7_qfi2,0.993421052631579,152,150.0,all_flows,ue7_qfi2,0.993421052631579,152,150.0,ok,ue3_qfi2,22.846,all_flows,ue3_qfi2,22.846,ok,8,all_flows,8,8,ok,8,ue8_qfi2,0.9634068,all_flows,ue8_qfi2,0.9634068,ok,0.9600674511404426,all_flows,0.9998438263373715,5,0.999601054602541,proxy,5,0.9585005633166385,69085219.2,ok,0.003936363636363636,ok,0.9321443181818182,0.108259375,ok,ue1_qfi1,0.4489795918367347,49,100.0,all_flows,ue1_qfi1,0.4489795918367347,49,100.0,data,0.0,data,ok,0.0,ue2_qfi1,21.5,all_flows,ue2_qfi1,21.5,ok,30.2,ue7_qfi2,1,68.75,68.75,all_flows,30.2,ue7_qfi2,1,68.75,68.75,30.303,33.0,30.303,ok,33.0,,all_flows,,pending,,all_flows,,pending,100.0,"[8, 9]",ue2_qfi1,0,0,0,125.50000000000017,100.00000000000009,data,ok,2.0,,all_flows,,pending,0,32,0.0,1.0,all_flows,0,24,0.0,1.0,,ok,,False,Reservation,579362555
ue8_qfi9,285.25,299.75,300.0,300.25,all_flows,ue8_qfi1,6.75,85.75,98.25,98.25,ok,0.24499638589529144,all_flows,0.0005467568484712501,ok,100.0,ue8_qfi1,0,0,1,628.5000000000002,99.99999999999997,all_flows,100.0,ue8_qfi1,0,0,1,628.5000000000002,99.99999999999997,data,2.0,data,ok,2.0,False,,all_flows,False,,3,0,proxy,3,0,ue1_qfi2,1.0,152,150.0,all_flows,ue1_qfi2,1.0,152,150.0,ok,ue2_qfi2,93.68,all_flows,ue2_qfi2,93.68,ok,8,all_flows,8,8,ok,8,ue8_qfi2,0.956308,all_flows,ue8_qfi2,0.956308,ok,0.9267880381064757,all_flows,0.9822173757641537,5,0.959507996919649,proxy,5,0.9005180663218487,70082209.6,ok,0.004643181818181818,ok,0.9316102272727272,0.0337265625,ok,ue2_qfi1,0.23076923076923078,26,100.0,all_flows,ue2_qfi1,0.23076923076923078,26,100.0,data,0.0,data,ok,0.0,ue3_qfi9,111.75,all_flows,ue8_qfi1,91.5,ok,30.4,ue2_qfi2,14,121.75,1242.0,all_flows,30.4,ue2_qfi2,14,121.75,1242.0,30.303,33.0,30.303,ok,33.0,,all_flows,,pending,,all_flows,,pending,100.0,"[8, 9]",ue8_qfi1,0,0,1,628.5000000000002,99.99999999999997,data,ok,2.0,,all_flows,,pending,0,32,0.0,1.0,all_flows,0,24,0.0,1.0,,ok,,False,TwoTier,579362555
ue8_qfi9,295.25,299.75,300.0,300.25,all_flows,ue8_qfi1,4.75,16.75,32.25,32.25,ok,0.24873363854414116,all_flows,0.0,ok,100.0,ue8_qfi1,0,0,0,130.74999999999991,98.99999999999932,all_flows,100.0,ue8_qfi1,0,0,0,130.74999999999991,98.99999999999932,data,2.0,data,ok,2.0,False,,all_flows,False,,3,0,proxy,3,0,ue4_qfi2,0.993421052631579,152,150.0,all_flows,ue4_qfi2,0.993421052631579,152,150.0,ok,ue2_qfi2,24.0,all_flows,ue2_qfi2,24.0,ok,8,all_flows,8,8,ok,8,ue8_qfi2,0.9537664,all_flows,ue8_qfi2,0.9537664,ok,0.962217036443254,all_flows,0.999953940744336,5,0.9999056449476341,proxy,5,0.955034291115086,69737070.4,ok,0.004790909090909091,ok,0.9321784090909091,0.03420625,ok,ue1_qfi1,0.4897959183673469,49,100.0,all_flows,ue1_qfi1,0.4897959183673469,49,100.0,data,0.0,data,ok,0.0,ue3_qfi1,27.5,all_flows,ue3_qfi1,27.5,ok,30.2,ue4_qfi2,1,66.25,66.25,all_flows,30.2,ue4_qfi2,1,66.25,66.25,30.303,33.0,30.303,ok,33.0,,all_flows,,pending,,all_flows,,pending,100.0,"[8, 9]",ue8_qfi1,0,0,0,130.74999999999991,98.99999999999932,data,ok,2.0,,all_flows,,pending,0,32,0.0,1.0,all_flows,0,24,0.0,1.0,,ok,,False,PF,661058651
ue8_qfi9,296.25,300.0,300.25,300.25,all_flows,ue6_qfi1,5.25,21.5,28.25,28.25,ok,0.2694596181874263,all_flows,0.0,ok,100.0,ue5_qfi1,0,0,0,123.25000000000009,99.99999999999964,all_flows,100.0,ue5_qfi1,0,0,0,123.25000000000009,99.99999999999964,data,2.0,data,ok,2.0,False,,all_flows,False,,3,0,proxy,3,0,ue2_qfi2,0.993421052631579,152,150.0,all_flows,ue2_qfi2,0.993421052631579,152,150.0,ok,ue5_qfi2,22.916,all_flows,ue5_qfi2,22.916,ok,8,all_flows,8,8,ok,8,ue8_qfi2,0.9537664,all_flows,ue8_qfi2,0.9537664,ok,0.959996200184251,all_flows,0.9999048688305257,5,0.9998576012634757,proxy,5,0.9550748330608518,68673464.0,ok,0.0039590909090909095,ok,0.9325125,0.107778125,ok,ue1_qfi1,0.40816326530612246,49,100.0,all_flows,ue1_qfi1,0.40816326530612246,49,100.0,data,0.0,data,ok,0.0,ue6_qfi1,23.0,all_flows,ue6_qfi1,23.0,ok,30.2,ue2_qfi2,1,67.75,67.75,all_flows,30.2,ue2_qfi2,1,67.75,67.75,30.303,33.0,30.303,ok,33.0,,all_flows,,pending,,all_flows,,pending,100.0,"[8, 9]",ue5_qfi1,0,0,0,123.25000000000009,99.99999999999964,data,ok,2.0,,all_flows,,pending,0,32,0.0,1.0,all_flows,0,24,0.0,1.0,,ok,,False,Reservation,661058651
ue7_qfi9,297.0,300.0,300.0,300.25,all_flows,ue4_qfi1,5.75,86.5,89.25,89.25,ok,0.24848412218635432,all_flows,0.0002309708505547766,ok,100.0,ue4_qfi1,0,0,0,333.4999999999999,100.7499999999999,all_flows,100.0,ue4_qfi1,0,0,0,333.4999999999999,100.7499999999999,data,2.0,data,ok,2.0,False,,all_flows,False,,3,0,proxy,3,0,ue1_qfi2,1.0,152,150.0,all_flows,ue1_qfi2,1.0,152,150.0,ok,ue4_qfi2,72.597,all_flows,ue4_qfi2,72.597,ok,8,all_flows,8,8,ok,8,ue3_qfi2,0.9532735999999999,all_flows,ue3_qfi2,0.9532735999999999,ok,0.9379757572056716,all_flows,0.9930517904854635,5,0.97950311654464,proxy,5,0.9141566104219044,69875478.4,ok,0.004788636363636364,ok,0.9322386363636364,0.03345625,ok,ue4_qfi1,0.43243243243243246,37,100.0,all_flows,ue4_qfi1,0.43243243243243246,37,100.0,data,0.0,data,ok,0.0,ue1_qfi9,100.75,all_flows,ue4_qfi1,83.5,ok,30.4,ue5_qfi2,5,95.75,421.0,all_flows,30.4,ue5_qfi2,5,95.75,421.0,30.303,33.0,30.303,ok,33.0,,all_flows,,pending,,all_flows,,pending,100.0,"[8, 9]",ue4_qfi1,0,0,0,333.4999999999999,100.7499999999999,data,ok,2.0,,all_flows,,pending,0,32,0.0,1.0,all_flows,0,24,0.0,1.0,,ok,,False,TwoTier,661058651
ue8_qfi9,298.25,300.0,300.25,300.25,all_flows,ue4_qfi1,5.75,19.0,54.0,54.0,ok,0.2983817177712398,all_flows,0.0,ok,100.0,ue4_qfi1,0,0,0,150.50000000000009,99.49999999999991,all_flows,100.0,ue4_qfi1,0,0,0,150.50000000000009,99.49999999999991,data,2.0,data,ok,2.0,False,,all_flows,False,,3,0,proxy,3,0,ue4_qfi2,0.993421052631579,152,150.0,all_flows,ue4_qfi2,0.993421052631579,152,150.0,ok,ue3_qfi2,24.713,all_flows,ue3_qfi2,24.713,ok,8,all_flows,8,8,ok,8,ue3_qfi2,0.9645228,all_flows,ue3_qfi2,0.9645228,ok,0.9483217801020125,all_flows,0.9999586863671602,5,0.9999434643017552,proxy,5,0.9434348528493771,65556806.4,ok,0.005381818181818182,ok,0.9318806818181818,0.038409375,ok,ue5_qfi1,0.5102040816326531,49,100.0,all_flows,ue5_qfi1,0.5102040816326531,49,100.0,data,0.0,data,ok,0.0,ue4_qfi1,48.25,all_flows,ue4_qfi1,48.25,ok,30.4,ue1_qfi2,0,0.0,0.0,all_flows,30.4,ue1_qfi2,0,0.0,0.0,30.303,33.0,30.303,ok,33.0,,all_flows,,pending,,all_flows,,pending,100.0,"[8, 9]",ue4_qfi1,0,0,0,150.50000000000009,99.49999999999991,data,ok,2.0,,all_flows,,pending,0,32,0.0,1.0,all_flows,0,24,0.0,1.0,,ok,,False,PF,87989972
ue8_qfi9,298.25,300.0,300.25,300.25,all_flows,ue4_qfi1,3.25,19.0,27.25,27.25,ok,0.31614373584258565,all_flows,0.0,ok,100.0,ue4_qfi1,0,0,0,126.2500000000002,99.74999999999935,all_flows,100.0,ue4_qfi1,0,0,0,126.2500000000002,99.74999999999935,data,2.0,data,ok,2.0,False,,all_flows,False,,3,0,proxy,3,0,ue2_qfi2,0.993421052631579,152,150.0,all_flows,ue2_qfi2,0.993421052631579,152,150.0,ok,ue7_qfi2,23.832,all_flows,ue7_qfi2,23.832,ok,8,all_flows,8,8,ok,8,ue3_qfi2,0.9641764,all_flows,ue3_qfi2,0.9641764,ok,0.9461489930359722,all_flows,0.9999101294578839,5,0.9998784207589687,proxy,5,0.937279998445996,64812720.0,ok,0.004359090909090909,ok,0.9334704545454545,0.120659375,ok,ue1_qfi1,0.4897959183673469,49,100.0,all_flows,ue1_qfi1,0.4897959183673469,49,100.0,data,0.0,data,ok,0.0,ue4_qfi1,24.0,all_flows,ue4_qfi1,24.0,ok,30.4,ue1_qfi2,0,0.0,0.0,all_flows,30.4,ue1_qfi2,0,0.0,0.0,30.303,33.0,30.303,ok,33.0,,all_flows,,pending,,all_flows,,pending,100.0,"[8, 9]",ue4_qfi1,0,0,0,126.2500000000002,99.74999999999935,data,ok,2.0,,all_flows,,pending,0,32,0.0,1.0,all_flows,0,24,0.0,1.0,,ok,,False,Reservation,87989972
ue8_qfi9,239.0,299.75,300.0,300.25,all_flows,ue8_qfi1,11.0,24.75,89.5,89.5,ok,0.29387522559559803,all_flows,0.0006471338171982593,ok,100.0,ue8_qfi1,0,0,0,399.0,99.50000000000003,all_flows,100.0,ue8_qfi1,0,0,0,399.0,99.50000000000003,data,2.0,data,ok,2.0,False,,all_flows,False,,3,0,proxy,3,0,ue4_qfi2,0.993421052631579,152,150.0,all_flows,ue4_qfi2,0.993421052631579,152,150.0,ok,ue5_qfi2,83.345,all_flows,ue5_qfi2,83.345,ok,8,all_flows,8,8,ok,8,ue3_qfi2,0.9645228,all_flows,ue3_qfi2,0.9645228,ok,0.90876614256742,all_flows,0.9819482428164955,5,0.9585288175378833,proxy,5,0.8767346941566829,65588257.6,ok,0.005395454545454545,ok,0.9317920454545454,0.0372640625,ok,ue2_qfi1,0.34375,32,100.0,all_flows,ue2_qfi1,0.34375,32,100.0,data,0.0,data,ok,0.0,ue1_qfi9,102.25,all_flows,ue5_qfi1,78.75,ok,30.2,ue5_qfi2,7,104.75,560.5,all_flows,30.2,ue5_qfi2,7,104.75,560.5,30.303,33.0,30.303,ok,33.0,,all_flows,,pending,,all_flows,,pending,100.0,"[8, 9]",ue8_qfi1,0,0,0,399.0,99.50000000000003,data,ok,2.0,,all_flows,,pending,0,32,0.0,1.0,all_flows,0,24,0.0,1.0,,ok,,False,TwoTier,87989972
ue8_qfi9,297.25,299.75,300.0,300.25,all_flows,ue1_qfi1,4.25,14.75,27.0,27.0,ok,0.2756418805460584,all_flows,0.0,ok,100.0,ue1_qfi1,0,0,0,120.24999999999997,99.75000000000023,all_flows,100.0,ue1_qfi1,0,0,0,120.24999999999997,99.75000000000023,data,2.0,data,ok,2.0,False,,all_flows,False,,3,0,proxy,3,0,ue4_qfi2,0.993421052631579,152,150.0,all_flows,ue4_qfi2,0.993421052631579,152,150.0,ok,ue4_qfi2,26.244,all_flows,ue4_qfi2,26.244,ok,8,all_flows,8,8,ok,8,ue3_qfi2,0.9505348,all_flows,ue3_qfi2,0.9505348,ok,0.9536560417181604,all_flows,0.9999646730009768,5,0.9999539300078301,proxy,5,0.9377320735266944,67441918.4,ok,0.004754545454545455,ok,0.9323,0.03690625,ok,ue5_qfi1,0.4897959183673469,49,100.0,all_flows,ue5_qfi1,0.4897959183673469,49,100.0,data,0.0,data,ok,0.0,ue1_qfi1,22.75,all_flows,ue1_qfi1,22.75,ok,30.2,ue4_qfi2,1,70.75,70.75,all_flows,30.2,ue4_qfi2,1,70.75,70.75,30.303,33.0,30.303,ok,33.0,,all_flows,,pending,,all_flows,,pending,100.0,"[8, 9]",ue1_qfi1,0,0,0,120.24999999999997,99.75000000000023,data,ok,2.0,,all_flows,,pending,0,32,0.0,1.0,all_flows,0,24,0.0,1.0,,ok,,False,PF,161576974
ue8_qfi9,297.25,300.0,300.25,300.25,all_flows,ue8_qfi1,5.5,17.0,27.25,27.25,ok,0.29763048446217455,all_flows,0.0,ok,100.0,ue8_qfi1,0,0,0,127.00000000000023,99.99999999999964,all_flows,100.0,ue8_qfi1,0,0,0,127.00000000000023,99.99999999999964,data,2.0,data,ok,2.0,False,,all_flows,False,,3,0,proxy,3,0,ue7_qfi2,0.993421052631579,152,150.0,all_flows,ue7_qfi2,0.993421052631579,152,150.0,ok,ue2_qfi2,24.165,all_flows,ue2_qfi2,24.165,ok,8,all_flows,8,8,ok,8,ue3_qfi2,0.9505348,all_flows,ue3_qfi2,0.9505348,ok,0.9508559077065935,all_flows,0.999907652298852,5,0.9998692247990367,proxy,5,0.9352171004431519,66302584.0,ok,0.0043318181818181815,ok,0.9332977272727273,0.1159640625,ok,ue4_qfi1,0.42857142857142855,49,100.0,all_flows,ue4_qfi1,0.42857142857142855,49,100.0,data,0.0,data,ok,0.0,ue7_qfi1,22.0,all_flows,ue7_qfi1,22.0,ok,30.2,ue7_qfi2,1,67.5,67.5,all_flows,30.2,ue7_qfi2,1,67.5,67.5,30.303,33.0,30.303,ok,33.0,,all_flows,,pending,,all_flows,,pending,100.0,"[8, 9]",ue8_qfi1,0,0,0,127.00000000000023,99.99999999999964,data,ok,2.0,,all_flows,,pending,0,32,0.0,1.0,all_flows,0,24,0.0,1.0,,ok,,False,Reservation,161576974
ue4_qfi9,294.75,300.0,300.25,300.25,all_flows,ue4_qfi2,38.726,81.949,97.558,125.278,ok,0.27114517923586356,all_flows,0.00134996325131467,ok,,ue4_qfi9,0,0,2,641.0,0.0,all_flows,100.0,ue2_qfi1,0,0,1,506.49999999999994,100.75000000000006,data,2.0,data,ok,2.0,False,,all_flows,False,,3,0,proxy,3,0,ue4_qfi2,0.9867549668874173,151,150.0,all_flows,ue4_qfi2,0.9867549668874173,151,150.0,ok,ue4_qfi2,89.178,all_flows,ue4_qfi2,89.178,ok,8,all_flows,8,8,ok,8,ue3_qfi2,0.9505348,all_flows,ue3_qfi2,0.9505348,ok,0.9149593161684372,all_flows,0.982991711216517,5,0.9585389669033939,proxy,5,0.8909038518975118,67986744.0,ok,0.0047568181818181815,ok,0.9322943181818182,0.0353890625,ok,ue4_qfi1,0.3076923076923077,26,100.0,all_flows,ue4_qfi1,0.3076923076923077,26,100.0,data,0.0,data,ok,0.0,ue1_qfi9,143.25,all_flows,ue2_qfi1,90.5,ok,29.8,ue4_qfi2,12,221.0,1133.75,all_flows,29.8,ue4_qfi2,12,221.0,1133.75,30.303,33.0,30.303,ok,33.0,,all_flows,,pending,,all_flows,,pending,100.0,"[8, 9]",ue2_qfi1,0,0,1,506.49999999999994,100.75000000000006,data,ok,2.0,,all_flows,,pending,0,32,0.0,1.0,all_flows,0,24,0.0,1.0,,ok,,False,TwoTier,161576974
ue8_qfi9,298.0,300.0,300.0,300.25,all_flows,ue5_qfi2,9.42,21.133,25.75,27.439,ok,0.2929481759382918,all_flows,0.0,ok,100.0,ue7_qfi1,0,0,0,118.75000000000036,99.0000000000002,all_flows,100.0,ue7_qfi1,0,0,0,118.75000000000036,99.0000000000002,data,2.0,data,ok,2.0,False,,all_flows,False,,3,0,proxy,3,0,ue3_qfi2,0.993421052631579,152,150.0,all_flows,ue3_qfi2,0.993421052631579,152,150.0,ok,ue5_qfi2,27.439,all_flows,ue5_qfi2,27.439,ok,8,all_flows,8,8,ok,8,ue6_qfi2,0.9690408,all_flows,ue6_qfi2,0.9690408,ok,0.949900597439909,all_flows,0.9999562256993311,5,0.9999184406119814,proxy,5,0.941900781702888,66144750.4,ok,0.005202272727272727,ok,0.9339170454545455,0.0379171875,ok,ue6_qfi1,0.4897959183673469,49,100.0,all_flows,ue6_qfi1,0.4897959183673469,49,100.0,data,0.0,data,ok,0.0,ue5_qfi1,19.75,all_flows,ue5_qfi1,19.75,ok,30.4,ue1_qfi2,0,0.0,0.0,all_flows,30.4,ue1_qfi2,0,0.0,0.0,30.303,33.0,30.303,ok,33.0,,all_flows,,pending,,all_flows,,pending,100.0,"[8, 9]",ue7_qfi1,0,0,0,118.75000000000036,99.0000000000002,data,ok,2.0,,all_flows,,pending,0,32,0.0,1.0,all_flows,0,24,0.0,1.0,,ok,,False,PF,35492826
ue8_qfi9,297.75,300.0,300.25,300.25,all_flows,ue7_qfi1,5.5,20.25,27.0,27.0,ok,0.3117243672992417,all_flows,0.0,ok,100.0,ue7_qfi1,0,0,0,126.50000000000006,99.50000000000037,all_flows,100.0,ue7_qfi1,0,0,0,126.50000000000006,99.50000000000037,data,2.0,data,ok,2.0,False,,all_flows,False,,3,0,proxy,3,0,ue1_qfi2,1.0,152,150.0,all_flows,ue1_qfi2,1.0,152,150.0,ok,ue3_qfi2,23.42,all_flows,ue3_qfi2,23.42,ok,8,all_flows,8,8,ok,8,ue6_qfi2,0.9690408,all_flows,ue6_qfi2,0.9690408,ok,0.9470542343120611,all_flows,0.9998812093627218,5,0.9998046004751998,proxy,5,0.9376198910748652,65229377.6,ok,0.0042977272727272725,ok,0.9313511363636363,0.118715625,ok,ue4_qfi1,0.46938775510204084,49,100.0,all_flows,ue4_qfi1,0.46938775510204084,49,100.0,data,0.0,data,ok,0.0,ue1_qfi1,21.5,all_flows,ue1_qfi1,21.5,ok,30.4,ue1_qfi2,0,0.0,0.0,all_flows,30.4,ue1_qfi2,0,0.0,0.0,30.303,33.0,30.303,ok,33.0,,all_flows,,pending,,all_flows,,pending,100.0,"[8, 9]",ue7_qfi1,0,0,0,126.50000000000006,99.50000000000037,data,ok,2.0,,all_flows,,pending,0,32,0.0,1.0,all_flows,0,24,0.0,1.0,,ok,,False,Reservation,35492826
ue8_qfi9,295.0,299.75,300.0,300.25,all_flows,ue1_qfi1,7.0,90.5,92.75,92.75,ok,0.28768663875482575,all_flows,0.000517705161226076,ok,100.0,ue5_qfi1,0,0,1,802.0,102.12500000000003,all_flows,100.0,ue5_qfi1,0,0,1,802.0,102.12500000000003,data,2.0,data,ok,2.0,False,,all_flows,False,,3,0,proxy,3,0,ue6_qfi2,0.993421052631579,152,150.0,all_flows,ue6_qfi2,0.993421052631579,152,150.0,ok,ue5_qfi2,81.153,all_flows,ue5_qfi2,81.153,ok,8,all_flows,8,8,ok,8,ue6_qfi2,0.9680428000000001,all_flows,ue6_qfi2,0.9680428000000001,ok,0.9151895159554619,all_flows,0.984051261191758,5,0.9647902124884479,proxy,5,0.8939242233576354,66115427.2,ok,0.0052,ok,0.9339943181818182,0.03693125,ok,ue5_qfi1,0.34615384615384615,26,100.0,all_flows,ue5_qfi1,0.34615384615384615,26,100.0,data,0.0,data,ok,0.0,ue4_qfi9,103.25,all_flows,ue1_qfi1,85.75,ok,30.4,ue1_qfi2,10,108.5,844.75,all_flows,30.4,ue1_qfi2,10,108.5,844.75,30.303,33.0,30.303,ok,33.0,,all_flows,,pending,,all_flows,,pending,100.0,"[8, 9]",ue5_qfi1,0,0,1,802.0,102.12500000000003,data,ok,2.0,,all_flows,,pending,0,32,0.0,1.0,all_flows,0,24,0.0,1.0,,ok,,False,TwoTier,35492826
ue8_qfi9,297.25,299.75,300.0,300.25,all_flows,ue1_qfi1,6.75,22.75,49.75,49.75,ok,0.2764845713432441,all_flows,0.0,ok,100.0,ue1_qfi1,0,0,0,141.0,100.00000000000009,all_flows,100.0,ue1_qfi1,0,0,0,141.0,100.00000000000009,data,2.0,data,ok,2.0,False,,all_flows,False,,3,0,proxy,3,0,ue1_qfi2,1.0,152,150.0,all_flows,ue1_qfi2,1.0,152,150.0,ok,ue1_qfi2,26.063,all_flows,ue1_qfi2,26.063,ok,8,all_flows,8,8,ok,8,ue2_qfi2,0.9666928,all_flows,ue2_qfi2,0.9666928,ok,0.9539792347095378,all_flows,0.9999283821016218,5,0.9998966837610359,proxy,5,0.9464923456016758,67531566.4,ok,0.005454545454545455,ok,0.9337784090909091,0.036978125,ok,ue3_qfi1,0.4489795918367347,49,100.0,all_flows,ue3_qfi1,0.4489795918367347,49,100.0,data,0.0,data,ok,0.0,ue1_qfi1,43.0,all_flows,ue1_qfi1,43.0,ok,30.4,ue1_qfi2,0,0.0,0.0,all_flows,30.4,ue1_qfi2,0,0.0,0.0,30.303,33.0,30.303,ok,33.0,,all_flows,,pending,,all_flows,,pending,100.0,"[8, 9]",ue1_qfi1,0,0,0,141.0,100.00000000000009,data,ok,2.0,,all_flows,,pending,0,32,0.0,1.0,all_flows,0,24,0.0,1.0,,ok,,False,PF,376383645
ue8_qfi9,297.25,300.0,300.25,300.25,all_flows,ue8_qfi1,5.75,17.25,26.0,26.0,ok,0.29684225505929185,all_flows,0.0,ok,100.0,ue8_qfi1,0,0,0,125.50000000000017,99.99999999999987,all_flows,100.0,ue8_qfi1,0,0,0,125.50000000000017,99.99999999999987,data,2.0,data,ok,2.0,False,,all_flows,False,,3,0,proxy,3,0,ue5_qfi2,0.993421052631579,152,150.0,all_flows,ue5_qfi2,0.993421052631579,152,150.0,ok,ue1_qfi2,23.464,all_flows,ue1_qfi2,23.464,ok,8,all_flows,8,8,ok,8,ue2_qfi2,0.9665688,all_flows,ue2_qfi2,0.9665688,ok,0.9516898015672691,all_flows,0.9999103577216936,5,0.9998848786670541,proxy,5,0.9446194281119511,66540422.4,ok,0.004343181818181818,ok,0.9346204545454545,0.116,ok,ue4_qfi1,0.4489795918367347,49,100.0,all_flows,ue4_qfi1,0.4489795918367347,49,100.0,data,0.0,data,ok,0.0,ue2_qfi1,20.25,all_flows,ue2_qfi1,20.25,ok,30.2,ue6_qfi2,1,75.0,75.0,all_flows,30.2,ue6_qfi2,1,75.0,75.0,30.303,33.0,30.303,ok,33.0,,all_flows,,pending,,all_flows,,pending,100.0,"[8, 9]",ue8_qfi1,0,0,0,125.50000000000017,99.99999999999987,data,ok,2.0,,all_flows,,pending,0,32,0.0,1.0,all_flows,0,24,0.0,1.0,,ok,,False,Reservation,376383645
ue7_qfi9,292.75,299.75,300.0,300.25,all_flows,ue3_qfi1,12.0,96.75,97.75,97.75,ok,0.2733717109331033,all_flows,0.0005697125665668244,ok,,ue3_qfi9,0,0,0,436.5000000000001,0.0,all_flows,100.0,ue3_qfi1,0,0,0,361.0,148.75000000000017,data,2.0,data,ok,2.0,False,,all_flows,False,,3,0,proxy,3,0,ue1_qfi2,1.0,151,150.0,all_flows,ue1_qfi2,1.0,151,150.0,ok,ue3_qfi2,76.802,all_flows,ue3_qfi2,76.802,ok,8,all_flows,8,8,ok,8,ue5_qfi2,0.9557348,all_flows,ue5_qfi2,0.9557348,ok,0.9158019154327276,all_flows,0.9852734675830866,5,0.9732611815210963,proxy,5,0.8849620961643048,67540132.8,ok,0.0054522727272727275,ok,0.9339011363636364,0.0360109375,ok,ue1_qfi1,0.3125,32,100.0,all_flows,ue1_qfi1,0.3125,32,100.0,data,0.0,data,ok,0.0,ue3_qfi1,85.75,all_flows,ue3_qfi1,85.75,ok,30.4,ue3_qfi2,8,146.5,742.25,all_flows,30.4,ue3_qfi2,8,146.5,742.25,30.303,33.0,30.303,ok,33.0,,all_flows,,pending,,all_flows,,pending,100.0,"[8, 9]",ue3_qfi1,0,0,0,361.0,148.75000000000017,data,ok,2.0,,all_flows,,pending,0,32,0.0,1.0,all_flows,0,24,0.0,1.0,,ok,,False,TwoTier,376383645
ue7_qfi9,297.75,300.0,300.0,300.25,all_flows,ue7_qfi1,3.5,19.0,26.0,26.0,ok,0.2475373256543216,all_flows,0.0,ok,100.0,ue3_qfi1,0,0,0,119.7499999999998,99.99999999999964,all_flows,100.0,ue3_qfi1,0,0,0,119.7499999999998,99.99999999999964,data,2.0,data,ok,2.0,False,,all_flows,False,,3,0,proxy,3,0,ue7_qfi2,0.993421052631579,152,150.0,all_flows,ue7_qfi2,0.993421052631579,152,150.0,ok,ue3_qfi2,25.114,all_flows,ue3_qfi2,25.114,ok,8,all_flows,8,8,ok,8,ue3_qfi2,0.966334,all_flows,ue3_qfi2,0.966334,ok,0.9625063950853505,all_flows,0.9999632497807814,5,0.9999467288548956,proxy,5,0.958187150725327,70003395.2,ok,0.004397727272727273,ok,0.9335897727272727,0.0346375,ok,ue4_qfi1,0.42857142857142855,49,100.0,all_flows,ue4_qfi1,0.42857142857142855,49,100.0,data,0.0,data,ok,0.0,ue7_qfi1,22.5,all_flows,ue7_qfi1,22.5,ok,30.4,ue1_qfi2,0,0.0,0.0,all_flows,30.4,ue1_qfi2,0,0.0,0.0,30.303,33.0,30.303,ok,33.0,,all_flows,,pending,,all_flows,,pending,100.0,"[8, 9]",ue3_qfi1,0,0,0,119.7499999999998,99.99999999999964,data,ok,2.0,,all_flows,,pending,0,32,0.0,1.0,all_flows,0,24,0.0,1.0,,ok,,False,PF,1746484539
ue8_qfi9,296.0,300.0,300.25,300.25,all_flows,ue6_qfi1,5.75,21.0,27.25,27.25,ok,0.27008466524907215,all_flows,0.0,ok,100.0,ue6_qfi1,0,0,0,124.24999999999997,99.74999999999979,all_flows,100.0,ue6_qfi1,0,0,0,124.24999999999997,99.74999999999979,data,2.0,data,ok,2.0,False,,all_flows,False,,3,0,proxy,3,0,ue3_qfi2,0.993421052631579,152,150.0,all_flows,ue3_qfi2,0.993421052631579,152,150.0,ok,ue1_qfi2,23.654,all_flows,ue1_qfi2,23.654,ok,8,all_flows,8,8,ok,8,ue3_qfi2,0.965872,all_flows,ue3_qfi2,0.965872,ok,0.9599255026100797,all_flows,0.9999067182154313,5,0.9998689207887442,proxy,5,0.9557553567822407,68862052.8,ok,0.004002272727272728,ok,0.9324215909090909,0.1088875,ok,ue5_qfi1,0.4489795918367347,49,100.0,all_flows,ue5_qfi1,0.4489795918367347,49,100.0,data,0.0,data,ok,0.0,ue6_qfi1,21.5,all_flows,ue6_qfi1,21.5,ok,30.2,ue3_qfi2,1,78.5,78.5,all_flows,30.2,ue3_qfi2,1,78.5,78.5,30.303,33.0,30.303,ok,33.0,,all_flows,,pending,,all_flows,,pending,100.0,"[8, 9]",ue6_qfi1,0,0,0,124.24999999999997,99.74999999999979,data,ok,2.0,,all_flows,,pending,0,32,0.0,1.0,all_flows,0,24,0.0,1.0,,ok,,False,Reservation,1746484539
ue7_qfi9,293.0,299.75,300.0,300.25,all_flows,ue7_qfi1,6.75,62.25,92.75,92.75,ok,0.24836510855613841,all_flows,0.00013078017578199572,ok,100.0,ue7_qfi1,0,0,0,358.5000000000003,99.49999999999991,all_flows,100.0,ue7_qfi1,0,0,0,358.5000000000003,99.49999999999991,data,2.0,data,ok,2.0,False,,all_flows,False,,3,0,proxy,3,0,ue3_qfi2,0.993421052631579,152,150.0,all_flows,ue3_qfi2,0.993421052631579,152,150.0,ok,ue7_qfi2,61.562,all_flows,ue7_qfi2,61.562,ok,8,all_flows,8,8,ok,8,ue3_qfi2,0.9650636,all_flows,ue3_qfi2,0.9650636,ok,0.9454084470694939,all_flows,0.9972802144867844,5,0.9897297851979867,proxy,5,0.931829952628608,69966283.2,ok,0.004386363636363636,ok,0.9335920454545454,0.0336296875,ok,ue2_qfi1,0.43478260869565216,46,100.0,all_flows,ue2_qfi1,0.43478260869565216,46,100.0,data,0.0,data,ok,0.0,ue8_qfi9,131.75,all_flows,ue7_qfi1,86.0,ok,30.4,ue8_qfi2,8,111.0,638.25,all_flows,30.4,ue8_qfi2,8,111.0,638.25,30.303,33.0,30.303,ok,33.0,,all_flows,,pending,,all_flows,,pending,100.0,"[8, 9]",ue7_qfi1,0,0,0,358.5000000000003,99.49999999999991,data,ok,2.0,,all_flows,,pending,0,32,0.0,1.0,all_flows,0,24,0.0,1.0,,ok,,False,TwoTier,1746484539
ue8_qfi9,297.5,300.0,300.0,300.25,all_flows,ue7_qfi2,8.567,21.808,26.409,29.659,ok,0.28109105630084175,all_flows,0.0,ok,100.0,ue7_qfi1,0,0,0,122.74999999999991,99.75000000000023,all_flows,100.0,ue7_qfi1,0,0,0,122.74999999999991,99.75000000000023,data,2.0,data,ok,2.0,False,,all_flows,False,,3,0,proxy,3,0,ue6_qfi2,0.993421052631579,152,150.0,all_flows,ue6_qfi2,0.993421052631579,152,150.0,ok,ue7_qfi2,27.849,all_flows,ue7_qfi2,27.849,ok,8,all_flows,8,8,ok,8,ue5_qfi2,0.9602292,all_flows,ue5_qfi2,0.9602292,ok,0.9535766693404375,all_flows,0.9999510588977764,5,0.9999068416372392,proxy,5,0.9494815554636776,67079846.4,ok,0.004922727272727273,ok,0.9333227272727272,0.0376515625,ok,ue4_qfi1,0.46938775510204084,49,100.0,all_flows,ue4_qfi1,0.46938775510204084,49,100.0,data,0.0,data,ok,0.0,ue3_qfi1,21.75,all_flows,ue3_qfi1,21.75,ok,30.2,ue6_qfi2,1,74.0,74.0,all_flows,30.2,ue6_qfi2,1,74.0,74.0,30.303,33.0,30.303,ok,33.0,,all_flows,,pending,,all_flows,,pending,100.0,"[8, 9]",ue7_qfi1,0,0,0,122.74999999999991,99.75000000000023,data,ok,2.0,,all_flows,,pending,0,32,0.0,1.0,all_flows,0,24,0.0,1.0,,ok,,False,PF,1394609702
ue8_qfi9,297.25,300.0,300.25,300.25,all_flows,ue6_qfi1,5.5,18.5,28.0,28.0,ok,0.30467788954231345,all_flows,0.0,ok,100.0,ue6_qfi1,0,0,0,127.7499999999998,99.75000000000001,all_flows,100.0,ue6_qfi1,0,0,0,127.7499999999998,99.75000000000001,data,2.0,data,ok,2.0,False,,all_flows,False,,3,0,proxy,3,0,ue1_qfi2,1.0,151,150.0,all_flows,ue1_qfi2,1.0,151,150.0,ok,ue7_qfi2,23.65,all_flows,ue7_qfi2,23.65,ok,8,all_flows,8,8,ok,8,ue5_qfi2,0.9602292,all_flows,ue5_qfi2,0.9602292,ok,0.9497618106778758,all_flows,0.9999022377620108,5,0.9998641228835742,proxy,5,0.9446062954151566,65772044.8,ok,0.004143181818181818,ok,0.9318113636363636,0.118365625,ok,ue2_qfi1,0.42857142857142855,49,100.0,all_flows,ue2_qfi1,0.42857142857142855,49,100.0,data,0.0,data,ok,0.0,ue6_qfi1,22.5,all_flows,ue6_qfi1,22.5,ok,30.2,ue1_qfi2,0,0.0,0.0,all_flows,30.2,ue1_qfi2,0,0.0,0.0,30.303,33.0,30.303,ok,33.0,,all_flows,,pending,,all_flows,,pending,100.0,"[8, 9]",ue6_qfi1,0,0,0,127.7499999999998,99.75000000000001,data,ok,2.0,,all_flows,,pending,0,32,0.0,1.0,all_flows,0,24,0.0,1.0,,ok,,False,Reservation,1394609702
ue8_qfi9,292.75,299.75,300.0,300.25,all_flows,ue3_qfi1,6.75,91.0,98.25,98.25,ok,0.2806131899536523,all_flows,0.00019840384614504126,ok,100.0,ue3_qfi1,0,0,0,351.50000000000017,101.12499999999997,all_flows,100.0,ue3_qfi1,0,0,0,351.50000000000017,101.12499999999997,data,2.0,data,ok,2.0,False,,all_flows,False,,3,0,proxy,3,0,ue3_qfi2,0.993421052631579,152,150.0,all_flows,ue3_qfi2,0.993421052631579,152,150.0,ok,ue3_qfi2,81.604,all_flows,ue3_qfi2,81.604,ok,8,all_flows,8,8,ok,8,ue5_qfi2,0.9602292,all_flows,ue5_qfi2,0.9602292,ok,0.9367556821784546,all_flows,0.9959752858998738,5,0.9897319872308008,proxy,5,0.9197127423502279,67055012.8,ok,0.004986363636363636,ok,0.9333681818181818,0.0364734375,ok,ue3_qfi1,0.47368421052631576,38,100.0,all_flows,ue3_qfi1,0.47368421052631576,38,100.0,data,0.0,data,ok,0.0,ue3_qfi1,91.5,all_flows,ue3_qfi1,91.5,ok,30.2,ue3_qfi2,9,104.75,792.75,all_flows,30.2,ue3_qfi2,9,104.75,792.75,30.303,33.0,30.303,ok,33.0,,all_flows,,pending,,all_flows,,pending,100.0,"[8, 9]",ue3_qfi1,0,0,0,351.50000000000017,101.12499999999997,data,ok,2.0,,all_flows,,pending,0,32,0.0,1.0,all_flows,0,24,0.0,1.0,,ok,,False,TwoTier,1394609702
ue8_qfi9,297.75,300.0,300.0,300.25,all_flows,ue1_qfi1,6.0,24.0,29.75,29.75,ok,0.29357621120891114,all_flows,0.0,ok,100.0,ue1_qfi1,0,0,0,129.50000000000017,100.00000000000009,all_flows,100.0,ue1_qfi1,0,0,0,129.50000000000017,100.00000000000009,data,2.0,data,ok,2.0,False,,all_flows,False,,3,0,proxy,3,0,ue3_qfi2,0.993421052631579,152,150.0,all_flows,ue3_qfi2,0.993421052631579,152,150.0,ok,ue7_qfi2,28.027,all_flows,ue7_qfi2,28.027,ok,7,all_flows,7,8,ok,8,ue3_qfi2,0.9498711999999999,all_flows,ue3_qfi2,0.9498711999999999,ok,0.9483655979508828,all_flows,0.9999609805803062,5,0.9999414143199571,proxy,5,0.9423206902175076,65913881.6,ok,0.005622727272727272,ok,0.9329386363636364,0.039459375,ok,ue1_qfi1,0.46938775510204084,49,100.0,all_flows,ue1_qfi1,0.46938775510204084,49,100.0,data,0.0,data,ok,0.0,ue1_qfi1,23.75,all_flows,ue1_qfi1,23.75,ok,30.2,ue6_qfi2,1,70.25,70.25,all_flows,30.2,ue6_qfi2,1,70.25,70.25,30.303,33.0,30.303,ok,33.0,,all_flows,,pending,,all_flows,,pending,100.0,"[8, 9]",ue1_qfi1,0,0,0,129.50000000000017,100.00000000000009,data,ok,2.0,,all_flows,,pending,0,32,0.0,1.0,all_flows,0,24,0.0,1.0,,ok,,False,PF,1960127675
ue8_qfi9,297.5,300.0,300.25,300.25,all_flows,ue1_qfi1,6.75,22.25,29.75,29.75,ok,0.3171771793540437,all_flows,0.0,ok,100.0,ue2_qfi1,0,0,0,125.49999999999972,99.99999999999964,all_flows,100.0,ue2_qfi1,0,0,0,125.49999999999972,99.99999999999964,data,2.0,data,ok,2.0,False,,all_flows,False,,3,0,proxy,3,0,ue5_qfi2,0.993421052631579,152,150.0,all_flows,ue5_qfi2,0.993421052631579,152,150.0,ok,ue6_qfi2,24.763,all_flows,ue6_qfi2,24.763,ok,7,all_flows,7,8,ok,8,ue3_qfi2,0.945556,all_flows,ue3_qfi2,0.945556,ok,0.9455780504472336,all_flows,0.9999039793789809,5,0.9998474294052915,proxy,5,0.9414259746780941,64702958.4,ok,0.004384090909090909,ok,0.9329863636363637,0.1239796875,ok,ue5_qfi1,0.42857142857142855,49,100.0,all_flows,ue5_qfi1,0.42857142857142855,49,100.0,data,0.0,data,ok,0.0,ue1_qfi1,23.0,all_flows,ue1_qfi1,23.0,ok,30.4,ue1_qfi2,0,0.0,0.0,all_flows,30.4,ue1_qfi2,0,0.0,0.0,30.303,33.0,30.303,ok,33.0,,all_flows,,pending,,all_flows,,pending,100.0,"[8, 9]",ue2_qfi1,0,0,0,125.49999999999972,99.99999999999964,data,ok,2.0,,all_flows,,pending,0,32,0.0,1.0,all_flows,0,24,0.0,1.0,,ok,,False,Reservation,1960127675
ue5_qfi9,297.0,300.0,300.0,300.25,all_flows,ue2_qfi2,23.736,78.048,90.385,107.017,ok,0.2898331796895191,all_flows,0.0027217749936186398,ok,,ue2_qfi9,0,0,2,575.9999999999997,0.0,all_flows,100.0,ue2_qfi1,0,0,1,544.7500000000001,102.24999999999996,data,2.0,data,ok,2.0,False,,all_flows,False,,3,0,proxy,3,0,ue2_qfi2,0.9802631578947368,152,150.0,all_flows,ue2_qfi2,0.9802631578947368,152,150.0,ok,ue2_qfi2,90.222,all_flows,ue2_qfi2,90.222,ok,7,all_flows,7,8,ok,8,ue3_qfi2,0.9498711999999999,all_flows,ue3_qfi2,0.9498711999999999,ok,0.9061589245382635,all_flows,0.9843070519209725,5,0.9588731368120796,proxy,5,0.8708989749477094,66287955.2,ok,0.005620454545454546,ok,0.932934090909091,0.038028125,ok,ue2_qfi1,0.37142857142857144,35,100.0,all_flows,ue2_qfi1,0.37142857142857144,35,100.0,data,0.0,data,ok,0.0,ue3_qfi9,131.75,all_flows,ue7_qfi1,92.0,ok,30.0,ue7_qfi2,11,99.25,883.25,all_flows,30.0,ue7_qfi2,11,99.25,883.25,30.303,33.0,30.303,ok,33.0,,all_flows,,pending,,all_flows,,pending,100.0,"[8, 9]",ue2_qfi1,0,0,1,544.7500000000001,102.24999999999996,data,ok,2.0,,all_flows,,pending,0,32,0.0,1.0,all_flows,0,24,0.0,1.0,,ok,,False,TwoTier,1960127675
ue8_qfi9,297.5,299.75,300.0,300.25,all_flows,ue6_qfi1,4.5,23.5,43.25,43.25,ok,0.26306430952385734,all_flows,0.0,ok,100.0,ue4_qfi1,0,0,0,124.74999999999969,99.50000000000037,all_flows,100.0,ue4_qfi1,0,0,0,124.74999999999969,99.50000000000037,data,2.0,data,ok,2.0,False,,all_flows,False,,3,0,proxy,3,0,ue5_qfi2,0.993421052631579,152,150.0,all_flows,ue5_qfi2,0.993421052631579,152,150.0,ok,ue2_qfi2,25.333,all_flows,ue2_qfi2,25.333,ok,8,all_flows,8,8,ok,8,ue8_qfi2,0.9611988,all_flows,ue8_qfi2,0.9611988,ok,0.9570318693657913,all_flows,0.9999398657547237,5,0.9998762020006353,proxy,5,0.9521324167411158,68672332.8,ok,0.005581818181818182,ok,0.931625,0.0367140625,ok,ue6_qfi1,0.46938775510204084,49,100.0,all_flows,ue6_qfi1,0.46938775510204084,49,100.0,data,0.0,data,ok,0.0,ue6_qfi1,38.75,all_flows,ue6_qfi1,38.75,ok,30.2,ue6_qfi2,1,67.5,67.5,all_flows,30.2,ue6_qfi2,1,67.5,67.5,30.303,33.0,30.303,ok,33.0,,all_flows,,pending,,all_flows,,pending,100.0,"[8, 9]",ue4_qfi1,0,0,0,124.74999999999969,99.50000000000037,data,ok,2.0,,all_flows,,pending,0,32,0.0,1.0,all_flows,0,24,0.0,1.0,,ok,,False,PF,1081530686
ue8_qfi9,297.75,300.0,300.25,300.25,all_flows,ue5_qfi1,5.5,19.25,25.75,25.75,ok,0.28307492610063817,all_flows,0.0,ok,100.0,ue5_qfi1,0,0,0,125.49999999999972,99.99999999999987,all_flows,100.0,ue5_qfi1,0,0,0,125.49999999999972,99.99999999999987,data,2.0,data,ok,2.0,False,,all_flows,False,,3,0,proxy,3,0,ue2_qfi2,0.993421052631579,152,150.0,all_flows,ue2_qfi2,0.993421052631579,152,150.0,ok,ue6_qfi2,23.217,all_flows,ue6_qfi2,23.217,ok,8,all_flows,8,8,ok,8,ue8_qfi2,0.9618188000000001,all_flows,ue8_qfi2,0.9618188000000001,ok,0.9547438758111578,all_flows,0.9999056401394277,5,0.999850582948611,proxy,5,0.9495389924988202,67698076.8,ok,0.004240909090909091,ok,0.9333636363636364,0.115640625,ok,ue2_qfi1,0.4489795918367347,49,100.0,all_flows,ue2_qfi1,0.4489795918367347,49,100.0,data,0.0,data,ok,0.0,ue5_qfi1,20.25,all_flows,ue5_qfi1,20.25,ok,30.2,ue8_qfi2,1,67.5,67.5,all_flows,30.2,ue8_qfi2,1,67.5,67.5,30.303,33.0,30.303,ok,33.0,,all_flows,,pending,,all_flows,,pending,100.0,"[8, 9]",ue5_qfi1,0,0,0,125.49999999999972,99.99999999999987,data,ok,2.0,,all_flows,,pending,0,32,0.0,1.0,all_flows,0,24,0.0,1.0,,ok,,False,Reservation,1081530686
ue8_qfi9,294.0,299.75,300.0,300.25,all_flows,ue5_qfi1,8.0,93.75,99.5,99.5,ok,0.26564568288267404,all_flows,0.0003680380240529206,ok,100.0,ue6_qfi1,0,0,1,818.0000000000001,101.75,all_flows,100.0,ue6_qfi1,0,0,1,818.0000000000001,101.75,data,2.0,data,ok,2.0,False,,all_flows,False,,3,0,proxy,3,0,ue6_qfi2,0.9933774834437086,151,150.0,all_flows,ue6_qfi2,0.9933774834437086,151,150.0,ok,ue6_qfi2,75.644,all_flows,ue6_qfi2,75.644,ok,8,all_flows,8,8,ok,8,ue8_qfi2,0.9568936,all_flows,ue8_qfi2,0.9568936,ok,0.9245390613598282,all_flows,0.9859778172745935,5,0.9660158004111735,proxy,5,0.8935768426167692,68765908.8,ok,0.0056068181818181816,ok,0.9317261363636363,0.03588125,ok,ue6_qfi1,0.35714285714285715,28,100.0,all_flows,ue6_qfi1,0.35714285714285715,28,100.0,data,0.0,data,ok,0.0,ue3_qfi9,139.75,all_flows,ue5_qfi1,91.5,ok,30.2,ue3_qfi2,9,110.0,696.5,all_flows,30.2,ue3_qfi2,9,110.0,696.5,30.303,33.0,30.303,ok,33.0,,all_flows,,pending,,all_flows,,pending,100.0,"[8, 9]",ue6_qfi1,0,0,1,818.0000000000001,101.75,data,ok,2.0,,all_flows,,pending,0,32,0.0,1.0,all_flows,0,24,0.0,1.0,,ok,,False,TwoTier,1081530686
ue8_qfi9,298.0,300.0,300.25,300.25,all_flows,ue5_qfi1,5.25,17.75,30.25,30.25,ok,0.28556810030751,all_flows,0.0,ok,100.0,ue6_qfi1,0,0,0,125.75000000000003,100.00000000000009,all_flows,100.0,ue6_qfi1,0,0,0,125.75000000000003,100.00000000000009,data,2.0,data,ok,2.0,False,,all_flows,False,,3,0,proxy,3,0,ue4_qfi2,0.993421052631579,152,150.0,all_flows,ue4_qfi2,0.993421052631579,152,150.0,ok,ue6_qfi2,26.91,all_flows,ue6_qfi2,26.91,ok,8,all_flows,8,8,ok,8,ue3_qfi2,0.958666,all_flows,ue3_qfi2,0.958666,ok,0.9520258639017948,all_flows,0.9999485751794988,5,0.9999299197471276,proxy,5,0.9431260455486006,66693747.2,ok,0.005356818181818182,ok,0.9343727272727272,0.0376359375,ok,ue8_qfi1,0.4489795918367347,49,100.0,all_flows,ue8_qfi1,0.4489795918367347,49,100.0,data,0.0,data,ok,0.0,ue5_qfi1,25.0,all_flows,ue5_qfi1,25.0,ok,30.2,ue7_qfi2,1,70.5,70.5,all_flows,30.2,ue7_qfi2,1,70.5,70.5,30.303,33.0,30.303,ok,33.0,,all_flows,,pending,,all_flows,,pending,100.0,"[8, 9]",ue6_qfi1,0,0,0,125.75000000000003,100.00000000000009,data,ok,2.0,,all_flows,,pending,0,32,0.0,1.0,all_flows,0,24,0.0,1.0,,ok,,False,PF,1302740407
ue8_qfi9,298.0,300.0,300.25,300.25,all_flows,ue3_qfi1,6.0,21.5,26.0,26.0,ok,0.3049195333810897,all_flows,0.0,ok,100.0,ue2_qfi1,0,0,0,124.50000000000028,99.99999999999997,all_flows,100.0,ue2_qfi1,0,0,0,124.50000000000028,99.99999999999997,data,2.0,data,ok,2.0,False,,all_flows,False,,3,0,proxy,3,0,ue1_qfi2,1.0,152,150.0,all_flows,ue1_qfi2,1.0,152,150.0,ok,ue7_qfi2,23.853,all_flows,ue7_qfi2,23.853,ok,8,all_flows,8,8,ok,8,ue3_qfi2,0.9583691999999999,all_flows,ue3_qfi2,0.9583691999999999,ok,0.9495264963995224,all_flows,0.9998965478387303,5,0.9997795833625134,proxy,5,0.9413331040906096,65707283.2,ok,0.004225,ok,0.9336170454545455,0.118475,ok,ue1_qfi1,0.4897959183673469,49,100.0,all_flows,ue1_qfi1,0.4897959183673469,49,100.0,data,0.0,data,ok,0.0,ue2_qfi1,21.75,all_flows,ue2_qfi1,21.75,ok,30.4,ue1_qfi2,0,0.0,0.0,all_flows,30.4,ue1_qfi2,0,0.0,0.0,30.303,33.0,30.303,ok,33.0,,all_flows,,pending,,all_flows,,pending,100.0,"[8, 9]",ue2_qfi1,0,0,0,124.50000000000028,99.99999999999997,data,ok,2.0,,all_flows,,pending,0,32,0.0,1.0,all_flows,0,24,0.0,1.0,,ok,,False,Reservation,1302740407
ue8_qfi9,297.0,300.0,300.0,300.25,all_flows,ue6_qfi1,6.0,91.5,96.75,96.75,ok,0.28199554597309345,all_flows,0.00047726899784695246,ok,100.0,ue6_qfi1,0,0,0,410.4999999999999,101.49999999999993,all_flows,100.0,ue6_qfi1,0,0,0,410.4999999999999,101.49999999999993,data,2.0,data,ok,2.0,False,,all_flows,False,,3,0,proxy,3,0,ue2_qfi2,0.993421052631579,152,150.0,all_flows,ue2_qfi2,0.993421052631579,152,150.0,ok,ue7_qfi2,85.315,all_flows,ue7_qfi2,85.315,ok,8,all_flows,8,8,ok,8,ue3_qfi2,0.957668,all_flows,ue3_qfi2,0.957668,ok,0.9150029872222449,all_flows,0.9839672004767083,5,0.9595538906648448,proxy,5,0.873394594865169,66837584.0,ok,0.005365909090909091,ok,0.9344318181818182,0.0368125,ok,ue8_qfi1,0.4186046511627907,43,100.0,all_flows,ue8_qfi1,0.4186046511627907,43,100.0,data,0.0,data,ok,0.0,ue1_qfi9,108.25,all_flows,ue6_qfi1,90.75,ok,30.2,ue7_qfi2,9,123.75,808.5,all_flows,30.2,ue7_qfi2,9,123.75,808.5,30.303,33.0,30.303,ok,33.0,,all_flows,,pending,,all_flows,,pending,100.0,"[8, 9]",ue6_qfi1,0,0,0,410.4999999999999,101.49999999999993,data,ok,2.0,,all_flows,,pending,0,32,0.0,1.0,all_flows,0,24,0.0,1.0,,ok,,False,TwoTier,1302740407
ue8_qfi9,297.75,300.0,300.0,300.25,all_flows,ue7_qfi1,3.5,20.25,27.0,27.0,ok,0.2775383428685036,all_flows,0.0,ok,100.0,ue7_qfi1,0,0,0,126.2500000000002,99.75000000000023,all_flows,100.0,ue7_qfi1,0,0,0,126.2500000000002,99.75000000000023,data,2.0,data,ok,2.0,False,,all_flows,False,,3,0,proxy,3,0,ue1_qfi2,1.0,152,150.0,all_flows,ue1_qfi2,1.0,152,150.0,ok,ue7_qfi2,23.427,all_flows,ue7_qfi2,23.427,ok,8,all_flows,8,8,ok,8,ue6_qfi2,0.9596216,all_flows,ue6_qfi2,0.9596216,ok,0.9547733953461357,all_flows,0.9999481618586337,5,0.9999136107811345,proxy,5,0.9508847823138572,67399816.0,ok,0.005195454545454546,ok,0.9322579545454546,0.0365421875,ok,ue2_qfi1,0.5102040816326531,49,100.0,all_flows,ue2_qfi1,0.5102040816326531,49,100.0,data,0.0,data,ok,0.0,ue7_qfi1,23.5,all_flows,ue7_qfi1,23.5,ok,30.4,ue1_qfi2,0,0.0,0.0,all_flows,30.4,ue1_qfi2,0,0.0,0.0,30.303,33.0,30.303,ok,33.0,,all_flows,,pending,,all_flows,,pending,100.0,"[8, 9]",ue7_qfi1,0,0,0,126.2500000000002,99.75000000000023,data,ok,2.0,,all_flows,,pending,0,32,0.0,1.0,all_flows,0,24,0.0,1.0,,ok,,False,PF,2084654369
ue8_qfi9,297.75,300.0,300.25,300.25,all_flows,ue3_qfi1,5.75,17.5,28.5,28.5,ok,0.29661963586444495,all_flows,0.0,ok,100.0,ue8_qfi1,0,0,0,123.7499999999998,99.99999999999987,all_flows,100.0,ue8_qfi1,0,0,0,123.7499999999998,99.99999999999987,data,2.0,data,ok,2.0,False,,all_flows,False,,3,0,proxy,3,0,ue2_qfi2,0.993421052631579,152,150.0,all_flows,ue2_qfi2,0.993421052631579,152,150.0,ok,ue1_qfi2,23.903,all_flows,ue1_qfi2,23.903,ok,8,all_flows,8,8,ok,8,ue6_qfi2,0.956742,all_flows,ue6_qfi2,0.956742,ok,0.9527198144381381,all_flows,0.9999167670113561,5,0.9998826823996644,proxy,5,0.9480386941221229,66553334.4,ok,0.004059090909090909,ok,0.9323022727272727,0.1142453125,ok,ue1_qfi1,0.46938775510204084,49,100.0,all_flows,ue1_qfi1,0.46938775510204084,49,100.0,data,0.0,data,ok,0.0,ue3_qfi1,22.75,all_flows,ue3_qfi1,22.75,ok,30.2,ue2_qfi2,1,72.75,72.75,all_flows,30.2,ue2_qfi2,1,72.75,72.75,30.303,33.0,30.303,ok,33.0,,all_flows,,pending,,all_flows,,pending,100.0,"[8, 9]",ue8_qfi1,0,0,0,123.7499999999998,99.99999999999987,data,ok,2.0,,all_flows,,pending,0,32,0.0,1.0,all_flows,0,24,0.0,1.0,,ok,,False,Reservation,2084654369
ue8_qfi9,298.25,300.0,300.25,300.25,all_flows,ue8_qfi2,35.156,88.374,113.267,125.304,ok,0.27393241256913087,all_flows,0.001771055985805789,ok,,ue8_qfi9,0,0,1,506.2500000000001,0.0,all_flows,100.0,ue8_qfi1,0,0,0,422.7499999999997,105.25000000000007,data,2.0,data,ok,2.0,False,,all_flows,False,,3,0,proxy,3,0,ue8_qfi2,0.9866666666666667,150,150.0,all_flows,ue8_qfi2,0.9866666666666667,150,150.0,ok,ue8_qfi2,91.203,all_flows,ue8_qfi2,91.203,ok,8,all_flows,8,8,ok,8,ue4_qfi2,0.9585944000000001,all_flows,ue4_qfi2,0.9585944000000001,ok,0.9130732529681623,all_flows,0.9835221295971319,5,0.9593737457147038,proxy,5,0.8901516887334654,67079665.6,ok,0.005197727272727273,ok,0.9322431818181818,0.03640625,ok,ue4_qfi1,0.3793103448275862,29,100.0,all_flows,ue4_qfi1,0.3793103448275862,29,100.0,data,0.0,data,ok,0.0,ue8_qfi2,90.148,all_flows,ue8_qfi2,90.148,ok,29.6,ue8_qfi2,10,217.75,1014.0,all_flows,29.6,ue8_qfi2,10,217.75,1014.0,30.303,33.0,30.303,ok,33.0,,all_flows,,pending,,all_flows,,pending,100.0,"[8, 9]",ue8_qfi1,0,0,0,422.7499999999997,105.25000000000007,data,ok,2.0,,all_flows,,pending,0,32,0.0,1.0,all_flows,0,24,0.0,1.0,,ok,,False,TwoTier,2084654369
ue8_qfi9,298.0,300.0,300.0,300.25,all_flows,ue3_qfi2,9.593,20.705,24.23,26.885,ok,0.252128204501705,all_flows,0.0,ok,100.0,ue6_qfi1,0,0,0,123.75000000000026,99.75000000000003,all_flows,100.0,ue6_qfi1,0,0,0,123.75000000000026,99.75000000000003,data,2.0,data,ok,2.0,False,,all_flows,False,,3,0,proxy,3,0,ue1_qfi2,1.0,152,150.0,all_flows,ue1_qfi2,1.0,152,150.0,ok,ue3_qfi2,26.47,all_flows,ue3_qfi2,26.47,ok,8,all_flows,8,8,ok,8,ue5_qfi2,0.96768,all_flows,ue5_qfi2,0.96768,ok,0.9603191138451617,all_flows,0.9999414609815502,5,0.9999185182892425,proxy,5,0.9520415681536661,69725044.8,ok,0.005306818181818182,ok,0.9326,0.034065625,ok,ue3_qfi1,0.4897959183673469,49,100.0,all_flows,ue3_qfi1,0.4897959183673469,49,100.0,data,0.0,data,ok,0.0,ue6_qfi1,22.5,all_flows,ue6_qfi1,22.5,ok,30.4,ue1_qfi2,0,0.0,0.0,all_flows,30.4,ue1_qfi2,0,0.0,0.0,30.303,33.0,30.303,ok,33.0,,all_flows,,pending,,all_flows,,pending,100.0,"[8, 9]",ue6_qfi1,0,0,0,123.75000000000026,99.75000000000003,data,ok,2.0,,all_flows,,pending,0,32,0.0,1.0,all_flows,0,24,0.0,1.0,,ok,,False,PF,1566581934
ue8_qfi9,297.75,300.0,300.25,300.25,all_flows,ue6_qfi1,5.25,16.75,28.5,28.5,ok,0.2737739956921907,all_flows,0.0,ok,100.0,ue6_qfi1,0,0,0,128.24999999999997,100.24999999999994,all_flows,100.0,ue6_qfi1,0,0,0,128.24999999999997,100.24999999999994,data,2.0,data,ok,2.0,False,,all_flows,False,,3,0,proxy,3,0,ue3_qfi2,0.993421052631579,152,150.0,all_flows,ue3_qfi2,0.993421052631579,152,150.0,ok,ue6_qfi2,22.711,all_flows,ue6_qfi2,22.711,ok,8,all_flows,8,8,ok,8,ue5_qfi2,0.96768,all_flows,ue5_qfi2,0.96768,ok,0.9579315971582956,all_flows,0.9998825877508754,5,0.9998133143396234,proxy,5,0.9473329451116251,68577924.8,ok,0.004136363636363636,ok,0.933628409090909,0.107175,ok,ue2_qfi1,0.42857142857142855,49,100.0,all_flows,ue2_qfi1,0.42857142857142855,49,100.0,data,0.0,data,ok,0.0,ue6_qfi1,23.25,all_flows,ue6_qfi1,23.25,ok,30.4,ue1_qfi2,0,0.0,0.0,all_flows,30.4,ue1_qfi2,0,0.0,0.0,30.303,33.0,30.303,ok,33.0,,all_flows,,pending,,all_flows,,pending,100.0,"[8, 9]",ue6_qfi1,0,0,0,128.24999999999997,100.24999999999994,data,ok,2.0,,all_flows,,pending,0,32,0.0,1.0,all_flows,0,24,0.0,1.0,,ok,,False,Reservation,1566581934
ue8_qfi9,295.75,299.75,300.0,300.25,all_flows,ue3_qfi2,30.524,80.737,87.595,101.709,ok,0.24651648392783243,all_flows,0.00040905895157677675,ok,100.0,ue3_qfi1,0,0,1,577.75,103.375,all_flows,100.0,ue3_qfi1,0,0,1,577.75,103.375,data,2.0,data,ok,2.0,False,,all_flows,False,,3,0,proxy,3,0,ue1_qfi2,1.0,151,150.0,all_flows,ue1_qfi2,1.0,151,150.0,ok,ue3_qfi2,86.666,all_flows,ue3_qfi2,86.666,ok,8,all_flows,8,8,ok,8,ue1_qfi2,0.966154,all_flows,ue1_qfi2,0.966154,ok,0.9281973369299834,all_flows,0.9875636715504422,5,0.9687790066786303,proxy,5,0.9070726903216222,70180324.8,ok,0.005322727272727272,ok,0.9332204545454545,0.032734375,ok,ue3_qfi1,0.36666666666666664,30,100.0,all_flows,ue3_qfi1,0.36666666666666664,30,100.0,data,0.0,data,ok,0.0,ue5_qfi9,140.0,all_flows,ue1_qfi1,89.5,ok,30.4,ue3_qfi2,11,146.0,906.0,all_flows,30.4,ue3_qfi2,11,146.0,906.0,30.303,33.0,30.303,ok,33.0,,all_flows,,pending,,all_flows,,pending,100.0,"[8, 9]",ue3_qfi1,0,0,1,577.75,103.375,data,ok,2.0,,all_flows,,pending,0,32,0.0,1.0,all_flows,0,24,0.0,1.0,,ok,,False,TwoTier,1566581934
ue8_qfi9,296.75,299.75,300.0,300.25,all_flows,ue5_qfi1,4.75,20.75,30.25,30.25,ok,0.24682755221353778,all_flows,0.0,ok,100.0,ue5_qfi1,0,0,0,129.0,99.99999999999987,all_flows,100.0,ue5_qfi1,0,0,0,129.0,99.99999999999987,data,2.0,data,ok,2.0,False,,all_flows,False,,3,0,proxy,3,0,ue1_qfi2,1.0,152,150.0,all_flows,ue1_qfi2,1.0,152,150.0,ok,ue5_qfi2,24.297,all_flows,ue5_qfi2,24.297,ok,8,all_flows,8,8,ok,8,ue5_qfi2,0.9636292,all_flows,ue5_qfi2,0.9636292,ok,0.961979374853416,all_flows,0.9999647680345676,5,0.9999464150655266,proxy,5,0.9518350871470661,70128521.6,ok,0.005434090909090909,ok,0.9316443181818181,0.034215625,ok,ue1_qfi1,0.4897959183673469,49,100.0,all_flows,ue1_qfi1,0.4897959183673469,49,100.0,data,0.0,data,ok,0.0,ue5_qfi1,25.5,all_flows,ue5_qfi1,25.5,ok,30.4,ue1_qfi2,0,0.0,0.0,all_flows,30.4,ue1_qfi2,0,0.0,0.0,30.303,33.0,30.303,ok,33.0,,all_flows,,pending,,all_flows,,pending,100.0,"[8, 9]",ue5_qfi1,0,0,0,129.0,99.99999999999987,data,ok,2.0,,all_flows,,pending,0,32,0.0,1.0,all_flows,0,24,0.0,1.0,,ok,,False,PF,1357791198
ue8_qfi9,297.0,300.0,300.25,300.25,all_flows,ue2_qfi1,6.0,18.25,27.0,27.0,ok,0.266412172069116,all_flows,0.0,ok,100.0,ue2_qfi1,0,0,0,126.74999999999991,100.24999999999994,all_flows,100.0,ue2_qfi1,0,0,0,126.74999999999991,100.24999999999994,data,2.0,data,ok,2.0,False,,all_flows,False,,3,0,proxy,3,0,ue2_qfi2,0.993421052631579,152,150.0,all_flows,ue2_qfi2,0.993421052631579,152,150.0,ok,ue5_qfi2,22.666,all_flows,ue5_qfi2,22.666,ok,8,all_flows,8,8,ok,8,ue5_qfi2,0.9611168,all_flows,ue5_qfi2,0.9611168,ok,0.9597730737775807,all_flows,0.9999033110606078,5,0.9998564873842541,proxy,5,0.9490195199016134,69112105.6,ok,0.004020454545454546,ok,0.9328227272727273,0.1075671875,ok,ue2_qfi1,0.4489795918367347,49,100.0,all_flows,ue2_qfi1,0.4489795918367347,49,100.0,data,0.0,data,ok,0.0,ue2_qfi1,21.0,all_flows,ue2_qfi1,21.0,ok,30.4,ue1_qfi2,0,0.0,0.0,all_flows,30.4,ue1_qfi2,0,0.0,0.0,30.303,33.0,30.303,ok,33.0,,all_flows,,pending,,all_flows,,pending,100.0,"[8, 9]",ue2_qfi1,0,0,0,126.74999999999991,100.24999999999994,data,ok,2.0,,all_flows,,pending,0,32,0.0,1.0,all_flows,0,24,0.0,1.0,,ok,,False,Reservation,1357791198
ue8_qfi9,239.75,299.5,300.0,300.25,all_flows,ue4_qfi1,3.5,27.0,95.75,95.75,ok,0.2449611436211713,all_flows,0.00019874693623953674,ok,100.0,ue5_qfi1,0,0,0,357.7500000000002,100.00000000000009,all_flows,100.0,ue5_qfi1,0,0,0,357.7500000000002,100.00000000000009,data,2.0,data,ok,2.0,False,,all_flows,False,,3,0,proxy,3,0,ue1_qfi2,1.0,152,150.0,all_flows,ue1_qfi2,1.0,152,150.0,ok,ue8_qfi2,68.5,all_flows,ue8_qfi2,68.5,ok,8,all_flows,8,8,ok,8,ue5_qfi2,0.9536435999999999,all_flows,ue5_qfi2,0.9536435999999999,ok,0.9420858750118061,all_flows,0.9960635813504173,5,0.9896188994782011,proxy,5,0.9285839213389077,70165939.2,ok,0.005429545454545454,ok,0.9321840909090909,0.033540625,ok,ue8_qfi1,0.40476190476190477,42,100.0,all_flows,ue8_qfi1,0.40476190476190477,42,100.0,data,0.0,data,ok,0.0,ue1_qfi9,135.75,all_flows,ue4_qfi1,92.25,ok,30.4,ue8_qfi2,6,104.25,498.5,all_flows,30.4,ue8_qfi2,6,104.25,498.5,30.303,33.0,30.303,ok,33.0,,all_flows,,pending,,all_flows,,pending,100.0,"[8, 9]",ue5_qfi1,0,0,0,357.7500000000002,100.00000000000009,data,ok,2.0,,all_flows,,pending,0,32,0.0,1.0,all_flows,0,24,0.0,1.0,,ok,,False,TwoTier,1357791198
ue8_qfi9,298.25,300.0,300.25,300.25,all_flows,ue7_qfi1,4.25,15.75,27.25,27.25,ok,0.2575606210637497,all_flows,0.0,ok,100.0,ue8_qfi1,0,0,0,122.74999999999991,99.75000000000023,all_flows,100.0,ue8_qfi1,0,0,0,122.74999999999991,99.75000000000023,data,2.0,data,ok,2.0,False,,all_flows,False,,3,0,proxy,3,0,ue2_qfi2,0.993421052631579,152,150.0,all_flows,ue2_qfi2,0.993421052631579,152,150.0,ok,ue1_qfi2,26.382,all_flows,ue1_qfi2,26.382,ok,8,all_flows,8,8,ok,8,ue5_qfi2,0.9549204,all_flows,ue5_qfi2,0.9549204,ok,0.9587322641325218,all_flows,0.9999481540732218,5,0.9999235054760903,proxy,5,0.9501124162461365,69122006.4,ok,0.004813636363636364,ok,0.9346022727272727,0.0354796875,ok,ue4_qfi1,0.46938775510204084,49,100.0,all_flows,ue4_qfi1,0.46938775510204084,49,100.0,data,0.0,data,ok,0.0,ue1_qfi1,23.0,all_flows,ue1_qfi1,23.0,ok,30.4,ue1_qfi2,0,0.0,0.0,all_flows,30.4,ue1_qfi2,0,0.0,0.0,30.303,33.0,30.303,ok,33.0,,all_flows,,pending,,all_flows,,pending,100.0,"[8, 9]",ue8_qfi1,0,0,0,122.74999999999991,99.75000000000023,data,ok,2.0,,all_flows,,pending,0,32,0.0,1.0,all_flows,0,24,0.0,1.0,,ok,,False,PF,1167425778
ue8_qfi9,298.0,300.0,300.25,300.25,all_flows,ue4_qfi1,6.0,17.75,30.25,30.25,ok,0.2791632277650664,all_flows,0.0,ok,100.0,ue8_qfi1,0,0,0,124.49999999999983,99.75,all_flows,100.0,ue8_qfi1,0,0,0,124.49999999999983,99.75,data,2.0,data,ok,2.0,False,,all_flows,False,,3,0,proxy,3,0,ue4_qfi2,0.993421052631579,152,150.0,all_flows,ue4_qfi2,0.993421052631579,152,150.0,ok,ue6_qfi2,23.118,all_flows,ue6_qfi2,23.118,ok,8,all_flows,8,8,ok,8,ue5_qfi2,0.9549204,all_flows,ue5_qfi2,0.9549204,ok,0.9561567015822735,all_flows,0.9998833800201613,5,0.9998448023584641,proxy,5,0.9500586753811613,67968038.4,ok,0.004154545454545454,ok,0.9346261363636363,0.111171875,ok,ue2_qfi1,0.46938775510204084,49,100.0,all_flows,ue2_qfi1,0.46938775510204084,49,100.0,data,0.0,data,ok,0.0,ue4_qfi1,24.25,all_flows,ue4_qfi1,24.25,ok,30.4,ue1_qfi2,0,0.0,0.0,all_flows,30.4,ue1_qfi2,0,0.0,0.0,30.303,33.0,30.303,ok,33.0,,all_flows,,pending,,all_flows,,pending,100.0,"[8, 9]",ue8_qfi1,0,0,0,124.49999999999983,99.75,data,ok,2.0,,all_flows,,pending,0,32,0.0,1.0,all_flows,0,24,0.0,1.0,,ok,,False,Reservation,1167425778
ue8_qfi9,208.5,299.75,300.0,300.25,all_flows,ue6_qfi1,8.25,43.75,94.75,94.75,ok,0.25408656328819385,all_flows,0.0006577369443805403,ok,100.0,ue8_qfi1,0,0,0,435.00000000000006,103.75000000000001,all_flows,100.0,ue8_qfi1,0,0,0,435.00000000000006,103.75000000000001,data,2.0,data,ok,2.0,False,,all_flows,False,,3,0,proxy,3,0,ue1_qfi2,0.993421052631579,152,150.0,all_flows,ue1_qfi2,0.993421052631579,152,150.0,ok,ue8_qfi2,80.547,all_flows,ue8_qfi2,80.547,ok,8,all_flows,8,8,ok,8,ue5_qfi2,0.9549204,all_flows,ue5_qfi2,0.9549204,ok,0.9117605391979422,all_flows,0.9801819256076569,5,0.9580677895241604,proxy,5,0.886963629635082,69053787.2,ok,0.004813636363636364,ok,0.9347227272727273,0.034571875,ok,ue3_qfi1,0.3333333333333333,33,100.0,all_flows,ue3_qfi1,0.3333333333333333,33,100.0,data,0.0,data,ok,0.0,ue7_qfi9,142.0,all_flows,ue6_qfi1,86.5,ok,30.4,ue2_qfi2,10,105.25,798.25,all_flows,30.4,ue2_qfi2,10,105.25,798.25,30.303,33.0,30.303,ok,33.0,,all_flows,,pending,,all_flows,,pending,100.0,"[8, 9]",ue8_qfi1,0,0,0,435.00000000000006,103.75000000000001,data,ok,2.0,,all_flows,,pending,0,32,0.0,1.0,all_flows,0,24,0.0,1.0,,ok,,False,TwoTier,1167425778
ue8_qfi9,297.5,300.0,300.0,300.25,all_flows,ue1_qfi1,5.5,26.0,42.25,42.25,ok,0.2715278762920299,all_flows,0.0,ok,100.0,ue1_qfi1,0,0,0,134.25000000000065,99.25000000000006,all_flows,100.0,ue1_qfi1,0,0,0,134.25000000000065,99.25000000000006,data,2.0,data,ok,2.0,False,,all_flows,False,,3,0,proxy,3,0,ue1_qfi2,1.0,152,150.0,all_flows,ue1_qfi2,1.0,152,150.0,ok,ue1_qfi2,25.921,all_flows,ue1_qfi2,25.921,ok,7,all_flows,7,8,ok,8,ue5_qfi2,0.9486644000000001,all_flows,ue5_qfi2,0.9486644000000001,ok,0.9561324678613692,all_flows,0.9999582632210824,5,0.9999117014345724,proxy,5,0.9386560533954824,67862849.60000001,ok,0.004904545454545455,ok,0.9309818181818181,0.0360125,ok,ue4_qfi1,0.46938775510204084,49,100.0,all_flows,ue4_qfi1,0.46938775510204084,49,100.0,data,0.0,data,ok,0.0,ue1_qfi1,36.75,all_flows,ue1_qfi1,36.75,ok,30.4,ue1_qfi2,0,0.0,0.0,all_flows,30.4,ue1_qfi2,0,0.0,0.0,30.303,33.0,30.303,ok,33.0,,all_flows,,pending,,all_flows,,pending,100.0,"[8, 9]",ue1_qfi1,0,0,0,134.25000000000065,99.25000000000006,data,ok,2.0,,all_flows,,pending,0,32,0.0,1.0,all_flows,0,24,0.0,1.0,,ok,,False,PF,1202413557
ue8_qfi9,297.75,300.0,300.25,300.25,all_flows,ue3_qfi1,5.5,19.25,24.75,24.75,ok,0.28922776532485206,all_flows,0.0,ok,100.0,ue3_qfi1,0,0,0,124.49999999999983,99.49999999999991,all_flows,100.0,ue3_qfi1,0,0,0,124.49999999999983,99.49999999999991,data,2.0,data,ok,2.0,False,,all_flows,False,,3,0,proxy,3,0,ue8_qfi2,0.993421052631579,152,150.0,all_flows,ue8_qfi2,0.993421052631579,152,150.0,ok,ue6_qfi2,23.832,all_flows,ue6_qfi2,23.832,ok,7,all_flows,7,8,ok,8,ue5_qfi2,0.9486644000000001,all_flows,ue5_qfi2,0.9486644000000001,ok,0.954115780905823,all_flows,0.9999079388719954,5,0.9998828760464022,proxy,5,0.936559492305995,67013153.6,ok,0.004088636363636364,ok,0.9326181818181818,0.1130609375,ok,ue4_qfi1,0.42857142857142855,49,100.0,all_flows,ue4_qfi1,0.42857142857142855,49,100.0,data,0.0,data,ok,0.0,ue3_qfi1,19.25,all_flows,ue3_qfi1,19.25,ok,30.4,ue1_qfi2,0,0.0,0.0,all_flows,30.4,ue1_qfi2,0,0.0,0.0,30.303,33.0,30.303,ok,33.0,,all_flows,,pending,,all_flows,,pending,100.0,"[8, 9]",ue3_qfi1,0,0,0,124.49999999999983,99.49999999999991,data,ok,2.0,,all_flows,,pending,0,32,0.0,1.0,all_flows,0,24,0.0,1.0,,ok,,False,Reservation,1202413557
ue8_qfi9,274.0,299.75,300.0,300.25,all_flows,ue7_qfi2,31.972,77.706,90.961,100.002,ok,0.2690148318871932,all_flows,0.00035744506308734033,ok,100.0,ue7_qfi1,0,0,0,432.99999999999983,101.00000000000006,all_flows,100.0,ue7_qfi1,0,0,0,432.99999999999983,101.00000000000006,data,2.0,data,ok,2.0,False,,all_flows,False,,3,0,proxy,3,0,ue1_qfi2,1.0,151,150.0,all_flows,ue1_qfi2,1.0,151,150.0,ok,ue7_qfi2,83.792,all_flows,ue7_qfi2,83.792,ok,7,all_flows,7,8,ok,8,ue5_qfi2,0.9486644000000001,all_flows,ue5_qfi2,0.9486644000000001,ok,0.9306983125910311,all_flows,0.9899491320298118,5,0.9778828216222021,proxy,5,0.8978591197394199,67867070.4,ok,0.0049113636363636365,ok,0.9312909090909091,0.03518125,ok,ue8_qfi1,0.4583333333333333,48,100.0,all_flows,ue8_qfi1,0.4583333333333333,48,100.0,data,0.0,data,ok,0.0,ue5_qfi9,131.0,all_flows,ue7_qfi2,68.03,ok,30.4,ue7_qfi2,9,141.5,850.5,all_flows,30.4,ue7_qfi2,9,141.5,850.5,30.303,33.0,30.303,ok,33.0,,all_flows,,pending,,all_flows,,pending,100.0,"[8, 9]",ue7_qfi1,0,0,0,432.99999999999983,101.00000000000006,data,ok,2.0,,all_flows,,pending,0,32,0.0,1.0,all_flows,0,24,0.0,1.0,,ok,,False,TwoTier,1202413557
ue8_qfi9,297.5,299.75,300.0,300.25,all_flows,ue3_qfi1,4.25,19.75,33.25,33.25,ok,0.27967899202782104,all_flows,0.0,ok,100.0,ue3_qfi1,0,0,0,129.75000000000003,100.00000000000054,all_flows,100.0,ue3_qfi1,0,0,0,129.75000000000003,100.00000000000054,data,2.0,data,ok,2.0,False,,all_flows,False,,3,0,proxy,3,0,ue1_qfi2,1.0,152,150.0,all_flows,ue1_qfi2,1.0,152,150.0,ok,ue7_qfi2,26.177,all_flows,ue7_qfi2,26.177,ok,8,all_flows,8,8,ok,8,ue6_qfi2,0.9632136,all_flows,ue6_qfi2,0.9632136,ok,0.9535466337738369,all_flows,0.9999657218531267,5,0.9999377374730817,proxy,5,0.9442376556326458,67122753.6,ok,0.005045454545454546,ok,0.9318556818181818,0.0382296875,ok,ue3_qfi1,0.46938775510204084,49,100.0,all_flows,ue3_qfi1,0.46938775510204084,49,100.0,data,0.0,data,ok,0.0,ue3_qfi1,29.0,all_flows,ue3_qfi1,29.0,ok,30.4,ue1_qfi2,0,0.0,0.0,all_flows,30.4,ue1_qfi2,0,0.0,0.0,30.303,33.0,30.303,ok,33.0,,all_flows,,pending,,all_flows,,pending,100.0,"[8, 9]",ue3_qfi1,0,0,0,129.75000000000003,100.00000000000054,data,ok,2.0,,all_flows,,pending,0,32,0.0,1.0,all_flows,0,24,0.0,1.0,,ok,,False,PF,2008052738
ue8_qfi9,297.0,300.0,300.25,300.25,all_flows,ue3_qfi1,5.75,17.0,27.0,27.0,ok,0.30003135230183436,all_flows,0.0,ok,100.0,ue3_qfi1,0,0,0,126.74999999999991,100.24999999999994,all_flows,100.0,ue3_qfi1,0,0,0,126.74999999999991,100.24999999999994,data,2.0,data,ok,2.0,False,,all_flows,False,,3,0,proxy,3,0,ue1_qfi2,0.993421052631579,152,150.0,all_flows,ue1_qfi2,0.993421052631579,152,150.0,ok,ue2_qfi2,23.624,all_flows,ue2_qfi2,23.624,ok,8,all_flows,8,8,ok,8,ue6_qfi2,0.9632136,all_flows,ue6_qfi2,0.9632136,ok,0.9509837526463647,all_flows,0.9998424389150922,5,0.9995572803564764,proxy,5,0.940359851622108,66084955.199999996,ok,0.004161363636363637,ok,0.9333704545454545,0.1198734375,ok,ue3_qfi1,0.4489795918367347,49,100.0,all_flows,ue3_qfi1,0.4489795918367347,49,100.0,data,0.0,data,ok,0.0,ue3_qfi1,21.25,all_flows,ue3_qfi1,21.25,ok,30.2,ue8_qfi2,1,81.0,81.0,all_flows,30.2,ue8_qfi2,1,81.0,81.0,30.303,33.0,30.303,ok,33.0,,all_flows,,pending,,all_flows,,pending,100.0,"[8, 9]",ue3_qfi1,0,0,0,126.74999999999991,100.24999999999994,data,ok,2.0,,all_flows,,pending,0,32,0.0,1.0,all_flows,0,24,0.0,1.0,,ok,,False,Reservation,2008052738
ue7_qfi9,297.5,300.0,300.25,300.25,all_flows,ue7_qfi2,46.764,101.015,112.75,116.512,ok,0.27071507753991225,all_flows,0.0005951410106506648,ok,100.0,ue3_qfi1,0,0,0,408.74999999999994,100.12500000000001,all_flows,100.0,ue3_qfi1,0,0,0,408.74999999999994,100.12500000000001,data,2.0,data,ok,2.0,False,,all_flows,False,,3,0,proxy,3,0,ue1_qfi2,1.0,152,150.0,all_flows,ue1_qfi2,1.0,152,150.0,ok,ue7_qfi2,114.906,all_flows,ue7_qfi2,114.906,ok,7,all_flows,7,8,ok,8,ue7_qfi2,0.9471748000000001,all_flows,ue7_qfi2,0.9471748000000001,ok,0.9144342772481739,all_flows,0.9729248173453394,5,0.937906882907886,proxy,5,0.8743605015158419,67542193.6,ok,0.005154545454545454,ok,0.9320852272727272,0.036821875,ok,ue7_qfi1,0.42857142857142855,21,100.0,all_flows,ue7_qfi1,0.42857142857142855,21,100.0,data,0.0,data,ok,0.0,ue7_qfi1,86.5,all_flows,ue7_qfi1,86.5,ok,29.8,ue7_qfi2,13,108.5,1122.0,all_flows,29.8,ue7_qfi2,13,108.5,1122.0,30.303,33.0,30.303,ok,33.0,,all_flows,,pending,,all_flows,,pending,100.0,"[8, 9]",ue3_qfi1,0,0,0,408.74999999999994,100.12500000000001,data,ok,2.0,,all_flows,,pending,2,32,2.197,1.0,all_flows,1,24,2.09825,1.0,ue7_qfi1,ok,ue7_qfi9,False,TwoTier,2008052738
ue8_qfi9,297.75,300.0,300.25,300.25,all_flows,ue1_qfi1,3.5,17.75,55.25,55.25,ok,0.2839555681492409,all_flows,0.0,ok,100.0,ue1_qfi1,0,0,0,141.0,100.00000000000054,all_flows,100.0,ue1_qfi1,0,0,0,141.0,100.00000000000054,data,2.0,data,ok,2.0,False,,all_flows,False,,3,0,proxy,3,0,ue8_qfi2,0.9868421052631579,152,150.0,all_flows,ue8_qfi2,0.9868421052631579,152,150.0,ok,ue3_qfi2,27.831,all_flows,ue3_qfi2,27.831,ok,8,all_flows,8,8,ok,8,ue1_qfi2,0.9577156,all_flows,ue1_qfi2,0.9577156,ok,0.9522247005004469,all_flows,0.9999506884082416,5,0.9999186788744683,proxy,5,0.9461836341966164,66754076.8,ok,0.005252272727272727,ok,0.9294522727272727,0.0371078125,ok,ue1_qfi1,0.4897959183673469,49,100.0,all_flows,ue1_qfi1,0.4897959183673469,49,100.0,data,0.0,data,ok,0.0,ue1_qfi1,51.75,all_flows,ue1_qfi1,51.75,ok,30.4,ue1_qfi2,0,0.0,0.0,all_flows,30.4,ue1_qfi2,0,0.0,0.0,30.303,33.0,30.303,ok,33.0,,all_flows,,pending,,all_flows,,pending,100.0,"[8, 9]",ue1_qfi1,0,0,0,141.0,100.00000000000054,data,ok,2.0,,all_flows,,pending,0,32,0.0,1.0,all_flows,0,24,0.0,1.0,,ok,,False,PF,595598245
ue8_qfi9,297.5,300.0,300.25,300.25,all_flows,ue6_qfi1,5.5,18.25,26.5,26.5,ok,0.3027502545327146,all_flows,0.0,ok,100.0,ue3_qfi1,0,0,0,124.24999999999997,99.74999999999935,all_flows,100.0,ue3_qfi1,0,0,0,124.24999999999997,99.74999999999935,data,2.0,data,ok,2.0,False,,all_flows,False,,3,0,proxy,3,0,ue7_qfi2,0.993421052631579,152,150.0,all_flows,ue7_qfi2,0.993421052631579,152,150.0,ok,ue3_qfi2,24.564,all_flows,ue3_qfi2,24.564,ok,8,all_flows,8,8,ok,8,ue1_qfi2,0.9566851999999999,all_flows,ue1_qfi2,0.9566851999999999,ok,0.9504528648432548,all_flows,0.9999066035872068,5,0.9998712933237358,proxy,5,0.9428673484342428,65986740.8,ok,0.004311363636363637,ok,0.9315329545454546,0.1169203125,ok,ue2_qfi1,0.40816326530612246,49,100.0,all_flows,ue2_qfi1,0.40816326530612246,49,100.0,data,0.0,data,ok,0.0,ue6_qfi1,21.0,all_flows,ue6_qfi1,21.0,ok,30.2,ue7_qfi2,1,75.0,75.0,all_flows,30.2,ue7_qfi2,1,75.0,75.0,30.303,33.0,30.303,ok,33.0,,all_flows,,pending,,all_flows,,pending,100.0,"[8, 9]",ue3_qfi1,0,0,0,124.24999999999997,99.74999999999935,data,ok,2.0,,all_flows,,pending,0,32,0.0,1.0,all_flows,0,24,0.0,1.0,,ok,,False,Reservation,595598245
ue7_qfi9,266.25,299.75,300.0,300.25,all_flows,ue7_qfi1,9.75,79.25,96.75,96.75,ok,0.2751236133435185,all_flows,0.0009948637208673178,ok,,ue3_qfi9,0,1,1,1027.4999999999998,0.0,all_flows,100.0,ue6_qfi1,0,0,1,922.5000000000003,103.24999999999984,data,2.0,data,ok,2.0,False,,all_flows,False,,3,0,proxy,3,0,ue2_qfi2,0.993421052631579,152,150.0,all_flows,ue2_qfi2,0.993421052631579,152,150.0,ok,ue7_qfi2,89.25,all_flows,ue7_qfi2,89.25,ok,8,all_flows,8,8,ok,8,ue7_qfi2,0.9547591999999999,all_flows,ue7_qfi2,0.9547591999999999,ok,0.8886294234172529,all_flows,0.967183146595605,5,0.9322988652538043,proxy,5,0.8539503789757803,66910724.8,ok,0.0052590909090909094,ok,0.929628409090909,0.0361078125,ok,ue3_qfi1,0.2916666666666667,24,100.0,all_flows,ue3_qfi1,0.2916666666666667,24,100.0,data,0.0,data,ok,0.0,ue2_qfi9,158.75,all_flows,ue7_qfi1,87.0,ok,30.2,ue7_qfi2,14,110.0,1146.0,all_flows,30.2,ue7_qfi2,14,110.0,1146.0,30.303,33.0,30.303,ok,33.0,,all_flows,,pending,,all_flows,,pending,100.0,"[8, 9]",ue6_qfi1,0,0,1,922.5000000000003,103.24999999999984,data,ok,2.0,,all_flows,,pending,0,32,0.0,1.0,all_flows,0,24,0.0,1.0,,ok,,False,TwoTier,595598245
ue8_qfi9,297.75,300.0,300.0,300.25,all_flows,ue7_qfi1,5.25,19.5,59.25,59.25,ok,0.2766516910903042,all_flows,0.0,ok,100.0,ue7_qfi1,0,0,0,157.75000000000006,100.00000000000054,all_flows,100.0,ue7_qfi1,0,0,0,157.75000000000006,100.00000000000054,data,2.0,data,ok,2.0,False,,all_flows,False,,3,0,proxy,3,0,ue3_qfi2,0.993421052631579,152,150.0,all_flows,ue3_qfi2,0.993421052631579,152,150.0,ok,ue7_qfi2,26.427,all_flows,ue7_qfi2,26.427,ok,8,all_flows,8,8,ok,8,ue6_qfi2,0.9574796,all_flows,ue6_qfi2,0.9574796,ok,0.9546044336405826,all_flows,0.9999469676398569,5,0.9999028316265278,proxy,5,0.9449242637524914,67413764.8,ok,0.004806818181818182,ok,0.9321522727272727,0.0360515625,ok,ue3_qfi1,0.4897959183673469,49,100.0,all_flows,ue3_qfi1,0.4897959183673469,49,100.0,data,0.0,data,ok,0.0,ue7_qfi1,54.0,all_flows,ue7_qfi1,54.0,ok,30.4,ue1_qfi2,0,0.0,0.0,all_flows,30.4,ue1_qfi2,0,0.0,0.0,30.303,33.0,30.303,ok,33.0,,all_flows,,pending,,all_flows,,pending,100.0,"[8, 9]",ue7_qfi1,0,0,0,157.75000000000006,100.00000000000054,data,ok,2.0,,all_flows,,pending,0,32,0.0,1.0,all_flows,0,24,0.0,1.0,,ok,,False,PF,1752032165
ue8_qfi9,297.25,300.0,300.25,300.25,all_flows,ue6_qfi1,5.75,26.5,28.25,28.25,ok,0.2950059321815028,all_flows,0.0,ok,100.0,ue6_qfi1,0,0,0,126.75000000000037,100.24999999999994,all_flows,100.0,ue6_qfi1,0,0,0,126.75000000000037,100.24999999999994,data,2.0,data,ok,2.0,False,,all_flows,False,,3,0,proxy,3,0,ue7_qfi2,0.993421052631579,152,150.0,all_flows,ue7_qfi2,0.993421052631579,152,150.0,ok,ue8_qfi2,23.628,all_flows,ue8_qfi2,23.628,ok,8,all_flows,8,8,ok,8,ue6_qfi2,0.9574796,all_flows,ue6_qfi2,0.9574796,ok,0.9524813751503597,all_flows,0.9999084351458922,5,0.99988105224905,proxy,5,0.9399551290883101,66586416.0,ok,0.0040659090909090905,ok,0.9332738636363637,0.11299375,ok,ue5_qfi1,0.40816326530612246,49,100.0,all_flows,ue5_qfi1,0.40816326530612246,49,100.0,data,0.0,data,ok,0.0,ue6_qfi1,22.5,all_flows,ue6_qfi1,22.5,ok,30.4,ue1_qfi2,0,0.0,0.0,all_flows,30.4,ue1_qfi2,0,0.0,0.0,30.303,33.0,30.303,ok,33.0,,all_flows,,pending,,all_flows,,pending,100.0,"[8, 9]",ue6_qfi1,0,0,0,126.75000000000037,100.24999999999994,data,ok,2.0,,all_flows,,pending,0,32,0.0,1.0,all_flows,0,24,0.0,1.0,,ok,,False,Reservation,1752032165
ue8_qfi9,295.25,299.75,300.0,300.25,all_flows,ue7_qfi2,16.601,82.202,89.184,94.033,ok,0.27367044684069014,all_flows,0.00024246967220794993,ok,100.0,ue7_qfi1,0,0,0,364.9999999999998,99.74999999999979,all_flows,100.0,ue7_qfi1,0,0,0,364.9999999999998,99.74999999999979,data,2.0,data,ok,2.0,False,,all_flows,False,,3,0,proxy,3,0,ue4_qfi2,0.993421052631579,152,150.0,all_flows,ue4_qfi2,0.993421052631579,152,150.0,ok,ue7_qfi2,89.684,all_flows,ue7_qfi2,89.684,ok,8,all_flows,8,8,ok,8,ue5_qfi2,0.9562608,all_flows,ue5_qfi2,0.9562608,ok,0.9293734124322958,all_flows,0.9887404644051945,5,0.9582648372814989,proxy,5,0.8937327221023105,67543326.4,ok,0.004797727272727273,ok,0.9324045454545454,0.034915625,ok,ue4_qfi1,0.46938775510204084,49,100.0,all_flows,ue4_qfi1,0.46938775510204084,49,100.0,data,0.0,data,ok,0.0,ue4_qfi9,126.75,all_flows,ue7_qfi2,77.432,ok,29.8,ue7_qfi2,5,113.5,428.75,all_flows,29.8,ue7_qfi2,5,113.5,428.75,30.303,33.0,30.303,ok,33.0,,all_flows,,pending,,all_flows,,pending,100.0,"[8, 9]",ue7_qfi1,0,0,0,364.9999999999998,99.74999999999979,data,ok,2.0,,all_flows,,pending,2,32,1.18375,1.0,all_flows,1,24,1.084,1.0,ue7_qfi1,ok,ue7_qfi9,False,TwoTier,1752032165
ue8_qfi9,298.25,300.0,300.25,300.25,all_flows,ue4_qfi1,5.75,18.0,66.75,66.75,ok,0.3008435658266492,all_flows,0.0,ok,100.0,ue4_qfi1,0,0,0,164.25,99.49999999999991,all_flows,100.0,ue4_qfi1,0,0,0,164.25,99.49999999999991,data,2.0,data,ok,2.0,False,,all_flows,False,,3,0,proxy,3,0,ue1_qfi2,1.0,152,150.0,all_flows,ue1_qfi2,1.0,152,150.0,ok,ue4_qfi2,26.75,all_flows,ue4_qfi2,26.75,ok,8,all_flows,8,8,ok,8,ue6_qfi2,0.9598824,all_flows,ue6_qfi2,0.9598824,ok,0.9475766986218803,all_flows,0.9999525308680163,5,0.9999181864551331,proxy,5,0.9416656047388982,65346507.2,ok,0.005356818181818182,ok,0.9313534090909091,0.0388578125,ok,ue5_qfi1,0.46938775510204084,49,100.0,all_flows,ue5_qfi1,0.46938775510204084,49,100.0,data,0.0,data,ok,0.0,ue4_qfi1,61.0,all_flows,ue4_qfi1,61.0,ok,30.4,ue1_qfi2,0,0.0,0.0,all_flows,30.4,ue1_qfi2,0,0.0,0.0,30.303,33.0,30.303,ok,33.0,,all_flows,,pending,,all_flows,,pending,100.0,"[8, 9]",ue4_qfi1,0,0,0,164.25,99.49999999999991,data,ok,2.0,,all_flows,,pending,0,32,0.0,1.0,all_flows,0,24,0.0,1.0,,ok,,False,PF,1440696407
ue8_qfi9,298.0,300.0,300.25,300.25,all_flows,ue4_qfi1,5.75,19.25,28.25,28.25,ok,0.32115562706615686,all_flows,0.0,ok,100.0,ue1_qfi1,0,0,0,125.75000000000003,99.49999999999991,all_flows,100.0,ue1_qfi1,0,0,0,125.75000000000003,99.49999999999991,data,2.0,data,ok,2.0,False,,all_flows,False,,3,0,proxy,3,0,ue1_qfi2,1.0,152,150.0,all_flows,ue1_qfi2,1.0,152,150.0,ok,ue3_qfi2,23.644,all_flows,ue3_qfi2,23.644,ok,8,all_flows,8,8,ok,8,ue6_qfi2,0.9598824,all_flows,ue6_qfi2,0.9598824,ok,0.9444174205582252,all_flows,0.9998941959287093,5,0.9998418514961622,proxy,5,0.939580462551323,64293596.8,ok,0.004368181818181818,ok,0.9310784090909091,0.1223921875,ok,ue5_qfi1,0.4489795918367347,49,100.0,all_flows,ue5_qfi1,0.4489795918367347,49,100.0,data,0.0,data,ok,0.0,ue4_qfi1,22.5,all_flows,ue4_qfi1,22.5,ok,30.4,ue1_qfi2,0,0.0,0.0,all_flows,30.4,ue1_qfi2,0,0.0,0.0,30.303,33.0,30.303,ok,33.0,,all_flows,,pending,,all_flows,,pending,100.0,"[8, 9]",ue1_qfi1,0,0,0,125.75000000000003,99.49999999999991,data,ok,2.0,,all_flows,,pending,0,32,0.0,1.0,all_flows,0,24,0.0,1.0,,ok,,False,Reservation,1440696407
ue7_qfi9,297.75,300.0,300.25,300.25,all_flows,ue7_qfi2,28.535,75.162,90.562,112.718,ok,0.30077185020180264,all_flows,0.002425236282230117,ok,100.0,ue7_qfi1,0,0,0,429.7500000000003,104.87499999999983,all_flows,100.0,ue7_qfi1,0,0,0,429.7500000000003,104.87499999999983,data,2.0,data,ok,2.0,False,,all_flows,False,,3,0,proxy,3,0,ue2_qfi2,0.9866666666666667,150,150.0,all_flows,ue2_qfi2,0.9866666666666667,150,150.0,ok,ue2_qfi2,87.577,all_flows,ue2_qfi2,87.577,ok,8,all_flows,8,8,ok,8,ue2_qfi2,0.951336,all_flows,ue2_qfi2,0.951336,ok,0.9019619120901418,all_flows,0.9778825327115079,5,0.9493806720935141,proxy,5,0.8641925021254532,65060808.0,ok,0.005365909090909091,ok,0.9314238636363636,0.03820625,ok,ue2_qfi1,0.34375,32,100.0,all_flows,ue2_qfi1,0.34375,32,100.0,data,0.0,data,ok,0.0,ue3_qfi9,129.0,all_flows,ue7_qfi2,84.183,ok,30.0,ue7_qfi2,10,156.0,938.5,all_flows,30.0,ue7_qfi2,10,156.0,938.5,30.303,33.0,30.303,ok,33.0,,all_flows,,pending,,all_flows,,pending,100.0,"[8, 9]",ue7_qfi1,0,0,0,429.7500000000003,104.87499999999983,data,ok,2.0,,all_flows,,pending,0,32,0.0,1.0,all_flows,0,24,0.0,1.0,,ok,,False,TwoTier,1440696407
ue8_qfi9,297.75,300.0,300.0,300.25,all_flows,ue8_qfi1,3.0,18.25,31.0,31.0,ok,0.28688433202137764,all_flows,0.0,ok,100.0,ue8_qfi1,0,0,0,130.24999999999974,99.25000000000006,all_flows,100.0,ue8_qfi1,0,0,0,130.24999999999974,99.25000000000006,data,2.0,data,ok,2.0,False,,all_flows,False,,3,0,proxy,3,0,ue1_qfi2,1.0,152,150.0,all_flows,ue1_qfi2,1.0,152,150.0,ok,ue6_qfi2,25.645,all_flows,ue6_qfi2,25.645,ok,8,all_flows,8,8,ok,8,ue6_qfi2,0.9579324,all_flows,ue6_qfi2,0.9579324,ok,0.9513885147716887,all_flows,0.9999323401584185,5,0.9998945321826799,proxy,5,0.9438914406314874,66489086.4,ok,0.005252272727272727,ok,0.9364761363636364,0.038153125,ok,ue2_qfi1,0.4897959183673469,49,100.0,all_flows,ue2_qfi1,0.4897959183673469,49,100.0,data,0.0,data,ok,0.0,ue8_qfi1,28.0,all_flows,ue8_qfi1,28.0,ok,30.4,ue1_qfi2,0,0.0,0.0,all_flows,30.4,ue1_qfi2,0,0.0,0.0,30.303,33.0,30.303,ok,33.0,,all_flows,,pending,,all_flows,,pending,100.0,"[8, 9]",ue8_qfi1,0,0,0,130.24999999999974,99.25000000000006,data,ok,2.0,,all_flows,,pending,0,32,0.0,1.0,all_flows,0,24,0.0,1.0,,ok,,False,PF,5880883
ue8_qfi9,298.0,300.0,300.25,300.25,all_flows,ue3_qfi1,6.25,20.5,26.5,26.5,ok,0.3122469528014557,all_flows,0.0,ok,100.0,ue7_qfi1,0,0,0,125.50000000000017,100.00000000000009,all_flows,100.0,ue7_qfi1,0,0,0,125.50000000000017,100.00000000000009,data,2.0,data,ok,2.0,False,,all_flows,False,,3,0,proxy,3,0,ue7_qfi2,0.9868421052631579,152,150.0,all_flows,ue7_qfi2,0.9868421052631579,152,150.0,ok,ue4_qfi2,23.619,all_flows,ue4_qfi2,23.619,ok,8,all_flows,8,8,ok,8,ue6_qfi2,0.956346,all_flows,ue6_qfi2,0.956346,ok,0.9475293464488521,all_flows,0.9998749873681858,5,0.9998184698431891,proxy,5,0.9375424693060279,65142185.6,ok,0.0042204545454545455,ok,0.9316806818181819,0.1194984375,ok,ue4_qfi1,0.4897959183673469,49,100.0,all_flows,ue4_qfi1,0.4897959183673469,49,100.0,data,0.0,data,ok,0.0,ue7_qfi1,21.25,all_flows,ue7_qfi1,21.25,ok,30.0,ue7_qfi2,1,75.25,75.25,all_flows,30.0,ue7_qfi2,1,75.25,75.25,30.303,33.0,30.303,ok,33.0,,all_flows,,pending,,all_flows,,pending,100.0,"[8, 9]",ue7_qfi1,0,0,0,125.50000000000017,100.00000000000009,data,ok,2.0,,all_flows,,pending,0,32,0.0,1.0,all_flows,0,24,0.0,1.0,,ok,,False,Reservation,5880883
ue6_qfi9,267.0,299.75,300.0,300.25,all_flows,ue7_qfi1,9.5,73.25,97.25,97.25,ok,0.2805823537661706,all_flows,0.0003991622505504601,ok,100.0,ue3_qfi1,0,0,0,396.9999999999998,102.00000000000001,all_flows,100.0,ue3_qfi1,0,0,0,396.9999999999998,102.00000000000001,data,2.0,data,ok,2.0,False,,all_flows,False,,3,0,proxy,3,0,ue1_qfi2,1.0,152,150.0,all_flows,ue1_qfi2,1.0,152,150.0,ok,ue3_qfi2,74.613,all_flows,ue3_qfi2,74.613,ok,7,all_flows,7,8,ok,8,ue2_qfi2,0.9496051999999999,all_flows,ue2_qfi2,0.9496051999999999,ok,0.9208977649480843,all_flows,0.9890959632211219,5,0.9777214324668865,proxy,5,0.8970601399384693,66671804.8,ok,0.005159090909090909,ok,0.9364340909090909,0.03698125,ok,ue3_qfi1,0.3125,32,100.0,all_flows,ue3_qfi1,0.3125,32,100.0,data,0.0,data,ok,0.0,ue3_qfi9,155.25,all_flows,ue7_qfi1,87.75,ok,30.2,ue3_qfi2,8,110.25,635.25,all_flows,30.2,ue3_qfi2,8,110.25,635.25,30.303,33.0,30.303,ok,33.0,,all_flows,,pending,,all_flows,,pending,100.0,"[8, 9]",ue3_qfi1,0,0,0,396.9999999999998,102.00000000000001,data,ok,2.0,,all_flows,,pending,0,32,0.0,1.0,all_flows,0,24,0.0,1.0,,ok,,False,TwoTier,5880883
ue8_qfi9,298.0,300.0,300.0,300.25,all_flows,ue3_qfi1,3.0,20.5,28.25,28.25,ok,0.2750427997580956,all_flows,0.0,ok,100.0,ue4_qfi1,0,0,0,123.49999999999994,99.25000000000006,all_flows,100.0,ue4_qfi1,0,0,0,123.49999999999994,99.25000000000006,data,2.0,data,ok,2.0,False,,all_flows,False,,3,0,proxy,3,0,ue1_qfi2,1.0,152,150.0,all_flows,ue1_qfi2,1.0,152,150.0,ok,ue2_qfi2,25.502,all_flows,ue2_qfi2,25.502,ok,8,all_flows,8,8,ok,8,ue3_qfi2,0.9626796,all_flows,ue3_qfi2,0.9626796,ok,0.9550182960885604,all_flows,0.9999524033025008,5,0.9999260016005793,proxy,5,0.9480807180192781,67620017.6,ok,0.004997727272727273,ok,0.9308704545454546,0.0365265625,ok,ue5_qfi1,0.4489795918367347,49,100.0,all_flows,ue5_qfi1,0.4489795918367347,49,100.0,data,0.0,data,ok,0.0,ue3_qfi1,25.25,all_flows,ue3_qfi1,25.25,ok,30.4,ue1_qfi2,0,0.0,0.0,all_flows,30.4,ue1_qfi2,0,0.0,0.0,30.303,33.0,30.303,ok,33.0,,all_flows,,pending,,all_flows,,pending,100.0,"[8, 9]",ue4_qfi1,0,0,0,123.49999999999994,99.25000000000006,data,ok,2.0,,all_flows,,pending,0,32,0.0,1.0,all_flows,0,24,0.0,1.0,,ok,,False,PF,846428919
ue8_qfi9,298.0,300.0,300.25,300.25,all_flows,ue6_qfi1,6.0,21.75,26.75,26.75,ok,0.2930066269937546,all_flows,0.0,ok,100.0,ue4_qfi1,0,0,0,126.2500000000002,99.99999999999964,all_flows,100.0,ue4_qfi1,0,0,0,126.2500000000002,99.99999999999964,data,2.0,data,ok,2.0,False,,all_flows,False,,3,0,proxy,3,0,ue7_qfi2,0.993421052631579,152,150.0,all_flows,ue7_qfi2,0.993421052631579,152,150.0,ok,ue1_qfi2,22.903,all_flows,ue1_qfi2,22.903,ok,8,all_flows,8,8,ok,8,ue3_qfi2,0.9626796,all_flows,ue3_qfi2,0.9626796,ok,0.9530528862667058,all_flows,0.9999031551073359,5,0.9998574411400186,proxy,5,0.9476224714975943,66791880.0,ok,0.004154545454545454,ok,0.9324193181818182,0.1146359375,ok,ue5_qfi1,0.4489795918367347,49,100.0,all_flows,ue5_qfi1,0.4489795918367347,49,100.0,data,0.0,data,ok,0.0,ue4_qfi1,21.25,all_flows,ue4_qfi1,21.25,ok,30.2,ue7_qfi2,1,75.75,75.75,all_flows,30.2,ue7_qfi2,1,75.75,75.75,30.303,33.0,30.303,ok,33.0,,all_flows,,pending,,all_flows,,pending,100.0,"[8, 9]",ue4_qfi1,0,0,0,126.2500000000002,99.99999999999964,data,ok,2.0,,all_flows,,pending,0,32,0.0,1.0,all_flows,0,24,0.0,1.0,,ok,,False,Reservation,846428919
ue7_qfi9,290.25,300.0,300.25,300.25,all_flows,ue7_qfi2,26.393,75.488,94.53,107.095,ok,0.2776107679137476,all_flows,0.00043049416322217646,ok,,ue7_qfi9,0,0,0,409.2500000000001,0.0,all_flows,100.0,ue7_qfi1,0,0,0,361.7500000000002,102.75000000000001,data,2.0,data,ok,2.0,False,,all_flows,False,,3,0,proxy,3,0,ue1_qfi2,1.0,152,150.0,all_flows,ue1_qfi2,1.0,152,150.0,ok,ue7_qfi2,79.27,all_flows,ue7_qfi2,79.27,ok,8,all_flows,8,8,ok,8,ue3_qfi2,0.95112,all_flows,ue3_qfi2,0.95112,ok,0.923090436528398,all_flows,0.9901482712975905,5,0.9761398605627934,proxy,5,0.9058783111308469,67364952.0,ok,0.005,ok,0.931,0.0357734375,ok,ue7_qfi1,0.40625,32,100.0,all_flows,ue7_qfi1,0.40625,32,100.0,data,0.0,data,ok,0.0,ue4_qfi9,157.0,all_flows,ue7_qfi1,83.75,ok,30.2,ue7_qfi2,10,143.0,866.5,all_flows,30.2,ue7_qfi2,10,143.0,866.5,30.303,33.0,30.303,ok,33.0,,all_flows,,pending,,all_flows,,pending,100.0,"[8, 9]",ue7_qfi1,0,0,0,361.7500000000002,102.75000000000001,data,ok,2.0,,all_flows,,pending,0,32,0.0,1.0,all_flows,0,24,0.0,1.0,,ok,,False,TwoTier,846428919
ue8_qfi9,297.25,299.75,300.0,300.25,all_flows,ue7_qfi1,4.25,38.0,59.5,59.5,ok,0.2861302289193491,all_flows,0.0,ok,100.0,ue7_qfi1,0,0,0,143.49999999999997,99.75,all_flows,100.0,ue7_qfi1,0,0,0,143.49999999999997,99.75,data,2.0,data,ok,2.0,False,,all_flows,False,,3,0,proxy,3,0,ue6_qfi2,0.993421052631579,152,150.0,all_flows,ue6_qfi2,0.993421052631579,152,150.0,ok,ue7_qfi2,28.803,all_flows,ue7_qfi2,28.803,ok,8,all_flows,8,8,ok,8,ue3_qfi2,0.9584971999999999,all_flows,ue3_qfi2,0.9584971999999999,ok,0.9503808620572478,all_flows,0.9999536935546594,5,0.9999244527117482,proxy,5,0.9382943161126164,66595273.6,ok,0.005179545454545455,ok,0.9334,0.038084375,ok,ue7_qfi1,0.5102040816326531,49,100.0,all_flows,ue7_qfi1,0.5102040816326531,49,100.0,data,0.0,data,ok,0.0,ue7_qfi1,55.25,all_flows,ue7_qfi1,55.25,ok,30.2,ue6_qfi2,1,70.25,70.25,all_flows,30.2,ue6_qfi2,1,70.25,70.25,30.303,33.0,30.303,ok,33.0,,all_flows,,pending,,all_flows,,pending,100.0,"[8, 9]",ue7_qfi1,0,0,0,143.49999999999997,99.75,data,ok,2.0,,all_flows,,pending,0,32,0.0,1.0,all_flows,0,24,0.0,1.0,,ok,,False,PF,1841261662
ue8_qfi9,296.75,300.0,300.25,300.25,all_flows,ue6_qfi1,3.5,19.75,29.25,29.25,ok,0.3079961486675549,all_flows,0.0,ok,100.0,ue8_qfi1,0,0,0,123.99999999999966,99.49999999999991,all_flows,100.0,ue8_qfi1,0,0,0,123.99999999999966,99.49999999999991,data,2.0,data,ok,2.0,False,,all_flows,False,,3,0,proxy,3,0,ue1_qfi2,1.0,152,150.0,all_flows,ue1_qfi2,1.0,152,150.0,ok,ue6_qfi2,23.8,all_flows,ue6_qfi2,23.8,ok,8,all_flows,8,8,ok,8,ue3_qfi2,0.9594576,all_flows,ue3_qfi2,0.9594576,ok,0.9477014922366532,all_flows,0.9999170900207295,5,0.9998889303039594,proxy,5,0.9368965684911376,65463665.6,ok,0.004318181818181818,ok,0.9341965909090909,0.1199265625,ok,ue2_qfi1,0.46938775510204084,49,100.0,all_flows,ue2_qfi1,0.46938775510204084,49,100.0,data,0.0,data,ok,0.0,ue6_qfi1,25.75,all_flows,ue6_qfi1,25.75,ok,30.4,ue1_qfi2,0,0.0,0.0,all_flows,30.4,ue1_qfi2,0,0.0,0.0,30.303,33.0,30.303,ok,33.0,,all_flows,,pending,,all_flows,,pending,100.0,"[8, 9]",ue8_qfi1,0,0,0,123.99999999999966,99.49999999999991,data,ok,2.0,,all_flows,,pending,0,32,0.0,1.0,all_flows,0,24,0.0,1.0,,ok,,False,Reservation,1841261662
ue6_qfi9,293.0,300.0,300.25,300.25,all_flows,ue7_qfi2,25.729,86.485,107.682,113.2,ok,0.2706660500220146,all_flows,0.0006529084344763476,ok,100.0,ue6_qfi1,0,0,1,627.0000000000002,103.24999999999996,all_flows,100.0,ue6_qfi1,0,0,1,627.0000000000002,103.24999999999996,data,2.0,data,ok,2.0,False,,all_flows,False,,3,0,proxy,3,0,ue1_qfi2,0.993421052631579,152,150.0,all_flows,ue1_qfi2,0.993421052631579,152,150.0,ok,ue7_qfi2,113.006,all_flows,ue7_qfi2,113.006,ok,8,all_flows,8,8,ok,8,ue7_qfi2,0.9512832,all_flows,ue7_qfi2,0.9512832,ok,0.9100873011655197,all_flows,0.9750762982100575,5,0.9478361501298088,proxy,5,0.8764937832506748,67428065.6,ok,0.00515,ok,0.9332193181818181,0.036690625,ok,ue6_qfi1,0.4482758620689655,29,100.0,all_flows,ue6_qfi1,0.4482758620689655,29,100.0,data,0.0,data,ok,0.0,ue1_qfi9,118.5,all_flows,ue7_qfi1,91.5,ok,30.2,ue6_qfi2,11,115.0,909.25,all_flows,30.2,ue6_qfi2,11,115.0,909.25,30.303,33.0,30.303,ok,33.0,,all_flows,,pending,,all_flows,,pending,100.0,"[8, 9]",ue6_qfi1,0,0,1,627.0000000000002,103.24999999999996,data,ok,2.0,,all_flows,,pending,2,32,1.4745,1.0,all_flows,1,24,1.393,1.0,ue7_qfi1,ok,ue7_qfi9,False,TwoTier,1841261662
ue8_qfi9,298.0,300.0,300.0,300.25,all_flows,ue4_qfi2,8.537,19.967,23.129,24.727,ok,0.26385239974418234,all_flows,0.0,ok,100.0,ue4_qfi1,0,0,0,122.74999999999991,99.75000000000023,all_flows,100.0,ue4_qfi1,0,0,0,122.74999999999991,99.75000000000023,data,2.0,data,ok,2.0,False,,all_flows,False,,3,0,proxy,3,0,ue3_qfi2,0.993421052631579,152,150.0,all_flows,ue3_qfi2,0.993421052631579,152,150.0,ok,ue4_qfi2,24.727,all_flows,ue4_qfi2,24.727,ok,8,all_flows,8,8,ok,8,ue1_qfi2,0.9539755999999999,all_flows,ue1_qfi2,0.9539755999999999,ok,0.9583329236663054,all_flows,0.9999348711407215,5,0.9998376734280658,proxy,5,0.9511218101417307,68575526.4,ok,0.005075,ok,0.9346204545454545,0.0358015625,ok,ue7_qfi1,0.46938775510204084,49,100.0,all_flows,ue7_qfi1,0.46938775510204084,49,100.0,data,0.0,data,ok,0.0,ue8_qfi1,19.25,all_flows,ue8_qfi1,19.25,ok,30.2,ue7_qfi2,1,70.0,70.0,all_flows,30.2,ue7_qfi2,1,70.0,70.0,30.303,33.0,30.303,ok,33.0,,all_flows,,pending,,all_flows,,pending,100.0,"[8, 9]",ue4_qfi1,0,0,0,122.74999999999991,99.75000000000023,data,ok,2.0,,all_flows,,pending,0,32,0.0,1.0,all_flows,0,24,0.0,1.0,,ok,,False,PF,1190382222
ue8_qfi9,297.75,300.0,300.25,300.25,all_flows,ue5_qfi1,6.0,21.0,26.5,26.5,ok,0.2847725369892554,all_flows,0.0,ok,100.0,ue5_qfi1,0,0,0,126.24999999999974,98.99999999999976,all_flows,100.0,ue5_qfi1,0,0,0,126.24999999999974,98.99999999999976,data,2.0,data,ok,2.0,False,,all_flows,False,,3,0,proxy,3,0,ue6_qfi2,0.993421052631579,152,150.0,all_flows,ue6_qfi2,0.993421052631579,152,150.0,ok,ue7_qfi2,23.033,all_flows,ue7_qfi2,23.033,ok,8,all_flows,8,8,ok,8,ue1_qfi2,0.9538604,all_flows,ue1_qfi2,0.9538604,ok,0.9555403228887351,all_flows,0.9998901775407474,5,0.9998534585060427,proxy,5,0.9478005518004284,67501033.6,ok,0.004254545454545454,ok,0.9331386363636364,0.1125296875,ok,ue8_qfi1,0.4489795918367347,49,100.0,all_flows,ue8_qfi1,0.4489795918367347,49,100.0,data,0.0,data,ok,0.0,ue5_qfi1,20.5,all_flows,ue5_qfi1,20.5,ok,30.2,ue6_qfi2,1,76.25,76.25,all_flows,30.2,ue6_qfi2,1,76.25,76.25,30.303,33.0,30.303,ok,33.0,,all_flows,,pending,,all_flows,,pending,100.0,"[8, 9]",ue5_qfi1,0,0,0,126.24999999999974,98.99999999999976,data,ok,2.0,,all_flows,,pending,0,32,0.0,1.0,all_flows,0,24,0.0,1.0,,ok,,False,Reservation,1190382222
ue8_qfi9,296.0,299.75,300.0,300.25,all_flows,ue6_qfi1,9.0,65.5,93.25,93.25,ok,0.263711851893319,all_flows,0.0004289820694687435,ok,100.0,ue4_qfi1,0,0,0,442.7499999999998,104.24999999999976,all_flows,100.0,ue4_qfi1,0,0,0,442.7499999999998,104.24999999999976,data,2.0,data,ok,2.0,False,,all_flows,False,,3,0,proxy,3,0,ue4_qfi2,0.9933333333333333,150,150.0,all_flows,ue4_qfi2,0.9933333333333333,150,150.0,ok,ue4_qfi2,74.071,all_flows,ue4_qfi2,74.071,ok,8,all_flows,8,8,ok,8,ue1_qfi2,0.9539755999999999,all_flows,ue1_qfi2,0.9539755999999999,ok,0.927685968782965,all_flows,0.9903207433612294,5,0.9785119124950703,proxy,5,0.9063916341725924,68337766.4,ok,0.005072727272727273,ok,0.9348034090909091,0.035178125,ok,ue4_qfi1,0.375,32,100.0,all_flows,ue4_qfi1,0.375,32,100.0,data,0.0,data,ok,0.0,ue4_qfi9,98.75,all_flows,ue6_qfi1,84.25,ok,29.8,ue4_qfi2,10,101.25,779.75,all_flows,29.8,ue4_qfi2,10,101.25,779.75,30.303,33.0,30.303,ok,33.0,,all_flows,,pending,,all_flows,,pending,100.0,"[8, 9]",ue4_qfi1,0,0,0,442.7499999999998,104.24999999999976,data,ok,2.0,,all_flows,,pending,0,32,0.0,1.0,all_flows,0,24,0.0,1.0,,ok,,False,TwoTier,1190382222
ue8_qfi9,297.75,300.0,300.0,300.25,all_flows,ue3_qfi1,7.0,19.5,53.0,53.0,ok,0.27263441679462275,all_flows,0.0,ok,100.0,ue3_qfi1,0,0,0,138.49999999999994,100.00000000000054,all_flows,100.0,ue3_qfi1,0,0,0,138.49999999999994,100.00000000000054,data,2.0,data,ok,2.0,False,,all_flows,False,,3,0,proxy,3,0,ue1_qfi2,1.0,152,150.0,all_flows,ue1_qfi2,1.0,152,150.0,ok,ue3_qfi2,27.132,all_flows,ue3_qfi2,27.132,ok,8,all_flows,8,8,ok,8,ue4_qfi2,0.9603948,all_flows,ue4_qfi2,0.9603948,ok,0.9559208057159901,all_flows,0.9999444604628389,5,0.999921921545328,proxy,5,0.9425192537475285,67872011.2,ok,0.005222727272727273,ok,0.9313125,0.03504375,ok,ue5_qfi1,0.4489795918367347,49,100.0,all_flows,ue5_qfi1,0.4489795918367347,49,100.0,data,0.0,data,ok,0.0,ue3_qfi1,46.0,all_flows,ue3_qfi1,46.0,ok,30.4,ue1_qfi2,0,0.0,0.0,all_flows,30.4,ue1_qfi2,0,0.0,0.0,30.303,33.0,30.303,ok,33.0,,all_flows,,pending,,all_flows,,pending,100.0,"[8, 9]",ue3_qfi1,0,0,0,138.49999999999994,100.00000000000054,data,ok,2.0,,all_flows,,pending,0,32,0.0,1.0,all_flows,0,24,0.0,1.0,,ok,,False,PF,72124473
ue8_qfi9,297.75,300.0,300.25,300.25,all_flows,ue3_qfi2,10.712,20.815,23.368,25.725,ok,0.29132373540406353,all_flows,0.0,ok,100.0,ue7_qfi1,0,0,0,124.24999999999997,99.24999999999962,all_flows,100.0,ue7_qfi1,0,0,0,124.24999999999997,99.24999999999962,data,2.0,data,ok,2.0,False,,all_flows,False,,3,0,proxy,3,0,ue1_qfi2,0.993421052631579,152,150.0,all_flows,ue1_qfi2,0.993421052631579,152,150.0,ok,ue5_qfi2,23.852,all_flows,ue5_qfi2,23.852,ok,8,all_flows,8,8,ok,8,ue4_qfi2,0.9588128,all_flows,ue4_qfi2,0.9588128,ok,0.9533327961994253,all_flows,0.999890627173099,5,0.9998449856638483,proxy,5,0.9388613785878257,66934577.6,ok,0.004081818181818182,ok,0.9311829545454545,0.1101109375,ok,ue3_qfi1,0.40816326530612246,49,100.0,all_flows,ue3_qfi1,0.40816326530612246,49,100.0,data,0.0,data,ok,0.0,ue3_qfi1,19.0,all_flows,ue3_qfi1,19.0,ok,30.2,ue1_qfi2,0,0.0,0.0,all_flows,30.2,ue1_qfi2,0,0.0,0.0,30.303,33.0,30.303,ok,33.0,,all_flows,,pending,,all_flows,,pending,100.0,"[8, 9]",ue7_qfi1,0,0,0,124.24999999999997,99.24999999999962,data,ok,2.0,,all_flows,,pending,0,32,0.0,1.0,all_flows,0,24,0.0,1.0,,ok,,False,Reservation,72124473
ue8_qfi9,296.75,299.75,300.0,300.25,all_flows,ue5_qfi2,23.585,75.759,84.722,92.685,ok,0.2697159245798354,all_flows,0.00036646180264291237,ok,,ue5_qfi9,0,0,0,489.9999999999998,0.0,all_flows,100.0,ue5_qfi1,0,0,0,386.75000000000017,101.50000000000014,data,2.0,data,ok,2.0,False,,all_flows,False,,3,0,proxy,3,0,ue1_qfi2,1.0,151,150.0,all_flows,ue1_qfi2,1.0,151,150.0,ok,ue5_qfi2,83.246,all_flows,ue5_qfi2,83.246,ok,8,all_flows,8,8,ok,8,ue4_qfi2,0.9603948,all_flows,ue4_qfi2,0.9603948,ok,0.9323926393327608,all_flows,0.989553312013004,5,0.9795232543724,proxy,5,0.9217385902826445,67814795.2,ok,0.005213636363636364,ok,0.9312568181818182,0.034175,ok,ue5_qfi1,0.3870967741935484,31,100.0,all_flows,ue5_qfi1,0.3870967741935484,31,100.0,data,0.0,data,ok,0.0,ue1_qfi1,78.75,all_flows,ue1_qfi1,78.75,ok,30.0,ue5_qfi2,7,124.5,646.25,all_flows,30.0,ue5_qfi2,7,124.5,646.25,30.303,33.0,30.303,ok,33.0,,all_flows,,pending,,all_flows,,pending,100.0,"[8, 9]",ue5_qfi1,0,0,0,386.75000000000017,101.50000000000014,data,ok,2.0,,all_flows,,pending,0,32,0.0,1.0,all_flows,0,24,0.0,1.0,,ok,,False,TwoTier,72124473
ue8_qfi9,298.25,300.0,300.25,300.25,all_flows,ue2_qfi1,9.0,18.5,55.75,55.75,ok,0.2804996849728351,all_flows,0.0,ok,100.0,ue6_qfi1,0,0,0,192.4999999999999,100.00000000000004,all_flows,100.0,ue6_qfi1,0,0,0,192.4999999999999,100.00000000000004,data,2.0,data,ok,2.0,False,,all_flows,False,,3,0,proxy,3,0,ue1_qfi2,0.993421052631579,152,150.0,all_flows,ue1_qfi2,0.993421052631579,152,150.0,ok,ue2_qfi2,26.393,all_flows,ue2_qfi2,26.393,ok,8,all_flows,8,8,ok,8,ue8_qfi2,0.9581588000000001,all_flows,ue8_qfi2,0.9581588000000001,ok,0.952641581451647,all_flows,0.9998868205977376,5,0.9995687265860971,proxy,5,0.9407999373979222,67173360.0,ok,0.004829545454545454,ok,0.9298215909090909,0.0367703125,ok,ue2_qfi1,0.4897959183673469,49,100.0,all_flows,ue2_qfi1,0.4897959183673469,49,100.0,data,0.0,data,ok,0.0,ue2_qfi1,46.75,all_flows,ue2_qfi1,46.75,ok,30.2,ue1_qfi2,1,67.75,67.75,all_flows,30.2,ue1_qfi2,1,67.75,67.75,30.303,33.0,30.303,ok,33.0,,all_flows,,pending,,all_flows,,pending,100.0,"[8, 9]",ue6_qfi1,0,0,0,192.4999999999999,100.00000000000004,data,ok,2.0,,all_flows,,pending,0,32,0.0,1.0,all_flows,0,24,0.0,1.0,,ok,,False,PF,1642588603
ue8_qfi9,298.25,300.0,300.25,300.25,all_flows,ue1_qfi1,6.5,20.25,26.25,26.25,ok,0.2987626873797152,all_flows,0.0,ok,100.0,ue7_qfi1,0,0,0,124.49999999999983,98.99999999999997,all_flows,100.0,ue7_qfi1,0,0,0,124.49999999999983,98.99999999999997,data,2.0,data,ok,2.0,False,,all_flows,False,,3,0,proxy,3,0,ue6_qfi2,0.993421052631579,152,150.0,all_flows,ue6_qfi2,0.993421052631579,152,150.0,ok,ue8_qfi2,23.124,all_flows,ue8_qfi2,23.124,ok,8,all_flows,8,8,ok,8,ue8_qfi2,0.9579384000000001,all_flows,ue8_qfi2,0.9579384000000001,ok,0.9508779039550234,all_flows,0.9999257454397433,5,0.9998921608415461,proxy,5,0.9391926826385978,66324243.2,ok,0.004177272727272727,ok,0.931475,0.1161515625,ok,ue2_qfi1,0.42857142857142855,49,100.0,all_flows,ue2_qfi1,0.42857142857142855,49,100.0,data,0.0,data,ok,0.0,ue1_qfi1,19.75,all_flows,ue1_qfi1,19.75,ok,30.2,ue6_qfi2,1,74.25,74.25,all_flows,30.2,ue6_qfi2,1,74.25,74.25,30.303,33.0,30.303,ok,33.0,,all_flows,,pending,,all_flows,,pending,100.0,"[8, 9]",ue7_qfi1,0,0,0,124.49999999999983,98.99999999999997,data,ok,2.0,,all_flows,,pending,0,32,0.0,1.0,all_flows,0,24,0.0,1.0,,ok,,False,Reservation,1642588603
ue8_qfi9,295.75,300.0,300.0,300.25,all_flows,ue2_qfi1,10.25,77.25,92.75,92.75,ok,0.2735262396790677,all_flows,0.00014157806082271097,ok,100.0,ue2_qfi1,0,0,0,366.24999999999994,100.00000000000009,all_flows,100.0,ue2_qfi1,0,0,0,366.24999999999994,100.00000000000009,data,2.0,data,ok,2.0,False,,all_flows,False,,3,0,proxy,3,0,ue3_qfi2,0.9933774834437086,151,150.0,all_flows,ue3_qfi2,0.9933774834437086,151,150.0,ok,ue2_qfi2,59.354,all_flows,ue2_qfi2,59.354,ok,7,all_flows,7,8,ok,8,ue8_qfi2,0.9481428000000001,all_flows,ue8_qfi2,0.9481428000000001,ok,0.9387074823068033,all_flows,0.998294322479841,5,0.994733712451861,proxy,5,0.9270699598421207,67641169.6,ok,0.004825,ok,0.9299522727272728,0.0356515625,ok,ue8_qfi1,0.46808510638297873,47,100.0,all_flows,ue8_qfi1,0.46808510638297873,47,100.0,data,0.0,data,ok,0.0,ue6_qfi1,84.25,all_flows,ue6_qfi1,84.25,ok,30.2,ue7_qfi2,5,109.25,449.25,all_flows,30.2,ue7_qfi2,5,109.25,449.25,30.303,33.0,30.303,ok,33.0,,all_flows,,pending,,all_flows,,pending,100.0,"[8, 9]",ue2_qfi1,0,0,0,366.24999999999994,100.00000000000009,data,ok,2.0,,all_flows,,pending,0,32,0.0,1.0,all_flows,0,24,0.0,1.0,,ok,,False,TwoTier,1642588603
ue8_qfi9,297.75,299.75,300.0,300.25,all_flows,ue8_qfi1,3.25,18.0,41.75,41.75,ok,0.2755620080617046,all_flows,0.0,ok,100.0,ue8_qfi1,0,0,0,129.75,99.49999999999991,all_flows,100.0,ue8_qfi1,0,0,0,129.75,99.49999999999991,data,2.0,data,ok,2.0,False,,all_flows,False,,3,0,proxy,3,0,ue6_qfi2,0.993421052631579,152,150.0,all_flows,ue6_qfi2,0.993421052631579,152,150.0,ok,ue3_qfi2,26.579,all_flows,ue3_qfi2,26.579,ok,8,all_flows,8,8,ok,8,ue3_qfi2,0.969952,all_flows,ue3_qfi2,0.969952,ok,0.9538677007133775,all_flows,0.9999386992757842,5,0.9998973323711351,proxy,5,0.9439871281696579,67632476.8,ok,0.005536363636363636,ok,0.9327386363636364,0.0376546875,ok,ue5_qfi1,0.4489795918367347,49,100.0,all_flows,ue5_qfi1,0.4489795918367347,49,100.0,data,0.0,data,ok,0.0,ue8_qfi1,38.5,all_flows,ue8_qfi1,38.5,ok,30.4,ue1_qfi2,0,0.0,0.0,all_flows,30.4,ue1_qfi2,0,0.0,0.0,30.303,33.0,30.303,ok,33.0,,all_flows,,pending,,all_flows,,pending,100.0,"[8, 9]",ue8_qfi1,0,0,0,129.75,99.49999999999991,data,ok,2.0,,all_flows,,pending,0,32,0.0,1.0,all_flows,0,24,0.0,1.0,,ok,,False,PF,1566923138
ue8_qfi9,297.5,300.0,300.25,300.25,all_flows,ue1_qfi1,6.0,21.75,33.0,33.0,ok,0.2973412131060648,all_flows,0.0,ok,100.0,ue5_qfi1,0,0,0,127.7499999999998,100.00000000000009,all_flows,100.0,ue5_qfi1,0,0,0,127.7499999999998,100.00000000000009,data,2.0,data,ok,2.0,False,,all_flows,False,,3,0,proxy,3,0,ue1_qfi2,1.0,152,150.0,all_flows,ue1_qfi2,1.0,152,150.0,ok,ue7_qfi2,23.288,all_flows,ue7_qfi2,23.288,ok,8,all_flows,8,8,ok,8,ue3_qfi2,0.970142,all_flows,ue3_qfi2,0.970142,ok,0.9514312967085174,all_flows,0.9998825092149408,5,0.9998295073115471,proxy,5,0.9412528596139501,66578846.4,ok,0.004143181818181818,ok,0.933775,0.118028125,ok,ue3_qfi1,0.42857142857142855,49,100.0,all_flows,ue3_qfi1,0.42857142857142855,49,100.0,data,0.0,data,ok,0.0,ue1_qfi1,27.0,all_flows,ue1_qfi1,27.0,ok,30.4,ue1_qfi2,0,0.0,0.0,all_flows,30.4,ue1_qfi2,0,0.0,0.0,30.303,33.0,30.303,ok,33.0,,all_flows,,pending,,all_flows,,pending,100.0,"[8, 9]",ue5_qfi1,0,0,0,127.7499999999998,100.00000000000009,data,ok,2.0,,all_flows,,pending,0,32,0.0,1.0,all_flows,0,24,0.0,1.0,,ok,,False,Reservation,1566923138
ue7_qfi9,297.5,300.0,300.25,300.25,all_flows,ue3_qfi2,22.669,83.19,106.042,119.212,ok,0.27310858479811373,all_flows,0.000732924631984081,ok,,ue3_qfi9,0,0,0,472.0,0.0,all_flows,100.0,ue3_qfi1,0,0,0,438.00000000000017,101.49999999999993,data,2.0,data,ok,2.0,False,,all_flows,False,,3,0,proxy,3,0,ue3_qfi2,0.9933774834437086,151,150.0,all_flows,ue3_qfi2,0.9933774834437086,151,150.0,ok,ue3_qfi2,92.914,all_flows,ue3_qfi2,92.914,ok,8,all_flows,8,8,ok,8,ue3_qfi2,0.9538408,all_flows,ue3_qfi2,0.9538408,ok,0.9255503040147135,all_flows,0.9918901029530701,5,0.9775931646917022,proxy,5,0.900027529849661,67898672.0,ok,0.005665909090909091,ok,0.9326477272727273,0.0364953125,ok,ue3_qfi1,0.43243243243243246,37,100.0,all_flows,ue3_qfi1,0.43243243243243246,37,100.0,data,0.0,data,ok,0.0,ue5_qfi9,144.5,all_flows,ue3_qfi2,96.543,ok,30.0,ue3_qfi2,11,191.75,1003.25,all_flows,30.0,ue3_qfi2,11,191.75,1003.25,30.303,33.0,30.303,ok,33.0,,all_flows,,pending,,all_flows,,pending,100.0,"[8, 9]",ue3_qfi1,0,0,0,438.00000000000017,101.49999999999993,data,ok,2.0,,all_flows,,pending,0,32,0.0,1.0,all_flows,0,24,0.0,1.0,,ok,,False,TwoTier,1566923138
ue8_qfi9,297.25,299.75,300.0,300.25,all_flows,ue7_qfi2,8.492,19.924,23.906,27.138,ok,0.2740206425431729,all_flows,0.0,ok,100.0,ue3_qfi1,0,0,0,124.49999999999983,99.99999999999964,all_flows,100.0,ue3_qfi1,0,0,0,124.49999999999983,99.99999999999964,data,2.0,data,ok,2.0,False,,all_flows,False,,3,0,proxy,3,0,ue1_qfi2,0.993421052631579,152,150.0,all_flows,ue1_qfi2,0.993421052631579,152,150.0,ok,ue7_qfi2,27.411,all_flows,ue7_qfi2,27.411,ok,8,all_flows,8,8,ok,8,ue5_qfi2,0.957732,all_flows,ue5_qfi2,0.957732,ok,0.9562199220708726,all_flows,0.9999509632163159,5,0.999911718009781,proxy,5,0.9498560896825053,67598483.2,ok,0.005395454545454545,ok,0.9304875,0.036803125,ok,ue2_qfi1,0.4897959183673469,49,100.0,all_flows,ue2_qfi1,0.4897959183673469,49,100.0,data,0.0,data,ok,0.0,ue3_qfi1,21.75,all_flows,ue3_qfi1,21.75,ok,30.2,ue1_qfi2,0,0.0,0.0,all_flows,30.2,ue1_qfi2,0,0.0,0.0,30.303,33.0,30.303,ok,33.0,,all_flows,,pending,,all_flows,,pending,100.0,"[8, 9]",ue3_qfi1,0,0,0,124.49999999999983,99.99999999999964,data,ok,2.0,,all_flows,,pending,0,32,0.0,1.0,all_flows,0,24,0.0,1.0,,ok,,False,PF,1818006482
ue8_qfi9,297.25,300.0,300.25,300.25,all_flows,ue2_qfi1,5.5,21.75,31.25,31.25,ok,0.29448511326299387,all_flows,0.0,ok,100.0,ue2_qfi1,0,0,0,131.00000000000023,99.25000000000006,all_flows,100.0,ue2_qfi1,0,0,0,131.00000000000023,99.25000000000006,data,2.0,data,ok,2.0,False,,all_flows,False,,3,0,proxy,3,0,ue4_qfi2,0.993421052631579,152,150.0,all_flows,ue4_qfi2,0.993421052631579,152,150.0,ok,ue4_qfi2,23.561,all_flows,ue4_qfi2,23.561,ok,8,all_flows,8,8,ok,8,ue5_qfi2,0.9581184,all_flows,ue5_qfi2,0.9581184,ok,0.9535968285195138,all_flows,0.9999038526210903,5,0.9998617707912738,proxy,5,0.9480842899751718,66665232.0,ok,0.004179545454545455,ok,0.9322590909090909,0.1160859375,ok,ue7_qfi1,0.40816326530612246,49,100.0,all_flows,ue7_qfi1,0.40816326530612246,49,100.0,data,0.0,data,ok,0.0,ue2_qfi1,25.75,all_flows,ue2_qfi1,25.75,ok,30.2,ue8_qfi2,1,73.25,73.25,all_flows,30.2,ue8_qfi2,1,73.25,73.25,30.303,33.0,30.303,ok,33.0,,all_flows,,pending,,all_flows,,pending,100.0,"[8, 9]",ue2_qfi1,0,0,0,131.00000000000023,99.25000000000006,data,ok,2.0,,all_flows,,pending,0,32,0.0,1.0,all_flows,0,24,0.0,1.0,,ok,,False,Reservation,1818006482
ue8_qfi9,294.0,299.75,300.0,300.25,all_flows,ue6_qfi1,6.75,78.25,89.5,89.5,ok,0.2704127311101931,all_flows,6.131502330481843e-05,ok,100.0,ue6_qfi1,0,0,0,274.4999999999998,99.75000000000011,all_flows,100.0,ue6_qfi1,0,0,0,274.4999999999998,99.75000000000011,data,2.0,data,ok,2.0,False,,all_flows,False,,3,0,proxy,3,0,ue1_qfi2,1.0,152,150.0,all_flows,ue1_qfi2,1.0,152,150.0,ok,ue6_qfi2,51.716,all_flows,ue6_qfi2,51.716,ok,8,all_flows,8,8,ok,8,ue5_qfi2,0.9543444,all_flows,ue5_qfi2,0.9543444,ok,0.9469035336113535,all_flows,0.9991095562174136,5,0.9961313371192282,proxy,5,0.9323710533131352,67787342.4,ok,0.005072727272727273,ok,0.9303375,0.0359890625,ok,ue1_qfi1,0.46938775510204084,49,100.0,all_flows,ue1_qfi1,0.46938775510204084,49,100.0,data,0.0,data,ok,0.0,ue6_qfi1,82.75,all_flows,ue6_qfi1,82.75,ok,30.4,ue3_qfi2,3,102.75,284.5,all_flows,30.4,ue3_qfi2,3,102.75,284.5,30.303,33.0,30.303,ok,33.0,,all_flows,,pending,,all_flows,,pending,100.0,"[8, 9]",ue6_qfi1,0,0,0,274.4999999999998,99.75000000000011,data,ok,2.0,,all_flows,,pending,0,32,0.0,1.0,all_flows,0,24,0.0,1.0,,ok,,False,TwoTier,1818006482
ue8_qfi9,297.75,300.0,300.25,300.25,all_flows,ue3_qfi2,8.945,20.173,24.015,26.869,ok,0.2678724439698009,all_flows,0.0,ok,100.0,ue3_qfi1,0,0,0,120.50000000000027,99.74999999999935,all_flows,100.0,ue3_qfi1,0,0,0,120.50000000000027,99.74999999999935,data,2.0,data,ok,2.0,False,,all_flows,False,,3,0,proxy,3,0,ue4_qfi2,0.993421052631579,152,150.0,all_flows,ue4_qfi2,0.993421052631579,152,150.0,ok,ue7_qfi2,25.243,all_flows,ue7_qfi2,25.243,ok,8,all_flows,8,8,ok,8,ue5_qfi2,0.96288,all_flows,ue5_qfi2,0.96288,ok,0.9561194143777548,all_flows,0.9999515202965824,5,0.9999091725465642,proxy,5,0.9434221503742138,68155513.6,ok,0.005281818181818182,ok,0.9327625,0.036746875,ok,ue5_qfi1,0.5102040816326531,49,100.0,all_flows,ue5_qfi1,0.5102040816326531,49,100.0,data,0.0,data,ok,0.0,ue3_qfi1,20.5,all_flows,ue3_qfi1,20.5,ok,30.2,ue4_qfi2,1,68.25,68.25,all_flows,30.2,ue4_qfi2,1,68.25,68.25,30.303,33.0,30.303,ok,33.0,,all_flows,,pending,,all_flows,,pending,100.0,"[8, 9]",ue3_qfi1,0,0,0,120.50000000000027,99.74999999999935,data,ok,2.0,,all_flows,,pending,0,32,0.0,1.0,all_flows,0,24,0.0,1.0,,ok,,False,PF,377217572
ue8_qfi9,297.5,300.0,300.25,300.25,all_flows,ue1_qfi1,4.75,17.25,26.75,26.75,ok,0.2895114509087349,all_flows,0.0,ok,100.0,ue1_qfi1,0,0,0,126.00000000000034,100.00000000000009,all_flows,100.0,ue1_qfi1,0,0,0,126.00000000000034,100.00000000000009,data,2.0,data,ok,2.0,False,,all_flows,False,,3,0,proxy,3,0,ue7_qfi2,0.9868421052631579,152,150.0,all_flows,ue7_qfi2,0.9868421052631579,152,150.0,ok,ue8_qfi2,23.215,all_flows,ue8_qfi2,23.215,ok,8,all_flows,8,8,ok,8,ue5_qfi2,0.96288,all_flows,ue5_qfi2,0.96288,ok,0.9536520186579487,all_flows,0.9998800188817938,5,0.9998034227965643,proxy,5,0.9375761135664932,67105377.6,ok,0.004127272727272728,ok,0.9330534090909091,0.1155171875,ok,ue1_qfi1,0.46938775510204084,49,100.0,all_flows,ue1_qfi1,0.46938775510204084,49,100.0,data,0.0,data,ok,0.0,ue1_qfi1,22.0,all_flows,ue1_qfi1,22.0,ok,30.2,ue2_qfi2,1,67.5,67.5,all_flows,30.2,ue2_qfi2,1,67.5,67.5,30.303,33.0,30.303,ok,33.0,,all_flows,,pending,,all_flows,,pending,100.0,"[8, 9]",ue1_qfi1,0,0,0,126.00000000000034,100.00000000000009,data,ok,2.0,,all_flows,,pending,0,32,0.0,1.0,all_flows,0,24,0.0,1.0,,ok,,False,Reservation,377217572
ue7_qfi9,292.25,299.75,300.0,300.25,all_flows,ue7_qfi1,7.0,87.0,98.25,98.25,ok,0.2600143280631032,all_flows,0.0004749875634976654,ok,100.0,ue2_qfi1,0,0,0,394.25,104.75000000000001,all_flows,100.0,ue2_qfi1,0,0,0,394.25,104.75000000000001,data,2.0,data,ok,2.0,False,,all_flows,False,,3,0,proxy,3,0,ue4_qfi2,0.993421052631579,152,150.0,all_flows,ue4_qfi2,0.993421052631579,152,150.0,ok,ue2_qfi2,76.498,all_flows,ue2_qfi2,76.498,ok,8,all_flows,8,8,ok,8,ue2_qfi2,0.9574136,all_flows,ue2_qfi2,0.9574136,ok,0.9207306069155523,all_flows,0.9878588746286823,5,0.9767560956970186,proxy,5,0.8917441940104288,68373945.6,ok,0.005281818181818182,ok,0.9329556818181818,0.0355015625,ok,ue2_qfi1,0.36666666666666664,30,100.0,all_flows,ue2_qfi1,0.36666666666666664,30,100.0,data,0.0,data,ok,0.0,ue5_qfi9,121.5,all_flows,ue7_qfi1,91.25,ok,30.2,ue2_qfi2,5,127.0,498.0,all_flows,30.2,ue2_qfi2,5,127.0,498.0,30.303,33.0,30.303,ok,33.0,,all_flows,,pending,,all_flows,,pending,100.0,"[8, 9]",ue2_qfi1,0,0,0,394.25,104.75000000000001,data,ok,2.0,,all_flows,,pending,0,32,0.0,1.0,all_flows,0,24,0.0,1.0,,ok,,False,TwoTier,377217572
ue8_qfi9,297.5,299.75,300.0,300.25,all_flows,ue4_qfi2,10.02,22.306,26.837,29.225,ok,0.2804673023694057,all_flows,0.0,ok,100.0,ue8_qfi1,0,0,0,122.24999999999974,99.74999999999979,all_flows,100.0,ue8_qfi1,0,0,0,122.24999999999974,99.74999999999979,data,2.0,data,ok,2.0,False,,all_flows,False,,3,0,proxy,3,0,ue1_qfi2,1.0,152,150.0,all_flows,ue1_qfi2,1.0,152,150.0,ok,ue4_qfi2,28.512,all_flows,ue4_qfi2,28.512,ok,8,all_flows,8,8,ok,8,ue4_qfi2,0.9582956,all_flows,ue4_qfi2,0.9582956,ok,0.9521741134227664,all_flows,0.9999424493873293,5,0.9999090919314859,proxy,5,0.9440491311475936,67058955.199999996,ok,0.005045454545454546,ok,0.9332693181818181,0.036784375,ok,ue5_qfi1,0.4897959183673469,49,100.0,all_flows,ue5_qfi1,0.4897959183673469,49,100.0,data,0.0,data,ok,0.0,ue8_qfi1,20.0,all_flows,ue8_qfi1,20.0,ok,30.4,ue1_qfi2,0,0.0,0.0,all_flows,30.4,ue1_qfi2,0,0.0,0.0,30.303,33.0,30.303,ok,33.0,,all_flows,,pending,,all_flows,,pending,100.0,"[8, 9]",ue8_qfi1,0,0,0,122.24999999999974,99.74999999999979,data,ok,2.0,,all_flows,,pending,0,32,0.0,1.0,all_flows,0,24,0.0,1.0,,ok,,False,PF,191741830
ue8_qfi9,297.25,300.0,300.25,300.25,all_flows,ue3_qfi1,6.5,18.25,27.25,27.25,ok,0.30337396849002357,all_flows,0.0,ok,100.0,ue3_qfi1,0,0,0,126.99999999999977,99.99999999999964,all_flows,100.0,ue3_qfi1,0,0,0,126.99999999999977,99.99999999999964,data,2.0,data,ok,2.0,False,,all_flows,False,,3,0,proxy,3,0,ue6_qfi2,0.993421052631579,152,150.0,all_flows,ue6_qfi2,0.993421052631579,152,150.0,ok,ue7_qfi2,24.183,all_flows,ue7_qfi2,24.183,ok,8,all_flows,8,8,ok,8,ue4_qfi2,0.9568736,all_flows,ue4_qfi2,0.9568736,ok,0.9493265998839707,all_flows,0.999879739055092,5,0.9998316476750341,proxy,5,0.9416417148057542,65856070.4,ok,0.004368181818181818,ok,0.9316590909090909,0.11525,ok,ue7_qfi1,0.42857142857142855,49,100.0,all_flows,ue7_qfi1,0.42857142857142855,49,100.0,data,0.0,data,ok,0.0,ue7_qfi1,21.25,all_flows,ue7_qfi1,21.25,ok,30.4,ue1_qfi2,0,0.0,0.0,all_flows,30.4,ue1_qfi2,0,0.0,0.0,30.303,33.0,30.303,ok,33.0,,all_flows,,pending,,all_flows,,pending,100.0,"[8, 9]",ue3_qfi1,0,0,0,126.99999999999977,99.99999999999964,data,ok,2.0,,all_flows,,pending,0,32,0.0,1.0,all_flows,0,24,0.0,1.0,,ok,,False,Reservation,191741830
ue4_qfi9,296.75,300.0,300.0,300.25,all_flows,ue4_qfi2,34.334,94.271,108.31,116.25,ok,0.2702821465000158,all_flows,0.0005243597773535113,ok,100.0,ue2_qfi1,0,0,0,352.9999999999998,101.50000000000014,all_flows,100.0,ue2_qfi1,0,0,0,352.9999999999998,101.50000000000014,data,2.0,data,ok,2.0,False,,all_flows,False,,3,0,proxy,3,0,ue1_qfi2,1.0,152,150.0,all_flows,ue1_qfi2,1.0,152,150.0,ok,ue4_qfi2,116.135,all_flows,ue4_qfi2,116.135,ok,7,all_flows,7,8,ok,8,ue4_qfi2,0.9398468000000001,all_flows,ue4_qfi2,0.9398468000000001,ok,0.9091834703948324,all_flows,0.979460682301897,5,0.939663691741702,proxy,5,0.8616375920810609,67649707.2,ok,0.005025,ok,0.9335159090909091,0.0355171875,ok,ue7_qfi1,0.3877551020408163,49,100.0,all_flows,ue7_qfi1,0.3877551020408163,49,100.0,data,0.0,data,ok,0.0,ue8_qfi9,122.5,all_flows,ue2_qfi1,88.75,ok,29.8,ue4_qfi2,8,115.25,682.5,all_flows,29.8,ue4_qfi2,8,115.25,682.5,30.303,33.0,30.303,ok,33.0,,all_flows,,pending,,all_flows,,pending,100.0,"[8, 9]",ue2_qfi1,0,0,0,352.9999999999998,101.50000000000014,data,ok,2.0,,all_flows,,pending,2,32,1.833,1.0,all_flows,1,24,1.73325,1.0,ue4_qfi1,ok,ue4_qfi9,False,TwoTier,191741830
ue8_qfi9,297.25,299.75,300.0,300.25,all_flows,ue2_qfi1,7.0,20.75,47.0,47.0,ok,0.3009410056727201,all_flows,0.0,ok,100.0,ue2_qfi1,0,0,0,141.75000000000006,99.49999999999991,all_flows,100.0,ue2_qfi1,0,0,0,141.75000000000006,99.49999999999991,data,2.0,data,ok,2.0,False,,all_flows,False,,3,0,proxy,3,0,ue7_qfi2,0.993421052631579,152,150.0,all_flows,ue7_qfi2,0.993421052631579,152,150.0,ok,ue3_qfi2,25.583,all_flows,ue3_qfi2,25.583,ok,8,all_flows,8,8,ok,8,ue5_qfi2,0.9637288,all_flows,ue5_qfi2,0.9637288,ok,0.946174035039202,all_flows,0.999953760210639,5,0.9999134299111312,proxy,5,0.9377246518848855,65404953.6,ok,0.005031818181818182,ok,0.9332340909090909,0.0396125,ok,ue6_qfi1,0.46938775510204084,49,100.0,all_flows,ue6_qfi1,0.46938775510204084,49,100.0,data,0.0,data,ok,0.0,ue7_qfi1,43.25,all_flows,ue7_qfi1,43.25,ok,30.4,ue1_qfi2,0,0.0,0.0,all_flows,30.4,ue1_qfi2,0,0.0,0.0,30.303,33.0,30.303,ok,33.0,,all_flows,,pending,,all_flows,,pending,100.0,"[8, 9]",ue2_qfi1,0,0,0,141.75000000000006,99.49999999999991,data,ok,2.0,,all_flows,,pending,0,32,0.0,1.0,all_flows,0,24,0.0,1.0,,ok,,False,PF,1853662620
ue8_qfi9,297.25,300.0,300.25,300.25,all_flows,ue8_qfi1,3.5,19.5,30.75,30.75,ok,0.3235136496370444,all_flows,0.0,ok,100.0,ue1_qfi1,0,0,0,123.7499999999998,99.7499999999999,all_flows,100.0,ue1_qfi1,0,0,0,123.7499999999998,99.7499999999999,data,2.0,data,ok,2.0,False,,all_flows,False,,3,0,proxy,3,0,ue1_qfi2,1.0,152,150.0,all_flows,ue1_qfi2,1.0,152,150.0,ok,ue6_qfi2,24.362,all_flows,ue6_qfi2,24.362,ok,8,all_flows,8,8,ok,8,ue5_qfi2,0.9636136,all_flows,ue5_qfi2,0.9636136,ok,0.9432483410216861,all_flows,0.9998830331300704,5,0.9998158701509317,proxy,5,0.9369365302516665,64265169.6,ok,0.004340909090909091,ok,0.9315659090909091,0.1241125,ok,ue4_qfi1,0.42857142857142855,49,100.0,all_flows,ue4_qfi1,0.42857142857142855,49,100.0,data,0.0,data,ok,0.0,ue8_qfi1,27.25,all_flows,ue8_qfi1,27.25,ok,30.4,ue1_qfi2,0,0.0,0.0,all_flows,30.4,ue1_qfi2,0,0.0,0.0,30.303,33.0,30.303,ok,33.0,,all_flows,,pending,,all_flows,,pending,100.0,"[8, 9]",ue1_qfi1,0,0,0,123.7499999999998,99.7499999999999,data,ok,2.0,,all_flows,,pending,0,32,0.0,1.0,all_flows,0,24,0.0,1.0,,ok,,False,Reservation,1853662620
ue6_qfi9,291.75,299.75,300.0,300.25,all_flows,ue2_qfi2,35.172,79.0,85.495,99.405,ok,0.2899923126445478,all_flows,0.000729571550269918,ok,100.0,ue4_qfi1,0,0,1,578.5,100.00000000000009,all_flows,100.0,ue4_qfi1,0,0,1,578.5,100.00000000000009,data,2.0,data,ok,2.0,False,,all_flows,False,,3,0,proxy,3,0,ue3_qfi2,0.993421052631579,152,150.0,all_flows,ue3_qfi2,0.993421052631579,152,150.0,ok,ue5_qfi2,85.491,all_flows,ue5_qfi2,85.491,ok,8,all_flows,8,8,ok,8,ue5_qfi2,0.9522808,all_flows,ue5_qfi2,0.9522808,ok,0.9018212943498101,all_flows,0.980178971783193,5,0.9678189822624228,proxy,5,0.8613015997853313,66301772.8,ok,0.005031818181818182,ok,0.933225,0.037690625,ok,ue5_qfi1,0.4,30,100.0,all_flows,ue5_qfi1,0.4,30,100.0,data,0.0,data,ok,0.0,ue8_qfi9,141.75,all_flows,ue5_qfi1,88.75,ok,30.2,ue2_qfi2,10,150.5,951.25,all_flows,30.2,ue2_qfi2,10,150.5,951.25,30.303,33.0,30.303,ok,33.0,,all_flows,,pending,,all_flows,,pending,100.0,"[8, 9]",ue4_qfi1,0,0,1,578.5,100.00000000000009,data,ok,2.0,,all_flows,,pending,0,32,0.0,1.0,all_flows,0,24,0.0,1.0,,ok,,False,TwoTier,1853662620
ue8_qfi9,297.75,300.0,300.0,300.25,all_flows,ue4_qfi1,5.75,21.75,30.25,30.25,ok,0.2777750309842668,all_flows,0.0,ok,100.0,ue4_qfi1,0,0,0,126.99999999999977,99.75000000000023,all_flows,100.0,ue4_qfi1,0,0,0,126.99999999999977,99.75000000000023,data,2.0,data,ok,2.0,False,,all_flows,False,,3,0,proxy,3,0,ue5_qfi2,0.993421052631579,152,150.0,all_flows,ue5_qfi2,0.993421052631579,152,150.0,ok,ue3_qfi2,26.0,all_flows,ue3_qfi2,26.0,ok,8,all_flows,8,8,ok,8,ue8_qfi2,0.9607488000000001,all_flows,ue8_qfi2,0.9607488000000001,ok,0.9535492706977621,all_flows,0.9999471790844581,5,0.9999138568164248,proxy,5,0.9389839992957294,67436928.0,ok,0.0053022727272727275,ok,0.9330386363636364,0.036984375,ok,ue8_qfi1,0.46938775510204084,49,100.0,all_flows,ue8_qfi1,0.46938775510204084,49,100.0,data,0.0,data,ok,0.0,ue4_qfi1,24.5,all_flows,ue4_qfi1,24.5,ok,30.4,ue1_qfi2,0,0.0,0.0,all_flows,30.4,ue1_qfi2,0,0.0,0.0,30.303,33.0,30.303,ok,33.0,,all_flows,,pending,,all_flows,,pending,100.0,"[8, 9]",ue4_qfi1,0,0,0,126.99999999999977,99.75000000000023,data,ok,2.0,,all_flows,,pending,0,32,0.0,1.0,all_flows,0,24,0.0,1.0,,ok,,False,PF,47463574
ue8_qfi9,297.5,300.0,300.25,300.25,all_flows,ue5_qfi1,6.0,20.5,29.25,29.25,ok,0.2979008280732096,all_flows,0.0,ok,100.0,ue2_qfi1,0,0,0,126.50000000000006,99.25000000000006,all_flows,100.0,ue2_qfi1,0,0,0,126.50000000000006,99.25000000000006,data,2.0,data,ok,2.0,False,,all_flows,False,,3,0,proxy,3,0,ue2_qfi2,0.993421052631579,152,150.0,all_flows,ue2_qfi2,0.993421052631579,152,150.0,ok,ue1_qfi2,24.489,all_flows,ue1_qfi2,24.489,ok,8,all_flows,8,8,ok,8,ue8_qfi2,0.9611264,all_flows,ue8_qfi2,0.9611264,ok,0.9505749429824798,all_flows,0.9998816495957815,5,0.9998311213915214,proxy,5,0.9365829210819228,66392281.6,ok,0.004206818181818182,ok,0.9314738636363636,0.116153125,ok,ue8_qfi1,0.42857142857142855,49,100.0,all_flows,ue8_qfi1,0.42857142857142855,49,100.0,data,0.0,data,ok,0.0,ue5_qfi1,23.25,all_flows,ue5_qfi1,23.25,ok,30.2,ue2_qfi2,1,77.75,77.75,all_flows,30.2,ue2_qfi2,1,77.75,77.75,30.303,33.0,30.303,ok,33.0,,all_flows,,pending,,all_flows,,pending,100.0,"[8, 9]",ue2_qfi1,0,0,0,126.50000000000006,99.25000000000006,data,ok,2.0,,all_flows,,pending,0,32,0.0,1.0,all_flows,0,24,0.0,1.0,,ok,,False,Reservation,47463574
ue7_qfi9,296.5,300.0,300.25,300.25,all_flows,ue5_qfi1,4.75,83.25,95.75,95.75,ok,0.27155020210959396,all_flows,0.00019787629017878073,ok,,ue5_qfi9,0,0,0,398.75000000000017,0.0,all_flows,100.0,ue5_qfi1,0,0,0,384.2500000000002,100.74999999999967,data,2.0,data,ok,2.0,False,,all_flows,False,,3,0,proxy,3,0,ue7_qfi2,0.993421052631579,152,150.0,all_flows,ue7_qfi2,0.993421052631579,152,150.0,ok,ue5_qfi2,80.533,all_flows,ue5_qfi2,80.533,ok,8,all_flows,8,8,ok,8,ue8_qfi2,0.9587528000000001,all_flows,ue8_qfi2,0.9587528000000001,ok,0.9337578180549013,all_flows,0.9942936004647143,5,0.9847576617152356,proxy,5,0.9093163831989672,67683228.8,ok,0.005295454545454545,ok,0.932865909090909,0.03625,ok,ue4_qfi1,0.4186046511627907,43,100.0,all_flows,ue4_qfi1,0.4186046511627907,43,100.0,data,0.0,data,ok,0.0,ue3_qfi9,100.75,all_flows,ue5_qfi1,91.0,ok,30.4,ue5_qfi2,9,143.75,801.0,all_flows,30.4,ue5_qfi2,9,143.75,801.0,30.303,33.0,30.303,ok,33.0,,all_flows,,pending,,all_flows,,pending,100.0,"[8, 9]",ue5_qfi1,0,0,0,384.2500000000002,100.74999999999967,data,ok,2.0,,all_flows,,pending,0,32,0.0,1.0,all_flows,0,24,0.0,1.0,,ok,,False,TwoTier,47463574
ue7_qfi9,297.75,300.0,300.0,300.25,all_flows,ue4_qfi1,6.0,17.0,54.5,54.5,ok,0.26063538098256095,all_flows,0.0,ok,100.0,ue4_qfi1,0,0,0,153.00000000000003,99.75,all_flows,100.0,ue4_qfi1,0,0,0,153.00000000000003,99.75,data,2.0,data,ok,2.0,False,,all_flows,False,,3,0,proxy,3,0,ue1_qfi2,1.0,152,150.0,all_flows,ue1_qfi2,1.0,152,150.0,ok,ue1_qfi2,26.706,all_flows,ue1_qfi2,26.706,ok,8,all_flows,8,8,ok,8,ue5_qfi2,0.9554308,all_flows,ue5_qfi2,0.9554308,ok,0.9586143419370605,all_flows,0.9999647199976713,5,0.9999291338719947,proxy,5,0.9568004063824587,68735622.4,ok,0.00515,ok,0.9332079545454546,0.0357765625,ok,ue1_qfi1,0.4489795918367347,49,100.0,all_flows,ue1_qfi1,0.4489795918367347,49,100.0,data,0.0,data,ok,0.0,ue4_qfi1,48.5,all_flows,ue4_qfi1,48.5,ok,30.4,ue1_qfi2,0,0.0,0.0,all_flows,30.4,ue1_qfi2,0,0.0,0.0,30.303,33.0,30.303,ok,33.0,,all_flows,,pending,,all_flows,,pending,100.0,"[8, 9]",ue4_qfi1,0,0,0,153.00000000000003,99.75,data,ok,2.0,,all_flows,,pending,0,32,0.0,1.0,all_flows,0,24,0.0,1.0,,ok,,False,PF,1162779115
ue8_qfi9,296.5,300.0,300.25,300.25,all_flows,ue8_qfi1,7.0,21.75,29.5,29.5,ok,0.2835617355720607,all_flows,0.0,ok,100.0,ue5_qfi1,0,0,0,123.00000000000023,100.49999999999982,all_flows,100.0,ue5_qfi1,0,0,0,123.00000000000023,100.49999999999982,data,2.0,data,ok,2.0,False,,all_flows,False,,3,0,proxy,3,0,ue2_qfi2,0.993421052631579,152,150.0,all_flows,ue2_qfi2,0.993421052631579,152,150.0,ok,ue1_qfi2,23.91,all_flows,ue1_qfi2,23.91,ok,8,all_flows,8,8,ok,8,ue7_qfi2,0.957124,all_flows,ue7_qfi2,0.957124,ok,0.955772231758484,all_flows,0.9998936297957218,5,0.999786645729972,proxy,5,0.9545314932441531,67501700.8,ok,0.004097727272727273,ok,0.931696590909091,0.1124890625,ok,ue7_qfi1,0.42857142857142855,49,100.0,all_flows,ue7_qfi1,0.42857142857142855,49,100.0,data,0.0,data,ok,0.0,ue8_qfi1,22.5,all_flows,ue8_qfi1,22.5,ok,30.2,ue2_qfi2,1,66.25,66.25,all_flows,30.2,ue2_qfi2,1,66.25,66.25,30.303,33.0,30.303,ok,33.0,,all_flows,,pending,,all_flows,,pending,100.0,"[8, 9]",ue5_qfi1,0,0,0,123.00000000000023,100.49999999999982,data,ok,2.0,,all_flows,,pending,0,32,0.0,1.0,all_flows,0,24,0.0,1.0,,ok,,False,Reservation,1162779115
ue7_qfi9,293.5,299.75,300.0,300.25,all_flows,ue1_qfi1,9.5,96.5,97.25,97.25,ok,0.2541836682000811,all_flows,0.0004620529990191642,ok,100.0,ue4_qfi1,0,0,1,679.5,100.24999999999994,all_flows,100.0,ue4_qfi1,0,0,1,679.5,100.24999999999994,data,2.0,data,ok,2.0,False,,all_flows,False,,3,0,proxy,3,0,ue1_qfi2,1.0,150,150.0,all_flows,ue1_qfi2,1.0,150,150.0,ok,ue1_qfi2,81.217,all_flows,ue1_qfi2,81.217,ok,8,all_flows,8,8,ok,8,ue4_qfi2,0.9505456,all_flows,ue4_qfi2,0.9505456,ok,0.9250879786746908,all_flows,0.9843175724504002,5,0.9529640431705192,proxy,5,0.8892264809507328,69155601.6,ok,0.005145454545454545,ok,0.9335295454545455,0.03451875,ok,ue1_qfi1,0.3333333333333333,33,100.0,all_flows,ue1_qfi1,0.3333333333333333,33,100.0,data,0.0,data,ok,0.0,ue8_qfi9,96.5,all_flows,ue1_qfi1,87.75,ok,30.0,ue4_qfi2,8,128.75,690.25,all_flows,30.0,ue4_qfi2,8,128.75,690.25,30.303,33.0,30.303,ok,33.0,,all_flows,,pending,,all_flows,,pending,100.0,"[8, 9]",ue4_qfi1,0,0,1,679.5,100.24999999999994,data,ok,2.0,,all_flows,,pending,0,32,0.0,1.0,all_flows,0,24,0.0,1.0,,ok,,False,TwoTier,1162779115
ue8_qfi9,298.0,300.0,300.25,300.25,all_flows,ue3_qfi1,4.25,20.5,29.5,29.5,ok,0.27403766690888604,all_flows,0.0,ok,100.0,ue3_qfi1,0,0,0,127.7499999999998,100.24999999999994,all_flows,100.0,ue3_qfi1,0,0,0,127.7499999999998,100.24999999999994,data,2.0,data,ok,2.0,False,,all_flows,False,,3,0,proxy,3,0,ue4_qfi2,0.993421052631579,152,150.0,all_flows,ue4_qfi2,0.993421052631579,152,150.0,ok,ue3_qfi2,26.348,all_flows,ue3_qfi2,26.348,ok,8,all_flows,8,8,ok,8,ue1_qfi2,0.9625424,all_flows,ue1_qfi2,0.9625424,ok,0.9544410001012592,all_flows,0.9999542526269887,5,0.9999169614698846,proxy,5,0.9449181205543433,67701875.2,ok,0.0048727272727272725,ok,0.9333193181818182,0.03799375,ok,ue3_qfi1,0.4489795918367347,49,100.0,all_flows,ue3_qfi1,0.4489795918367347,49,100.0,data,0.0,data,ok,0.0,ue3_qfi1,25.25,all_flows,ue3_qfi1,25.25,ok,30.2,ue7_qfi2,1,67.5,67.5,all_flows,30.2,ue7_qfi2,1,67.5,67.5,30.303,33.0,30.303,ok,33.0,,all_flows,,pending,,all_flows,,pending,100.0,"[8, 9]",ue3_qfi1,0,0,0,127.7499999999998,100.24999999999994,data,ok,2.0,,all_flows,,pending,0,32,0.0,1.0,all_flows,0,24,0.0,1.0,,ok,,False,PF,172656923
ue8_qfi9,297.75,300.0,300.25,300.25,all_flows,ue3_qfi1,6.0,18.5,27.25,27.25,ok,0.29843605227394804,all_flows,0.0,ok,100.0,ue6_qfi1,0,0,0,125.50000000000017,99.75,all_flows,100.0,ue6_qfi1,0,0,0,125.50000000000017,99.75,data,2.0,data,ok,2.0,False,,all_flows,False,,3,0,proxy,3,0,ue5_qfi2,0.993421052631579,152,150.0,all_flows,ue5_qfi2,0.993421052631579,152,150.0,ok,ue4_qfi2,23.919,all_flows,ue4_qfi2,23.919,ok,8,all_flows,8,8,ok,8,ue1_qfi2,0.9573992,all_flows,ue1_qfi2,0.9573992,ok,0.9512196069197707,all_flows,0.9999002601820575,5,0.9998266043891612,proxy,5,0.9431597825646242,66398217.6,ok,0.0042,ok,0.9313113636363637,0.1194828125,ok,ue3_qfi1,0.46938775510204084,49,100.0,all_flows,ue3_qfi1,0.46938775510204084,49,100.0,data,0.0,data,ok,0.0,ue6_qfi1,21.5,all_flows,ue6_qfi1,21.5,ok,30.2,ue5_qfi2,1,71.0,71.0,all_flows,30.2,ue5_qfi2,1,71.0,71.0,30.303,33.0,30.303,ok,33.0,,all_flows,,pending,,all_flows,,pending,100.0,"[8, 9]",ue6_qfi1,0,0,0,125.50000000000017,99.75,data,ok,2.0,,all_flows,,pending,0,32,0.0,1.0,all_flows,0,24,0.0,1.0,,ok,,False,Reservation,172656923
ue8_qfi9,295.0,300.0,300.0,300.25,all_flows,ue1_qfi1,9.0,99.75,99.75,99.75,ok,0.2701678213308313,all_flows,0.00033263117445339407,ok,100.0,ue1_qfi1,0,0,1,558.7499999999999,102.75000000000001,all_flows,100.0,ue1_qfi1,0,0,1,558.7499999999999,102.75000000000001,data,2.0,data,ok,2.0,False,,all_flows,False,,3,0,proxy,3,0,ue5_qfi2,0.9933774834437086,151,150.0,all_flows,ue5_qfi2,0.9933774834437086,151,150.0,ok,ue1_qfi2,78.585,all_flows,ue1_qfi2,78.585,ok,8,all_flows,8,8,ok,8,ue1_qfi2,0.9522028,all_flows,ue1_qfi2,0.9522028,ok,0.928065469504588,all_flows,0.9894531462250274,5,0.9785168103381321,proxy,5,0.8944808386883376,68047688.0,ok,0.004890909090909091,ok,0.9330045454545455,0.036596875,ok,ue1_qfi1,0.3103448275862069,29,100.0,all_flows,ue1_qfi1,0.3103448275862069,29,100.0,data,0.0,data,ok,0.0,ue1_qfi9,166.25,all_flows,ue1_qfi1,90.75,ok,30.2,ue1_qfi2,8,102.5,670.25,all_flows,30.2,ue1_qfi2,8,102.5,670.25,30.303,33.0,30.303,ok,33.0,,all_flows,,pending,,all_flows,,pending,100.0,"[8, 9]",ue1_qfi1,0,0,1,558.7499999999999,102.75000000000001,data,ok,2.0,,all_flows,,pending,0,32,0.0,1.0,all_flows,0,24,0.0,1.0,,ok,,False,TwoTier,172656923
ue8_qfi9,297.75,300.0,300.0,300.25,all_flows,ue4_qfi1,4.25,20.75,29.25,29.25,ok,0.2893759546995182,all_flows,0.0,ok,100.0,ue7_qfi1,0,0,0,124.24999999999997,99.75000000000023,all_flows,100.0,ue7_qfi1,0,0,0,124.24999999999997,99.75000000000023,data,2.0,data,ok,2.0,False,,all_flows,False,,3,0,proxy,3,0,ue8_qfi2,0.993421052631579,152,150.0,all_flows,ue8_qfi2,0.993421052631579,152,150.0,ok,ue4_qfi2,27.214,all_flows,ue4_qfi2,27.214,ok,8,all_flows,8,8,ok,8,ue6_qfi2,0.9643204000000001,all_flows,ue6_qfi2,0.9643204000000001,ok,0.9501511663356114,all_flows,0.999939521056373,5,0.9998887512181324,proxy,5,0.9463991448373895,66339251.2,ok,0.00515,ok,0.9300965909090909,0.03818125,ok,ue2_qfi1,0.42857142857142855,49,100.0,all_flows,ue2_qfi1,0.42857142857142855,49,100.0,data,0.0,data,ok,0.0,ue4_qfi1,25.0,all_flows,ue4_qfi1,25.0,ok,30.4,ue1_qfi2,0,0.0,0.0,all_flows,30.4,ue1_qfi2,0,0.0,0.0,30.303,33.0,30.303,ok,33.0,,all_flows,,pending,,all_flows,,pending,100.0,"[8, 9]",ue7_qfi1,0,0,0,124.24999999999997,99.75000000000023,data,ok,2.0,,all_flows,,pending,0,32,0.0,1.0,all_flows,0,24,0.0,1.0,,ok,,False,PF,643626383
ue8_qfi9,297.75,300.0,300.25,300.25,all_flows,ue4_qfi1,6.0,20.25,29.0,29.0,ok,0.30783271068031387,all_flows,0.0,ok,100.0,ue4_qfi1,0,0,0,128.75000000000014,100.24999999999994,all_flows,100.0,ue4_qfi1,0,0,0,128.75000000000014,100.24999999999994,data,2.0,data,ok,2.0,False,,all_flows,False,,3,0,proxy,3,0,ue7_qfi2,0.993421052631579,152,150.0,all_flows,ue7_qfi2,0.993421052631579,152,150.0,ok,ue5_qfi2,24.295,all_flows,ue5_qfi2,24.295,ok,8,all_flows,8,8,ok,8,ue6_qfi2,0.9645044,all_flows,ue6_qfi2,0.9645044,ok,0.9482215663131459,all_flows,0.9998891710412359,5,0.9998587743370231,proxy,5,0.9439653590635021,65515065.6,ok,0.004188636363636364,ok,0.9323102272727273,0.1204171875,ok,ue7_qfi1,0.42857142857142855,49,100.0,all_flows,ue7_qfi1,0.42857142857142855,49,100.0,data,0.0,data,ok,0.0,ue4_qfi1,23.0,all_flows,ue4_qfi1,23.0,ok,30.2,ue7_qfi2,1,73.0,73.0,all_flows,30.2,ue7_qfi2,1,73.0,73.0,30.303,33.0,30.303,ok,33.0,,all_flows,,pending,,all_flows,,pending,100.0,"[8, 9]",ue4_qfi1,0,0,0,128.75000000000014,100.24999999999994,data,ok,2.0,,all_flows,,pending,0,32,0.0,1.0,all_flows,0,24,0.0,1.0,,ok,,False,Reservation,643626383
ue7_qfi9,272.75,299.75,300.0,300.25,all_flows,ue1_qfi1,10.0,81.0,98.5,98.5,ok,0.2829368333477926,all_flows,0.0008223818314053037,ok,100.0,ue4_qfi1,0,0,1,520.5000000000002,101.25000000000006,all_flows,100.0,ue4_qfi1,0,0,1,520.5000000000002,101.25000000000006,data,2.0,data,ok,2.0,False,,all_flows,False,,3,0,proxy,3,0,ue3_qfi2,0.993421052631579,152,150.0,all_flows,ue3_qfi2,0.993421052631579,152,150.0,ok,ue5_qfi2,84.049,all_flows,ue5_qfi2,84.049,ok,8,all_flows,8,8,ok,8,ue5_qfi2,0.96228,all_flows,ue5_qfi2,0.96228,ok,0.895602929989509,all_flows,0.9743511127707789,5,0.9442632158390026,proxy,5,0.8594820025444124,66621950.4,ok,0.005170454545454546,ok,0.9301590909090909,0.03678125,ok,ue5_qfi1,0.25925925925925924,27,100.0,all_flows,ue5_qfi1,0.25925925925925924,27,100.0,data,0.0,data,ok,0.0,ue6_qfi9,106.25,all_flows,ue1_qfi1,88.5,ok,30.2,ue5_qfi2,9,144.5,779.5,all_flows,30.2,ue5_qfi2,9,144.5,779.5,30.303,33.0,30.303,ok,33.0,,all_flows,,pending,,all_flows,,pending,100.0,"[8, 9]",ue4_qfi1,0,0,1,520.5000000000002,101.25000000000006,data,ok,2.0,,all_flows,,pending,0,32,0.0,1.0,all_flows,0,24,0.0,1.0,,ok,,False,TwoTier,643626383
ue8_qfi9,297.75,299.75,300.0,300.25,all_flows,ue7_qfi2,8.955,21.314,25.739,28.104,ok,0.2655917757056526,all_flows,0.0,ok,100.0,ue3_qfi1,0,0,0,121.75000000000001,99.50000000000037,all_flows,100.0,ue3_qfi1,0,0,0,121.75000000000001,99.50000000000037,data,2.0,data,ok,2.0,False,,all_flows,False,,3,0,proxy,3,0,ue4_qfi2,0.993421052631579,152,150.0,all_flows,ue4_qfi2,0.993421052631579,152,150.0,ok,ue7_qfi2,27.857,all_flows,ue7_qfi2,27.857,ok,8,all_flows,8,8,ok,8,ue2_qfi2,0.953988,all_flows,ue2_qfi2,0.953988,ok,0.9570288113045748,all_flows,0.9999596019804173,5,0.9999381044963761,proxy,5,0.9504843457963722,68336044.8,ok,0.004427272727272728,ok,0.9336397727272727,0.035015625,ok,ue1_qfi1,0.4897959183673469,49,100.0,all_flows,ue1_qfi1,0.4897959183673469,49,100.0,data,0.0,data,ok,0.0,ue4_qfi1,23.25,all_flows,ue4_qfi1,23.25,ok,30.2,ue4_qfi2,1,67.25,67.25,all_flows,30.2,ue4_qfi2,1,67.25,67.25,30.303,33.0,30.303,ok,33.0,,all_flows,,pending,,all_flows,,pending,100.0,"[8, 9]",ue3_qfi1,0,0,0,121.75000000000001,99.50000000000037,data,ok,2.0,,all_flows,,pending,0,32,0.0,1.0,all_flows,0,24,0.0,1.0,,ok,,False,PF,1033071480
ue8_qfi9,297.25,300.0,300.25,300.25,all_flows,ue5_qfi1,5.25,19.5,26.0,26.0,ok,0.2872031357065893,all_flows,0.0,ok,100.0,ue5_qfi1,0,0,0,125.50000000000017,100.00000000000054,all_flows,100.0,ue5_qfi1,0,0,0,125.50000000000017,100.00000000000054,data,2.0,data,ok,2.0,False,,all_flows,False,,3,0,proxy,3,0,ue8_qfi2,0.993421052631579,152,150.0,all_flows,ue8_qfi2,0.993421052631579,152,150.0,ok,ue5_qfi2,23.134,all_flows,ue5_qfi2,23.134,ok,8,all_flows,8,8,ok,8,ue2_qfi2,0.953988,all_flows,ue2_qfi2,0.953988,ok,0.954520585402087,all_flows,0.9998899621765055,5,0.9998337369308641,proxy,5,0.9487183784437234,67324444.8,ok,0.004093181818181818,ok,0.9325056818181818,0.11023125,ok,ue6_qfi1,0.46938775510204084,49,100.0,all_flows,ue6_qfi1,0.46938775510204084,49,100.0,data,0.0,data,ok,0.0,ue5_qfi1,20.75,all_flows,ue5_qfi1,20.75,ok,30.2,ue8_qfi2,1,68.75,68.75,all_flows,30.2,ue8_qfi2,1,68.75,68.75,30.303,33.0,30.303,ok,33.0,,all_flows,,pending,,all_flows,,pending,100.0,"[8, 9]",ue5_qfi1,0,0,0,125.50000000000017,100.00000000000054,data,ok,2.0,,all_flows,,pending,0,32,0.0,1.0,all_flows,0,24,0.0,1.0,,ok,,False,Reservation,1033071480
ue7_qfi9,297.0,300.0,300.25,300.25,all_flows,ue7_qfi1,14.5,62.75,95.75,95.75,ok,0.2634847954140123,all_flows,0.0004842025653173613,ok,,ue5_qfi9,0,0,1,645.0,0.0,all_flows,100.0,ue7_qfi1,0,0,0,452.7500000000002,101.00000000000009,data,2.0,data,ok,2.0,False,,all_flows,False,,3,0,proxy,3,0,ue8_qfi2,0.9868421052631579,152,150.0,all_flows,ue8_qfi2,0.9868421052631579,152,150.0,ok,ue7_qfi2,82.43,all_flows,ue7_qfi2,82.43,ok,8,all_flows,8,8,ok,8,ue2_qfi2,0.95299,all_flows,ue2_qfi2,0.95299,ok,0.921823270907348,all_flows,0.9839869619945635,5,0.9643751499390814,proxy,5,0.8973037326299179,68410766.4,ok,0.004429545454545454,ok,0.933746590909091,0.0340015625,ok,ue7_qfi1,0.4074074074074074,27,100.0,all_flows,ue7_qfi1,0.4074074074074074,27,100.0,data,0.0,data,ok,0.0,ue2_qfi9,101.0,all_flows,ue3_qfi1,86.75,ok,30.2,ue2_qfi2,8,89.25,621.0,all_flows,30.2,ue2_qfi2,8,89.25,621.0,30.303,33.0,30.303,ok,33.0,,all_flows,,pending,,all_flows,,pending,100.0,"[8, 9]",ue7_qfi1,0,0,0,452.7500000000002,101.00000000000009,data,ok,2.0,,all_flows,,pending,0,32,0.0,1.0,all_flows,0,24,0.0,1.0,,ok,,False,TwoTier,1033071480
ue8_qfi9,297.25,300.0,300.0,300.25,all_flows,ue8_qfi1,4.5,14.25,30.75,30.75,ok,0.27052410597049187,all_flows,0.0,ok,100.0,ue8_qfi1,0,0,0,127.49999999999994,100.24999999999994,all_flows,100.0,ue8_qfi1,0,0,0,127.49999999999994,100.24999999999994,data,2.0,data,ok,2.0,False,,all_flows,False,,3,0,proxy,3,0,ue1_qfi2,1.0,152,150.0,all_flows,ue1_qfi2,1.0,152,150.0,ok,ue4_qfi2,25.922,all_flows,ue4_qfi2,25.922,ok,8,all_flows,8,8,ok,8,ue5_qfi2,0.9680131999999999,all_flows,ue5_qfi2,0.9680131999999999,ok,0.9556758143541769,all_flows,0.9999580077831226,5,0.999931740847077,proxy,5,0.949105158626752,68010534.4,ok,0.004463636363636364,ok,0.9297545454545455,0.035525,ok,ue8_qfi1,0.46938775510204084,49,100.0,all_flows,ue8_qfi1,0.46938775510204084,49,100.0,data,0.0,data,ok,0.0,ue8_qfi1,26.25,all_flows,ue8_qfi1,26.25,ok,30.4,ue1_qfi2,0,0.0,0.0,all_flows,30.4,ue1_qfi2,0,0.0,0.0,30.303,33.0,30.303,ok,33.0,,all_flows,,pending,,all_flows,,pending,100.0,"[8, 9]",ue8_qfi1,0,0,0,127.49999999999994,100.24999999999994,data,ok,2.0,,all_flows,,pending,0,32,0.0,1.0,all_flows,0,24,0.0,1.0,,ok,,False,PF,907713895
ue8_qfi9,296.75,300.0,300.25,300.25,all_flows,ue5_qfi1,5.75,22.75,24.75,24.75,ok,0.2909759637453271,all_flows,0.0,ok,100.0,ue5_qfi1,0,0,0,123.25000000000009,100.00000000000009,all_flows,100.0,ue5_qfi1,0,0,0,123.25000000000009,100.00000000000009,data,2.0,data,ok,2.0,False,,all_flows,False,,3,0,proxy,3,0,ue2_qfi2,0.993421052631579,152,150.0,all_flows,ue2_qfi2,0.993421052631579,152,150.0,ok,ue4_qfi2,23.961,all_flows,ue4_qfi2,23.961,ok,8,all_flows,8,8,ok,8,ue6_qfi2,0.9673924,all_flows,ue6_qfi2,0.9673924,ok,0.953299728457577,all_flows,0.9998988891268781,5,0.9998694946715587,proxy,5,0.9460033310872348,66997777.6,ok,0.0041863636363636365,ok,0.9308965909090909,0.111815625,ok,ue7_qfi1,0.42857142857142855,49,100.0,all_flows,ue7_qfi1,0.42857142857142855,49,100.0,data,0.0,data,ok,0.0,ue5_qfi1,19.0,all_flows,ue5_qfi1,19.0,ok,30.2,ue4_qfi2,1,67.5,67.5,all_flows,30.2,ue4_qfi2,1,67.5,67.5,30.303,33.0,30.303,ok,33.0,,all_flows,,pending,,all_flows,,pending,100.0,"[8, 9]",ue5_qfi1,0,0,0,123.25000000000009,100.00000000000009,data,ok,2.0,,all_flows,,pending,0,32,0.0,1.0,all_flows,0,24,0.0,1.0,,ok,,False,Reservation,907713895
ue7_qfi9,297.5,300.0,300.0,300.25,all_flows,ue4_qfi1,14.25,94.75,99.0,99.0,ok,0.2613626332072029,all_flows,0.0006107913392231263,ok,,ue4_qfi9,0,0,1,551.4999999999999,0.0,all_flows,100.0,ue4_qfi1,0,0,1,551.2499999999995,105.25000000000001,data,2.0,data,ok,2.0,False,,all_flows,False,,3,0,proxy,3,0,ue1_qfi2,1.0,152,150.0,all_flows,ue1_qfi2,1.0,152,150.0,ok,ue4_qfi2,93.243,all_flows,ue4_qfi2,93.243,ok,8,all_flows,8,8,ok,8,ue4_qfi2,0.9668671999999999,all_flows,ue4_qfi2,0.9668671999999999,ok,0.9156229564812192,all_flows,0.9803134170727403,5,0.9625677034496909,proxy,5,0.8872803770728502,68501236.8,ok,0.004463636363636364,ok,0.9296875,0.0345125,ok,ue4_qfi1,0.37037037037037035,27,100.0,all_flows,ue4_qfi1,0.37037037037037035,27,100.0,data,0.0,data,ok,0.0,ue2_qfi1,90.5,all_flows,ue2_qfi1,90.5,ok,30.2,ue4_qfi2,15,111.25,1268.5,all_flows,30.2,ue4_qfi2,15,111.25,1268.5,30.303,33.0,30.303,ok,33.0,,all_flows,,pending,,all_flows,,pending,100.0,"[8, 9]",ue4_qfi1,0,0,1,551.2499999999995,105.25000000000001,data,ok,2.0,,all_flows,,pending,0,32,0.0,1.0,all_flows,0,24,0.0,1.0,,ok,,False,TwoTier,907713895
ue8_qfi8,300.0,300.25,300.25,300.25,all_flows,ue4_qfi1,6.0,27.0,89.25,89.25,ok,0.5273754767026687,all_flows,0.0,ok,100.0,ue4_qfi1,0,0,0,169.74999999999963,99.75000000000023,all_flows,100.0,ue4_qfi1,0,0,0,169.74999999999963,99.75000000000023,data,2.0,data,ok,2.0,False,,all_flows,False,,3,0,proxy,3,0,ue1_qfi2,1.0,152,150.0,all_flows,ue1_qfi2,1.0,152,150.0,ok,ue4_qfi2,28.439,all_flows,ue4_qfi2,28.439,ok,8,all_flows,8,8,ok,8,ue7_qfi2,0.9643304,all_flows,ue7_qfi2,0.9643304,ok,0.9083718581454072,all_flows,0.9999524640643204,5,0.9999221242680125,proxy,5,0.8999126624193861,68779195.2,ok,0.004829545454545454,ok,0.9311011363636363,0.034815625,ok,ue5_qfi1,0.46938775510204084,49,100.0,all_flows,ue5_qfi1,0.46938775510204084,49,100.0,data,0.0,data,ok,0.0,ue4_qfi1,83.25,all_flows,ue4_qfi1,83.25,ok,30.4,ue1_qfi2,0,0.0,0.0,all_flows,30.4,ue1_qfi2,0,0.0,0.0,30.303,33.0,30.303,ok,33.0,,all_flows,,pending,,all_flows,,pending,100.0,"[8, 9]",ue4_qfi1,0,0,0,169.74999999999963,99.75000000000023,data,ok,2.0,,all_flows,,pending,1,33,5.0,1.0,all_flows,0,24,0.0,1.0,,ok,ue8_qfi9,True,PF,1826701614
ue8_qfi8,300.0,300.25,300.25,300.25,all_flows,ue8_qfi1,5.5,22.25,27.75,27.75,ok,0.5473709629744978,all_flows,0.0,ok,100.0,ue8_qfi1,0,0,0,126.99999999999977,100.00000000000009,all_flows,100.0,ue8_qfi1,0,0,0,126.99999999999977,100.00000000000009,data,2.0,data,ok,2.0,False,,all_flows,False,,3,0,proxy,3,0,ue5_qfi2,0.993421052631579,152,150.0,all_flows,ue5_qfi2,0.993421052631579,152,150.0,ok,ue4_qfi2,23.781,all_flows,ue4_qfi2,23.781,ok,8,all_flows,8,8,ok,8,ue7_qfi2,0.9643304,all_flows,ue7_qfi2,0.9643304,ok,0.9055505005503053,all_flows,0.9998946948004062,5,0.9998578831956385,proxy,5,0.8978308151668108,67471124.8,ok,0.004168181818181818,ok,0.9315113636363637,0.109328125,ok,ue7_qfi1,0.4489795918367347,49,100.0,all_flows,ue7_qfi1,0.4489795918367347,49,100.0,data,0.0,data,ok,0.0,ue8_qfi1,22.25,all_flows,ue8_qfi1,22.25,ok,30.2,ue5_qfi2,1,73.75,73.75,all_flows,30.2,ue5_qfi2,1,73.75,73.75,30.303,33.0,30.303,ok,33.0,,all_flows,,pending,,all_flows,,pending,100.0,"[8, 9]",ue8_qfi1,0,0,0,126.99999999999977,100.00000000000009,data,ok,2.0,,all_flows,,pending,1,33,5.0,1.0,all_flows,0,24,0.0,1.0,,ok,ue8_qfi9,True,Reservation,1826701614
ue8_qfi8,299.5,300.25,300.25,300.25,all_flows,ue6_qfi2,21.576,91.175,117.812,127.13,ok,0.5153024165515431,all_flows,0.0017187040140909436,ok,,ue8_qfi8,0,0,1,650.9999999999998,0.2500000000000002,all_flows,100.0,ue6_qfi1,0,0,0,438.50000000000034,102.12500000000013,data,2.0,data,ok,2.0,False,,all_flows,False,,3,0,proxy,3,0,ue6_qfi2,0.9933333333333333,150,150.0,all_flows,ue6_qfi2,0.9933333333333333,150,150.0,ok,ue4_qfi2,109.781,all_flows,ue4_qfi2,109.781,ok,8,all_flows,8,8,ok,8,ue4_qfi2,0.9510088000000001,all_flows,ue4_qfi2,0.9510088000000001,ok,0.8671169036035369,all_flows,0.9711189101233595,5,0.9369151813329978,proxy,5,0.8280964391494385,68823872.0,ok,0.005125,ok,0.9307125,0.033940625,ok,ue6_qfi1,0.4117647058823529,34,100.0,all_flows,ue6_qfi1,0.4117647058823529,34,100.0,data,0.0,data,ok,0.0,ue6_qfi2,105.554,all_flows,ue6_qfi2,105.554,ok,30.0,ue8_qfi2,17,111.75,1564.5,all_flows,30.0,ue8_qfi2,17,111.75,1564.5,30.303,33.0,30.303,ok,33.0,,all_flows,,pending,,all_flows,,pending,100.0,"[8, 9]",ue6_qfi1,0,0,0,438.50000000000034,102.12500000000013,data,ok,2.0,,all_flows,,pending,3,33,4.9155,1.0,all_flows,1,24,1.8355000000000001,1.0,ue4_qfi1,ok,ue8_qfi9,True,TwoTier,1826701614
ue8_qfi8,300.0,300.25,300.25,300.25,all_flows,ue1_qfi1,6.5,14.5,49.75,49.75,ok,0.5268603957445563,all_flows,0.0,ok,100.0,ue1_qfi1,0,0,0,136.75000000000014,99.74999999999979,all_flows,100.0,ue1_qfi1,0,0,0,136.75000000000014,99.74999999999979,data,2.0,data,ok,2.0,False,,all_flows,False,,3,0,proxy,3,0,ue1_qfi2,1.0,152,150.0,all_flows,ue1_qfi2,1.0,152,150.0,ok,ue5_qfi2,25.978,all_flows,ue5_qfi2,25.978,ok,8,all_flows,8,8,ok,8,ue7_qfi2,0.9582188,all_flows,ue7_qfi2,0.9582188,ok,0.9082366377755852,all_flows,0.9999495785490529,5,0.9999170109381504,proxy,5,0.9040342742089109,68832665.6,ok,0.005009090909090909,ok,0.9313238636363637,0.0362734375,ok,ue4_qfi1,0.5102040816326531,49,100.0,all_flows,ue4_qfi1,0.5102040816326531,49,100.0,data,0.0,data,ok,0.0,ue1_qfi1,43.25,all_flows,ue1_qfi1,43.25,ok,30.4,ue1_qfi2,0,0.0,0.0,all_flows,30.4,ue1_qfi2,0,0.0,0.0,30.303,33.0,30.303,ok,33.0,,all_flows,,pending,,all_flows,,pending,100.0,"[8, 9]",ue1_qfi1,0,0,0,136.75000000000014,99.74999999999979,data,ok,2.0,,all_flows,,pending,1,33,5.0,1.0,all_flows,0,24,0.0,1.0,,ok,ue8_qfi9,True,PF,1367864806
ue8_qfi8,300.0,300.25,300.25,300.25,all_flows,ue5_qfi1,5.25,19.5,26.75,26.75,ok,0.5459743825472894,all_flows,0.0,ok,100.0,ue4_qfi1,0,0,0,123.25000000000009,100.00000000000009,all_flows,100.0,ue4_qfi1,0,0,0,123.25000000000009,100.00000000000009,data,2.0,data,ok,2.0,False,,all_flows,False,,3,0,proxy,3,0,ue1_qfi2,1.0,152,150.0,all_flows,ue1_qfi2,1.0,152,150.0,ok,ue5_qfi2,23.816,all_flows,ue5_qfi2,23.816,ok,8,all_flows,8,8,ok,8,ue7_qfi2,0.9582188,all_flows,ue7_qfi2,0.9582188,ok,0.9069000537831101,all_flows,0.999919946160096,5,0.999880407198896,proxy,5,0.9026908610140882,67966228.8,ok,0.004170454545454546,ok,0.9335397727272727,0.1139328125,ok,ue8_qfi1,0.4489795918367347,49,100.0,all_flows,ue8_qfi1,0.4489795918367347,49,100.0,data,0.0,data,ok,0.0,ue5_qfi1,21.5,all_flows,ue5_qfi1,21.5,ok,30.4,ue1_qfi2,0,0.0,0.0,all_flows,30.4,ue1_qfi2,0,0.0,0.0,30.303,33.0,30.303,ok,33.0,,all_flows,,pending,,all_flows,,pending,100.0,"[8, 9]",ue4_qfi1,0,0,0,123.25000000000009,100.00000000000009,data,ok,2.0,,all_flows,,pending,1,33,5.0,1.0,all_flows,0,24,0.0,1.0,,ok,ue8_qfi9,True,Reservation,1367864806
ue8_qfi8,300.0,300.25,300.25,300.25,all_flows,ue5_qfi2,35.676,81.33,87.178,93.323,ok,0.5224347398475089,all_flows,0.000515190046120947,ok,100.0,ue5_qfi1,0,1,1,1004.9999999999999,108.99999999999999,all_flows,100.0,ue5_qfi1,0,1,1,1004.9999999999999,108.99999999999999,data,2.0,data,ok,2.0,False,,all_flows,False,,3,0,proxy,3,0,ue1_qfi2,1.0,152,150.0,all_flows,ue1_qfi2,1.0,152,150.0,ok,ue5_qfi2,87.178,all_flows,ue5_qfi2,87.178,ok,8,all_flows,8,8,ok,8,ue7_qfi2,0.9582188,all_flows,ue7_qfi2,0.9582188,ok,0.8748481852964101,all_flows,0.9869350006347334,5,0.9690431671809018,proxy,5,0.858724396559589,69019310.4,ok,0.005015909090909091,ok,0.9312011363636363,0.035584375,ok,ue5_qfi1,0.4,25,100.0,all_flows,ue5_qfi1,0.4,25,100.0,data,0.0,data,ok,0.0,ue4_qfi9,127.0,all_flows,ue1_qfi1,80.5,ok,30.4,ue5_qfi2,13,118.75,1118.5,all_flows,30.4,ue5_qfi2,13,118.75,1118.5,30.303,33.0,30.303,ok,33.0,,all_flows,,pending,,all_flows,,pending,100.0,"[8, 9]",ue5_qfi1,0,1,1,1004.9999999999999,108.99999999999999,data,ok,2.0,,all_flows,,pending,2,33,5.0,1.0,all_flows,0,24,0.0,1.0,,ok,ue8_qfi9,True,TwoTier,1367864806
ue8_qfi8,300.0,300.25,300.25,300.25,all_flows,ue2_qfi1,8.0,16.5,44.25,44.25,ok,0.5676842036357378,all_flows,0.0,ok,100.0,ue2_qfi1,0,0,0,139.9999999999997,100.00000000000003,all_flows,100.0,ue2_qfi1,0,0,0,139.9999999999997,100.00000000000003,data,2.0,data,ok,2.0,False,,all_flows,False,,3,0,proxy,3,0,ue6_qfi2,0.993421052631579,152,150.0,all_flows,ue6_qfi2,0.993421052631579,152,150.0,ok,ue3_qfi2,27.857,all_flows,ue3_qfi2,27.857,ok,8,all_flows,8,8,ok,8,ue7_qfi2,0.9605768,all_flows,ue7_qfi2,0.9605768,ok,0.8911395281815228,all_flows,0.9999364126958625,5,0.9998559370900647,proxy,5,0.8775686077939706,63280846.4,ok,0.005604545454545455,ok,0.9318113636363636,0.04218125,ok,ue4_qfi1,0.46938775510204084,49,100.0,all_flows,ue4_qfi1,0.46938775510204084,49,100.0,data,0.0,data,ok,0.0,ue2_qfi1,36.25,all_flows,ue2_qfi1,36.25,ok,30.4,ue1_qfi2,0,0.0,0.0,all_flows,30.4,ue1_qfi2,0,0.0,0.0,30.303,33.0,30.303,ok,33.0,,all_flows,,pending,,all_flows,,pending,100.0,"[8, 9]",ue2_qfi1,0,0,0,139.9999999999997,100.00000000000003,data,ok,2.0,,all_flows,,pending,1,33,5.0,1.0,all_flows,0,24,0.0,1.0,,ok,ue8_qfi9,True,PF,1097657231
ue8_qfi8,300.25,300.25,300.25,300.25,all_flows,ue1_qfi1,6.0,21.75,27.0,27.0,ok,0.5840595823445928,all_flows,0.0,ok,,ue8_qfi8,0,0,0,205.00000000000006,2.4999999999999467,all_flows,100.0,ue1_qfi1,0,0,0,126.74999999999991,99.25000000000051,data,2.0,data,ok,2.0,False,,all_flows,False,,3,0,proxy,3,0,ue1_qfi2,0.993421052631579,152,150.0,all_flows,ue1_qfi2,0.993421052631579,152,150.0,ok,ue5_qfi2,25.506,all_flows,ue5_qfi2,25.506,ok,8,all_flows,8,8,ok,8,ue7_qfi2,0.9605768,all_flows,ue7_qfi2,0.9605768,ok,0.8885375776073523,all_flows,0.9998810271613751,5,0.9998003716308852,proxy,5,0.8725368662232551,62281593.6,ok,0.004579545454545454,ok,0.9313090909090909,0.1328921875,ok,ue5_qfi1,0.46938775510204084,49,100.0,all_flows,ue5_qfi1,0.46938775510204084,49,100.0,data,0.0,data,ok,0.0,ue1_qfi1,21.0,all_flows,ue1_qfi1,21.0,ok,30.2,ue2_qfi2,1,72.5,72.5,all_flows,30.2,ue2_qfi2,1,72.5,72.5,30.303,33.0,30.303,ok,33.0,,all_flows,,pending,,all_flows,,pending,100.0,"[8, 9]",ue1_qfi1,0,0,0,126.74999999999991,99.25000000000051,data,ok,2.0,,all_flows,,pending,1,33,5.0,1.0,all_flows,0,24,0.0,1.0,,ok,ue8_qfi9,True,Reservation,1097657231
ue8_qfi8,299.75,300.25,300.25,300.25,all_flows,ue5_qfi2,32.392,78.75,90.028,109.735,ok,0.5685102168026849,all_flows,0.0030676385776241214,ok,100.0,ue5_qfi1,0,0,1,673.0,102.24999999999996,all_flows,100.0,ue5_qfi1,0,0,1,673.0,102.24999999999996,data,2.0,data,ok,2.0,False,,all_flows,False,,3,0,proxy,3,0,ue5_qfi2,0.9802631578947368,152,150.0,all_flows,ue5_qfi2,0.9802631578947368,152,150.0,ok,ue5_qfi2,86.75,all_flows,ue5_qfi2,86.75,ok,8,all_flows,8,8,ok,8,ue7_qfi2,0.9595788000000001,all_flows,ue7_qfi2,0.9595788000000001,ok,0.8422316340354961,all_flows,0.9827273448933468,5,0.950606991001769,proxy,5,0.7995778243979035,63911992.0,ok,0.005734090909090909,ok,0.9318113636363636,0.041109375,ok,ue5_qfi1,0.3448275862068966,29,100.0,all_flows,ue5_qfi1,0.3448275862068966,29,100.0,data,0.0,data,ok,0.0,ue3_qfi1,87.5,all_flows,ue3_qfi1,87.5,ok,30.4,ue3_qfi2,7,96.25,573.5,all_flows,30.4,ue3_qfi2,7,96.25,573.5,30.303,33.0,30.303,ok,33.0,,all_flows,,pending,,all_flows,,pending,100.0,"[8, 9]",ue5_qfi1,0,0,1,673.0,102.24999999999996,data,ok,2.0,,all_flows,,pending,1,33,5.0,1.0,all_flows,0,24,0.0,1.0,,ok,ue8_qfi9,True,TwoTier,1097657231
ue8_qfi8,300.0,300.25,300.25,300.25,all_flows,ue7_qfi1,4.75,19.25,26.0,26.0,ok,0.5307668796185434,all_flows,0.0,ok,100.0,ue3_qfi1,0,0,0,125.49999999999972,100.24999999999994,all_flows,100.0,ue3_qfi1,0,0,0,125.49999999999972,100.24999999999994,data,2.0,data,ok,2.0,False,,all_flows,False,,3,0,proxy,3,0,ue1_qfi2,1.0,152,150.0,all_flows,ue1_qfi2,1.0,152,150.0,ok,ue4_qfi2,25.254,all_flows,ue4_qfi2,25.254,ok,8,all_flows,8,8,ok,8,ue2_qfi2,0.9648984,all_flows,ue2_qfi2,0.9648984,ok,0.9076635777730386,all_flows,0.9999593933545308,5,0.9999196624675599,proxy,5,0.8982215541834102,68334836.8,ok,0.004779545454545455,ok,0.9315477272727273,0.0356390625,ok,ue4_qfi1,0.4489795918367347,49,100.0,all_flows,ue4_qfi1,0.4489795918367347,49,100.0,data,0.0,data,ok,0.0,ue7_qfi1,21.25,all_flows,ue7_qfi1,21.25,ok,30.4,ue1_qfi2,0,0.0,0.0,all_flows,30.4,ue1_qfi2,0,0.0,0.0,30.303,33.0,30.303,ok,33.0,,all_flows,,pending,,all_flows,,pending,100.0,"[8, 9]",ue3_qfi1,0,0,0,125.49999999999972,100.24999999999994,data,ok,2.0,,all_flows,,pending,1,33,5.0,1.0,all_flows,0,24,0.0,1.0,,ok,ue8_qfi9,True,PF,579362555
ue8_qfi8,300.25,300.25,300.25,300.25,all_flows,ue3_qfi1,6.0,16.0,25.5,25.5,ok,0.5483315180856311,all_flows,0.0,ok,100.0,ue7_qfi1,0,0,0,124.24999999999997,99.99999999999964,all_flows,100.0,ue7_qfi1,0,0,0,124.24999999999997,99.99999999999964,data,2.0,data,ok,2.0,False,,all_flows,False,,3,0,proxy,3,0,ue6_qfi2,0.993421052631579,152,150.0,all_flows,ue6_qfi2,0.993421052631579,152,150.0,ok,ue1_qfi2,23.67,all_flows,ue1_qfi2,23.67,ok,8,all_flows,8,8,ok,8,ue2_qfi2,0.9648984,all_flows,ue2_qfi2,0.9648984,ok,0.9053816323472347,all_flows,0.9998998107459552,5,0.9998702319636519,proxy,5,0.89889751255789,67244284.8,ok,0.004190909090909091,ok,0.9319681818181819,0.112371875,ok,ue8_qfi1,0.42857142857142855,49,100.0,all_flows,ue8_qfi1,0.42857142857142855,49,100.0,data,0.0,data,ok,0.0,ue3_qfi1,19.5,all_flows,ue3_qfi1,19.5,ok,30.2,ue6_qfi2,1,82.5,82.5,all_flows,30.2,ue6_qfi2,1,82.5,82.5,30.303,33.0,30.303,ok,33.0,,all_flows,,pending,,all_flows,,pending,100.0,"[8, 9]",ue7_qfi1,0,0,0,124.24999999999997,99.99999999999964,data,ok,2.0,,all_flows,,pending,1,33,5.0,1.0,all_flows,0,24,0.0,1.0,,ok,ue8_qfi9,True,Reservation,579362555
ue8_qfi8,299.25,300.25,300.25,300.25,all_flows,ue7_qfi2,29.471,85.92,100.403,108.589,ok,0.5136664164452008,all_flows,0.0007515575084110761,ok,,ue7_qfi9,0,0,1,695.0000000000002,0.0,all_flows,100.0,ue7_qfi1,0,0,1,669.9999999999999,101.75,data,2.0,data,ok,2.0,False,,all_flows,False,,3,0,proxy,3,0,ue1_qfi2,1.0,152,150.0,all_flows,ue1_qfi2,1.0,152,150.0,ok,ue7_qfi2,101.017,all_flows,ue7_qfi2,101.017,ok,8,all_flows,8,8,ok,8,ue8_qfi2,0.9560228000000001,all_flows,ue8_qfi2,0.9560228000000001,ok,0.8651810684743637,all_flows,0.9798163487383509,5,0.9632539428265563,proxy,5,0.8397121755352376,68753179.2,ok,0.004688636363636364,ok,0.9317886363636364,0.0345375,ok,ue8_qfi1,0.3939393939393939,33,100.0,all_flows,ue8_qfi1,0.3939393939393939,33,100.0,data,0.0,data,ok,0.0,ue6_qfi9,131.0,all_flows,ue8_qfi1,91.0,ok,30.0,ue8_qfi2,19,107.5,1705.0,all_flows,30.0,ue8_qfi2,19,107.5,1705.0,30.303,33.0,30.303,ok,33.0,,all_flows,,pending,,all_flows,,pending,100.0,"[8, 9]",ue7_qfi1,0,0,1,669.9999999999999,101.75,data,ok,2.0,,all_flows,,pending,1,33,5.0,1.0,all_flows,0,24,0.0,1.0,,ok,ue8_qfi9,True,TwoTier,579362555
ue8_qfi8,300.0,300.25,300.25,300.25,all_flows,ue6_qfi1,4.0,19.25,29.5,29.5,ok,0.541088186664581,all_flows,0.0,ok,100.0,ue6_qfi1,0,0,0,128.0000000000001,99.50000000000003,all_flows,100.0,ue6_qfi1,0,0,0,128.0000000000001,99.50000000000003,data,2.0,data,ok,2.0,False,,all_flows,False,,3,0,proxy,3,0,ue6_qfi2,0.993421052631579,152,150.0,all_flows,ue6_qfi2,0.993421052631579,152,150.0,ok,ue1_qfi2,25.975,all_flows,ue1_qfi2,25.975,ok,8,all_flows,8,8,ok,8,ue7_qfi2,0.9642531999999999,all_flows,ue7_qfi2,0.9642531999999999,ok,0.9031981618967861,all_flows,0.9999597278160122,5,0.9999362740260378,proxy,5,0.8981181452827792,67139948.8,ok,0.004790909090909091,ok,0.9324659090909091,0.03788125,ok,ue5_qfi1,0.4489795918367347,49,100.0,all_flows,ue5_qfi1,0.4489795918367347,49,100.0,data,0.0,data,ok,0.0,ue6_qfi1,25.5,all_flows,ue6_qfi1,25.5,ok,30.4,ue1_qfi2,0,0.0,0.0,all_flows,30.4,ue1_qfi2,0,0.0,0.0,30.303,33.0,30.303,ok,33.0,,all_flows,,pending,,all_flows,,pending,100.0,"[8, 9]",ue6_qfi1,0,0,0,128.0000000000001,99.50000000000003,data,ok,2.0,,all_flows,,pending,1,33,5.0,1.0,all_flows,0,24,0.0,1.0,,ok,ue8_qfi9,True,PF,661058651
ue8_qfi8,300.0,300.25,300.25,300.25,all_flows,ue1_qfi1,5.5,18.25,28.5,28.5,ok,0.5595855523894061,all_flows,0.0,ok,100.0,ue1_qfi1,0,0,0,128.24999999999997,99.49999999999991,all_flows,100.0,ue1_qfi1,0,0,0,128.24999999999997,99.49999999999991,data,2.0,data,ok,2.0,False,,all_flows,False,,3,0,proxy,3,0,ue1_qfi2,1.0,152,150.0,all_flows,ue1_qfi2,1.0,152,150.0,ok,ue4_qfi2,23.358,all_flows,ue4_qfi2,23.358,ok,8,all_flows,8,8,ok,8,ue7_qfi2,0.9659175999999999,all_flows,ue7_qfi2,0.9659175999999999,ok,0.9012683874422033,all_flows,0.9999300352606857,5,0.9998904120523031,proxy,5,0.8974850037652864,66156835.2,ok,0.004234090909090909,ok,0.9335863636363636,0.11915625,ok,ue2_qfi1,0.46938775510204084,49,100.0,all_flows,ue2_qfi1,0.46938775510204084,49,100.0,data,0.0,data,ok,0.0,ue1_qfi1,23.0,all_flows,ue1_qfi1,23.0,ok,30.4,ue1_qfi2,0,0.0,0.0,all_flows,30.4,ue1_qfi2,0,0.0,0.0,30.303,33.0,30.303,ok,33.0,,all_flows,,pending,,all_flows,,pending,100.0,"[8, 9]",ue1_qfi1,0,0,0,128.24999999999997,99.49999999999991,data,ok,2.0,,all_flows,,pending,1,33,5.0,1.0,all_flows,0,24,0.0,1.0,,ok,ue8_qfi9,True,Reservation,661058651
ue8_qfi8,299.75,300.25,300.25,300.25,all_flows,ue2_qfi1,10.75,91.75,99.25,99.25,ok,0.5397769999127816,all_flows,0.00031868028677242943,ok,100.0,ue3_qfi1,0,0,0,330.2500000000004,102.62499999999974,all_flows,100.0,ue3_qfi1,0,0,0,330.2500000000004,102.62499999999974,data,2.0,data,ok,2.0,False,,all_flows,False,,3,0,proxy,3,0,ue3_qfi2,0.9868421052631579,152,150.0,all_flows,ue3_qfi2,0.9868421052631579,152,150.0,ok,ue2_qfi2,68.769,all_flows,ue2_qfi2,68.769,ok,8,all_flows,8,8,ok,8,ue8_qfi2,0.9619835999999999,all_flows,ue8_qfi2,0.9619835999999999,ok,0.8587993394644229,all_flows,0.9942159500659999,5,0.9880863063468894,proxy,5,0.8515528053568152,68047001.6,ok,0.004972727272727273,ok,0.9322920454545455,0.0362453125,ok,ue3_qfi1,0.38095238095238093,42,100.0,all_flows,ue3_qfi1,0.38095238095238093,42,100.0,data,0.0,data,ok,0.0,ue2_qfi1,88.5,all_flows,ue2_qfi1,88.5,ok,30.2,ue2_qfi2,11,104.5,875.5,all_flows,30.2,ue2_qfi2,11,104.5,875.5,30.303,33.0,30.303,ok,33.0,,all_flows,,pending,,all_flows,,pending,100.0,"[8, 9]",ue3_qfi1,0,0,0,330.2500000000004,102.62499999999974,data,ok,2.0,,all_flows,,pending,1,33,5.0,1.0,all_flows,0,24,0.0,1.0,,ok,ue8_qfi9,True,TwoTier,661058651
ue8_qfi8,300.0,300.25,300.25,300.25,all_flows,ue6_qfi1,6.0,18.25,28.25,28.25,ok,0.5230052405929979,all_flows,0.0,ok,100.0,ue6_qfi1,0,0,0,122.50000000000006,100.00000000000009,all_flows,100.0,ue6_qfi1,0,0,0,122.50000000000006,100.00000000000009,data,2.0,data,ok,2.0,False,,all_flows,False,,3,0,proxy,3,0,ue2_qfi2,0.993421052631579,152,150.0,all_flows,ue2_qfi2,0.993421052631579,152,150.0,ok,ue6_qfi2,25.089,all_flows,ue6_qfi2,25.089,ok,8,all_flows,8,8,ok,8,ue3_qfi2,0.953024,all_flows,ue3_qfi2,0.953024,ok,0.908966879102868,all_flows,0.9999471253739765,5,0.9999161840674958,proxy,5,0.9041927104305708,69611681.6,ok,0.005179545454545455,ok,0.9319409090909091,0.035021875,ok,ue1_qfi1,0.42857142857142855,49,100.0,all_flows,ue1_qfi1,0.42857142857142855,49,100.0,data,0.0,data,ok,0.0,ue6_qfi1,22.25,all_flows,ue6_qfi1,22.25,ok,30.4,ue1_qfi2,0,0.0,0.0,all_flows,30.4,ue1_qfi2,0,0.0,0.0,30.303,33.0,30.303,ok,33.0,,all_flows,,pending,,all_flows,,pending,100.0,"[8, 9]",ue6_qfi1,0,0,0,122.50000000000006,100.00000000000009,data,ok,2.0,,all_flows,,pending,1,33,5.0,1.0,all_flows,0,24,0.0,1.0,,ok,ue8_qfi9,True,PF,87989972
ue8_qfi8,300.0,300.25,300.25,300.25,all_flows,ue4_qfi1,6.75,19.5,30.25,30.25,ok,0.541963823941485,all_flows,0.0,ok,100.0,ue6_qfi1,0,0,0,124.00000000000011,99.75,all_flows,100.0,ue6_qfi1,0,0,0,124.00000000000011,99.75,data,2.0,data,ok,2.0,False,,all_flows,False,,3,0,proxy,3,0,ue1_qfi2,0.9868421052631579,152,150.0,all_flows,ue1_qfi2,0.9868421052631579,152,150.0,ok,ue6_qfi2,22.775,all_flows,ue6_qfi2,22.775,ok,8,all_flows,8,8,ok,8,ue3_qfi2,0.952286,all_flows,ue3_qfi2,0.952286,ok,0.9074860443610258,all_flows,0.9999103558531784,5,0.9998723326561845,proxy,5,0.9021654173204695,68742723.2,ok,0.004175,ok,0.9334386363636363,0.1100984375,ok,ue2_qfi1,0.46938775510204084,49,100.0,all_flows,ue2_qfi1,0.46938775510204084,49,100.0,data,0.0,data,ok,0.0,ue4_qfi1,23.5,all_flows,ue4_qfi1,23.5,ok,30.0,ue1_qfi2,1,72.25,72.25,all_flows,30.0,ue1_qfi2,1,72.25,72.25,30.303,33.0,30.303,ok,33.0,,all_flows,,pending,,all_flows,,pending,100.0,"[8, 9]",ue6_qfi1,0,0,0,124.00000000000011,99.75,data,ok,2.0,,all_flows,,pending,1,33,5.0,1.0,all_flows,0,24,0.0,1.0,,ok,ue8_qfi9,True,Reservation,87989972
ue8_qfi8,299.75,300.25,300.25,300.25,all_flows,ue3_qfi1,10.75,96.0,99.75,99.75,ok,0.5122414600596502,all_flows,0.0008083533917669461,ok,100.0,ue3_qfi1,0,0,0,430.25,102.62500000000003,all_flows,100.0,ue3_qfi1,0,0,0,430.25,102.62500000000003,data,2.0,data,ok,2.0,False,,all_flows,False,,3,0,proxy,3,0,ue5_qfi2,0.993421052631579,152,150.0,all_flows,ue5_qfi2,0.993421052631579,152,150.0,ok,ue3_qfi2,73.18,all_flows,ue3_qfi2,73.18,ok,7,all_flows,7,8,ok,8,ue3_qfi2,0.94524,all_flows,ue3_qfi2,0.94524,ok,0.852787531356707,all_flows,0.9794483086069892,5,0.9696965891858172,proxy,5,0.8373463167921831,71398000.0,ok,0.005202272727272727,ok,0.9319477272727272,0.0324921875,ok,ue4_qfi1,0.39285714285714285,28,100.0,all_flows,ue4_qfi1,0.39285714285714285,28,100.0,data,0.0,data,ok,0.0,ue3_qfi1,89.0,all_flows,ue3_qfi1,89.0,ok,30.0,ue4_qfi2,10,114.5,789.0,all_flows,30.0,ue4_qfi2,10,114.5,789.0,30.303,33.0,30.303,ok,33.0,,all_flows,,pending,,all_flows,,pending,100.0,"[8, 9]",ue3_qfi1,0,0,0,430.25,102.62500000000003,data,ok,2.0,,all_flows,,pending,1,33,5.0,1.0,all_flows,0,24,0.0,1.0,,ok,ue8_qfi9,True,TwoTier,87989972
ue8_qfi8,300.0,300.25,300.25,300.25,all_flows,ue4_qfi1,4.5,25.25,32.75,32.75,ok,0.5410641239289021,all_flows,0.0,ok,100.0,ue4_qfi1,0,0,0,123.24999999999963,100.24999999999994,all_flows,100.0,ue4_qfi1,0,0,0,123.24999999999963,100.24999999999994,data,2.0,data,ok,2.0,False,,all_flows,False,,3,0,proxy,3,0,ue1_qfi2,0.993421052631579,152,150.0,all_flows,ue1_qfi2,0.993421052631579,152,150.0,ok,ue4_qfi2,26.79,all_flows,ue4_qfi2,26.79,ok,8,all_flows,8,8,ok,8,ue8_qfi2,0.9627688000000001,all_flows,ue8_qfi2,0.9627688000000001,ok,0.904091639570118,all_flows,0.9999657010374522,5,0.9999426283520816,proxy,5,0.8975602759520639,66820854.4,ok,0.0047227272727272725,ok,0.9321829545454545,0.037225,ok,ue4_qfi1,0.4489795918367347,49,100.0,all_flows,ue4_qfi1,0.4489795918367347,49,100.0,data,0.0,data,ok,0.0,ue4_qfi1,28.25,all_flows,ue4_qfi1,28.25,ok,30.2,ue1_qfi2,0,0.0,0.0,all_flows,30.2,ue1_qfi2,0,0.0,0.0,30.303,33.0,30.303,ok,33.0,,all_flows,,pending,,all_flows,,pending,100.0,"[8, 9]",ue4_qfi1,0,0,0,123.24999999999963,100.24999999999994,data,ok,2.0,,all_flows,,pending,1,33,5.0,1.0,all_flows,0,24,0.0,1.0,,ok,ue8_qfi9,True,PF,161576974
ue8_qfi8,300.25,300.25,300.25,300.25,all_flows,ue7_qfi1,4.25,24.5,28.0,28.0,ok,0.5594478250375108,all_flows,0.0,ok,,ue8_qfi8,0,0,0,161.5000000000002,2.4999999999999467,all_flows,100.0,ue5_qfi1,0,0,0,127.25000000000009,100.50000000000003,data,2.0,data,ok,2.0,False,,all_flows,False,,3,0,proxy,3,0,ue1_qfi2,1.0,152,150.0,all_flows,ue1_qfi2,1.0,152,150.0,ok,ue4_qfi2,23.248,all_flows,ue4_qfi2,23.248,ok,8,all_flows,8,8,ok,8,ue8_qfi2,0.9631024,all_flows,ue8_qfi2,0.9631024,ok,0.9010171488518413,all_flows,0.9998964346816942,5,0.9998603062657794,proxy,5,0.8929553877250118,65684470.4,ok,0.004154545454545454,ok,0.9324045454545454,0.1170140625,ok,ue8_qfi1,0.4489795918367347,49,100.0,all_flows,ue8_qfi1,0.4489795918367347,49,100.0,data,0.0,data,ok,0.0,ue7_qfi1,23.75,all_flows,ue7_qfi1,23.75,ok,30.4,ue1_qfi2,0,0.0,0.0,all_flows,30.4,ue1_qfi2,0,0.0,0.0,30.303,33.0,30.303,ok,33.0,,all_flows,,pending,,all_flows,,pending,100.0,"[8, 9]",ue5_qfi1,0,0,0,127.25000000000009,100.50000000000003,data,ok,2.0,,all_flows,,pending,1,33,5.0,1.0,all_flows,0,24,0.0,1.0,,ok,ue8_qfi9,True,Reservation,161576974
ue8_qfi8,300.0,300.25,300.25,300.25,all_flows,ue3_qfi2,7.635,26.918,88.47,105.789,ok,0.5346646881857646,all_flows,0.00035049922773336823,ok,100.0,ue8_qfi1,0,0,0,351.75,100.24999999999994,all_flows,100.0,ue8_qfi1,0,0,0,351.75,100.24999999999994,data,2.0,data,ok,2.0,False,,all_flows,False,,3,0,proxy,3,0,ue1_qfi2,1.0,152,150.0,all_flows,ue1_qfi2,1.0,152,150.0,ok,ue4_qfi2,79.748,all_flows,ue4_qfi2,79.748,ok,8,all_flows,8,8,ok,8,ue8_qfi2,0.9594195999999999,all_flows,ue8_qfi2,0.9594195999999999,ok,0.8851054290830053,all_flows,0.9919423573197689,5,0.9780469491021007,proxy,5,0.8717917728256248,67176561.6,ok,0.004718181818181818,ok,0.9323113636363637,0.036078125,ok,ue4_qfi1,0.4358974358974359,39,100.0,all_flows,ue4_qfi1,0.4358974358974359,39,100.0,data,0.0,data,ok,0.0,ue3_qfi2,98.154,all_flows,ue3_qfi2,98.154,ok,30.4,ue1_qfi2,5,103.25,412.25,all_flows,30.4,ue1_qfi2,5,103.25,412.25,30.303,33.0,30.303,ok,33.0,,all_flows,,pending,,all_flows,,pending,100.0,"[8, 9]",ue8_qfi1,0,0,0,351.75,100.24999999999994,data,ok,2.0,,all_flows,,pending,1,33,5.0,1.0,all_flows,0,24,0.0,1.0,,ok,ue8_qfi9,True,TwoTier,161576974
ue8_qfi8,300.0,300.25,300.25,300.25,all_flows,ue5_qfi1,5.5,17.5,48.25,48.25,ok,0.5268916936780614,all_flows,0.0,ok,100.0,ue5_qfi1,0,0,0,139.75000000000026,99.74999999999979,all_flows,100.0,ue5_qfi1,0,0,0,139.75000000000026,99.74999999999979,data,2.0,data,ok,2.0,False,,all_flows,False,,3,0,proxy,3,0,ue6_qfi2,0.993421052631579,152,150.0,all_flows,ue6_qfi2,0.993421052631579,152,150.0,ok,ue5_qfi2,26.014,all_flows,ue5_qfi2,26.014,ok,8,all_flows,8,8,ok,8,ue4_qfi2,0.95675,all_flows,ue4_qfi2,0.95675,ok,0.9087133370603857,all_flows,0.9999389875603093,5,0.9999060060656276,proxy,5,0.9017149377173042,68899275.2,ok,0.005084090909090909,ok,0.9338636363636363,0.035571875,ok,ue7_qfi1,0.46938775510204084,49,100.0,all_flows,ue7_qfi1,0.46938775510204084,49,100.0,data,0.0,data,ok,0.0,ue5_qfi1,42.75,all_flows,ue5_qfi1,42.75,ok,30.2,ue6_qfi2,1,73.0,73.0,all_flows,30.2,ue6_qfi2,1,73.0,73.0,30.303,33.0,30.303,ok,33.0,,all_flows,,pending,,all_flows,,pending,100.0,"[8, 9]",ue5_qfi1,0,0,0,139.75000000000026,99.74999999999979,data,ok,2.0,,all_flows,,pending,1,33,5.0,1.0,all_flows,0,24,0.0,1.0,,ok,ue8_qfi9,True,PF,35492826
ue8_qfi8,300.0,300.25,300.25,300.25,all_flows,ue8_qfi1,5.75,19.0,27.0,27.0,ok,0.5473127920843294,all_flows,0.0,ok,100.0,ue8_qfi1,0,0,0,126.74999999999991,98.75000000000034,all_flows,100.0,ue8_qfi1,0,0,0,126.74999999999991,98.75000000000034,data,2.0,data,ok,2.0,False,,all_flows,False,,3,0,proxy,3,0,ue1_qfi2,1.0,152,150.0,all_flows,ue1_qfi2,1.0,152,150.0,ok,ue7_qfi2,22.607,all_flows,ue7_qfi2,22.607,ok,8,all_flows,8,8,ok,8,ue4_qfi2,0.95675,all_flows,ue4_qfi2,0.95675,ok,0.9065351892741897,all_flows,0.999897206986132,5,0.9998047095629921,proxy,5,0.8978363089837424,67635998.4,ok,0.004245454545454545,ok,0.9314340909090909,0.112196875,ok,ue2_qfi1,0.46938775510204084,49,100.0,all_flows,ue2_qfi1,0.46938775510204084,49,100.0,data,0.0,data,ok,0.0,ue8_qfi1,21.25,all_flows,ue8_qfi1,21.25,ok,30.4,ue1_qfi2,0,0.0,0.0,all_flows,30.4,ue1_qfi2,0,0.0,0.0,30.303,33.0,30.303,ok,33.0,,all_flows,,pending,,all_flows,,pending,100.0,"[8, 9]",ue8_qfi1,0,0,0,126.74999999999991,98.75000000000034,data,ok,2.0,,all_flows,,pending,1,33,5.0,1.0,all_flows,0,24,0.0,1.0,,ok,ue8_qfi9,True,Reservation,35492826
ue8_qfi8,299.75,300.25,300.25,300.25,all_flows,ue4_qfi2,25.369,67.775,90.337,114.439,ok,0.5251892948228609,all_flows,0.0003576298761196589,ok,100.0,ue1_qfi1,0,0,0,499.0000000000001,99.25000000000051,all_flows,100.0,ue1_qfi1,0,0,0,499.0000000000001,99.25000000000051,data,2.0,data,ok,2.0,False,,all_flows,False,,3,0,proxy,3,0,ue7_qfi2,0.993421052631579,152,150.0,all_flows,ue7_qfi2,0.993421052631579,152,150.0,ok,ue4_qfi2,73.573,all_flows,ue4_qfi2,73.573,ok,7,all_flows,7,8,ok,8,ue4_qfi2,0.9471264,all_flows,ue4_qfi2,0.9471264,ok,0.8740980264433984,all_flows,0.9938441821080108,5,0.9859121925274391,proxy,5,0.8595975487896573,69551553.6,ok,0.005086363636363636,ok,0.9340431818181818,0.0347421875,ok,ue4_qfi1,0.40540540540540543,37,100.0,all_flows,ue4_qfi1,0.40540540540540543,37,100.0,data,0.0,data,ok,0.0,ue2_qfi9,102.75,all_flows,ue4_qfi2,89.07,ok,30.2,ue4_qfi2,6,167.5,584.25,all_flows,30.2,ue4_qfi2,6,167.5,584.25,30.303,33.0,30.303,ok,33.0,,all_flows,,pending,,all_flows,,pending,100.0,"[8, 9]",ue1_qfi1,0,0,0,499.0000000000001,99.25000000000051,data,ok,2.0,,all_flows,,pending,1,33,5.0,1.0,all_flows,0,24,0.0,1.0,,ok,ue8_qfi9,True,TwoTier,35492826
ue8_qfi8,300.0,300.25,300.25,300.25,all_flows,ue8_qfi1,2.75,22.75,53.25,53.25,ok,0.5422735649157121,all_flows,0.0,ok,100.0,ue8_qfi1,0,0,0,149.99999999999991,99.99999999999999,all_flows,100.0,ue8_qfi1,0,0,0,149.99999999999991,99.99999999999999,data,2.0,data,ok,2.0,False,,all_flows,False,,3,0,proxy,3,0,ue1_qfi2,1.0,152,150.0,all_flows,ue1_qfi2,1.0,152,150.0,ok,ue5_qfi2,24.983,all_flows,ue5_qfi2,24.983,ok,8,all_flows,8,8,ok,8,ue1_qfi2,0.9619968000000001,all_flows,ue1_qfi2,0.9619968000000001,ok,0.9041076355484113,all_flows,0.9999287531679604,5,0.99988498873036,proxy,5,0.8998294249817911,66722803.2,ok,0.005445454545454546,ok,0.9334068181818181,0.038225,ok,ue1_qfi1,0.46938775510204084,49,100.0,all_flows,ue1_qfi1,0.46938775510204084,49,100.0,data,0.0,data,ok,0.0,ue8_qfi1,50.5,all_flows,ue8_qfi1,50.5,ok,30.4,ue1_qfi2,0,0.0,0.0,all_flows,30.4,ue1_qfi2,0,0.0,0.0,30.303,33.0,30.303,ok,33.0,,all_flows,,pending,,all_flows,,pending,100.0,"[8, 9]",ue8_qfi1,0,0,0,149.99999999999991,99.99999999999999,data,ok,2.0,,all_flows,,pending,1,33,5.0,1.0,all_flows,0,24,0.0,1.0,,ok,ue8_qfi9,True,PF,376383645
ue8_qfi8,300.25,300.25,300.25,300.25,all_flows,ue7_qfi1,5.25,15.5,28.25,28.25,ok,0.5588854674486418,all_flows,0.0,ok,100.0,ue4_qfi1,0,0,0,191.75,99.99999999999964,all_flows,100.0,ue4_qfi1,0,0,0,191.75,99.99999999999964,data,2.0,data,ok,2.0,False,,all_flows,False,,3,0,proxy,3,0,ue4_qfi2,0.993421052631579,152,150.0,all_flows,ue4_qfi2,0.993421052631579,152,150.0,ok,ue8_qfi2,23.494,all_flows,ue8_qfi2,23.494,ok,8,all_flows,8,8,ok,8,ue1_qfi2,0.9589908,all_flows,ue1_qfi2,0.9589908,ok,0.9015890926634732,all_flows,0.9998336821757938,5,0.9995367176532289,proxy,5,0.8963268274737571,65762496.0,ok,0.004322727272727272,ok,0.9350352272727273,0.120178125,ok,ue1_qfi1,0.46938775510204084,49,100.0,all_flows,ue1_qfi1,0.46938775510204084,49,100.0,data,0.0,data,ok,0.0,ue7_qfi1,23.0,all_flows,ue7_qfi1,23.0,ok,30.4,ue1_qfi2,0,0.0,0.0,all_flows,30.4,ue1_qfi2,0,0.0,0.0,30.303,33.0,30.303,ok,33.0,,all_flows,,pending,,all_flows,,pending,100.0,"[8, 9]",ue4_qfi1,0,0,0,191.75,99.99999999999964,data,ok,2.0,,all_flows,,pending,1,33,5.0,1.0,all_flows,0,24,0.0,1.0,,ok,ue8_qfi9,True,Reservation,376383645
ue8_qfi8,299.75,300.25,300.25,300.25,all_flows,ue8_qfi2,11.401,86.002,98.33,121.132,ok,0.5351534354895678,all_flows,0.005715196313674966,ok,,ue8_qfi8,0,0,0,476.0,0.2500000000000835,all_flows,100.0,ue8_qfi1,0,0,0,464.75,101.49999999999993,data,2.0,data,ok,2.0,False,,all_flows,False,,3,0,proxy,3,0,ue8_qfi2,0.9539473684210527,152,150.0,all_flows,ue8_qfi2,0.9539473684210527,152,150.0,ok,ue8_qfi2,93.407,all_flows,ue8_qfi2,93.407,ok,7,all_flows,7,8,ok,8,ue8_qfi2,0.934118,all_flows,ue8_qfi2,0.934118,ok,0.892176787915964,all_flows,0.9945465113000941,5,0.9841998781389653,proxy,5,0.8848296529494023,66982100.8,ok,0.0054522727272727275,ok,0.9337181818181818,0.0372484375,ok,ue8_qfi1,0.38461538461538464,39,100.0,all_flows,ue8_qfi1,0.38461538461538464,39,100.0,data,0.0,data,ok,0.0,ue8_qfi2,109.73100000000001,all_flows,ue8_qfi2,109.73100000000001,ok,29.0,ue8_qfi2,12,380.0,1309.0,all_flows,29.0,ue8_qfi2,12,380.0,1309.0,30.303,33.0,30.303,ok,33.0,,all_flows,,pending,,all_flows,,pending,100.0,"[8, 9]",ue8_qfi1,0,0,0,464.75,101.49999999999993,data,ok,2.0,,all_flows,,pending,1,33,5.0,1.0,all_flows,0,24,0.0,1.0,,ok,ue8_qfi9,True,TwoTier,376383645
ue8_qfi8,300.0,300.25,300.25,300.25,all_flows,ue3_qfi1,5.25,16.75,48.25,48.25,ok,0.536067175778509,all_flows,0.0,ok,100.0,ue3_qfi1,0,0,0,141.25000000000009,99.49999999999991,all_flows,100.0,ue3_qfi1,0,0,0,141.25000000000009,99.49999999999991,data,2.0,data,ok,2.0,False,,all_flows,False,,3,0,proxy,3,0,ue2_qfi2,0.993421052631579,152,150.0,all_flows,ue2_qfi2,0.993421052631579,152,150.0,ok,ue3_qfi2,27.903,all_flows,ue3_qfi2,27.903,ok,8,all_flows,8,8,ok,8,ue4_qfi2,0.9588148000000001,all_flows,ue4_qfi2,0.9588148000000001,ok,0.9053058586938638,all_flows,0.9999608343656703,5,0.9999321126565128,proxy,5,0.9003001844112527,67551156.8,ok,0.004634090909090909,ok,0.9336318181818182,0.0364859375,ok,ue8_qfi1,0.46938775510204084,49,100.0,all_flows,ue8_qfi1,0.46938775510204084,49,100.0,data,0.0,data,ok,0.0,ue1_qfi1,43.25,all_flows,ue1_qfi1,43.25,ok,30.2,ue2_qfi2,1,66.75,66.75,all_flows,30.2,ue2_qfi2,1,66.75,66.75,30.303,33.0,30.303,ok,33.0,,all_flows,,pending,,all_flows,,pending,100.0,"[8, 9]",ue3_qfi1,0,0,0,141.25000000000009,99.49999999999991,data,ok,2.0,,all_flows,,pending,1,33,5.0,1.0,all_flows,0,24,0.0,1.0,,ok,ue8_qfi9,True,PF,1746484539
ue8_qfi8,300.25,300.25,300.25,300.25,all_flows,ue1_qfi1,6.5,21.75,28.25,28.25,ok,0.5553975758958755,all_flows,0.0,ok,100.0,ue8_qfi1,0,0,0,123.75000000000026,99.75,all_flows,100.0,ue8_qfi1,0,0,0,123.75000000000026,99.75,data,2.0,data,ok,2.0,False,,all_flows,False,,3,0,proxy,3,0,ue6_qfi2,0.993421052631579,152,150.0,all_flows,ue6_qfi2,0.993421052631579,152,150.0,ok,ue3_qfi2,23.995,all_flows,ue3_qfi2,23.995,ok,8,all_flows,8,8,ok,8,ue4_qfi2,0.9590751999999999,all_flows,ue4_qfi2,0.9590751999999999,ok,0.9029088176459309,all_flows,0.9998965714531007,5,0.9998563380123697,proxy,5,0.8974838453107635,66331200.0,ok,0.004172727272727272,ok,0.9325863636363636,0.1147390625,ok,ue3_qfi1,0.42857142857142855,49,100.0,all_flows,ue3_qfi1,0.42857142857142855,49,100.0,data,0.0,data,ok,0.0,ue1_qfi1,21.75,all_flows,ue1_qfi1,21.75,ok,30.2,ue6_qfi2,1,73.0,73.0,all_flows,30.2,ue6_qfi2,1,73.0,73.0,30.303,33.0,30.303,ok,33.0,,all_flows,,pending,,all_flows,,pending,100.0,"[8, 9]",ue8_qfi1,0,0,0,123.75000000000026,99.75,data,ok,2.0,,all_flows,,pending,1,33,5.0,1.0,all_flows,0,24,0.0,1.0,,ok,ue8_qfi9,True,Reservation,1746484539
ue8_qfi8,299.5,300.25,300.25,300.25,all_flows,ue8_qfi2,27.296,86.871,101.162,105.119,ok,0.5213037827883877,all_flows,0.0006013083672417223,ok,100.0,ue6_qfi1,0,0,1,587.5000000000003,103.74999999999999,all_flows,100.0,ue6_qfi1,0,0,1,587.5000000000003,103.74999999999999,data,2.0,data,ok,2.0,False,,all_flows,False,,3,0,proxy,3,0,ue4_qfi2,0.993421052631579,152,150.0,all_flows,ue4_qfi2,0.993421052631579,152,150.0,ok,ue8_qfi2,103.583,all_flows,ue8_qfi2,103.583,ok,7,all_flows,7,8,ok,8,ue8_qfi2,0.9468892,all_flows,ue8_qfi2,0.9468892,ok,0.8771077548908176,all_flows,0.9855297228890303,5,0.9748485618386143,proxy,5,0.8694790755517494,68047508.8,ok,0.004631818181818181,ok,0.9337477272727273,0.03525,ok,ue6_qfi1,0.3870967741935484,31,100.0,all_flows,ue6_qfi1,0.3870967741935484,31,100.0,data,0.0,data,ok,0.0,ue3_qfi9,143.5,all_flows,ue8_qfi1,90.25,ok,30.0,ue8_qfi2,16,105.75,1413.0,all_flows,30.0,ue8_qfi2,16,105.75,1413.0,30.303,33.0,30.303,ok,33.0,,all_flows,,pending,,all_flows,,pending,100.0,"[8, 9]",ue6_qfi1,0,0,1,587.5000000000003,103.74999999999999,data,ok,2.0,,all_flows,,pending,1,33,5.0,1.0,all_flows,0,24,0.0,1.0,,ok,ue8_qfi9,True,TwoTier,1746484539
ue8_qfi8,300.0,300.25,300.25,300.25,all_flows,ue4_qfi1,4.75,16.0,45.5,45.5,ok,0.5472940980499291,all_flows,0.0,ok,100.0,ue4_qfi1,0,0,0,139.75000000000003,99.25000000000006,all_flows,100.0,ue4_qfi1,0,0,0,139.75000000000003,99.25000000000006,data,2.0,data,ok,2.0,False,,all_flows,False,,3,0,proxy,3,0,ue6_qfi2,0.993421052631579,152,150.0,all_flows,ue6_qfi2,0.993421052631579,152,150.0,ok,ue5_qfi2,25.468,all_flows,ue5_qfi2,25.468,ok,8,all_flows,8,8,ok,8,ue3_qfi2,0.9578711999999999,all_flows,ue3_qfi2,0.9578711999999999,ok,0.9012599505859107,all_flows,0.9999341243286514,5,0.9999102170009576,proxy,5,0.8976369563875578,65752796.8,ok,0.00495,ok,0.9332409090909091,0.03880625,ok,ue2_qfi1,0.4489795918367347,49,100.0,all_flows,ue2_qfi1,0.4489795918367347,49,100.0,data,0.0,data,ok,0.0,ue4_qfi1,40.75,all_flows,ue4_qfi1,40.75,ok,30.2,ue6_qfi2,1,67.5,67.5,all_flows,30.2,ue6_qfi2,1,67.5,67.5,30.303,33.0,30.303,ok,33.0,,all_flows,,pending,,all_flows,,pending,100.0,"[8, 9]",ue4_qfi1,0,0,0,139.75000000000003,99.25000000000006,data,ok,2.0,,all_flows,,pending,1,33,5.0,1.0,all_flows,0,24,0.0,1.0,,ok,ue8_qfi9,True,PF,1394609702
ue8_qfi8,300.25,300.25,300.25,300.25,all_flows,ue7_qfi2,9.237,20.893,23.347,24.634,ok,0.5662397435758216,all_flows,0.0,ok,100.0,ue1_qfi1,0,0,0,198.74999999999997,100.00000000000009,all_flows,100.0,ue1_qfi1,0,0,0,198.74999999999997,100.00000000000009,data,2.0,data,ok,2.0,False,,all_flows,False,,3,0,proxy,3,0,ue2_qfi2,0.993421052631579,152,150.0,all_flows,ue2_qfi2,0.993421052631579,152,150.0,ok,ue6_qfi2,23.937,all_flows,ue6_qfi2,23.937,ok,8,all_flows,8,8,ok,8,ue2_qfi2,0.9573891999999999,all_flows,ue2_qfi2,0.9573891999999999,ok,0.8980323655454032,all_flows,0.999876165252123,5,0.9996481165188403,proxy,5,0.892485445230257,64575952.0,ok,0.0044136363636363635,ok,0.9326545454545454,0.12215,ok,ue8_qfi1,0.42857142857142855,49,100.0,all_flows,ue8_qfi1,0.42857142857142855,49,100.0,data,0.0,data,ok,0.0,ue1_qfi1,18.0,all_flows,ue1_qfi1,18.0,ok,30.2,ue2_qfi2,1,69.25,69.25,all_flows,30.2,ue2_qfi2,1,69.25,69.25,30.303,33.0,30.303,ok,33.0,,all_flows,,pending,,all_flows,,pending,100.0,"[8, 9]",ue1_qfi1,0,0,0,198.74999999999997,100.00000000000009,data,ok,2.0,,all_flows,,pending,1,33,5.0,1.0,all_flows,0,24,0.0,1.0,,ok,ue8_qfi9,True,Reservation,1394609702
ue8_qfi8,298.25,300.25,300.25,300.25,all_flows,ue8_qfi1,5.75,90.25,99.25,99.25,ok,0.5371031904883191,all_flows,0.00047898392757607416,ok,,ue8_qfi8,0,0,0,360.25000000000017,0.2500000000000002,all_flows,100.0,ue5_qfi1,0,0,0,343.5000000000001,102.75000000000034,data,2.0,data,ok,2.0,False,,all_flows,False,,3,0,proxy,3,0,ue1_qfi2,0.993421052631579,152,150.0,all_flows,ue1_qfi2,0.993421052631579,152,150.0,ok,ue8_qfi2,89.469,all_flows,ue8_qfi2,89.469,ok,8,all_flows,8,8,ok,8,ue8_qfi2,0.9557944,all_flows,ue8_qfi2,0.9557944,ok,0.8755568563726154,all_flows,0.9903212120709796,5,0.9795412440882358,proxy,5,0.8591897693746856,65871936.0,ok,0.005120454545454545,ok,0.9332943181818182,0.037690625,ok,ue5_qfi1,0.3939393939393939,33,100.0,all_flows,ue5_qfi1,0.3939393939393939,33,100.0,data,0.0,data,ok,0.0,ue8_qfi1,93.5,all_flows,ue8_qfi1,93.5,ok,30.0,ue8_qfi2,16,107.25,1349.75,all_flows,30.0,ue8_qfi2,16,107.25,1349.75,30.303,33.0,30.303,ok,33.0,,all_flows,,pending,,all_flows,,pending,100.0,"[8, 9]",ue5_qfi1,0,0,0,343.5000000000001,102.75000000000034,data,ok,2.0,,all_flows,,pending,1,33,5.0,1.0,all_flows,0,24,0.0,1.0,,ok,ue8_qfi9,True,TwoTier,1394609702
ue8_qfi8,300.0,300.25,300.25,300.25,all_flows,ue5_qfi1,5.25,21.0,63.5,63.5,ok,0.5267950641090345,all_flows,0.0,ok,100.0,ue5_qfi1,0,0,0,156.50000000000009,99.25000000000006,all_flows,100.0,ue5_qfi1,0,0,0,156.50000000000009,99.25000000000006,data,2.0,data,ok,2.0,False,,all_flows,False,,3,0,proxy,3,0,ue4_qfi2,0.9868421052631579,152,150.0,all_flows,ue4_qfi2,0.9868421052631579,152,150.0,ok,ue2_qfi2,27.68,all_flows,ue2_qfi2,27.68,ok,8,all_flows,8,8,ok,8,ue6_qfi2,0.9667131999999999,all_flows,ue6_qfi2,0.9667131999999999,ok,0.9073660961949569,all_flows,0.9999579771860698,5,0.999936158492403,proxy,5,0.8990941964251689,68660268.8,ok,0.0054909090909090906,ok,0.9331329545454545,0.0357734375,ok,ue3_qfi1,0.46938775510204084,49,100.0,all_flows,ue3_qfi1,0.46938775510204084,49,100.0,data,0.0,data,ok,0.0,ue5_qfi1,58.25,all_flows,ue5_qfi1,58.25,ok,30.2,ue3_qfi2,1,66.25,66.25,all_flows,30.2,ue3_qfi2,1,66.25,66.25,30.303,33.0,30.303,ok,33.0,,all_flows,,pending,,all_flows,,pending,100.0,"[8, 9]",ue5_qfi1,0,0,0,156.50000000000009,99.25000000000006,data,ok,2.0,,all_flows,,pending,1,33,5.0,1.0,all_flows,0,24,0.0,1.0,,ok,ue8_qfi9,True,PF,1960127675
ue8_qfi8,300.0,300.25,300.25,300.25,all_flows,ue3_qfi1,6.5,21.75,26.75,26.75,ok,0.546817642358361,all_flows,0.0,ok,,ue8_qfi8,0,0,0,203.25000000000014,1.9999999999997797,all_flows,100.0,ue2_qfi1,0,0,0,123.00000000000023,99.49999999999999,data,2.0,data,ok,2.0,False,,all_flows,False,,3,0,proxy,3,0,ue7_qfi2,0.993421052631579,152,150.0,all_flows,ue7_qfi2,0.993421052631579,152,150.0,ok,ue2_qfi2,24.632,all_flows,ue2_qfi2,24.632,ok,8,all_flows,8,8,ok,8,ue6_qfi2,0.9645096,all_flows,ue6_qfi2,0.9645096,ok,0.9050562895522294,all_flows,0.9999074584149348,5,0.9998677319697132,proxy,5,0.8943964607526707,67501512.0,ok,0.004140909090909091,ok,0.9334420454545455,0.11208125,ok,ue4_qfi1,0.42857142857142855,49,100.0,all_flows,ue4_qfi1,0.42857142857142855,49,100.0,data,0.0,data,ok,0.0,ue3_qfi1,20.25,all_flows,ue3_qfi1,20.25,ok,30.4,ue1_qfi2,0,0.0,0.0,all_flows,30.4,ue1_qfi2,0,0.0,0.0,30.303,33.0,30.303,ok,33.0,,all_flows,,pending,,all_flows,,pending,100.0,"[8, 9]",ue2_qfi1,0,0,0,123.00000000000023,99.49999999999999,data,ok,2.0,,all_flows,,pending,1,33,5.0,1.0,all_flows,0,24,0.0,1.0,,ok,ue8_qfi9,True,Reservation,1960127675
ue8_qfi8,299.75,300.25,300.25,300.25,all_flows,ue5_qfi2,33.701,81.726,103.1,126.138,ok,0.516277114201973,all_flows,0.0037434178945137202,ok,,ue2_qfi9,0,0,1,621.75,0.0,all_flows,100.0,ue2_qfi1,0,0,1,617.9999999999999,100.75000000000011,data,2.0,data,ok,2.0,False,,all_flows,False,,3,0,proxy,3,0,ue8_qfi2,0.9735099337748344,151,150.0,all_flows,ue8_qfi2,0.9735099337748344,151,150.0,ok,ue8_qfi2,95.348,all_flows,ue8_qfi2,95.348,ok,7,all_flows,7,8,ok,8,ue8_qfi2,0.9414788000000001,all_flows,ue8_qfi2,0.9414788000000001,ok,0.876593264424154,all_flows,0.9837514740580222,5,0.9695996272136232,proxy,5,0.865017008673203,68965857.6,ok,0.005456818181818182,ok,0.9331875,0.034809375,ok,ue5_qfi1,0.3076923076923077,26,100.0,all_flows,ue5_qfi1,0.3076923076923077,26,100.0,data,0.0,data,ok,0.0,ue3_qfi9,111.25,all_flows,ue5_qfi2,92.43700000000001,ok,30.0,ue5_qfi2,10,168.25,992.75,all_flows,30.0,ue5_qfi2,10,168.25,992.75,30.303,33.0,30.303,ok,33.0,,all_flows,,pending,,all_flows,,pending,100.0,"[8, 9]",ue2_qfi1,0,0,1,617.9999999999999,100.75000000000011,data,ok,2.0,,all_flows,,pending,1,33,5.0,1.0,all_flows,0,24,0.0,1.0,,ok,ue8_qfi9,True,TwoTier,1960127675
ue8_qfi8,300.0,300.25,300.25,300.25,all_flows,ue6_qfi1,5.25,21.75,43.0,43.0,ok,0.521508365054917,all_flows,0.0,ok,100.0,ue2_qfi1,0,0,0,128.0000000000001,99.49999999999991,all_flows,100.0,ue2_qfi1,0,0,0,128.0000000000001,99.49999999999991,data,2.0,data,ok,2.0,False,,all_flows,False,,3,0,proxy,3,0,ue3_qfi2,0.993421052631579,152,150.0,all_flows,ue3_qfi2,0.993421052631579,152,150.0,ok,ue5_qfi2,25.406,all_flows,ue5_qfi2,25.406,ok,8,all_flows,8,8,ok,8,ue5_qfi2,0.9654956,all_flows,ue5_qfi2,0.9654956,ok,0.9122200853417093,all_flows,0.9999381438784998,5,0.9998787730672954,proxy,5,0.9043890577346805,69388217.6,ok,0.005438636363636363,ok,0.9317977272727272,0.0350234375,ok,ue1_qfi1,0.46938775510204084,49,100.0,all_flows,ue1_qfi1,0.46938775510204084,49,100.0,data,0.0,data,ok,0.0,ue6_qfi1,37.75,all_flows,ue6_qfi1,37.75,ok,30.2,ue7_qfi2,1,67.75,67.75,all_flows,30.2,ue7_qfi2,1,67.75,67.75,30.303,33.0,30.303,ok,33.0,,all_flows,,pending,,all_flows,,pending,100.0,"[8, 9]",ue2_qfi1,0,0,0,128.0000000000001,99.49999999999991,data,ok,2.0,,all_flows,,pending,1,33,5.0,1.0,all_flows,0,24,0.0,1.0,,ok,ue8_qfi9,True,PF,1081530686
ue8_qfi8,300.25,300.25,300.25,300.25,all_flows,ue8_qfi1,5.75,19.75,25.5,25.5,ok,0.5395236787356075,all_flows,0.0,ok,,ue8_qfi8,0,0,0,133.49999999999994,2.500000000000002,all_flows,100.0,ue7_qfi1,0,0,0,124.24999999999997,99.99999999999964,data,2.0,data,ok,2.0,False,,all_flows,False,,3,0,proxy,3,0,ue1_qfi2,0.993421052631579,152,150.0,all_flows,ue1_qfi2,0.993421052631579,152,150.0,ok,ue5_qfi2,23.408,all_flows,ue5_qfi2,23.408,ok,8,all_flows,8,8,ok,8,ue5_qfi2,0.9633924,all_flows,ue5_qfi2,0.9633924,ok,0.9099869018753128,all_flows,0.9998857165889715,5,0.9998082950853572,proxy,5,0.9029178144163414,68503396.8,ok,0.003938636363636364,ok,0.9331125,0.1099828125,ok,ue4_qfi1,0.4489795918367347,49,100.0,all_flows,ue4_qfi1,0.4489795918367347,49,100.0,data,0.0,data,ok,0.0,ue8_qfi1,19.75,all_flows,ue8_qfi1,19.75,ok,30.2,ue1_qfi2,1,78.5,78.5,all_flows,30.2,ue1_qfi2,1,78.5,78.5,30.303,33.0,30.303,ok,33.0,,all_flows,,pending,,all_flows,,pending,100.0,"[8, 9]",ue7_qfi1,0,0,0,124.24999999999997,99.99999999999964,data,ok,2.0,,all_flows,,pending,1,33,5.0,1.0,all_flows,0,24,0.0,1.0,,ok,ue8_qfi9,True,Reservation,1081530686
ue8_qfi8,299.75,300.25,300.25,300.25,all_flows,ue8_qfi2,17.842,81.596,96.888,113.993,ok,0.514019452098277,all_flows,0.014206973452443112,ok,100.0,ue8_qfi1,0,0,1,776.9999999999997,100.24999999999994,all_flows,100.0,ue8_qfi1,0,0,1,776.9999999999997,100.24999999999994,data,2.0,data,ok,2.0,False,,all_flows,False,,3,0,proxy,3,0,ue8_qfi2,0.8881578947368421,152,150.0,all_flows,ue8_qfi2,0.8881578947368421,152,150.0,ok,ue8_qfi2,94.026,all_flows,ue8_qfi2,94.026,ok,7,all_flows,7,8,ok,8,ue8_qfi2,0.8618244,all_flows,ue8_qfi2,0.8618244,ok,0.900586835824942,all_flows,0.9939282596390713,5,0.9810189254603872,proxy,5,0.8863283491210143,69382260.8,ok,0.005431818181818182,ok,0.9315477272727273,0.0341328125,ok,ue8_qfi1,0.45714285714285713,35,100.0,all_flows,ue8_qfi1,0.45714285714285713,35,100.0,data,0.0,data,ok,0.0,ue8_qfi2,96.151,all_flows,ue8_qfi2,96.151,ok,27.0,ue8_qfi2,13,719.0,1753.5,all_flows,27.0,ue8_qfi2,13,719.0,1753.5,30.303,33.0,30.303,ok,33.0,,all_flows,,pending,,all_flows,,pending,100.0,"[8, 9]",ue8_qfi1,0,0,1,776.9999999999997,100.24999999999994,data,ok,2.0,,all_flows,,pending,1,33,5.0,1.0,all_flows,0,24,0.0,1.0,,ok,ue8_qfi9,True,TwoTier,1081530686
ue8_qfi8,300.0,300.25,300.25,300.25,all_flows,ue6_qfi1,3.5,17.75,49.25,49.25,ok,0.5356675292705502,all_flows,0.0,ok,100.0,ue6_qfi1,0,0,0,133.24999999999997,100.00000000000009,all_flows,100.0,ue6_qfi1,0,0,0,133.24999999999997,100.00000000000009,data,2.0,data,ok,2.0,False,,all_flows,False,,3,0,proxy,3,0,ue2_qfi2,0.993421052631579,152,150.0,all_flows,ue2_qfi2,0.993421052631579,152,150.0,ok,ue7_qfi2,24.747,all_flows,ue7_qfi2,24.747,ok,8,all_flows,8,8,ok,8,ue8_qfi2,0.9574364000000001,all_flows,ue8_qfi2,0.9574364000000001,ok,0.9064131373531226,all_flows,0.9999512134520664,5,0.9999245378558554,proxy,5,0.8970925762264943,67681008.0,ok,0.005284090909090909,ok,0.9344465909090909,0.0369859375,ok,ue6_qfi1,0.4897959183673469,49,100.0,all_flows,ue6_qfi1,0.4897959183673469,49,100.0,data,0.0,data,ok,0.0,ue6_qfi1,45.75,all_flows,ue6_qfi1,45.75,ok,30.2,ue2_qfi2,1,66.25,66.25,all_flows,30.2,ue2_qfi2,1,66.25,66.25,30.303,33.0,30.303,ok,33.0,,all_flows,,pending,,all_flows,,pending,100.0,"[8, 9]",ue6_qfi1,0,0,0,133.24999999999997,100.00000000000009,data,ok,2.0,,all_flows,,pending,1,33,5.0,1.0,all_flows,0,24,0.0,1.0,,ok,ue8_qfi9,True,PF,1302740407
ue8_qfi8,300.25,300.25,300.25,300.25,all_flows,ue4_qfi1,6.0,17.0,28.5,28.5,ok,0.5529346147362537,all_flows,0.0,ok,,ue8_qfi8,0,0,0,162.00000000000014,2.249999999999988,all_flows,100.0,ue4_qfi1,0,0,0,127.25000000000009,100.00000000000009,data,2.0,data,ok,2.0,False,,all_flows,False,,3,0,proxy,3,0,ue3_qfi2,0.9933774834437086,151,150.0,all_flows,ue3_qfi2,0.9933774834437086,151,150.0,ok,ue4_qfi2,22.75,all_flows,ue4_qfi2,22.75,ok,8,all_flows,8,8,ok,8,ue8_qfi2,0.958476,all_flows,ue8_qfi2,0.958476,ok,0.9041626290763052,all_flows,0.9998935161490341,5,0.9997989148370884,proxy,5,0.8927971079541945,66718536.0,ok,0.004077272727272727,ok,0.9330761363636364,0.11591875,ok,ue3_qfi1,0.46938775510204084,49,100.0,all_flows,ue3_qfi1,0.46938775510204084,49,100.0,data,0.0,data,ok,0.0,ue4_qfi1,22.5,all_flows,ue4_qfi1,22.5,ok,30.4,ue1_qfi2,0,0.0,0.0,all_flows,30.4,ue1_qfi2,0,0.0,0.0,30.303,33.0,30.303,ok,33.0,,all_flows,,pending,,all_flows,,pending,100.0,"[8, 9]",ue4_qfi1,0,0,0,127.25000000000009,100.00000000000009,data,ok,2.0,,all_flows,,pending,1,33,5.0,1.0,all_flows,0,24,0.0,1.0,,ok,ue8_qfi9,True,Reservation,1302740407
ue8_qfi8,300.0,300.25,300.25,300.25,all_flows,ue8_qfi2,8.369,71.282,96.697,117.069,ok,0.5313350237062793,all_flows,0.0034935336206006837,ok,,ue8_qfi8,0,0,1,652.0000000000001,0.25000000000030553,all_flows,100.0,ue4_qfi1,0,0,0,396.74999999999994,101.12500000000013,data,2.0,data,ok,2.0,False,,all_flows,False,,3,0,proxy,3,0,ue8_qfi2,0.9736842105263158,152,150.0,all_flows,ue8_qfi2,0.9736842105263158,152,150.0,ok,ue8_qfi2,90.944,all_flows,ue8_qfi2,90.944,ok,7,all_flows,7,8,ok,8,ue8_qfi2,0.935862,all_flows,ue8_qfi2,0.935862,ok,0.8741874111751541,all_flows,0.9855245297582413,5,0.970041822848003,proxy,5,0.8561017832934416,67965745.6,ok,0.005304545454545454,ok,0.9343704545454545,0.035959375,ok,ue1_qfi1,0.4482758620689655,29,100.0,all_flows,ue1_qfi1,0.4482758620689655,29,100.0,data,0.0,data,ok,0.0,ue8_qfi2,108.7,all_flows,ue8_qfi2,108.7,ok,29.8,ue1_qfi2,10,134.0,859.0,all_flows,29.8,ue1_qfi2,10,134.0,859.0,30.303,33.0,30.303,ok,33.0,,all_flows,,pending,,all_flows,,pending,100.0,"[8, 9]",ue4_qfi1,0,0,0,396.74999999999994,101.12500000000013,data,ok,2.0,,all_flows,,pending,1,33,5.0,1.0,all_flows,0,24,0.0,1.0,,ok,ue8_qfi9,True,TwoTier,1302740407
ue8_qfi8,300.0,300.25,300.25,300.25,all_flows,ue4_qfi1,6.0,16.0,31.0,31.0,ok,0.5219645797582483,all_flows,0.0,ok,100.0,ue2_qfi1,0,0,0,120.75000000000014,99.74999999999979,all_flows,100.0,ue2_qfi1,0,0,0,120.75000000000014,99.74999999999979,data,2.0,data,ok,2.0,False,,all_flows,False,,3,0,proxy,3,0,ue1_qfi2,1.0,152,150.0,all_flows,ue1_qfi2,1.0,152,150.0,ok,ue4_qfi2,24.742,all_flows,ue4_qfi2,24.742,ok,8,all_flows,8,8,ok,8,ue8_qfi2,0.9649808000000001,all_flows,ue8_qfi2,0.9649808000000001,ok,0.9106181738686103,all_flows,0.9999627173299631,5,0.9999265615063313,proxy,5,0.9043855215650188,69288499.2,ok,0.005131818181818182,ok,0.9324352272727273,0.0352078125,ok,ue5_qfi1,0.4489795918367347,49,100.0,all_flows,ue5_qfi1,0.4489795918367347,49,100.0,data,0.0,data,ok,0.0,ue4_qfi1,25.0,all_flows,ue4_qfi1,25.0,ok,30.4,ue1_qfi2,0,0.0,0.0,all_flows,30.4,ue1_qfi2,0,0.0,0.0,30.303,33.0,30.303,ok,33.0,,all_flows,,pending,,all_flows,,pending,100.0,"[8, 9]",ue2_qfi1,0,0,0,120.75000000000014,99.74999999999979,data,ok,2.0,,all_flows,,pending,1,33,5.0,1.0,all_flows,0,24,0.0,1.0,,ok,ue8_qfi9,True,PF,2084654369
ue8_qfi8,300.25,300.25,300.25,300.25,all_flows,ue1_qfi1,5.5,18.5,25.75,25.75,ok,0.5409341734793861,all_flows,0.0,ok,100.0,ue3_qfi1,0,0,0,123.99999999999966,100.00000000000009,all_flows,100.0,ue3_qfi1,0,0,0,123.99999999999966,100.00000000000009,data,2.0,data,ok,2.0,False,,all_flows,False,,3,0,proxy,3,0,ue1_qfi2,1.0,152,150.0,all_flows,ue1_qfi2,1.0,152,150.0,ok,ue3_qfi2,23.481,all_flows,ue3_qfi2,23.481,ok,8,all_flows,8,8,ok,8,ue7_qfi2,0.9625848,all_flows,ue7_qfi2,0.9625848,ok,0.9083863608502403,all_flows,0.9999093144030059,5,0.999869976988444,proxy,5,0.9028491646956386,68134836.8,ok,0.004054545454545455,ok,0.9316090909090909,0.110846875,ok,ue1_qfi1,0.42857142857142855,49,100.0,all_flows,ue1_qfi1,0.42857142857142855,49,100.0,data,0.0,data,ok,0.0,ue1_qfi1,20.25,all_flows,ue1_qfi1,20.25,ok,30.4,ue1_qfi2,0,0.0,0.0,all_flows,30.4,ue1_qfi2,0,0.0,0.0,30.303,33.0,30.303,ok,33.0,,all_flows,,pending,,all_flows,,pending,100.0,"[8, 9]",ue3_qfi1,0,0,0,123.99999999999966,100.00000000000009,data,ok,2.0,,all_flows,,pending,1,33,5.0,1.0,all_flows,0,24,0.0,1.0,,ok,ue8_qfi9,True,Reservation,2084654369
ue8_qfi8,299.5,300.25,300.25,300.25,all_flows,ue3_qfi1,8.25,69.25,100.25,100.25,ok,0.5087115212236849,all_flows,0.00039749033597804504,ok,,ue8_qfi8,0,1,1,1014.5,0.2500000000000002,all_flows,100.0,ue3_qfi1,0,0,0,322.24999999999994,100.87499999999983,data,2.0,data,ok,2.0,False,,all_flows,False,,3,0,proxy,3,0,ue1_qfi2,1.0,152,150.0,all_flows,ue1_qfi2,1.0,152,150.0,ok,ue8_qfi2,95.701,all_flows,ue8_qfi2,95.701,ok,7,all_flows,7,8,ok,8,ue8_qfi2,0.9483735999999999,all_flows,ue8_qfi2,0.9483735999999999,ok,0.8920120737662774,all_flows,0.9946977497924671,5,0.9925067226698552,proxy,5,0.8765133179307203,69613371.2,ok,0.005120454545454545,ok,0.932203409090909,0.0338875,ok,ue8_qfi1,0.3611111111111111,36,100.0,all_flows,ue8_qfi1,0.3611111111111111,36,100.0,data,0.0,data,ok,0.0,ue4_qfi9,101.0,all_flows,ue3_qfi1,92.0,ok,30.0,ue8_qfi2,16,103.75,1379.25,all_flows,30.0,ue8_qfi2,16,103.75,1379.25,30.303,33.0,30.303,ok,33.0,,all_flows,,pending,,all_flows,,pending,100.0,"[8, 9]",ue3_qfi1,0,0,0,322.24999999999994,100.87499999999983,data,ok,2.0,,all_flows,,pending,1,33,4.9075,1.0,all_flows,0,24,0.0,1.0,,ok,ue8_qfi9,True,TwoTier,2084654369
ue8_qfi8,300.0,300.25,300.25,300.25,all_flows,ue6_qfi1,5.5,19.75,29.5,29.5,ok,0.5254089848225121,all_flows,0.0,ok,100.0,ue6_qfi1,0,0,0,127.75,100.00000000000009,all_flows,100.0,ue6_qfi1,0,0,0,127.75,100.00000000000009,data,2.0,data,ok,2.0,False,,all_flows,False,,3,0,proxy,3,0,ue1_qfi2,1.0,152,150.0,all_flows,ue1_qfi2,1.0,152,150.0,ok,ue6_qfi2,25.553,all_flows,ue6_qfi2,25.553,ok,8,all_flows,8,8,ok,8,ue1_qfi2,0.9680304000000001,all_flows,ue1_qfi2,0.9680304000000001,ok,0.9102867040424212,all_flows,0.9999535102934589,5,0.9999210609456451,proxy,5,0.9055016834942722,69133550.4,ok,0.005218181818181818,ok,0.9327363636363636,0.0346609375,ok,ue5_qfi1,0.46938775510204084,49,100.0,all_flows,ue5_qfi1,0.46938775510204084,49,100.0,data,0.0,data,ok,0.0,ue6_qfi1,24.0,all_flows,ue6_qfi1,24.0,ok,30.4,ue1_qfi2,0,0.0,0.0,all_flows,30.4,ue1_qfi2,0,0.0,0.0,30.303,33.0,30.303,ok,33.0,,all_flows,,pending,,all_flows,,pending,100.0,"[8, 9]",ue6_qfi1,0,0,0,127.75,100.00000000000009,data,ok,2.0,,all_flows,,pending,1,33,5.0,1.0,all_flows,0,24,0.0,1.0,,ok,ue8_qfi9,True,PF,1566581934
ue8_qfi8,300.25,300.25,300.25,300.25,all_flows,ue6_qfi1,5.75,19.75,25.5,25.5,ok,0.5432354208508468,all_flows,0.0,ok,100.0,ue6_qfi1,0,0,0,125.24999999999986,98.75000000000034,all_flows,100.0,ue6_qfi1,0,0,0,125.24999999999986,98.75000000000034,data,2.0,data,ok,2.0,False,,all_flows,False,,3,0,proxy,3,0,ue1_qfi2,0.993421052631579,152,150.0,all_flows,ue1_qfi2,0.993421052631579,152,150.0,ok,ue6_qfi2,23.392,all_flows,ue6_qfi2,23.392,ok,8,all_flows,8,8,ok,8,ue2_qfi2,0.9681428000000001,all_flows,ue2_qfi2,0.9681428000000001,ok,0.9081637926407284,all_flows,0.9998939802591732,5,0.9998567510330617,proxy,5,0.9042252860167812,68083702.4,ok,0.004047727272727273,ok,0.9332954545454546,0.10845625,ok,ue1_qfi1,0.4489795918367347,49,100.0,all_flows,ue1_qfi1,0.4489795918367347,49,100.0,data,0.0,data,ok,0.0,ue6_qfi1,19.75,all_flows,ue6_qfi1,19.75,ok,30.2,ue1_qfi2,1,68.0,68.0,all_flows,30.2,ue1_qfi2,1,68.0,68.0,30.303,33.0,30.303,ok,33.0,,all_flows,,pending,,all_flows,,pending,100.0,"[8, 9]",ue6_qfi1,0,0,0,125.24999999999986,98.75000000000034,data,ok,2.0,,all_flows,,pending,1,33,5.0,1.0,all_flows,0,24,0.0,1.0,,ok,ue8_qfi9,True,Reservation,1566581934
ue8_qfi8,294.75,300.25,300.25,300.25,all_flows,ue8_qfi2,32.962,95.376,101.91,104.267,ok,0.5100929123035047,all_flows,0.0007603731160914387,ok,,ue6_qfi9,0,0,1,674.75,0.0,all_flows,100.0,ue2_qfi1,0,0,0,425.5,100.99999999999997,data,2.0,data,ok,2.0,False,,all_flows,False,,3,0,proxy,3,0,ue6_qfi2,0.9933333333333333,150,150.0,all_flows,ue6_qfi2,0.9933333333333333,150,150.0,ok,ue8_qfi2,101.529,all_flows,ue8_qfi2,101.529,ok,8,all_flows,8,8,ok,8,ue8_qfi2,0.9620148000000001,all_flows,ue8_qfi2,0.9620148000000001,ok,0.8701250621539355,all_flows,0.978222683691101,5,0.9628322412572451,proxy,5,0.8529912552375032,68997780.8,ok,0.005068181818181818,ok,0.9327670454545455,0.0342234375,ok,ue6_qfi1,0.37037037037037035,27,100.0,all_flows,ue6_qfi1,0.37037037037037035,27,100.0,data,0.0,data,ok,0.0,ue7_qfi9,100.5,all_flows,ue2_qfi1,85.75,ok,30.0,ue8_qfi2,18,110.0,1641.5,all_flows,30.0,ue8_qfi2,18,110.0,1641.5,30.303,33.0,30.303,ok,33.0,,all_flows,,pending,,all_flows,,pending,100.0,"[8, 9]",ue2_qfi1,0,0,0,425.5,100.99999999999997,data,ok,2.0,,all_flows,,pending,1,33,5.0,1.0,all_flows,0,24,0.0,1.0,,ok,ue8_qfi9,True,TwoTier,1566581934
ue8_qfi8,300.0,300.25,300.25,300.25,all_flows,ue5_qfi1,5.5,18.5,52.0,52.0,ok,0.5371134310348507,all_flows,0.0,ok,100.0,ue5_qfi1,0,0,0,134.7499999999995,99.49999999999991,all_flows,100.0,ue5_qfi1,0,0,0,134.7499999999995,99.49999999999991,data,2.0,data,ok,2.0,False,,all_flows,False,,3,0,proxy,3,0,ue1_qfi2,1.0,152,150.0,all_flows,ue1_qfi2,1.0,152,150.0,ok,ue5_qfi2,26.742,all_flows,ue5_qfi2,26.742,ok,8,all_flows,8,8,ok,8,ue6_qfi2,0.955028,all_flows,ue6_qfi2,0.955028,ok,0.9047428636504856,all_flows,0.9999460868824753,5,0.9999063839322985,proxy,5,0.8956579412183258,67230939.2,ok,0.005972727272727273,ok,0.9317079545454545,0.0371015625,ok,ue8_qfi1,0.5102040816326531,49,100.0,all_flows,ue8_qfi1,0.5102040816326531,49,100.0,data,0.0,data,ok,0.0,ue5_qfi1,46.5,all_flows,ue5_qfi1,46.5,ok,30.4,ue1_qfi2,0,0.0,0.0,all_flows,30.4,ue1_qfi2,0,0.0,0.0,30.303,33.0,30.303,ok,33.0,,all_flows,,pending,,all_flows,,pending,100.0,"[8, 9]",ue5_qfi1,0,0,0,134.7499999999995,99.49999999999991,data,ok,2.0,,all_flows,,pending,1,33,5.0,1.0,all_flows,0,24,0.0,1.0,,ok,ue8_qfi9,True,PF,1357791198
ue8_qfi8,300.25,300.25,300.25,300.25,all_flows,ue1_qfi1,4.5,17.25,25.75,25.75,ok,0.5551294591698515,all_flows,0.0,ok,,ue8_qfi8,0,0,0,224.99999999999997,3.7499999999999893,all_flows,100.0,ue1_qfi1,0,0,0,125.0,100.25000000000017,data,2.0,data,ok,2.0,False,,all_flows,False,,3,0,proxy,3,0,ue1_qfi2,0.993421052631579,152,150.0,all_flows,ue1_qfi2,0.993421052631579,152,150.0,ok,ue5_qfi2,23.443,all_flows,ue5_qfi2,23.443,ok,8,all_flows,8,8,ok,8,ue6_qfi2,0.952128,all_flows,ue6_qfi2,0.952128,ok,0.9027533728175297,all_flows,0.9998960797399346,5,0.9998507709589747,proxy,5,0.8953715125665799,66148636.8,ok,0.00445,ok,0.9326909090909091,0.116521875,ok,ue7_qfi1,0.3877551020408163,49,100.0,all_flows,ue7_qfi1,0.3877551020408163,49,100.0,data,0.0,data,ok,0.0,ue1_qfi1,21.25,all_flows,ue1_qfi1,21.25,ok,30.2,ue5_qfi2,1,71.75,71.75,all_flows,30.2,ue5_qfi2,1,71.75,71.75,30.303,33.0,30.303,ok,33.0,,all_flows,,pending,,all_flows,,pending,100.0,"[8, 9]",ue1_qfi1,0,0,0,125.0,100.25000000000017,data,ok,2.0,,all_flows,,pending,1,33,5.0,1.0,all_flows,0,24,0.0,1.0,,ok,ue8_qfi9,True,Reservation,1357791198
ue8_qfi8,300.0,300.25,300.25,300.25,all_flows,ue8_qfi2,11.425,66.41,93.058,110.003,ok,0.5286764638115077,all_flows,0.002225461129013402,ok,100.0,ue5_qfi1,0,0,1,548.7499999999997,100.37499999999999,all_flows,100.0,ue5_qfi1,0,0,1,548.7499999999997,100.37499999999999,data,2.0,data,ok,2.0,False,,all_flows,False,,3,0,proxy,3,0,ue8_qfi2,0.9867549668874173,151,150.0,all_flows,ue8_qfi2,0.9867549668874173,151,150.0,ok,ue8_qfi2,85.669,all_flows,ue8_qfi2,85.669,ok,8,all_flows,8,8,ok,8,ue8_qfi2,0.9541164,all_flows,ue8_qfi2,0.9541164,ok,0.8680581254171648,all_flows,0.9788389229816504,5,0.9439486605454275,proxy,5,0.8191131764692998,67561139.2,ok,0.0058,ok,0.9317215909090909,0.0362734375,ok,ue1_qfi1,0.2962962962962963,27,100.0,all_flows,ue1_qfi1,0.2962962962962963,27,100.0,data,0.0,data,ok,0.0,ue6_qfi9,125.0,all_flows,ue8_qfi2,98.578,ok,30.0,ue1_qfi2,11,116.25,945.0,all_flows,30.0,ue1_qfi2,11,116.25,945.0,30.303,33.0,30.303,ok,33.0,,all_flows,,pending,,all_flows,,pending,100.0,"[8, 9]",ue5_qfi1,0,0,1,548.7499999999997,100.37499999999999,data,ok,2.0,,all_flows,,pending,1,33,5.0,1.0,all_flows,0,24,0.0,1.0,,ok,ue8_qfi9,True,TwoTier,1357791198
ue8_qfi8,300.0,300.25,300.25,300.25,all_flows,ue8_qfi1,3.75,21.75,36.0,36.0,ok,0.5234282649066221,all_flows,0.0,ok,100.0,ue8_qfi1,0,0,0,133.0,99.99999999999964,all_flows,100.0,ue8_qfi1,0,0,0,133.0,99.99999999999964,data,2.0,data,ok,2.0,False,,all_flows,False,,3,0,proxy,3,0,ue4_qfi2,0.993421052631579,152,150.0,all_flows,ue4_qfi2,0.993421052631579,152,150.0,ok,ue7_qfi2,24.553,all_flows,ue7_qfi2,24.553,ok,8,all_flows,8,8,ok,8,ue1_qfi2,0.9643676,all_flows,ue1_qfi2,0.9643676,ok,0.9107555054239942,all_flows,0.9999511766633434,5,0.999934771699454,proxy,5,0.9047216304263556,69245857.6,ok,0.004809090909090909,ok,0.9344693181818182,0.035428125,ok,ue1_qfi1,0.4897959183673469,49,100.0,all_flows,ue1_qfi1,0.4897959183673469,49,100.0,data,0.0,data,ok,0.0,ue8_qfi1,32.25,all_flows,ue8_qfi1,32.25,ok,30.4,ue1_qfi2,0,0.0,0.0,all_flows,30.4,ue1_qfi2,0,0.0,0.0,30.303,33.0,30.303,ok,33.0,,all_flows,,pending,,all_flows,,pending,100.0,"[8, 9]",ue8_qfi1,0,0,0,133.0,99.99999999999964,data,ok,2.0,,all_flows,,pending,1,33,5.0,1.0,all_flows,0,24,0.0,1.0,,ok,ue8_qfi9,True,PF,1167425778
ue8_qfi8,300.25,300.25,300.25,300.25,all_flows,ue1_qfi1,6.25,22.0,33.25,33.25,ok,0.5422638705120999,all_flows,0.0,ok,,ue8_qfi8,0,0,0,224.25000000000006,2.7500000000002522,all_flows,100.0,ue1_qfi1,0,0,0,129.24999999999986,100.00000000000009,data,2.0,data,ok,2.0,False,,all_flows,False,,3,0,proxy,3,0,ue3_qfi2,0.993421052631579,152,150.0,all_flows,ue3_qfi2,0.993421052631579,152,150.0,ok,ue1_qfi2,23.041,all_flows,ue1_qfi2,23.041,ok,8,all_flows,8,8,ok,8,ue1_qfi2,0.9643676,all_flows,ue1_qfi2,0.9643676,ok,0.9082033573187699,all_flows,0.9999145424227158,5,0.9998792992343202,proxy,5,0.9016412959661737,68150206.4,ok,0.004056818181818181,ok,0.9345840909090909,0.11115,ok,ue1_qfi1,0.4897959183673469,49,100.0,all_flows,ue1_qfi1,0.4897959183673469,49,100.0,data,0.0,data,ok,0.0,ue1_qfi1,27.0,all_flows,ue1_qfi1,27.0,ok,30.2,ue3_qfi2,1,66.0,66.0,all_flows,30.2,ue3_qfi2,1,66.0,66.0,30.303,33.0,30.303,ok,33.0,,all_flows,,pending,,all_flows,,pending,100.0,"[8, 9]",ue1_qfi1,0,0,0,129.24999999999986,100.00000000000009,data,ok,2.0,,all_flows,,pending,1,33,5.0,1.0,all_flows,0,24,0.0,1.0,,ok,ue8_qfi9,True,Reservation,1167425778
ue8_qfi8,299.5,300.25,300.25,300.25,all_flows,ue3_qfi2,27.985,77.797,89.877,101.75,ok,0.5099967467920169,all_flows,0.0005940864499371834,ok,100.0,ue8_qfi1,0,0,1,658.9999999999998,102.50000000000003,all_flows,100.0,ue8_qfi1,0,0,1,658.9999999999998,102.50000000000003,data,2.0,data,ok,2.0,False,,all_flows,False,,3,0,proxy,3,0,ue1_qfi2,1.0,152,150.0,all_flows,ue1_qfi2,1.0,152,150.0,ok,ue8_qfi2,101.05,all_flows,ue8_qfi2,101.05,ok,8,all_flows,8,8,ok,8,ue2_qfi2,0.9586884,all_flows,ue2_qfi2,0.9586884,ok,0.8815417854219874,all_flows,0.983736152930689,5,0.9654551415745058,proxy,5,0.859382536470963,69529214.4,ok,0.004922727272727273,ok,0.934696590909091,0.0344234375,ok,ue8_qfi1,0.3448275862068966,29,100.0,all_flows,ue8_qfi1,0.3448275862068966,29,100.0,data,0.0,data,ok,0.0,ue8_qfi1,92.0,all_flows,ue8_qfi1,92.0,ok,30.0,ue8_qfi2,21,115.0,1882.5,all_flows,30.0,ue8_qfi2,21,115.0,1882.5,30.303,33.0,30.303,ok,33.0,,all_flows,,pending,,all_flows,,pending,100.0,"[8, 9]",ue8_qfi1,0,0,1,658.9999999999998,102.50000000000003,data,ok,2.0,,all_flows,,pending,1,33,5.0,1.0,all_flows,0,24,0.0,1.0,,ok,ue8_qfi9,True,TwoTier,1167425778
ue8_qfi8,300.0,300.25,300.25,300.25,all_flows,ue2_qfi1,4.5,20.25,29.5,29.5,ok,0.5347788891547666,all_flows,0.0,ok,100.0,ue2_qfi1,0,0,0,127.49999999999994,99.74999999999979,all_flows,100.0,ue2_qfi1,0,0,0,127.49999999999994,99.74999999999979,data,2.0,data,ok,2.0,False,,all_flows,False,,3,0,proxy,3,0,ue1_qfi2,1.0,152,150.0,all_flows,ue1_qfi2,1.0,152,150.0,ok,ue3_qfi2,26.78,all_flows,ue3_qfi2,26.78,ok,8,all_flows,8,8,ok,8,ue4_qfi2,0.9560424000000001,all_flows,ue4_qfi2,0.9560424000000001,ok,0.905790841938013,all_flows,0.9999582879052136,5,0.9999177910535918,proxy,5,0.9036725295669752,67714318.4,ok,0.004927272727272727,ok,0.9313522727272727,0.036121875,ok,ue6_qfi1,0.46938775510204084,49,100.0,all_flows,ue6_qfi1,0.46938775510204084,49,100.0,data,0.0,data,ok,0.0,ue2_qfi1,25.0,all_flows,ue2_qfi1,25.0,ok,30.4,ue1_qfi2,0,0.0,0.0,all_flows,30.4,ue1_qfi2,0,0.0,0.0,30.303,33.0,30.303,ok,33.0,,all_flows,,pending,,all_flows,,pending,100.0,"[8, 9]",ue2_qfi1,0,0,0,127.49999999999994,99.74999999999979,data,ok,2.0,,all_flows,,pending,1,33,5.0,1.0,all_flows,0,24,0.0,1.0,,ok,ue8_qfi9,True,PF,1202413557
ue8_qfi8,300.25,300.25,300.25,300.25,all_flows,ue1_qfi1,6.0,18.0,25.0,25.0,ok,0.5515061199836233,all_flows,0.0,ok,100.0,ue3_qfi1,0,0,0,124.00000000000011,99.24999999999994,all_flows,100.0,ue3_qfi1,0,0,0,124.00000000000011,99.24999999999994,data,2.0,data,ok,2.0,False,,all_flows,False,,3,0,proxy,3,0,ue1_qfi2,1.0,152,150.0,all_flows,ue1_qfi2,1.0,152,150.0,ok,ue3_qfi2,23.535,all_flows,ue3_qfi2,23.535,ok,8,all_flows,8,8,ok,8,ue4_qfi2,0.9563984,all_flows,ue4_qfi2,0.9563984,ok,0.904396623560463,all_flows,0.999915502541603,5,0.9998633882802596,proxy,5,0.9025086557507532,66894358.4,ok,0.004125,ok,0.9322761363636364,0.113896875,ok,ue2_qfi1,0.46938775510204084,49,100.0,all_flows,ue2_qfi1,0.46938775510204084,49,100.0,data,0.0,data,ok,0.0,ue1_qfi1,19.0,all_flows,ue1_qfi1,19.0,ok,30.4,ue1_qfi2,0,0.0,0.0,all_flows,30.4,ue1_qfi2,0,0.0,0.0,30.303,33.0,30.303,ok,33.0,,all_flows,,pending,,all_flows,,pending,100.0,"[8, 9]",ue3_qfi1,0,0,0,124.00000000000011,99.24999999999994,data,ok,2.0,,all_flows,,pending,1,33,5.0,1.0,all_flows,0,24,0.0,1.0,,ok,ue8_qfi9,True,Reservation,1202413557
ue8_qfi8,299.75,300.25,300.25,300.25,all_flows,ue3_qfi2,47.19,106.0,113.051,132.095,ok,0.5202680936315677,all_flows,0.003984216113432388,ok,100.0,ue3_qfi1,1,1,1,2438.7500000000005,104.00000000000004,all_flows,100.0,ue3_qfi1,1,1,1,2438.7500000000005,104.00000000000004,data,2.0,data,ok,2.0,False,,all_flows,False,,3,0,proxy,3,0,ue8_qfi2,0.9736842105263158,152,150.0,all_flows,ue8_qfi2,0.9736842105263158,152,150.0,ok,ue3_qfi2,130.407,all_flows,ue3_qfi2,130.407,ok,7,all_flows,7,8,ok,8,ue8_qfi2,0.9385428,all_flows,ue8_qfi2,0.9385428,ok,0.8645620345389229,all_flows,0.9725579297704462,5,0.9513337661983309,proxy,5,0.841397379085365,68109748.8,ok,0.0049068181818181815,ok,0.9314795454545455,0.0350109375,ok,ue8_qfi1,0.43243243243243246,37,100.0,all_flows,ue8_qfi1,0.43243243243243246,37,100.0,data,0.0,data,ok,0.0,ue7_qfi9,143.75,all_flows,ue8_qfi1,94.5,ok,30.2,ue3_qfi2,19,117.0,1547.25,all_flows,30.2,ue3_qfi2,19,117.0,1547.25,30.303,33.0,30.303,ok,33.0,,all_flows,,pending,,all_flows,,pending,100.0,"[8, 9]",ue3_qfi1,1,1,1,2438.7500000000005,104.00000000000004,data,ok,2.0,,all_flows,,pending,3,33,5.0,1.0,all_flows,1,24,2.4175,1.0,ue3_qfi1,ok,ue8_qfi9,True,TwoTier,1202413557
ue8_qfi8,300.0,300.25,300.25,300.25,all_flows,ue5_qfi1,4.75,18.25,37.0,37.0,ok,0.5321476570632884,all_flows,0.0,ok,100.0,ue5_qfi1,0,0,0,131.25000000000009,99.99999999999964,all_flows,100.0,ue5_qfi1,0,0,0,131.25000000000009,99.99999999999964,data,2.0,data,ok,2.0,False,,all_flows,False,,3,0,proxy,3,0,ue1_qfi2,1.0,152,150.0,all_flows,ue1_qfi2,1.0,152,150.0,ok,ue8_qfi2,25.75,all_flows,ue8_qfi2,25.75,ok,8,all_flows,8,8,ok,8,ue2_qfi2,0.9571508000000001,all_flows,ue2_qfi2,0.9571508000000001,ok,0.9071119287107428,all_flows,0.999945603329159,5,0.9999124838089767,proxy,5,0.8977592957569351,67969673.6,ok,0.005054545454545455,ok,0.9320193181818182,0.036103125,ok,ue2_qfi1,0.5102040816326531,49,100.0,all_flows,ue2_qfi1,0.5102040816326531,49,100.0,data,0.0,data,ok,0.0,ue5_qfi1,32.25,all_flows,ue5_qfi1,32.25,ok,30.4,ue1_qfi2,0,0.0,0.0,all_flows,30.4,ue1_qfi2,0,0.0,0.0,30.303,33.0,30.303,ok,33.0,,all_flows,,pending,,all_flows,,pending,100.0,"[8, 9]",ue5_qfi1,0,0,0,131.25000000000009,99.99999999999964,data,ok,2.0,,all_flows,,pending,1,33,5.0,1.0,all_flows,0,24,0.0,1.0,,ok,ue8_qfi9,True,PF,2008052738
ue8_qfi8,300.0,300.25,300.25,300.25,all_flows,ue5_qfi1,6.0,23.5,29.5,29.5,ok,0.5509035465362241,all_flows,0.0,ok,100.0,ue7_qfi1,0,0,0,198.99999999999997,100.12500000000024,all_flows,100.0,ue7_qfi1,0,0,0,198.99999999999997,100.12500000000024,data,2.0,data,ok,2.0,False,,all_flows,False,,3,0,proxy,3,0,ue7_qfi2,0.9868421052631579,152,150.0,all_flows,ue7_qfi2,0.9868421052631579,152,150.0,ok,ue5_qfi2,23.438,all_flows,ue5_qfi2,23.438,ok,8,all_flows,8,8,ok,8,ue2_qfi2,0.9545252,all_flows,ue2_qfi2,0.9545252,ok,0.9051435399401317,all_flows,0.9998238070943124,5,0.9994921903725895,proxy,5,0.894252842410074,66986080.0,ok,0.004245454545454545,ok,0.9339363636363637,0.113340625,ok,ue7_qfi1,0.4583333333333333,48,100.0,all_flows,ue7_qfi1,0.4583333333333333,48,100.0,data,0.0,data,ok,0.0,ue5_qfi1,23.5,all_flows,ue5_qfi1,23.5,ok,30.0,ue7_qfi2,1,78.5,78.5,all_flows,30.0,ue7_qfi2,1,78.5,78.5,30.303,33.0,30.303,ok,33.0,,all_flows,,pending,,all_flows,,pending,100.0,"[8, 9]",ue7_qfi1,0,0,0,198.99999999999997,100.12500000000024,data,ok,2.0,,all_flows,,pending,1,33,5.0,1.0,all_flows,0,24,0.0,1.0,,ok,ue8_qfi9,True,Reservation,2008052738
ue8_qfi8,299.75,300.25,300.25,300.25,all_flows,ue5_qfi1,10.75,93.0,97.0,97.0,ok,0.5272930058253226,all_flows,0.00035465726410293324,ok,100.0,ue5_qfi1,0,0,0,432.2499999999998,102.50000000000003,all_flows,100.0,ue5_qfi1,0,0,0,432.2499999999998,102.50000000000003,data,2.0,data,ok,2.0,False,,all_flows,False,,3,0,proxy,3,0,ue1_qfi2,1.0,152,150.0,all_flows,ue1_qfi2,1.0,152,150.0,ok,ue5_qfi2,87.923,all_flows,ue5_qfi2,87.923,ok,8,all_flows,8,8,ok,8,ue2_qfi2,0.9515832,all_flows,ue2_qfi2,0.9515832,ok,0.8804856774674554,all_flows,0.9923206519096169,5,0.9850623169942905,proxy,5,0.8689798449923186,68732748.8,ok,0.005063636363636364,ok,0.9322647727272727,0.03485,ok,ue5_qfi1,0.42424242424242425,33,100.0,all_flows,ue5_qfi1,0.42424242424242425,33,100.0,data,0.0,data,ok,0.0,ue5_qfi1,86.25,all_flows,ue5_qfi1,86.25,ok,30.4,ue5_qfi2,8,108.0,739.75,all_flows,30.4,ue5_qfi2,8,108.0,739.75,30.303,33.0,30.303,ok,33.0,,all_flows,,pending,,all_flows,,pending,100.0,"[8, 9]",ue5_qfi1,0,0,0,432.2499999999998,102.50000000000003,data,ok,2.0,,all_flows,,pending,1,33,5.0,1.0,all_flows,0,24,0.0,1.0,,ok,ue8_qfi9,True,TwoTier,2008052738
ue8_qfi8,300.0,300.25,300.25,300.25,all_flows,ue7_qfi1,6.75,19.75,27.75,27.75,ok,0.5467434579301482,all_flows,0.0,ok,100.0,ue4_qfi1,0,0,0,124.50000000000028,99.49999999999991,all_flows,100.0,ue4_qfi1,0,0,0,124.50000000000028,99.49999999999991,data,2.0,data,ok,2.0,False,,all_flows,False,,3,0,proxy,3,0,ue2_qfi2,0.993421052631579,152,150.0,all_flows,ue2_qfi2,0.993421052631579,152,150.0,ok,ue8_qfi2,25.306,all_flows,ue8_qfi2,25.306,ok,8,all_flows,8,8,ok,8,ue4_qfi2,0.9627444000000001,all_flows,ue4_qfi2,0.9627444000000001,ok,0.9017326714009497,all_flows,0.9999513471278393,5,0.9999212773213285,proxy,5,0.8941667695497236,65793616.0,ok,0.00535,ok,0.9296215909090909,0.0380921875,ok,ue5_qfi1,0.4489795918367347,49,100.0,all_flows,ue5_qfi1,0.4489795918367347,49,100.0,data,0.0,data,ok,0.0,ue4_qfi1,22.25,all_flows,ue4_qfi1,22.25,ok,30.4,ue1_qfi2,0,0.0,0.0,all_flows,30.4,ue1_qfi2,0,0.0,0.0,30.303,33.0,30.303,ok,33.0,,all_flows,,pending,,all_flows,,pending,100.0,"[8, 9]",ue4_qfi1,0,0,0,124.50000000000028,99.49999999999991,data,ok,2.0,,all_flows,,pending,1,33,5.0,1.0,all_flows,0,24,0.0,1.0,,ok,ue8_qfi9,True,PF,595598245
ue8_qfi8,300.25,300.25,300.25,300.25,all_flows,ue3_qfi1,6.0,20.5,26.75,26.75,ok,0.5622516898976215,all_flows,0.0,ok,,ue8_qfi8,0,0,0,218.75000000000045,2.374999999999794,all_flows,100.0,ue7_qfi1,0,0,0,126.2500000000002,99.49999999999991,data,2.0,data,ok,2.0,False,,all_flows,False,,3,0,proxy,3,0,ue6_qfi2,0.993421052631579,152,150.0,all_flows,ue6_qfi2,0.993421052631579,152,150.0,ok,ue8_qfi2,23.811,all_flows,ue8_qfi2,23.811,ok,8,all_flows,8,8,ok,8,ue4_qfi2,0.958958,all_flows,ue4_qfi2,0.958958,ok,0.8998977446384572,all_flows,0.9998964086273135,5,0.9998595535206339,proxy,5,0.8913215071391097,65075019.2,ok,0.004386363636363636,ok,0.9315443181818182,0.12023125,ok,ue3_qfi1,0.46938775510204084,49,100.0,all_flows,ue3_qfi1,0.46938775510204084,49,100.0,data,0.0,data,ok,0.0,ue3_qfi1,20.75,all_flows,ue3_qfi1,20.75,ok,30.2,ue6_qfi2,1,73.5,73.5,all_flows,30.2,ue6_qfi2,1,73.5,73.5,30.303,33.0,30.303,ok,33.0,,all_flows,,pending,,all_flows,,pending,100.0,"[8, 9]",ue7_qfi1,0,0,0,126.2500000000002,99.49999999999991,data,ok,2.0,,all_flows,,pending,1,33,5.0,1.0,all_flows,0,24,0.0,1.0,,ok,ue8_qfi9,True,Reservation,595598245
ue8_qfi8,241.25,300.25,300.25,300.25,all_flows,ue8_qfi2,33.749,90.568,100.453,103.929,ok,0.5316556366006391,all_flows,0.0004906884456007199,ok,,ue8_qfi8,0,0,2,626.4999999999997,0.2500000000000002,all_flows,100.0,ue8_qfi1,0,0,0,401.0000000000002,104.99999999999994,data,2.0,data,ok,2.0,False,,all_flows,False,,3,0,proxy,3,0,ue1_qfi2,0.9868421052631579,152,150.0,all_flows,ue1_qfi2,0.9868421052631579,152,150.0,ok,ue8_qfi2,99.671,all_flows,ue8_qfi2,99.671,ok,8,all_flows,8,8,ok,8,ue5_qfi2,0.9583316,all_flows,ue5_qfi2,0.9583316,ok,0.8777121536076342,all_flows,0.9872176695703725,5,0.9667564150642911,proxy,5,0.8548014796718446,66215948.8,ok,0.0053318181818181815,ok,0.9297556818181818,0.036928125,ok,ue8_qfi1,0.3,30,100.0,all_flows,ue8_qfi1,0.3,30,100.0,data,0.0,data,ok,0.0,ue4_qfi9,97.0,all_flows,ue8_qfi1,91.25,ok,30.0,ue8_qfi2,15,104.25,1315.5,all_flows,30.0,ue8_qfi2,15,104.25,1315.5,30.303,33.0,30.303,ok,33.0,,all_flows,,pending,,all_flows,,pending,100.0,"[8, 9]",ue8_qfi1,0,0,0,401.0000000000002,104.99999999999994,data,ok,2.0,,all_flows,,pending,1,33,5.0,1.0,all_flows,0,24,0.0,1.0,,ok,ue8_qfi9,True,TwoTier,595598245
ue8_qfi8,300.0,300.25,300.25,300.25,all_flows,ue4_qfi1,6.5,23.5,27.25,27.25,ok,0.5307101908198172,all_flows,0.0,ok,100.0,ue4_qfi1,0,0,0,126.74999999999991,99.50000000000003,all_flows,100.0,ue4_qfi1,0,0,0,126.74999999999991,99.50000000000003,data,2.0,data,ok,2.0,False,,all_flows,False,,3,0,proxy,3,0,ue7_qfi2,0.993421052631579,152,150.0,all_flows,ue7_qfi2,0.993421052631579,152,150.0,ok,ue5_qfi2,25.275,all_flows,ue5_qfi2,25.275,ok,8,all_flows,8,8,ok,8,ue4_qfi2,0.9584384,all_flows,ue4_qfi2,0.9584384,ok,0.9089529016310834,all_flows,0.999954395559473,5,0.9999168070933263,proxy,5,0.9032976452667129,68319630.4,ok,0.004736363636363637,ok,0.9320886363636364,0.0359609375,ok,ue3_qfi1,0.5102040816326531,49,100.0,all_flows,ue3_qfi1,0.5102040816326531,49,100.0,data,0.0,data,ok,0.0,ue2_qfi1,22.25,all_flows,ue2_qfi1,22.25,ok,30.4,ue1_qfi2,0,0.0,0.0,all_flows,30.4,ue1_qfi2,0,0.0,0.0,30.303,33.0,30.303,ok,33.0,,all_flows,,pending,,all_flows,,pending,100.0,"[8, 9]",ue4_qfi1,0,0,0,126.74999999999991,99.50000000000003,data,ok,2.0,,all_flows,,pending,1,33,5.0,1.0,all_flows,0,24,0.0,1.0,,ok,ue8_qfi9,True,PF,1752032165
ue8_qfi8,300.25,300.25,300.25,300.25,all_flows,ue5_qfi1,5.75,18.5,25.75,25.75,ok,0.5470837073357702,all_flows,0.0,ok,,ue8_qfi8,0,0,0,133.75000000000003,2.375000000000016,all_flows,100.0,ue5_qfi1,0,0,0,125.0,100.00000000000054,data,2.0,data,ok,2.0,False,,all_flows,False,,3,0,proxy,3,0,ue4_qfi2,0.993421052631579,152,150.0,all_flows,ue4_qfi2,0.993421052631579,152,150.0,ok,ue4_qfi2,23.246,all_flows,ue4_qfi2,23.246,ok,8,all_flows,8,8,ok,8,ue4_qfi2,0.9565,all_flows,ue4_qfi2,0.9565,ok,0.9072072993647307,all_flows,0.9999187159116827,5,0.9998786110249956,proxy,5,0.9045228872631667,67588420.8,ok,0.004027272727272727,ok,0.9340170454545454,0.11285,ok,ue4_qfi1,0.42857142857142855,49,100.0,all_flows,ue4_qfi1,0.42857142857142855,49,100.0,data,0.0,data,ok,0.0,ue5_qfi1,20.0,all_flows,ue5_qfi1,20.0,ok,30.4,ue1_qfi2,0,0.0,0.0,all_flows,30.4,ue1_qfi2,0,0.0,0.0,30.303,33.0,30.303,ok,33.0,,all_flows,,pending,,all_flows,,pending,100.0,"[8, 9]",ue5_qfi1,0,0,0,125.0,100.00000000000054,data,ok,2.0,,all_flows,,pending,1,33,5.0,1.0,all_flows,0,24,0.0,1.0,,ok,ue8_qfi9,True,Reservation,1752032165
ue8_qfi8,299.75,300.25,300.25,300.25,all_flows,ue8_qfi2,13.843,71.141,94.205,117.959,ok,0.521313474863905,all_flows,0.0029680380011988168,ok,,ue5_qfi9,0,0,1,561.2499999999998,0.0,all_flows,100.0,ue5_qfi1,0,0,0,395.50000000000017,101.37500000000013,data,2.0,data,ok,2.0,False,,all_flows,False,,3,0,proxy,3,0,ue8_qfi2,0.9801324503311258,151,150.0,all_flows,ue8_qfi2,0.9801324503311258,151,150.0,ok,ue8_qfi2,82.525,all_flows,ue8_qfi2,82.525,ok,8,all_flows,8,8,ok,8,ue8_qfi2,0.9515051999999999,all_flows,ue8_qfi2,0.9515051999999999,ok,0.8825606938152601,all_flows,0.9908116103017521,5,0.9794908259254317,proxy,5,0.8625415302492165,68502635.2,ok,0.004743181818181818,ok,0.9324681818181818,0.035078125,ok,ue8_qfi1,0.46511627906976744,43,100.0,all_flows,ue8_qfi1,0.46511627906976744,43,100.0,data,0.0,data,ok,0.0,ue8_qfi2,104.116,all_flows,ue8_qfi2,104.116,ok,30.2,ue5_qfi2,12,98.75,969.5,all_flows,30.2,ue5_qfi2,12,98.75,969.5,30.303,33.0,30.303,ok,33.0,,all_flows,,pending,,all_flows,,pending,100.0,"[8, 9]",ue5_qfi1,0,0,0,395.50000000000017,101.37500000000013,data,ok,2.0,,all_flows,,pending,1,33,5.0,1.0,all_flows,0,24,0.0,1.0,,ok,ue8_qfi9,True,TwoTier,1752032165
ue8_qfi8,300.0,300.25,300.25,300.25,all_flows,ue5_qfi1,3.5,21.0,30.5,30.5,ok,0.5411806121608068,all_flows,0.0,ok,100.0,ue5_qfi1,0,0,0,130.2500000000002,99.99999999999987,all_flows,100.0,ue5_qfi1,0,0,0,130.2500000000002,99.99999999999987,data,2.0,data,ok,2.0,False,,all_flows,False,,3,0,proxy,3,0,ue1_qfi2,1.0,152,150.0,all_flows,ue1_qfi2,1.0,152,150.0,ok,ue7_qfi2,26.949,all_flows,ue7_qfi2,26.949,ok,8,all_flows,8,8,ok,8,ue8_qfi2,0.9600295999999999,all_flows,ue8_qfi2,0.9600295999999999,ok,0.9043532853994629,all_flows,0.999955171082366,5,0.9999220373674352,proxy,5,0.8979807433671714,66734793.6,ok,0.005225,ok,0.9310886363636364,0.037475,ok,ue6_qfi1,0.5306122448979592,49,100.0,all_flows,ue6_qfi1,0.5306122448979592,49,100.0,data,0.0,data,ok,0.0,ue5_qfi1,27.0,all_flows,ue5_qfi1,27.0,ok,30.4,ue1_qfi2,0,0.0,0.0,all_flows,30.4,ue1_qfi2,0,0.0,0.0,30.303,33.0,30.303,ok,33.0,,all_flows,,pending,,all_flows,,pending,100.0,"[8, 9]",ue5_qfi1,0,0,0,130.2500000000002,99.99999999999987,data,ok,2.0,,all_flows,,pending,1,33,5.0,1.0,all_flows,0,24,0.0,1.0,,ok,ue8_qfi9,True,PF,1440696407
ue8_qfi8,300.25,300.25,300.25,300.25,all_flows,ue3_qfi1,5.75,18.0,25.75,25.75,ok,0.5583231816523435,all_flows,0.0,ok,,ue8_qfi8,0,0,0,158.74999999999994,2.2499999999999307,all_flows,100.0,ue3_qfi1,0,0,0,124.24999999999997,98.75000000000011,data,2.0,data,ok,2.0,False,,all_flows,False,,3,0,proxy,3,0,ue5_qfi2,0.9868421052631579,152,150.0,all_flows,ue5_qfi2,0.9868421052631579,152,150.0,ok,ue5_qfi2,24.945,all_flows,ue5_qfi2,24.945,ok,8,all_flows,8,8,ok,8,ue8_qfi2,0.9580531999999999,all_flows,ue8_qfi2,0.9580531999999999,ok,0.9017903168072088,all_flows,0.9998774492237861,5,0.9998239558584622,proxy,5,0.896932840393207,65768553.6,ok,0.004261363636363636,ok,0.9318034090909091,0.11784375,ok,ue4_qfi1,0.42857142857142855,49,100.0,all_flows,ue4_qfi1,0.42857142857142855,49,100.0,data,0.0,data,ok,0.0,ue3_qfi1,20.0,all_flows,ue3_qfi1,20.0,ok,30.0,ue5_qfi2,1,74.75,74.75,all_flows,30.0,ue5_qfi2,1,74.75,74.75,30.303,33.0,30.303,ok,33.0,,all_flows,,pending,,all_flows,,pending,100.0,"[8, 9]",ue3_qfi1,0,0,0,124.24999999999997,98.75000000000011,data,ok,2.0,,all_flows,,pending,1,33,5.0,1.0,all_flows,0,24,0.0,1.0,,ok,ue8_qfi9,True,Reservation,1440696407
ue8_qfi8,300.0,300.25,300.25,300.25,all_flows,ue5_qfi1,8.25,62.25,89.75,89.75,ok,0.5396360835140028,all_flows,0.00032104866929658185,ok,100.0,ue6_qfi1,0,0,1,572.0000000000001,107.25000000000007,all_flows,100.0,ue6_qfi1,0,0,1,572.0000000000001,107.25000000000007,data,2.0,data,ok,2.0,False,,all_flows,False,,3,0,proxy,3,0,ue1_qfi2,1.0,152,150.0,all_flows,ue1_qfi2,1.0,152,150.0,ok,ue6_qfi2,77.675,all_flows,ue6_qfi2,77.675,ok,7,all_flows,7,8,ok,8,ue8_qfi2,0.9477188000000001,all_flows,ue8_qfi2,0.9477188000000001,ok,0.8794484475336134,all_flows,0.9906869486134802,5,0.9845028433252113,proxy,5,0.8594778525884974,66856825.6,ok,0.005231818181818182,ok,0.9314125,0.0366953125,ok,ue6_qfi1,0.3870967741935484,31,100.0,all_flows,ue6_qfi1,0.3870967741935484,31,100.0,data,0.0,data,ok,0.0,ue5_qfi1,81.5,all_flows,ue5_qfi1,81.5,ok,30.0,ue6_qfi2,11,132.5,905.75,all_flows,30.0,ue6_qfi2,11,132.5,905.75,30.303,33.0,30.303,ok,33.0,,all_flows,,pending,,all_flows,,pending,100.0,"[8, 9]",ue6_qfi1,0,0,1,572.0000000000001,107.25000000000007,data,ok,2.0,,all_flows,,pending,1,33,5.0,1.0,all_flows,0,24,0.0,1.0,,ok,ue8_qfi9,True,TwoTier,1440696407
ue8_qfi8,300.0,300.25,300.25,300.25,all_flows,ue6_qfi1,6.75,18.5,38.0,38.0,ok,0.5197960784661169,all_flows,0.0,ok,100.0,ue6_qfi1,0,0,0,135.9999999999999,99.50000000000014,all_flows,100.0,ue6_qfi1,0,0,0,135.9999999999999,99.50000000000014,data,2.0,data,ok,2.0,False,,all_flows,False,,3,0,proxy,3,0,ue1_qfi2,1.0,152,150.0,all_flows,ue1_qfi2,1.0,152,150.0,ok,ue6_qfi2,25.769,all_flows,ue6_qfi2,25.769,ok,8,all_flows,8,8,ok,8,ue1_qfi2,0.965046,all_flows,ue1_qfi2,0.965046,ok,0.9111112701369498,all_flows,0.9999541911228086,5,0.9999238313413256,proxy,5,0.9038022614282514,69837891.2,ok,0.005038636363636364,ok,0.9367375,0.0349765625,ok,ue8_qfi1,0.4489795918367347,49,100.0,all_flows,ue8_qfi1,0.4489795918367347,49,100.0,data,0.0,data,ok,0.0,ue6_qfi1,31.25,all_flows,ue6_qfi1,31.25,ok,30.4,ue1_qfi2,0,0.0,0.0,all_flows,30.4,ue1_qfi2,0,0.0,0.0,30.303,33.0,30.303,ok,33.0,,all_flows,,pending,,all_flows,,pending,100.0,"[8, 9]",ue6_qfi1,0,0,0,135.9999999999999,99.50000000000014,data,ok,2.0,,all_flows,,pending,1,33,5.0,1.0,all_flows,0,24,0.0,1.0,,ok,ue8_qfi9,True,PF,5880883
ue8_qfi8,300.25,300.25,300.25,300.25,all_flows,ue5_qfi1,6.0,19.25,25.5,25.5,ok,0.5406431960363026,all_flows,0.0,ok,,ue8_qfi8,0,0,0,189.99999999999994,2.0000000000000018,all_flows,100.0,ue8_qfi1,0,0,0,125.0,99.74999999999979,data,2.0,data,ok,2.0,False,,all_flows,False,,3,0,proxy,3,0,ue1_qfi2,0.993421052631579,152,150.0,all_flows,ue1_qfi2,0.993421052631579,152,150.0,ok,ue6_qfi2,23.552,all_flows,ue6_qfi2,23.552,ok,8,all_flows,8,8,ok,8,ue1_qfi2,0.9649308000000001,all_flows,ue1_qfi2,0.9649308000000001,ok,0.908287204450666,all_flows,0.9998925814768903,5,0.9998449274887833,proxy,5,0.901302430178148,68391507.2,ok,0.004063636363636364,ok,0.9309522727272728,0.109840625,ok,ue3_qfi1,0.4489795918367347,49,100.0,all_flows,ue3_qfi1,0.4489795918367347,49,100.0,data,0.0,data,ok,0.0,ue5_qfi1,19.5,all_flows,ue5_qfi1,19.5,ok,30.2,ue5_qfi2,1,78.75,78.75,all_flows,30.2,ue5_qfi2,1,78.75,78.75,30.303,33.0,30.303,ok,33.0,,all_flows,,pending,,all_flows,,pending,100.0,"[8, 9]",ue8_qfi1,0,0,0,125.0,99.74999999999979,data,ok,2.0,,all_flows,,pending,1,33,5.0,1.0,all_flows,0,24,0.0,1.0,,ok,ue8_qfi9,True,Reservation,5880883
ue8_qfi8,277.25,300.25,300.25,300.25,all_flows,ue8_qfi2,32.473,89.226,98.25,103.26,ok,0.5063330153845172,all_flows,0.0005836685856302019,ok,,ue8_qfi8,0,0,2,902.2500000000005,0.2500000000000002,all_flows,100.0,ue6_qfi1,0,0,0,444.2500000000002,103.75000000000011,data,2.0,data,ok,2.0,False,,all_flows,False,,3,0,proxy,3,0,ue1_qfi2,1.0,150,150.0,all_flows,ue1_qfi2,1.0,150,150.0,ok,ue8_qfi2,98.25,all_flows,ue8_qfi2,98.25,ok,8,all_flows,8,8,ok,8,ue1_qfi2,0.9503228,all_flows,ue1_qfi2,0.9503228,ok,0.8748592009062822,all_flows,0.984809615486272,5,0.9704803125745097,proxy,5,0.8558353079408396,70059956.8,ok,0.005040909090909091,ok,0.9366715909090909,0.03360625,ok,ue6_qfi1,0.36666666666666664,30,100.0,all_flows,ue6_qfi1,0.36666666666666664,30,100.0,data,0.0,data,ok,0.0,ue4_qfi9,188.0,all_flows,ue8_qfi1,84.25,ok,29.8,ue8_qfi2,23,109.5,2007.75,all_flows,29.8,ue8_qfi2,23,109.5,2007.75,30.303,33.0,30.303,ok,33.0,,all_flows,,pending,,all_flows,,pending,100.0,"[8, 9]",ue6_qfi1,0,0,0,444.2500000000002,103.75000000000011,data,ok,2.0,,all_flows,,pending,1,33,5.0,1.0,all_flows,0,24,0.0,1.0,,ok,ue8_qfi9,True,TwoTier,5880883
ue8_qfi8,300.0,300.25,300.25,300.25,all_flows,ue5_qfi1,3.5,19.25,29.0,29.0,ok,0.5415330183620921,all_flows,0.0,ok,100.0,ue4_qfi1,0,0,0,120.24999999999997,99.74999999999979,all_flows,100.0,ue4_qfi1,0,0,0,120.24999999999997,99.74999999999979,data,2.0,data,ok,2.0,False,,all_flows,False,,3,0,proxy,3,0,ue1_qfi2,1.0,152,150.0,all_flows,ue1_qfi2,1.0,152,150.0,ok,ue8_qfi2,24.846,all_flows,ue8_qfi2,24.846,ok,8,all_flows,8,8,ok,8,ue3_qfi2,0.9589644,all_flows,ue3_qfi2,0.9589644,ok,0.904066726667336,all_flows,0.9999537680602575,5,0.9999115078072376,proxy,5,0.8957398924279792,66620473.6,ok,0.005090909090909091,ok,0.9311863636363636,0.0371078125,ok,ue3_qfi1,0.5102040816326531,49,100.0,all_flows,ue3_qfi1,0.5102040816326531,49,100.0,data,0.0,data,ok,0.0,ue5_qfi1,25.5,all_flows,ue5_qfi1,25.5,ok,30.4,ue1_qfi2,0,0.0,0.0,all_flows,30.4,ue1_qfi2,0,0.0,0.0,30.303,33.0,30.303,ok,33.0,,all_flows,,pending,,all_flows,,pending,100.0,"[8, 9]",ue4_qfi1,0,0,0,120.24999999999997,99.74999999999979,data,ok,2.0,,all_flows,,pending,1,33,5.0,1.0,all_flows,0,24,0.0,1.0,,ok,ue8_qfi9,True,PF,846428919
ue8_qfi8,300.25,300.25,300.25,300.25,all_flows,ue1_qfi1,5.5,19.75,29.25,29.25,ok,0.5570789851383553,all_flows,0.0,ok,,ue8_qfi8,0,0,0,153.00000000000003,2.750000000000141,all_flows,100.0,ue1_qfi1,0,0,0,128.75000000000014,99.99999999999964,data,2.0,data,ok,2.0,False,,all_flows,False,,3,0,proxy,3,0,ue2_qfi2,0.993421052631579,152,150.0,all_flows,ue2_qfi2,0.993421052631579,152,150.0,ok,ue8_qfi2,23.239,all_flows,ue8_qfi2,23.239,ok,8,all_flows,8,8,ok,8,ue3_qfi2,0.9583351999999999,all_flows,ue3_qfi2,0.9583351999999999,ok,0.9023183480197942,all_flows,0.9999170309940549,5,0.9998794043393846,proxy,5,0.8929020912399721,65879281.6,ok,0.004240909090909091,ok,0.9317409090909091,0.1164125,ok,ue3_qfi1,0.42857142857142855,49,100.0,all_flows,ue3_qfi1,0.42857142857142855,49,100.0,data,0.0,data,ok,0.0,ue1_qfi1,23.75,all_flows,ue1_qfi1,23.75,ok,30.2,ue2_qfi2,1,66.25,66.25,all_flows,30.2,ue2_qfi2,1,66.25,66.25,30.303,33.0,30.303,ok,33.0,,all_flows,,pending,,all_flows,,pending,100.0,"[8, 9]",ue1_qfi1,0,0,0,128.75000000000014,99.99999999999964,data,ok,2.0,,all_flows,,pending,1,33,5.0,1.0,all_flows,0,24,0.0,1.0,,ok,ue8_qfi9,True,Reservation,846428919
ue8_qfi8,299.75,300.25,300.25,300.25,all_flows,ue8_qfi2,16.893,89.492,97.067,123.309,ok,0.5283122614741249,all_flows,0.012632561250991799,ok,100.0,ue8_qfi1,0,0,1,709.2500000000003,101.99999999999987,all_flows,100.0,ue8_qfi1,0,0,1,709.2500000000003,101.99999999999987,data,2.0,data,ok,2.0,False,,all_flows,False,,3,0,proxy,3,0,ue8_qfi2,0.9013157894736842,152,150.0,all_flows,ue8_qfi2,0.9013157894736842,152,150.0,ok,ue8_qfi2,96.615,all_flows,ue8_qfi2,96.615,ok,7,all_flows,7,8,ok,8,ue8_qfi2,0.8644568,all_flows,ue8_qfi2,0.8644568,ok,0.8739479171110054,all_flows,0.9831721716572182,5,0.9449611944748261,proxy,5,0.841987664515764,66998616.0,ok,0.005093181818181818,ok,0.9313068181818182,0.035921875,ok,ue1_qfi1,0.3448275862068966,29,100.0,all_flows,ue1_qfi1,0.3448275862068966,29,100.0,data,0.0,data,ok,0.0,ue7_qfi9,136.25,all_flows,ue8_qfi2,106.416,ok,27.4,ue8_qfi2,12,621.5,1560.25,all_flows,27.4,ue8_qfi2,12,621.5,1560.25,30.303,33.0,30.303,ok,33.0,,all_flows,,pending,,all_flows,,pending,100.0,"[8, 9]",ue8_qfi1,0,0,1,709.2500000000003,101.99999999999987,data,ok,2.0,,all_flows,,pending,1,33,4.914,1.0,all_flows,0,24,0.0,1.0,,ok,ue8_qfi9,True,TwoTier,846428919
ue8_qfi8,300.0,300.25,300.25,300.25,all_flows,ue7_qfi1,8.0,29.25,50.5,50.5,ok,0.5397645743457445,all_flows,0.0,ok,100.0,ue7_qfi1,0,0,0,138.75000000000014,99.49999999999991,all_flows,100.0,ue7_qfi1,0,0,0,138.75000000000014,99.49999999999991,data,2.0,data,ok,2.0,False,,all_flows,False,,3,0,proxy,3,0,ue5_qfi2,0.993421052631579,152,150.0,all_flows,ue5_qfi2,0.993421052631579,152,150.0,ok,ue7_qfi2,29.943,all_flows,ue7_qfi2,29.943,ok,8,all_flows,8,8,ok,8,ue4_qfi2,0.9635072,all_flows,ue4_qfi2,0.9635072,ok,0.9028810211641061,all_flows,0.9999518850224058,5,0.9999099633710099,proxy,5,0.8986834513823588,67232275.2,ok,0.005102272727272727,ok,0.9330261363636364,0.037403125,ok,ue8_qfi1,0.46938775510204084,49,100.0,all_flows,ue8_qfi1,0.46938775510204084,49,100.0,data,0.0,data,ok,0.0,ue7_qfi1,42.5,all_flows,ue7_qfi1,42.5,ok,30.2,ue5_qfi2,1,66.75,66.75,all_flows,30.2,ue5_qfi2,1,66.75,66.75,30.303,33.0,30.303,ok,33.0,,all_flows,,pending,,all_flows,,pending,100.0,"[8, 9]",ue7_qfi1,0,0,0,138.75000000000014,99.49999999999991,data,ok,2.0,,all_flows,,pending,1,33,5.0,1.0,all_flows,0,24,0.0,1.0,,ok,ue8_qfi9,True,PF,1841261662
ue8_qfi8,300.25,300.25,300.25,300.25,all_flows,ue3_qfi1,6.0,20.5,32.75,32.75,ok,0.5592747973453097,all_flows,0.0,ok,,ue8_qfi8,0,0,0,163.49999999999997,2.0000000000000018,all_flows,100.0,ue3_qfi1,0,0,0,127.24999999999964,100.24999999999994,data,2.0,data,ok,2.0,False,,all_flows,False,,3,0,proxy,3,0,ue2_qfi2,0.993421052631579,152,150.0,all_flows,ue2_qfi2,0.993421052631579,152,150.0,ok,ue3_qfi2,24.084,all_flows,ue3_qfi2,24.084,ok,8,all_flows,8,8,ok,8,ue4_qfi2,0.9635072,all_flows,ue4_qfi2,0.9635072,ok,0.900519224220828,all_flows,0.9999062314957602,5,0.9998654261956955,proxy,5,0.8956500935085334,66097921.6,ok,0.004270454545454545,ok,0.9339238636363636,0.1177125,ok,ue3_qfi1,0.46938775510204084,49,100.0,all_flows,ue3_qfi1,0.46938775510204084,49,100.0,data,0.0,data,ok,0.0,ue3_qfi1,26.75,all_flows,ue3_qfi1,26.75,ok,30.4,ue1_qfi2,0,0.0,0.0,all_flows,30.4,ue1_qfi2,0,0.0,0.0,30.303,33.0,30.303,ok,33.0,,all_flows,,pending,,all_flows,,pending,100.0,"[8, 9]",ue3_qfi1,0,0,0,127.24999999999964,100.24999999999994,data,ok,2.0,,all_flows,,pending,1,33,5.0,1.0,all_flows,0,24,0.0,1.0,,ok,ue8_qfi9,True,Reservation,1841261662
ue8_qfi8,299.75,300.25,300.25,300.25,all_flows,ue7_qfi2,45.857,93.721,111.279,119.282,ok,0.5242206766661562,all_flows,0.0033328950895291326,ok,100.0,ue7_qfi1,0,0,0,433.7499999999999,216.0,all_flows,100.0,ue7_qfi1,0,0,0,433.7499999999999,216.0,data,2.0,data,ok,2.0,False,,all_flows,False,,3,0,proxy,3,0,ue8_qfi2,0.9801324503311258,151,150.0,all_flows,ue8_qfi2,0.9801324503311258,151,150.0,ok,ue7_qfi2,104.841,all_flows,ue7_qfi2,104.841,ok,7,all_flows,7,8,ok,8,ue8_qfi2,0.9470672,all_flows,ue8_qfi2,0.9470672,ok,0.8613383530879307,all_flows,0.9760526506133254,5,0.9532053239356136,proxy,5,0.842868294436386,68195776.0,ok,0.005095454545454545,ok,0.9332261363636364,0.0356390625,ok,ue7_qfi1,0.3684210526315789,19,100.0,all_flows,ue7_qfi1,0.3684210526315789,19,100.0,data,0.0,data,ok,0.0,ue5_qfi9,128.5,all_flows,ue8_qfi2,93.96000000000001,ok,29.8,ue7_qfi2,11,144.0,1061.5,all_flows,29.8,ue7_qfi2,11,144.0,1061.5,30.303,33.0,30.303,ok,33.0,,all_flows,,pending,,all_flows,,pending,100.0,"[8, 9]",ue7_qfi1,0,0,0,433.7499999999999,216.0,data,ok,2.0,,all_flows,,pending,2,33,5.0,1.0,all_flows,0,24,0.0,1.0,,ok,ue8_qfi9,True,TwoTier,1841261662
ue8_qfi8,300.0,300.25,300.25,300.25,all_flows,ue6_qfi2,8.835,19.914,24.599,27.849,ok,0.5346908338869938,all_flows,0.0,ok,100.0,ue3_qfi1,0,0,0,119.25000000000009,99.75000000000023,all_flows,100.0,ue3_qfi1,0,0,0,119.25000000000009,99.75000000000023,data,2.0,data,ok,2.0,False,,all_flows,False,,3,0,proxy,3,0,ue5_qfi2,0.993421052631579,152,150.0,all_flows,ue5_qfi2,0.993421052631579,152,150.0,ok,ue6_qfi2,27.005,all_flows,ue6_qfi2,27.005,ok,8,all_flows,8,8,ok,8,ue3_qfi2,0.9544624,all_flows,ue3_qfi2,0.9544624,ok,0.906485490995032,all_flows,0.999925386476229,5,0.9998094684495752,proxy,5,0.8970617264267506,67684280.0,ok,0.005088636363636364,ok,0.9346238636363636,0.0368125,ok,ue7_qfi1,0.4489795918367347,49,100.0,all_flows,ue7_qfi1,0.4489795918367347,49,100.0,data,0.0,data,ok,0.0,ue7_qfi1,22.75,all_flows,ue7_qfi1,22.75,ok,30.2,ue7_qfi2,1,67.25,67.25,all_flows,30.2,ue7_qfi2,1,67.25,67.25,30.303,33.0,30.303,ok,33.0,,all_flows,,pending,,all_flows,,pending,100.0,"[8, 9]",ue3_qfi1,0,0,0,119.25000000000009,99.75000000000023,data,ok,2.0,,all_flows,,pending,1,33,5.0,1.0,all_flows,0,24,0.0,1.0,,ok,ue8_qfi9,True,PF,1190382222
ue8_qfi8,300.25,300.25,300.25,300.25,all_flows,ue3_qfi2,8.966,20.63,22.7,24.359,ok,0.5527571646975844,all_flows,0.0,ok,100.0,ue4_qfi1,0,0,0,120.50000000000027,99.99999999999964,all_flows,100.0,ue4_qfi1,0,0,0,120.50000000000027,99.99999999999964,data,2.0,data,ok,2.0,False,,all_flows,False,,3,0,proxy,3,0,ue1_qfi2,1.0,152,150.0,all_flows,ue1_qfi2,1.0,152,150.0,ok,ue6_qfi2,22.759,all_flows,ue6_qfi2,22.759,ok,8,all_flows,8,8,ok,8,ue3_qfi2,0.9547912,all_flows,ue3_qfi2,0.9547912,ok,0.904240485346355,all_flows,0.9998865240526078,5,0.9998306902094534,proxy,5,0.8948683033715513,66722515.2,ok,0.004172727272727272,ok,0.9327511363636364,0.11511875,ok,ue3_qfi1,0.4489795918367347,49,100.0,all_flows,ue3_qfi1,0.4489795918367347,49,100.0,data,0.0,data,ok,0.0,ue1_qfi1,18.25,all_flows,ue1_qfi1,18.25,ok,30.4,ue1_qfi2,0,0.0,0.0,all_flows,30.4,ue1_qfi2,0,0.0,0.0,30.303,33.0,30.303,ok,33.0,,all_flows,,pending,,all_flows,,pending,100.0,"[8, 9]",ue4_qfi1,0,0,0,120.50000000000027,99.99999999999964,data,ok,2.0,,all_flows,,pending,1,33,5.0,1.0,all_flows,0,24,0.0,1.0,,ok,ue8_qfi9,True,Reservation,1190382222
ue8_qfi8,299.5,300.25,300.25,300.25,all_flows,ue8_qfi2,31.893,91.0,99.771,102.491,ok,0.5205040149152523,all_flows,0.0006789988366012551,ok,100.0,ue2_qfi1,0,0,1,847.5000000000001,99.25000000000006,all_flows,100.0,ue2_qfi1,0,0,1,847.5000000000001,99.25000000000006,data,2.0,data,ok,2.0,False,,all_flows,False,,3,0,proxy,3,0,ue6_qfi2,0.9868421052631579,152,150.0,all_flows,ue6_qfi2,0.9868421052631579,152,150.0,ok,ue8_qfi2,99.771,all_flows,ue8_qfi2,99.771,ok,8,all_flows,8,8,ok,8,ue3_qfi2,0.9547912,all_flows,ue3_qfi2,0.9547912,ok,0.8701350402275306,all_flows,0.9819592055626272,5,0.9642785267032322,proxy,5,0.8534841526898714,67766873.6,ok,0.005088636363636364,ok,0.9349295454545454,0.0360625,ok,ue8_qfi1,0.3225806451612903,31,100.0,all_flows,ue8_qfi1,0.3225806451612903,31,100.0,data,0.0,data,ok,0.0,ue5_qfi9,145.75,all_flows,ue7_qfi1,89.5,ok,30.2,ue8_qfi2,17,108.5,1560.0,all_flows,30.2,ue8_qfi2,17,108.5,1560.0,30.303,33.0,30.303,ok,33.0,,all_flows,,pending,,all_flows,,pending,100.0,"[8, 9]",ue2_qfi1,0,0,1,847.5000000000001,99.25000000000006,data,ok,2.0,,all_flows,,pending,1,33,5.0,1.0,all_flows,0,24,0.0,1.0,,ok,ue8_qfi9,True,TwoTier,1190382222
ue8_qfi8,300.0,300.25,300.25,300.25,all_flows,ue7_qfi1,5.25,19.75,36.5,36.5,ok,0.5229910716037138,all_flows,0.0,ok,100.0,ue7_qfi1,0,0,0,134.75000000000014,100.24999999999994,all_flows,100.0,ue7_qfi1,0,0,0,134.75000000000014,100.24999999999994,data,2.0,data,ok,2.0,False,,all_flows,False,,3,0,proxy,3,0,ue1_qfi2,1.0,152,150.0,all_flows,ue1_qfi2,1.0,152,150.0,ok,ue3_qfi2,25.172,all_flows,ue3_qfi2,25.172,ok,8,all_flows,8,8,ok,8,ue5_qfi2,0.9613476,all_flows,ue5_qfi2,0.9613476,ok,0.9102225640000332,all_flows,0.9999463518047194,5,0.9998805119002443,proxy,5,0.9037099742675736,69171072.0,ok,0.004854545454545454,ok,0.9312534090909091,0.0352390625,ok,ue7_qfi1,0.4489795918367347,49,100.0,all_flows,ue7_qfi1,0.4489795918367347,49,100.0,data,0.0,data,ok,0.0,ue7_qfi1,31.25,all_flows,ue7_qfi1,31.25,ok,30.4,ue1_qfi2,0,0.0,0.0,all_flows,30.4,ue1_qfi2,0,0.0,0.0,30.303,33.0,30.303,ok,33.0,,all_flows,,pending,,all_flows,,pending,100.0,"[8, 9]",ue7_qfi1,0,0,0,134.75000000000014,100.24999999999994,data,ok,2.0,,all_flows,,pending,1,33,5.0,1.0,all_flows,0,24,0.0,1.0,,ok,ue8_qfi9,True,PF,72124473
ue8_qfi8,300.25,300.25,300.25,300.25,all_flows,ue5_qfi1,5.75,20.75,25.5,25.5,ok,0.5402980357504692,all_flows,0.0,ok,,ue8_qfi8,0,0,0,168.74999999999994,3.249999999999531,all_flows,100.0,ue3_qfi1,0,0,0,123.49999999999994,99.74999999999979,data,2.0,data,ok,2.0,False,,all_flows,False,,3,0,proxy,3,0,ue3_qfi2,0.993421052631579,152,150.0,all_flows,ue3_qfi2,0.993421052631579,152,150.0,ok,ue8_qfi2,22.953,all_flows,ue8_qfi2,22.953,ok,8,all_flows,8,8,ok,8,ue5_qfi2,0.9609051999999999,all_flows,ue5_qfi2,0.9609051999999999,ok,0.9082577906011075,all_flows,0.9999143713743797,5,0.9998854106891794,proxy,5,0.9016430446796502,68268227.2,ok,0.004343181818181818,ok,0.9308795454545454,0.110853125,ok,ue2_qfi1,0.46938775510204084,49,100.0,all_flows,ue2_qfi1,0.46938775510204084,49,100.0,data,0.0,data,ok,0.0,ue5_qfi1,19.75,all_flows,ue5_qfi1,19.75,ok,30.4,ue1_qfi2,0,0.0,0.0,all_flows,30.4,ue1_qfi2,0,0.0,0.0,30.303,33.0,30.303,ok,33.0,,all_flows,,pending,,all_flows,,pending,100.0,"[8, 9]",ue3_qfi1,0,0,0,123.49999999999994,99.74999999999979,data,ok,2.0,,all_flows,,pending,1,33,5.0,1.0,all_flows,0,24,0.0,1.0,,ok,ue8_qfi9,True,Reservation,72124473
ue8_qfi8,230.25,300.25,300.25,300.25,all_flows,ue8_qfi2,29.191,84.955,95.952,100.656,ok,0.5106473238185435,all_flows,0.0006835879374828688,ok,,ue8_qfi8,0,0,1,588.7500000000001,0.2500000000000002,all_flows,100.0,ue8_qfi1,0,0,0,380.74999999999994,101.75,data,2.0,data,ok,2.0,False,,all_flows,False,,3,0,proxy,3,0,ue1_qfi2,1.0,151,150.0,all_flows,ue1_qfi2,1.0,151,150.0,ok,ue8_qfi2,96.852,all_flows,ue8_qfi2,96.852,ok,7,all_flows,7,8,ok,8,ue5_qfi2,0.9493396,all_flows,ue5_qfi2,0.9493396,ok,0.8686404267876672,all_flows,0.9835091950296648,5,0.9631498543890505,proxy,5,0.8546768503458327,69298230.4,ok,0.004847727272727273,ok,0.9315034090909091,0.0347875,ok,ue8_qfi1,0.42424242424242425,33,100.0,all_flows,ue8_qfi1,0.42424242424242425,33,100.0,data,0.0,data,ok,0.0,ue1_qfi9,153.0,all_flows,ue8_qfi1,93.25,ok,30.4,ue8_qfi2,17,108.25,1508.75,all_flows,30.4,ue8_qfi2,17,108.25,1508.75,30.303,33.0,30.303,ok,33.0,,all_flows,,pending,,all_flows,,pending,100.0,"[8, 9]",ue8_qfi1,0,0,0,380.74999999999994,101.75,data,ok,2.0,,all_flows,,pending,1,33,5.0,1.0,all_flows,0,24,0.0,1.0,,ok,ue8_qfi9,True,TwoTier,72124473
ue8_qfi8,300.0,300.25,300.25,300.25,all_flows,ue7_qfi2,9.066,20.874,24.799,28.799,ok,0.538676665519307,all_flows,0.0,ok,100.0,ue7_qfi1,0,0,0,119.75000000000024,99.49999999999991,all_flows,100.0,ue7_qfi1,0,0,0,119.75000000000024,99.49999999999991,data,2.0,data,ok,2.0,False,,all_flows,False,,3,0,proxy,3,0,ue1_qfi2,0.993421052631579,152,150.0,all_flows,ue1_qfi2,0.993421052631579,152,150.0,ok,ue3_qfi2,27.029,all_flows,ue3_qfi2,27.029,ok,8,all_flows,8,8,ok,8,ue5_qfi2,0.9652648,all_flows,ue5_qfi2,0.9652648,ok,0.9044778268621843,all_flows,0.9999448049484159,5,0.9999030901390176,proxy,5,0.8986116516706457,67422521.6,ok,0.004775,ok,0.9300090909090909,0.036415625,ok,ue5_qfi1,0.4897959183673469,49,100.0,all_flows,ue5_qfi1,0.4897959183673469,49,100.0,data,0.0,data,ok,0.0,ue5_qfi1,20.75,all_flows,ue5_qfi1,20.75,ok,30.2,ue8_qfi2,1,78.75,78.75,all_flows,30.2,ue8_qfi2,1,78.75,78.75,30.303,33.0,30.303,ok,33.0,,all_flows,,pending,,all_flows,,pending,100.0,"[8, 9]",ue7_qfi1,0,0,0,119.75000000000024,99.49999999999991,data,ok,2.0,,all_flows,,pending,1,33,5.0,1.0,all_flows,0,24,0.0,1.0,,ok,ue8_qfi9,True,PF,1642588603
ue8_qfi8,300.25,300.25,300.25,300.25,all_flows,ue4_qfi1,6.0,21.75,28.25,28.25,ok,0.5545168836926486,all_flows,0.0,ok,,ue8_qfi8,0,0,0,206.24999999999983,2.75000000000003,all_flows,100.0,ue5_qfi1,0,0,0,125.49999999999972,99.74999999999979,data,2.0,data,ok,2.0,False,,all_flows,False,,3,0,proxy,3,0,ue1_qfi2,1.0,152,150.0,all_flows,ue1_qfi2,1.0,152,150.0,ok,ue4_qfi2,23.8,all_flows,ue4_qfi2,23.8,ok,8,all_flows,8,8,ok,8,ue5_qfi2,0.9652648,all_flows,ue5_qfi2,0.9652648,ok,0.903286793910716,all_flows,0.9999062475261423,5,0.9998643741671284,proxy,5,0.8968699090854141,66685376.0,ok,0.0041863636363636365,ok,0.9316295454545455,0.11478125,ok,ue7_qfi1,0.40816326530612246,49,100.0,all_flows,ue7_qfi1,0.40816326530612246,49,100.0,data,0.0,data,ok,0.0,ue4_qfi1,22.25,all_flows,ue4_qfi1,22.25,ok,30.4,ue1_qfi2,0,0.0,0.0,all_flows,30.4,ue1_qfi2,0,0.0,0.0,30.303,33.0,30.303,ok,33.0,,all_flows,,pending,,all_flows,,pending,100.0,"[8, 9]",ue5_qfi1,0,0,0,125.49999999999972,99.74999999999979,data,ok,2.0,,all_flows,,pending,1,33,5.0,1.0,all_flows,0,24,0.0,1.0,,ok,ue8_qfi9,True,Reservation,1642588603
ue8_qfi8,299.75,300.25,300.25,300.25,all_flows,ue6_qfi1,15.5,89.25,94.5,94.5,ok,0.5390823889381541,all_flows,0.00046131184604668687,ok,100.0,ue3_qfi1,0,0,1,740.4999999999999,102.50000000000009,all_flows,100.0,ue3_qfi1,0,0,1,740.4999999999999,102.50000000000009,data,2.0,data,ok,2.0,False,,all_flows,False,,3,0,proxy,3,0,ue5_qfi2,0.9933774834437086,151,150.0,all_flows,ue5_qfi2,0.9933774834437086,151,150.0,ok,ue3_qfi2,81.261,all_flows,ue3_qfi2,81.261,ok,8,all_flows,8,8,ok,8,ue5_qfi2,0.955062,all_flows,ue5_qfi2,0.955062,ok,0.8681743724897378,all_flows,0.9906771682472579,5,0.9708827109754693,proxy,5,0.8375986082256602,67781854.4,ok,0.004779545454545455,ok,0.9300852272727272,0.0357703125,ok,ue6_qfi1,0.40540540540540543,37,100.0,all_flows,ue6_qfi1,0.40540540540540543,37,100.0,data,0.0,data,ok,0.0,ue4_qfi9,93.0,all_flows,ue2_qfi1,81.0,ok,30.4,ue3_qfi2,7,106.25,619.75,all_flows,30.4,ue3_qfi2,7,106.25,619.75,30.303,33.0,30.303,ok,33.0,,all_flows,,pending,,all_flows,,pending,100.0,"[8, 9]",ue3_qfi1,0,0,1,740.4999999999999,102.50000000000009,data,ok,2.0,,all_flows,,pending,1,33,5.0,1.0,all_flows,0,24,0.0,1.0,,ok,ue8_qfi9,True,TwoTier,1642588603
ue8_qfi8,300.0,300.25,300.25,300.25,all_flows,ue6_qfi1,4.25,17.25,29.25,29.25,ok,0.5407901195877733,all_flows,0.0,ok,100.0,ue6_qfi1,0,0,0,127.00000000000023,99.74999999999979,all_flows,100.0,ue6_qfi1,0,0,0,127.00000000000023,99.74999999999979,data,2.0,data,ok,2.0,False,,all_flows,False,,3,0,proxy,3,0,ue6_qfi2,0.993421052631579,152,150.0,all_flows,ue6_qfi2,0.993421052631579,152,150.0,ok,ue8_qfi2,26.73,all_flows,ue8_qfi2,26.73,ok,8,all_flows,8,8,ok,8,ue4_qfi2,0.9653564,all_flows,ue4_qfi2,0.9653564,ok,0.9045207354178585,all_flows,0.9999559363019328,5,0.999917468039518,proxy,5,0.899645496543298,66726670.4,ok,0.005243181818181818,ok,0.9328806818181818,0.0379046875,ok,ue1_qfi1,0.4897959183673469,49,100.0,all_flows,ue1_qfi1,0.4897959183673469,49,100.0,data,0.0,data,ok,0.0,ue6_qfi1,25.0,all_flows,ue6_qfi1,25.0,ok,30.2,ue6_qfi2,1,70.25,70.25,all_flows,30.2,ue6_qfi2,1,70.25,70.25,30.303,33.0,30.303,ok,33.0,,all_flows,,pending,,all_flows,,pending,100.0,"[8, 9]",ue6_qfi1,0,0,0,127.00000000000023,99.74999999999979,data,ok,2.0,,all_flows,,pending,1,33,5.0,1.0,all_flows,0,24,0.0,1.0,,ok,ue8_qfi9,True,PF,1566923138
ue8_qfi8,300.25,300.25,300.25,300.25,all_flows,ue1_qfi1,6.5,20.75,26.75,26.75,ok,0.5556983557092589,all_flows,0.0,ok,,ue8_qfi8,0,0,0,188.5000000000001,2.749999999999808,all_flows,100.0,ue2_qfi1,0,0,0,124.00000000000011,99.75,data,2.0,data,ok,2.0,False,,all_flows,False,,3,0,proxy,3,0,ue1_qfi2,0.993421052631579,152,150.0,all_flows,ue1_qfi2,0.993421052631579,152,150.0,ok,ue3_qfi2,23.857,all_flows,ue3_qfi2,23.857,ok,8,all_flows,8,8,ok,8,ue4_qfi2,0.9646804,all_flows,ue4_qfi2,0.9646804,ok,0.9027215741275729,all_flows,0.9998959087908922,5,0.9998578738673612,proxy,5,0.8977221068222954,66013976.0,ok,0.004218181818181818,ok,0.9346795454545455,0.1189578125,ok,ue1_qfi1,0.4897959183673469,49,100.0,all_flows,ue1_qfi1,0.4897959183673469,49,100.0,data,0.0,data,ok,0.0,ue1_qfi1,20.25,all_flows,ue1_qfi1,20.25,ok,30.2,ue1_qfi2,1,73.75,73.75,all_flows,30.2,ue1_qfi2,1,73.75,73.75,30.303,33.0,30.303,ok,33.0,,all_flows,,pending,,all_flows,,pending,100.0,"[8, 9]",ue2_qfi1,0,0,0,124.00000000000011,99.75,data,ok,2.0,,all_flows,,pending,1,33,5.0,1.0,all_flows,0,24,0.0,1.0,,ok,ue8_qfi9,True,Reservation,1566923138
ue8_qfi8,211.5,300.25,300.25,300.25,all_flows,ue8_qfi2,32.683,88.551,102.046,106.379,ok,0.526071285500294,all_flows,0.0005269661852666185,ok,100.0,ue2_qfi1,0,1,1,1022.2499999999997,101.37499999999994,all_flows,100.0,ue2_qfi1,0,1,1,1022.2499999999997,101.37499999999994,data,2.0,data,ok,2.0,False,,all_flows,False,,3,0,proxy,3,0,ue5_qfi2,0.9933774834437086,151,150.0,all_flows,ue5_qfi2,0.9933774834437086,151,150.0,ok,ue8_qfi2,102.046,all_flows,ue8_qfi2,102.046,ok,8,all_flows,8,8,ok,8,ue7_qfi2,0.961988,all_flows,ue7_qfi2,0.961988,ok,0.8782789633726198,all_flows,0.9846117508183057,5,0.9635810113731522,proxy,5,0.8493846336517059,67138252.8,ok,0.005309090909090909,ok,0.9329454545454545,0.0368328125,ok,ue8_qfi1,0.36363636363636365,33,100.0,all_flows,ue8_qfi1,0.36363636363636365,33,100.0,data,0.0,data,ok,0.0,ue3_qfi9,103.5,all_flows,ue8_qfi1,90.25,ok,30.2,ue8_qfi2,16,113.0,1497.25,all_flows,30.2,ue8_qfi2,16,113.0,1497.25,30.303,33.0,30.303,ok,33.0,,all_flows,,pending,,all_flows,,pending,100.0,"[8, 9]",ue2_qfi1,0,1,1,1022.2499999999997,101.37499999999994,data,ok,2.0,,all_flows,,pending,1,33,5.0,1.0,all_flows,0,24,0.0,1.0,,ok,ue8_qfi9,True,TwoTier,1566923138
ue8_qfi8,300.0,300.25,300.25,300.25,all_flows,ue7_qfi2,8.929,20.122,24.507,29.642,ok,0.5412591234779118,all_flows,0.0,ok,100.0,ue6_qfi1,0,0,0,121.50000000000017,100.00000000000009,all_flows,100.0,ue6_qfi1,0,0,0,121.50000000000017,100.00000000000009,data,2.0,data,ok,2.0,False,,all_flows,False,,3,0,proxy,3,0,ue1_qfi2,1.0,152,150.0,all_flows,ue1_qfi2,1.0,152,150.0,ok,ue5_qfi2,27.0,all_flows,ue5_qfi2,27.0,ok,8,all_flows,8,8,ok,8,ue5_qfi2,0.9660112,all_flows,ue5_qfi2,0.9660112,ok,0.9031772972021891,all_flows,0.9999506761905126,5,0.9999298755675253,proxy,5,0.894164251266223,66831368.0,ok,0.005434090909090909,ok,0.9307886363636364,0.037834375,ok,ue6_qfi1,0.46938775510204084,49,100.0,all_flows,ue6_qfi1,0.46938775510204084,49,100.0,data,0.0,data,ok,0.0,ue6_qfi1,22.0,all_flows,ue6_qfi1,22.0,ok,30.4,ue1_qfi2,0,0.0,0.0,all_flows,30.4,ue1_qfi2,0,0.0,0.0,30.303,33.0,30.303,ok,33.0,,all_flows,,pending,,all_flows,,pending,100.0,"[8, 9]",ue6_qfi1,0,0,0,121.50000000000017,100.00000000000009,data,ok,2.0,,all_flows,,pending,1,33,5.0,1.0,all_flows,0,24,0.0,1.0,,ok,ue8_qfi9,True,PF,1818006482
ue8_qfi8,300.0,300.25,300.25,300.25,all_flows,ue1_qfi1,5.5,25.25,26.5,26.5,ok,0.5598034512761835,all_flows,0.0,ok,100.0,ue1_qfi1,0,0,0,126.2500000000002,99.74999999999979,all_flows,100.0,ue1_qfi1,0,0,0,126.2500000000002,99.74999999999979,data,2.0,data,ok,2.0,False,,all_flows,False,,3,0,proxy,3,0,ue3_qfi2,0.993421052631579,152,150.0,all_flows,ue3_qfi2,0.993421052631579,152,150.0,ok,ue4_qfi2,24.5,all_flows,ue4_qfi2,24.5,ok,8,all_flows,8,8,ok,8,ue5_qfi2,0.9624964,all_flows,ue5_qfi2,0.9624964,ok,0.9008936260639935,all_flows,0.9999175917440745,5,0.9998887582799652,proxy,5,0.892322553419251,65839998.4,ok,0.004168181818181818,ok,0.9318931818181818,0.1193515625,ok,ue4_qfi1,0.4489795918367347,49,100.0,all_flows,ue4_qfi1,0.4489795918367347,49,100.0,data,0.0,data,ok,0.0,ue1_qfi1,21.0,all_flows,ue1_qfi1,21.0,ok,30.2,ue3_qfi2,1,69.75,69.75,all_flows,30.2,ue3_qfi2,1,69.75,69.75,30.303,33.0,30.303,ok,33.0,,all_flows,,pending,,all_flows,,pending,100.0,"[8, 9]",ue1_qfi1,0,0,0,126.2500000000002,99.74999999999979,data,ok,2.0,,all_flows,,pending,1,33,5.0,1.0,all_flows,0,24,0.0,1.0,,ok,ue8_qfi9,True,Reservation,1818006482
ue8_qfi8,299.25,300.25,300.25,300.25,all_flows,ue2_qfi2,31.361,76.748,94.46,120.905,ok,0.5290081503624546,all_flows,0.0005368357245871171,ok,,ue2_qfi9,0,0,0,424.5000000000001,0.0,all_flows,100.0,ue2_qfi1,0,0,0,390.25,130.0,data,2.0,data,ok,2.0,False,,all_flows,False,,3,0,proxy,3,0,ue1_qfi2,1.0,152,150.0,all_flows,ue1_qfi2,1.0,152,150.0,ok,ue8_qfi2,95.916,all_flows,ue8_qfi2,95.916,ok,8,all_flows,8,8,ok,8,ue8_qfi2,0.9598984,all_flows,ue8_qfi2,0.9598984,ok,0.8724385320500213,all_flows,0.9884563758121427,5,0.9834764219479701,proxy,5,0.8507661880207229,66876600.0,ok,0.005475,ok,0.9306772727272727,0.037084375,ok,ue2_qfi1,0.3793103448275862,29,100.0,all_flows,ue2_qfi1,0.3793103448275862,29,100.0,data,0.0,data,ok,0.0,ue8_qfi1,91.0,all_flows,ue8_qfi1,91.0,ok,30.0,ue8_qfi2,19,108.0,1664.25,all_flows,30.0,ue8_qfi2,19,108.0,1664.25,30.303,33.0,30.303,ok,33.0,,all_flows,,pending,,all_flows,,pending,100.0,"[8, 9]",ue2_qfi1,0,0,0,390.25,130.0,data,ok,2.0,,all_flows,,pending,1,33,5.0,1.0,all_flows,0,24,0.0,1.0,,ok,ue8_qfi9,True,TwoTier,1818006482
ue8_qfi8,300.0,300.25,300.25,300.25,all_flows,ue2_qfi1,6.75,19.75,45.5,45.5,ok,0.5293691359945113,all_flows,0.0,ok,100.0,ue2_qfi1,0,0,0,134.74999999999991,98.99999999999976,all_flows,100.0,ue2_qfi1,0,0,0,134.74999999999991,98.99999999999976,data,2.0,data,ok,2.0,False,,all_flows,False,,3,0,proxy,3,0,ue1_qfi2,1.0,152,150.0,all_flows,ue1_qfi2,1.0,152,150.0,ok,ue7_qfi2,25.07,all_flows,ue7_qfi2,25.07,ok,8,all_flows,8,8,ok,8,ue1_qfi2,0.9632396,all_flows,ue1_qfi2,0.9632396,ok,0.9080355141754431,all_flows,0.9999469681374642,5,0.9999171476844222,proxy,5,0.9035289448870549,68574542.4,ok,0.005238636363636364,ok,0.9327056818181818,0.0356109375,ok,ue1_qfi1,0.4897959183673469,49,100.0,all_flows,ue1_qfi1,0.4897959183673469,49,100.0,data,0.0,data,ok,0.0,ue2_qfi1,38.75,all_flows,ue2_qfi1,38.75,ok,30.4,ue1_qfi2,0,0.0,0.0,all_flows,30.4,ue1_qfi2,0,0.0,0.0,30.303,33.0,30.303,ok,33.0,,all_flows,,pending,,all_flows,,pending,100.0,"[8, 9]",ue2_qfi1,0,0,0,134.74999999999991,98.99999999999976,data,ok,2.0,,all_flows,,pending,1,33,5.0,1.0,all_flows,0,24,0.0,1.0,,ok,ue8_qfi9,True,PF,377217572
ue8_qfi8,300.0,300.25,300.25,300.25,all_flows,ue6_qfi1,5.75,23.25,25.0,25.0,ok,0.5482748593969451,all_flows,0.0,ok,100.0,ue8_qfi1,0,0,0,124.50000000000028,98.75,all_flows,100.0,ue8_qfi1,0,0,0,124.50000000000028,98.75,data,2.0,data,ok,2.0,False,,all_flows,False,,3,0,proxy,3,0,ue1_qfi2,1.0,152,150.0,all_flows,ue1_qfi2,1.0,152,150.0,ok,ue7_qfi2,23.466,all_flows,ue7_qfi2,23.466,ok,8,all_flows,8,8,ok,8,ue3_qfi2,0.9639688000000001,all_flows,ue3_qfi2,0.9639688000000001,ok,0.9057497914193569,all_flows,0.99989027936703,5,0.9998165736776776,proxy,5,0.9006185419838805,67544572.8,ok,0.004188636363636364,ok,0.9326215909090909,0.111740625,ok,ue1_qfi1,0.4489795918367347,49,100.0,all_flows,ue1_qfi1,0.4489795918367347,49,100.0,data,0.0,data,ok,0.0,ue4_qfi1,20.25,all_flows,ue4_qfi1,20.25,ok,30.4,ue1_qfi2,0,0.0,0.0,all_flows,30.4,ue1_qfi2,0,0.0,0.0,30.303,33.0,30.303,ok,33.0,,all_flows,,pending,,all_flows,,pending,100.0,"[8, 9]",ue8_qfi1,0,0,0,124.50000000000028,98.75,data,ok,2.0,,all_flows,,pending,1,33,5.0,1.0,all_flows,0,24,0.0,1.0,,ok,ue8_qfi9,True,Reservation,377217572
ue8_qfi8,299.75,300.25,300.25,300.25,all_flows,ue8_qfi2,12.573,66.328,90.427,117.567,ok,0.5248091363506394,all_flows,0.004200348562956664,ok,,ue2_qfi9,0,0,0,424.74999999999994,0.0,all_flows,100.0,ue6_qfi1,0,0,0,398.49999999999983,101.99999999999999,data,2.0,data,ok,2.0,False,,all_flows,False,,3,0,proxy,3,0,ue8_qfi2,0.9735099337748344,151,150.0,all_flows,ue8_qfi2,0.9735099337748344,151,150.0,ok,ue2_qfi2,82.367,all_flows,ue2_qfi2,82.367,ok,7,all_flows,7,8,ok,8,ue8_qfi2,0.9489216,all_flows,ue8_qfi2,0.9489216,ok,0.8651847776952437,all_flows,0.9837378142442151,5,0.9676878267271146,proxy,5,0.8473441788394085,68029355.2,ok,0.005231818181818182,ok,0.9329522727272728,0.03596875,ok,ue2_qfi1,0.2857142857142857,28,100.0,all_flows,ue2_qfi1,0.2857142857142857,28,100.0,data,0.0,data,ok,0.0,ue4_qfi9,112.0,all_flows,ue8_qfi2,104.994,ok,30.2,ue2_qfi2,12,123.0,987.0,all_flows,30.2,ue2_qfi2,12,123.0,987.0,30.303,33.0,30.303,ok,33.0,,all_flows,,pending,,all_flows,,pending,100.0,"[8, 9]",ue6_qfi1,0,0,0,398.49999999999983,101.99999999999999,data,ok,2.0,,all_flows,,pending,1,33,5.0,1.0,all_flows,0,24,0.0,1.0,,ok,ue8_qfi9,True,TwoTier,377217572
ue8_qfi8,300.0,300.25,300.25,300.25,all_flows,ue8_qfi1,4.0,19.0,34.5,34.5,ok,0.5248679227952053,all_flows,0.0,ok,100.0,ue8_qfi1,0,0,0,131.00000000000023,100.00000000000003,all_flows,100.0,ue8_qfi1,0,0,0,131.00000000000023,100.00000000000003,data,2.0,data,ok,2.0,False,,all_flows,False,,3,0,proxy,3,0,ue1_qfi2,1.0,152,150.0,all_flows,ue1_qfi2,1.0,152,150.0,ok,ue1_qfi2,25.413,all_flows,ue1_qfi2,25.413,ok,8,all_flows,8,8,ok,8,ue6_qfi2,0.9640584,all_flows,ue6_qfi2,0.9640584,ok,0.91080983027346,all_flows,0.9999441475177653,5,0.999912915405561,proxy,5,0.900993469801445,68991785.6,ok,0.004815909090909091,ok,0.9332772727272727,0.0346828125,ok,ue8_qfi1,0.4897959183673469,49,100.0,all_flows,ue8_qfi1,0.4897959183673469,49,100.0,data,0.0,data,ok,0.0,ue8_qfi1,30.5,all_flows,ue8_qfi1,30.5,ok,30.4,ue1_qfi2,0,0.0,0.0,all_flows,30.4,ue1_qfi2,0,0.0,0.0,30.303,33.0,30.303,ok,33.0,,all_flows,,pending,,all_flows,,pending,100.0,"[8, 9]",ue8_qfi1,0,0,0,131.00000000000023,100.00000000000003,data,ok,2.0,,all_flows,,pending,1,33,5.0,1.0,all_flows,0,24,0.0,1.0,,ok,ue8_qfi9,True,PF,191741830
ue8_qfi8,300.25,300.25,300.25,300.25,all_flows,ue8_qfi1,5.75,21.0,28.0,28.0,ok,0.5435414635322547,all_flows,0.0,ok,100.0,ue8_qfi1,0,0,0,127.7499999999998,99.99999999999987,all_flows,100.0,ue8_qfi1,0,0,0,127.7499999999998,99.99999999999987,data,2.0,data,ok,2.0,False,,all_flows,False,,3,0,proxy,3,0,ue3_qfi2,0.993421052631579,152,150.0,all_flows,ue3_qfi2,0.993421052631579,152,150.0,ok,ue8_qfi2,22.837,all_flows,ue8_qfi2,22.837,ok,8,all_flows,8,8,ok,8,ue6_qfi2,0.9640584,all_flows,ue6_qfi2,0.9640584,ok,0.9078050775233691,all_flows,0.9998969636280333,5,0.9998495038354572,proxy,5,0.8988935333415352,67788960.0,ok,0.003995454545454545,ok,0.9315977272727273,0.108775,ok,ue1_qfi1,0.4897959183673469,49,100.0,all_flows,ue1_qfi1,0.4897959183673469,49,100.0,data,0.0,data,ok,0.0,ue8_qfi1,22.25,all_flows,ue8_qfi1,22.25,ok,30.2,ue3_qfi2,1,77.75,77.75,all_flows,30.2,ue3_qfi2,1,77.75,77.75,30.303,33.0,30.303,ok,33.0,,all_flows,,pending,,all_flows,,pending,100.0,"[8, 9]",ue8_qfi1,0,0,0,127.7499999999998,99.99999999999987,data,ok,2.0,,all_flows,,pending,1,33,5.0,1.0,all_flows,0,24,0.0,1.0,,ok,ue8_qfi9,True,Reservation,191741830
ue8_qfi8,299.75,300.25,300.25,300.25,all_flows,ue8_qfi2,14.15,87.086,105.851,124.276,ok,0.5135351964156539,all_flows,0.004634728450304482,ok,,ue8_qfi8,0,0,1,693.7499999999999,0.25000000000030553,all_flows,100.0,ue8_qfi1,0,0,0,424.2499999999998,101.25000000000028,data,2.0,data,ok,2.0,False,,all_flows,False,,3,0,proxy,3,0,ue8_qfi2,0.9666666666666667,150,150.0,all_flows,ue8_qfi2,0.9666666666666667,150,150.0,ok,ue8_qfi2,101.236,all_flows,ue8_qfi2,101.236,ok,7,all_flows,7,8,ok,8,ue8_qfi2,0.9217008000000001,all_flows,ue8_qfi2,0.9217008000000001,ok,0.8901221700393995,all_flows,0.992392091966251,5,0.9780393227407111,proxy,5,0.876511455092,69231748.8,ok,0.004820454545454545,ok,0.9335840909090909,0.033546875,ok,ue8_qfi1,0.4594594594594595,37,100.0,all_flows,ue8_qfi1,0.4594594594594595,37,100.0,data,0.0,data,ok,0.0,ue8_qfi2,110.12599999999999,all_flows,ue8_qfi2,110.12599999999999,ok,29.0,ue8_qfi2,9,318.75,994.5,all_flows,29.0,ue8_qfi2,9,318.75,994.5,30.303,33.0,30.303,ok,33.0,,all_flows,,pending,,all_flows,,pending,100.0,"[8, 9]",ue8_qfi1,0,0,0,424.2499999999998,101.25000000000028,data,ok,2.0,,all_flows,,pending,1,33,5.0,1.0,all_flows,0,24,0.0,1.0,,ok,ue8_qfi9,True,TwoTier,191741830
ue8_qfi8,300.0,300.25,300.25,300.25,all_flows,ue2_qfi1,7.0,20.5,29.75,29.75,ok,0.5378071450776297,all_flows,0.0,ok,100.0,ue3_qfi1,0,0,0,128.75,99.75000000000023,all_flows,100.0,ue3_qfi1,0,0,0,128.75,99.75000000000023,data,2.0,data,ok,2.0,False,,all_flows,False,,3,0,proxy,3,0,ue5_qfi2,0.993421052631579,152,150.0,all_flows,ue5_qfi2,0.993421052631579,152,150.0,ok,ue2_qfi2,26.0,all_flows,ue2_qfi2,26.0,ok,8,all_flows,8,8,ok,8,ue8_qfi2,0.959092,all_flows,ue8_qfi2,0.959092,ok,0.9058565288991952,all_flows,0.9999582242518512,5,0.9999136356805925,proxy,5,0.9016004461916716,67251244.8,ok,0.004804545454545455,ok,0.9331761363636364,0.038046875,ok,ue1_qfi1,0.46938775510204084,49,100.0,all_flows,ue1_qfi1,0.46938775510204084,49,100.0,data,0.0,data,ok,0.0,ue3_qfi1,24.75,all_flows,ue3_qfi1,24.75,ok,30.4,ue1_qfi2,0,0.0,0.0,all_flows,30.4,ue1_qfi2,0,0.0,0.0,30.303,33.0,30.303,ok,33.0,,all_flows,,pending,,all_flows,,pending,100.0,"[8, 9]",ue3_qfi1,0,0,0,128.75,99.75000000000023,data,ok,2.0,,all_flows,,pending,1,33,5.0,1.0,all_flows,0,24,0.0,1.0,,ok,ue8_qfi9,True,PF,1853662620
ue8_qfi8,300.25,300.25,300.25,300.25,all_flows,ue3_qfi2,10.334,21.561,24.346,26.785,ok,0.5561935058416738,all_flows,0.0,ok,,ue8_qfi8,0,0,0,125.49999999999972,2.8750000000001257,all_flows,100.0,ue1_qfi1,0,0,0,125.24999999999986,99.99999999999964,data,2.0,data,ok,2.0,False,,all_flows,False,,3,0,proxy,3,0,ue2_qfi2,0.993421052631579,152,150.0,all_flows,ue2_qfi2,0.993421052631579,152,150.0,ok,ue1_qfi2,23.464,all_flows,ue1_qfi2,23.464,ok,8,all_flows,8,8,ok,8,ue8_qfi2,0.959092,all_flows,ue8_qfi2,0.959092,ok,0.9027656294534181,all_flows,0.9998306180933476,5,0.9994949381081081,proxy,5,0.8987244165926995,66063414.4,ok,0.004215909090909091,ok,0.9315068181818181,0.11935625,ok,ue3_qfi1,0.46938775510204084,49,100.0,all_flows,ue3_qfi1,0.46938775510204084,49,100.0,data,0.0,data,ok,0.0,ue1_qfi1,21.0,all_flows,ue1_qfi1,21.0,ok,30.2,ue2_qfi2,1,76.25,76.25,all_flows,30.2,ue2_qfi2,1,76.25,76.25,30.303,33.0,30.303,ok,33.0,,all_flows,,pending,,all_flows,,pending,100.0,"[8, 9]",ue1_qfi1,0,0,0,125.24999999999986,99.99999999999964,data,ok,2.0,,all_flows,,pending,1,33,5.0,1.0,all_flows,0,24,0.0,1.0,,ok,ue8_qfi9,True,Reservation,1853662620
ue8_qfi8,300.0,300.25,300.25,300.25,all_flows,ue1_qfi1,7.0,89.25,99.25,99.25,ok,0.539589556186912,all_flows,0.00023874319221212876,ok,,ue8_qfi8,0,0,0,382.0000000000001,0.25000000000030553,all_flows,100.0,ue1_qfi1,0,0,0,269.75000000000017,100.12500000000047,data,2.0,data,ok,2.0,False,,all_flows,False,,3,0,proxy,3,0,ue2_qfi2,0.993421052631579,152,150.0,all_flows,ue2_qfi2,0.993421052631579,152,150.0,ok,ue3_qfi2,71.653,all_flows,ue3_qfi2,71.653,ok,7,all_flows,7,8,ok,8,ue8_qfi2,0.947774,all_flows,ue8_qfi2,0.947774,ok,0.8810932310500024,all_flows,0.9967559203149488,5,0.9934974954415927,proxy,5,0.8520741171996641,67187288.0,ok,0.0047954545454545455,ok,0.9332488636363636,0.037025,ok,ue3_qfi1,0.41025641025641024,39,100.0,all_flows,ue3_qfi1,0.41025641025641024,39,100.0,data,0.0,data,ok,0.0,ue1_qfi1,92.25,all_flows,ue1_qfi1,92.25,ok,30.4,ue3_qfi2,5,101.0,461.75,all_flows,30.4,ue3_qfi2,5,101.0,461.75,30.303,33.0,30.303,ok,33.0,,all_flows,,pending,,all_flows,,pending,100.0,"[8, 9]",ue1_qfi1,0,0,0,269.75000000000017,100.12500000000047,data,ok,2.0,,all_flows,,pending,1,33,5.0,1.0,all_flows,0,24,0.0,1.0,,ok,ue8_qfi9,True,TwoTier,1853662620
ue8_qfi8,300.0,300.25,300.25,300.25,all_flows,ue1_qfi2,9.412,20.917,24.25,30.337,ok,0.5333505879419036,all_flows,0.0,ok,100.0,ue1_qfi1,0,0,0,125.25000000000031,99.49999999999991,all_flows,100.0,ue1_qfi1,0,0,0,125.25000000000031,99.49999999999991,data,2.0,data,ok,2.0,False,,all_flows,False,,3,0,proxy,3,0,ue6_qfi2,0.993421052631579,152,150.0,all_flows,ue6_qfi2,0.993421052631579,152,150.0,ok,ue3_qfi2,26.253,all_flows,ue3_qfi2,26.253,ok,8,all_flows,8,8,ok,8,ue3_qfi2,0.9553096,all_flows,ue3_qfi2,0.9553096,ok,0.9064148226252955,all_flows,0.9999570204348679,5,0.9999368854385486,proxy,5,0.9002743555430345,67807716.8,ok,0.005395454545454545,ok,0.9329136363636363,0.036734375,ok,ue1_qfi1,0.5102040816326531,49,100.0,all_flows,ue1_qfi1,0.5102040816326531,49,100.0,data,0.0,data,ok,0.0,ue2_qfi1,21.75,all_flows,ue2_qfi1,21.75,ok,30.4,ue1_qfi2,0,0.0,0.0,all_flows,30.4,ue1_qfi2,0,0.0,0.0,30.303,33.0,30.303,ok,33.0,,all_flows,,pending,,all_flows,,pending,100.0,"[8, 9]",ue1_qfi1,0,0,0,125.25000000000031,99.49999999999991,data,ok,2.0,,all_flows,,pending,1,33,5.0,1.0,all_flows,0,24,0.0,1.0,,ok,ue8_qfi9,True,PF,47463574
ue8_qfi8,300.25,300.25,300.25,300.25,all_flows,ue3_qfi1,4.5,19.25,28.25,28.25,ok,0.5532686160947176,all_flows,0.0,ok,100.0,ue3_qfi1,0,0,0,128.0000000000001,99.24999999999962,all_flows,100.0,ue3_qfi1,0,0,0,128.0000000000001,99.24999999999962,data,2.0,data,ok,2.0,False,,all_flows,False,,3,0,proxy,3,0,ue1_qfi2,1.0,152,150.0,all_flows,ue1_qfi2,1.0,152,150.0,ok,ue1_qfi2,24.863,all_flows,ue1_qfi2,24.863,ok,8,all_flows,8,8,ok,8,ue3_qfi2,0.9553096,all_flows,ue3_qfi2,0.9553096,ok,0.9036277229908949,all_flows,0.9998934071383452,5,0.999843265934964,proxy,5,0.8977006745684522,66606451.2,ok,0.004225,ok,0.9306238636363636,0.1158375,ok,ue1_qfi1,0.40816326530612246,49,100.0,all_flows,ue1_qfi1,0.40816326530612246,49,100.0,data,0.0,data,ok,0.0,ue3_qfi1,23.75,all_flows,ue3_qfi1,23.75,ok,30.4,ue1_qfi2,0,0.0,0.0,all_flows,30.4,ue1_qfi2,0,0.0,0.0,30.303,33.0,30.303,ok,33.0,,all_flows,,pending,,all_flows,,pending,100.0,"[8, 9]",ue3_qfi1,0,0,0,128.0000000000001,99.24999999999962,data,ok,2.0,,all_flows,,pending,1,33,5.0,1.0,all_flows,0,24,0.0,1.0,,ok,ue8_qfi9,True,Reservation,47463574
ue8_qfi8,299.5,300.25,300.25,300.25,all_flows,ue8_qfi2,21.456,86.279,98.716,106.349,ok,0.5218451546044327,all_flows,0.003007246669734777,ok,,ue8_qfi8,0,0,0,396.9999999999998,0.2500000000000002,all_flows,100.0,ue8_qfi1,0,0,0,349.49999999999994,100.99999999999997,data,2.0,data,ok,2.0,False,,all_flows,False,,3,0,proxy,3,0,ue8_qfi2,0.9802631578947368,152,150.0,all_flows,ue8_qfi2,0.9802631578947368,152,150.0,ok,ue8_qfi2,96.273,all_flows,ue8_qfi2,96.273,ok,8,all_flows,8,8,ok,8,ue8_qfi2,0.9524704,all_flows,ue8_qfi2,0.9524704,ok,0.8868226957512189,all_flows,0.9935365893116577,5,0.9862012957067908,proxy,5,0.8735654597797072,67802160.0,ok,0.005377272727272727,ok,0.9330943181818182,0.036125,ok,ue3_qfi1,0.46153846153846156,39,100.0,all_flows,ue3_qfi1,0.46153846153846156,39,100.0,data,0.0,data,ok,0.0,ue8_qfi2,84.893,all_flows,ue8_qfi2,84.893,ok,29.8,ue8_qfi2,12,255.5,1284.0,all_flows,29.8,ue8_qfi2,12,255.5,1284.0,30.303,33.0,30.303,ok,33.0,,all_flows,,pending,,all_flows,,pending,100.0,"[8, 9]",ue8_qfi1,0,0,0,349.49999999999994,100.99999999999997,data,ok,2.0,,all_flows,,pending,1,33,5.0,1.0,all_flows,0,24,0.0,1.0,,ok,ue8_qfi9,True,TwoTier,47463574
ue8_qfi8,300.0,300.25,300.25,300.25,all_flows,ue8_qfi1,6.75,29.0,72.25,72.25,ok,0.5329219251930415,all_flows,0.0,ok,100.0,ue8_qfi1,0,0,0,168.25,99.0000000000002,all_flows,100.0,ue8_qfi1,0,0,0,168.25,99.0000000000002,data,2.0,data,ok,2.0,False,,all_flows,False,,3,0,proxy,3,0,ue1_qfi2,1.0,152,150.0,all_flows,ue1_qfi2,1.0,152,150.0,ok,ue8_qfi2,28.278,all_flows,ue8_qfi2,28.278,ok,8,all_flows,8,8,ok,8,ue3_qfi2,0.9661491999999999,all_flows,ue3_qfi2,0.9661491999999999,ok,0.9076939141064331,all_flows,0.9999460493294057,5,0.9999092706298488,proxy,5,0.8994778612436174,67810350.4,ok,0.004943181818181818,ok,0.9331943181818182,0.037459375,ok,ue4_qfi1,0.4897959183673469,49,100.0,all_flows,ue4_qfi1,0.4897959183673469,49,100.0,data,0.0,data,ok,0.0,ue8_qfi1,65.5,all_flows,ue8_qfi1,65.5,ok,30.4,ue1_qfi2,0,0.0,0.0,all_flows,30.4,ue1_qfi2,0,0.0,0.0,30.303,33.0,30.303,ok,33.0,,all_flows,,pending,,all_flows,,pending,100.0,"[8, 9]",ue8_qfi1,0,0,0,168.25,99.0000000000002,data,ok,2.0,,all_flows,,pending,1,33,5.0,1.0,all_flows,0,24,0.0,1.0,,ok,ue8_qfi9,True,PF,1162779115
ue8_qfi8,300.25,300.25,300.25,300.25,all_flows,ue1_qfi1,5.5,22.0,24.75,24.75,ok,0.5518111617132351,all_flows,0.0,ok,,ue8_qfi8,0,0,0,394.25,2.4999999999999467,all_flows,100.0,ue1_qfi1,0,0,0,124.49999999999983,99.99999999999997,data,2.0,data,ok,2.0,False,,all_flows,False,,3,0,proxy,3,0,ue8_qfi2,0.993421052631579,152,150.0,all_flows,ue8_qfi2,0.993421052631579,152,150.0,ok,ue8_qfi2,23.395,all_flows,ue8_qfi2,23.395,ok,8,all_flows,8,8,ok,8,ue3_qfi2,0.9658744,all_flows,ue3_qfi2,0.9658744,ok,0.9042762964712499,all_flows,0.9998552080033554,5,0.9997542238116217,proxy,5,0.8959227390890149,66592980.8,ok,0.004111363636363636,ok,0.9322397727272728,0.1175125,ok,ue7_qfi1,0.46938775510204084,49,100.0,all_flows,ue7_qfi1,0.46938775510204084,49,100.0,data,0.0,data,ok,0.0,ue1_qfi1,19.25,all_flows,ue1_qfi1,19.25,ok,30.2,ue8_qfi2,1,66.75,66.75,all_flows,30.2,ue8_qfi2,1,66.75,66.75,30.303,33.0,30.303,ok,33.0,,all_flows,,pending,,all_flows,,pending,100.0,"[8, 9]",ue1_qfi1,0,0,0,124.49999999999983,99.99999999999997,data,ok,2.0,,all_flows,,pending,1,33,5.0,1.0,all_flows,0,24,0.0,1.0,,ok,ue8_qfi9,True,Reservation,1162779115
ue8_qfi8,90.5,300.25,300.25,300.25,all_flows,ue8_qfi2,32.815,82.848,91.415,98.637,ok,0.5169687359072835,all_flows,0.0006289300486740712,ok,,ue8_qfi8,0,0,1,688.7500000000002,0.2500000000000002,all_flows,100.0,ue5_qfi1,0,0,0,461.0000000000003,101.87500000000004,data,2.0,data,ok,2.0,False,,all_flows,False,,3,0,proxy,3,0,ue1_qfi2,1.0,152,150.0,all_flows,ue1_qfi2,1.0,152,150.0,ok,ue8_qfi2,95.453,all_flows,ue8_qfi2,95.453,ok,8,all_flows,8,8,ok,8,ue8_qfi2,0.9512932,all_flows,ue8_qfi2,0.9512932,ok,0.8797232472080421,all_flows,0.9814942421754536,5,0.9696128876377168,proxy,5,0.8596382744029628,68110168.0,ok,0.004947727272727273,ok,0.9333806818181818,0.0363390625,ok,ue8_qfi1,0.3793103448275862,29,100.0,all_flows,ue8_qfi1,0.3793103448275862,29,100.0,data,0.0,data,ok,0.0,ue8_qfi8,209.75,all_flows,ue5_qfi1,78.75,ok,29.8,ue8_qfi2,16,104.5,1442.0,all_flows,29.8,ue8_qfi2,16,104.5,1442.0,30.303,33.0,30.303,ok,33.0,,all_flows,,pending,,all_flows,,pending,100.0,"[8, 9]",ue5_qfi1,0,0,0,461.0000000000003,101.87500000000004,data,ok,2.0,,all_flows,,pending,1,33,5.0,1.0,all_flows,0,24,0.0,1.0,,ok,ue8_qfi9,True,TwoTier,1162779115
ue8_qfi8,300.0,300.25,300.25,300.25,all_flows,ue5_qfi1,5.25,19.25,38.25,38.25,ok,0.5371533311960196,all_flows,0.0,ok,100.0,ue8_qfi1,0,0,0,129.75000000000003,99.99999999999987,all_flows,100.0,ue8_qfi1,0,0,0,129.75000000000003,99.99999999999987,data,2.0,data,ok,2.0,False,,all_flows,False,,3,0,proxy,3,0,ue4_qfi2,0.993421052631579,152,150.0,all_flows,ue4_qfi2,0.993421052631579,152,150.0,ok,ue8_qfi2,24.413,all_flows,ue8_qfi2,24.413,ok,8,all_flows,8,8,ok,8,ue4_qfi2,0.9642376,all_flows,ue4_qfi2,0.9642376,ok,0.9049697243188755,all_flows,0.9999462131695889,5,0.999930194013616,proxy,5,0.8983527330267271,67049756.8,ok,0.004831818181818182,ok,0.9330125,0.0373421875,ok,ue1_qfi1,0.5102040816326531,49,100.0,all_flows,ue1_qfi1,0.5102040816326531,49,100.0,data,0.0,data,ok,0.0,ue5_qfi1,33.0,all_flows,ue5_qfi1,33.0,ok,30.2,ue4_qfi2,1,68.5,68.5,all_flows,30.2,ue4_qfi2,1,68.5,68.5,30.303,33.0,30.303,ok,33.0,,all_flows,,pending,,all_flows,,pending,100.0,"[8, 9]",ue8_qfi1,0,0,0,129.75000000000003,99.99999999999987,data,ok,2.0,,all_flows,,pending,1,33,5.0,1.0,all_flows,0,24,0.0,1.0,,ok,ue8_qfi9,True,PF,172656923
ue8_qfi8,300.25,300.25,300.25,300.25,all_flows,ue7_qfi1,5.5,18.0,25.75,25.75,ok,0.5549613612388647,all_flows,0.0,ok,,ue8_qfi8,0,0,0,229.99999999999997,2.4999999999999742,all_flows,100.0,ue4_qfi1,0,0,0,125.0,100.00000000000003,data,2.0,data,ok,2.0,False,,all_flows,False,,3,0,proxy,3,0,ue6_qfi2,0.993421052631579,152,150.0,all_flows,ue6_qfi2,0.993421052631579,152,150.0,ok,ue2_qfi2,23.5,all_flows,ue2_qfi2,23.5,ok,8,all_flows,8,8,ok,8,ue4_qfi2,0.963458,all_flows,ue4_qfi2,0.963458,ok,0.9025944254641016,all_flows,0.9999068752727005,5,0.9998733653744497,proxy,5,0.8948570025654429,66052620.8,ok,0.004386363636363636,ok,0.9323193181818182,0.1171890625,ok,ue4_qfi1,0.4897959183673469,49,100.0,all_flows,ue4_qfi1,0.4897959183673469,49,100.0,data,0.0,data,ok,0.0,ue7_qfi1,20.25,all_flows,ue7_qfi1,20.25,ok,30.4,ue1_qfi2,0,0.0,0.0,all_flows,30.4,ue1_qfi2,0,0.0,0.0,30.303,33.0,30.303,ok,33.0,,all_flows,,pending,,all_flows,,pending,100.0,"[8, 9]",ue4_qfi1,0,0,0,125.0,100.00000000000003,data,ok,2.0,,all_flows,,pending,1,33,5.0,1.0,all_flows,0,24,0.0,1.0,,ok,ue8_qfi9,True,Reservation,172656923
ue8_qfi8,189.75,300.25,300.25,300.25,all_flows,ue8_qfi2,28.646,79.658,93.127,98.826,ok,0.5240273110318572,all_flows,0.0006384132459398397,ok,,ue8_qfi8,0,0,1,856.2500000000002,0.2500000000000002,all_flows,100.0,ue8_qfi1,0,0,1,501.00000000000034,103.87499999999994,data,2.0,data,ok,2.0,False,,all_flows,False,,3,0,proxy,3,0,ue1_qfi2,0.993421052631579,152,150.0,all_flows,ue1_qfi2,0.993421052631579,152,150.0,ok,ue8_qfi2,93.651,all_flows,ue8_qfi2,93.651,ok,8,all_flows,8,8,ok,8,ue8_qfi2,0.95657,all_flows,ue8_qfi2,0.95657,ok,0.8679018789462166,all_flows,0.9828172034531152,5,0.9590884020295389,proxy,5,0.8481752156134511,66956332.8,ok,0.004836363636363636,ok,0.9332022727272727,0.036715625,ok,ue8_qfi1,0.3333333333333333,30,100.0,all_flows,ue8_qfi1,0.3333333333333333,30,100.0,data,0.0,data,ok,0.0,ue2_qfi9,158.0,all_flows,ue8_qfi1,85.75,ok,30.0,ue8_qfi2,14,107.5,1250.0,all_flows,30.0,ue8_qfi2,14,107.5,1250.0,30.303,33.0,30.303,ok,33.0,,all_flows,,pending,,all_flows,,pending,100.0,"[8, 9]",ue8_qfi1,0,0,1,501.00000000000034,103.87499999999994,data,ok,2.0,,all_flows,,pending,1,33,5.0,1.0,all_flows,0,24,0.0,1.0,,ok,ue8_qfi9,True,TwoTier,172656923
ue8_qfi8,300.0,300.25,300.25,300.25,all_flows,ue3_qfi1,5.75,25.75,41.0,41.0,ok,0.5268807689215523,all_flows,0.0,ok,100.0,ue8_qfi1,0,0,0,130.24999999999997,99.25000000000006,all_flows,100.0,ue8_qfi1,0,0,0,130.24999999999997,99.25000000000006,data,2.0,data,ok,2.0,False,,all_flows,False,,3,0,proxy,3,0,ue1_qfi2,0.9868421052631579,152,150.0,all_flows,ue1_qfi2,0.9868421052631579,152,150.0,ok,ue5_qfi2,24.082,all_flows,ue5_qfi2,24.082,ok,8,all_flows,8,8,ok,8,ue7_qfi2,0.962518,all_flows,ue7_qfi2,0.962518,ok,0.9094174107026504,all_flows,0.9999460957272028,5,0.9998925400663673,proxy,5,0.9023103689109636,68679062.4,ok,0.004631818181818181,ok,0.9303840909090909,0.034940625,ok,ue7_qfi1,0.46938775510204084,49,100.0,all_flows,ue7_qfi1,0.46938775510204084,49,100.0,data,0.0,data,ok,0.0,ue3_qfi1,35.25,all_flows,ue3_qfi1,35.25,ok,30.0,ue1_qfi2,1,69.0,69.0,all_flows,30.0,ue1_qfi2,1,69.0,69.0,30.303,33.0,30.303,ok,33.0,,all_flows,,pending,,all_flows,,pending,100.0,"[8, 9]",ue8_qfi1,0,0,0,130.24999999999997,99.25000000000006,data,ok,2.0,,all_flows,,pending,1,33,5.0,1.0,all_flows,0,24,0.0,1.0,,ok,ue8_qfi9,True,PF,643626383
ue8_qfi8,300.0,300.25,300.25,300.25,all_flows,ue3_qfi1,5.75,21.0,29.0,29.0,ok,0.5434002656941981,all_flows,0.0,ok,,ue8_qfi8,0,0,0,267.50000000000006,2.4999999999999467,all_flows,100.0,ue3_qfi1,0,0,0,128.50000000000028,99.24999999999994,data,2.0,data,ok,2.0,False,,all_flows,False,,3,0,proxy,3,0,ue7_qfi2,0.993421052631579,152,150.0,all_flows,ue7_qfi2,0.993421052631579,152,150.0,ok,ue7_qfi2,23.015,all_flows,ue7_qfi2,23.015,ok,8,all_flows,8,8,ok,8,ue7_qfi2,0.9614188,all_flows,ue7_qfi2,0.9614188,ok,0.9078293807975989,all_flows,0.9999028862073234,5,0.99985633557139,proxy,5,0.9017195824609838,67897176.0,ok,0.004090909090909091,ok,0.9324545454545454,0.110375,ok,ue1_qfi1,0.4489795918367347,49,100.0,all_flows,ue1_qfi1,0.4489795918367347,49,100.0,data,0.0,data,ok,0.0,ue3_qfi1,23.25,all_flows,ue3_qfi1,23.25,ok,30.2,ue7_qfi2,1,71.75,71.75,all_flows,30.2,ue7_qfi2,1,71.75,71.75,30.303,33.0,30.303,ok,33.0,,all_flows,,pending,,all_flows,,pending,100.0,"[8, 9]",ue3_qfi1,0,0,0,128.50000000000028,99.24999999999994,data,ok,2.0,,all_flows,,pending,1,33,5.0,1.0,all_flows,0,24,0.0,1.0,,ok,ue8_qfi9,True,Reservation,643626383
ue8_qfi8,299.75,300.25,300.25,300.25,all_flows,ue8_qfi2,11.585,88.112,99.055,115.588,ok,0.521872706535185,all_flows,0.0025255604905020925,ok,,ue8_qfi8,0,0,1,501.50000000000006,0.25000000000030553,all_flows,100.0,ue3_qfi1,0,0,0,325.0,103.12499999999991,data,2.0,data,ok,2.0,False,,all_flows,False,,3,0,proxy,3,0,ue8_qfi2,0.9736842105263158,152,150.0,all_flows,ue8_qfi2,0.9736842105263158,152,150.0,ok,ue8_qfi2,96.342,all_flows,ue8_qfi2,96.342,ok,8,all_flows,8,8,ok,8,ue8_qfi2,0.9500616,all_flows,ue8_qfi2,0.9500616,ok,0.8809908916601351,all_flows,0.989005603471312,5,0.9733777015865156,proxy,5,0.8358465333803965,68772512.0,ok,0.0046409090909090905,ok,0.9303738636363637,0.0341046875,ok,ue3_qfi1,0.3611111111111111,36,100.0,all_flows,ue3_qfi1,0.3611111111111111,36,100.0,data,0.0,data,ok,0.0,ue8_qfi2,104.00299999999999,all_flows,ue8_qfi2,104.00299999999999,ok,29.6,ue8_qfi2,11,274.25,1139.25,all_flows,29.6,ue8_qfi2,11,274.25,1139.25,30.303,33.0,30.303,ok,33.0,,all_flows,,pending,,all_flows,,pending,100.0,"[8, 9]",ue3_qfi1,0,0,0,325.0,103.12499999999991,data,ok,2.0,,all_flows,,pending,1,33,5.0,1.0,all_flows,0,24,0.0,1.0,,ok,ue8_qfi9,True,TwoTier,643626383
ue8_qfi8,300.0,300.25,300.25,300.25,all_flows,ue5_qfi1,6.0,20.5,46.75,46.75,ok,0.5228834436072077,all_flows,0.0,ok,100.0,ue5_qfi1,0,0,0,145.2500000000001,99.74999999999935,all_flows,100.0,ue5_qfi1,0,0,0,145.2500000000001,99.74999999999935,data,2.0,data,ok,2.0,False,,all_flows,False,,3,0,proxy,3,0,ue2_qfi2,0.993421052631579,152,150.0,all_flows,ue2_qfi2,0.993421052631579,152,150.0,ok,ue6_qfi2,27.324,all_flows,ue6_qfi2,27.324,ok,8,all_flows,8,8,ok,8,ue1_qfi2,0.963714,all_flows,ue1_qfi2,0.963714,ok,0.909534496145971,all_flows,0.9999415414368127,5,0.9999124670022458,proxy,5,0.8978990260385437,69313003.2,ok,0.0044,ok,0.9335738636363636,0.03595625,ok,ue8_qfi1,0.46938775510204084,49,100.0,all_flows,ue8_qfi1,0.46938775510204084,49,100.0,data,0.0,data,ok,0.0,ue5_qfi1,40.75,all_flows,ue5_qfi1,40.75,ok,30.2,ue6_qfi2,1,70.75,70.75,all_flows,30.2,ue6_qfi2,1,70.75,70.75,30.303,33.0,30.303,ok,33.0,,all_flows,,pending,,all_flows,,pending,100.0,"[8, 9]",ue5_qfi1,0,0,0,145.2500000000001,99.74999999999935,data,ok,2.0,,all_flows,,pending,1,33,5.0,1.0,all_flows,0,24,0.0,1.0,,ok,ue8_qfi9,True,PF,1033071480
ue8_qfi8,300.0,300.25,300.25,300.25,all_flows,ue4_qfi1,6.0,17.0,25.5,25.5,ok,0.5439048429543747,all_flows,0.0,ok,,ue8_qfi8,0,0,0,125.0,2.2500000000000018,all_flows,100.0,ue4_qfi1,0,0,0,123.25000000000009,99.74999999999979,data,2.0,data,ok,2.0,False,,all_flows,False,,3,0,proxy,3,0,ue1_qfi2,1.0,152,150.0,all_flows,ue1_qfi2,1.0,152,150.0,ok,ue8_qfi2,23.915,all_flows,ue8_qfi2,23.915,ok,8,all_flows,8,8,ok,8,ue1_qfi2,0.963714,all_flows,ue1_qfi2,0.963714,ok,0.9069382647948849,all_flows,0.9999049133108084,5,0.999862862838176,proxy,5,0.8919434663311254,68088126.4,ok,0.004115909090909091,ok,0.9323261363636364,0.113175,ok,ue8_qfi1,0.42857142857142855,49,100.0,all_flows,ue8_qfi1,0.42857142857142855,49,100.0,data,0.0,data,ok,0.0,ue4_qfi1,19.5,all_flows,ue4_qfi1,19.5,ok,30.4,ue1_qfi2,0,0.0,0.0,all_flows,30.4,ue1_qfi2,0,0.0,0.0,30.303,33.0,30.303,ok,33.0,,all_flows,,pending,,all_flows,,pending,100.0,"[8, 9]",ue4_qfi1,0,0,0,123.25000000000009,99.74999999999979,data,ok,2.0,,all_flows,,pending,1,33,5.0,1.0,all_flows,0,24,0.0,1.0,,ok,ue8_qfi9,True,Reservation,1033071480
ue8_qfi8,299.75,300.25,300.25,300.25,all_flows,ue3_qfi2,9.326,37.476,88.172,103.172,ok,0.5184326491258338,all_flows,0.0003521125862133634,ok,,ue8_qfi8,0,0,0,409.00000000000006,0.2500000000000002,all_flows,100.0,ue8_qfi1,0,0,0,311.75,100.24999999999994,data,2.0,data,ok,2.0,False,,all_flows,False,,3,0,proxy,3,0,ue3_qfi2,0.993421052631579,152,150.0,all_flows,ue3_qfi2,0.993421052631579,152,150.0,ok,ue8_qfi2,77.394,all_flows,ue8_qfi2,77.394,ok,8,all_flows,8,8,ok,8,ue1_qfi2,0.9528448,all_flows,ue1_qfi2,0.9528448,ok,0.8811732677784836,all_flows,0.9941969726476294,5,0.989420942020069,proxy,5,0.8574295415138127,70321126.4,ok,0.004811363636363636,ok,0.9334715909090909,0.0340015625,ok,ue1_qfi1,0.47368421052631576,38,100.0,all_flows,ue1_qfi1,0.47368421052631576,38,100.0,data,0.0,data,ok,0.0,ue2_qfi9,156.75,all_flows,ue3_qfi2,93.846,ok,30.4,ue2_qfi2,7,87.75,555.0,all_flows,30.4,ue2_qfi2,7,87.75,555.0,30.303,33.0,30.303,ok,33.0,,all_flows,,pending,,all_flows,,pending,100.0,"[8, 9]",ue8_qfi1,0,0,0,311.75,100.24999999999994,data,ok,2.0,,all_flows,,pending,1,33,5.0,1.0,all_flows,0,24,0.0,1.0,,ok,ue8_qfi9,True,TwoTier,1033071480
ue8_qfi8,300.0,300.25,300.25,300.25,all_flows,ue5_qfi1,3.5,16.5,27.5,27.5,ok,0.5436244849585012,all_flows,0.0,ok,100.0,ue1_qfi1,0,0,0,122.2500000000002,99.25000000000006,all_flows,100.0,ue1_qfi1,0,0,0,122.2500000000002,99.25000000000006,data,2.0,data,ok,2.0,False,,all_flows,False,,3,0,proxy,3,0,ue1_qfi2,1.0,152,150.0,all_flows,ue1_qfi2,1.0,152,150.0,ok,ue7_qfi2,24.245,all_flows,ue7_qfi2,24.245,ok,8,all_flows,8,8,ok,8,ue7_qfi2,0.954452,all_flows,ue7_qfi2,0.954452,ok,0.9031001238400209,all_flows,0.9999437973396684,5,0.999898916650462,proxy,5,0.90093619685965,66449912.0,ok,0.004609090909090909,ok,0.929675,0.03779375,ok,ue2_qfi1,0.40816326530612246,49,100.0,all_flows,ue2_qfi1,0.40816326530612246,49,100.0,data,0.0,data,ok,0.0,ue5_qfi1,24.0,all_flows,ue5_qfi1,24.0,ok,30.4,ue1_qfi2,0,0.0,0.0,all_flows,30.4,ue1_qfi2,0,0.0,0.0,30.303,33.0,30.303,ok,33.0,,all_flows,,pending,,all_flows,,pending,100.0,"[8, 9]",ue1_qfi1,0,0,0,122.2500000000002,99.25000000000006,data,ok,2.0,,all_flows,,pending,1,33,5.0,1.0,all_flows,0,24,0.0,1.0,,ok,ue8_qfi9,True,PF,907713895
ue8_qfi8,300.0,300.25,300.25,300.25,all_flows,ue6_qfi1,4.5,17.75,29.75,29.75,ok,0.5613996888835712,all_flows,0.0,ok,,ue8_qfi8,0,0,0,129.25000000000009,2.2500000000000853,all_flows,100.0,ue6_qfi1,0,0,0,127.75000000000026,100.24999999999994,data,2.0,data,ok,2.0,False,,all_flows,False,,3,0,proxy,3,0,ue4_qfi2,0.993421052631579,152,150.0,all_flows,ue4_qfi2,0.993421052631579,152,150.0,ok,ue8_qfi2,23.644,all_flows,ue8_qfi2,23.644,ok,8,all_flows,8,8,ok,8,ue7_qfi2,0.954452,all_flows,ue7_qfi2,0.954452,ok,0.9004555786503701,all_flows,0.9999005328309352,5,0.9998531365658165,proxy,5,0.8972341871943587,65384545.6,ok,0.004329545454545455,ok,0.9309886363636364,0.1191890625,ok,ue3_qfi1,0.42857142857142855,49,100.0,all_flows,ue3_qfi1,0.42857142857142855,49,100.0,data,0.0,data,ok,0.0,ue6_qfi1,25.25,all_flows,ue6_qfi1,25.25,ok,30.4,ue1_qfi2,0,0.0,0.0,all_flows,30.4,ue1_qfi2,0,0.0,0.0,30.303,33.0,30.303,ok,33.0,,all_flows,,pending,,all_flows,,pending,100.0,"[8, 9]",ue6_qfi1,0,0,0,127.75000000000026,100.24999999999994,data,ok,2.0,,all_flows,,pending,1,33,5.0,1.0,all_flows,0,24,0.0,1.0,,ok,ue8_qfi9,True,Reservation,907713895
ue8_qfi8,300.0,300.25,300.25,300.25,all_flows,ue1_qfi2,15.073,58.925,89.567,100.08,ok,0.5479505737834932,all_flows,0.0004712998388916154,ok,100.0,ue6_qfi1,0,0,0,350.4999999999994,100.00000000000009,all_flows,100.0,ue6_qfi1,0,0,0,350.4999999999994,100.00000000000009,data,2.0,data,ok,2.0,False,,all_flows,False,,3,0,proxy,3,0,ue1_qfi2,1.0,152,150.0,all_flows,ue1_qfi2,1.0,152,150.0,ok,ue7_qfi2,73.491,all_flows,ue7_qfi2,73.491,ok,7,all_flows,7,8,ok,8,ue8_qfi2,0.9487476,all_flows,ue8_qfi2,0.9487476,ok,0.8614325035386988,all_flows,0.9903507811105703,5,0.9794825176108606,proxy,5,0.8430420473072842,66547417.6,ok,0.004597727272727272,ok,0.9296125,0.0370890625,ok,ue7_qfi1,0.4117647058823529,34,100.0,all_flows,ue7_qfi1,0.4117647058823529,34,100.0,data,0.0,data,ok,0.0,ue2_qfi9,122.25,all_flows,ue1_qfi1,91.25,ok,30.4,ue7_qfi2,11,103.75,895.25,all_flows,30.4,ue7_qfi2,11,103.75,895.25,30.303,33.0,30.303,ok,33.0,,all_flows,,pending,,all_flows,,pending,100.0,"[8, 9]",ue6_qfi1,0,0,0,350.4999999999994,100.00000000000009,data,ok,2.0,,all_flows,,pending,1,33,5.0,1.0,all_flows,0,24,0.0,1.0,,ok,ue8_qfi9,True,TwoTier,907713895
