CMDLINE: "./cmake_targets/ran_build/build/nr-softmodem" "-O" "/home/smart/projects/5g-qos-stack/oai-benchmark/config/gnb/gnb.sa.band78.106prb.rfsim.conf" "--rfsim" "--rfsimulator.[0].serveraddr" "server" 
[UTIL]   running in SA mode (no --phy-test, --do-ra, --nsa option present)
[0m[OPT]    OPT disabled
[0m[HW]     Version: Branch: feat/oai-integration Abrev. Hash: 4b960d8 Date: Mon Jun 1 17:30:07 2026 +0530
[0m[GNB_APP] Initialized RAN Context: RC.nb_nr_inst = 1, RC.nb_nr_macrlc_inst = 1, RC.nb_nr_L1_inst = 1, RC.nb_RU = 1, RC.nb_nr_CC[0] = 1
[0m[NR_PHY] Initializing gNB RAN context: RC.nb_nr_L1_inst = 1 
[0m[NR_PHY] Registered with MAC interface module (0x61c23b5cd8c0)
[0m[NR_PHY] Initializing NR L1: RC.nb_nr_L1_inst = 1
[0m[NR_PHY] thread cores for L1_RX -1 L1_TX -1
[0m[NR_PHY] TX_AMP = 519 (-36 dBFS)
[0m[PHY]    No prs_config configuration found..!!
[0m[GNB_APP] pdsch_AntennaPorts N1 1 N2 1 XP 1 pusch_AntennaPorts 1
[0m[GNB_APP] minTXRXTIME 6
[0m[GNB_APP] CSI-RS 0, SRS none, report type 0 (ssb_rsrp), 256 QAM may be on, delta_MCS off, maxMIMO_Layers -1, HARQ feedback enabled, num DLHARQ:16, num ULHARQ:16
[0m[GNB_APP] No RedCap configuration found
[0m[GNB_APP] No PTRS configuration found
[0m[GNB_APP] sr_ProhibitTimer 0, sr_TransMax 64, sr_ProhibitTimer_v1700 0, t300 400, t301 400, t310 2000, n310 10, t311 3000, n311 1, t319 400
[0m[NR_MAC] Candidates per PDCCH aggregation level on UESS: L1: 0, L2: 2, L4: 0, L8: 0, L16: 0
[0m[RRC]    Read in ServingCellConfigCommon (PhysCellId 0, ABSFREQSSB 621312, DLBand 78, ABSFREQPOINTA 620040, DLBW 106,RACH_TargetReceivedPower -104
[0m[NR_MAC] Computing frequency (nrarfcn 621312 => 3319680 KHz, NR band 78
[0m[RRC]    absoluteFrequencySSB 621312 corresponds to 3319680000 Hz
[0m[NR_MAC] Computing frequency (nrarfcn 620040 => 3300600 KHz, NR band 78
[0m[NR_MAC] PUSCH Target 200 RSSI thresh 0 Failure 10, PUCCH Target 200 RSSI thresh 0 Failure 10
[0m[UTIL]   threadCreate() for MAC_STATS: creating thread with affinity ffffffff, priority 2
[0m[NR_PHY] Copying 0 blacklisted PRB to L1 context
[0m[NR_MAC] Computing frequency (nrarfcn 620040 => 3300600 KHz, NR band 78
[0m[NR_MAC] Computing frequency (nrarfcn 620040 => 3300600 KHz, NR band 78
[0m[NR_MAC] Set TX antenna number to 1, Set RX antenna number to 1 (num ssb 1: 80000000,0)
[0m[NR_MAC] TDD period index = 6, based on the sum of dl_UL_TransmissionPeriodicity from Pattern1 (5.000000 ms) and Pattern2 (0.000000 ms): Total = 5.000000 ms
[0m[NR_MAC] Set TDD configuration period to: 8 DL slots, 3 UL slots, 10 slots per period (NR_TDD_UL_DL_Pattern is 7 DL slots, 2 UL slots, 6 DL symbols, 4 UL symbols)
[0m[NR_MAC] Configured 1 TDD patterns (total slots: pattern1 = 10, pattern2 = 0)
[0m[NR_PHY] Set TDD Period Configuration: 2 periods per frame, 20 slots to be configured (8 DL, 3 UL)
[0m[NR_PHY] TDD period configuration: slot 0 is DOWNLINK
[0m[NR_PHY] TDD period configuration: slot 1 is DOWNLINK
[0m[NR_PHY] TDD period configuration: slot 2 is DOWNLINK
[0m[NR_PHY] TDD period configuration: slot 3 is DOWNLINK
[0m[NR_PHY] TDD period configuration: slot 4 is DOWNLINK
[0m[NR_PHY] TDD period configuration: slot 5 is DOWNLINK
[0m[NR_PHY] TDD period configuration: slot 6 is DOWNLINK
[0m[NR_PHY] TDD period configuration: slot 7 is FLEXIBLE: DDDDDDFFFFUUUU
[0m[NR_PHY] TDD period configuration: slot 8 is UPLINK
[0m[NR_PHY] TDD period configuration: slot 9 is UPLINK
[0m[NR_MAC] Command line parameters for OAI UE: -C 3319680000 -r 106 --numerology 1 --band 78 --ssb 516 
[0m[PHY]    DL frequency 3319680000 Hz, UL frequency 3319680000 Hz: uldl offset 0 Hz
[0m[PHY]    Initializing frame parms for mu 1, N_RB 106, Ncp 0
[0m[PHY]    Init: N_RB_DL 106, first_carrier_offset 1412, nb_prefix_samples 144,nb_prefix_samples0 176, ofdm_symbol_size 2048
[0m[NR_MAC] TDD period index = 6, based on the sum of dl_UL_TransmissionPeriodicity from Pattern1 (5.000000 ms) and Pattern2 (0.000000 ms): Total = 5.000000 ms
[0m[NR_MAC] TDA index 0: start 0 length 13 k2 6
[0m[NR_MAC] TDA index 1: start 10 length 3 k2 6
[0m[NR_RRC] SIB1 freq: offsetToPointA 86
[0m[GNB_APP] F1AP: gNB idx 0 gNB_DU_id 3584, gNB_DU_name gnb-rfsim, TAC 1 MCC/MNC/length 208/99/2 cellID 12345678
[0m[GNB_APP] ngran_DU: Configuring Cell 0 for TDD
[0m[GNB_APP] Configured DU: cell ID 12345678, PCI 0
[0m[GNB_APP] gNB 0: neighbour_list has 0 serving cell(s)
[0m[GNB_APP] SDAP layer is enabled
[0m[GNB_APP] gNB 0 SIB2 config: q_Hyst=0 dB, cellReselPrio=0, q_RxLevMin=-56 dBm, t_ReselectionNR=1 s
[0m[GNB_APP] Parsed IPv4 address for NG AMF: 192.168.70.129
[0m[UTIL]   threadCreate() for TASK_SCTP: creating thread with affinity ffffffff, priority 50
[0m[X2AP]   X2AP is disabled.
[0m[UTIL]   threadCreate() for TASK_NGAP: creating thread with affinity ffffffff, priority 50
[0m[UTIL]   threadCreate() for TASK_RRC_GNB: creating thread with affinity ffffffff, priority 50
[0m[NGAP]   Registered new gNB[0] and macro gNB id 3584
[0m[NGAP]   [gNB 0] check the amf registration state
[0m[GTPU]   Configuring GTPu
[0m[GTPU]   SA mode 
[0m[GTPU]   Configuring GTPu address : 192.168.70.129, port : 2152
[0m[GTPU]   Initializing UDP for local address 192.168.70.129 with port 2152
[0m[GTPU]   Created gtpu instance id: 81
[0m[NR_RRC] Entering main loop of NR_RRC message task
[0m[UTIL]   threadCreate() for GTPrx_81: creating thread with affinity ffffffff, priority 50
[0m[32m[NGAP]   Send NGSetupRequest to AMF
[0m[NGAP]   3584 -> 0000e000
[0m[NGAP]   Supported PLMN 0: MCC=208 MNC=99
[0m[NGAP]   Supported slice (PLMN 0): SST=0x01 SD=000
[0m[93m[ITTI]   tried to remove a non existing timer
[0m[NGAP]   reconnected to AMF
[0m[32m[NGAP]   Received NGSetupResponse from AMF
[0m[UTIL]   threadCreate() for TASK_GNB_APP: creating thread with affinity ffffffff, priority 50
[0m[NR_RRC] Accepting new CU-UP ID 3584 name gnb-rfsim (assoc_id -1)
[0m[UTIL]   threadCreate() for TASK_GTPV1_U: creating thread with affinity ffffffff, priority 50
[0m[GNB_APP] [gNB 0] Received NGAP_REGISTER_GNB_CNF: associated AMF 1
[0m[NR_RRC] Received F1 Setup Request from gNB_DU 3584 (gnb-rfsim) on assoc_id -1
[0m[NR_RRC] Accepting DU 3584 (gnb-rfsim) (RRC version 17.3.0)
[0m[NR_RRC] Added cell 12345678 to DU cells array (total cells = 1)
[0m[NR_RRC] DU 3584: Added cell 12345678
[0m[NR_RRC] DU 3584 (gnb-rfsim): sending F1 Setup Response
[0m[MAC]    received F1 Setup Response from CU (null)
[0m[MAC]    CU uses RRC version 17.3.0
[0m[MAC]    Clearing the DU's UE states before, if any.
[0m[NR_RRC] cell PLMN 208.99 Cell ID 12345678 is in service
[0m[MAC]    received gNB-DU configuration update acknowledge
[0m[UTIL]   threadCreate() for time source iq samples: creating thread with affinity ffffffff, priority 2
[0m[UTIL]   time manager configuration: [time source: iq_samples] [mode: standalone] [server IP: 127.0.0.1} [server port: 7374] (server IP/port not used)
[0m[PHY]    number of L1 instances 1, number of RU 1, number of CPU cores 32
[0m[PHY]    Initialized RU proc 0 (,synch_to_ext_device),
[0m[PHY]    RU thread-pool core string -1,-1 (size 2)
[0m[UTIL]   threadCreate() for Tpool0_-1: creating thread with affinity ffffffff, priority 97
[0m[UTIL]   threadCreate() for Tpool1_-1: creating thread with affinity ffffffff, priority 97
[0m[UTIL]   threadCreate() for ru_thread: creating thread with affinity ffffffff, priority 97
[0m[PHY]    Starting RU 0 (,synch_to_ext_device) on cpu 11
[0m[PHY]    Initializing frame parms for mu 1, N_RB 106, Ncp 0
[0m[PHY]    Init: N_RB_DL 106, first_carrier_offset 1412, nb_prefix_samples 144,nb_prefix_samples0 176, ofdm_symbol_size 2048
[0m[PHY]    fp->scs=30000
[0m[PHY]    fp->ofdm_symbol_size=2048
[0m[PHY]    fp->nb_prefix_samples0=176
[0m[PHY]    fp->nb_prefix_samples=144
[0m[PHY]    fp->slots_per_subframe=2
[0m[PHY]    fp->samples_per_subframe_wCP=57344
[0m[PHY]    fp->samples_per_frame_wCP=573440
[0m[PHY]    fp->samples_per_subframe=61440
[0m[PHY]    fp->samples_per_frame=614400
[0m[PHY]    fp->dl_CarrierFreq=3319680000
[0m[PHY]    fp->ul_CarrierFreq=3319680000
[0m[PHY]    fp->Nid_cell=0
[0m[PHY]    fp->first_carrier_offset=1412
[0m[PHY]    fp->ssb_start_subcarrier=0
[0m[PHY]    fp->Ncp=0
[0m[PHY]    fp->N_RB_DL=106
[0m[PHY]    fp->numerology_index=1
[0m[PHY]    fp->ofdm_offset_divisor=8
[0m[PHY]    fp->threequarter_fs=0
[0m[PHY]    fp->sl_CarrierFreq=0
[0m[PHY]    fp->N_RB_SL=0
[0m[NR_PHY] nb_tx_streams 1, nb_rx_streams 1
[0m[PHY]    Setting RF config for N_RB 106, NB_RX 1, NB_TX 1
[0m[PHY]    tune_offset 0 Hz, sample_rate 61440000 Hz
[0m[PHY]    Channel 0: setting tx_gain offset 0, tx_freq 3319680000 Hz
[0m[PHY]    Channel 0: setting rx_gain offset 75, rx_freq 3319680000 Hz
[0m[HW]     Running as server waiting opposite rfsimulators to connect
[0m[HW]     [RAU] has loaded RFSIMULATOR device.
[0m[PHY]    RU 0 Setting N_TA_offset to 800 samples (UL Freq 3300600, N_RB 106, mu 1)
[0m[PHY]    Signaling main thread that RU 0 is ready, sl_ahead 6
[0m[PHY]    L1 configured without analog beamforming
[0m[PHY]    Attaching RU 0 antenna 0 to gNB antenna 0
[0m[UTIL]   threadCreate() for Tpool0_-1: creating thread with affinity ffffffff, priority 97
[0m[UTIL]   threadCreate() for Tpool1_-1: creating thread with affinity ffffffff, priority 97
[0m[UTIL]   threadCreate() for Tpool2_-1: creating thread with affinity ffffffff, priority 97
[0m[UTIL]   threadCreate() for Tpool3_-1: creating thread with affinity ffffffff, priority 97
[0m[UTIL]   threadCreate() for Tpool4_-1: creating thread with affinity ffffffff, priority 97
[0m[UTIL]   threadCreate() for Tpool5_-1: creating thread with affinity ffffffff, priority 97
[0m[UTIL]   threadCreate() for Tpool6_-1: creating thread with affinity ffffffff, priority 97
[0m[UTIL]   threadCreate() for Tpool7_-1: creating thread with affinity ffffffff, priority 97
[0m[UTIL]   threadCreate() for L1_rx_thread: creating thread with affinity ffffffff, priority 97
[0m[UTIL]   threadCreate() for L1_tx_thread: creating thread with affinity ffffffff, priority 97
[0m[UTIL]   threadCreate() for L1_stats: creating thread with affinity ffffffff, priority 1
[0m[PHY]    got sync (ru_thread)
[0m[PHY]    got sync (L1_stats_thread)
[0m[CONFIG] function config_libconfig_init returned 0
Initializing random number generator, seed 17477134066381731454
TYPE <CTRL-C> TO TERMINATE
[PHY]    RU 0 rf device ready
[0m[PHY]    RU 0 RF started cpu_meas_enabled 0
[0m[HW]     No connected device, generating void samples...
[0m[32m[PHY]    Command line parameters for OAI UE: -C 3319680000 -r 106 --numerology 1 --ssb 516 
[0m[NR_MAC] Frame.Slot 128.0

[0m[HW]     Client connects from ::ffff:127.0.0.1:8376
[0m[32m[HW]     RFsim: Number of antennas changed from 0 to 1
[0m[1;31m[NR_PHY]  198. 7 PRACH job is in the past ( 197.19)
[0m[1;31m[NR_PHY]  200. 7 PRACH job is in the past ( 199.19)
[0m[NR_MAC] Frame.Slot 256.0

[0m[32m[NR_PHY] [RAPROC] 369.19 Initiating RA procedure with preamble 31, energy 44.4 dB (I0 0, thres 200), delay 0 start symbol 4 freq index 0
[0m[32m[NR_MAC] 369.19 UE RA-RNTI 010f TC-RNTI 2cf9: initiating RA procedure
[0m[NR_MAC] UE 2cf9: Sync beam index 0
[0m[NR_MAC] UE 2cf9: Msg3 scheduled at 370.19 (370.10 TDA 0) start 0 RBs 8
[0m[32m[NR_MAC] UE 2cf9: 370.10 Generating RA-Msg2 DCI, RA RNTI 0x10f, state 1, preamble_index(RAPID) 31, timing_offset = 0 (estimated distance 0.0 [m])
[0m[32m[NR_MAC]  370.19 PUSCH with TC_RNTI 0x2cf9 received correctly
[0m[MAC]    [RAPROC] Received SDU for CCCH length 6 for UE 2cf9
[0m[RLC]    Activated srb0 for UE 11513
[0m[NR_RRC] SRS configured with 1 ports
[0m[RLC]    Added srb 1 to UE 11513
[0m[NR_MAC] Activating scheduling Msg4 for TC_RNTI 0x2cf9 (state WAIT_Msg3)
[0m[NR_RRC] Decoding CCCH: RNTI 2cf9, payload_size 6
[0m[32m[NR_RRC] [--] (cellID 0, UE ID 1 RNTI 2cf9) Create UE context: CU UE ID 1 DU UE ID 11513 (rnti: 2cf9, random ue id 9882b692be000000)
[0m[NR_RRC] Adding new PCell (cell 12345678, assoc_id -1)
[0m[RRC]    activate SRB 1 of UE 1
[0m[32m[NR_RRC] [DL] (cellID bc614e, UE ID 1 RNTI 2cf9) Send RRC Setup
[0m[NR_MAC] UE 2cf9 Generate Msg4: feedback at  371.17, payload 157 bytes, next state nrRA_WAIT_Msg4_MsgB_ACK
[0m[32m[NR_MAC]  371.17 UE 2cf9: Received Ack of Msg4. CBRA procedure succeeded (UE Connected)
[0m[NR_MAC] Adding new UE context with RNTI 0x2cf9
[0m[32m[NR_RRC] [UL] (cellID bc614e, UE ID 1 RNTI 2cf9) Received RRCSetupComplete (RRC_CONNECTED reached)
[0m[NGAP]   Selected PLMN in the NG Initial UE Message: MCC=208 MNC=99
[0m[NGAP]   UE 1: Selected AMF 'OAI-AMF' (assoc_id 23) through selected PLMN MCC=208 MNC=99
[0m[NGAP]   Create UE context (ID 1) for AMF 'OAI-AMF' (assoc_id 23)
[0m[NR_MAC] Frame.Slot 384.0
UE RNTI 2cf9 CU-UE-ID 1 in-sync PH 61 dB PCMAX 20 dBm, average RSRP -43 (1 meas)
UE 2cf9: dlsch_rounds 2/0/0/0, dlsch_errors 0, pucch0_DTX 0 (SNR 35.3+15.3 dB), BLER 0.10000 MCS (0) 0 CCE fail 0, goodput 0.00 Mbps
UE 2cf9: ulsch_rounds 3/0/0/0, ulsch_errors 0, ulsch_DTX 0, BLER 0.10000 MCS (0) 0 (Qm 2 deltaMCS 0 dB) NPRB 5 SNR 29.5 (+9.5) dB CCE fail 0, goodput 0.00 Mbps
UE 2cf9: LCID 1: TX              3 RX             41 bytes

[0m[32m[NR_RRC] [DL] (cellID bc614e, UE ID 1 RNTI 2cf9) Send DL Information Transfer [42 bytes]
[0m[32m[NR_RRC] [UL] (cellID bc614e, UE ID 1 RNTI 2cf9) Received RRC UL Information Transfer [24 bytes]
[0m[32m[NR_RRC] [DL] (cellID bc614e, UE ID 1 RNTI 2cf9) Send DL Information Transfer [21 bytes]
[0m[32m[NR_RRC] [UL] (cellID bc614e, UE ID 1 RNTI 2cf9) Received RRC UL Information Transfer [60 bytes]
[0m[NGAP]   Initial Context Setup UE RAN ID 1 UE AMF ID 4: 0 PDU session(s)
[0m[32m[NR_RRC] [--] (cellID bc614e, UE ID 1 RNTI 2cf9) Selected security algorithms: ciphering 0, integrity 2
[0m[NR_RRC] [UE 2cf9] Saved security key 4D
[0m[NR_RRC] UE 1 Logical Channel DL-DCCH, Generate SecurityModeCommand (bytes 3)
[0m[32m[NR_RRC] [UL] (cellID bc614e, UE ID 1 RNTI 2cf9) Received Security Mode Complete
[0m[NR_RRC] UE 1: Logical Channel DL-DCCH, Generate NR UECapabilityEnquiry (bytes 8, xid 1)
[0m[32m[NR_RRC] [UL] (cellID bc614e, UE ID 1 RNTI 2cf9) Received UE capabilities
[0m[NR_RRC] Send message to ngap: NGAP_UE_CAPABILITIES_IND
[0m[32m[NR_RRC] [DL] (cellID bc614e, UE ID 1 RNTI 2cf9) Send DL Information Transfer [53 bytes]
[0m[NR_RRC] Send message to sctp: NGAP_InitialContextSetupResponse
[0m[32m[NR_RRC] [UL] (cellID bc614e, UE ID 1 RNTI 2cf9) Received RRC UL Information Transfer [13 bytes]
[0m[32m[NR_RRC] [UL] (cellID bc614e, UE ID 1 RNTI 2cf9) Received RRC UL Information Transfer [35 bytes]
[0m[NGAP]   PDUSESSIONSetup initiating message
[0m[NR_RRC] UE 1: received PDU Session Resource Setup Request
[0m[NR_RRC] UE 1: added QoS flow with QFI=1, total number of QoS flows = 1
[0m[NR_RRC] Added PDU Session 1, (total nb of sessions = 1)
[0m[NR_RRC] UE 1: created new DRB 1 for QFI 1 (5QI 9)
[0m[NR_RRC] UE 1: assigned DRB 1 to QFI 1 (5QI 9) in PDU session 1
[0m[NR_RRC] PDU Session to Setup: PDU Session ID=1, incoming TEID=0x00000001, Addr=192.168.70.134
[0m[32m[NR_RRC] [--] (cellID bc614e, UE ID 1 RNTI 2cf9) selecting CU-UP ID 3584 based on exact NSSAI match (1:0xffffff)
[0m[RRC]    UE 1 associating to CU-UP assoc_id -1 out of 1 CU-UPs
[0m[E1AP]   UE 1: set up PDU session ID 1 (1 bearers)
[0m[SDAP]   Default DRB for the created SDAP entity: DRB 1 
[0m[PDCP]   Added DRB 1 to UE ID 1
[0m[GTPU]   N3 GTP-U tunnel: PDUSession=1/UL TEID=0x00000001
[0m[GTPU]   [81] UE ID 1: Create tunnel TEID incoming 0xbe07f78f outgoing 0x1 to remote IPv4 192.168.70.134, IPv6 ::, port 2152
[0m[RRC]    activate SRB 2 of UE 1
[0m[RLC]    Added srb 2 to UE 11513
[0m[RLC]    Added drb 1 to UE 11513
[0m[RLC]    Added DRB to UE 11513
[0m[RRC]    UE 1 trigger UE context setup request with 1 DRBs
[0m[E1AP]   UE 1: updating PDU session ID 1 (0 setup, 1 modify bearers)
[0m[PDCP]   DRB 1 re-established
[0m[NR_RRC] PDU Session New: status to ESTABLISH for PDU Session 1 
[0m[32m[NR_RRC] [DL] (cellID bc614e, UE ID 1 RNTI 2cf9) Generate RRCReconfiguration (bytes 313, xid 3)
[0m[NR_RRC] Received E1AP Bearer Context Modification Response for UE CU-CP ID 1
[0m[RRC]    UE 1: PDU session ID 1 modified 1 bearers, setup 0 bearers
[0m[93m[NR_MAC] Received ACK for RRCReconfiguration, but nothing to apply!
[0m[32m[NR_RRC] [UL] (cellID bc614e, UE ID 1 RNTI 2cf9) Received RRCReconfigurationComplete
[0m[NR_RRC] PDU Session Setup: ID=1, outgoing TEID=0xbe07f78f, Addr=192.168.70.129
[0m[NR_RRC] NGAP_PDUSESSION_SETUP_RESP: sending the message
[0m[NR_MAC] DU received confirmation of successful RRC Reconfiguration
[0m[NR_MAC] Frame.Slot 512.0
UE RNTI 2cf9 CU-UE-ID 1 in-sync PH 48 dB PCMAX 20 dBm, average RSRP -43 (16 meas)
UE 2cf9: dlsch_rounds 16/0/0/0, dlsch_errors 0, pucch0_DTX 0 (SNR 21.3+1.3 dB), BLER 0.05905 MCS (0) 0 CCE fail 1, goodput 0.00 Mbps
UE 2cf9: ulsch_rounds 48/0/0/0, ulsch_errors 0, ulsch_DTX 0, BLER 0.03138 MCS (0) 0 (Qm 2 deltaMCS 0 dB) NPRB 5 SNR 22.6 (+2.6) dB CCE fail 0, goodput 0.00 Mbps
UE 2cf9: LCID 1: TX            522 RX            281 bytes
UE 2cf9: LCID 2: TX              0 RX              0 bytes
UE 2cf9: LCID 4: TX              3 RX             55 bytes

[0m[NR_MAC] Frame.Slot 640.0
UE RNTI 2cf9 CU-UE-ID 1 in-sync PH 48 dB PCMAX 20 dBm, average RSRP -43 (16 meas)
UE 2cf9: dlsch_rounds 17/0/0/0, dlsch_errors 0, pucch0_DTX 0 (SNR 21.3+1.3 dB), BLER 0.05314 MCS (0) 0 CCE fail 1, goodput 0.00 Mbps
UE 2cf9: ulsch_rounds 61/0/0/0, ulsch_errors 0, ulsch_DTX 0, BLER 0.00798 MCS (0) 0 (Qm 2 deltaMCS 0 dB) NPRB 5 SNR 22.1 (+2.1) dB CCE fail 0, goodput 0.00 Mbps
UE 2cf9: LCID 1: TX            522 RX            281 bytes
UE 2cf9: LCID 2: TX              0 RX              0 bytes
UE 2cf9: LCID 4: TX              3 RX             55 bytes

[0m[NR_MAC] Frame.Slot 768.0
UE RNTI 2cf9 CU-UE-ID 1 in-sync PH 48 dB PCMAX 20 dBm, average RSRP -43 (16 meas)
UE 2cf9: dlsch_rounds 18/0/0/0, dlsch_errors 0, pucch0_DTX 0 (SNR 21.3+1.3 dB), BLER 0.04783 MCS (0) 0 CCE fail 1, goodput 0.00 Mbps
UE 2cf9: ulsch_rounds 73/0/0/0, ulsch_errors 0, ulsch_DTX 0, BLER 0.00225 MCS (0) 0 (Qm 2 deltaMCS 0 dB) NPRB 5 SNR 22.0 (+2.0) dB CCE fail 0, goodput 0.00 Mbps
UE 2cf9: LCID 1: TX            522 RX            281 bytes
UE 2cf9: LCID 2: TX              0 RX              0 bytes
UE 2cf9: LCID 4: TX              3 RX             55 bytes

[0m[NR_MAC] Frame.Slot 896.0
UE RNTI 2cf9 CU-UE-ID 1 in-sync PH 48 dB PCMAX 20 dBm, average RSRP -43 (16 meas)
UE 2cf9: dlsch_rounds 20/0/0/0, dlsch_errors 0, pucch0_DTX 0 (SNR 21.3+1.3 dB), BLER 0.03874 MCS (0) 0 CCE fail 1, goodput 0.00 Mbps
UE 2cf9: ulsch_rounds 86/0/0/0, ulsch_errors 0, ulsch_DTX 0, BLER 0.00057 MCS (0) 0 (Qm 2 deltaMCS 0 dB) NPRB 5 SNR 22.6 (+2.6) dB CCE fail 0, goodput 0.00 Mbps
UE 2cf9: LCID 1: TX            522 RX            281 bytes
UE 2cf9: LCID 2: TX              0 RX              0 bytes
UE 2cf9: LCID 4: TX              3 RX             55 bytes

[0m[NR_MAC] Frame.Slot 0.0
UE RNTI 2cf9 CU-UE-ID 1 in-sync PH 48 dB PCMAX 20 dBm, average RSRP -43 (16 meas)
UE 2cf9: dlsch_rounds 21/0/0/0, dlsch_errors 0, pucch0_DTX 0 (SNR 21.3+1.3 dB), BLER 0.03487 MCS (0) 0 CCE fail 1, goodput 0.00 Mbps
UE 2cf9: ulsch_rounds 99/0/0/0, ulsch_errors 0, ulsch_DTX 0, BLER 0.00015 MCS (0) 0 (Qm 2 deltaMCS 0 dB) NPRB 5 SNR 22.2 (+2.2) dB CCE fail 0, goodput 0.00 Mbps
UE 2cf9: LCID 1: TX            522 RX            281 bytes
UE 2cf9: LCID 2: TX              0 RX              0 bytes
UE 2cf9: LCID 4: TX              3 RX             55 bytes

[0m[NR_MAC] Frame.Slot 128.0
UE RNTI 2cf9 CU-UE-ID 1 in-sync PH 48 dB PCMAX 20 dBm, average RSRP -43 (16 meas)
UE 2cf9: dlsch_rounds 22/0/0/0, dlsch_errors 0, pucch0_DTX 0 (SNR 21.3+1.3 dB), BLER 0.03138 MCS (0) 0 CCE fail 1, goodput 0.00 Mbps
UE 2cf9: ulsch_rounds 112/0/0/0, ulsch_errors 0, ulsch_DTX 0, BLER 0.00004 MCS (0) 0 (Qm 2 deltaMCS 0 dB) NPRB 5 SNR 21.8 (+1.8) dB CCE fail 0, goodput 0.00 Mbps
UE 2cf9: LCID 1: TX            522 RX            281 bytes
UE 2cf9: LCID 2: TX              0 RX              0 bytes
UE 2cf9: LCID 4: TX              3 RX             55 bytes

[0m[NR_MAC] Frame.Slot 256.0
UE RNTI 2cf9 CU-UE-ID 1 in-sync PH 48 dB PCMAX 20 dBm, average RSRP -43 (16 meas)
UE 2cf9: dlsch_rounds 24/0/0/0, dlsch_errors 0, pucch0_DTX 0 (SNR 21.3+1.3 dB), BLER 0.02542 MCS (0) 0 CCE fail 1, goodput 0.00 Mbps
UE 2cf9: ulsch_rounds 125/0/0/0, ulsch_errors 0, ulsch_DTX 0, BLER 0.00001 MCS (0) 0 (Qm 2 deltaMCS 0 dB) NPRB 5 SNR 22.3 (+2.3) dB CCE fail 0, goodput 0.00 Mbps
UE 2cf9: LCID 1: TX            522 RX            281 bytes
UE 2cf9: LCID 2: TX              0 RX              0 bytes
UE 2cf9: LCID 4: TX              3 RX             55 bytes

[0m[NR_MAC] Frame.Slot 384.0
UE RNTI 2cf9 CU-UE-ID 1 in-sync PH 48 dB PCMAX 20 dBm, average RSRP -43 (16 meas)
UE 2cf9: dlsch_rounds 25/0/0/0, dlsch_errors 0, pucch0_DTX 0 (SNR 21.3+1.3 dB), BLER 0.02288 MCS (0) 0 CCE fail 1, goodput 0.00 Mbps
UE 2cf9: ulsch_rounds 137/0/0/0, ulsch_errors 0, ulsch_DTX 0, BLER 0.00000 MCS (0) 0 (Qm 2 deltaMCS 0 dB) NPRB 5 SNR 22.2 (+2.2) dB CCE fail 0, goodput 0.00 Mbps
UE 2cf9: LCID 1: TX            522 RX            281 bytes
UE 2cf9: LCID 2: TX              0 RX              0 bytes
UE 2cf9: LCID 4: TX              3 RX             55 bytes

[0m[NR_MAC] Frame.Slot 512.0
UE RNTI 2cf9 CU-UE-ID 1 in-sync PH 48 dB PCMAX 20 dBm, average RSRP -43 (16 meas)
UE 2cf9: dlsch_rounds 26/0/0/0, dlsch_errors 0, pucch0_DTX 0 (SNR 21.3+1.3 dB), BLER 0.02059 MCS (0) 0 CCE fail 1, goodput 0.00 Mbps
UE 2cf9: ulsch_rounds 150/0/0/0, ulsch_errors 0, ulsch_DTX 0, BLER 0.00000 MCS (0) 0 (Qm 2 deltaMCS 0 dB) NPRB 5 SNR 21.8 (+1.8) dB CCE fail 0, goodput 0.00 Mbps
UE 2cf9: LCID 1: TX            522 RX            281 bytes
UE 2cf9: LCID 2: TX              0 RX              0 bytes
UE 2cf9: LCID 4: TX              3 RX             55 bytes

[0m[NR_MAC] Frame.Slot 640.0
UE RNTI 2cf9 CU-UE-ID 1 in-sync PH 48 dB PCMAX 20 dBm, average RSRP -43 (16 meas)
UE 2cf9: dlsch_rounds 27/0/0/0, dlsch_errors 0, pucch0_DTX 0 (SNR 21.3+1.3 dB), BLER 0.01853 MCS (0) 0 CCE fail 1, goodput 0.00 Mbps
UE 2cf9: ulsch_rounds 163/0/0/0, ulsch_errors 0, ulsch_DTX 0, BLER 0.00000 MCS (0) 0 (Qm 2 deltaMCS 0 dB) NPRB 5 SNR 22.4 (+2.4) dB CCE fail 0, goodput 0.00 Mbps
UE 2cf9: LCID 1: TX            522 RX            281 bytes
UE 2cf9: LCID 2: TX              0 RX              0 bytes
UE 2cf9: LCID 4: TX              3 RX             55 bytes

[0m[NR_MAC] Frame.Slot 768.0
UE RNTI 2cf9 CU-UE-ID 1 in-sync PH 48 dB PCMAX 20 dBm, average RSRP -43 (16 meas)
UE 2cf9: dlsch_rounds 29/0/0/0, dlsch_errors 0, pucch0_DTX 0 (SNR 21.3+1.3 dB), BLER 0.01501 MCS (0) 0 CCE fail 1, goodput 0.00 Mbps
UE 2cf9: ulsch_rounds 176/0/0/0, ulsch_errors 0, ulsch_DTX 0, BLER 0.00000 MCS (0) 0 (Qm 2 deltaMCS 0 dB) NPRB 5 SNR 22.0 (+2.0) dB CCE fail 0, goodput 0.00 Mbps
UE 2cf9: LCID 1: TX            522 RX            281 bytes
UE 2cf9: LCID 2: TX              0 RX              0 bytes
UE 2cf9: LCID 4: TX              3 RX             55 bytes

[0m[NR_MAC] Frame.Slot 896.0
UE RNTI 2cf9 CU-UE-ID 1 in-sync PH 48 dB PCMAX 20 dBm, average RSRP -43 (16 meas)
UE 2cf9: dlsch_rounds 30/0/0/0, dlsch_errors 0, pucch0_DTX 0 (SNR 21.3+1.3 dB), BLER 0.01351 MCS (0) 0 CCE fail 1, goodput 0.00 Mbps
UE 2cf9: ulsch_rounds 189/0/0/0, ulsch_errors 0, ulsch_DTX 0, BLER 0.00000 MCS (0) 0 (Qm 2 deltaMCS 0 dB) NPRB 5 SNR 22.6 (+2.6) dB CCE fail 0, goodput 0.00 Mbps
UE 2cf9: LCID 1: TX            522 RX            281 bytes
UE 2cf9: LCID 2: TX              0 RX              0 bytes
UE 2cf9: LCID 4: TX              3 RX             55 bytes

[0m[NR_MAC] Frame.Slot 0.0
UE RNTI 2cf9 CU-UE-ID 1 in-sync PH 48 dB PCMAX 20 dBm, average RSRP -43 (16 meas)
UE 2cf9: dlsch_rounds 31/0/0/0, dlsch_errors 0, pucch0_DTX 0 (SNR 21.3+1.3 dB), BLER 0.01216 MCS (0) 0 CCE fail 1, goodput 0.00 Mbps
UE 2cf9: ulsch_rounds 201/0/0/0, ulsch_errors 0, ulsch_DTX 0, BLER 0.00000 MCS (0) 0 (Qm 2 deltaMCS 0 dB) NPRB 5 SNR 22.4 (+2.4) dB CCE fail 0, goodput 0.00 Mbps
UE 2cf9: LCID 1: TX            522 RX            281 bytes
UE 2cf9: LCID 2: TX              0 RX              0 bytes
UE 2cf9: LCID 4: TX              3 RX             55 bytes

[0m[NR_MAC] Frame.Slot 128.0
UE RNTI 2cf9 CU-UE-ID 1 in-sync PH 48 dB PCMAX 20 dBm, average RSRP -43 (16 meas)
UE 2cf9: dlsch_rounds 33/0/0/0, dlsch_errors 0, pucch0_DTX 0 (SNR 21.3+1.3 dB), BLER 0.00985 MCS (0) 0 CCE fail 1, goodput 0.00 Mbps
UE 2cf9: ulsch_rounds 214/0/0/0, ulsch_errors 0, ulsch_DTX 0, BLER 0.00000 MCS (0) 0 (Qm 2 deltaMCS 0 dB) NPRB 5 SNR 22.0 (+2.0) dB CCE fail 0, goodput 0.00 Mbps
UE 2cf9: LCID 1: TX            522 RX            281 bytes
UE 2cf9: LCID 2: TX              0 RX              0 bytes
UE 2cf9: LCID 4: TX              3 RX             55 bytes

[0m[NR_MAC] Frame.Slot 256.0
UE RNTI 2cf9 CU-UE-ID 1 in-sync PH 48 dB PCMAX 20 dBm, average RSRP -43 (16 meas)
UE 2cf9: dlsch_rounds 34/0/0/0, dlsch_errors 0, pucch0_DTX 0 (SNR 21.3+1.3 dB), BLER 0.00886 MCS (0) 0 CCE fail 1, goodput 0.00 Mbps
UE 2cf9: ulsch_rounds 227/0/0/0, ulsch_errors 0, ulsch_DTX 0, BLER 0.00000 MCS (0) 0 (Qm 2 deltaMCS 0 dB) NPRB 5 SNR 22.6 (+2.6) dB CCE fail 0, goodput 0.00 Mbps
UE 2cf9: LCID 1: TX            522 RX            281 bytes
UE 2cf9: LCID 2: TX              0 RX              0 bytes
UE 2cf9: LCID 4: TX              3 RX             55 bytes

[0m[NR_MAC] Frame.Slot 384.0
UE RNTI 2cf9 CU-UE-ID 1 in-sync PH 48 dB PCMAX 20 dBm, average RSRP -43 (16 meas)
UE 2cf9: dlsch_rounds 35/0/0/0, dlsch_errors 0, pucch0_DTX 0 (SNR 21.3+1.3 dB), BLER 0.00798 MCS (0) 0 CCE fail 1, goodput 0.00 Mbps
UE 2cf9: ulsch_rounds 240/0/0/0, ulsch_errors 0, ulsch_DTX 0, BLER 0.00000 MCS (0) 0 (Qm 2 deltaMCS 0 dB) NPRB 5 SNR 22.2 (+2.2) dB CCE fail 0, goodput 0.00 Mbps
UE 2cf9: LCID 1: TX            522 RX            281 bytes
UE 2cf9: LCID 2: TX              0 RX              0 bytes
UE 2cf9: LCID 4: TX              3 RX             55 bytes

[0m[NR_MAC] Frame.Slot 512.0
UE RNTI 2cf9 CU-UE-ID 1 in-sync PH 48 dB PCMAX 20 dBm, average RSRP -43 (16 meas)
UE 2cf9: dlsch_rounds 36/0/0/0, dlsch_errors 0, pucch0_DTX 0 (SNR 21.3+1.3 dB), BLER 0.00718 MCS (0) 0 CCE fail 1, goodput 0.00 Mbps
UE 2cf9: ulsch_rounds 253/0/0/0, ulsch_errors 0, ulsch_DTX 0, BLER 0.00000 MCS (0) 0 (Qm 2 deltaMCS 0 dB) NPRB 5 SNR 21.8 (+1.8) dB CCE fail 0, goodput 0.00 Mbps
UE 2cf9: LCID 1: TX            522 RX            281 bytes
UE 2cf9: LCID 2: TX              0 RX              0 bytes
UE 2cf9: LCID 4: TX              3 RX             55 bytes

[0m[NR_MAC] Frame.Slot 640.0
UE RNTI 2cf9 CU-UE-ID 1 in-sync PH 48 dB PCMAX 20 dBm, average RSRP -43 (16 meas)
UE 2cf9: dlsch_rounds 38/0/0/0, dlsch_errors 0, pucch0_DTX 0 (SNR 21.3+1.3 dB), BLER 0.00581 MCS (0) 0 CCE fail 1, goodput 0.00 Mbps
UE 2cf9: ulsch_rounds 265/0/0/0, ulsch_errors 0, ulsch_DTX 0, BLER 0.00000 MCS (0) 0 (Qm 2 deltaMCS 0 dB) NPRB 5 SNR 22.6 (+2.6) dB CCE fail 0, goodput 0.00 Mbps
UE 2cf9: LCID 1: TX            522 RX            281 bytes
UE 2cf9: LCID 2: TX              0 RX              0 bytes
UE 2cf9: LCID 4: TX              3 RX             55 bytes

[0m[NR_MAC] Frame.Slot 768.0
UE RNTI 2cf9 CU-UE-ID 1 in-sync PH 48 dB PCMAX 20 dBm, average RSRP -43 (16 meas)
UE 2cf9: dlsch_rounds 39/0/0/0, dlsch_errors 0, pucch0_DTX 0 (SNR 21.3+1.3 dB), BLER 0.00523 MCS (0) 0 CCE fail 1, goodput 0.00 Mbps
UE 2cf9: ulsch_rounds 278/0/0/0, ulsch_errors 0, ulsch_DTX 0, BLER 0.00000 MCS (0) 0 (Qm 2 deltaMCS 0 dB) NPRB 5 SNR 22.2 (+2.2) dB CCE fail 0, goodput 0.00 Mbps
UE 2cf9: LCID 1: TX            522 RX            281 bytes
UE 2cf9: LCID 2: TX              0 RX              0 bytes
UE 2cf9: LCID 4: TX              3 RX             55 bytes

[0m[NR_MAC] Frame.Slot 896.0
UE RNTI 2cf9 CU-UE-ID 1 in-sync PH 48 dB PCMAX 20 dBm, average RSRP -43 (16 meas)
UE 2cf9: dlsch_rounds 40/0/0/0, dlsch_errors 0, pucch0_DTX 0 (SNR 21.3+1.3 dB), BLER 0.00471 MCS (0) 0 CCE fail 1, goodput 0.00 Mbps
UE 2cf9: ulsch_rounds 291/0/0/0, ulsch_errors 0, ulsch_DTX 0, BLER 0.00000 MCS (0) 0 (Qm 2 deltaMCS 0 dB) NPRB 5 SNR 21.8 (+1.8) dB CCE fail 0, goodput 0.00 Mbps
UE 2cf9: LCID 1: TX            522 RX            281 bytes
UE 2cf9: LCID 2: TX              0 RX              0 bytes
UE 2cf9: LCID 4: TX              3 RX             55 bytes

[0m[NR_MAC] Frame.Slot 0.0
UE RNTI 2cf9 CU-UE-ID 1 in-sync PH 48 dB PCMAX 20 dBm, average RSRP -43 (16 meas)
UE 2cf9: dlsch_rounds 42/0/0/0, dlsch_errors 0, pucch0_DTX 0 (SNR 21.3+1.3 dB), BLER 0.00382 MCS (0) 0 CCE fail 1, goodput 0.00 Mbps
UE 2cf9: ulsch_rounds 304/0/0/0, ulsch_errors 0, ulsch_DTX 0, BLER 0.00000 MCS (0) 0 (Qm 2 deltaMCS 0 dB) NPRB 5 SNR 22.4 (+2.4) dB CCE fail 0, goodput 0.00 Mbps
UE 2cf9: LCID 1: TX            522 RX            281 bytes
UE 2cf9: LCID 2: TX              0 RX              0 bytes
UE 2cf9: LCID 4: TX              3 RX             55 bytes

[0m[NR_MAC] Frame.Slot 128.0
UE RNTI 2cf9 CU-UE-ID 1 in-sync PH 48 dB PCMAX 20 dBm, average RSRP -43 (16 meas)
UE 2cf9: dlsch_rounds 43/0/0/0, dlsch_errors 0, pucch0_DTX 0 (SNR 21.3+1.3 dB), BLER 0.00343 MCS (0) 0 CCE fail 1, goodput 0.00 Mbps
UE 2cf9: ulsch_rounds 317/0/0/0, ulsch_errors 0, ulsch_DTX 0, BLER 0.00000 MCS (0) 0 (Qm 2 deltaMCS 0 dB) NPRB 5 SNR 22.0 (+2.0) dB CCE fail 0, goodput 0.00 Mbps
UE 2cf9: LCID 1: TX            522 RX            281 bytes
UE 2cf9: LCID 2: TX              0 RX              0 bytes
UE 2cf9: LCID 4: TX              3 RX             55 bytes

[0m[NR_MAC] Frame.Slot 256.0
UE RNTI 2cf9 CU-UE-ID 1 in-sync PH 48 dB PCMAX 20 dBm, average RSRP -43 (16 meas)
UE 2cf9: dlsch_rounds 44/0/0/0, dlsch_errors 0, pucch0_DTX 0 (SNR 21.3+1.3 dB), BLER 0.00309 MCS (0) 0 CCE fail 1, goodput 0.00 Mbps
UE 2cf9: ulsch_rounds 329/0/0/0, ulsch_errors 0, ulsch_DTX 0, BLER 0.00000 MCS (0) 0 (Qm 2 deltaMCS 0 dB) NPRB 5 SNR 21.9 (+1.9) dB CCE fail 0, goodput 0.00 Mbps
UE 2cf9: LCID 1: TX            522 RX            281 bytes
UE 2cf9: LCID 2: TX              0 RX              0 bytes
UE 2cf9: LCID 4: TX              3 RX             55 bytes

[0m[NR_MAC] Frame.Slot 384.0
UE RNTI 2cf9 CU-UE-ID 1 in-sync PH 48 dB PCMAX 20 dBm, average RSRP -43 (16 meas)
UE 2cf9: dlsch_rounds 45/0/0/0, dlsch_errors 0, pucch0_DTX 0 (SNR 21.3+1.3 dB), BLER 0.00278 MCS (0) 0 CCE fail 1, goodput 0.00 Mbps
UE 2cf9: ulsch_rounds 342/0/0/0, ulsch_errors 0, ulsch_DTX 0, BLER 0.00000 MCS (0) 0 (Qm 2 deltaMCS 0 dB) NPRB 5 SNR 22.4 (+2.4) dB CCE fail 0, goodput 0.00 Mbps
UE 2cf9: LCID 1: TX            522 RX            281 bytes
UE 2cf9: LCID 2: TX              0 RX              0 bytes
UE 2cf9: LCID 4: TX              3 RX             55 bytes

[0m[NR_MAC] Frame.Slot 512.0
UE RNTI 2cf9 CU-UE-ID 1 in-sync PH 48 dB PCMAX 20 dBm, average RSRP -43 (16 meas)
UE 2cf9: dlsch_rounds 47/0/0/0, dlsch_errors 0, pucch0_DTX 0 (SNR 21.3+1.3 dB), BLER 0.00225 MCS (0) 0 CCE fail 1, goodput 0.00 Mbps
UE 2cf9: ulsch_rounds 355/0/0/0, ulsch_errors 0, ulsch_DTX 0, BLER 0.00000 MCS (0) 0 (Qm 2 deltaMCS 0 dB) NPRB 5 SNR 22.0 (+2.0) dB CCE fail 0, goodput 0.00 Mbps
UE 2cf9: LCID 1: TX            522 RX            281 bytes
UE 2cf9: LCID 2: TX              0 RX              0 bytes
UE 2cf9: LCID 4: TX              3 RX             55 bytes

[0m[NR_MAC] Frame.Slot 640.0
UE RNTI 2cf9 CU-UE-ID 1 in-sync PH 48 dB PCMAX 20 dBm, average RSRP -43 (16 meas)
UE 2cf9: dlsch_rounds 48/0/0/0, dlsch_errors 0, pucch0_DTX 0 (SNR 21.3+1.3 dB), BLER 0.00203 MCS (0) 0 CCE fail 1, goodput 0.00 Mbps
UE 2cf9: ulsch_rounds 368/0/0/0, ulsch_errors 0, ulsch_DTX 0, BLER 0.00000 MCS (0) 0 (Qm 2 deltaMCS 0 dB) NPRB 5 SNR 22.6 (+2.6) dB CCE fail 0, goodput 0.00 Mbps
UE 2cf9: LCID 1: TX            522 RX            281 bytes
UE 2cf9: LCID 2: TX              0 RX              0 bytes
UE 2cf9: LCID 4: TX              3 RX             55 bytes

[0m[NR_MAC] Frame.Slot 768.0
UE RNTI 2cf9 CU-UE-ID 1 in-sync PH 48 dB PCMAX 20 dBm, average RSRP -43 (16 meas)
UE 2cf9: dlsch_rounds 49/0/0/0, dlsch_errors 0, pucch0_DTX 0 (SNR 21.3+1.3 dB), BLER 0.00182 MCS (0) 0 CCE fail 1, goodput 0.00 Mbps
UE 2cf9: ulsch_rounds 381/0/0/0, ulsch_errors 0, ulsch_DTX 0, BLER 0.00000 MCS (0) 0 (Qm 2 deltaMCS 0 dB) NPRB 5 SNR 22.2 (+2.2) dB CCE fail 0, goodput 0.00 Mbps
UE 2cf9: LCID 1: TX            522 RX            281 bytes
UE 2cf9: LCID 2: TX              0 RX              0 bytes
UE 2cf9: LCID 4: TX              3 RX             55 bytes

[0m[NR_MAC] Frame.Slot 896.0
UE RNTI 2cf9 CU-UE-ID 1 in-sync PH 48 dB PCMAX 20 dBm, average RSRP -43 (16 meas)
UE 2cf9: dlsch_rounds 50/0/0/0, dlsch_errors 0, pucch0_DTX 0 (SNR 21.3+1.3 dB), BLER 0.00164 MCS (0) 0 CCE fail 1, goodput 0.00 Mbps
UE 2cf9: ulsch_rounds 393/0/0/0, ulsch_errors 0, ulsch_DTX 0, BLER 0.00000 MCS (0) 0 (Qm 2 deltaMCS 0 dB) NPRB 5 SNR 22.1 (+2.1) dB CCE fail 0, goodput 0.00 Mbps
UE 2cf9: LCID 1: TX            522 RX            281 bytes
UE 2cf9: LCID 2: TX              0 RX              0 bytes
UE 2cf9: LCID 4: TX              3 RX             55 bytes

[0m[NR_MAC] Frame.Slot 0.0
UE RNTI 2cf9 CU-UE-ID 1 in-sync PH 48 dB PCMAX 20 dBm, average RSRP -43 (16 meas)
UE 2cf9: dlsch_rounds 52/0/0/0, dlsch_errors 0, pucch0_DTX 0 (SNR 21.3+1.3 dB), BLER 0.00133 MCS (0) 0 CCE fail 1, goodput 0.00 Mbps
UE 2cf9: ulsch_rounds 406/0/0/0, ulsch_errors 0, ulsch_DTX 0, BLER 0.00000 MCS (0) 0 (Qm 2 deltaMCS 0 dB) NPRB 5 SNR 22.7 (+2.7) dB CCE fail 0, goodput 0.00 Mbps
UE 2cf9: LCID 1: TX            522 RX            281 bytes
UE 2cf9: LCID 2: TX              0 RX              0 bytes
UE 2cf9: LCID 4: TX              3 RX             55 bytes

[0m[NR_MAC] Frame.Slot 128.0
UE RNTI 2cf9 CU-UE-ID 1 in-sync PH 48 dB PCMAX 20 dBm, average RSRP -43 (16 meas)
UE 2cf9: dlsch_rounds 53/0/0/0, dlsch_errors 0, pucch0_DTX 0 (SNR 21.3+1.3 dB), BLER 0.00120 MCS (0) 0 CCE fail 1, goodput 0.00 Mbps
UE 2cf9: ulsch_rounds 419/0/0/0, ulsch_errors 0, ulsch_DTX 0, BLER 0.00000 MCS (0) 0 (Qm 2 deltaMCS 0 dB) NPRB 5 SNR 22.3 (+2.3) dB CCE fail 0, goodput 0.00 Mbps
UE 2cf9: LCID 1: TX            522 RX            281 bytes
UE 2cf9: LCID 2: TX              0 RX              0 bytes
UE 2cf9: LCID 4: TX              3 RX             55 bytes

[0m[NR_MAC] Frame.Slot 256.0
UE RNTI 2cf9 CU-UE-ID 1 in-sync PH 48 dB PCMAX 20 dBm, average RSRP -43 (16 meas)
UE 2cf9: dlsch_rounds 54/0/0/0, dlsch_errors 0, pucch0_DTX 0 (SNR 21.3+1.3 dB), BLER 0.00108 MCS (0) 0 CCE fail 1, goodput 0.00 Mbps
UE 2cf9: ulsch_rounds 432/0/0/0, ulsch_errors 0, ulsch_DTX 0, BLER 0.00000 MCS (0) 0 (Qm 2 deltaMCS 0 dB) NPRB 5 SNR 21.8 (+1.8) dB CCE fail 0, goodput 0.00 Mbps
UE 2cf9: LCID 1: TX            522 RX            281 bytes
UE 2cf9: LCID 2: TX              0 RX              0 bytes
UE 2cf9: LCID 4: TX              3 RX             55 bytes

[0m[NR_MAC] Frame.Slot 384.0
UE RNTI 2cf9 CU-UE-ID 1 in-sync PH 48 dB PCMAX 20 dBm, average RSRP -43 (16 meas)
UE 2cf9: dlsch_rounds 56/0/0/0, dlsch_errors 0, pucch0_DTX 0 (SNR 21.3+1.3 dB), BLER 0.00087 MCS (0) 0 CCE fail 1, goodput 0.00 Mbps
UE 2cf9: ulsch_rounds 445/0/0/0, ulsch_errors 0, ulsch_DTX 0, BLER 0.00000 MCS (0) 0 (Qm 2 deltaMCS 0 dB) NPRB 5 SNR 22.4 (+2.4) dB CCE fail 0, goodput 0.00 Mbps
UE 2cf9: LCID 1: TX            522 RX            281 bytes
UE 2cf9: LCID 2: TX              0 RX              0 bytes
UE 2cf9: LCID 4: TX              3 RX             55 bytes

[0m[NR_MAC] Frame.Slot 512.0
UE RNTI 2cf9 CU-UE-ID 1 in-sync PH 48 dB PCMAX 20 dBm, average RSRP -43 (16 meas)
UE 2cf9: dlsch_rounds 57/0/0/0, dlsch_errors 0, pucch0_DTX 0 (SNR 21.3+1.3 dB), BLER 0.00079 MCS (0) 0 CCE fail 1, goodput 0.00 Mbps
UE 2cf9: ulsch_rounds 457/0/0/0, ulsch_errors 0, ulsch_DTX 0, BLER 0.00000 MCS (0) 0 (Qm 2 deltaMCS 0 dB) NPRB 5 SNR 22.3 (+2.3) dB CCE fail 0, goodput 0.00 Mbps
UE 2cf9: LCID 1: TX            522 RX            281 bytes
UE 2cf9: LCID 2: TX              0 RX              0 bytes
UE 2cf9: LCID 4: TX              3 RX             55 bytes

[0m[NR_MAC] Frame.Slot 640.0
UE RNTI 2cf9 CU-UE-ID 1 in-sync PH 48 dB PCMAX 20 dBm, average RSRP -43 (16 meas)
UE 2cf9: dlsch_rounds 58/0/0/0, dlsch_errors 0, pucch0_DTX 0 (SNR 21.3+1.3 dB), BLER 0.00071 MCS (0) 0 CCE fail 1, goodput 0.00 Mbps
UE 2cf9: ulsch_rounds 470/0/0/0, ulsch_errors 0, ulsch_DTX 0, BLER 0.00000 MCS (0) 0 (Qm 2 deltaMCS 0 dB) NPRB 5 SNR 21.9 (+1.9) dB CCE fail 0, goodput 0.00 Mbps
UE 2cf9: LCID 1: TX            522 RX            281 bytes
UE 2cf9: LCID 2: TX              0 RX              0 bytes
UE 2cf9: LCID 4: TX              3 RX             55 bytes

[0m[NR_MAC] Frame.Slot 768.0
UE RNTI 2cf9 CU-UE-ID 1 in-sync PH 48 dB PCMAX 20 dBm, average RSRP -43 (16 meas)
UE 2cf9: dlsch_rounds 59/0/0/0, dlsch_errors 0, pucch0_DTX 0 (SNR 21.3+1.3 dB), BLER 0.00064 MCS (0) 0 CCE fail 1, goodput 0.00 Mbps
UE 2cf9: ulsch_rounds 483/0/0/0, ulsch_errors 0, ulsch_DTX 0, BLER 0.00000 MCS (0) 0 (Qm 2 deltaMCS 0 dB) NPRB 5 SNR 22.5 (+2.5) dB CCE fail 0, goodput 0.00 Mbps
UE 2cf9: LCID 1: TX            522 RX            281 bytes
UE 2cf9: LCID 2: TX              0 RX              0 bytes
UE 2cf9: LCID 4: TX              3 RX             55 bytes

[0m[NR_MAC] Frame.Slot 896.0
UE RNTI 2cf9 CU-UE-ID 1 in-sync PH 48 dB PCMAX 20 dBm, average RSRP -43 (16 meas)
UE 2cf9: dlsch_rounds 61/0/0/0, dlsch_errors 0, pucch0_DTX 0 (SNR 21.3+1.3 dB), BLER 0.00052 MCS (0) 0 CCE fail 1, goodput 0.00 Mbps
UE 2cf9: ulsch_rounds 496/0/0/0, ulsch_errors 0, ulsch_DTX 0, BLER 0.00000 MCS (0) 0 (Qm 2 deltaMCS 0 dB) NPRB 5 SNR 22.0 (+2.0) dB CCE fail 0, goodput 0.00 Mbps
UE 2cf9: LCID 1: TX            522 RX            281 bytes
UE 2cf9: LCID 2: TX              0 RX              0 bytes
UE 2cf9: LCID 4: TX              3 RX             55 bytes

[0m[NR_MAC] Frame.Slot 0.0
UE RNTI 2cf9 CU-UE-ID 1 in-sync PH 48 dB PCMAX 20 dBm, average RSRP -43 (16 meas)
UE 2cf9: dlsch_rounds 62/0/0/0, dlsch_errors 0, pucch0_DTX 0 (SNR 21.3+1.3 dB), BLER 0.00046 MCS (0) 0 CCE fail 1, goodput 0.00 Mbps
UE 2cf9: ulsch_rounds 509/0/0/0, ulsch_errors 0, ulsch_DTX 0, BLER 0.00000 MCS (0) 0 (Qm 2 deltaMCS 0 dB) NPRB 5 SNR 22.6 (+2.6) dB CCE fail 0, goodput 0.00 Mbps
UE 2cf9: LCID 1: TX            522 RX            281 bytes
UE 2cf9: LCID 2: TX              0 RX              0 bytes
UE 2cf9: LCID 4: TX              3 RX             55 bytes

[0m[NR_MAC] Frame.Slot 128.0
UE RNTI 2cf9 CU-UE-ID 1 in-sync PH 48 dB PCMAX 20 dBm, average RSRP -43 (16 meas)
UE 2cf9: dlsch_rounds 63/0/0/0, dlsch_errors 0, pucch0_DTX 0 (SNR 21.3+1.3 dB), BLER 0.00042 MCS (0) 0 CCE fail 1, goodput 0.00 Mbps
UE 2cf9: ulsch_rounds 521/0/0/0, ulsch_errors 0, ulsch_DTX 0, BLER 0.00000 MCS (0) 0 (Qm 2 deltaMCS 0 dB) NPRB 5 SNR 22.5 (+2.5) dB CCE fail 0, goodput 0.00 Mbps
UE 2cf9: LCID 1: TX            522 RX            281 bytes
UE 2cf9: LCID 2: TX              0 RX              0 bytes
UE 2cf9: LCID 4: TX              3 RX             55 bytes

[0m[NR_MAC] Frame.Slot 256.0
UE RNTI 2cf9 CU-UE-ID 1 in-sync PH 48 dB PCMAX 20 dBm, average RSRP -43 (16 meas)
UE 2cf9: dlsch_rounds 65/0/0/0, dlsch_errors 0, pucch0_DTX 0 (SNR 21.3+1.3 dB), BLER 0.00034 MCS (0) 0 CCE fail 1, goodput 0.00 Mbps
UE 2cf9: ulsch_rounds 534/0/0/0, ulsch_errors 0, ulsch_DTX 0, BLER 0.00000 MCS (0) 0 (Qm 2 deltaMCS 0 dB) NPRB 5 SNR 22.1 (+2.1) dB CCE fail 0, goodput 0.00 Mbps
UE 2cf9: LCID 1: TX            522 RX            281 bytes
UE 2cf9: LCID 2: TX              0 RX              0 bytes
UE 2cf9: LCID 4: TX              3 RX             55 bytes

[0m[NR_MAC] Frame.Slot 384.0
UE RNTI 2cf9 CU-UE-ID 1 in-sync PH 48 dB PCMAX 20 dBm, average RSRP -43 (16 meas)
UE 2cf9: dlsch_rounds 66/0/0/0, dlsch_errors 0, pucch0_DTX 0 (SNR 21.3+1.3 dB), BLER 0.00030 MCS (0) 0 CCE fail 1, goodput 0.00 Mbps
UE 2cf9: ulsch_rounds 547/0/0/0, ulsch_errors 0, ulsch_DTX 0, BLER 0.00000 MCS (0) 0 (Qm 2 deltaMCS 0 dB) NPRB 5 SNR 22.7 (+2.7) dB CCE fail 0, goodput 0.00 Mbps
UE 2cf9: LCID 1: TX            522 RX            281 bytes
UE 2cf9: LCID 2: TX              0 RX              0 bytes
UE 2cf9: LCID 4: TX              3 RX             55 bytes

[0m[NR_MAC] Frame.Slot 512.0
UE RNTI 2cf9 CU-UE-ID 1 in-sync PH 48 dB PCMAX 20 dBm, average RSRP -43 (16 meas)
UE 2cf9: dlsch_rounds 67/0/0/0, dlsch_errors 0, pucch0_DTX 0 (SNR 21.3+1.3 dB), BLER 0.00027 MCS (0) 0 CCE fail 1, goodput 0.00 Mbps
UE 2cf9: ulsch_rounds 560/0/0/0, ulsch_errors 0, ulsch_DTX 0, BLER 0.00000 MCS (0) 0 (Qm 2 deltaMCS 0 dB) NPRB 5 SNR 22.3 (+2.3) dB CCE fail 0, goodput 0.00 Mbps
UE 2cf9: LCID 1: TX            522 RX            281 bytes
UE 2cf9: LCID 2: TX              0 RX              0 bytes
UE 2cf9: LCID 4: TX              3 RX             55 bytes

[0m[NR_MAC] Frame.Slot 640.0
UE RNTI 2cf9 CU-UE-ID 1 in-sync PH 48 dB PCMAX 20 dBm, average RSRP -43 (16 meas)
UE 2cf9: dlsch_rounds 68/0/0/0, dlsch_errors 0, pucch0_DTX 0 (SNR 21.3+1.3 dB), BLER 0.00025 MCS (0) 0 CCE fail 1, goodput 0.00 Mbps
UE 2cf9: ulsch_rounds 573/0/0/0, ulsch_errors 0, ulsch_DTX 0, BLER 0.00000 MCS (0) 0 (Qm 2 deltaMCS 0 dB) NPRB 5 SNR 21.9 (+1.9) dB CCE fail 0, goodput 0.00 Mbps
UE 2cf9: LCID 1: TX            522 RX            281 bytes
UE 2cf9: LCID 2: TX              0 RX              0 bytes
UE 2cf9: LCID 4: TX              3 RX             55 bytes

[0m[NR_MAC] Frame.Slot 768.0
UE RNTI 2cf9 CU-UE-ID 1 in-sync PH 48 dB PCMAX 20 dBm, average RSRP -43 (16 meas)
UE 2cf9: dlsch_rounds 70/0/0/0, dlsch_errors 0, pucch0_DTX 0 (SNR 21.3+1.3 dB), BLER 0.00020 MCS (0) 0 CCE fail 1, goodput 0.00 Mbps
UE 2cf9: ulsch_rounds 585/0/0/0, ulsch_errors 0, ulsch_DTX 0, BLER 0.00000 MCS (0) 0 (Qm 2 deltaMCS 0 dB) NPRB 5 SNR 22.7 (+2.7) dB CCE fail 0, goodput 0.00 Mbps
UE 2cf9: LCID 1: TX            522 RX            281 bytes
UE 2cf9: LCID 2: TX              0 RX              0 bytes
UE 2cf9: LCID 4: TX              3 RX             55 bytes

[0m[NR_MAC] Frame.Slot 896.0
UE RNTI 2cf9 CU-UE-ID 1 in-sync PH 48 dB PCMAX 20 dBm, average RSRP -43 (16 meas)
UE 2cf9: dlsch_rounds 71/0/0/0, dlsch_errors 0, pucch0_DTX 0 (SNR 21.3+1.3 dB), BLER 0.00018 MCS (0) 0 CCE fail 1, goodput 0.00 Mbps
UE 2cf9: ulsch_rounds 598/0/0/0, ulsch_errors 0, ulsch_DTX 0, BLER 0.00000 MCS (0) 0 (Qm 2 deltaMCS 0 dB) NPRB 5 SNR 22.3 (+2.3) dB CCE fail 0, goodput 0.00 Mbps
UE 2cf9: LCID 1: TX            522 RX            281 bytes
UE 2cf9: LCID 2: TX              0 RX              0 bytes
UE 2cf9: LCID 4: TX              3 RX             55 bytes

[0m[NR_MAC] Frame.Slot 0.0
UE RNTI 2cf9 CU-UE-ID 1 in-sync PH 48 dB PCMAX 20 dBm, average RSRP -43 (16 meas)
UE 2cf9: dlsch_rounds 72/0/0/0, dlsch_errors 0, pucch0_DTX 0 (SNR 21.3+1.3 dB), BLER 0.00016 MCS (0) 0 CCE fail 1, goodput 0.00 Mbps
UE 2cf9: ulsch_rounds 611/0/0/0, ulsch_errors 0, ulsch_DTX 0, BLER 0.00000 MCS (0) 0 (Qm 2 deltaMCS 0 dB) NPRB 5 SNR 21.9 (+1.9) dB CCE fail 0, goodput 0.00 Mbps
UE 2cf9: LCID 1: TX            522 RX            281 bytes
UE 2cf9: LCID 2: TX              0 RX              0 bytes
UE 2cf9: LCID 4: TX              3 RX             55 bytes

[0m[NR_MAC] Frame.Slot 128.0
UE RNTI 2cf9 CU-UE-ID 1 in-sync PH 48 dB PCMAX 20 dBm, average RSRP -43 (16 meas)
UE 2cf9: dlsch_rounds 74/0/0/0, dlsch_errors 0, pucch0_DTX 0 (SNR 21.3+1.3 dB), BLER 0.00013 MCS (0) 0 CCE fail 1, goodput 0.00 Mbps
UE 2cf9: ulsch_rounds 624/0/0/0, ulsch_errors 0, ulsch_DTX 0, BLER 0.00000 MCS (0) 0 (Qm 2 deltaMCS 0 dB) NPRB 5 SNR 22.5 (+2.5) dB CCE fail 0, goodput 0.00 Mbps
UE 2cf9: LCID 1: TX            522 RX            281 bytes
UE 2cf9: LCID 2: TX              0 RX              0 bytes
UE 2cf9: LCID 4: TX              3 RX             55 bytes

[0m[NR_MAC] Frame.Slot 256.0
UE RNTI 2cf9 CU-UE-ID 1 in-sync PH 48 dB PCMAX 20 dBm, average RSRP -43 (16 meas)
UE 2cf9: dlsch_rounds 75/0/0/0, dlsch_errors 0, pucch0_DTX 0 (SNR 21.3+1.3 dB), BLER 0.00012 MCS (0) 0 CCE fail 1, goodput 0.00 Mbps
UE 2cf9: ulsch_rounds 637/0/0/0, ulsch_errors 0, ulsch_DTX 0, BLER 0.00000 MCS (0) 0 (Qm 2 deltaMCS 0 dB) NPRB 5 SNR 22.1 (+2.1) dB CCE fail 0, goodput 0.00 Mbps
UE 2cf9: LCID 1: TX            522 RX            281 bytes
UE 2cf9: LCID 2: TX              0 RX              0 bytes
UE 2cf9: LCID 4: TX              3 RX             55 bytes

[0m[NR_MAC] Frame.Slot 384.0
UE RNTI 2cf9 CU-UE-ID 1 in-sync PH 48 dB PCMAX 20 dBm, average RSRP -43 (16 meas)
UE 2cf9: dlsch_rounds 76/0/0/0, dlsch_errors 0, pucch0_DTX 0 (SNR 21.3+1.3 dB), BLER 0.00011 MCS (0) 0 CCE fail 1, goodput 0.00 Mbps
UE 2cf9: ulsch_rounds 649/0/0/0, ulsch_errors 0, ulsch_DTX 0, BLER 0.00000 MCS (0) 0 (Qm 2 deltaMCS 0 dB) NPRB 5 SNR 21.9 (+1.9) dB CCE fail 0, goodput 0.00 Mbps
UE 2cf9: LCID 1: TX            522 RX            281 bytes
UE 2cf9: LCID 2: TX              0 RX              0 bytes
UE 2cf9: LCID 4: TX              3 RX             55 bytes

[0m[NR_MAC] Frame.Slot 512.0
UE RNTI 2cf9 CU-UE-ID 1 in-sync PH 48 dB PCMAX 20 dBm, average RSRP -43 (16 meas)
UE 2cf9: dlsch_rounds 77/0/0/0, dlsch_errors 0, pucch0_DTX 0 (SNR 21.3+1.3 dB), BLER 0.00010 MCS (0) 0 CCE fail 1, goodput 0.00 Mbps
UE 2cf9: ulsch_rounds 662/0/0/0, ulsch_errors 0, ulsch_DTX 0, BLER 0.00000 MCS (0) 0 (Qm 2 deltaMCS 0 dB) NPRB 5 SNR 22.5 (+2.5) dB CCE fail 0, goodput 0.00 Mbps
UE 2cf9: LCID 1: TX            522 RX            281 bytes
UE 2cf9: LCID 2: TX              0 RX              0 bytes
UE 2cf9: LCID 4: TX              3 RX             55 bytes

[0m[NR_MAC] Frame.Slot 640.0
UE RNTI 2cf9 CU-UE-ID 1 in-sync PH 48 dB PCMAX 20 dBm, average RSRP -43 (16 meas)
UE 2cf9: dlsch_rounds 79/0/0/0, dlsch_errors 0, pucch0_DTX 0 (SNR 21.3+1.3 dB), BLER 0.00008 MCS (0) 0 CCE fail 1, goodput 0.00 Mbps
UE 2cf9: ulsch_rounds 675/0/0/0, ulsch_errors 0, ulsch_DTX 0, BLER 0.00000 MCS (0) 0 (Qm 2 deltaMCS 0 dB) NPRB 5 SNR 22.1 (+2.1) dB CCE fail 0, goodput 0.00 Mbps
UE 2cf9: LCID 1: TX            522 RX            281 bytes
UE 2cf9: LCID 2: TX              0 RX              0 bytes
UE 2cf9: LCID 4: TX              3 RX             55 bytes

[0m[NR_MAC] Frame.Slot 768.0
UE RNTI 2cf9 CU-UE-ID 1 in-sync PH 48 dB PCMAX 20 dBm, average RSRP -43 (16 meas)
UE 2cf9: dlsch_rounds 81/0/0/0, dlsch_errors 0, pucch0_DTX 0 (SNR 21.3+1.3 dB), BLER 0.00006 MCS (0) 0 CCE fail 1, goodput 0.00 Mbps
UE 2cf9: ulsch_rounds 693/0/0/0, ulsch_errors 0, ulsch_DTX 0, BLER 0.00000 MCS (0) 0 (Qm 2 deltaMCS 0 dB) NPRB 5 SNR 23.0 (+3.0) dB CCE fail 0, goodput 0.00 Mbps
UE 2cf9: LCID 1: TX            522 RX            281 bytes
UE 2cf9: LCID 2: TX              0 RX              0 bytes
UE 2cf9: LCID 4: TX              6 RX            110 bytes

[0m[NR_MAC] Frame.Slot 896.0
UE RNTI 2cf9 CU-UE-ID 1 in-sync PH 48 dB PCMAX 20 dBm, average RSRP -43 (16 meas)
UE 2cf9: dlsch_rounds 82/0/0/0, dlsch_errors 0, pucch0_DTX 0 (SNR 21.3+1.3 dB), BLER 0.00006 MCS (0) 0 CCE fail 1, goodput 0.00 Mbps
UE 2cf9: ulsch_rounds 706/0/0/0, ulsch_errors 0, ulsch_DTX 0, BLER 0.00000 MCS (0) 0 (Qm 2 deltaMCS 0 dB) NPRB 5 SNR 22.6 (+2.6) dB CCE fail 0, goodput 0.00 Mbps
UE 2cf9: LCID 1: TX            522 RX            281 bytes
UE 2cf9: LCID 2: TX              0 RX              0 bytes
UE 2cf9: LCID 4: TX              6 RX            110 bytes

[0m[NR_MAC] Frame.Slot 0.0
UE RNTI 2cf9 CU-UE-ID 1 in-sync PH 48 dB PCMAX 20 dBm, average RSRP -43 (16 meas)
UE 2cf9: dlsch_rounds 83/0/0/0, dlsch_errors 0, pucch0_DTX 0 (SNR 21.3+1.3 dB), BLER 0.00005 MCS (0) 0 CCE fail 1, goodput 0.00 Mbps
UE 2cf9: ulsch_rounds 719/0/0/0, ulsch_errors 0, ulsch_DTX 0, BLER 0.00000 MCS (0) 0 (Qm 2 deltaMCS 0 dB) NPRB 5 SNR 22.2 (+2.2) dB CCE fail 0, goodput 0.00 Mbps
UE 2cf9: LCID 1: TX            522 RX            281 bytes
UE 2cf9: LCID 2: TX              0 RX              0 bytes
UE 2cf9: LCID 4: TX              6 RX            110 bytes

[0m[NR_MAC] Frame.Slot 128.0
UE RNTI 2cf9 CU-UE-ID 1 in-sync PH 48 dB PCMAX 20 dBm, average RSRP -43 (16 meas)
UE 2cf9: dlsch_rounds 85/0/0/0, dlsch_errors 0, pucch0_DTX 0 (SNR 21.3+1.3 dB), BLER 0.00004 MCS (0) 0 CCE fail 1, goodput 0.00 Mbps
UE 2cf9: ulsch_rounds 731/0/0/0, ulsch_errors 0, ulsch_DTX 0, BLER 0.00000 MCS (0) 0 (Qm 2 deltaMCS 0 dB) NPRB 5 SNR 22.0 (+2.0) dB CCE fail 0, goodput 0.00 Mbps
UE 2cf9: LCID 1: TX            522 RX            281 bytes
UE 2cf9: LCID 2: TX              0 RX              0 bytes
UE 2cf9: LCID 4: TX              6 RX            110 bytes

[0m[NR_MAC] Frame.Slot 256.0
UE RNTI 2cf9 CU-UE-ID 1 in-sync PH 48 dB PCMAX 20 dBm, average RSRP -43 (16 meas)
UE 2cf9: dlsch_rounds 86/0/0/0, dlsch_errors 0, pucch0_DTX 0 (SNR 21.3+1.3 dB), BLER 0.00004 MCS (0) 0 CCE fail 1, goodput 0.00 Mbps
UE 2cf9: ulsch_rounds 744/0/0/0, ulsch_errors 0, ulsch_DTX 0, BLER 0.00000 MCS (0) 0 (Qm 2 deltaMCS 0 dB) NPRB 5 SNR 22.6 (+2.6) dB CCE fail 0, goodput 0.00 Mbps
UE 2cf9: LCID 1: TX            522 RX            281 bytes
UE 2cf9: LCID 2: TX              0 RX              0 bytes
UE 2cf9: LCID 4: TX              6 RX            110 bytes

[0m[NR_MAC] Frame.Slot 384.0
UE RNTI 2cf9 CU-UE-ID 1 in-sync PH 48 dB PCMAX 20 dBm, average RSRP -43 (16 meas)
UE 2cf9: dlsch_rounds 87/0/0/0, dlsch_errors 0, pucch0_DTX 0 (SNR 21.3+1.3 dB), BLER 0.00003 MCS (0) 0 CCE fail 1, goodput 0.00 Mbps
UE 2cf9: ulsch_rounds 757/0/0/0, ulsch_errors 0, ulsch_DTX 0, BLER 0.00000 MCS (0) 0 (Qm 2 deltaMCS 0 dB) NPRB 5 SNR 22.2 (+2.2) dB CCE fail 0, goodput 0.00 Mbps
UE 2cf9: LCID 1: TX            522 RX            281 bytes
UE 2cf9: LCID 2: TX              0 RX              0 bytes
UE 2cf9: LCID 4: TX              6 RX            110 bytes

[0m[NR_MAC] Frame.Slot 512.0
UE RNTI 2cf9 CU-UE-ID 1 in-sync PH 48 dB PCMAX 20 dBm, average RSRP -43 (16 meas)
UE 2cf9: dlsch_rounds 89/0/0/0, dlsch_errors 0, pucch0_DTX 0 (SNR 21.3+1.3 dB), BLER 0.00003 MCS (0) 0 CCE fail 1, goodput 0.00 Mbps
UE 2cf9: ulsch_rounds 770/0/0/0, ulsch_errors 0, ulsch_DTX 0, BLER 0.00000 MCS (0) 0 (Qm 2 deltaMCS 0 dB) NPRB 5 SNR 21.8 (+1.8) dB CCE fail 0, goodput 0.00 Mbps
UE 2cf9: LCID 1: TX            522 RX            281 bytes
UE 2cf9: LCID 2: TX              0 RX              0 bytes
UE 2cf9: LCID 4: TX              6 RX            110 bytes

[0m[NR_MAC] Frame.Slot 640.0
UE RNTI 2cf9 CU-UE-ID 1 in-sync PH 48 dB PCMAX 20 dBm, average RSRP -43 (16 meas)
UE 2cf9: dlsch_rounds 90/0/0/0, dlsch_errors 0, pucch0_DTX 0 (SNR 21.3+1.3 dB), BLER 0.00002 MCS (0) 0 CCE fail 1, goodput 0.00 Mbps
UE 2cf9: ulsch_rounds 783/0/0/0, ulsch_errors 0, ulsch_DTX 0, BLER 0.00000 MCS (0) 0 (Qm 2 deltaMCS 0 dB) NPRB 5 SNR 22.4 (+2.4) dB CCE fail 0, goodput 0.00 Mbps
UE 2cf9: LCID 1: TX            522 RX            281 bytes
UE 2cf9: LCID 2: TX              0 RX              0 bytes
UE 2cf9: LCID 4: TX              6 RX            110 bytes

[0m[NR_MAC] Frame.Slot 768.0
UE RNTI 2cf9 CU-UE-ID 1 in-sync PH 48 dB PCMAX 20 dBm, average RSRP -43 (16 meas)
UE 2cf9: dlsch_rounds 91/0/0/0, dlsch_errors 0, pucch0_DTX 0 (SNR 21.3+1.3 dB), BLER 0.00002 MCS (0) 0 CCE fail 1, goodput 0.00 Mbps
UE 2cf9: ulsch_rounds 795/0/0/0, ulsch_errors 0, ulsch_DTX 0, BLER 0.00000 MCS (0) 0 (Qm 2 deltaMCS 0 dB) NPRB 5 SNR 22.3 (+2.3) dB CCE fail 0, goodput 0.00 Mbps
UE 2cf9: LCID 1: TX            522 RX            281 bytes
UE 2cf9: LCID 2: TX              0 RX              0 bytes
UE 2cf9: LCID 4: TX              6 RX            110 bytes

[0m[NR_MAC] Frame.Slot 896.0
UE RNTI 2cf9 CU-UE-ID 1 in-sync PH 48 dB PCMAX 20 dBm, average RSRP -43 (16 meas)
UE 2cf9: dlsch_rounds 92/0/0/0, dlsch_errors 0, pucch0_DTX 0 (SNR 21.3+1.3 dB), BLER 0.00002 MCS (0) 0 CCE fail 1, goodput 0.00 Mbps
UE 2cf9: ulsch_rounds 808/0/0/0, ulsch_errors 0, ulsch_DTX 0, BLER 0.00000 MCS (0) 0 (Qm 2 deltaMCS 0 dB) NPRB 5 SNR 21.8 (+1.8) dB CCE fail 0, goodput 0.00 Mbps
UE 2cf9: LCID 1: TX            522 RX            281 bytes
UE 2cf9: LCID 2: TX              0 RX              0 bytes
UE 2cf9: LCID 4: TX              6 RX            110 bytes

[0m[NR_MAC] Frame.Slot 0.0
UE RNTI 2cf9 CU-UE-ID 1 in-sync PH 48 dB PCMAX 20 dBm, average RSRP -43 (16 meas)
UE 2cf9: dlsch_rounds 94/0/0/0, dlsch_errors 0, pucch0_DTX 0 (SNR 21.3+1.3 dB), BLER 0.00002 MCS (0) 0 CCE fail 1, goodput 0.00 Mbps
UE 2cf9: ulsch_rounds 821/0/0/0, ulsch_errors 0, ulsch_DTX 0, BLER 0.00000 MCS (0) 0 (Qm 2 deltaMCS 0 dB) NPRB 5 SNR 22.4 (+2.4) dB CCE fail 0, goodput 0.00 Mbps
UE 2cf9: LCID 1: TX            522 RX            281 bytes
UE 2cf9: LCID 2: TX              0 RX              0 bytes
UE 2cf9: LCID 4: TX              6 RX            110 bytes

[0m[NR_MAC] Frame.Slot 128.0
UE RNTI 2cf9 CU-UE-ID 1 in-sync PH 48 dB PCMAX 20 dBm, average RSRP -43 (16 meas)
UE 2cf9: dlsch_rounds 95/0/0/0, dlsch_errors 0, pucch0_DTX 0 (SNR 21.3+1.3 dB), BLER 0.00001 MCS (0) 0 CCE fail 1, goodput 0.00 Mbps
UE 2cf9: ulsch_rounds 834/0/0/0, ulsch_errors 0, ulsch_DTX 0, BLER 0.00000 MCS (0) 0 (Qm 2 deltaMCS 0 dB) NPRB 5 SNR 22.0 (+2.0) dB CCE fail 0, goodput 0.00 Mbps
UE 2cf9: LCID 1: TX            522 RX            281 bytes
UE 2cf9: LCID 2: TX              0 RX              0 bytes
UE 2cf9: LCID 4: TX              6 RX            110 bytes

[0m[NR_MAC] Frame.Slot 256.0
UE RNTI 2cf9 CU-UE-ID 1 in-sync PH 48 dB PCMAX 20 dBm, average RSRP -43 (16 meas)
UE 2cf9: dlsch_rounds 96/0/0/0, dlsch_errors 0, pucch0_DTX 0 (SNR 21.3+1.3 dB), BLER 0.00001 MCS (0) 0 CCE fail 1, goodput 0.00 Mbps
UE 2cf9: ulsch_rounds 847/0/0/0, ulsch_errors 0, ulsch_DTX 0, BLER 0.00000 MCS (0) 0 (Qm 2 deltaMCS 0 dB) NPRB 5 SNR 22.6 (+2.6) dB CCE fail 0, goodput 0.00 Mbps
UE 2cf9: LCID 1: TX            522 RX            281 bytes
UE 2cf9: LCID 2: TX              0 RX              0 bytes
UE 2cf9: LCID 4: TX              6 RX            110 bytes

[0m[NR_MAC] Frame.Slot 384.0
UE RNTI 2cf9 CU-UE-ID 1 in-sync PH 48 dB PCMAX 20 dBm, average RSRP -43 (16 meas)
UE 2cf9: dlsch_rounds 98/0/0/0, dlsch_errors 0, pucch0_DTX 0 (SNR 21.3+1.3 dB), BLER 0.00001 MCS (0) 0 CCE fail 1, goodput 0.00 Mbps
UE 2cf9: ulsch_rounds 859/0/0/0, ulsch_errors 0, ulsch_DTX 0, BLER 0.00000 MCS (0) 0 (Qm 2 deltaMCS 0 dB) NPRB 5 SNR 22.5 (+2.5) dB CCE fail 0, goodput 0.00 Mbps
UE 2cf9: LCID 1: TX            522 RX            281 bytes
UE 2cf9: LCID 2: TX              0 RX              0 bytes
UE 2cf9: LCID 4: TX              6 RX            110 bytes

[0m[NR_MAC] Frame.Slot 512.0
UE RNTI 2cf9 CU-UE-ID 1 in-sync PH 48 dB PCMAX 20 dBm, average RSRP -43 (16 meas)
UE 2cf9: dlsch_rounds 99/0/0/0, dlsch_errors 0, pucch0_DTX 0 (SNR 21.3+1.3 dB), BLER 0.00001 MCS (0) 0 CCE fail 1, goodput 0.00 Mbps
UE 2cf9: ulsch_rounds 872/0/0/0, ulsch_errors 0, ulsch_DTX 0, BLER 0.00000 MCS (0) 0 (Qm 2 deltaMCS 0 dB) NPRB 5 SNR 22.0 (+2.0) dB CCE fail 0, goodput 0.00 Mbps
UE 2cf9: LCID 1: TX            522 RX            281 bytes
UE 2cf9: LCID 2: TX              0 RX              0 bytes
UE 2cf9: LCID 4: TX              6 RX            110 bytes

[0m[NR_MAC] Frame.Slot 640.0
UE RNTI 2cf9 CU-UE-ID 1 in-sync PH 48 dB PCMAX 20 dBm, average RSRP -43 (16 meas)
UE 2cf9: dlsch_rounds 100/0/0/0, dlsch_errors 0, pucch0_DTX 0 (SNR 21.3+1.3 dB), BLER 0.00001 MCS (0) 0 CCE fail 1, goodput 0.00 Mbps
UE 2cf9: ulsch_rounds 885/0/0/0, ulsch_errors 0, ulsch_DTX 0, BLER 0.00000 MCS (0) 0 (Qm 2 deltaMCS 0 dB) NPRB 5 SNR 22.6 (+2.6) dB CCE fail 0, goodput 0.00 Mbps
UE 2cf9: LCID 1: TX            522 RX            281 bytes
UE 2cf9: LCID 2: TX              0 RX              0 bytes
UE 2cf9: LCID 4: TX              6 RX            110 bytes

[0m[NR_MAC] Frame.Slot 768.0
UE RNTI 2cf9 CU-UE-ID 1 in-sync PH 48 dB PCMAX 20 dBm, average RSRP -43 (16 meas)
UE 2cf9: dlsch_rounds 101/0/0/0, dlsch_errors 0, pucch0_DTX 0 (SNR 21.3+1.3 dB), BLER 0.00001 MCS (0) 0 CCE fail 1, goodput 0.00 Mbps
UE 2cf9: ulsch_rounds 898/0/0/0, ulsch_errors 0, ulsch_DTX 0, BLER 0.00000 MCS (0) 0 (Qm 2 deltaMCS 0 dB) NPRB 5 SNR 22.2 (+2.2) dB CCE fail 0, goodput 0.00 Mbps
UE 2cf9: LCID 1: TX            522 RX            281 bytes
UE 2cf9: LCID 2: TX              0 RX              0 bytes
UE 2cf9: LCID 4: TX              6 RX            110 bytes

[0m[NR_MAC] Frame.Slot 896.0
UE RNTI 2cf9 CU-UE-ID 1 in-sync PH 48 dB PCMAX 20 dBm, average RSRP -43 (16 meas)
UE 2cf9: dlsch_rounds 103/0/0/0, dlsch_errors 0, pucch0_DTX 0 (SNR 21.3+1.3 dB), BLER 0.00001 MCS (0) 0 CCE fail 1, goodput 0.00 Mbps
UE 2cf9: ulsch_rounds 911/0/0/0, ulsch_errors 0, ulsch_DTX 0, BLER 0.00000 MCS (0) 0 (Qm 2 deltaMCS 0 dB) NPRB 5 SNR 21.8 (+1.8) dB CCE fail 0, goodput 0.00 Mbps
UE 2cf9: LCID 1: TX            522 RX            281 bytes
UE 2cf9: LCID 2: TX              0 RX              0 bytes
UE 2cf9: LCID 4: TX              6 RX            110 bytes

[0m[NR_MAC] Frame.Slot 0.0
UE RNTI 2cf9 CU-UE-ID 1 in-sync PH 48 dB PCMAX 20 dBm, average RSRP -43 (16 meas)
UE 2cf9: dlsch_rounds 104/0/0/0, dlsch_errors 0, pucch0_DTX 0 (SNR 21.3+1.3 dB), BLER 0.00001 MCS (0) 0 CCE fail 1, goodput 0.00 Mbps
UE 2cf9: ulsch_rounds 923/0/0/0, ulsch_errors 0, ulsch_DTX 0, BLER 0.00000 MCS (0) 0 (Qm 2 deltaMCS 0 dB) NPRB 5 SNR 22.7 (+2.7) dB CCE fail 0, goodput 0.00 Mbps
UE 2cf9: LCID 1: TX            522 RX            281 bytes
UE 2cf9: LCID 2: TX              0 RX              0 bytes
UE 2cf9: LCID 4: TX              6 RX            110 bytes

[0m[NR_MAC] Frame.Slot 128.0
UE RNTI 2cf9 CU-UE-ID 1 in-sync PH 48 dB PCMAX 20 dBm, average RSRP -43 (16 meas)
UE 2cf9: dlsch_rounds 105/0/0/0, dlsch_errors 0, pucch0_DTX 0 (SNR 21.3+1.3 dB), BLER 0.00000 MCS (0) 0 CCE fail 1, goodput 0.00 Mbps
UE 2cf9: ulsch_rounds 936/0/0/0, ulsch_errors 0, ulsch_DTX 0, BLER 0.00000 MCS (0) 0 (Qm 2 deltaMCS 0 dB) NPRB 5 SNR 22.3 (+2.3) dB CCE fail 0, goodput 0.00 Mbps
UE 2cf9: LCID 1: TX            522 RX            281 bytes
UE 2cf9: LCID 2: TX              0 RX              0 bytes
UE 2cf9: LCID 4: TX              6 RX            110 bytes

[0m[NR_MAC] Frame.Slot 256.0
UE RNTI 2cf9 CU-UE-ID 1 in-sync PH 48 dB PCMAX 20 dBm, average RSRP -43 (16 meas)
UE 2cf9: dlsch_rounds 107/0/0/0, dlsch_errors 0, pucch0_DTX 0 (SNR 21.3+1.3 dB), BLER 0.00000 MCS (0) 0 CCE fail 1, goodput 0.00 Mbps
UE 2cf9: ulsch_rounds 949/0/0/0, ulsch_errors 0, ulsch_DTX 0, BLER 0.00000 MCS (0) 0 (Qm 2 deltaMCS 0 dB) NPRB 5 SNR 21.9 (+1.9) dB CCE fail 0, goodput 0.00 Mbps
UE 2cf9: LCID 1: TX            522 RX            281 bytes
UE 2cf9: LCID 2: TX              0 RX              0 bytes
UE 2cf9: LCID 4: TX              6 RX            110 bytes

[0m[NR_MAC] Frame.Slot 384.0
UE RNTI 2cf9 CU-UE-ID 1 in-sync PH 48 dB PCMAX 20 dBm, average RSRP -43 (16 meas)
UE 2cf9: dlsch_rounds 108/0/0/0, dlsch_errors 0, pucch0_DTX 0 (SNR 21.3+1.3 dB), BLER 0.00000 MCS (0) 0 CCE fail 1, goodput 0.00 Mbps
UE 2cf9: ulsch_rounds 962/0/0/0, ulsch_errors 0, ulsch_DTX 0, BLER 0.00000 MCS (0) 0 (Qm 2 deltaMCS 0 dB) NPRB 5 SNR 22.4 (+2.4) dB CCE fail 0, goodput 0.00 Mbps
UE 2cf9: LCID 1: TX            522 RX            281 bytes
UE 2cf9: LCID 2: TX              0 RX              0 bytes
UE 2cf9: LCID 4: TX              6 RX            110 bytes

[0m[NR_MAC] Frame.Slot 512.0
UE RNTI 2cf9 CU-UE-ID 1 in-sync PH 48 dB PCMAX 20 dBm, average RSRP -43 (16 meas)
UE 2cf9: dlsch_rounds 109/0/0/0, dlsch_errors 0, pucch0_DTX 0 (SNR 21.3+1.3 dB), BLER 0.00000 MCS (0) 0 CCE fail 1, goodput 0.00 Mbps
UE 2cf9: ulsch_rounds 975/0/0/0, ulsch_errors 0, ulsch_DTX 0, BLER 0.00000 MCS (0) 0 (Qm 2 deltaMCS 0 dB) NPRB 5 SNR 22.0 (+2.0) dB CCE fail 0, goodput 0.00 Mbps
UE 2cf9: LCID 1: TX            522 RX            281 bytes
UE 2cf9: LCID 2: TX              0 RX              0 bytes
UE 2cf9: LCID 4: TX              6 RX            110 bytes

[0m[NR_MAC] Frame.Slot 640.0
UE RNTI 2cf9 CU-UE-ID 1 in-sync PH 48 dB PCMAX 20 dBm, average RSRP -43 (16 meas)
UE 2cf9: dlsch_rounds 110/0/0/0, dlsch_errors 0, pucch0_DTX 0 (SNR 21.3+1.3 dB), BLER 0.00000 MCS (0) 0 CCE fail 1, goodput 0.00 Mbps
UE 2cf9: ulsch_rounds 987/0/0/0, ulsch_errors 0, ulsch_DTX 0, BLER 0.00000 MCS (0) 0 (Qm 2 deltaMCS 0 dB) NPRB 5 SNR 21.9 (+1.9) dB CCE fail 0, goodput 0.00 Mbps
UE 2cf9: LCID 1: TX            522 RX            281 bytes
UE 2cf9: LCID 2: TX              0 RX              0 bytes
UE 2cf9: LCID 4: TX              6 RX            110 bytes

[0m[NR_MAC] Frame.Slot 768.0
UE RNTI 2cf9 CU-UE-ID 1 in-sync PH 48 dB PCMAX 20 dBm, average RSRP -43 (16 meas)
UE 2cf9: dlsch_rounds 112/0/0/0, dlsch_errors 0, pucch0_DTX 0 (SNR 21.3+1.3 dB), BLER 0.00000 MCS (0) 0 CCE fail 1, goodput 0.00 Mbps
UE 2cf9: ulsch_rounds 1000/0/0/0, ulsch_errors 0, ulsch_DTX 0, BLER 0.00000 MCS (0) 0 (Qm 2 deltaMCS 0 dB) NPRB 5 SNR 22.5 (+2.5) dB CCE fail 0, goodput 0.00 Mbps
UE 2cf9: LCID 1: TX            522 RX            281 bytes
UE 2cf9: LCID 2: TX              0 RX              0 bytes
UE 2cf9: LCID 4: TX              6 RX            110 bytes

[0m[NR_MAC] Frame.Slot 896.0
UE RNTI 2cf9 CU-UE-ID 1 in-sync PH 48 dB PCMAX 20 dBm, average RSRP -43 (16 meas)
UE 2cf9: dlsch_rounds 113/0/0/0, dlsch_errors 0, pucch0_DTX 0 (SNR 21.3+1.3 dB), BLER 0.00000 MCS (0) 0 CCE fail 1, goodput 0.00 Mbps
UE 2cf9: ulsch_rounds 1013/0/0/0, ulsch_errors 0, ulsch_DTX 0, BLER 0.00000 MCS (0) 0 (Qm 2 deltaMCS 0 dB) NPRB 5 SNR 22.1 (+2.1) dB CCE fail 0, goodput 0.00 Mbps
UE 2cf9: LCID 1: TX            522 RX            281 bytes
UE 2cf9: LCID 2: TX              0 RX              0 bytes
UE 2cf9: LCID 4: TX              6 RX            110 bytes

[0m[NR_MAC] Frame.Slot 0.0
UE RNTI 2cf9 CU-UE-ID 1 in-sync PH 48 dB PCMAX 20 dBm, average RSRP -43 (16 meas)
UE 2cf9: dlsch_rounds 114/0/0/0, dlsch_errors 0, pucch0_DTX 0 (SNR 21.3+1.3 dB), BLER 0.00000 MCS (0) 0 CCE fail 1, goodput 0.00 Mbps
UE 2cf9: ulsch_rounds 1026/0/0/0, ulsch_errors 0, ulsch_DTX 0, BLER 0.00000 MCS (0) 0 (Qm 2 deltaMCS 0 dB) NPRB 5 SNR 22.7 (+2.7) dB CCE fail 0, goodput 0.00 Mbps
UE 2cf9: LCID 1: TX            522 RX            281 bytes
UE 2cf9: LCID 2: TX              0 RX              0 bytes
UE 2cf9: LCID 4: TX              6 RX            110 bytes

[0m[NR_MAC] Frame.Slot 128.0
UE RNTI 2cf9 CU-UE-ID 1 in-sync PH 48 dB PCMAX 20 dBm, average RSRP -43 (16 meas)
UE 2cf9: dlsch_rounds 115/0/0/0, dlsch_errors 0, pucch0_DTX 0 (SNR 21.3+1.3 dB), BLER 0.00000 MCS (0) 0 CCE fail 1, goodput 0.00 Mbps
UE 2cf9: ulsch_rounds 1039/0/0/0, ulsch_errors 0, ulsch_DTX 0, BLER 0.00000 MCS (0) 0 (Qm 2 deltaMCS 0 dB) NPRB 5 SNR 22.3 (+2.3) dB CCE fail 0, goodput 0.00 Mbps
UE 2cf9: LCID 1: TX            522 RX            281 bytes
UE 2cf9: LCID 2: TX              0 RX              0 bytes
UE 2cf9: LCID 4: TX              6 RX            110 bytes

[0m[NR_MAC] Frame.Slot 256.0
UE RNTI 2cf9 CU-UE-ID 1 in-sync PH 48 dB PCMAX 20 dBm, average RSRP -43 (16 meas)
UE 2cf9: dlsch_rounds 117/0/0/0, dlsch_errors 0, pucch0_DTX 0 (SNR 21.3+1.3 dB), BLER 0.00000 MCS (0) 0 CCE fail 1, goodput 0.00 Mbps
UE 2cf9: ulsch_rounds 1051/0/0/0, ulsch_errors 0, ulsch_DTX 0, BLER 0.00000 MCS (0) 0 (Qm 2 deltaMCS 0 dB) NPRB 5 SNR 22.1 (+2.1) dB CCE fail 0, goodput 0.00 Mbps
UE 2cf9: LCID 1: TX            522 RX            281 bytes
UE 2cf9: LCID 2: TX              0 RX              0 bytes
UE 2cf9: LCID 4: TX              6 RX            110 bytes

[0m[NR_MAC] Frame.Slot 384.0
UE RNTI 2cf9 CU-UE-ID 1 in-sync PH 48 dB PCMAX 20 dBm, average RSRP -43 (16 meas)
UE 2cf9: dlsch_rounds 118/0/0/0, dlsch_errors 0, pucch0_DTX 0 (SNR 21.3+1.3 dB), BLER 0.00000 MCS (0) 0 CCE fail 1, goodput 0.00 Mbps
UE 2cf9: ulsch_rounds 1064/0/0/0, ulsch_errors 0, ulsch_DTX 0, BLER 0.00000 MCS (0) 0 (Qm 2 deltaMCS 0 dB) NPRB 5 SNR 22.7 (+2.7) dB CCE fail 0, goodput 0.00 Mbps
UE 2cf9: LCID 1: TX            522 RX            281 bytes
UE 2cf9: LCID 2: TX              0 RX              0 bytes
UE 2cf9: LCID 4: TX              6 RX            110 bytes

[0m[NR_MAC] Frame.Slot 512.0
UE RNTI 2cf9 CU-UE-ID 1 in-sync PH 48 dB PCMAX 20 dBm, average RSRP -43 (16 meas)
UE 2cf9: dlsch_rounds 119/0/0/0, dlsch_errors 0, pucch0_DTX 0 (SNR 21.3+1.3 dB), BLER 0.00000 MCS (0) 0 CCE fail 1, goodput 0.00 Mbps
UE 2cf9: ulsch_rounds 1077/0/0/0, ulsch_errors 0, ulsch_DTX 0, BLER 0.00000 MCS (0) 0 (Qm 2 deltaMCS 0 dB) NPRB 5 SNR 22.3 (+2.3) dB CCE fail 0, goodput 0.00 Mbps
UE 2cf9: LCID 1: TX            522 RX            281 bytes
UE 2cf9: LCID 2: TX              0 RX              0 bytes
UE 2cf9: LCID 4: TX              6 RX            110 bytes

[0m[NR_MAC] Frame.Slot 640.0
UE RNTI 2cf9 CU-UE-ID 1 in-sync PH 48 dB PCMAX 20 dBm, average RSRP -43 (16 meas)
UE 2cf9: dlsch_rounds 121/0/0/0, dlsch_errors 0, pucch0_DTX 0 (SNR 21.3+1.3 dB), BLER 0.00000 MCS (0) 0 CCE fail 1, goodput 0.00 Mbps
UE 2cf9: ulsch_rounds 1090/0/0/0, ulsch_errors 0, ulsch_DTX 0, BLER 0.00000 MCS (0) 0 (Qm 2 deltaMCS 0 dB) NPRB 5 SNR 21.9 (+1.9) dB CCE fail 0, goodput 0.00 Mbps
UE 2cf9: LCID 1: TX            522 RX            281 bytes
UE 2cf9: LCID 2: TX              0 RX              0 bytes
UE 2cf9: LCID 4: TX              6 RX            110 bytes

[0m[NR_MAC] Frame.Slot 768.0
UE RNTI 2cf9 CU-UE-ID 1 in-sync PH 48 dB PCMAX 20 dBm, average RSRP -43 (16 meas)
UE 2cf9: dlsch_rounds 122/0/0/0, dlsch_errors 0, pucch0_DTX 0 (SNR 21.3+1.3 dB), BLER 0.00000 MCS (0) 0 CCE fail 1, goodput 0.00 Mbps
UE 2cf9: ulsch_rounds 1103/0/0/0, ulsch_errors 0, ulsch_DTX 0, BLER 0.00000 MCS (0) 0 (Qm 2 deltaMCS 0 dB) NPRB 5 SNR 22.5 (+2.5) dB CCE fail 0, goodput 0.00 Mbps
UE 2cf9: LCID 1: TX            522 RX            281 bytes
UE 2cf9: LCID 2: TX              0 RX              0 bytes
UE 2cf9: LCID 4: TX              6 RX            110 bytes

[0m[NR_MAC] Frame.Slot 896.0
UE RNTI 2cf9 CU-UE-ID 1 in-sync PH 48 dB PCMAX 20 dBm, average RSRP -43 (16 meas)
UE 2cf9: dlsch_rounds 123/0/0/0, dlsch_errors 0, pucch0_DTX 0 (SNR 21.3+1.3 dB), BLER 0.00000 MCS (0) 0 CCE fail 1, goodput 0.00 Mbps
UE 2cf9: ulsch_rounds 1115/0/0/0, ulsch_errors 0, ulsch_DTX 0, BLER 0.00000 MCS (0) 0 (Qm 2 deltaMCS 0 dB) NPRB 5 SNR 22.3 (+2.3) dB CCE fail 0, goodput 0.00 Mbps
UE 2cf9: LCID 1: TX            522 RX            281 bytes
UE 2cf9: LCID 2: TX              0 RX              0 bytes
UE 2cf9: LCID 4: TX              6 RX            110 bytes

[0m[NR_MAC] Frame.Slot 0.0
UE RNTI 2cf9 CU-UE-ID 1 in-sync PH 48 dB PCMAX 20 dBm, average RSRP -43 (16 meas)
UE 2cf9: dlsch_rounds 124/0/0/0, dlsch_errors 0, pucch0_DTX 0 (SNR 21.3+1.3 dB), BLER 0.00000 MCS (0) 0 CCE fail 1, goodput 0.00 Mbps
UE 2cf9: ulsch_rounds 1128/0/0/0, ulsch_errors 0, ulsch_DTX 0, BLER 0.00000 MCS (0) 0 (Qm 2 deltaMCS 0 dB) NPRB 5 SNR 21.9 (+1.9) dB CCE fail 0, goodput 0.00 Mbps
UE 2cf9: LCID 1: TX            522 RX            281 bytes
UE 2cf9: LCID 2: TX              0 RX              0 bytes
UE 2cf9: LCID 4: TX              6 RX            110 bytes

[0m[NR_MAC] Frame.Slot 128.0
UE RNTI 2cf9 CU-UE-ID 1 in-sync PH 48 dB PCMAX 20 dBm, average RSRP -43 (16 meas)
UE 2cf9: dlsch_rounds 126/0/0/0, dlsch_errors 0, pucch0_DTX 0 (SNR 21.3+1.3 dB), BLER 0.00000 MCS (0) 0 CCE fail 1, goodput 0.00 Mbps
UE 2cf9: ulsch_rounds 1141/0/0/0, ulsch_errors 0, ulsch_DTX 0, BLER 0.00000 MCS (0) 0 (Qm 2 deltaMCS 0 dB) NPRB 5 SNR 22.5 (+2.5) dB CCE fail 0, goodput 0.00 Mbps
UE 2cf9: LCID 1: TX            522 RX            281 bytes
UE 2cf9: LCID 2: TX              0 RX              0 bytes
UE 2cf9: LCID 4: TX              6 RX            110 bytes

[0m[NR_MAC] Frame.Slot 256.0
UE RNTI 2cf9 CU-UE-ID 1 in-sync PH 48 dB PCMAX 20 dBm, average RSRP -43 (16 meas)
UE 2cf9: dlsch_rounds 127/0/0/0, dlsch_errors 0, pucch0_DTX 0 (SNR 21.3+1.3 dB), BLER 0.00000 MCS (0) 0 CCE fail 1, goodput 0.00 Mbps
UE 2cf9: ulsch_rounds 1154/0/0/0, ulsch_errors 0, ulsch_DTX 0, BLER 0.00000 MCS (0) 0 (Qm 2 deltaMCS 0 dB) NPRB 5 SNR 22.1 (+2.1) dB CCE fail 0, goodput 0.00 Mbps
UE 2cf9: LCID 1: TX            522 RX            281 bytes
UE 2cf9: LCID 2: TX              0 RX              0 bytes
UE 2cf9: LCID 4: TX              6 RX            110 bytes

[0m[NR_MAC] Frame.Slot 384.0
UE RNTI 2cf9 CU-UE-ID 1 in-sync PH 48 dB PCMAX 20 dBm, average RSRP -43 (16 meas)
UE 2cf9: dlsch_rounds 128/0/0/0, dlsch_errors 0, pucch0_DTX 0 (SNR 21.3+1.3 dB), BLER 0.00000 MCS (0) 0 CCE fail 1, goodput 0.00 Mbps
UE 2cf9: ulsch_rounds 1167/0/0/0, ulsch_errors 0, ulsch_DTX 0, BLER 0.00000 MCS (0) 0 (Qm 2 deltaMCS 0 dB) NPRB 5 SNR 22.7 (+2.7) dB CCE fail 0, goodput 0.00 Mbps
UE 2cf9: LCID 1: TX            522 RX            281 bytes
UE 2cf9: LCID 2: TX              0 RX              0 bytes
UE 2cf9: LCID 4: TX              6 RX            110 bytes

[0m[NR_MAC] Frame.Slot 512.0
UE RNTI 2cf9 CU-UE-ID 1 in-sync PH 48 dB PCMAX 20 dBm, average RSRP -43 (16 meas)
UE 2cf9: dlsch_rounds 130/0/0/0, dlsch_errors 0, pucch0_DTX 0 (SNR 21.3+1.3 dB), BLER 0.00000 MCS (0) 0 CCE fail 1, goodput 0.00 Mbps
UE 2cf9: ulsch_rounds 1179/0/0/0, ulsch_errors 0, ulsch_DTX 0, BLER 0.00000 MCS (0) 0 (Qm 2 deltaMCS 0 dB) NPRB 5 SNR 22.5 (+2.5) dB CCE fail 0, goodput 0.00 Mbps
UE 2cf9: LCID 1: TX            522 RX            281 bytes
UE 2cf9: LCID 2: TX              0 RX              0 bytes
UE 2cf9: LCID 4: TX              6 RX            110 bytes

[0m[NR_MAC] Frame.Slot 640.0
UE RNTI 2cf9 CU-UE-ID 1 in-sync PH 48 dB PCMAX 20 dBm, average RSRP -43 (16 meas)
UE 2cf9: dlsch_rounds 131/0/0/0, dlsch_errors 0, pucch0_DTX 0 (SNR 21.3+1.3 dB), BLER 0.00000 MCS (0) 0 CCE fail 1, goodput 0.00 Mbps
UE 2cf9: ulsch_rounds 1192/0/0/0, ulsch_errors 0, ulsch_DTX 0, BLER 0.00000 MCS (0) 0 (Qm 2 deltaMCS 0 dB) NPRB 5 SNR 22.1 (+2.1) dB CCE fail 0, goodput 0.00 Mbps
UE 2cf9: LCID 1: TX            522 RX            281 bytes
UE 2cf9: LCID 2: TX              0 RX              0 bytes
UE 2cf9: LCID 4: TX              6 RX            110 bytes

[0m[NR_MAC] Frame.Slot 768.0
UE RNTI 2cf9 CU-UE-ID 1 in-sync PH 48 dB PCMAX 20 dBm, average RSRP -43 (16 meas)
UE 2cf9: dlsch_rounds 132/0/0/0, dlsch_errors 0, pucch0_DTX 0 (SNR 21.3+1.3 dB), BLER 0.00000 MCS (0) 0 CCE fail 1, goodput 0.00 Mbps
UE 2cf9: ulsch_rounds 1205/0/0/0, ulsch_errors 0, ulsch_DTX 0, BLER 0.00000 MCS (0) 0 (Qm 2 deltaMCS 0 dB) NPRB 5 SNR 22.7 (+2.7) dB CCE fail 0, goodput 0.00 Mbps
UE 2cf9: LCID 1: TX            522 RX            281 bytes
UE 2cf9: LCID 2: TX              0 RX              0 bytes
UE 2cf9: LCID 4: TX              6 RX            110 bytes

[0m[NR_MAC] Frame.Slot 896.0
UE RNTI 2cf9 CU-UE-ID 1 in-sync PH 48 dB PCMAX 20 dBm, average RSRP -43 (16 meas)
UE 2cf9: dlsch_rounds 133/0/0/0, dlsch_errors 0, pucch0_DTX 0 (SNR 21.3+1.3 dB), BLER 0.00000 MCS (0) 0 CCE fail 1, goodput 0.00 Mbps
UE 2cf9: ulsch_rounds 1218/0/0/0, ulsch_errors 0, ulsch_DTX 0, BLER 0.00000 MCS (0) 0 (Qm 2 deltaMCS 0 dB) NPRB 5 SNR 22.3 (+2.3) dB CCE fail 0, goodput 0.00 Mbps
UE 2cf9: LCID 1: TX            522 RX            281 bytes
UE 2cf9: LCID 2: TX              0 RX              0 bytes
UE 2cf9: LCID 4: TX              6 RX            110 bytes

[0m[NR_MAC] Frame.Slot 0.0
UE RNTI 2cf9 CU-UE-ID 1 in-sync PH 48 dB PCMAX 20 dBm, average RSRP -43 (16 meas)
UE 2cf9: dlsch_rounds 135/0/0/0, dlsch_errors 0, pucch0_DTX 0 (SNR 21.3+1.3 dB), BLER 0.00000 MCS (0) 0 CCE fail 1, goodput 0.00 Mbps
UE 2cf9: ulsch_rounds 1231/0/0/0, ulsch_errors 0, ulsch_DTX 0, BLER 0.00000 MCS (0) 0 (Qm 2 deltaMCS 0 dB) NPRB 5 SNR 21.9 (+1.9) dB CCE fail 0, goodput 0.00 Mbps
UE 2cf9: LCID 1: TX            522 RX            281 bytes
UE 2cf9: LCID 2: TX              0 RX              0 bytes
UE 2cf9: LCID 4: TX              6 RX            110 bytes

[0m[NR_MAC] Frame.Slot 128.0
UE RNTI 2cf9 CU-UE-ID 1 in-sync PH 48 dB PCMAX 20 dBm, average RSRP -43 (16 meas)
UE 2cf9: dlsch_rounds 136/0/0/0, dlsch_errors 0, pucch0_DTX 0 (SNR 21.3+1.3 dB), BLER 0.00000 MCS (0) 0 CCE fail 1, goodput 0.00 Mbps
UE 2cf9: ulsch_rounds 1243/0/0/0, ulsch_errors 0, ulsch_DTX 0, BLER 0.00000 MCS (0) 0 (Qm 2 deltaMCS 0 dB) NPRB 5 SNR 21.8 (+1.8) dB CCE fail 0, goodput 0.00 Mbps
UE 2cf9: LCID 1: TX            522 RX            281 bytes
UE 2cf9: LCID 2: TX              0 RX              0 bytes
UE 2cf9: LCID 4: TX              6 RX            110 bytes

[0m[NR_MAC] Frame.Slot 256.0
UE RNTI 2cf9 CU-UE-ID 1 in-sync PH 48 dB PCMAX 20 dBm, average RSRP -43 (16 meas)
UE 2cf9: dlsch_rounds 137/0/0/0, dlsch_errors 0, pucch0_DTX 0 (SNR 21.3+1.3 dB), BLER 0.00000 MCS (0) 0 CCE fail 1, goodput 0.00 Mbps
UE 2cf9: ulsch_rounds 1256/0/0/0, ulsch_errors 0, ulsch_DTX 0, BLER 0.00000 MCS (0) 0 (Qm 2 deltaMCS 0 dB) NPRB 5 SNR 22.3 (+2.3) dB CCE fail 0, goodput 0.00 Mbps
UE 2cf9: LCID 1: TX            522 RX            281 bytes
UE 2cf9: LCID 2: TX              0 RX              0 bytes
UE 2cf9: LCID 4: TX              6 RX            110 bytes

[0m[NR_MAC] Frame.Slot 384.0
UE RNTI 2cf9 CU-UE-ID 1 in-sync PH 48 dB PCMAX 20 dBm, average RSRP -43 (16 meas)
UE 2cf9: dlsch_rounds 139/0/0/0, dlsch_errors 0, pucch0_DTX 0 (SNR 21.3+1.3 dB), BLER 0.00000 MCS (0) 0 CCE fail 1, goodput 0.00 Mbps
UE 2cf9: ulsch_rounds 1269/0/0/0, ulsch_errors 0, ulsch_DTX 0, BLER 0.00000 MCS (0) 0 (Qm 2 deltaMCS 0 dB) NPRB 5 SNR 21.9 (+1.9) dB CCE fail 0, goodput 0.00 Mbps
UE 2cf9: LCID 1: TX            522 RX            281 bytes
UE 2cf9: LCID 2: TX              0 RX              0 bytes
UE 2cf9: LCID 4: TX              6 RX            110 bytes

[0m[NR_MAC] Frame.Slot 512.0
UE RNTI 2cf9 CU-UE-ID 1 in-sync PH 48 dB PCMAX 20 dBm, average RSRP -43 (16 meas)
UE 2cf9: dlsch_rounds 140/0/0/0, dlsch_errors 0, pucch0_DTX 0 (SNR 21.3+1.3 dB), BLER 0.00000 MCS (0) 0 CCE fail 1, goodput 0.00 Mbps
UE 2cf9: ulsch_rounds 1282/0/0/0, ulsch_errors 0, ulsch_DTX 0, BLER 0.00000 MCS (0) 0 (Qm 2 deltaMCS 0 dB) NPRB 5 SNR 22.5 (+2.5) dB CCE fail 0, goodput 0.00 Mbps
UE 2cf9: LCID 1: TX            522 RX            281 bytes
UE 2cf9: LCID 2: TX              0 RX              0 bytes
UE 2cf9: LCID 4: TX              6 RX            110 bytes

[0m[NR_MAC] Frame.Slot 640.0
UE RNTI 2cf9 CU-UE-ID 1 in-sync PH 48 dB PCMAX 20 dBm, average RSRP -43 (16 meas)
UE 2cf9: dlsch_rounds 141/0/0/0, dlsch_errors 0, pucch0_DTX 0 (SNR 21.3+1.3 dB), BLER 0.00000 MCS (0) 0 CCE fail 1, goodput 0.00 Mbps
UE 2cf9: ulsch_rounds 1295/0/0/0, ulsch_errors 0, ulsch_DTX 0, BLER 0.00000 MCS (0) 0 (Qm 2 deltaMCS 0 dB) NPRB 5 SNR 22.1 (+2.1) dB CCE fail 0, goodput 0.00 Mbps
UE 2cf9: LCID 1: TX            522 RX            281 bytes
UE 2cf9: LCID 2: TX              0 RX              0 bytes
UE 2cf9: LCID 4: TX              6 RX            110 bytes

[0m[NR_MAC] Frame.Slot 768.0
UE RNTI 2cf9 CU-UE-ID 1 in-sync PH 48 dB PCMAX 20 dBm, average RSRP -43 (16 meas)
UE 2cf9: dlsch_rounds 142/0/0/0, dlsch_errors 0, pucch0_DTX 0 (SNR 21.3+1.3 dB), BLER 0.00000 MCS (0) 0 CCE fail 1, goodput 0.00 Mbps
UE 2cf9: ulsch_rounds 1307/0/0/0, ulsch_errors 0, ulsch_DTX 0, BLER 0.00000 MCS (0) 0 (Qm 2 deltaMCS 0 dB) NPRB 5 SNR 22.0 (+2.0) dB CCE fail 0, goodput 0.00 Mbps
UE 2cf9: LCID 1: TX            522 RX            281 bytes
UE 2cf9: LCID 2: TX              0 RX              0 bytes
UE 2cf9: LCID 4: TX              6 RX            110 bytes

[0m[NR_MAC] Frame.Slot 896.0
UE RNTI 2cf9 CU-UE-ID 1 in-sync PH 48 dB PCMAX 20 dBm, average RSRP -43 (16 meas)
UE 2cf9: dlsch_rounds 144/0/0/0, dlsch_errors 0, pucch0_DTX 0 (SNR 21.3+1.3 dB), BLER 0.00000 MCS (0) 0 CCE fail 1, goodput 0.00 Mbps
UE 2cf9: ulsch_rounds 1320/0/0/0, ulsch_errors 0, ulsch_DTX 0, BLER 0.00000 MCS (0) 0 (Qm 2 deltaMCS 0 dB) NPRB 5 SNR 22.5 (+2.5) dB CCE fail 0, goodput 0.00 Mbps
UE 2cf9: LCID 1: TX            522 RX            281 bytes
UE 2cf9: LCID 2: TX              0 RX              0 bytes
UE 2cf9: LCID 4: TX              6 RX            110 bytes

[0m[NR_MAC] Frame.Slot 0.0
UE RNTI 2cf9 CU-UE-ID 1 in-sync PH 48 dB PCMAX 20 dBm, average RSRP -43 (16 meas)
UE 2cf9: dlsch_rounds 145/0/0/0, dlsch_errors 0, pucch0_DTX 0 (SNR 21.3+1.3 dB), BLER 0.00000 MCS (0) 0 CCE fail 1, goodput 0.00 Mbps
UE 2cf9: ulsch_rounds 1333/0/0/0, ulsch_errors 0, ulsch_DTX 0, BLER 0.00000 MCS (0) 0 (Qm 2 deltaMCS 0 dB) NPRB 5 SNR 22.1 (+2.1) dB CCE fail 0, goodput 0.00 Mbps
UE 2cf9: LCID 1: TX            522 RX            281 bytes
UE 2cf9: LCID 2: TX              0 RX              0 bytes
UE 2cf9: LCID 4: TX              6 RX            110 bytes

[0m[NR_MAC] Frame.Slot 128.0
UE RNTI 2cf9 CU-UE-ID 1 in-sync PH 48 dB PCMAX 20 dBm, average RSRP -43 (16 meas)
UE 2cf9: dlsch_rounds 146/0/0/0, dlsch_errors 0, pucch0_DTX 0 (SNR 21.3+1.3 dB), BLER 0.00000 MCS (0) 0 CCE fail 1, goodput 0.00 Mbps
UE 2cf9: ulsch_rounds 1346/0/0/0, ulsch_errors 0, ulsch_DTX 0, BLER 0.00000 MCS (0) 0 (Qm 2 deltaMCS 0 dB) NPRB 5 SNR 22.7 (+2.7) dB CCE fail 0, goodput 0.00 Mbps
UE 2cf9: LCID 1: TX            522 RX            281 bytes
UE 2cf9: LCID 2: TX              0 RX              0 bytes
UE 2cf9: LCID 4: TX              6 RX            110 bytes

[0m[NR_MAC] Frame.Slot 256.0
UE RNTI 2cf9 CU-UE-ID 1 in-sync PH 48 dB PCMAX 20 dBm, average RSRP -43 (16 meas)
UE 2cf9: dlsch_rounds 147/0/0/0, dlsch_errors 0, pucch0_DTX 0 (SNR 21.3+1.3 dB), BLER 0.00000 MCS (0) 0 CCE fail 1, goodput 0.00 Mbps
UE 2cf9: ulsch_rounds 1359/0/0/0, ulsch_errors 0, ulsch_DTX 0, BLER 0.00000 MCS (0) 0 (Qm 2 deltaMCS 0 dB) NPRB 5 SNR 22.3 (+2.3) dB CCE fail 0, goodput 0.00 Mbps
UE 2cf9: LCID 1: TX            522 RX            281 bytes
UE 2cf9: LCID 2: TX              0 RX              0 bytes
UE 2cf9: LCID 4: TX              6 RX            110 bytes

[0m[NR_MAC] Frame.Slot 384.0
UE RNTI 2cf9 CU-UE-ID 1 in-sync PH 48 dB PCMAX 20 dBm, average RSRP -43 (16 meas)
UE 2cf9: dlsch_rounds 149/0/0/0, dlsch_errors 0, pucch0_DTX 0 (SNR 21.3+1.3 dB), BLER 0.00000 MCS (0) 0 CCE fail 1, goodput 0.00 Mbps
UE 2cf9: ulsch_rounds 1371/0/0/0, ulsch_errors 0, ulsch_DTX 0, BLER 0.00000 MCS (0) 0 (Qm 2 deltaMCS 0 dB) NPRB 5 SNR 22.2 (+2.2) dB CCE fail 0, goodput 0.00 Mbps
UE 2cf9: LCID 1: TX            522 RX            281 bytes
UE 2cf9: LCID 2: TX              0 RX              0 bytes
UE 2cf9: LCID 4: TX              6 RX            110 bytes

[0m[NR_MAC] Frame.Slot 512.0
UE RNTI 2cf9 CU-UE-ID 1 in-sync PH 48 dB PCMAX 20 dBm, average RSRP -43 (16 meas)
UE 2cf9: dlsch_rounds 150/0/0/0, dlsch_errors 0, pucch0_DTX 0 (SNR 21.3+1.3 dB), BLER 0.00000 MCS (0) 0 CCE fail 1, goodput 0.00 Mbps
UE 2cf9: ulsch_rounds 1384/0/0/0, ulsch_errors 0, ulsch_DTX 0, BLER 0.00000 MCS (0) 0 (Qm 2 deltaMCS 0 dB) NPRB 5 SNR 21.8 (+1.8) dB CCE fail 0, goodput 0.00 Mbps
UE 2cf9: LCID 1: TX            522 RX            281 bytes
UE 2cf9: LCID 2: TX              0 RX              0 bytes
UE 2cf9: LCID 4: TX              6 RX            110 bytes

[0m[NR_MAC] Frame.Slot 640.0
UE RNTI 2cf9 CU-UE-ID 1 in-sync PH 48 dB PCMAX 20 dBm, average RSRP -43 (16 meas)
UE 2cf9: dlsch_rounds 151/0/0/0, dlsch_errors 0, pucch0_DTX 0 (SNR 21.3+1.3 dB), BLER 0.00000 MCS (0) 0 CCE fail 1, goodput 0.00 Mbps
UE 2cf9: ulsch_rounds 1397/0/0/0, ulsch_errors 0, ulsch_DTX 0, BLER 0.00000 MCS (0) 0 (Qm 2 deltaMCS 0 dB) NPRB 5 SNR 22.3 (+2.3) dB CCE fail 0, goodput 0.00 Mbps
UE 2cf9: LCID 1: TX            522 RX            281 bytes
UE 2cf9: LCID 2: TX              0 RX              0 bytes
UE 2cf9: LCID 4: TX              6 RX            110 bytes

[0m[NR_MAC] Frame.Slot 768.0
UE RNTI 2cf9 CU-UE-ID 1 in-sync PH 48 dB PCMAX 20 dBm, average RSRP -43 (16 meas)
UE 2cf9: dlsch_rounds 153/0/0/0, dlsch_errors 0, pucch0_DTX 0 (SNR 21.3+1.3 dB), BLER 0.00000 MCS (0) 0 CCE fail 1, goodput 0.00 Mbps
UE 2cf9: ulsch_rounds 1410/0/0/0, ulsch_errors 0, ulsch_DTX 0, BLER 0.00000 MCS (0) 0 (Qm 2 deltaMCS 0 dB) NPRB 5 SNR 21.9 (+1.9) dB CCE fail 0, goodput 0.00 Mbps
UE 2cf9: LCID 1: TX            522 RX            281 bytes
UE 2cf9: LCID 2: TX              0 RX              0 bytes
UE 2cf9: LCID 4: TX              6 RX            110 bytes

[0m[NR_MAC] Frame.Slot 896.0
UE RNTI 2cf9 CU-UE-ID 1 in-sync PH 48 dB PCMAX 20 dBm, average RSRP -43 (16 meas)
UE 2cf9: dlsch_rounds 154/0/0/0, dlsch_errors 0, pucch0_DTX 0 (SNR 21.3+1.3 dB), BLER 0.00000 MCS (0) 0 CCE fail 1, goodput 0.00 Mbps
UE 2cf9: ulsch_rounds 1423/0/0/0, ulsch_errors 0, ulsch_DTX 0, BLER 0.00000 MCS (0) 0 (Qm 2 deltaMCS 0 dB) NPRB 5 SNR 22.5 (+2.5) dB CCE fail 0, goodput 0.00 Mbps
UE 2cf9: LCID 1: TX            522 RX            281 bytes
UE 2cf9: LCID 2: TX              0 RX              0 bytes
UE 2cf9: LCID 4: TX              6 RX            110 bytes

[0m[NR_MAC] Frame.Slot 0.0
UE RNTI 2cf9 CU-UE-ID 1 in-sync PH 48 dB PCMAX 20 dBm, average RSRP -43 (16 meas)
UE 2cf9: dlsch_rounds 155/0/0/0, dlsch_errors 0, pucch0_DTX 0 (SNR 21.3+1.3 dB), BLER 0.00000 MCS (0) 0 CCE fail 1, goodput 0.00 Mbps
UE 2cf9: ulsch_rounds 1435/0/0/0, ulsch_errors 0, ulsch_DTX 0, BLER 0.00000 MCS (0) 0 (Qm 2 deltaMCS 0 dB) NPRB 5 SNR 22.4 (+2.4) dB CCE fail 0, goodput 0.00 Mbps
UE 2cf9: LCID 1: TX            522 RX            281 bytes
UE 2cf9: LCID 2: TX              0 RX              0 bytes
UE 2cf9: LCID 4: TX              6 RX            110 bytes

[0m[NR_MAC] Frame.Slot 128.0
UE RNTI 2cf9 CU-UE-ID 1 in-sync PH 48 dB PCMAX 20 dBm, average RSRP -43 (16 meas)
UE 2cf9: dlsch_rounds 156/0/0/0, dlsch_errors 0, pucch0_DTX 0 (SNR 21.3+1.3 dB), BLER 0.00000 MCS (0) 0 CCE fail 1, goodput 0.00 Mbps
UE 2cf9: ulsch_rounds 1448/0/0/0, ulsch_errors 0, ulsch_DTX 0, BLER 0.00000 MCS (0) 0 (Qm 2 deltaMCS 0 dB) NPRB 5 SNR 22.0 (+2.0) dB CCE fail 0, goodput 0.00 Mbps
UE 2cf9: LCID 1: TX            522 RX            281 bytes
UE 2cf9: LCID 2: TX              0 RX              0 bytes
UE 2cf9: LCID 4: TX              6 RX            110 bytes

[0m[NR_MAC] Frame.Slot 256.0
UE RNTI 2cf9 CU-UE-ID 1 in-sync PH 48 dB PCMAX 20 dBm, average RSRP -43 (16 meas)
UE 2cf9: dlsch_rounds 158/0/0/0, dlsch_errors 0, pucch0_DTX 0 (SNR 21.3+1.3 dB), BLER 0.00000 MCS (0) 0 CCE fail 1, goodput 0.00 Mbps
UE 2cf9: ulsch_rounds 1461/0/0/0, ulsch_errors 0, ulsch_DTX 0, BLER 0.00000 MCS (0) 0 (Qm 2 deltaMCS 0 dB) NPRB 5 SNR 22.6 (+2.6) dB CCE fail 0, goodput 0.00 Mbps
UE 2cf9: LCID 1: TX            522 RX            281 bytes
UE 2cf9: LCID 2: TX              0 RX              0 bytes
UE 2cf9: LCID 4: TX              6 RX            110 bytes

[0m[NR_MAC] Frame.Slot 384.0
UE RNTI 2cf9 CU-UE-ID 1 in-sync PH 48 dB PCMAX 20 dBm, average RSRP -43 (16 meas)
UE 2cf9: dlsch_rounds 159/0/0/0, dlsch_errors 0, pucch0_DTX 0 (SNR 21.3+1.3 dB), BLER 0.00000 MCS (0) 0 CCE fail 1, goodput 0.00 Mbps
UE 2cf9: ulsch_rounds 1474/0/0/0, ulsch_errors 0, ulsch_DTX 0, BLER 0.00000 MCS (0) 0 (Qm 2 deltaMCS 0 dB) NPRB 5 SNR 22.1 (+2.1) dB CCE fail 0, goodput 0.00 Mbps
UE 2cf9: LCID 1: TX            522 RX            281 bytes
UE 2cf9: LCID 2: TX              0 RX              0 bytes
UE 2cf9: LCID 4: TX              6 RX            110 bytes

[0m[NR_MAC] Frame.Slot 512.0
UE RNTI 2cf9 CU-UE-ID 1 in-sync PH 48 dB PCMAX 20 dBm, average RSRP -43 (16 meas)
UE 2cf9: dlsch_rounds 160/0/0/0, dlsch_errors 0, pucch0_DTX 0 (SNR 21.3+1.3 dB), BLER 0.00000 MCS (0) 0 CCE fail 1, goodput 0.00 Mbps
UE 2cf9: ulsch_rounds 1487/0/0/0, ulsch_errors 0, ulsch_DTX 0, BLER 0.00000 MCS (0) 0 (Qm 2 deltaMCS 0 dB) NPRB 5 SNR 21.8 (+1.8) dB CCE fail 0, goodput 0.00 Mbps
UE 2cf9: LCID 1: TX            522 RX            281 bytes
UE 2cf9: LCID 2: TX              0 RX              0 bytes
UE 2cf9: LCID 4: TX              6 RX            110 bytes

[0m[NR_MAC] Frame.Slot 640.0
UE RNTI 2cf9 CU-UE-ID 1 in-sync PH 48 dB PCMAX 20 dBm, average RSRP -43 (16 meas)
UE 2cf9: dlsch_rounds 162/0/0/0, dlsch_errors 0, pucch0_DTX 0 (SNR 21.3+1.3 dB), BLER 0.00000 MCS (0) 0 CCE fail 1, goodput 0.00 Mbps
UE 2cf9: ulsch_rounds 1499/0/0/0, ulsch_errors 0, ulsch_DTX 0, BLER 0.00000 MCS (0) 0 (Qm 2 deltaMCS 0 dB) NPRB 5 SNR 22.6 (+2.6) dB CCE fail 0, goodput 0.00 Mbps
UE 2cf9: LCID 1: TX            522 RX            281 bytes
UE 2cf9: LCID 2: TX              0 RX              0 bytes
UE 2cf9: LCID 4: TX              6 RX            110 bytes

[0m[NR_MAC] Frame.Slot 768.0
UE RNTI 2cf9 CU-UE-ID 1 in-sync PH 48 dB PCMAX 20 dBm, average RSRP -43 (16 meas)
UE 2cf9: dlsch_rounds 163/0/0/0, dlsch_errors 0, pucch0_DTX 0 (SNR 21.3+1.3 dB), BLER 0.00000 MCS (0) 0 CCE fail 1, goodput 0.00 Mbps
UE 2cf9: ulsch_rounds 1512/0/0/0, ulsch_errors 0, ulsch_DTX 0, BLER 0.00000 MCS (0) 0 (Qm 2 deltaMCS 0 dB) NPRB 5 SNR 22.2 (+2.2) dB CCE fail 0, goodput 0.00 Mbps
UE 2cf9: LCID 1: TX            522 RX            281 bytes
UE 2cf9: LCID 2: TX              0 RX              0 bytes
UE 2cf9: LCID 4: TX              6 RX            110 bytes

[0m[NR_MAC] Frame.Slot 896.0
UE RNTI 2cf9 CU-UE-ID 1 in-sync PH 48 dB PCMAX 20 dBm, average RSRP -43 (16 meas)
UE 2cf9: dlsch_rounds 164/0/0/0, dlsch_errors 0, pucch0_DTX 0 (SNR 21.3+1.3 dB), BLER 0.00000 MCS (0) 0 CCE fail 1, goodput 0.00 Mbps
UE 2cf9: ulsch_rounds 1525/0/0/0, ulsch_errors 0, ulsch_DTX 0, BLER 0.00000 MCS (0) 0 (Qm 2 deltaMCS 0 dB) NPRB 5 SNR 21.8 (+1.8) dB CCE fail 0, goodput 0.00 Mbps
UE 2cf9: LCID 1: TX            522 RX            281 bytes
UE 2cf9: LCID 2: TX              0 RX              0 bytes
UE 2cf9: LCID 4: TX              6 RX            110 bytes

[0m[NR_MAC] Frame.Slot 0.0
UE RNTI 2cf9 CU-UE-ID 1 in-sync PH 48 dB PCMAX 20 dBm, average RSRP -43 (16 meas)
UE 2cf9: dlsch_rounds 165/0/0/0, dlsch_errors 0, pucch0_DTX 0 (SNR 21.3+1.3 dB), BLER 0.00000 MCS (0) 0 CCE fail 1, goodput 0.00 Mbps
UE 2cf9: ulsch_rounds 1538/0/0/0, ulsch_errors 0, ulsch_DTX 0, BLER 0.00000 MCS (0) 0 (Qm 2 deltaMCS 0 dB) NPRB 5 SNR 22.3 (+2.3) dB CCE fail 0, goodput 0.00 Mbps
UE 2cf9: LCID 1: TX            522 RX            281 bytes
UE 2cf9: LCID 2: TX              0 RX              0 bytes
UE 2cf9: LCID 4: TX              6 RX            110 bytes

[0m[NR_MAC] Frame.Slot 128.0
UE RNTI 2cf9 CU-UE-ID 1 in-sync PH 48 dB PCMAX 20 dBm, average RSRP -43 (16 meas)
UE 2cf9: dlsch_rounds 167/0/0/0, dlsch_errors 0, pucch0_DTX 0 (SNR 21.3+1.3 dB), BLER 0.00000 MCS (0) 0 CCE fail 1, goodput 0.00 Mbps
UE 2cf9: ulsch_rounds 1551/0/0/0, ulsch_errors 0, ulsch_DTX 0, BLER 0.00000 MCS (0) 0 (Qm 2 deltaMCS 0 dB) NPRB 5 SNR 22.0 (+2.0) dB CCE fail 0, goodput 0.00 Mbps
UE 2cf9: LCID 1: TX            522 RX            281 bytes
UE 2cf9: LCID 2: TX              0 RX              0 bytes
UE 2cf9: LCID 4: TX              6 RX            110 bytes

[0m[NR_MAC] Frame.Slot 256.0
UE RNTI 2cf9 CU-UE-ID 1 in-sync PH 48 dB PCMAX 20 dBm, average RSRP -43 (16 meas)
UE 2cf9: dlsch_rounds 168/0/0/0, dlsch_errors 0, pucch0_DTX 0 (SNR 21.3+1.3 dB), BLER 0.00000 MCS (0) 0 CCE fail 1, goodput 0.00 Mbps
UE 2cf9: ulsch_rounds 1563/0/0/0, ulsch_errors 0, ulsch_DTX 0, BLER 0.00000 MCS (0) 0 (Qm 2 deltaMCS 0 dB) NPRB 5 SNR 21.8 (+1.8) dB CCE fail 0, goodput 0.00 Mbps
UE 2cf9: LCID 1: TX            522 RX            281 bytes
UE 2cf9: LCID 2: TX              0 RX              0 bytes
UE 2cf9: LCID 4: TX              6 RX            110 bytes

[0m[NR_MAC] Frame.Slot 384.0
UE RNTI 2cf9 CU-UE-ID 1 in-sync PH 48 dB PCMAX 20 dBm, average RSRP -43 (16 meas)
UE 2cf9: dlsch_rounds 169/0/0/0, dlsch_errors 0, pucch0_DTX 0 (SNR 21.3+1.3 dB), BLER 0.00000 MCS (0) 0 CCE fail 1, goodput 0.00 Mbps
UE 2cf9: ulsch_rounds 1576/0/0/0, ulsch_errors 0, ulsch_DTX 0, BLER 0.00000 MCS (0) 0 (Qm 2 deltaMCS 0 dB) NPRB 5 SNR 22.4 (+2.4) dB CCE fail 0, goodput 0.00 Mbps
UE 2cf9: LCID 1: TX            522 RX            281 bytes
UE 2cf9: LCID 2: TX              0 RX              0 bytes
UE 2cf9: LCID 4: TX              6 RX            110 bytes

[0m[NR_MAC] Frame.Slot 512.0
UE RNTI 2cf9 CU-UE-ID 1 in-sync PH 48 dB PCMAX 20 dBm, average RSRP -43 (16 meas)
UE 2cf9: dlsch_rounds 171/0/0/0, dlsch_errors 0, pucch0_DTX 0 (SNR 21.3+1.3 dB), BLER 0.00000 MCS (0) 0 CCE fail 1, goodput 0.00 Mbps
UE 2cf9: ulsch_rounds 1589/0/0/0, ulsch_errors 0, ulsch_DTX 0, BLER 0.00000 MCS (0) 0 (Qm 2 deltaMCS 0 dB) NPRB 5 SNR 22.0 (+2.0) dB CCE fail 0, goodput 0.00 Mbps
UE 2cf9: LCID 1: TX            522 RX            281 bytes
UE 2cf9: LCID 2: TX              0 RX              0 bytes
UE 2cf9: LCID 4: TX              6 RX            110 bytes

[0m[NR_MAC] Frame.Slot 640.0
UE RNTI 2cf9 CU-UE-ID 1 in-sync PH 48 dB PCMAX 20 dBm, average RSRP -43 (16 meas)
UE 2cf9: dlsch_rounds 172/0/0/0, dlsch_errors 0, pucch0_DTX 0 (SNR 21.3+1.3 dB), BLER 0.00000 MCS (0) 0 CCE fail 1, goodput 0.00 Mbps
UE 2cf9: ulsch_rounds 1602/0/0/0, ulsch_errors 0, ulsch_DTX 0, BLER 0.00000 MCS (0) 0 (Qm 2 deltaMCS 0 dB) NPRB 5 SNR 22.6 (+2.6) dB CCE fail 0, goodput 0.00 Mbps
UE 2cf9: LCID 1: TX            522 RX            281 bytes
UE 2cf9: LCID 2: TX              0 RX              0 bytes
UE 2cf9: LCID 4: TX              6 RX            110 bytes

[0m[NR_MAC] Frame.Slot 768.0
UE RNTI 2cf9 CU-UE-ID 1 in-sync PH 48 dB PCMAX 20 dBm, average RSRP -43 (16 meas)
UE 2cf9: dlsch_rounds 173/0/0/0, dlsch_errors 0, pucch0_DTX 0 (SNR 21.3+1.3 dB), BLER 0.00000 MCS (0) 0 CCE fail 1, goodput 0.00 Mbps
UE 2cf9: ulsch_rounds 1615/0/0/0, ulsch_errors 0, ulsch_DTX 0, BLER 0.00000 MCS (0) 0 (Qm 2 deltaMCS 0 dB) NPRB 5 SNR 22.2 (+2.2) dB CCE fail 0, goodput 0.00 Mbps
UE 2cf9: LCID 1: TX            522 RX            281 bytes
UE 2cf9: LCID 2: TX              0 RX              0 bytes
UE 2cf9: LCID 4: TX              6 RX            110 bytes

[0m[NR_MAC] Frame.Slot 896.0
UE RNTI 2cf9 CU-UE-ID 1 in-sync PH 48 dB PCMAX 20 dBm, average RSRP -43 (16 meas)
UE 2cf9: dlsch_rounds 174/0/0/0, dlsch_errors 0, pucch0_DTX 0 (SNR 21.3+1.3 dB), BLER 0.00000 MCS (0) 0 CCE fail 1, goodput 0.00 Mbps
UE 2cf9: ulsch_rounds 1627/0/0/0, ulsch_errors 0, ulsch_DTX 0, BLER 0.00000 MCS (0) 0 (Qm 2 deltaMCS 0 dB) NPRB 5 SNR 22.0 (+2.0) dB CCE fail 0, goodput 0.00 Mbps
UE 2cf9: LCID 1: TX            522 RX            281 bytes
UE 2cf9: LCID 2: TX              0 RX              0 bytes
UE 2cf9: LCID 4: TX              6 RX            110 bytes

[0m[NR_MAC] Frame.Slot 0.0
UE RNTI 2cf9 CU-UE-ID 1 in-sync PH 48 dB PCMAX 20 dBm, average RSRP -43 (16 meas)
UE 2cf9: dlsch_rounds 176/0/0/0, dlsch_errors 0, pucch0_DTX 0 (SNR 21.3+1.3 dB), BLER 0.00000 MCS (0) 0 CCE fail 1, goodput 0.00 Mbps
UE 2cf9: ulsch_rounds 1640/0/0/0, ulsch_errors 0, ulsch_DTX 0, BLER 0.00000 MCS (0) 0 (Qm 2 deltaMCS 0 dB) NPRB 5 SNR 22.6 (+2.6) dB CCE fail 0, goodput 0.00 Mbps
UE 2cf9: LCID 1: TX            522 RX            281 bytes
UE 2cf9: LCID 2: TX              0 RX              0 bytes
UE 2cf9: LCID 4: TX              6 RX            110 bytes

[0m[NR_MAC] Frame.Slot 128.0
UE RNTI 2cf9 CU-UE-ID 1 in-sync PH 48 dB PCMAX 20 dBm, average RSRP -43 (16 meas)
UE 2cf9: dlsch_rounds 177/0/0/0, dlsch_errors 0, pucch0_DTX 0 (SNR 21.3+1.3 dB), BLER 0.00000 MCS (0) 0 CCE fail 1, goodput 0.00 Mbps
UE 2cf9: ulsch_rounds 1653/0/0/0, ulsch_errors 0, ulsch_DTX 0, BLER 0.00000 MCS (0) 0 (Qm 2 deltaMCS 0 dB) NPRB 5 SNR 22.2 (+2.2) dB CCE fail 0, goodput 0.00 Mbps
UE 2cf9: LCID 1: TX            522 RX            281 bytes
UE 2cf9: LCID 2: TX              0 RX              0 bytes
UE 2cf9: LCID 4: TX              6 RX            110 bytes

[0m[NR_MAC] Frame.Slot 256.0
UE RNTI 2cf9 CU-UE-ID 1 in-sync PH 48 dB PCMAX 20 dBm, average RSRP -43 (16 meas)
UE 2cf9: dlsch_rounds 178/0/0/0, dlsch_errors 0, pucch0_DTX 0 (SNR 21.3+1.3 dB), BLER 0.00000 MCS (0) 0 CCE fail 1, goodput 0.00 Mbps
UE 2cf9: ulsch_rounds 1666/0/0/0, ulsch_errors 0, ulsch_DTX 0, BLER 0.00000 MCS (0) 0 (Qm 2 deltaMCS 0 dB) NPRB 5 SNR 21.8 (+1.8) dB CCE fail 0, goodput 0.00 Mbps
UE 2cf9: LCID 1: TX            522 RX            281 bytes
UE 2cf9: LCID 2: TX              0 RX              0 bytes
UE 2cf9: LCID 4: TX              6 RX            110 bytes

[0m[NR_MAC] Frame.Slot 384.0
UE RNTI 2cf9 CU-UE-ID 1 in-sync PH 48 dB PCMAX 20 dBm, average RSRP -43 (16 meas)
UE 2cf9: dlsch_rounds 179/0/0/0, dlsch_errors 0, pucch0_DTX 0 (SNR 21.3+1.3 dB), BLER 0.00000 MCS (0) 0 CCE fail 1, goodput 0.00 Mbps
UE 2cf9: ulsch_rounds 1679/0/0/0, ulsch_errors 0, ulsch_DTX 0, BLER 0.00000 MCS (0) 0 (Qm 2 deltaMCS 0 dB) NPRB 5 SNR 22.4 (+2.4) dB CCE fail 0, goodput 0.00 Mbps
UE 2cf9: LCID 1: TX            522 RX            281 bytes
UE 2cf9: LCID 2: TX              0 RX              0 bytes
UE 2cf9: LCID 4: TX              6 RX            110 bytes

[0m[NR_MAC] Frame.Slot 512.0
UE RNTI 2cf9 CU-UE-ID 1 in-sync PH 48 dB PCMAX 20 dBm, average RSRP -43 (16 meas)
UE 2cf9: dlsch_rounds 181/0/0/0, dlsch_errors 0, pucch0_DTX 0 (SNR 21.3+1.3 dB), BLER 0.00000 MCS (0) 0 CCE fail 1, goodput 0.00 Mbps
UE 2cf9: ulsch_rounds 1691/0/0/0, ulsch_errors 0, ulsch_DTX 0, BLER 0.00000 MCS (0) 0 (Qm 2 deltaMCS 0 dB) NPRB 5 SNR 22.2 (+2.2) dB CCE fail 0, goodput 0.00 Mbps
UE 2cf9: LCID 1: TX            522 RX            281 bytes
UE 2cf9: LCID 2: TX              0 RX              0 bytes
UE 2cf9: LCID 4: TX              6 RX            110 bytes

[0m[NR_MAC] Frame.Slot 640.0
UE RNTI 2cf9 CU-UE-ID 1 in-sync PH 48 dB PCMAX 20 dBm, average RSRP -43 (16 meas)
UE 2cf9: dlsch_rounds 182/0/0/0, dlsch_errors 0, pucch0_DTX 0 (SNR 21.3+1.3 dB), BLER 0.00000 MCS (0) 0 CCE fail 1, goodput 0.00 Mbps
UE 2cf9: ulsch_rounds 1704/0/0/0, ulsch_errors 0, ulsch_DTX 0, BLER 0.00000 MCS (0) 0 (Qm 2 deltaMCS 0 dB) NPRB 5 SNR 21.8 (+1.8) dB CCE fail 0, goodput 0.00 Mbps
UE 2cf9: LCID 1: TX            522 RX            281 bytes
UE 2cf9: LCID 2: TX              0 RX              0 bytes
UE 2cf9: LCID 4: TX              6 RX            110 bytes

[0m[NR_MAC] Frame.Slot 768.0
UE RNTI 2cf9 CU-UE-ID 1 in-sync PH 48 dB PCMAX 20 dBm, average RSRP -43 (16 meas)
UE 2cf9: dlsch_rounds 183/0/0/0, dlsch_errors 0, pucch0_DTX 0 (SNR 21.3+1.3 dB), BLER 0.00000 MCS (0) 0 CCE fail 1, goodput 0.00 Mbps
UE 2cf9: ulsch_rounds 1717/0/0/0, ulsch_errors 0, ulsch_DTX 0, BLER 0.00000 MCS (0) 0 (Qm 2 deltaMCS 0 dB) NPRB 5 SNR 22.4 (+2.4) dB CCE fail 0, goodput 0.00 Mbps
UE 2cf9: LCID 1: TX            522 RX            281 bytes
UE 2cf9: LCID 2: TX              0 RX              0 bytes
UE 2cf9: LCID 4: TX              6 RX            110 bytes

[0m[NR_MAC] Frame.Slot 896.0
UE RNTI 2cf9 CU-UE-ID 1 in-sync PH 48 dB PCMAX 20 dBm, average RSRP -43 (16 meas)
UE 2cf9: dlsch_rounds 185/0/0/0, dlsch_errors 0, pucch0_DTX 0 (SNR 21.3+1.3 dB), BLER 0.00000 MCS (0) 0 CCE fail 1, goodput 0.00 Mbps
UE 2cf9: ulsch_rounds 1730/0/0/0, ulsch_errors 0, ulsch_DTX 0, BLER 0.00000 MCS (0) 0 (Qm 2 deltaMCS 0 dB) NPRB 5 SNR 22.0 (+2.0) dB CCE fail 0, goodput 0.00 Mbps
UE 2cf9: LCID 1: TX            522 RX            281 bytes
UE 2cf9: LCID 2: TX              0 RX              0 bytes
UE 2cf9: LCID 4: TX              6 RX            110 bytes

[0m[NR_MAC] Frame.Slot 0.0
UE RNTI 2cf9 CU-UE-ID 1 in-sync PH 48 dB PCMAX 20 dBm, average RSRP -43 (16 meas)
UE 2cf9: dlsch_rounds 186/0/0/0, dlsch_errors 0, pucch0_DTX 0 (SNR 21.3+1.3 dB), BLER 0.00000 MCS (0) 0 CCE fail 1, goodput 0.00 Mbps
UE 2cf9: ulsch_rounds 1743/0/0/0, ulsch_errors 0, ulsch_DTX 0, BLER 0.00000 MCS (0) 0 (Qm 2 deltaMCS 0 dB) NPRB 5 SNR 22.6 (+2.6) dB CCE fail 0, goodput 0.00 Mbps
UE 2cf9: LCID 1: TX            522 RX            281 bytes
UE 2cf9: LCID 2: TX              0 RX              0 bytes
UE 2cf9: LCID 4: TX              6 RX            110 bytes

[0m[NR_MAC] Frame.Slot 128.0
UE RNTI 2cf9 CU-UE-ID 1 in-sync PH 48 dB PCMAX 20 dBm, average RSRP -43 (16 meas)
UE 2cf9: dlsch_rounds 187/0/0/0, dlsch_errors 0, pucch0_DTX 0 (SNR 21.3+1.3 dB), BLER 0.00000 MCS (0) 0 CCE fail 1, goodput 0.00 Mbps
UE 2cf9: ulsch_rounds 1755/0/0/0, ulsch_errors 0, ulsch_DTX 0, BLER 0.00000 MCS (0) 0 (Qm 2 deltaMCS 0 dB) NPRB 5 SNR 22.4 (+2.4) dB CCE fail 0, goodput 0.00 Mbps
UE 2cf9: LCID 1: TX            522 RX            281 bytes
UE 2cf9: LCID 2: TX              0 RX              0 bytes
UE 2cf9: LCID 4: TX              6 RX            110 bytes

[0m[NR_MAC] Frame.Slot 256.0
UE RNTI 2cf9 CU-UE-ID 1 in-sync PH 48 dB PCMAX 20 dBm, average RSRP -43 (16 meas)
UE 2cf9: dlsch_rounds 188/0/0/0, dlsch_errors 0, pucch0_DTX 0 (SNR 21.3+1.3 dB), BLER 0.00000 MCS (0) 0 CCE fail 1, goodput 0.00 Mbps
UE 2cf9: ulsch_rounds 1768/0/0/0, ulsch_errors 0, ulsch_DTX 0, BLER 0.00000 MCS (0) 0 (Qm 2 deltaMCS 0 dB) NPRB 5 SNR 22.0 (+2.0) dB CCE fail 0, goodput 0.00 Mbps
UE 2cf9: LCID 1: TX            522 RX            281 bytes
UE 2cf9: LCID 2: TX              0 RX              0 bytes
UE 2cf9: LCID 4: TX              6 RX            110 bytes

[0m[NR_MAC] Frame.Slot 384.0
UE RNTI 2cf9 CU-UE-ID 1 in-sync PH 48 dB PCMAX 20 dBm, average RSRP -43 (16 meas)
UE 2cf9: dlsch_rounds 190/0/0/0, dlsch_errors 0, pucch0_DTX 0 (SNR 21.3+1.3 dB), BLER 0.00000 MCS (0) 0 CCE fail 1, goodput 0.00 Mbps
UE 2cf9: ulsch_rounds 1781/0/0/0, ulsch_errors 0, ulsch_DTX 0, BLER 0.00000 MCS (0) 0 (Qm 2 deltaMCS 0 dB) NPRB 5 SNR 22.6 (+2.6) dB CCE fail 0, goodput 0.00 Mbps
UE 2cf9: LCID 1: TX            522 RX            281 bytes
UE 2cf9: LCID 2: TX              0 RX              0 bytes
UE 2cf9: LCID 4: TX              6 RX            110 bytes

[0m[NR_MAC] Frame.Slot 512.0
UE RNTI 2cf9 CU-UE-ID 1 in-sync PH 48 dB PCMAX 20 dBm, average RSRP -43 (16 meas)
UE 2cf9: dlsch_rounds 191/0/0/0, dlsch_errors 0, pucch0_DTX 0 (SNR 21.3+1.3 dB), BLER 0.00000 MCS (0) 0 CCE fail 1, goodput 0.00 Mbps
UE 2cf9: ulsch_rounds 1794/0/0/0, ulsch_errors 0, ulsch_DTX 0, BLER 0.00000 MCS (0) 0 (Qm 2 deltaMCS 0 dB) NPRB 5 SNR 22.2 (+2.2) dB CCE fail 0, goodput 0.00 Mbps
UE 2cf9: LCID 1: TX            522 RX            281 bytes
UE 2cf9: LCID 2: TX              0 RX              0 bytes
UE 2cf9: LCID 4: TX              6 RX            110 bytes

[0m[NR_MAC] Frame.Slot 640.0
UE RNTI 2cf9 CU-UE-ID 1 in-sync PH 48 dB PCMAX 20 dBm, average RSRP -43 (16 meas)
UE 2cf9: dlsch_rounds 192/0/0/0, dlsch_errors 0, pucch0_DTX 0 (SNR 21.3+1.3 dB), BLER 0.00000 MCS (0) 0 CCE fail 1, goodput 0.00 Mbps
UE 2cf9: ulsch_rounds 1807/0/0/0, ulsch_errors 0, ulsch_DTX 0, BLER 0.00000 MCS (0) 0 (Qm 2 deltaMCS 0 dB) NPRB 5 SNR 21.8 (+1.8) dB CCE fail 0, goodput 0.00 Mbps
UE 2cf9: LCID 1: TX            522 RX            281 bytes
UE 2cf9: LCID 2: TX              0 RX              0 bytes
UE 2cf9: LCID 4: TX              6 RX            110 bytes

[0m[NR_MAC] Frame.Slot 768.0
UE RNTI 2cf9 CU-UE-ID 1 in-sync PH 48 dB PCMAX 20 dBm, average RSRP -43 (16 meas)
UE 2cf9: dlsch_rounds 194/0/0/0, dlsch_errors 0, pucch0_DTX 0 (SNR 21.3+1.3 dB), BLER 0.00000 MCS (0) 0 CCE fail 1, goodput 0.00 Mbps
UE 2cf9: ulsch_rounds 1819/0/0/0, ulsch_errors 0, ulsch_DTX 0, BLER 0.00000 MCS (0) 0 (Qm 2 deltaMCS 0 dB) NPRB 5 SNR 22.7 (+2.7) dB CCE fail 0, goodput 0.00 Mbps
UE 2cf9: LCID 1: TX            522 RX            281 bytes
UE 2cf9: LCID 2: TX              0 RX              0 bytes
UE 2cf9: LCID 4: TX              6 RX            110 bytes

[0m[NR_MAC] Frame.Slot 896.0
UE RNTI 2cf9 CU-UE-ID 1 in-sync PH 48 dB PCMAX 20 dBm, average RSRP -43 (16 meas)
UE 2cf9: dlsch_rounds 195/0/0/0, dlsch_errors 0, pucch0_DTX 0 (SNR 21.3+1.3 dB), BLER 0.00000 MCS (0) 0 CCE fail 1, goodput 0.00 Mbps
UE 2cf9: ulsch_rounds 1832/0/0/0, ulsch_errors 0, ulsch_DTX 0, BLER 0.00000 MCS (0) 0 (Qm 2 deltaMCS 0 dB) NPRB 5 SNR 22.3 (+2.3) dB CCE fail 0, goodput 0.00 Mbps
UE 2cf9: LCID 1: TX            522 RX            281 bytes
UE 2cf9: LCID 2: TX              0 RX              0 bytes
UE 2cf9: LCID 4: TX              6 RX            110 bytes

[0m[NR_MAC] Frame.Slot 0.0
UE RNTI 2cf9 CU-UE-ID 1 in-sync PH 48 dB PCMAX 20 dBm, average RSRP -43 (16 meas)
UE 2cf9: dlsch_rounds 196/0/0/0, dlsch_errors 0, pucch0_DTX 0 (SNR 21.3+1.3 dB), BLER 0.00000 MCS (0) 0 CCE fail 1, goodput 0.00 Mbps
UE 2cf9: ulsch_rounds 1845/0/0/0, ulsch_errors 0, ulsch_DTX 0, BLER 0.00000 MCS (0) 0 (Qm 2 deltaMCS 0 dB) NPRB 5 SNR 21.8 (+1.8) dB CCE fail 0, goodput 0.00 Mbps
UE 2cf9: LCID 1: TX            522 RX            281 bytes
UE 2cf9: LCID 2: TX              0 RX              0 bytes
UE 2cf9: LCID 4: TX              6 RX            110 bytes

[0m[NR_MAC] Frame.Slot 128.0
UE RNTI 2cf9 CU-UE-ID 1 in-sync PH 48 dB PCMAX 20 dBm, average RSRP -43 (16 meas)
UE 2cf9: dlsch_rounds 197/0/0/0, dlsch_errors 0, pucch0_DTX 0 (SNR 21.3+1.3 dB), BLER 0.00000 MCS (0) 0 CCE fail 1, goodput 0.00 Mbps
UE 2cf9: ulsch_rounds 1858/0/0/0, ulsch_errors 0, ulsch_DTX 0, BLER 0.00000 MCS (0) 0 (Qm 2 deltaMCS 0 dB) NPRB 5 SNR 22.4 (+2.4) dB CCE fail 0, goodput 0.00 Mbps
UE 2cf9: LCID 1: TX            522 RX            281 bytes
UE 2cf9: LCID 2: TX              0 RX              0 bytes
UE 2cf9: LCID 4: TX              6 RX            110 bytes

[0m[NR_MAC] Frame.Slot 256.0
UE RNTI 2cf9 CU-UE-ID 1 in-sync PH 48 dB PCMAX 20 dBm, average RSRP -43 (16 meas)
UE 2cf9: dlsch_rounds 199/0/0/0, dlsch_errors 0, pucch0_DTX 0 (SNR 21.3+1.3 dB), BLER 0.00000 MCS (0) 0 CCE fail 1, goodput 0.00 Mbps
UE 2cf9: ulsch_rounds 1871/0/0/0, ulsch_errors 0, ulsch_DTX 0, BLER 0.00000 MCS (0) 0 (Qm 2 deltaMCS 0 dB) NPRB 5 SNR 22.0 (+2.0) dB CCE fail 0, goodput 0.00 Mbps
UE 2cf9: LCID 1: TX            522 RX            281 bytes
UE 2cf9: LCID 2: TX              0 RX              0 bytes
UE 2cf9: LCID 4: TX              6 RX            110 bytes

[0m[NR_MAC] Frame.Slot 384.0
UE RNTI 2cf9 CU-UE-ID 1 in-sync PH 48 dB PCMAX 20 dBm, average RSRP -43 (16 meas)
UE 2cf9: dlsch_rounds 200/0/0/0, dlsch_errors 0, pucch0_DTX 0 (SNR 21.3+1.3 dB), BLER 0.00000 MCS (0) 0 CCE fail 1, goodput 0.00 Mbps
UE 2cf9: ulsch_rounds 1883/0/0/0, ulsch_errors 0, ulsch_DTX 0, BLER 0.00000 MCS (0) 0 (Qm 2 deltaMCS 0 dB) NPRB 5 SNR 21.9 (+1.9) dB CCE fail 0, goodput 0.00 Mbps
UE 2cf9: LCID 1: TX            522 RX            281 bytes
UE 2cf9: LCID 2: TX              0 RX              0 bytes
UE 2cf9: LCID 4: TX              6 RX            110 bytes

[0m[NR_MAC] Frame.Slot 512.0
UE RNTI 2cf9 CU-UE-ID 1 in-sync PH 48 dB PCMAX 20 dBm, average RSRP -43 (16 meas)
UE 2cf9: dlsch_rounds 201/0/0/0, dlsch_errors 0, pucch0_DTX 0 (SNR 21.3+1.3 dB), BLER 0.00000 MCS (0) 0 CCE fail 1, goodput 0.00 Mbps
UE 2cf9: ulsch_rounds 1896/0/0/0, ulsch_errors 0, ulsch_DTX 0, BLER 0.00000 MCS (0) 0 (Qm 2 deltaMCS 0 dB) NPRB 5 SNR 22.5 (+2.5) dB CCE fail 0, goodput 0.00 Mbps
UE 2cf9: LCID 1: TX            522 RX            281 bytes
UE 2cf9: LCID 2: TX              0 RX              0 bytes
UE 2cf9: LCID 4: TX              6 RX            110 bytes

[0m[NR_MAC] Frame.Slot 640.0
UE RNTI 2cf9 CU-UE-ID 1 in-sync PH 48 dB PCMAX 20 dBm, average RSRP -43 (16 meas)
UE 2cf9: dlsch_rounds 204/0/0/0, dlsch_errors 0, pucch0_DTX 0 (SNR 21.3+1.3 dB), BLER 0.00000 MCS (0) 0 CCE fail 1, goodput 0.00 Mbps
UE 2cf9: ulsch_rounds 1914/0/0/0, ulsch_errors 0, ulsch_DTX 0, BLER 0.00000 MCS (0) 0 (Qm 2 deltaMCS 0 dB) NPRB 5 SNR 22.4 (+2.4) dB CCE fail 0, goodput 0.00 Mbps
UE 2cf9: LCID 1: TX            522 RX            281 bytes
UE 2cf9: LCID 2: TX              0 RX              0 bytes
UE 2cf9: LCID 4: TX              9 RX            165 bytes

[0m[NR_MAC] Frame.Slot 768.0
UE RNTI 2cf9 CU-UE-ID 1 in-sync PH 48 dB PCMAX 20 dBm, average RSRP -43 (16 meas)
UE 2cf9: dlsch_rounds 205/0/0/0, dlsch_errors 0, pucch0_DTX 0 (SNR 21.3+1.3 dB), BLER 0.00000 MCS (0) 0 CCE fail 1, goodput 0.00 Mbps
UE 2cf9: ulsch_rounds 1927/0/0/0, ulsch_errors 0, ulsch_DTX 0, BLER 0.00000 MCS (0) 0 (Qm 2 deltaMCS 0 dB) NPRB 5 SNR 22.0 (+2.0) dB CCE fail 0, goodput 0.00 Mbps
UE 2cf9: LCID 1: TX            522 RX            281 bytes
UE 2cf9: LCID 2: TX              0 RX              0 bytes
UE 2cf9: LCID 4: TX              9 RX            165 bytes

[0m[NR_MAC] Frame.Slot 896.0
UE RNTI 2cf9 CU-UE-ID 1 in-sync PH 48 dB PCMAX 20 dBm, average RSRP -43 (16 meas)
UE 2cf9: dlsch_rounds 206/0/0/0, dlsch_errors 0, pucch0_DTX 0 (SNR 21.3+1.3 dB), BLER 0.00000 MCS (0) 0 CCE fail 1, goodput 0.00 Mbps
UE 2cf9: ulsch_rounds 1939/0/0/0, ulsch_errors 0, ulsch_DTX 0, BLER 0.00000 MCS (0) 0 (Qm 2 deltaMCS 0 dB) NPRB 5 SNR 21.8 (+1.8) dB CCE fail 0, goodput 0.00 Mbps
UE 2cf9: LCID 1: TX            522 RX            281 bytes
UE 2cf9: LCID 2: TX              0 RX              0 bytes
UE 2cf9: LCID 4: TX              9 RX            165 bytes

[0m[NR_MAC] Frame.Slot 0.0
UE RNTI 2cf9 CU-UE-ID 1 in-sync PH 48 dB PCMAX 20 dBm, average RSRP -43 (16 meas)
UE 2cf9: dlsch_rounds 207/0/0/0, dlsch_errors 0, pucch0_DTX 0 (SNR 21.3+1.3 dB), BLER 0.00000 MCS (0) 0 CCE fail 1, goodput 0.00 Mbps
UE 2cf9: ulsch_rounds 1952/0/0/0, ulsch_errors 0, ulsch_DTX 0, BLER 0.00000 MCS (0) 0 (Qm 2 deltaMCS 0 dB) NPRB 5 SNR 22.4 (+2.4) dB CCE fail 0, goodput 0.00 Mbps
UE 2cf9: LCID 1: TX            522 RX            281 bytes
UE 2cf9: LCID 2: TX              0 RX              0 bytes
UE 2cf9: LCID 4: TX              9 RX            165 bytes

[0m[NR_MAC] Frame.Slot 128.0
UE RNTI 2cf9 CU-UE-ID 1 in-sync PH 48 dB PCMAX 20 dBm, average RSRP -43 (16 meas)
UE 2cf9: dlsch_rounds 209/0/0/0, dlsch_errors 0, pucch0_DTX 0 (SNR 21.3+1.3 dB), BLER 0.00000 MCS (0) 0 CCE fail 1, goodput 0.00 Mbps
UE 2cf9: ulsch_rounds 1965/0/0/0, ulsch_errors 0, ulsch_DTX 0, BLER 0.00000 MCS (0) 0 (Qm 2 deltaMCS 0 dB) NPRB 5 SNR 22.0 (+2.0) dB CCE fail 0, goodput 0.00 Mbps
UE 2cf9: LCID 1: TX            522 RX            281 bytes
UE 2cf9: LCID 2: TX              0 RX              0 bytes
UE 2cf9: LCID 4: TX              9 RX            165 bytes

[0m[NR_MAC] Frame.Slot 256.0
UE RNTI 2cf9 CU-UE-ID 1 in-sync PH 48 dB PCMAX 20 dBm, average RSRP -43 (16 meas)
UE 2cf9: dlsch_rounds 210/0/0/0, dlsch_errors 0, pucch0_DTX 0 (SNR 21.3+1.3 dB), BLER 0.00000 MCS (0) 0 CCE fail 1, goodput 0.00 Mbps
UE 2cf9: ulsch_rounds 1978/0/0/0, ulsch_errors 0, ulsch_DTX 0, BLER 0.00000 MCS (0) 0 (Qm 2 deltaMCS 0 dB) NPRB 5 SNR 22.6 (+2.6) dB CCE fail 0, goodput 0.00 Mbps
UE 2cf9: LCID 1: TX            522 RX            281 bytes
UE 2cf9: LCID 2: TX              0 RX              0 bytes
UE 2cf9: LCID 4: TX              9 RX            165 bytes

[0m[NR_MAC] Frame.Slot 384.0
UE RNTI 2cf9 CU-UE-ID 1 in-sync PH 48 dB PCMAX 20 dBm, average RSRP -43 (16 meas)
UE 2cf9: dlsch_rounds 211/0/0/0, dlsch_errors 0, pucch0_DTX 0 (SNR 21.3+1.3 dB), BLER 0.00000 MCS (0) 0 CCE fail 1, goodput 0.00 Mbps
UE 2cf9: ulsch_rounds 1991/0/0/0, ulsch_errors 0, ulsch_DTX 0, BLER 0.00000 MCS (0) 0 (Qm 2 deltaMCS 0 dB) NPRB 5 SNR 22.2 (+2.2) dB CCE fail 0, goodput 0.00 Mbps
UE 2cf9: LCID 1: TX            522 RX            281 bytes
UE 2cf9: LCID 2: TX              0 RX              0 bytes
UE 2cf9: LCID 4: TX              9 RX            165 bytes

[0m[NR_MAC] Frame.Slot 512.0
UE RNTI 2cf9 CU-UE-ID 1 in-sync PH 48 dB PCMAX 20 dBm, average RSRP -43 (16 meas)
UE 2cf9: dlsch_rounds 212/0/0/0, dlsch_errors 0, pucch0_DTX 0 (SNR 21.3+1.3 dB), BLER 0.00000 MCS (0) 0 CCE fail 1, goodput 0.00 Mbps
UE 2cf9: ulsch_rounds 2003/0/0/0, ulsch_errors 0, ulsch_DTX 0, BLER 0.00000 MCS (0) 0 (Qm 2 deltaMCS 0 dB) NPRB 5 SNR 22.0 (+2.0) dB CCE fail 0, goodput 0.00 Mbps
UE 2cf9: LCID 1: TX            522 RX            281 bytes
UE 2cf9: LCID 2: TX              0 RX              0 bytes
UE 2cf9: LCID 4: TX              9 RX            165 bytes

[0m[NR_MAC] Frame.Slot 640.0
UE RNTI 2cf9 CU-UE-ID 1 in-sync PH 48 dB PCMAX 20 dBm, average RSRP -43 (16 meas)
UE 2cf9: dlsch_rounds 214/0/0/0, dlsch_errors 0, pucch0_DTX 0 (SNR 21.3+1.3 dB), BLER 0.00000 MCS (0) 0 CCE fail 1, goodput 0.00 Mbps
UE 2cf9: ulsch_rounds 2016/0/0/0, ulsch_errors 0, ulsch_DTX 0, BLER 0.00000 MCS (0) 0 (Qm 2 deltaMCS 0 dB) NPRB 5 SNR 22.6 (+2.6) dB CCE fail 0, goodput 0.00 Mbps
UE 2cf9: LCID 1: TX            522 RX            281 bytes
UE 2cf9: LCID 2: TX              0 RX              0 bytes
UE 2cf9: LCID 4: TX              9 RX            165 bytes

[0m[NR_MAC] Frame.Slot 768.0
UE RNTI 2cf9 CU-UE-ID 1 in-sync PH 48 dB PCMAX 20 dBm, average RSRP -43 (16 meas)
UE 2cf9: dlsch_rounds 215/0/0/0, dlsch_errors 0, pucch0_DTX 0 (SNR 21.3+1.3 dB), BLER 0.00000 MCS (0) 0 CCE fail 1, goodput 0.00 Mbps
UE 2cf9: ulsch_rounds 2029/0/0/0, ulsch_errors 0, ulsch_DTX 0, BLER 0.00000 MCS (0) 0 (Qm 2 deltaMCS 0 dB) NPRB 5 SNR 22.2 (+2.2) dB CCE fail 0, goodput 0.00 Mbps
UE 2cf9: LCID 1: TX            522 RX            281 bytes
UE 2cf9: LCID 2: TX              0 RX              0 bytes
UE 2cf9: LCID 4: TX              9 RX            165 bytes

[0m[NR_MAC] Frame.Slot 896.0
UE RNTI 2cf9 CU-UE-ID 1 in-sync PH 48 dB PCMAX 20 dBm, average RSRP -43 (16 meas)
UE 2cf9: dlsch_rounds 216/0/0/0, dlsch_errors 0, pucch0_DTX 0 (SNR 21.3+1.3 dB), BLER 0.00000 MCS (0) 0 CCE fail 1, goodput 0.00 Mbps
UE 2cf9: ulsch_rounds 2042/0/0/0, ulsch_errors 0, ulsch_DTX 0, BLER 0.00000 MCS (0) 0 (Qm 2 deltaMCS 0 dB) NPRB 5 SNR 21.8 (+1.8) dB CCE fail 0, goodput 0.00 Mbps
UE 2cf9: LCID 1: TX            522 RX            281 bytes
UE 2cf9: LCID 2: TX              0 RX              0 bytes
UE 2cf9: LCID 4: TX              9 RX            165 bytes

[0m[NR_MAC] Frame.Slot 0.0
UE RNTI 2cf9 CU-UE-ID 1 in-sync PH 48 dB PCMAX 20 dBm, average RSRP -43 (16 meas)
UE 2cf9: dlsch_rounds 218/0/0/0, dlsch_errors 0, pucch0_DTX 0 (SNR 21.3+1.3 dB), BLER 0.00000 MCS (0) 0 CCE fail 1, goodput 0.00 Mbps
UE 2cf9: ulsch_rounds 2055/0/0/0, ulsch_errors 0, ulsch_DTX 0, BLER 0.00000 MCS (0) 0 (Qm 2 deltaMCS 0 dB) NPRB 5 SNR 22.4 (+2.4) dB CCE fail 0, goodput 0.00 Mbps
UE 2cf9: LCID 1: TX            522 RX            281 bytes
UE 2cf9: LCID 2: TX              0 RX              0 bytes
UE 2cf9: LCID 4: TX              9 RX            165 bytes

[0m[NR_MAC] Frame.Slot 128.0
UE RNTI 2cf9 CU-UE-ID 1 in-sync PH 48 dB PCMAX 20 dBm, average RSRP -43 (16 meas)
UE 2cf9: dlsch_rounds 219/0/0/0, dlsch_errors 0, pucch0_DTX 0 (SNR 21.3+1.3 dB), BLER 0.00000 MCS (0) 0 CCE fail 1, goodput 0.00 Mbps
UE 2cf9: ulsch_rounds 2067/0/0/0, ulsch_errors 0, ulsch_DTX 0, BLER 0.00000 MCS (0) 0 (Qm 2 deltaMCS 0 dB) NPRB 5 SNR 22.3 (+2.3) dB CCE fail 0, goodput 0.00 Mbps
UE 2cf9: LCID 1: TX            522 RX            281 bytes
UE 2cf9: LCID 2: TX              0 RX              0 bytes
UE 2cf9: LCID 4: TX              9 RX            165 bytes

[0m[NR_MAC] Frame.Slot 256.0
UE RNTI 2cf9 CU-UE-ID 1 in-sync PH 48 dB PCMAX 20 dBm, average RSRP -43 (16 meas)
UE 2cf9: dlsch_rounds 220/0/0/0, dlsch_errors 0, pucch0_DTX 0 (SNR 21.3+1.3 dB), BLER 0.00000 MCS (0) 0 CCE fail 1, goodput 0.00 Mbps
UE 2cf9: ulsch_rounds 2080/0/0/0, ulsch_errors 0, ulsch_DTX 0, BLER 0.00000 MCS (0) 0 (Qm 2 deltaMCS 0 dB) NPRB 5 SNR 21.8 (+1.8) dB CCE fail 0, goodput 0.00 Mbps
UE 2cf9: LCID 1: TX            522 RX            281 bytes
UE 2cf9: LCID 2: TX              0 RX              0 bytes
UE 2cf9: LCID 4: TX              9 RX            165 bytes

[0m[NR_MAC] Frame.Slot 384.0
UE RNTI 2cf9 CU-UE-ID 1 in-sync PH 48 dB PCMAX 20 dBm, average RSRP -43 (16 meas)
UE 2cf9: dlsch_rounds 221/0/0/0, dlsch_errors 0, pucch0_DTX 0 (SNR 21.3+1.3 dB), BLER 0.00000 MCS (0) 0 CCE fail 1, goodput 0.00 Mbps
UE 2cf9: ulsch_rounds 2093/0/0/0, ulsch_errors 0, ulsch_DTX 0, BLER 0.00000 MCS (0) 0 (Qm 2 deltaMCS 0 dB) NPRB 5 SNR 22.4 (+2.4) dB CCE fail 0, goodput 0.00 Mbps
UE 2cf9: LCID 1: TX            522 RX            281 bytes
UE 2cf9: LCID 2: TX              0 RX              0 bytes
UE 2cf9: LCID 4: TX              9 RX            165 bytes

[0m[NR_MAC] Frame.Slot 512.0
UE RNTI 2cf9 CU-UE-ID 1 in-sync PH 48 dB PCMAX 20 dBm, average RSRP -43 (16 meas)
UE 2cf9: dlsch_rounds 223/0/0/0, dlsch_errors 0, pucch0_DTX 0 (SNR 21.3+1.3 dB), BLER 0.00000 MCS (0) 0 CCE fail 1, goodput 0.00 Mbps
UE 2cf9: ulsch_rounds 2106/0/0/0, ulsch_errors 0, ulsch_DTX 0, BLER 0.00000 MCS (0) 0 (Qm 2 deltaMCS 0 dB) NPRB 5 SNR 22.0 (+2.0) dB CCE fail 0, goodput 0.00 Mbps
UE 2cf9: LCID 1: TX            522 RX            281 bytes
UE 2cf9: LCID 2: TX              0 RX              0 bytes
UE 2cf9: LCID 4: TX              9 RX            165 bytes

[0m[NR_MAC] Frame.Slot 640.0
UE RNTI 2cf9 CU-UE-ID 1 in-sync PH 48 dB PCMAX 20 dBm, average RSRP -43 (16 meas)
UE 2cf9: dlsch_rounds 224/0/0/0, dlsch_errors 0, pucch0_DTX 0 (SNR 21.3+1.3 dB), BLER 0.00000 MCS (0) 0 CCE fail 1, goodput 0.00 Mbps
UE 2cf9: ulsch_rounds 2119/0/0/0, ulsch_errors 0, ulsch_DTX 0, BLER 0.00000 MCS (0) 0 (Qm 2 deltaMCS 0 dB) NPRB 5 SNR 22.6 (+2.6) dB CCE fail 0, goodput 0.00 Mbps
UE 2cf9: LCID 1: TX            522 RX            281 bytes
UE 2cf9: LCID 2: TX              0 RX              0 bytes
UE 2cf9: LCID 4: TX              9 RX            165 bytes

[0m[NR_MAC] Frame.Slot 768.0
UE RNTI 2cf9 CU-UE-ID 1 in-sync PH 48 dB PCMAX 20 dBm, average RSRP -43 (16 meas)
UE 2cf9: dlsch_rounds 225/0/0/0, dlsch_errors 0, pucch0_DTX 0 (SNR 21.3+1.3 dB), BLER 0.00000 MCS (0) 0 CCE fail 1, goodput 0.00 Mbps
UE 2cf9: ulsch_rounds 2131/0/0/0, ulsch_errors 0, ulsch_DTX 0, BLER 0.00000 MCS (0) 0 (Qm 2 deltaMCS 0 dB) NPRB 5 SNR 22.5 (+2.5) dB CCE fail 0, goodput 0.00 Mbps
UE 2cf9: LCID 1: TX            522 RX            281 bytes
UE 2cf9: LCID 2: TX              0 RX              0 bytes
UE 2cf9: LCID 4: TX              9 RX            165 bytes

[0m[NR_MAC] Frame.Slot 896.0
UE RNTI 2cf9 CU-UE-ID 1 in-sync PH 48 dB PCMAX 20 dBm, average RSRP -43 (16 meas)
UE 2cf9: dlsch_rounds 227/0/0/0, dlsch_errors 0, pucch0_DTX 0 (SNR 21.3+1.3 dB), BLER 0.00000 MCS (0) 0 CCE fail 1, goodput 0.00 Mbps
UE 2cf9: ulsch_rounds 2144/0/0/0, ulsch_errors 0, ulsch_DTX 0, BLER 0.00000 MCS (0) 0 (Qm 2 deltaMCS 0 dB) NPRB 5 SNR 22.0 (+2.0) dB CCE fail 0, goodput 0.00 Mbps
UE 2cf9: LCID 1: TX            522 RX            281 bytes
UE 2cf9: LCID 2: TX              0 RX              0 bytes
UE 2cf9: LCID 4: TX              9 RX            165 bytes

[0m[NR_MAC] Frame.Slot 0.0
UE RNTI 2cf9 CU-UE-ID 1 in-sync PH 48 dB PCMAX 20 dBm, average RSRP -43 (16 meas)
UE 2cf9: dlsch_rounds 228/0/0/0, dlsch_errors 0, pucch0_DTX 0 (SNR 21.3+1.3 dB), BLER 0.00000 MCS (0) 0 CCE fail 1, goodput 0.00 Mbps
UE 2cf9: ulsch_rounds 2157/0/0/0, ulsch_errors 0, ulsch_DTX 0, BLER 0.00000 MCS (0) 0 (Qm 2 deltaMCS 0 dB) NPRB 5 SNR 22.6 (+2.6) dB CCE fail 0, goodput 0.00 Mbps
UE 2cf9: LCID 1: TX            522 RX            281 bytes
UE 2cf9: LCID 2: TX              0 RX              0 bytes
UE 2cf9: LCID 4: TX              9 RX            165 bytes

[0m[NR_MAC] Frame.Slot 128.0
UE RNTI 2cf9 CU-UE-ID 1 in-sync PH 48 dB PCMAX 20 dBm, average RSRP -43 (16 meas)
UE 2cf9: dlsch_rounds 229/0/0/0, dlsch_errors 0, pucch0_DTX 0 (SNR 21.3+1.3 dB), BLER 0.00000 MCS (0) 0 CCE fail 1, goodput 0.00 Mbps
UE 2cf9: ulsch_rounds 2170/0/0/0, ulsch_errors 0, ulsch_DTX 0, BLER 0.00000 MCS (0) 0 (Qm 2 deltaMCS 0 dB) NPRB 5 SNR 22.2 (+2.2) dB CCE fail 0, goodput 0.00 Mbps
UE 2cf9: LCID 1: TX            522 RX            281 bytes
UE 2cf9: LCID 2: TX              0 RX              0 bytes
UE 2cf9: LCID 4: TX              9 RX            165 bytes

[0m[NR_MAC] Frame.Slot 256.0
UE RNTI 2cf9 CU-UE-ID 1 in-sync PH 48 dB PCMAX 20 dBm, average RSRP -43 (16 meas)
UE 2cf9: dlsch_rounds 230/0/0/0, dlsch_errors 0, pucch0_DTX 0 (SNR 21.3+1.3 dB), BLER 0.00000 MCS (0) 0 CCE fail 1, goodput 0.00 Mbps
UE 2cf9: ulsch_rounds 2183/0/0/0, ulsch_errors 0, ulsch_DTX 0, BLER 0.00000 MCS (0) 0 (Qm 2 deltaMCS 0 dB) NPRB 5 SNR 21.8 (+1.8) dB CCE fail 0, goodput 0.00 Mbps
UE 2cf9: LCID 1: TX            522 RX            281 bytes
UE 2cf9: LCID 2: TX              0 RX              0 bytes
UE 2cf9: LCID 4: TX              9 RX            165 bytes

[0m[NR_MAC] Frame.Slot 384.0
UE RNTI 2cf9 CU-UE-ID 1 in-sync PH 48 dB PCMAX 20 dBm, average RSRP -43 (16 meas)
UE 2cf9: dlsch_rounds 232/0/0/0, dlsch_errors 0, pucch0_DTX 0 (SNR 21.3+1.3 dB), BLER 0.00000 MCS (0) 0 CCE fail 1, goodput 0.00 Mbps
UE 2cf9: ulsch_rounds 2195/0/0/0, ulsch_errors 0, ulsch_DTX 0, BLER 0.00000 MCS (0) 0 (Qm 2 deltaMCS 0 dB) NPRB 5 SNR 22.7 (+2.7) dB CCE fail 0, goodput 0.00 Mbps
UE 2cf9: LCID 1: TX            522 RX            281 bytes
UE 2cf9: LCID 2: TX              0 RX              0 bytes
UE 2cf9: LCID 4: TX              9 RX            165 bytes

[0m[NR_MAC] Frame.Slot 512.0
UE RNTI 2cf9 CU-UE-ID 1 in-sync PH 48 dB PCMAX 20 dBm, average RSRP -43 (16 meas)
UE 2cf9: dlsch_rounds 233/0/0/0, dlsch_errors 0, pucch0_DTX 0 (SNR 21.3+1.3 dB), BLER 0.00000 MCS (0) 0 CCE fail 1, goodput 0.00 Mbps
UE 2cf9: ulsch_rounds 2208/0/0/0, ulsch_errors 0, ulsch_DTX 0, BLER 0.00000 MCS (0) 0 (Qm 2 deltaMCS 0 dB) NPRB 5 SNR 22.3 (+2.3) dB CCE fail 0, goodput 0.00 Mbps
UE 2cf9: LCID 1: TX            522 RX            281 bytes
UE 2cf9: LCID 2: TX              0 RX              0 bytes
UE 2cf9: LCID 4: TX              9 RX            165 bytes

[0m[NR_MAC] Frame.Slot 640.0
UE RNTI 2cf9 CU-UE-ID 1 in-sync PH 48 dB PCMAX 20 dBm, average RSRP -43 (16 meas)
UE 2cf9: dlsch_rounds 234/0/0/0, dlsch_errors 0, pucch0_DTX 0 (SNR 21.3+1.3 dB), BLER 0.00000 MCS (0) 0 CCE fail 1, goodput 0.00 Mbps
UE 2cf9: ulsch_rounds 2221/0/0/0, ulsch_errors 0, ulsch_DTX 0, BLER 0.00000 MCS (0) 0 (Qm 2 deltaMCS 0 dB) NPRB 5 SNR 21.9 (+1.9) dB CCE fail 0, goodput 0.00 Mbps
UE 2cf9: LCID 1: TX            522 RX            281 bytes
UE 2cf9: LCID 2: TX              0 RX              0 bytes
UE 2cf9: LCID 4: TX              9 RX            165 bytes

[0m[NR_MAC] Frame.Slot 768.0
UE RNTI 2cf9 CU-UE-ID 1 in-sync PH 48 dB PCMAX 20 dBm, average RSRP -43 (16 meas)
UE 2cf9: dlsch_rounds 236/0/0/0, dlsch_errors 0, pucch0_DTX 0 (SNR 21.3+1.3 dB), BLER 0.00000 MCS (0) 0 CCE fail 1, goodput 0.00 Mbps
UE 2cf9: ulsch_rounds 2234/0/0/0, ulsch_errors 0, ulsch_DTX 0, BLER 0.00000 MCS (0) 0 (Qm 2 deltaMCS 0 dB) NPRB 5 SNR 22.4 (+2.4) dB CCE fail 0, goodput 0.00 Mbps
UE 2cf9: LCID 1: TX            522 RX            281 bytes
UE 2cf9: LCID 2: TX              0 RX              0 bytes
UE 2cf9: LCID 4: TX              9 RX            165 bytes

[0m[NR_MAC] Frame.Slot 896.0
UE RNTI 2cf9 CU-UE-ID 1 in-sync PH 48 dB PCMAX 20 dBm, average RSRP -43 (16 meas)
UE 2cf9: dlsch_rounds 237/0/0/0, dlsch_errors 0, pucch0_DTX 0 (SNR 21.3+1.3 dB), BLER 0.00000 MCS (0) 0 CCE fail 1, goodput 0.00 Mbps
UE 2cf9: ulsch_rounds 2247/0/0/0, ulsch_errors 0, ulsch_DTX 0, BLER 0.00000 MCS (0) 0 (Qm 2 deltaMCS 0 dB) NPRB 5 SNR 22.0 (+2.0) dB CCE fail 0, goodput 0.00 Mbps
UE 2cf9: LCID 1: TX            522 RX            281 bytes
UE 2cf9: LCID 2: TX              0 RX              0 bytes
UE 2cf9: LCID 4: TX              9 RX            165 bytes

[0m[NR_MAC] Frame.Slot 0.0
UE RNTI 2cf9 CU-UE-ID 1 in-sync PH 48 dB PCMAX 20 dBm, average RSRP -43 (16 meas)
UE 2cf9: dlsch_rounds 238/0/0/0, dlsch_errors 0, pucch0_DTX 0 (SNR 21.3+1.3 dB), BLER 0.00000 MCS (0) 0 CCE fail 1, goodput 0.00 Mbps
UE 2cf9: ulsch_rounds 2259/0/0/0, ulsch_errors 0, ulsch_DTX 0, BLER 0.00000 MCS (0) 0 (Qm 2 deltaMCS 0 dB) NPRB 5 SNR 21.9 (+1.9) dB CCE fail 0, goodput 0.00 Mbps
UE 2cf9: LCID 1: TX            522 RX            281 bytes
UE 2cf9: LCID 2: TX              0 RX              0 bytes
UE 2cf9: LCID 4: TX              9 RX            165 bytes

[0m[NR_MAC] Frame.Slot 128.0
UE RNTI 2cf9 CU-UE-ID 1 in-sync PH 48 dB PCMAX 20 dBm, average RSRP -43 (16 meas)
UE 2cf9: dlsch_rounds 239/0/0/0, dlsch_errors 0, pucch0_DTX 0 (SNR 21.3+1.3 dB), BLER 0.00000 MCS (0) 0 CCE fail 1, goodput 0.00 Mbps
UE 2cf9: ulsch_rounds 2272/0/0/0, ulsch_errors 0, ulsch_DTX 0, BLER 0.00000 MCS (0) 0 (Qm 2 deltaMCS 0 dB) NPRB 5 SNR 22.5 (+2.5) dB CCE fail 0, goodput 0.00 Mbps
UE 2cf9: LCID 1: TX            522 RX            281 bytes
UE 2cf9: LCID 2: TX              0 RX              0 bytes
UE 2cf9: LCID 4: TX              9 RX            165 bytes

[0m[NR_MAC] Frame.Slot 256.0
UE RNTI 2cf9 CU-UE-ID 1 in-sync PH 48 dB PCMAX 20 dBm, average RSRP -43 (16 meas)
UE 2cf9: dlsch_rounds 241/0/0/0, dlsch_errors 0, pucch0_DTX 0 (SNR 21.3+1.3 dB), BLER 0.00000 MCS (0) 0 CCE fail 1, goodput 0.00 Mbps
UE 2cf9: ulsch_rounds 2285/0/0/0, ulsch_errors 0, ulsch_DTX 0, BLER 0.00000 MCS (0) 0 (Qm 2 deltaMCS 0 dB) NPRB 5 SNR 22.1 (+2.1) dB CCE fail 0, goodput 0.00 Mbps
UE 2cf9: LCID 1: TX            522 RX            281 bytes
UE 2cf9: LCID 2: TX              0 RX              0 bytes
UE 2cf9: LCID 4: TX              9 RX            165 bytes

[0m[NR_MAC] Frame.Slot 384.0
UE RNTI 2cf9 CU-UE-ID 1 in-sync PH 48 dB PCMAX 20 dBm, average RSRP -43 (16 meas)
UE 2cf9: dlsch_rounds 242/0/0/0, dlsch_errors 0, pucch0_DTX 0 (SNR 21.3+1.3 dB), BLER 0.00000 MCS (0) 0 CCE fail 1, goodput 0.00 Mbps
UE 2cf9: ulsch_rounds 2298/0/0/0, ulsch_errors 0, ulsch_DTX 0, BLER 0.00000 MCS (0) 0 (Qm 2 deltaMCS 0 dB) NPRB 5 SNR 22.7 (+2.7) dB CCE fail 0, goodput 0.00 Mbps
UE 2cf9: LCID 1: TX            522 RX            281 bytes
UE 2cf9: LCID 2: TX              0 RX              0 bytes
UE 2cf9: LCID 4: TX              9 RX            165 bytes

[0m[NR_MAC] Frame.Slot 512.0
UE RNTI 2cf9 CU-UE-ID 1 in-sync PH 48 dB PCMAX 20 dBm, average RSRP -43 (16 meas)
UE 2cf9: dlsch_rounds 243/0/0/0, dlsch_errors 0, pucch0_DTX 0 (SNR 21.3+1.3 dB), BLER 0.00000 MCS (0) 0 CCE fail 1, goodput 0.00 Mbps
UE 2cf9: ulsch_rounds 2311/0/0/0, ulsch_errors 0, ulsch_DTX 0, BLER 0.00000 MCS (0) 0 (Qm 2 deltaMCS 0 dB) NPRB 5 SNR 22.3 (+2.3) dB CCE fail 0, goodput 0.00 Mbps
UE 2cf9: LCID 1: TX            522 RX            281 bytes
UE 2cf9: LCID 2: TX              0 RX              0 bytes
UE 2cf9: LCID 4: TX              9 RX            165 bytes

[0m[NR_MAC] Frame.Slot 640.0
UE RNTI 2cf9 CU-UE-ID 1 in-sync PH 48 dB PCMAX 20 dBm, average RSRP -43 (16 meas)
UE 2cf9: dlsch_rounds 244/0/0/0, dlsch_errors 0, pucch0_DTX 0 (SNR 21.3+1.3 dB), BLER 0.00000 MCS (0) 0 CCE fail 1, goodput 0.00 Mbps
UE 2cf9: ulsch_rounds 2323/0/0/0, ulsch_errors 0, ulsch_DTX 0, BLER 0.00000 MCS (0) 0 (Qm 2 deltaMCS 0 dB) NPRB 5 SNR 22.1 (+2.1) dB CCE fail 0, goodput 0.00 Mbps
UE 2cf9: LCID 1: TX            522 RX            281 bytes
UE 2cf9: LCID 2: TX              0 RX              0 bytes
UE 2cf9: LCID 4: TX              9 RX            165 bytes

[0m[NR_MAC] Frame.Slot 768.0
UE RNTI 2cf9 CU-UE-ID 1 in-sync PH 48 dB PCMAX 20 dBm, average RSRP -43 (16 meas)
UE 2cf9: dlsch_rounds 246/0/0/0, dlsch_errors 0, pucch0_DTX 0 (SNR 21.3+1.3 dB), BLER 0.00000 MCS (0) 0 CCE fail 1, goodput 0.00 Mbps
UE 2cf9: ulsch_rounds 2336/0/0/0, ulsch_errors 0, ulsch_DTX 0, BLER 0.00000 MCS (0) 0 (Qm 2 deltaMCS 0 dB) NPRB 5 SNR 22.7 (+2.7) dB CCE fail 0, goodput 0.00 Mbps
UE 2cf9: LCID 1: TX            522 RX            281 bytes
UE 2cf9: LCID 2: TX              0 RX              0 bytes
UE 2cf9: LCID 4: TX              9 RX            165 bytes

[0m[NR_MAC] Frame.Slot 896.0
UE RNTI 2cf9 CU-UE-ID 1 in-sync PH 48 dB PCMAX 20 dBm, average RSRP -43 (16 meas)
UE 2cf9: dlsch_rounds 247/0/0/0, dlsch_errors 0, pucch0_DTX 0 (SNR 21.3+1.3 dB), BLER 0.00000 MCS (0) 0 CCE fail 1, goodput 0.00 Mbps
UE 2cf9: ulsch_rounds 2349/0/0/0, ulsch_errors 0, ulsch_DTX 0, BLER 0.00000 MCS (0) 0 (Qm 2 deltaMCS 0 dB) NPRB 5 SNR 22.3 (+2.3) dB CCE fail 0, goodput 0.00 Mbps
UE 2cf9: LCID 1: TX            522 RX            281 bytes
UE 2cf9: LCID 2: TX              0 RX              0 bytes
UE 2cf9: LCID 4: TX              9 RX            165 bytes

[0m[NR_MAC] Frame.Slot 0.0
UE RNTI 2cf9 CU-UE-ID 1 in-sync PH 48 dB PCMAX 20 dBm, average RSRP -43 (16 meas)
UE 2cf9: dlsch_rounds 248/0/0/0, dlsch_errors 0, pucch0_DTX 0 (SNR 21.3+1.3 dB), BLER 0.00000 MCS (0) 0 CCE fail 1, goodput 0.00 Mbps
UE 2cf9: ulsch_rounds 2362/0/0/0, ulsch_errors 0, ulsch_DTX 0, BLER 0.00000 MCS (0) 0 (Qm 2 deltaMCS 0 dB) NPRB 5 SNR 21.9 (+1.9) dB CCE fail 0, goodput 0.00 Mbps
UE 2cf9: LCID 1: TX            522 RX            281 bytes
UE 2cf9: LCID 2: TX              0 RX              0 bytes
UE 2cf9: LCID 4: TX              9 RX            165 bytes

[0m[NR_MAC] Frame.Slot 128.0
UE RNTI 2cf9 CU-UE-ID 1 in-sync PH 48 dB PCMAX 20 dBm, average RSRP -43 (16 meas)
UE 2cf9: dlsch_rounds 250/0/0/0, dlsch_errors 0, pucch0_DTX 0 (SNR 21.3+1.3 dB), BLER 0.00000 MCS (0) 0 CCE fail 1, goodput 0.00 Mbps
UE 2cf9: ulsch_rounds 2375/0/0/0, ulsch_errors 0, ulsch_DTX 0, BLER 0.00000 MCS (0) 0 (Qm 2 deltaMCS 0 dB) NPRB 5 SNR 22.5 (+2.5) dB CCE fail 0, goodput 0.00 Mbps
UE 2cf9: LCID 1: TX            522 RX            281 bytes
UE 2cf9: LCID 2: TX              0 RX              0 bytes
UE 2cf9: LCID 4: TX              9 RX            165 bytes

[0m[NR_MAC] Frame.Slot 256.0
UE RNTI 2cf9 CU-UE-ID 1 in-sync PH 48 dB PCMAX 20 dBm, average RSRP -43 (16 meas)
UE 2cf9: dlsch_rounds 251/0/0/0, dlsch_errors 0, pucch0_DTX 0 (SNR 21.3+1.3 dB), BLER 0.00000 MCS (0) 0 CCE fail 1, goodput 0.00 Mbps
UE 2cf9: ulsch_rounds 2387/0/0/0, ulsch_errors 0, ulsch_DTX 0, BLER 0.00000 MCS (0) 0 (Qm 2 deltaMCS 0 dB) NPRB 5 SNR 22.3 (+2.3) dB CCE fail 0, goodput 0.00 Mbps
UE 2cf9: LCID 1: TX            522 RX            281 bytes
UE 2cf9: LCID 2: TX              0 RX              0 bytes
UE 2cf9: LCID 4: TX              9 RX            165 bytes

[0m[NR_MAC] Frame.Slot 384.0
UE RNTI 2cf9 CU-UE-ID 1 in-sync PH 48 dB PCMAX 20 dBm, average RSRP -43 (16 meas)
UE 2cf9: dlsch_rounds 252/0/0/0, dlsch_errors 0, pucch0_DTX 0 (SNR 21.3+1.3 dB), BLER 0.00000 MCS (0) 0 CCE fail 1, goodput 0.00 Mbps
UE 2cf9: ulsch_rounds 2400/0/0/0, ulsch_errors 0, ulsch_DTX 0, BLER 0.00000 MCS (0) 0 (Qm 2 deltaMCS 0 dB) NPRB 5 SNR 21.9 (+1.9) dB CCE fail 0, goodput 0.00 Mbps
UE 2cf9: LCID 1: TX            522 RX            281 bytes
UE 2cf9: LCID 2: TX              0 RX              0 bytes
UE 2cf9: LCID 4: TX              9 RX            165 bytes

[0m[NR_MAC] Frame.Slot 512.0
UE RNTI 2cf9 CU-UE-ID 1 in-sync PH 48 dB PCMAX 20 dBm, average RSRP -43 (16 meas)
UE 2cf9: dlsch_rounds 253/0/0/0, dlsch_errors 0, pucch0_DTX 0 (SNR 21.3+1.3 dB), BLER 0.00000 MCS (0) 0 CCE fail 1, goodput 0.00 Mbps
UE 2cf9: ulsch_rounds 2413/0/0/0, ulsch_errors 0, ulsch_DTX 0, BLER 0.00000 MCS (0) 0 (Qm 2 deltaMCS 0 dB) NPRB 5 SNR 22.5 (+2.5) dB CCE fail 0, goodput 0.00 Mbps
UE 2cf9: LCID 1: TX            522 RX            281 bytes
UE 2cf9: LCID 2: TX              0 RX              0 bytes
UE 2cf9: LCID 4: TX              9 RX            165 bytes

[0m[NR_MAC] Frame.Slot 640.0
UE RNTI 2cf9 CU-UE-ID 1 in-sync PH 48 dB PCMAX 20 dBm, average RSRP -43 (16 meas)
UE 2cf9: dlsch_rounds 255/0/0/0, dlsch_errors 0, pucch0_DTX 0 (SNR 21.3+1.3 dB), BLER 0.00000 MCS (0) 0 CCE fail 1, goodput 0.00 Mbps
UE 2cf9: ulsch_rounds 2426/0/0/0, ulsch_errors 0, ulsch_DTX 0, BLER 0.00000 MCS (0) 0 (Qm 2 deltaMCS 0 dB) NPRB 5 SNR 22.1 (+2.1) dB CCE fail 0, goodput 0.00 Mbps
UE 2cf9: LCID 1: TX            522 RX            281 bytes
UE 2cf9: LCID 2: TX              0 RX              0 bytes
UE 2cf9: LCID 4: TX              9 RX            165 bytes

[0m[NR_MAC] Frame.Slot 768.0
UE RNTI 2cf9 CU-UE-ID 1 in-sync PH 48 dB PCMAX 20 dBm, average RSRP -43 (16 meas)
UE 2cf9: dlsch_rounds 256/0/0/0, dlsch_errors 0, pucch0_DTX 0 (SNR 21.3+1.3 dB), BLER 0.00000 MCS (0) 0 CCE fail 1, goodput 0.00 Mbps
UE 2cf9: ulsch_rounds 2439/0/0/0, ulsch_errors 0, ulsch_DTX 0, BLER 0.00000 MCS (0) 0 (Qm 2 deltaMCS 0 dB) NPRB 5 SNR 22.7 (+2.7) dB CCE fail 0, goodput 0.00 Mbps
UE 2cf9: LCID 1: TX            522 RX            281 bytes
UE 2cf9: LCID 2: TX              0 RX              0 bytes
UE 2cf9: LCID 4: TX              9 RX            165 bytes

[0m[NR_MAC] Frame.Slot 896.0
UE RNTI 2cf9 CU-UE-ID 1 in-sync PH 48 dB PCMAX 20 dBm, average RSRP -43 (16 meas)
UE 2cf9: dlsch_rounds 257/0/0/0, dlsch_errors 0, pucch0_DTX 0 (SNR 21.3+1.3 dB), BLER 0.00000 MCS (0) 0 CCE fail 1, goodput 0.00 Mbps
UE 2cf9: ulsch_rounds 2451/0/0/0, ulsch_errors 0, ulsch_DTX 0, BLER 0.00000 MCS (0) 0 (Qm 2 deltaMCS 0 dB) NPRB 5 SNR 22.5 (+2.5) dB CCE fail 0, goodput 0.00 Mbps
UE 2cf9: LCID 1: TX            522 RX            281 bytes
UE 2cf9: LCID 2: TX              0 RX              0 bytes
UE 2cf9: LCID 4: TX              9 RX            165 bytes

[0m[NR_MAC] Frame.Slot 0.0
UE RNTI 2cf9 CU-UE-ID 1 in-sync PH 48 dB PCMAX 20 dBm, average RSRP -43 (16 meas)
UE 2cf9: dlsch_rounds 259/0/0/0, dlsch_errors 0, pucch0_DTX 0 (SNR 21.3+1.3 dB), BLER 0.00000 MCS (0) 0 CCE fail 1, goodput 0.00 Mbps
UE 2cf9: ulsch_rounds 2464/0/0/0, ulsch_errors 0, ulsch_DTX 0, BLER 0.00000 MCS (0) 0 (Qm 2 deltaMCS 0 dB) NPRB 5 SNR 22.1 (+2.1) dB CCE fail 0, goodput 0.00 Mbps
UE 2cf9: LCID 1: TX            522 RX            281 bytes
UE 2cf9: LCID 2: TX              0 RX              0 bytes
UE 2cf9: LCID 4: TX              9 RX            165 bytes

[0m[NR_MAC] Frame.Slot 128.0
UE RNTI 2cf9 CU-UE-ID 1 in-sync PH 48 dB PCMAX 20 dBm, average RSRP -43 (16 meas)
UE 2cf9: dlsch_rounds 260/0/0/0, dlsch_errors 0, pucch0_DTX 0 (SNR 21.3+1.3 dB), BLER 0.00000 MCS (0) 0 CCE fail 1, goodput 0.00 Mbps
UE 2cf9: ulsch_rounds 2477/0/0/0, ulsch_errors 0, ulsch_DTX 0, BLER 0.00000 MCS (0) 0 (Qm 2 deltaMCS 0 dB) NPRB 5 SNR 22.7 (+2.7) dB CCE fail 0, goodput 0.00 Mbps
UE 2cf9: LCID 1: TX            522 RX            281 bytes
UE 2cf9: LCID 2: TX              0 RX              0 bytes
UE 2cf9: LCID 4: TX              9 RX            165 bytes

[0m[NR_MAC] Frame.Slot 256.0
UE RNTI 2cf9 CU-UE-ID 1 in-sync PH 48 dB PCMAX 20 dBm, average RSRP -43 (16 meas)
UE 2cf9: dlsch_rounds 261/0/0/0, dlsch_errors 0, pucch0_DTX 0 (SNR 21.3+1.3 dB), BLER 0.00000 MCS (0) 0 CCE fail 1, goodput 0.00 Mbps
UE 2cf9: ulsch_rounds 2490/0/0/0, ulsch_errors 0, ulsch_DTX 0, BLER 0.00000 MCS (0) 0 (Qm 2 deltaMCS 0 dB) NPRB 5 SNR 22.3 (+2.3) dB CCE fail 0, goodput 0.00 Mbps
UE 2cf9: LCID 1: TX            522 RX            281 bytes
UE 2cf9: LCID 2: TX              0 RX              0 bytes
UE 2cf9: LCID 4: TX              9 RX            165 bytes

[0m[NR_MAC] Frame.Slot 384.0
UE RNTI 2cf9 CU-UE-ID 1 in-sync PH 48 dB PCMAX 20 dBm, average RSRP -43 (16 meas)
UE 2cf9: dlsch_rounds 262/0/0/0, dlsch_errors 0, pucch0_DTX 0 (SNR 21.3+1.3 dB), BLER 0.00000 MCS (0) 0 CCE fail 1, goodput 0.00 Mbps
UE 2cf9: ulsch_rounds 2503/0/0/0, ulsch_errors 0, ulsch_DTX 0, BLER 0.00000 MCS (0) 0 (Qm 2 deltaMCS 0 dB) NPRB 5 SNR 21.9 (+1.9) dB CCE fail 0, goodput 0.00 Mbps
UE 2cf9: LCID 1: TX            522 RX            281 bytes
UE 2cf9: LCID 2: TX              0 RX              0 bytes
UE 2cf9: LCID 4: TX              9 RX            165 bytes

[0m[NR_MAC] Frame.Slot 512.0
UE RNTI 2cf9 CU-UE-ID 1 in-sync PH 48 dB PCMAX 20 dBm, average RSRP -43 (16 meas)
UE 2cf9: dlsch_rounds 264/0/0/0, dlsch_errors 0, pucch0_DTX 0 (SNR 21.3+1.3 dB), BLER 0.00000 MCS (0) 0 CCE fail 1, goodput 0.00 Mbps
UE 2cf9: ulsch_rounds 2515/0/0/0, ulsch_errors 0, ulsch_DTX 0, BLER 0.00000 MCS (0) 0 (Qm 2 deltaMCS 0 dB) NPRB 5 SNR 21.8 (+1.8) dB CCE fail 0, goodput 0.00 Mbps
UE 2cf9: LCID 1: TX            522 RX            281 bytes
UE 2cf9: LCID 2: TX              0 RX              0 bytes
UE 2cf9: LCID 4: TX              9 RX            165 bytes

[0m[NR_MAC] Frame.Slot 640.0
UE RNTI 2cf9 CU-UE-ID 1 in-sync PH 48 dB PCMAX 20 dBm, average RSRP -43 (16 meas)
UE 2cf9: dlsch_rounds 265/0/0/0, dlsch_errors 0, pucch0_DTX 0 (SNR 21.3+1.3 dB), BLER 0.00000 MCS (0) 0 CCE fail 1, goodput 0.00 Mbps
UE 2cf9: ulsch_rounds 2528/0/0/0, ulsch_errors 0, ulsch_DTX 0, BLER 0.00000 MCS (0) 0 (Qm 2 deltaMCS 0 dB) NPRB 5 SNR 22.3 (+2.3) dB CCE fail 0, goodput 0.00 Mbps
UE 2cf9: LCID 1: TX            522 RX            281 bytes
UE 2cf9: LCID 2: TX              0 RX              0 bytes
UE 2cf9: LCID 4: TX              9 RX            165 bytes

[0m[NR_MAC] Frame.Slot 768.0
UE RNTI 2cf9 CU-UE-ID 1 in-sync PH 48 dB PCMAX 20 dBm, average RSRP -43 (16 meas)
UE 2cf9: dlsch_rounds 266/0/0/0, dlsch_errors 0, pucch0_DTX 0 (SNR 21.3+1.3 dB), BLER 0.00000 MCS (0) 0 CCE fail 1, goodput 0.00 Mbps
UE 2cf9: ulsch_rounds 2541/0/0/0, ulsch_errors 0, ulsch_DTX 0, BLER 0.00000 MCS (0) 0 (Qm 2 deltaMCS 0 dB) NPRB 5 SNR 21.9 (+1.9) dB CCE fail 0, goodput 0.00 Mbps
UE 2cf9: LCID 1: TX            522 RX            281 bytes
UE 2cf9: LCID 2: TX              0 RX              0 bytes
UE 2cf9: LCID 4: TX              9 RX            165 bytes

[0m[NR_MAC] Frame.Slot 896.0
UE RNTI 2cf9 CU-UE-ID 1 in-sync PH 48 dB PCMAX 20 dBm, average RSRP -43 (16 meas)
UE 2cf9: dlsch_rounds 268/0/0/0, dlsch_errors 0, pucch0_DTX 0 (SNR 21.3+1.3 dB), BLER 0.00000 MCS (0) 0 CCE fail 1, goodput 0.00 Mbps
UE 2cf9: ulsch_rounds 2554/0/0/0, ulsch_errors 0, ulsch_DTX 0, BLER 0.00000 MCS (0) 0 (Qm 2 deltaMCS 0 dB) NPRB 5 SNR 22.5 (+2.5) dB CCE fail 0, goodput 0.00 Mbps
UE 2cf9: LCID 1: TX            522 RX            281 bytes
UE 2cf9: LCID 2: TX              0 RX              0 bytes
UE 2cf9: LCID 4: TX              9 RX            165 bytes

[0m[NR_MAC] Frame.Slot 0.0
UE RNTI 2cf9 CU-UE-ID 1 in-sync PH 48 dB PCMAX 20 dBm, average RSRP -43 (16 meas)
UE 2cf9: dlsch_rounds 269/0/0/0, dlsch_errors 0, pucch0_DTX 0 (SNR 21.3+1.3 dB), BLER 0.00000 MCS (0) 0 CCE fail 1, goodput 0.00 Mbps
UE 2cf9: ulsch_rounds 2567/0/0/0, ulsch_errors 0, ulsch_DTX 0, BLER 0.00000 MCS (0) 0 (Qm 2 deltaMCS 0 dB) NPRB 5 SNR 22.1 (+2.1) dB CCE fail 0, goodput 0.00 Mbps
UE 2cf9: LCID 1: TX            522 RX            281 bytes
UE 2cf9: LCID 2: TX              0 RX              0 bytes
UE 2cf9: LCID 4: TX              9 RX            165 bytes

[0m[NR_MAC] Frame.Slot 128.0
UE RNTI 2cf9 CU-UE-ID 1 in-sync PH 48 dB PCMAX 20 dBm, average RSRP -43 (16 meas)
UE 2cf9: dlsch_rounds 270/0/0/0, dlsch_errors 0, pucch0_DTX 0 (SNR 21.3+1.3 dB), BLER 0.00000 MCS (0) 0 CCE fail 1, goodput 0.00 Mbps
UE 2cf9: ulsch_rounds 2579/0/0/0, ulsch_errors 0, ulsch_DTX 0, BLER 0.00000 MCS (0) 0 (Qm 2 deltaMCS 0 dB) NPRB 5 SNR 22.0 (+2.0) dB CCE fail 0, goodput 0.00 Mbps
UE 2cf9: LCID 1: TX            522 RX            281 bytes
UE 2cf9: LCID 2: TX              0 RX              0 bytes
UE 2cf9: LCID 4: TX              9 RX            165 bytes

[0m[NR_MAC] Frame.Slot 256.0
UE RNTI 2cf9 CU-UE-ID 1 in-sync PH 48 dB PCMAX 20 dBm, average RSRP -43 (16 meas)
UE 2cf9: dlsch_rounds 271/0/0/0, dlsch_errors 0, pucch0_DTX 0 (SNR 21.3+1.3 dB), BLER 0.00000 MCS (0) 0 CCE fail 1, goodput 0.00 Mbps
UE 2cf9: ulsch_rounds 2592/0/0/0, ulsch_errors 0, ulsch_DTX 0, BLER 0.00000 MCS (0) 0 (Qm 2 deltaMCS 0 dB) NPRB 5 SNR 22.5 (+2.5) dB CCE fail 0, goodput 0.00 Mbps
UE 2cf9: LCID 1: TX            522 RX            281 bytes
UE 2cf9: LCID 2: TX              0 RX              0 bytes
UE 2cf9: LCID 4: TX              9 RX            165 bytes

[0m[NR_MAC] Frame.Slot 384.0
UE RNTI 2cf9 CU-UE-ID 1 in-sync PH 48 dB PCMAX 20 dBm, average RSRP -43 (16 meas)
UE 2cf9: dlsch_rounds 273/0/0/0, dlsch_errors 0, pucch0_DTX 0 (SNR 21.3+1.3 dB), BLER 0.00000 MCS (0) 0 CCE fail 1, goodput 0.00 Mbps
UE 2cf9: ulsch_rounds 2605/0/0/0, ulsch_errors 0, ulsch_DTX 0, BLER 0.00000 MCS (0) 0 (Qm 2 deltaMCS 0 dB) NPRB 5 SNR 22.1 (+2.1) dB CCE fail 0, goodput 0.00 Mbps
UE 2cf9: LCID 1: TX            522 RX            281 bytes
UE 2cf9: LCID 2: TX              0 RX              0 bytes
UE 2cf9: LCID 4: TX              9 RX            165 bytes

[0m[NR_MAC] Frame.Slot 512.0
UE RNTI 2cf9 CU-UE-ID 1 in-sync PH 48 dB PCMAX 20 dBm, average RSRP -43 (16 meas)
UE 2cf9: dlsch_rounds 274/0/0/0, dlsch_errors 0, pucch0_DTX 0 (SNR 21.3+1.3 dB), BLER 0.00000 MCS (0) 0 CCE fail 1, goodput 0.00 Mbps
UE 2cf9: ulsch_rounds 2618/0/0/0, ulsch_errors 0, ulsch_DTX 0, BLER 0.00000 MCS (0) 0 (Qm 2 deltaMCS 0 dB) NPRB 5 SNR 22.7 (+2.7) dB CCE fail 0, goodput 0.00 Mbps
UE 2cf9: LCID 1: TX            522 RX            281 bytes
UE 2cf9: LCID 2: TX              0 RX              0 bytes
UE 2cf9: LCID 4: TX              9 RX            165 bytes

[0m[NR_MAC] Frame.Slot 640.0
UE RNTI 2cf9 CU-UE-ID 1 in-sync PH 48 dB PCMAX 20 dBm, average RSRP -43 (16 meas)
UE 2cf9: dlsch_rounds 275/0/0/0, dlsch_errors 0, pucch0_DTX 0 (SNR 21.3+1.3 dB), BLER 0.00000 MCS (0) 0 CCE fail 1, goodput 0.00 Mbps
UE 2cf9: ulsch_rounds 2631/0/0/0, ulsch_errors 0, ulsch_DTX 0, BLER 0.00000 MCS (0) 0 (Qm 2 deltaMCS 0 dB) NPRB 5 SNR 22.3 (+2.3) dB CCE fail 0, goodput 0.00 Mbps
UE 2cf9: LCID 1: TX            522 RX            281 bytes
UE 2cf9: LCID 2: TX              0 RX              0 bytes
UE 2cf9: LCID 4: TX              9 RX            165 bytes

[0m[NR_MAC] Frame.Slot 768.0
UE RNTI 2cf9 CU-UE-ID 1 in-sync PH 48 dB PCMAX 20 dBm, average RSRP -43 (16 meas)
UE 2cf9: dlsch_rounds 276/0/0/0, dlsch_errors 0, pucch0_DTX 0 (SNR 21.3+1.3 dB), BLER 0.00000 MCS (0) 0 CCE fail 1, goodput 0.00 Mbps
UE 2cf9: ulsch_rounds 2643/0/0/0, ulsch_errors 0, ulsch_DTX 0, BLER 0.00000 MCS (0) 0 (Qm 2 deltaMCS 0 dB) NPRB 5 SNR 22.2 (+2.2) dB CCE fail 0, goodput 0.00 Mbps
UE 2cf9: LCID 1: TX            522 RX            281 bytes
UE 2cf9: LCID 2: TX              0 RX              0 bytes
UE 2cf9: LCID 4: TX              9 RX            165 bytes

[0m[NR_MAC] Frame.Slot 896.0
UE RNTI 2cf9 CU-UE-ID 1 in-sync PH 48 dB PCMAX 20 dBm, average RSRP -43 (16 meas)
UE 2cf9: dlsch_rounds 278/0/0/0, dlsch_errors 0, pucch0_DTX 0 (SNR 21.3+1.3 dB), BLER 0.00000 MCS (0) 0 CCE fail 1, goodput 0.00 Mbps
UE 2cf9: ulsch_rounds 2656/0/0/0, ulsch_errors 0, ulsch_DTX 0, BLER 0.00000 MCS (0) 0 (Qm 2 deltaMCS 0 dB) NPRB 5 SNR 21.8 (+1.8) dB CCE fail 0, goodput 0.00 Mbps
UE 2cf9: LCID 1: TX            522 RX            281 bytes
UE 2cf9: LCID 2: TX              0 RX              0 bytes
UE 2cf9: LCID 4: TX              9 RX            165 bytes

[0m[NR_MAC] Frame.Slot 0.0
UE RNTI 2cf9 CU-UE-ID 1 in-sync PH 48 dB PCMAX 20 dBm, average RSRP -43 (16 meas)
UE 2cf9: dlsch_rounds 279/0/0/0, dlsch_errors 0, pucch0_DTX 0 (SNR 21.3+1.3 dB), BLER 0.00000 MCS (0) 0 CCE fail 1, goodput 0.00 Mbps
UE 2cf9: ulsch_rounds 2669/0/0/0, ulsch_errors 0, ulsch_DTX 0, BLER 0.00000 MCS (0) 0 (Qm 2 deltaMCS 0 dB) NPRB 5 SNR 22.3 (+2.3) dB CCE fail 0, goodput 0.00 Mbps
UE 2cf9: LCID 1: TX            522 RX            281 bytes
UE 2cf9: LCID 2: TX              0 RX              0 bytes
UE 2cf9: LCID 4: TX              9 RX            165 bytes

[0m[NR_MAC] Frame.Slot 128.0
UE RNTI 2cf9 CU-UE-ID 1 in-sync PH 48 dB PCMAX 20 dBm, average RSRP -43 (16 meas)
UE 2cf9: dlsch_rounds 280/0/0/0, dlsch_errors 0, pucch0_DTX 0 (SNR 21.3+1.3 dB), BLER 0.00000 MCS (0) 0 CCE fail 1, goodput 0.00 Mbps
UE 2cf9: ulsch_rounds 2682/0/0/0, ulsch_errors 0, ulsch_DTX 0, BLER 0.00000 MCS (0) 0 (Qm 2 deltaMCS 0 dB) NPRB 5 SNR 21.9 (+1.9) dB CCE fail 0, goodput 0.00 Mbps
UE 2cf9: LCID 1: TX            522 RX            281 bytes
UE 2cf9: LCID 2: TX              0 RX              0 bytes
UE 2cf9: LCID 4: TX              9 RX            165 bytes

[0m[NR_MAC] Frame.Slot 256.0
UE RNTI 2cf9 CU-UE-ID 1 in-sync PH 48 dB PCMAX 20 dBm, average RSRP -43 (16 meas)
UE 2cf9: dlsch_rounds 282/0/0/0, dlsch_errors 0, pucch0_DTX 0 (SNR 21.3+1.3 dB), BLER 0.00000 MCS (0) 0 CCE fail 1, goodput 0.00 Mbps
UE 2cf9: ulsch_rounds 2695/0/0/0, ulsch_errors 0, ulsch_DTX 0, BLER 0.00000 MCS (0) 0 (Qm 2 deltaMCS 0 dB) NPRB 5 SNR 22.5 (+2.5) dB CCE fail 0, goodput 0.00 Mbps
UE 2cf9: LCID 1: TX            522 RX            281 bytes
UE 2cf9: LCID 2: TX              0 RX              0 bytes
UE 2cf9: LCID 4: TX              9 RX            165 bytes

[0m[NR_MAC] Frame.Slot 384.0
UE RNTI 2cf9 CU-UE-ID 1 in-sync PH 48 dB PCMAX 20 dBm, average RSRP -43 (16 meas)
UE 2cf9: dlsch_rounds 283/0/0/0, dlsch_errors 0, pucch0_DTX 0 (SNR 21.3+1.3 dB), BLER 0.00000 MCS (0) 0 CCE fail 1, goodput 0.00 Mbps
UE 2cf9: ulsch_rounds 2707/0/0/0, ulsch_errors 0, ulsch_DTX 0, BLER 0.00000 MCS (0) 0 (Qm 2 deltaMCS 0 dB) NPRB 5 SNR 22.4 (+2.4) dB CCE fail 0, goodput 0.00 Mbps
UE 2cf9: LCID 1: TX            522 RX            281 bytes
UE 2cf9: LCID 2: TX              0 RX              0 bytes
UE 2cf9: LCID 4: TX              9 RX            165 bytes

[0m[NR_MAC] Frame.Slot 512.0
UE RNTI 2cf9 CU-UE-ID 1 in-sync PH 48 dB PCMAX 20 dBm, average RSRP -43 (16 meas)
UE 2cf9: dlsch_rounds 284/0/0/0, dlsch_errors 0, pucch0_DTX 0 (SNR 21.3+1.3 dB), BLER 0.00000 MCS (0) 0 CCE fail 1, goodput 0.00 Mbps
UE 2cf9: ulsch_rounds 2720/0/0/0, ulsch_errors 0, ulsch_DTX 0, BLER 0.00000 MCS (0) 0 (Qm 2 deltaMCS 0 dB) NPRB 5 SNR 22.0 (+2.0) dB CCE fail 0, goodput 0.00 Mbps
UE 2cf9: LCID 1: TX            522 RX            281 bytes
UE 2cf9: LCID 2: TX              0 RX              0 bytes
UE 2cf9: LCID 4: TX              9 RX            165 bytes

[0m[NR_MAC] Frame.Slot 640.0
UE RNTI 2cf9 CU-UE-ID 1 in-sync PH 48 dB PCMAX 20 dBm, average RSRP -43 (16 meas)
UE 2cf9: dlsch_rounds 285/0/0/0, dlsch_errors 0, pucch0_DTX 0 (SNR 21.3+1.3 dB), BLER 0.00000 MCS (0) 0 CCE fail 1, goodput 0.00 Mbps
UE 2cf9: ulsch_rounds 2733/0/0/0, ulsch_errors 0, ulsch_DTX 0, BLER 0.00000 MCS (0) 0 (Qm 2 deltaMCS 0 dB) NPRB 5 SNR 22.6 (+2.6) dB CCE fail 0, goodput 0.00 Mbps
UE 2cf9: LCID 1: TX            522 RX            281 bytes
UE 2cf9: LCID 2: TX              0 RX              0 bytes
UE 2cf9: LCID 4: TX              9 RX            165 bytes

[0m[NR_MAC] Frame.Slot 768.0
UE RNTI 2cf9 CU-UE-ID 1 in-sync PH 48 dB PCMAX 20 dBm, average RSRP -43 (16 meas)
UE 2cf9: dlsch_rounds 287/0/0/0, dlsch_errors 0, pucch0_DTX 0 (SNR 21.3+1.3 dB), BLER 0.00000 MCS (0) 0 CCE fail 1, goodput 0.00 Mbps
UE 2cf9: ulsch_rounds 2746/0/0/0, ulsch_errors 0, ulsch_DTX 0, BLER 0.00000 MCS (0) 0 (Qm 2 deltaMCS 0 dB) NPRB 5 SNR 22.1 (+2.1) dB CCE fail 0, goodput 0.00 Mbps
UE 2cf9: LCID 1: TX            522 RX            281 bytes
UE 2cf9: LCID 2: TX              0 RX              0 bytes
UE 2cf9: LCID 4: TX              9 RX            165 bytes

[0m[NR_MAC] Frame.Slot 896.0
UE RNTI 2cf9 CU-UE-ID 1 in-sync PH 48 dB PCMAX 20 dBm, average RSRP -43 (16 meas)
UE 2cf9: dlsch_rounds 288/0/0/0, dlsch_errors 0, pucch0_DTX 0 (SNR 21.3+1.3 dB), BLER 0.00000 MCS (0) 0 CCE fail 1, goodput 0.00 Mbps
UE 2cf9: ulsch_rounds 2759/0/0/0, ulsch_errors 0, ulsch_DTX 0, BLER 0.00000 MCS (0) 0 (Qm 2 deltaMCS 0 dB) NPRB 5 SNR 21.8 (+1.8) dB CCE fail 0, goodput 0.00 Mbps
UE 2cf9: LCID 1: TX            522 RX            281 bytes
UE 2cf9: LCID 2: TX              0 RX              0 bytes
UE 2cf9: LCID 4: TX              9 RX            165 bytes

[0m[NR_MAC] Frame.Slot 0.0
UE RNTI 2cf9 CU-UE-ID 1 in-sync PH 48 dB PCMAX 20 dBm, average RSRP -43 (16 meas)
UE 2cf9: dlsch_rounds 289/0/0/0, dlsch_errors 0, pucch0_DTX 0 (SNR 21.3+1.3 dB), BLER 0.00000 MCS (0) 0 CCE fail 1, goodput 0.00 Mbps
UE 2cf9: ulsch_rounds 2771/0/0/0, ulsch_errors 0, ulsch_DTX 0, BLER 0.00000 MCS (0) 0 (Qm 2 deltaMCS 0 dB) NPRB 5 SNR 22.6 (+2.6) dB CCE fail 0, goodput 0.00 Mbps
UE 2cf9: LCID 1: TX            522 RX            281 bytes
UE 2cf9: LCID 2: TX              0 RX              0 bytes
UE 2cf9: LCID 4: TX              9 RX            165 bytes

[0m[NR_MAC] Frame.Slot 128.0
UE RNTI 2cf9 CU-UE-ID 1 in-sync PH 48 dB PCMAX 20 dBm, average RSRP -43 (16 meas)
UE 2cf9: dlsch_rounds 291/0/0/0, dlsch_errors 0, pucch0_DTX 0 (SNR 21.3+1.3 dB), BLER 0.00000 MCS (0) 0 CCE fail 1, goodput 0.00 Mbps
UE 2cf9: ulsch_rounds 2784/0/0/0, ulsch_errors 0, ulsch_DTX 0, BLER 0.00000 MCS (0) 0 (Qm 2 deltaMCS 0 dB) NPRB 5 SNR 22.2 (+2.2) dB CCE fail 0, goodput 0.00 Mbps
UE 2cf9: LCID 1: TX            522 RX            281 bytes
UE 2cf9: LCID 2: TX              0 RX              0 bytes
UE 2cf9: LCID 4: TX              9 RX            165 bytes

[0m[NR_MAC] Frame.Slot 256.0
UE RNTI 2cf9 CU-UE-ID 1 in-sync PH 48 dB PCMAX 20 dBm, average RSRP -43 (16 meas)
UE 2cf9: dlsch_rounds 292/0/0/0, dlsch_errors 0, pucch0_DTX 0 (SNR 21.3+1.3 dB), BLER 0.00000 MCS (0) 0 CCE fail 1, goodput 0.00 Mbps
UE 2cf9: ulsch_rounds 2797/0/0/0, ulsch_errors 0, ulsch_DTX 0, BLER 0.00000 MCS (0) 0 (Qm 2 deltaMCS 0 dB) NPRB 5 SNR 21.8 (+1.8) dB CCE fail 0, goodput 0.00 Mbps
UE 2cf9: LCID 1: TX            522 RX            281 bytes
UE 2cf9: LCID 2: TX              0 RX              0 bytes
UE 2cf9: LCID 4: TX              9 RX            165 bytes

[0m[NR_MAC] Frame.Slot 384.0
UE RNTI 2cf9 CU-UE-ID 1 in-sync PH 48 dB PCMAX 20 dBm, average RSRP -43 (16 meas)
UE 2cf9: dlsch_rounds 293/0/0/0, dlsch_errors 0, pucch0_DTX 0 (SNR 21.3+1.3 dB), BLER 0.00000 MCS (0) 0 CCE fail 1, goodput 0.00 Mbps
UE 2cf9: ulsch_rounds 2810/0/0/0, ulsch_errors 0, ulsch_DTX 0, BLER 0.00000 MCS (0) 0 (Qm 2 deltaMCS 0 dB) NPRB 5 SNR 22.3 (+2.3) dB CCE fail 0, goodput 0.00 Mbps
UE 2cf9: LCID 1: TX            522 RX            281 bytes
UE 2cf9: LCID 2: TX              0 RX              0 bytes
UE 2cf9: LCID 4: TX              9 RX            165 bytes

[0m[NR_MAC] Frame.Slot 512.0
UE RNTI 2cf9 CU-UE-ID 1 in-sync PH 48 dB PCMAX 20 dBm, average RSRP -43 (16 meas)
UE 2cf9: dlsch_rounds 294/0/0/0, dlsch_errors 0, pucch0_DTX 0 (SNR 21.3+1.3 dB), BLER 0.00000 MCS (0) 0 CCE fail 1, goodput 0.00 Mbps
UE 2cf9: ulsch_rounds 2823/0/0/0, ulsch_errors 0, ulsch_DTX 0, BLER 0.00000 MCS (0) 0 (Qm 2 deltaMCS 0 dB) NPRB 5 SNR 22.0 (+2.0) dB CCE fail 0, goodput 0.00 Mbps
UE 2cf9: LCID 1: TX            522 RX            281 bytes
UE 2cf9: LCID 2: TX              0 RX              0 bytes
UE 2cf9: LCID 4: TX              9 RX            165 bytes

[0m[NR_MAC] Frame.Slot 640.0
UE RNTI 2cf9 CU-UE-ID 1 in-sync PH 48 dB PCMAX 20 dBm, average RSRP -43 (16 meas)
UE 2cf9: dlsch_rounds 296/0/0/0, dlsch_errors 0, pucch0_DTX 0 (SNR 21.3+1.3 dB), BLER 0.00000 MCS (0) 0 CCE fail 1, goodput 0.00 Mbps
UE 2cf9: ulsch_rounds 2835/0/0/0, ulsch_errors 0, ulsch_DTX 0, BLER 0.00000 MCS (0) 0 (Qm 2 deltaMCS 0 dB) NPRB 5 SNR 21.8 (+1.8) dB CCE fail 0, goodput 0.00 Mbps
UE 2cf9: LCID 1: TX            522 RX            281 bytes
UE 2cf9: LCID 2: TX              0 RX              0 bytes
UE 2cf9: LCID 4: TX              9 RX            165 bytes

[0m[NR_MAC] Frame.Slot 768.0
UE RNTI 2cf9 CU-UE-ID 1 in-sync PH 48 dB PCMAX 20 dBm, average RSRP -43 (16 meas)
UE 2cf9: dlsch_rounds 297/0/0/0, dlsch_errors 0, pucch0_DTX 0 (SNR 21.3+1.3 dB), BLER 0.00000 MCS (0) 0 CCE fail 1, goodput 0.00 Mbps
UE 2cf9: ulsch_rounds 2848/0/0/0, ulsch_errors 0, ulsch_DTX 0, BLER 0.00000 MCS (0) 0 (Qm 2 deltaMCS 0 dB) NPRB 5 SNR 22.4 (+2.4) dB CCE fail 0, goodput 0.00 Mbps
UE 2cf9: LCID 1: TX            522 RX            281 bytes
UE 2cf9: LCID 2: TX              0 RX              0 bytes
UE 2cf9: LCID 4: TX              9 RX            165 bytes

[0m[NR_MAC] Frame.Slot 896.0
UE RNTI 2cf9 CU-UE-ID 1 in-sync PH 48 dB PCMAX 20 dBm, average RSRP -43 (16 meas)
UE 2cf9: dlsch_rounds 298/0/0/0, dlsch_errors 0, pucch0_DTX 0 (SNR 21.3+1.3 dB), BLER 0.00000 MCS (0) 0 CCE fail 1, goodput 0.00 Mbps
UE 2cf9: ulsch_rounds 2861/0/0/0, ulsch_errors 0, ulsch_DTX 0, BLER 0.00000 MCS (0) 0 (Qm 2 deltaMCS 0 dB) NPRB 5 SNR 22.0 (+2.0) dB CCE fail 0, goodput 0.00 Mbps
UE 2cf9: LCID 1: TX            522 RX            281 bytes
UE 2cf9: LCID 2: TX              0 RX              0 bytes
UE 2cf9: LCID 4: TX              9 RX            165 bytes

[0m[NR_MAC] Frame.Slot 0.0
UE RNTI 2cf9 CU-UE-ID 1 in-sync PH 48 dB PCMAX 20 dBm, average RSRP -43 (16 meas)
UE 2cf9: dlsch_rounds 300/0/0/0, dlsch_errors 0, pucch0_DTX 0 (SNR 21.3+1.3 dB), BLER 0.00000 MCS (0) 0 CCE fail 1, goodput 0.00 Mbps
UE 2cf9: ulsch_rounds 2874/0/0/0, ulsch_errors 0, ulsch_DTX 0, BLER 0.00000 MCS (0) 0 (Qm 2 deltaMCS 0 dB) NPRB 5 SNR 22.6 (+2.6) dB CCE fail 0, goodput 0.00 Mbps
UE 2cf9: LCID 1: TX            522 RX            281 bytes
UE 2cf9: LCID 2: TX              0 RX              0 bytes
UE 2cf9: LCID 4: TX              9 RX            165 bytes

[0m[NR_MAC] Frame.Slot 128.0
UE RNTI 2cf9 CU-UE-ID 1 in-sync PH 48 dB PCMAX 20 dBm, average RSRP -43 (16 meas)
UE 2cf9: dlsch_rounds 301/0/0/0, dlsch_errors 0, pucch0_DTX 0 (SNR 21.3+1.3 dB), BLER 0.00000 MCS (0) 0 CCE fail 1, goodput 0.00 Mbps
UE 2cf9: ulsch_rounds 2887/0/0/0, ulsch_errors 0, ulsch_DTX 0, BLER 0.00000 MCS (0) 0 (Qm 2 deltaMCS 0 dB) NPRB 5 SNR 22.2 (+2.2) dB CCE fail 0, goodput 0.00 Mbps
UE 2cf9: LCID 1: TX            522 RX            281 bytes
UE 2cf9: LCID 2: TX              0 RX              0 bytes
UE 2cf9: LCID 4: TX              9 RX            165 bytes

[0m[NR_MAC] Frame.Slot 256.0
UE RNTI 2cf9 CU-UE-ID 1 in-sync PH 48 dB PCMAX 20 dBm, average RSRP -43 (16 meas)
UE 2cf9: dlsch_rounds 302/0/0/0, dlsch_errors 0, pucch0_DTX 0 (SNR 21.3+1.3 dB), BLER 0.00000 MCS (0) 0 CCE fail 1, goodput 0.00 Mbps
UE 2cf9: ulsch_rounds 2899/0/0/0, ulsch_errors 0, ulsch_DTX 0, BLER 0.00000 MCS (0) 0 (Qm 2 deltaMCS 0 dB) NPRB 5 SNR 22.0 (+2.0) dB CCE fail 0, goodput 0.00 Mbps
UE 2cf9: LCID 1: TX            522 RX            281 bytes
UE 2cf9: LCID 2: TX              0 RX              0 bytes
UE 2cf9: LCID 4: TX              9 RX            165 bytes

[0m[NR_MAC] Frame.Slot 384.0
UE RNTI 2cf9 CU-UE-ID 1 in-sync PH 48 dB PCMAX 20 dBm, average RSRP -43 (16 meas)
UE 2cf9: dlsch_rounds 303/0/0/0, dlsch_errors 0, pucch0_DTX 0 (SNR 21.3+1.3 dB), BLER 0.00000 MCS (0) 0 CCE fail 1, goodput 0.00 Mbps
UE 2cf9: ulsch_rounds 2912/0/0/0, ulsch_errors 0, ulsch_DTX 0, BLER 0.00000 MCS (0) 0 (Qm 2 deltaMCS 0 dB) NPRB 5 SNR 22.6 (+2.6) dB CCE fail 0, goodput 0.00 Mbps
UE 2cf9: LCID 1: TX            522 RX            281 bytes
UE 2cf9: LCID 2: TX              0 RX              0 bytes
UE 2cf9: LCID 4: TX              9 RX            165 bytes

[0m[NR_MAC] Frame.Slot 512.0
UE RNTI 2cf9 CU-UE-ID 1 in-sync PH 48 dB PCMAX 20 dBm, average RSRP -43 (16 meas)
UE 2cf9: dlsch_rounds 305/0/0/0, dlsch_errors 0, pucch0_DTX 0 (SNR 21.3+1.3 dB), BLER 0.00000 MCS (0) 0 CCE fail 1, goodput 0.00 Mbps
UE 2cf9: ulsch_rounds 2925/0/0/0, ulsch_errors 0, ulsch_DTX 0, BLER 0.00000 MCS (0) 0 (Qm 2 deltaMCS 0 dB) NPRB 5 SNR 22.2 (+2.2) dB CCE fail 0, goodput 0.00 Mbps
UE 2cf9: LCID 1: TX            522 RX            281 bytes
UE 2cf9: LCID 2: TX              0 RX              0 bytes
UE 2cf9: LCID 4: TX              9 RX            165 bytes

[0m[NR_MAC] Frame.Slot 640.0
UE RNTI 2cf9 CU-UE-ID 1 in-sync PH 48 dB PCMAX 20 dBm, average RSRP -43 (16 meas)
UE 2cf9: dlsch_rounds 306/0/0/0, dlsch_errors 0, pucch0_DTX 0 (SNR 21.3+1.3 dB), BLER 0.00000 MCS (0) 0 CCE fail 1, goodput 0.00 Mbps
UE 2cf9: ulsch_rounds 2938/0/0/0, ulsch_errors 0, ulsch_DTX 0, BLER 0.00000 MCS (0) 0 (Qm 2 deltaMCS 0 dB) NPRB 5 SNR 21.8 (+1.8) dB CCE fail 0, goodput 0.00 Mbps
UE 2cf9: LCID 1: TX            522 RX            281 bytes
UE 2cf9: LCID 2: TX              0 RX              0 bytes
UE 2cf9: LCID 4: TX              9 RX            165 bytes

[0m[NR_MAC] Frame.Slot 768.0
UE RNTI 2cf9 CU-UE-ID 1 in-sync PH 48 dB PCMAX 20 dBm, average RSRP -43 (16 meas)
UE 2cf9: dlsch_rounds 307/0/0/0, dlsch_errors 0, pucch0_DTX 0 (SNR 21.3+1.3 dB), BLER 0.00000 MCS (0) 0 CCE fail 1, goodput 0.00 Mbps
UE 2cf9: ulsch_rounds 2951/0/0/0, ulsch_errors 0, ulsch_DTX 0, BLER 0.00000 MCS (0) 0 (Qm 2 deltaMCS 0 dB) NPRB 5 SNR 22.4 (+2.4) dB CCE fail 0, goodput 0.00 Mbps
UE 2cf9: LCID 1: TX            522 RX            281 bytes
UE 2cf9: LCID 2: TX              0 RX              0 bytes
UE 2cf9: LCID 4: TX              9 RX            165 bytes

[0m[NR_MAC] Frame.Slot 896.0
UE RNTI 2cf9 CU-UE-ID 1 in-sync PH 48 dB PCMAX 20 dBm, average RSRP -43 (16 meas)
UE 2cf9: dlsch_rounds 308/0/0/0, dlsch_errors 0, pucch0_DTX 0 (SNR 21.3+1.3 dB), BLER 0.00000 MCS (0) 0 CCE fail 1, goodput 0.00 Mbps
UE 2cf9: ulsch_rounds 2963/0/0/0, ulsch_errors 0, ulsch_DTX 0, BLER 0.00000 MCS (0) 0 (Qm 2 deltaMCS 0 dB) NPRB 5 SNR 22.2 (+2.2) dB CCE fail 0, goodput 0.00 Mbps
UE 2cf9: LCID 1: TX            522 RX            281 bytes
UE 2cf9: LCID 2: TX              0 RX              0 bytes
UE 2cf9: LCID 4: TX              9 RX            165 bytes

[0m[NR_MAC] Frame.Slot 0.0
UE RNTI 2cf9 CU-UE-ID 1 in-sync PH 48 dB PCMAX 20 dBm, average RSRP -43 (16 meas)
UE 2cf9: dlsch_rounds 310/0/0/0, dlsch_errors 0, pucch0_DTX 0 (SNR 21.3+1.3 dB), BLER 0.00000 MCS (0) 0 CCE fail 1, goodput 0.00 Mbps
UE 2cf9: ulsch_rounds 2976/0/0/0, ulsch_errors 0, ulsch_DTX 0, BLER 0.00000 MCS (0) 0 (Qm 2 deltaMCS 0 dB) NPRB 5 SNR 21.8 (+1.8) dB CCE fail 0, goodput 0.00 Mbps
UE 2cf9: LCID 1: TX            522 RX            281 bytes
UE 2cf9: LCID 2: TX              0 RX              0 bytes
UE 2cf9: LCID 4: TX              9 RX            165 bytes

[0m[NR_MAC] Frame.Slot 128.0
UE RNTI 2cf9 CU-UE-ID 1 in-sync PH 48 dB PCMAX 20 dBm, average RSRP -43 (16 meas)
UE 2cf9: dlsch_rounds 311/0/0/0, dlsch_errors 0, pucch0_DTX 0 (SNR 21.3+1.3 dB), BLER 0.00000 MCS (0) 0 CCE fail 1, goodput 0.00 Mbps
UE 2cf9: ulsch_rounds 2989/0/0/0, ulsch_errors 0, ulsch_DTX 0, BLER 0.00000 MCS (0) 0 (Qm 2 deltaMCS 0 dB) NPRB 5 SNR 22.4 (+2.4) dB CCE fail 0, goodput 0.00 Mbps
UE 2cf9: LCID 1: TX            522 RX            281 bytes
UE 2cf9: LCID 2: TX              0 RX              0 bytes
UE 2cf9: LCID 4: TX              9 RX            165 bytes

[0m[NR_MAC] Frame.Slot 256.0
UE RNTI 2cf9 CU-UE-ID 1 in-sync PH 48 dB PCMAX 20 dBm, average RSRP -43 (16 meas)
UE 2cf9: dlsch_rounds 312/0/0/0, dlsch_errors 0, pucch0_DTX 0 (SNR 21.3+1.3 dB), BLER 0.00000 MCS (0) 0 CCE fail 1, goodput 0.00 Mbps
UE 2cf9: ulsch_rounds 3002/0/0/0, ulsch_errors 0, ulsch_DTX 0, BLER 0.00000 MCS (0) 0 (Qm 2 deltaMCS 0 dB) NPRB 5 SNR 22.0 (+2.0) dB CCE fail 0, goodput 0.00 Mbps
UE 2cf9: LCID 1: TX            522 RX            281 bytes
UE 2cf9: LCID 2: TX              0 RX              0 bytes
UE 2cf9: LCID 4: TX              9 RX            165 bytes

[0m[NR_MAC] Frame.Slot 384.0
UE RNTI 2cf9 CU-UE-ID 1 in-sync PH 48 dB PCMAX 20 dBm, average RSRP -43 (16 meas)
UE 2cf9: dlsch_rounds 314/0/0/0, dlsch_errors 0, pucch0_DTX 0 (SNR 21.3+1.3 dB), BLER 0.00000 MCS (0) 0 CCE fail 1, goodput 0.00 Mbps
UE 2cf9: ulsch_rounds 3015/0/0/0, ulsch_errors 0, ulsch_DTX 0, BLER 0.00000 MCS (0) 0 (Qm 2 deltaMCS 0 dB) NPRB 5 SNR 22.6 (+2.6) dB CCE fail 0, goodput 0.00 Mbps
UE 2cf9: LCID 1: TX            522 RX            281 bytes
UE 2cf9: LCID 2: TX              0 RX              0 bytes
UE 2cf9: LCID 4: TX              9 RX            165 bytes

[0m[NR_MAC] Frame.Slot 512.0
UE RNTI 2cf9 CU-UE-ID 1 in-sync PH 48 dB PCMAX 20 dBm, average RSRP -43 (16 meas)
UE 2cf9: dlsch_rounds 315/0/0/0, dlsch_errors 0, pucch0_DTX 0 (SNR 21.3+1.3 dB), BLER 0.00000 MCS (0) 0 CCE fail 1, goodput 0.00 Mbps
UE 2cf9: ulsch_rounds 3027/0/0/0, ulsch_errors 0, ulsch_DTX 0, BLER 0.00000 MCS (0) 0 (Qm 2 deltaMCS 0 dB) NPRB 5 SNR 22.4 (+2.4) dB CCE fail 0, goodput 0.00 Mbps
UE 2cf9: LCID 1: TX            522 RX            281 bytes
UE 2cf9: LCID 2: TX              0 RX              0 bytes
UE 2cf9: LCID 4: TX              9 RX            165 bytes

[0m[NR_MAC] Frame.Slot 640.0
UE RNTI 2cf9 CU-UE-ID 1 in-sync PH 48 dB PCMAX 20 dBm, average RSRP -43 (16 meas)
UE 2cf9: dlsch_rounds 316/0/0/0, dlsch_errors 0, pucch0_DTX 0 (SNR 21.3+1.3 dB), BLER 0.00000 MCS (0) 0 CCE fail 1, goodput 0.00 Mbps
UE 2cf9: ulsch_rounds 3040/0/0/0, ulsch_errors 0, ulsch_DTX 0, BLER 0.00000 MCS (0) 0 (Qm 2 deltaMCS 0 dB) NPRB 5 SNR 22.0 (+2.0) dB CCE fail 0, goodput 0.00 Mbps
UE 2cf9: LCID 1: TX            522 RX            281 bytes
UE 2cf9: LCID 2: TX              0 RX              0 bytes
UE 2cf9: LCID 4: TX              9 RX            165 bytes

[0m[NR_MAC] Frame.Slot 768.0
UE RNTI 2cf9 CU-UE-ID 1 in-sync PH 48 dB PCMAX 20 dBm, average RSRP -43 (16 meas)
UE 2cf9: dlsch_rounds 317/0/0/0, dlsch_errors 0, pucch0_DTX 0 (SNR 21.3+1.3 dB), BLER 0.00000 MCS (0) 0 CCE fail 1, goodput 0.00 Mbps
UE 2cf9: ulsch_rounds 3053/0/0/0, ulsch_errors 0, ulsch_DTX 0, BLER 0.00000 MCS (0) 0 (Qm 2 deltaMCS 0 dB) NPRB 5 SNR 22.6 (+2.6) dB CCE fail 0, goodput 0.00 Mbps
UE 2cf9: LCID 1: TX            522 RX            281 bytes
UE 2cf9: LCID 2: TX              0 RX              0 bytes
UE 2cf9: LCID 4: TX              9 RX            165 bytes

[0m[NR_MAC] Frame.Slot 896.0
UE RNTI 2cf9 CU-UE-ID 1 in-sync PH 48 dB PCMAX 20 dBm, average RSRP -43 (16 meas)
UE 2cf9: dlsch_rounds 319/0/0/0, dlsch_errors 0, pucch0_DTX 0 (SNR 21.3+1.3 dB), BLER 0.00000 MCS (0) 0 CCE fail 1, goodput 0.00 Mbps
UE 2cf9: ulsch_rounds 3066/0/0/0, ulsch_errors 0, ulsch_DTX 0, BLER 0.00000 MCS (0) 0 (Qm 2 deltaMCS 0 dB) NPRB 5 SNR 22.2 (+2.2) dB CCE fail 0, goodput 0.00 Mbps
UE 2cf9: LCID 1: TX            522 RX            281 bytes
UE 2cf9: LCID 2: TX              0 RX              0 bytes
UE 2cf9: LCID 4: TX              9 RX            165 bytes

[0m[NR_MAC] Frame.Slot 0.0
UE RNTI 2cf9 CU-UE-ID 1 in-sync PH 48 dB PCMAX 20 dBm, average RSRP -43 (16 meas)
UE 2cf9: dlsch_rounds 320/0/0/0, dlsch_errors 0, pucch0_DTX 0 (SNR 21.3+1.3 dB), BLER 0.00000 MCS (0) 0 CCE fail 1, goodput 0.00 Mbps
UE 2cf9: ulsch_rounds 3079/0/0/0, ulsch_errors 0, ulsch_DTX 0, BLER 0.00000 MCS (0) 0 (Qm 2 deltaMCS 0 dB) NPRB 5 SNR 21.8 (+1.8) dB CCE fail 0, goodput 0.00 Mbps
UE 2cf9: LCID 1: TX            522 RX            281 bytes
UE 2cf9: LCID 2: TX              0 RX              0 bytes
UE 2cf9: LCID 4: TX              9 RX            165 bytes

[0m[NR_MAC] Frame.Slot 128.0
UE RNTI 2cf9 CU-UE-ID 1 in-sync PH 48 dB PCMAX 20 dBm, average RSRP -43 (16 meas)
UE 2cf9: dlsch_rounds 321/0/0/0, dlsch_errors 0, pucch0_DTX 0 (SNR 21.3+1.3 dB), BLER 0.00000 MCS (0) 0 CCE fail 1, goodput 0.00 Mbps
UE 2cf9: ulsch_rounds 3091/0/0/0, ulsch_errors 0, ulsch_DTX 0, BLER 0.00000 MCS (0) 0 (Qm 2 deltaMCS 0 dB) NPRB 5 SNR 22.7 (+2.7) dB CCE fail 0, goodput 0.00 Mbps
UE 2cf9: LCID 1: TX            522 RX            281 bytes
UE 2cf9: LCID 2: TX              0 RX              0 bytes
UE 2cf9: LCID 4: TX              9 RX            165 bytes

[0m[NR_MAC] Frame.Slot 256.0
UE RNTI 2cf9 CU-UE-ID 1 in-sync PH 48 dB PCMAX 20 dBm, average RSRP -43 (16 meas)
UE 2cf9: dlsch_rounds 323/0/0/0, dlsch_errors 0, pucch0_DTX 0 (SNR 21.3+1.3 dB), BLER 0.00000 MCS (0) 0 CCE fail 1, goodput 0.00 Mbps
UE 2cf9: ulsch_rounds 3104/0/0/0, ulsch_errors 0, ulsch_DTX 0, BLER 0.00000 MCS (0) 0 (Qm 2 deltaMCS 0 dB) NPRB 5 SNR 22.3 (+2.3) dB CCE fail 0, goodput 0.00 Mbps
UE 2cf9: LCID 1: TX            522 RX            281 bytes
UE 2cf9: LCID 2: TX              0 RX              0 bytes
UE 2cf9: LCID 4: TX              9 RX            165 bytes

[0m[NR_MAC] Frame.Slot 384.0
UE RNTI 2cf9 CU-UE-ID 1 in-sync PH 48 dB PCMAX 20 dBm, average RSRP -43 (16 meas)
UE 2cf9: dlsch_rounds 324/0/0/0, dlsch_errors 0, pucch0_DTX 0 (SNR 21.3+1.3 dB), BLER 0.00000 MCS (0) 0 CCE fail 1, goodput 0.00 Mbps
UE 2cf9: ulsch_rounds 3117/0/0/0, ulsch_errors 0, ulsch_DTX 0, BLER 0.00000 MCS (0) 0 (Qm 2 deltaMCS 0 dB) NPRB 5 SNR 21.8 (+1.8) dB CCE fail 0, goodput 0.00 Mbps
UE 2cf9: LCID 1: TX            522 RX            281 bytes
UE 2cf9: LCID 2: TX              0 RX              0 bytes
UE 2cf9: LCID 4: TX              9 RX            165 bytes

[0m[NR_MAC] Frame.Slot 512.0
UE RNTI 2cf9 CU-UE-ID 1 in-sync PH 48 dB PCMAX 20 dBm, average RSRP -43 (16 meas)
UE 2cf9: dlsch_rounds 325/0/0/0, dlsch_errors 0, pucch0_DTX 0 (SNR 21.3+1.3 dB), BLER 0.00000 MCS (0) 0 CCE fail 1, goodput 0.00 Mbps
UE 2cf9: ulsch_rounds 3130/0/0/0, ulsch_errors 0, ulsch_DTX 0, BLER 0.00000 MCS (0) 0 (Qm 2 deltaMCS 0 dB) NPRB 5 SNR 22.4 (+2.4) dB CCE fail 0, goodput 0.00 Mbps
UE 2cf9: LCID 1: TX            522 RX            281 bytes
UE 2cf9: LCID 2: TX              0 RX              0 bytes
UE 2cf9: LCID 4: TX              9 RX            165 bytes

[0m[NR_MAC] Frame.Slot 640.0
UE RNTI 2cf9 CU-UE-ID 1 in-sync PH 48 dB PCMAX 20 dBm, average RSRP -43 (16 meas)
UE 2cf9: dlsch_rounds 326/0/0/0, dlsch_errors 0, pucch0_DTX 0 (SNR 21.3+1.3 dB), BLER 0.00000 MCS (0) 0 CCE fail 1, goodput 0.00 Mbps
UE 2cf9: ulsch_rounds 3143/0/0/0, ulsch_errors 0, ulsch_DTX 0, BLER 0.00000 MCS (0) 0 (Qm 2 deltaMCS 0 dB) NPRB 5 SNR 22.0 (+2.0) dB CCE fail 0, goodput 0.00 Mbps
UE 2cf9: LCID 1: TX            522 RX            281 bytes
UE 2cf9: LCID 2: TX              0 RX              0 bytes
UE 2cf9: LCID 4: TX              9 RX            165 bytes

[0m[NR_MAC] Frame.Slot 768.0
UE RNTI 2cf9 CU-UE-ID 1 in-sync PH 48 dB PCMAX 20 dBm, average RSRP -43 (16 meas)
UE 2cf9: dlsch_rounds 328/0/0/0, dlsch_errors 0, pucch0_DTX 0 (SNR 21.3+1.3 dB), BLER 0.00000 MCS (0) 0 CCE fail 1, goodput 0.00 Mbps
UE 2cf9: ulsch_rounds 3155/0/0/0, ulsch_errors 0, ulsch_DTX 0, BLER 0.00000 MCS (0) 0 (Qm 2 deltaMCS 0 dB) NPRB 5 SNR 21.9 (+1.9) dB CCE fail 0, goodput 0.00 Mbps
UE 2cf9: LCID 1: TX            522 RX            281 bytes
UE 2cf9: LCID 2: TX              0 RX              0 bytes
UE 2cf9: LCID 4: TX              9 RX            165 bytes

[0m[NR_MAC] Frame.Slot 896.0
UE RNTI 2cf9 CU-UE-ID 1 in-sync PH 48 dB PCMAX 20 dBm, average RSRP -43 (16 meas)
UE 2cf9: dlsch_rounds 329/0/0/0, dlsch_errors 0, pucch0_DTX 0 (SNR 21.3+1.3 dB), BLER 0.00000 MCS (0) 0 CCE fail 1, goodput 0.00 Mbps
UE 2cf9: ulsch_rounds 3168/0/0/0, ulsch_errors 0, ulsch_DTX 0, BLER 0.00000 MCS (0) 0 (Qm 2 deltaMCS 0 dB) NPRB 5 SNR 22.5 (+2.5) dB CCE fail 0, goodput 0.00 Mbps
UE 2cf9: LCID 1: TX            522 RX            281 bytes
UE 2cf9: LCID 2: TX              0 RX              0 bytes
UE 2cf9: LCID 4: TX              9 RX            165 bytes

[0m[NR_MAC] Frame.Slot 0.0
UE RNTI 2cf9 CU-UE-ID 1 in-sync PH 48 dB PCMAX 20 dBm, average RSRP -43 (16 meas)
UE 2cf9: dlsch_rounds 330/0/0/0, dlsch_errors 0, pucch0_DTX 0 (SNR 21.3+1.3 dB), BLER 0.00000 MCS (0) 0 CCE fail 1, goodput 0.00 Mbps
UE 2cf9: ulsch_rounds 3181/0/0/0, ulsch_errors 0, ulsch_DTX 0, BLER 0.00000 MCS (0) 0 (Qm 2 deltaMCS 0 dB) NPRB 5 SNR 22.0 (+2.0) dB CCE fail 0, goodput 0.00 Mbps
UE 2cf9: LCID 1: TX            522 RX            281 bytes
UE 2cf9: LCID 2: TX              0 RX              0 bytes
UE 2cf9: LCID 4: TX              9 RX            165 bytes

[0m[NR_MAC] Frame.Slot 128.0
UE RNTI 2cf9 CU-UE-ID 1 in-sync PH 48 dB PCMAX 20 dBm, average RSRP -43 (16 meas)
UE 2cf9: dlsch_rounds 332/0/0/0, dlsch_errors 0, pucch0_DTX 0 (SNR 21.3+1.3 dB), BLER 0.00000 MCS (0) 0 CCE fail 1, goodput 0.00 Mbps
UE 2cf9: ulsch_rounds 3194/0/0/0, ulsch_errors 0, ulsch_DTX 0, BLER 0.00000 MCS (0) 0 (Qm 2 deltaMCS 0 dB) NPRB 5 SNR 22.6 (+2.6) dB CCE fail 0, goodput 0.00 Mbps
UE 2cf9: LCID 1: TX            522 RX            281 bytes
UE 2cf9: LCID 2: TX              0 RX              0 bytes
UE 2cf9: LCID 4: TX              9 RX            165 bytes

[0m[NR_MAC] Frame.Slot 256.0
UE RNTI 2cf9 CU-UE-ID 1 in-sync PH 48 dB PCMAX 20 dBm, average RSRP -43 (16 meas)
UE 2cf9: dlsch_rounds 333/0/0/0, dlsch_errors 0, pucch0_DTX 0 (SNR 21.3+1.3 dB), BLER 0.00000 MCS (0) 0 CCE fail 1, goodput 0.00 Mbps
UE 2cf9: ulsch_rounds 3207/0/0/0, ulsch_errors 0, ulsch_DTX 0, BLER 0.00000 MCS (0) 0 (Qm 2 deltaMCS 0 dB) NPRB 5 SNR 22.2 (+2.2) dB CCE fail 0, goodput 0.00 Mbps
UE 2cf9: LCID 1: TX            522 RX            281 bytes
UE 2cf9: LCID 2: TX              0 RX              0 bytes
UE 2cf9: LCID 4: TX              9 RX            165 bytes

[0m[NR_MAC] Frame.Slot 384.0
UE RNTI 2cf9 CU-UE-ID 1 in-sync PH 48 dB PCMAX 20 dBm, average RSRP -43 (16 meas)
UE 2cf9: dlsch_rounds 334/0/0/0, dlsch_errors 0, pucch0_DTX 0 (SNR 21.3+1.3 dB), BLER 0.00000 MCS (0) 0 CCE fail 1, goodput 0.00 Mbps
UE 2cf9: ulsch_rounds 3219/0/0/0, ulsch_errors 0, ulsch_DTX 0, BLER 0.00000 MCS (0) 0 (Qm 2 deltaMCS 0 dB) NPRB 5 SNR 22.1 (+2.1) dB CCE fail 0, goodput 0.00 Mbps
UE 2cf9: LCID 1: TX            522 RX            281 bytes
UE 2cf9: LCID 2: TX              0 RX              0 bytes
UE 2cf9: LCID 4: TX              9 RX            165 bytes

[0m[NR_MAC] Frame.Slot 512.0
UE RNTI 2cf9 CU-UE-ID 1 in-sync PH 48 dB PCMAX 20 dBm, average RSRP -43 (16 meas)
UE 2cf9: dlsch_rounds 335/0/0/0, dlsch_errors 0, pucch0_DTX 0 (SNR 21.3+1.3 dB), BLER 0.00000 MCS (0) 0 CCE fail 1, goodput 0.00 Mbps
UE 2cf9: ulsch_rounds 3232/0/0/0, ulsch_errors 0, ulsch_DTX 0, BLER 0.00000 MCS (0) 0 (Qm 2 deltaMCS 0 dB) NPRB 5 SNR 22.7 (+2.7) dB CCE fail 0, goodput 0.00 Mbps
UE 2cf9: LCID 1: TX            522 RX            281 bytes
UE 2cf9: LCID 2: TX              0 RX              0 bytes
UE 2cf9: LCID 4: TX              9 RX            165 bytes

[0m[NR_MAC] Frame.Slot 640.0
UE RNTI 2cf9 CU-UE-ID 1 in-sync PH 48 dB PCMAX 20 dBm, average RSRP -43 (16 meas)
UE 2cf9: dlsch_rounds 337/0/0/0, dlsch_errors 0, pucch0_DTX 0 (SNR 21.3+1.3 dB), BLER 0.00000 MCS (0) 0 CCE fail 1, goodput 0.00 Mbps
UE 2cf9: ulsch_rounds 3245/0/0/0, ulsch_errors 0, ulsch_DTX 0, BLER 0.00000 MCS (0) 0 (Qm 2 deltaMCS 0 dB) NPRB 5 SNR 22.3 (+2.3) dB CCE fail 0, goodput 0.00 Mbps
UE 2cf9: LCID 1: TX            522 RX            281 bytes
UE 2cf9: LCID 2: TX              0 RX              0 bytes
UE 2cf9: LCID 4: TX              9 RX            165 bytes

[0m[NR_MAC] Frame.Slot 768.0
UE RNTI 2cf9 CU-UE-ID 1 in-sync PH 48 dB PCMAX 20 dBm, average RSRP -43 (16 meas)
UE 2cf9: dlsch_rounds 338/0/0/0, dlsch_errors 0, pucch0_DTX 0 (SNR 21.3+1.3 dB), BLER 0.00000 MCS (0) 0 CCE fail 1, goodput 0.00 Mbps
UE 2cf9: ulsch_rounds 3258/0/0/0, ulsch_errors 0, ulsch_DTX 0, BLER 0.00000 MCS (0) 0 (Qm 2 deltaMCS 0 dB) NPRB 5 SNR 21.9 (+1.9) dB CCE fail 0, goodput 0.00 Mbps
UE 2cf9: LCID 1: TX            522 RX            281 bytes
UE 2cf9: LCID 2: TX              0 RX              0 bytes
UE 2cf9: LCID 4: TX              9 RX            165 bytes

[0m[NR_MAC] Frame.Slot 896.0
UE RNTI 2cf9 CU-UE-ID 1 in-sync PH 48 dB PCMAX 20 dBm, average RSRP -43 (16 meas)
UE 2cf9: dlsch_rounds 339/0/0/0, dlsch_errors 0, pucch0_DTX 0 (SNR 21.3+1.3 dB), BLER 0.00000 MCS (0) 0 CCE fail 1, goodput 0.00 Mbps
UE 2cf9: ulsch_rounds 3271/0/0/0, ulsch_errors 0, ulsch_DTX 0, BLER 0.00000 MCS (0) 0 (Qm 2 deltaMCS 0 dB) NPRB 5 SNR 22.4 (+2.4) dB CCE fail 0, goodput 0.00 Mbps
UE 2cf9: LCID 1: TX            522 RX            281 bytes
UE 2cf9: LCID 2: TX              0 RX              0 bytes
UE 2cf9: LCID 4: TX              9 RX            165 bytes

[0m[NR_MAC] Frame.Slot 0.0
UE RNTI 2cf9 CU-UE-ID 1 in-sync PH 48 dB PCMAX 20 dBm, average RSRP -43 (16 meas)
UE 2cf9: dlsch_rounds 340/0/0/0, dlsch_errors 0, pucch0_DTX 0 (SNR 21.3+1.3 dB), BLER 0.00000 MCS (0) 0 CCE fail 1, goodput 0.00 Mbps
UE 2cf9: ulsch_rounds 3283/0/0/0, ulsch_errors 0, ulsch_DTX 0, BLER 0.00000 MCS (0) 0 (Qm 2 deltaMCS 0 dB) NPRB 5 SNR 22.3 (+2.3) dB CCE fail 0, goodput 0.00 Mbps
UE 2cf9: LCID 1: TX            522 RX            281 bytes
UE 2cf9: LCID 2: TX              0 RX              0 bytes
UE 2cf9: LCID 4: TX              9 RX            165 bytes

[0m[NR_MAC] Frame.Slot 128.0
UE RNTI 2cf9 CU-UE-ID 1 in-sync PH 48 dB PCMAX 20 dBm, average RSRP -43 (16 meas)
UE 2cf9: dlsch_rounds 342/0/0/0, dlsch_errors 0, pucch0_DTX 0 (SNR 21.3+1.3 dB), BLER 0.00000 MCS (0) 0 CCE fail 1, goodput 0.00 Mbps
UE 2cf9: ulsch_rounds 3296/0/0/0, ulsch_errors 0, ulsch_DTX 0, BLER 0.00000 MCS (0) 0 (Qm 2 deltaMCS 0 dB) NPRB 5 SNR 21.9 (+1.9) dB CCE fail 0, goodput 0.00 Mbps
UE 2cf9: LCID 1: TX            522 RX            281 bytes
UE 2cf9: LCID 2: TX              0 RX              0 bytes
UE 2cf9: LCID 4: TX              9 RX            165 bytes

[0m[NR_MAC] Frame.Slot 256.0
UE RNTI 2cf9 CU-UE-ID 1 in-sync PH 48 dB PCMAX 20 dBm, average RSRP -43 (16 meas)
UE 2cf9: dlsch_rounds 343/0/0/0, dlsch_errors 0, pucch0_DTX 0 (SNR 21.3+1.3 dB), BLER 0.00000 MCS (0) 0 CCE fail 1, goodput 0.00 Mbps
UE 2cf9: ulsch_rounds 3309/0/0/0, ulsch_errors 0, ulsch_DTX 0, BLER 0.00000 MCS (0) 0 (Qm 2 deltaMCS 0 dB) NPRB 5 SNR 22.5 (+2.5) dB CCE fail 0, goodput 0.00 Mbps
UE 2cf9: LCID 1: TX            522 RX            281 bytes
UE 2cf9: LCID 2: TX              0 RX              0 bytes
UE 2cf9: LCID 4: TX              9 RX            165 bytes

[0m[NR_MAC] Frame.Slot 384.0
UE RNTI 2cf9 CU-UE-ID 1 in-sync PH 48 dB PCMAX 20 dBm, average RSRP -43 (16 meas)
UE 2cf9: dlsch_rounds 344/0/0/0, dlsch_errors 0, pucch0_DTX 0 (SNR 21.3+1.3 dB), BLER 0.00000 MCS (0) 0 CCE fail 1, goodput 0.00 Mbps
UE 2cf9: ulsch_rounds 3322/0/0/0, ulsch_errors 0, ulsch_DTX 0, BLER 0.00000 MCS (0) 0 (Qm 2 deltaMCS 0 dB) NPRB 5 SNR 22.1 (+2.1) dB CCE fail 0, goodput 0.00 Mbps
UE 2cf9: LCID 1: TX            522 RX            281 bytes
UE 2cf9: LCID 2: TX              0 RX              0 bytes
UE 2cf9: LCID 4: TX              9 RX            165 bytes

[0m[NR_MAC] Frame.Slot 512.0
UE RNTI 2cf9 CU-UE-ID 1 in-sync PH 48 dB PCMAX 20 dBm, average RSRP -43 (16 meas)
UE 2cf9: dlsch_rounds 346/0/0/0, dlsch_errors 0, pucch0_DTX 0 (SNR 21.3+1.3 dB), BLER 0.00000 MCS (0) 0 CCE fail 1, goodput 0.00 Mbps
UE 2cf9: ulsch_rounds 3335/0/0/0, ulsch_errors 0, ulsch_DTX 0, BLER 0.00000 MCS (0) 0 (Qm 2 deltaMCS 0 dB) NPRB 5 SNR 22.7 (+2.7) dB CCE fail 0, goodput 0.00 Mbps
UE 2cf9: LCID 1: TX            522 RX            281 bytes
UE 2cf9: LCID 2: TX              0 RX              0 bytes
UE 2cf9: LCID 4: TX              9 RX            165 bytes

[0m[NR_MAC] Frame.Slot 640.0
UE RNTI 2cf9 CU-UE-ID 1 in-sync PH 48 dB PCMAX 20 dBm, average RSRP -43 (16 meas)
UE 2cf9: dlsch_rounds 347/0/0/0, dlsch_errors 0, pucch0_DTX 0 (SNR 21.3+1.3 dB), BLER 0.00000 MCS (0) 0 CCE fail 1, goodput 0.00 Mbps
UE 2cf9: ulsch_rounds 3347/0/0/0, ulsch_errors 0, ulsch_DTX 0, BLER 0.00000 MCS (0) 0 (Qm 2 deltaMCS 0 dB) NPRB 5 SNR 22.5 (+2.5) dB CCE fail 0, goodput 0.00 Mbps
UE 2cf9: LCID 1: TX            522 RX            281 bytes
UE 2cf9: LCID 2: TX              0 RX              0 bytes
UE 2cf9: LCID 4: TX              9 RX            165 bytes

[0m[NR_MAC] Frame.Slot 768.0
UE RNTI 2cf9 CU-UE-ID 1 in-sync PH 48 dB PCMAX 20 dBm, average RSRP -43 (16 meas)
UE 2cf9: dlsch_rounds 348/0/0/0, dlsch_errors 0, pucch0_DTX 0 (SNR 21.3+1.3 dB), BLER 0.00000 MCS (0) 0 CCE fail 1, goodput 0.00 Mbps
UE 2cf9: ulsch_rounds 3360/0/0/0, ulsch_errors 0, ulsch_DTX 0, BLER 0.00000 MCS (0) 0 (Qm 2 deltaMCS 0 dB) NPRB 5 SNR 22.1 (+2.1) dB CCE fail 0, goodput 0.00 Mbps
UE 2cf9: LCID 1: TX            522 RX            281 bytes
UE 2cf9: LCID 2: TX              0 RX              0 bytes
UE 2cf9: LCID 4: TX              9 RX            165 bytes

[0m[NR_MAC] Frame.Slot 896.0
UE RNTI 2cf9 CU-UE-ID 1 in-sync PH 48 dB PCMAX 20 dBm, average RSRP -43 (16 meas)
UE 2cf9: dlsch_rounds 349/0/0/0, dlsch_errors 0, pucch0_DTX 0 (SNR 21.3+1.3 dB), BLER 0.00000 MCS (0) 0 CCE fail 1, goodput 0.00 Mbps
UE 2cf9: ulsch_rounds 3373/0/0/0, ulsch_errors 0, ulsch_DTX 0, BLER 0.00000 MCS (0) 0 (Qm 2 deltaMCS 0 dB) NPRB 5 SNR 22.7 (+2.7) dB CCE fail 0, goodput 0.00 Mbps
UE 2cf9: LCID 1: TX            522 RX            281 bytes
UE 2cf9: LCID 2: TX              0 RX              0 bytes
UE 2cf9: LCID 4: TX              9 RX            165 bytes

[0m[NR_MAC] Frame.Slot 0.0
UE RNTI 2cf9 CU-UE-ID 1 in-sync PH 48 dB PCMAX 20 dBm, average RSRP -43 (16 meas)
UE 2cf9: dlsch_rounds 351/0/0/0, dlsch_errors 0, pucch0_DTX 0 (SNR 21.3+1.3 dB), BLER 0.00000 MCS (0) 0 CCE fail 1, goodput 0.00 Mbps
UE 2cf9: ulsch_rounds 3386/0/0/0, ulsch_errors 0, ulsch_DTX 0, BLER 0.00000 MCS (0) 0 (Qm 2 deltaMCS 0 dB) NPRB 5 SNR 22.3 (+2.3) dB CCE fail 0, goodput 0.00 Mbps
UE 2cf9: LCID 1: TX            522 RX            281 bytes
UE 2cf9: LCID 2: TX              0 RX              0 bytes
UE 2cf9: LCID 4: TX              9 RX            165 bytes

[0m[NR_MAC] Frame.Slot 128.0
UE RNTI 2cf9 CU-UE-ID 1 in-sync PH 48 dB PCMAX 20 dBm, average RSRP -43 (16 meas)
UE 2cf9: dlsch_rounds 352/0/0/0, dlsch_errors 0, pucch0_DTX 0 (SNR 21.3+1.3 dB), BLER 0.00000 MCS (0) 0 CCE fail 1, goodput 0.00 Mbps
UE 2cf9: ulsch_rounds 3399/0/0/0, ulsch_errors 0, ulsch_DTX 0, BLER 0.00000 MCS (0) 0 (Qm 2 deltaMCS 0 dB) NPRB 5 SNR 21.9 (+1.9) dB CCE fail 0, goodput 0.00 Mbps
UE 2cf9: LCID 1: TX            522 RX            281 bytes
UE 2cf9: LCID 2: TX              0 RX              0 bytes
UE 2cf9: LCID 4: TX              9 RX            165 bytes

[0m[NR_MAC] Frame.Slot 256.0
UE RNTI 2cf9 CU-UE-ID 1 in-sync PH 48 dB PCMAX 20 dBm, average RSRP -43 (16 meas)
UE 2cf9: dlsch_rounds 353/0/0/0, dlsch_errors 0, pucch0_DTX 0 (SNR 21.3+1.3 dB), BLER 0.00000 MCS (0) 0 CCE fail 1, goodput 0.00 Mbps
UE 2cf9: ulsch_rounds 3411/0/0/0, ulsch_errors 0, ulsch_DTX 0, BLER 0.00000 MCS (0) 0 (Qm 2 deltaMCS 0 dB) NPRB 5 SNR 22.7 (+2.7) dB CCE fail 0, goodput 0.00 Mbps
UE 2cf9: LCID 1: TX            522 RX            281 bytes
UE 2cf9: LCID 2: TX              0 RX              0 bytes
UE 2cf9: LCID 4: TX              9 RX            165 bytes

[0m[NR_MAC] Frame.Slot 384.0
UE RNTI 2cf9 CU-UE-ID 1 in-sync PH 48 dB PCMAX 20 dBm, average RSRP -43 (16 meas)
UE 2cf9: dlsch_rounds 355/0/0/0, dlsch_errors 0, pucch0_DTX 0 (SNR 21.3+1.3 dB), BLER 0.00000 MCS (0) 0 CCE fail 1, goodput 0.00 Mbps
UE 2cf9: ulsch_rounds 3424/0/0/0, ulsch_errors 0, ulsch_DTX 0, BLER 0.00000 MCS (0) 0 (Qm 2 deltaMCS 0 dB) NPRB 5 SNR 22.3 (+2.3) dB CCE fail 0, goodput 0.00 Mbps
UE 2cf9: LCID 1: TX            522 RX            281 bytes
UE 2cf9: LCID 2: TX              0 RX              0 bytes
UE 2cf9: LCID 4: TX              9 RX            165 bytes

[0m[NR_MAC] Frame.Slot 512.0
UE RNTI 2cf9 CU-UE-ID 1 in-sync PH 48 dB PCMAX 20 dBm, average RSRP -43 (16 meas)
UE 2cf9: dlsch_rounds 356/0/0/0, dlsch_errors 0, pucch0_DTX 0 (SNR 21.3+1.3 dB), BLER 0.00000 MCS (0) 0 CCE fail 1, goodput 0.00 Mbps
UE 2cf9: ulsch_rounds 3437/0/0/0, ulsch_errors 0, ulsch_DTX 0, BLER 0.00000 MCS (0) 0 (Qm 2 deltaMCS 0 dB) NPRB 5 SNR 21.9 (+1.9) dB CCE fail 0, goodput 0.00 Mbps
UE 2cf9: LCID 1: TX            522 RX            281 bytes
UE 2cf9: LCID 2: TX              0 RX              0 bytes
UE 2cf9: LCID 4: TX              9 RX            165 bytes

[0m[NR_MAC] Frame.Slot 640.0
UE RNTI 2cf9 CU-UE-ID 1 in-sync PH 48 dB PCMAX 20 dBm, average RSRP -43 (16 meas)
UE 2cf9: dlsch_rounds 357/0/0/0, dlsch_errors 0, pucch0_DTX 0 (SNR 21.3+1.3 dB), BLER 0.00000 MCS (0) 0 CCE fail 1, goodput 0.00 Mbps
UE 2cf9: ulsch_rounds 3450/0/0/0, ulsch_errors 0, ulsch_DTX 0, BLER 0.00000 MCS (0) 0 (Qm 2 deltaMCS 0 dB) NPRB 5 SNR 22.5 (+2.5) dB CCE fail 0, goodput 0.00 Mbps
UE 2cf9: LCID 1: TX            522 RX            281 bytes
UE 2cf9: LCID 2: TX              0 RX              0 bytes
UE 2cf9: LCID 4: TX              9 RX            165 bytes

[0m[NR_MAC] Frame.Slot 768.0
UE RNTI 2cf9 CU-UE-ID 1 in-sync PH 48 dB PCMAX 20 dBm, average RSRP -43 (16 meas)
UE 2cf9: dlsch_rounds 358/0/0/0, dlsch_errors 0, pucch0_DTX 0 (SNR 21.3+1.3 dB), BLER 0.00000 MCS (0) 0 CCE fail 1, goodput 0.00 Mbps
UE 2cf9: ulsch_rounds 3463/0/0/0, ulsch_errors 0, ulsch_DTX 0, BLER 0.00000 MCS (0) 0 (Qm 2 deltaMCS 0 dB) NPRB 5 SNR 22.1 (+2.1) dB CCE fail 0, goodput 0.00 Mbps
UE 2cf9: LCID 1: TX            522 RX            281 bytes
UE 2cf9: LCID 2: TX              0 RX              0 bytes
UE 2cf9: LCID 4: TX              9 RX            165 bytes

[0m[NR_MAC] Frame.Slot 896.0
UE RNTI 2cf9 CU-UE-ID 1 in-sync PH 48 dB PCMAX 20 dBm, average RSRP -43 (16 meas)
UE 2cf9: dlsch_rounds 360/0/0/0, dlsch_errors 0, pucch0_DTX 0 (SNR 21.3+1.3 dB), BLER 0.00000 MCS (0) 0 CCE fail 1, goodput 0.00 Mbps
UE 2cf9: ulsch_rounds 3475/0/0/0, ulsch_errors 0, ulsch_DTX 0, BLER 0.00000 MCS (0) 0 (Qm 2 deltaMCS 0 dB) NPRB 5 SNR 21.9 (+1.9) dB CCE fail 0, goodput 0.00 Mbps
UE 2cf9: LCID 1: TX            522 RX            281 bytes
UE 2cf9: LCID 2: TX              0 RX              0 bytes
UE 2cf9: LCID 4: TX              9 RX            165 bytes

[0m[NR_MAC] Frame.Slot 0.0
UE RNTI 2cf9 CU-UE-ID 1 in-sync PH 48 dB PCMAX 20 dBm, average RSRP -43 (16 meas)
UE 2cf9: dlsch_rounds 361/0/0/0, dlsch_errors 0, pucch0_DTX 0 (SNR 21.3+1.3 dB), BLER 0.00000 MCS (0) 0 CCE fail 1, goodput 0.00 Mbps
UE 2cf9: ulsch_rounds 3488/0/0/0, ulsch_errors 0, ulsch_DTX 0, BLER 0.00000 MCS (0) 0 (Qm 2 deltaMCS 0 dB) NPRB 5 SNR 22.5 (+2.5) dB CCE fail 0, goodput 0.00 Mbps
UE 2cf9: LCID 1: TX            522 RX            281 bytes
UE 2cf9: LCID 2: TX              0 RX              0 bytes
UE 2cf9: LCID 4: TX              9 RX            165 bytes

[0m[NR_MAC] Frame.Slot 128.0
UE RNTI 2cf9 CU-UE-ID 1 in-sync PH 48 dB PCMAX 20 dBm, average RSRP -43 (16 meas)
UE 2cf9: dlsch_rounds 362/0/0/0, dlsch_errors 0, pucch0_DTX 0 (SNR 21.3+1.3 dB), BLER 0.00000 MCS (0) 0 CCE fail 1, goodput 0.00 Mbps
UE 2cf9: ulsch_rounds 3501/0/0/0, ulsch_errors 0, ulsch_DTX 0, BLER 0.00000 MCS (0) 0 (Qm 2 deltaMCS 0 dB) NPRB 5 SNR 22.1 (+2.1) dB CCE fail 0, goodput 0.00 Mbps
UE 2cf9: LCID 1: TX            522 RX            281 bytes
UE 2cf9: LCID 2: TX              0 RX              0 bytes
UE 2cf9: LCID 4: TX              9 RX            165 bytes

[0m[NR_MAC] Frame.Slot 256.0
UE RNTI 2cf9 CU-UE-ID 1 in-sync PH 48 dB PCMAX 20 dBm, average RSRP -43 (16 meas)
UE 2cf9: dlsch_rounds 364/0/0/0, dlsch_errors 0, pucch0_DTX 0 (SNR 21.3+1.3 dB), BLER 0.00000 MCS (0) 0 CCE fail 1, goodput 0.00 Mbps
UE 2cf9: ulsch_rounds 3514/0/0/0, ulsch_errors 0, ulsch_DTX 0, BLER 0.00000 MCS (0) 0 (Qm 2 deltaMCS 0 dB) NPRB 5 SNR 22.7 (+2.7) dB CCE fail 0, goodput 0.00 Mbps
UE 2cf9: LCID 1: TX            522 RX            281 bytes
UE 2cf9: LCID 2: TX              0 RX              0 bytes
UE 2cf9: LCID 4: TX              9 RX            165 bytes

[0m[NR_MAC] Frame.Slot 384.0
UE RNTI 2cf9 CU-UE-ID 1 in-sync PH 48 dB PCMAX 20 dBm, average RSRP -43 (16 meas)
UE 2cf9: dlsch_rounds 365/0/0/0, dlsch_errors 0, pucch0_DTX 0 (SNR 21.3+1.3 dB), BLER 0.00000 MCS (0) 0 CCE fail 1, goodput 0.00 Mbps
UE 2cf9: ulsch_rounds 3527/0/0/0, ulsch_errors 0, ulsch_DTX 0, BLER 0.00000 MCS (0) 0 (Qm 2 deltaMCS 0 dB) NPRB 5 SNR 22.3 (+2.3) dB CCE fail 0, goodput 0.00 Mbps
UE 2cf9: LCID 1: TX            522 RX            281 bytes
UE 2cf9: LCID 2: TX              0 RX              0 bytes
UE 2cf9: LCID 4: TX              9 RX            165 bytes

[0m[NR_MAC] Frame.Slot 512.0
UE RNTI 2cf9 CU-UE-ID 1 in-sync PH 48 dB PCMAX 20 dBm, average RSRP -43 (16 meas)
UE 2cf9: dlsch_rounds 366/0/0/0, dlsch_errors 0, pucch0_DTX 0 (SNR 21.3+1.3 dB), BLER 0.00000 MCS (0) 0 CCE fail 1, goodput 0.00 Mbps
UE 2cf9: ulsch_rounds 3539/0/0/0, ulsch_errors 0, ulsch_DTX 0, BLER 0.00000 MCS (0) 0 (Qm 2 deltaMCS 0 dB) NPRB 5 SNR 22.1 (+2.1) dB CCE fail 0, goodput 0.00 Mbps
UE 2cf9: LCID 1: TX            522 RX            281 bytes
UE 2cf9: LCID 2: TX              0 RX              0 bytes
UE 2cf9: LCID 4: TX              9 RX            165 bytes

[0m[NR_MAC] Frame.Slot 640.0
UE RNTI 2cf9 CU-UE-ID 1 in-sync PH 48 dB PCMAX 20 dBm, average RSRP -43 (16 meas)
UE 2cf9: dlsch_rounds 367/0/0/0, dlsch_errors 0, pucch0_DTX 0 (SNR 21.3+1.3 dB), BLER 0.00000 MCS (0) 0 CCE fail 1, goodput 0.00 Mbps
UE 2cf9: ulsch_rounds 3552/0/0/0, ulsch_errors 0, ulsch_DTX 0, BLER 0.00000 MCS (0) 0 (Qm 2 deltaMCS 0 dB) NPRB 5 SNR 21.8 (+1.8) dB CCE fail 0, goodput 0.00 Mbps
UE 2cf9: LCID 1: TX            522 RX            281 bytes
UE 2cf9: LCID 2: TX              0 RX              0 bytes
UE 2cf9: LCID 4: TX              9 RX            165 bytes

[0m[NR_MAC] Frame.Slot 768.0
UE RNTI 2cf9 CU-UE-ID 1 in-sync PH 48 dB PCMAX 20 dBm, average RSRP -43 (16 meas)
UE 2cf9: dlsch_rounds 369/0/0/0, dlsch_errors 0, pucch0_DTX 0 (SNR 21.3+1.3 dB), BLER 0.00000 MCS (0) 0 CCE fail 1, goodput 0.00 Mbps
UE 2cf9: ulsch_rounds 3565/0/0/0, ulsch_errors 0, ulsch_DTX 0, BLER 0.00000 MCS (0) 0 (Qm 2 deltaMCS 0 dB) NPRB 5 SNR 22.3 (+2.3) dB CCE fail 0, goodput 0.00 Mbps
UE 2cf9: LCID 1: TX            522 RX            281 bytes
UE 2cf9: LCID 2: TX              0 RX              0 bytes
UE 2cf9: LCID 4: TX              9 RX            165 bytes

[0m[NR_MAC] Frame.Slot 896.0
UE RNTI 2cf9 CU-UE-ID 1 in-sync PH 48 dB PCMAX 20 dBm, average RSRP -43 (16 meas)
UE 2cf9: dlsch_rounds 370/0/0/0, dlsch_errors 0, pucch0_DTX 0 (SNR 21.3+1.3 dB), BLER 0.00000 MCS (0) 0 CCE fail 1, goodput 0.00 Mbps
UE 2cf9: ulsch_rounds 3578/0/0/0, ulsch_errors 0, ulsch_DTX 0, BLER 0.00000 MCS (0) 0 (Qm 2 deltaMCS 0 dB) NPRB 5 SNR 21.9 (+1.9) dB CCE fail 0, goodput 0.00 Mbps
UE 2cf9: LCID 1: TX            522 RX            281 bytes
UE 2cf9: LCID 2: TX              0 RX              0 bytes
UE 2cf9: LCID 4: TX              9 RX            165 bytes

[0m[NR_MAC] Frame.Slot 0.0
UE RNTI 2cf9 CU-UE-ID 1 in-sync PH 48 dB PCMAX 20 dBm, average RSRP -43 (16 meas)
UE 2cf9: dlsch_rounds 371/0/0/0, dlsch_errors 0, pucch0_DTX 0 (SNR 21.3+1.3 dB), BLER 0.00000 MCS (0) 0 CCE fail 1, goodput 0.00 Mbps
UE 2cf9: ulsch_rounds 3591/0/0/0, ulsch_errors 0, ulsch_DTX 0, BLER 0.00000 MCS (0) 0 (Qm 2 deltaMCS 0 dB) NPRB 5 SNR 22.5 (+2.5) dB CCE fail 0, goodput 0.00 Mbps
UE 2cf9: LCID 1: TX            522 RX            281 bytes
UE 2cf9: LCID 2: TX              0 RX              0 bytes
UE 2cf9: LCID 4: TX              9 RX            165 bytes

[0m[NR_MAC] Frame.Slot 128.0
UE RNTI 2cf9 CU-UE-ID 1 in-sync PH 48 dB PCMAX 20 dBm, average RSRP -43 (16 meas)
UE 2cf9: dlsch_rounds 372/0/0/0, dlsch_errors 0, pucch0_DTX 0 (SNR 21.3+1.3 dB), BLER 0.00000 MCS (0) 0 CCE fail 1, goodput 0.00 Mbps
UE 2cf9: ulsch_rounds 3603/0/0/0, ulsch_errors 0, ulsch_DTX 0, BLER 0.00000 MCS (0) 0 (Qm 2 deltaMCS 0 dB) NPRB 5 SNR 22.3 (+2.3) dB CCE fail 0, goodput 0.00 Mbps
UE 2cf9: LCID 1: TX            522 RX            281 bytes
UE 2cf9: LCID 2: TX              0 RX              0 bytes
UE 2cf9: LCID 4: TX              9 RX            165 bytes

[0m[NR_MAC] Frame.Slot 256.0
UE RNTI 2cf9 CU-UE-ID 1 in-sync PH 48 dB PCMAX 20 dBm, average RSRP -43 (16 meas)
UE 2cf9: dlsch_rounds 374/0/0/0, dlsch_errors 0, pucch0_DTX 0 (SNR 21.3+1.3 dB), BLER 0.00000 MCS (0) 0 CCE fail 1, goodput 0.00 Mbps
UE 2cf9: ulsch_rounds 3616/0/0/0, ulsch_errors 0, ulsch_DTX 0, BLER 0.00000 MCS (0) 0 (Qm 2 deltaMCS 0 dB) NPRB 5 SNR 22.0 (+2.0) dB CCE fail 0, goodput 0.00 Mbps
UE 2cf9: LCID 1: TX            522 RX            281 bytes
UE 2cf9: LCID 2: TX              0 RX              0 bytes
UE 2cf9: LCID 4: TX              9 RX            165 bytes

[0m[NR_MAC] Frame.Slot 384.0
UE RNTI 2cf9 CU-UE-ID 1 in-sync PH 48 dB PCMAX 20 dBm, average RSRP -43 (16 meas)
UE 2cf9: dlsch_rounds 375/0/0/0, dlsch_errors 0, pucch0_DTX 0 (SNR 21.3+1.3 dB), BLER 0.00000 MCS (0) 0 CCE fail 1, goodput 0.00 Mbps
UE 2cf9: ulsch_rounds 3629/0/0/0, ulsch_errors 0, ulsch_DTX 0, BLER 0.00000 MCS (0) 0 (Qm 2 deltaMCS 0 dB) NPRB 5 SNR 22.5 (+2.5) dB CCE fail 0, goodput 0.00 Mbps
UE 2cf9: LCID 1: TX            522 RX            281 bytes
UE 2cf9: LCID 2: TX              0 RX              0 bytes
UE 2cf9: LCID 4: TX              9 RX            165 bytes

[0m[NR_MAC] Frame.Slot 512.0
UE RNTI 2cf9 CU-UE-ID 1 in-sync PH 48 dB PCMAX 20 dBm, average RSRP -43 (16 meas)
UE 2cf9: dlsch_rounds 376/0/0/0, dlsch_errors 0, pucch0_DTX 0 (SNR 21.3+1.3 dB), BLER 0.00000 MCS (0) 0 CCE fail 1, goodput 0.00 Mbps
UE 2cf9: ulsch_rounds 3642/0/0/0, ulsch_errors 0, ulsch_DTX 0, BLER 0.00000 MCS (0) 0 (Qm 2 deltaMCS 0 dB) NPRB 5 SNR 22.1 (+2.1) dB CCE fail 0, goodput 0.00 Mbps
UE 2cf9: LCID 1: TX            522 RX            281 bytes
UE 2cf9: LCID 2: TX              0 RX              0 bytes
UE 2cf9: LCID 4: TX              9 RX            165 bytes

[0m[NR_MAC] Frame.Slot 640.0
UE RNTI 2cf9 CU-UE-ID 1 in-sync PH 48 dB PCMAX 20 dBm, average RSRP -43 (16 meas)
UE 2cf9: dlsch_rounds 378/0/0/0, dlsch_errors 0, pucch0_DTX 0 (SNR 21.3+1.3 dB), BLER 0.00000 MCS (0) 0 CCE fail 1, goodput 0.00 Mbps
UE 2cf9: ulsch_rounds 3655/0/0/0, ulsch_errors 0, ulsch_DTX 0, BLER 0.00000 MCS (0) 0 (Qm 2 deltaMCS 0 dB) NPRB 5 SNR 22.7 (+2.7) dB CCE fail 0, goodput 0.00 Mbps
UE 2cf9: LCID 1: TX            522 RX            281 bytes
UE 2cf9: LCID 2: TX              0 RX              0 bytes
UE 2cf9: LCID 4: TX              9 RX            165 bytes

[0m[NR_MAC] Frame.Slot 768.0
UE RNTI 2cf9 CU-UE-ID 1 in-sync PH 48 dB PCMAX 20 dBm, average RSRP -43 (16 meas)
UE 2cf9: dlsch_rounds 379/0/0/0, dlsch_errors 0, pucch0_DTX 0 (SNR 21.3+1.3 dB), BLER 0.00000 MCS (0) 0 CCE fail 1, goodput 0.00 Mbps
UE 2cf9: ulsch_rounds 3667/0/0/0, ulsch_errors 0, ulsch_DTX 0, BLER 0.00000 MCS (0) 0 (Qm 2 deltaMCS 0 dB) NPRB 5 SNR 22.6 (+2.6) dB CCE fail 0, goodput 0.00 Mbps
UE 2cf9: LCID 1: TX            522 RX            281 bytes
UE 2cf9: LCID 2: TX              0 RX              0 bytes
UE 2cf9: LCID 4: TX              9 RX            165 bytes

[0m[NR_MAC] Frame.Slot 896.0
UE RNTI 2cf9 CU-UE-ID 1 in-sync PH 48 dB PCMAX 20 dBm, average RSRP -43 (16 meas)
UE 2cf9: dlsch_rounds 380/0/0/0, dlsch_errors 0, pucch0_DTX 0 (SNR 21.3+1.3 dB), BLER 0.00000 MCS (0) 0 CCE fail 1, goodput 0.00 Mbps
UE 2cf9: ulsch_rounds 3680/0/0/0, ulsch_errors 0, ulsch_DTX 0, BLER 0.00000 MCS (0) 0 (Qm 2 deltaMCS 0 dB) NPRB 5 SNR 22.2 (+2.2) dB CCE fail 0, goodput 0.00 Mbps
UE 2cf9: LCID 1: TX            522 RX            281 bytes
UE 2cf9: LCID 2: TX              0 RX              0 bytes
UE 2cf9: LCID 4: TX              9 RX            165 bytes

[0m[NR_MAC] Frame.Slot 0.0
UE RNTI 2cf9 CU-UE-ID 1 in-sync PH 48 dB PCMAX 20 dBm, average RSRP -43 (16 meas)
UE 2cf9: dlsch_rounds 381/0/0/0, dlsch_errors 0, pucch0_DTX 0 (SNR 21.3+1.3 dB), BLER 0.00000 MCS (0) 0 CCE fail 1, goodput 0.00 Mbps
UE 2cf9: ulsch_rounds 3693/0/0/0, ulsch_errors 0, ulsch_DTX 0, BLER 0.00000 MCS (0) 0 (Qm 2 deltaMCS 0 dB) NPRB 5 SNR 21.8 (+1.8) dB CCE fail 0, goodput 0.00 Mbps
UE 2cf9: LCID 1: TX            522 RX            281 bytes
UE 2cf9: LCID 2: TX              0 RX              0 bytes
UE 2cf9: LCID 4: TX              9 RX            165 bytes

[0m[NR_MAC] Frame.Slot 128.0
UE RNTI 2cf9 CU-UE-ID 1 in-sync PH 48 dB PCMAX 20 dBm, average RSRP -43 (16 meas)
UE 2cf9: dlsch_rounds 383/0/0/0, dlsch_errors 0, pucch0_DTX 0 (SNR 21.3+1.3 dB), BLER 0.00000 MCS (0) 0 CCE fail 1, goodput 0.00 Mbps
UE 2cf9: ulsch_rounds 3706/0/0/0, ulsch_errors 0, ulsch_DTX 0, BLER 0.00000 MCS (0) 0 (Qm 2 deltaMCS 0 dB) NPRB 5 SNR 22.3 (+2.3) dB CCE fail 0, goodput 0.00 Mbps
UE 2cf9: LCID 1: TX            522 RX            281 bytes
UE 2cf9: LCID 2: TX              0 RX              0 bytes
UE 2cf9: LCID 4: TX              9 RX            165 bytes

[0m[NR_MAC] Frame.Slot 256.0
UE RNTI 2cf9 CU-UE-ID 1 in-sync PH 48 dB PCMAX 20 dBm, average RSRP -43 (16 meas)
UE 2cf9: dlsch_rounds 384/0/0/0, dlsch_errors 0, pucch0_DTX 0 (SNR 21.3+1.3 dB), BLER 0.00000 MCS (0) 0 CCE fail 1, goodput 0.00 Mbps
UE 2cf9: ulsch_rounds 3719/0/0/0, ulsch_errors 0, ulsch_DTX 0, BLER 0.00000 MCS (0) 0 (Qm 2 deltaMCS 0 dB) NPRB 5 SNR 21.9 (+1.9) dB CCE fail 0, goodput 0.00 Mbps
UE 2cf9: LCID 1: TX            522 RX            281 bytes
UE 2cf9: LCID 2: TX              0 RX              0 bytes
UE 2cf9: LCID 4: TX              9 RX            165 bytes

[0m[NR_MAC] Frame.Slot 384.0
UE RNTI 2cf9 CU-UE-ID 1 in-sync PH 48 dB PCMAX 20 dBm, average RSRP -43 (16 meas)
UE 2cf9: dlsch_rounds 385/0/0/0, dlsch_errors 0, pucch0_DTX 0 (SNR 21.3+1.3 dB), BLER 0.00000 MCS (0) 0 CCE fail 1, goodput 0.00 Mbps
UE 2cf9: ulsch_rounds 3731/0/0/0, ulsch_errors 0, ulsch_DTX 0, BLER 0.00000 MCS (0) 0 (Qm 2 deltaMCS 0 dB) NPRB 5 SNR 21.8 (+1.8) dB CCE fail 0, goodput 0.00 Mbps
UE 2cf9: LCID 1: TX            522 RX            281 bytes
UE 2cf9: LCID 2: TX              0 RX              0 bytes
UE 2cf9: LCID 4: TX              9 RX            165 bytes

[0m[NR_MAC] Frame.Slot 512.0
UE RNTI 2cf9 CU-UE-ID 1 in-sync PH 48 dB PCMAX 20 dBm, average RSRP -43 (16 meas)
UE 2cf9: dlsch_rounds 387/0/0/0, dlsch_errors 0, pucch0_DTX 0 (SNR 21.3+1.3 dB), BLER 0.00000 MCS (0) 0 CCE fail 1, goodput 0.00 Mbps
UE 2cf9: ulsch_rounds 3744/0/0/0, ulsch_errors 0, ulsch_DTX 0, BLER 0.00000 MCS (0) 0 (Qm 2 deltaMCS 0 dB) NPRB 5 SNR 22.4 (+2.4) dB CCE fail 0, goodput 0.00 Mbps
UE 2cf9: LCID 1: TX            522 RX            281 bytes
UE 2cf9: LCID 2: TX              0 RX              0 bytes
UE 2cf9: LCID 4: TX              9 RX            165 bytes

[0m[NR_MAC] Frame.Slot 640.0
UE RNTI 2cf9 CU-UE-ID 1 in-sync PH 48 dB PCMAX 20 dBm, average RSRP -43 (16 meas)
UE 2cf9: dlsch_rounds 388/0/0/0, dlsch_errors 0, pucch0_DTX 0 (SNR 21.3+1.3 dB), BLER 0.00000 MCS (0) 0 CCE fail 1, goodput 0.00 Mbps
UE 2cf9: ulsch_rounds 3757/0/0/0, ulsch_errors 0, ulsch_DTX 0, BLER 0.00000 MCS (0) 0 (Qm 2 deltaMCS 0 dB) NPRB 5 SNR 22.0 (+2.0) dB CCE fail 0, goodput 0.00 Mbps
UE 2cf9: LCID 1: TX            522 RX            281 bytes
UE 2cf9: LCID 2: TX              0 RX              0 bytes
UE 2cf9: LCID 4: TX              9 RX            165 bytes

[0m[NR_MAC] Frame.Slot 768.0
UE RNTI 2cf9 CU-UE-ID 1 in-sync PH 48 dB PCMAX 20 dBm, average RSRP -43 (16 meas)
UE 2cf9: dlsch_rounds 389/0/0/0, dlsch_errors 0, pucch0_DTX 0 (SNR 21.3+1.3 dB), BLER 0.00000 MCS (0) 0 CCE fail 1, goodput 0.00 Mbps
UE 2cf9: ulsch_rounds 3770/0/0/0, ulsch_errors 0, ulsch_DTX 0, BLER 0.00000 MCS (0) 0 (Qm 2 deltaMCS 0 dB) NPRB 5 SNR 22.6 (+2.6) dB CCE fail 0, goodput 0.00 Mbps
UE 2cf9: LCID 1: TX            522 RX            281 bytes
UE 2cf9: LCID 2: TX              0 RX              0 bytes
UE 2cf9: LCID 4: TX              9 RX            165 bytes

[0m[NR_MAC] Frame.Slot 896.0
UE RNTI 2cf9 CU-UE-ID 1 in-sync PH 48 dB PCMAX 20 dBm, average RSRP -43 (16 meas)
UE 2cf9: dlsch_rounds 390/0/0/0, dlsch_errors 0, pucch0_DTX 0 (SNR 21.3+1.3 dB), BLER 0.00000 MCS (0) 0 CCE fail 1, goodput 0.00 Mbps
UE 2cf9: ulsch_rounds 3783/0/0/0, ulsch_errors 0, ulsch_DTX 0, BLER 0.00000 MCS (0) 0 (Qm 2 deltaMCS 0 dB) NPRB 5 SNR 22.1 (+2.1) dB CCE fail 0, goodput 0.00 Mbps
UE 2cf9: LCID 1: TX            522 RX            281 bytes
UE 2cf9: LCID 2: TX              0 RX              0 bytes
UE 2cf9: LCID 4: TX              9 RX            165 bytes

[0m[NR_MAC] Frame.Slot 0.0
UE RNTI 2cf9 CU-UE-ID 1 in-sync PH 48 dB PCMAX 20 dBm, average RSRP -43 (16 meas)
UE 2cf9: dlsch_rounds 392/0/0/0, dlsch_errors 0, pucch0_DTX 0 (SNR 21.3+1.3 dB), BLER 0.00000 MCS (0) 0 CCE fail 1, goodput 0.00 Mbps
UE 2cf9: ulsch_rounds 3795/0/0/0, ulsch_errors 0, ulsch_DTX 0, BLER 0.00000 MCS (0) 0 (Qm 2 deltaMCS 0 dB) NPRB 5 SNR 22.0 (+2.0) dB CCE fail 0, goodput 0.00 Mbps
UE 2cf9: LCID 1: TX            522 RX            281 bytes
UE 2cf9: LCID 2: TX              0 RX              0 bytes
UE 2cf9: LCID 4: TX              9 RX            165 bytes

[0m[NR_MAC] Frame.Slot 128.0
UE RNTI 2cf9 CU-UE-ID 1 in-sync PH 48 dB PCMAX 20 dBm, average RSRP -43 (16 meas)
UE 2cf9: dlsch_rounds 393/0/0/0, dlsch_errors 0, pucch0_DTX 0 (SNR 21.3+1.3 dB), BLER 0.00000 MCS (0) 0 CCE fail 1, goodput 0.00 Mbps
UE 2cf9: ulsch_rounds 3808/0/0/0, ulsch_errors 0, ulsch_DTX 0, BLER 0.00000 MCS (0) 0 (Qm 2 deltaMCS 0 dB) NPRB 5 SNR 22.6 (+2.6) dB CCE fail 0, goodput 0.00 Mbps
UE 2cf9: LCID 1: TX            522 RX            281 bytes
UE 2cf9: LCID 2: TX              0 RX              0 bytes
UE 2cf9: LCID 4: TX              9 RX            165 bytes

[0m[NR_MAC] Frame.Slot 256.0
UE RNTI 2cf9 CU-UE-ID 1 in-sync PH 48 dB PCMAX 20 dBm, average RSRP -43 (16 meas)
UE 2cf9: dlsch_rounds 394/0/0/0, dlsch_errors 0, pucch0_DTX 0 (SNR 21.3+1.3 dB), BLER 0.00000 MCS (0) 0 CCE fail 1, goodput 0.00 Mbps
UE 2cf9: ulsch_rounds 3821/0/0/0, ulsch_errors 0, ulsch_DTX 0, BLER 0.00000 MCS (0) 0 (Qm 2 deltaMCS 0 dB) NPRB 5 SNR 22.2 (+2.2) dB CCE fail 0, goodput 0.00 Mbps
UE 2cf9: LCID 1: TX            522 RX            281 bytes
UE 2cf9: LCID 2: TX              0 RX              0 bytes
UE 2cf9: LCID 4: TX              9 RX            165 bytes

[0m[NR_MAC] Frame.Slot 384.0
UE RNTI 2cf9 CU-UE-ID 1 in-sync PH 48 dB PCMAX 20 dBm, average RSRP -43 (16 meas)
UE 2cf9: dlsch_rounds 396/0/0/0, dlsch_errors 0, pucch0_DTX 0 (SNR 21.3+1.3 dB), BLER 0.00000 MCS (0) 0 CCE fail 1, goodput 0.00 Mbps
UE 2cf9: ulsch_rounds 3834/0/0/0, ulsch_errors 0, ulsch_DTX 0, BLER 0.00000 MCS (0) 0 (Qm 2 deltaMCS 0 dB) NPRB 5 SNR 21.8 (+1.8) dB CCE fail 0, goodput 0.00 Mbps
UE 2cf9: LCID 1: TX            522 RX            281 bytes
UE 2cf9: LCID 2: TX              0 RX              0 bytes
UE 2cf9: LCID 4: TX              9 RX            165 bytes

[0m[NR_MAC] Frame.Slot 512.0
UE RNTI 2cf9 CU-UE-ID 1 in-sync PH 48 dB PCMAX 20 dBm, average RSRP -43 (16 meas)
UE 2cf9: dlsch_rounds 397/0/0/0, dlsch_errors 0, pucch0_DTX 0 (SNR 21.3+1.3 dB), BLER 0.00000 MCS (0) 0 CCE fail 1, goodput 0.00 Mbps
UE 2cf9: ulsch_rounds 3847/0/0/0, ulsch_errors 0, ulsch_DTX 0, BLER 0.00000 MCS (0) 0 (Qm 2 deltaMCS 0 dB) NPRB 5 SNR 22.3 (+2.3) dB CCE fail 0, goodput 0.00 Mbps
UE 2cf9: LCID 1: TX            522 RX            281 bytes
UE 2cf9: LCID 2: TX              0 RX              0 bytes
UE 2cf9: LCID 4: TX              9 RX            165 bytes

[0m[NR_MAC] Frame.Slot 640.0
UE RNTI 2cf9 CU-UE-ID 1 in-sync PH 48 dB PCMAX 20 dBm, average RSRP -43 (16 meas)
UE 2cf9: dlsch_rounds 398/0/0/0, dlsch_errors 0, pucch0_DTX 0 (SNR 21.3+1.3 dB), BLER 0.00000 MCS (0) 0 CCE fail 1, goodput 0.00 Mbps
UE 2cf9: ulsch_rounds 3859/0/0/0, ulsch_errors 0, ulsch_DTX 0, BLER 0.00000 MCS (0) 0 (Qm 2 deltaMCS 0 dB) NPRB 5 SNR 22.2 (+2.2) dB CCE fail 0, goodput 0.00 Mbps
UE 2cf9: LCID 1: TX            522 RX            281 bytes
UE 2cf9: LCID 2: TX              0 RX              0 bytes
UE 2cf9: LCID 4: TX              9 RX            165 bytes

[0m[NR_MAC] Frame.Slot 768.0
UE RNTI 2cf9 CU-UE-ID 1 in-sync PH 48 dB PCMAX 20 dBm, average RSRP -43 (16 meas)
UE 2cf9: dlsch_rounds 399/0/0/0, dlsch_errors 0, pucch0_DTX 0 (SNR 21.3+1.3 dB), BLER 0.00000 MCS (0) 0 CCE fail 1, goodput 0.00 Mbps
UE 2cf9: ulsch_rounds 3872/0/0/0, ulsch_errors 0, ulsch_DTX 0, BLER 0.00000 MCS (0) 0 (Qm 2 deltaMCS 0 dB) NPRB 5 SNR 21.8 (+1.8) dB CCE fail 0, goodput 0.00 Mbps
UE 2cf9: LCID 1: TX            522 RX            281 bytes
UE 2cf9: LCID 2: TX              0 RX              0 bytes
UE 2cf9: LCID 4: TX              9 RX            165 bytes

[0m[NR_MAC] Frame.Slot 896.0
UE RNTI 2cf9 CU-UE-ID 1 in-sync PH 48 dB PCMAX 20 dBm, average RSRP -43 (16 meas)
UE 2cf9: dlsch_rounds 401/0/0/0, dlsch_errors 0, pucch0_DTX 0 (SNR 21.3+1.3 dB), BLER 0.00000 MCS (0) 0 CCE fail 1, goodput 0.00 Mbps
UE 2cf9: ulsch_rounds 3885/0/0/0, ulsch_errors 0, ulsch_DTX 0, BLER 0.00000 MCS (0) 0 (Qm 2 deltaMCS 0 dB) NPRB 5 SNR 22.4 (+2.4) dB CCE fail 0, goodput 0.00 Mbps
UE 2cf9: LCID 1: TX            522 RX            281 bytes
UE 2cf9: LCID 2: TX              0 RX              0 bytes
UE 2cf9: LCID 4: TX              9 RX            165 bytes

[0m[NR_MAC] Frame.Slot 0.0
UE RNTI 2cf9 CU-UE-ID 1 in-sync PH 48 dB PCMAX 20 dBm, average RSRP -43 (16 meas)
UE 2cf9: dlsch_rounds 402/0/0/0, dlsch_errors 0, pucch0_DTX 0 (SNR 21.3+1.3 dB), BLER 0.00000 MCS (0) 0 CCE fail 1, goodput 0.00 Mbps
UE 2cf9: ulsch_rounds 3898/0/0/0, ulsch_errors 0, ulsch_DTX 0, BLER 0.00000 MCS (0) 0 (Qm 2 deltaMCS 0 dB) NPRB 5 SNR 22.0 (+2.0) dB CCE fail 0, goodput 0.00 Mbps
UE 2cf9: LCID 1: TX            522 RX            281 bytes
UE 2cf9: LCID 2: TX              0 RX              0 bytes
UE 2cf9: LCID 4: TX              9 RX            165 bytes

[0m[NR_MAC] Frame.Slot 128.0
UE RNTI 2cf9 CU-UE-ID 1 in-sync PH 48 dB PCMAX 20 dBm, average RSRP -43 (16 meas)
UE 2cf9: dlsch_rounds 403/0/0/0, dlsch_errors 0, pucch0_DTX 0 (SNR 21.3+1.3 dB), BLER 0.00000 MCS (0) 0 CCE fail 1, goodput 0.00 Mbps
UE 2cf9: ulsch_rounds 3911/0/0/0, ulsch_errors 0, ulsch_DTX 0, BLER 0.00000 MCS (0) 0 (Qm 2 deltaMCS 0 dB) NPRB 5 SNR 22.6 (+2.6) dB CCE fail 0, goodput 0.00 Mbps
UE 2cf9: LCID 1: TX            522 RX            281 bytes
UE 2cf9: LCID 2: TX              0 RX              0 bytes
UE 2cf9: LCID 4: TX              9 RX            165 bytes

[0m[NR_MAC] Frame.Slot 256.0
UE RNTI 2cf9 CU-UE-ID 1 in-sync PH 48 dB PCMAX 20 dBm, average RSRP -43 (16 meas)
UE 2cf9: dlsch_rounds 404/0/0/0, dlsch_errors 0, pucch0_DTX 0 (SNR 21.3+1.3 dB), BLER 0.00000 MCS (0) 0 CCE fail 1, goodput 0.00 Mbps
UE 2cf9: ulsch_rounds 3923/0/0/0, ulsch_errors 0, ulsch_DTX 0, BLER 0.00000 MCS (0) 0 (Qm 2 deltaMCS 0 dB) NPRB 5 SNR 22.4 (+2.4) dB CCE fail 0, goodput 0.00 Mbps
UE 2cf9: LCID 1: TX            522 RX            281 bytes
UE 2cf9: LCID 2: TX              0 RX              0 bytes
UE 2cf9: LCID 4: TX              9 RX            165 bytes

[0m[NR_MAC] Frame.Slot 384.0
UE RNTI 2cf9 CU-UE-ID 1 in-sync PH 48 dB PCMAX 20 dBm, average RSRP -43 (16 meas)
UE 2cf9: dlsch_rounds 406/0/0/0, dlsch_errors 0, pucch0_DTX 0 (SNR 21.3+1.3 dB), BLER 0.00000 MCS (0) 0 CCE fail 1, goodput 0.00 Mbps
UE 2cf9: ulsch_rounds 3936/0/0/0, ulsch_errors 0, ulsch_DTX 0, BLER 0.00000 MCS (0) 0 (Qm 2 deltaMCS 0 dB) NPRB 5 SNR 22.0 (+2.0) dB CCE fail 0, goodput 0.00 Mbps
UE 2cf9: LCID 1: TX            522 RX            281 bytes
UE 2cf9: LCID 2: TX              0 RX              0 bytes
UE 2cf9: LCID 4: TX              9 RX            165 bytes

[0m[NR_MAC] Frame.Slot 512.0
UE RNTI 2cf9 CU-UE-ID 1 in-sync PH 48 dB PCMAX 20 dBm, average RSRP -43 (16 meas)
UE 2cf9: dlsch_rounds 407/0/0/0, dlsch_errors 0, pucch0_DTX 0 (SNR 21.3+1.3 dB), BLER 0.00000 MCS (0) 0 CCE fail 1, goodput 0.00 Mbps
UE 2cf9: ulsch_rounds 3949/0/0/0, ulsch_errors 0, ulsch_DTX 0, BLER 0.00000 MCS (0) 0 (Qm 2 deltaMCS 0 dB) NPRB 5 SNR 22.6 (+2.6) dB CCE fail 0, goodput 0.00 Mbps
UE 2cf9: LCID 1: TX            522 RX            281 bytes
UE 2cf9: LCID 2: TX              0 RX              0 bytes
UE 2cf9: LCID 4: TX              9 RX            165 bytes

[0m[NR_MAC] Frame.Slot 640.0
UE RNTI 2cf9 CU-UE-ID 1 in-sync PH 48 dB PCMAX 20 dBm, average RSRP -43 (16 meas)
UE 2cf9: dlsch_rounds 408/0/0/0, dlsch_errors 0, pucch0_DTX 0 (SNR 21.3+1.3 dB), BLER 0.00000 MCS (0) 0 CCE fail 1, goodput 0.00 Mbps
UE 2cf9: ulsch_rounds 3962/0/0/0, ulsch_errors 0, ulsch_DTX 0, BLER 0.00000 MCS (0) 0 (Qm 2 deltaMCS 0 dB) NPRB 5 SNR 22.2 (+2.2) dB CCE fail 0, goodput 0.00 Mbps
UE 2cf9: LCID 1: TX            522 RX            281 bytes
UE 2cf9: LCID 2: TX              0 RX              0 bytes
UE 2cf9: LCID 4: TX              9 RX            165 bytes

[0m[NR_MAC] Frame.Slot 768.0
UE RNTI 2cf9 CU-UE-ID 1 in-sync PH 48 dB PCMAX 20 dBm, average RSRP -43 (16 meas)
UE 2cf9: dlsch_rounds 410/0/0/0, dlsch_errors 0, pucch0_DTX 0 (SNR 21.3+1.3 dB), BLER 0.00000 MCS (0) 0 CCE fail 1, goodput 0.00 Mbps
UE 2cf9: ulsch_rounds 3975/0/0/0, ulsch_errors 0, ulsch_DTX 0, BLER 0.00000 MCS (0) 0 (Qm 2 deltaMCS 0 dB) NPRB 5 SNR 21.8 (+1.8) dB CCE fail 0, goodput 0.00 Mbps
UE 2cf9: LCID 1: TX            522 RX            281 bytes
UE 2cf9: LCID 2: TX              0 RX              0 bytes
UE 2cf9: LCID 4: TX              9 RX            165 bytes

[0m[NR_MAC] Frame.Slot 896.0
UE RNTI 2cf9 CU-UE-ID 1 in-sync PH 48 dB PCMAX 20 dBm, average RSRP -43 (16 meas)
UE 2cf9: dlsch_rounds 411/0/0/0, dlsch_errors 0, pucch0_DTX 0 (SNR 21.3+1.3 dB), BLER 0.00000 MCS (0) 0 CCE fail 1, goodput 0.00 Mbps
UE 2cf9: ulsch_rounds 3987/0/0/0, ulsch_errors 0, ulsch_DTX 0, BLER 0.00000 MCS (0) 0 (Qm 2 deltaMCS 0 dB) NPRB 5 SNR 22.6 (+2.6) dB CCE fail 0, goodput 0.00 Mbps
UE 2cf9: LCID 1: TX            522 RX            281 bytes
UE 2cf9: LCID 2: TX              0 RX              0 bytes
UE 2cf9: LCID 4: TX              9 RX            165 bytes

[0m[NR_MAC] Frame.Slot 0.0
UE RNTI 2cf9 CU-UE-ID 1 in-sync PH 48 dB PCMAX 20 dBm, average RSRP -43 (16 meas)
UE 2cf9: dlsch_rounds 412/0/0/0, dlsch_errors 0, pucch0_DTX 0 (SNR 21.3+1.3 dB), BLER 0.00000 MCS (0) 0 CCE fail 1, goodput 0.00 Mbps
UE 2cf9: ulsch_rounds 4000/0/0/0, ulsch_errors 0, ulsch_DTX 0, BLER 0.00000 MCS (0) 0 (Qm 2 deltaMCS 0 dB) NPRB 5 SNR 22.2 (+2.2) dB CCE fail 0, goodput 0.00 Mbps
UE 2cf9: LCID 1: TX            522 RX            281 bytes
UE 2cf9: LCID 2: TX              0 RX              0 bytes
UE 2cf9: LCID 4: TX              9 RX            165 bytes

[0m[NR_MAC] Frame.Slot 128.0
UE RNTI 2cf9 CU-UE-ID 1 in-sync PH 48 dB PCMAX 20 dBm, average RSRP -43 (16 meas)
UE 2cf9: dlsch_rounds 413/0/0/0, dlsch_errors 0, pucch0_DTX 0 (SNR 21.3+1.3 dB), BLER 0.00000 MCS (0) 0 CCE fail 1, goodput 0.00 Mbps
UE 2cf9: ulsch_rounds 4013/0/0/0, ulsch_errors 0, ulsch_DTX 0, BLER 0.00000 MCS (0) 0 (Qm 2 deltaMCS 0 dB) NPRB 5 SNR 21.8 (+1.8) dB CCE fail 0, goodput 0.00 Mbps
UE 2cf9: LCID 1: TX            522 RX            281 bytes
UE 2cf9: LCID 2: TX              0 RX              0 bytes
UE 2cf9: LCID 4: TX              9 RX            165 bytes

[0m[NR_MAC] Frame.Slot 256.0
UE RNTI 2cf9 CU-UE-ID 1 in-sync PH 48 dB PCMAX 20 dBm, average RSRP -43 (16 meas)
UE 2cf9: dlsch_rounds 415/0/0/0, dlsch_errors 0, pucch0_DTX 0 (SNR 21.3+1.3 dB), BLER 0.00000 MCS (0) 0 CCE fail 1, goodput 0.00 Mbps
UE 2cf9: ulsch_rounds 4026/0/0/0, ulsch_errors 0, ulsch_DTX 0, BLER 0.00000 MCS (0) 0 (Qm 2 deltaMCS 0 dB) NPRB 5 SNR 22.4 (+2.4) dB CCE fail 0, goodput 0.00 Mbps
UE 2cf9: LCID 1: TX            522 RX            281 bytes
UE 2cf9: LCID 2: TX              0 RX              0 bytes
UE 2cf9: LCID 4: TX              9 RX            165 bytes

[0m[NR_MAC] Frame.Slot 384.0
UE RNTI 2cf9 CU-UE-ID 1 in-sync PH 48 dB PCMAX 20 dBm, average RSRP -43 (16 meas)
UE 2cf9: dlsch_rounds 416/0/0/0, dlsch_errors 0, pucch0_DTX 0 (SNR 21.3+1.3 dB), BLER 0.00000 MCS (0) 0 CCE fail 1, goodput 0.00 Mbps
UE 2cf9: ulsch_rounds 4039/0/0/0, ulsch_errors 0, ulsch_DTX 0, BLER 0.00000 MCS (0) 0 (Qm 2 deltaMCS 0 dB) NPRB 5 SNR 22.0 (+2.0) dB CCE fail 0, goodput 0.00 Mbps
UE 2cf9: LCID 1: TX            522 RX            281 bytes
UE 2cf9: LCID 2: TX              0 RX              0 bytes
UE 2cf9: LCID 4: TX              9 RX            165 bytes

[0m[NR_MAC] Frame.Slot 512.0
UE RNTI 2cf9 CU-UE-ID 1 in-sync PH 48 dB PCMAX 20 dBm, average RSRP -43 (16 meas)
UE 2cf9: dlsch_rounds 417/0/0/0, dlsch_errors 0, pucch0_DTX 0 (SNR 21.3+1.3 dB), BLER 0.00000 MCS (0) 0 CCE fail 1, goodput 0.00 Mbps
UE 2cf9: ulsch_rounds 4051/0/0/0, ulsch_errors 0, ulsch_DTX 0, BLER 0.00000 MCS (0) 0 (Qm 2 deltaMCS 0 dB) NPRB 5 SNR 21.9 (+1.9) dB CCE fail 0, goodput 0.00 Mbps
UE 2cf9: LCID 1: TX            522 RX            281 bytes
UE 2cf9: LCID 2: TX              0 RX              0 bytes
UE 2cf9: LCID 4: TX              9 RX            165 bytes

[0m[NR_MAC] Frame.Slot 640.0
UE RNTI 2cf9 CU-UE-ID 1 in-sync PH 48 dB PCMAX 20 dBm, average RSRP -43 (16 meas)
UE 2cf9: dlsch_rounds 419/0/0/0, dlsch_errors 0, pucch0_DTX 0 (SNR 21.3+1.3 dB), BLER 0.00000 MCS (0) 0 CCE fail 1, goodput 0.00 Mbps
UE 2cf9: ulsch_rounds 4064/0/0/0, ulsch_errors 0, ulsch_DTX 0, BLER 0.00000 MCS (0) 0 (Qm 2 deltaMCS 0 dB) NPRB 5 SNR 22.4 (+2.4) dB CCE fail 0, goodput 0.00 Mbps
UE 2cf9: LCID 1: TX            522 RX            281 bytes
UE 2cf9: LCID 2: TX              0 RX              0 bytes
UE 2cf9: LCID 4: TX              9 RX            165 bytes

[0m[NR_MAC] Frame.Slot 768.0
UE RNTI 2cf9 CU-UE-ID 1 in-sync PH 48 dB PCMAX 20 dBm, average RSRP -43 (16 meas)
UE 2cf9: dlsch_rounds 420/0/0/0, dlsch_errors 0, pucch0_DTX 0 (SNR 21.3+1.3 dB), BLER 0.00000 MCS (0) 0 CCE fail 1, goodput 0.00 Mbps
UE 2cf9: ulsch_rounds 4077/0/0/0, ulsch_errors 0, ulsch_DTX 0, BLER 0.00000 MCS (0) 0 (Qm 2 deltaMCS 0 dB) NPRB 5 SNR 22.0 (+2.0) dB CCE fail 0, goodput 0.00 Mbps
UE 2cf9: LCID 1: TX            522 RX            281 bytes
UE 2cf9: LCID 2: TX              0 RX              0 bytes
UE 2cf9: LCID 4: TX              9 RX            165 bytes

[0m[NR_MAC] Frame.Slot 896.0
UE RNTI 2cf9 CU-UE-ID 1 in-sync PH 48 dB PCMAX 20 dBm, average RSRP -43 (16 meas)
UE 2cf9: dlsch_rounds 421/0/0/0, dlsch_errors 0, pucch0_DTX 0 (SNR 21.3+1.3 dB), BLER 0.00000 MCS (0) 0 CCE fail 1, goodput 0.00 Mbps
UE 2cf9: ulsch_rounds 4090/0/0/0, ulsch_errors 0, ulsch_DTX 0, BLER 0.00000 MCS (0) 0 (Qm 2 deltaMCS 0 dB) NPRB 5 SNR 22.6 (+2.6) dB CCE fail 0, goodput 0.00 Mbps
UE 2cf9: LCID 1: TX            522 RX            281 bytes
UE 2cf9: LCID 2: TX              0 RX              0 bytes
UE 2cf9: LCID 4: TX              9 RX            165 bytes

[0m[NR_MAC] Frame.Slot 0.0
UE RNTI 2cf9 CU-UE-ID 1 in-sync PH 48 dB PCMAX 20 dBm, average RSRP -43 (16 meas)
UE 2cf9: dlsch_rounds 422/0/0/0, dlsch_errors 0, pucch0_DTX 0 (SNR 21.3+1.3 dB), BLER 0.00000 MCS (0) 0 CCE fail 1, goodput 0.00 Mbps
UE 2cf9: ulsch_rounds 4103/0/0/0, ulsch_errors 0, ulsch_DTX 0, BLER 0.00000 MCS (0) 0 (Qm 2 deltaMCS 0 dB) NPRB 5 SNR 22.2 (+2.2) dB CCE fail 0, goodput 0.00 Mbps
UE 2cf9: LCID 1: TX            522 RX            281 bytes
UE 2cf9: LCID 2: TX              0 RX              0 bytes
UE 2cf9: LCID 4: TX              9 RX            165 bytes

[0m[NR_MAC] Frame.Slot 128.0
UE RNTI 2cf9 CU-UE-ID 1 in-sync PH 48 dB PCMAX 20 dBm, average RSRP -43 (16 meas)
UE 2cf9: dlsch_rounds 424/0/0/0, dlsch_errors 0, pucch0_DTX 0 (SNR 21.3+1.3 dB), BLER 0.00000 MCS (0) 0 CCE fail 1, goodput 0.00 Mbps
UE 2cf9: ulsch_rounds 4115/0/0/0, ulsch_errors 0, ulsch_DTX 0, BLER 0.00000 MCS (0) 0 (Qm 2 deltaMCS 0 dB) NPRB 5 SNR 22.1 (+2.1) dB CCE fail 0, goodput 0.00 Mbps
UE 2cf9: LCID 1: TX            522 RX            281 bytes
UE 2cf9: LCID 2: TX              0 RX              0 bytes
UE 2cf9: LCID 4: TX              9 RX            165 bytes

[0m[NR_MAC] Frame.Slot 256.0
UE RNTI 2cf9 CU-UE-ID 1 in-sync PH 48 dB PCMAX 20 dBm, average RSRP -43 (16 meas)
UE 2cf9: dlsch_rounds 425/0/0/0, dlsch_errors 0, pucch0_DTX 0 (SNR 21.3+1.3 dB), BLER 0.00000 MCS (0) 0 CCE fail 1, goodput 0.00 Mbps
UE 2cf9: ulsch_rounds 4128/0/0/0, ulsch_errors 0, ulsch_DTX 0, BLER 0.00000 MCS (0) 0 (Qm 2 deltaMCS 0 dB) NPRB 5 SNR 22.7 (+2.7) dB CCE fail 0, goodput 0.00 Mbps
UE 2cf9: LCID 1: TX            522 RX            281 bytes
UE 2cf9: LCID 2: TX              0 RX              0 bytes
UE 2cf9: LCID 4: TX              9 RX            165 bytes

[0m[NR_MAC] Frame.Slot 384.0
UE RNTI 2cf9 CU-UE-ID 1 in-sync PH 48 dB PCMAX 20 dBm, average RSRP -43 (16 meas)
UE 2cf9: dlsch_rounds 426/0/0/0, dlsch_errors 0, pucch0_DTX 0 (SNR 21.3+1.3 dB), BLER 0.00000 MCS (0) 0 CCE fail 1, goodput 0.00 Mbps
UE 2cf9: ulsch_rounds 4141/0/0/0, ulsch_errors 0, ulsch_DTX 0, BLER 0.00000 MCS (0) 0 (Qm 2 deltaMCS 0 dB) NPRB 5 SNR 22.3 (+2.3) dB CCE fail 0, goodput 0.00 Mbps
UE 2cf9: LCID 1: TX            522 RX            281 bytes
UE 2cf9: LCID 2: TX              0 RX              0 bytes
UE 2cf9: LCID 4: TX              9 RX            165 bytes

[0m[NR_MAC] Frame.Slot 512.0
UE RNTI 2cf9 CU-UE-ID 1 in-sync PH 48 dB PCMAX 20 dBm, average RSRP -43 (16 meas)
UE 2cf9: dlsch_rounds 428/0/0/0, dlsch_errors 0, pucch0_DTX 0 (SNR 21.3+1.3 dB), BLER 0.00000 MCS (0) 0 CCE fail 1, goodput 0.00 Mbps
UE 2cf9: ulsch_rounds 4154/0/0/0, ulsch_errors 0, ulsch_DTX 0, BLER 0.00000 MCS (0) 0 (Qm 2 deltaMCS 0 dB) NPRB 5 SNR 21.8 (+1.8) dB CCE fail 0, goodput 0.00 Mbps
UE 2cf9: LCID 1: TX            522 RX            281 bytes
UE 2cf9: LCID 2: TX              0 RX              0 bytes
UE 2cf9: LCID 4: TX              9 RX            165 bytes

[0m[NR_MAC] Frame.Slot 640.0
UE RNTI 2cf9 CU-UE-ID 1 in-sync PH 48 dB PCMAX 20 dBm, average RSRP -43 (16 meas)
UE 2cf9: dlsch_rounds 429/0/0/0, dlsch_errors 0, pucch0_DTX 0 (SNR 21.3+1.3 dB), BLER 0.00000 MCS (0) 0 CCE fail 1, goodput 0.00 Mbps
UE 2cf9: ulsch_rounds 4167/0/0/0, ulsch_errors 0, ulsch_DTX 0, BLER 0.00000 MCS (0) 0 (Qm 2 deltaMCS 0 dB) NPRB 5 SNR 22.4 (+2.4) dB CCE fail 0, goodput 0.00 Mbps
UE 2cf9: LCID 1: TX            522 RX            281 bytes
UE 2cf9: LCID 2: TX              0 RX              0 bytes
UE 2cf9: LCID 4: TX              9 RX            165 bytes

[0m[NR_MAC] Frame.Slot 768.0
UE RNTI 2cf9 CU-UE-ID 1 in-sync PH 48 dB PCMAX 20 dBm, average RSRP -43 (16 meas)
UE 2cf9: dlsch_rounds 430/0/0/0, dlsch_errors 0, pucch0_DTX 0 (SNR 21.3+1.3 dB), BLER 0.00000 MCS (0) 0 CCE fail 1, goodput 0.00 Mbps
UE 2cf9: ulsch_rounds 4179/0/0/0, ulsch_errors 0, ulsch_DTX 0, BLER 0.00000 MCS (0) 0 (Qm 2 deltaMCS 0 dB) NPRB 5 SNR 22.3 (+2.3) dB CCE fail 0, goodput 0.00 Mbps
UE 2cf9: LCID 1: TX            522 RX            281 bytes
UE 2cf9: LCID 2: TX              0 RX              0 bytes
UE 2cf9: LCID 4: TX              9 RX            165 bytes

[0m[NR_MAC] Frame.Slot 896.0
UE RNTI 2cf9 CU-UE-ID 1 in-sync PH 48 dB PCMAX 20 dBm, average RSRP -43 (16 meas)
UE 2cf9: dlsch_rounds 431/0/0/0, dlsch_errors 0, pucch0_DTX 0 (SNR 21.3+1.3 dB), BLER 0.00000 MCS (0) 0 CCE fail 1, goodput 0.00 Mbps
UE 2cf9: ulsch_rounds 4192/0/0/0, ulsch_errors 0, ulsch_DTX 0, BLER 0.00000 MCS (0) 0 (Qm 2 deltaMCS 0 dB) NPRB 5 SNR 21.9 (+1.9) dB CCE fail 0, goodput 0.00 Mbps
UE 2cf9: LCID 1: TX            522 RX            281 bytes
UE 2cf9: LCID 2: TX              0 RX              0 bytes
UE 2cf9: LCID 4: TX              9 RX            165 bytes

[0m[NR_MAC] Frame.Slot 0.0
UE RNTI 2cf9 CU-UE-ID 1 in-sync PH 48 dB PCMAX 20 dBm, average RSRP -43 (16 meas)
UE 2cf9: dlsch_rounds 433/0/0/0, dlsch_errors 0, pucch0_DTX 0 (SNR 21.3+1.3 dB), BLER 0.00000 MCS (0) 0 CCE fail 1, goodput 0.00 Mbps
UE 2cf9: ulsch_rounds 4205/0/0/0, ulsch_errors 0, ulsch_DTX 0, BLER 0.00000 MCS (0) 0 (Qm 2 deltaMCS 0 dB) NPRB 5 SNR 22.5 (+2.5) dB CCE fail 0, goodput 0.00 Mbps
UE 2cf9: LCID 1: TX            522 RX            281 bytes
UE 2cf9: LCID 2: TX              0 RX              0 bytes
UE 2cf9: LCID 4: TX              9 RX            165 bytes

[0m[NR_MAC] Frame.Slot 128.0
UE RNTI 2cf9 CU-UE-ID 1 in-sync PH 48 dB PCMAX 20 dBm, average RSRP -43 (16 meas)
UE 2cf9: dlsch_rounds 434/0/0/0, dlsch_errors 0, pucch0_DTX 0 (SNR 21.3+1.3 dB), BLER 0.00000 MCS (0) 0 CCE fail 1, goodput 0.00 Mbps
UE 2cf9: ulsch_rounds 4218/0/0/0, ulsch_errors 0, ulsch_DTX 0, BLER 0.00000 MCS (0) 0 (Qm 2 deltaMCS 0 dB) NPRB 5 SNR 22.0 (+2.0) dB CCE fail 0, goodput 0.00 Mbps
UE 2cf9: LCID 1: TX            522 RX            281 bytes
UE 2cf9: LCID 2: TX              0 RX              0 bytes
UE 2cf9: LCID 4: TX              9 RX            165 bytes

[0m[NR_MAC] Frame.Slot 256.0
UE RNTI 2cf9 CU-UE-ID 1 in-sync PH 48 dB PCMAX 20 dBm, average RSRP -43 (16 meas)
UE 2cf9: dlsch_rounds 435/0/0/0, dlsch_errors 0, pucch0_DTX 0 (SNR 21.3+1.3 dB), BLER 0.00000 MCS (0) 0 CCE fail 1, goodput 0.00 Mbps
UE 2cf9: ulsch_rounds 4231/0/0/0, ulsch_errors 0, ulsch_DTX 0, BLER 0.00000 MCS (0) 0 (Qm 2 deltaMCS 0 dB) NPRB 5 SNR 22.6 (+2.6) dB CCE fail 0, goodput 0.00 Mbps
UE 2cf9: LCID 1: TX            522 RX            281 bytes
UE 2cf9: LCID 2: TX              0 RX              0 bytes
UE 2cf9: LCID 4: TX              9 RX            165 bytes

[0m[NR_MAC] Frame.Slot 384.0
UE RNTI 2cf9 CU-UE-ID 1 in-sync PH 48 dB PCMAX 20 dBm, average RSRP -43 (16 meas)
UE 2cf9: dlsch_rounds 436/0/0/0, dlsch_errors 0, pucch0_DTX 0 (SNR 21.3+1.3 dB), BLER 0.00000 MCS (0) 0 CCE fail 1, goodput 0.00 Mbps
UE 2cf9: ulsch_rounds 4243/0/0/0, ulsch_errors 0, ulsch_DTX 0, BLER 0.00000 MCS (0) 0 (Qm 2 deltaMCS 0 dB) NPRB 5 SNR 22.5 (+2.5) dB CCE fail 0, goodput 0.00 Mbps
UE 2cf9: LCID 1: TX            522 RX            281 bytes
UE 2cf9: LCID 2: TX              0 RX              0 bytes
UE 2cf9: LCID 4: TX              9 RX            165 bytes

[0m[NR_MAC] Frame.Slot 512.0
UE RNTI 2cf9 CU-UE-ID 1 in-sync PH 48 dB PCMAX 20 dBm, average RSRP -43 (16 meas)
UE 2cf9: dlsch_rounds 439/0/0/0, dlsch_errors 0, pucch0_DTX 0 (SNR 21.3+1.3 dB), BLER 0.00000 MCS (0) 0 CCE fail 1, goodput 0.00 Mbps
UE 2cf9: ulsch_rounds 4260/0/0/0, ulsch_errors 0, ulsch_DTX 0, BLER 0.00000 MCS (0) 0 (Qm 2 deltaMCS 0 dB) NPRB 5 SNR 22.9 (+2.9) dB CCE fail 0, goodput 0.00 Mbps
UE 2cf9: LCID 1: TX            522 RX            281 bytes
UE 2cf9: LCID 2: TX              0 RX              0 bytes
UE 2cf9: LCID 4: TX             12 RX            220 bytes

[0m[NR_MAC] Frame.Slot 640.0
UE RNTI 2cf9 CU-UE-ID 1 in-sync PH 48 dB PCMAX 20 dBm, average RSRP -43 (16 meas)
UE 2cf9: dlsch_rounds 440/0/0/0, dlsch_errors 0, pucch0_DTX 0 (SNR 21.3+1.3 dB), BLER 0.00000 MCS (0) 0 CCE fail 1, goodput 0.00 Mbps
UE 2cf9: ulsch_rounds 4273/0/0/0, ulsch_errors 0, ulsch_DTX 0, BLER 0.00000 MCS (0) 0 (Qm 2 deltaMCS 0 dB) NPRB 5 SNR 22.5 (+2.5) dB CCE fail 0, goodput 0.00 Mbps
UE 2cf9: LCID 1: TX            522 RX            281 bytes
UE 2cf9: LCID 2: TX              0 RX              0 bytes
UE 2cf9: LCID 4: TX             12 RX            220 bytes

[0m[NR_MAC] Frame.Slot 768.0
UE RNTI 2cf9 CU-UE-ID 1 in-sync PH 48 dB PCMAX 20 dBm, average RSRP -43 (16 meas)
UE 2cf9: dlsch_rounds 441/0/0/0, dlsch_errors 0, pucch0_DTX 0 (SNR 21.3+1.3 dB), BLER 0.00000 MCS (0) 0 CCE fail 1, goodput 0.00 Mbps
UE 2cf9: ulsch_rounds 4286/0/0/0, ulsch_errors 0, ulsch_DTX 0, BLER 0.00000 MCS (0) 0 (Qm 2 deltaMCS 0 dB) NPRB 5 SNR 22.1 (+2.1) dB CCE fail 0, goodput 0.00 Mbps
UE 2cf9: LCID 1: TX            522 RX            281 bytes
UE 2cf9: LCID 2: TX              0 RX              0 bytes
UE 2cf9: LCID 4: TX             12 RX            220 bytes

[0m[NR_MAC] Frame.Slot 896.0
UE RNTI 2cf9 CU-UE-ID 1 in-sync PH 48 dB PCMAX 20 dBm, average RSRP -43 (16 meas)
UE 2cf9: dlsch_rounds 443/0/0/0, dlsch_errors 0, pucch0_DTX 0 (SNR 21.3+1.3 dB), BLER 0.00000 MCS (0) 0 CCE fail 1, goodput 0.00 Mbps
UE 2cf9: ulsch_rounds 4299/0/0/0, ulsch_errors 0, ulsch_DTX 0, BLER 0.00000 MCS (0) 0 (Qm 2 deltaMCS 0 dB) NPRB 5 SNR 22.7 (+2.7) dB CCE fail 0, goodput 0.00 Mbps
UE 2cf9: LCID 1: TX            522 RX            281 bytes
UE 2cf9: LCID 2: TX              0 RX              0 bytes
UE 2cf9: LCID 4: TX             12 RX            220 bytes

[0m[NR_MAC] Frame.Slot 0.0
UE RNTI 2cf9 CU-UE-ID 1 in-sync PH 48 dB PCMAX 20 dBm, average RSRP -43 (16 meas)
UE 2cf9: dlsch_rounds 444/0/0/0, dlsch_errors 0, pucch0_DTX 0 (SNR 21.3+1.3 dB), BLER 0.00000 MCS (0) 0 CCE fail 1, goodput 0.00 Mbps
UE 2cf9: ulsch_rounds 4311/0/0/0, ulsch_errors 0, ulsch_DTX 0, BLER 0.00000 MCS (0) 0 (Qm 2 deltaMCS 0 dB) NPRB 5 SNR 22.6 (+2.6) dB CCE fail 0, goodput 0.00 Mbps
UE 2cf9: LCID 1: TX            522 RX            281 bytes
UE 2cf9: LCID 2: TX              0 RX              0 bytes
UE 2cf9: LCID 4: TX             12 RX            220 bytes

[0m[NR_MAC] Frame.Slot 128.0
UE RNTI 2cf9 CU-UE-ID 1 in-sync PH 48 dB PCMAX 20 dBm, average RSRP -43 (16 meas)
UE 2cf9: dlsch_rounds 445/0/0/0, dlsch_errors 0, pucch0_DTX 0 (SNR 21.3+1.3 dB), BLER 0.00000 MCS (0) 0 CCE fail 1, goodput 0.00 Mbps
UE 2cf9: ulsch_rounds 4324/0/0/0, ulsch_errors 0, ulsch_DTX 0, BLER 0.00000 MCS (0) 0 (Qm 2 deltaMCS 0 dB) NPRB 5 SNR 22.1 (+2.1) dB CCE fail 0, goodput 0.00 Mbps
UE 2cf9: LCID 1: TX            522 RX            281 bytes
UE 2cf9: LCID 2: TX              0 RX              0 bytes
UE 2cf9: LCID 4: TX             12 RX            220 bytes

[0m[NR_MAC] Frame.Slot 256.0
UE RNTI 2cf9 CU-UE-ID 1 in-sync PH 48 dB PCMAX 20 dBm, average RSRP -43 (16 meas)
UE 2cf9: dlsch_rounds 446/0/0/0, dlsch_errors 0, pucch0_DTX 0 (SNR 21.3+1.3 dB), BLER 0.00000 MCS (0) 0 CCE fail 1, goodput 0.00 Mbps
UE 2cf9: ulsch_rounds 4337/0/0/0, ulsch_errors 0, ulsch_DTX 0, BLER 0.00000 MCS (0) 0 (Qm 2 deltaMCS 0 dB) NPRB 5 SNR 21.8 (+1.8) dB CCE fail 0, goodput 0.00 Mbps
UE 2cf9: LCID 1: TX            522 RX            281 bytes
UE 2cf9: LCID 2: TX              0 RX              0 bytes
UE 2cf9: LCID 4: TX             12 RX            220 bytes

[0m[NR_MAC] Frame.Slot 384.0
UE RNTI 2cf9 CU-UE-ID 1 in-sync PH 48 dB PCMAX 20 dBm, average RSRP -43 (16 meas)
UE 2cf9: dlsch_rounds 448/0/0/0, dlsch_errors 0, pucch0_DTX 0 (SNR 21.3+1.3 dB), BLER 0.00000 MCS (0) 0 CCE fail 1, goodput 0.00 Mbps
UE 2cf9: ulsch_rounds 4350/0/0/0, ulsch_errors 0, ulsch_DTX 0, BLER 0.00000 MCS (0) 0 (Qm 2 deltaMCS 0 dB) NPRB 5 SNR 22.3 (+2.3) dB CCE fail 0, goodput 0.00 Mbps
UE 2cf9: LCID 1: TX            522 RX            281 bytes
UE 2cf9: LCID 2: TX              0 RX              0 bytes
UE 2cf9: LCID 4: TX             12 RX            220 bytes

[0m[NR_MAC] Frame.Slot 512.0
UE RNTI 2cf9 CU-UE-ID 1 in-sync PH 48 dB PCMAX 20 dBm, average RSRP -43 (16 meas)
UE 2cf9: dlsch_rounds 449/0/0/0, dlsch_errors 0, pucch0_DTX 0 (SNR 21.3+1.3 dB), BLER 0.00000 MCS (0) 0 CCE fail 1, goodput 0.00 Mbps
UE 2cf9: ulsch_rounds 4363/0/0/0, ulsch_errors 0, ulsch_DTX 0, BLER 0.00000 MCS (0) 0 (Qm 2 deltaMCS 0 dB) NPRB 5 SNR 21.9 (+1.9) dB CCE fail 0, goodput 0.00 Mbps
UE 2cf9: LCID 1: TX            522 RX            281 bytes
UE 2cf9: LCID 2: TX              0 RX              0 bytes
UE 2cf9: LCID 4: TX             12 RX            220 bytes

[0m[NR_MAC] Frame.Slot 640.0
UE RNTI 2cf9 CU-UE-ID 1 in-sync PH 48 dB PCMAX 20 dBm, average RSRP -43 (16 meas)
UE 2cf9: dlsch_rounds 450/0/0/0, dlsch_errors 0, pucch0_DTX 0 (SNR 21.3+1.3 dB), BLER 0.00000 MCS (0) 0 CCE fail 1, goodput 0.00 Mbps
UE 2cf9: ulsch_rounds 4375/0/0/0, ulsch_errors 0, ulsch_DTX 0, BLER 0.00000 MCS (0) 0 (Qm 2 deltaMCS 0 dB) NPRB 5 SNR 21.8 (+1.8) dB CCE fail 0, goodput 0.00 Mbps
UE 2cf9: LCID 1: TX            522 RX            281 bytes
UE 2cf9: LCID 2: TX              0 RX              0 bytes
UE 2cf9: LCID 4: TX             12 RX            220 bytes

[0m[NR_MAC] Frame.Slot 768.0
UE RNTI 2cf9 CU-UE-ID 1 in-sync PH 48 dB PCMAX 20 dBm, average RSRP -43 (16 meas)
UE 2cf9: dlsch_rounds 452/0/0/0, dlsch_errors 0, pucch0_DTX 0 (SNR 21.3+1.3 dB), BLER 0.00000 MCS (0) 0 CCE fail 1, goodput 0.00 Mbps
UE 2cf9: ulsch_rounds 4388/0/0/0, ulsch_errors 0, ulsch_DTX 0, BLER 0.00000 MCS (0) 0 (Qm 2 deltaMCS 0 dB) NPRB 5 SNR 22.3 (+2.3) dB CCE fail 0, goodput 0.00 Mbps
UE 2cf9: LCID 1: TX            522 RX            281 bytes
UE 2cf9: LCID 2: TX              0 RX              0 bytes
UE 2cf9: LCID 4: TX             12 RX            220 bytes

[0m[NR_MAC] Frame.Slot 896.0
UE RNTI 2cf9 CU-UE-ID 1 in-sync PH 48 dB PCMAX 20 dBm, average RSRP -43 (16 meas)
UE 2cf9: dlsch_rounds 453/0/0/0, dlsch_errors 0, pucch0_DTX 0 (SNR 21.3+1.3 dB), BLER 0.00000 MCS (0) 0 CCE fail 1, goodput 0.00 Mbps
UE 2cf9: ulsch_rounds 4401/0/0/0, ulsch_errors 0, ulsch_DTX 0, BLER 0.00000 MCS (0) 0 (Qm 2 deltaMCS 0 dB) NPRB 5 SNR 22.0 (+2.0) dB CCE fail 0, goodput 0.00 Mbps
UE 2cf9: LCID 1: TX            522 RX            281 bytes
UE 2cf9: LCID 2: TX              0 RX              0 bytes
UE 2cf9: LCID 4: TX             12 RX            220 bytes

[0m[NR_MAC] Frame.Slot 0.0
UE RNTI 2cf9 CU-UE-ID 1 in-sync PH 48 dB PCMAX 20 dBm, average RSRP -43 (16 meas)
UE 2cf9: dlsch_rounds 454/0/0/0, dlsch_errors 0, pucch0_DTX 0 (SNR 21.3+1.3 dB), BLER 0.00000 MCS (0) 0 CCE fail 1, goodput 0.00 Mbps
UE 2cf9: ulsch_rounds 4414/0/0/0, ulsch_errors 0, ulsch_DTX 0, BLER 0.00000 MCS (0) 0 (Qm 2 deltaMCS 0 dB) NPRB 5 SNR 22.5 (+2.5) dB CCE fail 0, goodput 0.00 Mbps
UE 2cf9: LCID 1: TX            522 RX            281 bytes
UE 2cf9: LCID 2: TX              0 RX              0 bytes
UE 2cf9: LCID 4: TX             12 RX            220 bytes

[0m[NR_MAC] Frame.Slot 128.0
UE RNTI 2cf9 CU-UE-ID 1 in-sync PH 48 dB PCMAX 20 dBm, average RSRP -43 (16 meas)
UE 2cf9: dlsch_rounds 455/0/0/0, dlsch_errors 0, pucch0_DTX 0 (SNR 21.3+1.3 dB), BLER 0.00000 MCS (0) 0 CCE fail 1, goodput 0.00 Mbps
UE 2cf9: ulsch_rounds 4427/0/0/0, ulsch_errors 0, ulsch_DTX 0, BLER 0.00000 MCS (0) 0 (Qm 2 deltaMCS 0 dB) NPRB 5 SNR 22.1 (+2.1) dB CCE fail 0, goodput 0.00 Mbps
UE 2cf9: LCID 1: TX            522 RX            281 bytes
UE 2cf9: LCID 2: TX              0 RX              0 bytes
UE 2cf9: LCID 4: TX             12 RX            220 bytes

[0m[NR_MAC] Frame.Slot 256.0
UE RNTI 2cf9 CU-UE-ID 1 in-sync PH 48 dB PCMAX 20 dBm, average RSRP -43 (16 meas)
UE 2cf9: dlsch_rounds 457/0/0/0, dlsch_errors 0, pucch0_DTX 0 (SNR 21.3+1.3 dB), BLER 0.00000 MCS (0) 0 CCE fail 1, goodput 0.00 Mbps
UE 2cf9: ulsch_rounds 4439/0/0/0, ulsch_errors 0, ulsch_DTX 0, BLER 0.00000 MCS (0) 0 (Qm 2 deltaMCS 0 dB) NPRB 5 SNR 22.0 (+2.0) dB CCE fail 0, goodput 0.00 Mbps
UE 2cf9: LCID 1: TX            522 RX            281 bytes
UE 2cf9: LCID 2: TX              0 RX              0 bytes
UE 2cf9: LCID 4: TX             12 RX            220 bytes

[0m[NR_MAC] Frame.Slot 384.0
UE RNTI 2cf9 CU-UE-ID 1 in-sync PH 48 dB PCMAX 20 dBm, average RSRP -43 (16 meas)
UE 2cf9: dlsch_rounds 458/0/0/0, dlsch_errors 0, pucch0_DTX 0 (SNR 21.3+1.3 dB), BLER 0.00000 MCS (0) 0 CCE fail 1, goodput 0.00 Mbps
UE 2cf9: ulsch_rounds 4452/0/0/0, ulsch_errors 0, ulsch_DTX 0, BLER 0.00000 MCS (0) 0 (Qm 2 deltaMCS 0 dB) NPRB 5 SNR 22.6 (+2.6) dB CCE fail 0, goodput 0.00 Mbps
UE 2cf9: LCID 1: TX            522 RX            281 bytes
UE 2cf9: LCID 2: TX              0 RX              0 bytes
UE 2cf9: LCID 4: TX             12 RX            220 bytes

[0m[NR_MAC] Frame.Slot 512.0
UE RNTI 2cf9 CU-UE-ID 1 in-sync PH 48 dB PCMAX 20 dBm, average RSRP -43 (16 meas)
UE 2cf9: dlsch_rounds 459/0/0/0, dlsch_errors 0, pucch0_DTX 0 (SNR 21.3+1.3 dB), BLER 0.00000 MCS (0) 0 CCE fail 1, goodput 0.00 Mbps
UE 2cf9: ulsch_rounds 4465/0/0/0, ulsch_errors 0, ulsch_DTX 0, BLER 0.00000 MCS (0) 0 (Qm 2 deltaMCS 0 dB) NPRB 5 SNR 22.2 (+2.2) dB CCE fail 0, goodput 0.00 Mbps
UE 2cf9: LCID 1: TX            522 RX            281 bytes
UE 2cf9: LCID 2: TX              0 RX              0 bytes
UE 2cf9: LCID 4: TX             12 RX            220 bytes

[0m[NR_MAC] Frame.Slot 640.0
UE RNTI 2cf9 CU-UE-ID 1 in-sync PH 48 dB PCMAX 20 dBm, average RSRP -43 (16 meas)
UE 2cf9: dlsch_rounds 461/0/0/0, dlsch_errors 0, pucch0_DTX 0 (SNR 21.3+1.3 dB), BLER 0.00000 MCS (0) 0 CCE fail 1, goodput 0.00 Mbps
UE 2cf9: ulsch_rounds 4478/0/0/0, ulsch_errors 0, ulsch_DTX 0, BLER 0.00000 MCS (0) 0 (Qm 2 deltaMCS 0 dB) NPRB 5 SNR 21.8 (+1.8) dB CCE fail 0, goodput 0.00 Mbps
UE 2cf9: LCID 1: TX            522 RX            281 bytes
UE 2cf9: LCID 2: TX              0 RX              0 bytes
UE 2cf9: LCID 4: TX             12 RX            220 bytes

[0m[NR_MAC] Frame.Slot 768.0
UE RNTI 2cf9 CU-UE-ID 1 in-sync PH 48 dB PCMAX 20 dBm, average RSRP -43 (16 meas)
UE 2cf9: dlsch_rounds 462/0/0/0, dlsch_errors 0, pucch0_DTX 0 (SNR 21.3+1.3 dB), BLER 0.00000 MCS (0) 0 CCE fail 1, goodput 0.00 Mbps
UE 2cf9: ulsch_rounds 4491/0/0/0, ulsch_errors 0, ulsch_DTX 0, BLER 0.00000 MCS (0) 0 (Qm 2 deltaMCS 0 dB) NPRB 5 SNR 22.3 (+2.3) dB CCE fail 0, goodput 0.00 Mbps
UE 2cf9: LCID 1: TX            522 RX            281 bytes
UE 2cf9: LCID 2: TX              0 RX              0 bytes
UE 2cf9: LCID 4: TX             12 RX            220 bytes

[0m[NR_MAC] Frame.Slot 896.0
UE RNTI 2cf9 CU-UE-ID 1 in-sync PH 48 dB PCMAX 20 dBm, average RSRP -43 (16 meas)
UE 2cf9: dlsch_rounds 463/0/0/0, dlsch_errors 0, pucch0_DTX 0 (SNR 21.3+1.3 dB), BLER 0.00000 MCS (0) 0 CCE fail 1, goodput 0.00 Mbps
UE 2cf9: ulsch_rounds 4503/0/0/0, ulsch_errors 0, ulsch_DTX 0, BLER 0.00000 MCS (0) 0 (Qm 2 deltaMCS 0 dB) NPRB 5 SNR 22.2 (+2.2) dB CCE fail 0, goodput 0.00 Mbps
UE 2cf9: LCID 1: TX            522 RX            281 bytes
UE 2cf9: LCID 2: TX              0 RX              0 bytes
UE 2cf9: LCID 4: TX             12 RX            220 bytes

[0m[NR_MAC] Frame.Slot 0.0
UE RNTI 2cf9 CU-UE-ID 1 in-sync PH 48 dB PCMAX 20 dBm, average RSRP -43 (16 meas)
UE 2cf9: dlsch_rounds 464/0/0/0, dlsch_errors 0, pucch0_DTX 0 (SNR 21.3+1.3 dB), BLER 0.00000 MCS (0) 0 CCE fail 1, goodput 0.00 Mbps
UE 2cf9: ulsch_rounds 4516/0/0/0, ulsch_errors 0, ulsch_DTX 0, BLER 0.00000 MCS (0) 0 (Qm 2 deltaMCS 0 dB) NPRB 5 SNR 21.8 (+1.8) dB CCE fail 0, goodput 0.00 Mbps
UE 2cf9: LCID 1: TX            522 RX            281 bytes
UE 2cf9: LCID 2: TX              0 RX              0 bytes
UE 2cf9: LCID 4: TX             12 RX            220 bytes

[0m[NR_MAC] Frame.Slot 128.0
UE RNTI 2cf9 CU-UE-ID 1 in-sync PH 48 dB PCMAX 20 dBm, average RSRP -43 (16 meas)
UE 2cf9: dlsch_rounds 466/0/0/0, dlsch_errors 0, pucch0_DTX 0 (SNR 21.3+1.3 dB), BLER 0.00000 MCS (0) 0 CCE fail 1, goodput 0.00 Mbps
UE 2cf9: ulsch_rounds 4529/0/0/0, ulsch_errors 0, ulsch_DTX 0, BLER 0.00000 MCS (0) 0 (Qm 2 deltaMCS 0 dB) NPRB 5 SNR 22.4 (+2.4) dB CCE fail 0, goodput 0.00 Mbps
UE 2cf9: LCID 1: TX            522 RX            281 bytes
UE 2cf9: LCID 2: TX              0 RX              0 bytes
UE 2cf9: LCID 4: TX             12 RX            220 bytes

[0m[NR_MAC] Frame.Slot 256.0
UE RNTI 2cf9 CU-UE-ID 1 in-sync PH 48 dB PCMAX 20 dBm, average RSRP -43 (16 meas)
UE 2cf9: dlsch_rounds 467/0/0/0, dlsch_errors 0, pucch0_DTX 0 (SNR 21.3+1.3 dB), BLER 0.00000 MCS (0) 0 CCE fail 1, goodput 0.00 Mbps
UE 2cf9: ulsch_rounds 4542/0/0/0, ulsch_errors 0, ulsch_DTX 0, BLER 0.00000 MCS (0) 0 (Qm 2 deltaMCS 0 dB) NPRB 5 SNR 22.0 (+2.0) dB CCE fail 0, goodput 0.00 Mbps
UE 2cf9: LCID 1: TX            522 RX            281 bytes
UE 2cf9: LCID 2: TX              0 RX              0 bytes
UE 2cf9: LCID 4: TX             12 RX            220 bytes

[0m[NR_MAC] Frame.Slot 384.0
UE RNTI 2cf9 CU-UE-ID 1 in-sync PH 48 dB PCMAX 20 dBm, average RSRP -43 (16 meas)
UE 2cf9: dlsch_rounds 468/0/0/0, dlsch_errors 0, pucch0_DTX 0 (SNR 21.3+1.3 dB), BLER 0.00000 MCS (0) 0 CCE fail 1, goodput 0.00 Mbps
UE 2cf9: ulsch_rounds 4555/0/0/0, ulsch_errors 0, ulsch_DTX 0, BLER 0.00000 MCS (0) 0 (Qm 2 deltaMCS 0 dB) NPRB 5 SNR 22.6 (+2.6) dB CCE fail 0, goodput 0.00 Mbps
UE 2cf9: LCID 1: TX            522 RX            281 bytes
UE 2cf9: LCID 2: TX              0 RX              0 bytes
UE 2cf9: LCID 4: TX             12 RX            220 bytes

[0m[NR_MAC] Frame.Slot 512.0
UE RNTI 2cf9 CU-UE-ID 1 in-sync PH 48 dB PCMAX 20 dBm, average RSRP -43 (16 meas)
UE 2cf9: dlsch_rounds 469/0/0/0, dlsch_errors 0, pucch0_DTX 0 (SNR 21.3+1.3 dB), BLER 0.00000 MCS (0) 0 CCE fail 1, goodput 0.00 Mbps
UE 2cf9: ulsch_rounds 4567/0/0/0, ulsch_errors 0, ulsch_DTX 0, BLER 0.00000 MCS (0) 0 (Qm 2 deltaMCS 0 dB) NPRB 5 SNR 22.4 (+2.4) dB CCE fail 0, goodput 0.00 Mbps
UE 2cf9: LCID 1: TX            522 RX            281 bytes
UE 2cf9: LCID 2: TX              0 RX              0 bytes
UE 2cf9: LCID 4: TX             12 RX            220 bytes

[0m[NR_MAC] Frame.Slot 640.0
UE RNTI 2cf9 CU-UE-ID 1 in-sync PH 48 dB PCMAX 20 dBm, average RSRP -43 (16 meas)
UE 2cf9: dlsch_rounds 471/0/0/0, dlsch_errors 0, pucch0_DTX 0 (SNR 21.3+1.3 dB), BLER 0.00000 MCS (0) 0 CCE fail 1, goodput 0.00 Mbps
UE 2cf9: ulsch_rounds 4580/0/0/0, ulsch_errors 0, ulsch_DTX 0, BLER 0.00000 MCS (0) 0 (Qm 2 deltaMCS 0 dB) NPRB 5 SNR 22.0 (+2.0) dB CCE fail 0, goodput 0.00 Mbps
UE 2cf9: LCID 1: TX            522 RX            281 bytes
UE 2cf9: LCID 2: TX              0 RX              0 bytes
UE 2cf9: LCID 4: TX             12 RX            220 bytes

[0m[NR_MAC] Frame.Slot 768.0
UE RNTI 2cf9 CU-UE-ID 1 in-sync PH 48 dB PCMAX 20 dBm, average RSRP -43 (16 meas)
UE 2cf9: dlsch_rounds 472/0/0/0, dlsch_errors 0, pucch0_DTX 0 (SNR 21.3+1.3 dB), BLER 0.00000 MCS (0) 0 CCE fail 1, goodput 0.00 Mbps
UE 2cf9: ulsch_rounds 4593/0/0/0, ulsch_errors 0, ulsch_DTX 0, BLER 0.00000 MCS (0) 0 (Qm 2 deltaMCS 0 dB) NPRB 5 SNR 22.6 (+2.6) dB CCE fail 0, goodput 0.00 Mbps
UE 2cf9: LCID 1: TX            522 RX            281 bytes
UE 2cf9: LCID 2: TX              0 RX              0 bytes
UE 2cf9: LCID 4: TX             12 RX            220 bytes

[0m[NR_MAC] Frame.Slot 896.0
UE RNTI 2cf9 CU-UE-ID 1 in-sync PH 48 dB PCMAX 20 dBm, average RSRP -43 (16 meas)
UE 2cf9: dlsch_rounds 473/0/0/0, dlsch_errors 0, pucch0_DTX 0 (SNR 21.3+1.3 dB), BLER 0.00000 MCS (0) 0 CCE fail 1, goodput 0.00 Mbps
UE 2cf9: ulsch_rounds 4606/0/0/0, ulsch_errors 0, ulsch_DTX 0, BLER 0.00000 MCS (0) 0 (Qm 2 deltaMCS 0 dB) NPRB 5 SNR 22.2 (+2.2) dB CCE fail 0, goodput 0.00 Mbps
UE 2cf9: LCID 1: TX            522 RX            281 bytes
UE 2cf9: LCID 2: TX              0 RX              0 bytes
UE 2cf9: LCID 4: TX             12 RX            220 bytes

[0m[NR_MAC] Frame.Slot 0.0
UE RNTI 2cf9 CU-UE-ID 1 in-sync PH 48 dB PCMAX 20 dBm, average RSRP -43 (16 meas)
UE 2cf9: dlsch_rounds 475/0/0/0, dlsch_errors 0, pucch0_DTX 0 (SNR 21.3+1.3 dB), BLER 0.00000 MCS (0) 0 CCE fail 1, goodput 0.00 Mbps
UE 2cf9: ulsch_rounds 4619/0/0/0, ulsch_errors 0, ulsch_DTX 0, BLER 0.00000 MCS (0) 0 (Qm 2 deltaMCS 0 dB) NPRB 5 SNR 21.8 (+1.8) dB CCE fail 0, goodput 0.00 Mbps
UE 2cf9: LCID 1: TX            522 RX            281 bytes
UE 2cf9: LCID 2: TX              0 RX              0 bytes
UE 2cf9: LCID 4: TX             12 RX            220 bytes

[0m[NR_MAC] Frame.Slot 128.0
UE RNTI 2cf9 CU-UE-ID 1 in-sync PH 48 dB PCMAX 20 dBm, average RSRP -43 (16 meas)
UE 2cf9: dlsch_rounds 476/0/0/0, dlsch_errors 0, pucch0_DTX 0 (SNR 21.3+1.3 dB), BLER 0.00000 MCS (0) 0 CCE fail 1, goodput 0.00 Mbps
UE 2cf9: ulsch_rounds 4631/0/0/0, ulsch_errors 0, ulsch_DTX 0, BLER 0.00000 MCS (0) 0 (Qm 2 deltaMCS 0 dB) NPRB 5 SNR 22.6 (+2.6) dB CCE fail 0, goodput 0.00 Mbps
UE 2cf9: LCID 1: TX            522 RX            281 bytes
UE 2cf9: LCID 2: TX              0 RX              0 bytes
UE 2cf9: LCID 4: TX             12 RX            220 bytes

[0m[NR_MAC] Frame.Slot 256.0
UE RNTI 2cf9 CU-UE-ID 1 in-sync PH 48 dB PCMAX 20 dBm, average RSRP -43 (16 meas)
UE 2cf9: dlsch_rounds 477/0/0/0, dlsch_errors 0, pucch0_DTX 0 (SNR 21.3+1.3 dB), BLER 0.00000 MCS (0) 0 CCE fail 1, goodput 0.00 Mbps
UE 2cf9: ulsch_rounds 4644/0/0/0, ulsch_errors 0, ulsch_DTX 0, BLER 0.00000 MCS (0) 0 (Qm 2 deltaMCS 0 dB) NPRB 5 SNR 22.2 (+2.2) dB CCE fail 0, goodput 0.00 Mbps
UE 2cf9: LCID 1: TX            522 RX            281 bytes
UE 2cf9: LCID 2: TX              0 RX              0 bytes
UE 2cf9: LCID 4: TX             12 RX            220 bytes

[0m[NR_MAC] Frame.Slot 384.0
UE RNTI 2cf9 CU-UE-ID 1 in-sync PH 48 dB PCMAX 20 dBm, average RSRP -43 (16 meas)
UE 2cf9: dlsch_rounds 478/0/0/0, dlsch_errors 0, pucch0_DTX 0 (SNR 21.3+1.3 dB), BLER 0.00000 MCS (0) 0 CCE fail 1, goodput 0.00 Mbps
UE 2cf9: ulsch_rounds 4657/0/0/0, ulsch_errors 0, ulsch_DTX 0, BLER 0.00000 MCS (0) 0 (Qm 2 deltaMCS 0 dB) NPRB 5 SNR 21.8 (+1.8) dB CCE fail 0, goodput 0.00 Mbps
UE 2cf9: LCID 1: TX            522 RX            281 bytes
UE 2cf9: LCID 2: TX              0 RX              0 bytes
UE 2cf9: LCID 4: TX             12 RX            220 bytes

[0m[NR_MAC] Frame.Slot 512.0
UE RNTI 2cf9 CU-UE-ID 1 in-sync PH 48 dB PCMAX 20 dBm, average RSRP -43 (16 meas)
UE 2cf9: dlsch_rounds 480/0/0/0, dlsch_errors 0, pucch0_DTX 0 (SNR 21.3+1.3 dB), BLER 0.00000 MCS (0) 0 CCE fail 1, goodput 0.00 Mbps
UE 2cf9: ulsch_rounds 4670/0/0/0, ulsch_errors 0, ulsch_DTX 0, BLER 0.00000 MCS (0) 0 (Qm 2 deltaMCS 0 dB) NPRB 5 SNR 22.4 (+2.4) dB CCE fail 0, goodput 0.00 Mbps
UE 2cf9: LCID 1: TX            522 RX            281 bytes
UE 2cf9: LCID 2: TX              0 RX              0 bytes
UE 2cf9: LCID 4: TX             12 RX            220 bytes

[0m[NR_MAC] Frame.Slot 640.0
UE RNTI 2cf9 CU-UE-ID 1 in-sync PH 48 dB PCMAX 20 dBm, average RSRP -43 (16 meas)
UE 2cf9: dlsch_rounds 481/0/0/0, dlsch_errors 0, pucch0_DTX 0 (SNR 21.3+1.3 dB), BLER 0.00000 MCS (0) 0 CCE fail 1, goodput 0.00 Mbps
UE 2cf9: ulsch_rounds 4683/0/0/0, ulsch_errors 0, ulsch_DTX 0, BLER 0.00000 MCS (0) 0 (Qm 2 deltaMCS 0 dB) NPRB 5 SNR 22.0 (+2.0) dB CCE fail 0, goodput 0.00 Mbps
UE 2cf9: LCID 1: TX            522 RX            281 bytes
UE 2cf9: LCID 2: TX              0 RX              0 bytes
UE 2cf9: LCID 4: TX             12 RX            220 bytes

[0m[NR_MAC] Frame.Slot 768.0
UE RNTI 2cf9 CU-UE-ID 1 in-sync PH 48 dB PCMAX 20 dBm, average RSRP -43 (16 meas)
UE 2cf9: dlsch_rounds 482/0/0/0, dlsch_errors 0, pucch0_DTX 0 (SNR 21.3+1.3 dB), BLER 0.00000 MCS (0) 0 CCE fail 1, goodput 0.00 Mbps
UE 2cf9: ulsch_rounds 4695/0/0/0, ulsch_errors 0, ulsch_DTX 0, BLER 0.00000 MCS (0) 0 (Qm 2 deltaMCS 0 dB) NPRB 5 SNR 21.8 (+1.8) dB CCE fail 0, goodput 0.00 Mbps
UE 2cf9: LCID 1: TX            522 RX            281 bytes
UE 2cf9: LCID 2: TX              0 RX              0 bytes
UE 2cf9: LCID 4: TX             12 RX            220 bytes

[0m[NR_MAC] Frame.Slot 896.0
UE RNTI 2cf9 CU-UE-ID 1 in-sync PH 48 dB PCMAX 20 dBm, average RSRP -43 (16 meas)
UE 2cf9: dlsch_rounds 484/0/0/0, dlsch_errors 0, pucch0_DTX 0 (SNR 21.3+1.3 dB), BLER 0.00000 MCS (0) 0 CCE fail 1, goodput 0.00 Mbps
UE 2cf9: ulsch_rounds 4708/0/0/0, ulsch_errors 0, ulsch_DTX 0, BLER 0.00000 MCS (0) 0 (Qm 2 deltaMCS 0 dB) NPRB 5 SNR 22.4 (+2.4) dB CCE fail 0, goodput 0.00 Mbps
UE 2cf9: LCID 1: TX            522 RX            281 bytes
UE 2cf9: LCID 2: TX              0 RX              0 bytes
UE 2cf9: LCID 4: TX             12 RX            220 bytes

[0m[NR_MAC] Frame.Slot 0.0
UE RNTI 2cf9 CU-UE-ID 1 in-sync PH 48 dB PCMAX 20 dBm, average RSRP -43 (16 meas)
UE 2cf9: dlsch_rounds 485/0/0/0, dlsch_errors 0, pucch0_DTX 0 (SNR 21.3+1.3 dB), BLER 0.00000 MCS (0) 0 CCE fail 1, goodput 0.00 Mbps
UE 2cf9: ulsch_rounds 4721/0/0/0, ulsch_errors 0, ulsch_DTX 0, BLER 0.00000 MCS (0) 0 (Qm 2 deltaMCS 0 dB) NPRB 5 SNR 22.0 (+2.0) dB CCE fail 0, goodput 0.00 Mbps
UE 2cf9: LCID 1: TX            522 RX            281 bytes
UE 2cf9: LCID 2: TX              0 RX              0 bytes
UE 2cf9: LCID 4: TX             12 RX            220 bytes

[0m[NR_MAC] Frame.Slot 128.0
UE RNTI 2cf9 CU-UE-ID 1 in-sync PH 48 dB PCMAX 20 dBm, average RSRP -43 (16 meas)
UE 2cf9: dlsch_rounds 486/0/0/0, dlsch_errors 0, pucch0_DTX 0 (SNR 21.3+1.3 dB), BLER 0.00000 MCS (0) 0 CCE fail 1, goodput 0.00 Mbps
UE 2cf9: ulsch_rounds 4734/0/0/0, ulsch_errors 0, ulsch_DTX 0, BLER 0.00000 MCS (0) 0 (Qm 2 deltaMCS 0 dB) NPRB 5 SNR 22.6 (+2.6) dB CCE fail 0, goodput 0.00 Mbps
UE 2cf9: LCID 1: TX            522 RX            281 bytes
UE 2cf9: LCID 2: TX              0 RX              0 bytes
UE 2cf9: LCID 4: TX             12 RX            220 bytes

[0m[NR_MAC] Frame.Slot 256.0
UE RNTI 2cf9 CU-UE-ID 1 in-sync PH 48 dB PCMAX 20 dBm, average RSRP -43 (16 meas)
UE 2cf9: dlsch_rounds 487/0/0/0, dlsch_errors 0, pucch0_DTX 0 (SNR 21.3+1.3 dB), BLER 0.00000 MCS (0) 0 CCE fail 1, goodput 0.00 Mbps
UE 2cf9: ulsch_rounds 4747/0/0/0, ulsch_errors 0, ulsch_DTX 0, BLER 0.00000 MCS (0) 0 (Qm 2 deltaMCS 0 dB) NPRB 5 SNR 22.2 (+2.2) dB CCE fail 0, goodput 0.00 Mbps
UE 2cf9: LCID 1: TX            522 RX            281 bytes
UE 2cf9: LCID 2: TX              0 RX              0 bytes
UE 2cf9: LCID 4: TX             12 RX            220 bytes

[0m[NR_MAC] Frame.Slot 384.0
UE RNTI 2cf9 CU-UE-ID 1 in-sync PH 48 dB PCMAX 20 dBm, average RSRP -43 (16 meas)
UE 2cf9: dlsch_rounds 489/0/0/0, dlsch_errors 0, pucch0_DTX 0 (SNR 21.3+1.3 dB), BLER 0.00000 MCS (0) 0 CCE fail 1, goodput 0.00 Mbps
UE 2cf9: ulsch_rounds 4759/0/0/0, ulsch_errors 0, ulsch_DTX 0, BLER 0.00000 MCS (0) 0 (Qm 2 deltaMCS 0 dB) NPRB 5 SNR 22.0 (+2.0) dB CCE fail 0, goodput 0.00 Mbps
UE 2cf9: LCID 1: TX            522 RX            281 bytes
UE 2cf9: LCID 2: TX              0 RX              0 bytes
UE 2cf9: LCID 4: TX             12 RX            220 bytes

[0m[NR_MAC] Frame.Slot 512.0
UE RNTI 2cf9 CU-UE-ID 1 in-sync PH 48 dB PCMAX 20 dBm, average RSRP -43 (16 meas)
UE 2cf9: dlsch_rounds 490/0/0/0, dlsch_errors 0, pucch0_DTX 0 (SNR 21.3+1.3 dB), BLER 0.00000 MCS (0) 0 CCE fail 1, goodput 0.00 Mbps
UE 2cf9: ulsch_rounds 4772/0/0/0, ulsch_errors 0, ulsch_DTX 0, BLER 0.00000 MCS (0) 0 (Qm 2 deltaMCS 0 dB) NPRB 5 SNR 22.6 (+2.6) dB CCE fail 0, goodput 0.00 Mbps
UE 2cf9: LCID 1: TX            522 RX            281 bytes
UE 2cf9: LCID 2: TX              0 RX              0 bytes
UE 2cf9: LCID 4: TX             12 RX            220 bytes

[0m[NR_MAC] Frame.Slot 640.0
UE RNTI 2cf9 CU-UE-ID 1 in-sync PH 48 dB PCMAX 20 dBm, average RSRP -43 (16 meas)
UE 2cf9: dlsch_rounds 491/0/0/0, dlsch_errors 0, pucch0_DTX 0 (SNR 21.3+1.3 dB), BLER 0.00000 MCS (0) 0 CCE fail 1, goodput 0.00 Mbps
UE 2cf9: ulsch_rounds 4785/0/0/0, ulsch_errors 0, ulsch_DTX 0, BLER 0.00000 MCS (0) 0 (Qm 2 deltaMCS 0 dB) NPRB 5 SNR 22.2 (+2.2) dB CCE fail 0, goodput 0.00 Mbps
UE 2cf9: LCID 1: TX            522 RX            281 bytes
UE 2cf9: LCID 2: TX              0 RX              0 bytes
UE 2cf9: LCID 4: TX             12 RX            220 bytes

[0m[NR_MAC] Frame.Slot 768.0
UE RNTI 2cf9 CU-UE-ID 1 in-sync PH 48 dB PCMAX 20 dBm, average RSRP -43 (16 meas)
UE 2cf9: dlsch_rounds 493/0/0/0, dlsch_errors 0, pucch0_DTX 0 (SNR 21.3+1.3 dB), BLER 0.00000 MCS (0) 0 CCE fail 1, goodput 0.00 Mbps
UE 2cf9: ulsch_rounds 4798/0/0/0, ulsch_errors 0, ulsch_DTX 0, BLER 0.00000 MCS (0) 0 (Qm 2 deltaMCS 0 dB) NPRB 5 SNR 21.8 (+1.8) dB CCE fail 0, goodput 0.00 Mbps
UE 2cf9: LCID 1: TX            522 RX            281 bytes
UE 2cf9: LCID 2: TX              0 RX              0 bytes
UE 2cf9: LCID 4: TX             12 RX            220 bytes

[0m[NR_MAC] Frame.Slot 896.0
UE RNTI 2cf9 CU-UE-ID 1 in-sync PH 48 dB PCMAX 20 dBm, average RSRP -43 (16 meas)
UE 2cf9: dlsch_rounds 494/0/0/0, dlsch_errors 0, pucch0_DTX 0 (SNR 21.3+1.3 dB), BLER 0.00000 MCS (0) 0 CCE fail 1, goodput 0.00 Mbps
UE 2cf9: ulsch_rounds 4811/0/0/0, ulsch_errors 0, ulsch_DTX 0, BLER 0.00000 MCS (0) 0 (Qm 2 deltaMCS 0 dB) NPRB 5 SNR 22.4 (+2.4) dB CCE fail 0, goodput 0.00 Mbps
UE 2cf9: LCID 1: TX            522 RX            281 bytes
UE 2cf9: LCID 2: TX              0 RX              0 bytes
UE 2cf9: LCID 4: TX             12 RX            220 bytes

[0m[NR_MAC] Frame.Slot 0.0
UE RNTI 2cf9 CU-UE-ID 1 in-sync PH 48 dB PCMAX 20 dBm, average RSRP -43 (16 meas)
UE 2cf9: dlsch_rounds 495/0/0/0, dlsch_errors 0, pucch0_DTX 0 (SNR 21.3+1.3 dB), BLER 0.00000 MCS (0) 0 CCE fail 1, goodput 0.00 Mbps
UE 2cf9: ulsch_rounds 4823/0/0/0, ulsch_errors 0, ulsch_DTX 0, BLER 0.00000 MCS (0) 0 (Qm 2 deltaMCS 0 dB) NPRB 5 SNR 22.3 (+2.3) dB CCE fail 0, goodput 0.00 Mbps
UE 2cf9: LCID 1: TX            522 RX            281 bytes
UE 2cf9: LCID 2: TX              0 RX              0 bytes
UE 2cf9: LCID 4: TX             12 RX            220 bytes

[0m[NR_MAC] Frame.Slot 128.0
UE RNTI 2cf9 CU-UE-ID 1 in-sync PH 48 dB PCMAX 20 dBm, average RSRP -43 (16 meas)
UE 2cf9: dlsch_rounds 496/0/0/0, dlsch_errors 0, pucch0_DTX 0 (SNR 21.3+1.3 dB), BLER 0.00000 MCS (0) 0 CCE fail 1, goodput 0.00 Mbps
UE 2cf9: ulsch_rounds 4836/0/0/0, ulsch_errors 0, ulsch_DTX 0, BLER 0.00000 MCS (0) 0 (Qm 2 deltaMCS 0 dB) NPRB 5 SNR 21.9 (+1.9) dB CCE fail 0, goodput 0.00 Mbps
UE 2cf9: LCID 1: TX            522 RX            281 bytes
UE 2cf9: LCID 2: TX              0 RX              0 bytes
UE 2cf9: LCID 4: TX             12 RX            220 bytes

[0m[NR_MAC] Frame.Slot 256.0
UE RNTI 2cf9 CU-UE-ID 1 in-sync PH 48 dB PCMAX 20 dBm, average RSRP -43 (16 meas)
UE 2cf9: dlsch_rounds 498/0/0/0, dlsch_errors 0, pucch0_DTX 0 (SNR 21.3+1.3 dB), BLER 0.00000 MCS (0) 0 CCE fail 1, goodput 0.00 Mbps
UE 2cf9: ulsch_rounds 4849/0/0/0, ulsch_errors 0, ulsch_DTX 0, BLER 0.00000 MCS (0) 0 (Qm 2 deltaMCS 0 dB) NPRB 5 SNR 22.4 (+2.4) dB CCE fail 0, goodput 0.00 Mbps
UE 2cf9: LCID 1: TX            522 RX            281 bytes
UE 2cf9: LCID 2: TX              0 RX              0 bytes
UE 2cf9: LCID 4: TX             12 RX            220 bytes

[0m[NR_MAC] Frame.Slot 384.0
UE RNTI 2cf9 CU-UE-ID 1 in-sync PH 48 dB PCMAX 20 dBm, average RSRP -43 (16 meas)
UE 2cf9: dlsch_rounds 499/0/0/0, dlsch_errors 0, pucch0_DTX 0 (SNR 21.3+1.3 dB), BLER 0.00000 MCS (0) 0 CCE fail 1, goodput 0.00 Mbps
UE 2cf9: ulsch_rounds 4862/0/0/0, ulsch_errors 0, ulsch_DTX 0, BLER 0.00000 MCS (0) 0 (Qm 2 deltaMCS 0 dB) NPRB 5 SNR 22.0 (+2.0) dB CCE fail 0, goodput 0.00 Mbps
UE 2cf9: LCID 1: TX            522 RX            281 bytes
UE 2cf9: LCID 2: TX              0 RX              0 bytes
UE 2cf9: LCID 4: TX             12 RX            220 bytes

[0m[NR_MAC] Frame.Slot 512.0
UE RNTI 2cf9 CU-UE-ID 1 in-sync PH 48 dB PCMAX 20 dBm, average RSRP -43 (16 meas)
UE 2cf9: dlsch_rounds 500/0/0/0, dlsch_errors 0, pucch0_DTX 0 (SNR 21.3+1.3 dB), BLER 0.00000 MCS (0) 0 CCE fail 1, goodput 0.00 Mbps
UE 2cf9: ulsch_rounds 4875/0/0/0, ulsch_errors 0, ulsch_DTX 0, BLER 0.00000 MCS (0) 0 (Qm 2 deltaMCS 0 dB) NPRB 5 SNR 22.6 (+2.6) dB CCE fail 0, goodput 0.00 Mbps
UE 2cf9: LCID 1: TX            522 RX            281 bytes
UE 2cf9: LCID 2: TX              0 RX              0 bytes
UE 2cf9: LCID 4: TX             12 RX            220 bytes

[0m[NR_MAC] Frame.Slot 640.0
UE RNTI 2cf9 CU-UE-ID 1 in-sync PH 48 dB PCMAX 20 dBm, average RSRP -43 (16 meas)
UE 2cf9: dlsch_rounds 501/0/0/0, dlsch_errors 0, pucch0_DTX 0 (SNR 21.3+1.3 dB), BLER 0.00000 MCS (0) 0 CCE fail 1, goodput 0.00 Mbps
UE 2cf9: ulsch_rounds 4887/0/0/0, ulsch_errors 0, ulsch_DTX 0, BLER 0.00000 MCS (0) 0 (Qm 2 deltaMCS 0 dB) NPRB 5 SNR 22.5 (+2.5) dB CCE fail 0, goodput 0.00 Mbps
UE 2cf9: LCID 1: TX            522 RX            281 bytes
UE 2cf9: LCID 2: TX              0 RX              0 bytes
UE 2cf9: LCID 4: TX             12 RX            220 bytes

[0m[NR_MAC] Frame.Slot 768.0
UE RNTI 2cf9 CU-UE-ID 1 in-sync PH 48 dB PCMAX 20 dBm, average RSRP -43 (16 meas)
UE 2cf9: dlsch_rounds 503/0/0/0, dlsch_errors 0, pucch0_DTX 0 (SNR 21.3+1.3 dB), BLER 0.00000 MCS (0) 0 CCE fail 1, goodput 0.00 Mbps
UE 2cf9: ulsch_rounds 4900/0/0/0, ulsch_errors 0, ulsch_DTX 0, BLER 0.00000 MCS (0) 0 (Qm 2 deltaMCS 0 dB) NPRB 5 SNR 22.1 (+2.1) dB CCE fail 0, goodput 0.00 Mbps
UE 2cf9: LCID 1: TX            522 RX            281 bytes
UE 2cf9: LCID 2: TX              0 RX              0 bytes
UE 2cf9: LCID 4: TX             12 RX            220 bytes

[0m[NR_MAC] Frame.Slot 896.0
UE RNTI 2cf9 CU-UE-ID 1 in-sync PH 48 dB PCMAX 20 dBm, average RSRP -43 (16 meas)
UE 2cf9: dlsch_rounds 504/0/0/0, dlsch_errors 0, pucch0_DTX 0 (SNR 21.3+1.3 dB), BLER 0.00000 MCS (0) 0 CCE fail 1, goodput 0.00 Mbps
UE 2cf9: ulsch_rounds 4913/0/0/0, ulsch_errors 0, ulsch_DTX 0, BLER 0.00000 MCS (0) 0 (Qm 2 deltaMCS 0 dB) NPRB 5 SNR 22.7 (+2.7) dB CCE fail 0, goodput 0.00 Mbps
UE 2cf9: LCID 1: TX            522 RX            281 bytes
UE 2cf9: LCID 2: TX              0 RX              0 bytes
UE 2cf9: LCID 4: TX             12 RX            220 bytes

[0m[NR_MAC] Frame.Slot 0.0
UE RNTI 2cf9 CU-UE-ID 1 in-sync PH 48 dB PCMAX 20 dBm, average RSRP -43 (16 meas)
UE 2cf9: dlsch_rounds 505/0/0/0, dlsch_errors 0, pucch0_DTX 0 (SNR 21.3+1.3 dB), BLER 0.00000 MCS (0) 0 CCE fail 1, goodput 0.00 Mbps
UE 2cf9: ulsch_rounds 4926/0/0/0, ulsch_errors 0, ulsch_DTX 0, BLER 0.00000 MCS (0) 0 (Qm 2 deltaMCS 0 dB) NPRB 5 SNR 22.3 (+2.3) dB CCE fail 0, goodput 0.00 Mbps
UE 2cf9: LCID 1: TX            522 RX            281 bytes
UE 2cf9: LCID 2: TX              0 RX              0 bytes
UE 2cf9: LCID 4: TX             12 RX            220 bytes

[0m[NR_MAC] Frame.Slot 128.0
UE RNTI 2cf9 CU-UE-ID 1 in-sync PH 48 dB PCMAX 20 dBm, average RSRP -43 (16 meas)
UE 2cf9: dlsch_rounds 507/0/0/0, dlsch_errors 0, pucch0_DTX 0 (SNR 21.3+1.3 dB), BLER 0.00000 MCS (0) 0 CCE fail 1, goodput 0.00 Mbps
UE 2cf9: ulsch_rounds 4939/0/0/0, ulsch_errors 0, ulsch_DTX 0, BLER 0.00000 MCS (0) 0 (Qm 2 deltaMCS 0 dB) NPRB 5 SNR 21.8 (+1.8) dB CCE fail 0, goodput 0.00 Mbps
UE 2cf9: LCID 1: TX            522 RX            281 bytes
UE 2cf9: LCID 2: TX              0 RX              0 bytes
UE 2cf9: LCID 4: TX             12 RX            220 bytes

[0m[NR_MAC] Frame.Slot 256.0
UE RNTI 2cf9 CU-UE-ID 1 in-sync PH 48 dB PCMAX 20 dBm, average RSRP -43 (16 meas)
UE 2cf9: dlsch_rounds 508/0/0/0, dlsch_errors 0, pucch0_DTX 0 (SNR 21.3+1.3 dB), BLER 0.00000 MCS (0) 0 CCE fail 1, goodput 0.00 Mbps
UE 2cf9: ulsch_rounds 4951/0/0/0, ulsch_errors 0, ulsch_DTX 0, BLER 0.00000 MCS (0) 0 (Qm 2 deltaMCS 0 dB) NPRB 5 SNR 22.7 (+2.7) dB CCE fail 0, goodput 0.00 Mbps
UE 2cf9: LCID 1: TX            522 RX            281 bytes
UE 2cf9: LCID 2: TX              0 RX              0 bytes
UE 2cf9: LCID 4: TX             12 RX            220 bytes

[0m[NR_MAC] Frame.Slot 384.0
UE RNTI 2cf9 CU-UE-ID 1 in-sync PH 48 dB PCMAX 20 dBm, average RSRP -43 (16 meas)
UE 2cf9: dlsch_rounds 509/0/0/0, dlsch_errors 0, pucch0_DTX 0 (SNR 21.3+1.3 dB), BLER 0.00000 MCS (0) 0 CCE fail 1, goodput 0.00 Mbps
UE 2cf9: ulsch_rounds 4964/0/0/0, ulsch_errors 0, ulsch_DTX 0, BLER 0.00000 MCS (0) 0 (Qm 2 deltaMCS 0 dB) NPRB 5 SNR 22.3 (+2.3) dB CCE fail 0, goodput 0.00 Mbps
UE 2cf9: LCID 1: TX            522 RX            281 bytes
UE 2cf9: LCID 2: TX              0 RX              0 bytes
UE 2cf9: LCID 4: TX             12 RX            220 bytes

[0m[NR_MAC] Frame.Slot 512.0
UE RNTI 2cf9 CU-UE-ID 1 in-sync PH 48 dB PCMAX 20 dBm, average RSRP -43 (16 meas)
UE 2cf9: dlsch_rounds 510/0/0/0, dlsch_errors 0, pucch0_DTX 0 (SNR 21.3+1.3 dB), BLER 0.00000 MCS (0) 0 CCE fail 1, goodput 0.00 Mbps
UE 2cf9: ulsch_rounds 4977/0/0/0, ulsch_errors 0, ulsch_DTX 0, BLER 0.00000 MCS (0) 0 (Qm 2 deltaMCS 0 dB) NPRB 5 SNR 21.9 (+1.9) dB CCE fail 0, goodput 0.00 Mbps
UE 2cf9: LCID 1: TX            522 RX            281 bytes
UE 2cf9: LCID 2: TX              0 RX              0 bytes
UE 2cf9: LCID 4: TX             12 RX            220 bytes

[0m[NR_MAC] Frame.Slot 640.0
UE RNTI 2cf9 CU-UE-ID 1 in-sync PH 48 dB PCMAX 20 dBm, average RSRP -43 (16 meas)
UE 2cf9: dlsch_rounds 512/0/0/0, dlsch_errors 0, pucch0_DTX 0 (SNR 21.3+1.3 dB), BLER 0.00000 MCS (0) 0 CCE fail 1, goodput 0.00 Mbps
UE 2cf9: ulsch_rounds 4990/0/0/0, ulsch_errors 0, ulsch_DTX 0, BLER 0.00000 MCS (0) 0 (Qm 2 deltaMCS 0 dB) NPRB 5 SNR 22.5 (+2.5) dB CCE fail 0, goodput 0.00 Mbps
UE 2cf9: LCID 1: TX            522 RX            281 bytes
UE 2cf9: LCID 2: TX              0 RX              0 bytes
UE 2cf9: LCID 4: TX             12 RX            220 bytes

[0m[NR_MAC] Frame.Slot 768.0
UE RNTI 2cf9 CU-UE-ID 1 in-sync PH 48 dB PCMAX 20 dBm, average RSRP -43 (16 meas)
UE 2cf9: dlsch_rounds 513/0/0/0, dlsch_errors 0, pucch0_DTX 0 (SNR 21.3+1.3 dB), BLER 0.00000 MCS (0) 0 CCE fail 1, goodput 0.00 Mbps
UE 2cf9: ulsch_rounds 5003/0/0/0, ulsch_errors 0, ulsch_DTX 0, BLER 0.00000 MCS (0) 0 (Qm 2 deltaMCS 0 dB) NPRB 5 SNR 22.0 (+2.0) dB CCE fail 0, goodput 0.00 Mbps
UE 2cf9: LCID 1: TX            522 RX            281 bytes
UE 2cf9: LCID 2: TX              0 RX              0 bytes
UE 2cf9: LCID 4: TX             12 RX            220 bytes

[0m[NR_MAC] Frame.Slot 896.0
UE RNTI 2cf9 CU-UE-ID 1 in-sync PH 48 dB PCMAX 20 dBm, average RSRP -43 (16 meas)
UE 2cf9: dlsch_rounds 514/0/0/0, dlsch_errors 0, pucch0_DTX 0 (SNR 21.3+1.3 dB), BLER 0.00000 MCS (0) 0 CCE fail 1, goodput 0.00 Mbps
UE 2cf9: ulsch_rounds 5015/0/0/0, ulsch_errors 0, ulsch_DTX 0, BLER 0.00000 MCS (0) 0 (Qm 2 deltaMCS 0 dB) NPRB 5 SNR 21.9 (+1.9) dB CCE fail 0, goodput 0.00 Mbps
UE 2cf9: LCID 1: TX            522 RX            281 bytes
UE 2cf9: LCID 2: TX              0 RX              0 bytes
UE 2cf9: LCID 4: TX             12 RX            220 bytes

[0m[NR_MAC] Frame.Slot 0.0
UE RNTI 2cf9 CU-UE-ID 1 in-sync PH 48 dB PCMAX 20 dBm, average RSRP -43 (16 meas)
UE 2cf9: dlsch_rounds 516/0/0/0, dlsch_errors 0, pucch0_DTX 0 (SNR 21.3+1.3 dB), BLER 0.00000 MCS (0) 0 CCE fail 1, goodput 0.00 Mbps
UE 2cf9: ulsch_rounds 5028/0/0/0, ulsch_errors 0, ulsch_DTX 0, BLER 0.00000 MCS (0) 0 (Qm 2 deltaMCS 0 dB) NPRB 5 SNR 22.5 (+2.5) dB CCE fail 0, goodput 0.00 Mbps
UE 2cf9: LCID 1: TX            522 RX            281 bytes
UE 2cf9: LCID 2: TX              0 RX              0 bytes
UE 2cf9: LCID 4: TX             12 RX            220 bytes

[0m[NR_MAC] Frame.Slot 128.0
UE RNTI 2cf9 CU-UE-ID 1 in-sync PH 48 dB PCMAX 20 dBm, average RSRP -43 (16 meas)
UE 2cf9: dlsch_rounds 517/0/0/0, dlsch_errors 0, pucch0_DTX 0 (SNR 21.3+1.3 dB), BLER 0.00000 MCS (0) 0 CCE fail 1, goodput 0.00 Mbps
UE 2cf9: ulsch_rounds 5041/0/0/0, ulsch_errors 0, ulsch_DTX 0, BLER 0.00000 MCS (0) 0 (Qm 2 deltaMCS 0 dB) NPRB 5 SNR 22.1 (+2.1) dB CCE fail 0, goodput 0.00 Mbps
UE 2cf9: LCID 1: TX            522 RX            281 bytes
UE 2cf9: LCID 2: TX              0 RX              0 bytes
UE 2cf9: LCID 4: TX             12 RX            220 bytes

[0m[NR_MAC] Frame.Slot 256.0
UE RNTI 2cf9 CU-UE-ID 1 in-sync PH 48 dB PCMAX 20 dBm, average RSRP -43 (16 meas)
UE 2cf9: dlsch_rounds 518/0/0/0, dlsch_errors 0, pucch0_DTX 0 (SNR 21.3+1.3 dB), BLER 0.00000 MCS (0) 0 CCE fail 1, goodput 0.00 Mbps
UE 2cf9: ulsch_rounds 5054/0/0/0, ulsch_errors 0, ulsch_DTX 0, BLER 0.00000 MCS (0) 0 (Qm 2 deltaMCS 0 dB) NPRB 5 SNR 22.7 (+2.7) dB CCE fail 0, goodput 0.00 Mbps
UE 2cf9: LCID 1: TX            522 RX            281 bytes
UE 2cf9: LCID 2: TX              0 RX              0 bytes
UE 2cf9: LCID 4: TX             12 RX            220 bytes

[0m[NR_MAC] Frame.Slot 384.0
UE RNTI 2cf9 CU-UE-ID 1 in-sync PH 48 dB PCMAX 20 dBm, average RSRP -43 (16 meas)
UE 2cf9: dlsch_rounds 519/0/0/0, dlsch_errors 0, pucch0_DTX 0 (SNR 21.3+1.3 dB), BLER 0.00000 MCS (0) 0 CCE fail 1, goodput 0.00 Mbps
UE 2cf9: ulsch_rounds 5067/0/0/0, ulsch_errors 0, ulsch_DTX 0, BLER 0.00000 MCS (0) 0 (Qm 2 deltaMCS 0 dB) NPRB 5 SNR 22.3 (+2.3) dB CCE fail 0, goodput 0.00 Mbps
UE 2cf9: LCID 1: TX            522 RX            281 bytes
UE 2cf9: LCID 2: TX              0 RX              0 bytes
UE 2cf9: LCID 4: TX             12 RX            220 bytes

[0m[NR_MAC] Frame.Slot 512.0
UE RNTI 2cf9 CU-UE-ID 1 in-sync PH 48 dB PCMAX 20 dBm, average RSRP -43 (16 meas)
UE 2cf9: dlsch_rounds 521/0/0/0, dlsch_errors 0, pucch0_DTX 0 (SNR 21.3+1.3 dB), BLER 0.00000 MCS (0) 0 CCE fail 1, goodput 0.00 Mbps
UE 2cf9: ulsch_rounds 5079/0/0/0, ulsch_errors 0, ulsch_DTX 0, BLER 0.00000 MCS (0) 0 (Qm 2 deltaMCS 0 dB) NPRB 5 SNR 22.1 (+2.1) dB CCE fail 0, goodput 0.00 Mbps
UE 2cf9: LCID 1: TX            522 RX            281 bytes
UE 2cf9: LCID 2: TX              0 RX              0 bytes
UE 2cf9: LCID 4: TX             12 RX            220 bytes

[0m[NR_MAC] Frame.Slot 640.0
UE RNTI 2cf9 CU-UE-ID 1 in-sync PH 48 dB PCMAX 20 dBm, average RSRP -43 (16 meas)
UE 2cf9: dlsch_rounds 522/0/0/0, dlsch_errors 0, pucch0_DTX 0 (SNR 21.3+1.3 dB), BLER 0.00000 MCS (0) 0 CCE fail 1, goodput 0.00 Mbps
UE 2cf9: ulsch_rounds 5092/0/0/0, ulsch_errors 0, ulsch_DTX 0, BLER 0.00000 MCS (0) 0 (Qm 2 deltaMCS 0 dB) NPRB 5 SNR 22.7 (+2.7) dB CCE fail 0, goodput 0.00 Mbps
UE 2cf9: LCID 1: TX            522 RX            281 bytes
UE 2cf9: LCID 2: TX              0 RX              0 bytes
UE 2cf9: LCID 4: TX             12 RX            220 bytes

[0m[NR_MAC] Frame.Slot 768.0
UE RNTI 2cf9 CU-UE-ID 1 in-sync PH 48 dB PCMAX 20 dBm, average RSRP -43 (16 meas)
UE 2cf9: dlsch_rounds 523/0/0/0, dlsch_errors 0, pucch0_DTX 0 (SNR 21.3+1.3 dB), BLER 0.00000 MCS (0) 0 CCE fail 1, goodput 0.00 Mbps
UE 2cf9: ulsch_rounds 5105/0/0/0, ulsch_errors 0, ulsch_DTX 0, BLER 0.00000 MCS (0) 0 (Qm 2 deltaMCS 0 dB) NPRB 5 SNR 22.3 (+2.3) dB CCE fail 0, goodput 0.00 Mbps
UE 2cf9: LCID 1: TX            522 RX            281 bytes
UE 2cf9: LCID 2: TX              0 RX              0 bytes
UE 2cf9: LCID 4: TX             12 RX            220 bytes

[0m[NR_MAC] Frame.Slot 896.0
UE RNTI 2cf9 CU-UE-ID 1 in-sync PH 48 dB PCMAX 20 dBm, average RSRP -43 (16 meas)
UE 2cf9: dlsch_rounds 525/0/0/0, dlsch_errors 0, pucch0_DTX 0 (SNR 21.3+1.3 dB), BLER 0.00000 MCS (0) 0 CCE fail 1, goodput 0.00 Mbps
UE 2cf9: ulsch_rounds 5118/0/0/0, ulsch_errors 0, ulsch_DTX 0, BLER 0.00000 MCS (0) 0 (Qm 2 deltaMCS 0 dB) NPRB 5 SNR 21.9 (+1.9) dB CCE fail 0, goodput 0.00 Mbps
UE 2cf9: LCID 1: TX            522 RX            281 bytes
UE 2cf9: LCID 2: TX              0 RX              0 bytes
UE 2cf9: LCID 4: TX             12 RX            220 bytes

[0m[NR_MAC] Frame.Slot 0.0
UE RNTI 2cf9 CU-UE-ID 1 in-sync PH 48 dB PCMAX 20 dBm, average RSRP -43 (16 meas)
UE 2cf9: dlsch_rounds 526/0/0/0, dlsch_errors 0, pucch0_DTX 0 (SNR 21.3+1.3 dB), BLER 0.00000 MCS (0) 0 CCE fail 1, goodput 0.00 Mbps
UE 2cf9: ulsch_rounds 5131/0/0/0, ulsch_errors 0, ulsch_DTX 0, BLER 0.00000 MCS (0) 0 (Qm 2 deltaMCS 0 dB) NPRB 5 SNR 22.5 (+2.5) dB CCE fail 0, goodput 0.00 Mbps
UE 2cf9: LCID 1: TX            522 RX            281 bytes
UE 2cf9: LCID 2: TX              0 RX              0 bytes
UE 2cf9: LCID 4: TX             12 RX            220 bytes

[0m[NR_MAC] Frame.Slot 128.0
UE RNTI 2cf9 CU-UE-ID 1 in-sync PH 48 dB PCMAX 20 dBm, average RSRP -43 (16 meas)
UE 2cf9: dlsch_rounds 527/0/0/0, dlsch_errors 0, pucch0_DTX 0 (SNR 21.3+1.3 dB), BLER 0.00000 MCS (0) 0 CCE fail 1, goodput 0.00 Mbps
UE 2cf9: ulsch_rounds 5143/0/0/0, ulsch_errors 0, ulsch_DTX 0, BLER 0.00000 MCS (0) 0 (Qm 2 deltaMCS 0 dB) NPRB 5 SNR 22.3 (+2.3) dB CCE fail 0, goodput 0.00 Mbps
UE 2cf9: LCID 1: TX            522 RX            281 bytes
UE 2cf9: LCID 2: TX              0 RX              0 bytes
UE 2cf9: LCID 4: TX             12 RX            220 bytes

[0m[NR_MAC] Frame.Slot 256.0
UE RNTI 2cf9 CU-UE-ID 1 in-sync PH 48 dB PCMAX 20 dBm, average RSRP -43 (16 meas)
UE 2cf9: dlsch_rounds 528/0/0/0, dlsch_errors 0, pucch0_DTX 0 (SNR 21.3+1.3 dB), BLER 0.00000 MCS (0) 0 CCE fail 1, goodput 0.00 Mbps
UE 2cf9: ulsch_rounds 5156/0/0/0, ulsch_errors 0, ulsch_DTX 0, BLER 0.00000 MCS (0) 0 (Qm 2 deltaMCS 0 dB) NPRB 5 SNR 21.9 (+1.9) dB CCE fail 0, goodput 0.00 Mbps
UE 2cf9: LCID 1: TX            522 RX            281 bytes
UE 2cf9: LCID 2: TX              0 RX              0 bytes
UE 2cf9: LCID 4: TX             12 RX            220 bytes

[0m[NR_MAC] Frame.Slot 384.0
UE RNTI 2cf9 CU-UE-ID 1 in-sync PH 48 dB PCMAX 20 dBm, average RSRP -43 (16 meas)
UE 2cf9: dlsch_rounds 530/0/0/0, dlsch_errors 0, pucch0_DTX 0 (SNR 21.3+1.3 dB), BLER 0.00000 MCS (0) 0 CCE fail 1, goodput 0.00 Mbps
UE 2cf9: ulsch_rounds 5169/0/0/0, ulsch_errors 0, ulsch_DTX 0, BLER 0.00000 MCS (0) 0 (Qm 2 deltaMCS 0 dB) NPRB 5 SNR 22.5 (+2.5) dB CCE fail 0, goodput 0.00 Mbps
UE 2cf9: LCID 1: TX            522 RX            281 bytes
UE 2cf9: LCID 2: TX              0 RX              0 bytes
UE 2cf9: LCID 4: TX             12 RX            220 bytes

[0m[NR_MAC] Frame.Slot 512.0
UE RNTI 2cf9 CU-UE-ID 1 in-sync PH 48 dB PCMAX 20 dBm, average RSRP -43 (16 meas)
UE 2cf9: dlsch_rounds 531/0/0/0, dlsch_errors 0, pucch0_DTX 0 (SNR 21.3+1.3 dB), BLER 0.00000 MCS (0) 0 CCE fail 1, goodput 0.00 Mbps
UE 2cf9: ulsch_rounds 5182/0/0/0, ulsch_errors 0, ulsch_DTX 0, BLER 0.00000 MCS (0) 0 (Qm 2 deltaMCS 0 dB) NPRB 5 SNR 22.1 (+2.1) dB CCE fail 0, goodput 0.00 Mbps
UE 2cf9: LCID 1: TX            522 RX            281 bytes
UE 2cf9: LCID 2: TX              0 RX              0 bytes
UE 2cf9: LCID 4: TX             12 RX            220 bytes

[0m[NR_MAC] Frame.Slot 640.0
UE RNTI 2cf9 CU-UE-ID 1 in-sync PH 48 dB PCMAX 20 dBm, average RSRP -43 (16 meas)
UE 2cf9: dlsch_rounds 532/0/0/0, dlsch_errors 0, pucch0_DTX 0 (SNR 21.3+1.3 dB), BLER 0.00000 MCS (0) 0 CCE fail 1, goodput 0.00 Mbps
UE 2cf9: ulsch_rounds 5195/0/0/0, ulsch_errors 0, ulsch_DTX 0, BLER 0.00000 MCS (0) 0 (Qm 2 deltaMCS 0 dB) NPRB 5 SNR 22.7 (+2.7) dB CCE fail 0, goodput 0.00 Mbps
UE 2cf9: LCID 1: TX            522 RX            281 bytes
UE 2cf9: LCID 2: TX              0 RX              0 bytes
UE 2cf9: LCID 4: TX             12 RX            220 bytes

[0m[NR_MAC] Frame.Slot 768.0
UE RNTI 2cf9 CU-UE-ID 1 in-sync PH 48 dB PCMAX 20 dBm, average RSRP -43 (16 meas)
UE 2cf9: dlsch_rounds 533/0/0/0, dlsch_errors 0, pucch0_DTX 0 (SNR 21.3+1.3 dB), BLER 0.00000 MCS (0) 0 CCE fail 1, goodput 0.00 Mbps
UE 2cf9: ulsch_rounds 5207/0/0/0, ulsch_errors 0, ulsch_DTX 0, BLER 0.00000 MCS (0) 0 (Qm 2 deltaMCS 0 dB) NPRB 5 SNR 22.5 (+2.5) dB CCE fail 0, goodput 0.00 Mbps
UE 2cf9: LCID 1: TX            522 RX            281 bytes
UE 2cf9: LCID 2: TX              0 RX              0 bytes
UE 2cf9: LCID 4: TX             12 RX            220 bytes

[0m[NR_MAC] Frame.Slot 896.0
UE RNTI 2cf9 CU-UE-ID 1 in-sync PH 48 dB PCMAX 20 dBm, average RSRP -43 (16 meas)
UE 2cf9: dlsch_rounds 535/0/0/0, dlsch_errors 0, pucch0_DTX 0 (SNR 21.3+1.3 dB), BLER 0.00000 MCS (0) 0 CCE fail 1, goodput 0.00 Mbps
UE 2cf9: ulsch_rounds 5220/0/0/0, ulsch_errors 0, ulsch_DTX 0, BLER 0.00000 MCS (0) 0 (Qm 2 deltaMCS 0 dB) NPRB 5 SNR 22.1 (+2.1) dB CCE fail 0, goodput 0.00 Mbps
UE 2cf9: LCID 1: TX            522 RX            281 bytes
UE 2cf9: LCID 2: TX              0 RX              0 bytes
UE 2cf9: LCID 4: TX             12 RX            220 bytes

[0m[NR_MAC] Frame.Slot 0.0
UE RNTI 2cf9 CU-UE-ID 1 in-sync PH 48 dB PCMAX 20 dBm, average RSRP -43 (16 meas)
UE 2cf9: dlsch_rounds 536/0/0/0, dlsch_errors 0, pucch0_DTX 0 (SNR 21.3+1.3 dB), BLER 0.00000 MCS (0) 0 CCE fail 1, goodput 0.00 Mbps
UE 2cf9: ulsch_rounds 5233/0/0/0, ulsch_errors 0, ulsch_DTX 0, BLER 0.00000 MCS (0) 0 (Qm 2 deltaMCS 0 dB) NPRB 5 SNR 22.7 (+2.7) dB CCE fail 0, goodput 0.00 Mbps
UE 2cf9: LCID 1: TX            522 RX            281 bytes
UE 2cf9: LCID 2: TX              0 RX              0 bytes
UE 2cf9: LCID 4: TX             12 RX            220 bytes

[0m[NR_MAC] Frame.Slot 128.0
UE RNTI 2cf9 CU-UE-ID 1 in-sync PH 48 dB PCMAX 20 dBm, average RSRP -43 (16 meas)
UE 2cf9: dlsch_rounds 537/0/0/0, dlsch_errors 0, pucch0_DTX 0 (SNR 21.3+1.3 dB), BLER 0.00000 MCS (0) 0 CCE fail 1, goodput 0.00 Mbps
UE 2cf9: ulsch_rounds 5246/0/0/0, ulsch_errors 0, ulsch_DTX 0, BLER 0.00000 MCS (0) 0 (Qm 2 deltaMCS 0 dB) NPRB 5 SNR 22.3 (+2.3) dB CCE fail 0, goodput 0.00 Mbps
UE 2cf9: LCID 1: TX            522 RX            281 bytes
UE 2cf9: LCID 2: TX              0 RX              0 bytes
UE 2cf9: LCID 4: TX             12 RX            220 bytes

[0m[NR_MAC] Frame.Slot 256.0
UE RNTI 2cf9 CU-UE-ID 1 in-sync PH 48 dB PCMAX 20 dBm, average RSRP -43 (16 meas)
UE 2cf9: dlsch_rounds 539/0/0/0, dlsch_errors 0, pucch0_DTX 0 (SNR 21.3+1.3 dB), BLER 0.00000 MCS (0) 0 CCE fail 1, goodput 0.00 Mbps
UE 2cf9: ulsch_rounds 5259/0/0/0, ulsch_errors 0, ulsch_DTX 0, BLER 0.00000 MCS (0) 0 (Qm 2 deltaMCS 0 dB) NPRB 5 SNR 21.9 (+1.9) dB CCE fail 0, goodput 0.00 Mbps
UE 2cf9: LCID 1: TX            522 RX            281 bytes
UE 2cf9: LCID 2: TX              0 RX              0 bytes
UE 2cf9: LCID 4: TX             12 RX            220 bytes

[0m[NR_MAC] Frame.Slot 384.0
UE RNTI 2cf9 CU-UE-ID 1 in-sync PH 48 dB PCMAX 20 dBm, average RSRP -43 (16 meas)
UE 2cf9: dlsch_rounds 540/0/0/0, dlsch_errors 0, pucch0_DTX 0 (SNR 21.3+1.3 dB), BLER 0.00000 MCS (0) 0 CCE fail 1, goodput 0.00 Mbps
UE 2cf9: ulsch_rounds 5271/0/0/0, ulsch_errors 0, ulsch_DTX 0, BLER 0.00000 MCS (0) 0 (Qm 2 deltaMCS 0 dB) NPRB 5 SNR 21.8 (+1.8) dB CCE fail 0, goodput 0.00 Mbps
UE 2cf9: LCID 1: TX            522 RX            281 bytes
UE 2cf9: LCID 2: TX              0 RX              0 bytes
UE 2cf9: LCID 4: TX             12 RX            220 bytes

[0m[NR_MAC] Frame.Slot 512.0
UE RNTI 2cf9 CU-UE-ID 1 in-sync PH 48 dB PCMAX 20 dBm, average RSRP -43 (16 meas)
UE 2cf9: dlsch_rounds 541/0/0/0, dlsch_errors 0, pucch0_DTX 0 (SNR 21.3+1.3 dB), BLER 0.00000 MCS (0) 0 CCE fail 1, goodput 0.00 Mbps
UE 2cf9: ulsch_rounds 5284/0/0/0, ulsch_errors 0, ulsch_DTX 0, BLER 0.00000 MCS (0) 0 (Qm 2 deltaMCS 0 dB) NPRB 5 SNR 22.3 (+2.3) dB CCE fail 0, goodput 0.00 Mbps
UE 2cf9: LCID 1: TX            522 RX            281 bytes
UE 2cf9: LCID 2: TX              0 RX              0 bytes
UE 2cf9: LCID 4: TX             12 RX            220 bytes

[0m[NR_MAC] Frame.Slot 640.0
UE RNTI 2cf9 CU-UE-ID 1 in-sync PH 48 dB PCMAX 20 dBm, average RSRP -43 (16 meas)
UE 2cf9: dlsch_rounds 542/0/0/0, dlsch_errors 0, pucch0_DTX 0 (SNR 21.3+1.3 dB), BLER 0.00000 MCS (0) 0 CCE fail 1, goodput 0.00 Mbps
UE 2cf9: ulsch_rounds 5297/0/0/0, ulsch_errors 0, ulsch_DTX 0, BLER 0.00000 MCS (0) 0 (Qm 2 deltaMCS 0 dB) NPRB 5 SNR 21.9 (+1.9) dB CCE fail 0, goodput 0.00 Mbps
UE 2cf9: LCID 1: TX            522 RX            281 bytes
UE 2cf9: LCID 2: TX              0 RX              0 bytes
UE 2cf9: LCID 4: TX             12 RX            220 bytes

[0m[NR_MAC] Frame.Slot 768.0
UE RNTI 2cf9 CU-UE-ID 1 in-sync PH 48 dB PCMAX 20 dBm, average RSRP -43 (16 meas)
UE 2cf9: dlsch_rounds 544/0/0/0, dlsch_errors 0, pucch0_DTX 0 (SNR 21.3+1.3 dB), BLER 0.00000 MCS (0) 0 CCE fail 1, goodput 0.00 Mbps
UE 2cf9: ulsch_rounds 5310/0/0/0, ulsch_errors 0, ulsch_DTX 0, BLER 0.00000 MCS (0) 0 (Qm 2 deltaMCS 0 dB) NPRB 5 SNR 22.5 (+2.5) dB CCE fail 0, goodput 0.00 Mbps
UE 2cf9: LCID 1: TX            522 RX            281 bytes
UE 2cf9: LCID 2: TX              0 RX              0 bytes
UE 2cf9: LCID 4: TX             12 RX            220 bytes

[0m[NR_MAC] Frame.Slot 896.0
UE RNTI 2cf9 CU-UE-ID 1 in-sync PH 48 dB PCMAX 20 dBm, average RSRP -43 (16 meas)
UE 2cf9: dlsch_rounds 545/0/0/0, dlsch_errors 0, pucch0_DTX 0 (SNR 21.3+1.3 dB), BLER 0.00000 MCS (0) 0 CCE fail 1, goodput 0.00 Mbps
UE 2cf9: ulsch_rounds 5323/0/0/0, ulsch_errors 0, ulsch_DTX 0, BLER 0.00000 MCS (0) 0 (Qm 2 deltaMCS 0 dB) NPRB 5 SNR 22.1 (+2.1) dB CCE fail 0, goodput 0.00 Mbps
UE 2cf9: LCID 1: TX            522 RX            281 bytes
UE 2cf9: LCID 2: TX              0 RX              0 bytes
UE 2cf9: LCID 4: TX             12 RX            220 bytes

[0m[NR_MAC] Frame.Slot 0.0
UE RNTI 2cf9 CU-UE-ID 1 in-sync PH 48 dB PCMAX 20 dBm, average RSRP -43 (16 meas)
UE 2cf9: dlsch_rounds 546/0/0/0, dlsch_errors 0, pucch0_DTX 0 (SNR 21.3+1.3 dB), BLER 0.00000 MCS (0) 0 CCE fail 1, goodput 0.00 Mbps
UE 2cf9: ulsch_rounds 5335/0/0/0, ulsch_errors 0, ulsch_DTX 0, BLER 0.00000 MCS (0) 0 (Qm 2 deltaMCS 0 dB) NPRB 5 SNR 22.0 (+2.0) dB CCE fail 0, goodput 0.00 Mbps
UE 2cf9: LCID 1: TX            522 RX            281 bytes
UE 2cf9: LCID 2: TX              0 RX              0 bytes
UE 2cf9: LCID 4: TX             12 RX            220 bytes

[0m[NR_MAC] Frame.Slot 128.0
UE RNTI 2cf9 CU-UE-ID 1 in-sync PH 48 dB PCMAX 20 dBm, average RSRP -43 (16 meas)
UE 2cf9: dlsch_rounds 548/0/0/0, dlsch_errors 0, pucch0_DTX 0 (SNR 21.3+1.3 dB), BLER 0.00000 MCS (0) 0 CCE fail 1, goodput 0.00 Mbps
UE 2cf9: ulsch_rounds 5348/0/0/0, ulsch_errors 0, ulsch_DTX 0, BLER 0.00000 MCS (0) 0 (Qm 2 deltaMCS 0 dB) NPRB 5 SNR 22.6 (+2.6) dB CCE fail 0, goodput 0.00 Mbps
UE 2cf9: LCID 1: TX            522 RX            281 bytes
UE 2cf9: LCID 2: TX              0 RX              0 bytes
UE 2cf9: LCID 4: TX             12 RX            220 bytes

[0m[NR_MAC] Frame.Slot 256.0
UE RNTI 2cf9 CU-UE-ID 1 in-sync PH 48 dB PCMAX 20 dBm, average RSRP -43 (16 meas)
UE 2cf9: dlsch_rounds 549/0/0/0, dlsch_errors 0, pucch0_DTX 0 (SNR 21.3+1.3 dB), BLER 0.00000 MCS (0) 0 CCE fail 1, goodput 0.00 Mbps
UE 2cf9: ulsch_rounds 5361/0/0/0, ulsch_errors 0, ulsch_DTX 0, BLER 0.00000 MCS (0) 0 (Qm 2 deltaMCS 0 dB) NPRB 5 SNR 22.1 (+2.1) dB CCE fail 0, goodput 0.00 Mbps
UE 2cf9: LCID 1: TX            522 RX            281 bytes
UE 2cf9: LCID 2: TX              0 RX              0 bytes
UE 2cf9: LCID 4: TX             12 RX            220 bytes

[0m[NR_MAC] Frame.Slot 384.0
UE RNTI 2cf9 CU-UE-ID 1 in-sync PH 48 dB PCMAX 20 dBm, average RSRP -43 (16 meas)
UE 2cf9: dlsch_rounds 550/0/0/0, dlsch_errors 0, pucch0_DTX 0 (SNR 21.3+1.3 dB), BLER 0.00000 MCS (0) 0 CCE fail 1, goodput 0.00 Mbps
UE 2cf9: ulsch_rounds 5374/0/0/0, ulsch_errors 0, ulsch_DTX 0, BLER 0.00000 MCS (0) 0 (Qm 2 deltaMCS 0 dB) NPRB 5 SNR 21.8 (+1.8) dB CCE fail 0, goodput 0.00 Mbps
UE 2cf9: LCID 1: TX            522 RX            281 bytes
UE 2cf9: LCID 2: TX              0 RX              0 bytes
UE 2cf9: LCID 4: TX             12 RX            220 bytes

[0m[NR_MAC] Frame.Slot 512.0
UE RNTI 2cf9 CU-UE-ID 1 in-sync PH 48 dB PCMAX 20 dBm, average RSRP -43 (16 meas)
UE 2cf9: dlsch_rounds 551/0/0/0, dlsch_errors 0, pucch0_DTX 0 (SNR 21.3+1.3 dB), BLER 0.00000 MCS (0) 0 CCE fail 1, goodput 0.00 Mbps
UE 2cf9: ulsch_rounds 5387/0/0/0, ulsch_errors 0, ulsch_DTX 0, BLER 0.00000 MCS (0) 0 (Qm 2 deltaMCS 0 dB) NPRB 5 SNR 22.3 (+2.3) dB CCE fail 0, goodput 0.00 Mbps
UE 2cf9: LCID 1: TX            522 RX            281 bytes
UE 2cf9: LCID 2: TX              0 RX              0 bytes
UE 2cf9: LCID 4: TX             12 RX            220 bytes

[0m[NR_MAC] Frame.Slot 640.0
UE RNTI 2cf9 CU-UE-ID 1 in-sync PH 48 dB PCMAX 20 dBm, average RSRP -43 (16 meas)
UE 2cf9: dlsch_rounds 553/0/0/0, dlsch_errors 0, pucch0_DTX 0 (SNR 21.3+1.3 dB), BLER 0.00000 MCS (0) 0 CCE fail 1, goodput 0.00 Mbps
UE 2cf9: ulsch_rounds 5399/0/0/0, ulsch_errors 0, ulsch_DTX 0, BLER 0.00000 MCS (0) 0 (Qm 2 deltaMCS 0 dB) NPRB 5 SNR 22.2 (+2.2) dB CCE fail 0, goodput 0.00 Mbps
UE 2cf9: LCID 1: TX            522 RX            281 bytes
UE 2cf9: LCID 2: TX              0 RX              0 bytes
UE 2cf9: LCID 4: TX             12 RX            220 bytes

[0m[NR_MAC] Frame.Slot 768.0
UE RNTI 2cf9 CU-UE-ID 1 in-sync PH 48 dB PCMAX 20 dBm, average RSRP -43 (16 meas)
UE 2cf9: dlsch_rounds 554/0/0/0, dlsch_errors 0, pucch0_DTX 0 (SNR 21.3+1.3 dB), BLER 0.00000 MCS (0) 0 CCE fail 1, goodput 0.00 Mbps
UE 2cf9: ulsch_rounds 5412/0/0/0, ulsch_errors 0, ulsch_DTX 0, BLER 0.00000 MCS (0) 0 (Qm 2 deltaMCS 0 dB) NPRB 5 SNR 21.8 (+1.8) dB CCE fail 0, goodput 0.00 Mbps
UE 2cf9: LCID 1: TX            522 RX            281 bytes
UE 2cf9: LCID 2: TX              0 RX              0 bytes
UE 2cf9: LCID 4: TX             12 RX            220 bytes

[0m[NR_MAC] Frame.Slot 896.0
UE RNTI 2cf9 CU-UE-ID 1 in-sync PH 48 dB PCMAX 20 dBm, average RSRP -43 (16 meas)
UE 2cf9: dlsch_rounds 555/0/0/0, dlsch_errors 0, pucch0_DTX 0 (SNR 21.3+1.3 dB), BLER 0.00000 MCS (0) 0 CCE fail 1, goodput 0.00 Mbps
UE 2cf9: ulsch_rounds 5425/0/0/0, ulsch_errors 0, ulsch_DTX 0, BLER 0.00000 MCS (0) 0 (Qm 2 deltaMCS 0 dB) NPRB 5 SNR 22.3 (+2.3) dB CCE fail 0, goodput 0.00 Mbps
UE 2cf9: LCID 1: TX            522 RX            281 bytes
UE 2cf9: LCID 2: TX              0 RX              0 bytes
UE 2cf9: LCID 4: TX             12 RX            220 bytes

[0m[NR_MAC] Frame.Slot 0.0
UE RNTI 2cf9 CU-UE-ID 1 in-sync PH 48 dB PCMAX 20 dBm, average RSRP -43 (16 meas)
UE 2cf9: dlsch_rounds 557/0/0/0, dlsch_errors 0, pucch0_DTX 0 (SNR 21.3+1.3 dB), BLER 0.00000 MCS (0) 0 CCE fail 1, goodput 0.00 Mbps
UE 2cf9: ulsch_rounds 5438/0/0/0, ulsch_errors 0, ulsch_DTX 0, BLER 0.00000 MCS (0) 0 (Qm 2 deltaMCS 0 dB) NPRB 5 SNR 22.0 (+2.0) dB CCE fail 0, goodput 0.00 Mbps
UE 2cf9: LCID 1: TX            522 RX            281 bytes
UE 2cf9: LCID 2: TX              0 RX              0 bytes
UE 2cf9: LCID 4: TX             12 RX            220 bytes

[0m[NR_MAC] Frame.Slot 128.0
UE RNTI 2cf9 CU-UE-ID 1 in-sync PH 48 dB PCMAX 20 dBm, average RSRP -43 (16 meas)
UE 2cf9: dlsch_rounds 558/0/0/0, dlsch_errors 0, pucch0_DTX 0 (SNR 21.3+1.3 dB), BLER 0.00000 MCS (0) 0 CCE fail 1, goodput 0.00 Mbps
UE 2cf9: ulsch_rounds 5451/0/0/0, ulsch_errors 0, ulsch_DTX 0, BLER 0.00000 MCS (0) 0 (Qm 2 deltaMCS 0 dB) NPRB 5 SNR 22.5 (+2.5) dB CCE fail 0, goodput 0.00 Mbps
UE 2cf9: LCID 1: TX            522 RX            281 bytes
UE 2cf9: LCID 2: TX              0 RX              0 bytes
UE 2cf9: LCID 4: TX             12 RX            220 bytes

[0m[NR_MAC] Frame.Slot 256.0
UE RNTI 2cf9 CU-UE-ID 1 in-sync PH 48 dB PCMAX 20 dBm, average RSRP -43 (16 meas)
UE 2cf9: dlsch_rounds 559/0/0/0, dlsch_errors 0, pucch0_DTX 0 (SNR 21.3+1.3 dB), BLER 0.00000 MCS (0) 0 CCE fail 1, goodput 0.00 Mbps
UE 2cf9: ulsch_rounds 5463/0/0/0, ulsch_errors 0, ulsch_DTX 0, BLER 0.00000 MCS (0) 0 (Qm 2 deltaMCS 0 dB) NPRB 5 SNR 22.4 (+2.4) dB CCE fail 0, goodput 0.00 Mbps
UE 2cf9: LCID 1: TX            522 RX            281 bytes
UE 2cf9: LCID 2: TX              0 RX              0 bytes
UE 2cf9: LCID 4: TX             12 RX            220 bytes

[0m[NR_MAC] Frame.Slot 384.0
UE RNTI 2cf9 CU-UE-ID 1 in-sync PH 48 dB PCMAX 20 dBm, average RSRP -43 (16 meas)
UE 2cf9: dlsch_rounds 560/0/0/0, dlsch_errors 0, pucch0_DTX 0 (SNR 21.3+1.3 dB), BLER 0.00000 MCS (0) 0 CCE fail 1, goodput 0.00 Mbps
UE 2cf9: ulsch_rounds 5476/0/0/0, ulsch_errors 0, ulsch_DTX 0, BLER 0.00000 MCS (0) 0 (Qm 2 deltaMCS 0 dB) NPRB 5 SNR 22.0 (+2.0) dB CCE fail 0, goodput 0.00 Mbps
UE 2cf9: LCID 1: TX            522 RX            281 bytes
UE 2cf9: LCID 2: TX              0 RX              0 bytes
UE 2cf9: LCID 4: TX             12 RX            220 bytes

[0m[NR_MAC] Frame.Slot 512.0
UE RNTI 2cf9 CU-UE-ID 1 in-sync PH 48 dB PCMAX 20 dBm, average RSRP -43 (16 meas)
UE 2cf9: dlsch_rounds 562/0/0/0, dlsch_errors 0, pucch0_DTX 0 (SNR 21.3+1.3 dB), BLER 0.00000 MCS (0) 0 CCE fail 1, goodput 0.00 Mbps
UE 2cf9: ulsch_rounds 5489/0/0/0, ulsch_errors 0, ulsch_DTX 0, BLER 0.00000 MCS (0) 0 (Qm 2 deltaMCS 0 dB) NPRB 5 SNR 22.6 (+2.6) dB CCE fail 0, goodput 0.00 Mbps
UE 2cf9: LCID 1: TX            522 RX            281 bytes
UE 2cf9: LCID 2: TX              0 RX              0 bytes
UE 2cf9: LCID 4: TX             12 RX            220 bytes

[0m[NR_MAC] Frame.Slot 640.0
UE RNTI 2cf9 CU-UE-ID 1 in-sync PH 48 dB PCMAX 20 dBm, average RSRP -43 (16 meas)
UE 2cf9: dlsch_rounds 563/0/0/0, dlsch_errors 0, pucch0_DTX 0 (SNR 21.3+1.3 dB), BLER 0.00000 MCS (0) 0 CCE fail 1, goodput 0.00 Mbps
UE 2cf9: ulsch_rounds 5502/0/0/0, ulsch_errors 0, ulsch_DTX 0, BLER 0.00000 MCS (0) 0 (Qm 2 deltaMCS 0 dB) NPRB 5 SNR 22.2 (+2.2) dB CCE fail 0, goodput 0.00 Mbps
UE 2cf9: LCID 1: TX            522 RX            281 bytes
UE 2cf9: LCID 2: TX              0 RX              0 bytes
UE 2cf9: LCID 4: TX             12 RX            220 bytes

[0m[NR_MAC] Frame.Slot 768.0
UE RNTI 2cf9 CU-UE-ID 1 in-sync PH 48 dB PCMAX 20 dBm, average RSRP -43 (16 meas)
UE 2cf9: dlsch_rounds 564/0/0/0, dlsch_errors 0, pucch0_DTX 0 (SNR 21.3+1.3 dB), BLER 0.00000 MCS (0) 0 CCE fail 1, goodput 0.00 Mbps
UE 2cf9: ulsch_rounds 5515/0/0/0, ulsch_errors 0, ulsch_DTX 0, BLER 0.00000 MCS (0) 0 (Qm 2 deltaMCS 0 dB) NPRB 5 SNR 21.8 (+1.8) dB CCE fail 0, goodput 0.00 Mbps
UE 2cf9: LCID 1: TX            522 RX            281 bytes
UE 2cf9: LCID 2: TX              0 RX              0 bytes
UE 2cf9: LCID 4: TX             12 RX            220 bytes

[0m[NR_MAC] Frame.Slot 896.0
UE RNTI 2cf9 CU-UE-ID 1 in-sync PH 48 dB PCMAX 20 dBm, average RSRP -43 (16 meas)
UE 2cf9: dlsch_rounds 565/0/0/0, dlsch_errors 0, pucch0_DTX 0 (SNR 21.3+1.3 dB), BLER 0.00000 MCS (0) 0 CCE fail 1, goodput 0.00 Mbps
UE 2cf9: ulsch_rounds 5527/0/0/0, ulsch_errors 0, ulsch_DTX 0, BLER 0.00000 MCS (0) 0 (Qm 2 deltaMCS 0 dB) NPRB 5 SNR 22.6 (+2.6) dB CCE fail 0, goodput 0.00 Mbps
UE 2cf9: LCID 1: TX            522 RX            281 bytes
UE 2cf9: LCID 2: TX              0 RX              0 bytes
UE 2cf9: LCID 4: TX             12 RX            220 bytes

[0m[NR_MAC] Frame.Slot 0.0
UE RNTI 2cf9 CU-UE-ID 1 in-sync PH 48 dB PCMAX 20 dBm, average RSRP -43 (16 meas)
UE 2cf9: dlsch_rounds 567/0/0/0, dlsch_errors 0, pucch0_DTX 0 (SNR 21.3+1.3 dB), BLER 0.00000 MCS (0) 0 CCE fail 1, goodput 0.00 Mbps
UE 2cf9: ulsch_rounds 5540/0/0/0, ulsch_errors 0, ulsch_DTX 0, BLER 0.00000 MCS (0) 0 (Qm 2 deltaMCS 0 dB) NPRB 5 SNR 22.2 (+2.2) dB CCE fail 0, goodput 0.00 Mbps
UE 2cf9: LCID 1: TX            522 RX            281 bytes
UE 2cf9: LCID 2: TX              0 RX              0 bytes
UE 2cf9: LCID 4: TX             12 RX            220 bytes

[0m[NR_MAC] Frame.Slot 128.0
UE RNTI 2cf9 CU-UE-ID 1 in-sync PH 48 dB PCMAX 20 dBm, average RSRP -43 (16 meas)
UE 2cf9: dlsch_rounds 568/0/0/0, dlsch_errors 0, pucch0_DTX 0 (SNR 21.3+1.3 dB), BLER 0.00000 MCS (0) 0 CCE fail 1, goodput 0.00 Mbps
UE 2cf9: ulsch_rounds 5553/0/0/0, ulsch_errors 0, ulsch_DTX 0, BLER 0.00000 MCS (0) 0 (Qm 2 deltaMCS 0 dB) NPRB 5 SNR 21.8 (+1.8) dB CCE fail 0, goodput 0.00 Mbps
UE 2cf9: LCID 1: TX            522 RX            281 bytes
UE 2cf9: LCID 2: TX              0 RX              0 bytes
UE 2cf9: LCID 4: TX             12 RX            220 bytes

[0m[NR_MAC] Frame.Slot 256.0
UE RNTI 2cf9 CU-UE-ID 1 in-sync PH 48 dB PCMAX 20 dBm, average RSRP -43 (16 meas)
UE 2cf9: dlsch_rounds 569/0/0/0, dlsch_errors 0, pucch0_DTX 0 (SNR 21.3+1.3 dB), BLER 0.00000 MCS (0) 0 CCE fail 1, goodput 0.00 Mbps
UE 2cf9: ulsch_rounds 5566/0/0/0, ulsch_errors 0, ulsch_DTX 0, BLER 0.00000 MCS (0) 0 (Qm 2 deltaMCS 0 dB) NPRB 5 SNR 22.4 (+2.4) dB CCE fail 0, goodput 0.00 Mbps
UE 2cf9: LCID 1: TX            522 RX            281 bytes
UE 2cf9: LCID 2: TX              0 RX              0 bytes
UE 2cf9: LCID 4: TX             12 RX            220 bytes

[0m[NR_MAC] Frame.Slot 384.0
UE RNTI 2cf9 CU-UE-ID 1 in-sync PH 48 dB PCMAX 20 dBm, average RSRP -43 (16 meas)
UE 2cf9: dlsch_rounds 571/0/0/0, dlsch_errors 0, pucch0_DTX 0 (SNR 21.3+1.3 dB), BLER 0.00000 MCS (0) 0 CCE fail 1, goodput 0.00 Mbps
UE 2cf9: ulsch_rounds 5579/0/0/0, ulsch_errors 0, ulsch_DTX 0, BLER 0.00000 MCS (0) 0 (Qm 2 deltaMCS 0 dB) NPRB 5 SNR 22.0 (+2.0) dB CCE fail 0, goodput 0.00 Mbps
UE 2cf9: LCID 1: TX            522 RX            281 bytes
UE 2cf9: LCID 2: TX              0 RX              0 bytes
UE 2cf9: LCID 4: TX             12 RX            220 bytes

[0m[NR_MAC] Frame.Slot 512.0
UE RNTI 2cf9 CU-UE-ID 1 in-sync PH 48 dB PCMAX 20 dBm, average RSRP -43 (16 meas)
UE 2cf9: dlsch_rounds 572/0/0/0, dlsch_errors 0, pucch0_DTX 0 (SNR 21.3+1.3 dB), BLER 0.00000 MCS (0) 0 CCE fail 1, goodput 0.00 Mbps
UE 2cf9: ulsch_rounds 5591/0/0/0, ulsch_errors 0, ulsch_DTX 0, BLER 0.00000 MCS (0) 0 (Qm 2 deltaMCS 0 dB) NPRB 5 SNR 21.8 (+1.8) dB CCE fail 0, goodput 0.00 Mbps
UE 2cf9: LCID 1: TX            522 RX            281 bytes
UE 2cf9: LCID 2: TX              0 RX              0 bytes
UE 2cf9: LCID 4: TX             12 RX            220 bytes

[0m[NR_MAC] Frame.Slot 640.0
UE RNTI 2cf9 CU-UE-ID 1 in-sync PH 48 dB PCMAX 20 dBm, average RSRP -43 (16 meas)
UE 2cf9: dlsch_rounds 573/0/0/0, dlsch_errors 0, pucch0_DTX 0 (SNR 21.3+1.3 dB), BLER 0.00000 MCS (0) 0 CCE fail 1, goodput 0.00 Mbps
UE 2cf9: ulsch_rounds 5604/0/0/0, ulsch_errors 0, ulsch_DTX 0, BLER 0.00000 MCS (0) 0 (Qm 2 deltaMCS 0 dB) NPRB 5 SNR 22.4 (+2.4) dB CCE fail 0, goodput 0.00 Mbps
UE 2cf9: LCID 1: TX            522 RX            281 bytes
UE 2cf9: LCID 2: TX              0 RX              0 bytes
UE 2cf9: LCID 4: TX             12 RX            220 bytes

[0m[NR_MAC] Frame.Slot 768.0
UE RNTI 2cf9 CU-UE-ID 1 in-sync PH 48 dB PCMAX 20 dBm, average RSRP -43 (16 meas)
UE 2cf9: dlsch_rounds 574/0/0/0, dlsch_errors 0, pucch0_DTX 0 (SNR 21.3+1.3 dB), BLER 0.00000 MCS (0) 0 CCE fail 1, goodput 0.00 Mbps
UE 2cf9: ulsch_rounds 5617/0/0/0, ulsch_errors 0, ulsch_DTX 0, BLER 0.00000 MCS (0) 0 (Qm 2 deltaMCS 0 dB) NPRB 5 SNR 22.0 (+2.0) dB CCE fail 0, goodput 0.00 Mbps
UE 2cf9: LCID 1: TX            522 RX            281 bytes
UE 2cf9: LCID 2: TX              0 RX              0 bytes
UE 2cf9: LCID 4: TX             12 RX            220 bytes

[0m[NR_MAC] Frame.Slot 896.0
UE RNTI 2cf9 CU-UE-ID 1 in-sync PH 48 dB PCMAX 20 dBm, average RSRP -43 (16 meas)
UE 2cf9: dlsch_rounds 576/0/0/0, dlsch_errors 0, pucch0_DTX 0 (SNR 21.3+1.3 dB), BLER 0.00000 MCS (0) 0 CCE fail 1, goodput 0.00 Mbps
UE 2cf9: ulsch_rounds 5630/0/0/0, ulsch_errors 0, ulsch_DTX 0, BLER 0.00000 MCS (0) 0 (Qm 2 deltaMCS 0 dB) NPRB 5 SNR 22.6 (+2.6) dB CCE fail 0, goodput 0.00 Mbps
UE 2cf9: LCID 1: TX            522 RX            281 bytes
UE 2cf9: LCID 2: TX              0 RX              0 bytes
UE 2cf9: LCID 4: TX             12 RX            220 bytes

[0m[NR_MAC] Frame.Slot 0.0
UE RNTI 2cf9 CU-UE-ID 1 in-sync PH 48 dB PCMAX 20 dBm, average RSRP -43 (16 meas)
UE 2cf9: dlsch_rounds 577/0/0/0, dlsch_errors 0, pucch0_DTX 0 (SNR 21.3+1.3 dB), BLER 0.00000 MCS (0) 0 CCE fail 1, goodput 0.00 Mbps
UE 2cf9: ulsch_rounds 5643/0/0/0, ulsch_errors 0, ulsch_DTX 0, BLER 0.00000 MCS (0) 0 (Qm 2 deltaMCS 0 dB) NPRB 5 SNR 22.2 (+2.2) dB CCE fail 0, goodput 0.00 Mbps
UE 2cf9: LCID 1: TX            522 RX            281 bytes
UE 2cf9: LCID 2: TX              0 RX              0 bytes
UE 2cf9: LCID 4: TX             12 RX            220 bytes

[0m[NR_MAC] Frame.Slot 128.0
UE RNTI 2cf9 CU-UE-ID 1 in-sync PH 48 dB PCMAX 20 dBm, average RSRP -43 (16 meas)
UE 2cf9: dlsch_rounds 578/0/0/0, dlsch_errors 0, pucch0_DTX 0 (SNR 21.3+1.3 dB), BLER 0.00000 MCS (0) 0 CCE fail 1, goodput 0.00 Mbps
UE 2cf9: ulsch_rounds 5655/0/0/0, ulsch_errors 0, ulsch_DTX 0, BLER 0.00000 MCS (0) 0 (Qm 2 deltaMCS 0 dB) NPRB 5 SNR 22.0 (+2.0) dB CCE fail 0, goodput 0.00 Mbps
UE 2cf9: LCID 1: TX            522 RX            281 bytes
UE 2cf9: LCID 2: TX              0 RX              0 bytes
UE 2cf9: LCID 4: TX             12 RX            220 bytes

[0m[NR_MAC] Frame.Slot 256.0
UE RNTI 2cf9 CU-UE-ID 1 in-sync PH 48 dB PCMAX 20 dBm, average RSRP -43 (16 meas)
UE 2cf9: dlsch_rounds 580/0/0/0, dlsch_errors 0, pucch0_DTX 0 (SNR 21.3+1.3 dB), BLER 0.00000 MCS (0) 0 CCE fail 1, goodput 0.00 Mbps
UE 2cf9: ulsch_rounds 5668/0/0/0, ulsch_errors 0, ulsch_DTX 0, BLER 0.00000 MCS (0) 0 (Qm 2 deltaMCS 0 dB) NPRB 5 SNR 22.6 (+2.6) dB CCE fail 0, goodput 0.00 Mbps
UE 2cf9: LCID 1: TX            522 RX            281 bytes
UE 2cf9: LCID 2: TX              0 RX              0 bytes
UE 2cf9: LCID 4: TX             12 RX            220 bytes

[0m[NR_MAC] Frame.Slot 384.0
UE RNTI 2cf9 CU-UE-ID 1 in-sync PH 48 dB PCMAX 20 dBm, average RSRP -43 (16 meas)
UE 2cf9: dlsch_rounds 581/0/0/0, dlsch_errors 0, pucch0_DTX 0 (SNR 21.3+1.3 dB), BLER 0.00000 MCS (0) 0 CCE fail 1, goodput 0.00 Mbps
UE 2cf9: ulsch_rounds 5681/0/0/0, ulsch_errors 0, ulsch_DTX 0, BLER 0.00000 MCS (0) 0 (Qm 2 deltaMCS 0 dB) NPRB 5 SNR 22.2 (+2.2) dB CCE fail 0, goodput 0.00 Mbps
UE 2cf9: LCID 1: TX            522 RX            281 bytes
UE 2cf9: LCID 2: TX              0 RX              0 bytes
UE 2cf9: LCID 4: TX             12 RX            220 bytes

[0m[NR_MAC] Frame.Slot 512.0
UE RNTI 2cf9 CU-UE-ID 1 in-sync PH 48 dB PCMAX 20 dBm, average RSRP -43 (16 meas)
UE 2cf9: dlsch_rounds 582/0/0/0, dlsch_errors 0, pucch0_DTX 0 (SNR 21.3+1.3 dB), BLER 0.00000 MCS (0) 0 CCE fail 1, goodput 0.00 Mbps
UE 2cf9: ulsch_rounds 5694/0/0/0, ulsch_errors 0, ulsch_DTX 0, BLER 0.00000 MCS (0) 0 (Qm 2 deltaMCS 0 dB) NPRB 5 SNR 21.8 (+1.8) dB CCE fail 0, goodput 0.00 Mbps
UE 2cf9: LCID 1: TX            522 RX            281 bytes
UE 2cf9: LCID 2: TX              0 RX              0 bytes
UE 2cf9: LCID 4: TX             12 RX            220 bytes

[0m[NR_MAC] Frame.Slot 640.0
UE RNTI 2cf9 CU-UE-ID 1 in-sync PH 48 dB PCMAX 20 dBm, average RSRP -43 (16 meas)
UE 2cf9: dlsch_rounds 583/0/0/0, dlsch_errors 0, pucch0_DTX 0 (SNR 21.3+1.3 dB), BLER 0.00000 MCS (0) 0 CCE fail 1, goodput 0.00 Mbps
UE 2cf9: ulsch_rounds 5707/0/0/0, ulsch_errors 0, ulsch_DTX 0, BLER 0.00000 MCS (0) 0 (Qm 2 deltaMCS 0 dB) NPRB 5 SNR 22.4 (+2.4) dB CCE fail 0, goodput 0.00 Mbps
UE 2cf9: LCID 1: TX            522 RX            281 bytes
UE 2cf9: LCID 2: TX              0 RX              0 bytes
UE 2cf9: LCID 4: TX             12 RX            220 bytes

[0m[NR_MAC] Frame.Slot 768.0
UE RNTI 2cf9 CU-UE-ID 1 in-sync PH 48 dB PCMAX 20 dBm, average RSRP -43 (16 meas)
UE 2cf9: dlsch_rounds 585/0/0/0, dlsch_errors 0, pucch0_DTX 0 (SNR 21.3+1.3 dB), BLER 0.00000 MCS (0) 0 CCE fail 1, goodput 0.00 Mbps
UE 2cf9: ulsch_rounds 5719/0/0/0, ulsch_errors 0, ulsch_DTX 0, BLER 0.00000 MCS (0) 0 (Qm 2 deltaMCS 0 dB) NPRB 5 SNR 22.3 (+2.3) dB CCE fail 0, goodput 0.00 Mbps
UE 2cf9: LCID 1: TX            522 RX            281 bytes
UE 2cf9: LCID 2: TX              0 RX              0 bytes
UE 2cf9: LCID 4: TX             12 RX            220 bytes

[0m[NR_MAC] Frame.Slot 896.0
UE RNTI 2cf9 CU-UE-ID 1 in-sync PH 48 dB PCMAX 20 dBm, average RSRP -43 (16 meas)
UE 2cf9: dlsch_rounds 586/0/0/0, dlsch_errors 0, pucch0_DTX 0 (SNR 21.3+1.3 dB), BLER 0.00000 MCS (0) 0 CCE fail 1, goodput 0.00 Mbps
UE 2cf9: ulsch_rounds 5732/0/0/0, ulsch_errors 0, ulsch_DTX 0, BLER 0.00000 MCS (0) 0 (Qm 2 deltaMCS 0 dB) NPRB 5 SNR 21.8 (+1.8) dB CCE fail 0, goodput 0.00 Mbps
UE 2cf9: LCID 1: TX            522 RX            281 bytes
UE 2cf9: LCID 2: TX              0 RX              0 bytes
UE 2cf9: LCID 4: TX             12 RX            220 bytes

[0m[NR_MAC] Frame.Slot 0.0
UE RNTI 2cf9 CU-UE-ID 1 in-sync PH 48 dB PCMAX 20 dBm, average RSRP -43 (16 meas)
UE 2cf9: dlsch_rounds 587/0/0/0, dlsch_errors 0, pucch0_DTX 0 (SNR 21.3+1.3 dB), BLER 0.00000 MCS (0) 0 CCE fail 1, goodput 0.00 Mbps
UE 2cf9: ulsch_rounds 5745/0/0/0, ulsch_errors 0, ulsch_DTX 0, BLER 0.00000 MCS (0) 0 (Qm 2 deltaMCS 0 dB) NPRB 5 SNR 22.4 (+2.4) dB CCE fail 0, goodput 0.00 Mbps
UE 2cf9: LCID 1: TX            522 RX            281 bytes
UE 2cf9: LCID 2: TX              0 RX              0 bytes
UE 2cf9: LCID 4: TX             12 RX            220 bytes

[0m[NR_MAC] Frame.Slot 128.0
UE RNTI 2cf9 CU-UE-ID 1 in-sync PH 48 dB PCMAX 20 dBm, average RSRP -43 (16 meas)
UE 2cf9: dlsch_rounds 589/0/0/0, dlsch_errors 0, pucch0_DTX 0 (SNR 21.3+1.3 dB), BLER 0.00000 MCS (0) 0 CCE fail 1, goodput 0.00 Mbps
UE 2cf9: ulsch_rounds 5758/0/0/0, ulsch_errors 0, ulsch_DTX 0, BLER 0.00000 MCS (0) 0 (Qm 2 deltaMCS 0 dB) NPRB 5 SNR 22.0 (+2.0) dB CCE fail 0, goodput 0.00 Mbps
UE 2cf9: LCID 1: TX            522 RX            281 bytes
UE 2cf9: LCID 2: TX              0 RX              0 bytes
UE 2cf9: LCID 4: TX             12 RX            220 bytes

[0m[NR_MAC] Frame.Slot 256.0
UE RNTI 2cf9 CU-UE-ID 1 in-sync PH 48 dB PCMAX 20 dBm, average RSRP -43 (16 meas)
UE 2cf9: dlsch_rounds 590/0/0/0, dlsch_errors 0, pucch0_DTX 0 (SNR 21.3+1.3 dB), BLER 0.00000 MCS (0) 0 CCE fail 1, goodput 0.00 Mbps
UE 2cf9: ulsch_rounds 5771/0/0/0, ulsch_errors 0, ulsch_DTX 0, BLER 0.00000 MCS (0) 0 (Qm 2 deltaMCS 0 dB) NPRB 5 SNR 22.6 (+2.6) dB CCE fail 0, goodput 0.00 Mbps
UE 2cf9: LCID 1: TX            522 RX            281 bytes
UE 2cf9: LCID 2: TX              0 RX              0 bytes
UE 2cf9: LCID 4: TX             12 RX            220 bytes

[0m[NR_MAC] Frame.Slot 384.0
UE RNTI 2cf9 CU-UE-ID 1 in-sync PH 48 dB PCMAX 20 dBm, average RSRP -43 (16 meas)
UE 2cf9: dlsch_rounds 591/0/0/0, dlsch_errors 0, pucch0_DTX 0 (SNR 21.3+1.3 dB), BLER 0.00000 MCS (0) 0 CCE fail 1, goodput 0.00 Mbps
UE 2cf9: ulsch_rounds 5783/0/0/0, ulsch_errors 0, ulsch_DTX 0, BLER 0.00000 MCS (0) 0 (Qm 2 deltaMCS 0 dB) NPRB 5 SNR 22.5 (+2.5) dB CCE fail 0, goodput 0.00 Mbps
UE 2cf9: LCID 1: TX            522 RX            281 bytes
UE 2cf9: LCID 2: TX              0 RX              0 bytes
UE 2cf9: LCID 4: TX             12 RX            220 bytes

[0m[NR_MAC] Frame.Slot 512.0
UE RNTI 2cf9 CU-UE-ID 1 in-sync PH 48 dB PCMAX 20 dBm, average RSRP -43 (16 meas)
UE 2cf9: dlsch_rounds 592/0/0/0, dlsch_errors 0, pucch0_DTX 0 (SNR 21.3+1.3 dB), BLER 0.00000 MCS (0) 0 CCE fail 1, goodput 0.00 Mbps
UE 2cf9: ulsch_rounds 5796/0/0/0, ulsch_errors 0, ulsch_DTX 0, BLER 0.00000 MCS (0) 0 (Qm 2 deltaMCS 0 dB) NPRB 5 SNR 22.0 (+2.0) dB CCE fail 0, goodput 0.00 Mbps
UE 2cf9: LCID 1: TX            522 RX            281 bytes
UE 2cf9: LCID 2: TX              0 RX              0 bytes
UE 2cf9: LCID 4: TX             12 RX            220 bytes

[0m[NR_MAC] Frame.Slot 640.0
UE RNTI 2cf9 CU-UE-ID 1 in-sync PH 48 dB PCMAX 20 dBm, average RSRP -43 (16 meas)
UE 2cf9: dlsch_rounds 594/0/0/0, dlsch_errors 0, pucch0_DTX 0 (SNR 21.3+1.3 dB), BLER 0.00000 MCS (0) 0 CCE fail 1, goodput 0.00 Mbps
UE 2cf9: ulsch_rounds 5809/0/0/0, ulsch_errors 0, ulsch_DTX 0, BLER 0.00000 MCS (0) 0 (Qm 2 deltaMCS 0 dB) NPRB 5 SNR 22.6 (+2.6) dB CCE fail 0, goodput 0.00 Mbps
UE 2cf9: LCID 1: TX            522 RX            281 bytes
UE 2cf9: LCID 2: TX              0 RX              0 bytes
UE 2cf9: LCID 4: TX             12 RX            220 bytes

[0m[NR_MAC] Frame.Slot 768.0
UE RNTI 2cf9 CU-UE-ID 1 in-sync PH 48 dB PCMAX 20 dBm, average RSRP -43 (16 meas)
UE 2cf9: dlsch_rounds 595/0/0/0, dlsch_errors 0, pucch0_DTX 0 (SNR 21.3+1.3 dB), BLER 0.00000 MCS (0) 0 CCE fail 1, goodput 0.00 Mbps
UE 2cf9: ulsch_rounds 5822/0/0/0, ulsch_errors 0, ulsch_DTX 0, BLER 0.00000 MCS (0) 0 (Qm 2 deltaMCS 0 dB) NPRB 5 SNR 22.2 (+2.2) dB CCE fail 0, goodput 0.00 Mbps
UE 2cf9: LCID 1: TX            522 RX            281 bytes
UE 2cf9: LCID 2: TX              0 RX              0 bytes
UE 2cf9: LCID 4: TX             12 RX            220 bytes

[0m[NR_MAC] Frame.Slot 896.0
UE RNTI 2cf9 CU-UE-ID 1 in-sync PH 48 dB PCMAX 20 dBm, average RSRP -43 (16 meas)
UE 2cf9: dlsch_rounds 596/0/0/0, dlsch_errors 0, pucch0_DTX 0 (SNR 21.3+1.3 dB), BLER 0.00000 MCS (0) 0 CCE fail 1, goodput 0.00 Mbps
UE 2cf9: ulsch_rounds 5835/0/0/0, ulsch_errors 0, ulsch_DTX 0, BLER 0.00000 MCS (0) 0 (Qm 2 deltaMCS 0 dB) NPRB 5 SNR 21.8 (+1.8) dB CCE fail 0, goodput 0.00 Mbps
UE 2cf9: LCID 1: TX            522 RX            281 bytes
UE 2cf9: LCID 2: TX              0 RX              0 bytes
UE 2cf9: LCID 4: TX             12 RX            220 bytes

[0m[NR_MAC] Frame.Slot 0.0
UE RNTI 2cf9 CU-UE-ID 1 in-sync PH 48 dB PCMAX 20 dBm, average RSRP -43 (16 meas)
UE 2cf9: dlsch_rounds 597/0/0/0, dlsch_errors 0, pucch0_DTX 0 (SNR 21.3+1.3 dB), BLER 0.00000 MCS (0) 0 CCE fail 1, goodput 0.00 Mbps
UE 2cf9: ulsch_rounds 5847/0/0/0, ulsch_errors 0, ulsch_DTX 0, BLER 0.00000 MCS (0) 0 (Qm 2 deltaMCS 0 dB) NPRB 5 SNR 22.7 (+2.7) dB CCE fail 0, goodput 0.00 Mbps
UE 2cf9: LCID 1: TX            522 RX            281 bytes
UE 2cf9: LCID 2: TX              0 RX              0 bytes
UE 2cf9: LCID 4: TX             12 RX            220 bytes

[0m[NR_MAC] Frame.Slot 128.0
UE RNTI 2cf9 CU-UE-ID 1 in-sync PH 48 dB PCMAX 20 dBm, average RSRP -43 (16 meas)
UE 2cf9: dlsch_rounds 599/0/0/0, dlsch_errors 0, pucch0_DTX 0 (SNR 21.3+1.3 dB), BLER 0.00000 MCS (0) 0 CCE fail 1, goodput 0.00 Mbps
UE 2cf9: ulsch_rounds 5860/0/0/0, ulsch_errors 0, ulsch_DTX 0, BLER 0.00000 MCS (0) 0 (Qm 2 deltaMCS 0 dB) NPRB 5 SNR 22.3 (+2.3) dB CCE fail 0, goodput 0.00 Mbps
UE 2cf9: LCID 1: TX            522 RX            281 bytes
UE 2cf9: LCID 2: TX              0 RX              0 bytes
UE 2cf9: LCID 4: TX             12 RX            220 bytes

[0m[NR_MAC] Frame.Slot 256.0
UE RNTI 2cf9 CU-UE-ID 1 in-sync PH 48 dB PCMAX 20 dBm, average RSRP -43 (16 meas)
UE 2cf9: dlsch_rounds 600/0/0/0, dlsch_errors 0, pucch0_DTX 0 (SNR 21.3+1.3 dB), BLER 0.00000 MCS (0) 0 CCE fail 1, goodput 0.00 Mbps
UE 2cf9: ulsch_rounds 5873/0/0/0, ulsch_errors 0, ulsch_DTX 0, BLER 0.00000 MCS (0) 0 (Qm 2 deltaMCS 0 dB) NPRB 5 SNR 21.9 (+1.9) dB CCE fail 0, goodput 0.00 Mbps
UE 2cf9: LCID 1: TX            522 RX            281 bytes
UE 2cf9: LCID 2: TX              0 RX              0 bytes
UE 2cf9: LCID 4: TX             12 RX            220 bytes

[0m[NR_MAC] Frame.Slot 384.0
UE RNTI 2cf9 CU-UE-ID 1 in-sync PH 48 dB PCMAX 20 dBm, average RSRP -43 (16 meas)
UE 2cf9: dlsch_rounds 601/0/0/0, dlsch_errors 0, pucch0_DTX 0 (SNR 21.3+1.3 dB), BLER 0.00000 MCS (0) 0 CCE fail 1, goodput 0.00 Mbps
UE 2cf9: ulsch_rounds 5886/0/0/0, ulsch_errors 0, ulsch_DTX 0, BLER 0.00000 MCS (0) 0 (Qm 2 deltaMCS 0 dB) NPRB 5 SNR 22.4 (+2.4) dB CCE fail 0, goodput 0.00 Mbps
UE 2cf9: LCID 1: TX            522 RX            281 bytes
UE 2cf9: LCID 2: TX              0 RX              0 bytes
UE 2cf9: LCID 4: TX             12 RX            220 bytes

[0m[NR_MAC] Frame.Slot 512.0
UE RNTI 2cf9 CU-UE-ID 1 in-sync PH 48 dB PCMAX 20 dBm, average RSRP -43 (16 meas)
UE 2cf9: dlsch_rounds 603/0/0/0, dlsch_errors 0, pucch0_DTX 0 (SNR 21.3+1.3 dB), BLER 0.00000 MCS (0) 0 CCE fail 1, goodput 0.00 Mbps
UE 2cf9: ulsch_rounds 5899/0/0/0, ulsch_errors 0, ulsch_DTX 0, BLER 0.00000 MCS (0) 0 (Qm 2 deltaMCS 0 dB) NPRB 5 SNR 22.0 (+2.0) dB CCE fail 0, goodput 0.00 Mbps
UE 2cf9: LCID 1: TX            522 RX            281 bytes
UE 2cf9: LCID 2: TX              0 RX              0 bytes
UE 2cf9: LCID 4: TX             12 RX            220 bytes

[0m[NR_MAC] Frame.Slot 640.0
UE RNTI 2cf9 CU-UE-ID 1 in-sync PH 48 dB PCMAX 20 dBm, average RSRP -43 (16 meas)
UE 2cf9: dlsch_rounds 604/0/0/0, dlsch_errors 0, pucch0_DTX 0 (SNR 21.3+1.3 dB), BLER 0.00000 MCS (0) 0 CCE fail 1, goodput 0.00 Mbps
UE 2cf9: ulsch_rounds 5911/0/0/0, ulsch_errors 0, ulsch_DTX 0, BLER 0.00000 MCS (0) 0 (Qm 2 deltaMCS 0 dB) NPRB 5 SNR 21.9 (+1.9) dB CCE fail 0, goodput 0.00 Mbps
UE 2cf9: LCID 1: TX            522 RX            281 bytes
UE 2cf9: LCID 2: TX              0 RX              0 bytes
UE 2cf9: LCID 4: TX             12 RX            220 bytes

[0m[NR_MAC] Frame.Slot 768.0
UE RNTI 2cf9 CU-UE-ID 1 in-sync PH 48 dB PCMAX 20 dBm, average RSRP -43 (16 meas)
UE 2cf9: dlsch_rounds 605/0/0/0, dlsch_errors 0, pucch0_DTX 0 (SNR 21.3+1.3 dB), BLER 0.00000 MCS (0) 0 CCE fail 1, goodput 0.00 Mbps
UE 2cf9: ulsch_rounds 5924/0/0/0, ulsch_errors 0, ulsch_DTX 0, BLER 0.00000 MCS (0) 0 (Qm 2 deltaMCS 0 dB) NPRB 5 SNR 22.5 (+2.5) dB CCE fail 0, goodput 0.00 Mbps
UE 2cf9: LCID 1: TX            522 RX            281 bytes
UE 2cf9: LCID 2: TX              0 RX              0 bytes
UE 2cf9: LCID 4: TX             12 RX            220 bytes

[0m[NR_MAC] Frame.Slot 896.0
UE RNTI 2cf9 CU-UE-ID 1 in-sync PH 48 dB PCMAX 20 dBm, average RSRP -43 (16 meas)
UE 2cf9: dlsch_rounds 606/0/0/0, dlsch_errors 0, pucch0_DTX 0 (SNR 21.3+1.3 dB), BLER 0.00000 MCS (0) 0 CCE fail 1, goodput 0.00 Mbps
UE 2cf9: ulsch_rounds 5937/0/0/0, ulsch_errors 0, ulsch_DTX 0, BLER 0.00000 MCS (0) 0 (Qm 2 deltaMCS 0 dB) NPRB 5 SNR 22.1 (+2.1) dB CCE fail 0, goodput 0.00 Mbps
UE 2cf9: LCID 1: TX            522 RX            281 bytes
UE 2cf9: LCID 2: TX              0 RX              0 bytes
UE 2cf9: LCID 4: TX             12 RX            220 bytes

[0m[NR_MAC] Frame.Slot 0.0
UE RNTI 2cf9 CU-UE-ID 1 in-sync PH 48 dB PCMAX 20 dBm, average RSRP -43 (16 meas)
UE 2cf9: dlsch_rounds 608/0/0/0, dlsch_errors 0, pucch0_DTX 0 (SNR 21.3+1.3 dB), BLER 0.00000 MCS (0) 0 CCE fail 1, goodput 0.00 Mbps
UE 2cf9: ulsch_rounds 5950/0/0/0, ulsch_errors 0, ulsch_DTX 0, BLER 0.00000 MCS (0) 0 (Qm 2 deltaMCS 0 dB) NPRB 5 SNR 22.7 (+2.7) dB CCE fail 0, goodput 0.00 Mbps
UE 2cf9: LCID 1: TX            522 RX            281 bytes
UE 2cf9: LCID 2: TX              0 RX              0 bytes
UE 2cf9: LCID 4: TX             12 RX            220 bytes

[0m[NR_MAC] Frame.Slot 128.0
UE RNTI 2cf9 CU-UE-ID 1 in-sync PH 48 dB PCMAX 20 dBm, average RSRP -43 (16 meas)
UE 2cf9: dlsch_rounds 609/0/0/0, dlsch_errors 0, pucch0_DTX 0 (SNR 21.3+1.3 dB), BLER 0.00000 MCS (0) 0 CCE fail 1, goodput 0.00 Mbps
UE 2cf9: ulsch_rounds 5963/0/0/0, ulsch_errors 0, ulsch_DTX 0, BLER 0.00000 MCS (0) 0 (Qm 2 deltaMCS 0 dB) NPRB 5 SNR 22.3 (+2.3) dB CCE fail 0, goodput 0.00 Mbps
UE 2cf9: LCID 1: TX            522 RX            281 bytes
UE 2cf9: LCID 2: TX              0 RX              0 bytes
UE 2cf9: LCID 4: TX             12 RX            220 bytes

[0m[NR_MAC] Frame.Slot 256.0
UE RNTI 2cf9 CU-UE-ID 1 in-sync PH 48 dB PCMAX 20 dBm, average RSRP -43 (16 meas)
UE 2cf9: dlsch_rounds 610/0/0/0, dlsch_errors 0, pucch0_DTX 0 (SNR 21.3+1.3 dB), BLER 0.00000 MCS (0) 0 CCE fail 1, goodput 0.00 Mbps
UE 2cf9: ulsch_rounds 5975/0/0/0, ulsch_errors 0, ulsch_DTX 0, BLER 0.00000 MCS (0) 0 (Qm 2 deltaMCS 0 dB) NPRB 5 SNR 22.1 (+2.1) dB CCE fail 0, goodput 0.00 Mbps
UE 2cf9: LCID 1: TX            522 RX            281 bytes
UE 2cf9: LCID 2: TX              0 RX              0 bytes
UE 2cf9: LCID 4: TX             12 RX            220 bytes

[0m[NR_MAC] Frame.Slot 384.0
UE RNTI 2cf9 CU-UE-ID 1 in-sync PH 48 dB PCMAX 20 dBm, average RSRP -43 (16 meas)
UE 2cf9: dlsch_rounds 612/0/0/0, dlsch_errors 0, pucch0_DTX 0 (SNR 21.3+1.3 dB), BLER 0.00000 MCS (0) 0 CCE fail 1, goodput 0.00 Mbps
UE 2cf9: ulsch_rounds 5988/0/0/0, ulsch_errors 0, ulsch_DTX 0, BLER 0.00000 MCS (0) 0 (Qm 2 deltaMCS 0 dB) NPRB 5 SNR 22.7 (+2.7) dB CCE fail 0, goodput 0.00 Mbps
UE 2cf9: LCID 1: TX            522 RX            281 bytes
UE 2cf9: LCID 2: TX              0 RX              0 bytes
UE 2cf9: LCID 4: TX             12 RX            220 bytes

[0m[NR_MAC] Frame.Slot 512.0
UE RNTI 2cf9 CU-UE-ID 1 in-sync PH 48 dB PCMAX 20 dBm, average RSRP -43 (16 meas)
UE 2cf9: dlsch_rounds 613/0/0/0, dlsch_errors 0, pucch0_DTX 0 (SNR 21.3+1.3 dB), BLER 0.00000 MCS (0) 0 CCE fail 1, goodput 0.00 Mbps
UE 2cf9: ulsch_rounds 6001/0/0/0, ulsch_errors 0, ulsch_DTX 0, BLER 0.00000 MCS (0) 0 (Qm 2 deltaMCS 0 dB) NPRB 5 SNR 22.3 (+2.3) dB CCE fail 0, goodput 0.00 Mbps
UE 2cf9: LCID 1: TX            522 RX            281 bytes
UE 2cf9: LCID 2: TX              0 RX              0 bytes
UE 2cf9: LCID 4: TX             12 RX            220 bytes

[0m[NR_MAC] Frame.Slot 640.0
UE RNTI 2cf9 CU-UE-ID 1 in-sync PH 48 dB PCMAX 20 dBm, average RSRP -43 (16 meas)
UE 2cf9: dlsch_rounds 614/0/0/0, dlsch_errors 0, pucch0_DTX 0 (SNR 21.3+1.3 dB), BLER 0.00000 MCS (0) 0 CCE fail 1, goodput 0.00 Mbps
UE 2cf9: ulsch_rounds 6014/0/0/0, ulsch_errors 0, ulsch_DTX 0, BLER 0.00000 MCS (0) 0 (Qm 2 deltaMCS 0 dB) NPRB 5 SNR 21.9 (+1.9) dB CCE fail 0, goodput 0.00 Mbps
UE 2cf9: LCID 1: TX            522 RX            281 bytes
UE 2cf9: LCID 2: TX              0 RX              0 bytes
UE 2cf9: LCID 4: TX             12 RX            220 bytes

[0m[NR_MAC] Frame.Slot 768.0
UE RNTI 2cf9 CU-UE-ID 1 in-sync PH 48 dB PCMAX 20 dBm, average RSRP -43 (16 meas)
UE 2cf9: dlsch_rounds 615/0/0/0, dlsch_errors 0, pucch0_DTX 0 (SNR 21.3+1.3 dB), BLER 0.00000 MCS (0) 0 CCE fail 1, goodput 0.00 Mbps
UE 2cf9: ulsch_rounds 6027/0/0/0, ulsch_errors 0, ulsch_DTX 0, BLER 0.00000 MCS (0) 0 (Qm 2 deltaMCS 0 dB) NPRB 5 SNR 22.5 (+2.5) dB CCE fail 0, goodput 0.00 Mbps
UE 2cf9: LCID 1: TX            522 RX            281 bytes
UE 2cf9: LCID 2: TX              0 RX              0 bytes
UE 2cf9: LCID 4: TX             12 RX            220 bytes

[0m[NR_MAC] Frame.Slot 896.0
UE RNTI 2cf9 CU-UE-ID 1 in-sync PH 48 dB PCMAX 20 dBm, average RSRP -43 (16 meas)
UE 2cf9: dlsch_rounds 617/0/0/0, dlsch_errors 0, pucch0_DTX 0 (SNR 21.3+1.3 dB), BLER 0.00000 MCS (0) 0 CCE fail 1, goodput 0.00 Mbps
UE 2cf9: ulsch_rounds 6039/0/0/0, ulsch_errors 0, ulsch_DTX 0, BLER 0.00000 MCS (0) 0 (Qm 2 deltaMCS 0 dB) NPRB 5 SNR 22.3 (+2.3) dB CCE fail 0, goodput 0.00 Mbps
UE 2cf9: LCID 1: TX            522 RX            281 bytes
UE 2cf9: LCID 2: TX              0 RX              0 bytes
UE 2cf9: LCID 4: TX             12 RX            220 bytes

[0m[NR_MAC] Frame.Slot 0.0
UE RNTI 2cf9 CU-UE-ID 1 in-sync PH 48 dB PCMAX 20 dBm, average RSRP -43 (16 meas)
UE 2cf9: dlsch_rounds 618/0/0/0, dlsch_errors 0, pucch0_DTX 0 (SNR 21.3+1.3 dB), BLER 0.00000 MCS (0) 0 CCE fail 1, goodput 0.00 Mbps
UE 2cf9: ulsch_rounds 6052/0/0/0, ulsch_errors 0, ulsch_DTX 0, BLER 0.00000 MCS (0) 0 (Qm 2 deltaMCS 0 dB) NPRB 5 SNR 21.9 (+1.9) dB CCE fail 0, goodput 0.00 Mbps
UE 2cf9: LCID 1: TX            522 RX            281 bytes
UE 2cf9: LCID 2: TX              0 RX              0 bytes
UE 2cf9: LCID 4: TX             12 RX            220 bytes

[0m[NR_MAC] Frame.Slot 128.0
UE RNTI 2cf9 CU-UE-ID 1 in-sync PH 48 dB PCMAX 20 dBm, average RSRP -43 (16 meas)
UE 2cf9: dlsch_rounds 619/0/0/0, dlsch_errors 0, pucch0_DTX 0 (SNR 21.3+1.3 dB), BLER 0.00000 MCS (0) 0 CCE fail 1, goodput 0.00 Mbps
UE 2cf9: ulsch_rounds 6065/0/0/0, ulsch_errors 0, ulsch_DTX 0, BLER 0.00000 MCS (0) 0 (Qm 2 deltaMCS 0 dB) NPRB 5 SNR 22.5 (+2.5) dB CCE fail 0, goodput 0.00 Mbps
UE 2cf9: LCID 1: TX            522 RX            281 bytes
UE 2cf9: LCID 2: TX              0 RX              0 bytes
UE 2cf9: LCID 4: TX             12 RX            220 bytes

[0m[NR_MAC] Frame.Slot 256.0
UE RNTI 2cf9 CU-UE-ID 1 in-sync PH 48 dB PCMAX 20 dBm, average RSRP -43 (16 meas)
UE 2cf9: dlsch_rounds 621/0/0/0, dlsch_errors 0, pucch0_DTX 0 (SNR 21.3+1.3 dB), BLER 0.00000 MCS (0) 0 CCE fail 1, goodput 0.00 Mbps
UE 2cf9: ulsch_rounds 6078/0/0/0, ulsch_errors 0, ulsch_DTX 0, BLER 0.00000 MCS (0) 0 (Qm 2 deltaMCS 0 dB) NPRB 5 SNR 22.1 (+2.1) dB CCE fail 0, goodput 0.00 Mbps
UE 2cf9: LCID 1: TX            522 RX            281 bytes
UE 2cf9: LCID 2: TX              0 RX              0 bytes
UE 2cf9: LCID 4: TX             12 RX            220 bytes

[0m[NR_MAC] Frame.Slot 384.0
UE RNTI 2cf9 CU-UE-ID 1 in-sync PH 48 dB PCMAX 20 dBm, average RSRP -43 (16 meas)
UE 2cf9: dlsch_rounds 622/0/0/0, dlsch_errors 0, pucch0_DTX 0 (SNR 21.3+1.3 dB), BLER 0.00000 MCS (0) 0 CCE fail 1, goodput 0.00 Mbps
UE 2cf9: ulsch_rounds 6091/0/0/0, ulsch_errors 0, ulsch_DTX 0, BLER 0.00000 MCS (0) 0 (Qm 2 deltaMCS 0 dB) NPRB 5 SNR 22.7 (+2.7) dB CCE fail 0, goodput 0.00 Mbps
UE 2cf9: LCID 1: TX            522 RX            281 bytes
UE 2cf9: LCID 2: TX              0 RX              0 bytes
UE 2cf9: LCID 4: TX             12 RX            220 bytes

[0m[NR_MAC] Frame.Slot 512.0
UE RNTI 2cf9 CU-UE-ID 1 in-sync PH 48 dB PCMAX 20 dBm, average RSRP -43 (16 meas)
UE 2cf9: dlsch_rounds 623/0/0/0, dlsch_errors 0, pucch0_DTX 0 (SNR 21.3+1.3 dB), BLER 0.00000 MCS (0) 0 CCE fail 1, goodput 0.00 Mbps
UE 2cf9: ulsch_rounds 6103/0/0/0, ulsch_errors 0, ulsch_DTX 0, BLER 0.00000 MCS (0) 0 (Qm 2 deltaMCS 0 dB) NPRB 5 SNR 22.5 (+2.5) dB CCE fail 0, goodput 0.00 Mbps
UE 2cf9: LCID 1: TX            522 RX            281 bytes
UE 2cf9: LCID 2: TX              0 RX              0 bytes
UE 2cf9: LCID 4: TX             12 RX            220 bytes

[0m[NR_MAC] Frame.Slot 640.0
UE RNTI 2cf9 CU-UE-ID 1 in-sync PH 48 dB PCMAX 20 dBm, average RSRP -43 (16 meas)
UE 2cf9: dlsch_rounds 624/0/0/0, dlsch_errors 0, pucch0_DTX 0 (SNR 21.3+1.3 dB), BLER 0.00000 MCS (0) 0 CCE fail 1, goodput 0.00 Mbps
UE 2cf9: ulsch_rounds 6116/0/0/0, ulsch_errors 0, ulsch_DTX 0, BLER 0.00000 MCS (0) 0 (Qm 2 deltaMCS 0 dB) NPRB 5 SNR 22.1 (+2.1) dB CCE fail 0, goodput 0.00 Mbps
UE 2cf9: LCID 1: TX            522 RX            281 bytes
UE 2cf9: LCID 2: TX              0 RX              0 bytes
UE 2cf9: LCID 4: TX             12 RX            220 bytes

[0m[NR_MAC] Frame.Slot 768.0
UE RNTI 2cf9 CU-UE-ID 1 in-sync PH 48 dB PCMAX 20 dBm, average RSRP -43 (16 meas)
UE 2cf9: dlsch_rounds 626/0/0/0, dlsch_errors 0, pucch0_DTX 0 (SNR 21.3+1.3 dB), BLER 0.00000 MCS (0) 0 CCE fail 1, goodput 0.00 Mbps
UE 2cf9: ulsch_rounds 6129/0/0/0, ulsch_errors 0, ulsch_DTX 0, BLER 0.00000 MCS (0) 0 (Qm 2 deltaMCS 0 dB) NPRB 5 SNR 22.7 (+2.7) dB CCE fail 0, goodput 0.00 Mbps
UE 2cf9: LCID 1: TX            522 RX            281 bytes
UE 2cf9: LCID 2: TX              0 RX              0 bytes
UE 2cf9: LCID 4: TX             12 RX            220 bytes

[0m[NR_MAC] Frame.Slot 896.0
UE RNTI 2cf9 CU-UE-ID 1 in-sync PH 48 dB PCMAX 20 dBm, average RSRP -43 (16 meas)
UE 2cf9: dlsch_rounds 627/0/0/0, dlsch_errors 0, pucch0_DTX 0 (SNR 21.3+1.3 dB), BLER 0.00000 MCS (0) 0 CCE fail 1, goodput 0.00 Mbps
UE 2cf9: ulsch_rounds 6142/0/0/0, ulsch_errors 0, ulsch_DTX 0, BLER 0.00000 MCS (0) 0 (Qm 2 deltaMCS 0 dB) NPRB 5 SNR 22.3 (+2.3) dB CCE fail 0, goodput 0.00 Mbps
UE 2cf9: LCID 1: TX            522 RX            281 bytes
UE 2cf9: LCID 2: TX              0 RX              0 bytes
UE 2cf9: LCID 4: TX             12 RX            220 bytes

[0m[NR_MAC] Frame.Slot 0.0
UE RNTI 2cf9 CU-UE-ID 1 in-sync PH 48 dB PCMAX 20 dBm, average RSRP -43 (16 meas)
UE 2cf9: dlsch_rounds 628/0/0/0, dlsch_errors 0, pucch0_DTX 0 (SNR 21.3+1.3 dB), BLER 0.00000 MCS (0) 0 CCE fail 1, goodput 0.00 Mbps
UE 2cf9: ulsch_rounds 6155/0/0/0, ulsch_errors 0, ulsch_DTX 0, BLER 0.00000 MCS (0) 0 (Qm 2 deltaMCS 0 dB) NPRB 5 SNR 21.9 (+1.9) dB CCE fail 0, goodput 0.00 Mbps
UE 2cf9: LCID 1: TX            522 RX            281 bytes
UE 2cf9: LCID 2: TX              0 RX              0 bytes
UE 2cf9: LCID 4: TX             12 RX            220 bytes

[0m[NR_MAC] Frame.Slot 128.0
UE RNTI 2cf9 CU-UE-ID 1 in-sync PH 48 dB PCMAX 20 dBm, average RSRP -43 (16 meas)
UE 2cf9: dlsch_rounds 629/0/0/0, dlsch_errors 0, pucch0_DTX 0 (SNR 21.3+1.3 dB), BLER 0.00000 MCS (0) 0 CCE fail 1, goodput 0.00 Mbps
UE 2cf9: ulsch_rounds 6167/0/0/0, ulsch_errors 0, ulsch_DTX 0, BLER 0.00000 MCS (0) 0 (Qm 2 deltaMCS 0 dB) NPRB 5 SNR 21.8 (+1.8) dB CCE fail 0, goodput 0.00 Mbps
UE 2cf9: LCID 1: TX            522 RX            281 bytes
UE 2cf9: LCID 2: TX              0 RX              0 bytes
UE 2cf9: LCID 4: TX             12 RX            220 bytes

[0m[NR_MAC] Frame.Slot 256.0
UE RNTI 2cf9 CU-UE-ID 1 in-sync PH 48 dB PCMAX 20 dBm, average RSRP -43 (16 meas)
UE 2cf9: dlsch_rounds 631/0/0/0, dlsch_errors 0, pucch0_DTX 0 (SNR 21.3+1.3 dB), BLER 0.00000 MCS (0) 0 CCE fail 1, goodput 0.00 Mbps
UE 2cf9: ulsch_rounds 6180/0/0/0, ulsch_errors 0, ulsch_DTX 0, BLER 0.00000 MCS (0) 0 (Qm 2 deltaMCS 0 dB) NPRB 5 SNR 22.3 (+2.3) dB CCE fail 0, goodput 0.00 Mbps
UE 2cf9: LCID 1: TX            522 RX            281 bytes
UE 2cf9: LCID 2: TX              0 RX              0 bytes
UE 2cf9: LCID 4: TX             12 RX            220 bytes

[0m[NR_MAC] Frame.Slot 384.0
UE RNTI 2cf9 CU-UE-ID 1 in-sync PH 48 dB PCMAX 20 dBm, average RSRP -43 (16 meas)
UE 2cf9: dlsch_rounds 632/0/0/0, dlsch_errors 0, pucch0_DTX 0 (SNR 21.3+1.3 dB), BLER 0.00000 MCS (0) 0 CCE fail 1, goodput 0.00 Mbps
UE 2cf9: ulsch_rounds 6193/0/0/0, ulsch_errors 0, ulsch_DTX 0, BLER 0.00000 MCS (0) 0 (Qm 2 deltaMCS 0 dB) NPRB 5 SNR 21.9 (+1.9) dB CCE fail 0, goodput 0.00 Mbps
UE 2cf9: LCID 1: TX            522 RX            281 bytes
UE 2cf9: LCID 2: TX              0 RX              0 bytes
UE 2cf9: LCID 4: TX             12 RX            220 bytes

[0m[NR_MAC] Frame.Slot 512.0
UE RNTI 2cf9 CU-UE-ID 1 in-sync PH 48 dB PCMAX 20 dBm, average RSRP -43 (16 meas)
UE 2cf9: dlsch_rounds 633/0/0/0, dlsch_errors 0, pucch0_DTX 0 (SNR 21.3+1.3 dB), BLER 0.00000 MCS (0) 0 CCE fail 1, goodput 0.00 Mbps
UE 2cf9: ulsch_rounds 6206/0/0/0, ulsch_errors 0, ulsch_DTX 0, BLER 0.00000 MCS (0) 0 (Qm 2 deltaMCS 0 dB) NPRB 5 SNR 22.5 (+2.5) dB CCE fail 0, goodput 0.00 Mbps
UE 2cf9: LCID 1: TX            522 RX            281 bytes
UE 2cf9: LCID 2: TX              0 RX              0 bytes
UE 2cf9: LCID 4: TX             12 RX            220 bytes

[0m[NR_MAC] Frame.Slot 640.0
UE RNTI 2cf9 CU-UE-ID 1 in-sync PH 48 dB PCMAX 20 dBm, average RSRP -43 (16 meas)
UE 2cf9: dlsch_rounds 635/0/0/0, dlsch_errors 0, pucch0_DTX 0 (SNR 21.3+1.3 dB), BLER 0.00000 MCS (0) 0 CCE fail 1, goodput 0.00 Mbps
UE 2cf9: ulsch_rounds 6219/0/0/0, ulsch_errors 0, ulsch_DTX 0, BLER 0.00000 MCS (0) 0 (Qm 2 deltaMCS 0 dB) NPRB 5 SNR 22.1 (+2.1) dB CCE fail 0, goodput 0.00 Mbps
UE 2cf9: LCID 1: TX            522 RX            281 bytes
UE 2cf9: LCID 2: TX              0 RX              0 bytes
UE 2cf9: LCID 4: TX             12 RX            220 bytes

[0m[NR_MAC] Frame.Slot 768.0
UE RNTI 2cf9 CU-UE-ID 1 in-sync PH 48 dB PCMAX 20 dBm, average RSRP -43 (16 meas)
UE 2cf9: dlsch_rounds 636/0/0/0, dlsch_errors 0, pucch0_DTX 0 (SNR 21.3+1.3 dB), BLER 0.00000 MCS (0) 0 CCE fail 1, goodput 0.00 Mbps
UE 2cf9: ulsch_rounds 6231/0/0/0, ulsch_errors 0, ulsch_DTX 0, BLER 0.00000 MCS (0) 0 (Qm 2 deltaMCS 0 dB) NPRB 5 SNR 22.0 (+2.0) dB CCE fail 0, goodput 0.00 Mbps
UE 2cf9: LCID 1: TX            522 RX            281 bytes
UE 2cf9: LCID 2: TX              0 RX              0 bytes
UE 2cf9: LCID 4: TX             12 RX            220 bytes

[0m[NR_MAC] Frame.Slot 896.0
UE RNTI 2cf9 CU-UE-ID 1 in-sync PH 48 dB PCMAX 20 dBm, average RSRP -43 (16 meas)
UE 2cf9: dlsch_rounds 637/0/0/0, dlsch_errors 0, pucch0_DTX 0 (SNR 21.3+1.3 dB), BLER 0.00000 MCS (0) 0 CCE fail 1, goodput 0.00 Mbps
UE 2cf9: ulsch_rounds 6244/0/0/0, ulsch_errors 0, ulsch_DTX 0, BLER 0.00000 MCS (0) 0 (Qm 2 deltaMCS 0 dB) NPRB 5 SNR 22.5 (+2.5) dB CCE fail 0, goodput 0.00 Mbps
UE 2cf9: LCID 1: TX            522 RX            281 bytes
UE 2cf9: LCID 2: TX              0 RX              0 bytes
UE 2cf9: LCID 4: TX             12 RX            220 bytes

[0m[NR_MAC] Frame.Slot 0.0
UE RNTI 2cf9 CU-UE-ID 1 in-sync PH 48 dB PCMAX 20 dBm, average RSRP -43 (16 meas)
UE 2cf9: dlsch_rounds 638/0/0/0, dlsch_errors 0, pucch0_DTX 0 (SNR 21.3+1.3 dB), BLER 0.00000 MCS (0) 0 CCE fail 1, goodput 0.00 Mbps
UE 2cf9: ulsch_rounds 6257/0/0/0, ulsch_errors 0, ulsch_DTX 0, BLER 0.00000 MCS (0) 0 (Qm 2 deltaMCS 0 dB) NPRB 5 SNR 22.1 (+2.1) dB CCE fail 0, goodput 0.00 Mbps
UE 2cf9: LCID 1: TX            522 RX            281 bytes
UE 2cf9: LCID 2: TX              0 RX              0 bytes
UE 2cf9: LCID 4: TX             12 RX            220 bytes

[0m