M01.flow,M01.p50,M01.p95,M01.p98,M01.p99,M01.status,M02,M02.status,M03.flow,M03.gap_count_over_t_live,M03.gap_count_over_t_live_over_2,M03.gap_count_over_t_live_over_4,M03.max_gap_ms,M03.median_gap_ms,M03.role,M03.status,M03.t_live_s,M04.exceeds_threshold,M04.flow,M04.status,M04.threshold_n,M04.worst_consecutive_miss_slots,M05.flow,M05.fraction,M05.frame_count,M05.pdb_ms,M05.status,M06.flow,M06.p95_ms,M06.status,M07.met,M07.status,M07.total,M08.flow,M08.fraction,M08.status,M09.mean,M09.status,M09.windows,M09.worst,M10,M10.status,M11.dl,M11.status,M11.ul,M12,M12.status,M14.flow,M14.fraction,M14.interval_count,M14.pdb_ms,M14.role,M14.status,M14.survival_time_ms,M15.flow,M15.jitter_ms,M15.status,M17,M17.effective_fps,M17.flow,M17.freeze_count,M17.freeze_max_duration_ms,M17.freeze_total_duration_ms,M17.source_fps,M17.status,M17.xr_frame_period_ms,M18,M18.status,M19,M19.status,M20.excluded_5qi,M20.flow,M20.gap_count_over_t_live,M20.gap_count_over_t_live_over_2,M20.gap_count_over_t_live_over_4,M20.max_gap_ms,M20.median_gap_ms,M20.role,M20.status,M20.t_live_s,duty_cycle,load_mult,n_ues,scheduler,seed,snr_spread_db
ue2_qfi2,9.76,22.5,25.143,26.393,ok,0.0,ok,ue1_qfi1,0,0,0,219.25,200.00000000000006,data,ok,2.0,False,,proxy,3,0,ue1_qfi2,1.0,76,150.0,ok,ue2_qfi2,26.978,ok,4,ok,4,ue4_qfi2,0.9555832,ok,0.9999480644845324,proxy,5,0.9999010438403756,47554937.6,ok,0.002109090909090909,ok,0.6869943181818182,0.040778125,ok,ue1_qfi1,0.0,24,100.0,data,ok,0.0,ue2_qfi9,21.0,ok,,15.2,ue1_qfi2,0,0.0,0.0,15.152,ok,66.0,,pending,,pending,"[8, 9]",ue1_qfi1,0,0,0,219.25,200.00000000000006,data,ok,2.0,0.5,1.0,4,PF,1826701614,
ue1_qfi2,9.027,19.072,20.586,22.626,ok,0.0,ok,ue1_qfi1,0,0,0,215.25,199.75000000000009,data,ok,2.0,False,,proxy,3,0,ue1_qfi2,1.0,76,150.0,ok,ue2_qfi2,22.25,ok,4,ok,4,ue4_qfi2,0.9555832,ok,0.9998812361885779,proxy,5,0.9996843652127723,47559465.6,ok,0.002140909090909091,ok,0.8283659090909091,0.0627453125,ok,ue1_qfi1,0.0,24,100.0,data,ok,0.0,ue1_qfi9,16.25,ok,,15.2,ue1_qfi2,0,0.0,0.0,15.152,ok,66.0,,pending,,pending,"[8, 9]",ue1_qfi1,0,0,0,215.25,199.75000000000009,data,ok,2.0,0.5,1.0,4,Reservation,1826701614,
ue2_qfi9,7.75,22.25,24.75,27.0,ok,0.0,ok,ue1_qfi1,0,0,0,217.75,200.00000000000017,data,ok,2.0,False,,proxy,3,0,ue1_qfi2,1.0,76,150.0,ok,ue2_qfi2,25.675,ok,4,ok,4,ue4_qfi2,0.9555832,ok,0.9998732984744535,proxy,5,0.9996546488049578,47553291.2,ok,0.0022818181818181817,ok,0.8940068181818182,0.0342765625,ok,ue1_qfi1,0.0,24,100.0,data,ok,0.0,ue2_qfi9,19.25,ok,,15.2,ue1_qfi2,0,0.0,0.0,15.152,ok,66.0,,pending,,pending,"[8, 9]",ue1_qfi1,0,0,0,217.75,200.00000000000017,data,ok,2.0,0.5,1.0,4,TwoTier,1826701614,
ue1_qfi2,9.06,20.182,23.415,25.734,ok,0.0,ok,ue2_qfi1,0,0,0,221.0,200.00000000000017,data,ok,2.0,False,,proxy,3,0,ue1_qfi2,1.0,76,150.0,ok,ue1_qfi2,26.026,ok,4,ok,4,ue2_qfi2,0.9731464000000001,ok,0.999960429161707,proxy,5,0.9999022148008345,47879865.6,ok,0.0024636363636363636,ok,0.6708022727272728,0.037415625,ok,ue1_qfi1,0.0,24,100.0,data,ok,0.0,ue2_qfi1,21.5,ok,,15.2,ue1_qfi2,0,0.0,0.0,15.152,ok,66.0,,pending,,pending,"[8, 9]",ue2_qfi1,0,0,0,221.0,200.00000000000017,data,ok,2.0,0.5,1.0,4,PF,1367864806,
ue1_qfi2,9.932,19.745,22.033,22.734,ok,0.0,ok,ue2_qfi1,0,0,0,216.0,199.99999999999994,data,ok,2.0,False,,proxy,3,0,ue1_qfi2,0.9868421052631579,76,150.0,ok,ue1_qfi2,22.898,ok,4,ok,4,ue2_qfi2,0.9731464000000001,ok,0.9997770041063267,proxy,5,0.9994012787910452,47876089.6,ok,0.0020954545454545453,ok,0.8203056818181819,0.0576015625,ok,ue1_qfi1,0.0,24,100.0,data,ok,0.0,ue1_qfi9,16.25,ok,,15.0,ue1_qfi2,0,0.0,0.0,15.152,ok,66.0,,pending,,pending,"[8, 9]",ue2_qfi1,0,0,0,216.0,199.99999999999994,data,ok,2.0,0.5,1.0,4,Reservation,1367864806,
ue4_qfi9,7.5,21.75,24.5,26.25,ok,0.0,ok,ue2_qfi1,0,0,0,218.75,200.25000000000026,data,ok,2.0,False,,proxy,3,0,ue1_qfi2,1.0,76,150.0,ok,ue4_qfi2,25.318,ok,4,ok,4,ue2_qfi2,0.9731464000000001,ok,0.9998689854318024,proxy,5,0.9996501606487338,47871457.6,ok,0.002159090909090909,ok,0.8893670454545455,0.0317171875,ok,ue1_qfi1,0.0,24,100.0,data,ok,0.0,ue4_qfi9,18.75,ok,,15.2,ue1_qfi2,0,0.0,0.0,15.152,ok,66.0,,pending,,pending,"[8, 9]",ue2_qfi1,0,0,0,218.75,200.25000000000026,data,ok,2.0,0.5,1.0,4,TwoTier,1367864806,
ue4_qfi9,6.0,25.0,28.0,29.75,ok,0.0,ok,ue2_qfi1,0,0,0,214.5,199.99999999999952,data,ok,2.0,False,,proxy,3,0,ue4_qfi2,0.9868421052631579,76,150.0,ok,ue4_qfi2,28.293,ok,4,ok,4,ue3_qfi2,0.9563856,ok,0.9998797271699964,proxy,5,0.9996969518194089,47628428.8,ok,0.0020545454545454547,ok,0.6999590909090909,0.04294375,ok,ue1_qfi1,0.0,24,100.0,data,ok,0.0,ue4_qfi9,23.75,ok,,15.0,ue4_qfi2,1,132.75,132.75,15.152,ok,66.0,,pending,,pending,"[8, 9]",ue2_qfi1,0,0,0,214.5,199.99999999999952,data,ok,2.0,0.5,1.0,4,PF,1097657231,
ue4_qfi9,7.75,22.25,24.5,26.0,ok,0.0,ok,ue2_qfi1,0,0,0,213.75,200.1250000000001,data,ok,2.0,False,,proxy,3,0,ue1_qfi2,0.9868421052631579,76,150.0,ok,ue4_qfi2,23.406,ok,4,ok,4,ue3_qfi2,0.9563856,ok,0.9998939186269625,proxy,5,0.9997329256769593,47637582.4,ok,0.002372727272727273,ok,0.8360181818181818,0.0653328125,ok,ue1_qfi1,0.0,24,100.0,data,ok,0.0,ue4_qfi9,18.25,ok,,15.0,ue1_qfi2,0,0.0,0.0,15.152,ok,66.0,,pending,,pending,"[8, 9]",ue2_qfi1,0,0,0,213.75,200.1250000000001,data,ok,2.0,0.5,1.0,4,Reservation,1097657231,
ue4_qfi9,9.25,23.5,25.75,27.25,ok,0.0,ok,ue1_qfi1,0,0,0,213.75,200.1249999999999,data,ok,2.0,False,,proxy,3,0,ue1_qfi2,1.0,76,150.0,ok,ue1_qfi2,25.204,ok,4,ok,4,ue3_qfi2,0.9563856,ok,0.9998413819233336,proxy,5,0.9995671879960341,47628048.0,ok,0.002409090909090909,ok,0.8978818181818182,0.0354125,ok,ue1_qfi1,0.0,24,100.0,data,ok,0.0,ue1_qfi9,18.0,ok,,15.2,ue1_qfi2,0,0.0,0.0,15.152,ok,66.0,,pending,,pending,"[8, 9]",ue1_qfi1,0,0,0,213.75,200.1249999999999,data,ok,2.0,0.5,1.0,4,TwoTier,1097657231,
ue1_qfi9,5.5,22.5,25.5,27.25,ok,0.0,ok,ue1_qfi1,0,0,0,217.75,199.99999999999952,data,ok,2.0,False,,proxy,3,0,ue1_qfi2,1.0,76,150.0,ok,ue1_qfi2,26.341,ok,4,ok,4,ue3_qfi2,0.9712036,ok,0.9998939615864384,proxy,5,0.9997558484840079,47819880.0,ok,0.002236363636363636,ok,0.7202022727272728,0.044946875,ok,ue1_qfi1,0.0,24,100.0,data,ok,0.0,ue1_qfi9,21.75,ok,,15.2,ue1_qfi2,0,0.0,0.0,15.152,ok,66.0,,pending,,pending,"[8, 9]",ue1_qfi1,0,0,0,217.75,199.99999999999952,data,ok,2.0,0.5,1.0,4,PF,579362555,
ue1_qfi9,7.25,21.0,23.25,24.75,ok,0.0,ok,ue1_qfi1,0,0,0,217.25,200.1249999999999,data,ok,2.0,False,,proxy,3,0,ue1_qfi2,1.0,76,150.0,ok,ue1_qfi2,23.705,ok,4,ok,4,ue3_qfi2,0.9712036,ok,0.9998734055166973,proxy,5,0.9996720843926832,47805556.800000004,ok,0.0021659090909090907,ok,0.8430681818181818,0.0705796875,ok,ue1_qfi1,0.0,24,100.0,data,ok,0.0,ue1_qfi9,17.5,ok,,15.2,ue1_qfi2,0,0.0,0.0,15.152,ok,66.0,,pending,,pending,"[8, 9]",ue1_qfi1,0,0,0,217.25,200.1249999999999,data,ok,2.0,0.5,1.0,4,Reservation,579362555,
ue3_qfi9,8.75,23.25,26.5,28.25,ok,0.0,ok,ue1_qfi1,0,0,0,217.25,199.62499999999994,data,ok,2.0,False,,proxy,3,0,ue1_qfi2,1.0,76,150.0,ok,ue3_qfi2,28.071,ok,4,ok,4,ue3_qfi2,0.9712036,ok,0.9998760629369372,proxy,5,0.9997322914783285,47814977.6,ok,0.0027704545454545456,ok,0.9023522727272727,0.0378015625,ok,ue1_qfi1,0.0,24,100.0,data,ok,0.0,ue3_qfi9,19.5,ok,,15.2,ue1_qfi2,0,0.0,0.0,15.152,ok,66.0,,pending,,pending,"[8, 9]",ue1_qfi1,0,0,0,217.25,199.62499999999994,data,ok,2.0,0.5,1.0,4,TwoTier,579362555,
ue1_qfi9,4.5,18.75,23.0,25.75,ok,0.0,ok,ue1_qfi1,0,0,0,222.5,199.99999999999974,data,ok,2.0,False,,proxy,3,0,ue1_qfi2,1.0,76,150.0,ok,ue1_qfi2,27.04,ok,4,ok,4,ue3_qfi2,0.9654496,ok,0.9999563535535495,proxy,5,0.9999051795488203,47665590.4,ok,0.002097727272727273,ok,0.6553,0.0379015625,ok,ue1_qfi1,0.0,24,100.0,data,ok,0.0,ue1_qfi1,23.0,ok,,15.2,ue1_qfi2,0,0.0,0.0,15.152,ok,66.0,,pending,,pending,"[8, 9]",ue1_qfi1,0,0,0,222.5,199.99999999999974,data,ok,2.0,0.5,1.0,4,PF,661058651,
ue1_qfi9,5.75,19.25,21.25,23.0,ok,0.0,ok,ue2_qfi1,0,0,0,216.75,199.99999999999994,data,ok,2.0,False,,proxy,3,0,ue3_qfi2,0.9868421052631579,76,150.0,ok,ue1_qfi2,22.041,ok,4,ok,4,ue3_qfi2,0.9645256,ok,0.9999128573757101,proxy,5,0.9997892672049333,47656204.8,ok,0.002115909090909091,ok,0.8066397727272727,0.0570671875,ok,ue1_qfi1,0.0,24,100.0,data,ok,0.0,ue1_qfi9,17.25,ok,,15.2,ue1_qfi2,0,0.0,0.0,15.152,ok,66.0,,pending,,pending,"[8, 9]",ue2_qfi1,0,0,0,216.75,199.99999999999994,data,ok,2.0,0.5,1.0,4,Reservation,661058651,
ue1_qfi9,6.75,20.0,23.25,26.0,ok,0.0,ok,ue1_qfi1,0,0,0,221.5,199.7499999999999,data,ok,2.0,False,,proxy,3,0,ue1_qfi2,1.0,76,150.0,ok,ue1_qfi2,25.361,ok,4,ok,4,ue3_qfi2,0.9654496,ok,0.9998381267703292,proxy,5,0.9995743684885541,47656251.2,ok,0.001993181818181818,ok,0.8838556818181819,0.03183125,ok,ue1_qfi1,0.0,24,100.0,data,ok,0.0,ue1_qfi1,20.25,ok,,15.2,ue1_qfi2,0,0.0,0.0,15.152,ok,66.0,,pending,,pending,"[8, 9]",ue1_qfi1,0,0,0,221.5,199.7499999999999,data,ok,2.0,0.5,1.0,4,TwoTier,661058651,
ue2_qfi9,5.5,21.5,24.5,26.25,ok,0.0,ok,ue4_qfi1,0,0,0,217.5,199.99999999999994,data,ok,2.0,False,,proxy,3,0,ue1_qfi2,1.0,76,150.0,ok,ue2_qfi2,26.279,ok,4,ok,4,ue1_qfi2,0.9504216,ok,0.9999353746867389,proxy,5,0.9998289704759982,47618129.6,ok,0.0025136363636363637,ok,0.6703625,0.040025,ok,ue1_qfi1,0.0,24,100.0,data,ok,0.0,ue2_qfi9,20.75,ok,,15.2,ue1_qfi2,0,0.0,0.0,15.152,ok,66.0,,pending,,pending,"[8, 9]",ue4_qfi1,0,0,0,217.5,199.99999999999994,data,ok,2.0,0.5,1.0,4,PF,87989972,
ue2_qfi9,6.75,19.75,21.75,23.0,ok,0.0,ok,ue2_qfi1,0,0,0,213.75,199.62500000000006,data,ok,2.0,False,,proxy,3,0,ue1_qfi2,1.0,76,150.0,ok,ue2_qfi2,22.5,ok,4,ok,4,ue1_qfi2,0.9504216,ok,0.9997178784052496,proxy,5,0.9994050962724309,47617720.0,ok,0.0021113636363636365,ok,0.8163125,0.0606125,ok,ue1_qfi1,0.0,24,100.0,data,ok,0.0,ue3_qfi9,16.75,ok,,15.2,ue1_qfi2,0,0.0,0.0,15.152,ok,66.0,,pending,,pending,"[8, 9]",ue2_qfi1,0,0,0,213.75,199.62500000000006,data,ok,2.0,0.5,1.0,4,Reservation,87989972,
ue4_qfi9,7.75,22.0,24.75,26.25,ok,0.0,ok,ue4_qfi1,0,0,0,215.75,200.37499999999997,data,ok,2.0,False,,proxy,3,0,ue2_qfi2,0.9868421052631579,76,150.0,ok,ue2_qfi2,26.231,ok,4,ok,4,ue1_qfi2,0.9504216,ok,0.999875833830204,proxy,5,0.999688056650225,47599950.4,ok,0.0023636363636363638,ok,0.8875715909090909,0.0333140625,ok,ue1_qfi1,0.0,24,100.0,data,ok,0.0,ue4_qfi1,19.0,ok,,15.2,ue1_qfi2,0,0.0,0.0,15.152,ok,66.0,,pending,,pending,"[8, 9]",ue4_qfi1,0,0,0,215.75,200.37499999999997,data,ok,2.0,0.5,1.0,4,TwoTier,87989972,
ue2_qfi9,5.5,24.0,27.25,29.0,ok,0.0,ok,ue2_qfi1,0,0,0,215.25,199.8749999999998,data,ok,2.0,False,,proxy,3,0,ue1_qfi2,1.0,76,150.0,ok,ue2_qfi2,28.77,ok,3,ok,4,ue3_qfi2,0.9478192,ok,0.9999122553167143,proxy,5,0.999796488203725,47650148.8,ok,0.002193181818181818,ok,0.6967431818181818,0.040890625,ok,ue1_qfi1,0.0,24,100.0,data,ok,0.0,ue2_qfi9,23.5,ok,,15.2,ue1_qfi2,0,0.0,0.0,15.152,ok,66.0,,pending,,pending,"[8, 9]",ue2_qfi1,0,0,0,215.25,199.8749999999998,data,ok,2.0,0.5,1.0,4,PF,161576974,
ue2_qfi9,7.0,21.25,23.25,24.75,ok,0.0,ok,ue2_qfi1,0,0,0,219.0,199.50000000000023,data,ok,2.0,False,,proxy,3,0,ue1_qfi2,1.0,76,150.0,ok,ue2_qfi2,22.719,ok,3,ok,4,ue3_qfi2,0.9478192,ok,0.9998833021481197,proxy,5,0.999706229032395,47638684.800000004,ok,0.0021704545454545453,ok,0.8352011363636364,0.0619921875,ok,ue1_qfi1,0.0,24,100.0,data,ok,0.0,ue2_qfi1,18.0,ok,,15.2,ue1_qfi2,0,0.0,0.0,15.152,ok,66.0,,pending,,pending,"[8, 9]",ue2_qfi1,0,0,0,219.0,199.50000000000023,data,ok,2.0,0.5,1.0,4,Reservation,161576974,
ue4_qfi9,8.25,21.5,24.25,26.0,ok,0.0,ok,ue1_qfi1,0,0,0,214.0,199.99999999999986,data,ok,2.0,False,,proxy,3,0,ue1_qfi2,0.9736842105263158,76,150.0,ok,ue2_qfi2,25.502,ok,3,ok,4,ue3_qfi2,0.9478192,ok,0.9998993293049031,proxy,5,0.9997575150456874,47637576.0,ok,0.002556818181818182,ok,0.8983647727272728,0.0339109375,ok,ue1_qfi1,0.0,24,100.0,data,ok,0.0,ue2_qfi9,18.0,ok,,14.8,ue1_qfi2,0,0.0,0.0,15.152,ok,66.0,,pending,,pending,"[8, 9]",ue1_qfi1,0,0,0,214.0,199.99999999999986,data,ok,2.0,0.5,1.0,4,TwoTier,161576974,
ue1_qfi2,8.335,20.221,23.113,26.125,ok,0.0,ok,ue1_qfi1,0,0,0,219.0,200.1250000000001,data,ok,2.0,False,,proxy,3,0,ue2_qfi2,0.9868421052631579,76,150.0,ok,ue1_qfi2,27.152,ok,4,ok,4,ue3_qfi2,0.955746,ok,0.9999442658442141,proxy,5,0.9998807347379944,47654448.0,ok,0.002118181818181818,ok,0.6775727272727273,0.0391828125,ok,ue1_qfi1,0.0,24,100.0,data,ok,0.0,ue1_qfi9,21.0,ok,,15.2,ue1_qfi2,0,0.0,0.0,15.152,ok,66.0,,pending,,pending,"[8, 9]",ue1_qfi1,0,0,0,219.0,200.1250000000001,data,ok,2.0,0.5,1.0,4,PF,35492826,
ue4_qfi9,6.25,19.25,21.25,23.0,ok,0.0,ok,ue2_qfi1,0,0,0,215.0,199.99999999999994,data,ok,2.0,False,,proxy,3,0,ue1_qfi2,1.0,76,150.0,ok,ue1_qfi2,22.751,ok,4,ok,4,ue3_qfi2,0.955746,ok,0.9999414115459355,proxy,5,0.9998726473058717,47650313.6,ok,0.00205,ok,0.8206011363636364,0.0596921875,ok,ue1_qfi1,0.0,24,100.0,data,ok,0.0,ue3_qfi9,16.75,ok,,15.2,ue1_qfi2,0,0.0,0.0,15.152,ok,66.0,,pending,,pending,"[8, 9]",ue2_qfi1,0,0,0,215.0,199.99999999999994,data,ok,2.0,0.5,1.0,4,Reservation,35492826,
ue4_qfi9,8.0,21.5,24.25,26.25,ok,0.0,ok,ue1_qfi1,0,0,0,220.5,200.00000000000017,data,ok,2.0,False,,proxy,3,0,ue3_qfi2,0.9868421052631579,76,150.0,ok,ue4_qfi2,25.742,ok,4,ok,4,ue3_qfi2,0.9544756,ok,0.9998954403061852,proxy,5,0.9997792413488256,47648408.0,ok,0.0024,ok,0.8949977272727273,0.03311875,ok,ue1_qfi1,0.0,24,100.0,data,ok,0.0,ue1_qfi1,19.0,ok,,15.0,ue3_qfi2,1,138.5,138.5,15.152,ok,66.0,,pending,,pending,"[8, 9]",ue1_qfi1,0,0,0,220.5,200.00000000000017,data,ok,2.0,0.5,1.0,4,TwoTier,35492826,
ue2_qfi9,5.0,19.5,23.5,26.5,ok,0.0,ok,ue2_qfi1,0,0,0,220.25,199.99999999999994,data,ok,2.0,False,,proxy,3,0,ue1_qfi2,1.0,76,150.0,ok,ue4_qfi2,26.36,ok,4,ok,4,ue1_qfi2,0.9678148000000001,ok,0.9999298843655386,proxy,5,0.9998312482569129,47776675.2,ok,0.002147727272727273,ok,0.6946920454545454,0.039853125,ok,ue1_qfi1,0.0,24,100.0,data,ok,0.0,ue2_qfi9,21.5,ok,,15.2,ue1_qfi2,0,0.0,0.0,15.152,ok,66.0,,pending,,pending,"[8, 9]",ue2_qfi1,0,0,0,220.25,199.99999999999994,data,ok,2.0,0.5,1.0,4,PF,376383645,
ue2_qfi9,6.25,20.0,22.25,24.0,ok,0.0,ok,ue2_qfi1,0,0,0,216.0,199.8749999999998,data,ok,2.0,False,,proxy,3,0,ue1_qfi2,1.0,76,150.0,ok,ue4_qfi2,23.11,ok,4,ok,4,ue1_qfi2,0.9678148000000001,ok,0.9998586417158746,proxy,5,0.9996299402382876,47772609.6,ok,0.002331818181818182,ok,0.8306965909090909,0.0607734375,ok,ue1_qfi1,0.0,24,100.0,data,ok,0.0,ue2_qfi9,17.75,ok,,15.2,ue1_qfi2,0,0.0,0.0,15.152,ok,66.0,,pending,,pending,"[8, 9]",ue2_qfi1,0,0,0,216.0,199.8749999999998,data,ok,2.0,0.5,1.0,4,Reservation,376383645,
ue4_qfi9,8.0,22.5,25.0,26.5,ok,0.0,ok,ue2_qfi1,0,0,0,216.0,199.99999999999963,data,ok,2.0,False,,proxy,3,0,ue1_qfi2,1.0,76,150.0,ok,ue3_qfi2,25.824,ok,4,ok,4,ue1_qfi2,0.9678148000000001,ok,0.9998961259852341,proxy,5,0.9997445257453743,47768881.6,ok,0.0025272727272727274,ok,0.898209090909091,0.0334484375,ok,ue1_qfi1,0.0,24,100.0,data,ok,0.0,ue3_qfi1,19.75,ok,,15.2,ue1_qfi2,0,0.0,0.0,15.152,ok,66.0,,pending,,pending,"[8, 9]",ue2_qfi1,0,0,0,216.0,199.99999999999963,data,ok,2.0,0.5,1.0,4,TwoTier,376383645,
ue2_qfi9,6.0,24.5,27.75,29.75,ok,0.0,ok,ue4_qfi1,0,0,0,226.25,199.87500000000026,data,ok,2.0,False,,proxy,3,0,ue1_qfi2,1.0,76,150.0,ok,ue2_qfi2,28.697,ok,4,ok,4,ue1_qfi2,0.965898,ok,0.9999136865460889,proxy,5,0.999809069734344,47764923.2,ok,0.0023568181818181817,ok,0.7084261363636364,0.042728125,ok,ue1_qfi1,0.0,24,100.0,data,ok,0.0,ue4_qfi1,26.25,ok,,15.2,ue1_qfi2,0,0.0,0.0,15.152,ok,66.0,,pending,,pending,"[8, 9]",ue4_qfi1,0,0,0,226.25,199.87500000000026,data,ok,2.0,0.5,1.0,4,PF,1746484539,
ue2_qfi9,7.5,22.5,25.0,26.5,ok,0.0,ok,ue3_qfi1,0,0,0,216.5,200.1250000000001,data,ok,2.0,False,,proxy,3,0,ue1_qfi2,1.0,76,150.0,ok,ue2_qfi2,23.439,ok,4,ok,4,ue1_qfi2,0.965898,ok,0.9998932966601624,proxy,5,0.9997116564528586,47777040.0,ok,0.002409090909090909,ok,0.8395147727272727,0.065125,ok,ue1_qfi1,0.0,24,100.0,data,ok,0.0,ue2_qfi9,19.0,ok,,15.2,ue1_qfi2,0,0.0,0.0,15.152,ok,66.0,,pending,,pending,"[8, 9]",ue3_qfi1,0,0,0,216.5,200.1250000000001,data,ok,2.0,0.5,1.0,4,Reservation,1746484539,
ue2_qfi9,8.5,22.75,25.75,28.75,ok,0.0,ok,ue3_qfi1,0,0,0,216.75,199.7499999999999,data,ok,2.0,False,,proxy,3,0,ue1_qfi2,1.0,76,150.0,ok,ue4_qfi2,26.973,ok,4,ok,4,ue1_qfi2,0.965898,ok,0.999866034305968,proxy,5,0.9996279931932781,47769217.6,ok,0.0020818181818181816,ok,0.9039284090909091,0.0355296875,ok,ue1_qfi1,0.0,24,100.0,data,ok,0.0,ue2_qfi9,20.25,ok,,15.2,ue1_qfi2,0,0.0,0.0,15.152,ok,66.0,,pending,,pending,"[8, 9]",ue3_qfi1,0,0,0,216.75,199.7499999999999,data,ok,2.0,0.5,1.0,4,TwoTier,1746484539,
ue4_qfi2,36.981,78.668,90.852,100.971,ok,0.0,ok,ue3_qfi1,0,2,4,1037.25,997.6250000000002,data,ok,2.0,False,,proxy,3,0,ue2_qfi2,0.9375,16,150.0,ok,ue4_qfi2,114.971,ok,4,ok,4,ue2_qfi2,0.9556968,ok,0.9973906581754088,proxy,5,0.9896241486437387,47619931.2,ok,0.002690909090909091,ok,0.6908590909090909,0.0391203125,ok,ue1_qfi1,0.0,4,100.0,data,ok,0.0,ue2_qfi9,92.5,ok,,3.2,ue1_qfi2,0,0.0,0.0,3.03,ok,330.0,,pending,,pending,"[8, 9]",ue3_qfi1,0,2,4,1037.25,997.6250000000002,data,ok,2.0,0.1,1.0,4,PF,1826701614,
ue2_qfi9,6.25,77.5,86.0,88.5,ok,0.0,ok,ue3_qfi1,0,2,4,1026.25,994.6250000000001,data,ok,2.0,False,,proxy,3,0,ue1_qfi2,0.9375,16,150.0,ok,ue4_qfi2,93.471,ok,4,ok,4,ue2_qfi2,0.9558788,ok,0.9974120609765424,proxy,5,0.9895377254631205,47611784.0,ok,0.002765909090909091,ok,0.8225136363636364,0.063321875,ok,ue1_qfi1,0.0,4,100.0,data,ok,0.0,ue2_qfi9,82.25,ok,,3.0,ue1_qfi2,1,667.75,667.75,3.03,ok,330.0,,pending,,pending,"[8, 9]",ue3_qfi1,0,2,4,1026.25,994.6250000000001,data,ok,2.0,0.1,1.0,4,Reservation,1826701614,
ue2_qfi2,43.0,92.894,105.711,110.461,ok,0.0,ok,ue3_qfi1,0,2,4,1037.25,1008.9999999999999,data,ok,2.0,False,,proxy,3,0,ue1_qfi2,1.0,16,150.0,ok,ue2_qfi2,113.461,ok,4,ok,4,ue1_qfi2,0.9709291999999999,ok,0.9948465145391093,proxy,5,0.9894126803787427,47639923.2,ok,0.0027613636363636365,ok,0.8855852272727273,0.034159375,ok,ue1_qfi1,0.0,4,100.0,data,ok,0.0,ue2_qfi9,90.75,ok,,3.2,ue1_qfi2,0,0.0,0.0,3.03,ok,330.0,,pending,,pending,"[8, 9]",ue3_qfi1,0,2,4,1037.25,1008.9999999999999,data,ok,2.0,0.1,1.0,4,TwoTier,1826701614,
ue1_qfi9,5.0,75.5,86.0,93.25,ok,0.0,ok,ue4_qfi1,0,2,4,1021.7500000000001,1000.2500000000001,data,ok,2.0,False,,proxy,3,0,ue4_qfi2,0.9375,16,150.0,ok,ue1_qfi2,101.777,ok,4,ok,4,ue3_qfi2,0.98239,ok,0.9975343195205388,proxy,5,0.9927838039581097,47980308.8,ok,0.002756818181818182,ok,0.6589204545454546,0.0346484375,ok,ue1_qfi1,0.0,4,100.0,data,ok,0.0,ue1_qfi9,88.25,ok,,3.0,ue4_qfi2,1,678.0,678.0,3.03,ok,330.0,,pending,,pending,"[8, 9]",ue4_qfi1,0,2,4,1021.7500000000001,1000.2500000000001,data,ok,2.0,0.1,1.0,4,PF,1367864806,
ue2_qfi2,38.25,79.5,87.459,92.459,ok,0.0,ok,ue1_qfi1,0,2,4,1021.25,999.8750000000001,data,ok,2.0,False,,proxy,3,0,ue3_qfi2,0.9375,16,150.0,ok,ue2_qfi2,97.709,ok,4,ok,4,ue3_qfi2,0.9790768000000001,ok,0.9977228536226667,proxy,5,0.9928760811326738,47940161.6,ok,0.0027045454545454547,ok,0.8012625,0.0549359375,ok,ue1_qfi1,0.0,4,100.0,data,ok,0.0,ue1_qfi9,80.75,ok,,3.0,ue3_qfi2,1,673.25,673.25,3.03,ok,330.0,,pending,,pending,"[8, 9]",ue1_qfi1,0,2,4,1021.25,999.8750000000001,data,ok,2.0,0.1,1.0,4,Reservation,1367864806,
ue2_qfi2,42.036,88.791,95.933,100.674,ok,0.0,ok,ue3_qfi1,0,1,4,1026.5,996.0,data,ok,2.0,False,,proxy,3,0,ue1_qfi2,1.0,16,150.0,ok,ue2_qfi2,106.209,ok,4,ok,4,ue2_qfi2,1.0035268,ok,0.9941034506038504,proxy,5,0.9898774796073802,47978552.0,ok,0.002872727272727273,ok,0.8712568181818182,0.0300859375,ok,ue1_qfi1,0.0,4,100.0,data,ok,0.0,ue2_qfi9,89.5,ok,,3.2,ue1_qfi2,0,0.0,0.0,3.03,ok,330.0,,pending,,pending,"[8, 9]",ue3_qfi1,0,1,4,1026.5,996.0,data,ok,2.0,0.1,1.0,4,TwoTier,1367864806,
ue4_qfi9,5.75,98.5,116.25,125.5,ok,0.0,ok,ue1_qfi1,0,1,4,1037.25,996.7499999999998,data,ok,2.0,False,,proxy,3,0,ue1_qfi2,1.0,16,150.0,ok,ue4_qfi2,134.253,ok,4,ok,4,ue3_qfi2,0.9793936,ok,0.9972651067293746,proxy,5,0.9909358332945045,47926227.2,ok,0.003065909090909091,ok,0.6956136363636364,0.0397671875,ok,ue1_qfi1,0.0,4,100.0,data,ok,0.0,ue4_qfi9,119.75,ok,,3.2,ue1_qfi2,0,0.0,0.0,3.03,ok,330.0,,pending,,pending,"[8, 9]",ue1_qfi1,0,1,4,1037.25,996.7499999999998,data,ok,2.0,0.1,1.0,4,PF,1097657231,
ue4_qfi9,7.25,86.0,97.0,104.5,ok,0.0,ok,ue3_qfi1,0,2,4,1024.25,999.625,data,ok,2.0,False,,proxy,3,0,ue4_qfi2,0.875,16,150.0,ok,ue4_qfi2,100.503,ok,4,ok,4,ue3_qfi2,0.9740024,ok,0.9969633601262728,proxy,5,0.9904071599511537,47869904.0,ok,0.0029227272727272726,ok,0.8244511363636363,0.0626875,ok,ue1_qfi1,0.0,4,100.0,data,ok,0.0,ue4_qfi9,97.25,ok,,2.8,ue4_qfi2,1,666.75,666.75,3.03,ok,330.0,,pending,,pending,"[8, 9]",ue3_qfi1,0,2,4,1024.25,999.625,data,ok,2.0,0.1,1.0,4,Reservation,1097657231,
ue4_qfi2,47.959,95.221,100.483,104.471,ok,0.0,ok,ue2_qfi1,0,2,4,1031.5,996.7499999999999,data,ok,2.0,False,,proxy,3,0,ue4_qfi2,0.9375,16,150.0,ok,ue4_qfi2,114.721,ok,4,ok,4,ue3_qfi2,0.9755824000000001,ok,0.9949819256506462,proxy,5,0.9905979812373571,47874286.4,ok,0.002965909090909091,ok,0.8878613636363636,0.034059375,ok,ue1_qfi1,0.0,4,100.0,data,ok,0.0,ue4_qfi9,94.0,ok,,3.2,ue1_qfi2,0,0.0,0.0,3.03,ok,330.0,,pending,,pending,"[8, 9]",ue2_qfi1,0,2,4,1031.5,996.7499999999999,data,ok,2.0,0.1,1.0,4,TwoTier,1097657231,
ue3_qfi2,43.118,93.99,102.578,115.99,ok,0.0,ok,ue3_qfi1,0,2,4,1034.5,995.1250000000002,data,ok,2.0,False,,proxy,3,0,ue1_qfi2,1.0,16,150.0,ok,ue3_qfi2,130.24,ok,4,ok,4,ue1_qfi2,0.9887144,ok,0.9970125721699326,proxy,5,0.9906076877123526,48277536.0,ok,0.00295,ok,0.7265852272727272,0.04235,ok,ue1_qfi1,0.0,4,100.0,data,ok,0.0,ue3_qfi9,108.5,ok,,3.2,ue1_qfi2,0,0.0,0.0,3.03,ok,330.0,,pending,,pending,"[8, 9]",ue3_qfi1,0,2,4,1034.5,995.1250000000002,data,ok,2.0,0.1,1.0,4,PF,579362555,
ue3_qfi9,7.75,86.0,93.0,96.25,ok,0.0,ok,ue3_qfi1,0,2,4,1021.7499999999999,1007.7500000000001,data,ok,2.0,False,,proxy,3,0,ue3_qfi2,0.9375,16,150.0,ok,ue4_qfi2,101.711,ok,4,ok,4,ue1_qfi2,0.9916124000000001,ok,0.9962887448402624,proxy,5,0.9905090344541148,48271339.2,ok,0.0029363636363636363,ok,0.83965,0.06990625,ok,ue1_qfi1,0.0,4,100.0,data,ok,0.0,ue3_qfi9,88.5,ok,,3.0,ue3_qfi2,1,674.75,674.75,3.03,ok,330.0,,pending,,pending,"[8, 9]",ue3_qfi1,0,2,4,1021.7499999999999,1007.7500000000001,data,ok,2.0,0.1,1.0,4,Reservation,579362555,
ue3_qfi2,63.635,113.828,122.24,125.74,ok,0.0,ok,ue3_qfi1,0,1,4,1036.2500000000002,991.6250000000003,data,ok,2.0,False,,proxy,3,0,ue1_qfi2,1.0,16,150.0,ok,ue3_qfi2,129.74,ok,4,ok,4,ue1_qfi2,0.9842104,ok,0.9957009270090895,proxy,5,0.989548700006833,48303249.6,ok,0.0029045454545454544,ok,0.8935295454545454,0.036846875,ok,ue1_qfi1,0.0,4,100.0,data,ok,0.0,ue3_qfi9,104.5,ok,,3.2,ue1_qfi2,0,0.0,0.0,3.03,ok,330.0,,pending,,pending,"[8, 9]",ue3_qfi1,0,1,4,1036.2500000000002,991.6250000000003,data,ok,2.0,0.1,1.0,4,TwoTier,579362555,
ue3_qfi2,39.743,83.743,98.468,103.718,ok,0.0,ok,ue2_qfi1,0,2,4,1034.0,999.2499999999998,data,ok,2.0,False,,proxy,3,0,ue1_qfi2,1.0,16,150.0,ok,ue3_qfi2,112.493,ok,4,ok,4,ue4_qfi2,0.9997891999999999,ok,0.9963028037011881,proxy,5,0.9875793870064804,48177811.2,ok,0.0026340909090909093,ok,0.6664602272727272,0.0357953125,ok,ue1_qfi1,0.0,4,100.0,data,ok,0.0,ue3_qfi9,92.0,ok,,3.2,ue1_qfi2,0,0.0,0.0,3.03,ok,330.0,,pending,,pending,"[8, 9]",ue2_qfi1,0,2,4,1034.0,999.2499999999998,data,ok,2.0,0.1,1.0,4,PF,661058651,
ue1_qfi2,35.34,81.898,90.898,97.148,ok,0.0,ok,ue2_qfi1,0,2,4,1042.75,999.7499999999999,data,ok,2.0,False,,proxy,3,0,ue1_qfi2,1.0,16,150.0,ok,ue1_qfi2,102.148,ok,4,ok,4,ue4_qfi2,0.9983352,ok,0.9946888489396292,proxy,5,0.9876446731563976,48169756.8,ok,0.0026568181818181816,ok,0.8041863636363636,0.05655,ok,ue1_qfi1,0.0,4,100.0,data,ok,0.0,ue1_qfi9,88.75,ok,,3.2,ue1_qfi2,0,0.0,0.0,3.03,ok,330.0,,pending,,pending,"[8, 9]",ue2_qfi1,0,2,4,1042.75,999.7499999999999,data,ok,2.0,0.1,1.0,4,Reservation,661058651,
ue2_qfi2,34.867,107.248,123.248,128.498,ok,0.0,ok,ue2_qfi1,0,2,4,1034.75,998.3750000000001,data,ok,2.0,False,,proxy,3,0,ue1_qfi2,1.0,16,150.0,ok,ue2_qfi2,132.498,ok,4,ok,4,ue4_qfi2,0.9935528,ok,0.9934153326962025,proxy,5,0.9874154842460766,48113888.0,ok,0.002756818181818182,ok,0.8738647727272727,0.031046875,ok,ue1_qfi1,0.0,4,100.0,data,ok,0.0,ue2_qfi9,95.25,ok,,3.2,ue1_qfi2,0,0.0,0.0,3.03,ok,330.0,,pending,,pending,"[8, 9]",ue2_qfi1,0,2,4,1034.75,998.3750000000001,data,ok,2.0,0.1,1.0,4,TwoTier,661058651,
ue3_qfi2,43.463,87.585,98.699,101.949,ok,0.0,ok,ue4_qfi1,0,3,4,1024.25,1000.1250000000001,data,ok,2.0,False,,proxy,3,0,ue1_qfi2,1.0,16,150.0,ok,ue2_qfi2,111.717,ok,4,ok,4,ue2_qfi2,0.9933084,ok,0.9968759673651493,proxy,5,0.9890012539296256,48068246.4,ok,0.0025931818181818183,ok,0.6916386363636363,0.0384859375,ok,ue1_qfi1,0.0,4,100.0,data,ok,0.0,ue3_qfi9,95.5,ok,,3.2,ue1_qfi2,0,0.0,0.0,3.03,ok,330.0,,pending,,pending,"[8, 9]",ue4_qfi1,0,3,4,1024.25,1000.1250000000001,data,ok,2.0,0.1,1.0,4,PF,87989972,
ue3_qfi2,42.713,83.085,87.551,92.699,ok,0.0,ok,ue1_qfi1,0,2,4,1023.7499999999999,1000.8749999999998,data,ok,2.0,False,,proxy,3,0,ue1_qfi2,1.0,16,150.0,ok,ue3_qfi2,97.699,ok,4,ok,4,ue2_qfi2,0.9887156,ok,0.9957735627452754,proxy,5,0.9892598851444513,48033550.4,ok,0.0029454545454545454,ok,0.8189715909090909,0.06308125,ok,ue1_qfi1,0.0,4,100.0,data,ok,0.0,ue2_qfi9,83.75,ok,,3.2,ue1_qfi2,0,0.0,0.0,3.03,ok,330.0,,pending,,pending,"[8, 9]",ue1_qfi1,0,2,4,1023.7499999999999,1000.8749999999998,data,ok,2.0,0.1,1.0,4,Reservation,87989972,
ue3_qfi2,47.394,101.568,112.449,115.699,ok,0.0,ok,ue2_qfi1,0,2,4,1030.0,1000.875,data,ok,2.0,False,,proxy,3,0,ue1_qfi2,1.0,16,150.0,ok,ue3_qfi2,123.199,ok,4,ok,4,ue2_qfi2,0.9608131999999999,ok,0.994515524996333,proxy,5,0.9890343584307666,48053928.0,ok,0.0025727272727272725,ok,0.8876954545454545,0.0337859375,ok,ue1_qfi1,0.0,4,100.0,data,ok,0.0,ue3_qfi9,101.5,ok,,3.2,ue1_qfi2,0,0.0,0.0,3.03,ok,330.0,,pending,,pending,"[8, 9]",ue2_qfi1,0,2,4,1030.0,1000.875,data,ok,2.0,0.1,1.0,4,TwoTier,87989972,
ue2_qfi2,40.616,92.112,105.854,112.854,ok,0.0,ok,ue2_qfi1,0,1,4,1040.75,997.125,data,ok,2.0,False,,proxy,3,0,ue1_qfi2,1.0,16,150.0,ok,ue2_qfi2,126.354,ok,3,ok,4,ue1_qfi2,0.9498928000000001,ok,0.9970825172236424,proxy,5,0.9911685495088266,47415233.6,ok,0.002797727272727273,ok,0.7038170454545455,0.0406328125,ok,ue1_qfi1,0.0,4,100.0,data,ok,0.0,ue2_qfi9,102.0,ok,,3.2,ue1_qfi2,0,0.0,0.0,3.03,ok,330.0,,pending,,pending,"[8, 9]",ue2_qfi1,0,1,4,1040.75,997.125,data,ok,2.0,0.1,1.0,4,PF,161576974,
ue2_qfi9,7.0,77.0,85.75,97.75,ok,0.0,ok,ue2_qfi1,0,2,4,1024.5000000000002,998.1249999999999,data,ok,2.0,False,,proxy,3,0,ue1_qfi2,1.0,16,150.0,ok,ue4_qfi2,92.517,ok,4,ok,4,ue1_qfi2,0.9530068,ok,0.9949611488009484,proxy,5,0.9908079649248748,47389769.6,ok,0.0027704545454545456,ok,0.8300977272727272,0.06538125,ok,ue1_qfi1,0.0,4,100.0,data,ok,0.0,ue2_qfi9,90.75,ok,,3.2,ue1_qfi2,0,0.0,0.0,3.03,ok,330.0,,pending,,pending,"[8, 9]",ue2_qfi1,0,2,4,1024.5000000000002,998.1249999999999,data,ok,2.0,0.1,1.0,4,Reservation,161576974,
ue1_qfi2,33.174,87.488,104.175,107.925,ok,0.0,ok,ue2_qfi1,0,1,4,1038.75,993.75,data,ok,2.0,False,,proxy,3,0,ue1_qfi2,0.9375,16,150.0,ok,ue4_qfi2,116.83,ok,3,ok,4,ue1_qfi2,0.9350524,ok,0.9964375619847967,proxy,5,0.9905419892045827,47421865.6,ok,0.002575,ok,0.8921988636363636,0.035128125,ok,ue1_qfi1,0.0,4,100.0,data,ok,0.0,ue4_qfi9,94.5,ok,,3.0,ue1_qfi2,1,664.0,664.0,3.03,ok,330.0,,pending,,pending,"[8, 9]",ue2_qfi1,0,1,4,1038.75,993.75,data,ok,2.0,0.1,1.0,4,TwoTier,161576974,
ue1_qfi9,6.0,88.0,98.25,101.5,ok,0.0,ok,ue2_qfi1,0,1,4,1036.2500000000002,995.7499999999999,data,ok,2.0,False,,proxy,3,0,ue1_qfi2,1.0,16,150.0,ok,ue1_qfi2,107.385,ok,4,ok,4,ue4_qfi2,0.9770344,ok,0.9976620452247603,proxy,5,0.9931008685986438,47731534.4,ok,0.002843181818181818,ok,0.7013204545454546,0.0397703125,ok,ue1_qfi1,0.0,4,100.0,data,ok,0.0,ue4_qfi9,96.0,ok,,3.2,ue1_qfi2,0,0.0,0.0,3.03,ok,330.0,,pending,,pending,"[8, 9]",ue2_qfi1,0,1,4,1036.2500000000002,995.7499999999999,data,ok,2.0,0.1,1.0,4,PF,35492826,
ue1_qfi2,53.069,85.635,90.912,94.928,ok,0.0,ok,ue4_qfi1,0,2,4,1024.75,996.9999999999999,data,ok,2.0,False,,proxy,3,0,ue2_qfi2,0.9375,16,150.0,ok,ue1_qfi2,100.678,ok,4,ok,4,ue4_qfi2,0.9503064,ok,0.9970206276238149,proxy,5,0.9929708739425563,47754684.8,ok,0.0026954545454545456,ok,0.830353409090909,0.065040625,ok,ue1_qfi1,0.0,4,100.0,data,ok,0.0,ue1_qfi9,86.25,ok,,3.0,ue4_qfi2,1,687.5,687.5,3.03,ok,330.0,,pending,,pending,"[8, 9]",ue4_qfi1,0,2,4,1024.75,996.9999999999999,data,ok,2.0,0.1,1.0,4,Reservation,35492826,
ue4_qfi9,9.25,89.5,115.0,129.0,ok,0.0,ok,ue4_qfi1,0,2,4,1034.25,1000.5000000000001,data,ok,2.0,False,,proxy,3,0,ue1_qfi2,1.0,16,150.0,ok,ue4_qfi2,130.376,ok,4,ok,4,ue4_qfi2,0.9740076,ok,0.9936766577415213,proxy,5,0.9879222041333084,47725188.8,ok,0.0025954545454545453,ok,0.8901931818181819,0.034528125,ok,ue1_qfi1,0.0,4,100.0,data,ok,0.0,ue4_qfi9,119.75,ok,,3.2,ue1_qfi2,0,0.0,0.0,3.03,ok,330.0,,pending,,pending,"[8, 9]",ue4_qfi1,0,2,4,1034.25,1000.5000000000001,data,ok,2.0,0.1,1.0,4,TwoTier,35492826,
ue4_qfi2,42.103,86.315,97.565,104.433,ok,0.0,ok,ue1_qfi1,0,2,4,1021.5000000000001,996.9999999999999,data,ok,2.0,False,,proxy,3,0,ue1_qfi2,1.0,16,150.0,ok,ue4_qfi2,114.214,ok,3,ok,4,ue1_qfi2,0.9367755999999999,ok,0.9971227518506,proxy,5,0.9896693731550485,47628012.8,ok,0.0026318181818181818,ok,0.6891,0.038234375,ok,ue1_qfi1,0.0,4,100.0,data,ok,0.0,ue4_qfi9,95.5,ok,,3.2,ue1_qfi2,0,0.0,0.0,3.03,ok,330.0,,pending,,pending,"[8, 9]",ue1_qfi1,0,2,4,1021.5000000000001,996.9999999999999,data,ok,2.0,0.1,1.0,4,PF,376383645,
ue3_qfi2,39.799,81.161,92.636,98.886,ok,0.0,ok,ue3_qfi1,0,2,4,1038.2500000000002,1003.125,data,ok,2.0,False,,proxy,3,0,ue1_qfi2,1.0,16,150.0,ok,ue3_qfi2,104.136,ok,3,ok,4,ue1_qfi2,0.9492655999999999,ok,0.9950934889356116,proxy,5,0.989418173550912,47649918.4,ok,0.0027795454545454547,ok,0.8205306818181818,0.0624328125,ok,ue1_qfi1,0.0,4,100.0,data,ok,0.0,ue4_qfi9,89.25,ok,,3.2,ue1_qfi2,0,0.0,0.0,3.03,ok,330.0,,pending,,pending,"[8, 9]",ue3_qfi1,0,2,4,1038.2500000000002,1003.125,data,ok,2.0,0.1,1.0,4,Reservation,376383645,
ue4_qfi2,55.464,101.065,110.103,113.964,ok,0.0,ok,ue2_qfi1,0,2,4,1025.9999999999998,999.8750000000001,data,ok,2.0,False,,proxy,3,0,ue1_qfi2,1.0,16,150.0,ok,ue4_qfi2,118.353,ok,3,ok,4,ue1_qfi2,0.9347795999999999,ok,0.9955378378859319,proxy,5,0.9887140589720163,47630072.0,ok,0.002947727272727273,ok,0.8895295454545454,0.0336203125,ok,ue1_qfi1,0.0,4,100.0,data,ok,0.0,ue4_qfi9,100.5,ok,,3.2,ue1_qfi2,0,0.0,0.0,3.03,ok,330.0,,pending,,pending,"[8, 9]",ue2_qfi1,0,2,4,1025.9999999999998,999.8750000000001,data,ok,2.0,0.1,1.0,4,TwoTier,376383645,
ue2_qfi9,6.0,91.5,101.75,109.25,ok,0.0,ok,ue3_qfi1,0,2,4,1033.5,998.75,data,ok,2.0,False,,proxy,3,0,ue2_qfi2,0.9375,16,150.0,ok,ue2_qfi2,120.948,ok,4,ok,4,ue1_qfi2,0.9584752,ok,0.9969321379581343,proxy,5,0.990205680811096,47510492.8,ok,0.0028272727272727273,ok,0.7006420454545454,0.0405265625,ok,ue1_qfi1,0.0,4,100.0,data,ok,0.0,ue2_qfi9,103.25,ok,,3.2,ue1_qfi2,0,0.0,0.0,3.03,ok,330.0,,pending,,pending,"[8, 9]",ue3_qfi1,0,2,4,1033.5,998.75,data,ok,2.0,0.1,1.0,4,PF,1746484539,
ue2_qfi9,7.75,87.0,92.5,97.0,ok,0.0,ok,ue3_qfi1,0,2,4,1029.7500000000002,1000.0,data,ok,2.0,False,,proxy,3,0,ue1_qfi2,0.9375,16,150.0,ok,ue4_qfi2,93.465,ok,3,ok,4,ue1_qfi2,0.9348748,ok,0.995641112329443,proxy,5,0.9895723386282579,47527595.2,ok,0.0027704545454545456,ok,0.8277363636363636,0.0650015625,ok,ue1_qfi1,0.0,4,100.0,data,ok,0.0,ue2_qfi9,89.25,ok,,3.0,ue1_qfi2,0,0.0,0.0,3.03,ok,330.0,,pending,,pending,"[8, 9]",ue3_qfi1,0,2,4,1029.7500000000002,1000.0,data,ok,2.0,0.1,1.0,4,Reservation,1746484539,
ue2_qfi2,47.173,98.548,113.448,118.448,ok,0.0,ok,ue3_qfi1,0,1,4,1042.0,990.875,data,ok,2.0,False,,proxy,3,0,ue1_qfi2,0.9333333333333333,15,150.0,ok,ue2_qfi2,124.948,ok,3,ok,4,ue1_qfi2,0.9191976,ok,0.9947085093262038,proxy,5,0.9899392722550248,47533990.4,ok,0.002806818181818182,ok,0.8919534090909091,0.035171875,ok,ue1_qfi1,0.0,4,100.0,data,ok,0.0,ue2_qfi9,107.25,ok,,2.8,ue1_qfi2,0,0.0,0.0,3.03,ok,330.0,,pending,,pending,"[8, 9]",ue3_qfi1,0,1,4,1042.0,990.875,data,ok,2.0,0.1,1.0,4,TwoTier,1746484539,
ue8_qfi9,299.25,300.25,300.25,300.25,ok,0.4722437732804099,ok,ue6_qfi1,0,0,0,237.75000000000003,199.5,data,ok,2.0,False,,proxy,3,0,ue1_qfi2,1.0,76,150.0,ok,ue6_qfi2,48.672,ok,7,ok,8,ue2_qfi2,0.9457692,ok,0.9063699222938393,proxy,5,0.9007924722688084,67689768.0,ok,0.0041,ok,0.9306363636363636,0.0361578125,ok,ue1_qfi1,0.0,24,100.0,data,ok,0.0,ue6_qfi1,35.5,ok,,15.2,ue1_qfi2,0,0.0,0.0,15.152,ok,66.0,,pending,,pending,"[8, 9]",ue6_qfi1,0,0,0,237.75000000000003,199.5,data,ok,2.0,0.5,1.5,8,PF,1826701614,
ue7_qfi9,299.0,300.25,300.25,300.25,ok,0.4841475236724,ok,ue1_qfi1,0,0,0,218.75,200.1249999999999,data,ok,2.0,False,,proxy,3,0,ue8_qfi2,0.0,74,150.0,ok,ue6_qfi2,42.0,ok,4,ok,8,ue8_qfi2,0.0,ok,0.8204358925073227,proxy,5,0.7104223447411311,66813708.8,ok,0.004370454545454545,ok,0.9316704545454545,0.0933078125,ok,ue1_qfi1,0.0,24,100.0,data,ok,0.0,ue6_qfi1,95.0,ok,,15.2,ue1_qfi2,0,0.0,0.0,15.152,ok,66.0,,pending,,pending,"[8, 9]",ue1_qfi1,0,0,0,218.75,200.1249999999999,data,ok,2.0,0.5,1.5,8,Reservation,1826701614,
ue3_qfi9,276.75,299.75,300.0,300.25,ok,0.46105464617688935,ok,ue2_qfi1,0,0,0,214.5,199.62499999999994,data,ok,2.0,False,,proxy,3,0,ue6_qfi2,0.0,74,150.0,ok,ue1_qfi2,36.25,ok,4,ok,8,ue6_qfi2,0.0,ok,0.7059325406664938,proxy,5,0.7004155082162646,66955969.6,ok,0.004259090909090909,ok,0.9304034090909091,0.03495625,ok,ue1_qfi1,0.0,24,100.0,data,ok,0.0,ue4_qfi9,179.0,ok,,15.2,ue1_qfi2,0,0.0,0.0,15.152,ok,66.0,,pending,,pending,"[8, 9]",ue2_qfi1,0,0,0,214.5,199.62499999999994,data,ok,2.0,0.5,1.5,8,TwoTier,1826701614,
ue8_qfi9,299.25,300.25,300.25,300.25,ok,0.48937656408451624,ok,ue3_qfi1,0,0,0,248.75000000000003,198.8749999999997,data,ok,2.0,False,,proxy,3,0,ue1_qfi2,1.0,76,150.0,ok,ue3_qfi2,46.951,ok,7,ok,8,ue3_qfi2,0.9496996,ok,0.9000609722756204,proxy,5,0.8910648899892989,65678401.6,ok,0.004420454545454545,ok,0.9311875,0.0386421875,ok,ue1_qfi1,0.0,24,100.0,data,ok,0.0,ue3_qfi1,39.5,ok,,15.2,ue1_qfi2,0,0.0,0.0,15.152,ok,66.0,,pending,,pending,"[8, 9]",ue3_qfi1,0,0,0,248.75000000000003,198.8749999999997,data,ok,2.0,0.5,1.5,8,PF,1367864806,
ue7_qfi9,298.75,300.25,300.25,300.25,ok,0.4946206209348539,ok,ue5_qfi1,0,0,0,222.75,200.1249999999999,data,ok,2.0,False,,proxy,3,0,ue6_qfi2,0.0,74,150.0,ok,ue5_qfi2,33.25,ok,4,ok,8,ue6_qfi2,0.0,ok,0.7770605113650839,proxy,5,0.7665636291277644,64811180.8,ok,0.004311363636363637,ok,0.9328738636363636,0.098721875,ok,ue1_qfi1,0.0,24,100.0,data,ok,0.0,ue7_qfi2,98.651,ok,,15.2,ue1_qfi2,0,0.0,0.0,15.152,ok,66.0,,pending,,pending,"[8, 9]",ue5_qfi1,0,0,0,222.75,200.1249999999999,data,ok,2.0,0.5,1.5,8,Reservation,1367864806,
ue3_qfi9,296.0,300.0,300.25,300.25,ok,0.47270122370440676,ok,ue5_qfi1,0,0,0,232.75,199.25000000000014,data,ok,2.0,False,,proxy,3,0,ue6_qfi2,0.0,74,150.0,ok,ue4_qfi2,46.196,ok,4,ok,8,ue6_qfi2,0.0,ok,0.704178662471582,proxy,5,0.699689408197729,65351291.2,ok,0.004236363636363636,ok,0.9312056818181819,0.037346875,ok,ue1_qfi1,0.0,24,100.0,data,ok,0.0,ue4_qfi9,139.5,ok,,15.2,ue1_qfi2,0,0.0,0.0,15.152,ok,66.0,,pending,,pending,"[8, 9]",ue5_qfi1,0,0,0,232.75,199.25000000000014,data,ok,2.0,0.5,1.5,8,TwoTier,1367864806,
ue8_qfi9,299.25,300.25,300.25,300.25,ok,0.49779941411161155,ok,ue4_qfi1,0,0,0,241.0,198.62500000000006,data,ok,2.0,False,,proxy,3,0,ue1_qfi2,0.9868421052631579,76,150.0,ok,ue8_qfi2,47.936,ok,8,ok,8,ue3_qfi2,0.9573148,ok,0.896456130587851,proxy,5,0.8852024261266639,64820899.2,ok,0.004402272727272727,ok,0.9318545454545455,0.0389671875,ok,ue1_qfi1,0.0,24,100.0,data,ok,0.0,ue6_qfi1,55.0,ok,,15.0,ue1_qfi2,1,151.75,151.75,15.152,ok,66.0,,pending,,pending,"[8, 9]",ue4_qfi1,0,0,0,241.0,198.62500000000006,data,ok,2.0,0.5,1.5,8,PF,1097657231,
ue7_qfi9,299.0,300.25,300.25,300.25,ok,0.49601724438466804,ok,ue4_qfi1,0,0,0,228.75,199.37499999999986,data,ok,2.0,False,,proxy,3,0,ue6_qfi2,0.0,74,150.0,ok,ue7_qfi2,33.75,ok,6,ok,8,ue6_qfi2,0.0,ok,0.7801506421342844,proxy,5,0.7774865418010549,64901043.199999996,ok,0.004470454545454546,ok,0.9309636363636363,0.0979890625,ok,ue1_qfi1,0.0,24,100.0,data,ok,0.0,ue7_qfi2,87.744,ok,,15.2,ue1_qfi2,0,0.0,0.0,15.152,ok,66.0,,pending,,pending,"[8, 9]",ue4_qfi1,0,0,0,228.75,199.37499999999986,data,ok,2.0,0.5,1.5,8,Reservation,1097657231,
ue5_qfi9,116.0,299.75,300.0,300.25,ok,0.4668681906596699,ok,ue1_qfi1,0,0,0,217.75,199.7499999999999,data,ok,2.0,False,,proxy,3,0,ue6_qfi2,0.0,74,150.0,ok,ue1_qfi2,40.576,ok,5,ok,8,ue6_qfi2,0.0,ok,0.7032601000823796,proxy,5,0.698520005585275,65894232.0,ok,0.004588636363636363,ok,0.9321261363636364,0.0365984375,ok,ue1_qfi1,0.0,24,100.0,data,ok,0.0,ue5_qfi9,184.25,ok,,15.2,ue1_qfi2,0,0.0,0.0,15.152,ok,66.0,,pending,,pending,"[8, 9]",ue1_qfi1,0,0,0,217.75,199.7499999999999,data,ok,2.0,0.5,1.5,8,TwoTier,1097657231,
ue8_qfi9,299.0,300.25,300.25,300.25,ok,0.4681637630777115,ok,ue1_qfi1,0,0,0,248.25,200.1250000000001,data,ok,2.0,False,,proxy,3,0,ue3_qfi2,0.9868421052631579,76,150.0,ok,ue3_qfi2,48.565,ok,8,ok,8,ue2_qfi2,0.9636808,ok,0.9087050989935437,proxy,5,0.9042419705888726,68383158.4,ok,0.004393181818181818,ok,0.9312431818181818,0.0350984375,ok,ue1_qfi1,0.0,24,100.0,data,ok,0.0,ue1_qfi1,45.5,ok,,15.0,ue3_qfi2,1,136.75,136.75,15.152,ok,66.0,,pending,,pending,"[8, 9]",ue1_qfi1,0,0,0,248.25,200.1250000000001,data,ok,2.0,0.5,1.5,8,PF,579362555,
ue7_qfi9,298.75,300.25,300.25,300.25,ok,0.48542234009264135,ok,ue4_qfi1,0,0,0,238.75000000000003,198.99999999999983,data,ok,2.0,False,,proxy,3,0,ue8_qfi2,0.0,74,150.0,ok,ue3_qfi2,37.581,ok,7,ok,8,ue8_qfi2,0.0,ok,0.8491185560955182,proxy,5,0.8461969038557482,67520630.4,ok,0.004127272727272728,ok,0.9334602272727273,0.0936796875,ok,ue1_qfi1,0.0,24,100.0,data,ok,0.0,ue7_qfi2,105.391,ok,,15.2,ue1_qfi2,0,0.0,0.0,15.152,ok,66.0,,pending,,pending,"[8, 9]",ue4_qfi1,0,0,0,238.75000000000003,198.99999999999983,data,ok,2.0,0.5,1.5,8,Reservation,579362555,
ue3_qfi9,292.0,299.75,300.0,300.25,ok,0.4563947620330922,ok,ue1_qfi1,0,0,0,229.75,200.00000000000017,data,ok,2.0,False,,proxy,3,0,ue6_qfi2,0.0,74,150.0,ok,ue5_qfi2,44.436,ok,5,ok,8,ue6_qfi2,0.0,ok,0.7080398113144805,proxy,5,0.7015551351433484,67121692.8,ok,0.00435,ok,0.9320727272727273,0.0360953125,ok,ue1_qfi1,0.0,24,100.0,data,ok,0.0,ue4_qfi9,177.5,ok,,15.2,ue1_qfi2,0,0.0,0.0,15.152,ok,66.0,,pending,,pending,"[8, 9]",ue1_qfi1,0,0,0,229.75,200.00000000000017,data,ok,2.0,0.5,1.5,8,TwoTier,579362555,
ue8_qfi9,299.0,300.0,300.25,300.25,ok,0.45490351301907567,ok,ue4_qfi1,0,0,0,234.25,200.12499999999966,data,ok,2.0,False,,proxy,3,0,ue1_qfi2,1.0,76,150.0,ok,ue2_qfi2,44.136,ok,8,ok,8,ue8_qfi2,0.9559816,ok,0.914188027462599,proxy,5,0.909563422697225,70015686.4,ok,0.004068181818181818,ok,0.9320806818181818,0.03200625,ok,ue1_qfi1,0.0,24,100.0,data,ok,0.0,ue4_qfi1,31.75,ok,,15.2,ue1_qfi2,0,0.0,0.0,15.152,ok,66.0,,pending,,pending,"[8, 9]",ue4_qfi1,0,0,0,234.25,200.12499999999966,data,ok,2.0,0.5,1.5,8,PF,661058651,
ue8_qfi9,299.5,300.25,300.25,300.25,ok,0.48302591788236965,ok,ue1_qfi1,0,0,0,233.0,199.875,data,ok,2.0,False,,proxy,3,0,ue4_qfi2,0.9868421052631579,76,150.0,ok,ue8_qfi2,43.007,ok,7,ok,8,ue8_qfi2,0.945098,ok,0.9125636760571176,proxy,5,0.9078675592244608,69291286.4,ok,0.0039159090909090906,ok,0.9338397727272727,0.1022484375,ok,ue1_qfi1,0.0,24,100.0,data,ok,0.0,ue8_qfi2,83.45400000000001,ok,,15.0,ue4_qfi2,1,145.0,145.0,15.152,ok,66.0,,pending,,pending,"[8, 9]",ue1_qfi1,0,0,0,233.0,199.875,data,ok,2.0,0.5,1.5,8,Reservation,661058651,
ue2_qfi9,293.5,300.0,300.0,300.25,ok,0.44029053156399117,ok,ue3_qfi1,0,0,0,221.50000000000014,200.37499999999997,data,ok,2.0,False,,proxy,3,0,ue6_qfi2,0.0,74,150.0,ok,ue3_qfi2,38.214,ok,5,ok,8,ue6_qfi2,0.0,ok,0.7077723642109577,proxy,5,0.7016240024618058,69186262.4,ok,0.0040659090909090905,ok,0.9322102272727273,0.0328734375,ok,ue1_qfi1,0.0,24,100.0,data,ok,0.0,ue5_qfi9,150.25,ok,,15.2,ue1_qfi2,0,0.0,0.0,15.152,ok,66.0,,pending,,pending,"[8, 9]",ue3_qfi1,0,0,0,221.50000000000014,200.37499999999997,data,ok,2.0,0.5,1.5,8,TwoTier,661058651,
ue8_qfi9,299.25,300.25,300.25,300.25,ok,0.4835669922400024,ok,ue6_qfi1,0,0,0,240.0,199.62499999999997,data,ok,2.0,False,,proxy,3,0,ue1_qfi2,1.0,76,150.0,ok,ue7_qfi2,46.522,ok,8,ok,8,ue3_qfi2,0.952904,ok,0.902298115291293,proxy,5,0.8950039286597121,66425817.6,ok,0.004502272727272727,ok,0.9325045454545454,0.03770625,ok,ue1_qfi1,0.0,24,100.0,data,ok,0.0,ue6_qfi1,32.5,ok,,15.2,ue1_qfi2,0,0.0,0.0,15.152,ok,66.0,,pending,,pending,"[8, 9]",ue6_qfi1,0,0,0,240.0,199.62499999999997,data,ok,2.0,0.5,1.5,8,PF,87989972,
ue6_qfi9,299.0,300.25,300.25,300.25,ok,0.48234453158982343,ok,ue3_qfi1,0,0,0,222.0,200.1250000000001,data,ok,2.0,False,,proxy,3,0,ue7_qfi2,0.0,74,150.0,ok,ue2_qfi2,33.712,ok,6,ok,8,ue7_qfi2,0.0,ok,0.7829366018436206,proxy,5,0.7760538024880836,66257467.2,ok,0.004345454545454546,ok,0.9325409090909091,0.09498125,ok,ue1_qfi1,0.0,24,100.0,data,ok,0.0,ue5_qfi1,25.5,ok,,15.2,ue1_qfi2,0,0.0,0.0,15.152,ok,66.0,,pending,,pending,"[8, 9]",ue3_qfi1,0,0,0,222.0,200.1250000000001,data,ok,2.0,0.5,1.5,8,Reservation,87989972,
ue2_qfi9,298.0,300.0,300.25,300.25,ok,0.460921935621563,ok,ue1_qfi1,0,0,0,216.5,199.50000000000023,data,ok,2.0,False,,proxy,3,0,ue6_qfi2,0.0,74,150.0,ok,ue5_qfi2,51.721,ok,5,ok,8,ue6_qfi2,0.0,ok,0.7032541436570134,proxy,5,0.6963981594471348,66988691.2,ok,0.0046113636363636365,ok,0.9324965909090909,0.0358640625,ok,ue1_qfi1,0.0,24,100.0,data,ok,0.0,ue3_qfi9,153.75,ok,,15.2,ue1_qfi2,0,0.0,0.0,15.152,ok,66.0,,pending,,pending,"[8, 9]",ue1_qfi1,0,0,0,216.5,199.50000000000023,data,ok,2.0,0.5,1.5,8,TwoTier,87989972,
ue8_qfi9,299.0,300.0,300.25,300.25,ok,0.471729675274785,ok,ue5_qfi1,0,0,0,235.00000000000003,199.5000000000001,data,ok,2.0,False,,proxy,3,0,ue4_qfi2,0.9868421052631579,76,150.0,ok,ue7_qfi2,48.972,ok,8,ok,8,ue2_qfi2,0.96535,ok,0.9063906397288564,proxy,5,0.9014352143570951,67950846.4,ok,0.004425,ok,0.9329954545454545,0.036934375,ok,ue1_qfi1,0.0,24,100.0,data,ok,0.0,ue5_qfi1,31.25,ok,,15.0,ue6_qfi2,1,136.0,136.0,15.152,ok,66.0,,pending,,pending,"[8, 9]",ue5_qfi1,0,0,0,235.00000000000003,199.5000000000001,data,ok,2.0,0.5,1.5,8,PF,161576974,
ue6_qfi9,297.75,300.0,300.25,300.25,ok,0.47329348943034505,ok,ue1_qfi1,0,0,0,223.24999999999994,199.99999999999994,data,ok,2.0,False,,proxy,3,0,ue7_qfi2,0.0,74,150.0,ok,ue1_qfi2,31.505,ok,5,ok,8,ue7_qfi2,0.0,ok,0.778243810666224,proxy,5,0.7538670849243765,67298758.4,ok,0.004277272727272728,ok,0.9337636363636364,0.0924671875,ok,ue1_qfi1,0.0,24,100.0,data,ok,0.0,ue6_qfi2,85.126,ok,,15.2,ue1_qfi2,0,0.0,0.0,15.152,ok,66.0,,pending,,pending,"[8, 9]",ue1_qfi1,0,0,0,223.24999999999994,199.99999999999994,data,ok,2.0,0.5,1.5,8,Reservation,161576974,
ue4_qfi9,280.25,299.75,300.0,300.25,ok,0.4657366847044577,ok,ue3_qfi1,0,0,0,219.5,199.50000000000023,data,ok,2.0,False,,proxy,3,0,ue6_qfi2,0.0,74,150.0,ok,ue3_qfi2,36.848,ok,5,ok,8,ue6_qfi2,0.0,ok,0.708212192710524,proxy,5,0.7063331812418497,66279564.8,ok,0.004434090909090909,ok,0.9328818181818181,0.0372796875,ok,ue1_qfi1,0.0,24,100.0,data,ok,0.0,ue3_qfi9,142.5,ok,,15.2,ue1_qfi2,0,0.0,0.0,15.152,ok,66.0,,pending,,pending,"[8, 9]",ue3_qfi1,0,0,0,219.5,199.50000000000023,data,ok,2.0,0.5,1.5,8,TwoTier,161576974,
ue8_qfi9,299.25,300.25,300.25,300.25,ok,0.47994438570868925,ok,ue5_qfi1,0,0,0,239.75,199.87500000000003,data,ok,2.0,False,,proxy,3,0,ue8_qfi2,0.9868421052631579,76,150.0,ok,ue5_qfi2,48.237,ok,8,ok,8,ue7_qfi2,0.9607112,ok,0.9042605679286992,proxy,5,0.9010234831656229,67064713.6,ok,0.004190909090909091,ok,0.9343772727272728,0.0368609375,ok,ue1_qfi1,0.0,24,100.0,data,ok,0.0,ue4_qfi1,33.5,ok,,15.0,ue8_qfi2,1,153.5,153.5,15.152,ok,66.0,,pending,,pending,"[8, 9]",ue5_qfi1,0,0,0,239.75,199.87500000000003,data,ok,2.0,0.5,1.5,8,PF,35492826,
ue6_qfi9,297.75,300.0,300.25,300.25,ok,0.476982935912108,ok,ue2_qfi1,0,0,0,225.5,199.99999999999994,data,ok,2.0,False,,proxy,3,0,ue7_qfi2,0.0,74,150.0,ok,ue4_qfi2,33.954,ok,6,ok,8,ue7_qfi2,0.0,ok,0.7842173538866012,proxy,5,0.7820395969255152,66850825.6,ok,0.004661363636363636,ok,0.9322329545454545,0.092471875,ok,ue1_qfi1,0.0,24,100.0,data,ok,0.0,ue6_qfi1,65.0,ok,,15.0,ue5_qfi2,1,138.75,138.75,15.152,ok,66.0,,pending,,pending,"[8, 9]",ue2_qfi1,0,0,0,225.5,199.99999999999994,data,ok,2.0,0.5,1.5,8,Reservation,35492826,
ue5_qfi9,275.0,300.0,300.25,300.25,ok,0.46613543851109507,ok,ue2_qfi1,0,0,0,220.0,199.25000000000014,data,ok,2.0,False,,proxy,3,0,ue6_qfi2,0.0,74,150.0,ok,ue1_qfi2,39.333,ok,5,ok,8,ue6_qfi2,0.0,ok,0.7052576445148616,proxy,5,0.7012580275816738,66101756.8,ok,0.004168181818181818,ok,0.9342829545454545,0.0370375,ok,ue1_qfi1,0.0,24,100.0,data,ok,0.0,ue4_qfi9,162.5,ok,,15.2,ue1_qfi2,0,0.0,0.0,15.152,ok,66.0,,pending,,pending,"[8, 9]",ue2_qfi1,0,0,0,220.0,199.25000000000014,data,ok,2.0,0.5,1.5,8,TwoTier,35492826,
ue8_qfi9,299.0,300.0,300.25,300.25,ok,0.46851003202121605,ok,ue7_qfi1,0,0,0,232.75,199.62499999999972,data,ok,2.0,False,,proxy,3,0,ue1_qfi2,1.0,76,150.0,ok,ue5_qfi2,49.745,ok,8,ok,8,ue2_qfi2,0.9608612,ok,0.9086819597866425,proxy,5,0.898619999017181,68336212.8,ok,0.004020454545454546,ok,0.9339670454545455,0.035565625,ok,ue1_qfi1,0.0,24,100.0,data,ok,0.0,ue1_qfi1,35.75,ok,,15.2,ue1_qfi2,0,0.0,0.0,15.152,ok,66.0,,pending,,pending,"[8, 9]",ue7_qfi1,0,0,0,232.75,199.62499999999972,data,ok,2.0,0.5,1.5,8,PF,376383645,
ue8_qfi9,298.0,300.0,300.25,300.25,ok,0.47658859946787613,ok,ue2_qfi1,0,0,0,222.75,199.99999999999952,data,ok,2.0,False,,proxy,3,0,ue6_qfi2,0.0,74,150.0,ok,ue8_qfi2,36.968,ok,5,ok,8,ue6_qfi2,0.0,ok,0.7809204587028429,proxy,5,0.7701669979678378,66697400.0,ok,0.004688636363636364,ok,0.9347011363636364,0.0923015625,ok,ue1_qfi1,0.0,24,100.0,data,ok,0.0,ue8_qfi2,102.07900000000001,ok,,15.2,ue1_qfi2,0,0.0,0.0,15.152,ok,66.0,,pending,,pending,"[8, 9]",ue2_qfi1,0,0,0,222.75,199.99999999999952,data,ok,2.0,0.5,1.5,8,Reservation,376383645,
ue2_qfi9,291.5,300.0,300.0,300.25,ok,0.4615280297806819,ok,ue4_qfi1,0,0,0,222.75,199.87499999999991,data,ok,2.0,False,,proxy,3,0,ue6_qfi2,0.0,74,150.0,ok,ue5_qfi2,46.75,ok,5,ok,8,ue6_qfi2,0.0,ok,0.7044420987363232,proxy,5,0.6994173847739047,66506123.2,ok,0.004129545454545454,ok,0.9338193181818182,0.0359046875,ok,ue1_qfi1,0.0,24,100.0,data,ok,0.0,ue4_qfi9,185.5,ok,,15.2,ue1_qfi2,0,0.0,0.0,15.152,ok,66.0,,pending,,pending,"[8, 9]",ue4_qfi1,0,0,0,222.75,199.87499999999991,data,ok,2.0,0.5,1.5,8,TwoTier,376383645,
ue8_qfi9,299.0,300.25,300.25,300.25,ok,0.46974161798799857,ok,ue5_qfi1,0,0,0,233.5,198.87500000000045,data,ok,2.0,False,,proxy,3,0,ue1_qfi2,0.9868421052631579,76,150.0,ok,ue4_qfi2,48.107,ok,8,ok,8,ue5_qfi2,0.9548468,ok,0.9077116342825475,proxy,5,0.9005596453648091,68225088.0,ok,0.004425,ok,0.9340886363636364,0.03589375,ok,ue1_qfi1,0.0,24,100.0,data,ok,0.0,ue6_qfi1,31.0,ok,,15.0,ue1_qfi2,1,132.25,132.25,15.152,ok,66.0,,pending,,pending,"[8, 9]",ue5_qfi1,0,0,0,233.5,198.87500000000045,data,ok,2.0,0.5,1.5,8,PF,1746484539,
ue6_qfi9,299.0,300.25,300.25,300.25,ok,0.47359253695777814,ok,ue3_qfi1,0,0,0,222.25,199.99999999999994,data,ok,2.0,False,,proxy,3,0,ue7_qfi2,0.0,74,150.0,ok,ue6_qfi2,35.208,ok,5,ok,8,ue7_qfi2,0.0,ok,0.7807521232970351,proxy,5,0.7681729290252827,67081099.2,ok,0.004377272727272727,ok,0.9320215909090909,0.0941703125,ok,ue1_qfi1,0.0,24,100.0,data,ok,0.0,ue6_qfi2,102.16,ok,,15.2,ue1_qfi2,0,0.0,0.0,15.152,ok,66.0,,pending,,pending,"[8, 9]",ue3_qfi1,0,0,0,222.25,199.99999999999994,data,ok,2.0,0.5,1.5,8,Reservation,1746484539,
ue2_qfi9,281.25,300.0,300.25,300.25,ok,0.4513330639900271,ok,ue5_qfi1,0,0,0,223.5,199.62499999999994,data,ok,2.0,False,,proxy,3,0,ue6_qfi2,0.0,74,150.0,ok,ue2_qfi2,39.243,ok,4,ok,8,ue6_qfi2,0.0,ok,0.7060474996153518,proxy,5,0.7008026776687242,68063356.8,ok,0.004334090909090909,ok,0.9334397727272727,0.0358984375,ok,ue1_qfi1,0.0,24,100.0,data,ok,0.0,ue5_qfi9,167.5,ok,,15.0,ue4_qfi2,1,136.75,136.75,15.152,ok,66.0,,pending,,pending,"[8, 9]",ue5_qfi1,0,0,0,223.5,199.62499999999994,data,ok,2.0,0.5,1.5,8,TwoTier,1746484539,
ue8_qfi9,291.0,299.25,299.75,300.0,ok,0.09957836005517894,ok,ue5_qfi1,0,0,0,241.5,199.25000000000014,data,ok,2.0,False,,proxy,3,0,ue1_qfi2,1.0,76,150.0,ok,ue8_qfi2,46.241,ok,7,ok,8,ue7_qfi2,0.9476984,ok,0.9872339157262369,proxy,5,0.9797463190612956,69256030.4,ok,0.003986363636363636,ok,0.929925,0.0334125,ok,ue1_qfi1,0.0,24,100.0,data,ok,0.0,ue3_qfi9,43.0,ok,,15.2,ue1_qfi2,0,0.0,0.0,15.152,ok,66.0,,pending,,pending,"[8, 9]",ue5_qfi1,0,0,0,241.5,199.25000000000014,data,ok,2.0,0.5,0.75,8,PF,1826701614,
ue8_qfi9,293.0,299.75,300.0,300.25,ok,0.11424194252760758,ok,ue3_qfi1,0,0,0,231.0,200.00000000000017,data,ok,2.0,False,,proxy,3,0,ue1_qfi2,1.0,76,150.0,ok,ue4_qfi2,39.479,ok,7,ok,8,ue7_qfi2,0.9476984,ok,0.986614117759126,proxy,5,0.9810667398019868,68376715.2,ok,0.004159090909090909,ok,0.9313772727272728,0.106734375,ok,ue1_qfi1,0.0,24,100.0,data,ok,0.0,ue8_qfi1,52.5,ok,,15.2,ue1_qfi2,0,0.0,0.0,15.152,ok,66.0,,pending,,pending,"[8, 9]",ue3_qfi1,0,0,0,231.0,200.00000000000017,data,ok,2.0,0.5,0.75,8,Reservation,1826701614,
ue8_qfi9,273.25,299.5,300.0,300.0,ok,0.10933761064160206,ok,ue2_qfi1,0,0,0,240.0,199.62499999999994,data,ok,2.0,False,,proxy,3,0,ue1_qfi2,1.0,76,150.0,ok,ue6_qfi2,59.564,ok,7,ok,8,ue7_qfi2,0.9476984,ok,0.9811006035805472,proxy,5,0.9752145497548853,68741828.8,ok,0.003984090909090909,ok,0.9307204545454546,0.0330796875,ok,ue1_qfi1,0.0,24,100.0,data,ok,0.0,ue7_qfi9,146.5,ok,,15.2,ue6_qfi2,1,150.0,150.0,15.152,ok,66.0,,pending,,pending,"[8, 9]",ue2_qfi1,0,0,0,240.0,199.62499999999994,data,ok,2.0,0.5,0.75,8,TwoTier,1826701614,
ue8_qfi9,290.5,299.0,299.75,300.0,ok,0.11779324831317696,ok,ue6_qfi1,0,0,0,241.0,199.25000000000014,data,ok,2.0,False,,proxy,3,0,ue1_qfi2,1.0,76,150.0,ok,ue8_qfi2,49.0,ok,8,ok,8,ue3_qfi2,0.9523275999999999,ok,0.9823211757780739,proxy,5,0.9733340285511982,68044062.4,ok,0.0042636363636363635,ok,0.9319329545454546,0.0360171875,ok,ue1_qfi1,0.0,24,100.0,data,ok,0.0,ue6_qfi9,84.5,ok,,15.2,ue1_qfi2,0,0.0,0.0,15.152,ok,66.0,,pending,,pending,"[8, 9]",ue6_qfi1,0,0,0,241.0,199.25000000000014,data,ok,2.0,0.5,0.75,8,PF,1367864806,
ue5_qfi9,264.5,299.0,299.75,300.0,ok,0.14031524100928902,ok,ue5_qfi1,0,0,0,229.25,199.75000000000009,data,ok,2.0,False,,proxy,3,0,ue8_qfi2,0.0,74,150.0,ok,ue5_qfi2,36.639,ok,7,ok,8,ue8_qfi2,0.0,ok,0.9028601342983883,proxy,5,0.8986491651277366,66446204.8,ok,0.004536363636363636,ok,0.932875,0.09213125,ok,ue1_qfi1,0.0,24,100.0,data,ok,0.0,ue4_qfi9,258.5,ok,,15.0,ue5_qfi2,1,133.25,133.25,15.152,ok,66.0,,pending,,pending,"[8, 9]",ue5_qfi1,0,0,0,229.25,199.75000000000009,data,ok,2.0,0.5,0.75,8,Reservation,1367864806,
ue5_qfi9,291.75,299.75,300.0,300.25,ok,0.1267446199496837,ok,ue5_qfi1,0,0,0,424.25,198.99999999999983,data,ok,2.0,False,,proxy,3,0,ue1_qfi2,1.0,76,150.0,ok,ue7_qfi2,63.533,ok,8,ok,8,ue3_qfi2,0.9511924,ok,0.9738027749658237,proxy,5,0.9601936094803221,67483134.4,ok,0.004072727272727273,ok,0.9312318181818182,0.0355625,ok,ue1_qfi1,0.0,24,100.0,data,ok,0.0,ue6_qfi9,163.0,ok,,15.2,ue5_qfi2,1,142.5,142.5,15.152,ok,66.0,,pending,,pending,"[8, 9]",ue5_qfi1,0,0,0,424.25,198.99999999999983,data,ok,2.0,0.5,0.75,8,TwoTier,1367864806,
ue8_qfi9,289.25,299.25,299.75,300.0,ok,0.14686422850679284,ok,ue6_qfi1,0,0,0,245.0000000000001,199.74999999999997,data,ok,2.0,False,,proxy,3,0,ue6_qfi2,0.9868421052631579,76,150.0,ok,ue6_qfi2,47.671,ok,8,ok,8,ue7_qfi2,0.9571516,ok,0.9777794782676745,proxy,5,0.9742189670901066,65706232.0,ok,0.004027272727272727,ok,0.9321920454545455,0.0389984375,ok,ue1_qfi1,0.0,24,100.0,data,ok,0.0,ue6_qfi9,131.0,ok,,15.2,ue1_qfi2,0,0.0,0.0,15.152,ok,66.0,,pending,,pending,"[8, 9]",ue6_qfi1,0,0,0,245.0000000000001,199.74999999999997,data,ok,2.0,0.5,0.75,8,PF,1097657231,
ue8_qfi9,293.0,299.75,300.0,300.25,ok,0.16668505716516188,ok,ue4_qfi1,0,0,0,232.0,200.25000000000003,data,ok,2.0,False,,proxy,3,0,ue8_qfi2,0.9868421052631579,76,150.0,ok,ue8_qfi2,43.419,ok,8,ok,8,ue7_qfi2,0.9571516,ok,0.9762864886752031,proxy,5,0.9712338773496813,64590252.8,ok,0.004168181818181818,ok,0.9313931818181819,0.124921875,ok,ue1_qfi1,0.0,24,100.0,data,ok,0.0,ue8_qfi1,40.75,ok,,15.2,ue1_qfi2,0,0.0,0.0,15.152,ok,66.0,,pending,,pending,"[8, 9]",ue4_qfi1,0,0,0,232.0,200.25000000000003,data,ok,2.0,0.5,0.75,8,Reservation,1097657231,
ue8_qfi9,274.75,299.0,299.75,300.0,ok,0.15764324921679684,ok,ue6_qfi1,0,0,1,584.7500000000001,201.87499999999997,data,ok,2.0,False,,proxy,3,0,ue3_qfi2,0.9868421052631579,76,150.0,ok,ue6_qfi2,84.462,ok,8,ok,8,ue3_qfi2,0.9567844,ok,0.9628740263191891,proxy,5,0.9573618813309613,65194627.2,ok,0.004520454545454545,ok,0.9319625,0.0386421875,ok,ue1_qfi1,0.0,24,100.0,data,ok,0.0,ue6_qfi9,193.0,ok,,15.0,ue3_qfi2,1,133.25,133.25,15.152,ok,66.0,,pending,,pending,"[8, 9]",ue6_qfi1,0,0,1,584.7500000000001,201.87499999999997,data,ok,2.0,0.5,0.75,8,TwoTier,1097657231,
ue8_qfi9,294.75,299.5,299.75,300.0,ok,0.12554844476977176,ok,ue5_qfi1,0,0,0,238.25000000000003,199.75000000000009,data,ok,2.0,False,,proxy,3,0,ue1_qfi2,1.0,76,150.0,ok,ue8_qfi2,50.763,ok,7,ok,8,ue1_qfi2,0.9487028000000001,ok,0.9807742064013029,proxy,5,0.9698472483754168,67280681.6,ok,0.004222727272727273,ok,0.9314215909090909,0.0360578125,ok,ue1_qfi1,0.0,24,100.0,data,ok,0.0,ue5_qfi9,91.0,ok,,15.2,ue1_qfi2,0,0.0,0.0,15.152,ok,66.0,,pending,,pending,"[8, 9]",ue5_qfi1,0,0,0,238.25000000000003,199.75000000000009,data,ok,2.0,0.5,0.75,8,PF,579362555,
ue7_qfi9,271.25,298.5,299.5,299.75,ok,0.13812042073982297,ok,ue1_qfi1,0,0,0,234.5,200.00000000000017,data,ok,2.0,False,,proxy,3,0,ue8_qfi2,0.0,74,150.0,ok,ue7_qfi2,38.31,ok,6,ok,8,ue8_qfi2,0.0,ok,0.9036859413571238,proxy,5,0.9016300921997982,66748411.2,ok,0.00445,ok,0.9334306818181818,0.09268125,ok,ue1_qfi1,0.0,24,100.0,data,ok,0.0,ue2_qfi9,192.75,ok,,15.2,ue1_qfi2,0,0.0,0.0,15.152,ok,66.0,,pending,,pending,"[8, 9]",ue1_qfi1,0,0,0,234.5,200.00000000000017,data,ok,2.0,0.5,0.75,8,Reservation,579362555,
ue8_qfi9,290.25,299.75,300.0,300.25,ok,0.13473581567520684,ok,ue7_qfi1,0,0,0,473.50000000000045,199.24999999999972,data,ok,2.0,False,,proxy,3,0,ue1_qfi2,1.0,76,150.0,ok,ue7_qfi2,71.372,ok,7,ok,8,ue1_qfi2,0.9487028000000001,ok,0.9688829385188118,proxy,5,0.9505412418261471,66828948.8,ok,0.004265909090909091,ok,0.9320693181818182,0.0355109375,ok,ue1_qfi1,0.0,24,100.0,data,ok,0.0,ue5_qfi9,158.0,ok,,15.2,ue4_qfi2,1,135.75,135.75,15.152,ok,66.0,,pending,,pending,"[8, 9]",ue7_qfi1,0,0,0,473.50000000000045,199.24999999999972,data,ok,2.0,0.5,0.75,8,TwoTier,579362555,
ue8_qfi9,289.75,298.75,299.5,300.0,ok,0.10120457924144109,ok,ue4_qfi1,0,0,0,234.5,199.5,data,ok,2.0,False,,proxy,3,0,ue1_qfi2,1.0,76,150.0,ok,ue8_qfi2,46.5,ok,8,ok,8,ue2_qfi2,0.9640491999999999,ok,0.9873976561475033,proxy,5,0.9827845495494262,69281427.2,ok,0.004115909090909091,ok,0.9321363636363637,0.0337671875,ok,ue1_qfi1,0.0,24,100.0,data,ok,0.0,ue5_qfi9,66.5,ok,,15.2,ue1_qfi2,0,0.0,0.0,15.152,ok,66.0,,pending,,pending,"[8, 9]",ue4_qfi1,0,0,0,234.5,199.5,data,ok,2.0,0.5,0.75,8,PF,661058651,
ue3_qfi9,291.75,299.75,300.0,300.25,ok,0.11713171600431424,ok,ue5_qfi1,0,0,0,234.75,200.87500000000014,data,ok,2.0,False,,proxy,3,0,ue1_qfi2,1.0,76,150.0,ok,ue5_qfi2,40.208,ok,8,ok,8,ue2_qfi2,0.9640491999999999,ok,0.9862328774149802,proxy,5,0.9809455529472849,68347451.2,ok,0.003756818181818182,ok,0.9340272727272727,0.1082875,ok,ue1_qfi1,0.0,24,100.0,data,ok,0.0,ue4_qfi9,32.0,ok,,15.2,ue1_qfi2,0,0.0,0.0,15.152,ok,66.0,,pending,,pending,"[8, 9]",ue5_qfi1,0,0,0,234.75,200.87500000000014,data,ok,2.0,0.5,0.75,8,Reservation,661058651,
ue3_qfi9,293.0,299.75,300.0,300.25,ok,0.11680883541627483,ok,ue1_qfi1,0,0,0,276.49999999999994,200.3750000000002,data,ok,2.0,False,,proxy,3,0,ue1_qfi2,1.0,76,150.0,ok,ue2_qfi2,62.966,ok,8,ok,8,ue2_qfi2,0.9640491999999999,ok,0.9748108928967408,proxy,5,0.9600690145634925,68482876.8,ok,0.004106818181818182,ok,0.9322193181818181,0.033340625,ok,ue1_qfi1,0.0,24,100.0,data,ok,0.0,ue4_qfi9,130.25,ok,,15.2,ue7_qfi2,1,143.25,143.25,15.152,ok,66.0,,pending,,pending,"[8, 9]",ue1_qfi1,0,0,0,276.49999999999994,200.3750000000002,data,ok,2.0,0.5,0.75,8,TwoTier,661058651,
ue6_qfi9,288.25,299.0,299.75,300.0,ok,0.141576101690727,ok,ue2_qfi1,0,0,0,235.50000000000003,199.62500000000017,data,ok,2.0,False,,proxy,3,0,ue1_qfi2,1.0,76,150.0,ok,ue3_qfi2,51.635,ok,8,ok,8,ue8_qfi2,0.968252,ok,0.9788093583221734,proxy,5,0.9692224491045083,66342356.8,ok,0.004522727272727273,ok,0.9325647727272727,0.0373890625,ok,ue1_qfi1,0.0,24,100.0,data,ok,0.0,ue3_qfi2,35.836,ok,,15.2,ue1_qfi2,0,0.0,0.0,15.152,ok,66.0,,pending,,pending,"[8, 9]",ue2_qfi1,0,0,0,235.50000000000003,199.62500000000017,data,ok,2.0,0.5,0.75,8,PF,87989972,
ue6_qfi9,291.0,299.75,300.0,300.25,ok,0.15902169482045952,ok,ue3_qfi1,0,0,0,232.75,199.37499999999986,data,ok,2.0,False,,proxy,3,0,ue2_qfi2,0.9868421052631579,76,150.0,ok,ue3_qfi2,42.514,ok,8,ok,8,ue8_qfi2,0.9680708,ok,0.9778431832683452,proxy,5,0.9686318402262123,65402947.199999996,ok,0.0041818181818181815,ok,0.9336431818181818,0.11929375,ok,ue1_qfi1,0.0,24,100.0,data,ok,0.0,ue8_qfi1,73.75,ok,,15.0,ue5_qfi2,1,143.5,143.5,15.152,ok,66.0,,pending,,pending,"[8, 9]",ue3_qfi1,0,0,0,232.75,199.37499999999986,data,ok,2.0,0.5,0.75,8,Reservation,87989972,
ue2_qfi9,295.5,299.75,300.0,300.25,ok,0.15193079257691003,ok,ue2_qfi1,0,0,1,676.25,198.24999999999983,data,ok,2.0,False,,proxy,3,0,ue1_qfi2,1.0,76,150.0,ok,ue3_qfi2,91.315,ok,8,ok,8,ue8_qfi2,0.9624308,ok,0.9575751729234551,proxy,5,0.9357712168343069,66123833.6,ok,0.004627272727272727,ok,0.9324181818181818,0.0364671875,ok,ue1_qfi1,0.0,24,100.0,data,ok,0.0,ue7_qfi9,168.0,ok,,15.2,ue1_qfi2,0,0.0,0.0,15.152,ok,66.0,,pending,,pending,"[8, 9]",ue2_qfi1,0,0,1,676.25,198.24999999999983,data,ok,2.0,0.5,0.75,8,TwoTier,87989972,
ue7_qfi9,292.0,299.0,299.75,300.0,ok,0.12977327449610332,ok,ue5_qfi1,0,0,0,237.75000000000003,199.125,data,ok,2.0,False,,proxy,3,0,ue3_qfi2,0.9736842105263158,76,150.0,ok,ue2_qfi2,46.918,ok,8,ok,8,ue4_qfi2,0.958982,ok,0.9810837285366013,proxy,5,0.9783166188950742,67033158.4,ok,0.004456818181818182,ok,0.9328909090909091,0.03731875,ok,ue1_qfi1,0.0,24,100.0,data,ok,0.0,ue3_qfi9,79.25,ok,,14.8,ue3_qfi2,2,137.75,270.5,15.152,ok,66.0,,pending,,pending,"[8, 9]",ue5_qfi1,0,0,0,237.75000000000003,199.125,data,ok,2.0,0.5,0.75,8,PF,161576974,
ue7_qfi9,293.75,299.75,300.0,300.25,ok,0.15157707056748054,ok,ue5_qfi1,0,0,0,231.25,200.25000000000009,data,ok,2.0,False,,proxy,3,0,ue1_qfi2,0.9868421052631579,76,150.0,ok,ue7_qfi2,42.394,ok,8,ok,8,ue4_qfi2,0.958982,ok,0.9792221597474102,proxy,5,0.9752799422328766,65788942.4,ok,0.004018181818181818,ok,0.9330375,0.1190765625,ok,ue1_qfi1,0.0,24,100.0,data,ok,0.0,ue8_qfi1,52.5,ok,,15.0,ue1_qfi2,1,133.25,133.25,15.152,ok,66.0,,pending,,pending,"[8, 9]",ue5_qfi1,0,0,0,231.25,200.25000000000009,data,ok,2.0,0.5,0.75,8,Reservation,161576974,
ue2_qfi9,295.25,299.75,300.0,300.25,ok,0.144115582662642,ok,ue2_qfi1,0,0,0,397.49999999999994,199.50000000000045,data,ok,2.0,False,,proxy,3,0,ue2_qfi2,0.9868421052631579,76,150.0,ok,ue2_qfi2,73.687,ok,8,ok,8,ue6_qfi2,0.9531075999999999,ok,0.9681372043859545,proxy,5,0.955466469167826,66461884.8,ok,0.004493181818181818,ok,0.9332227272727273,0.0366453125,ok,ue1_qfi1,0.0,24,100.0,data,ok,0.0,ue8_qfi9,183.75,ok,,15.2,ue3_qfi2,1,154.75,154.75,15.152,ok,66.0,,pending,,pending,"[8, 9]",ue2_qfi1,0,0,0,397.49999999999994,199.50000000000045,data,ok,2.0,0.5,0.75,8,TwoTier,161576974,
ue7_qfi9,292.0,299.25,299.75,300.0,ok,0.13980833475121204,ok,ue5_qfi1,0,0,0,243.75,199.125,data,ok,2.0,False,,proxy,3,0,ue5_qfi2,0.9868421052631579,76,150.0,ok,ue5_qfi2,46.944,ok,8,ok,8,ue3_qfi2,0.9571848000000001,ok,0.9769102786980067,proxy,5,0.9704172949882875,66291515.2,ok,0.004254545454545454,ok,0.9346329545454546,0.037853125,ok,ue1_qfi1,0.0,24,100.0,data,ok,0.0,ue8_qfi9,120.25,ok,,15.0,ue5_qfi2,1,135.75,135.75,15.152,ok,66.0,,pending,,pending,"[8, 9]",ue5_qfi1,0,0,0,243.75,199.125,data,ok,2.0,0.5,0.75,8,PF,35492826,
ue7_qfi9,284.0,298.75,299.75,300.0,ok,0.1711140047537823,ok,ue4_qfi1,0,0,0,232.75,199.99999999999974,data,ok,2.0,False,,proxy,3,0,ue8_qfi2,0.0,74,150.0,ok,ue6_qfi2,38.544,ok,7,ok,8,ue8_qfi2,0.0,ok,0.8996334872555464,proxy,5,0.8968451208713331,64203801.6,ok,0.004275,ok,0.9335454545454546,0.101603125,ok,ue1_qfi1,0.0,24,100.0,data,ok,0.0,ue2_qfi9,216.0,ok,,14.8,ue5_qfi2,2,136.0,271.25,15.152,ok,66.0,,pending,,pending,"[8, 9]",ue4_qfi1,0,0,0,232.75,199.99999999999974,data,ok,2.0,0.5,0.75,8,Reservation,35492826,
ue7_qfi9,235.0,298.75,299.5,300.0,ok,0.16542877703855696,ok,ue1_qfi1,0,0,1,584.5000000000002,200.87500000000014,data,ok,2.0,False,,proxy,3,0,ue6_qfi2,0.8947368421052632,76,150.0,ok,ue1_qfi2,82.835,ok,5,ok,8,ue7_qfi2,0.8716748000000001,ok,0.9490701500723946,proxy,5,0.8942581260576524,64316540.8,ok,0.004227272727272727,ok,0.9339818181818181,0.037790625,ok,ue1_qfi1,0.0,22,100.0,data,ok,0.0,ue3_qfi9,176.75,ok,,15.2,ue1_qfi2,0,0.0,0.0,15.152,ok,66.0,,pending,,pending,"[8, 9]",ue1_qfi1,0,0,1,584.5000000000002,200.87500000000014,data,ok,2.0,0.5,0.75,8,TwoTier,35492826,
ue7_qfi9,290.0,299.0,299.75,300.0,ok,0.11507382718613685,ok,ue7_qfi1,0,0,0,231.25,199.37499999999963,data,ok,2.0,False,,proxy,3,0,ue1_qfi2,1.0,76,150.0,ok,ue2_qfi2,47.498,ok,8,ok,8,ue8_qfi2,0.9591948,ok,0.985265414844098,proxy,5,0.9818744770940958,68149702.4,ok,0.004409090909090909,ok,0.9351931818181818,0.0362703125,ok,ue1_qfi1,0.0,24,100.0,data,ok,0.0,ue8_qfi9,257.75,ok,,15.2,ue1_qfi2,0,0.0,0.0,15.152,ok,66.0,,pending,,pending,"[8, 9]",ue7_qfi1,0,0,0,231.25,199.37499999999963,data,ok,2.0,0.5,0.75,8,PF,376383645,
ue7_qfi9,228.75,298.0,299.25,299.75,ok,0.14559944929122756,ok,ue2_qfi1,0,0,0,227.5,200.5000000000001,data,ok,2.0,False,,proxy,3,0,ue8_qfi2,0.0,74,150.0,ok,ue7_qfi2,38.938,ok,7,ok,8,ue8_qfi2,0.0,ok,0.9030117728877087,proxy,5,0.9014109311882464,65891635.199999996,ok,0.004431818181818182,ok,0.9338022727272727,0.094834375,ok,ue1_qfi1,0.0,24,100.0,data,ok,0.0,ue1_qfi9,253.5,ok,,15.2,ue1_qfi2,0,0.0,0.0,15.152,ok,66.0,,pending,,pending,"[8, 9]",ue2_qfi1,0,0,0,227.5,200.5000000000001,data,ok,2.0,0.5,0.75,8,Reservation,376383645,
ue7_qfi9,276.25,299.0,299.75,300.0,ok,0.1298864865275938,ok,ue2_qfi1,0,0,0,403.00000000000045,198.99999999999994,data,ok,2.0,False,,proxy,3,0,ue1_qfi2,1.0,76,150.0,ok,ue2_qfi2,64.494,ok,8,ok,8,ue8_qfi2,0.9591948,ok,0.9765469475530534,proxy,5,0.9719960052004337,67454542.4,ok,0.004102272727272727,ok,0.9337920454545454,0.0351015625,ok,ue1_qfi1,0.0,24,100.0,data,ok,0.0,ue8_qfi9,137.75,ok,,15.2,ue4_qfi2,1,138.75,138.75,15.152,ok,66.0,,pending,,pending,"[8, 9]",ue2_qfi1,0,0,0,403.00000000000045,198.99999999999994,data,ok,2.0,0.5,0.75,8,TwoTier,376383645,
ue8_qfi9,290.5,299.25,299.75,300.0,ok,0.12492320883008283,ok,ue6_qfi1,0,0,0,233.5,199.37500000000003,data,ok,2.0,False,,proxy,3,0,ue8_qfi2,0.9868421052631579,76,150.0,ok,ue2_qfi2,50.494,ok,8,ok,8,ue4_qfi2,0.954868,ok,0.9816798387330612,proxy,5,0.9746351209774632,67471225.6,ok,0.004940909090909091,ok,0.9338590909090909,0.0376046875,ok,ue1_qfi1,0.0,24,100.0,data,ok,0.0,ue3_qfi9,80.5,ok,,15.2,ue1_qfi2,0,0.0,0.0,15.152,ok,66.0,,pending,,pending,"[8, 9]",ue6_qfi1,0,0,0,233.5,199.37500000000003,data,ok,2.0,0.5,0.75,8,PF,1746484539,
ue8_qfi9,292.25,299.75,300.0,300.25,ok,0.14626651855037168,ok,ue4_qfi1,0,0,0,231.5,200.24999999999983,data,ok,2.0,False,,proxy,3,0,ue3_qfi2,0.9868421052631579,76,150.0,ok,ue5_qfi2,41.254,ok,8,ok,8,ue4_qfi2,0.954868,ok,0.980366810474476,proxy,5,0.9727275882034686,66121966.4,ok,0.0041818181818181815,ok,0.9321579545454546,0.1200609375,ok,ue1_qfi1,0.0,24,100.0,data,ok,0.0,ue8_qfi1,47.25,ok,,15.0,ue5_qfi2,1,142.5,142.5,15.152,ok,66.0,,pending,,pending,"[8, 9]",ue4_qfi1,0,0,0,231.5,200.24999999999983,data,ok,2.0,0.5,0.75,8,Reservation,1746484539,
ue2_qfi9,153.75,299.75,300.0,300.25,ok,0.13984746735156622,ok,ue2_qfi1,0,0,0,482.49999999999994,203.25000000000009,data,ok,2.0,False,,proxy,3,0,ue6_qfi2,0.9868421052631579,76,150.0,ok,ue2_qfi2,93.922,ok,8,ok,8,ue4_qfi2,0.954868,ok,0.9611001788904174,proxy,5,0.9533860820324301,66730059.2,ok,0.004506818181818182,ok,0.9340397727272727,0.03714375,ok,ue1_qfi1,0.0,23,100.0,data,ok,0.0,ue6_qfi9,166.5,ok,,15.2,ue1_qfi2,1,155.75,155.75,15.152,ok,66.0,,pending,,pending,"[8, 9]",ue2_qfi1,0,0,0,482.49999999999994,203.25000000000009,data,ok,2.0,0.5,0.75,8,TwoTier,1746484539,
ue5_qfi9,296.0,300.0,300.25,300.25,ok,0.284243627370687,ok,ue2_qfi1,1,1,2,3050.5,2022.125,data,ok,2.0,False,,proxy,3,0,ue4_qfi2,0.3125,16,150.0,ok,ue3_qfi2,149.073,ok,1,ok,8,ue5_qfi2,0.847092,ok,0.9183512368959915,proxy,5,0.8695010265234098,66097932.800000004,ok,0.0055636363636363635,ok,0.9310681818181819,0.0362890625,ok,ue1_qfi1,0.0,3,100.0,data,ok,0.0,ue6_qfi2,81.17099999999999,ok,,1.2,ue7_qfi2,4,1579.25,4551.25,3.03,ok,330.0,,pending,,pending,"[8, 9]",ue2_qfi1,1,1,2,3050.5,2022.125,data,ok,2.0,0.1,1.0,8,PF,1826701614,
ue8_qfi9,293.25,300.0,300.25,300.25,ok,0.3077478177808265,ok,ue5_qfi1,1,2,3,2016.75,1070.9999999999998,data,ok,2.0,False,,proxy,3,0,ue5_qfi2,0.5333333333333333,15,150.0,ok,ue7_qfi2,149.373,ok,1,ok,8,ue8_qfi2,0.7650568000000001,ok,0.8883752619705593,proxy,5,0.8071049004590006,64553273.6,ok,0.005468181818181818,ok,0.9292102272727273,0.115225,ok,ue1_qfi1,0.0,3,100.0,data,ok,0.0,ue2_qfi2,94.88799999999999,ok,,1.6,ue5_qfi2,3,1308.5,3284.0,3.03,ok,330.0,,pending,,pending,"[8, 9]",ue5_qfi1,1,2,3,2016.75,1070.9999999999998,data,ok,2.0,0.1,1.0,8,Reservation,1826701614,
ue6_qfi9,261.75,299.75,300.0,300.25,ok,0.3038404161975179,ok,ue1_qfi1,1,1,2,3088.25,2027.3750000000002,data,ok,2.0,False,,proxy,3,0,ue1_qfi2,0.25,16,150.0,ok,ue3_qfi2,150.014,ok,0,ok,8,ue6_qfi2,0.7577672,ok,0.8791792377751723,proxy,5,0.7937822850893745,64443257.6,ok,0.005720454545454545,ok,0.9304704545454545,0.0357421875,ok,ue1_qfi1,0.0,2,100.0,data,ok,0.0,ue4_qfi2,85.249,ok,,1.6,ue2_qfi2,3,2009.75,3619.5,3.03,ok,330.0,,pending,,pending,"[8, 9]",ue1_qfi1,1,1,2,3088.25,2027.3750000000002,data,ok,2.0,0.1,1.0,8,TwoTier,1826701614,
ue8_qfi9,291.25,299.75,300.0,300.25,ok,0.26933906701868243,ok,ue1_qfi1,1,2,2,3022.75,2047.4999999999998,data,ok,2.0,False,,proxy,3,0,ue8_qfi2,0.3125,16,150.0,ok,ue5_qfi2,150.125,ok,1,ok,8,ue1_qfi2,0.8672568,ok,0.9296343236981459,proxy,5,0.9013654907936726,67579252.8,ok,0.00545,ok,0.9315738636363636,0.034796875,ok,ue1_qfi1,0.0,2,100.0,data,ok,0.0,ue2_qfi2,80.439,ok,,1.4,ue7_qfi2,3,1360.0,3014.5,3.03,ok,330.0,,pending,,pending,"[8, 9]",ue1_qfi1,1,2,2,3022.75,2047.4999999999998,data,ok,2.0,0.1,1.0,8,PF,1367864806,
ue8_qfi9,293.25,300.0,300.25,300.25,ok,0.29253945601960124,ok,ue8_qfi1,0,1,1,1988.2500000000002,1988.2500000000002,data,ok,2.0,False,,proxy,3,0,ue6_qfi2,0.4666666666666667,15,150.0,ok,ue2_qfi2,150.143,ok,1,ok,8,ue6_qfi2,0.682352,ok,0.9021473599215295,proxy,5,0.8011619578350345,66116329.6,ok,0.005406818181818182,ok,0.9313,0.1090765625,ok,ue1_qfi1,0.0,4,100.0,data,ok,0.0,ue4_qfi2,98.30100000000002,ok,,2.4,ue2_qfi2,3,957.5,2310.0,3.03,ok,330.0,,pending,,pending,"[8, 9]",ue8_qfi1,0,1,1,1988.2500000000002,1988.2500000000002,data,ok,2.0,0.1,1.0,8,Reservation,1367864806,
ue8_qfi9,295.5,299.75,300.0,300.25,ok,0.2895967111387177,ok,ue1_qfi1,1,2,2,2973.4999999999995,2032.0,data,ok,2.0,False,,proxy,3,0,ue1_qfi2,0.3125,16,150.0,ok,ue3_qfi2,149.25,ok,0,ok,8,ue6_qfi2,0.7783876,ok,0.8942898374852616,proxy,5,0.796661937321075,65909369.6,ok,0.005386363636363636,ok,0.9315340909090909,0.0346234375,ok,ue1_qfi1,0.0,2,100.0,data,ok,0.0,ue2_qfi9,165.75,ok,,1.2,ue8_qfi2,4,1223.25,3887.75,3.03,ok,330.0,,pending,,pending,"[8, 9]",ue1_qfi1,1,2,2,2973.4999999999995,2032.0,data,ok,2.0,0.1,1.0,8,TwoTier,1367864806,
ue8_qfi9,293.0,299.75,300.0,300.25,ok,0.3049454571569498,ok,ue8_qfi1,1,2,3,2074.5,1017.7500000000003,data,ok,2.0,False,,proxy,3,0,ue7_qfi2,0.0625,16,150.0,ok,ue5_qfi2,149.165,ok,1,ok,8,ue7_qfi2,0.8083048,ok,0.8973162957565968,proxy,5,0.8336044383290306,64621993.6,ok,0.005654545454545455,ok,0.9320863636363637,0.0382640625,ok,ue1_qfi1,0.0,4,100.0,data,ok,0.0,ue4_qfi2,79.247,ok,,2.0,ue5_qfi2,3,1324.5,2982.5,3.03,ok,330.0,,pending,,pending,"[8, 9]",ue8_qfi1,1,2,3,2074.5,1017.7500000000003,data,ok,2.0,0.1,1.0,8,PF,1097657231,
ue7_qfi9,285.5,299.5,300.0,300.0,ok,0.31001343438761275,ok,ue4_qfi1,0,2,4,1072.0,1004.5000000000002,data,ok,2.0,False,,proxy,3,0,ue6_qfi2,0.0,15,150.0,ok,ue3_qfi2,149.044,ok,6,ok,8,ue6_qfi2,0.0,ok,0.7965307756572415,proxy,5,0.7697661948908364,63844974.4,ok,0.005556818181818182,ok,0.9323681818181818,0.100171875,ok,ue1_qfi1,0.0,4,100.0,data,ok,0.0,ue1_qfi9,181.0,ok,,2.8,ue7_qfi2,1,687.0,687.0,3.03,ok,330.0,,pending,,pending,"[8, 9]",ue4_qfi1,0,2,4,1072.0,1004.5000000000002,data,ok,2.0,0.1,1.0,8,Reservation,1097657231,
ue7_qfi9,299.0,300.25,300.25,300.25,ok,0.35499526623418287,ok,ue3_qfi1,0,2,4,1042.5,998.0000000000001,data,ok,2.0,False,,proxy,3,0,ue6_qfi2,0.0625,16,150.0,ok,ue3_qfi2,146.815,ok,4,ok,8,ue7_qfi2,0.030114400000000003,ok,0.7291059451743941,proxy,5,0.7112312135664157,60068176.0,ok,0.005856818181818182,ok,0.9315215909090909,0.037278125,ok,ue1_qfi1,0.0,4,100.0,data,ok,0.0,ue2_qfi9,150.0,ok,,2.8,ue5_qfi2,1,674.75,674.75,3.03,ok,330.0,,pending,,pending,"[8, 9]",ue3_qfi1,0,2,4,1042.5,998.0000000000001,data,ok,2.0,0.1,1.0,8,TwoTier,1097657231,
ue7_qfi9,292.75,299.75,300.0,300.25,ok,0.24617910805923648,ok,ue8_qfi1,1,2,2,2974.2500000000005,2023.5000000000002,data,ok,2.0,False,,proxy,3,0,ue4_qfi2,0.3125,16,150.0,ok,ue1_qfi2,150.105,ok,2,ok,8,ue4_qfi2,0.8871424,ok,0.939325381495751,proxy,5,0.9068229581061844,69792985.6,ok,0.005225,ok,0.9318022727272727,0.03361875,ok,ue1_qfi1,0.0,4,100.0,data,ok,0.0,ue3_qfi2,81.92,ok,,1.8,ue5_qfi2,3,1010.5,3006.25,3.03,ok,330.0,,pending,,pending,"[8, 9]",ue8_qfi1,1,2,2,2974.2500000000005,2023.5000000000002,data,ok,2.0,0.1,1.0,8,PF,579362555,
ue4_qfi9,249.5,297.25,299.25,299.75,ok,0.2526804338374203,ok,ue1_qfi1,0,2,4,1091.25,997.2500000000002,data,ok,2.0,False,,proxy,3,0,ue7_qfi2,0.0,15,150.0,ok,ue3_qfi2,146.126,ok,6,ok,8,ue7_qfi2,0.0,ok,0.8011435593424961,proxy,5,0.7714780861084601,69478809.6,ok,0.005609090909090909,ok,0.9330806818181818,0.0841,ok,ue1_qfi1,0.0,4,100.0,data,ok,0.0,ue3_qfi9,190.5,ok,,2.8,ue6_qfi2,1,699.5,699.5,3.03,ok,330.0,,pending,,pending,"[8, 9]",ue1_qfi1,0,2,4,1091.25,997.2500000000002,data,ok,2.0,0.1,1.0,8,Reservation,579362555,
ue8_qfi9,292.0,299.75,300.0,300.25,ok,0.2940171051706603,ok,ue6_qfi1,0,1,1,1065.0,1065.0,data,ok,2.0,False,,proxy,3,0,ue7_qfi2,0.25,16,150.0,ok,ue6_qfi2,149.842,ok,4,ok,8,ue8_qfi2,0.4859496,ok,0.8375845937069272,proxy,5,0.7117278879373091,65488696.0,ok,0.005688636363636364,ok,0.9314943181818182,0.034071875,ok,ue1_qfi1,0.0,4,100.0,data,ok,0.0,ue1_qfi9,238.5,ok,,2.0,ue1_qfi2,2,1878.25,2588.5,3.03,ok,330.0,,pending,,pending,"[8, 9]",ue6_qfi1,0,1,1,1065.0,1065.0,data,ok,2.0,0.1,1.0,8,TwoTier,579362555,
ue4_qfi9,290.0,299.5,300.0,300.25,ok,0.25197241384598656,ok,ue3_qfi1,1,2,3,2068.5,1029.0,data,ok,2.0,False,,proxy,3,0,ue3_qfi2,0.3125,16,150.0,ok,ue2_qfi2,150.046,ok,1,ok,8,ue3_qfi2,0.8600988,ok,0.9376902799780253,proxy,5,0.9007805460317854,69170648.0,ok,0.005043181818181818,ok,0.9320238636363636,0.033259375,ok,ue1_qfi1,0.0,4,100.0,data,ok,0.0,ue6_qfi2,80.336,ok,,1.8,ue4_qfi2,4,987.5,3510.5,3.03,ok,330.0,,pending,,pending,"[8, 9]",ue3_qfi1,1,2,3,2068.5,1029.0,data,ok,2.0,0.1,1.0,8,PF,661058651,
ue8_qfi9,284.5,299.75,300.0,300.25,ok,0.2683312677733497,ok,ue5_qfi1,1,2,3,2048.2500000000005,1042.0,data,ok,2.0,False,,proxy,3,0,ue3_qfi2,0.4666666666666667,15,150.0,ok,ue8_qfi2,149.874,ok,1,ok,8,ue3_qfi2,0.8300104,ok,0.9093627803573048,proxy,5,0.8525276269808095,68389036.8,ok,0.005147727272727273,ok,0.9332454545454546,0.1072140625,ok,ue1_qfi1,0.0,4,100.0,data,ok,0.0,ue6_qfi2,90.10999999999999,ok,,1.4,ue3_qfi2,2,997.25,1662.25,3.03,ok,330.0,,pending,,pending,"[8, 9]",ue5_qfi1,1,2,3,2048.2500000000005,1042.0,data,ok,2.0,0.1,1.0,8,Reservation,661058651,
ue4_qfi9,224.0,300.0,300.0,300.25,ok,0.2765102773807134,ok,ue3_qfi1,1,2,3,2080.5,1028.7500000000005,data,ok,2.0,False,,proxy,3,0,ue3_qfi2,0.3125,16,150.0,ok,ue6_qfi2,150.25,ok,1,ok,8,ue6_qfi2,0.8018071999999999,ok,0.9056871904155717,proxy,5,0.7947134479528084,67303875.2,ok,0.005345454545454546,ok,0.9324079545454546,0.0330296875,ok,ue1_qfi1,0.0,4,100.0,data,ok,0.0,ue5_qfi9,95.75,ok,,1.8,ue1_qfi2,3,1333.25,2899.5,3.03,ok,330.0,,pending,,pending,"[8, 9]",ue3_qfi1,1,2,3,2080.5,1028.7500000000005,data,ok,2.0,0.1,1.0,8,TwoTier,661058651,
ue8_qfi9,292.25,299.75,300.0,300.25,ok,0.305122394828079,ok,ue7_qfi1,1,1,3,2078.7500000000005,987.25,data,ok,2.0,False,,proxy,3,0,ue6_qfi2,0.125,16,150.0,ok,ue5_qfi2,150.235,ok,0,ok,8,ue3_qfi2,0.8354792,ok,0.8954424013483002,proxy,5,0.8581544606080027,64860732.8,ok,0.005575,ok,0.9323965909090909,0.0382203125,ok,ue1_qfi1,0.0,3,100.0,data,ok,0.0,ue2_qfi2,82.43799999999999,ok,,1.6,ue8_qfi2,4,1001.75,3865.5,3.03,ok,330.0,,pending,,pending,"[8, 9]",ue7_qfi1,1,1,3,2078.7500000000005,987.25,data,ok,2.0,0.1,1.0,8,PF,87989972,
ue6_qfi9,248.0,298.75,299.75,300.0,ok,0.3092960909791599,ok,ue3_qfi1,0,2,4,1080.25,1005.125,data,ok,2.0,False,,proxy,3,0,ue7_qfi2,0.0,15,150.0,ok,ue4_qfi2,147.81,ok,6,ok,8,ue7_qfi2,0.0,ok,0.8030141512264122,proxy,5,0.7972424944363337,63975827.2,ok,0.005963636363636364,ok,0.9326193181818182,0.0999375,ok,ue1_qfi1,0.0,4,100.0,data,ok,0.0,ue2_qfi9,221.75,ok,,3.0,ue6_qfi2,1,690.5,690.5,3.03,ok,330.0,,pending,,pending,"[8, 9]",ue3_qfi1,0,2,4,1080.25,1005.125,data,ok,2.0,0.1,1.0,8,Reservation,87989972,
ue8_qfi9,296.5,300.0,300.25,300.25,ok,0.3393646307685798,ok,ue1_qfi1,1,2,3,2003.7500000000002,1059.9999999999998,data,ok,2.0,False,,proxy,3,0,ue6_qfi2,0.125,16,150.0,ok,ue8_qfi2,148.685,ok,0,ok,8,ue8_qfi2,0.704654,ok,0.8678780302503787,proxy,5,0.7819375217727212,62033756.8,ok,0.005845454545454545,ok,0.9319681818181819,0.0390875,ok,ue1_qfi1,0.0,3,100.0,data,ok,0.0,ue1_qfi9,176.0,ok,,1.0,ue1_qfi2,3,3247.0,4625.5,3.03,ok,330.0,,pending,,pending,"[8, 9]",ue1_qfi1,1,2,3,2003.7500000000002,1059.9999999999998,data,ok,2.0,0.1,1.0,8,TwoTier,87989972,
ue5_qfi9,291.75,299.75,300.0,300.25,ok,0.27862994637793104,ok,ue5_qfi1,1,1,3,2062.75,994.5000000000003,data,ok,2.0,False,,proxy,3,0,ue2_qfi2,0.3125,16,150.0,ok,ue2_qfi2,150.194,ok,1,ok,8,ue2_qfi2,0.8560864,ok,0.9269936085362737,proxy,5,0.8973481405860767,66802600.0,ok,0.005209090909090909,ok,0.9329443181818182,0.0354734375,ok,ue1_qfi1,0.0,4,100.0,data,ok,0.0,ue7_qfi2,78.395,ok,,1.6,ue6_qfi2,4,1304.0,3637.75,3.03,ok,330.0,,pending,,pending,"[8, 9]",ue5_qfi1,1,1,3,2062.75,994.5000000000003,data,ok,2.0,0.1,1.0,8,PF,161576974,
ue2_qfi9,273.75,299.5,300.0,300.25,ok,0.2943315637920126,ok,ue2_qfi1,0,1,4,1091.75,986.6250000000001,data,ok,2.0,False,,proxy,3,0,ue7_qfi2,0.0,15,150.0,ok,ue2_qfi2,147.41,ok,4,ok,8,ue7_qfi2,0.0,ok,0.799126263183328,proxy,5,0.7703201206543149,65402022.4,ok,0.005427272727272728,ok,0.9337227272727273,0.094034375,ok,ue1_qfi1,0.0,4,100.0,data,ok,0.0,ue3_qfi9,141.25,ok,,2.6,ue3_qfi2,1,710.5,710.5,3.03,ok,330.0,,pending,,pending,"[8, 9]",ue2_qfi1,0,1,4,1091.75,986.6250000000001,data,ok,2.0,0.1,1.0,8,Reservation,161576974,
ue7_qfi9,287.75,299.75,300.0,300.25,ok,0.32429334981814556,ok,ue1_qfi1,0,3,4,1073.25,1008.75,data,ok,2.0,False,,proxy,3,0,ue6_qfi2,0.1875,16,150.0,ok,ue1_qfi2,149.391,ok,2,ok,8,ue7_qfi2,0.4825052,ok,0.8181395873814985,proxy,5,0.7116174597864033,62866574.4,ok,0.005561363636363636,ok,0.9322943181818182,0.03670625,ok,ue1_qfi1,0.0,4,100.0,data,ok,0.0,ue2_qfi9,243.0,ok,,2.2,ue4_qfi2,2,1330.5,2309.5,3.03,ok,330.0,,pending,,pending,"[8, 9]",ue1_qfi1,0,3,4,1073.25,1008.75,data,ok,2.0,0.1,1.0,8,TwoTier,161576974,
ue6_qfi9,297.75,300.0,300.25,300.25,ok,0.28441386920791195,ok,ue6_qfi1,1,2,2,2076.25,1548.0,data,ok,2.0,False,,proxy,3,0,ue6_qfi2,0.3125,16,150.0,ok,ue5_qfi2,149.854,ok,1,ok,8,ue6_qfi2,0.8310768000000001,ok,0.9249807283658129,proxy,5,0.8963155507878129,66339638.4,ok,0.005575,ok,0.9341965909090909,0.03651875,ok,ue1_qfi1,0.0,4,100.0,data,ok,0.0,ue1_qfi2,79.21400000000001,ok,,1.6,ue3_qfi2,4,1322.0,3568.5,3.03,ok,330.0,,pending,,pending,"[8, 9]",ue6_qfi1,1,2,2,2076.25,1548.0,data,ok,2.0,0.1,1.0,8,PF,35492826,
ue6_qfi9,275.5,298.75,299.75,300.0,ok,0.29285285967902064,ok,ue6_qfi1,0,2,3,1936.25,1080.75,data,ok,2.0,False,,proxy,3,0,ue7_qfi2,0.0,15,150.0,ok,ue6_qfi2,148.178,ok,5,ok,8,ue7_qfi2,0.0,ok,0.7980170663447292,proxy,5,0.7751284649674259,65358808.0,ok,0.005088636363636364,ok,0.9322227272727273,0.0939671875,ok,ue1_qfi1,0.0,4,100.0,data,ok,0.0,ue4_qfi9,112.25,ok,,2.6,ue6_qfi2,1,675.5,675.5,3.03,ok,330.0,,pending,,pending,"[8, 9]",ue6_qfi1,0,2,3,1936.25,1080.75,data,ok,2.0,0.1,1.0,8,Reservation,35492826,
ue7_qfi9,294.25,299.75,300.0,300.25,ok,0.3021394435577006,ok,ue7_qfi1,0,1,2,1959.75,1469.3749999999998,data,ok,2.0,False,,proxy,3,0,ue6_qfi2,0.0625,16,150.0,ok,ue5_qfi2,150.185,ok,1,ok,8,ue6_qfi2,0.7332844000000001,ok,0.9011609327640283,proxy,5,0.8056700852968139,64836996.8,ok,0.005465909090909091,ok,0.9340431818181818,0.0370703125,ok,ue1_qfi1,0.0,4,100.0,data,ok,0.0,ue1_qfi2,88.769,ok,,1.6,ue3_qfi2,4,1319.25,3996.5,3.03,ok,330.0,,pending,,pending,"[8, 9]",ue7_qfi1,0,1,2,1959.75,1469.3749999999998,data,ok,2.0,0.1,1.0,8,TwoTier,35492826,
ue7_qfi9,296.75,300.0,300.25,300.25,ok,0.28270811701844706,ok,ue4_qfi1,1,1,1,2061.2500000000005,2061.2500000000005,data,ok,2.0,False,,proxy,3,0,ue4_qfi2,0.125,16,150.0,ok,ue8_qfi2,149.728,ok,2,ok,8,ue4_qfi2,0.802462,ok,0.9147381456129364,proxy,5,0.8598638162638661,66378328.0,ok,0.005543181818181818,ok,0.9344363636363636,0.0360828125,ok,ue1_qfi1,0.0,4,100.0,data,ok,0.0,ue8_qfi2,80.141,ok,,2.0,ue5_qfi2,4,691.5,2700.25,3.03,ok,330.0,,pending,,pending,"[8, 9]",ue4_qfi1,1,1,1,2061.2500000000005,2061.2500000000005,data,ok,2.0,0.1,1.0,8,PF,376383645,
ue8_qfi9,288.5,300.0,300.0,300.25,ok,0.3096448861175677,ok,ue4_qfi1,1,2,2,3032.75,2038.875,data,ok,2.0,False,,proxy,3,0,ue4_qfi2,0.5,16,150.0,ok,ue3_qfi2,149.781,ok,0,ok,8,ue7_qfi2,0.7353548000000001,ok,0.887952367761667,proxy,5,0.8032497968738286,64632067.2,ok,0.005406818181818182,ok,0.9314022727272727,0.11438125,ok,ue1_qfi1,0.0,2,100.0,data,ok,0.0,ue5_qfi2,93.41,ok,,1.6,ue4_qfi2,3,1260.0,2899.0,3.03,ok,330.0,,pending,,pending,"[8, 9]",ue4_qfi1,1,2,2,3032.75,2038.875,data,ok,2.0,0.1,1.0,8,Reservation,376383645,
ue8_qfi9,285.25,299.75,300.0,300.25,ok,0.3083912166150472,ok,ue4_qfi1,1,1,1,2062.7500000000005,2062.7500000000005,data,ok,2.0,False,,proxy,3,0,ue7_qfi2,0.1875,16,150.0,ok,ue3_qfi2,149.62,ok,2,ok,8,ue7_qfi2,0.7063891999999999,ok,0.8818765353463478,proxy,5,0.7853061444234986,64033843.199999996,ok,0.005093181818181818,ok,0.934796590909091,0.0362625,ok,ue1_qfi1,0.0,4,100.0,data,ok,0.0,ue2_qfi9,96.5,ok,,1.6,ue3_qfi2,3,1558.0,3635.25,3.03,ok,330.0,,pending,,pending,"[8, 9]",ue4_qfi1,1,1,1,2062.7500000000005,2062.7500000000005,data,ok,2.0,0.1,1.0,8,TwoTier,376383645,
ue7_qfi9,292.75,299.75,300.0,300.25,ok,0.273704708151981,ok,ue2_qfi1,1,1,2,3056.5,2010.125,data,ok,2.0,False,,proxy,3,0,ue2_qfi2,0.3125,16,150.0,ok,ue7_qfi2,150.012,ok,0,ok,8,ue2_qfi2,0.8725348,ok,0.9220586271861148,proxy,5,0.8934458713111268,67526870.4,ok,0.005440909090909091,ok,0.9339886363636364,0.03458125,ok,ue1_qfi1,0.0,3,100.0,data,ok,0.0,ue5_qfi2,79.09,ok,,2.0,ue5_qfi2,4,980.75,3331.0,3.03,ok,330.0,,pending,,pending,"[8, 9]",ue2_qfi1,1,1,2,3056.5,2010.125,data,ok,2.0,0.1,1.0,8,PF,1746484539,
ue8_qfi9,293.5,300.0,300.25,300.25,ok,0.30218015377424773,ok,ue3_qfi1,1,1,3,2024.0000000000005,988.2499999999999,data,ok,2.0,False,,proxy,3,0,ue5_qfi2,0.6,15,150.0,ok,ue2_qfi2,149.568,ok,1,ok,8,ue6_qfi2,0.791958,ok,0.8941654543356334,proxy,5,0.8019490715319575,65585968.0,ok,0.0056409090909090905,ok,0.9289829545454545,0.1090625,ok,ue1_qfi1,0.0,3,100.0,data,ok,0.0,ue1_qfi2,91.35600000000001,ok,,2.0,ue8_qfi2,3,693.0,2049.5,3.03,ok,330.0,,pending,,pending,"[8, 9]",ue3_qfi1,1,1,3,2024.0000000000005,988.2499999999999,data,ok,2.0,0.1,1.0,8,Reservation,1746484539,
ue1_qfi9,294.75,300.0,300.0,300.25,ok,0.302114966040072,ok,ue5_qfi1,1,1,3,2089.0,991.4999999999998,data,ok,2.0,False,,proxy,3,0,ue7_qfi2,0.1875,16,150.0,ok,ue6_qfi2,150.222,ok,0,ok,8,ue7_qfi2,0.7872656,ok,0.8934534200219215,proxy,5,0.791181992238964,65084747.2,ok,0.005468181818181818,ok,0.9333170454545454,0.0347484375,ok,ue1_qfi1,0.0,4,100.0,data,ok,0.0,ue3_qfi2,93.062,ok,,1.4,ue4_qfi2,4,1231.25,4233.5,3.03,ok,330.0,,pending,,pending,"[8, 9]",ue5_qfi1,1,1,3,2089.0,991.4999999999998,data,ok,2.0,0.1,1.0,8,TwoTier,1746484539,
ue8_qfi9,297.0,299.75,300.0,300.25,ok,0.26305645681019896,ok,ue1_qfi1,0,0,0,235.00000000000003,199.37500000000009,data,ok,2.0,False,,proxy,3,0,ue1_qfi2,1.0,76,150.0,ok,ue8_qfi2,46.759,ok,8,ok,8,ue3_qfi2,0.955964,ok,0.9580734505615348,proxy,5,0.9557514244633327,68110763.2,ok,0.004054545454545455,ok,0.9306545454545454,0.03446875,ok,ue1_qfi1,0.0,24,100.0,data,ok,0.0,ue1_qfi1,39.0,ok,,15.2,ue1_qfi2,0,0.0,0.0,15.152,ok,66.0,,pending,,pending,"[8, 9]",ue1_qfi1,0,0,0,235.00000000000003,199.37500000000009,data,ok,2.0,0.5,1.0,8,PF,1826701614,
ue7_qfi9,294.0,299.75,300.0,300.25,ok,0.2720172636891555,ok,ue4_qfi1,0,0,0,230.0,198.1250000000001,data,ok,2.0,False,,proxy,3,0,ue8_qfi2,0.0,74,150.0,ok,ue2_qfi2,35.46,ok,7,ok,8,ue8_qfi2,0.0,ok,0.8896078490810659,proxy,5,0.8872351102933728,67441841.6,ok,0.004327272727272727,ok,0.9303034090909091,0.09025,ok,ue1_qfi1,0.0,24,100.0,data,ok,0.0,ue6_qfi1,38.0,ok,,15.2,ue1_qfi2,0,0.0,0.0,15.152,ok,66.0,,pending,,pending,"[8, 9]",ue4_qfi1,0,0,0,230.0,198.1250000000001,data,ok,2.0,0.5,1.0,8,Reservation,1826701614,
ue8_qfi9,295.75,299.75,300.0,300.25,ok,0.27045936440389384,ok,ue3_qfi1,0,0,0,419.50000000000006,200.00000000000006,data,ok,2.0,False,,proxy,3,0,ue1_qfi2,1.0,76,150.0,ok,ue7_qfi2,60.053,ok,8,ok,8,ue3_qfi2,0.955964,ok,0.9491373693622706,proxy,5,0.9371014158498426,67790286.4,ok,0.004045454545454546,ok,0.9309113636363636,0.0338109375,ok,ue1_qfi1,0.0,24,100.0,data,ok,0.0,ue7_qfi2,93.999,ok,,15.2,ue3_qfi2,1,155.5,155.5,15.152,ok,66.0,,pending,,pending,"[8, 9]",ue3_qfi1,0,0,0,419.50000000000006,200.00000000000006,data,ok,2.0,0.5,1.0,8,TwoTier,1826701614,
ue8_qfi9,297.25,299.75,300.0,300.25,ok,0.26598791199224103,ok,ue2_qfi1,0,0,0,232.25,199.75000000000009,data,ok,2.0,False,,proxy,3,0,ue1_qfi2,1.0,76,150.0,ok,ue8_qfi2,43.569,ok,8,ok,8,ue3_qfi2,0.9599644,ok,0.9565724740906955,proxy,5,0.9508600942127741,68176550.4,ok,0.004247727272727273,ok,0.9314454545454546,0.0350515625,ok,ue1_qfi1,0.0,24,100.0,data,ok,0.0,ue8_qfi1,35.75,ok,,15.2,ue1_qfi2,0,0.0,0.0,15.152,ok,66.0,,pending,,pending,"[8, 9]",ue2_qfi1,0,0,0,232.25,199.75000000000009,data,ok,2.0,0.5,1.0,8,PF,1367864806,
ue6_qfi9,292.75,299.75,300.0,300.25,ok,0.2689105141925399,ok,ue2_qfi1,0,0,0,228.75,200.00000000000017,data,ok,2.0,False,,proxy,3,0,ue8_qfi2,0.0,74,150.0,ok,ue6_qfi2,38.03,ok,7,ok,8,ue8_qfi2,0.0,ok,0.8895839095726228,proxy,5,0.8848326789757551,67928374.4,ok,0.004229545454545455,ok,0.9334352272727273,0.0915125,ok,ue1_qfi1,0.0,24,100.0,data,ok,0.0,ue7_qfi1,36.25,ok,,15.0,ue5_qfi2,1,149.0,149.0,15.152,ok,66.0,,pending,,pending,"[8, 9]",ue2_qfi1,0,0,0,228.75,200.00000000000017,data,ok,2.0,0.5,1.0,8,Reservation,1367864806,
ue7_qfi9,295.5,299.75,300.0,300.25,ok,0.2922214945234791,ok,ue3_qfi1,0,0,1,587.0000000000002,204.7500000000002,data,ok,2.0,False,,proxy,3,0,ue7_qfi2,0.7631578947368421,76,150.0,ok,ue3_qfi2,87.646,ok,5,ok,8,ue8_qfi2,0.7467604,ok,0.890473373005625,proxy,5,0.718572691244043,65765200.0,ok,0.004170454545454546,ok,0.9311693181818181,0.033496875,ok,ue1_qfi1,0.0,24,100.0,data,ok,0.0,ue3_qfi9,280.75,ok,,15.0,ue3_qfi2,1,202.75,202.75,15.152,ok,66.0,,pending,,pending,"[8, 9]",ue3_qfi1,0,0,1,587.0000000000002,204.7500000000002,data,ok,2.0,0.5,1.0,8,TwoTier,1367864806,
ue8_qfi9,296.75,299.75,300.0,300.25,ok,0.2879578218429422,ok,ue4_qfi1,0,0,0,232.75,199.4999999999999,data,ok,2.0,False,,proxy,3,0,ue6_qfi2,0.9868421052631579,76,150.0,ok,ue2_qfi2,46.216,ok,7,ok,8,ue3_qfi2,0.94306,ok,0.9501339736430954,proxy,5,0.9430723985957199,66018532.8,ok,0.004327272727272727,ok,0.9322920454545455,0.037415625,ok,ue1_qfi1,0.0,24,100.0,data,ok,0.0,ue6_qfi1,43.25,ok,,15.2,ue1_qfi2,0,0.0,0.0,15.152,ok,66.0,,pending,,pending,"[8, 9]",ue4_qfi1,0,0,0,232.75,199.4999999999999,data,ok,2.0,0.5,1.0,8,PF,1097657231,
ue8_qfi9,296.25,300.0,300.25,300.25,ok,0.3087914548085895,ok,ue4_qfi1,0,0,0,230.0,199.00000000000017,data,ok,2.0,False,,proxy,3,0,ue8_qfi2,0.9868421052631579,76,150.0,ok,ue7_qfi2,44.605,ok,7,ok,8,ue3_qfi2,0.94306,ok,0.9475864767055121,proxy,5,0.9426716731796196,65042097.6,ok,0.004172727272727272,ok,0.9314568181818181,0.1198953125,ok,ue1_qfi1,0.0,24,100.0,data,ok,0.0,ue6_qfi1,44.5,ok,,15.2,ue1_qfi2,0,0.0,0.0,15.152,ok,66.0,,pending,,pending,"[8, 9]",ue4_qfi1,0,0,0,230.0,199.00000000000017,data,ok,2.0,0.5,1.0,8,Reservation,1097657231,
ue2_qfi9,20.75,56.0,65.0,68.25,ok,0.3628357791523324,ok,ue2_qfi1,0,0,0,224.99999999999986,199.37500000000009,data,ok,2.0,False,,proxy,3,0,ue6_qfi2,0.0,74,150.0,ok,ue2_qfi2,37.498,ok,4,ok,8,ue6_qfi2,0.0,ok,0.7185724526980601,proxy,5,0.7184964894434238,59477299.2,ok,0.004202272727272727,ok,0.9320238636363636,0.036171875,ok,ue1_qfi1,0.0,24,100.0,data,ok,0.0,ue2_qfi9,47.5,ok,,15.2,ue1_qfi2,0,0.0,0.0,15.152,ok,66.0,,pending,,pending,"[8, 9]",ue2_qfi1,0,0,0,224.99999999999986,199.37500000000009,data,ok,2.0,0.5,1.0,8,TwoTier,1097657231,
ue8_qfi9,297.25,299.75,300.0,300.25,ok,0.24600005418031953,ok,ue1_qfi1,0,0,0,236.25000000000003,199.37500000000009,data,ok,2.0,False,,proxy,3,0,ue1_qfi2,1.0,76,150.0,ok,ue8_qfi2,53.014,ok,8,ok,8,ue4_qfi2,0.9505891999999999,ok,0.9600492413539436,proxy,5,0.953613678865368,69890659.2,ok,0.004095454545454545,ok,0.9315454545454546,0.0328578125,ok,ue1_qfi1,0.0,24,100.0,data,ok,0.0,ue4_qfi1,36.0,ok,,15.2,ue1_qfi2,0,0.0,0.0,15.152,ok,66.0,,pending,,pending,"[8, 9]",ue1_qfi1,0,0,0,236.25000000000003,199.37500000000009,data,ok,2.0,0.5,1.0,8,PF,579362555,
ue7_qfi9,290.75,299.75,300.0,300.25,ok,0.24560313432460523,ok,ue1_qfi1,0,0,0,229.75,198.75000000000043,data,ok,2.0,False,,proxy,3,0,ue8_qfi2,0.0,74,150.0,ok,ue4_qfi2,36.5,ok,7,ok,8,ue8_qfi2,0.0,ok,0.8927572066666901,proxy,5,0.8852344962050328,69879628.8,ok,0.004063636363636364,ok,0.9332284090909091,0.086125,ok,ue1_qfi1,0.0,24,100.0,data,ok,0.0,ue7_qfi1,44.5,ok,,15.2,ue1_qfi2,0,0.0,0.0,15.152,ok,66.0,,pending,,pending,"[8, 9]",ue1_qfi1,0,0,0,229.75,198.75000000000043,data,ok,2.0,0.5,1.0,8,Reservation,579362555,
ue8_qfi9,298.75,300.25,300.25,300.25,ok,0.2908488587800975,ok,ue8_qfi1,0,0,3,963.2499999999999,596.6250000000002,data,ok,2.0,False,,proxy,3,0,ue8_qfi2,0.631578947368421,76,150.0,ok,ue8_qfi2,103.747,ok,5,ok,8,ue8_qfi2,0.6118944000000001,ok,0.8531346961915134,proxy,5,0.7185917516471056,65644539.2,ok,0.004002272727272728,ok,0.9316272727272727,0.0334515625,ok,ue1_qfi1,0.0,24,100.0,data,ok,0.0,ue2_qfi9,267.25,ok,,9.6,ue8_qfi2,1,133.25,133.25,15.152,ok,66.0,,pending,,pending,"[8, 9]",ue8_qfi1,0,0,3,963.2499999999999,596.6250000000002,data,ok,2.0,0.5,1.0,8,TwoTier,579362555,
ue8_qfi9,297.25,299.75,300.0,300.25,ok,0.26530137377373164,ok,ue7_qfi1,0,0,0,241.25,199.37500000000009,data,ok,2.0,False,,proxy,3,0,ue1_qfi2,1.0,76,150.0,ok,ue3_qfi2,46.817,ok,7,ok,8,ue4_qfi2,0.945204,ok,0.9553323117227199,proxy,5,0.9496592837588095,68206094.4,ok,0.0041818181818181815,ok,0.9319625,0.035996875,ok,ue1_qfi1,0.0,24,100.0,data,ok,0.0,ue7_qfi1,39.75,ok,,15.2,ue1_qfi2,0,0.0,0.0,15.152,ok,66.0,,pending,,pending,"[8, 9]",ue7_qfi1,0,0,0,241.25,199.37500000000009,data,ok,2.0,0.5,1.0,8,PF,661058651,
ue7_qfi9,292.25,299.5,300.0,300.25,ok,0.2717616610210218,ok,ue4_qfi1,0,0,0,222.5,199.87500000000014,data,ok,2.0,False,,proxy,3,0,ue8_qfi2,0.0,74,150.0,ok,ue3_qfi2,38.358,ok,6,ok,8,ue8_qfi2,0.0,ok,0.8880521083035602,proxy,5,0.8849200720202632,67656273.6,ok,0.004265909090909091,ok,0.9315068181818181,0.093278125,ok,ue1_qfi1,0.0,24,100.0,data,ok,0.0,ue7_qfi1,43.0,ok,,15.2,ue1_qfi2,0,0.0,0.0,15.152,ok,66.0,,pending,,pending,"[8, 9]",ue4_qfi1,0,0,0,222.5,199.87500000000014,data,ok,2.0,0.5,1.0,8,Reservation,661058651,
ue3_qfi9,23.25,47.25,54.75,60.25,ok,0.36425854851313744,ok,ue2_qfi1,0,0,0,219.75,199.37500000000009,data,ok,2.0,False,,proxy,3,0,ue6_qfi2,0.0,74,150.0,ok,ue1_qfi2,34.384,ok,4,ok,8,ue6_qfi2,0.0,ok,0.7185694608580062,proxy,5,0.7184128167379017,59475531.2,ok,0.004168181818181818,ok,0.9326136363636364,0.0379609375,ok,ue1_qfi1,0.0,24,100.0,data,ok,0.0,ue4_qfi9,39.75,ok,,15.2,ue1_qfi2,0,0.0,0.0,15.152,ok,66.0,,pending,,pending,"[8, 9]",ue2_qfi1,0,0,0,219.75,199.37500000000009,data,ok,2.0,0.5,1.0,8,TwoTier,661058651,
ue8_qfi9,297.25,300.0,300.0,300.25,ok,0.29083992165413836,ok,ue5_qfi1,0,0,0,230.25,198.62500000000017,data,ok,2.0,False,,proxy,3,0,ue1_qfi2,1.0,76,150.0,ok,ue8_qfi2,47.603,ok,8,ok,8,ue4_qfi2,0.9524216,ok,0.9483023364024599,proxy,5,0.9408578993142436,65942868.8,ok,0.004538636363636364,ok,0.9325704545454545,0.0372109375,ok,ue1_qfi1,0.0,24,100.0,data,ok,0.0,ue8_qfi1,32.5,ok,,15.2,ue1_qfi2,0,0.0,0.0,15.152,ok,66.0,,pending,,pending,"[8, 9]",ue5_qfi1,0,0,0,230.25,198.62500000000017,data,ok,2.0,0.5,1.0,8,PF,87989972,
ue6_qfi9,274.25,298.75,299.5,300.0,ok,0.29455704612838046,ok,ue1_qfi1,0,0,0,225.5,198.37499999999997,data,ok,2.0,False,,proxy,3,0,ue7_qfi2,0.0,74,150.0,ok,ue1_qfi2,34.466,ok,6,ok,8,ue7_qfi2,0.0,ok,0.80754570763649,proxy,5,0.8049562333279532,64901600.0,ok,0.004804545454545455,ok,0.9328170454545455,0.093765625,ok,ue1_qfi1,0.0,24,100.0,data,ok,0.0,ue4_qfi9,274.25,ok,,15.2,ue1_qfi2,0,0.0,0.0,15.152,ok,66.0,,pending,,pending,"[8, 9]",ue1_qfi1,0,0,0,225.5,198.37499999999997,data,ok,2.0,0.5,1.0,8,Reservation,87989972,
ue8_qfi9,251.75,299.75,300.0,300.25,ok,0.2956120800243599,ok,ue7_qfi1,0,0,3,779.2500000000002,204.125,data,ok,2.0,False,,proxy,3,0,ue6_qfi2,0.9736842105263158,76,150.0,ok,ue7_qfi2,96.59,ok,5,ok,8,ue7_qfi2,0.9464584,ok,0.9206791937922505,proxy,5,0.8885518130432638,65841788.8,ok,0.004618181818181818,ok,0.932175,0.0360953125,ok,ue1_qfi1,0.0,24,100.0,data,ok,0.0,ue4_qfi9,150.25,ok,,14.8,ue7_qfi2,1,132.5,132.5,15.152,ok,66.0,,pending,,pending,"[8, 9]",ue7_qfi1,0,0,3,779.2500000000002,204.125,data,ok,2.0,0.5,1.0,8,TwoTier,87989972,
ue7_qfi9,296.5,299.75,300.0,300.25,ok,0.2754670230114151,ok,ue2_qfi1,0,0,0,230.0,199.74999999999966,data,ok,2.0,False,,proxy,3,0,ue2_qfi2,0.9868421052631579,76,150.0,ok,ue4_qfi2,50.488,ok,8,ok,8,ue6_qfi2,0.9606616,ok,0.9530686787817253,proxy,5,0.9438869879691311,67388016.0,ok,0.004340909090909091,ok,0.9329829545454545,0.035675,ok,ue1_qfi1,0.0,24,100.0,data,ok,0.0,ue7_qfi1,38.0,ok,,15.0,ue2_qfi2,1,134.0,134.0,15.152,ok,66.0,,pending,,pending,"[8, 9]",ue2_qfi1,0,0,0,230.0,199.74999999999966,data,ok,2.0,0.5,1.0,8,PF,161576974,
ue7_qfi9,293.75,300.0,300.0,300.25,ok,0.2999592347671347,ok,ue5_qfi1,0,0,0,231.0,200.12500000000006,data,ok,2.0,False,,proxy,3,0,ue8_qfi2,0.0,74,150.0,ok,ue4_qfi2,37.741,ok,7,ok,8,ue8_qfi2,0.0,ok,0.8837974024678725,proxy,5,0.8779822772554794,65339400.0,ok,0.004402272727272727,ok,0.9332238636363637,0.0966421875,ok,ue1_qfi1,0.0,24,100.0,data,ok,0.0,ue6_qfi1,45.5,ok,,15.2,ue1_qfi2,0,0.0,0.0,15.152,ok,66.0,,pending,,pending,"[8, 9]",ue5_qfi1,0,0,0,231.0,200.12500000000006,data,ok,2.0,0.5,1.0,8,Reservation,161576974,
ue7_qfi9,233.25,299.75,300.0,300.25,ok,0.3161656746090915,ok,ue1_qfi9,0,0,0,252.5000000000004,0.0,data,ok,2.0,False,,proxy,3,0,ue6_qfi2,0.42105263157894735,76,150.0,ok,ue7_qfi2,89.701,ok,5,ok,8,ue6_qfi2,0.4105344,ok,0.8067279246439576,proxy,5,0.7181564500129217,63556542.4,ok,0.004252272727272727,ok,0.9330920454545455,0.036528125,ok,ue1_qfi1,0.0,23,100.0,data,ok,0.0,ue1_qfi9,267.75,ok,,15.2,ue1_qfi2,1,162.0,162.0,15.152,ok,66.0,,pending,,pending,"[8, 9]",ue1_qfi1,0,0,0,219.00000000000009,199.99999999999974,data,ok,2.0,0.5,1.0,8,TwoTier,161576974,
ue8_qfi9,297.25,299.75,300.0,300.25,ok,0.27955206930431137,ok,ue7_qfi1,0,0,0,235.50000000000003,199.62499999999972,data,ok,2.0,False,,proxy,3,0,ue7_qfi2,0.9868421052631579,76,150.0,ok,ue5_qfi2,45.461,ok,7,ok,8,ue3_qfi2,0.9494704,ok,0.9518136936442158,proxy,5,0.9498777161631083,66879556.8,ok,0.004197727272727273,ok,0.9343784090909091,0.037953125,ok,ue1_qfi1,0.0,24,100.0,data,ok,0.0,ue1_qfi1,33.25,ok,,15.2,ue1_qfi2,0,0.0,0.0,15.152,ok,66.0,,pending,,pending,"[8, 9]",ue7_qfi1,0,0,0,235.50000000000003,199.62499999999972,data,ok,2.0,0.5,1.0,8,PF,35492826,
ue7_qfi9,293.75,299.75,300.0,300.25,ok,0.2923181299609746,ok,ue1_qfi1,0,0,0,231.0,199.87500000000037,data,ok,2.0,False,,proxy,3,0,ue8_qfi2,0.0,74,150.0,ok,ue2_qfi2,36.866,ok,6,ok,8,ue8_qfi2,0.0,ok,0.8850010202017881,proxy,5,0.8829672104153808,65919161.6,ok,0.004590909090909091,ok,0.9328511363636364,0.099290625,ok,ue1_qfi1,0.0,24,100.0,data,ok,0.0,ue7_qfi1,43.25,ok,,14.8,ue1_qfi2,0,0.0,0.0,15.152,ok,66.0,,pending,,pending,"[8, 9]",ue1_qfi1,0,0,0,231.0,199.87500000000037,data,ok,2.0,0.5,1.0,8,Reservation,35492826,
ue8_qfi9,294.5,299.75,300.0,300.25,ok,0.30247952459570704,ok,ue5_qfi1,0,0,1,661.0000000000005,203.5,data,ok,2.0,False,,proxy,3,0,ue6_qfi2,0.6578947368421053,76,150.0,ok,ue5_qfi2,90.095,ok,4,ok,8,ue6_qfi2,0.6384656,ok,0.8626848828170697,proxy,5,0.7185054972815685,64790363.2,ok,0.004079545454545455,ok,0.9341284090909091,0.0368703125,ok,ue1_qfi1,0.0,24,100.0,data,ok,0.0,ue2_qfi9,279.5,ok,,15.2,ue4_qfi2,1,134.0,134.0,15.152,ok,66.0,,pending,,pending,"[8, 9]",ue5_qfi1,0,0,1,661.0000000000005,203.5,data,ok,2.0,0.5,1.0,8,TwoTier,35492826,
ue7_qfi9,297.25,299.75,300.0,300.25,ok,0.26653430350491353,ok,ue4_qfi1,0,0,0,232.5,200.25000000000003,data,ok,2.0,False,,proxy,3,0,ue1_qfi2,1.0,76,150.0,ok,ue1_qfi2,46.305,ok,8,ok,8,ue3_qfi2,0.9541796,ok,0.954740902009793,proxy,5,0.948361375994054,68000574.4,ok,0.004172727272727272,ok,0.9337954545454545,0.0370796875,ok,ue1_qfi1,0.0,24,100.0,data,ok,0.0,ue3_qfi1,31.0,ok,,15.2,ue1_qfi2,0,0.0,0.0,15.152,ok,66.0,,pending,,pending,"[8, 9]",ue4_qfi1,0,0,0,232.5,200.25000000000003,data,ok,2.0,0.5,1.0,8,PF,376383645,
ue8_qfi9,295.5,300.0,300.0,300.25,ok,0.28955988783596365,ok,ue4_qfi1,0,0,0,232.75,199.87500000000003,data,ok,2.0,False,,proxy,3,0,ue6_qfi2,0.9868421052631579,76,150.0,ok,ue4_qfi2,40.094,ok,8,ok,8,ue3_qfi2,0.9539488,ok,0.9522228773379563,proxy,5,0.9458428016874675,66885476.8,ok,0.004404545454545454,ok,0.9340284090909091,0.1190953125,ok,ue1_qfi1,0.0,24,100.0,data,ok,0.0,ue8_qfi1,46.25,ok,,15.0,ue6_qfi2,1,138.5,138.5,15.152,ok,66.0,,pending,,pending,"[8, 9]",ue4_qfi1,0,0,0,232.75,199.87500000000003,data,ok,2.0,0.5,1.0,8,Reservation,376383645,
ue7_qfi9,294.5,299.75,300.0,300.25,ok,0.2672256005012342,ok,ue1_qfi1,0,0,3,710.0,205.75,data,ok,2.0,False,,proxy,3,0,ue7_qfi2,0.9736842105263158,76,150.0,ok,ue1_qfi2,94.64,ok,7,ok,8,ue8_qfi2,0.940632,ok,0.9229779647439251,proxy,5,0.9052912058071909,68229982.4,ok,0.004188636363636364,ok,0.9336534090909091,0.0358484375,ok,ue1_qfi1,0.0,16,100.0,data,ok,0.0,ue8_qfi9,156.75,ok,,15.2,ue1_qfi2,0,0.0,0.0,15.152,ok,66.0,,pending,,pending,"[8, 9]",ue1_qfi1,0,0,3,710.0,205.75,data,ok,2.0,0.5,1.0,8,TwoTier,376383645,
ue8_qfi9,297.0,299.75,300.0,300.25,ok,0.2872312479355259,ok,ue1_qfi1,0,0,0,233.5,200.25000000000003,data,ok,2.0,False,,proxy,3,0,ue3_qfi2,0.9868421052631579,76,150.0,ok,ue2_qfi2,53.815,ok,7,ok,8,ue8_qfi2,0.9495811999999999,ok,0.9503401468461596,proxy,5,0.9358189864826505,66131294.4,ok,0.004543181818181819,ok,0.9339806818181818,0.0378234375,ok,ue1_qfi1,0.0,24,100.0,data,ok,0.0,ue2_qfi2,35.726,ok,,15.0,ue3_qfi2,1,132.25,132.25,15.152,ok,66.0,,pending,,pending,"[8, 9]",ue1_qfi1,0,0,0,233.5,200.25000000000003,data,ok,2.0,0.5,1.0,8,PF,1746484539,
ue7_qfi9,295.75,300.0,300.0,300.25,ok,0.3025961323438861,ok,ue5_qfi1,0,0,0,226.0,199.24999999999991,data,ok,2.0,False,,proxy,3,0,ue8_qfi2,0.0,74,150.0,ok,ue2_qfi2,40.807,ok,7,ok,8,ue8_qfi2,0.0,ok,0.883742555616432,proxy,5,0.8746082381900827,64979622.4,ok,0.004986363636363636,ok,0.9323034090909091,0.1010828125,ok,ue1_qfi1,0.0,24,100.0,data,ok,0.0,ue6_qfi1,40.0,ok,,15.0,ue1_qfi2,1,143.75,143.75,15.152,ok,66.0,,pending,,pending,"[8, 9]",ue5_qfi1,0,0,0,226.0,199.24999999999991,data,ok,2.0,0.5,1.0,8,Reservation,1746484539,
ue2_qfi9,17.5,80.5,102.25,110.25,ok,0.36238782833277694,ok,ue2_qfi1,0,0,0,223.99999999999997,199.62500000000017,data,ok,2.0,False,,proxy,3,0,ue6_qfi2,0.0,74,150.0,ok,ue2_qfi2,42.354,ok,5,ok,8,ue6_qfi2,0.0,ok,0.7184566002795267,proxy,5,0.7178833600059626,59632478.4,ok,0.004068181818181818,ok,0.9338613636363636,0.0376671875,ok,ue1_qfi1,0.0,24,100.0,data,ok,0.0,ue2_qfi9,92.75,ok,,15.0,ue4_qfi2,1,150.5,150.5,15.152,ok,66.0,,pending,,pending,"[8, 9]",ue2_qfi1,0,0,0,223.99999999999997,199.62500000000017,data,ok,2.0,0.5,1.0,8,TwoTier,1746484539,
ue1_qfi9,7.25,15.5,17.5,19.0,ok,0.0,ok,ue1_qfi1,0,0,0,111.75,100.00000000000009,data,ok,2.0,False,,proxy,3,0,ue2_qfi2,0.993421052631579,152,150.0,ok,ue1_qfi2,14.75,ok,4,ok,4,ue1_qfi2,0.959984,ok,0.9999758313422911,proxy,5,0.999950539205902,47600408.0,ok,0.0028477272727272726,ok,0.7171363636363637,0.0455046875,ok,ue2_qfi1,0.4489795918367347,49,100.0,data,ok,0.0,ue1_qfi9,11.75,ok,,30.4,ue1_qfi2,0,0.0,0.0,30.303,ok,33.0,,pending,,pending,"[8, 9]",ue1_qfi1,0,0,0,111.75,100.00000000000009,data,ok,2.0,,1.0,4,PF,1826701614,6.0
ue1_qfi9,10.0,18.5,20.75,23.0,ok,0.0,ok,ue4_qfi1,0,0,0,110.25000000000018,100.00000000000009,data,ok,2.0,False,,proxy,3,0,ue1_qfi2,0.993421052631579,152,150.0,ok,ue1_qfi2,14.116,ok,4,ok,4,ue1_qfi2,0.9590768000000001,ok,0.999986210011774,proxy,5,0.9999747572812591,47599800.0,ok,0.0027522727272727273,ok,0.8630670454545455,0.0644625,ok,ue4_qfi1,0.4897959183673469,49,100.0,data,ok,0.0,ue1_qfi9,13.0,ok,,30.2,ue1_qfi2,1,66.5,66.5,30.303,ok,33.0,,pending,,pending,"[8, 9]",ue4_qfi1,0,0,0,110.25000000000018,100.00000000000009,data,ok,2.0,,1.0,4,Reservation,1826701614,6.0
ue1_qfi9,10.25,28.25,33.0,35.25,ok,0.0,ok,ue1_qfi1,0,0,0,112.75,100.00000000000009,data,ok,2.0,False,,proxy,3,0,ue1_qfi2,1.0,152,150.0,ok,ue1_qfi2,16.83,ok,4,ok,4,ue1_qfi2,0.959984,ok,0.999966441077975,proxy,5,0.999924282387576,47579883.2,ok,0.0029886363636363635,ok,0.9147079545454545,0.0360890625,ok,ue3_qfi1,0.3877551020408163,49,100.0,data,ok,0.0,ue1_qfi9,25.0,ok,,30.4,ue1_qfi2,0,0.0,0.0,30.303,ok,33.0,,pending,,pending,"[8, 9]",ue1_qfi1,0,0,0,112.75,100.00000000000009,data,ok,2.0,,1.0,4,TwoTier,1826701614,6.0
ue1_qfi9,7.25,15.0,16.5,17.5,ok,0.0,ok,ue1_qfi1,0,0,0,113.75000000000001,99.99999999999987,data,ok,2.0,False,,proxy,3,0,ue1_qfi2,1.0,152,150.0,ok,ue1_qfi2,14.41,ok,4,ok,4,ue3_qfi2,0.9645452,ok,0.9999909927723876,proxy,5,0.9999836585393933,47655481.6,ok,0.0024886363636363634,ok,0.6852352272727272,0.044646875,ok,ue2_qfi1,0.4489795918367347,49,100.0,data,ok,0.0,ue1_qfi1,13.25,ok,,30.4,ue1_qfi2,0,0.0,0.0,30.303,ok,33.0,,pending,,pending,"[8, 9]",ue1_qfi1,0,0,0,113.75000000000001,99.99999999999987,data,ok,2.0,,1.0,4,PF,1367864806,6.0
ue1_qfi9,9.25,17.0,18.75,20.0,ok,0.0,ok,ue1_qfi1,0,0,0,113.75000000000001,99.75000000000023,data,ok,2.0,False,,proxy,3,0,ue1_qfi2,1.0,152,150.0,ok,ue1_qfi2,14.283,ok,4,ok,4,ue3_qfi2,0.9645452,ok,0.9999740512480448,proxy,5,0.999923513117153,47638416.0,ok,0.002702272727272727,ok,0.8454056818181818,0.0617234375,ok,ue3_qfi1,0.4489795918367347,49,100.0,data,ok,0.0,ue1_qfi1,13.0,ok,,30.4,ue1_qfi2,0,0.0,0.0,30.303,ok,33.0,,pending,,pending,"[8, 9]",ue1_qfi1,0,0,0,113.75000000000001,99.75000000000023,data,ok,2.0,,1.0,4,Reservation,1367864806,6.0
ue1_qfi9,9.0,18.75,22.75,26.0,ok,0.0,ok,ue2_qfi1,0,0,0,111.25000000000007,99.75000000000023,data,ok,2.0,False,,proxy,3,0,ue1_qfi2,1.0,152,150.0,ok,ue1_qfi2,16.642,ok,4,ok,4,ue3_qfi2,0.9645452,ok,0.9999702489499647,proxy,5,0.9999331804254872,47609808.0,ok,0.002790909090909091,ok,0.9057636363636363,0.0358828125,ok,ue3_qfi1,0.4897959183673469,49,100.0,data,ok,0.0,ue1_qfi9,17.0,ok,,30.4,ue1_qfi2,0,0.0,0.0,30.303,ok,33.0,,pending,,pending,"[8, 9]",ue2_qfi1,0,0,0,111.25000000000007,99.75000000000023,data,ok,2.0,,1.0,4,TwoTier,1367864806,6.0
ue1_qfi9,7.25,16.0,18.25,20.0,ok,0.0,ok,ue1_qfi1,0,0,0,109.99999999999987,99.99999999999964,data,ok,2.0,False,,proxy,3,0,ue1_qfi2,1.0,152,150.0,ok,ue1_qfi2,16.021,ok,4,ok,4,ue3_qfi2,0.9662888000000001,ok,0.999986878193196,proxy,5,0.9999728077442035,47674246.4,ok,0.002409090909090909,ok,0.7004875,0.045675,ok,ue2_qfi1,0.4489795918367347,49,100.0,data,ok,0.0,ue1_qfi9,12.75,ok,,30.4,ue1_qfi2,0,0.0,0.0,30.303,ok,33.0,,pending,,pending,"[8, 9]",ue1_qfi1,0,0,0,109.99999999999987,99.99999999999964,data,ok,2.0,,1.0,4,PF,1097657231,6.0
ue1_qfi9,9.5,18.5,24.75,28.75,ok,0.0,ok,ue1_qfi1,0,0,0,110.7499999999999,99.75000000000023,data,ok,2.0,False,,proxy,3,0,ue1_qfi2,0.993421052631579,152,150.0,ok,ue1_qfi2,14.953,ok,4,ok,4,ue3_qfi2,0.9662888000000001,ok,0.9999684250264229,proxy,5,0.9999220311559067,47649795.2,ok,0.0026681818181818182,ok,0.8525647727272727,0.0650171875,ok,ue2_qfi1,0.4489795918367347,49,100.0,data,ok,0.0,ue1_qfi9,19.25,ok,,30.2,ue1_qfi2,0,0.0,0.0,30.303,ok,33.0,,pending,,pending,"[8, 9]",ue1_qfi1,0,0,0,110.7499999999999,99.75000000000023,data,ok,2.0,,1.0,4,Reservation,1097657231,6.0
ue1_qfi9,9.25,20.75,26.0,29.0,ok,0.0,ok,ue4_qfi1,0,0,0,109.50000000000016,99.99999999999964,data,ok,2.0,False,,proxy,3,0,ue1_qfi2,1.0,152,150.0,ok,ue1_qfi2,17.739,ok,4,ok,4,ue3_qfi2,0.9662888000000001,ok,0.9999542934910881,proxy,5,0.9998939570412589,47656310.4,ok,0.002722727272727273,ok,0.9076227272727273,0.0364984375,ok,ue2_qfi1,0.42857142857142855,49,100.0,data,ok,0.0,ue1_qfi9,19.75,ok,,30.4,ue1_qfi2,0,0.0,0.0,30.303,ok,33.0,,pending,,pending,"[8, 9]",ue4_qfi1,0,0,0,109.50000000000016,99.99999999999964,data,ok,2.0,,1.0,4,TwoTier,1097657231,6.0
ue1_qfi9,7.75,16.25,18.0,19.0,ok,0.0,ok,ue1_qfi1,0,0,0,115.0,99.99999999999987,data,ok,2.0,False,,proxy,3,0,ue1_qfi2,1.0,152,150.0,ok,ue1_qfi2,16.219,ok,4,ok,4,ue2_qfi2,0.9595132,ok,0.9999704770169746,proxy,5,0.9999378698169625,47680100.8,ok,0.0029636363636363636,ok,0.7254875,0.0468671875,ok,ue3_qfi1,0.46938775510204084,49,100.0,data,ok,0.0,ue1_qfi1,16.25,ok,,30.4,ue1_qfi2,0,0.0,0.0,30.303,ok,33.0,,pending,,pending,"[8, 9]",ue1_qfi1,0,0,0,115.0,99.99999999999987,data,ok,2.0,,1.0,4,PF,579362555,6.0
ue1_qfi9,10.0,18.0,20.0,21.5,ok,0.0,ok,ue1_qfi1,0,0,0,112.24999999999996,99.75,data,ok,2.0,False,,proxy,3,0,ue1_qfi2,1.0,152,150.0,ok,ue1_qfi2,15.872,ok,4,ok,4,ue2_qfi2,0.9595132,ok,0.9999855151598022,proxy,5,0.999979046116869,47664500.8,ok,0.0031113636363636365,ok,0.8701931818181818,0.066621875,ok,ue3_qfi1,0.42857142857142855,49,100.0,data,ok,0.0,ue1_qfi9,11.5,ok,,30.4,ue1_qfi2,0,0.0,0.0,30.303,ok,33.0,,pending,,pending,"[8, 9]",ue1_qfi1,0,0,0,112.24999999999996,99.75,data,ok,2.0,,1.0,4,Reservation,579362555,6.0
ue1_qfi9,10.0,22.5,27.5,29.75,ok,0.0,ok,ue1_qfi1,0,0,0,112.5,99.75,data,ok,2.0,False,,proxy,3,0,ue1_qfi2,0.993421052631579,152,150.0,ok,ue1_qfi2,16.318,ok,4,ok,4,ue2_qfi2,0.9595132,ok,0.9999833147201663,proxy,5,0.9999757895117937,47639078.4,ok,0.0029795454545454543,ok,0.9156420454545454,0.037171875,ok,ue4_qfi1,0.4897959183673469,49,100.0,data,ok,0.0,ue1_qfi9,19.75,ok,,30.2,ue1_qfi2,0,0.0,0.0,30.303,ok,33.0,,pending,,pending,"[8, 9]",ue1_qfi1,0,0,0,112.5,99.75,data,ok,2.0,,1.0,4,TwoTier,579362555,6.0
ue1_qfi9,6.75,14.5,16.25,17.5,ok,0.0,ok,ue1_qfi1,0,0,0,109.5,99.99999999999987,data,ok,2.0,False,,proxy,3,0,ue1_qfi2,1.0,152,150.0,ok,ue1_qfi2,15.139,ok,4,ok,4,ue2_qfi2,0.9635072,ok,0.9999894212516054,proxy,5,0.9999766136629515,47693068.8,ok,0.002490909090909091,ok,0.6820477272727272,0.0429953125,ok,ue3_qfi1,0.40816326530612246,49,100.0,data,ok,0.0,ue1_qfi1,12.75,ok,,30.4,ue1_qfi2,0,0.0,0.0,30.303,ok,33.0,,pending,,pending,"[8, 9]",ue1_qfi1,0,0,0,109.5,99.99999999999987,data,ok,2.0,,1.0,4,PF,661058651,6.0
ue1_qfi9,8.5,15.75,17.5,19.0,ok,0.0,ok,ue1_qfi1,0,0,0,112.25,99.75000000000023,data,ok,2.0,False,,proxy,3,0,ue1_qfi2,1.0,152,150.0,ok,ue1_qfi2,14.088,ok,4,ok,4,ue2_qfi2,0.9635072,ok,0.9999703332231347,proxy,5,0.9999283536076552,47674368.0,ok,0.00265,ok,0.8394431818181818,0.0606890625,ok,ue2_qfi1,0.5306122448979592,49,100.0,data,ok,0.0,ue1_qfi1,10.75,ok,,30.4,ue1_qfi2,0,0.0,0.0,30.303,ok,33.0,,pending,,pending,"[8, 9]",ue1_qfi1,0,0,0,112.25,99.75000000000023,data,ok,2.0,,1.0,4,Reservation,661058651,6.0
ue1_qfi9,9.0,19.25,22.5,24.25,ok,0.0,ok,ue3_qfi1,0,0,0,110.24999999999974,99.99999999999964,data,ok,2.0,False,,proxy,3,0,ue1_qfi2,1.0,152,150.0,ok,ue1_qfi2,15.879,ok,4,ok,4,ue2_qfi2,0.9635072,ok,0.9999756330112994,proxy,5,0.9999548982392539,47663507.2,ok,0.002790909090909091,ok,0.9034522727272727,0.034828125,ok,ue4_qfi1,0.46938775510204084,49,100.0,data,ok,0.0,ue1_qfi9,15.25,ok,,30.4,ue1_qfi2,0,0.0,0.0,30.303,ok,33.0,,pending,,pending,"[8, 9]",ue3_qfi1,0,0,0,110.24999999999974,99.99999999999964,data,ok,2.0,,1.0,4,TwoTier,661058651,6.0
ue1_qfi9,6.75,14.25,15.5,16.5,ok,0.0,ok,ue1_qfi1,0,0,0,110.50000000000004,100.00000000000009,data,ok,2.0,False,,proxy,3,0,ue1_qfi2,0.993421052631579,152,150.0,ok,ue1_qfi2,14.604,ok,4,ok,4,ue4_qfi2,0.9685688,ok,0.9999864900279082,proxy,5,0.9999815473811031,47766371.2,ok,0.002540909090909091,ok,0.6958545454545455,0.045590625,ok,ue1_qfi1,0.4489795918367347,49,100.0,data,ok,0.0,ue1_qfi1,9.75,ok,,30.2,ue1_qfi2,0,0.0,0.0,30.303,ok,33.0,,pending,,pending,"[8, 9]",ue1_qfi1,0,0,0,110.50000000000004,100.00000000000009,data,ok,2.0,,1.0,4,PF,87989972,6.0
ue1_qfi9,8.5,14.75,16.0,16.5,ok,0.0,ok,ue2_qfi1,0,0,0,112.75000000000013,99.99999999999964,data,ok,2.0,False,,proxy,3,0,ue2_qfi2,0.993421052631579,152,150.0,ok,ue3_qfi2,13.548,ok,4,ok,4,ue4_qfi2,0.967084,ok,0.999974392982017,proxy,5,0.999953606229965,47743936.0,ok,0.002427272727272727,ok,0.8499056818181818,0.0658515625,ok,ue4_qfi1,0.5102040816326531,49,100.0,data,ok,0.0,ue2_qfi1,12.0,ok,,30.4,ue1_qfi2,0,0.0,0.0,30.303,ok,33.0,,pending,,pending,"[8, 9]",ue2_qfi1,0,0,0,112.75000000000013,99.99999999999964,data,ok,2.0,,1.0,4,Reservation,87989972,6.0
ue1_qfi9,8.75,17.0,20.0,26.5,ok,0.0,ok,ue2_qfi1,0,0,0,111.25000000000007,99.75,data,ok,2.0,False,,proxy,3,0,ue4_qfi2,0.993421052631579,152,150.0,ok,ue4_qfi2,16.163,ok,4,ok,4,ue4_qfi2,0.9672984,ok,0.9999614284082223,proxy,5,0.9999055327122821,47728868.8,ok,0.0030863636363636362,ok,0.9088181818181819,0.036940625,ok,ue1_qfi1,0.46938775510204084,49,100.0,data,ok,0.0,ue1_qfi9,17.75,ok,,30.4,ue1_qfi2,0,0.0,0.0,30.303,ok,33.0,,pending,,pending,"[8, 9]",ue2_qfi1,0,0,0,111.25000000000007,99.75,data,ok,2.0,,1.0,4,TwoTier,87989972,6.0
ue1_qfi9,7.0,15.0,17.0,18.25,ok,0.0,ok,ue1_qfi1,0,0,0,112.0000000000001,99.99999999999987,data,ok,2.0,False,,proxy,3,0,ue4_qfi2,0.993421052631579,152,150.0,ok,ue1_qfi2,16.0,ok,4,ok,4,ue2_qfi2,0.9621716,ok,0.9999909519205046,proxy,5,0.999982881692458,47658787.2,ok,0.002777272727272727,ok,0.7236170454545454,0.04571875,ok,ue4_qfi1,0.4897959183673469,49,100.0,data,ok,0.0,ue1_qfi1,11.25,ok,,30.4,ue1_qfi2,0,0.0,0.0,30.303,ok,33.0,,pending,,pending,"[8, 9]",ue1_qfi1,0,0,0,112.0000000000001,99.99999999999987,data,ok,2.0,,1.0,4,PF,161576974,6.0
ue2_qfi9,8.25,15.75,17.25,18.5,ok,0.0,ok,ue1_qfi1,0,0,0,111.25000000000007,99.75,data,ok,2.0,False,,proxy,3,0,ue1_qfi2,1.0,152,150.0,ok,ue1_qfi2,14.282,ok,4,ok,4,ue2_qfi2,0.9621716,ok,0.9999864424427555,proxy,5,0.9999710511701408,47662680.0,ok,0.0028022727272727275,ok,0.8694772727272727,0.0656234375,ok,ue4_qfi1,0.42857142857142855,49,100.0,data,ok,0.0,ue1_qfi1,10.5,ok,,30.4,ue1_qfi2,0,0.0,0.0,30.303,ok,33.0,,pending,,pending,"[8, 9]",ue1_qfi1,0,0,0,111.25000000000007,99.75,data,ok,2.0,,1.0,4,Reservation,161576974,6.0
ue1_qfi9,9.5,19.0,23.0,26.25,ok,0.0,ok,ue3_qfi1,0,0,0,112.75000000000013,99.99999999999964,data,ok,2.0,False,,proxy,3,0,ue1_qfi2,0.993421052631579,152,150.0,ok,ue1_qfi2,17.01,ok,4,ok,4,ue2_qfi2,0.9620516,ok,0.9999640134855768,proxy,5,0.9999392999614245,47646601.6,ok,0.003015909090909091,ok,0.9165625,0.0366078125,ok,ue4_qfi1,0.42857142857142855,49,100.0,data,ok,0.0,ue2_qfi9,17.0,ok,,30.2,ue1_qfi2,1,72.75,72.75,30.303,ok,33.0,,pending,,pending,"[8, 9]",ue3_qfi1,0,0,0,112.75000000000013,99.99999999999964,data,ok,2.0,,1.0,4,TwoTier,161576974,6.0
ue1_qfi9,7.75,16.25,18.5,20.0,ok,0.0,ok,ue1_qfi1,0,0,0,110.50000000000004,100.00000000000009,data,ok,2.0,False,,proxy,3,0,ue4_qfi2,0.993421052631579,152,150.0,ok,ue1_qfi2,15.909,ok,4,ok,4,ue4_qfi2,0.97555,ok,0.9999893672858894,proxy,5,0.9999790241057097,47782812.8,ok,0.002638636363636364,ok,0.7148215909090909,0.0468734375,ok,ue3_qfi1,0.46938775510204084,49,100.0,data,ok,0.0,ue1_qfi9,12.25,ok,,30.4,ue1_qfi2,0,0.0,0.0,30.303,ok,33.0,,pending,,pending,"[8, 9]",ue1_qfi1,0,0,0,110.50000000000004,100.00000000000009,data,ok,2.0,,1.0,4,PF,35492826,6.0
ue1_qfi9,10.0,18.0,20.5,22.5,ok,0.0,ok,ue1_qfi1,0,0,0,110.7499999999999,99.75,data,ok,2.0,False,,proxy,3,0,ue3_qfi2,0.993421052631579,152,150.0,ok,ue1_qfi2,14.682,ok,4,ok,4,ue2_qfi2,0.9766556,ok,0.999983118419801,proxy,5,0.9999613332402786,47777107.2,ok,0.003181818181818182,ok,0.8652829545454546,0.0659828125,ok,ue4_qfi1,0.4897959183673469,49,100.0,data,ok,0.0,ue1_qfi9,12.5,ok,,30.2,ue3_qfi2,1,66.75,66.75,30.303,ok,33.0,,pending,,pending,"[8, 9]",ue1_qfi1,0,0,0,110.7499999999999,99.75,data,ok,2.0,,1.0,4,Reservation,35492826,6.0
ue1_qfi9,10.25,23.25,27.75,31.0,ok,0.0,ok,ue1_qfi1,0,0,0,112.24999999999996,99.75000000000023,data,ok,2.0,False,,proxy,3,0,ue1_qfi2,1.0,152,150.0,ok,ue2_qfi2,17.477,ok,4,ok,4,ue2_qfi2,0.9766556,ok,0.9999684360259635,proxy,5,0.9999477630878126,47753796.8,ok,0.0029795454545454543,ok,0.9144579545454545,0.0372125,ok,ue2_qfi1,0.4489795918367347,49,100.0,data,ok,0.0,ue1_qfi9,20.75,ok,,30.4,ue1_qfi2,0,0.0,0.0,30.303,ok,33.0,,pending,,pending,"[8, 9]",ue1_qfi1,0,0,0,112.24999999999996,99.75000000000023,data,ok,2.0,,1.0,4,TwoTier,35492826,6.0
ue1_qfi9,6.5,13.5,15.0,16.0,ok,0.0,ok,ue1_qfi1,0,0,0,109.50000000000016,100.00000000000009,data,ok,2.0,False,,proxy,3,0,ue1_qfi2,1.0,152,150.0,ok,ue2_qfi2,13.327,ok,4,ok,4,ue3_qfi2,0.9631616,ok,0.999955484772957,proxy,5,0.9998202466090794,47638089.6,ok,0.002681818181818182,ok,0.6991875,0.0463390625,ok,ue4_qfi1,0.42857142857142855,49,100.0,data,ok,0.0,ue1_qfi1,12.75,ok,,30.4,ue1_qfi2,0,0.0,0.0,30.303,ok,33.0,,pending,,pending,"[8, 9]",ue1_qfi1,0,0,0,109.50000000000016,100.00000000000009,data,ok,2.0,,1.0,4,PF,376383645,6.0
ue1_qfi9,8.25,15.0,16.25,17.0,ok,0.0,ok,ue1_qfi1,0,0,0,110.25000000000018,99.75000000000023,data,ok,2.0,False,,proxy,3,0,ue1_qfi2,1.0,152,150.0,ok,ue2_qfi2,13.592,ok,4,ok,4,ue3_qfi2,0.9631616,ok,0.9999571150773479,proxy,5,0.9998312189939234,47630737.6,ok,0.002447727272727273,ok,0.8510863636363636,0.0668859375,ok,ue2_qfi1,0.46938775510204084,49,100.0,data,ok,0.0,ue3_qfi1,13.0,ok,,30.4,ue1_qfi2,0,0.0,0.0,30.303,ok,33.0,,pending,,pending,"[8, 9]",ue1_qfi1,0,0,0,110.25000000000018,99.75000000000023,data,ok,2.0,,1.0,4,Reservation,376383645,6.0
ue2_qfi9,9.0,17.25,19.5,21.0,ok,0.0,ok,ue2_qfi1,0,0,0,111.25000000000007,100.00000000000009,data,ok,2.0,False,,proxy,3,0,ue1_qfi2,1.0,152,150.0,ok,ue2_qfi2,15.677,ok,4,ok,4,ue3_qfi2,0.9631616,ok,0.9999453328712719,proxy,5,0.9997982595558781,47619113.6,ok,0.002965909090909091,ok,0.9115352272727273,0.037640625,ok,ue4_qfi1,0.42857142857142855,49,100.0,data,ok,0.0,ue1_qfi9,12.25,ok,,30.4,ue1_qfi2,0,0.0,0.0,30.303,ok,33.0,,pending,,pending,"[8, 9]",ue2_qfi1,0,0,0,111.25000000000007,100.00000000000009,data,ok,2.0,,1.0,4,TwoTier,376383645,6.0
ue1_qfi9,8.0,16.5,18.5,19.75,ok,0.0,ok,ue1_qfi1,0,0,0,109.50000000000016,100.00000000000009,data,ok,2.0,False,,proxy,3,0,ue1_qfi2,1.0,152,150.0,ok,ue1_qfi2,16.79,ok,4,ok,4,ue4_qfi2,0.9625315999999999,ok,0.9999919185493154,proxy,5,0.9999865061868733,47705913.6,ok,0.0024431818181818183,ok,0.7285193181818181,0.0463390625,ok,ue3_qfi1,0.4489795918367347,49,100.0,data,ok,0.0,ue1_qfi9,11.75,ok,,30.4,ue1_qfi2,0,0.0,0.0,30.303,ok,33.0,,pending,,pending,"[8, 9]",ue1_qfi1,0,0,0,109.50000000000016,100.00000000000009,data,ok,2.0,,1.0,4,PF,1746484539,6.0
ue1_qfi9,9.75,18.25,20.5,22.5,ok,0.0,ok,ue2_qfi1,0,0,0,110.25,100.00000000000009,data,ok,2.0,False,,proxy,3,0,ue1_qfi2,1.0,152,150.0,ok,ue1_qfi2,14.169,ok,4,ok,4,ue4_qfi2,0.9625315999999999,ok,0.9999786314286527,proxy,5,0.9999687026267566,47708187.2,ok,0.002531818181818182,ok,0.8693852272727273,0.0669140625,ok,ue2_qfi1,0.46938775510204084,49,100.0,data,ok,0.0,ue1_qfi9,12.75,ok,,30.4,ue1_qfi2,0,0.0,0.0,30.303,ok,33.0,,pending,,pending,"[8, 9]",ue2_qfi1,0,0,0,110.25,100.00000000000009,data,ok,2.0,,1.0,4,Reservation,1746484539,6.0
ue1_qfi9,9.75,21.5,25.5,27.5,ok,0.0,ok,ue1_qfi1,0,0,0,110.0,100.00000000000009,data,ok,2.0,False,,proxy,3,0,ue1_qfi2,1.0,152,150.0,ok,ue4_qfi2,17.577,ok,4,ok,4,ue4_qfi2,0.9625315999999999,ok,0.9999577828113078,proxy,5,0.9999400121864799,47678232.0,ok,0.002809090909090909,ok,0.9200363636363637,0.0372328125,ok,ue3_qfi1,0.4489795918367347,49,100.0,data,ok,0.0,ue1_qfi9,17.75,ok,,30.4,ue1_qfi2,0,0.0,0.0,30.303,ok,33.0,,pending,,pending,"[8, 9]",ue1_qfi1,0,0,0,110.0,100.00000000000009,data,ok,2.0,,1.0,4,TwoTier,1746484539,6.0
ue4_qfi9,261.0,296.25,298.25,299.0,ok,0.1044936494374785,ok,ue6_qfi1,1,1,3,2066.2499999999995,994.0000000000002,data,ok,2.0,False,,proxy,3,0,ue6_qfi2,0.375,16,150.0,ok,ue6_qfi2,150.22,ok,3,ok,8,ue5_qfi2,0.8896495999999999,ok,0.9628634045183766,proxy,5,0.9286474536988724,69217548.8,ok,0.005043181818181818,ok,0.9304204545454545,0.03278125,ok,ue1_qfi1,0.0,4,100.0,data,ok,0.0,ue7_qfi9,160.0,ok,,1.6,ue4_qfi2,4,1340.5,3681.5,3.03,ok,330.0,,pending,,pending,"[8, 9]",ue6_qfi1,1,1,3,2066.2499999999995,994.0000000000002,data,ok,2.0,0.1,0.75,8,PF,1826701614,
ue8_qfi9,265.0,298.25,299.5,300.0,ok,0.12101411277319093,ok,ue3_qfi1,1,2,3,2012.5000000000002,1002.9999999999997,data,ok,2.0,False,,proxy,3,0,ue6_qfi2,0.6,15,150.0,ok,ue7_qfi2,148.851,ok,2,ok,8,ue8_qfi2,0.8090956,ok,0.9281721518516157,proxy,5,0.8762128522751679,67972091.2,ok,0.0054181818181818185,ok,0.931625,0.1059640625,ok,ue1_qfi1,0.0,4,100.0,data,ok,0.0,ue4_qfi2,92.166,ok,,2.2,ue2_qfi2,3,997.75,2680.0,3.03,ok,330.0,,pending,,pending,"[8, 9]",ue3_qfi1,1,2,3,2012.5000000000002,1002.9999999999997,data,ok,2.0,0.1,0.75,8,Reservation,1826701614,
ue7_qfi9,221.25,299.0,299.75,300.0,ok,0.15083852591248445,ok,ue2_qfi1,1,2,3,2065.0,1027.2500000000005,data,ok,2.0,False,,proxy,3,0,ue1_qfi2,0.375,16,150.0,ok,ue4_qfi2,149.224,ok,1,ok,8,ue8_qfi2,0.8209284,ok,0.9131306265580145,proxy,5,0.8263825339155304,65906016.0,ok,0.005581818181818182,ok,0.9281795454545455,0.03254375,ok,ue1_qfi1,0.0,4,100.0,data,ok,0.0,ue3_qfi9,141.25,ok,,1.8,ue3_qfi2,4,1325.0,3767.5,3.03,ok,330.0,,pending,,pending,"[8, 9]",ue2_qfi1,1,2,3,2065.0,1027.2500000000005,data,ok,2.0,0.1,0.75,8,TwoTier,1826701614,
ue5_qfi9,273.25,296.75,298.5,299.25,ok,0.12496344251456325,ok,ue6_qfi1,1,1,3,2067.7499999999995,975.7500000000001,data,ok,2.0,False,,proxy,3,0,ue2_qfi2,0.25,16,150.0,ok,ue1_qfi2,149.462,ok,2,ok,8,ue8_qfi2,0.8723852,ok,0.9683456054707801,proxy,5,0.9273494260834161,67727784.0,ok,0.005363636363636364,ok,0.9315181818181818,0.034525,ok,ue1_qfi1,0.0,4,100.0,data,ok,0.0,ue3_qfi2,79.35899999999998,ok,,0.8,ue2_qfi2,3,1645.0,4203.25,3.03,ok,330.0,,pending,,pending,"[8, 9]",ue6_qfi1,1,1,3,2067.7499999999995,975.7500000000001,data,ok,2.0,0.1,0.75,8,PF,1367864806,
ue8_qfi9,269.25,298.25,299.5,300.0,ok,0.1574790091633532,ok,ue1_qfi1,1,2,3,2022.5,1004.5000000000002,data,ok,2.0,False,,proxy,3,0,ue7_qfi2,0.5625,16,150.0,ok,ue1_qfi2,148.61,ok,2,ok,8,ue8_qfi2,0.7847432,ok,0.9134127448169312,proxy,5,0.8140207869612264,65454284.8,ok,0.005386363636363636,ok,0.9262829545454545,0.107728125,ok,ue1_qfi1,0.0,3,100.0,data,ok,0.0,ue1_qfi2,87.75399999999999,ok,,1.8,ue5_qfi2,3,993.75,2658.25,3.03,ok,330.0,,pending,,pending,"[8, 9]",ue1_qfi1,1,2,3,2022.5,1004.5000000000002,data,ok,2.0,0.1,0.75,8,Reservation,1367864806,
ue8_qfi9,244.0,298.75,299.5,300.0,ok,0.16436437498038042,ok,ue3_qfi1,0,2,3,1975.5,1082.5,data,ok,2.0,False,,proxy,3,0,ue2_qfi2,0.1875,16,150.0,ok,ue8_qfi2,149.966,ok,1,ok,8,ue6_qfi2,0.788374,ok,0.9345376808197783,proxy,5,0.8151937550259558,65043321.6,ok,0.005309090909090909,ok,0.9299875,0.0345703125,ok,ue1_qfi1,0.0,4,100.0,data,ok,0.0,ue5_qfi9,118.25,ok,,1.0,ue5_qfi2,3,2387.5,4609.25,3.03,ok,330.0,,pending,,pending,"[8, 9]",ue3_qfi1,0,2,3,1975.5,1082.5,data,ok,2.0,0.1,0.75,8,TwoTier,1367864806,
ue6_qfi9,208.5,298.25,299.5,299.75,ok,0.1600410182906307,ok,ue2_qfi1,1,1,2,3060.0,2020.3749999999995,data,ok,2.0,False,,proxy,3,0,ue8_qfi2,0.25,16,150.0,ok,ue7_qfi2,149.855,ok,0,ok,8,ue2_qfi2,0.843556,ok,0.9321446609103063,proxy,5,0.9183498645155236,64954579.199999996,ok,0.005736363636363637,ok,0.9321909090909091,0.0388,ok,ue1_qfi1,0.0,3,100.0,data,ok,0.0,ue6_qfi9,91.25,ok,,1.2,ue4_qfi2,3,1904.25,4202.5,3.03,ok,330.0,,pending,,pending,"[8, 9]",ue2_qfi1,1,1,2,3060.0,2020.3749999999995,data,ok,2.0,0.1,0.75,8,PF,1097657231,
ue8_qfi9,274.75,299.0,299.75,300.0,ok,0.18428352660296313,ok,ue1_qfi1,1,2,2,2052.25,2016.625,data,ok,2.0,False,,proxy,3,0,ue7_qfi2,0.5,16,150.0,ok,ue8_qfi2,149.179,ok,0,ok,8,ue7_qfi2,0.750726,ok,0.9188626532339222,proxy,5,0.8346420511408287,63184473.6,ok,0.005584090909090909,ok,0.9302931818181818,0.1227625,ok,ue1_qfi1,0.0,2,100.0,data,ok,0.0,ue6_qfi9,157.0,ok,,2.2,ue1_qfi2,3,1308.25,2690.0,3.03,ok,330.0,,pending,,pending,"[8, 9]",ue1_qfi1,1,2,2,2052.25,2016.625,data,ok,2.0,0.1,0.75,8,Reservation,1097657231,
ue6_qfi9,179.75,299.0,299.75,300.0,ok,0.20921912755345753,ok,ue2_qfi1,1,1,2,3063.75,2014.7500000000002,data,ok,2.0,False,,proxy,3,0,ue6_qfi2,0.125,16,150.0,ok,ue5_qfi2,150.029,ok,0,ok,8,ue6_qfi2,0.72915,ok,0.898076397210778,proxy,5,0.8242342998763591,61405580.8,ok,0.006031818181818182,ok,0.9296375,0.039303125,ok,ue1_qfi1,0.0,3,100.0,data,ok,0.0,ue5_qfi9,151.75,ok,,1.0,ue1_qfi2,3,2936.5,4550.5,3.03,ok,330.0,,pending,,pending,"[8, 9]",ue2_qfi1,1,1,2,3063.75,2014.7500000000002,data,ok,2.0,0.1,0.75,8,TwoTier,1097657231,
ue7_qfi9,262.0,298.25,299.25,299.75,ok,0.1276878648722529,ok,ue7_qfi1,1,2,2,2058.25,1538.75,data,ok,2.0,False,,proxy,3,0,ue3_qfi2,0.3125,16,150.0,ok,ue3_qfi2,150.161,ok,1,ok,8,ue8_qfi2,0.8251512,ok,0.950149045409024,proxy,5,0.9029669288256034,67276137.6,ok,0.005265909090909091,ok,0.9319193181818182,0.0355140625,ok,ue1_qfi1,0.0,4,100.0,data,ok,0.0,ue1_qfi2,80.104,ok,,1.4,ue6_qfi2,4,1878.0,4198.75,3.03,ok,330.0,,pending,,pending,"[8, 9]",ue7_qfi1,1,2,2,2058.25,1538.75,data,ok,2.0,0.1,0.75,8,PF,579362555,
ue8_qfi9,274.75,298.75,299.75,300.0,ok,0.14875316758647064,ok,ue3_qfi1,1,1,3,2024.2500000000002,989.9999999999998,data,ok,2.0,False,,proxy,3,0,ue6_qfi2,0.5333333333333333,15,150.0,ok,ue3_qfi2,149.597,ok,0,ok,8,ue8_qfi2,0.7912872,ok,0.9124941738164847,proxy,5,0.8369543423459567,65790169.6,ok,0.0055977272727272724,ok,0.9324340909090909,0.1129078125,ok,ue1_qfi1,0.0,3,100.0,data,ok,0.0,ue5_qfi9,103.0,ok,,1.8,ue4_qfi2,3,1650.0,3003.25,3.03,ok,330.0,,pending,,pending,"[8, 9]",ue3_qfi1,1,1,3,2024.2500000000002,989.9999999999998,data,ok,2.0,0.1,0.75,8,Reservation,579362555,
ue8_qfi9,249.0,299.25,299.75,300.0,ok,0.1807649875837731,ok,ue2_qfi1,1,2,2,3076.0,2039.8750000000002,data,ok,2.0,False,,proxy,3,0,ue7_qfi2,0.125,16,150.0,ok,ue1_qfi2,149.885,ok,0,ok,8,ue7_qfi2,0.7719424,ok,0.9186821319714173,proxy,5,0.8104984352148525,63632979.2,ok,0.005668181818181818,ok,0.9310477272727272,0.03625,ok,ue1_qfi1,0.0,3,100.0,data,ok,0.0,ue2_qfi9,184.25,ok,,1.0,ue3_qfi2,3,1878.0,4619.0,3.03,ok,330.0,,pending,,pending,"[8, 9]",ue2_qfi1,1,2,2,3076.0,2039.8750000000002,data,ok,2.0,0.1,0.75,8,TwoTier,579362555,
ue2_qfi9,263.0,296.5,298.75,299.25,ok,0.09884998950876404,ok,ue2_qfi1,0,2,3,1988.5000000000007,1076.7499999999998,data,ok,2.0,False,,proxy,3,0,ue1_qfi2,0.375,16,150.0,ok,ue5_qfi2,149.86,ok,1,ok,8,ue2_qfi2,0.8790576,ok,0.9753875170880321,proxy,5,0.9253526230441348,69181297.6,ok,0.005252272727272727,ok,0.9321568181818182,0.03271875,ok,ue1_qfi1,0.0,4,100.0,data,ok,0.0,ue6_qfi9,157.75,ok,,1.6,ue4_qfi2,3,1353.0,3327.0,3.03,ok,330.0,,pending,,pending,"[8, 9]",ue2_qfi1,0,2,3,1988.5000000000007,1076.7499999999998,data,ok,2.0,0.1,0.75,8,PF,661058651,
ue8_qfi9,260.5,298.5,299.75,300.0,ok,0.12437508411837912,ok,ue5_qfi1,1,2,3,2091.75,1073.2499999999998,data,ok,2.0,False,,proxy,3,0,ue4_qfi2,0.6666666666666666,15,150.0,ok,ue5_qfi2,149.257,ok,1,ok,8,ue7_qfi2,0.7888012,ok,0.9329941463437581,proxy,5,0.8416874661106638,67428318.4,ok,0.005009090909090909,ok,0.9303715909090909,0.1025734375,ok,ue1_qfi1,0.0,4,100.0,data,ok,0.0,ue6_qfi9,156.0,ok,,2.2,ue2_qfi2,2,953.75,1870.0,3.03,ok,330.0,,pending,,pending,"[8, 9]",ue5_qfi1,1,2,3,2091.75,1073.2499999999998,data,ok,2.0,0.1,0.75,8,Reservation,661058651,
ue2_qfi9,215.75,298.5,299.5,300.0,ok,0.14587020773523257,ok,ue2_qfi1,1,1,2,3068.2500000000005,2015.625,data,ok,2.0,False,,proxy,3,0,ue1_qfi2,0.3125,16,150.0,ok,ue8_qfi2,149.842,ok,0,ok,8,ue6_qfi2,0.7724168,ok,0.9284308634227811,proxy,5,0.8315354114328755,65866995.199999996,ok,0.0052681818181818186,ok,0.9292670454545454,0.032346875,ok,ue1_qfi1,0.0,4,100.0,data,ok,0.0,ue6_qfi9,146.25,ok,,1.4,ue2_qfi2,4,1995.0,4290.0,3.03,ok,330.0,,pending,,pending,"[8, 9]",ue2_qfi1,1,1,2,3068.2500000000005,2015.625,data,ok,2.0,0.1,0.75,8,TwoTier,661058651,
ue7_qfi9,266.25,297.0,298.5,299.25,ok,0.13588576665040827,ok,ue7_qfi1,1,2,3,2081.0000000000005,1013.5000000000001,data,ok,2.0,False,,proxy,3,0,ue2_qfi2,0.125,16,150.0,ok,ue3_qfi2,149.977,ok,2,ok,8,ue2_qfi2,0.8634856,ok,0.9645856652893021,proxy,5,0.9556901553305365,66953752.0,ok,0.0053,ok,0.9324534090909091,0.03555625,ok,ue1_qfi1,0.0,4,100.0,data,ok,0.0,ue4_qfi2,81.60300000000001,ok,,1.8,ue3_qfi2,4,980.75,3576.0,3.03,ok,330.0,,pending,,pending,"[8, 9]",ue7_qfi1,1,2,3,2081.0000000000005,1013.5000000000001,data,ok,2.0,0.1,0.75,8,PF,87989972,
ue7_qfi9,276.75,299.25,299.75,300.0,ok,0.1551858037676802,ok,ue1_qfi1,1,1,2,3087.0,2001.2500000000002,data,ok,2.0,False,,proxy,3,0,ue7_qfi2,0.4375,16,150.0,ok,ue3_qfi2,149.943,ok,2,ok,8,ue7_qfi2,0.7698216,ok,0.9304218782469926,proxy,5,0.8665894262802278,65584083.2,ok,0.0053704545454545454,ok,0.9322909090909091,0.1123203125,ok,ue1_qfi1,0.0,2,100.0,data,ok,0.0,ue6_qfi2,88.96000000000001,ok,,2.2,ue1_qfi2,3,978.25,2326.5,3.03,ok,330.0,,pending,,pending,"[8, 9]",ue1_qfi1,1,1,2,3087.0,2001.2500000000002,data,ok,2.0,0.1,0.75,8,Reservation,87989972,
ue3_qfi9,256.5,299.75,300.0,300.25,ok,0.18113630474192083,ok,ue4_qfi1,1,1,2,3078.25,2020.75,data,ok,2.0,False,,proxy,3,0,ue2_qfi2,0.1875,16,150.0,ok,ue5_qfi2,150.032,ok,1,ok,8,ue7_qfi2,0.7619544,ok,0.8978489891081078,proxy,5,0.822870246750349,63848043.2,ok,0.006047727272727272,ok,0.930475,0.0352125,ok,ue1_qfi1,0.0,3,100.0,data,ok,0.0,ue4_qfi9,156.75,ok,,1.0,ue1_qfi2,3,2059.25,4604.0,3.03,ok,330.0,,pending,,pending,"[8, 9]",ue4_qfi1,1,1,2,3078.25,2020.75,data,ok,2.0,0.1,0.75,8,TwoTier,87989972,
ue7_qfi9,258.0,296.25,298.25,299.0,ok,0.12976431998824747,ok,ue5_qfi1,1,1,3,2076.25,987.25,data,ok,2.0,False,,proxy,3,0,ue2_qfi2,0.3125,16,150.0,ok,ue7_qfi2,150.212,ok,1,ok,8,ue2_qfi2,0.8628708,ok,0.9542118058665899,proxy,5,0.9251649955385048,67450112.0,ok,0.005261363636363636,ok,0.9329431818181818,0.0353625,ok,ue1_qfi1,0.0,4,100.0,data,ok,0.0,ue6_qfi9,85.0,ok,,1.6,ue1_qfi2,4,1326.25,3973.0,3.03,ok,330.0,,pending,,pending,"[8, 9]",ue5_qfi1,1,1,3,2076.25,987.25,data,ok,2.0,0.1,0.75,8,PF,161576974,
ue3_qfi9,127.75,296.75,299.0,299.75,ok,0.1622275478187766,ok,ue1_qfi1,1,1,2,3094.5000000000005,1999.625,data,ok,2.0,False,,proxy,3,0,ue6_qfi2,0.0,15,150.0,ok,ue1_qfi2,149.966,ok,3,ok,8,ue6_qfi2,0.0,ok,0.8666274300859274,proxy,5,0.8252042569743704,65216832.0,ok,0.005777272727272727,ok,0.9330568181818182,0.09560625,ok,ue1_qfi1,0.0,2,100.0,data,ok,0.0,ue8_qfi9,204.75,ok,,2.2,ue1_qfi2,2,1003.5,1722.25,3.03,ok,330.0,,pending,,pending,"[8, 9]",ue1_qfi1,1,1,2,3094.5000000000005,1999.625,data,ok,2.0,0.1,0.75,8,Reservation,161576974,
ue2_qfi9,284.0,299.75,300.0,300.25,ok,0.17717760744093097,ok,ue4_qfi1,1,1,2,3043.75,2005.6250000000002,data,ok,2.0,False,,proxy,3,0,ue1_qfi2,0.3125,16,150.0,ok,ue1_qfi2,149.193,ok,0,ok,8,ue6_qfi2,0.7932944000000001,ok,0.9138544127028496,proxy,5,0.826762923218139,64194734.4,ok,0.0056409090909090905,ok,0.9309556818181818,0.0354375,ok,ue1_qfi1,0.0,4,100.0,data,ok,0.0,ue3_qfi9,165.5,ok,,1.2,ue3_qfi2,3,1953.0,4302.75,3.03,ok,330.0,,pending,,pending,"[8, 9]",ue4_qfi1,1,1,2,3043.75,2005.6250000000002,data,ok,2.0,0.1,0.75,8,TwoTier,161576974,
ue1_qfi9,269.25,298.0,299.25,299.75,ok,0.14793768407536076,ok,ue1_qfi1,1,1,2,3060.5,2026.875,data,ok,2.0,False,,proxy,3,0,ue2_qfi2,0.1875,16,150.0,ok,ue6_qfi2,149.958,ok,0,ok,8,ue5_qfi2,0.8611808000000001,ok,0.9516166266253092,proxy,5,0.91782993643563,66126248.0,ok,0.005725,ok,0.9336170454545455,0.0380953125,ok,ue1_qfi1,0.0,2,100.0,data,ok,0.0,ue8_qfi9,104.5,ok,,1.6,ue6_qfi2,3,1943.75,3298.75,3.03,ok,330.0,,pending,,pending,"[8, 9]",ue1_qfi1,1,1,2,3060.5,2026.875,data,ok,2.0,0.1,0.75,8,PF,35492826,
ue7_qfi9,271.75,298.5,299.5,300.0,ok,0.1672122955042909,ok,ue5_qfi1,1,2,2,3020.25,2044.375,data,ok,2.0,False,,proxy,3,0,ue8_qfi2,0.5625,16,150.0,ok,ue6_qfi2,147.922,ok,0,ok,8,ue8_qfi2,0.771138,ok,0.9223992533225942,proxy,5,0.8673238130058751,64562931.2,ok,0.005556818181818182,ok,0.9302988636363636,0.1191515625,ok,ue1_qfi1,0.0,3,100.0,data,ok,0.0,ue3_qfi2,93.792,ok,,1.8,ue1_qfi2,3,940.0,2301.0,3.03,ok,330.0,,pending,,pending,"[8, 9]",ue5_qfi1,1,2,2,3020.25,2044.375,data,ok,2.0,0.1,0.75,8,Reservation,35492826,
ue5_qfi9,233.75,299.0,299.75,300.0,ok,0.18639046896375097,ok,ue1_qfi1,1,1,1,4033.7500000000005,4033.7500000000005,data,ok,2.0,False,,proxy,3,0,ue1_qfi2,0.1875,16,150.0,ok,ue5_qfi2,150.239,ok,0,ok,8,ue7_qfi2,0.7899432,ok,0.9149147238949714,proxy,5,0.8153304679282449,63309804.800000004,ok,0.006159090909090909,ok,0.9328704545454546,0.03798125,ok,ue1_qfi1,0.0,1,100.0,data,ok,0.0,ue7_qfi9,110.0,ok,,1.6,ue3_qfi2,4,1314.0,3683.5,3.03,ok,330.0,,pending,,pending,"[8, 9]",ue1_qfi1,1,1,1,4033.7500000000005,4033.7500000000005,data,ok,2.0,0.1,0.75,8,TwoTier,35492826,
ue4_qfi9,262.0,297.0,298.5,299.25,ok,0.10470779034395457,ok,ue1_qfi1,1,2,3,2005.2499999999998,1083.25,data,ok,2.0,False,,proxy,3,0,ue4_qfi2,0.3125,16,150.0,ok,ue6_qfi2,149.99,ok,1,ok,8,ue4_qfi2,0.881052,ok,0.9631909908160814,proxy,5,0.9258717221374889,69309241.6,ok,0.005822727272727273,ok,0.9346306818181818,0.0341328125,ok,ue1_qfi1,0.0,3,100.0,data,ok,0.0,ue8_qfi9,218.25,ok,,1.4,ue5_qfi2,3,1979.5,3401.0,3.03,ok,330.0,,pending,,pending,"[8, 9]",ue1_qfi1,1,2,3,2005.2499999999998,1083.25,data,ok,2.0,0.1,0.75,8,PF,376383645,
ue7_qfi9,259.75,298.25,299.75,300.0,ok,0.12113721578042504,ok,ue3_qfi1,1,2,2,2094.5,2000.0,data,ok,2.0,False,,proxy,3,0,ue7_qfi2,0.5625,16,150.0,ok,ue3_qfi2,150.079,ok,2,ok,8,ue7_qfi2,0.7763808000000001,ok,0.9280398069024033,proxy,5,0.8471978327970927,68080777.6,ok,0.005356818181818182,ok,0.9338931818181818,0.10278125,ok,ue1_qfi1,0.0,4,100.0,data,ok,0.0,ue8_qfi9,205.0,ok,,1.8,ue7_qfi2,2,976.25,1926.5,3.03,ok,330.0,,pending,,pending,"[8, 9]",ue3_qfi1,1,2,2,2094.5,2000.0,data,ok,2.0,0.1,0.75,8,Reservation,376383645,
ue7_qfi9,221.25,298.25,299.25,299.75,ok,0.15343678324653487,ok,ue4_qfi1,1,2,2,3027.75,2020.0,data,ok,2.0,False,,proxy,3,0,ue4_qfi2,0.3125,16,150.0,ok,ue6_qfi2,150.142,ok,0,ok,8,ue6_qfi2,0.7570764,ok,0.927527323857035,proxy,5,0.8287277917149616,65843283.2,ok,0.005702272727272728,ok,0.9315295454545455,0.0332921875,ok,ue1_qfi1,0.0,3,100.0,data,ok,0.0,ue5_qfi9,134.25,ok,,1.8,ue5_qfi2,3,1911.25,3338.25,3.03,ok,330.0,,pending,,pending,"[8, 9]",ue4_qfi1,1,2,2,3027.75,2020.0,data,ok,2.0,0.1,0.75,8,TwoTier,376383645,
ue2_qfi9,270.5,296.75,298.5,299.25,ok,0.12514242209044174,ok,ue5_qfi1,1,1,2,3051.5000000000005,2025.0000000000005,data,ok,2.0,False,,proxy,3,0,ue2_qfi2,0.25,16,150.0,ok,ue5_qfi2,150.246,ok,1,ok,8,ue1_qfi2,0.8785276,ok,0.935507644503071,proxy,5,0.8892631586010978,67760691.2,ok,0.0053704545454545454,ok,0.9334863636363636,0.036040625,ok,ue1_qfi1,0.0,3,100.0,data,ok,0.0,ue3_qfi9,93.0,ok,,1.6,ue4_qfi2,4,1218.5,3527.25,3.03,ok,330.0,,pending,,pending,"[8, 9]",ue5_qfi1,1,1,2,3051.5000000000005,2025.0000000000005,data,ok,2.0,0.1,0.75,8,PF,1746484539,
ue8_qfi9,272.5,298.75,299.75,300.0,ok,0.14899580857009606,ok,ue1_qfi1,1,2,3,2047.25,1045.25,data,ok,2.0,False,,proxy,3,0,ue2_qfi2,0.6666666666666666,15,150.0,ok,ue4_qfi2,149.703,ok,2,ok,8,ue7_qfi2,0.7793764,ok,0.9288635266469715,proxy,5,0.8658448707929468,65878019.2,ok,0.005590909090909091,ok,0.9320204545454546,0.1156609375,ok,ue1_qfi1,0.0,3,100.0,data,ok,0.0,ue4_qfi9,116.75,ok,,2.4,ue6_qfi2,3,947.0,2282.75,3.03,ok,330.0,,pending,,pending,"[8, 9]",ue1_qfi1,1,2,3,2047.25,1045.25,data,ok,2.0,0.1,0.75,8,Reservation,1746484539,
ue8_qfi9,267.25,298.75,299.5,300.0,ok,0.16360518909473568,ok,ue1_qfi1,1,1,1,4041.5,4041.5,data,ok,2.0,False,,proxy,3,0,ue2_qfi2,0.25,16,150.0,ok,ue3_qfi2,149.5,ok,0,ok,8,ue7_qfi2,0.8061328000000001,ok,0.9051901554615384,proxy,5,0.8285436559363819,65003609.6,ok,0.005615909090909091,ok,0.9333170454545454,0.03646875,ok,ue1_qfi1,0.0,1,100.0,data,ok,0.0,ue1_qfi9,140.5,ok,,0.8,ue8_qfi2,3,2372.25,4267.25,3.03,ok,330.0,,pending,,pending,"[8, 9]",ue1_qfi1,1,1,1,4041.5,4041.5,data,ok,2.0,0.1,0.75,8,TwoTier,1746484539,
ue8_qfi9,299.25,300.25,300.25,300.25,ok,0.4824171763053744,ok,ue6_qfi1,1,1,3,2063.5,998.7499999999998,data,ok,2.0,False,,proxy,3,0,ue4_qfi2,0.375,16,150.0,ok,ue5_qfi2,149.971,ok,0,ok,8,ue1_qfi2,0.8600276,ok,0.8599746683968691,proxy,5,0.8204015317108115,66792641.6,ok,0.005409090909090909,ok,0.930915909090909,0.0358625,ok,ue1_qfi1,0.0,1,100.0,data,ok,0.0,ue5_qfi2,81.224,ok,,1.2,ue4_qfi2,4,1607.5,4527.75,3.03,ok,330.0,,pending,,pending,"[8, 9]",ue6_qfi1,1,1,3,2063.5,998.7499999999998,data,ok,2.0,0.1,1.5,8,PF,1826701614,
ue8_qfi9,299.75,300.25,300.25,300.25,ok,0.5125021885010259,ok,ue4_qfi1,0,3,3,1977.7500000000005,1071.9999999999998,data,ok,2.0,False,,proxy,3,0,ue8_qfi2,0.5333333333333333,15,150.0,ok,ue4_qfi2,147.046,ok,1,ok,8,ue8_qfi2,0.6477615999999999,ok,0.8322875746795987,proxy,5,0.7058428185392452,66148340.8,ok,0.005318181818181818,ok,0.931696590909091,0.110478125,ok,ue1_qfi1,0.0,4,100.0,data,ok,0.0,ue1_qfi9,119.0,ok,,2.4,ue4_qfi2,3,704.75,2077.5,3.03,ok,330.0,,pending,,pending,"[8, 9]",ue4_qfi1,0,3,3,1977.7500000000005,1071.9999999999998,data,ok,2.0,0.1,1.5,8,Reservation,1826701614,
ue4_qfi9,249.75,299.75,300.0,300.25,ok,0.46816084510798595,ok,ue1_qfi1,0,2,4,1059.5,996.75,data,ok,2.0,False,,proxy,3,0,ue6_qfi2,0.0,15,150.0,ok,ue1_qfi2,146.126,ok,3,ok,8,ue6_qfi2,0.0,ok,0.7028979063056355,proxy,5,0.6973819427442162,65959561.6,ok,0.005484090909090909,ok,0.9308215909090909,0.035825,ok,ue1_qfi1,0.0,4,100.0,data,ok,0.0,ue5_qfi9,186.5,ok,,3.0,ue1_qfi2,1,666.25,666.25,3.03,ok,330.0,,pending,,pending,"[8, 9]",ue1_qfi1,0,2,4,1059.5,996.75,data,ok,2.0,0.1,1.5,8,TwoTier,1826701614,
ue8_qfi9,299.25,300.25,300.25,300.25,ok,0.4976477215155258,ok,ue7_qfi1,1,1,2,3055.5000000000005,2023.1250000000002,data,ok,2.0,False,,proxy,3,0,ue1_qfi2,0.0625,16,150.0,ok,ue2_qfi2,150.202,ok,1,ok,8,ue5_qfi2,0.8750671999999999,ok,0.8631116840902274,proxy,5,0.7878647563957124,65393350.4,ok,0.005445454545454546,ok,0.9313875,0.0381046875,ok,ue1_qfi1,0.0,3,100.0,data,ok,0.0,ue4_qfi2,80.13900000000001,ok,,1.2,ue5_qfi2,4,1878.75,4548.5,3.03,ok,330.0,,pending,,pending,"[8, 9]",ue7_qfi1,1,1,2,3055.5000000000005,2023.1250000000002,data,ok,2.0,0.1,1.5,8,PF,1367864806,
ue7_qfi9,299.25,300.25,300.25,300.25,ok,0.49458476814958596,ok,ue2_qfi1,0,2,4,1078.2500000000002,999.5,data,ok,2.0,False,,proxy,3,0,ue6_qfi2,0.0,15,150.0,ok,ue7_qfi2,147.971,ok,5,ok,8,ue6_qfi2,0.0,ok,0.752032900320064,proxy,5,0.7085893846294203,64966294.4,ok,0.005840909090909091,ok,0.9334079545454546,0.0967109375,ok,ue1_qfi1,0.0,4,100.0,data,ok,0.0,ue2_qfi2,90.81199999999998,ok,,2.8,ue1_qfi2,1,696.5,696.5,3.03,ok,330.0,,pending,,pending,"[8, 9]",ue2_qfi1,0,2,4,1078.2500000000002,999.5,data,ok,2.0,0.1,1.5,8,Reservation,1367864806,
ue5_qfi9,253.5,299.75,300.0,300.25,ok,0.47594969100923373,ok,ue2_qfi1,0,1,4,1060.0,983.875,data,ok,2.0,False,,proxy,3,0,ue6_qfi2,0.0,15,150.0,ok,ue5_qfi2,142.714,ok,5,ok,8,ue6_qfi2,0.0,ok,0.7027883675537898,proxy,5,0.6964237608469668,65248337.6,ok,0.005395454545454545,ok,0.9315193181818182,0.0369359375,ok,ue1_qfi1,0.0,4,100.0,data,ok,0.0,ue4_qfi9,108.25,ok,,3.0,ue1_qfi2,1,699.0,699.0,3.03,ok,330.0,,pending,,pending,"[8, 9]",ue2_qfi1,0,1,4,1060.0,983.875,data,ok,2.0,0.1,1.5,8,TwoTier,1367864806,
ue8_qfi9,299.25,300.25,300.25,300.25,ok,0.4984876488154858,ok,ue3_qfi1,1,2,2,2973.5000000000005,2023.3750000000002,data,ok,2.0,False,,proxy,3,0,ue1_qfi2,0.375,16,150.0,ok,ue5_qfi2,149.8,ok,0,ok,8,ue8_qfi2,0.8600156,ok,0.8542802883342075,proxy,5,0.8147154155629264,64773588.8,ok,0.005704545454545454,ok,0.9319090909090909,0.037753125,ok,ue1_qfi1,0.0,3,100.0,data,ok,0.0,ue5_qfi2,79.37699999999998,ok,,1.2,ue4_qfi2,4,1374.0,4602.5,3.03,ok,330.0,,pending,,pending,"[8, 9]",ue3_qfi1,1,2,2,2973.5000000000005,2023.3750000000002,data,ok,2.0,0.1,1.5,8,PF,1097657231,
ue7_qfi9,298.25,300.0,300.25,300.25,ok,0.4972729417366445,ok,ue1_qfi1,0,2,4,1082.25,1000.9999999999999,data,ok,2.0,False,,proxy,3,0,ue6_qfi2,0.0,15,150.0,ok,ue2_qfi2,149.765,ok,4,ok,8,ue6_qfi2,0.0,ok,0.7709315409922631,proxy,5,0.7444983775602558,64414995.2,ok,0.005513636363636364,ok,0.9319875,0.096703125,ok,ue1_qfi1,0.0,4,100.0,data,ok,0.0,ue7_qfi2,85.0,ok,,2.8,ue1_qfi2,0,0.0,0.0,3.03,ok,330.0,,pending,,pending,"[8, 9]",ue1_qfi1,0,2,4,1082.25,1000.9999999999999,data,ok,2.0,0.1,1.5,8,Reservation,1097657231,
ue1_qfi9,298.5,300.0,300.25,300.25,ok,0.4770818317463723,ok,ue5_qfi1,0,2,4,1053.25,997.875,data,ok,2.0,False,,proxy,3,0,ue6_qfi2,0.0,15,150.0,ok,ue3_qfi2,149.917,ok,3,ok,8,ue6_qfi2,0.0,ok,0.700501174154154,proxy,5,0.6969959347083517,64645049.6,ok,0.005743181818181818,ok,0.9318613636363636,0.0362734375,ok,ue1_qfi1,0.0,4,100.0,data,ok,0.0,ue5_qfi9,199.5,ok,,2.8,ue1_qfi2,1,714.5,714.5,3.03,ok,330.0,,pending,,pending,"[8, 9]",ue5_qfi1,0,2,4,1053.25,997.875,data,ok,2.0,0.1,1.5,8,TwoTier,1097657231,
ue8_qfi9,299.25,300.25,300.25,300.25,ok,0.47544595627648834,ok,ue3_qfi1,1,1,3,2076.5000000000005,984.4999999999997,data,ok,2.0,False,,proxy,3,0,ue4_qfi2,0.3125,16,150.0,ok,ue4_qfi2,150.057,ok,1,ok,8,ue3_qfi2,0.8779636,ok,0.8866075482835637,proxy,5,0.8502648239935755,67815942.4,ok,0.005306818181818182,ok,0.9316159090909091,0.0343828125,ok,ue1_qfi1,0.0,4,100.0,data,ok,0.0,ue7_qfi2,79.38900000000001,ok,,1.6,ue5_qfi2,3,1666.5,3544.5,3.03,ok,330.0,,pending,,pending,"[8, 9]",ue3_qfi1,1,1,3,2076.5000000000005,984.4999999999997,data,ok,2.0,0.1,1.5,8,PF,579362555,
ue6_qfi9,298.0,300.0,300.25,300.25,ok,0.480303448867527,ok,ue2_qfi1,1,2,3,2007.7500000000002,1002.0000000000002,data,ok,2.0,False,,proxy,3,0,ue7_qfi2,0.0,15,150.0,ok,ue2_qfi2,147.177,ok,5,ok,8,ue7_qfi2,0.0,ok,0.7685772570464983,proxy,5,0.7492519022541677,66555454.4,ok,0.005613636363636364,ok,0.9323761363636364,0.0931984375,ok,ue1_qfi1,0.0,4,100.0,data,ok,0.0,ue2_qfi2,89.375,ok,,3.2,ue1_qfi2,0,0.0,0.0,3.03,ok,330.0,,pending,,pending,"[8, 9]",ue2_qfi1,1,2,3,2007.7500000000002,1002.0000000000002,data,ok,2.0,0.1,1.5,8,Reservation,579362555,
ue4_qfi9,265.75,299.75,300.0,300.25,ok,0.45895073923691154,ok,ue5_qfi1,0,1,4,1055.5,987.7499999999999,data,ok,2.0,False,,proxy,3,0,ue6_qfi2,0.0,15,150.0,ok,ue5_qfi2,138.114,ok,5,ok,8,ue6_qfi2,0.0,ok,0.7056387467531655,proxy,5,0.7021242563870389,67016075.2,ok,0.005381818181818182,ok,0.9318272727272727,0.035590625,ok,ue1_qfi1,0.0,4,100.0,data,ok,0.0,ue1_qfi9,101.75,ok,,3.0,ue1_qfi2,0,0.0,0.0,3.03,ok,330.0,,pending,,pending,"[8, 9]",ue5_qfi1,0,1,4,1055.5,987.7499999999999,data,ok,2.0,0.1,1.5,8,TwoTier,579362555,
ue8_qfi9,298.75,300.0,300.25,300.25,ok,0.4618143494935389,ok,ue6_qfi1,1,1,2,2072.75,1528.875,data,ok,2.0,False,,proxy,3,0,ue6_qfi2,0.375,16,150.0,ok,ue4_qfi2,150.248,ok,1,ok,8,ue2_qfi2,0.8989268,ok,0.9013708883821655,proxy,5,0.8819651715176481,69007140.8,ok,0.005034090909090909,ok,0.9320681818181819,0.0341265625,ok,ue1_qfi1,0.0,3,100.0,data,ok,0.0,ue8_qfi2,81.06300000000002,ok,,1.8,ue3_qfi2,3,977.5,2325.75,3.03,ok,330.0,,pending,,pending,"[8, 9]",ue6_qfi1,1,1,2,2072.75,1528.875,data,ok,2.0,0.1,1.5,8,PF,661058651,
ue8_qfi9,299.5,300.25,300.25,300.25,ok,0.5084364584379129,ok,ue5_qfi1,1,2,2,2970.75,2004.0,data,ok,2.0,False,,proxy,3,0,ue5_qfi2,0.625,16,150.0,ok,ue8_qfi2,148.503,ok,1,ok,8,ue8_qfi2,0.7960231999999999,ok,0.8517300928380083,proxy,5,0.8172941957071198,67869657.6,ok,0.005320454545454546,ok,0.9329715909090909,0.11195,ok,ue1_qfi1,0.0,4,100.0,data,ok,0.0,ue4_qfi2,85.488,ok,,2.0,ue5_qfi2,3,990.5,2606.25,3.03,ok,330.0,,pending,,pending,"[8, 9]",ue5_qfi1,1,2,2,2970.75,2004.0,data,ok,2.0,0.1,1.5,8,Reservation,661058651,
ue2_qfi9,286.0,300.0,300.25,300.25,ok,0.4626395016575676,ok,ue5_qfi1,0,1,4,1065.0,985.1250000000002,data,ok,2.0,False,,proxy,3,0,ue6_qfi2,0.0,15,150.0,ok,ue1_qfi2,135.6,ok,5,ok,8,ue6_qfi2,0.0,ok,0.7012174717813549,proxy,5,0.6932602099042802,66872267.2,ok,0.005034090909090909,ok,0.9324534090909091,0.035671875,ok,ue1_qfi1,0.0,4,100.0,data,ok,0.0,ue5_qfi9,157.25,ok,,3.0,ue1_qfi2,1,686.5,686.5,3.03,ok,330.0,,pending,,pending,"[8, 9]",ue5_qfi1,0,1,4,1065.0,985.1250000000002,data,ok,2.0,0.1,1.5,8,TwoTier,661058651,
ue8_qfi9,299.25,300.25,300.25,300.25,ok,0.4780079506930398,ok,ue7_qfi1,1,1,2,3060.0,2014.25,data,ok,2.0,False,,proxy,3,0,ue7_qfi2,0.3125,16,150.0,ok,ue7_qfi2,150.222,ok,0,ok,8,ue2_qfi2,0.883236,ok,0.8866581169778677,proxy,5,0.8524418068174391,67566019.2,ok,0.005311363636363637,ok,0.9324352272727273,0.0356359375,ok,ue1_qfi1,0.0,4,100.0,data,ok,0.0,ue3_qfi2,82.656,ok,,1.2,ue8_qfi2,4,1334.75,4294.5,3.03,ok,330.0,,pending,,pending,"[8, 9]",ue7_qfi1,1,1,2,3060.0,2014.25,data,ok,2.0,0.1,1.5,8,PF,87989972,
ue6_qfi9,298.0,300.0,300.25,300.25,ok,0.469963164405533,ok,ue6_qfi1,0,2,4,1075.2499999999998,998.7500000000002,data,ok,2.0,False,,proxy,3,0,ue7_qfi2,0.0,15,150.0,ok,ue4_qfi2,148.286,ok,4,ok,8,ue7_qfi2,0.0,ok,0.7824043534241719,proxy,5,0.7732713342504247,67386024.0,ok,0.005593181818181818,ok,0.9318295454545454,0.090753125,ok,ue1_qfi1,0.0,4,100.0,data,ok,0.0,ue4_qfi2,96.281,ok,,3.2,ue1_qfi2,0,0.0,0.0,3.03,ok,330.0,,pending,,pending,"[8, 9]",ue6_qfi1,0,2,4,1075.2499999999998,998.7500000000002,data,ok,2.0,0.1,1.5,8,Reservation,87989972,
ue2_qfi9,297.5,300.0,300.25,300.25,ok,0.4550299872520948,ok,ue5_qfi1,0,2,4,1045.75,999.7499999999999,data,ok,2.0,False,,proxy,3,0,ue6_qfi2,0.0,15,150.0,ok,ue2_qfi2,143.8,ok,5,ok,8,ue6_qfi2,0.0,ok,0.7051773295961479,proxy,5,0.6989085483742515,67731888.0,ok,0.005520454545454545,ok,0.9326090909090909,0.0342390625,ok,ue1_qfi1,0.0,4,100.0,data,ok,0.0,ue3_qfi9,142.25,ok,,2.8,ue1_qfi2,1,693.75,693.75,3.03,ok,330.0,,pending,,pending,"[8, 9]",ue5_qfi1,0,2,4,1045.75,999.7499999999999,data,ok,2.0,0.1,1.5,8,TwoTier,87989972,
ue8_qfi9,299.0,300.25,300.25,300.25,ok,0.48677949748225363,ok,ue7_qfi1,1,2,3,2067.5,1002.5,data,ok,2.0,False,,proxy,3,0,ue1_qfi2,0.3125,16,150.0,ok,ue6_qfi2,150.156,ok,1,ok,8,ue1_qfi2,0.874946,ok,0.8770309369547465,proxy,5,0.8416824737361619,66535723.2,ok,0.005229545454545455,ok,0.93285,0.035525,ok,ue1_qfi1,0.0,3,100.0,data,ok,0.0,ue8_qfi2,78.547,ok,,1.0,ue1_qfi2,3,2868.75,4536.0,3.03,ok,330.0,,pending,,pending,"[8, 9]",ue7_qfi1,1,2,3,2067.5,1002.5,data,ok,2.0,0.1,1.5,8,PF,161576974,
ue6_qfi9,298.5,300.0,300.25,300.25,ok,0.4886474582740391,ok,ue5_qfi1,0,2,4,1090.75,1015.2500000000002,data,ok,2.0,False,,proxy,3,0,ue7_qfi2,0.0,15,150.0,ok,ue5_qfi2,148.651,ok,6,ok,8,ue7_qfi2,0.0,ok,0.7726443971418807,proxy,5,0.7486135772474088,65672140.8,ok,0.005275,ok,0.9334079545454546,0.0931265625,ok,ue1_qfi1,0.0,4,100.0,data,ok,0.0,ue1_qfi2,87.62700000000001,ok,,2.8,ue1_qfi2,1,717.5,717.5,3.03,ok,330.0,,pending,,pending,"[8, 9]",ue5_qfi1,0,2,4,1090.75,1015.2500000000002,data,ok,2.0,0.1,1.5,8,Reservation,161576974,
ue1_qfi9,298.75,300.0,300.25,300.25,ok,0.4737163595454785,ok,ue3_qfi1,0,3,4,1055.0,1013.6250000000002,data,ok,2.0,False,,proxy,3,0,ue6_qfi2,0.0,15,150.0,ok,ue1_qfi2,144.898,ok,4,ok,8,ue6_qfi2,0.0,ok,0.7011583963868802,proxy,5,0.6964798834650637,65256620.800000004,ok,0.005502272727272727,ok,0.9327852272727273,0.0352953125,ok,ue1_qfi1,0.0,4,100.0,data,ok,0.0,ue3_qfi9,108.5,ok,,2.6,ue1_qfi2,1,718.25,718.25,3.03,ok,330.0,,pending,,pending,"[8, 9]",ue3_qfi1,0,3,4,1055.0,1013.6250000000002,data,ok,2.0,0.1,1.5,8,TwoTier,161576974,
ue8_qfi9,299.25,300.25,300.25,300.25,ok,0.47762501977588295,ok,ue8_qfi1,1,1,3,2069.5,990.4999999999999,data,ok,2.0,False,,proxy,3,0,ue8_qfi2,0.3125,16,150.0,ok,ue2_qfi2,149.647,ok,0,ok,8,ue1_qfi2,0.8622955999999999,ok,0.8800892081434307,proxy,5,0.8490079129409184,67312264.0,ok,0.0054909090909090906,ok,0.9336647727272728,0.0363453125,ok,ue1_qfi1,0.0,4,100.0,data,ok,0.0,ue2_qfi2,81.224,ok,,1.0,ue8_qfi2,3,1884.75,4519.25,3.03,ok,330.0,,pending,,pending,"[8, 9]",ue8_qfi1,1,1,3,2069.5,990.4999999999999,data,ok,2.0,0.1,1.5,8,PF,35492826,
ue6_qfi9,295.25,300.0,300.25,300.25,ok,0.46932520449587223,ok,ue3_qfi1,0,2,4,1089.5,995.1249999999998,data,ok,2.0,False,,proxy,3,0,ue7_qfi2,0.0,15,150.0,ok,ue4_qfi2,146.768,ok,5,ok,8,ue7_qfi2,0.0,ok,0.782352070594259,proxy,5,0.7769982350834466,67598148.8,ok,0.005384090909090909,ok,0.9326738636363636,0.0919203125,ok,ue1_qfi1,0.0,4,100.0,data,ok,0.0,ue4_qfi2,89.039,ok,,3.2,ue1_qfi2,0,0.0,0.0,3.03,ok,330.0,,pending,,pending,"[8, 9]",ue3_qfi1,0,2,4,1089.5,995.1249999999998,data,ok,2.0,0.1,1.5,8,Reservation,35492826,
ue5_qfi9,223.0,299.75,300.0,300.25,ok,0.4535919503374947,ok,ue5_qfi1,0,1,4,1043.0,992.3749999999998,data,ok,2.0,False,,proxy,3,0,ue6_qfi2,0.0,15,150.0,ok,ue3_qfi2,149.061,ok,4,ok,8,ue6_qfi2,0.0,ok,0.7030750060312058,proxy,5,0.699016572076617,67295601.6,ok,0.0055295454545454545,ok,0.9340193181818182,0.035565625,ok,ue1_qfi1,0.0,4,100.0,data,ok,0.0,ue4_qfi9,138.25,ok,,2.6,ue1_qfi2,1,980.5,980.5,3.03,ok,330.0,,pending,,pending,"[8, 9]",ue5_qfi1,0,1,4,1043.0,992.3749999999998,data,ok,2.0,0.1,1.5,8,TwoTier,35492826,
ue8_qfi9,299.0,300.25,300.25,300.25,ok,0.46621200527833356,ok,ue5_qfi1,1,2,3,2002.25,1048.75,data,ok,2.0,False,,proxy,3,0,ue2_qfi2,0.375,16,150.0,ok,ue7_qfi2,150.072,ok,2,ok,8,ue4_qfi2,0.8724632,ok,0.9022484894075559,proxy,5,0.8486375498128138,69068924.8,ok,0.005470454545454546,ok,0.9340329545454545,0.0335234375,ok,ue1_qfi1,0.0,3,100.0,data,ok,0.0,ue3_qfi2,81.378,ok,,1.2,ue5_qfi2,3,1663.5,3898.0,3.03,ok,330.0,,pending,,pending,"[8, 9]",ue5_qfi1,1,2,3,2002.25,1048.75,data,ok,2.0,0.1,1.5,8,PF,376383645,
ue7_qfi9,299.75,300.25,300.25,300.25,ok,0.49479783974858876,ok,ue7_qfi1,0,2,2,1920.25,1498.0000000000002,data,ok,2.0,False,,proxy,3,0,ue8_qfi2,0.0,15,150.0,ok,ue6_qfi2,150.067,ok,5,ok,8,ue8_qfi2,0.0,ok,0.8101982784405047,proxy,5,0.7588416607251008,67539830.4,ok,0.005420454545454545,ok,0.9339534090909091,0.0914046875,ok,ue1_qfi1,0.0,4,100.0,data,ok,0.0,ue3_qfi2,84.15200000000002,ok,,2.4,ue6_qfi2,2,708.25,1392.75,3.03,ok,330.0,,pending,,pending,"[8, 9]",ue7_qfi1,0,2,2,1920.25,1498.0000000000002,data,ok,2.0,0.1,1.5,8,Reservation,376383645,
ue2_qfi9,285.0,299.75,300.0,300.25,ok,0.46036713208673025,ok,ue4_qfi1,0,2,4,1044.25,998.875,data,ok,2.0,False,,proxy,3,0,ue6_qfi2,0.0,15,150.0,ok,ue4_qfi2,139.484,ok,5,ok,8,ue6_qfi2,0.0,ok,0.7042639531126038,proxy,5,0.6982220442658228,66843632.0,ok,0.0054954545454545456,ok,0.9341409090909091,0.0349625,ok,ue1_qfi1,0.0,4,100.0,data,ok,0.0,ue5_qfi9,160.5,ok,,3.0,ue1_qfi2,0,0.0,0.0,3.03,ok,330.0,,pending,,pending,"[8, 9]",ue4_qfi1,0,2,4,1044.25,998.875,data,ok,2.0,0.1,1.5,8,TwoTier,376383645,
ue8_qfi9,299.25,300.0,300.25,300.25,ok,0.46635857945202264,ok,ue3_qfi1,1,1,3,2065.5,983.7500000000001,data,ok,2.0,False,,proxy,3,0,ue2_qfi2,0.375,16,150.0,ok,ue6_qfi2,150.245,ok,0,ok,8,ue3_qfi2,0.8624976,ok,0.9019622205549422,proxy,5,0.8455466887109198,68825811.2,ok,0.005175,ok,0.9339920454545455,0.03470625,ok,ue1_qfi1,0.0,4,100.0,data,ok,0.0,ue1_qfi2,83.657,ok,,1.4,ue2_qfi2,3,1693.25,3343.5,3.03,ok,330.0,,pending,,pending,"[8, 9]",ue3_qfi1,1,1,3,2065.5,983.7500000000001,data,ok,2.0,0.1,1.5,8,PF,1746484539,
ue8_qfi9,299.5,300.25,300.25,300.25,ok,0.4861060851580475,ok,ue4_qfi1,1,2,3,2015.0000000000002,1003.2500000000005,data,ok,2.0,False,,proxy,3,0,ue6_qfi2,0.0,15,150.0,ok,ue3_qfi2,149.884,ok,2,ok,8,ue6_qfi2,0.0,ok,0.8173339513631801,proxy,5,0.7583706358754583,68061499.2,ok,0.005315909090909091,ok,0.9327727272727273,0.09185625,ok,ue1_qfi1,0.0,4,100.0,data,ok,0.0,ue3_qfi2,89.82999999999998,ok,,2.2,ue8_qfi2,1,1025.75,1025.75,3.03,ok,330.0,,pending,,pending,"[8, 9]",ue4_qfi1,1,2,3,2015.0000000000002,1003.2500000000005,data,ok,2.0,0.1,1.5,8,Reservation,1746484539,
ue4_qfi9,161.75,298.5,299.75,300.0,ok,0.44878576700490586,ok,ue2_qfi1,0,1,4,1065.5,992.8750000000002,data,ok,2.0,False,,proxy,3,0,ue6_qfi2,0.0,15,150.0,ok,ue4_qfi2,148.801,ok,4,ok,8,ue6_qfi2,0.0,ok,0.7045538400508231,proxy,5,0.6957397079518493,68351870.4,ok,0.005145454545454545,ok,0.9337397727272727,0.0340984375,ok,ue1_qfi1,0.0,4,100.0,data,ok,0.0,ue5_qfi9,159.25,ok,,3.0,ue2_qfi2,1,679.5,679.5,3.03,ok,330.0,,pending,,pending,"[8, 9]",ue2_qfi1,0,1,4,1065.5,992.8750000000002,data,ok,2.0,0.1,1.5,8,TwoTier,1746484539,
ue16_qfi9,298.5,300.0,300.25,300.25,ok,0.6184453690344671,ok,ue10_qfi1,1,1,2,2053.5,210.9999999999998,data,ok,2.0,False,,proxy,3,0,ue14_qfi2,0.8947368421052632,76,150.0,ok,ue2_qfi2,139.258,ok,15,ok,16,ue2_qfi2,0.9439264,ok,0.7384801978262846,proxy,5,0.7037636093064202,70500768.0,ok,0.011054545454545454,ok,0.9305272727272728,0.0334578125,ok,ue1_qfi1,0.0,15,100.0,data,ok,0.0,ue9_qfi2,103.07600000000001,ok,,13.6,ue14_qfi2,1,581.75,581.75,15.152,ok,66.0,,pending,,pending,"[8, 9]",ue10_qfi1,1,1,2,2053.5,210.9999999999998,data,ok,2.0,0.5,1.0,16,PF,1826701614,
ue14_qfi9,299.75,300.25,300.25,300.25,ok,0.6465708744407651,ok,ue1_qfi1,0,0,0,475.0000000000001,203.87500000000003,data,ok,2.0,False,,proxy,3,0,ue13_qfi2,0.0,74,150.0,ok,ue12_qfi2,114.784,ok,10,ok,16,ue13_qfi2,0.0,ok,0.7031161138120958,proxy,5,0.6848376288137711,68707128.0,ok,0.011922727272727272,ok,0.9307261363636363,0.21668125,ok,ue1_qfi1,0.0,22,100.0,data,ok,0.0,ue12_qfi2,112.041,ok,,15.0,ue2_qfi2,1,157.25,157.25,15.152,ok,66.0,,pending,,pending,"[8, 9]",ue1_qfi1,0,0,0,475.0000000000001,203.87500000000003,data,ok,2.0,0.5,1.0,16,Reservation,1826701614,
ue14_qfi9,297.5,300.0,300.25,300.25,ok,0.6274523924939577,ok,ue9_qfi1,1,1,1,2124.0,229.99999999999997,data,ok,2.0,False,,proxy,3,0,ue15_qfi2,0.0,74,150.0,ok,ue9_qfi2,126.092,ok,5,ok,16,ue15_qfi2,0.0,ok,0.6907291465497924,proxy,5,0.6182088122143864,68536209.6,ok,0.011584090909090908,ok,0.930875,0.0340078125,ok,ue1_qfi1,0.0,11,100.0,data,ok,0.0,ue4_qfi9,137.75,ok,,14.6,ue5_qfi2,3,207.75,530.0,15.152,ok,66.0,,pending,,pending,"[8, 9]",ue9_qfi1,1,1,1,2124.0,229.99999999999997,data,ok,2.0,0.5,1.0,16,TwoTier,1826701614,
ue16_qfi9,299.0,300.0,300.25,300.25,ok,0.6333133165713152,ok,ue13_qfi1,1,1,1,3962.75,354.75,data,ok,2.0,False,,proxy,3,0,ue13_qfi2,0.6842105263157895,76,150.0,ok,ue13_qfi2,144.901,ok,14,ok,16,ue13_qfi2,0.9316768000000001,ok,0.6948337923278799,proxy,5,0.6649794803205596,67640920.0,ok,0.01210909090909091,ok,0.93135,0.037321875,ok,ue1_qfi1,0.0,12,100.0,data,ok,0.0,ue16_qfi2,100.44,ok,,13.2,ue15_qfi2,5,260.75,938.5,15.152,ok,66.0,,pending,,pending,"[8, 9]",ue13_qfi1,1,1,1,3962.75,354.75,data,ok,2.0,0.5,1.0,16,PF,1367864806,
ue14_qfi9,299.75,300.25,300.25,300.25,ok,0.6560004826934294,ok,ue4_qfi1,0,0,1,651.25,200.74999999999977,data,ok,2.0,False,,proxy,3,0,ue12_qfi2,0.0,74,150.0,ok,ue3_qfi2,82.292,ok,11,ok,16,ue12_qfi2,0.0,ok,0.6890752688860152,proxy,5,0.6676492831945376,67012732.8,ok,0.012220454545454545,ok,0.9318272727272727,0.2268578125,ok,ue1_qfi1,0.0,23,100.0,data,ok,0.0,ue14_qfi2,85.05000000000001,ok,,15.0,ue7_qfi2,1,141.25,141.25,15.152,ok,66.0,,pending,,pending,"[8, 9]",ue4_qfi1,0,0,1,651.25,200.74999999999977,data,ok,2.0,0.5,1.0,16,Reservation,1367864806,
ue13_qfi9,286.25,299.75,300.25,300.25,ok,0.6651970942762262,ok,ue1_qfi9,0,0,1,645.7499999999995,0.0,data,ok,2.0,False,,proxy,3,0,ue16_qfi2,0.0,74,150.0,ok,ue12_qfi2,149.886,ok,4,ok,16,ue16_qfi2,0.0,ok,0.5097548627756257,proxy,5,0.48417088318199086,61244052.8,ok,0.012313636363636363,ok,0.9309818181818181,0.0389265625,ok,ue1_qfi1,0.0,20,100.0,data,ok,0.0,ue2_qfi9,269.5,ok,,3.0,ue14_qfi2,2,176.75,309.25,15.152,ok,66.0,,pending,,pending,"[8, 9]",ue2_qfi1,0,0,0,462.7500000000007,199.99999999999994,data,ok,2.0,0.5,1.0,16,TwoTier,1367864806,
ue16_qfi9,298.75,300.0,300.25,300.25,ok,0.6324177544186457,ok,ue9_qfi1,1,1,2,2579.0,208.1249999999999,data,ok,2.0,False,,proxy,3,0,ue5_qfi2,0.6933333333333334,75,150.0,ok,ue5_qfi2,143.353,ok,12,ok,16,ue5_qfi2,0.9066316,ok,0.7066231884870064,proxy,5,0.6815933794660242,67676398.4,ok,0.011970454545454546,ok,0.9317625,0.0358203125,ok,ue1_qfi1,0.0,20,100.0,data,ok,0.0,ue4_qfi2,103.983,ok,,10.4,ue5_qfi2,5,592.5,1771.75,15.152,ok,66.0,,pending,,pending,"[8, 9]",ue9_qfi1,1,1,2,2579.0,208.1249999999999,data,ok,2.0,0.5,1.0,16,PF,1097657231,
ue14_qfi9,299.75,300.25,300.25,300.25,ok,0.6561805298717999,ok,ue11_qfi1,0,0,1,644.4999999999999,199.25000000000014,data,ok,2.0,False,,proxy,3,0,ue12_qfi2,0.0,74,150.0,ok,ue11_qfi2,90.5,ok,9,ok,16,ue12_qfi2,0.0,ok,0.6890453693683238,proxy,5,0.6724311623258097,66875360.0,ok,0.01255,ok,0.9317670454545455,0.2170875,ok,ue1_qfi1,0.0,24,100.0,data,ok,0.0,ue11_qfi2,91.552,ok,,14.8,ue3_qfi2,1,138.25,138.25,15.152,ok,66.0,,pending,,pending,"[8, 9]",ue11_qfi1,0,0,1,644.4999999999999,199.25000000000014,data,ok,2.0,0.5,1.0,16,Reservation,1097657231,
ue5_qfi9,22.5,45.5,52.0,55.0,ok,0.6758661748915268,ok,ue1_qfi1,0,0,0,223.25,200.00000000000017,data,ok,2.0,False,,proxy,3,0,ue6_qfi2,0.0,74,150.0,ok,ue5_qfi2,32.739,ok,5,ok,16,ue6_qfi2,0.0,ok,0.4843106333652904,proxy,5,0.4842259601845171,59729200.0,ok,0.011993181818181818,ok,0.931925,0.0353921875,ok,ue1_qfi1,0.0,24,100.0,data,ok,0.0,ue4_qfi9,37.0,ok,,15.2,ue1_qfi2,0,0.0,0.0,15.152,ok,66.0,,pending,,pending,"[8, 9]",ue1_qfi1,0,0,0,223.25,200.00000000000017,data,ok,2.0,0.5,1.0,16,TwoTier,1097657231,
ue16_qfi9,298.5,300.0,300.0,300.25,ok,0.6305940772633335,ok,ue11_qfi1,1,1,2,2157.5,228.12499999999986,data,ok,2.0,False,,proxy,3,0,ue8_qfi2,0.6666666666666666,75,150.0,ok,ue8_qfi2,147.077,ok,13,ok,16,ue8_qfi2,0.92934,ok,0.6995462819679812,proxy,5,0.6660043195004403,68131923.2,ok,0.011945454545454546,ok,0.9310875,0.03608125,ok,ue1_qfi1,0.0,9,100.0,data,ok,0.0,ue8_qfi9,173.5,ok,,10.0,ue8_qfi2,6,601.0,2038.75,15.152,ok,66.0,,pending,,pending,"[8, 9]",ue11_qfi1,1,1,2,2157.5,228.12499999999986,data,ok,2.0,0.5,1.0,16,PF,579362555,
ue16_qfi9,299.75,300.25,300.25,300.25,ok,0.6553371221147708,ok,ue5_qfi1,0,0,1,913.9999999999997,205.7500000000001,data,ok,2.0,False,,proxy,3,0,ue12_qfi2,0.0,74,150.0,ok,ue11_qfi2,120.416,ok,13,ok,16,ue12_qfi2,0.0,ok,0.7099451899790081,proxy,5,0.7058071403216444,66558433.6,ok,0.012245454545454545,ok,0.9306363636363636,0.2475453125,ok,ue1_qfi1,0.0,22,100.0,data,ok,0.0,ue11_qfi2,104.533,ok,,15.2,ue14_qfi2,1,134.5,134.5,15.152,ok,66.0,,pending,,pending,"[8, 9]",ue5_qfi1,0,0,1,913.9999999999997,205.7500000000001,data,ok,2.0,0.5,1.0,16,Reservation,579362555,
ue3_qfi9,15.25,35.5,45.25,48.75,ok,0.6756245297466977,ok,ue5_qfi1,0,0,0,220.25,199.4999999999998,data,ok,2.0,False,,proxy,3,0,ue6_qfi2,0.0,74,150.0,ok,ue5_qfi2,32.451,ok,5,ok,16,ue6_qfi2,0.0,ok,0.48431005812725747,proxy,5,0.4842300107849646,59894363.2,ok,0.011856818181818182,ok,0.9315625,0.0355625,ok,ue1_qfi1,0.0,24,100.0,data,ok,0.0,ue3_qfi9,33.5,ok,,15.2,ue1_qfi2,0,0.0,0.0,15.152,ok,66.0,,pending,,pending,"[8, 9]",ue5_qfi1,0,0,0,220.25,199.4999999999998,data,ok,2.0,0.5,1.0,16,TwoTier,579362555,
ue16_qfi9,298.5,300.0,300.25,300.25,ok,0.6353551669820445,ok,ue7_qfi1,0,1,1,1840.5000000000002,203.12500000000023,data,ok,2.0,False,,proxy,3,0,ue11_qfi2,0.72,75,150.0,ok,ue11_qfi2,148.75,ok,11,ok,16,ue11_qfi2,0.8929815999999999,ok,0.6906714104263205,proxy,5,0.6293004671069808,67151947.2,ok,0.012140909090909091,ok,0.931575,0.03759375,ok,ue1_qfi1,0.0,9,100.0,data,ok,0.0,ue5_qfi2,101.10499999999999,ok,,10.8,ue11_qfi2,4,731.25,1658.25,15.152,ok,66.0,,pending,,pending,"[8, 9]",ue7_qfi1,0,1,1,1840.5000000000002,203.12500000000023,data,ok,2.0,0.5,1.0,16,PF,661058651,
ue12_qfi9,299.75,300.25,300.25,300.25,ok,0.6599446916397066,ok,ue11_qfi1,0,0,1,601.0,197.87500000000003,data,ok,2.0,False,,proxy,3,0,ue13_qfi2,0.0,74,150.0,ok,ue12_qfi2,131.144,ok,10,ok,16,ue13_qfi2,0.0,ok,0.6753428387489466,proxy,5,0.6651221190008302,66289081.6,ok,0.012331818181818182,ok,0.9317829545454546,0.222496875,ok,ue1_qfi1,0.0,23,100.0,data,ok,0.0,ue12_qfi2,109.809,ok,,15.0,ue10_qfi2,1,138.25,138.25,15.152,ok,66.0,,pending,,pending,"[8, 9]",ue11_qfi1,0,0,1,601.0,197.87500000000003,data,ok,2.0,0.5,1.0,16,Reservation,661058651,
ue5_qfi9,17.5,42.5,50.0,56.25,ok,0.6763453007334626,ok,ue1_qfi1,0,0,0,219.5,199.50000000000023,data,ok,2.0,False,,proxy,3,0,ue6_qfi2,0.0,74,150.0,ok,ue4_qfi2,33.344,ok,5,ok,16,ue6_qfi2,0.0,ok,0.48432282673595395,proxy,5,0.48424277205902233,59713160.0,ok,0.012102272727272727,ok,0.9318727272727273,0.037075,ok,ue1_qfi1,0.0,24,100.0,data,ok,0.0,ue5_qfi9,38.75,ok,,15.2,ue1_qfi2,0,0.0,0.0,15.152,ok,66.0,,pending,,pending,"[8, 9]",ue1_qfi1,0,0,0,219.5,199.50000000000023,data,ok,2.0,0.5,1.0,16,TwoTier,661058651,
ue16_qfi9,298.5,300.0,300.25,300.25,ok,0.6283910298390684,ok,ue2_qfi1,1,1,1,3761.2500000000005,210.24999999999937,data,ok,2.0,False,,proxy,3,0,ue14_qfi2,0.6933333333333334,75,150.0,ok,ue14_qfi2,148.431,ok,9,ok,16,ue14_qfi2,0.9019496,ok,0.6972473050453509,proxy,5,0.6635126921692446,68390772.8,ok,0.012175,ok,0.9317409090909091,0.0364375,ok,ue1_qfi1,0.0,17,100.0,data,ok,0.0,ue13_qfi2,99.568,ok,,10.4,ue14_qfi2,6,653.5,1739.5,15.152,ok,66.0,,pending,,pending,"[8, 9]",ue2_qfi1,1,1,1,3761.2500000000005,210.24999999999937,data,ok,2.0,0.5,1.0,16,PF,87989972,
ue12_qfi9,299.5,300.25,300.25,300.25,ok,0.6491787998912154,ok,ue5_qfi1,0,0,0,450.25,197.00000000000006,data,ok,2.0,False,,proxy,3,0,ue13_qfi2,0.0,74,150.0,ok,ue11_qfi2,82.231,ok,12,ok,16,ue13_qfi2,0.0,ok,0.6981528974772219,proxy,5,0.6943868630137408,68151396.8,ok,0.012329545454545454,ok,0.9323022727272727,0.222178125,ok,ue1_qfi1,0.0,24,100.0,data,ok,0.0,ue1_qfi1,83.5,ok,,14.8,ue10_qfi2,1,136.0,136.0,15.152,ok,66.0,,pending,,pending,"[8, 9]",ue5_qfi1,0,0,0,450.25,197.00000000000006,data,ok,2.0,0.5,1.0,16,Reservation,87989972,
ue2_qfi9,21.0,56.5,67.75,74.25,ok,0.6760590146847655,ok,ue3_qfi1,0,0,0,223.0,199.74999999999966,data,ok,2.0,False,,proxy,3,0,ue6_qfi2,0.0,74,150.0,ok,ue2_qfi2,35.75,ok,5,ok,16,ue6_qfi2,0.0,ok,0.48429589805766,proxy,5,0.4842130671532125,59649048.0,ok,0.01233409090909091,ok,0.9318840909090909,0.03820625,ok,ue1_qfi1,0.0,24,100.0,data,ok,0.0,ue2_qfi9,53.25,ok,,15.2,ue1_qfi2,0,0.0,0.0,15.152,ok,66.0,,pending,,pending,"[8, 9]",ue3_qfi1,0,0,0,223.0,199.74999999999966,data,ok,2.0,0.5,1.0,16,TwoTier,87989972,
ue16_qfi9,299.0,300.25,300.25,300.25,ok,0.632304153534295,ok,ue7_qfi1,1,1,1,3231.7500000000005,225.0,data,ok,2.0,False,,proxy,3,0,ue11_qfi2,0.7866666666666666,75,150.0,ok,ue11_qfi2,149.089,ok,14,ok,16,ue11_qfi2,0.9218928000000001,ok,0.6919880477118565,proxy,5,0.6581146461745555,67734244.8,ok,0.012306818181818183,ok,0.9323875,0.03755,ok,ue1_qfi1,0.0,5,100.0,data,ok,0.0,ue11_qfi2,92.636,ok,,12.4,ue7_qfi2,5,325.75,1129.25,15.152,ok,66.0,,pending,,pending,"[8, 9]",ue7_qfi1,1,1,1,3231.7500000000005,225.0,data,ok,2.0,0.5,1.0,16,PF,161576974,
ue16_qfi9,299.75,300.25,300.25,300.25,ok,0.658723436100698,ok,ue11_qfi1,0,0,0,480.75,202.24999999999983,data,ok,2.0,False,,proxy,3,0,ue12_qfi2,0.0,74,150.0,ok,ue16_qfi2,104.333,ok,10,ok,16,ue12_qfi2,0.0,ok,0.6811359030484102,proxy,5,0.6696288969127119,66395403.2,ok,0.012331818181818182,ok,0.9315704545454545,0.2249046875,ok,ue1_qfi1,0.0,22,100.0,data,ok,0.0,ue8_qfi1,88.75,ok,,15.0,ue2_qfi2,1,143.25,143.25,15.152,ok,66.0,,pending,,pending,"[8, 9]",ue11_qfi1,0,0,0,480.75,202.24999999999983,data,ok,2.0,0.5,1.0,16,Reservation,161576974,
ue14_qfi9,292.75,300.0,300.25,300.25,ok,0.6503968650426708,ok,ue9_qfi1,0,1,1,1479.4999999999998,307.5000000000001,data,ok,2.0,False,,proxy,3,0,ue16_qfi2,0.0,74,150.0,ok,ue7_qfi2,137.361,ok,2,ok,16,ue16_qfi2,0.0,ok,0.6075098341431305,proxy,5,0.48426452100554584,63901185.6,ok,0.012372727272727273,ok,0.9322886363636363,0.037525,ok,ue1_qfi1,0.0,17,100.0,data,ok,0.0,ue4_qfi9,284.25,ok,,9.2,ue6_qfi2,5,266.0,994.0,15.152,ok,66.0,,pending,,pending,"[8, 9]",ue9_qfi1,0,1,1,1479.4999999999998,307.5000000000001,data,ok,2.0,0.5,1.0,16,TwoTier,161576974,
ue16_qfi9,299.0,300.25,300.25,300.25,ok,0.6310925874582193,ok,ue6_qfi1,1,1,2,2382.75,225.5,data,ok,2.0,False,,proxy,3,0,ue16_qfi2,0.8552631578947368,76,150.0,ok,ue3_qfi2,146.75,ok,13,ok,16,ue12_qfi2,0.9386036,ok,0.6954709152457967,proxy,5,0.6579211109348325,68076360.0,ok,0.011961363636363636,ok,0.9338681818181818,0.036590625,ok,ue1_qfi1,0.0,12,100.0,data,ok,0.0,ue11_qfi2,97.094,ok,,13.0,ue16_qfi2,2,660.25,797.75,15.152,ok,66.0,,pending,,pending,"[8, 9]",ue6_qfi1,1,1,2,2382.75,225.5,data,ok,2.0,0.5,1.0,16,PF,35492826,
ue13_qfi9,299.75,300.25,300.25,300.25,ok,0.6532731311780708,ok,ue6_qfi1,0,0,0,398.0000000000001,201.25000000000003,data,ok,2.0,False,,proxy,3,0,ue12_qfi2,0.0,74,150.0,ok,ue13_qfi2,128.499,ok,10,ok,16,ue12_qfi2,0.0,ok,0.6780050304902965,proxy,5,0.664623091068321,67704830.4,ok,0.012343181818181817,ok,0.9332829545454545,0.21125,ok,ue1_qfi1,0.0,24,100.0,data,ok,0.0,ue13_qfi2,87.597,ok,,15.2,ue1_qfi2,0,0.0,0.0,15.152,ok,66.0,,pending,,pending,"[8, 9]",ue6_qfi1,0,0,0,398.0000000000001,201.25000000000003,data,ok,2.0,0.5,1.0,16,Reservation,35492826,
ue2_qfi9,14.75,36.0,44.25,52.5,ok,0.6763395677660192,ok,ue3_qfi1,0,0,0,218.25,200.00000000000017,data,ok,2.0,False,,proxy,3,0,ue6_qfi2,0.0,74,150.0,ok,ue4_qfi2,33.968,ok,5,ok,16,ue6_qfi2,0.0,ok,0.4843193980670307,proxy,5,0.4842494366966347,59773576.0,ok,0.012143181818181819,ok,0.9334965909090909,0.0364375,ok,ue1_qfi1,0.0,24,100.0,data,ok,0.0,ue2_qfi9,37.75,ok,,15.0,ue1_qfi2,0,0.0,0.0,15.152,ok,66.0,,pending,,pending,"[8, 9]",ue3_qfi1,0,0,0,218.25,200.00000000000017,data,ok,2.0,0.5,1.0,16,TwoTier,35492826,
ue16_qfi9,298.5,300.0,300.25,300.25,ok,0.6275309084366032,ok,ue9_qfi1,1,1,1,2186.0,207.25,data,ok,2.0,False,,proxy,3,0,ue10_qfi2,0.7466666666666667,75,150.0,ok,ue10_qfi2,147.206,ok,13,ok,16,ue10_qfi2,0.929666,ok,0.7188826883376722,proxy,5,0.6848654542413988,68653793.6,ok,0.012161363636363637,ok,0.933746590909091,0.035621875,ok,ue1_qfi1,0.0,15,100.0,data,ok,0.0,ue9_qfi2,96.634,ok,,11.4,ue10_qfi2,4,665.0,1419.5,15.152,ok,66.0,,pending,,pending,"[8, 9]",ue9_qfi1,1,1,1,2186.0,207.25,data,ok,2.0,0.5,1.0,16,PF,376383645,
ue13_qfi9,298.75,300.25,300.25,300.25,ok,0.6511538561430743,ok,ue5_qfi1,0,0,0,413.74999999999983,208.49999999999991,data,ok,2.0,False,,proxy,3,0,ue12_qfi2,0.0,74,150.0,ok,ue5_qfi2,85.191,ok,10,ok,16,ue12_qfi2,0.0,ok,0.678222364086043,proxy,5,0.655223470865664,67562864.0,ok,0.012020454545454546,ok,0.9326897727272727,0.2080671875,ok,ue1_qfi1,0.0,24,100.0,data,ok,0.0,ue13_qfi2,99.607,ok,,15.2,ue1_qfi2,0,0.0,0.0,15.152,ok,66.0,,pending,,pending,"[8, 9]",ue5_qfi1,0,0,0,413.74999999999983,208.49999999999991,data,ok,2.0,0.5,1.0,16,Reservation,376383645,
ue12_qfi9,297.75,300.0,300.25,300.25,ok,0.6440440508658507,ok,ue6_qfi1,0,0,1,654.75,207.25000000000017,data,ok,2.0,False,,proxy,3,0,ue13_qfi2,0.0,74,150.0,ok,ue9_qfi2,106.181,ok,5,ok,16,ue13_qfi2,0.0,ok,0.6456641077536547,proxy,5,0.4842597940559667,65743982.4,ok,0.012293181818181818,ok,0.9330477272727272,0.036059375,ok,ue1_qfi1,0.0,23,100.0,data,ok,0.0,ue3_qfi9,277.75,ok,,15.2,ue2_qfi2,1,174.75,174.75,15.152,ok,66.0,,pending,,pending,"[8, 9]",ue6_qfi1,0,0,1,654.75,207.25000000000017,data,ok,2.0,0.5,1.0,16,TwoTier,376383645,
ue16_qfi9,298.75,300.0,300.25,300.25,ok,0.6296258705934187,ok,ue15_qfi1,1,1,1,4358.5,250.25000000000003,data,ok,2.0,False,,proxy,3,0,ue2_qfi2,0.8933333333333333,75,150.0,ok,ue15_qfi2,140.872,ok,14,ok,16,ue6_qfi2,0.9280716,ok,0.6925992727285772,proxy,5,0.6529171845442177,68211014.4,ok,0.011688636363636363,ok,0.9338545454545455,0.036978125,ok,ue1_qfi1,0.0,19,100.0,data,ok,0.0,ue2_qfi2,98.578,ok,,13.4,ue2_qfi2,2,336.75,605.25,15.152,ok,66.0,,pending,,pending,"[8, 9]",ue15_qfi1,1,1,1,4358.5,250.25000000000003,data,ok,2.0,0.5,1.0,16,PF,1746484539,
ue13_qfi9,299.5,300.25,300.25,300.25,ok,0.6517877639629595,ok,ue3_qfi1,0,0,0,436.75,201.75000000000009,data,ok,2.0,False,,proxy,3,0,ue12_qfi2,0.0,74,150.0,ok,ue13_qfi2,130.154,ok,10,ok,16,ue12_qfi2,0.0,ok,0.6785028144043401,proxy,5,0.6655211027496486,67625499.2,ok,0.012243181818181818,ok,0.9314363636363636,0.215196875,ok,ue1_qfi1,0.0,24,100.0,data,ok,0.0,ue13_qfi2,117.644,ok,,13.4,ue11_qfi2,1,152.0,152.0,15.152,ok,66.0,,pending,,pending,"[8, 9]",ue3_qfi1,0,0,0,436.75,201.75000000000009,data,ok,2.0,0.5,1.0,16,Reservation,1746484539,
ue11_qfi9,296.75,300.0,300.25,300.25,ok,0.6494510650015272,ok,ue11_qfi1,0,1,1,1206.2500000000002,244.49999999999994,data,ok,2.0,False,,proxy,3,0,ue16_qfi2,0.0,74,150.0,ok,ue10_qfi2,148.698,ok,4,ok,16,ue16_qfi2,0.0,ok,0.5773614218266446,proxy,5,0.4842800758649463,64053544.0,ok,0.011947727272727273,ok,0.9323022727272727,0.035128125,ok,ue1_qfi1,0.0,18,100.0,data,ok,0.0,ue1_qfi9,284.75,ok,,14.4,ue1_qfi2,3,196.75,527.25,15.152,ok,66.0,,pending,,pending,"[8, 9]",ue11_qfi1,0,1,1,1206.2500000000002,244.49999999999994,data,ok,2.0,0.5,1.0,16,TwoTier,1746484539,
ue16_qfi9,298.5,300.0,300.25,300.25,ok,0.6323312446536858,ok,ue3_qfi82,0,0,3,507.50000000000006,498.74999999999983,data,ok,2.0,False,,proxy,3,0,ue1_qfi2,0.0625,16,150.0,ok,ue16_qfi2,50.176,ok,0,ok,16,ue6_qfi2,0.47102479999999997,ok,0.6454417661550078,proxy,5,0.5953082352946658,70052880.0,ok,0.01053409090909091,ok,0.9308443181818182,0.0325703125,ok,ue1_qfi82,0.0,9,100.0,data,ok,0.0,ue12_qfi2,78.57799999999999,ok,,,,,,,,ok,,,pending,,pending,"[8, 9]",ue3_qfi82,0,0,3,507.50000000000006,498.74999999999983,data,ok,2.0,0.1,1.0,16,PF,1826701614,
ue15_qfi9,300.0,300.25,300.25,300.25,ok,0.6851415952401132,ok,ue11_qfi1,1,1,2,3047.25,2022.3750000000002,data,ok,2.0,False,,proxy,3,0,ue12_qfi2,0.0,15,150.0,ok,ue9_qfi2,150.002,ok,0,ok,16,ue14_qfi2,0.0,ok,0.6581879568478911,proxy,5,0.6387751593553413,68521862.4,ok,0.010581818181818182,ok,0.930984090909091,0.23045625,ok,ue1_qfi1,0.0,3,100.0,data,ok,0.0,ue10_qfi2,80.85,ok,,1.0,ue5_qfi2,4,1643.5,4557.0,3.03,ok,330.0,,pending,,pending,"[8, 9]",ue11_qfi1,1,1,2,3047.25,2022.3750000000002,data,ok,2.0,0.1,1.0,16,Reservation,1826701614,
ue14_qfi9,298.75,300.0,300.25,300.25,ok,0.6384991902739772,ok,ue7_qfi1,0,1,1,1931.25,1931.25,data,ok,2.0,False,,proxy,3,0,ue16_qfi2,0.0,15,150.0,ok,ue4_qfi2,120.276,ok,0,ok,16,ue16_qfi2,0.3973832,ok,0.5834886203924028,proxy,5,0.5551414407521977,66886764.8,ok,0.010047727272727272,ok,0.9309011363636364,0.033553125,ok,ue1_qfi82,0.0,9,100.0,data,ok,0.0,ue3_qfi9,246.25,ok,,0.6,ue2_qfi2,1,4612.75,4612.75,3.03,ok,330.0,,pending,,pending,"[8, 9]",ue7_qfi1,0,1,1,1931.25,1931.25,data,ok,2.0,0.1,1.0,16,TwoTier,1826701614,
ue16_qfi9,298.75,300.0,300.25,300.25,ok,0.6442263484375579,ok,ue7_qfi82,0,0,4,506.2500000000005,500.0,data,ok,2.0,False,,proxy,3,0,ue1_qfi2,0.0625,16,150.0,ok,ue9_qfi2,50.74,ok,0,ok,16,ue8_qfi2,0.45163159999999997,ok,0.6378148941568565,proxy,5,0.5917647482832776,67785459.2,ok,0.010718181818181818,ok,0.9313227272727272,0.035478125,ok,ue1_qfi82,0.0,9,100.0,data,ok,0.0,ue1_qfi2,77.921,ok,,,,,,,,ok,,,pending,,pending,"[8, 9]",ue7_qfi82,0,0,4,506.2500000000005,500.0,data,ok,2.0,0.1,1.0,16,PF,1367864806,
ue14_qfi9,299.75,300.25,300.25,300.25,ok,0.6853482303153229,ok,ue8_qfi1,1,1,1,3076.2500000000005,3076.2500000000005,data,ok,2.0,False,,proxy,3,0,ue12_qfi2,0.0,15,150.0,ok,ue14_qfi2,150.183,ok,0,ok,16,ue12_qfi2,0.0,ok,0.6433981864700009,proxy,5,0.6231620932180256,67245596.8,ok,0.011268181818181818,ok,0.9328022727272727,0.2301078125,ok,ue1_qfi1,0.0,3,100.0,data,ok,0.0,ue5_qfi2,79.02199999999999,ok,,1.2,ue2_qfi2,4,1645.5,3958.0,3.03,ok,330.0,,pending,,pending,"[8, 9]",ue8_qfi1,1,1,1,3076.2500000000005,3076.2500000000005,data,ok,2.0,0.1,1.0,16,Reservation,1367864806,
ue15_qfi9,260.5,299.5,300.0,300.0,ok,0.6480844787842769,ok,ue4_qfi1,1,1,1,4065.25,4065.25,data,ok,2.0,False,,proxy,3,0,ue6_qfi2,0.0,15,150.0,ok,ue5_qfi2,145.162,ok,0,ok,16,ue7_qfi2,0.344504,ok,0.5836515539650361,proxy,5,0.5426708919741364,64826812.800000004,ok,0.011177272727272727,ok,0.9313875,0.0373203125,ok,ue1_qfi82,0.0,9,100.0,data,ok,0.0,ue1_qfi9,241.25,ok,,0.6,ue1_qfi2,1,4612.0,4612.0,3.03,ok,330.0,,pending,,pending,"[8, 9]",ue4_qfi1,1,1,1,4065.25,4065.25,data,ok,2.0,0.1,1.0,16,TwoTier,1367864806,
ue16_qfi9,298.75,300.0,300.25,300.25,ok,0.6501793406672195,ok,ue12_qfi82,0,0,4,507.5000000000003,498.7500000000002,data,ok,2.0,False,,proxy,3,0,ue1_qfi2,0.0625,16,150.0,ok,ue15_qfi2,53.186,ok,0,ok,16,ue15_qfi2,0.4307992,ok,0.6341338418470344,proxy,5,0.5861937333187346,66916510.4,ok,0.011077272727272727,ok,0.9317715909090909,0.0366578125,ok,ue1_qfi82,0.0,9,100.0,data,ok,0.0,ue3_qfi2,75.722,ok,,,,,,,,ok,,,pending,,pending,"[8, 9]",ue12_qfi82,0,0,4,507.5000000000003,498.7500000000002,data,ok,2.0,0.1,1.0,16,PF,1097657231,
ue16_qfi9,300.0,300.25,300.25,300.25,ok,0.7083179959735701,ok,ue9_qfi1,1,1,1,3077.75,3077.75,data,ok,2.0,False,,proxy,3,0,ue7_qfi2,0.0,15,150.0,ok,ue9_qfi2,149.844,ok,0,ok,16,ue13_qfi2,0.0,ok,0.6252883524095855,proxy,5,0.5689353553861184,65934310.4,ok,0.011297727272727274,ok,0.9320590909090909,0.26914375,ok,ue1_qfi1,0.0,1,100.0,data,ok,0.0,ue1_qfi2,79.67800000000001,ok,,0.8,ue1_qfi2,3,2882.75,4546.0,3.03,ok,330.0,,pending,,pending,"[8, 9]",ue9_qfi1,1,1,1,3077.75,3077.75,data,ok,2.0,0.1,1.0,16,Reservation,1097657231,
ue14_qfi9,298.5,300.0,300.25,300.25,ok,0.6667844396752846,ok,ue3_qfi1,0,1,2,1061.0,1007.4999999999999,data,ok,2.0,False,,proxy,3,0,ue6_qfi2,0.0625,16,150.0,ok,ue3_qfi2,145.059,ok,0,ok,16,ue14_qfi2,0.14921320000000002,ok,0.5217801490271301,proxy,5,0.4804998220815863,61566012.8,ok,0.011072727272727272,ok,0.9311193181818181,0.038178125,ok,ue1_qfi1,0.0,3,100.0,data,ok,0.0,ue1_qfi9,261.25,ok,,2.0,ue5_qfi2,1,2302.0,2302.0,3.03,ok,330.0,,pending,,pending,"[8, 9]",ue3_qfi1,0,1,2,1061.0,1007.4999999999999,data,ok,2.0,0.1,1.0,16,TwoTier,1097657231,
ue16_qfi9,298.75,300.0,300.25,300.25,ok,0.6325641792595336,ok,ue1_qfi82,0,0,4,507.75000000000017,500.0,data,ok,2.0,False,,proxy,3,0,ue1_qfi2,0.0625,16,150.0,ok,ue7_qfi2,50.465,ok,0,ok,16,ue11_qfi2,0.45940840000000005,ok,0.644884164881182,proxy,5,0.5998921969526048,69924801.6,ok,0.010488636363636363,ok,0.9314636363636364,0.033571875,ok,ue1_qfi82,0.0,9,100.0,data,ok,0.0,ue14_qfi2,76.49999999999999,ok,,,,,,,,ok,,,pending,,pending,"[8, 9]",ue1_qfi82,0,0,4,507.75000000000017,500.0,data,ok,2.0,0.1,1.0,16,PF,579362555,
ue14_qfi9,299.75,300.25,300.25,300.25,ok,0.6809955703049736,ok,ue6_qfi1,1,1,1,3046.25,3046.25,data,ok,2.0,False,,proxy,3,0,ue6_qfi2,0.0,15,150.0,ok,ue13_qfi2,147.896,ok,0,ok,16,ue12_qfi2,0.0,ok,0.6563026605347313,proxy,5,0.6201428923810349,69257932.8,ok,0.010943181818181819,ok,0.9301875,0.2344828125,ok,ue1_qfi1,0.0,1,100.0,data,ok,0.0,ue3_qfi2,84.904,ok,,1.4,ue1_qfi2,3,998.0,2339.5,3.03,ok,330.0,,pending,,pending,"[8, 9]",ue6_qfi1,1,1,1,3046.25,3046.25,data,ok,2.0,0.1,1.0,16,Reservation,579362555,
ue13_qfi9,283.5,299.75,300.0,300.25,ok,0.6398100958807479,ok,ue4_qfi1,1,1,1,4089.0000000000005,4089.0000000000005,data,ok,2.0,False,,proxy,3,0,ue8_qfi2,0.0,15,150.0,ok,ue3_qfi2,134.774,ok,0,ok,16,ue11_qfi2,0.3702156,ok,0.5688393960019702,proxy,5,0.5441601687318168,66493108.8,ok,0.010859090909090909,ok,0.9312818181818182,0.0351625,ok,ue1_qfi82,0.0,9,100.0,data,ok,0.0,ue2_qfi9,244.0,ok,,0.6,ue2_qfi2,1,4611.5,4611.5,3.03,ok,330.0,,pending,,pending,"[8, 9]",ue4_qfi1,1,1,1,4089.0000000000005,4089.0000000000005,data,ok,2.0,0.1,1.0,16,TwoTier,579362555,
ue16_qfi9,298.75,300.0,300.25,300.25,ok,0.645418297847239,ok,ue5_qfi82,0,0,4,508.2499999999999,498.25000000000006,data,ok,2.0,False,,proxy,3,0,ue1_qfi2,0.0625,16,150.0,ok,ue3_qfi2,52.5,ok,0,ok,16,ue9_qfi2,0.442002,ok,0.6371202202018301,proxy,5,0.5851224778240497,67759152.0,ok,0.011497727272727272,ok,0.9319431818181818,0.03579375,ok,ue1_qfi82,0.0,9,100.0,data,ok,0.0,ue5_qfi2,76.857,ok,,,,,,,,ok,,,pending,,pending,"[8, 9]",ue5_qfi82,0,0,4,508.2499999999999,498.25000000000006,data,ok,2.0,0.1,1.0,16,PF,661058651,
ue16_qfi9,300.0,300.25,300.25,300.25,ok,0.6845406754410768,ok,ue7_qfi1,1,1,1,3077.0000000000005,3077.0000000000005,data,ok,2.0,False,,proxy,3,0,ue12_qfi2,0.0,15,150.0,ok,ue5_qfi2,150.143,ok,0,ok,16,ue12_qfi2,0.0,ok,0.6197271349446276,proxy,5,0.5524798633822396,67194873.6,ok,0.010977272727272728,ok,0.9318579545454545,0.234384375,ok,ue1_qfi82,0.0,9,100.0,data,ok,0.0,ue6_qfi2,83.77199999999999,ok,,1.4,ue5_qfi2,4,1257.25,3602.0,3.03,ok,330.0,,pending,,pending,"[8, 9]",ue7_qfi1,1,1,1,3077.0000000000005,3077.0000000000005,data,ok,2.0,0.1,1.0,16,Reservation,661058651,
ue15_qfi9,278.25,299.75,300.0,300.25,ok,0.6470107736721876,ok,ue2_qfi1,1,1,1,4068.25,4068.25,data,ok,2.0,False,,proxy,3,0,ue12_qfi2,0.0,15,150.0,ok,ue3_qfi2,135.992,ok,0,ok,16,ue11_qfi2,0.3476196,ok,0.5800844722819565,proxy,5,0.5542546612510236,65375107.2,ok,0.0108,ok,0.9297102272727272,0.0359,ok,ue1_qfi82,0.0,9,100.0,data,ok,0.0,ue2_qfi9,261.5,ok,,0.6,ue2_qfi2,1,4620.75,4620.75,3.03,ok,330.0,,pending,,pending,"[8, 9]",ue2_qfi1,1,1,1,4068.25,4068.25,data,ok,2.0,0.1,1.0,16,TwoTier,661058651,
ue16_qfi9,298.75,300.0,300.25,300.25,ok,0.6434094269226552,ok,ue13_qfi82,0,0,3,506.49999999999994,500.0,data,ok,2.0,False,,proxy,3,0,ue1_qfi2,0.0625,16,150.0,ok,ue1_qfi2,50.16,ok,0,ok,16,ue11_qfi2,0.4371812,ok,0.6388220038448172,proxy,5,0.5935569309532539,68085339.2,ok,0.010797727272727273,ok,0.9317863636363637,0.03503125,ok,ue1_qfi82,0.0,9,100.0,data,ok,0.0,ue3_qfi2,76.37199999999999,ok,,,,,,,,ok,,,pending,,pending,"[8, 9]",ue13_qfi82,0,0,3,506.49999999999994,500.0,data,ok,2.0,0.1,1.0,16,PF,87989972,
ue14_qfi9,299.75,300.25,300.25,300.25,ok,0.6773458855626484,ok,ue6_qfi1,1,2,2,3069.2500000000005,2044.0,data,ok,2.0,False,,proxy,3,0,ue11_qfi2,0.0,15,150.0,ok,ue2_qfi2,149.724,ok,0,ok,16,ue11_qfi2,0.0,ok,0.6381722918811664,proxy,5,0.6073894147125447,68172598.4,ok,0.010702272727272727,ok,0.9320693181818182,0.2171296875,ok,ue1_qfi1,0.0,3,100.0,data,ok,0.0,ue10_qfi2,83.61399999999999,ok,,1.2,ue4_qfi2,4,1664.5,4232.0,3.03,ok,330.0,,pending,,pending,"[8, 9]",ue6_qfi1,1,2,2,3069.2500000000005,2044.0,data,ok,2.0,0.1,1.0,16,Reservation,87989972,
ue9_qfi9,207.25,299.5,300.0,300.25,ok,0.642813674246554,ok,ue11_qfi2,1,1,1,2059.5,1.4999999999998348,data,ok,2.0,False,,proxy,3,0,ue8_qfi2,0.0,15,150.0,ok,ue3_qfi2,133.0,ok,0,ok,16,ue11_qfi2,0.1042512,ok,0.5717113128868004,proxy,5,0.5499828148909075,66019923.2,ok,0.010879545454545454,ok,0.9335738636363636,0.037059375,ok,ue1_qfi82,0.0,9,100.0,data,ok,0.0,ue1_qfi9,225.0,ok,,0.4,ue5_qfi2,1,4924.25,4924.25,3.03,ok,330.0,,pending,,pending,"[8, 9]",ue11_qfi2,1,1,1,2059.5,1.4999999999998348,data,ok,2.0,0.1,1.0,16,TwoTier,87989972,
ue16_qfi9,298.75,300.0,300.25,300.25,ok,0.6454468284582809,ok,ue1_qfi82,0,0,5,508.0,501.2499999999998,data,ok,2.0,False,,proxy,3,0,ue1_qfi2,0.0625,16,150.0,ok,ue6_qfi2,141.384,ok,0,ok,16,ue15_qfi2,0.4566412,ok,0.6373619336369932,proxy,5,0.5950982861022912,67717499.2,ok,0.011036363636363636,ok,0.9327386363636364,0.03623125,ok,ue1_qfi82,0.0,9,100.0,data,ok,0.0,ue8_qfi2,76.579,ok,,0.4,ue6_qfi2,1,4524.25,4524.25,3.03,ok,330.0,,pending,,pending,"[8, 9]",ue1_qfi82,0,0,5,508.0,501.2499999999998,data,ok,2.0,0.1,1.0,16,PF,161576974,
ue16_qfi9,300.0,300.25,300.25,300.25,ok,0.7021966916774198,ok,ue1_qfi1,1,1,1,2063.0,2063.0,data,ok,2.0,False,,proxy,3,0,ue10_qfi2,0.0,15,150.0,ok,ue1_qfi2,149.073,ok,0,ok,16,ue12_qfi2,0.0,ok,0.6208245049843395,proxy,5,0.5695680090429927,67018772.8,ok,0.010956818181818182,ok,0.9318272727272727,0.2686828125,ok,ue1_qfi1,0.0,1,100.0,data,ok,0.0,ue15_qfi2,86.25000000000001,ok,,0.8,ue9_qfi2,2,2237.5,3883.0,3.03,ok,330.0,,pending,,pending,"[8, 9]",ue1_qfi1,1,1,1,2063.0,2063.0,data,ok,2.0,0.1,1.0,16,Reservation,161576974,
ue15_qfi9,173.0,298.75,299.75,300.0,ok,0.6466526233746169,ok,ue4_qfi1,0,2,2,1967.75,1496.375,data,ok,2.0,False,,proxy,3,0,ue11_qfi2,0.0,15,150.0,ok,ue5_qfi2,142.421,ok,0,ok,16,ue15_qfi2,0.2534904,ok,0.5869651735342144,proxy,5,0.4807498717591352,65405928.0,ok,0.01071590909090909,ok,0.9326306818181819,0.0370796875,ok,ue1_qfi1,0.0,1,100.0,data,ok,0.0,ue1_qfi9,253.5,ok,,0.8,ue1_qfi2,1,3926.5,3926.5,3.03,ok,330.0,,pending,,pending,"[8, 9]",ue4_qfi1,0,2,2,1967.75,1496.375,data,ok,2.0,0.1,1.0,16,TwoTier,161576974,
ue16_qfi9,299.0,300.0,300.25,300.25,ok,0.6520604271323437,ok,ue14_qfi82,0,0,5,509.2500000000002,501.25000000000017,data,ok,2.0,False,,proxy,3,0,ue1_qfi2,0.0625,16,150.0,ok,ue4_qfi2,53.13,ok,0,ok,16,ue12_qfi2,0.405874,ok,0.633385508693699,proxy,5,0.5903336704447926,66518697.6,ok,0.011936363636363636,ok,0.9341329545454545,0.03720625,ok,ue1_qfi82,0.0,9,100.0,data,ok,0.0,ue13_qfi2,77.45599999999999,ok,,,,,,,,ok,,,pending,,pending,"[8, 9]",ue14_qfi82,0,0,5,509.2500000000002,501.25000000000017,data,ok,2.0,0.1,1.0,16,PF,35492826,
ue15_qfi9,300.0,300.25,300.25,300.25,ok,0.6973738180133539,ok,ue1_qfi1,1,1,1,4077.0,4077.0,data,ok,2.0,False,,proxy,3,0,ue12_qfi2,0.0,15,150.0,ok,ue6_qfi2,149.92,ok,0,ok,16,ue12_qfi2,0.0,ok,0.6406404758166131,proxy,5,0.6144844994769422,66750028.8,ok,0.011252272727272727,ok,0.931340909090909,0.2438546875,ok,ue1_qfi1,0.0,1,100.0,data,ok,0.0,ue14_qfi2,79.171,ok,,1.0,ue6_qfi2,3,1666.75,4003.25,3.03,ok,330.0,,pending,,pending,"[8, 9]",ue1_qfi1,1,1,1,4077.0,4077.0,data,ok,2.0,0.1,1.0,16,Reservation,35492826,
ue15_qfi9,237.25,299.75,300.0,300.25,ok,0.6576964447622933,ok,ue5_qfi1,1,1,1,3022.5,3022.5,data,ok,2.0,False,,proxy,3,0,ue10_qfi2,0.0,15,150.0,ok,ue5_qfi2,141.314,ok,0,ok,16,ue7_qfi2,0.24823320000000001,ok,0.5551781798573657,proxy,5,0.5317614134027819,63311932.8,ok,0.010922727272727273,ok,0.9328636363636363,0.0385640625,ok,ue1_qfi82,0.0,9,100.0,data,ok,0.0,ue4_qfi9,242.25,ok,,0.4,ue2_qfi2,1,4629.75,4629.75,3.03,ok,330.0,,pending,,pending,"[8, 9]",ue5_qfi1,1,1,1,3022.5,3022.5,data,ok,2.0,0.1,1.0,16,TwoTier,35492826,
ue16_qfi9,298.75,300.0,300.25,300.25,ok,0.6425080444296797,ok,ue7_qfi82,0,0,5,506.50000000000006,501.00000000000034,data,ok,2.0,False,,proxy,3,0,ue1_qfi2,0.0625,16,150.0,ok,ue3_qfi2,51.024,ok,0,ok,16,ue3_qfi2,0.4449148,ok,0.6386563229996638,proxy,5,0.5916850485824129,68289401.6,ok,0.010902272727272727,ok,0.9339102272727273,0.0346875,ok,ue1_qfi82,0.0,9,100.0,data,ok,0.0,ue14_qfi2,77.13699999999999,ok,,,,,,,,ok,,,pending,,pending,"[8, 9]",ue7_qfi82,0,0,5,506.50000000000006,501.00000000000034,data,ok,2.0,0.1,1.0,16,PF,376383645,
ue13_qfi9,299.75,300.25,300.25,300.25,ok,0.682863241114969,ok,ue3_qfi1,1,1,1,3092.5000000000005,3092.5000000000005,data,ok,2.0,False,,proxy,3,0,ue11_qfi2,0.0,15,150.0,ok,ue3_qfi2,150.194,ok,0,ok,16,ue11_qfi2,0.0,ok,0.6241168052698964,proxy,5,0.591786566304077,67247732.8,ok,0.010897727272727272,ok,0.9315579545454545,0.222278125,ok,ue1_qfi1,0.0,3,100.0,data,ok,0.0,ue1_qfi2,83.384,ok,,0.8,ue4_qfi2,3,2260.0,4528.75,3.03,ok,330.0,,pending,,pending,"[8, 9]",ue3_qfi1,1,1,1,3092.5000000000005,3092.5000000000005,data,ok,2.0,0.1,1.0,16,Reservation,376383645,
ue16_qfi9,297.75,300.0,300.25,300.25,ok,0.6598070113525235,ok,ue1_qfi1,0,1,2,1062.5,1030.0,data,ok,2.0,False,,proxy,3,0,ue6_qfi2,0.0625,16,150.0,ok,ue3_qfi2,144.212,ok,0,ok,16,ue8_qfi2,0.1530252,ok,0.5229671605170372,proxy,5,0.48048226643686304,62821224.0,ok,0.011018181818181818,ok,0.9323125,0.036425,ok,ue1_qfi1,0.0,2,100.0,data,ok,0.0,ue1_qfi9,265.5,ok,,2.0,ue1_qfi2,1,2310.25,2310.25,3.03,ok,330.0,,pending,,pending,"[8, 9]",ue1_qfi1,0,1,2,1062.5,1030.0,data,ok,2.0,0.1,1.0,16,TwoTier,376383645,
ue16_qfi9,298.75,300.0,300.25,300.25,ok,0.6428940531331415,ok,ue3_qfi82,0,0,3,507.75000000000006,500.0,data,ok,2.0,False,,proxy,3,0,ue1_qfi2,0.0625,16,150.0,ok,ue14_qfi2,50.658,ok,0,ok,16,ue11_qfi2,0.44901959999999996,ok,0.6390709960130695,proxy,5,0.5975332316341888,67821899.2,ok,0.010906818181818182,ok,0.9339011363636364,0.03645,ok,ue1_qfi82,0.0,9,100.0,data,ok,0.0,ue10_qfi2,75.756,ok,,,,,,,,ok,,,pending,,pending,"[8, 9]",ue3_qfi82,0,0,3,507.75000000000006,500.0,data,ok,2.0,0.1,1.0,16,PF,1746484539,
ue16_qfi9,300.0,300.25,300.25,300.25,ok,0.6916644881890505,ok,ue6_qfi1,1,1,1,3050.25,3050.25,data,ok,2.0,False,,proxy,3,0,ue11_qfi2,0.0,15,150.0,ok,ue4_qfi2,146.192,ok,0,ok,16,ue11_qfi2,0.0,ok,0.6386273700671545,proxy,5,0.5677584485769154,67204620.8,ok,0.010893181818181817,ok,0.9324125,0.24495625,ok,ue1_qfi1,0.0,2,100.0,data,ok,0.0,ue13_qfi2,83.05699999999999,ok,,0.8,ue10_qfi2,3,1661.75,4548.75,3.03,ok,330.0,,pending,,pending,"[8, 9]",ue6_qfi1,1,1,1,3050.25,3050.25,data,ok,2.0,0.1,1.0,16,Reservation,1746484539,
ue16_qfi9,236.0,299.25,300.0,300.0,ok,0.6452885948808437,ok,ue4_qfi1,1,1,1,4068.7499999999995,4068.7499999999995,data,ok,2.0,False,,proxy,3,0,ue9_qfi2,0.0,15,150.0,ok,ue1_qfi2,146.207,ok,0,ok,16,ue6_qfi2,0.342438,ok,0.5767134300146219,proxy,5,0.5323047458894036,65172958.4,ok,0.010647727272727272,ok,0.9330909090909091,0.0376921875,ok,ue1_qfi82,0.0,9,100.0,data,ok,0.0,ue1_qfi9,256.75,ok,,0.6,ue3_qfi2,1,4551.75,4551.75,3.03,ok,330.0,,pending,,pending,"[8, 9]",ue4_qfi1,1,1,1,4068.7499999999995,4068.7499999999995,data,ok,2.0,0.1,1.0,16,TwoTier,1746484539,
ue5_qfi9,297.75,300.0,300.0,300.25,ok,0.27354697736113887,ok,ue2_qfi1,0,0,0,134.49999999999994,98.75000000000011,data,ok,2.0,False,,proxy,3,0,ue1_qfi2,1.0,152,150.0,ok,ue1_qfi2,29.855,ok,8,ok,8,ue2_qfi2,0.9578576,ok,0.9481704217960418,proxy,5,0.946728867418033,67732140.8,ok,0.005868181818181818,ok,0.9305647727272728,0.0375796875,ok,ue3_qfi1,0.4897959183673469,49,100.0,data,ok,0.0,ue2_qfi1,36.75,ok,,30.4,ue1_qfi2,0,0.0,0.0,30.303,ok,33.0,,pending,,pending,"[8, 9]",ue2_qfi1,0,0,0,134.49999999999994,98.75000000000011,data,ok,2.0,,1.0,8,PF,1826701614,6.0
ue5_qfi9,295.5,300.0,300.0,300.25,ok,0.2805987461960958,ok,ue6_qfi1,0,0,0,124.49999999999983,99.75000000000001,data,ok,2.0,False,,proxy,3,0,ue3_qfi2,0.0,147,150.0,ok,ue5_qfi2,22.018,ok,7,ok,8,ue3_qfi2,0.0,ok,0.8828568896655321,proxy,5,0.8812219703275623,67000152.0,ok,0.004543181818181819,ok,0.9309284090909091,0.095803125,ok,ue7_qfi1,0.46938775510204084,49,100.0,data,ok,0.0,ue8_qfi9,131.0,ok,,30.4,ue1_qfi2,0,0.0,0.0,30.303,ok,33.0,,pending,,pending,"[8, 9]",ue6_qfi1,0,0,0,124.49999999999983,99.75000000000001,data,ok,2.0,,1.0,8,Reservation,1826701614,6.0
ue4_qfi9,266.75,299.75,300.0,300.25,ok,0.2616066734753902,ok,ue4_qfi1,0,0,0,463.4999999999998,104.75000000000011,data,ok,2.0,False,,proxy,3,0,ue4_qfi2,0.9933774834437086,151,150.0,ok,ue4_qfi2,86.154,ok,8,ok,8,ue4_qfi2,0.952076,ok,0.9069975182084498,proxy,5,0.8864152891700504,68633563.2,ok,0.0049068181818181815,ok,0.9306420454545454,0.0356046875,ok,ue4_qfi1,0.3333333333333333,33,100.0,data,ok,0.0,ue6_qfi9,180.25,ok,,30.2,ue8_qfi2,17,99.5,1343.5,30.303,ok,33.0,,pending,,pending,"[8, 9]",ue4_qfi1,0,0,0,463.4999999999998,104.75000000000011,data,ok,2.0,,1.0,8,TwoTier,1826701614,6.0
ue6_qfi9,297.75,300.0,300.0,300.25,ok,0.2587383070108163,ok,ue2_qfi1,0,0,0,176.00000000000017,100.00000000000009,data,ok,2.0,False,,proxy,3,0,ue6_qfi2,0.993421052631579,152,150.0,ok,ue2_qfi2,28.891,ok,8,ok,8,ue3_qfi2,0.9587068000000001,ok,0.9529124578929412,proxy,5,0.9368146403448193,69180576.0,ok,0.00545,ok,0.9320409090909091,0.036609375,ok,ue3_qfi1,0.4489795918367347,49,100.0,data,ok,0.0,ue2_qfi1,82.5,ok,,30.4,ue1_qfi2,0,0.0,0.0,30.303,ok,33.0,,pending,,pending,"[8, 9]",ue2_qfi1,0,0,0,176.00000000000017,100.00000000000009,data,ok,2.0,,1.0,8,PF,1367864806,6.0
ue6_qfi9,296.0,300.0,300.0,300.25,ok,0.2647751218658472,ok,ue2_qfi1,0,0,0,123.49999999999994,99.75,data,ok,2.0,False,,proxy,3,0,ue3_qfi2,0.0,147,150.0,ok,ue2_qfi2,22.983,ok,7,ok,8,ue3_qfi2,0.0,ok,0.8861786485235795,proxy,5,0.8760419481812438,68734811.2,ok,0.0042977272727272725,ok,0.9333568181818181,0.0932421875,ok,ue5_qfi1,0.4489795918367347,49,100.0,data,ok,0.0,ue8_qfi9,138.5,ok,,30.2,ue8_qfi2,1,66.25,66.25,30.303,ok,33.0,,pending,,pending,"[8, 9]",ue2_qfi1,0,0,0,123.49999999999994,99.75,data,ok,2.0,,1.0,8,Reservation,1367864806,6.0
ue3_qfi9,297.25,300.0,300.25,300.25,ok,0.24968518603356446,ok,ue1_qfi9,1,1,1,2214.4999999999995,0.0,data,ok,2.0,False,,proxy,3,0,ue1_qfi2,0.9602649006622517,151,150.0,ok,ue1_qfi2,143.697,ok,8,ok,8,ue1_qfi2,0.9538976,ok,0.9140321313355992,proxy,5,0.8888669969804948,70005571.2,ok,0.0051045454545454545,ok,0.9317659090909091,0.034853125,ok,ue1_qfi1,0.3684210526315789,19,100.0,data,ok,0.0,ue1_qfi9,183.75,ok,,29.2,ue1_qfi2,18,152.75,1639.0,30.303,ok,33.0,,pending,,pending,"[8, 9]",ue1_qfi1,1,1,1,2212.2500000000005,112.7499999999999,data,ok,2.0,,1.0,8,TwoTier,1367864806,6.0
ue7_qfi9,296.5,299.75,300.0,300.25,ok,0.2747340115658882,ok,ue1_qfi1,0,0,0,162.25000000000023,99.50000000000003,data,ok,2.0,False,,proxy,3,0,ue7_qfi2,0.993421052631579,152,150.0,ok,ue1_qfi2,29.157,ok,8,ok,8,ue8_qfi2,0.9680356,ok,0.9492736294826859,proxy,5,0.941344584201216,67856153.6,ok,0.0052590909090909094,ok,0.9322727272727273,0.0368421875,ok,ue2_qfi1,0.5102040816326531,49,100.0,data,ok,0.0,ue8_qfi9,68.75,ok,,30.2,ue7_qfi2,1,68.25,68.25,30.303,ok,33.0,,pending,,pending,"[8, 9]",ue1_qfi1,0,0,0,162.25000000000023,99.50000000000003,data,ok,2.0,,1.0,8,PF,1097657231,6.0
ue7_qfi9,292.0,299.75,300.0,300.25,ok,0.27724725488395424,ok,ue6_qfi1,0,0,0,123.25000000000009,99.75,data,ok,2.0,False,,proxy,3,0,ue3_qfi2,0.0,147,150.0,ok,ue1_qfi2,22.746,ok,7,ok,8,ue3_qfi2,0.0,ok,0.8848251885705493,proxy,5,0.8801900647055724,67541630.4,ok,0.004479545454545455,ok,0.9314670454545455,0.093775,ok,ue5_qfi1,0.4897959183673469,49,100.0,data,ok,0.0,ue8_qfi9,258.5,ok,,30.0,ue6_qfi2,1,78.5,78.5,30.303,ok,33.0,,pending,,pending,"[8, 9]",ue6_qfi1,0,0,0,123.25000000000009,99.75,data,ok,2.0,,1.0,8,Reservation,1097657231,6.0
ue4_qfi9,295.75,299.75,300.0,300.25,ok,0.26297195107035637,ok,ue2_qfi9,0,1,1,1162.0,0.0,data,ok,2.0,False,,proxy,3,0,ue1_qfi2,0.9594594594594594,148,150.0,ok,ue1_qfi2,124.354,ok,7,ok,8,ue1_qfi2,0.9374596,ok,0.8958045380141251,proxy,5,0.8612238271197714,68830276.8,ok,0.005206818181818182,ok,0.9316988636363637,0.0348421875,ok,ue3_qfi1,0.41025641025641024,39,100.0,data,ok,0.0,ue6_qfi9,185.5,ok,,30.0,ue8_qfi2,20,95.0,1503.5,30.303,ok,33.0,,pending,,pending,"[8, 9]",ue3_qfi1,0,0,0,329.9999999999996,100.50000000000026,data,ok,2.0,,1.0,8,TwoTier,1097657231,6.0
ue5_qfi9,297.5,299.75,300.0,300.25,ok,0.24094636845730164,ok,ue2_qfi1,0,0,0,169.49999999999977,99.99999999999997,data,ok,2.0,False,,proxy,3,0,ue1_qfi2,1.0,152,150.0,ok,ue2_qfi2,30.64,ok,8,ok,8,ue8_qfi2,0.9636376,ok,0.9550052022258819,proxy,5,0.9512330399621852,70776377.6,ok,0.0053704545454545454,ok,0.9311920454545455,0.03606875,ok,ue2_qfi1,0.5102040816326531,49,100.0,data,ok,0.0,ue7_qfi9,91.25,ok,,30.4,ue1_qfi2,0,0.0,0.0,30.303,ok,33.0,,pending,,pending,"[8, 9]",ue2_qfi1,0,0,0,169.49999999999977,99.99999999999997,data,ok,2.0,,1.0,8,PF,579362555,6.0
ue8_qfi9,292.0,299.75,300.0,300.25,ok,0.265565913070852,ok,ue2_qfi1,0,0,0,125.25000000000031,99.75,data,ok,2.0,False,,proxy,3,0,ue5_qfi2,0.993421052631579,152,150.0,ok,ue2_qfi2,24.361,ok,8,ok,8,ue8_qfi2,0.9636376,ok,0.9554459663844639,proxy,5,0.9533536529143622,69333168.0,ok,0.0045340909090909095,ok,0.9317840909090909,0.1130625,ok,ue1_qfi1,0.4897959183673469,49,100.0,data,ok,0.0,ue4_qfi1,22.25,ok,,30.2,ue6_qfi2,1,77.0,77.0,30.303,ok,33.0,,pending,,pending,"[8, 9]",ue2_qfi1,0,0,0,125.25000000000031,99.75,data,ok,2.0,,1.0,8,Reservation,579362555,6.0
ue4_qfi9,292.75,299.75,300.0,300.25,ok,0.2585375780005984,ok,ue2_qfi9,0,0,1,611.5000000000003,0.0,data,ok,2.0,False,,proxy,3,0,ue5_qfi2,0.881578947368421,152,150.0,ok,ue1_qfi2,125.253,ok,3,ok,8,ue8_qfi2,0.8463388000000001,ok,0.8930421526005243,proxy,5,0.8638949481701858,69157608.0,ok,0.005161363636363637,ok,0.9309238636363636,0.035171875,ok,ue2_qfi1,0.4666666666666667,30,100.0,data,ok,0.0,ue2_qfi9,287.0,ok,,28.4,ue1_qfi2,19,112.25,1649.0,30.303,ok,33.0,,pending,,pending,"[8, 9]",ue2_qfi1,0,0,1,605.5000000000001,101.0,data,ok,2.0,,1.0,8,TwoTier,579362555,6.0
ue4_qfi9,298.0,300.0,300.25,300.25,ok,0.2408696576940607,ok,ue2_qfi1,0,0,0,161.5000000000002,100.00000000000009,data,ok,2.0,False,,proxy,3,0,ue1_qfi2,1.0,152,150.0,ok,ue2_qfi2,28.213,ok,8,ok,8,ue8_qfi2,0.9537664,ok,0.9552606397265286,proxy,5,0.9508610045601785,70431528.0,ok,0.005440909090909091,ok,0.93325,0.0363296875,ok,ue3_qfi1,0.46938775510204084,49,100.0,data,ok,0.0,ue8_qfi9,271.25,ok,,30.4,ue1_qfi2,0,0.0,0.0,30.303,ok,33.0,,pending,,pending,"[8, 9]",ue2_qfi1,0,0,0,161.5000000000002,100.00000000000009,data,ok,2.0,,1.0,8,PF,661058651,6.0
ue4_qfi9,296.75,300.0,300.0,300.25,ok,0.24726233971882972,ok,ue1_qfi1,0,0,0,122.74999999999991,99.75000000000023,data,ok,2.0,False,,proxy,3,0,ue3_qfi2,0.0,147,150.0,ok,ue1_qfi2,21.137,ok,7,ok,8,ue3_qfi2,0.0,ok,0.8883802695385322,proxy,5,0.8849091421870766,69892955.2,ok,0.004504545454545455,ok,0.9309465909090909,0.0876828125,ok,ue6_qfi1,0.4489795918367347,49,100.0,data,ok,0.0,ue7_qfi9,162.5,ok,,30.2,ue2_qfi2,1,72.75,72.75,30.303,ok,33.0,,pending,,pending,"[8, 9]",ue1_qfi1,0,0,0,122.74999999999991,99.75000000000023,data,ok,2.0,,1.0,8,Reservation,661058651,6.0
ue3_qfi9,296.0,300.0,300.0,300.25,ok,0.23331125703935088,ok,ue1_qfi9,0,0,1,711.2499999999998,0.0,data,ok,2.0,False,,proxy,3,0,ue6_qfi2,0.993421052631579,152,150.0,ok,ue1_qfi2,80.98,ok,6,ok,8,ue8_qfi2,0.9425836,ok,0.9075118290485886,proxy,5,0.8691651409790738,71402548.8,ok,0.004813636363636364,ok,0.9318090909090909,0.0331375,ok,ue1_qfi1,0.28,25,100.0,data,ok,0.0,ue6_qfi9,173.0,ok,,30.2,ue8_qfi2,28,92.75,2165.25,30.303,ok,33.0,,pending,,pending,"[8, 9]",ue1_qfi1,0,0,0,492.24999999999943,121.00000000000001,data,ok,2.0,,1.0,8,TwoTier,661058651,6.0
ue6_qfi9,296.25,299.75,300.0,300.25,ok,0.294166009791598,ok,ue5_qfi1,0,0,0,129.9999999999999,100.00000000000009,data,ok,2.0,False,,proxy,3,0,ue5_qfi2,0.993421052631579,152,150.0,ok,ue2_qfi2,31.2,ok,8,ok,8,ue3_qfi2,0.9645228,ok,0.9431186676000151,proxy,5,0.9348136389273582,65936804.8,ok,0.005518181818181818,ok,0.932509090909091,0.0387359375,ok,ue5_qfi1,0.4897959183673469,49,100.0,data,ok,0.0,ue5_qfi1,26.75,ok,,30.4,ue1_qfi2,0,0.0,0.0,30.303,ok,33.0,,pending,,pending,"[8, 9]",ue5_qfi1,0,0,0,129.9999999999999,100.00000000000009,data,ok,2.0,,1.0,8,PF,87989972,6.0
ue5_qfi9,296.75,300.0,300.25,300.25,ok,0.291785842697796,ok,ue4_qfi1,0,0,0,125.0,99.75,data,ok,2.0,False,,proxy,3,0,ue3_qfi2,0.0,148,150.0,ok,ue2_qfi2,22.788,ok,7,ok,8,ue3_qfi2,0.0,ok,0.881969580285657,proxy,5,0.8749677370504542,66056918.4,ok,0.004763636363636364,ok,0.931459090909091,0.096696875,ok,ue8_qfi1,0.40816326530612246,49,100.0,data,ok,0.0,ue8_qfi9,194.25,ok,,30.4,ue1_qfi2,0,0.0,0.0,30.303,ok,33.0,,pending,,pending,"[8, 9]",ue4_qfi1,0,0,0,125.0,99.75,data,ok,2.0,,1.0,8,Reservation,87989972,6.0
ue3_qfi9,233.5,300.0,300.0,300.25,ok,0.27686424099800583,ok,ue2_qfi9,0,0,1,610.5,0.0,data,ok,2.0,False,,proxy,3,0,ue5_qfi2,0.993421052631579,152,150.0,ok,ue3_qfi2,92.546,ok,8,ok,8,ue3_qfi2,0.9508892,ok,0.8883287404056219,proxy,5,0.8626562689161134,67021076.800000004,ok,0.0060568181818181814,ok,0.9316409090909091,0.036509375,ok,ue1_qfi1,0.32142857142857145,28,100.0,data,ok,0.0,ue1_qfi9,187.5,ok,,30.4,ue8_qfi2,15,99.5,1193.5,30.303,ok,33.0,,pending,,pending,"[8, 9]",ue3_qfi1,0,0,1,547.7500000000002,182.12500000000003,data,ok,2.0,,1.0,8,TwoTier,87989972,6.0
ue5_qfi9,297.75,300.0,300.0,300.25,ok,0.26390385009111156,ok,ue1_qfi1,0,0,0,147.00000000000003,99.24999999999962,data,ok,2.0,False,,proxy,3,0,ue2_qfi2,0.993421052631579,152,150.0,ok,ue2_qfi2,30.14,ok,8,ok,8,ue3_qfi2,0.9505348,ok,0.9468386450801496,proxy,5,0.933508150466802,68607574.4,ok,0.005288636363636363,ok,0.9325829545454546,0.03820625,ok,ue2_qfi1,0.40816326530612246,49,100.0,data,ok,0.0,ue8_qfi9,49.25,ok,,30.2,ue2_qfi2,1,71.75,71.75,30.303,ok,33.0,,pending,,pending,"[8, 9]",ue1_qfi1,0,0,0,147.00000000000003,99.24999999999962,data,ok,2.0,,1.0,8,PF,161576974,6.0
ue7_qfi9,295.25,300.0,300.0,300.25,ok,0.2958460930900573,ok,ue1_qfi1,0,0,0,201.24999999999994,100.00000000000009,data,ok,2.0,False,,proxy,3,0,ue1_qfi2,1.0,152,150.0,ok,ue1_qfi2,24.94,ok,8,ok,8,ue3_qfi2,0.9505348,ok,0.9462795926457048,proxy,5,0.9326733298111638,66534713.6,ok,0.004506818181818182,ok,0.9320931818181818,0.1214953125,ok,ue6_qfi1,0.40816326530612246,49,100.0,data,ok,0.0,ue2_qfi1,27.25,ok,,30.4,ue1_qfi2,0,0.0,0.0,30.303,ok,33.0,,pending,,pending,"[8, 9]",ue1_qfi1,0,0,0,201.24999999999994,100.00000000000009,data,ok,2.0,,1.0,8,Reservation,161576974,6.0
ue3_qfi9,295.25,299.75,300.0,300.25,ok,0.2541390611022385,ok,ue1_qfi1,0,0,0,478.9999999999999,106.5000000000001,data,ok,2.0,False,,proxy,3,0,ue6_qfi2,0.9933333333333333,150,150.0,ok,ue2_qfi2,92.855,ok,7,ok,8,ue3_qfi2,0.9390544000000001,ok,0.9031029674767929,proxy,5,0.888330196808905,69203161.6,ok,0.005275,ok,0.9330079545454546,0.03633125,ok,ue1_qfi1,0.35294117647058826,34,100.0,data,ok,0.0,ue2_qfi9,269.5,ok,,30.2,ue8_qfi2,25,100.25,1941.5,30.303,ok,33.0,,pending,,pending,"[8, 9]",ue1_qfi1,0,0,0,478.9999999999999,106.5000000000001,data,ok,2.0,,1.0,8,TwoTier,161576974,6.0
ue7_qfi9,296.5,299.75,300.0,300.25,ok,0.28711589408512056,ok,ue1_qfi1,0,0,0,143.2500000000001,98.99999999999976,data,ok,2.0,False,,proxy,3,0,ue1_qfi2,0.993421052631579,152,150.0,ok,ue1_qfi2,31.435,ok,8,ok,8,ue6_qfi2,0.9690408,ok,0.9443038848945197,proxy,5,0.9391557304929669,66661075.2,ok,0.005709090909090909,ok,0.9341125,0.03749375,ok,ue7_qfi1,0.4897959183673469,49,100.0,data,ok,0.0,ue1_qfi1,40.75,ok,,30.2,ue1_qfi2,0,0.0,0.0,30.303,ok,33.0,,pending,,pending,"[8, 9]",ue1_qfi1,0,0,0,143.2500000000001,98.99999999999976,data,ok,2.0,,1.0,8,PF,35492826,6.0
ue6_qfi9,292.25,299.75,300.0,300.25,ok,0.2934497932914352,ok,ue5_qfi1,0,0,0,125.24999999999986,99.99999999999964,data,ok,2.0,False,,proxy,3,0,ue3_qfi2,0.0,148,150.0,ok,ue1_qfi2,22.362,ok,7,ok,8,ue3_qfi2,0.0,ok,0.8802624747242664,proxy,5,0.8771566725406961,66037137.6,ok,0.004595454545454546,ok,0.9321556818181819,0.0954375,ok,ue7_qfi1,0.4489795918367347,49,100.0,data,ok,0.0,ue8_qfi9,102.5,ok,,30.4,ue1_qfi2,0,0.0,0.0,30.303,ok,33.0,,pending,,pending,"[8, 9]",ue5_qfi1,0,0,0,125.24999999999986,99.99999999999964,data,ok,2.0,,1.0,8,Reservation,35492826,6.0
ue5_qfi9,290.5,299.75,300.0,300.25,ok,0.31191027439131297,ok,ue1_qfi1,0,0,0,389.74999999999983,101.75,data,ok,2.0,False,,proxy,3,0,ue5_qfi2,0.7828947368421053,152,150.0,ok,ue1_qfi2,141.615,ok,4,ok,8,ue7_qfi2,0.7645211999999999,ok,0.839453358008455,proxy,5,0.6249021405601517,63987011.2,ok,0.005765909090909091,ok,0.9343181818181818,0.0377703125,ok,ue2_qfi1,0.3939393939393939,33,100.0,data,ok,0.0,ue1_qfi9,289.25,ok,,28.0,ue1_qfi2,18,100.5,1560.0,30.303,ok,33.0,,pending,,pending,"[8, 9]",ue1_qfi1,0,0,0,389.74999999999983,101.75,data,ok,2.0,,1.0,8,TwoTier,35492826,6.0
ue4_qfi9,298.0,300.0,300.25,300.25,ok,0.26765500642925233,ok,ue1_qfi1,0,0,0,195.99999999999972,99.99999999999964,data,ok,2.0,False,,proxy,3,0,ue1_qfi2,1.0,152,150.0,ok,ue1_qfi2,34.102,ok,8,ok,8,ue2_qfi2,0.9666928,ok,0.9456500068237077,proxy,5,0.9331067656837977,68219040.0,ok,0.005556818181818182,ok,0.9337920454545454,0.0363015625,ok,ue8_qfi1,0.4489795918367347,49,100.0,data,ok,0.0,ue1_qfi1,81.5,ok,,30.4,ue1_qfi2,0,0.0,0.0,30.303,ok,33.0,,pending,,pending,"[8, 9]",ue1_qfi1,0,0,0,195.99999999999972,99.99999999999964,data,ok,2.0,,1.0,8,PF,376383645,6.0
ue8_qfi9,292.75,299.75,300.0,300.25,ok,0.29833049113516075,ok,ue1_qfi1,0,0,0,128.49999999999983,99.74999999999979,data,ok,2.0,False,,proxy,3,0,ue1_qfi2,0.993421052631579,152,150.0,ok,ue1_qfi2,26.556,ok,8,ok,8,ue6_qfi2,0.9661211999999999,ok,0.9459348749988269,proxy,5,0.9366692754313247,66448720.0,ok,0.004520454545454545,ok,0.9346488636363637,0.1152125,ok,ue4_qfi1,0.5102040816326531,49,100.0,data,ok,0.0,ue1_qfi1,23.0,ok,,30.2,ue1_qfi2,0,0.0,0.0,30.303,ok,33.0,,pending,,pending,"[8, 9]",ue1_qfi1,0,0,0,128.49999999999983,99.74999999999979,data,ok,2.0,,1.0,8,Reservation,376383645,6.0
ue4_qfi9,292.25,299.75,300.0,300.25,ok,0.2527861525190487,ok,ue1_qfi1,1,1,1,3987.2499999999995,151.50000000000003,data,ok,2.0,False,,proxy,3,0,ue1_qfi2,0.8874172185430463,151,150.0,ok,ue1_qfi2,144.429,ok,7,ok,8,ue1_qfi2,0.9417255999999999,ok,0.8791836696951775,proxy,5,0.8586366172737344,69549171.2,ok,0.0049,ok,0.9339829545454545,0.033621875,ok,ue1_qfi1,0.0,6,100.0,data,ok,0.0,ue1_qfi9,266.0,ok,,26.8,ue1_qfi2,26,102.0,2365.0,30.303,ok,33.0,,pending,,pending,"[8, 9]",ue1_qfi1,1,1,1,3987.2499999999995,151.50000000000003,data,ok,2.0,,1.0,8,TwoTier,376383645,6.0
ue5_qfi9,297.25,299.75,300.0,300.25,ok,0.2469073990535494,ok,ue1_qfi1,0,0,0,121.2500000000003,99.50000000000003,data,ok,2.0,False,,proxy,3,0,ue3_qfi2,0.993421052631579,152,150.0,ok,ue1_qfi2,29.306,ok,8,ok,8,ue3_qfi2,0.9641568,ok,0.9534802074358486,proxy,5,0.9486361481001712,70370817.6,ok,0.005725,ok,0.9337261363636363,0.0356296875,ok,ue2_qfi1,0.5102040816326531,49,100.0,data,ok,0.0,ue8_qfi9,135.75,ok,,30.2,ue3_qfi2,1,71.25,71.25,30.303,ok,33.0,,pending,,pending,"[8, 9]",ue1_qfi1,0,0,0,121.2500000000003,99.50000000000003,data,ok,2.0,,1.0,8,PF,1746484539,6.0
ue4_qfi9,295.75,300.0,300.0,300.25,ok,0.2557590580176909,ok,ue7_qfi1,0,0,0,121.2500000000003,100.50000000000003,data,ok,2.0,False,,proxy,3,0,ue3_qfi2,0.0,147,150.0,ok,ue1_qfi2,22.001,ok,7,ok,8,ue3_qfi2,0.0,ok,0.8873102883303723,proxy,5,0.8854304651855308,69549624.0,ok,0.0042977272727272725,ok,0.9328647727272728,0.0887078125,ok,ue7_qfi1,0.46938775510204084,49,100.0,data,ok,0.0,ue8_qfi9,35.5,ok,,30.4,ue1_qfi2,0,0.0,0.0,30.303,ok,33.0,,pending,,pending,"[8, 9]",ue7_qfi1,0,0,0,121.2500000000003,100.50000000000003,data,ok,2.0,,1.0,8,Reservation,1746484539,6.0
ue3_qfi9,280.25,299.75,300.0,300.25,ok,0.23164251016803417,ok,ue1_qfi9,0,1,1,1541.0,0.0,data,ok,2.0,False,,proxy,3,0,ue7_qfi2,0.9933774834437086,151,150.0,ok,ue1_qfi2,105.806,ok,8,ok,8,ue2_qfi2,0.9590496,ok,0.9015186033062212,proxy,5,0.8656415631093131,71409392.0,ok,0.005738636363636363,ok,0.9340590909090909,0.033475,ok,ue2_qfi1,0.37037037037037035,27,100.0,data,ok,0.0,ue6_qfi9,134.0,ok,,30.4,ue8_qfi2,26,105.0,2040.75,30.303,ok,33.0,,pending,,pending,"[8, 9]",ue1_qfi1,0,1,1,1163.2500000000002,101.75,data,ok,2.0,,1.0,8,TwoTier,1746484539,6.0
ue1_qfi9,10.0,19.5,22.0,23.5,ok,0.0,ok,ue1_qfi1,0,0,0,112.25,99.99999999999987,data,ok,2.0,False,,proxy,3,0,ue1_qfi2,0.993421052631579,152,150.0,ok,ue1_qfi2,17.5,ok,4,ok,4,ue1_qfi2,0.9593476,ok,0.9999712687262724,proxy,5,0.9999457286546397,47589136.0,ok,0.0033045454545454545,ok,0.7819170454545454,0.06601875,ok,ue4_qfi1,0.42857142857142855,49,100.0,data,ok,0.0,ue1_qfi9,13.5,ok,,30.2,ue1_qfi2,0,0.0,0.0,30.303,ok,33.0,,pending,,pending,"[8, 9]",ue1_qfi1,0,0,0,112.25,99.99999999999987,data,ok,2.0,,1.0,4,PF,1826701614,12.0
ue1_qfi9,16.0,80.75,102.0,112.25,ok,0.0,ok,ue1_qfi1,0,0,0,111.0,99.75000000000023,data,ok,2.0,False,,proxy,3,0,ue3_qfi2,0.993421052631579,152,150.0,ok,ue1_qfi2,16.0,ok,4,ok,4,ue1_qfi2,0.959984,ok,0.9998460465145718,proxy,5,0.9993009927347514,47414766.4,ok,0.0027818181818181817,ok,0.9000886363636363,0.091825,ok,ue4_qfi1,0.40816326530612246,49,100.0,data,ok,0.0,ue1_qfi9,96.25,ok,,30.4,ue1_qfi2,0,0.0,0.0,30.303,ok,33.0,,pending,,pending,"[8, 9]",ue1_qfi1,0,0,0,111.0,99.75000000000023,data,ok,2.0,,1.0,4,Reservation,1826701614,12.0
ue1_qfi9,17.75,46.0,51.25,54.75,ok,0.0,ok,ue1_qfi1,0,0,0,112.5,99.99999999999964,data,ok,2.0,False,,proxy,3,0,ue3_qfi2,0.993421052631579,152,150.0,ok,ue1_qfi2,19.668,ok,4,ok,4,ue1_qfi2,0.959984,ok,0.9999669368913606,proxy,5,0.9999026690616777,47510504.0,ok,0.0033977272727272727,ok,0.9252318181818182,0.051171875,ok,ue4_qfi1,0.3673469387755102,49,100.0,data,ok,0.0,ue1_qfi9,37.0,ok,,30.2,ue3_qfi2,1,72.0,72.0,30.303,ok,33.0,,pending,,pending,"[8, 9]",ue1_qfi1,0,0,0,112.5,99.99999999999964,data,ok,2.0,,1.0,4,TwoTier,1826701614,12.0
ue1_qfi9,9.0,17.75,20.75,23.25,ok,0.0,ok,ue2_qfi1,0,0,0,202.25000000000026,100.00000000000009,data,ok,2.0,False,,proxy,3,0,ue1_qfi2,1.0,152,150.0,ok,ue1_qfi2,16.585,ok,4,ok,4,ue3_qfi2,0.9645452,ok,0.9998655702848327,proxy,5,0.9993757663621631,47643364.8,ok,0.003236363636363636,ok,0.7605954545454545,0.0619015625,ok,ue4_qfi1,0.42857142857142855,49,100.0,data,ok,0.0,ue1_qfi9,14.25,ok,,30.4,ue1_qfi2,0,0.0,0.0,30.303,ok,33.0,,pending,,pending,"[8, 9]",ue2_qfi1,0,0,0,202.25000000000026,100.00000000000009,data,ok,2.0,,1.0,4,PF,1367864806,12.0
ue1_qfi9,15.25,97.0,109.0,113.0,ok,0.0,ok,ue1_qfi1,0,0,0,113.75000000000001,99.99999999999964,data,ok,2.0,False,,proxy,3,0,ue1_qfi2,1.0,152,150.0,ok,ue1_qfi2,16.75,ok,4,ok,4,ue3_qfi2,0.9645452,ok,0.9998228892408617,proxy,5,0.9995519425336898,47626867.2,ok,0.0032090909090909093,ok,0.8922829545454546,0.08464375,ok,ue2_qfi1,0.42857142857142855,49,100.0,data,ok,0.0,ue1_qfi9,97.75,ok,,30.4,ue1_qfi2,0,0.0,0.0,30.303,ok,33.0,,pending,,pending,"[8, 9]",ue1_qfi1,0,0,0,113.75000000000001,99.99999999999964,data,ok,2.0,,1.0,4,Reservation,1367864806,12.0
ue1_qfi9,15.75,50.5,61.25,68.0,ok,0.0,ok,ue3_qfi1,0,0,0,110.99999999999977,100.00000000000009,data,ok,2.0,False,,proxy,3,0,ue1_qfi2,1.0,152,150.0,ok,ue1_qfi2,19.881,ok,4,ok,4,ue3_qfi2,0.9645452,ok,0.9999567413480692,proxy,5,0.999904596409372,47603625.6,ok,0.0031681818181818183,ok,0.9215545454545454,0.0484796875,ok,ue2_qfi1,0.46938775510204084,49,100.0,data,ok,0.0,ue1_qfi9,52.25,ok,,30.4,ue2_qfi2,1,90.25,90.25,30.303,ok,33.0,,pending,,pending,"[8, 9]",ue3_qfi1,0,0,0,110.99999999999977,100.00000000000009,data,ok,2.0,,1.0,4,TwoTier,1367864806,12.0
ue1_qfi9,9.25,18.5,21.0,22.5,ok,0.0,ok,ue1_qfi1,0,0,0,111.00000000000021,100.00000000000009,data,ok,2.0,False,,proxy,3,0,ue1_qfi2,1.0,152,150.0,ok,ue1_qfi2,17.989,ok,4,ok,4,ue3_qfi2,0.9662888000000001,ok,0.9999836663411278,proxy,5,0.9999683131001755,47686841.6,ok,0.002427272727272727,ok,0.7588227272727273,0.058065625,ok,ue4_qfi1,0.4489795918367347,49,100.0,data,ok,0.0,ue1_qfi9,13.25,ok,,30.4,ue1_qfi2,0,0.0,0.0,30.303,ok,33.0,,pending,,pending,"[8, 9]",ue1_qfi1,0,0,0,111.00000000000021,100.00000000000009,data,ok,2.0,,1.0,4,PF,1097657231,12.0
ue1_qfi9,14.5,158.25,166.75,169.5,ok,0.0,ok,ue1_qfi1,0,0,0,110.0,99.75,data,ok,2.0,False,,proxy,3,0,ue1_qfi2,0.993421052631579,152,150.0,ok,ue1_qfi2,16.232,ok,4,ok,4,ue3_qfi2,0.9662888000000001,ok,0.9997240543403143,proxy,5,0.9991759251463439,47664163.2,ok,0.0028295454545454544,ok,0.8885511363636364,0.0809171875,ok,ue3_qfi1,0.4489795918367347,49,100.0,data,ok,0.0,ue1_qfi9,155.0,ok,,30.2,ue1_qfi2,0,0.0,0.0,30.303,ok,33.0,,pending,,pending,"[8, 9]",ue1_qfi1,0,0,0,110.0,99.75,data,ok,2.0,,1.0,4,Reservation,1097657231,12.0
ue1_qfi9,14.0,48.75,55.25,61.5,ok,0.0,ok,ue1_qfi1,0,0,0,112.49999999999983,99.75000000000023,data,ok,2.0,False,,proxy,3,0,ue1_qfi2,1.0,152,150.0,ok,ue1_qfi2,19.239,ok,4,ok,4,ue3_qfi2,0.9662888000000001,ok,0.999906990125355,proxy,5,0.9997636884066302,47655414.4,ok,0.0028363636363636364,ok,0.9195011363636364,0.0449109375,ok,ue4_qfi1,0.4897959183673469,49,100.0,data,ok,0.0,ue1_qfi9,47.5,ok,,30.4,ue1_qfi2,0,0.0,0.0,30.303,ok,33.0,,pending,,pending,"[8, 9]",ue1_qfi1,0,0,0,112.49999999999983,99.75000000000023,data,ok,2.0,,1.0,4,TwoTier,1097657231,12.0
ue1_qfi9,10.5,20.25,22.5,23.75,ok,0.0,ok,ue1_qfi1,0,0,0,112.5,100.00000000000009,data,ok,2.0,False,,proxy,3,0,ue1_qfi2,1.0,152,150.0,ok,ue1_qfi2,18.5,ok,4,ok,4,ue2_qfi2,0.9595132,ok,0.9999777838374262,proxy,5,0.9999573617818834,47663403.2,ok,0.0030931818181818183,ok,0.7963625,0.06643125,ok,ue1_qfi1,0.46938775510204084,49,100.0,data,ok,0.0,ue1_qfi9,13.25,ok,,30.4,ue1_qfi2,0,0.0,0.0,30.303,ok,33.0,,pending,,pending,"[8, 9]",ue1_qfi1,0,0,0,112.5,100.00000000000009,data,ok,2.0,,1.0,4,PF,579362555,12.0
ue1_qfi9,27.0,86.25,90.75,93.25,ok,0.0,ok,ue1_qfi1,0,0,0,112.25,99.99999999999964,data,ok,2.0,False,,proxy,3,0,ue1_qfi2,1.0,152,150.0,ok,ue1_qfi2,17.318,ok,4,ok,4,ue2_qfi2,0.9595132,ok,0.999911697079399,proxy,5,0.9997264984224656,47647081.6,ok,0.0033295454545454544,ok,0.9071613636363637,0.0936046875,ok,ue3_qfi1,0.4897959183673469,49,100.0,data,ok,0.0,ue1_qfi9,66.25,ok,,30.4,ue1_qfi2,0,0.0,0.0,30.303,ok,33.0,,pending,,pending,"[8, 9]",ue1_qfi1,0,0,0,112.25,99.99999999999964,data,ok,2.0,,1.0,4,Reservation,579362555,12.0
ue1_qfi9,21.0,49.5,55.25,58.0,ok,0.0,ok,ue1_qfi1,0,0,0,112.0,99.99999999999987,data,ok,2.0,False,,proxy,3,0,ue1_qfi2,1.0,152,150.0,ok,ue2_qfi2,19.851,ok,4,ok,4,ue2_qfi2,0.9595132,ok,0.9999472222300346,proxy,5,0.9999201442102693,47615222.4,ok,0.002925,ok,0.9269920454545455,0.051021875,ok,ue3_qfi1,0.46938775510204084,49,100.0,data,ok,0.0,ue1_qfi9,37.0,ok,,30.4,ue1_qfi2,0,0.0,0.0,30.303,ok,33.0,,pending,,pending,"[8, 9]",ue1_qfi1,0,0,0,112.0,99.99999999999987,data,ok,2.0,,1.0,4,TwoTier,579362555,12.0
ue1_qfi9,8.5,17.25,19.5,21.0,ok,0.0,ok,ue1_qfi1,0,0,0,111.5,99.99999999999987,data,ok,2.0,False,,proxy,3,0,ue3_qfi2,0.993421052631579,152,150.0,ok,ue1_qfi2,16.662,ok,4,ok,4,ue2_qfi2,0.9633872,ok,0.9999847747212696,proxy,5,0.9999667019832732,47687916.8,ok,0.0034454545454545454,ok,0.7385022727272728,0.058075,ok,ue3_qfi1,0.46938775510204084,49,100.0,data,ok,0.0,ue1_qfi9,12.5,ok,,30.2,ue3_qfi2,1,68.0,68.0,30.303,ok,33.0,,pending,,pending,"[8, 9]",ue1_qfi1,0,0,0,111.5,99.99999999999987,data,ok,2.0,,1.0,4,PF,661058651,12.0
ue1_qfi9,12.75,44.75,54.5,58.75,ok,0.0,ok,ue3_qfi1,0,0,0,110.0,99.99999999999964,data,ok,2.0,False,,proxy,3,0,ue1_qfi2,1.0,152,150.0,ok,ue1_qfi2,16.084,ok,4,ok,4,ue2_qfi2,0.9635072,ok,0.9999557089936578,proxy,5,0.9999087827498299,47672108.8,ok,0.003034090909090909,ok,0.8775988636363636,0.080196875,ok,ue4_qfi1,0.4489795918367347,49,100.0,data,ok,0.0,ue1_qfi9,46.0,ok,,30.4,ue1_qfi2,0,0.0,0.0,30.303,ok,33.0,,pending,,pending,"[8, 9]",ue3_qfi1,0,0,0,110.0,99.99999999999964,data,ok,2.0,,1.0,4,Reservation,661058651,12.0
ue1_qfi9,12.75,36.0,40.5,44.25,ok,0.0,ok,ue1_qfi1,0,0,0,115.25,99.99999999999987,data,ok,2.0,False,,proxy,3,0,ue1_qfi2,0.9868421052631579,152,150.0,ok,ue1_qfi2,18.479,ok,4,ok,4,ue2_qfi2,0.9635072,ok,0.9999609107092926,proxy,5,0.9999335681785212,47650643.2,ok,0.002884090909090909,ok,0.9148863636363637,0.0454703125,ok,ue4_qfi1,0.40816326530612246,49,100.0,data,ok,0.0,ue1_qfi9,31.5,ok,,30.0,ue1_qfi2,1,70.25,70.25,30.303,ok,33.0,,pending,,pending,"[8, 9]",ue1_qfi1,0,0,0,115.25,99.99999999999987,data,ok,2.0,,1.0,4,TwoTier,661058651,12.0
ue1_qfi9,8.5,17.0,18.75,20.0,ok,0.0,ok,ue1_qfi1,0,0,0,112.74999999999969,99.99999999999964,data,ok,2.0,False,,proxy,3,0,ue1_qfi2,1.0,152,150.0,ok,ue1_qfi2,17.414,ok,4,ok,4,ue4_qfi2,0.9685688,ok,0.999960575138337,proxy,5,0.9998522463768944,47757825.6,ok,0.0030613636363636364,ok,0.75345,0.0556734375,ok,ue2_qfi1,0.42857142857142855,49,100.0,data,ok,0.0,ue1_qfi1,15.25,ok,,30.4,ue1_qfi2,0,0.0,0.0,30.303,ok,33.0,,pending,,pending,"[8, 9]",ue1_qfi1,0,0,0,112.74999999999969,99.99999999999964,data,ok,2.0,,1.0,4,PF,87989972,12.0
ue1_qfi9,11.75,20.0,24.25,27.75,ok,0.0,ok,ue1_qfi1,0,0,0,112.49999999999983,99.5,data,ok,2.0,False,,proxy,3,0,ue1_qfi2,1.0,152,150.0,ok,ue1_qfi2,15.89,ok,4,ok,4,ue4_qfi2,0.9684488,ok,0.9999866925542664,proxy,5,0.9999780780390894,47735004.8,ok,0.002968181818181818,ok,0.8860431818181819,0.0775578125,ok,ue4_qfi1,0.46938775510204084,49,100.0,data,ok,0.0,ue1_qfi9,16.0,ok,,30.4,ue1_qfi2,0,0.0,0.0,30.303,ok,33.0,,pending,,pending,"[8, 9]",ue1_qfi1,0,0,0,112.49999999999983,99.5,data,ok,2.0,,1.0,4,Reservation,87989972,12.0
ue1_qfi9,13.0,33.25,38.75,41.25,ok,0.0,ok,ue1_qfi1,0,0,0,110.50000000000004,99.99999999999987,data,ok,2.0,False,,proxy,3,0,ue2_qfi2,0.993421052631579,152,150.0,ok,ue1_qfi2,19.04,ok,4,ok,4,ue4_qfi2,0.9685688,ok,0.9999714720626283,proxy,5,0.9999177103726506,47708124.8,ok,0.003256818181818182,ok,0.9217568181818182,0.043196875,ok,ue3_qfi1,0.4897959183673469,49,100.0,data,ok,0.0,ue1_qfi9,28.25,ok,,30.4,ue1_qfi2,0,0.0,0.0,30.303,ok,33.0,,pending,,pending,"[8, 9]",ue1_qfi1,0,0,0,110.50000000000004,99.99999999999987,data,ok,2.0,,1.0,4,TwoTier,87989972,12.0
ue1_qfi9,9.25,18.25,20.0,21.25,ok,0.0,ok,ue1_qfi1,0,0,0,113.99999999999989,100.00000000000009,data,ok,2.0,False,,proxy,3,0,ue1_qfi2,1.0,152,150.0,ok,ue1_qfi2,17.207,ok,4,ok,4,ue2_qfi2,0.9621716,ok,0.9999840249254424,proxy,5,0.9999748790582847,47670160.0,ok,0.003161363636363636,ok,0.7840465909090909,0.0577140625,ok,ue3_qfi1,0.42857142857142855,49,100.0,data,ok,0.0,ue1_qfi1,13.25,ok,,30.4,ue1_qfi2,0,0.0,0.0,30.303,ok,33.0,,pending,,pending,"[8, 9]",ue1_qfi1,0,0,0,113.99999999999989,100.00000000000009,data,ok,2.0,,1.0,4,PF,161576974,12.0
ue1_qfi9,13.75,78.25,83.25,84.75,ok,0.0,ok,ue4_qfi1,0,0,0,200.2499999999996,100.00000000000009,data,ok,2.0,False,,proxy,3,0,ue1_qfi2,1.0,152,150.0,ok,ue1_qfi2,16.154,ok,4,ok,4,ue2_qfi2,0.9621716,ok,0.9997759701377438,proxy,5,0.9991618319627249,47648284.8,ok,0.0030863636363636362,ok,0.9024795454545455,0.08296875,ok,ue3_qfi1,0.42857142857142855,49,100.0,data,ok,0.0,ue1_qfi9,71.0,ok,,30.4,ue1_qfi2,0,0.0,0.0,30.303,ok,33.0,,pending,,pending,"[8, 9]",ue4_qfi1,0,0,0,200.2499999999996,100.00000000000009,data,ok,2.0,,1.0,4,Reservation,161576974,12.0
ue1_qfi9,16.0,49.25,59.75,65.75,ok,0.0,ok,ue1_qfi1,0,0,0,114.25,99.75000000000023,data,ok,2.0,False,,proxy,3,0,ue1_qfi2,1.0,152,150.0,ok,ue1_qfi2,20.492,ok,4,ok,4,ue2_qfi2,0.9621716,ok,0.9998860681122637,proxy,5,0.9998425764863323,47637760.0,ok,0.0031795454545454544,ok,0.9284318181818182,0.045071875,ok,ue4_qfi1,0.4489795918367347,49,100.0,data,ok,0.0,ue1_qfi9,49.75,ok,,30.4,ue1_qfi2,0,0.0,0.0,30.303,ok,33.0,,pending,,pending,"[8, 9]",ue1_qfi1,0,0,0,114.25,99.75000000000023,data,ok,2.0,,1.0,4,TwoTier,161576974,12.0
ue1_qfi9,10.0,20.5,24.5,26.5,ok,0.0,ok,ue1_qfi1,0,0,0,112.99999999999999,99.99999999999964,data,ok,2.0,False,,proxy,3,0,ue1_qfi2,0.993421052631579,152,150.0,ok,ue1_qfi2,17.725,ok,4,ok,4,ue2_qfi2,0.9766556,ok,0.999988922938185,proxy,5,0.9999805870338618,47771724.8,ok,0.003068181818181818,ok,0.783528409090909,0.06599375,ok,ue3_qfi1,0.4897959183673469,49,100.0,data,ok,0.0,ue1_qfi9,16.5,ok,,30.2,ue1_qfi2,1,72.0,72.0,30.303,ok,33.0,,pending,,pending,"[8, 9]",ue1_qfi1,0,0,0,112.99999999999999,99.99999999999964,data,ok,2.0,,1.0,4,PF,35492826,12.0
ue1_qfi9,34.0,188.25,194.25,197.0,ok,0.0,ok,ue1_qfi1,0,0,0,113.75000000000001,99.75,data,ok,2.0,False,,proxy,3,0,ue2_qfi2,0.993421052631579,152,150.0,ok,ue1_qfi2,16.307,ok,4,ok,4,ue2_qfi2,0.9765404,ok,0.9995993246280216,proxy,5,0.9985880294489948,47773291.2,ok,0.00285,ok,0.9049897727272728,0.0910296875,ok,ue3_qfi1,0.40816326530612246,49,100.0,data,ok,0.0,ue1_qfi9,163.0,ok,,30.2,ue2_qfi2,1,68.75,68.75,30.303,ok,33.0,,pending,,pending,"[8, 9]",ue1_qfi1,0,0,0,113.75000000000001,99.75,data,ok,2.0,,1.0,4,Reservation,35492826,12.0
ue1_qfi9,19.75,49.0,56.25,59.75,ok,0.0,ok,ue1_qfi1,0,0,0,118.99999999999977,100.24999999999994,data,ok,2.0,False,,proxy,3,0,ue4_qfi2,0.993421052631579,152,150.0,ok,ue1_qfi2,19.813,ok,4,ok,4,ue4_qfi2,0.9757811999999999,ok,0.9999197719608542,proxy,5,0.9998889872331646,47754760.0,ok,0.003215909090909091,ok,0.9256829545454546,0.0508296875,ok,ue1_qfi1,0.42857142857142855,49,100.0,data,ok,0.0,ue1_qfi9,40.0,ok,,30.2,ue4_qfi2,1,69.0,69.0,30.303,ok,33.0,,pending,,pending,"[8, 9]",ue1_qfi1,0,0,0,118.99999999999977,100.24999999999994,data,ok,2.0,,1.0,4,TwoTier,35492826,12.0
ue1_qfi9,8.5,16.75,18.25,19.25,ok,0.0,ok,ue1_qfi1,0,0,0,112.75000000000013,99.99999999999987,data,ok,2.0,False,,proxy,3,0,ue2_qfi2,0.993421052631579,152,150.0,ok,ue1_qfi2,16.439,ok,4,ok,4,ue4_qfi2,0.9626891999999999,ok,0.9999536261539536,proxy,5,0.9998204511617654,47627761.6,ok,0.002809090909090909,ok,0.7583659090909091,0.0549671875,ok,ue2_qfi1,0.4897959183673469,49,100.0,data,ok,0.0,ue2_qfi1,13.25,ok,,30.2,ue4_qfi2,1,70.75,70.75,30.303,ok,33.0,,pending,,pending,"[8, 9]",ue1_qfi1,0,0,0,112.75000000000013,99.99999999999987,data,ok,2.0,,1.0,4,PF,376383645,12.0
ue1_qfi9,12.5,25.0,30.75,34.5,ok,0.0,ok,ue1_qfi1,0,0,0,112.75000000000013,99.75000000000023,data,ok,2.0,False,,proxy,3,0,ue1_qfi2,1.0,152,150.0,ok,ue1_qfi2,15.417,ok,4,ok,4,ue3_qfi2,0.9631616,ok,0.9999556261390676,proxy,5,0.9998244842851921,47633350.4,ok,0.0030818181818181817,ok,0.8905761363636364,0.0765359375,ok,ue3_qfi1,0.3877551020408163,49,100.0,data,ok,0.0,ue1_qfi9,22.0,ok,,30.4,ue1_qfi2,0,0.0,0.0,30.303,ok,33.0,,pending,,pending,"[8, 9]",ue1_qfi1,0,0,0,112.75000000000013,99.75000000000023,data,ok,2.0,,1.0,4,Reservation,376383645,12.0
ue1_qfi9,12.25,23.5,28.25,31.75,ok,0.0,ok,ue1_qfi1,0,0,0,114.00000000000033,99.75000000000023,data,ok,2.0,False,,proxy,3,0,ue1_qfi2,1.0,152,150.0,ok,ue1_qfi2,16.958,ok,4,ok,4,ue3_qfi2,0.9631616,ok,0.9999309640917586,proxy,5,0.9997808172884022,47628635.2,ok,0.0038045454545454545,ok,0.9246795454545454,0.0426890625,ok,ue2_qfi1,0.4489795918367347,49,100.0,data,ok,0.0,ue1_qfi9,19.5,ok,,30.4,ue1_qfi2,0,0.0,0.0,30.303,ok,33.0,,pending,,pending,"[8, 9]",ue1_qfi1,0,0,0,114.00000000000033,99.75000000000023,data,ok,2.0,,1.0,4,TwoTier,376383645,12.0
ue1_qfi9,10.25,20.0,23.0,25.0,ok,0.0,ok,ue1_qfi1,0,0,0,112.99999999999999,100.00000000000009,data,ok,2.0,False,,proxy,3,0,ue1_qfi2,1.0,152,150.0,ok,ue1_qfi2,18.5,ok,4,ok,4,ue4_qfi2,0.9624115999999999,ok,0.9999802486401901,proxy,5,0.9999690309456705,47701019.2,ok,0.0030045454545454546,ok,0.7932602272727273,0.0653390625,ok,ue3_qfi1,0.4489795918367347,49,100.0,data,ok,0.0,ue1_qfi9,14.75,ok,,30.4,ue1_qfi2,0,0.0,0.0,30.303,ok,33.0,,pending,,pending,"[8, 9]",ue1_qfi1,0,0,0,112.99999999999999,100.00000000000009,data,ok,2.0,,1.0,4,PF,1746484539,12.0
ue1_qfi9,19.75,83.0,95.75,102.75,ok,0.0,ok,ue1_qfi1,0,0,0,111.0,100.00000000000009,data,ok,2.0,False,,proxy,3,0,ue1_qfi2,1.0,152,150.0,ok,ue1_qfi2,15.692,ok,4,ok,4,ue4_qfi2,0.9625315999999999,ok,0.9999253146392062,proxy,5,0.9998258080526683,47645296.0,ok,0.002984090909090909,ok,0.9058829545454545,0.092259375,ok,ue4_qfi1,0.4489795918367347,49,100.0,data,ok,0.0,ue1_qfi9,83.0,ok,,30.4,ue1_qfi2,0,0.0,0.0,30.303,ok,33.0,,pending,,pending,"[8, 9]",ue1_qfi1,0,0,0,111.0,100.00000000000009,data,ok,2.0,,1.0,4,Reservation,1746484539,12.0
ue1_qfi9,18.25,46.0,53.75,57.25,ok,0.0,ok,ue1_qfi1,0,0,0,113.75,100.00000000000009,data,ok,2.0,False,,proxy,3,0,ue1_qfi2,1.0,152,150.0,ok,ue1_qfi2,19.149,ok,4,ok,4,ue4_qfi2,0.9625315999999999,ok,0.9999181182713006,proxy,5,0.9998798501462882,47636006.4,ok,0.003265909090909091,ok,0.9291863636363636,0.050403125,ok,ue1_qfi1,0.4489795918367347,49,100.0,data,ok,0.0,ue1_qfi9,39.0,ok,,30.4,ue1_qfi2,0,0.0,0.0,30.303,ok,33.0,,pending,,pending,"[8, 9]",ue1_qfi1,0,0,0,113.75,100.00000000000009,data,ok,2.0,,1.0,4,TwoTier,1746484539,12.0
ue3_qfi9,296.0,299.75,300.0,300.25,ok,0.13067346866777022,ok,ue2_qfi1,0,0,0,168.9999999999996,99.74999999999979,data,ok,2.0,False,,proxy,3,0,ue4_qfi2,0.993421052631579,152,150.0,ok,ue3_qfi2,31.874,ok,8,ok,8,ue1_qfi2,0.966598,ok,0.9740552058315816,proxy,5,0.9686367056005075,67631356.8,ok,0.00545,ok,0.9314465909090909,0.0440578125,ok,ue8_qfi1,0.42857142857142855,49,100.0,data,ok,0.0,ue6_qfi9,190.25,ok,,30.4,ue1_qfi2,0,0.0,0.0,30.303,ok,33.0,,pending,,pending,"[8, 9]",ue2_qfi1,0,0,0,168.9999999999996,99.74999999999979,data,ok,2.0,,0.75,8,PF,1826701614,6.0
ue1_qfi9,292.75,299.75,300.0,300.25,ok,0.15254726527527218,ok,ue4_qfi1,0,0,0,125.24999999999986,99.74999999999979,data,ok,2.0,False,,proxy,3,0,ue3_qfi2,0.0,147,150.0,ok,ue1_qfi2,22.547,ok,7,ok,8,ue3_qfi2,0.0,ok,0.9018178557900625,proxy,5,0.8970228474204417,65983611.199999996,ok,0.004706818181818182,ok,0.9313272727272728,0.0875125,ok,ue5_qfi1,0.42857142857142855,49,100.0,data,ok,0.0,ue5_qfi9,138.75,ok,,30.4,ue1_qfi2,0,0.0,0.0,30.303,ok,33.0,,pending,,pending,"[8, 9]",ue4_qfi1,0,0,0,125.24999999999986,99.74999999999979,data,ok,2.0,,0.75,8,Reservation,1826701614,6.0
ue3_qfi9,282.0,299.5,300.0,300.25,ok,0.12052001601659335,ok,ue1_qfi9,0,0,0,496.9999999999999,0.0,data,ok,2.0,False,,proxy,3,0,ue1_qfi2,1.0,150,150.0,ok,ue1_qfi2,70.412,ok,8,ok,8,ue1_qfi2,0.9548016,ok,0.9616899469209994,proxy,5,0.9460362970827279,68359398.4,ok,0.004995454545454545,ok,0.9307272727272727,0.0362921875,ok,ue1_qfi1,0.425,40,100.0,data,ok,0.0,ue4_qfi9,183.0,ok,,30.2,ue8_qfi2,31,94.25,2351.25,30.303,ok,33.0,,pending,,pending,"[8, 9]",ue1_qfi1,0,0,0,469.5,100.75000000000011,data,ok,2.0,,0.75,8,TwoTier,1826701614,6.0
ue1_qfi9,296.5,299.75,300.0,300.25,ok,0.11395023181455698,ok,ue2_qfi1,0,0,0,153.49999999999932,99.0000000000002,data,ok,2.0,False,,proxy,3,0,ue1_qfi2,1.0,152,150.0,ok,ue1_qfi2,30.702,ok,8,ok,8,ue3_qfi2,0.9556028000000001,ok,0.979159411216731,proxy,5,0.9728607486862773,68750606.4,ok,0.005195454545454546,ok,0.9326204545454545,0.043653125,ok,ue5_qfi1,0.46938775510204084,49,100.0,data,ok,0.0,ue8_qfi9,181.0,ok,,30.4,ue1_qfi2,0,0.0,0.0,30.303,ok,33.0,,pending,,pending,"[8, 9]",ue2_qfi1,0,0,0,153.49999999999932,99.0000000000002,data,ok,2.0,,0.75,8,PF,1367864806,6.0
ue5_qfi9,293.75,299.75,300.0,300.25,ok,0.12554536656236234,ok,ue1_qfi1,0,0,0,125.75000000000003,99.99999999999987,data,ok,2.0,False,,proxy,3,0,ue1_qfi2,1.0,152,150.0,ok,ue1_qfi2,24.378,ok,8,ok,8,ue3_qfi2,0.9563724,ok,0.9789608194592674,proxy,5,0.9729205937609351,68054387.2,ok,0.004554545454545454,ok,0.9331136363636363,0.11206875,ok,ue3_qfi1,0.46938775510204084,49,100.0,data,ok,0.0,ue8_qfi9,226.75,ok,,30.4,ue1_qfi2,0,0.0,0.0,30.303,ok,33.0,,pending,,pending,"[8, 9]",ue1_qfi1,0,0,0,125.75000000000003,99.99999999999987,data,ok,2.0,,0.75,8,Reservation,1367864806,6.0
ue3_qfi9,292.25,299.75,300.0,300.25,ok,0.11386544100836311,ok,ue1_qfi1,0,0,0,348.25000000000006,100.00000000000009,data,ok,2.0,False,,proxy,3,0,ue1_qfi2,1.0,152,150.0,ok,ue6_qfi2,66.056,ok,8,ok,8,ue6_qfi2,0.9554136,ok,0.9703157416018028,proxy,5,0.9646554936290426,68834792.0,ok,0.005595454545454546,ok,0.931440909090909,0.036509375,ok,ue1_qfi1,0.48936170212765956,47,100.0,data,ok,0.0,ue5_qfi9,171.5,ok,,30.2,ue7_qfi2,25,89.0,1895.0,30.303,ok,33.0,,pending,,pending,"[8, 9]",ue1_qfi1,0,0,0,348.25000000000006,100.00000000000009,data,ok,2.0,,0.75,8,TwoTier,1367864806,6.0
ue3_qfi9,297.0,299.75,300.0,300.25,ok,0.16015219084117563,ok,ue2_qfi1,0,0,0,136.24999999999997,99.99999999999999,data,ok,2.0,False,,proxy,3,0,ue1_qfi2,0.993421052631579,152,150.0,ok,ue2_qfi2,32.543,ok,8,ok,8,ue1_qfi2,0.9612276,ok,0.964129696040807,proxy,5,0.9574043288600498,65104292.8,ok,0.005690909090909091,ok,0.931,0.0426859375,ok,ue4_qfi1,0.4489795918367347,49,100.0,data,ok,0.0,ue6_qfi9,250.5,ok,,30.2,ue1_qfi2,0,0.0,0.0,30.303,ok,33.0,,pending,,pending,"[8, 9]",ue2_qfi1,0,0,0,136.24999999999997,99.99999999999999,data,ok,2.0,,0.75,8,PF,1097657231,6.0
ue2_qfi9,296.25,300.0,300.0,300.25,ok,0.17975600023417407,ok,ue5_qfi1,0,0,0,122.50000000000006,99.25000000000006,data,ok,2.0,False,,proxy,3,0,ue3_qfi2,0.0,147,150.0,ok,ue2_qfi2,23.259,ok,7,ok,8,ue3_qfi2,0.0,ok,0.896950669978476,proxy,5,0.8942774370257917,63706921.6,ok,0.004631818181818181,ok,0.932340909090909,0.0932390625,ok,ue1_qfi1,0.4489795918367347,49,100.0,data,ok,0.0,ue5_qfi9,221.0,ok,,30.4,ue1_qfi2,0,0.0,0.0,30.303,ok,33.0,,pending,,pending,"[8, 9]",ue5_qfi1,0,0,0,122.50000000000006,99.25000000000006,data,ok,2.0,,0.75,8,Reservation,1097657231,6.0
ue2_qfi9,223.0,295.75,298.75,299.5,ok,0.25006358699131653,ok,ue3_qfi1,0,0,0,146.50000000000009,99.75,data,ok,2.0,False,,proxy,3,0,ue7_qfi2,0.0,148,150.0,ok,ue6_qfi2,57.234,ok,6,ok,8,ue7_qfi2,0.0,ok,0.8110704782314355,proxy,5,0.8081853321396326,57888526.4,ok,0.005675,ok,0.9317795454545454,0.043671875,ok,ue4_qfi1,0.42857142857142855,49,100.0,data,ok,0.0,ue3_qfi9,177.25,ok,,30.2,ue6_qfi2,22,98.75,1747.0,30.303,ok,33.0,,pending,,pending,"[8, 9]",ue3_qfi1,0,0,0,146.50000000000009,99.75,data,ok,2.0,,0.75,8,TwoTier,1097657231,6.0
ue3_qfi9,296.75,299.75,300.0,300.25,ok,0.14001420111710258,ok,ue1_qfi1,0,0,0,237.0000000000001,99.50000000000014,data,ok,2.0,False,,proxy,3,0,ue2_qfi2,0.993421052631579,152,150.0,ok,ue1_qfi2,32.685,ok,8,ok,8,ue1_qfi2,0.9575684,ok,0.9696702769599513,proxy,5,0.9579059232938538,66739825.6,ok,0.005343181818181818,ok,0.9315397727272727,0.0409359375,ok,ue7_qfi1,0.4489795918367347,49,100.0,data,ok,0.0,ue6_qfi9,274.0,ok,,30.4,ue1_qfi2,0,0.0,0.0,30.303,ok,33.0,,pending,,pending,"[8, 9]",ue1_qfi1,0,0,0,237.0000000000001,99.50000000000014,data,ok,2.0,,0.75,8,PF,579362555,6.0
ue2_qfi9,293.75,299.75,300.0,300.25,ok,0.169887682277326,ok,ue7_qfi1,0,0,0,121.50000000000017,99.99999999999964,data,ok,2.0,False,,proxy,3,0,ue3_qfi2,0.0,148,150.0,ok,ue2_qfi2,23.451,ok,7,ok,8,ue3_qfi2,0.0,ok,0.8986032116471362,proxy,5,0.8937962206891762,64757454.4,ok,0.004486363636363636,ok,0.9326079545454545,0.0899609375,ok,ue4_qfi1,0.4897959183673469,49,100.0,data,ok,0.0,ue7_qfi9,130.25,ok,,30.4,ue1_qfi2,0,0.0,0.0,30.303,ok,33.0,,pending,,pending,"[8, 9]",ue7_qfi1,0,0,0,121.50000000000017,99.99999999999964,data,ok,2.0,,0.75,8,Reservation,579362555,6.0
ue1_qfi9,291.25,299.75,300.0,300.25,ok,0.14050565062753534,ok,ue1_qfi1,0,0,1,595.7499999999998,99.75,data,ok,2.0,False,,proxy,3,0,ue1_qfi2,1.0,150,150.0,ok,ue1_qfi2,69.276,ok,7,ok,8,ue1_qfi2,0.94427,ok,0.9508422795384947,proxy,5,0.925643932689182,66786571.199999996,ok,0.005118181818181819,ok,0.9313886363636363,0.03659375,ok,ue2_qfi1,0.4358974358974359,39,100.0,data,ok,0.0,ue7_qfi9,181.75,ok,,30.2,ue8_qfi2,19,97.25,1406.75,30.303,ok,33.0,,pending,,pending,"[8, 9]",ue1_qfi1,0,0,1,595.7499999999998,99.75,data,ok,2.0,,0.75,8,TwoTier,579362555,6.0
ue3_qfi9,295.5,299.75,300.0,300.25,ok,0.12559317343596807,ok,ue2_qfi1,0,0,0,137.9999999999999,98.75000000000078,data,ok,2.0,False,,proxy,3,0,ue1_qfi2,1.0,152,150.0,ok,ue1_qfi2,30.958,ok,8,ok,8,ue4_qfi2,0.95983,ok,0.9733316181345316,proxy,5,0.9679912777121149,67966265.6,ok,0.005,ok,0.9306215909090909,0.043715625,ok,ue6_qfi1,0.46938775510204084,49,100.0,data,ok,0.0,ue6_qfi9,196.5,ok,,30.4,ue1_qfi2,0,0.0,0.0,30.303,ok,33.0,,pending,,pending,"[8, 9]",ue2_qfi1,0,0,0,137.9999999999999,98.75000000000078,data,ok,2.0,,0.75,8,PF,661058651,6.0
ue2_qfi9,293.5,299.75,300.0,300.25,ok,0.16392392125934457,ok,ue6_qfi1,0,0,0,123.75000000000026,100.24999999999994,data,ok,2.0,False,,proxy,3,0,ue3_qfi2,0.0,147,150.0,ok,ue1_qfi2,23.108,ok,7,ok,8,ue3_qfi2,0.0,ok,0.8989524073229627,proxy,5,0.8960005629848949,65352048.0,ok,0.004481818181818181,ok,0.9318102272727272,0.0865453125,ok,ue4_qfi1,0.40816326530612246,49,100.0,data,ok,0.0,ue4_qfi9,71.0,ok,,30.2,ue1_qfi2,0,0.0,0.0,30.303,ok,33.0,,pending,,pending,"[8, 9]",ue6_qfi1,0,0,0,123.75000000000026,100.24999999999994,data,ok,2.0,,0.75,8,Reservation,661058651,6.0
ue1_qfi9,293.5,299.75,300.0,300.25,ok,0.12263017984179751,ok,ue1_qfi1,0,0,0,339.4999999999999,101.75,data,ok,2.0,False,,proxy,3,0,ue7_qfi2,0.9933774834437086,151,150.0,ok,ue6_qfi2,60.638,ok,8,ok,8,ue7_qfi2,0.951402,ok,0.9611338697282262,proxy,5,0.9523172176460627,68193230.4,ok,0.004970454545454545,ok,0.9318056818181818,0.036296875,ok,ue4_qfi1,0.42857142857142855,49,100.0,data,ok,0.0,ue4_qfi9,162.0,ok,,30.2,ue8_qfi2,22,102.75,1657.25,30.303,ok,33.0,,pending,,pending,"[8, 9]",ue1_qfi1,0,0,0,339.4999999999999,101.75,data,ok,2.0,,0.75,8,TwoTier,661058651,6.0
ue2_qfi9,297.75,300.0,300.25,300.25,ok,0.14909499315538255,ok,ue1_qfi1,0,0,0,165.00000000000003,99.74999999999979,data,ok,2.0,False,,proxy,3,0,ue6_qfi2,0.993421052631579,152,150.0,ok,ue1_qfi2,33.401,ok,8,ok,8,ue8_qfi2,0.9691211999999999,ok,0.9676605973298316,proxy,5,0.9626996105288707,66036345.6,ok,0.005454545454545455,ok,0.9328534090909091,0.0408625,ok,ue5_qfi1,0.4489795918367347,49,100.0,data,ok,0.0,ue7_qfi9,193.75,ok,,30.4,ue1_qfi2,0,0.0,0.0,30.303,ok,33.0,,pending,,pending,"[8, 9]",ue1_qfi1,0,0,0,165.00000000000003,99.74999999999979,data,ok,2.0,,0.75,8,PF,87989972,6.0
ue2_qfi9,295.5,300.0,300.0,300.25,ok,0.1800321955121786,ok,ue7_qfi1,0,0,0,200.4999999999999,100.00000000000009,data,ok,2.0,False,,proxy,3,0,ue3_qfi2,0.0,147,150.0,ok,ue2_qfi2,24.315,ok,7,ok,8,ue3_qfi2,0.0,ok,0.89571489922571,proxy,5,0.892513199225855,63852083.2,ok,0.004706818181818182,ok,0.9316897727272727,0.0927140625,ok,ue8_qfi1,0.40816326530612246,49,100.0,data,ok,0.0,ue6_qfi9,109.75,ok,,30.2,ue8_qfi2,1,80.25,80.25,30.303,ok,33.0,,pending,,pending,"[8, 9]",ue7_qfi1,0,0,0,200.4999999999999,100.00000000000009,data,ok,2.0,,0.75,8,Reservation,87989972,6.0
ue2_qfi9,297.0,300.0,300.0,300.25,ok,0.14951394041603341,ok,ue2_qfi9,0,0,1,980.9999999999999,0.0,data,ok,2.0,False,,proxy,3,0,ue2_qfi2,0.9932432432432432,148,150.0,ok,ue2_qfi2,121.369,ok,7,ok,8,ue2_qfi2,0.948264,ok,0.931698441713238,proxy,5,0.8934452558925321,66245208.0,ok,0.005334090909090909,ok,0.9321511363636363,0.036528125,ok,ue8_qfi1,0.40816326530612246,49,100.0,data,ok,0.0,ue6_qfi9,176.0,ok,,30.2,ue8_qfi2,23,98.5,1715.25,30.303,ok,33.0,,pending,,pending,"[8, 9]",ue2_qfi1,0,0,1,617.9999999999999,100.75000000000011,data,ok,2.0,,0.75,8,TwoTier,87989972,6.0
ue2_qfi9,297.25,299.75,300.0,300.25,ok,0.12963494563817282,ok,ue1_qfi1,0,0,0,137.49999999999994,99.74999999999979,data,ok,2.0,False,,proxy,3,0,ue1_qfi2,1.0,152,150.0,ok,ue1_qfi2,30.34,ok,8,ok,8,ue7_qfi2,0.9522444,ok,0.9751078515548764,proxy,5,0.9730445793086936,67889344.0,ok,0.005338636363636364,ok,0.9321897727272728,0.0437875,ok,ue4_qfi1,0.46938775510204084,49,100.0,data,ok,0.0,ue6_qfi9,210.75,ok,,30.4,ue1_qfi2,0,0.0,0.0,30.303,ok,33.0,,pending,,pending,"[8, 9]",ue1_qfi1,0,0,0,137.49999999999994,99.74999999999979,data,ok,2.0,,0.75,8,PF,161576974,6.0
ue4_qfi9,295.25,300.0,300.0,300.25,ok,0.1397917211361296,ok,ue7_qfi1,0,0,0,126.50000000000006,99.49999999999991,data,ok,2.0,False,,proxy,3,0,ue1_qfi2,0.993421052631579,152,150.0,ok,ue2_qfi2,25.774,ok,8,ok,8,ue7_qfi2,0.9516504,ok,0.9760124113952395,proxy,5,0.9737531448494893,67202891.2,ok,0.004561363636363636,ok,0.9340318181818181,0.11384375,ok,ue5_qfi1,0.4489795918367347,49,100.0,data,ok,0.0,ue8_qfi9,125.0,ok,,30.2,ue7_qfi2,1,76.25,76.25,30.303,ok,33.0,,pending,,pending,"[8, 9]",ue7_qfi1,0,0,0,126.50000000000006,99.49999999999991,data,ok,2.0,,0.75,8,Reservation,161576974,6.0
ue2_qfi9,286.75,299.75,300.0,300.25,ok,0.12581517001086853,ok,ue1_qfi9,0,0,0,289.49999999999943,0.0,data,ok,2.0,False,,proxy,3,0,ue3_qfi2,0.993421052631579,152,150.0,ok,ue8_qfi2,65.863,ok,7,ok,8,ue7_qfi2,0.9466091999999999,ok,0.963380345391543,proxy,5,0.9447695958286157,68224656.0,ok,0.0052,ok,0.9330170454545454,0.037175,ok,ue3_qfi1,0.46938775510204084,49,100.0,data,ok,0.0,ue5_qfi9,182.0,ok,,30.2,ue8_qfi2,26,97.25,2099.5,30.303,ok,33.0,,pending,,pending,"[8, 9]",ue1_qfi1,0,0,0,287.2500000000002,99.99999999999997,data,ok,2.0,,0.75,8,TwoTier,161576974,6.0
ue1_qfi9,297.0,299.75,300.0,300.25,ok,0.12748008503769268,ok,ue2_qfi1,0,0,0,128.75000000000014,99.49999999999991,data,ok,2.0,False,,proxy,3,0,ue6_qfi2,0.993421052631579,152,150.0,ok,ue1_qfi2,27.977,ok,8,ok,8,ue2_qfi2,0.9613896,ok,0.9767229456252806,proxy,5,0.970865997553361,67837752.0,ok,0.005484090909090909,ok,0.9326488636363637,0.0456515625,ok,ue7_qfi1,0.3877551020408163,49,100.0,data,ok,0.0,ue6_qfi9,151.5,ok,,30.4,ue1_qfi2,0,0.0,0.0,30.303,ok,33.0,,pending,,pending,"[8, 9]",ue2_qfi1,0,0,0,128.75000000000014,99.49999999999991,data,ok,2.0,,0.75,8,PF,35492826,6.0
ue3_qfi9,297.0,300.0,300.25,300.25,ok,0.14996423976701484,ok,ue1_qfi1,0,0,0,199.5,100.00000000000009,data,ok,2.0,False,,proxy,3,0,ue3_qfi2,0.4342105263157895,152,150.0,ok,ue3_qfi2,49.008,ok,7,ok,8,ue3_qfi2,0.4315752,ok,0.9354018630558351,proxy,5,0.8973718941442296,66125096.0,ok,0.004595454545454546,ok,0.9340693181818182,0.099659375,ok,ue8_qfi1,0.4489795918367347,49,100.0,data,ok,0.0,ue7_qfi9,132.0,ok,,30.4,ue1_qfi2,0,0.0,0.0,30.303,ok,33.0,,pending,,pending,"[8, 9]",ue1_qfi1,0,0,0,199.5,100.00000000000009,data,ok,2.0,,0.75,8,Reservation,35492826,6.0
ue1_qfi9,295.75,299.75,300.0,300.25,ok,0.11974577787545113,ok,ue1_qfi1,0,0,0,302.2499999999999,99.25,data,ok,2.0,False,,proxy,3,0,ue5_qfi2,0.993421052631579,152,150.0,ok,ue8_qfi2,67.173,ok,8,ok,8,ue2_qfi2,0.9613896,ok,0.9668305373743473,proxy,5,0.9500367639975764,68483412.8,ok,0.005206818181818182,ok,0.9345079545454545,0.037571875,ok,ue7_qfi1,0.4489795918367347,49,100.0,data,ok,0.0,ue4_qfi9,118.0,ok,,30.2,ue8_qfi2,27,99.25,2170.25,30.303,ok,33.0,,pending,,pending,"[8, 9]",ue1_qfi1,0,0,0,302.2499999999999,99.25,data,ok,2.0,,0.75,8,TwoTier,35492826,6.0
ue4_qfi9,295.75,299.75,300.0,300.25,ok,0.12711709987706626,ok,ue4_qfi1,0,0,0,130.49999999999983,99.75000000000023,data,ok,2.0,False,,proxy,3,0,ue1_qfi2,1.0,152,150.0,ok,ue1_qfi2,32.5,ok,8,ok,8,ue7_qfi2,0.9625492,ok,0.976524576669536,proxy,5,0.9712606118710055,67801590.4,ok,0.005347727272727273,ok,0.9339863636363637,0.0423875,ok,ue5_qfi1,0.46938775510204084,49,100.0,data,ok,0.0,ue5_qfi9,168.0,ok,,30.4,ue1_qfi2,0,0.0,0.0,30.303,ok,33.0,,pending,,pending,"[8, 9]",ue4_qfi1,0,0,0,130.49999999999983,99.75000000000023,data,ok,2.0,,0.75,8,PF,376383645,6.0
ue1_qfi9,294.25,299.75,300.0,300.25,ok,0.15724104856063192,ok,ue2_qfi1,0,0,0,124.49999999999983,100.24999999999994,data,ok,2.0,False,,proxy,3,0,ue3_qfi2,0.0,147,150.0,ok,ue1_qfi2,22.531,ok,7,ok,8,ue3_qfi2,0.0,ok,0.9008444458643112,proxy,5,0.8980597662942252,65404398.4,ok,0.0044954545454545455,ok,0.93495,0.0890078125,ok,ue2_qfi1,0.46938775510204084,49,100.0,data,ok,0.0,ue5_qfi9,256.5,ok,,30.4,ue1_qfi2,0,0.0,0.0,30.303,ok,33.0,,pending,,pending,"[8, 9]",ue2_qfi1,0,0,0,124.49999999999983,100.24999999999994,data,ok,2.0,,0.75,8,Reservation,376383645,6.0
ue1_qfi9,296.25,300.0,300.25,300.25,ok,0.12397750795109334,ok,ue1_qfi1,0,0,1,561.4999999999997,101.25,data,ok,2.0,False,,proxy,3,0,ue1_qfi2,1.0,151,150.0,ok,ue1_qfi2,70.911,ok,8,ok,8,ue7_qfi2,0.9556736,ok,0.9608387318603799,proxy,5,0.9477115908075064,68068566.4,ok,0.004765909090909091,ok,0.9340397727272727,0.03650625,ok,ue1_qfi1,0.35135135135135137,37,100.0,data,ok,0.0,ue5_qfi9,181.25,ok,,30.2,ue7_qfi2,25,95.5,1937.25,30.303,ok,33.0,,pending,,pending,"[8, 9]",ue1_qfi1,0,0,1,561.4999999999997,101.25,data,ok,2.0,,0.75,8,TwoTier,376383645,6.0
ue1_qfi9,296.75,299.75,300.0,300.25,ok,0.12052633699805627,ok,ue2_qfi1,0,0,0,143.75000000000006,99.99999999999997,data,ok,2.0,False,,proxy,3,0,ue1_qfi2,1.0,152,150.0,ok,ue1_qfi2,31.75,ok,8,ok,8,ue8_qfi2,0.9604224,ok,0.9760088032611496,proxy,5,0.9602181176978838,68138433.6,ok,0.005784090909090909,ok,0.933525,0.0420984375,ok,ue7_qfi1,0.46938775510204084,49,100.0,data,ok,0.0,ue7_qfi9,252.25,ok,,30.4,ue1_qfi2,0,0.0,0.0,30.303,ok,33.0,,pending,,pending,"[8, 9]",ue2_qfi1,0,0,0,143.75000000000006,99.99999999999997,data,ok,2.0,,0.75,8,PF,1746484539,6.0
ue4_qfi9,294.75,299.75,300.0,300.25,ok,0.1362707119027194,ok,ue1_qfi1,0,0,0,128.0000000000001,99.50000000000003,data,ok,2.0,False,,proxy,3,0,ue3_qfi2,0.993421052631579,152,150.0,ok,ue1_qfi2,25.511,ok,8,ok,8,ue8_qfi2,0.9604224,ok,0.975843421016336,proxy,5,0.9620690515605642,67220705.6,ok,0.0043795454545454545,ok,0.9323852272727273,0.11506875,ok,ue8_qfi1,0.4489795918367347,49,100.0,data,ok,0.0,ue8_qfi9,140.0,ok,,30.2,ue5_qfi2,1,76.5,76.5,30.303,ok,33.0,,pending,,pending,"[8, 9]",ue1_qfi1,0,0,0,128.0000000000001,99.50000000000003,data,ok,2.0,,0.75,8,Reservation,1746484539,6.0
ue1_qfi9,293.25,299.75,300.0,300.25,ok,0.12409676712061783,ok,ue1_qfi1,0,0,0,418.25,99.75000000000023,data,ok,2.0,False,,proxy,3,0,ue7_qfi2,0.9933774834437086,151,150.0,ok,ue1_qfi2,58.908,ok,8,ok,8,ue7_qfi2,0.952532,ok,0.9614615544296592,proxy,5,0.934152647933991,68050393.6,ok,0.005277272727272728,ok,0.9342681818181818,0.0369015625,ok,ue4_qfi1,0.4489795918367347,49,100.0,data,ok,0.0,ue5_qfi9,178.25,ok,,30.4,ue8_qfi2,21,95.25,1646.75,30.303,ok,33.0,,pending,,pending,"[8, 9]",ue1_qfi1,0,0,0,418.25,99.75000000000023,data,ok,2.0,,0.75,8,TwoTier,1746484539,6.0
ue8_qfi9,298.5,300.0,300.25,300.25,ok,0.45511677906661796,ok,ue1_qfi1,0,0,0,209.00000000000009,98.87500000000016,data,ok,2.0,False,,proxy,3,0,ue1_qfi2,1.0,152,150.0,ok,ue1_qfi2,34.077,ok,8,ok,8,ue1_qfi2,0.9568671999999999,ok,0.9077949429845692,proxy,5,0.9057489906212431,69798052.8,ok,0.004981818181818182,ok,0.9306454545454546,0.036996875,ok,ue5_qfi1,0.4897959183673469,49,100.0,data,ok,0.0,ue5_qfi1,37.0,ok,,30.4,ue1_qfi2,0,0.0,0.0,30.303,ok,33.0,,pending,,pending,"[8, 9]",ue1_qfi1,0,0,0,209.00000000000009,98.87500000000016,data,ok,2.0,,1.5,8,PF,1826701614,6.0
ue8_qfi9,297.75,300.0,300.25,300.25,ok,0.4629517559240124,ok,ue1_qfi1,0,0,0,122.74999999999991,100.24999999999994,data,ok,2.0,False,,proxy,3,0,ue3_qfi2,0.0,147,150.0,ok,ue1_qfi2,22.368,ok,7,ok,8,ue3_qfi2,0.0,ok,0.8509403889027467,proxy,5,0.8455128773308782,69653793.6,ok,0.004472727272727272,ok,0.930975,0.0939140625,ok,ue4_qfi1,0.4489795918367347,49,100.0,data,ok,0.0,ue5_qfi1,19.0,ok,,30.4,ue1_qfi2,0,0.0,0.0,30.303,ok,33.0,,pending,,pending,"[8, 9]",ue1_qfi1,0,0,0,122.74999999999991,100.24999999999994,data,ok,2.0,,1.5,8,Reservation,1826701614,6.0
ue1_qfi9,293.25,300.0,300.25,300.25,ok,0.5351414591301836,ok,ue3_qfi1,0,0,0,137.50000000000017,99.99999999999964,data,ok,2.0,False,,proxy,3,0,ue5_qfi2,0.0,147,150.0,ok,ue3_qfi2,36.512,ok,4,ok,8,ue5_qfi2,0.0,ok,0.6164875431889415,proxy,5,0.610466884674837,57363062.4,ok,0.005711363636363636,ok,0.9306113636363637,0.045925,ok,ue1_qfi1,0.42857142857142855,49,100.0,data,ok,0.0,ue4_qfi9,95.0,ok,,30.4,ue2_qfi2,5,98.75,420.0,30.303,ok,33.0,,pending,,pending,"[8, 9]",ue3_qfi1,0,0,0,137.50000000000017,99.99999999999964,data,ok,2.0,,1.5,8,TwoTier,1826701614,6.0
ue8_qfi9,298.75,300.0,300.25,300.25,ok,0.46812308486351734,ok,ue1_qfi1,0,0,0,181.75000000000009,99.75,data,ok,2.0,False,,proxy,3,0,ue1_qfi2,1.0,152,150.0,ok,ue1_qfi2,36.027,ok,8,ok,8,ue5_qfi2,0.957122,ok,0.9043691292274098,proxy,5,0.896110414351182,68336937.6,ok,0.00515,ok,0.9316534090909091,0.0354734375,ok,ue7_qfi1,0.46938775510204084,49,100.0,data,ok,0.0,ue1_qfi1,84.0,ok,,30.4,ue1_qfi2,1,72.75,72.75,30.303,ok,33.0,,pending,,pending,"[8, 9]",ue1_qfi1,0,0,0,181.75000000000009,99.75,data,ok,2.0,,1.5,8,PF,1367864806,6.0
ue8_qfi9,296.0,300.0,300.25,300.25,ok,0.4557720859088755,ok,ue1_qfi1,0,0,0,120.00000000000011,100.00000000000009,data,ok,2.0,False,,proxy,3,0,ue2_qfi2,0.0,147,150.0,ok,ue1_qfi2,19.273,ok,6,ok,8,ue2_qfi2,0.0,ok,0.7851718370994913,proxy,5,0.7822848444854057,69283580.8,ok,0.004422727272727273,ok,0.9329,0.082984375,ok,ue1_qfi1,0.4489795918367347,49,100.0,data,ok,0.0,ue1_qfi1,16.5,ok,,30.4,ue1_qfi2,0,0.0,0.0,30.303,ok,33.0,,pending,,pending,"[8, 9]",ue1_qfi1,0,0,0,120.00000000000011,100.00000000000009,data,ok,2.0,,1.5,8,Reservation,1367864806,6.0
ue1_qfi9,290.5,300.0,300.25,300.25,ok,0.5312580191490023,ok,ue2_qfi1,0,0,0,120.24999999999997,100.24999999999994,data,ok,2.0,False,,proxy,3,0,ue5_qfi2,0.0,147,150.0,ok,ue4_qfi2,45.597,ok,4,ok,8,ue5_qfi2,0.0,ok,0.6179985150327365,proxy,5,0.6079027607324118,57768812.8,ok,0.005281818181818182,ok,0.9320988636363636,0.0440484375,ok,ue1_qfi1,0.4897959183673469,49,100.0,data,ok,0.0,ue2_qfi9,102.75,ok,,30.4,ue4_qfi2,9,86.25,695.0,30.303,ok,33.0,,pending,,pending,"[8, 9]",ue2_qfi1,0,0,0,120.24999999999997,100.24999999999994,data,ok,2.0,,1.5,8,TwoTier,1367864806,6.0
ue8_qfi9,298.75,300.0,300.25,300.25,ok,0.4869474989455646,ok,ue1_qfi9,0,1,1,1022.75,0.0,data,ok,2.0,False,,proxy,3,0,ue8_qfi2,0.993421052631579,152,150.0,ok,ue1_qfi2,71.44,ok,8,ok,8,ue5_qfi2,0.9557135999999999,ok,0.8939048336857638,proxy,5,0.8788458854077063,65899113.6,ok,0.005440909090909091,ok,0.9317840909090909,0.0396265625,ok,ue1_qfi1,0.45,40,100.0,data,ok,0.0,ue2_qfi1,91.25,ok,,30.4,ue1_qfi2,0,0.0,0.0,30.303,ok,33.0,,pending,,pending,"[8, 9]",ue1_qfi1,0,1,1,1019.25,100.87499999999983,data,ok,2.0,,1.5,8,PF,1097657231,6.0
ue8_qfi9,297.75,300.0,300.25,300.25,ok,0.49594080034106763,ok,ue7_qfi1,0,0,0,119.75000000000024,100.24999999999994,data,ok,2.0,False,,proxy,3,0,ue3_qfi2,0.0,147,150.0,ok,ue1_qfi2,25.019,ok,7,ok,8,ue3_qfi2,0.0,ok,0.8407451827070194,proxy,5,0.8294168935418215,65593499.2,ok,0.004661363636363636,ok,0.9327431818181818,0.102284375,ok,ue2_qfi1,0.40816326530612246,49,100.0,data,ok,0.0,ue7_qfi1,18.25,ok,,30.2,ue1_qfi2,0,0.0,0.0,30.303,ok,33.0,,pending,,pending,"[8, 9]",ue7_qfi1,0,0,0,119.75000000000024,100.24999999999994,data,ok,2.0,,1.5,8,Reservation,1097657231,6.0
ue1_qfi9,293.75,300.0,300.25,300.25,ok,0.5487824393204422,ok,ue1_qfi1,0,0,0,200.75000000000003,99.75000000000011,data,ok,2.0,False,,proxy,3,0,ue5_qfi2,0.0,147,150.0,ok,ue4_qfi2,49.386,ok,4,ok,8,ue5_qfi2,0.0,ok,0.6140350801176349,proxy,5,0.6080920397381503,55582278.4,ok,0.005690909090909091,ok,0.9319056818181818,0.046815625,ok,ue2_qfi1,0.46938775510204084,49,100.0,data,ok,0.0,ue2_qfi9,199.0,ok,,30.4,ue4_qfi2,14,89.25,1092.5,30.303,ok,33.0,,pending,,pending,"[8, 9]",ue1_qfi1,0,0,0,200.75000000000003,99.75000000000011,data,ok,2.0,,1.5,8,TwoTier,1097657231,6.0
ue8_qfi9,298.25,300.0,300.25,300.25,ok,0.44295554082659766,ok,ue3_qfi1,0,0,0,122.00000000000033,99.99999999999964,data,ok,2.0,False,,proxy,3,0,ue1_qfi2,0.993421052631579,152,150.0,ok,ue2_qfi2,26.844,ok,8,ok,8,ue1_qfi2,0.9516536,ok,0.9141873544755427,proxy,5,0.9068170163279419,71287180.8,ok,0.005054545454545455,ok,0.9309931818181818,0.0362609375,ok,ue2_qfi1,0.4489795918367347,49,100.0,data,ok,0.0,ue5_qfi1,24.5,ok,,30.2,ue1_qfi2,0,0.0,0.0,30.303,ok,33.0,,pending,,pending,"[8, 9]",ue3_qfi1,0,0,0,122.00000000000033,99.99999999999964,data,ok,2.0,,1.5,8,PF,579362555,6.0
ue7_qfi9,252.25,299.75,300.0,300.25,ok,0.40718094506711494,ok,ue4_qfi1,0,0,0,120.75000000000014,99.99999999999964,data,ok,2.0,False,,proxy,3,0,ue2_qfi2,0.0,147,150.0,ok,ue1_qfi2,18.5,ok,6,ok,8,ue2_qfi2,0.0,ok,0.7940417445263891,proxy,5,0.7841970155675709,74480939.2,ok,0.004440909090909091,ok,0.9324886363636363,0.08304375,ok,ue6_qfi1,0.4897959183673469,49,100.0,data,ok,0.0,ue7_qfi9,48.0,ok,,30.2,ue1_qfi2,0,0.0,0.0,30.303,ok,33.0,,pending,,pending,"[8, 9]",ue4_qfi1,0,0,0,120.75000000000014,99.99999999999964,data,ok,2.0,,1.5,8,Reservation,579362555,6.0
ue2_qfi9,152.75,297.75,299.75,300.0,ok,0.5142456944780875,ok,ue3_qfi1,0,0,0,201.24999999999994,100.00000000000009,data,ok,2.0,False,,proxy,3,0,ue5_qfi2,0.0,147,150.0,ok,ue4_qfi2,46.476,ok,4,ok,8,ue5_qfi2,0.0,ok,0.621057900355128,proxy,5,0.6171508446020455,59732939.2,ok,0.005279545454545454,ok,0.9311670454545454,0.04436875,ok,ue1_qfi1,0.42857142857142855,49,100.0,data,ok,0.0,ue3_qfi9,174.5,ok,,30.2,ue4_qfi2,12,115.25,958.75,30.303,ok,33.0,,pending,,pending,"[8, 9]",ue3_qfi1,0,0,0,201.24999999999994,100.00000000000009,data,ok,2.0,,1.5,8,TwoTier,579362555,6.0
ue8_qfi9,298.5,300.0,300.25,300.25,ok,0.4482962665581153,ok,ue1_qfi1,0,0,0,154.9999999999998,99.50000000000037,data,ok,2.0,False,,proxy,3,0,ue6_qfi2,0.993421052631579,152,150.0,ok,ue1_qfi2,31.552,ok,8,ok,8,ue6_qfi2,0.9554484,ok,0.9104111502153469,proxy,5,0.9046398647029552,70664304.0,ok,0.004918181818181818,ok,0.9320420454545455,0.0345515625,ok,ue4_qfi1,0.5102040816326531,49,100.0,data,ok,0.0,ue1_qfi1,50.5,ok,,30.4,ue1_qfi2,0,0.0,0.0,30.303,ok,33.0,,pending,,pending,"[8, 9]",ue1_qfi1,0,0,0,154.9999999999998,99.50000000000037,data,ok,2.0,,1.5,8,PF,661058651,6.0
ue6_qfi9,297.25,300.0,300.25,300.25,ok,0.41060017391584075,ok,ue4_qfi1,0,0,0,119.49999999999994,99.75000000000023,data,ok,2.0,False,,proxy,3,0,ue2_qfi2,0.0,147,150.0,ok,ue1_qfi2,18.204,ok,6,ok,8,ue2_qfi2,0.0,ok,0.7922881944046771,proxy,5,0.7898735369473111,74160897.6,ok,0.0044181818181818185,ok,0.9333738636363637,0.0778765625,ok,ue8_qfi1,0.4489795918367347,49,100.0,data,ok,0.0,ue8_qfi9,21.0,ok,,30.2,ue5_qfi2,1,78.0,78.0,30.303,ok,33.0,,pending,,pending,"[8, 9]",ue4_qfi1,0,0,0,119.49999999999994,99.75000000000023,data,ok,2.0,,1.5,8,Reservation,661058651,6.0
ue6_qfi9,291.75,300.0,300.25,300.25,ok,0.4015019920529293,ok,ue2_qfi1,0,1,2,1702.2499999999998,108.5,data,ok,2.0,False,,proxy,3,0,ue1_qfi2,0.8851351351351351,148,150.0,ok,ue1_qfi2,145.787,ok,6,ok,8,ue1_qfi2,0.9240172,ok,0.8438832747320882,proxy,5,0.8096955788081998,74364051.2,ok,0.004875,ok,0.9316863636363636,0.0317546875,ok,ue1_qfi1,0.3,10,100.0,data,ok,0.0,ue1_qfi9,264.75,ok,,26.2,ue1_qfi2,27,103.0,2394.5,30.303,ok,33.0,,pending,,pending,"[8, 9]",ue2_qfi1,0,1,2,1702.2499999999998,108.5,data,ok,2.0,,1.5,8,TwoTier,661058651,6.0
ue8_qfi9,298.5,300.0,300.25,300.25,ok,0.46916424568278775,ok,ue3_qfi1,0,0,0,125.0,99.25000000000006,data,ok,2.0,False,,proxy,3,0,ue1_qfi2,0.993421052631579,152,150.0,ok,ue1_qfi2,29.694,ok,8,ok,8,ue6_qfi2,0.9656496,ok,0.9032169958981908,proxy,5,0.8984784142331865,68137216.0,ok,0.005265909090909091,ok,0.9322318181818182,0.03605,ok,ue5_qfi1,0.5306122448979592,49,100.0,data,ok,0.0,ue7_qfi1,22.0,ok,,30.2,ue1_qfi2,1,71.0,71.0,30.303,ok,33.0,,pending,,pending,"[8, 9]",ue3_qfi1,0,0,0,125.0,99.25000000000006,data,ok,2.0,,1.5,8,PF,87989972,6.0
ue7_qfi9,294.5,299.75,300.0,300.25,ok,0.436315808330585,ok,ue7_qfi1,0,0,0,118.99999999999977,99.24999999999999,data,ok,2.0,False,,proxy,3,0,ue2_qfi2,0.0,147,150.0,ok,ue1_qfi2,18.898,ok,6,ok,8,ue2_qfi2,0.0,ok,0.7887675610467129,proxy,5,0.7844293793138518,71388708.8,ok,0.004461363636363637,ok,0.9328829545454546,0.0826890625,ok,ue1_qfi1,0.4897959183673469,49,100.0,data,ok,0.0,ue1_qfi1,27.75,ok,,30.2,ue8_qfi2,1,69.0,69.0,30.303,ok,33.0,,pending,,pending,"[8, 9]",ue7_qfi1,0,0,0,118.99999999999977,99.24999999999999,data,ok,2.0,,1.5,8,Reservation,87989972,6.0
ue1_qfi9,206.25,299.75,300.0,300.25,ok,0.5425384021689181,ok,ue1_qfi1,0,0,0,267.7499999999995,100.24999999999994,data,ok,2.0,False,,proxy,3,0,ue5_qfi2,0.0,147,150.0,ok,ue4_qfi2,50.25,ok,4,ok,8,ue5_qfi2,0.0,ok,0.6140203838779968,proxy,5,0.5984375074402184,56503483.2,ok,0.005556818181818182,ok,0.9321772727272727,0.0459484375,ok,ue3_qfi1,0.42857142857142855,49,100.0,data,ok,0.0,ue3_qfi9,173.5,ok,,30.4,ue4_qfi2,11,102.25,895.25,30.303,ok,33.0,,pending,,pending,"[8, 9]",ue1_qfi1,0,0,0,267.7499999999995,100.24999999999994,data,ok,2.0,,1.5,8,TwoTier,87989972,6.0
ue8_qfi9,298.5,300.0,300.25,300.25,ok,0.4603965119690121,ok,ue2_qfi1,0,0,0,152.25,100.00000000000009,data,ok,2.0,False,,proxy,3,0,ue5_qfi2,0.993421052631579,152,150.0,ok,ue2_qfi2,30.846,ok,8,ok,8,ue3_qfi2,0.9667908000000001,ok,0.9074528210183193,proxy,5,0.9022872100654449,69173900.8,ok,0.005095454545454545,ok,0.933025,0.0368296875,ok,ue2_qfi1,0.46938775510204084,49,100.0,data,ok,0.0,ue2_qfi1,45.0,ok,,30.4,ue1_qfi2,0,0.0,0.0,30.303,ok,33.0,,pending,,pending,"[8, 9]",ue2_qfi1,0,0,0,152.25,100.00000000000009,data,ok,2.0,,1.5,8,PF,161576974,6.0
ue7_qfi9,295.75,300.0,300.0,300.25,ok,0.4467641469309555,ok,ue1_qfi1,0,0,0,118.74999999999991,100.00000000000054,data,ok,2.0,False,,proxy,3,0,ue2_qfi2,0.0,147,150.0,ok,ue1_qfi2,18.926,ok,6,ok,8,ue2_qfi2,0.0,ok,0.7870651483967864,proxy,5,0.7857425823240991,70413259.2,ok,0.004456818181818182,ok,0.9337488636363637,0.0870421875,ok,ue1_qfi1,0.46938775510204084,49,100.0,data,ok,0.0,ue1_qfi1,50.0,ok,,30.4,ue1_qfi2,0,0.0,0.0,30.303,ok,33.0,,pending,,pending,"[8, 9]",ue1_qfi1,0,0,0,118.74999999999991,100.00000000000054,data,ok,2.0,,1.5,8,Reservation,161576974,6.0
ue1_qfi9,287.25,300.0,300.25,300.25,ok,0.5298679998195452,ok,ue3_qfi1,0,0,0,116.50000000000027,100.24999999999994,data,ok,2.0,False,,proxy,3,0,ue5_qfi2,0.0,147,150.0,ok,ue3_qfi2,44.19,ok,4,ok,8,ue5_qfi2,0.0,ok,0.6198333388705884,proxy,5,0.6164817484214601,57954691.199999996,ok,0.004890909090909091,ok,0.9327897727272727,0.0455828125,ok,ue4_qfi1,0.40816326530612246,49,100.0,data,ok,0.0,ue2_qfi9,74.5,ok,,30.2,ue3_qfi2,12,85.0,886.5,30.303,ok,33.0,,pending,,pending,"[8, 9]",ue3_qfi1,0,0,0,116.50000000000027,100.24999999999994,data,ok,2.0,,1.5,8,TwoTier,161576974,6.0
ue8_qfi9,298.5,300.0,300.25,300.25,ok,0.46923243165169637,ok,ue1_qfi1,0,0,0,150.50000000000009,99.0000000000002,data,ok,2.0,False,,proxy,3,0,ue2_qfi2,0.993421052631579,152,150.0,ok,ue1_qfi2,36.338,ok,8,ok,8,ue7_qfi2,0.9561644,ok,0.9041715501156151,proxy,5,0.9002011038678656,68075067.2,ok,0.005204545454545455,ok,0.9340318181818181,0.036965625,ok,ue4_qfi1,0.40816326530612246,49,100.0,data,ok,0.0,ue1_qfi1,42.25,ok,,30.4,ue1_qfi2,0,0.0,0.0,30.303,ok,33.0,,pending,,pending,"[8, 9]",ue1_qfi1,0,0,0,150.50000000000009,99.0000000000002,data,ok,2.0,,1.5,8,PF,35492826,6.0
ue8_qfi9,293.75,299.75,300.0,300.25,ok,0.4464344031714554,ok,ue1_qfi1,0,0,0,125.24999999999986,99.99999999999964,data,ok,2.0,False,,proxy,3,0,ue2_qfi2,0.0,147,150.0,ok,ue1_qfi2,20.091,ok,6,ok,8,ue2_qfi2,0.0,ok,0.7869432714130995,proxy,5,0.7826653274144943,70144934.4,ok,0.004631818181818181,ok,0.9328965909090909,0.0846765625,ok,ue7_qfi1,0.46938775510204084,49,100.0,data,ok,0.0,ue1_qfi1,21.0,ok,,30.2,ue1_qfi2,0,0.0,0.0,30.303,ok,33.0,,pending,,pending,"[8, 9]",ue1_qfi1,0,0,0,125.24999999999986,99.99999999999964,data,ok,2.0,,1.5,8,Reservation,35492826,6.0
ue1_qfi9,286.5,300.0,300.25,300.25,ok,0.5286488807380756,ok,ue1_qfi1,0,0,0,120.74999999999969,100.24999999999994,data,ok,2.0,False,,proxy,3,0,ue5_qfi2,0.0,147,150.0,ok,ue4_qfi2,50.453,ok,4,ok,8,ue5_qfi2,0.0,ok,0.6190607847159331,proxy,5,0.6142839883668323,58141745.6,ok,0.005115909090909091,ok,0.9345534090909091,0.0443734375,ok,ue3_qfi1,0.4489795918367347,49,100.0,data,ok,0.0,ue2_qfi9,113.0,ok,,30.2,ue4_qfi2,18,104.25,1398.0,30.303,ok,33.0,,pending,,pending,"[8, 9]",ue1_qfi1,0,0,0,120.74999999999969,100.24999999999994,data,ok,2.0,,1.5,8,TwoTier,35492826,6.0
ue8_qfi9,298.0,300.0,300.25,300.25,ok,0.4476437990176078,ok,ue2_qfi9,0,0,0,132.24999999999997,0.0,data,ok,2.0,False,,proxy,3,0,ue1_qfi2,1.0,152,150.0,ok,ue2_qfi2,31.449,ok,7,ok,8,ue7_qfi2,0.9480411999999999,ok,0.9118763109949288,proxy,5,0.9062244427249977,70587732.8,ok,0.004786363636363636,ok,0.9341340909090909,0.0353609375,ok,ue2_qfi1,0.42857142857142855,49,100.0,data,ok,0.0,ue2_qfi1,39.25,ok,,30.4,ue1_qfi2,0,0.0,0.0,30.303,ok,33.0,,pending,,pending,"[8, 9]",ue1_qfi1,0,0,0,130.74999999999991,99.74999999999979,data,ok,2.0,,1.5,8,PF,376383645,6.0
ue7_qfi9,294.5,299.75,300.0,300.25,ok,0.4180592952994049,ok,ue6_qfi1,0,0,0,120.49999999999983,98.99999999999997,data,ok,2.0,False,,proxy,3,0,ue2_qfi2,0.0,147,150.0,ok,ue1_qfi2,20.204,ok,5,ok,8,ue2_qfi2,0.0,ok,0.7915956285260655,proxy,5,0.7887406703105483,73360228.8,ok,0.00445,ok,0.9348397727272727,0.0810203125,ok,ue1_qfi1,0.4897959183673469,49,100.0,data,ok,0.0,ue8_qfi9,113.75,ok,,30.2,ue8_qfi2,1,73.25,73.25,30.303,ok,33.0,,pending,,pending,"[8, 9]",ue6_qfi1,0,0,0,120.49999999999983,98.99999999999997,data,ok,2.0,,1.5,8,Reservation,376383645,6.0
ue1_qfi9,287.75,299.75,300.0,300.25,ok,0.5267860548145654,ok,ue2_qfi1,0,0,0,118.50000000000006,99.74999999999979,data,ok,2.0,False,,proxy,3,0,ue5_qfi2,0.0,147,150.0,ok,ue4_qfi2,38.978,ok,4,ok,8,ue5_qfi2,0.0,ok,0.6212509772539894,proxy,5,0.6196511118548688,57983364.800000004,ok,0.004779545454545455,ok,0.9341375,0.0449859375,ok,ue1_qfi1,0.4897959183673469,49,100.0,data,ok,0.0,ue3_qfi9,110.0,ok,,30.4,ue3_qfi2,8,91.0,596.0,30.303,ok,33.0,,pending,,pending,"[8, 9]",ue2_qfi1,0,0,0,118.50000000000006,99.74999999999979,data,ok,2.0,,1.5,8,TwoTier,376383645,6.0
ue8_qfi9,298.25,300.0,300.25,300.25,ok,0.46225389009410217,ok,ue3_qfi1,0,0,0,127.7499999999998,99.49999999999991,data,ok,2.0,False,,proxy,3,0,ue7_qfi2,0.993421052631579,152,150.0,ok,ue2_qfi2,28.414,ok,8,ok,8,ue4_qfi2,0.961496,ok,0.9067346695283713,proxy,5,0.9002016608302518,68949859.2,ok,0.0059454545454545454,ok,0.9343659090909091,0.0375078125,ok,ue1_qfi1,0.5102040816326531,49,100.0,data,ok,0.0,ue4_qfi1,36.5,ok,,30.2,ue7_qfi2,1,67.0,67.0,30.303,ok,33.0,,pending,,pending,"[8, 9]",ue3_qfi1,0,0,0,127.7499999999998,99.49999999999991,data,ok,2.0,,1.5,8,PF,1746484539,6.0
ue8_qfi9,297.0,300.0,300.0,300.25,ok,0.4772676138768924,ok,ue2_qfi1,0,0,0,123.99999999999966,100.00000000000009,data,ok,2.0,False,,proxy,3,0,ue3_qfi2,0.0,147,150.0,ok,ue2_qfi2,23.142,ok,7,ok,8,ue3_qfi2,0.0,ok,0.8474911600682835,proxy,5,0.8419642279182341,67946323.2,ok,0.004395454545454545,ok,0.9329636363636363,0.0968765625,ok,ue7_qfi1,0.40816326530612246,49,100.0,data,ok,0.0,ue2_qfi1,19.0,ok,,30.2,ue2_qfi2,1,75.25,75.25,30.303,ok,33.0,,pending,,pending,"[8, 9]",ue2_qfi1,0,0,0,123.99999999999966,100.00000000000009,data,ok,2.0,,1.5,8,Reservation,1746484539,6.0
ue1_qfi9,258.5,299.75,300.0,300.25,ok,0.5186298566023345,ok,ue3_qfi1,0,0,0,124.50000000000028,100.00000000000009,data,ok,2.0,False,,proxy,3,0,ue5_qfi2,0.0,147,150.0,ok,ue3_qfi2,44.256,ok,4,ok,8,ue5_qfi2,0.0,ok,0.6216743090839567,proxy,5,0.6197827570142436,59205715.2,ok,0.005513636363636364,ok,0.9337272727272727,0.0446125,ok,ue2_qfi1,0.46938775510204084,49,100.0,data,ok,0.0,ue2_qfi9,151.5,ok,,30.2,ue3_qfi2,10,100.25,764.25,30.303,ok,33.0,,pending,,pending,"[8, 9]",ue3_qfi1,0,0,0,124.50000000000028,100.00000000000009,data,ok,2.0,,1.5,8,TwoTier,1746484539,6.0
ue16_qfi9,298.25,300.0,300.25,300.25,ok,0.620501190862725,ok,ue8_qfi1,1,1,1,2607.9999999999995,99.87499999999999,data,ok,2.0,False,,proxy,3,0,ue1_qfi2,0.38513513513513514,148,150.0,ok,ue1_qfi2,149.826,ok,9,ok,16,ue1_qfi2,0.8266076,ok,0.6948815054129749,proxy,5,0.680825559605506,70077686.4,ok,0.010531818181818182,ok,0.9305965909090909,0.038140625,ok,ue5_qfi1,0.3333333333333333,6,100.0,data,ok,0.0,ue6_qfi2,111.03,ok,,11.8,ue1_qfi2,19,402.5,3449.75,30.303,ok,33.0,,pending,,pending,"[8, 9]",ue8_qfi1,1,1,1,2607.9999999999995,99.87499999999999,data,ok,2.0,,1.0,16,PF,1826701614,6.0
ue16_qfi9,298.0,300.0,300.25,300.25,ok,0.6158223665824993,ok,ue8_qfi1,0,0,0,178.50000000000054,99.24999999999962,data,ok,2.0,False,,proxy,3,0,ue1_qfi2,0.0,147,150.0,ok,ue13_qfi2,40.061,ok,10,ok,16,ue1_qfi2,0.0,ok,0.6929961478098516,proxy,5,0.6905990051990439,74030582.4,ok,0.009759090909090908,ok,0.9296488636363637,0.1893953125,ok,ue7_qfi1,0.3877551020408163,49,100.0,data,ok,0.0,ue13_qfi2,115.46,ok,,30.2,ue6_qfi2,0,0.0,0.0,30.303,ok,33.0,,pending,,pending,"[8, 9]",ue8_qfi1,0,0,0,178.50000000000054,99.24999999999962,data,ok,2.0,,1.0,16,Reservation,1826701614,6.0
ue10_qfi9,294.0,299.75,300.0,300.25,ok,0.6488573822865137,ok,ue5_qfi1,0,0,2,690.9999999999999,101.75000000000045,data,ok,2.0,False,,proxy,3,0,ue12_qfi2,0.0,147,150.0,ok,ue5_qfi2,99.26,ok,11,ok,16,ue12_qfi2,0.0,ok,0.6457609946982406,proxy,5,0.6396462245749612,64689649.6,ok,0.009322727272727272,ok,0.9301602272727273,0.04149375,ok,ue2_qfi1,0.3333333333333333,30,100.0,data,ok,0.0,ue10_qfi2,114.144,ok,,30.4,ue11_qfi2,9,105.5,752.75,30.303,ok,33.0,,pending,,pending,"[8, 9]",ue5_qfi1,0,0,2,690.9999999999999,101.75000000000045,data,ok,2.0,,1.0,16,TwoTier,1826701614,6.0
ue16_qfi9,298.5,300.0,300.25,300.25,ok,0.634920737817912,ok,ue3_qfi1,1,1,1,4606.500000000001,118.50000000000006,data,ok,2.0,False,,proxy,3,0,ue1_qfi2,0.22297297297297297,148,150.0,ok,ue1_qfi2,149.815,ok,10,ok,16,ue1_qfi2,0.7431668,ok,0.671103914822081,proxy,5,0.6594781626185666,67348254.4,ok,0.010020454545454546,ok,0.9310579545454546,0.039153125,ok,ue3_qfi1,0.25,4,100.0,data,ok,0.0,ue11_qfi2,111.944,ok,,7.4,ue2_qfi2,18,826.25,4178.75,30.303,ok,33.0,,pending,,pending,"[8, 9]",ue3_qfi1,1,1,1,4606.500000000001,118.50000000000006,data,ok,2.0,,1.0,16,PF,1367864806,6.0
ue16_qfi9,298.25,300.0,300.25,300.25,ok,0.6277294174173286,ok,ue7_qfi1,0,0,0,164.75000000000017,98.50000000000003,data,ok,2.0,False,,proxy,3,0,ue1_qfi2,0.0,148,150.0,ok,ue7_qfi2,38.085,ok,11,ok,16,ue1_qfi2,0.0,ok,0.6881582440267093,proxy,5,0.6855175031825296,71957648.0,ok,0.009804545454545455,ok,0.9319693181818182,0.1968359375,ok,ue8_qfi1,0.40816326530612246,49,100.0,data,ok,0.0,ue7_qfi1,61.5,ok,,30.2,ue14_qfi2,1,70.0,70.0,30.303,ok,33.0,,pending,,pending,"[8, 9]",ue7_qfi1,0,0,0,164.75000000000017,98.50000000000003,data,ok,2.0,,1.0,16,Reservation,1367864806,6.0
ue9_qfi9,296.0,300.0,300.0,300.25,ok,0.6699938604308887,ok,ue2_qfi9,0,0,1,607.5,0.0,data,ok,2.0,False,,proxy,3,0,ue12_qfi2,0.0,147,150.0,ok,ue2_qfi2,91.972,ok,10,ok,16,ue12_qfi2,0.0,ok,0.6395418806064962,proxy,5,0.6326546192203503,60821003.2,ok,0.010172727272727273,ok,0.9313147727272727,0.0431765625,ok,ue1_qfi1,0.21739130434782608,23,100.0,data,ok,0.0,ue9_qfi2,92.581,ok,,30.4,ue10_qfi2,15,111.75,1201.5,30.303,ok,33.0,,pending,,pending,"[8, 9]",ue2_qfi1,0,0,1,607.25,193.99999999999994,data,ok,2.0,,1.0,16,TwoTier,1367864806,6.0
ue16_qfi9,298.5,300.0,300.25,300.25,ok,0.631497880919624,ok,ue4_qfi1,1,1,1,2612.75,116.12500000000003,data,ok,2.0,False,,proxy,3,0,ue3_qfi2,0.3918918918918919,148,150.0,ok,ue3_qfi2,149.687,ok,9,ok,16,ue3_qfi2,0.813752,ok,0.6706433367609478,proxy,5,0.6569424008689008,67990008.0,ok,0.010043181818181817,ok,0.9317204545454545,0.0387296875,ok,ue7_qfi1,0.25,4,100.0,data,ok,0.0,ue7_qfi9,114.25,ok,,11.6,ue3_qfi2,20,597.25,3524.0,30.303,ok,33.0,,pending,,pending,"[8, 9]",ue4_qfi1,1,1,1,2612.75,116.12500000000003,data,ok,2.0,,1.0,16,PF,1097657231,6.0
ue16_qfi9,298.5,300.25,300.25,300.25,ok,0.6282901835926443,ok,ue8_qfi1,0,0,0,180.74999999999997,100.24999999999994,data,ok,2.0,False,,proxy,3,0,ue1_qfi2,0.0,147,150.0,ok,ue13_qfi2,41.597,ok,10,ok,16,ue1_qfi2,0.0,ok,0.6830235370177684,proxy,5,0.6616358539797019,71749166.4,ok,0.0098,ok,0.9313170454545454,0.1898671875,ok,ue8_qfi1,0.42857142857142855,49,100.0,data,ok,0.0,ue13_qfi2,120.251,ok,,30.2,ue7_qfi2,1,72.75,72.75,30.303,ok,33.0,,pending,,pending,"[8, 9]",ue8_qfi1,0,0,0,180.74999999999997,100.24999999999994,data,ok,2.0,,1.0,16,Reservation,1097657231,6.0
ue9_qfi9,297.25,300.0,300.25,300.25,ok,0.6934486213576924,ok,ue1_qfi1,0,0,0,360.9999999999998,100.75000000000011,data,ok,2.0,False,,proxy,3,0,ue11_qfi2,0.0,147,150.0,ok,ue7_qfi2,96.033,ok,4,ok,16,ue11_qfi2,0.0,ok,0.5662524332611005,proxy,5,0.4374549381418007,56470704.0,ok,0.0097,ok,0.9308375,0.045925,ok,ue1_qfi1,0.3333333333333333,39,100.0,data,ok,0.0,ue1_qfi9,287.0,ok,,30.0,ue1_qfi2,4,104.75,357.0,30.303,ok,33.0,,pending,,pending,"[8, 9]",ue1_qfi1,0,0,0,360.9999999999998,100.75000000000011,data,ok,2.0,,1.0,16,TwoTier,1097657231,6.0
ue16_qfi9,298.5,300.0,300.25,300.25,ok,0.6284173253013465,ok,ue12_qfi1,0,1,1,1553.0,101.50000000000014,data,ok,2.0,False,,proxy,3,0,ue2_qfi2,0.2080536912751678,149,150.0,ok,ue2_qfi2,149.989,ok,10,ok,16,ue2_qfi2,0.7500776,ok,0.6833322889169711,proxy,5,0.6698627559786967,68686161.6,ok,0.009220454545454546,ok,0.931203409090909,0.038853125,ok,ue6_qfi1,0.3333333333333333,9,100.0,data,ok,0.0,ue6_qfi2,95.305,ok,,9.4,ue1_qfi2,20,558.75,3815.25,30.303,ok,33.0,,pending,,pending,"[8, 9]",ue12_qfi1,0,1,1,1553.0,101.50000000000014,data,ok,2.0,,1.0,16,PF,579362555,6.0
ue16_qfi9,298.5,300.0,300.25,300.25,ok,0.6211714520053052,ok,ue12_qfi1,0,0,0,163.74999999999983,99.74999999999935,data,ok,2.0,False,,proxy,3,0,ue1_qfi2,0.0,147,150.0,ok,ue12_qfi2,38.068,ok,11,ok,16,ue1_qfi2,0.0,ok,0.6918636263696168,proxy,5,0.6881986656352492,73310083.2,ok,0.009409090909090909,ok,0.9316681818181818,0.1932765625,ok,ue7_qfi1,0.40816326530612246,49,100.0,data,ok,0.0,ue13_qfi2,104.379,ok,,30.2,ue8_qfi2,1,86.5,86.5,30.303,ok,33.0,,pending,,pending,"[8, 9]",ue12_qfi1,0,0,0,163.74999999999983,99.74999999999935,data,ok,2.0,,1.0,16,Reservation,579362555,6.0
ue11_qfi9,292.25,299.75,300.0,300.25,ok,0.6632728375027003,ok,ue1_qfi9,0,0,0,436.2500000000002,0.0,data,ok,2.0,False,,proxy,3,0,ue12_qfi2,0.0,147,150.0,ok,ue5_qfi2,89.356,ok,11,ok,16,ue12_qfi2,0.0,ok,0.6505526515301021,proxy,5,0.6399325025150133,62204272.0,ok,0.009343181818181818,ok,0.931459090909091,0.042596875,ok,ue2_qfi1,0.3333333333333333,36,100.0,data,ok,0.0,ue6_qfi2,108.965,ok,,30.4,ue10_qfi2,8,101.75,726.25,30.303,ok,33.0,,pending,,pending,"[8, 9]",ue4_qfi1,0,0,0,386.25,100.99999999999997,data,ok,2.0,,1.0,16,TwoTier,579362555,6.0
ue16_qfi9,298.5,300.0,300.25,300.25,ok,0.6273896928603968,ok,ue4_qfi1,0,2,2,1512.5000000000002,111.87500000000006,data,ok,2.0,False,,proxy,3,0,ue3_qfi2,0.3918918918918919,148,150.0,ok,ue1_qfi2,149.63,ok,8,ok,16,ue2_qfi2,0.8236988000000001,ok,0.6832895744450008,proxy,5,0.6284843410556008,68635624.0,ok,0.010175,ok,0.9322113636363636,0.0388578125,ok,ue7_qfi1,0.0,1,100.0,data,ok,0.0,ue9_qfi2,106.507,ok,,13.0,ue2_qfi2,18,623.75,3348.75,30.303,ok,33.0,,pending,,pending,"[8, 9]",ue4_qfi1,0,2,2,1512.5000000000002,111.87500000000006,data,ok,2.0,,1.0,16,PF,661058651,6.0
ue16_qfi9,298.75,300.25,300.25,300.25,ok,0.6224033815391552,ok,ue6_qfi1,0,0,0,213.00000000000009,100.00000000000009,data,ok,2.0,False,,proxy,3,0,ue1_qfi2,0.0,147,150.0,ok,ue6_qfi2,36.708,ok,11,ok,16,ue1_qfi2,0.0,ok,0.6912983046673871,proxy,5,0.6761065821301245,72923777.6,ok,0.009372727272727272,ok,0.93115,0.193053125,ok,ue12_qfi1,0.42857142857142855,49,100.0,data,ok,0.0,ue9_qfi1,70.0,ok,,30.2,ue13_qfi2,1,78.5,78.5,30.303,ok,33.0,,pending,,pending,"[8, 9]",ue6_qfi1,0,0,0,213.00000000000009,100.00000000000009,data,ok,2.0,,1.0,16,Reservation,661058651,6.0
ue9_qfi9,287.25,299.75,300.0,300.25,ok,0.6968382304042207,ok,ue2_qfi1,0,0,0,329.9999999999996,101.24999999999984,data,ok,2.0,False,,proxy,3,0,ue10_qfi2,0.0,147,150.0,ok,ue5_qfi2,82.035,ok,4,ok,16,ue10_qfi2,0.0,ok,0.5468763081320063,proxy,5,0.43748369549023913,55699260.8,ok,0.009779545454545454,ok,0.9320590909090909,0.047171875,ok,ue2_qfi1,0.358974358974359,39,100.0,data,ok,0.0,ue3_qfi9,288.0,ok,,20.2,ue7_qfi2,4,92.0,346.25,30.303,ok,33.0,,pending,,pending,"[8, 9]",ue2_qfi1,0,0,0,329.9999999999996,101.24999999999984,data,ok,2.0,,1.0,16,TwoTier,661058651,6.0
ue16_qfi9,298.25,300.0,300.25,300.25,ok,0.6266810885958589,ok,ue5_qfi1,1,1,1,4908.0,4908.0,data,ok,2.0,False,,proxy,3,0,ue2_qfi2,0.40540540540540543,148,150.0,ok,ue3_qfi2,149.098,ok,9,ok,16,ue3_qfi2,0.8094636,ok,0.6799703394908577,proxy,5,0.6594912330211562,68913200.0,ok,0.010286363636363637,ok,0.9319,0.0382796875,ok,ue5_qfi1,0.0,1,100.0,data,ok,0.0,ue8_qfi2,94.50900000000001,ok,,12.2,ue2_qfi2,14,493.75,3367.0,30.303,ok,33.0,,pending,,pending,"[8, 9]",ue5_qfi1,1,1,1,4908.0,4908.0,data,ok,2.0,,1.0,16,PF,87989972,6.0
ue16_qfi9,297.5,300.0,300.25,300.25,ok,0.6208874861332702,ok,ue8_qfi1,0,0,0,228.74999999999977,100.99999999999997,data,ok,2.0,False,,proxy,3,0,ue1_qfi2,0.0,147,150.0,ok,ue6_qfi2,37.289,ok,11,ok,16,ue1_qfi2,0.0,ok,0.6907913769309806,proxy,5,0.6867499179698118,73174864.0,ok,0.009252272727272727,ok,0.9322727272727273,0.19084375,ok,ue16_qfi1,0.42857142857142855,49,100.0,data,ok,0.0,ue6_qfi1,66.5,ok,,30.2,ue6_qfi2,0,0.0,0.0,30.303,ok,33.0,,pending,,pending,"[8, 9]",ue8_qfi1,0,0,0,228.74999999999977,100.99999999999997,data,ok,2.0,,1.0,16,Reservation,87989972,6.0
ue11_qfi9,297.0,300.0,300.0,300.25,ok,0.66329123720907,ok,ue3_qfi1,0,0,0,373.75,105.25000000000007,data,ok,2.0,False,,proxy,3,0,ue12_qfi2,0.0,148,150.0,ok,ue11_qfi2,77.704,ok,10,ok,16,ue12_qfi2,0.0,ok,0.6475327725857025,proxy,5,0.6418722525922644,62051395.2,ok,0.009686363636363637,ok,0.9318852272727273,0.0423796875,ok,ue6_qfi1,0.34210526315789475,38,100.0,data,ok,0.0,ue2_qfi9,282.5,ok,,29.6,ue10_qfi2,10,92.5,831.75,30.303,ok,33.0,,pending,,pending,"[8, 9]",ue3_qfi1,0,0,0,373.75,105.25000000000007,data,ok,2.0,,1.0,16,TwoTier,87989972,6.0
ue16_qfi9,298.5,300.0,300.25,300.25,ok,0.6335100220237069,ok,ue7_qfi9,1,1,2,3167.5,0.0,data,ok,2.0,False,,proxy,3,0,ue1_qfi2,0.34459459459459457,148,150.0,ok,ue4_qfi2,149.538,ok,10,ok,16,ue1_qfi2,0.7743476,ok,0.6795924397438786,proxy,5,0.6620881818010077,67694536.0,ok,0.009461363636363636,ok,0.9327386363636364,0.039425,ok,ue7_qfi1,0.18181818181818182,11,100.0,data,ok,0.0,ue10_qfi2,101.27900000000001,ok,,16.8,ue4_qfi2,15,462.5,2547.0,30.303,ok,33.0,,pending,,pending,"[8, 9]",ue7_qfi1,1,1,2,3019.25,103.24999999999918,data,ok,2.0,,1.0,16,PF,161576974,6.0
ue16_qfi9,298.5,300.0,300.25,300.25,ok,0.6385625223874588,ok,ue7_qfi1,0,0,0,197.24999999999991,102.00000000000003,data,ok,2.0,False,,proxy,3,0,ue1_qfi2,0.0,147,150.0,ok,ue13_qfi2,57.337,ok,10,ok,16,ue1_qfi2,0.0,ok,0.6812754705758789,proxy,5,0.6762875694193728,70050883.2,ok,0.009295454545454546,ok,0.9313602272727273,0.2038203125,ok,ue7_qfi1,0.3541666666666667,48,100.0,data,ok,0.0,ue13_qfi2,104.033,ok,,30.0,ue7_qfi2,2,72.75,144.5,30.303,ok,33.0,,pending,,pending,"[8, 9]",ue7_qfi1,0,0,0,197.24999999999991,102.00000000000003,data,ok,2.0,,1.0,16,Reservation,161576974,6.0
ue11_qfi9,293.25,299.75,300.0,300.25,ok,0.6607282722884386,ok,ue5_qfi9,0,1,3,1945.0000000000002,0.0,data,ok,2.0,False,,proxy,3,0,ue12_qfi2,0.0,147,150.0,ok,ue5_qfi2,115.095,ok,11,ok,16,ue12_qfi2,0.0,ok,0.6382088503527875,proxy,5,0.6253454977147574,62607873.6,ok,0.010161363636363637,ok,0.9327909090909091,0.0422625,ok,ue5_qfi1,0.15384615384615385,13,100.0,data,ok,0.0,ue1_qfi9,289.0,ok,,29.8,ue5_qfi2,11,236.5,1066.0,30.303,ok,33.0,,pending,,pending,"[8, 9]",ue5_qfi1,0,1,1,1555.25,280.5,data,ok,2.0,,1.0,16,TwoTier,161576974,6.0
ue16_qfi9,298.5,300.0,300.25,300.25,ok,0.6363312424463116,ok,ue8_qfi1,1,1,1,3989.75,100.62499999999997,data,ok,2.0,False,,proxy,3,0,ue1_qfi2,0.4228187919463087,149,150.0,ok,ue1_qfi2,149.73,ok,10,ok,16,ue1_qfi2,0.8063564,ok,0.6593460338661042,proxy,5,0.618407500611933,67010630.4,ok,0.010088636363636364,ok,0.9339431818181818,0.0399609375,ok,ue2_qfi1,0.0,1,100.0,data,ok,0.0,ue11_qfi2,101.889,ok,,15.4,ue3_qfi2,16,370.25,2820.75,30.303,ok,33.0,,pending,,pending,"[8, 9]",ue8_qfi1,1,1,1,3989.75,100.62499999999997,data,ok,2.0,,1.0,16,PF,35492826,6.0
ue16_qfi9,298.5,300.0,300.25,300.25,ok,0.6382775747169281,ok,ue8_qfi1,0,0,0,171.24999999999991,98.74999999999989,data,ok,2.0,False,,proxy,3,0,ue1_qfi2,0.0,148,150.0,ok,ue8_qfi2,40.184,ok,10,ok,16,ue1_qfi2,0.0,ok,0.6820842719882061,proxy,5,0.6684884790381492,69971742.4,ok,0.009922727272727272,ok,0.9326863636363636,0.19925,ok,ue6_qfi1,0.4489795918367347,49,100.0,data,ok,0.0,ue13_qfi2,119.761,ok,,30.4,ue6_qfi2,0,0.0,0.0,30.303,ok,33.0,,pending,,pending,"[8, 9]",ue8_qfi1,0,0,0,171.24999999999991,98.74999999999989,data,ok,2.0,,1.0,16,Reservation,35492826,6.0
ue10_qfi9,291.25,299.75,300.0,300.25,ok,0.6650366976751183,ok,ue1_qfi9,0,0,1,595.0,0.0,data,ok,2.0,False,,proxy,3,0,ue12_qfi2,0.0,148,150.0,ok,ue8_qfi2,86.71,ok,9,ok,16,ue12_qfi2,0.0,ok,0.6470065855085322,proxy,5,0.6377754856487865,61856110.4,ok,0.01010909090909091,ok,0.9340693181818182,0.043703125,ok,ue1_qfi1,0.35294117647058826,34,100.0,data,ok,0.0,ue10_qfi2,114.68,ok,,29.6,ue10_qfi2,9,93.25,759.0,30.303,ok,33.0,,pending,,pending,"[8, 9]",ue1_qfi1,0,0,0,349.49999999999994,126.49999999999983,data,ok,2.0,,1.0,16,TwoTier,35492826,6.0
ue16_qfi9,298.5,300.0,300.25,300.25,ok,0.6229469244859404,ok,ue9_qfi9,0,1,1,1882.0000000000002,0.0,data,ok,2.0,False,,proxy,3,0,ue2_qfi2,0.37583892617449666,149,150.0,ok,ue3_qfi2,149.657,ok,10,ok,16,ue2_qfi2,0.835514,ok,0.6815685656639578,proxy,5,0.6407417930316914,69643953.6,ok,0.010427272727272728,ok,0.9340852272727272,0.038984375,ok,ue6_qfi1,0.4166666666666667,12,100.0,data,ok,0.0,ue12_qfi2,100.417,ok,,11.6,ue2_qfi2,20,1091.5,3601.5,30.303,ok,33.0,,pending,,pending,"[8, 9]",ue9_qfi1,0,1,1,1811.25,102.49999999999993,data,ok,2.0,,1.0,16,PF,376383645,6.0
ue16_qfi9,297.75,300.0,300.25,300.25,ok,0.6141457819738587,ok,ue12_qfi1,0,0,0,180.25000000000003,99.49999999999991,data,ok,2.0,False,,proxy,3,0,ue1_qfi2,0.0,147,150.0,ok,ue13_qfi2,41.606,ok,10,ok,16,ue1_qfi2,0.0,ok,0.6863946716196722,proxy,5,0.670283012016089,74184174.4,ok,0.009395454545454545,ok,0.9322954545454546,0.1863046875,ok,ue15_qfi1,0.4489795918367347,49,100.0,data,ok,0.0,ue13_qfi2,117.301,ok,,30.0,ue8_qfi2,1,71.5,71.5,30.303,ok,33.0,,pending,,pending,"[8, 9]",ue12_qfi1,0,0,0,180.25000000000003,99.49999999999991,data,ok,2.0,,1.0,16,Reservation,376383645,6.0
ue10_qfi9,296.75,300.0,300.25,300.25,ok,0.6550350386970698,ok,ue5_qfi1,0,0,1,500.9999999999999,141.0,data,ok,2.0,False,,proxy,3,0,ue12_qfi2,0.0,147,150.0,ok,ue5_qfi2,75.396,ok,11,ok,16,ue12_qfi2,0.0,ok,0.6466540964825684,proxy,5,0.6421362315894877,63516697.6,ok,0.009256818181818182,ok,0.9339761363636364,0.0424265625,ok,ue5_qfi1,0.27586206896551724,29,100.0,data,ok,0.0,ue6_qfi2,115.68500000000002,ok,,30.4,ue11_qfi2,9,92.75,756.75,30.303,ok,33.0,,pending,,pending,"[8, 9]",ue5_qfi1,0,0,1,500.9999999999999,141.0,data,ok,2.0,,1.0,16,TwoTier,376383645,6.0
ue16_qfi9,298.25,300.0,300.25,300.25,ok,0.6316463934611573,ok,ue4_qfi1,1,1,1,4441.750000000001,2254.0,data,ok,2.0,False,,proxy,3,0,ue2_qfi2,0.21621621621621623,148,150.0,ok,ue2_qfi2,150.1,ok,11,ok,16,ue2_qfi2,0.7629304,ok,0.6783826124990516,proxy,5,0.6593638840625318,67944272.0,ok,0.010356818181818182,ok,0.9330420454545455,0.0396,ok,ue3_qfi1,0.0,1,100.0,data,ok,0.0,ue7_qfi2,115.182,ok,,11.4,ue1_qfi2,21,457.0,3690.0,30.303,ok,33.0,,pending,,pending,"[8, 9]",ue4_qfi1,1,1,1,4441.750000000001,2254.0,data,ok,2.0,,1.0,16,PF,1746484539,6.0
ue16_qfi9,298.5,300.0,300.25,300.25,ok,0.6276975769215868,ok,ue8_qfi1,0,0,0,168.74999999999974,99.75000000000023,data,ok,2.0,False,,proxy,3,0,ue1_qfi2,0.0,147,150.0,ok,ue6_qfi2,38.541,ok,11,ok,16,ue1_qfi2,0.0,ok,0.6885678007638397,proxy,5,0.6863540987828983,71952996.8,ok,0.009477272727272727,ok,0.9322761363636364,0.1961171875,ok,ue10_qfi1,0.4489795918367347,49,100.0,data,ok,0.0,ue8_qfi1,81.75,ok,,30.4,ue6_qfi2,0,0.0,0.0,30.303,ok,33.0,,pending,,pending,"[8, 9]",ue8_qfi1,0,0,0,168.74999999999974,99.75000000000023,data,ok,2.0,,1.0,16,Reservation,1746484539,6.0
ue9_qfi9,296.5,300.0,300.25,300.25,ok,0.6605377494441357,ok,ue2_qfi1,0,0,0,408.00000000000006,159.12499999999997,data,ok,2.0,False,,proxy,3,0,ue12_qfi2,0.0,147,150.0,ok,ue11_qfi2,83.631,ok,11,ok,16,ue12_qfi2,0.0,ok,0.6432291354660398,proxy,5,0.6378543994905468,62536857.6,ok,0.010438636363636363,ok,0.9334329545454545,0.0437515625,ok,ue3_qfi1,0.23076923076923078,26,100.0,data,ok,0.0,ue11_qfi2,108.197,ok,,30.4,ue11_qfi2,10,101.25,837.75,30.303,ok,33.0,,pending,,pending,"[8, 9]",ue2_qfi1,0,0,0,408.00000000000006,159.12499999999997,data,ok,2.0,,1.0,16,TwoTier,1746484539,6.0
ue5_qfi9,297.5,299.75,300.0,300.25,ok,0.26938772019575724,ok,ue1_qfi1,0,0,0,199.5,100.62499999999986,data,ok,2.0,False,,proxy,3,0,ue1_qfi2,0.993421052631579,152,150.0,ok,ue1_qfi2,39.315,ok,8,ok,8,ue2_qfi2,0.9572224,ok,0.9328712692172264,proxy,5,0.9285983062652308,68544435.2,ok,0.0059113636363636365,ok,0.9304738636363636,0.0438703125,ok,ue1_qfi1,0.4375,48,100.0,data,ok,0.0,ue7_qfi9,158.0,ok,,30.2,ue1_qfi2,1,84.5,84.5,30.303,ok,33.0,,pending,,pending,"[8, 9]",ue1_qfi1,0,0,0,199.5,100.62499999999986,data,ok,2.0,,1.0,8,PF,1826701614,12.0
ue5_qfi9,296.25,300.0,300.0,300.25,ok,0.27767429260106175,ok,ue1_qfi1,0,0,0,121.0,99.75000000000023,data,ok,2.0,False,,proxy,3,0,ue2_qfi2,0.0,147,150.0,ok,ue1_qfi2,26.373,ok,7,ok,8,ue2_qfi2,0.0,ok,0.8767134977069422,proxy,5,0.8741608955036234,67827488.0,ok,0.004897727272727272,ok,0.929965909090909,0.101196875,ok,ue7_qfi1,0.40816326530612246,49,100.0,data,ok,0.0,ue6_qfi9,75.5,ok,,30.4,ue1_qfi2,0,0.0,0.0,30.303,ok,33.0,,pending,,pending,"[8, 9]",ue1_qfi1,0,0,0,121.0,99.75000000000023,data,ok,2.0,,1.0,8,Reservation,1826701614,12.0
ue4_qfi9,295.0,299.75,300.0,300.25,ok,0.2541469608888655,ok,ue1_qfi9,0,1,1,1609.0,0.0,data,ok,2.0,False,,proxy,3,0,ue1_qfi2,0.9530201342281879,149,150.0,ok,ue1_qfi2,136.75,ok,8,ok,8,ue1_qfi2,0.955934,ok,0.8866562122405901,proxy,5,0.8773632490079105,69328064.0,ok,0.005443181818181818,ok,0.9308477272727272,0.0392,ok,ue1_qfi1,0.0,5,100.0,data,ok,0.0,ue1_qfi9,287.5,ok,,30.2,ue8_qfi2,32,100.25,2460.25,30.303,ok,33.0,,pending,,pending,"[8, 9]",ue1_qfi1,0,1,1,1602.2500000000002,327.25000000000006,data,ok,2.0,,1.0,8,TwoTier,1826701614,12.0
ue6_qfi9,296.5,299.75,300.0,300.25,ok,0.2652163844959214,ok,ue2_qfi1,0,0,0,229.24999999999952,99.75,data,ok,2.0,False,,proxy,3,0,ue1_qfi2,0.9868421052631579,152,150.0,ok,ue2_qfi2,42.175,ok,8,ok,8,ue3_qfi2,0.9580368,ok,0.9368653261633562,proxy,5,0.9175632342490485,68957721.6,ok,0.006095454545454545,ok,0.9338193181818182,0.0435796875,ok,ue1_qfi1,0.4897959183673469,49,100.0,data,ok,0.0,ue7_qfi9,82.25,ok,,30.0,ue1_qfi2,0,0.0,0.0,30.303,ok,33.0,,pending,,pending,"[8, 9]",ue2_qfi1,0,0,0,229.24999999999952,99.75,data,ok,2.0,,1.0,8,PF,1367864806,12.0
ue6_qfi9,292.0,299.75,300.0,300.25,ok,0.25833059809599784,ok,ue3_qfi1,0,0,0,125.99999999999989,99.99999999999964,data,ok,2.0,False,,proxy,3,0,ue1_qfi2,0.0,148,150.0,ok,ue2_qfi2,24.279,ok,7,ok,8,ue1_qfi2,0.0,ok,0.8846816859389846,proxy,5,0.8694309041489507,69589430.4,ok,0.004847727272727273,ok,0.9321840909090909,0.0910671875,ok,ue6_qfi1,0.40816326530612246,49,100.0,data,ok,0.0,ue7_qfi9,28.25,ok,,30.4,ue2_qfi2,0,0.0,0.0,30.303,ok,33.0,,pending,,pending,"[8, 9]",ue3_qfi1,0,0,0,125.99999999999989,99.99999999999964,data,ok,2.0,,1.0,8,Reservation,1367864806,12.0
ue3_qfi9,296.75,300.0,300.0,300.25,ok,0.24762918033681106,ok,ue1_qfi9,1,1,1,3299.5,0.0,data,ok,2.0,False,,proxy,3,0,ue1_qfi2,0.9602649006622517,151,150.0,ok,ue1_qfi2,141.577,ok,6,ok,8,ue3_qfi2,0.9485355999999999,ok,0.8942544803486843,proxy,5,0.8659314962922682,69928128.0,ok,0.0059113636363636365,ok,0.9314704545454545,0.03735625,ok,ue1_qfi1,0.14285714285714285,7,100.0,data,ok,0.0,ue1_qfi9,279.25,ok,,30.0,ue8_qfi2,35,97.0,2701.75,30.303,ok,33.0,,pending,,pending,"[8, 9]",ue1_qfi1,1,1,1,3264.75,391.25000000000034,data,ok,2.0,,1.0,8,TwoTier,1367864806,12.0
ue5_qfi9,296.75,299.75,300.0,300.25,ok,0.27084418780001446,ok,ue1_qfi1,0,0,0,330.99999999999994,98.25000000000017,data,ok,2.0,False,,proxy,3,0,ue4_qfi2,0.993421052631579,152,150.0,ok,ue1_qfi2,41.866,ok,8,ok,8,ue8_qfi2,0.9680356,ok,0.9334196034557986,proxy,5,0.9259340806823009,68166308.8,ok,0.005479545454545455,ok,0.9323397727272728,0.042928125,ok,ue4_qfi1,0.5102040816326531,49,100.0,data,ok,0.0,ue8_qfi9,116.5,ok,,30.4,ue1_qfi2,0,0.0,0.0,30.303,ok,33.0,,pending,,pending,"[8, 9]",ue1_qfi1,0,0,0,330.99999999999994,98.25000000000017,data,ok,2.0,,1.0,8,PF,1097657231,12.0
ue5_qfi9,294.0,299.75,300.0,300.25,ok,0.27384546768497475,ok,ue6_qfi1,0,0,0,122.75000000000036,100.00000000000009,data,ok,2.0,False,,proxy,3,0,ue2_qfi2,0.0,147,150.0,ok,ue1_qfi2,24.875,ok,7,ok,8,ue2_qfi2,0.0,ok,0.8782146833346273,proxy,5,0.8735673185132656,68022136.0,ok,0.004852272727272728,ok,0.9319125,0.09828125,ok,ue4_qfi1,0.46938775510204084,49,100.0,data,ok,0.0,ue7_qfi9,203.0,ok,,30.2,ue3_qfi2,1,67.25,67.25,30.303,ok,33.0,,pending,,pending,"[8, 9]",ue6_qfi1,0,0,0,122.75000000000036,100.00000000000009,data,ok,2.0,,1.0,8,Reservation,1097657231,12.0
ue3_qfi9,297.0,300.0,300.0,300.25,ok,0.2522127088114148,ok,ue2_qfi1,0,0,1,714.2500000000002,170.74999999999994,data,ok,2.0,False,,proxy,3,0,ue1_qfi2,0.9256756756756757,148,150.0,ok,ue1_qfi2,147.0,ok,7,ok,8,ue1_qfi2,0.9339308000000001,ok,0.8824926839579241,proxy,5,0.8587550039916981,69723692.8,ok,0.005325,ok,0.9317318181818182,0.037628125,ok,ue2_qfi1,0.36,25,100.0,data,ok,0.0,ue1_qfi9,273.75,ok,,30.0,ue8_qfi2,36,100.0,2755.5,30.303,ok,33.0,,pending,,pending,"[8, 9]",ue2_qfi1,0,0,1,714.2500000000002,170.74999999999994,data,ok,2.0,,1.0,8,TwoTier,1097657231,12.0
ue5_qfi9,297.0,299.75,300.0,300.25,ok,0.2486542559326058,ok,ue1_qfi1,0,0,0,168.00000000000014,98.74999999999989,data,ok,2.0,False,,proxy,3,0,ue1_qfi2,1.0,152,150.0,ok,ue1_qfi2,39.568,ok,8,ok,8,ue8_qfi2,0.9636376,ok,0.9364501271272386,proxy,5,0.9292947807776554,70466611.2,ok,0.005986363636363636,ok,0.9325897727272727,0.044040625,ok,ue5_qfi1,0.4897959183673469,49,100.0,data,ok,0.0,ue8_qfi9,191.25,ok,,30.4,ue1_qfi2,1,66.75,66.75,30.303,ok,33.0,,pending,,pending,"[8, 9]",ue1_qfi1,0,0,0,168.00000000000014,98.74999999999989,data,ok,2.0,,1.0,8,PF,579362555,12.0
ue5_qfi9,292.5,299.75,300.0,300.25,ok,0.25373387176870277,ok,ue4_qfi1,0,0,0,120.49999999999983,100.00000000000009,data,ok,2.0,False,,proxy,3,0,ue2_qfi2,0.0,147,150.0,ok,ue1_qfi2,24.319,ok,7,ok,8,ue2_qfi2,0.0,ok,0.8824483928851746,proxy,5,0.8794876585341419,70193928.0,ok,0.005040909090909091,ok,0.9332329545454545,0.0946421875,ok,ue7_qfi1,0.42857142857142855,49,100.0,data,ok,0.0,ue6_qfi9,148.25,ok,,30.4,ue1_qfi2,0,0.0,0.0,30.303,ok,33.0,,pending,,pending,"[8, 9]",ue4_qfi1,0,0,0,120.49999999999983,100.00000000000009,data,ok,2.0,,1.0,8,Reservation,579362555,12.0
ue3_qfi9,283.0,299.75,300.0,300.25,ok,0.2290810780545057,ok,ue2_qfi1,0,0,1,597.0,254.24999999999997,data,ok,2.0,False,,proxy,3,0,ue1_qfi2,0.8716216216216216,148,150.0,ok,ue1_qfi2,144.351,ok,7,ok,8,ue1_qfi2,0.9244252,ok,0.8758987175206869,proxy,5,0.8531085477680457,71755734.4,ok,0.005547727272727273,ok,0.9309068181818182,0.03725,ok,ue1_qfi1,0.0,4,100.0,data,ok,0.0,ue2_qfi9,184.5,ok,,30.2,ue8_qfi2,31,107.5,2278.75,30.303,ok,33.0,,pending,,pending,"[8, 9]",ue2_qfi1,0,0,1,597.0,254.24999999999997,data,ok,2.0,,1.0,8,TwoTier,579362555,12.0
ue4_qfi9,298.0,300.0,300.25,300.25,ok,0.24340688779527084,ok,ue1_qfi1,0,0,0,383.50000000000017,100.49999999999982,data,ok,2.0,False,,proxy,3,0,ue1_qfi2,1.0,152,150.0,ok,ue1_qfi2,39.37,ok,8,ok,8,ue8_qfi2,0.9537664,ok,0.9385583041598171,proxy,5,0.9324791481053102,70402686.4,ok,0.005256818181818182,ok,0.9320431818181818,0.0433640625,ok,ue8_qfi1,0.4489795918367347,49,100.0,data,ok,0.0,ue7_qfi9,219.0,ok,,30.4,ue1_qfi2,0,0.0,0.0,30.303,ok,33.0,,pending,,pending,"[8, 9]",ue1_qfi1,0,0,0,383.50000000000017,100.49999999999982,data,ok,2.0,,1.0,8,PF,661058651,12.0
ue7_qfi9,279.75,299.5,300.0,300.25,ok,0.2728755162944261,ok,ue2_qfi1,0,0,0,128.7499999999997,99.74999999999979,data,ok,2.0,False,,proxy,3,0,ue1_qfi2,0.993421052631579,152,150.0,ok,ue1_qfi2,27.464,ok,8,ok,8,ue8_qfi2,0.9537664,ok,0.9432982756545986,proxy,5,0.9397554818448637,68578827.2,ok,0.004893181818181818,ok,0.9342704545454545,0.1214390625,ok,ue6_qfi1,0.46938775510204084,49,100.0,data,ok,0.0,ue8_qfi9,126.0,ok,,30.2,ue1_qfi2,1,74.25,74.25,30.303,ok,33.0,,pending,,pending,"[8, 9]",ue2_qfi1,0,0,0,128.7499999999997,99.74999999999979,data,ok,2.0,,1.0,8,Reservation,661058651,12.0
ue3_qfi9,295.75,300.0,300.0,300.25,ok,0.22867562085197343,ok,ue1_qfi9,0,1,3,1319.0,0.0,data,ok,2.0,False,,proxy,3,0,ue1_qfi2,1.0,152,150.0,ok,ue1_qfi2,110.289,ok,7,ok,8,ue8_qfi2,0.9409504000000001,ok,0.9068012508584674,proxy,5,0.8949389220709245,71772563.2,ok,0.005147727272727273,ok,0.9326352272727273,0.0368828125,ok,ue1_qfi1,0.125,16,100.0,data,ok,0.0,ue1_qfi9,271.75,ok,,30.0,ue8_qfi2,42,98.25,3294.5,30.303,ok,33.0,,pending,,pending,"[8, 9]",ue1_qfi1,0,1,2,1116.4999999999998,277.5,data,ok,2.0,,1.0,8,TwoTier,661058651,12.0
ue5_qfi9,297.75,300.0,300.0,300.25,ok,0.28145383468166885,ok,ue1_qfi1,0,0,0,139.00000000000023,100.49999999999982,data,ok,2.0,False,,proxy,3,0,ue1_qfi2,1.0,152,150.0,ok,ue2_qfi2,36.226,ok,8,ok,8,ue3_qfi2,0.9641396,ok,0.9278034004967306,proxy,5,0.9220133529768194,67071366.4,ok,0.006343181818181818,ok,0.9310545454545455,0.042815625,ok,ue1_qfi1,0.46938775510204084,49,100.0,data,ok,0.0,ue8_qfi9,229.25,ok,,30.4,ue1_qfi2,0,0.0,0.0,30.303,ok,33.0,,pending,,pending,"[8, 9]",ue1_qfi1,0,0,0,139.00000000000023,100.49999999999982,data,ok,2.0,,1.0,8,PF,87989972,12.0
ue5_qfi9,296.25,300.0,300.0,300.25,ok,0.28388297776936405,ok,ue1_qfi1,0,0,0,125.49999999999972,99.00000000000003,data,ok,2.0,False,,proxy,3,0,ue2_qfi2,0.0,147,150.0,ok,ue1_qfi2,24.942,ok,7,ok,8,ue2_qfi2,0.0,ok,0.8759609596808188,proxy,5,0.8716692898847201,67174412.8,ok,0.005086363636363636,ok,0.9318318181818182,0.0977359375,ok,ue6_qfi1,0.4489795918367347,49,100.0,data,ok,0.0,ue8_qfi9,124.5,ok,,30.2,ue1_qfi2,0,0.0,0.0,30.303,ok,33.0,,pending,,pending,"[8, 9]",ue1_qfi1,0,0,0,125.49999999999972,99.00000000000003,data,ok,2.0,,1.0,8,Reservation,87989972,12.0
ue3_qfi9,113.0,300.0,300.25,300.25,ok,0.26016342962757155,ok,ue2_qfi1,1,1,1,2111.0,108.25,data,ok,2.0,False,,proxy,3,0,ue2_qfi2,0.9736842105263158,152,150.0,ok,ue2_qfi2,133.706,ok,8,ok,8,ue1_qfi2,0.9540428000000001,ok,0.8644914885158744,proxy,5,0.8160793627488576,68685648.0,ok,0.005768181818181818,ok,0.9321477272727273,0.0385046875,ok,ue3_qfi1,0.2857142857142857,28,100.0,data,ok,0.0,ue1_qfi9,281.75,ok,,30.0,ue8_qfi2,25,98.0,1952.25,30.303,ok,33.0,,pending,,pending,"[8, 9]",ue2_qfi1,1,1,1,2111.0,108.25,data,ok,2.0,,1.0,8,TwoTier,87989972,12.0
ue5_qfi9,297.25,299.75,300.0,300.25,ok,0.2703693898071805,ok,ue1_qfi1,0,1,1,1225.4999999999998,99.75000000000023,data,ok,2.0,False,,proxy,3,0,ue2_qfi2,0.993421052631579,152,150.0,ok,ue1_qfi2,66.14,ok,7,ok,8,ue3_qfi2,0.949632,ok,0.9233813528760837,proxy,5,0.9038050043289149,68384964.8,ok,0.006277272727272728,ok,0.9332625,0.0477671875,ok,ue8_qfi1,0.46938775510204084,49,100.0,data,ok,0.0,ue7_qfi9,104.0,ok,,30.2,ue2_qfi2,1,67.5,67.5,30.303,ok,33.0,,pending,,pending,"[8, 9]",ue1_qfi1,0,1,1,1225.4999999999998,99.75000000000023,data,ok,2.0,,1.0,8,PF,161576974,12.0
ue5_qfi9,296.25,300.0,300.0,300.25,ok,0.2681629243961511,ok,ue1_qfi1,0,0,0,122.75000000000036,99.0000000000002,data,ok,2.0,False,,proxy,3,0,ue2_qfi2,0.0,147,150.0,ok,ue1_qfi2,26.421,ok,7,ok,8,ue2_qfi2,0.0,ok,0.8784265167633707,proxy,5,0.8687813753132575,68885625.6,ok,0.0052204545454545455,ok,0.9328875,0.0993609375,ok,ue5_qfi1,0.42857142857142855,49,100.0,data,ok,0.0,ue7_qfi9,96.75,ok,,30.2,ue6_qfi2,1,76.5,76.5,30.303,ok,33.0,,pending,,pending,"[8, 9]",ue1_qfi1,0,0,0,122.75000000000036,99.0000000000002,data,ok,2.0,,1.0,8,Reservation,161576974,12.0
ue3_qfi9,298.25,300.0,300.25,300.25,ok,0.2519620693794097,ok,ue2_qfi9,0,0,1,727.9999999999998,0.0,data,ok,2.0,False,,proxy,3,0,ue1_qfi2,0.9121621621621622,148,150.0,ok,ue1_qfi2,145.836,ok,6,ok,8,ue1_qfi2,0.9354664,ok,0.8761331065633751,proxy,5,0.857861461045539,69614187.2,ok,0.005947727272727273,ok,0.9329306818181818,0.0407609375,ok,ue2_qfi1,0.11764705882352941,17,100.0,data,ok,0.0,ue1_qfi9,238.5,ok,,30.2,ue8_qfi2,37,98.5,2766.0,30.303,ok,33.0,,pending,,pending,"[8, 9]",ue2_qfi1,0,0,0,394.25,265.25,data,ok,2.0,,1.0,8,TwoTier,161576974,12.0
ue5_qfi9,297.25,299.75,300.0,300.25,ok,0.27025014931949287,ok,ue1_qfi1,0,0,1,798.5,101.74999999999973,data,ok,2.0,False,,proxy,3,0,ue5_qfi2,0.993421052631579,152,150.0,ok,ue1_qfi2,62.282,ok,8,ok,8,ue6_qfi2,0.9674075999999999,ok,0.9265341050503558,proxy,5,0.9144315514189956,68095507.2,ok,0.006152272727272728,ok,0.9340704545454546,0.0452625,ok,ue8_qfi1,0.40816326530612246,49,100.0,data,ok,0.0,ue7_qfi9,91.0,ok,,30.4,ue1_qfi2,0,0.0,0.0,30.303,ok,33.0,,pending,,pending,"[8, 9]",ue1_qfi1,0,0,1,798.5,101.74999999999973,data,ok,2.0,,1.0,8,PF,35492826,12.0
ue5_qfi9,295.5,300.0,300.0,300.25,ok,0.27575789310507937,ok,ue6_qfi1,0,0,0,119.25000000000009,99.50000000000081,data,ok,2.0,False,,proxy,3,0,ue2_qfi2,0.0,147,150.0,ok,ue1_qfi2,27.021,ok,7,ok,8,ue2_qfi2,0.0,ok,0.8762845209876773,proxy,5,0.8709912380588222,68027652.8,ok,0.005029545454545455,ok,0.9321375,0.1053515625,ok,ue4_qfi1,0.42857142857142855,49,100.0,data,ok,0.0,ue7_qfi9,131.25,ok,,30.4,ue1_qfi2,0,0.0,0.0,30.303,ok,33.0,,pending,,pending,"[8, 9]",ue6_qfi1,0,0,0,119.25000000000009,99.50000000000081,data,ok,2.0,,1.0,8,Reservation,35492826,12.0
ue3_qfi9,296.5,300.0,300.25,300.25,ok,0.2564354242515007,ok,ue1_qfi1,0,1,1,1709.0,125.0,data,ok,2.0,False,,proxy,3,0,ue1_qfi2,0.9391891891891891,148,150.0,ok,ue1_qfi2,138.699,ok,8,ok,8,ue1_qfi2,0.9533195999999999,ok,0.8751735274464174,proxy,5,0.8557165360191359,69221465.6,ok,0.005579545454545454,ok,0.9344522727272727,0.040203125,ok,ue1_qfi1,0.2857142857142857,7,100.0,data,ok,0.0,ue1_qfi9,254.5,ok,,30.2,ue8_qfi2,24,105.5,1852.5,30.303,ok,33.0,,pending,,pending,"[8, 9]",ue1_qfi1,0,1,1,1709.0,125.0,data,ok,2.0,,1.0,8,TwoTier,35492826,12.0
ue4_qfi9,298.25,300.0,300.25,300.25,ok,0.2589765654572409,ok,ue1_qfi1,0,2,2,1559.0000000000002,100.37500000000004,data,ok,2.0,False,,proxy,3,0,ue2_qfi2,0.993421052631579,152,150.0,ok,ue1_qfi2,112.506,ok,8,ok,8,ue2_qfi2,0.9656948000000001,ok,0.9162546849653272,proxy,5,0.8855024624562831,68979025.6,ok,0.005820454545454545,ok,0.9330602272727273,0.0464078125,ok,ue2_qfi1,0.4791666666666667,48,100.0,data,ok,0.0,ue7_qfi9,143.0,ok,,30.2,ue2_qfi2,1,67.75,67.75,30.303,ok,33.0,,pending,,pending,"[8, 9]",ue1_qfi1,0,2,2,1559.0000000000002,100.37500000000004,data,ok,2.0,,1.0,8,PF,376383645,12.0
ue4_qfi9,297.25,300.0,300.25,300.25,ok,0.26971816369858137,ok,ue5_qfi1,0,0,0,123.00000000000023,100.75000000000011,data,ok,2.0,False,,proxy,3,0,ue2_qfi2,0.0,147,150.0,ok,ue1_qfi2,26.965,ok,7,ok,8,ue2_qfi2,0.0,ok,0.875443477285247,proxy,5,0.8689725508770864,68631633.6,ok,0.005068181818181818,ok,0.9343397727272728,0.1057625,ok,ue5_qfi1,0.3877551020408163,49,100.0,data,ok,0.0,ue6_qfi9,119.5,ok,,30.0,ue3_qfi2,2,79.75,154.75,30.303,ok,33.0,,pending,,pending,"[8, 9]",ue5_qfi1,0,0,0,123.00000000000023,100.75000000000011,data,ok,2.0,,1.0,8,Reservation,376383645,12.0
ue3_qfi9,288.25,299.75,300.0,300.25,ok,0.24841223994387662,ok,ue2_qfi9,0,0,2,645.7499999999998,0.0,data,ok,2.0,False,,proxy,3,0,ue1_qfi2,0.9271523178807947,151,150.0,ok,ue1_qfi2,145.991,ok,7,ok,8,ue2_qfi2,0.9401668000000001,ok,0.8682911198359985,proxy,5,0.8494469872687851,70037177.6,ok,0.0053704545454545454,ok,0.9339715909090909,0.0408421875,ok,ue1_qfi1,0.0,1,100.0,data,ok,0.0,ue2_qfi9,266.0,ok,,28.0,ue1_qfi2,27,103.75,2326.0,30.303,ok,33.0,,pending,,pending,"[8, 9]",ue2_qfi1,0,0,2,591.5000000000003,168.75000000000006,data,ok,2.0,,1.0,8,TwoTier,376383645,12.0
ue5_qfi9,296.5,299.75,300.0,300.25,ok,0.2506387609395953,ok,ue1_qfi1,0,0,0,427.25000000000034,101.12499999999984,data,ok,2.0,False,,proxy,3,0,ue2_qfi2,0.993421052631579,152,150.0,ok,ue1_qfi2,48.971,ok,8,ok,8,ue3_qfi2,0.9644292,ok,0.9362941466798953,proxy,5,0.9312569528794987,70107643.2,ok,0.005818181818181818,ok,0.9320329545454545,0.0438015625,ok,ue8_qfi1,0.3877551020408163,49,100.0,data,ok,0.0,ue7_qfi9,143.0,ok,,30.2,ue4_qfi2,1,71.25,71.25,30.303,ok,33.0,,pending,,pending,"[8, 9]",ue1_qfi1,0,0,0,427.25000000000034,101.12499999999984,data,ok,2.0,,1.0,8,PF,1746484539,12.0
ue5_qfi9,293.25,299.75,300.0,300.25,ok,0.2572530134293012,ok,ue6_qfi1,0,0,0,121.99999999999989,99.50000000000003,data,ok,2.0,False,,proxy,3,0,ue2_qfi2,0.0,147,150.0,ok,ue1_qfi2,26.056,ok,7,ok,8,ue2_qfi2,0.0,ok,0.881163696538931,proxy,5,0.8783208684706973,69728596.8,ok,0.004815909090909091,ok,0.9318227272727273,0.0952015625,ok,ue1_qfi1,0.42857142857142855,49,100.0,data,ok,0.0,ue6_qfi9,158.0,ok,,30.2,ue1_qfi2,0,0.0,0.0,30.303,ok,33.0,,pending,,pending,"[8, 9]",ue6_qfi1,0,0,0,121.99999999999989,99.50000000000003,data,ok,2.0,,1.0,8,Reservation,1746484539,12.0
ue3_qfi9,295.0,300.0,300.0,300.25,ok,0.22791888148148967,ok,ue2_qfi1,1,1,1,3197.5000000000005,118.75000000000001,data,ok,2.0,False,,proxy,3,0,ue1_qfi2,0.912751677852349,149,150.0,ok,ue1_qfi2,143.853,ok,6,ok,8,ue1_qfi2,0.9260292,ok,0.8798365334900666,proxy,5,0.8579187654090884,71794648.0,ok,0.006227272727272727,ok,0.9339386363636364,0.037278125,ok,ue1_qfi1,0.2222222222222222,9,100.0,data,ok,0.0,ue2_qfi9,248.5,ok,,30.2,ue8_qfi2,35,98.0,2674.25,30.303,ok,33.0,,pending,,pending,"[8, 9]",ue2_qfi1,1,1,1,3197.5000000000005,118.75000000000001,data,ok,2.0,,1.0,8,TwoTier,1746484539,12.0
ue3_qfi9,297.0,300.0,300.0,300.25,ok,0.15953909530935137,ok,ue1_qfi1,0,0,0,455.24999999999994,99.49999999999997,data,ok,2.0,False,,proxy,3,0,ue1_qfi2,1.0,152,150.0,ok,ue1_qfi2,47.243,ok,8,ok,8,ue1_qfi2,0.9632724,ok,0.9559631846855204,proxy,5,0.9494395604249299,65553992.0,ok,0.005652272727272727,ok,0.9297727272727273,0.05385,ok,ue6_qfi1,0.42857142857142855,49,100.0,data,ok,0.0,ue1_qfi1,67.25,ok,,30.4,ue1_qfi2,0,0.0,0.0,30.303,ok,33.0,,pending,,pending,"[8, 9]",ue1_qfi1,0,0,0,455.24999999999994,99.49999999999997,data,ok,2.0,,0.75,8,PF,1826701614,12.0
ue5_qfi9,294.0,299.75,300.0,300.25,ok,0.17725204598073582,ok,ue3_qfi1,0,0,0,130.24999999999974,98.50000000000048,data,ok,2.0,False,,proxy,3,0,ue4_qfi2,0.9868421052631579,152,150.0,ok,ue1_qfi2,27.993,ok,8,ok,8,ue1_qfi2,0.9630648,ok,0.959581735094724,proxy,5,0.9520583599838065,64556283.2,ok,0.004961363636363636,ok,0.9307693181818182,0.1234765625,ok,ue8_qfi1,0.4489795918367347,49,100.0,data,ok,0.0,ue7_qfi9,92.0,ok,,30.0,ue4_qfi2,1,70.0,70.0,30.303,ok,33.0,,pending,,pending,"[8, 9]",ue3_qfi1,0,0,0,130.24999999999974,98.50000000000048,data,ok,2.0,,0.75,8,Reservation,1826701614,12.0
ue2_qfi9,289.75,299.75,300.0,300.25,ok,0.13922507791230382,ok,ue1_qfi1,0,0,0,361.25000000000006,107.37500000000003,data,ok,2.0,False,,proxy,3,0,ue1_qfi2,1.0,151,150.0,ok,ue1_qfi2,72.412,ok,8,ok,8,ue8_qfi2,0.9551644,ok,0.9464926636460491,proxy,5,0.9310136893020262,66880152.0,ok,0.006290909090909091,ok,0.931225,0.040728125,ok,ue1_qfi1,0.3125,32,100.0,data,ok,0.0,ue4_qfi9,113.25,ok,,30.0,ue8_qfi2,46,100.75,3627.0,30.303,ok,33.0,,pending,,pending,"[8, 9]",ue1_qfi1,0,0,0,361.25000000000006,107.37500000000003,data,ok,2.0,,0.75,8,TwoTier,1826701614,12.0
ue2_qfi9,297.25,300.0,300.0,300.25,ok,0.14022804810234638,ok,ue1_qfi1,0,0,0,489.50000000000006,98.87499999999983,data,ok,2.0,False,,proxy,3,0,ue5_qfi2,0.993421052631579,152,150.0,ok,ue1_qfi2,45.805,ok,8,ok,8,ue3_qfi2,0.9542432,ok,0.9640831286230224,proxy,5,0.9545353823994408,66965886.4,ok,0.005111363636363636,ok,0.9337090909090909,0.054546875,ok,ue8_qfi1,0.4897959183673469,49,100.0,data,ok,0.0,ue5_qfi9,123.0,ok,,30.4,ue1_qfi2,0,0.0,0.0,30.303,ok,33.0,,pending,,pending,"[8, 9]",ue1_qfi1,0,0,0,489.50000000000006,98.87499999999983,data,ok,2.0,,0.75,8,PF,1367864806,12.0
ue3_qfi9,292.75,299.75,300.0,300.25,ok,0.16917632920830322,ok,ue3_qfi1,0,0,0,121.75000000000003,100.24999999999994,data,ok,2.0,False,,proxy,3,0,ue2_qfi2,0.0,147,150.0,ok,ue1_qfi2,24.428,ok,7,ok,8,ue2_qfi2,0.0,ok,0.8973163101628865,proxy,5,0.8922176974611565,64902216.0,ok,0.004840909090909091,ok,0.9322102272727273,0.095734375,ok,ue3_qfi1,0.42857142857142855,49,100.0,data,ok,0.0,ue4_qfi9,105.0,ok,,30.4,ue1_qfi2,0,0.0,0.0,30.303,ok,33.0,,pending,,pending,"[8, 9]",ue3_qfi1,0,0,0,121.75000000000003,100.24999999999994,data,ok,2.0,,0.75,8,Reservation,1367864806,12.0
ue1_qfi9,297.0,300.0,300.25,300.25,ok,0.12382619426649875,ok,ue1_qfi9,0,0,1,514.7499999999998,0.0,data,ok,2.0,False,,proxy,3,0,ue1_qfi2,1.0,151,150.0,ok,ue8_qfi2,69.067,ok,8,ok,8,ue6_qfi2,0.950106,ok,0.9539276687929028,proxy,5,0.9465322932958138,68032713.6,ok,0.0055340909090909095,ok,0.9316829545454546,0.0410484375,ok,ue1_qfi1,0.37037037037037035,27,100.0,data,ok,0.0,ue4_qfi9,112.25,ok,,30.2,ue8_qfi2,40,104.25,3276.25,30.303,ok,33.0,,pending,,pending,"[8, 9]",ue1_qfi1,0,0,0,481.49999999999983,139.49999999999994,data,ok,2.0,,0.75,8,TwoTier,1367864806,12.0
ue3_qfi9,296.5,300.0,300.0,300.25,ok,0.18823782472185094,ok,ue1_qfi1,0,0,0,324.25,99.62499999999991,data,ok,2.0,False,,proxy,3,0,ue1_qfi2,0.993421052631579,152,150.0,ok,ue2_qfi2,44.938,ok,8,ok,8,ue1_qfi2,0.9594044,ok,0.9451835333078437,proxy,5,0.9399095532810371,63099915.2,ok,0.0064136363636363635,ok,0.9308261363636363,0.055009375,ok,ue5_qfi1,0.46938775510204084,49,100.0,data,ok,0.0,ue6_qfi9,251.0,ok,,30.2,ue1_qfi2,1,66.75,66.75,30.303,ok,33.0,,pending,,pending,"[8, 9]",ue1_qfi1,0,0,0,324.25,99.62499999999991,data,ok,2.0,,0.75,8,PF,1097657231,12.0
ue3_qfi9,296.25,300.0,300.25,300.25,ok,0.20015894670802234,ok,ue1_qfi1,0,0,0,131.49999999999994,99.25000000000006,data,ok,2.0,False,,proxy,3,0,ue2_qfi2,0.0,147,150.0,ok,ue1_qfi2,24.5,ok,7,ok,8,ue2_qfi2,0.0,ok,0.891299925284873,proxy,5,0.8890674555464778,62338739.2,ok,0.0055681818181818185,ok,0.9313465909090909,0.0981796875,ok,ue3_qfi1,0.4897959183673469,49,100.0,data,ok,0.0,ue5_qfi9,246.0,ok,,30.4,ue1_qfi2,0,0.0,0.0,30.303,ok,33.0,,pending,,pending,"[8, 9]",ue1_qfi1,0,0,0,131.49999999999994,99.25000000000006,data,ok,2.0,,0.75,8,Reservation,1097657231,12.0
ue2_qfi9,289.75,300.0,300.0,300.25,ok,0.17507290384076157,ok,ue1_qfi1,0,0,1,525.75,108.50000000000026,data,ok,2.0,False,,proxy,3,0,ue4_qfi2,0.9933774834437086,151,150.0,ok,ue2_qfi2,74.586,ok,8,ok,8,ue6_qfi2,0.9542252,ok,0.926067364836905,proxy,5,0.9155747255950161,64016024.0,ok,0.006075,ok,0.9319806818181818,0.043321875,ok,ue2_qfi1,0.3225806451612903,31,100.0,data,ok,0.0,ue4_qfi9,159.75,ok,,30.0,ue7_qfi2,35,110.5,2769.5,30.303,ok,33.0,,pending,,pending,"[8, 9]",ue1_qfi1,0,0,1,525.75,108.50000000000026,data,ok,2.0,,0.75,8,TwoTier,1097657231,12.0
ue3_qfi9,296.5,299.75,300.0,300.25,ok,0.16367086734348602,ok,ue2_qfi1,0,0,0,158.74999999999994,99.49999999999991,data,ok,2.0,False,,proxy,3,0,ue2_qfi2,0.993421052631579,152,150.0,ok,ue1_qfi2,74.759,ok,8,ok,8,ue1_qfi2,0.9530852,ok,0.9462115531448549,proxy,5,0.9169594509985639,65398979.2,ok,0.006052272727272727,ok,0.9312352272727272,0.054571875,ok,ue5_qfi1,0.46938775510204084,49,100.0,data,ok,0.0,ue5_qfi9,132.0,ok,,30.2,ue2_qfi2,1,67.75,67.75,30.303,ok,33.0,,pending,,pending,"[8, 9]",ue2_qfi1,0,0,0,158.74999999999994,99.49999999999991,data,ok,2.0,,0.75,8,PF,579362555,12.0
ue4_qfi9,295.5,300.0,300.0,300.25,ok,0.17506768105840528,ok,ue2_qfi1,0,0,0,129.75000000000003,99.75000000000023,data,ok,2.0,False,,proxy,3,0,ue2_qfi2,0.9078947368421053,152,150.0,ok,ue2_qfi2,30.013,ok,7,ok,8,ue2_qfi2,0.8947716,ok,0.9542391790196392,proxy,5,0.9448494986110246,64428025.6,ok,0.005270454545454545,ok,0.9324329545454545,0.1263703125,ok,ue7_qfi1,0.4489795918367347,49,100.0,data,ok,0.0,ue6_qfi9,260.5,ok,,30.4,ue1_qfi2,0,0.0,0.0,30.303,ok,33.0,,pending,,pending,"[8, 9]",ue2_qfi1,0,0,0,129.75000000000003,99.75000000000023,data,ok,2.0,,0.75,8,Reservation,579362555,12.0
ue2_qfi9,289.75,299.75,300.0,300.25,ok,0.14917268812402257,ok,ue1_qfi1,0,0,0,490.0000000000002,104.62499999999997,data,ok,2.0,False,,proxy,3,0,ue1_qfi2,1.0,151,150.0,ok,ue2_qfi2,70.3,ok,8,ok,8,ue1_qfi2,0.9515376,ok,0.9458936610572553,proxy,5,0.9302441568529547,66228448.0,ok,0.0057227272727272726,ok,0.9312329545454545,0.0415359375,ok,ue1_qfi1,0.3157894736842105,38,100.0,data,ok,0.0,ue4_qfi9,165.75,ok,,30.0,ue8_qfi2,39,92.0,3008.75,30.303,ok,33.0,,pending,,pending,"[8, 9]",ue1_qfi1,0,0,0,490.0000000000002,104.62499999999997,data,ok,2.0,,0.75,8,TwoTier,579362555,12.0
ue3_qfi9,296.0,299.75,300.0,300.25,ok,0.1561224320954196,ok,ue1_qfi1,0,0,0,242.0000000000001,100.75000000000011,data,ok,2.0,False,,proxy,3,0,ue1_qfi2,1.0,152,150.0,ok,ue1_qfi2,41.672,ok,8,ok,8,ue3_qfi2,0.9597376,ok,0.9541470678026294,proxy,5,0.9495091629852423,65966059.2,ok,0.006086363636363636,ok,0.9323295454545455,0.055946875,ok,ue6_qfi1,0.4489795918367347,49,100.0,data,ok,0.0,ue5_qfi9,124.25,ok,,30.4,ue1_qfi2,0,0.0,0.0,30.303,ok,33.0,,pending,,pending,"[8, 9]",ue1_qfi1,0,0,0,242.0000000000001,100.75000000000011,data,ok,2.0,,0.75,8,PF,661058651,12.0
ue4_qfi9,295.75,300.0,300.0,300.25,ok,0.17327853199284834,ok,ue1_qfi1,0,0,0,123.99999999999966,100.00000000000009,data,ok,2.0,False,,proxy,3,0,ue1_qfi2,0.9868421052631579,152,150.0,ok,ue1_qfi2,28.911,ok,8,ok,8,ue4_qfi2,0.95983,ok,0.9597160969466682,proxy,5,0.9546011922475138,64760620.8,ok,0.005309090909090909,ok,0.9332465909090909,0.128290625,ok,ue6_qfi1,0.42857142857142855,49,100.0,data,ok,0.0,ue6_qfi9,126.25,ok,,30.2,ue7_qfi2,1,70.75,70.75,30.303,ok,33.0,,pending,,pending,"[8, 9]",ue1_qfi1,0,0,0,123.99999999999966,100.00000000000009,data,ok,2.0,,0.75,8,Reservation,661058651,12.0
ue1_qfi9,34.75,299.5,300.0,300.25,ok,0.1404920361263386,ok,ue1_qfi9,1,1,1,2897.0,0.0,data,ok,2.0,False,,proxy,3,0,ue1_qfi2,0.9736842105263158,152,150.0,ok,ue1_qfi2,139.841,ok,8,ok,8,ue7_qfi2,0.9533984,ok,0.9283425847270543,proxy,5,0.9122512747613781,66755878.4,ok,0.005588636363636363,ok,0.932509090909091,0.0424265625,ok,ue1_qfi1,0.1111111111111111,9,100.0,data,ok,0.0,ue1_qfi9,265.5,ok,,30.0,ue8_qfi2,35,97.75,2721.5,30.303,ok,33.0,,pending,,pending,"[8, 9]",ue1_qfi1,1,1,1,2893.25,307.74999999999955,data,ok,2.0,,0.75,8,TwoTier,661058651,12.0
ue3_qfi9,296.25,299.75,300.0,300.25,ok,0.17031646557436186,ok,ue1_qfi1,0,0,1,763.7499999999999,99.99999999999987,data,ok,2.0,False,,proxy,3,0,ue7_qfi2,0.993421052631579,152,150.0,ok,ue2_qfi2,50.921,ok,8,ok,8,ue8_qfi2,0.9691211999999999,ok,0.9434075981952551,proxy,5,0.9328758641767212,64767766.4,ok,0.006113636363636364,ok,0.9323170454545454,0.05398125,ok,ue7_qfi1,0.46938775510204084,49,100.0,data,ok,0.0,ue6_qfi9,160.25,ok,,30.4,ue1_qfi2,0,0.0,0.0,30.303,ok,33.0,,pending,,pending,"[8, 9]",ue1_qfi1,0,0,1,763.7499999999999,99.99999999999987,data,ok,2.0,,0.75,8,PF,87989972,12.0
ue3_qfi9,292.5,299.75,300.0,300.25,ok,0.17984128133649385,ok,ue2_qfi1,0,0,0,128.24999999999997,99.00000000000003,data,ok,2.0,False,,proxy,3,0,ue1_qfi2,0.0,147,150.0,ok,ue2_qfi2,24.174,ok,7,ok,8,ue1_qfi2,0.0,ok,0.8946278983654963,proxy,5,0.890656731337352,64201372.8,ok,0.005113636363636364,ok,0.9320522727272728,0.0962546875,ok,ue4_qfi1,0.42857142857142855,49,100.0,data,ok,0.0,ue4_qfi9,50.5,ok,,30.0,ue2_qfi2,0,0.0,0.0,30.303,ok,33.0,,pending,,pending,"[8, 9]",ue2_qfi1,0,0,0,128.24999999999997,99.00000000000003,data,ok,2.0,,0.75,8,Reservation,87989972,12.0
ue2_qfi9,60.25,299.5,300.0,300.0,ok,0.15503081277146974,ok,ue1_qfi1,0,0,0,398.2500000000002,302.00000000000006,data,ok,2.0,False,,proxy,3,0,ue1_qfi2,0.9391891891891891,148,150.0,ok,ue1_qfi2,142.854,ok,6,ok,8,ue1_qfi2,0.9368676,ok,0.9033349953332805,proxy,5,0.8713208196655675,65780379.2,ok,0.005961363636363636,ok,0.9328568181818182,0.04285625,ok,ue1_qfi1,0.2222222222222222,9,100.0,data,ok,0.0,ue1_qfi9,274.5,ok,,30.2,ue8_qfi2,28,101.5,2136.75,30.303,ok,33.0,,pending,,pending,"[8, 9]",ue1_qfi1,0,0,0,398.2500000000002,302.00000000000006,data,ok,2.0,,0.75,8,TwoTier,87989972,12.0
ue3_qfi9,296.25,299.75,300.0,300.25,ok,0.15634439694356292,ok,ue1_qfi1,0,0,0,254.50000000000017,99.37499999999999,data,ok,2.0,False,,proxy,3,0,ue1_qfi2,0.993421052631579,152,150.0,ok,ue1_qfi2,39.424,ok,8,ok,8,ue7_qfi2,0.9522444,ok,0.9573488586540295,proxy,5,0.9496487736049442,66042796.8,ok,0.005913636363636364,ok,0.9338863636363637,0.0535734375,ok,ue7_qfi1,0.42857142857142855,49,100.0,data,ok,0.0,ue6_qfi9,221.0,ok,,30.2,ue1_qfi2,1,66.25,66.25,30.303,ok,33.0,,pending,,pending,"[8, 9]",ue1_qfi1,0,0,0,254.50000000000017,99.37499999999999,data,ok,2.0,,0.75,8,PF,161576974,12.0
ue3_qfi9,292.75,299.75,300.0,300.25,ok,0.1792897186189104,ok,ue1_qfi1,0,0,0,120.00000000000011,99.49999999999991,data,ok,2.0,False,,proxy,3,0,ue2_qfi2,0.0,148,150.0,ok,ue1_qfi2,24.255,ok,7,ok,8,ue2_qfi2,0.0,ok,0.895468153510353,proxy,5,0.8943862269601955,64229852.8,ok,0.004968181818181818,ok,0.9327329545454546,0.096821875,ok,ue6_qfi1,0.42857142857142855,49,100.0,data,ok,0.0,ue5_qfi9,150.5,ok,,30.2,ue4_qfi2,1,69.5,69.5,30.303,ok,33.0,,pending,,pending,"[8, 9]",ue1_qfi1,0,0,0,120.00000000000011,99.49999999999991,data,ok,2.0,,0.75,8,Reservation,161576974,12.0
ue2_qfi9,294.0,300.0,300.0,300.25,ok,0.13930213762398885,ok,ue1_qfi1,0,0,0,405.7500000000003,115.87499999999997,data,ok,2.0,False,,proxy,3,0,ue1_qfi2,1.0,149,150.0,ok,ue1_qfi2,92.321,ok,7,ok,8,ue7_qfi2,0.942474,ok,0.9403679515274612,proxy,5,0.9183441164457374,67062825.6,ok,0.005318181818181818,ok,0.9323534090909091,0.040946875,ok,ue1_qfi1,0.4166666666666667,24,100.0,data,ok,0.0,ue4_qfi9,172.5,ok,,30.0,ue8_qfi2,42,103.25,3474.75,30.303,ok,33.0,,pending,,pending,"[8, 9]",ue1_qfi1,0,0,0,405.7500000000003,115.87499999999997,data,ok,2.0,,0.75,8,TwoTier,161576974,12.0
ue3_qfi9,295.25,299.75,300.0,300.25,ok,0.15439226622967353,ok,ue2_qfi1,0,0,0,158.5,99.99999999999964,data,ok,2.0,False,,proxy,3,0,ue5_qfi2,0.993421052631579,152,150.0,ok,ue1_qfi2,38.416,ok,8,ok,8,ue2_qfi2,0.9592268,ok,0.9619750502915034,proxy,5,0.9542825335526386,65952112.0,ok,0.005322727272727272,ok,0.932875,0.054996875,ok,ue3_qfi1,0.4489795918367347,49,100.0,data,ok,0.0,ue1_qfi1,55.25,ok,,30.2,ue5_qfi2,1,67.25,67.25,30.303,ok,33.0,,pending,,pending,"[8, 9]",ue2_qfi1,0,0,0,158.5,99.99999999999964,data,ok,2.0,,0.75,8,PF,35492826,12.0
ue5_qfi9,294.5,299.75,300.0,300.25,ok,0.167670501054821,ok,ue7_qfi1,0,0,0,126.24999999999974,100.00000000000009,data,ok,2.0,False,,proxy,3,0,ue5_qfi2,0.993421052631579,152,150.0,ok,ue1_qfi2,27.463,ok,8,ok,8,ue2_qfi2,0.9612156,ok,0.9641476311143512,proxy,5,0.9561487517574818,65188292.8,ok,0.004909090909090909,ok,0.9337170454545455,0.1225140625,ok,ue5_qfi1,0.4489795918367347,49,100.0,data,ok,0.0,ue6_qfi9,70.75,ok,,30.4,ue1_qfi2,0,0.0,0.0,30.303,ok,33.0,,pending,,pending,"[8, 9]",ue7_qfi1,0,0,0,126.24999999999974,100.00000000000009,data,ok,2.0,,0.75,8,Reservation,35492826,12.0
ue1_qfi9,71.75,300.0,300.25,300.25,ok,0.1303189576206356,ok,ue1_qfi1,0,0,1,595.0,181.875,data,ok,2.0,False,,proxy,3,0,ue1_qfi2,1.0,148,150.0,ok,ue1_qfi2,86.064,ok,7,ok,8,ue1_qfi2,0.9437812,ok,0.9395809183585122,proxy,5,0.925916746913244,67543080.0,ok,0.005475,ok,0.9344659090909091,0.0417015625,ok,ue1_qfi1,0.3333333333333333,18,100.0,data,ok,0.0,ue1_qfi9,228.5,ok,,30.0,ue8_qfi2,44,98.0,3600.0,30.303,ok,33.0,,pending,,pending,"[8, 9]",ue1_qfi1,0,0,1,595.0,181.875,data,ok,2.0,,0.75,8,TwoTier,35492826,12.0
ue4_qfi9,295.25,299.75,300.0,300.25,ok,0.15440742652039063,ok,ue1_qfi1,0,0,1,729.7500000000001,100.25,data,ok,2.0,False,,proxy,3,0,ue5_qfi2,0.993421052631579,152,150.0,ok,ue1_qfi2,54.608,ok,8,ok,8,ue7_qfi2,0.9625492,ok,0.9587543449409168,proxy,5,0.9512282271291661,65853646.4,ok,0.005625,ok,0.9331602272727273,0.053928125,ok,ue1_qfi1,0.4418604651162791,43,100.0,data,ok,0.0,ue5_qfi9,265.75,ok,,30.4,ue1_qfi2,0,0.0,0.0,30.303,ok,33.0,,pending,,pending,"[8, 9]",ue1_qfi1,0,0,1,729.7500000000001,100.25,data,ok,2.0,,0.75,8,PF,376383645,12.0
ue1_qfi9,297.0,300.0,300.25,300.25,ok,0.18847649071583256,ok,ue1_qfi1,0,0,0,126.74999999999991,99.75000000000023,data,ok,2.0,False,,proxy,3,0,ue2_qfi2,0.0,147,150.0,ok,ue1_qfi2,24.781,ok,7,ok,8,ue2_qfi2,0.0,ok,0.8936982215893214,proxy,5,0.8900646327700292,63310940.8,ok,0.005125,ok,0.9347034090909091,0.0974125,ok,ue4_qfi1,0.46938775510204084,49,100.0,data,ok,0.0,ue5_qfi9,144.25,ok,,30.4,ue1_qfi2,0,0.0,0.0,30.303,ok,33.0,,pending,,pending,"[8, 9]",ue1_qfi1,0,0,0,126.74999999999991,99.75000000000023,data,ok,2.0,,0.75,8,Reservation,376383645,12.0
ue1_qfi9,291.25,299.75,300.0,300.25,ok,0.14024473006543184,ok,ue1_qfi9,0,0,0,446.00000000000017,0.0,data,ok,2.0,False,,proxy,3,0,ue1_qfi2,0.972972972972973,148,150.0,ok,ue1_qfi2,125.294,ok,8,ok,8,ue1_qfi2,0.9505355999999999,ok,0.9441638526139771,proxy,5,0.9128754633273097,66937404.8,ok,0.006213636363636364,ok,0.9343352272727272,0.04094375,ok,ue1_qfi1,0.3181818181818182,22,100.0,data,ok,0.0,ue5_qfi9,117.75,ok,,30.0,ue8_qfi2,43,96.25,3468.0,30.303,ok,33.0,,pending,,pending,"[8, 9]",ue1_qfi1,0,0,0,393.7500000000003,118.37499999999997,data,ok,2.0,,0.75,8,TwoTier,376383645,12.0
ue3_qfi9,295.75,299.75,300.0,300.25,ok,0.1530446831938525,ok,ue1_qfi1,0,0,1,638.7500000000001,99.74999999999979,data,ok,2.0,False,,proxy,3,0,ue1_qfi2,0.993421052631579,152,150.0,ok,ue1_qfi2,57.427,ok,8,ok,8,ue8_qfi2,0.9604224,ok,0.9564443229619333,proxy,5,0.9324941699360857,66099724.8,ok,0.006361363636363636,ok,0.9317034090909091,0.0540265625,ok,ue7_qfi1,0.46938775510204084,49,100.0,data,ok,0.0,ue6_qfi9,172.5,ok,,30.2,ue1_qfi2,0,0.0,0.0,30.303,ok,33.0,,pending,,pending,"[8, 9]",ue1_qfi1,0,0,1,638.7500000000001,99.74999999999979,data,ok,2.0,,0.75,8,PF,1746484539,12.0
ue1_qfi9,297.25,300.0,300.25,300.25,ok,0.17765075079343987,ok,ue5_qfi1,0,0,0,121.0,99.99999999999997,data,ok,2.0,False,,proxy,3,0,ue2_qfi2,0.0,148,150.0,ok,ue1_qfi2,26.448,ok,7,ok,8,ue2_qfi2,0.0,ok,0.8948171014085633,proxy,5,0.8897410842293335,64179060.800000004,ok,0.004981818181818182,ok,0.9327806818181819,0.0976828125,ok,ue3_qfi1,0.46938775510204084,49,100.0,data,ok,0.0,ue5_qfi9,188.0,ok,,30.0,ue4_qfi2,1,77.75,77.75,30.303,ok,33.0,,pending,,pending,"[8, 9]",ue5_qfi1,0,0,0,121.0,99.99999999999997,data,ok,2.0,,0.75,8,Reservation,1746484539,12.0
ue2_qfi9,287.5,299.75,300.0,300.25,ok,0.13549403338707092,ok,ue2_qfi9,0,0,0,315.00000000000017,0.0,data,ok,2.0,False,,proxy,3,0,ue1_qfi2,0.9328859060402684,149,150.0,ok,ue1_qfi2,145.199,ok,7,ok,8,ue1_qfi2,0.9269168000000001,ok,0.923273724645238,proxy,5,0.8946246540904927,67090798.4,ok,0.0056022727272727274,ok,0.9345920454545454,0.0418359375,ok,ue1_qfi1,0.0,1,100.0,data,ok,0.0,ue4_qfi9,165.75,ok,,30.2,ue8_qfi2,37,99.5,2953.75,30.303,ok,33.0,,pending,,pending,"[8, 9]",ue2_qfi1,0,0,0,312.24999999999994,99.87500000000013,data,ok,2.0,,0.75,8,TwoTier,1746484539,12.0
ue32_qfi9,298.5,300.0,300.25,300.25,ok,0.8197428859267276,ok,ue29_qfi82,0,0,4,511.7499999999997,498.7500000000002,data,ok,2.0,False,,proxy,3,0,ue1_qfi2,0.0625,16,150.0,ok,ue29_qfi2,52.165,ok,0,ok,32,ue9_qfi2,0.2182488,ok,0.4633771400494222,proxy,5,0.4459981263765244,68721462.4,ok,0.021859090909090908,ok,0.930175,0.0353875,ok,ue1_qfi82,0.0,9,100.0,data,ok,0.0,ue16_qfi2,77.74800000000002,ok,,,,,,,,ok,,,pending,,pending,"[8, 9]",ue29_qfi82,0,0,4,511.7499999999997,498.7500000000002,data,ok,2.0,0.1,1.0,32,PF,1826701614,
ue32_qfi9,300.0,300.25,300.25,300.25,ok,0.858665812711685,ok,ue12_qfi1,1,1,1,2040.75,2040.75,data,ok,2.0,False,,proxy,3,0,ue2_qfi2,0.0,15,150.0,ok,ue6_qfi2,148.664,ok,0,ok,32,ue16_qfi2,0.0,ok,0.43499483352011986,proxy,5,0.4058298098417261,67703686.4,ok,0.021638636363636363,ok,0.9273079545454546,0.3200796875,ok,ue1_qfi82,0.0,9,100.0,data,ok,0.0,ue32_qfi2,95.75000000000001,ok,,0.8,ue4_qfi2,3,2878.0,4529.5,3.03,ok,330.0,,pending,,pending,"[8, 9]",ue12_qfi1,1,1,1,2040.75,2040.75,data,ok,2.0,0.1,1.0,32,Reservation,1826701614,
ue13_qfi9,263.75,299.75,300.0,300.25,ok,0.8111292057108904,ok,ue7_qfi2,0,1,2,1663.7500000000002,0.24999999999986144,data,ok,2.0,False,,proxy,3,0,ue10_qfi2,0.0,15,150.0,ok,ue5_qfi2,117.54,ok,0,ok,32,ue24_qfi2,0.0,ok,0.42535762409895056,proxy,5,0.411681272754199,69440724.8,ok,0.02119318181818182,ok,0.9287454545454545,0.0322375,ok,ue1_qfi82,0.0,9,100.0,data,ok,0.0,ue5_qfi9,236.25,ok,,0.6,ue4_qfi2,1,4628.25,4628.25,3.03,ok,330.0,,pending,,pending,"[8, 9]",ue7_qfi2,0,1,2,1663.7500000000002,0.24999999999986144,data,ok,2.0,0.1,1.0,32,TwoTier,1826701614,
ue32_qfi9,298.75,300.0,300.25,300.25,ok,0.8217539474839037,ok,ue10_qfi82,0,0,5,512.75,501.25000000000006,data,ok,2.0,False,,proxy,3,0,ue1_qfi2,0.0625,16,150.0,ok,ue17_qfi2,51.25,ok,0,ok,32,ue10_qfi2,0.2196868,ok,0.4610248681819048,proxy,5,0.44585121379683923,67977931.2,ok,0.022322727272727272,ok,0.9313795454545455,0.035521875,ok,ue1_qfi82,0.0,9,100.0,data,ok,0.0,ue28_qfi2,77.32800000000002,ok,,,,,,,,ok,,,pending,,pending,"[8, 9]",ue10_qfi82,0,0,5,512.75,501.25000000000006,data,ok,2.0,0.1,1.0,32,PF,1367864806,
ue17_qfi9,300.0,300.25,300.25,300.25,ok,0.8633718831340117,ok,ue9_qfi1,1,1,1,2040.75,2040.75,data,ok,2.0,False,,proxy,3,0,ue3_qfi2,0.0,15,150.0,ok,ue8_qfi2,144.206,ok,0,ok,32,ue18_qfi2,0.0,ok,0.43591752171855536,proxy,5,0.41378112119906196,67146771.2,ok,0.02205681818181818,ok,0.9282659090909091,0.3299625,ok,ue1_qfi82,0.0,9,100.0,data,ok,0.0,ue1_qfi2,79.543,ok,,0.4,ue8_qfi2,1,4528.25,4528.25,3.03,ok,330.0,,pending,,pending,"[8, 9]",ue9_qfi1,1,1,1,2040.75,2040.75,data,ok,2.0,0.1,1.0,32,Reservation,1367864806,
ue22_qfi9,298.75,300.25,300.25,300.25,ok,0.8257509384268883,ok,ue22_qfi2,0,1,1,1646.0,1.9999999999997797,data,ok,2.0,False,,proxy,3,0,ue10_qfi2,0.0,15,150.0,ok,ue2_qfi2,139.806,ok,0,ok,32,ue23_qfi2,0.0,ok,0.40119726691661733,proxy,5,0.3652892570615416,63908939.2,ok,0.02183409090909091,ok,0.9302647727272727,0.036159375,ok,ue1_qfi1,0.0,2,100.0,data,ok,0.0,ue4_qfi9,261.5,ok,,1.4,ue3_qfi2,2,2908.75,3620.75,3.03,ok,330.0,,pending,,pending,"[8, 9]",ue22_qfi2,0,1,1,1646.0,1.9999999999997797,data,ok,2.0,0.1,1.0,32,TwoTier,1367864806,
ue32_qfi9,298.75,300.0,300.25,300.25,ok,0.8222323661540756,ok,ue30_qfi82,0,0,4,515.0000000000001,500.0,data,ok,2.0,False,,proxy,3,0,ue1_qfi2,0.0625,16,150.0,ok,ue17_qfi2,52.25,ok,0,ok,32,ue29_qfi2,0.2119144,ok,0.45939501030664986,proxy,5,0.44643513295855397,67844190.4,ok,0.021838636363636362,ok,0.9314147727272727,0.0364421875,ok,ue1_qfi82,0.0,9,100.0,data,ok,0.0,ue9_qfi2,76.689,ok,,,,,,,,ok,,,pending,,pending,"[8, 9]",ue30_qfi82,0,0,4,515.0000000000001,500.0,data,ok,2.0,0.1,1.0,32,PF,1097657231,
ue17_qfi9,300.0,300.25,300.25,300.25,ok,0.8659082422392339,ok,ue3_qfi1,1,1,1,3034.5000000000005,3034.5000000000005,data,ok,2.0,False,,proxy,3,0,ue5_qfi2,0.0,15,150.0,ok,ue10_qfi2,137.464,ok,0,ok,32,ue18_qfi2,0.0,ok,0.43528515033327925,proxy,5,0.41169468820568184,66406123.2,ok,0.021868181818181818,ok,0.9265681818181818,0.345740625,ok,ue1_qfi82,0.0,9,100.0,data,ok,0.0,ue7_qfi2,80.11,ok,,0.4,ue10_qfi2,0,0.0,0.0,3.03,ok,330.0,,pending,,pending,"[8, 9]",ue3_qfi1,1,1,1,3034.5000000000005,3034.5000000000005,data,ok,2.0,0.1,1.0,32,Reservation,1097657231,
ue11_qfi9,250.75,299.75,300.0,300.25,ok,0.8248714387990292,ok,ue3_qfi1,1,1,1,4073.5,4073.5,data,ok,2.0,False,,proxy,3,0,ue12_qfi2,0.0,15,150.0,ok,ue2_qfi2,140.531,ok,0,ok,32,ue12_qfi2,0.0,ok,0.3866804406108526,proxy,5,0.37521990591967713,64732155.2,ok,0.02240909090909091,ok,0.9311079545454546,0.03615,ok,ue1_qfi82,0.0,9,100.0,data,ok,0.0,ue3_qfi9,180.5,ok,,0.6,ue4_qfi2,1,4612.5,4612.5,3.03,ok,330.0,,pending,,pending,"[8, 9]",ue3_qfi1,1,1,1,4073.5,4073.5,data,ok,2.0,0.1,1.0,32,TwoTier,1097657231,
ue32_qfi9,298.75,300.0,300.25,300.25,ok,0.823320889759731,ok,ue14_qfi82,0,0,3,516.2500000000003,497.50000000000006,data,ok,2.0,False,,proxy,3,0,ue1_qfi2,0.0625,16,150.0,ok,ue23_qfi2,50.363,ok,0,ok,32,ue1_qfi2,0.21944439999999998,ok,0.4570557023371222,proxy,5,0.4402448068254347,67508564.8,ok,0.023288636363636362,ok,0.9310602272727273,0.0370125,ok,ue1_qfi82,0.0,9,100.0,data,ok,0.0,ue32_qfi2,78.11399999999999,ok,,,,,,,,ok,,,pending,,pending,"[8, 9]",ue14_qfi82,0,0,3,516.2500000000003,497.50000000000006,data,ok,2.0,0.1,1.0,32,PF,579362555,
ue20_qfi9,300.0,300.25,300.25,300.25,ok,0.8708199015605551,ok,ue6_qfi2,0,1,2,1174.7499999999995,2.4999999999999467,data,ok,2.0,False,,proxy,3,0,ue2_qfi2,0.0,15,150.0,ok,ue11_qfi2,51.418,ok,0,ok,32,ue21_qfi2,0.0,ok,0.4344436226581435,proxy,5,0.41224307998868026,65737923.2,ok,0.021725,ok,0.9203204545454545,0.369384375,ok,ue1_qfi82,0.0,9,100.0,data,ok,0.0,ue18_qfi2,82.452,ok,,,,,,,,ok,,,pending,,pending,"[8, 9]",ue6_qfi2,0,1,2,1174.7499999999995,2.4999999999999467,data,ok,2.0,0.1,1.0,32,Reservation,579362555,
ue21_qfi9,298.75,300.0,300.25,300.25,ok,0.8203437680490928,ok,ue17_qfi2,0,1,3,1976.25,0.25000000000030553,data,ok,2.0,False,,proxy,3,0,ue6_qfi2,0.0,15,150.0,ok,ue3_qfi2,139.362,ok,0,ok,32,ue24_qfi2,0.0,ok,0.41439221097708534,proxy,5,0.38748415133533537,66045720.0,ok,0.02276818181818182,ok,0.9303386363636363,0.0363828125,ok,ue1_qfi82,0.0,9,100.0,data,ok,0.0,ue1_qfi9,244.25,ok,,0.4,ue1_qfi2,1,4912.75,4912.75,3.03,ok,330.0,,pending,,pending,"[8, 9]",ue17_qfi2,0,1,3,1976.25,0.25000000000030553,data,ok,2.0,0.1,1.0,32,TwoTier,579362555,
ue32_qfi9,299.0,300.0,300.25,300.25,ok,0.8230572619803237,ok,ue21_qfi82,0,0,3,513.7499999999999,499.74999999999994,data,ok,2.0,False,,proxy,3,0,ue1_qfi2,0.0625,16,150.0,ok,ue13_qfi2,53.006,ok,0,ok,32,ue22_qfi2,0.20813679999999998,ok,0.45792928616247314,proxy,5,0.44573835639602094,67757609.6,ok,0.02275909090909091,ok,0.9322125,0.036178125,ok,ue1_qfi82,0.0,9,100.0,data,ok,0.0,ue28_qfi2,76.11099999999999,ok,,,,,,,,ok,,,pending,,pending,"[8, 9]",ue21_qfi82,0,0,3,513.7499999999999,499.74999999999994,data,ok,2.0,0.1,1.0,32,PF,661058651,
ue20_qfi9,300.0,300.25,300.25,300.25,ok,0.8631972034279581,ok,ue2_qfi1,1,1,1,2057.5,2057.5,data,ok,2.0,False,,proxy,3,0,ue1_qfi2,0.0,15,150.0,ok,ue18_qfi2,148.471,ok,0,ok,32,ue15_qfi2,0.0,ok,0.43615246079399306,proxy,5,0.4116780758797348,67519552.0,ok,0.02203181818181818,ok,0.9281852272727272,0.3339125,ok,ue1_qfi82,0.0,9,100.0,data,ok,0.0,ue9_qfi2,80.876,ok,,0.4,ue18_qfi2,1,3533.75,3533.75,3.03,ok,330.0,,pending,,pending,"[8, 9]",ue2_qfi1,1,1,1,2057.5,2057.5,data,ok,2.0,0.1,1.0,32,Reservation,661058651,
ue22_qfi9,288.0,300.0,300.25,300.25,ok,0.8200795865609736,ok,ue17_qfi9,1,1,1,2909.5000000000005,0.0,data,ok,2.0,False,,proxy,3,0,ue7_qfi2,0.0,15,150.0,ok,ue3_qfi2,145.489,ok,0,ok,32,ue23_qfi2,0.0,ok,0.41632708991000217,proxy,5,0.39583950889371833,66314785.6,ok,0.022118181818181818,ok,0.9304,0.035490625,ok,ue1_qfi82,0.0,9,100.0,data,ok,0.0,ue3_qfi9,258.0,ok,,0.6,ue3_qfi2,1,4613.25,4613.25,3.03,ok,330.0,,pending,,pending,"[8, 9]",ue17_qfi2,1,1,2,2896.25,0.0,data,ok,2.0,0.1,1.0,32,TwoTier,661058651,
ue32_qfi9,298.75,300.0,300.25,300.25,ok,0.8219044941708497,ok,ue10_qfi82,0,0,4,513.7500000000001,497.50000000000006,data,ok,2.0,False,,proxy,3,0,ue1_qfi2,0.0625,16,150.0,ok,ue6_qfi2,53.5,ok,0,ok,32,ue21_qfi2,0.21374120000000002,ok,0.45750710028515434,proxy,5,0.4466216580576805,68166803.2,ok,0.022454545454545456,ok,0.931628409090909,0.0358453125,ok,ue1_qfi82,0.0,9,100.0,data,ok,0.0,ue9_qfi2,79.269,ok,,,,,,,,ok,,,pending,,pending,"[8, 9]",ue10_qfi82,0,0,4,513.7500000000001,497.50000000000006,data,ok,2.0,0.1,1.0,32,PF,87989972,
ue17_qfi9,300.0,300.25,300.25,300.25,ok,0.8632665257244407,ok,ue13_qfi2,0,0,3,977.75,2.2500000000000018,data,ok,2.0,False,,proxy,3,0,ue1_qfi2,0.0,15,150.0,ok,ue6_qfi2,53.75,ok,0,ok,32,ue18_qfi2,0.0,ok,0.4328205866996596,proxy,5,0.4143023976009386,67573449.6,ok,0.022204545454545456,ok,0.9286806818181819,0.3355234375,ok,ue1_qfi82,0.0,9,100.0,data,ok,0.0,ue9_qfi2,81.859,ok,,,,,,,,ok,,,pending,,pending,"[8, 9]",ue13_qfi2,0,0,3,977.75,2.2500000000000018,data,ok,2.0,0.1,1.0,32,Reservation,87989972,
ue14_qfi9,297.0,300.0,300.0,300.25,ok,0.8188697948642969,ok,ue5_qfi1,1,2,2,2049.25,1527.25,data,ok,2.0,False,,proxy,3,0,ue10_qfi2,0.0,15,150.0,ok,ue3_qfi2,134.25,ok,0,ok,32,ue23_qfi2,0.0,ok,0.42097878663246996,proxy,5,0.410299845020662,66883289.6,ok,0.0224,ok,0.9319204545454546,0.0348515625,ok,ue1_qfi82,0.0,9,100.0,data,ok,0.0,ue1_qfi9,260.0,ok,,0.4,ue2_qfi2,1,4918.0,4918.0,3.03,ok,330.0,,pending,,pending,"[8, 9]",ue5_qfi1,1,2,2,2049.25,1527.25,data,ok,2.0,0.1,1.0,32,TwoTier,87989972,
ue32_qfi9,298.75,300.0,300.25,300.25,ok,0.8182984922394647,ok,ue25_qfi82,0,0,3,517.9999999999998,497.49999999999994,data,ok,2.0,False,,proxy,3,0,ue1_qfi2,0.0625,16,150.0,ok,ue17_qfi2,50.717,ok,0,ok,32,ue7_qfi2,0.2258604,ok,0.46087654688012725,proxy,5,0.4482334362344649,69222891.2,ok,0.02158409090909091,ok,0.9322420454545455,0.03553125,ok,ue1_qfi82,0.0,9,100.0,data,ok,0.0,ue26_qfi2,76.403,ok,,,,,,,,ok,,,pending,,pending,"[8, 9]",ue25_qfi82,0,0,3,517.9999999999998,497.49999999999994,data,ok,2.0,0.1,1.0,32,PF,161576974,
ue24_qfi9,300.0,300.25,300.25,300.25,ok,0.8613105286985561,ok,ue5_qfi2,0,1,2,1505.5,2.2500000000000853,data,ok,2.0,False,,proxy,3,0,ue4_qfi2,0.0,15,150.0,ok,ue11_qfi2,144.277,ok,0,ok,32,ue19_qfi2,0.0,ok,0.4415899202567287,proxy,5,0.41874825443397473,68577800.0,ok,0.021779545454545454,ok,0.9282875,0.338340625,ok,ue1_qfi82,0.0,9,100.0,data,ok,0.0,ue18_qfi2,82.75000000000001,ok,,0.4,ue15_qfi2,1,3543.0,3543.0,3.03,ok,330.0,,pending,,pending,"[8, 9]",ue5_qfi2,0,1,2,1505.5,2.2500000000000853,data,ok,2.0,0.1,1.0,32,Reservation,161576974,
ue21_qfi9,298.75,300.0,300.25,300.25,ok,0.812209831539416,ok,ue13_qfi2,1,1,2,2327.4999999999995,1.2500000000006395,data,ok,2.0,False,,proxy,3,0,ue7_qfi2,0.0,15,150.0,ok,ue3_qfi2,147.546,ok,0,ok,32,ue23_qfi2,0.0,ok,0.4146492488853631,proxy,5,0.3965258214651562,69003096.0,ok,0.02119090909090909,ok,0.9328647727272728,0.03284375,ok,ue1_qfi82,0.0,9,100.0,data,ok,0.0,ue5_qfi9,252.0,ok,,0.6,ue1_qfi2,1,4611.0,4611.0,3.03,ok,330.0,,pending,,pending,"[8, 9]",ue13_qfi2,1,1,2,2327.4999999999995,1.2500000000006395,data,ok,2.0,0.1,1.0,32,TwoTier,161576974,
ue32_qfi9,298.75,300.0,300.25,300.25,ok,0.8212645566475703,ok,ue3_qfi82,0,0,6,512.75,502.49999999999994,data,ok,2.0,False,,proxy,3,0,ue1_qfi2,0.0625,16,150.0,ok,ue10_qfi2,51.484,ok,0,ok,32,ue27_qfi2,0.2181668,ok,0.4609126997820521,proxy,5,0.4494701489212262,68096308.8,ok,0.022513636363636364,ok,0.933340909090909,0.036303125,ok,ue1_qfi82,0.0,9,100.0,data,ok,0.0,ue9_qfi2,76.64399999999999,ok,,,,,,,,ok,,,pending,,pending,"[8, 9]",ue3_qfi82,0,0,6,512.75,502.49999999999994,data,ok,2.0,0.1,1.0,32,PF,35492826,
ue17_qfi9,300.0,300.25,300.25,300.25,ok,0.8643019655265455,ok,ue2_qfi2,0,1,3,1177.5,2.2500000000000853,data,ok,2.0,False,,proxy,3,0,ue4_qfi2,0.0,15,150.0,ok,ue8_qfi2,138.669,ok,0,ok,32,ue18_qfi2,0.0,ok,0.4338144039445574,proxy,5,0.4144695535959844,66802433.6,ok,0.022061363636363636,ok,0.9274909090909091,0.3400125,ok,ue1_qfi82,0.0,9,100.0,data,ok,0.0,ue2_qfi2,79.684,ok,,0.4,ue8_qfi2,1,3540.0,3540.0,3.03,ok,330.0,,pending,,pending,"[8, 9]",ue2_qfi2,0,1,3,1177.5,2.2500000000000853,data,ok,2.0,0.1,1.0,32,Reservation,35492826,
ue21_qfi9,298.5,300.0,300.25,300.25,ok,0.8224787949286978,ok,ue6_qfi2,0,2,2,1329.0000000000002,2.4999999999999467,data,ok,2.0,False,,proxy,3,0,ue8_qfi2,0.0,15,150.0,ok,ue3_qfi2,146.387,ok,0,ok,32,ue24_qfi2,0.0,ok,0.4084950411804355,proxy,5,0.36531460199108506,65056128.0,ok,0.02204090909090909,ok,0.9328329545454546,0.0356296875,ok,ue1_qfi1,0.0,2,100.0,data,ok,0.0,ue2_qfi9,256.75,ok,,1.6,ue5_qfi2,1,2943.5,2943.5,3.03,ok,330.0,,pending,,pending,"[8, 9]",ue6_qfi2,0,2,2,1329.0000000000002,2.4999999999999467,data,ok,2.0,0.1,1.0,32,TwoTier,35492826,
ue32_qfi9,298.75,300.0,300.25,300.25,ok,0.8196657339583538,ok,ue28_qfi82,0,0,3,515.25,497.50000000000006,data,ok,2.0,False,,proxy,3,0,ue1_qfi2,0.0625,16,150.0,ok,ue20_qfi2,51.33,ok,0,ok,32,ue22_qfi2,0.2069356,ok,0.4631437543436386,proxy,5,0.45073354452266823,68759139.2,ok,0.023056818181818182,ok,0.9336522727272727,0.035296875,ok,ue1_qfi82,0.0,9,100.0,data,ok,0.0,ue17_qfi2,76.965,ok,,,,,,,,ok,,,pending,,pending,"[8, 9]",ue28_qfi82,0,0,3,515.25,497.50000000000006,data,ok,2.0,0.1,1.0,32,PF,376383645,
ue18_qfi9,300.0,300.25,300.25,300.25,ok,0.8600591062706464,ok,ue16_qfi2,0,0,2,869.9999999999999,2.2500000000000853,data,ok,2.0,False,,proxy,3,0,ue1_qfi2,0.0,15,150.0,ok,ue13_qfi2,149.928,ok,0,ok,32,ue17_qfi2,0.0,ok,0.43332630942857453,proxy,5,0.41425133852747703,68271238.4,ok,0.021854545454545453,ok,0.9305272727272728,0.3269296875,ok,ue1_qfi82,0.0,9,100.0,data,ok,0.0,ue11_qfi2,79.008,ok,,0.4,ue13_qfi2,1,1220.0,1220.0,3.03,ok,330.0,,pending,,pending,"[8, 9]",ue16_qfi2,0,0,2,869.9999999999999,2.2500000000000853,data,ok,2.0,0.1,1.0,32,Reservation,376383645,
ue17_qfi9,298.5,300.0,300.25,300.25,ok,0.8116939812304557,ok,ue21_qfi2,1,1,3,2364.25,0.0,data,ok,2.0,False,,proxy,3,0,ue7_qfi2,0.0,15,150.0,ok,ue3_qfi2,146.101,ok,0,ok,32,ue23_qfi2,0.0,ok,0.42091724320187024,proxy,5,0.3961302241529606,69170334.4,ok,0.022352272727272728,ok,0.9328295454545454,0.033934375,ok,ue1_qfi82,0.0,9,100.0,data,ok,0.0,ue4_qfi9,233.0,ok,,0.6,ue5_qfi2,1,4625.5,4625.5,3.03,ok,330.0,,pending,,pending,"[8, 9]",ue21_qfi2,1,1,3,2364.25,0.0,data,ok,2.0,0.1,1.0,32,TwoTier,376383645,
ue32_qfi9,299.0,300.0,300.25,300.25,ok,0.8207226631357651,ok,ue3_qfi82,0,0,3,513.75,497.4999999999996,data,ok,2.0,False,,proxy,3,0,ue1_qfi2,0.0625,16,150.0,ok,ue11_qfi2,50.666,ok,0,ok,32,ue32_qfi2,0.21912120000000002,ok,0.46050137429930604,proxy,5,0.4474221967465612,68584536.0,ok,0.02180909090909091,ok,0.9333477272727273,0.0362234375,ok,ue1_qfi82,0.0,9,100.0,data,ok,0.0,ue18_qfi2,76.51800000000001,ok,,,,,,,,ok,,,pending,,pending,"[8, 9]",ue3_qfi82,0,0,3,513.75,497.4999999999996,data,ok,2.0,0.1,1.0,32,PF,1746484539,
ue17_qfi9,300.0,300.25,300.25,300.25,ok,0.8645480755633808,ok,ue12_qfi2,0,1,2,1500.2500000000002,2.2500000000000853,data,ok,2.0,False,,proxy,3,0,ue1_qfi2,0.0,15,150.0,ok,ue5_qfi2,145.642,ok,0,ok,32,ue18_qfi2,0.0,ok,0.42630895117368545,proxy,5,0.41320138960027675,66858454.4,ok,0.021720454545454546,ok,0.9266636363636364,0.34429375,ok,ue1_qfi82,0.0,9,100.0,data,ok,0.0,ue3_qfi2,78.75,ok,,0.4,ue5_qfi2,1,1220.5,1220.5,3.03,ok,330.0,,pending,,pending,"[8, 9]",ue12_qfi2,0,1,2,1500.2500000000002,2.2500000000000853,data,ok,2.0,0.1,1.0,32,Reservation,1746484539,
ue22_qfi9,279.75,299.75,300.0,300.25,ok,0.8162634059355895,ok,ue19_qfi1,1,1,1,2982.5,2982.5,data,ok,2.0,False,,proxy,3,0,ue6_qfi2,0.0,15,150.0,ok,ue3_qfi2,138.506,ok,0,ok,32,ue24_qfi2,0.0,ok,0.4251111840639906,proxy,5,0.38703635645810014,67717611.2,ok,0.021929545454545455,ok,0.9321261363636364,0.0336328125,ok,ue1_qfi82,0.0,9,100.0,data,ok,0.0,ue3_qfi9,255.75,ok,,0.6,ue1_qfi2,1,4613.25,4613.25,3.03,ok,330.0,,pending,,pending,"[8, 9]",ue19_qfi1,1,1,1,2982.5,2982.5,data,ok,2.0,0.1,1.0,32,TwoTier,1746484539,
ue7_qfi9,296.75,299.75,300.0,300.25,ok,0.437979613623122,ok,ue1_qfi1,0,0,1,561.5000000000001,100.75000000000011,data,ok,2.0,False,,proxy,3,0,ue1_qfi2,1.0,152,150.0,ok,ue1_qfi2,50.525,ok,8,ok,8,ue1_qfi2,0.956332,ok,0.8981846102031288,proxy,5,0.8911266063751493,71049595.2,ok,0.005459090909090909,ok,0.9306181818181818,0.0401359375,ok,ue2_qfi1,0.42857142857142855,49,100.0,data,ok,0.0,ue1_qfi1,62.5,ok,,30.4,ue1_qfi2,0,0.0,0.0,30.303,ok,33.0,,pending,,pending,"[8, 9]",ue1_qfi1,0,0,1,561.5000000000001,100.75000000000011,data,ok,2.0,,1.5,8,PF,1826701614,12.0
ue6_qfi9,296.0,300.0,300.0,300.25,ok,0.39554948525699235,ok,ue3_qfi1,0,0,0,115.0,99.99999999999987,data,ok,2.0,False,,proxy,3,0,ue1_qfi2,0.0,147,150.0,ok,ue3_qfi2,19.25,ok,6,ok,8,ue1_qfi2,0.0,ok,0.7906690715974612,proxy,5,0.7868362497916648,76696380.8,ok,0.005140909090909091,ok,0.9303136363636364,0.08280625,ok,ue7_qfi1,0.42857142857142855,49,100.0,data,ok,0.0,ue7_qfi9,118.75,ok,,30.2,ue7_qfi2,1,68.5,68.5,30.303,ok,33.0,,pending,,pending,"[8, 9]",ue3_qfi1,0,0,0,115.0,99.99999999999987,data,ok,2.0,,1.5,8,Reservation,1826701614,12.0
ue5_qfi9,283.5,299.75,300.0,300.25,ok,0.39269034049701323,ok,ue3_qfi1,0,0,2,593.0,99.75,data,ok,2.0,False,,proxy,3,0,ue1_qfi2,0.8986486486486487,148,150.0,ok,ue2_qfi2,145.748,ok,6,ok,8,ue1_qfi2,0.9020271999999999,ok,0.8275634070182424,proxy,5,0.7849903863935578,75265694.4,ok,0.005470454545454546,ok,0.9305852272727273,0.0368609375,ok,ue1_qfi1,0.3333333333333333,9,100.0,data,ok,0.0,ue2_qfi9,277.5,ok,,26.8,ue1_qfi2,30,102.5,2623.75,30.303,ok,33.0,,pending,,pending,"[8, 9]",ue3_qfi1,0,0,2,593.0,99.75,data,ok,2.0,,1.5,8,TwoTier,1826701614,12.0
ue8_qfi9,297.5,300.0,300.0,300.25,ok,0.4486292226416295,ok,ue1_qfi1,0,1,1,1356.7500000000002,99.24999999999994,data,ok,2.0,False,,proxy,3,0,ue1_qfi2,1.0,151,150.0,ok,ue1_qfi2,83.706,ok,8,ok,8,ue5_qfi2,0.957122,ok,0.8926896610043551,proxy,5,0.8828644066017814,70031992.0,ok,0.006072727272727273,ok,0.9313840909090909,0.041215625,ok,ue2_qfi1,0.4489795918367347,49,100.0,data,ok,0.0,ue1_qfi1,70.25,ok,,30.2,ue1_qfi2,1,71.5,71.5,30.303,ok,33.0,,pending,,pending,"[8, 9]",ue1_qfi1,0,1,1,1356.7500000000002,99.24999999999994,data,ok,2.0,,1.5,8,PF,1367864806,12.0
ue5_qfi9,296.5,300.0,300.25,300.25,ok,0.37971978703360826,ok,ue8_qfi1,0,0,0,117.50000000000016,100.00000000000009,data,ok,2.0,False,,proxy,3,0,ue1_qfi2,0.0,147,150.0,ok,ue3_qfi2,18.194,ok,6,ok,8,ue1_qfi2,0.0,ok,0.7955092748325482,proxy,5,0.7920877975173914,77733918.4,ok,0.004865909090909091,ok,0.9326045454545454,0.07969375,ok,ue8_qfi1,0.42857142857142855,49,100.0,data,ok,0.0,ue8_qfi9,126.25,ok,,30.0,ue7_qfi2,1,100.25,100.25,30.303,ok,33.0,,pending,,pending,"[8, 9]",ue8_qfi1,0,0,0,117.50000000000016,100.00000000000009,data,ok,2.0,,1.5,8,Reservation,1367864806,12.0
ue5_qfi9,295.75,300.0,300.25,300.25,ok,0.4046299492903916,ok,ue2_qfi1,1,1,2,2005.2500000000002,377.125,data,ok,2.0,False,,proxy,3,0,ue1_qfi2,0.8851351351351351,148,150.0,ok,ue1_qfi2,146.572,ok,6,ok,8,ue1_qfi2,0.9380324,ok,0.8223884603347511,proxy,5,0.7985723125992634,73819516.8,ok,0.005631818181818181,ok,0.9316795454545455,0.0381171875,ok,ue1_qfi1,0.0,2,100.0,data,ok,0.0,ue1_qfi9,279.5,ok,,26.2,ue1_qfi2,32,98.25,2865.0,30.303,ok,33.0,,pending,,pending,"[8, 9]",ue2_qfi1,1,1,2,2005.2500000000002,377.125,data,ok,2.0,,1.5,8,TwoTier,1367864806,12.0
ue8_qfi9,296.25,300.0,300.0,300.25,ok,0.465438958922442,ok,ue1_qfi1,1,1,1,2377.9999999999995,101.24999999999984,data,ok,2.0,False,,proxy,3,0,ue1_qfi2,0.8092105263157895,152,150.0,ok,ue1_qfi2,142.438,ok,7,ok,8,ue1_qfi2,0.9209628000000001,ok,0.8809408710571702,proxy,5,0.8643736738330828,67752883.2,ok,0.006154545454545454,ok,0.9317193181818182,0.0414484375,ok,ue1_qfi1,0.43478260869565216,23,100.0,data,ok,0.0,ue1_qfi2,119.626,ok,,24.8,ue1_qfi2,2,810.75,977.5,30.303,ok,33.0,,pending,,pending,"[8, 9]",ue1_qfi1,1,1,1,2377.9999999999995,101.24999999999984,data,ok,2.0,,1.5,8,PF,1097657231,12.0
ue6_qfi9,295.75,300.0,300.0,300.25,ok,0.40450040934101233,ok,ue4_qfi1,0,0,0,206.75,100.12500000000001,data,ok,2.0,False,,proxy,3,0,ue1_qfi2,0.0,147,150.0,ok,ue3_qfi2,19.429,ok,6,ok,8,ue1_qfi2,0.0,ok,0.7901780459276049,proxy,5,0.7858423304904993,75116379.2,ok,0.005479545454545455,ok,0.9312386363636364,0.082109375,ok,ue7_qfi1,0.46938775510204084,49,100.0,data,ok,0.0,ue8_qfi9,166.5,ok,,30.2,ue4_qfi2,1,67.0,67.0,30.303,ok,33.0,,pending,,pending,"[8, 9]",ue4_qfi1,0,0,0,206.75,100.12500000000001,data,ok,2.0,,1.5,8,Reservation,1097657231,12.0
ue1_qfi9,292.5,300.0,300.25,300.25,ok,0.6572795565556089,ok,ue1_qfi1,0,0,0,161.00000000000003,100.00000000000009,data,ok,2.0,False,,proxy,3,0,ue4_qfi2,0.0,147,150.0,ok,ue3_qfi2,44.263,ok,3,ok,8,ue4_qfi2,0.0,ok,0.5243924276180131,proxy,5,0.5211387147844166,42275145.6,ok,0.006213636363636364,ok,0.9318284090909091,0.0615703125,ok,ue1_qfi1,0.4489795918367347,49,100.0,data,ok,0.0,ue2_qfi9,196.0,ok,,30.4,ue3_qfi2,9,98.5,689.5,30.303,ok,33.0,,pending,,pending,"[8, 9]",ue1_qfi1,0,0,0,161.00000000000003,100.00000000000009,data,ok,2.0,,1.5,8,TwoTier,1097657231,12.0
ue7_qfi9,297.0,300.0,300.0,300.25,ok,0.42765776790992466,ok,ue2_qfi1,0,0,0,329.7500000000002,99.75000000000023,data,ok,2.0,False,,proxy,3,0,ue1_qfi2,1.0,152,150.0,ok,ue1_qfi2,41.624,ok,8,ok,8,ue1_qfi2,0.9504231999999999,ok,0.9060930318282872,proxy,5,0.8998338454013589,72366072.0,ok,0.0055,ok,0.9307613636363636,0.0386203125,ok,ue8_qfi1,0.42857142857142855,49,100.0,data,ok,0.0,ue3_qfi1,51.75,ok,,30.4,ue1_qfi2,0,0.0,0.0,30.303,ok,33.0,,pending,,pending,"[8, 9]",ue2_qfi1,0,0,0,329.7500000000002,99.75000000000023,data,ok,2.0,,1.5,8,PF,579362555,12.0
ue6_qfi9,289.5,299.75,300.0,300.25,ok,0.38796588647866725,ok,ue3_qfi1,0,0,0,120.25000000000041,99.75000000000023,data,ok,2.0,False,,proxy,3,0,ue1_qfi2,0.0,147,150.0,ok,ue3_qfi2,19.145,ok,6,ok,8,ue1_qfi2,0.0,ok,0.7921573523272379,proxy,5,0.7889771254951919,77116776.0,ok,0.0052590909090909094,ok,0.9334602272727273,0.0818671875,ok,ue4_qfi1,0.4489795918367347,49,100.0,data,ok,0.0,ue7_qfi9,196.5,ok,,30.4,ue3_qfi2,0,0.0,0.0,30.303,ok,33.0,,pending,,pending,"[8, 9]",ue3_qfi1,0,0,0,120.25000000000041,99.75000000000023,data,ok,2.0,,1.5,8,Reservation,579362555,12.0
ue1_qfi9,75.5,279.5,289.5,294.75,ok,0.616680555184576,ok,ue1_qfi1,0,0,0,114.50000000000004,100.00000000000009,data,ok,2.0,False,,proxy,3,0,ue4_qfi2,0.0,147,150.0,ok,ue3_qfi2,37.504,ok,3,ok,8,ue4_qfi2,0.0,ok,0.5306670632095217,proxy,5,0.5292293805601261,46891347.2,ok,0.005775,ok,0.9309647727272727,0.0536046875,ok,ue1_qfi1,0.4897959183673469,49,100.0,data,ok,0.0,ue1_qfi9,219.25,ok,,30.4,ue3_qfi2,5,100.0,395.0,30.303,ok,33.0,,pending,,pending,"[8, 9]",ue1_qfi1,0,0,0,114.50000000000004,100.00000000000009,data,ok,2.0,,1.5,8,TwoTier,579362555,12.0
ue6_qfi9,298.5,300.0,300.25,300.25,ok,0.42339820359557045,ok,ue1_qfi1,0,1,1,1221.75,99.74999999999935,data,ok,2.0,False,,proxy,3,0,ue8_qfi2,0.993421052631579,152,150.0,ok,ue1_qfi2,87.639,ok,8,ok,8,ue6_qfi2,0.9570816,ok,0.8994836369744365,proxy,5,0.890949053818436,72638779.2,ok,0.005411363636363636,ok,0.9327738636363636,0.04018125,ok,ue4_qfi1,0.4897959183673469,49,100.0,data,ok,0.0,ue2_qfi1,80.25,ok,,30.4,ue1_qfi2,0,0.0,0.0,30.303,ok,33.0,,pending,,pending,"[8, 9]",ue1_qfi1,0,1,1,1221.75,99.74999999999935,data,ok,2.0,,1.5,8,PF,661058651,12.0
ue6_qfi9,297.0,300.0,300.25,300.25,ok,0.4081590933535711,ok,ue1_qfi1,0,0,0,133.9999999999999,99.50000000000081,data,ok,2.0,False,,proxy,3,0,ue2_qfi2,0.0,147,150.0,ok,ue1_qfi2,32.133,ok,6,ok,8,ue2_qfi2,0.0,ok,0.8426679329856837,proxy,5,0.7967114146480625,75142836.8,ok,0.005081818181818182,ok,0.9319318181818181,0.0959203125,ok,ue6_qfi1,0.4489795918367347,49,100.0,data,ok,0.0,ue1_qfi2,90.092,ok,,23.8,ue1_qfi2,0,0.0,0.0,30.303,ok,33.0,,pending,,pending,"[8, 9]",ue1_qfi1,0,0,0,133.9999999999999,99.50000000000081,data,ok,2.0,,1.5,8,Reservation,661058651,12.0
ue5_qfi9,294.25,299.75,300.0,300.25,ok,0.3837173010256099,ok,ue3_qfi1,0,0,1,581.4999999999997,107.50000000000004,data,ok,2.0,False,,proxy,3,0,ue1_qfi2,0.8859060402684564,149,150.0,ok,ue1_qfi2,146.302,ok,5,ok,8,ue1_qfi2,0.9258564,ok,0.8185611421097502,proxy,5,0.781984042011375,76371292.8,ok,0.0054,ok,0.9321647727272727,0.037190625,ok,ue1_qfi1,0.0,3,100.0,data,ok,0.0,ue1_qfi9,264.0,ok,,26.4,ue1_qfi2,37,108.75,3110.25,30.303,ok,33.0,,pending,,pending,"[8, 9]",ue3_qfi1,0,0,1,581.4999999999997,107.50000000000004,data,ok,2.0,,1.5,8,TwoTier,661058651,12.0
ue8_qfi9,295.25,299.75,300.0,300.25,ok,0.4460309649752535,ok,ue1_qfi1,0,0,0,142.49999999999963,99.37499999999999,data,ok,2.0,False,,proxy,3,0,ue3_qfi2,0.993421052631579,152,150.0,ok,ue1_qfi2,113.107,ok,8,ok,8,ue1_qfi2,0.9650512,ok,0.8900972176314423,proxy,5,0.8702202978417372,70024065.6,ok,0.0057954545454545455,ok,0.9322670454545454,0.0409859375,ok,ue2_qfi1,0.5102040816326531,49,100.0,data,ok,0.0,ue1_qfi2,93.57600000000001,ok,,30.0,ue1_qfi2,0,0.0,0.0,30.303,ok,33.0,,pending,,pending,"[8, 9]",ue1_qfi1,0,0,0,142.49999999999963,99.37499999999999,data,ok,2.0,,1.5,8,PF,87989972,12.0
ue6_qfi9,295.25,299.75,300.0,300.25,ok,0.3875687023276094,ok,ue7_qfi1,0,0,0,119.50000000000038,99.99999999999997,data,ok,2.0,False,,proxy,3,0,ue1_qfi2,0.0,147,150.0,ok,ue3_qfi2,19.472,ok,6,ok,8,ue1_qfi2,0.0,ok,0.7931968008818399,proxy,5,0.7900681841770202,77264204.8,ok,0.005184090909090909,ok,0.9324227272727272,0.0830234375,ok,ue3_qfi1,0.4489795918367347,49,100.0,data,ok,0.0,ue8_qfi9,106.75,ok,,30.4,ue3_qfi2,0,0.0,0.0,30.303,ok,33.0,,pending,,pending,"[8, 9]",ue7_qfi1,0,0,0,119.50000000000038,99.99999999999997,data,ok,2.0,,1.5,8,Reservation,87989972,12.0
ue5_qfi9,290.0,299.75,300.0,300.25,ok,0.40064779767538117,ok,ue3_qfi9,0,0,1,923.0,0.0,data,ok,2.0,False,,proxy,3,0,ue1_qfi2,0.9060402684563759,149,150.0,ok,ue1_qfi2,144.05,ok,5,ok,8,ue3_qfi2,0.9229056,ok,0.8063592446135381,proxy,5,0.7780176826967258,74209897.6,ok,0.005765909090909091,ok,0.932253409090909,0.037503125,ok,ue1_qfi1,0.2,5,100.0,data,ok,0.0,ue1_qfi9,274.75,ok,,27.4,ue2_qfi2,29,104.25,2517.0,30.303,ok,33.0,,pending,,pending,"[8, 9]",ue3_qfi1,0,0,1,852.25,102.50000000000003,data,ok,2.0,,1.5,8,TwoTier,87989972,12.0
ue8_qfi9,295.75,299.75,300.0,300.25,ok,0.44938628239703354,ok,ue1_qfi1,0,0,0,361.75,98.99999999999997,data,ok,2.0,False,,proxy,3,0,ue7_qfi2,0.993421052631579,152,150.0,ok,ue1_qfi2,38.553,ok,8,ok,8,ue2_qfi2,0.9663735999999999,ok,0.8986346197277866,proxy,5,0.8956148344648049,69954288.0,ok,0.005547727272727273,ok,0.9330193181818182,0.0400421875,ok,ue3_qfi1,0.5306122448979592,49,100.0,data,ok,0.0,ue1_qfi1,67.75,ok,,30.2,ue7_qfi2,1,67.25,67.25,30.303,ok,33.0,,pending,,pending,"[8, 9]",ue1_qfi1,0,0,0,361.75,98.99999999999997,data,ok,2.0,,1.5,8,PF,161576974,12.0
ue6_qfi9,271.75,299.75,300.0,300.25,ok,0.3910199422417583,ok,ue7_qfi1,0,0,0,117.0,99.75000000000023,data,ok,2.0,False,,proxy,3,0,ue1_qfi2,0.0,148,150.0,ok,ue4_qfi2,17.849,ok,6,ok,8,ue1_qfi2,0.0,ok,0.7932579024353392,proxy,5,0.7905737720750138,76822067.2,ok,0.005106818181818182,ok,0.9339704545454546,0.0835984375,ok,ue4_qfi1,0.46938775510204084,49,100.0,data,ok,0.0,ue8_qfi9,73.25,ok,,30.2,ue6_qfi2,1,75.5,75.5,30.303,ok,33.0,,pending,,pending,"[8, 9]",ue7_qfi1,0,0,0,117.0,99.75000000000023,data,ok,2.0,,1.5,8,Reservation,161576974,12.0
ue1_qfi9,266.75,299.75,300.0,300.25,ok,0.6287828529078185,ok,ue1_qfi1,0,0,0,115.99999999999966,100.00000000000009,data,ok,2.0,False,,proxy,3,0,ue4_qfi2,0.0,147,150.0,ok,ue3_qfi2,47.86,ok,3,ok,8,ue4_qfi2,0.0,ok,0.5302125896727301,proxy,5,0.5288392139281535,45439908.8,ok,0.005354545454545455,ok,0.9326511363636364,0.0556828125,ok,ue1_qfi1,0.46938775510204084,49,100.0,data,ok,0.0,ue2_qfi9,89.5,ok,,30.4,ue3_qfi2,15,100.25,1157.75,30.303,ok,33.0,,pending,,pending,"[8, 9]",ue1_qfi1,0,0,0,115.99999999999966,100.00000000000009,data,ok,2.0,,1.5,8,TwoTier,161576974,12.0
ue8_qfi9,296.5,299.75,300.0,300.25,ok,0.4484576003913762,ok,ue1_qfi1,0,0,1,964.9999999999999,101.12499999999997,data,ok,2.0,False,,proxy,3,0,ue5_qfi2,0.993421052631579,152,150.0,ok,ue1_qfi2,60.994,ok,8,ok,8,ue7_qfi2,0.9561644,ok,0.8947261848890952,proxy,5,0.882267905903747,69841846.4,ok,0.0059931818181818185,ok,0.934559090909091,0.0412515625,ok,ue1_qfi1,0.4411764705882353,34,100.0,data,ok,0.0,ue1_qfi1,59.25,ok,,30.2,ue5_qfi2,1,71.75,71.75,30.303,ok,33.0,,pending,,pending,"[8, 9]",ue1_qfi1,0,0,1,964.9999999999999,101.12499999999997,data,ok,2.0,,1.5,8,PF,35492826,12.0
ue7_qfi9,294.0,299.75,300.0,300.25,ok,0.38516086450661213,ok,ue3_qfi1,0,0,0,122.74999999999991,99.75,data,ok,2.0,False,,proxy,3,0,ue1_qfi2,0.0,147,150.0,ok,ue3_qfi2,18.076,ok,6,ok,8,ue1_qfi2,0.0,ok,0.7943314329952097,proxy,5,0.792820828274514,77315238.4,ok,0.004956818181818182,ok,0.9325977272727273,0.0808765625,ok,ue8_qfi1,0.40816326530612246,49,100.0,data,ok,0.0,ue6_qfi9,52.25,ok,,30.4,ue3_qfi2,0,0.0,0.0,30.303,ok,33.0,,pending,,pending,"[8, 9]",ue3_qfi1,0,0,0,122.74999999999991,99.75,data,ok,2.0,,1.5,8,Reservation,35492826,12.0
ue1_qfi9,282.25,300.0,300.0,300.25,ok,0.6435253436184416,ok,ue1_qfi1,0,0,0,201.24999999999994,100.00000000000009,data,ok,2.0,False,,proxy,3,0,ue4_qfi2,0.0,148,150.0,ok,ue3_qfi2,47.636,ok,2,ok,8,ue4_qfi2,0.0,ok,0.5279404948876759,proxy,5,0.5220386124523395,43809724.8,ok,0.006320454545454546,ok,0.9341818181818182,0.0610203125,ok,ue1_qfi1,0.4583333333333333,48,100.0,data,ok,0.0,ue3_qfi2,52.302,ok,,30.0,ue3_qfi2,16,97.25,1240.25,30.303,ok,33.0,,pending,,pending,"[8, 9]",ue1_qfi1,0,0,0,201.24999999999994,100.00000000000009,data,ok,2.0,,1.5,8,TwoTier,35492826,12.0
ue7_qfi9,297.75,300.0,300.0,300.25,ok,0.4253851189542291,ok,ue1_qfi1,0,0,0,190.4999999999999,99.62500000000007,data,ok,2.0,False,,proxy,3,0,ue1_qfi2,1.0,152,150.0,ok,ue1_qfi2,38.258,ok,7,ok,8,ue7_qfi2,0.9480411999999999,ok,0.9059260262777332,proxy,5,0.9016409916390801,72549560.0,ok,0.005170454545454546,ok,0.9340647727272727,0.0389984375,ok,ue2_qfi1,0.46938775510204084,49,100.0,data,ok,0.0,ue2_qfi1,55.5,ok,,30.4,ue1_qfi2,0,0.0,0.0,30.303,ok,33.0,,pending,,pending,"[8, 9]",ue1_qfi1,0,0,0,190.4999999999999,99.62500000000007,data,ok,2.0,,1.5,8,PF,376383645,12.0
ue5_qfi9,296.75,300.0,300.25,300.25,ok,0.3714931272078992,ok,ue5_qfi1,0,0,0,116.0,100.24999999999994,data,ok,2.0,False,,proxy,3,0,ue1_qfi2,0.0,147,150.0,ok,ue3_qfi2,17.891,ok,5,ok,8,ue1_qfi2,0.0,ok,0.7961037560899321,proxy,5,0.7923194671521998,79075752.0,ok,0.005043181818181818,ok,0.9349636363636363,0.078934375,ok,ue4_qfi1,0.40816326530612246,49,100.0,data,ok,0.0,ue7_qfi9,62.5,ok,,30.2,ue4_qfi2,1,69.25,69.25,30.303,ok,33.0,,pending,,pending,"[8, 9]",ue5_qfi1,0,0,0,116.0,100.24999999999994,data,ok,2.0,,1.5,8,Reservation,376383645,12.0
ue5_qfi9,289.25,299.75,300.0,300.25,ok,0.3759950863714728,ok,ue4_qfi9,0,0,1,562.0,0.0,data,ok,2.0,False,,proxy,3,0,ue1_qfi2,0.9256756756756757,148,150.0,ok,ue2_qfi2,147.481,ok,5,ok,8,ue1_qfi2,0.9166144,ok,0.8241279538985973,proxy,5,0.802097719149439,76998283.2,ok,0.005165909090909091,ok,0.9339761363636364,0.03549375,ok,ue1_qfi1,0.0,2,100.0,data,ok,0.0,ue2_qfi9,257.25,ok,,27.4,ue1_qfi2,32,100.75,2732.0,30.303,ok,33.0,,pending,,pending,"[8, 9]",ue1_qfi1,0,0,1,505.75000000000006,309.875,data,ok,2.0,,1.5,8,TwoTier,376383645,12.0
ue7_qfi9,297.5,300.0,300.0,300.25,ok,0.44256852525232443,ok,ue2_qfi1,0,0,0,233.74999999999991,99.74999999999979,data,ok,2.0,False,,proxy,3,0,ue7_qfi2,0.993421052631579,152,150.0,ok,ue1_qfi2,38.408,ok,8,ok,8,ue4_qfi2,0.9612596,ok,0.9014008116457657,proxy,5,0.8950518048410777,70703483.2,ok,0.006270454545454545,ok,0.9338704545454546,0.0392734375,ok,ue3_qfi1,0.5306122448979592,49,100.0,data,ok,0.0,ue1_qfi1,81.0,ok,,30.2,ue7_qfi2,1,67.5,67.5,30.303,ok,33.0,,pending,,pending,"[8, 9]",ue2_qfi1,0,0,0,233.74999999999991,99.74999999999979,data,ok,2.0,,1.5,8,PF,1746484539,12.0
ue7_qfi9,295.75,299.75,300.0,300.25,ok,0.439808946231841,ok,ue4_qfi1,0,0,0,127.49999999999994,99.75,data,ok,2.0,False,,proxy,3,0,ue2_qfi2,0.0,147,150.0,ok,ue1_qfi2,23.084,ok,7,ok,8,ue2_qfi2,0.0,ok,0.8508889811401221,proxy,5,0.8477429686193074,71949857.6,ok,0.004925,ok,0.9332488636363636,0.09790625,ok,ue5_qfi1,0.4489795918367347,49,100.0,data,ok,0.0,ue8_qfi9,52.0,ok,,30.4,ue1_qfi2,0,0.0,0.0,30.303,ok,33.0,,pending,,pending,"[8, 9]",ue4_qfi1,0,0,0,127.49999999999994,99.75,data,ok,2.0,,1.5,8,Reservation,1746484539,12.0
ue5_qfi9,298.5,300.0,300.25,300.25,ok,0.3999733498241612,ok,ue2_qfi1,0,1,1,1601.5000000000002,229.375,data,ok,2.0,False,,proxy,3,0,ue1_qfi2,0.9530201342281879,149,150.0,ok,ue2_qfi2,142.424,ok,6,ok,8,ue2_qfi2,0.9403604,ok,0.8431536326187594,proxy,5,0.8156391442688907,74329792.0,ok,0.006236363636363636,ok,0.9338579545454545,0.0364671875,ok,ue1_qfi1,0.25,16,100.0,data,ok,0.0,ue2_qfi9,276.75,ok,,29.0,ue2_qfi2,26,106.75,2240.75,30.303,ok,33.0,,pending,,pending,"[8, 9]",ue2_qfi1,0,1,1,1601.5000000000002,229.375,data,ok,2.0,,1.5,8,TwoTier,1746484539,12.0
ue1_qfi2,116.772,147.658,148.979,149.972,ok,0.8098347963278366,ok,ue13_qfi82,0,0,0,105.75000000000001,100.00000000000009,data,ok,2.0,False,,proxy,3,0,ue1_qfi2,0.02666666666666667,75,150.0,ok,ue4_qfi2,150.133,ok,0,ok,32,ue2_qfi2,0.49136959999999996,ok,0.4686563104048894,proxy,5,0.46048441362053727,69403176.0,ok,0.02333409090909091,ok,0.93,0.03800625,ok,ue5_qfi82,0.40816326530612246,49,100.0,data,ok,0.0,ue26_qfi2,33.39,ok,,0.8,ue6_qfi2,3,3405.5,4886.5,15.152,ok,66.0,,pending,,pending,"[8, 9]",ue13_qfi82,0,0,0,105.75000000000001,100.00000000000009,data,ok,2.0,0.5,1.0,32,PF,1826701614,
ue17_qfi9,300.0,300.25,300.25,300.25,ok,0.8182884605247684,ok,ue5_qfi1,0,1,2,1798.7500000000005,207.50000000000003,data,ok,2.0,False,,proxy,3,0,ue18_qfi2,0.0,74,150.0,ok,ue2_qfi2,141.54,ok,7,ok,32,ue18_qfi2,0.0,ok,0.4817733825360584,proxy,5,0.46433107416337804,66740830.4,ok,0.02335909090909091,ok,0.9258272727272727,0.341853125,ok,ue1_qfi1,0.0,16,100.0,data,ok,0.0,ue4_qfi2,92.708,ok,,14.2,ue13_qfi2,7,199.25,1289.5,15.152,ok,66.0,,pending,,pending,"[8, 9]",ue5_qfi1,0,1,2,1798.7500000000005,207.50000000000003,data,ok,2.0,0.5,1.0,32,Reservation,1826701614,
ue12_qfi9,298.75,300.0,300.25,300.25,ok,0.8160472836726395,ok,ue3_qfi1,0,0,1,518.7499999999998,204.25000000000006,data,ok,2.0,False,,proxy,3,0,ue13_qfi2,0.0,74,150.0,ok,ue7_qfi2,108.75,ok,5,ok,32,ue13_qfi2,0.0,ok,0.4592206212971336,proxy,5,0.41546835633907586,67799380.8,ok,0.02393409090909091,ok,0.9301045454545455,0.03825,ok,ue1_qfi1,0.0,23,100.0,data,ok,0.0,ue2_qfi9,270.0,ok,,15.2,ue1_qfi2,0,0.0,0.0,15.152,ok,66.0,,pending,,pending,"[8, 9]",ue3_qfi1,0,0,1,518.7499999999998,204.25000000000006,data,ok,2.0,0.5,1.0,32,TwoTier,1826701614,
ue2_qfi2,117.555,148.051,149.67,150.047,ok,0.8138076529153576,ok,ue17_qfi82,0,0,0,199.99999999999974,99.99999999999993,data,ok,2.0,False,,proxy,3,0,ue2_qfi2,0.013333333333333334,75,150.0,ok,ue2_qfi2,150.1,ok,0,ok,32,ue17_qfi2,0.4742996,ok,0.46801742917242484,proxy,5,0.45814793644789914,67897720.0,ok,0.02425681818181818,ok,0.9309102272727273,0.039184375,ok,ue9_qfi82,0.40816326530612246,49,100.0,data,ok,0.0,ue32_qfi2,33.503000000000014,ok,,0.6,ue4_qfi2,2,2610.0,4878.0,15.152,ok,66.0,,pending,,pending,"[8, 9]",ue17_qfi82,0,0,0,199.99999999999974,99.99999999999993,data,ok,2.0,0.5,1.0,32,PF,1367864806,
ue32_qfi9,299.5,300.25,300.25,300.25,ok,0.8223125022406134,ok,ue10_qfi9,1,1,2,2445.0000000000005,0.2500000000000002,data,ok,2.0,False,,proxy,3,0,ue17_qfi2,0.0,74,150.0,ok,ue4_qfi2,148.096,ok,2,ok,32,ue17_qfi2,0.0,ok,0.46272063762534144,proxy,5,0.4405210090898539,64972851.2,ok,0.023472727272727274,ok,0.9213443181818182,0.3689640625,ok,ue1_qfi1,0.0,3,100.0,data,ok,0.0,ue13_qfi2,83.64099999999999,ok,,13.0,ue15_qfi2,8,353.0,1813.75,15.152,ok,66.0,,pending,,pending,"[8, 9]",ue10_qfi1,1,1,1,2386.25,223.49999999999997,data,ok,2.0,0.5,1.0,32,Reservation,1367864806,
ue12_qfi9,297.75,300.0,300.25,300.25,ok,0.8206577130841083,ok,ue6_qfi1,0,0,1,576.5,199.00000000000074,data,ok,2.0,False,,proxy,3,0,ue13_qfi2,0.0,74,150.0,ok,ue9_qfi2,93.334,ok,12,ok,32,ue13_qfi2,0.0,ok,0.4666470109350279,proxy,5,0.4609778569666229,66160248.0,ok,0.02455,ok,0.9307215909090909,0.0400765625,ok,ue1_qfi1,0.0,22,100.0,data,ok,0.0,ue7_qfi2,102.396,ok,,15.2,ue1_qfi2,0,0.0,0.0,15.152,ok,66.0,,pending,,pending,"[8, 9]",ue6_qfi1,0,0,1,576.5,199.00000000000074,data,ok,2.0,0.5,1.0,32,TwoTier,1367864806,
ue22_qfi2,118.097,145.856,149.019,150.062,ok,0.8127677077903879,ok,ue8_qfi82,0,0,0,105.75000000000001,100.00000000000009,data,ok,2.0,False,,proxy,3,0,ue1_qfi2,0.02666666666666667,75,150.0,ok,ue3_qfi2,150.137,ok,0,ok,32,ue29_qfi2,0.48986640000000004,ok,0.46825016809000647,proxy,5,0.4602859600796211,68314796.8,ok,0.024531818181818182,ok,0.9306693181818182,0.0389203125,ok,ue29_qfi82,0.40816326530612246,49,100.0,data,ok,0.0,ue11_qfi2,33.429,ok,,0.8,ue17_qfi2,2,2997.25,4779.75,15.152,ok,66.0,,pending,,pending,"[8, 9]",ue8_qfi82,0,0,0,105.75000000000001,100.00000000000009,data,ok,2.0,0.5,1.0,32,PF,1097657231,
ue26_qfi9,300.0,300.25,300.25,300.25,ok,0.8215408863160761,ok,ue13_qfi1,0,1,2,1406.2500000000002,204.99999999999974,data,ok,2.0,False,,proxy,3,0,ue16_qfi2,0.0,74,150.0,ok,ue24_qfi2,133.652,ok,11,ok,32,ue16_qfi2,0.0,ok,0.490328316175511,proxy,5,0.46927632120811547,66089768.0,ok,0.02395909090909091,ok,0.9264693181818182,0.3274953125,ok,ue1_qfi1,0.0,12,100.0,data,ok,0.0,ue15_qfi2,85.41,ok,,14.6,ue7_qfi2,4,276.5,683.5,15.152,ok,66.0,,pending,,pending,"[8, 9]",ue13_qfi1,0,1,2,1406.2500000000002,204.99999999999974,data,ok,2.0,0.5,1.0,32,Reservation,1097657231,
ue2_qfi9,17.25,42.25,50.25,54.0,ok,0.8361882533094044,ok,ue2_qfi1,0,0,0,231.75,199.1250000000001,data,ok,2.0,False,,proxy,3,0,ue6_qfi2,0.0,74,150.0,ok,ue1_qfi2,36.604,ok,5,ok,32,ue6_qfi2,0.0,ok,0.36714291211943195,proxy,5,0.36710757515997544,59918688.0,ok,0.024056818181818183,ok,0.9299193181818182,0.039028125,ok,ue1_qfi1,0.0,24,100.0,data,ok,0.0,ue2_qfi9,36.75,ok,,15.2,ue1_qfi2,0,0.0,0.0,15.152,ok,66.0,,pending,,pending,"[8, 9]",ue2_qfi1,0,0,0,231.75,199.1250000000001,data,ok,2.0,0.5,1.0,32,TwoTier,1097657231,
ue30_qfi2,117.824,146.561,148.967,150.069,ok,0.8139344759214606,ok,ue20_qfi82,0,0,0,199.7499999999999,100.00000000000009,data,ok,2.0,False,,proxy,3,0,ue1_qfi2,0.02666666666666667,75,150.0,ok,ue16_qfi2,149.133,ok,0,ok,32,ue14_qfi2,0.4681536,ok,0.4670342582077772,proxy,5,0.45736941034575446,67947766.4,ok,0.02469318181818182,ok,0.9301863636363636,0.0394390625,ok,ue14_qfi82,0.3877551020408163,49,100.0,data,ok,0.0,ue23_qfi2,33.60100000000001,ok,,0.6,ue15_qfi2,2,2540.5,4863.75,15.152,ok,66.0,,pending,,pending,"[8, 9]",ue20_qfi82,0,0,0,199.7499999999999,100.00000000000009,data,ok,2.0,0.5,1.0,32,PF,579362555,
ue18_qfi9,300.0,300.25,300.25,300.25,ok,0.8217670965876158,ok,ue4_qfi1,1,1,1,2847.75,446.0,data,ok,2.0,False,,proxy,3,0,ue19_qfi2,0.0,74,150.0,ok,ue17_qfi2,148.23,ok,2,ok,32,ue19_qfi2,0.0,ok,0.4613878702332923,proxy,5,0.4364980870211172,65253964.8,ok,0.023436363636363637,ok,0.9226227272727273,0.3581390625,ok,ue1_qfi1,0.0,7,100.0,data,ok,0.0,ue9_qfi2,86.80600000000001,ok,,13.2,ue3_qfi2,8,217.0,1438.5,15.152,ok,66.0,,pending,,pending,"[8, 9]",ue4_qfi1,1,1,1,2847.75,446.0,data,ok,2.0,0.5,1.0,32,Reservation,579362555,
ue14_qfi9,289.0,299.75,300.0,300.25,ok,0.8221955914205049,ok,ue11_qfi1,0,1,1,1343.0000000000005,386.12499999999994,data,ok,2.0,False,,proxy,3,0,ue15_qfi2,0.0,74,150.0,ok,ue10_qfi2,135.238,ok,5,ok,32,ue15_qfi2,0.0,ok,0.4501700505019787,proxy,5,0.39810234895551844,64920979.2,ok,0.024104545454545455,ok,0.9306125,0.041215625,ok,ue1_qfi1,0.0,15,100.0,data,ok,0.0,ue2_qfi9,285.25,ok,,15.0,ue3_qfi2,4,201.0,715.5,15.152,ok,66.0,,pending,,pending,"[8, 9]",ue11_qfi1,0,1,1,1343.0000000000005,386.12499999999994,data,ok,2.0,0.5,1.0,32,TwoTier,579362555,
ue15_qfi2,117.478,147.5,149.669,150.173,ok,0.8136082145912337,ok,ue23_qfi82,0,0,0,105.24999999999996,99.99999999999987,data,ok,2.0,False,,proxy,3,0,ue3_qfi2,0.013333333333333334,75,150.0,ok,ue15_qfi2,149.802,ok,0,ok,32,ue11_qfi2,0.45601,ok,0.4671776876736418,proxy,5,0.4566420897361012,67980672.0,ok,0.024147727272727272,ok,0.9312636363636364,0.0395078125,ok,ue9_qfi82,0.42857142857142855,49,100.0,data,ok,0.0,ue7_qfi2,32.942999999999984,ok,,0.6,ue28_qfi2,2,3871.25,4893.5,15.152,ok,66.0,,pending,,pending,"[8, 9]",ue23_qfi82,0,0,0,105.24999999999996,99.99999999999987,data,ok,2.0,0.5,1.0,32,PF,661058651,
ue23_qfi9,300.0,300.25,300.25,300.25,ok,0.8186534329414388,ok,ue11_qfi1,1,1,3,2815.0000000000005,602.25,data,ok,2.0,False,,proxy,3,0,ue18_qfi2,0.0,74,150.0,ok,ue11_qfi2,146.647,ok,0,ok,32,ue18_qfi2,0.0,ok,0.4744901460878589,proxy,5,0.4515396884868458,66399444.8,ok,0.023659090909090907,ok,0.9233693181818182,0.3630078125,ok,ue1_qfi1,0.0,7,100.0,data,ok,0.0,ue13_qfi9,115.75,ok,,13.6,ue5_qfi2,10,217.5,1787.25,15.152,ok,66.0,,pending,,pending,"[8, 9]",ue11_qfi1,1,1,3,2815.0000000000005,602.25,data,ok,2.0,0.5,1.0,32,Reservation,661058651,
ue12_qfi9,298.0,300.0,300.25,300.25,ok,0.820969522301479,ok,ue4_qfi1,0,0,1,655.5,199.9999999999999,data,ok,2.0,False,,proxy,3,0,ue13_qfi2,0.0,74,150.0,ok,ue9_qfi2,101.503,ok,5,ok,32,ue13_qfi2,0.0,ok,0.4582639290817633,proxy,5,0.4099089011657708,65963193.6,ok,0.024495454545454546,ok,0.9304045454545454,0.0392828125,ok,ue1_qfi1,0.0,23,100.0,data,ok,0.0,ue1_qfi9,271.75,ok,,15.0,ue1_qfi2,0,0.0,0.0,15.152,ok,66.0,,pending,,pending,"[8, 9]",ue4_qfi1,0,0,1,655.5,199.9999999999999,data,ok,2.0,0.5,1.0,32,TwoTier,661058651,
ue13_qfi2,117.057,147.541,149.141,150.0,ok,0.8147288294507468,ok,ue31_qfi82,0,0,0,200.00000000000006,100.00000000000054,data,ok,2.0,False,,proxy,3,0,ue1_qfi2,0.02666666666666667,75,150.0,ok,ue27_qfi2,147.82,ok,0,ok,32,ue31_qfi2,0.466148,ok,0.46756096812098313,proxy,5,0.4584709726503597,67489944.0,ok,0.02433181818181818,ok,0.9314193181818182,0.039409375,ok,ue7_qfi82,0.40816326530612246,49,100.0,data,ok,0.0,ue10_qfi2,34.093,ok,,0.6,ue20_qfi2,2,3264.0,4879.75,15.152,ok,66.0,,pending,,pending,"[8, 9]",ue31_qfi82,0,0,0,200.00000000000006,100.00000000000054,data,ok,2.0,0.5,1.0,32,PF,87989972,
ue26_qfi9,300.0,300.25,300.25,300.25,ok,0.8201461213439121,ok,ue8_qfi1,1,1,1,2852.5,402.99999999999994,data,ok,2.0,False,,proxy,3,0,ue17_qfi2,0.0,74,150.0,ok,ue10_qfi2,141.853,ok,0,ok,32,ue17_qfi2,0.0,ok,0.47382885493450005,proxy,5,0.4544779348818143,65817340.8,ok,0.023913636363636363,ok,0.9246579545454545,0.3635578125,ok,ue1_qfi1,0.0,9,100.0,data,ok,0.0,ue20_qfi2,86.90199999999999,ok,,13.0,ue14_qfi2,9,347.0,1890.25,15.152,ok,66.0,,pending,,pending,"[8, 9]",ue8_qfi1,1,1,1,2852.5,402.99999999999994,data,ok,2.0,0.5,1.0,32,Reservation,87989972,
ue1_qfi9,16.5,39.5,47.25,51.0,ok,0.8361568796675626,ok,ue5_qfi1,0,0,0,221.25,199.87500000000003,data,ok,2.0,False,,proxy,3,0,ue6_qfi2,0.0,74,150.0,ok,ue1_qfi2,36.667,ok,5,ok,32,ue6_qfi2,0.0,ok,0.3671557934307864,proxy,5,0.36711405330186686,59872510.4,ok,0.024552272727272728,ok,0.9318818181818181,0.0395671875,ok,ue1_qfi1,0.0,24,100.0,data,ok,0.0,ue1_qfi9,34.5,ok,,15.2,ue1_qfi2,0,0.0,0.0,15.152,ok,66.0,,pending,,pending,"[8, 9]",ue5_qfi1,0,0,0,221.25,199.87500000000003,data,ok,2.0,0.5,1.0,32,TwoTier,87989972,
ue6_qfi2,116.801,147.08,149.714,150.033,ok,0.8136604948390583,ok,ue3_qfi82,0,0,0,105.75000000000001,100.00000000000009,data,ok,2.0,False,,proxy,3,0,ue2_qfi2,0.013333333333333334,75,150.0,ok,ue31_qfi2,149.706,ok,0,ok,32,ue2_qfi2,0.46816240000000003,ok,0.4668109926333622,proxy,5,0.4589018930306992,68031867.2,ok,0.024488636363636365,ok,0.9312204545454545,0.03941875,ok,ue4_qfi82,0.42857142857142855,49,100.0,data,ok,0.0,ue3_qfi2,34.051,ok,,0.8,ue16_qfi2,3,2473.5,4883.5,15.152,ok,66.0,,pending,,pending,"[8, 9]",ue3_qfi82,0,0,0,105.75000000000001,100.00000000000009,data,ok,2.0,0.5,1.0,32,PF,161576974,
ue27_qfi9,299.75,300.25,300.25,300.25,ok,0.8227589498931732,ok,ue13_qfi1,1,1,3,2041.2500000000002,551.25,data,ok,2.0,False,,proxy,3,0,ue17_qfi2,0.0,74,150.0,ok,ue5_qfi2,146.45,ok,1,ok,32,ue17_qfi2,0.0,ok,0.45889350976150833,proxy,5,0.4226583333183936,64970046.4,ok,0.023525,ok,0.9232727272727272,0.35628125,ok,ue1_qfi1,0.0,13,100.0,data,ok,0.0,ue1_qfi2,86.041,ok,,12.6,ue13_qfi2,8,218.5,1415.5,15.152,ok,66.0,,pending,,pending,"[8, 9]",ue13_qfi1,1,1,3,2041.2500000000002,551.25,data,ok,2.0,0.5,1.0,32,Reservation,161576974,
ue12_qfi9,298.5,300.0,300.25,300.25,ok,0.8260230422515068,ok,ue2_qfi1,0,0,1,586.5,214.75,data,ok,2.0,False,,proxy,3,0,ue13_qfi2,0.0,74,150.0,ok,ue7_qfi2,96.096,ok,5,ok,32,ue13_qfi2,0.0,ok,0.4306200625937529,proxy,5,0.3671431763104508,63890870.4,ok,0.02460681818181818,ok,0.9318647727272727,0.0407140625,ok,ue1_qfi1,0.0,23,100.0,data,ok,0.0,ue3_qfi9,286.0,ok,,9.6,ue11_qfi2,1,167.5,167.5,15.152,ok,66.0,,pending,,pending,"[8, 9]",ue2_qfi1,0,0,1,586.5,214.75,data,ok,2.0,0.5,1.0,32,TwoTier,161576974,
ue29_qfi2,117.903,148.597,149.779,150.181,ok,0.8138872993866699,ok,ue6_qfi82,0,0,0,201.24999999999994,100.00000000000009,data,ok,2.0,False,,proxy,3,0,ue19_qfi2,0.013333333333333334,75,150.0,ok,ue3_qfi2,148.328,ok,0,ok,32,ue15_qfi2,0.47940520000000003,ok,0.4678237443632792,proxy,5,0.4582904897550815,67924849.6,ok,0.02436590909090909,ok,0.9322102272727273,0.039296875,ok,ue31_qfi82,0.40816326530612246,49,100.0,data,ok,0.0,ue25_qfi2,33.24799999999999,ok,,0.6,ue18_qfi2,2,3994.5,4885.5,15.152,ok,66.0,,pending,,pending,"[8, 9]",ue6_qfi82,0,0,0,201.24999999999994,100.00000000000009,data,ok,2.0,0.5,1.0,32,PF,35492826,
ue32_qfi9,300.0,300.25,300.25,300.25,ok,0.8216950884176393,ok,ue11_qfi1,1,1,4,2063.75,524.9999999999994,data,ok,2.0,False,,proxy,3,0,ue17_qfi2,0.0,74,150.0,ok,ue6_qfi2,146.241,ok,0,ok,32,ue17_qfi2,0.0,ok,0.471962375975908,proxy,5,0.45629490023331953,65334760.0,ok,0.02345,ok,0.9232988636363636,0.356615625,ok,ue1_qfi1,0.0,14,100.0,data,ok,0.0,ue2_qfi2,82.97899999999998,ok,,13.2,ue4_qfi2,8,322.75,1596.25,15.152,ok,66.0,,pending,,pending,"[8, 9]",ue11_qfi1,1,1,4,2063.75,524.9999999999994,data,ok,2.0,0.5,1.0,32,Reservation,35492826,
ue14_qfi9,293.25,300.0,300.0,300.25,ok,0.8181153920500467,ok,ue11_qfi1,0,1,2,1250.0,240.75000000000023,data,ok,2.0,False,,proxy,3,0,ue15_qfi2,0.0,74,150.0,ok,ue9_qfi2,128.339,ok,5,ok,32,ue15_qfi2,0.0,ok,0.46090330544076935,proxy,5,0.4180158518760675,66553406.4,ok,0.024665909090909093,ok,0.9336204545454545,0.0398578125,ok,ue1_qfi1,0.0,20,100.0,data,ok,0.0,ue4_qfi9,282.5,ok,,15.2,ue4_qfi2,4,166.0,606.0,15.152,ok,66.0,,pending,,pending,"[8, 9]",ue11_qfi1,0,1,2,1250.0,240.75000000000023,data,ok,2.0,0.5,1.0,32,TwoTier,35492826,
ue18_qfi2,116.488,147.828,149.344,150.114,ok,0.812490333500944,ok,ue4_qfi82,0,0,0,105.50000000000014,100.0,data,ok,2.0,False,,proxy,3,0,ue1_qfi2,0.02666666666666667,75,150.0,ok,ue18_qfi2,149.328,ok,0,ok,32,ue23_qfi2,0.4688024,ok,0.4684304736357768,proxy,5,0.4598052348583121,68388502.4,ok,0.02444318181818182,ok,0.9329931818181818,0.0387765625,ok,ue1_qfi82,0.42857142857142855,49,100.0,data,ok,0.0,ue11_qfi2,33.68599999999999,ok,,0.8,ue16_qfi2,3,3792.0,4869.5,15.152,ok,66.0,,pending,,pending,"[8, 9]",ue4_qfi82,0,0,0,105.50000000000014,100.0,data,ok,2.0,0.5,1.0,32,PF,376383645,
ue19_qfi9,299.75,300.25,300.25,300.25,ok,0.8166927236675227,ok,ue7_qfi1,0,1,3,1623.5,395.50000000000017,data,ok,2.0,False,,proxy,3,0,ue17_qfi2,0.0,74,150.0,ok,ue14_qfi2,146.097,ok,2,ok,32,ue17_qfi2,0.0,ok,0.47778363350143993,proxy,5,0.4577541601867844,67227124.8,ok,0.02365,ok,0.9272897727272728,0.3423640625,ok,ue1_qfi1,0.0,14,100.0,data,ok,0.0,ue14_qfi2,88.38,ok,,13.2,ue6_qfi2,9,271.75,1915.5,15.152,ok,66.0,,pending,,pending,"[8, 9]",ue7_qfi1,0,1,3,1623.5,395.50000000000017,data,ok,2.0,0.5,1.0,32,Reservation,376383645,
ue14_qfi9,298.75,300.25,300.25,300.25,ok,0.8207254489573496,ok,ue13_qfi1,0,0,1,602.2499999999998,279.37500000000017,data,ok,2.0,False,,proxy,3,0,ue15_qfi2,0.0,74,150.0,ok,ue8_qfi2,130.75,ok,4,ok,32,ue15_qfi2,0.0,ok,0.43999511854751316,proxy,5,0.3671219935903511,65523332.800000004,ok,0.024302272727272728,ok,0.9334477272727273,0.036509375,ok,ue1_qfi1,0.0,19,100.0,data,ok,0.0,ue1_qfi9,286.0,ok,,9.8,ue11_qfi2,2,188.0,324.5,15.152,ok,66.0,,pending,,pending,"[8, 9]",ue13_qfi1,0,0,1,602.2499999999998,279.37500000000017,data,ok,2.0,0.5,1.0,32,TwoTier,376383645,
ue11_qfi2,118.449,147.512,149.612,149.985,ok,0.8130213985924692,ok,ue19_qfi82,0,0,0,105.75000000000001,100.0,data,ok,2.0,False,,proxy,3,0,ue6_qfi2,0.013333333333333334,75,150.0,ok,ue10_qfi2,150.14,ok,0,ok,32,ue28_qfi2,0.4897192,ok,0.4678047877090273,proxy,5,0.45933216333724214,68196206.4,ok,0.024175,ok,0.932728409090909,0.0391203125,ok,ue2_qfi82,0.4489795918367347,49,100.0,data,ok,0.0,ue12_qfi2,33.733999999999995,ok,,0.6,ue27_qfi2,2,4190.0,4890.5,15.152,ok,66.0,,pending,,pending,"[8, 9]",ue19_qfi82,0,0,0,105.75000000000001,100.0,data,ok,2.0,0.5,1.0,32,PF,1746484539,
ue25_qfi9,300.0,300.25,300.25,300.25,ok,0.8198198077851746,ok,ue25_qfi1,0,1,2,1844.75,323.62500000000006,data,ok,2.0,False,,proxy,3,0,ue16_qfi2,0.0,74,150.0,ok,ue7_qfi2,145.382,ok,1,ok,32,ue16_qfi2,0.0,ok,0.48408428750097177,proxy,5,0.46979093641331743,66164830.4,ok,0.02374090909090909,ok,0.9256886363636364,0.348975,ok,ue1_qfi1,0.0,13,100.0,data,ok,0.0,ue14_qfi2,93.58399999999999,ok,,13.8,ue15_qfi2,7,266.0,1364.0,15.152,ok,66.0,,pending,,pending,"[8, 9]",ue25_qfi1,0,1,2,1844.75,323.62500000000006,data,ok,2.0,0.5,1.0,32,Reservation,1746484539,
ue9_qfi9,299.0,300.25,300.25,300.25,ok,0.8341352488369875,ok,ue2_qfi1,0,0,0,215.7499999999999,199.75000000000054,data,ok,2.0,False,,proxy,3,0,ue13_qfi2,0.0,74,150.0,ok,ue8_qfi2,138.39,ok,5,ok,32,ue13_qfi2,0.0,ok,0.37697360668323177,proxy,5,0.36712717156944374,60478340.8,ok,0.02405,ok,0.9320920454545455,0.0393296875,ok,ue1_qfi1,0.0,24,100.0,data,ok,0.0,ue8_qfi2,93.16099999999999,ok,,15.2,ue1_qfi2,0,0.0,0.0,15.152,ok,66.0,,pending,,pending,"[8, 9]",ue2_qfi1,0,0,0,215.7499999999999,199.75000000000054,data,ok,2.0,0.5,1.0,32,TwoTier,1746484539,
ue16_qfi9,297.75,300.0,300.25,300.25,ok,0.6133004051633147,ok,ue7_qfi1,1,1,1,4615.5,112.7499999999998,data,ok,2.0,False,,proxy,3,0,ue1_qfi2,0.07432432432432433,148,150.0,ok,ue4_qfi2,149.75,ok,9,ok,16,ue1_qfi2,0.6043752,ok,0.6775878716216275,proxy,5,0.6618883597338877,71482120.0,ok,0.0111,ok,0.9301386363636364,0.0414953125,ok,ue6_qfi1,0.0,1,100.0,data,ok,0.0,ue8_qfi2,91.006,ok,,16.2,ue5_qfi2,15,480.0,2656.0,30.303,ok,33.0,,pending,,pending,"[8, 9]",ue7_qfi1,1,1,1,4615.5,112.7499999999998,data,ok,2.0,,1.0,16,PF,1826701614,12.0
ue16_qfi9,294.5,300.0,300.0,300.25,ok,0.5826484100855932,ok,ue4_qfi1,0,0,0,295.75000000000006,100.00000000000009,data,ok,2.0,False,,proxy,3,0,ue1_qfi2,0.0,147,150.0,ok,ue6_qfi2,62.161,ok,8,ok,16,ue1_qfi2,0.0,ok,0.7008154318600617,proxy,5,0.696799388060746,79474827.2,ok,0.011045454545454546,ok,0.9306511363636364,0.194603125,ok,ue16_qfi1,0.4489795918367347,49,100.0,data,ok,0.0,ue6_qfi2,107.41799999999999,ok,,30.2,ue4_qfi2,0,0.0,0.0,30.303,ok,33.0,,pending,,pending,"[8, 9]",ue4_qfi1,0,0,0,295.75000000000006,100.00000000000009,data,ok,2.0,,1.0,16,Reservation,1826701614,12.0
ue8_qfi9,289.25,299.75,300.0,300.25,ok,0.702859621235551,ok,ue2_qfi9,0,0,2,849.2500000000001,0.0,data,ok,2.0,False,,proxy,3,0,ue10_qfi2,0.0,147,150.0,ok,ue1_qfi2,100.5,ok,8,ok,16,ue10_qfi2,0.0,ok,0.5655848494804581,proxy,5,0.552305054564831,54693398.4,ok,0.010831818181818182,ok,0.9297818181818182,0.05081875,ok,ue2_qfi1,0.1111111111111111,18,100.0,data,ok,0.0,ue1_qfi9,257.0,ok,,29.8,ue2_qfi2,13,204.75,1096.25,30.303,ok,33.0,,pending,,pending,"[8, 9]",ue1_qfi1,0,0,1,587.4999999999999,274.9999999999999,data,ok,2.0,,1.0,16,TwoTier,1826701614,12.0
ue16_qfi9,297.75,300.0,300.25,300.25,ok,0.6288904310351365,ok,ue7_qfi9,1,1,1,4130.25,0.0,data,ok,2.0,False,,proxy,3,0,ue1_qfi2,0.033783783783783786,148,150.0,ok,ue3_qfi2,150.108,ok,10,ok,16,ue1_qfi2,0.544082,ok,0.6719902892189357,proxy,5,0.6585507890451687,68646870.4,ok,0.010975,ok,0.9309056818181818,0.0447234375,ok,ue6_qfi1,0.0,1,100.0,data,ok,0.0,ue9_qfi2,97.296,ok,,12.0,ue5_qfi2,14,955.5,3334.25,30.303,ok,33.0,,pending,,pending,"[8, 9]",ue7_qfi1,1,1,1,3467.5000000000005,130.87500000000009,data,ok,2.0,,1.0,16,PF,1367864806,12.0
ue16_qfi9,296.25,300.0,300.25,300.25,ok,0.5925675226004549,ok,ue8_qfi1,0,0,0,180.50000000000034,99.74999999999935,data,ok,2.0,False,,proxy,3,0,ue1_qfi2,0.0,148,150.0,ok,ue7_qfi2,37.149,ok,11,ok,16,ue1_qfi2,0.0,ok,0.7006859779668353,proxy,5,0.6962559255779737,78071584.0,ok,0.011297727272727274,ok,0.9320886363636364,0.1933484375,ok,ue16_qfi1,0.42857142857142855,49,100.0,data,ok,0.0,ue7_qfi2,110.819,ok,,30.2,ue8_qfi2,1,77.25,77.25,30.303,ok,33.0,,pending,,pending,"[8, 9]",ue8_qfi1,0,0,0,180.50000000000034,99.74999999999935,data,ok,2.0,,1.0,16,Reservation,1367864806,12.0
ue8_qfi9,289.75,299.75,300.0,300.25,ok,0.7158532192484486,ok,ue2_qfi9,0,0,2,808.5,0.0,data,ok,2.0,False,,proxy,3,0,ue10_qfi2,0.0,147,150.0,ok,ue1_qfi2,131.345,ok,7,ok,16,ue10_qfi2,0.0,ok,0.5634531138754196,proxy,5,0.5545901119709487,52303300.8,ok,0.010806818181818181,ok,0.9315568181818182,0.0572796875,ok,ue2_qfi1,0.21052631578947367,19,100.0,data,ok,0.0,ue1_qfi2,94.019,ok,,28.6,ue1_qfi2,20,167.0,1761.25,30.303,ok,33.0,,pending,,pending,"[8, 9]",ue2_qfi1,0,0,1,511.25,298.25000000000034,data,ok,2.0,,1.0,16,TwoTier,1367864806,12.0
ue16_qfi9,298.0,300.0,300.25,300.25,ok,0.6249851756208957,ok,ue8_qfi9,1,1,2,2106.75,0.0,data,ok,2.0,False,,proxy,3,0,ue3_qfi2,0.10810810810810811,148,150.0,ok,ue5_qfi2,149.932,ok,9,ok,16,ue1_qfi2,0.6031904,ok,0.6752730345261905,proxy,5,0.6524720861867358,69366436.8,ok,0.011363636363636364,ok,0.9316363636363636,0.04208125,ok,ue7_qfi1,0.3333333333333333,3,100.0,data,ok,0.0,ue7_qfi9,207.75,ok,,14.0,ue6_qfi2,19,586.5,3153.25,30.303,ok,33.0,,pending,,pending,"[8, 9]",ue8_qfi1,1,1,2,2084.5000000000005,97.25000000000006,data,ok,2.0,,1.0,16,PF,1097657231,12.0
ue16_qfi9,296.75,300.0,300.25,300.25,ok,0.5911077924755895,ok,ue4_qfi1,0,0,0,319.75,99.99999999999987,data,ok,2.0,False,,proxy,3,0,ue1_qfi2,0.0,147,150.0,ok,ue4_qfi2,44.782,ok,11,ok,16,ue1_qfi2,0.0,ok,0.7008596661351307,proxy,5,0.6977297055166962,78348811.2,ok,0.011020454545454545,ok,0.9320522727272728,0.193534375,ok,ue11_qfi1,0.46938775510204084,49,100.0,data,ok,0.0,ue11_qfi1,54.5,ok,,30.2,ue13_qfi2,1,75.5,75.5,30.303,ok,33.0,,pending,,pending,"[8, 9]",ue4_qfi1,0,0,0,319.75,99.99999999999987,data,ok,2.0,,1.0,16,Reservation,1097657231,12.0
ue9_qfi9,293.25,299.75,300.0,300.25,ok,0.710331880362926,ok,ue2_qfi1,0,0,1,530.9999999999999,172.25,data,ok,2.0,False,,proxy,3,0,ue11_qfi2,0.0,147,150.0,ok,ue5_qfi2,87.693,ok,8,ok,16,ue11_qfi2,0.0,ok,0.6002632376439093,proxy,5,0.5894504279914621,53188915.2,ok,0.010952272727272727,ok,0.9315511363636364,0.0514515625,ok,ue2_qfi1,0.3103448275862069,29,100.0,data,ok,0.0,ue1_qfi9,224.0,ok,,30.0,ue10_qfi2,18,97.75,1445.75,30.303,ok,33.0,,pending,,pending,"[8, 9]",ue2_qfi1,0,0,1,530.9999999999999,172.25,data,ok,2.0,,1.0,16,TwoTier,1097657231,12.0
ue16_qfi9,298.0,300.0,300.25,300.25,ok,0.6216711349865249,ok,ue8_qfi1,0,1,3,1256.75,101.12499999999991,data,ok,2.0,False,,proxy,3,0,ue1_qfi2,0.04054054054054054,148,150.0,ok,ue4_qfi2,149.933,ok,10,ok,16,ue2_qfi2,0.5728671999999999,ok,0.6903411816128588,proxy,5,0.6751894454273323,70089899.2,ok,0.010031818181818182,ok,0.9310988636363636,0.0426875,ok,ue7_qfi1,0.40625,32,100.0,data,ok,0.0,ue14_qfi1,86.25,ok,,7.6,ue4_qfi2,18,893.0,4125.5,30.303,ok,33.0,,pending,,pending,"[8, 9]",ue8_qfi1,0,1,3,1256.75,101.12499999999991,data,ok,2.0,,1.0,16,PF,579362555,12.0
ue16_qfi9,296.25,300.0,300.0,300.25,ok,0.5985963649347166,ok,ue4_qfi1,0,0,0,314.99999999999994,100.49999999999993,data,ok,2.0,False,,proxy,3,0,ue1_qfi2,0.0,147,150.0,ok,ue5_qfi2,44.064,ok,11,ok,16,ue1_qfi2,0.0,ok,0.695354055761833,proxy,5,0.6920806959538304,76803913.6,ok,0.010518181818181819,ok,0.9317920454545454,0.199515625,ok,ue13_qfi1,0.3877551020408163,49,100.0,data,ok,0.0,ue4_qfi1,74.5,ok,,30.2,ue12_qfi2,1,77.25,77.25,30.303,ok,33.0,,pending,,pending,"[8, 9]",ue4_qfi1,0,0,0,314.99999999999994,100.49999999999993,data,ok,2.0,,1.0,16,Reservation,579362555,12.0
ue6_qfi9,298.75,300.0,300.25,300.25,ok,0.6977873183347303,ok,ue3_qfi1,0,0,1,809.7500000000002,110.50000000000004,data,ok,2.0,False,,proxy,3,0,ue10_qfi2,0.0,147,150.0,ok,ue2_qfi2,147.276,ok,7,ok,16,ue10_qfi2,0.0,ok,0.5406603934019196,proxy,5,0.5235186317646471,55399771.2,ok,0.010338636363636364,ok,0.9312272727272727,0.0517109375,ok,ue1_qfi1,0.0,2,100.0,data,ok,0.0,ue2_qfi9,276.5,ok,,27.4,ue1_qfi2,30,128.75,2596.75,30.303,ok,33.0,,pending,,pending,"[8, 9]",ue3_qfi1,0,0,1,809.7500000000002,110.50000000000004,data,ok,2.0,,1.0,16,TwoTier,579362555,12.0
ue16_qfi9,297.75,300.0,300.25,300.25,ok,0.621850424646056,ok,ue8_qfi1,0,1,1,1144.5000000000002,101.75,data,ok,2.0,False,,proxy,3,0,ue2_qfi2,0.07432432432432433,148,150.0,ok,ue1_qfi2,150.24,ok,8,ok,16,ue2_qfi2,0.6268492,ok,0.6810316890950192,proxy,5,0.6564250354142162,69868577.6,ok,0.011018181818181818,ok,0.9322784090909091,0.041646875,ok,ue7_qfi1,0.0,1,100.0,data,ok,0.0,ue9_qfi2,98.257,ok,,14.4,ue5_qfi2,13,626.75,2907.75,30.303,ok,33.0,,pending,,pending,"[8, 9]",ue8_qfi1,0,1,1,1144.5000000000002,101.75,data,ok,2.0,,1.0,16,PF,661058651,12.0
ue16_qfi9,296.75,300.0,300.0,300.25,ok,0.5895015757372518,ok,ue4_qfi1,0,0,0,421.9999999999997,100.00000000000006,data,ok,2.0,False,,proxy,3,0,ue1_qfi2,0.0,147,150.0,ok,ue4_qfi2,44.957,ok,11,ok,16,ue1_qfi2,0.0,ok,0.7007166905816176,proxy,5,0.6805711169007397,78378379.2,ok,0.010759090909090909,ok,0.9312079545454546,0.197171875,ok,ue12_qfi1,0.4489795918367347,49,100.0,data,ok,0.0,ue4_qfi1,73.75,ok,,30.2,ue16_qfi2,1,79.25,79.25,30.303,ok,33.0,,pending,,pending,"[8, 9]",ue4_qfi1,0,0,0,421.9999999999997,100.00000000000006,data,ok,2.0,,1.0,16,Reservation,661058651,12.0
ue7_qfi9,296.25,300.0,300.25,300.25,ok,0.6968562224389744,ok,ue1_qfi9,1,1,1,3456.0000000000005,0.0,data,ok,2.0,False,,proxy,3,0,ue11_qfi2,0.0,147,150.0,ok,ue2_qfi2,142.582,ok,8,ok,16,ue11_qfi2,0.0,ok,0.5828630252545709,proxy,5,0.5689304191425951,55562686.4,ok,0.010363636363636363,ok,0.9320693181818182,0.0493453125,ok,ue1_qfi1,0.0,7,100.0,data,ok,0.0,ue1_qfi9,249.0,ok,,28.4,ue1_qfi2,24,115.75,2060.75,30.303,ok,33.0,,pending,,pending,"[8, 9]",ue1_qfi1,1,1,1,3446.25,202.25000000000026,data,ok,2.0,,1.0,16,TwoTier,661058651,12.0
ue16_qfi9,297.5,300.0,300.25,300.25,ok,0.6195369604298823,ok,ue7_qfi9,1,1,1,2901.5000000000005,0.0,data,ok,2.0,False,,proxy,3,0,ue3_qfi2,0.08108108108108109,148,150.0,ok,ue3_qfi2,150.246,ok,8,ok,16,ue3_qfi2,0.6383011999999999,ok,0.6831343680765455,proxy,5,0.6683270266314918,70390064.0,ok,0.011136363636363637,ok,0.9320363636363637,0.04155625,ok,ue4_qfi1,0.0,2,100.0,data,ok,0.0,ue7_qfi2,93.90100000000001,ok,,13.0,ue6_qfi2,18,466.75,3170.75,30.303,ok,33.0,,pending,,pending,"[8, 9]",ue7_qfi1,1,1,1,2833.5000000000005,101.75,data,ok,2.0,,1.0,16,PF,87989972,12.0
ue16_qfi9,295.0,299.75,300.0,300.25,ok,0.5940532201438861,ok,ue4_qfi1,0,0,0,320.75000000000034,99.99999999999964,data,ok,2.0,False,,proxy,3,0,ue1_qfi2,0.0,147,150.0,ok,ue4_qfi2,45.185,ok,11,ok,16,ue1_qfi2,0.0,ok,0.6978274426515669,proxy,5,0.6938905279911901,77562950.4,ok,0.010620454545454546,ok,0.9320920454545455,0.1975703125,ok,ue9_qfi1,0.4897959183673469,49,100.0,data,ok,0.0,ue5_qfi1,88.75,ok,,30.2,ue16_qfi2,1,76.5,76.5,30.303,ok,33.0,,pending,,pending,"[8, 9]",ue4_qfi1,0,0,0,320.75000000000034,99.99999999999964,data,ok,2.0,,1.0,16,Reservation,87989972,12.0
ue6_qfi9,289.25,300.0,300.0,300.25,ok,0.7054953505605174,ok,ue3_qfi9,0,1,3,1023.4999999999994,0.0,data,ok,2.0,False,,proxy,3,0,ue10_qfi2,0.0,148,150.0,ok,ue1_qfi2,113.328,ok,8,ok,16,ue10_qfi2,0.0,ok,0.562118283463754,proxy,5,0.5327621932011172,54144686.4,ok,0.010568181818181819,ok,0.9319613636363636,0.0511015625,ok,ue2_qfi1,0.07692307692307693,13,100.0,data,ok,0.0,ue2_qfi9,230.0,ok,,29.6,ue3_qfi2,11,217.25,1086.5,30.303,ok,33.0,,pending,,pending,"[8, 9]",ue3_qfi1,0,0,2,694.4999999999997,234.24999999999991,data,ok,2.0,,1.0,16,TwoTier,87989972,12.0
ue16_qfi9,297.75,300.0,300.25,300.25,ok,0.6279673389358479,ok,ue7_qfi1,1,1,2,3753.5,101.12500000000013,data,ok,2.0,False,,proxy,3,0,ue1_qfi2,0.07432432432432433,148,150.0,ok,ue4_qfi2,149.75,ok,8,ok,16,ue1_qfi2,0.5695336,ok,0.6812916523205088,proxy,5,0.656141091224032,68864721.6,ok,0.010602272727272728,ok,0.9322079545454546,0.0417921875,ok,ue6_qfi1,0.2222222222222222,9,100.0,data,ok,0.0,ue6_qfi2,88.30600000000001,ok,,15.8,ue5_qfi2,16,327.75,2617.25,30.303,ok,33.0,,pending,,pending,"[8, 9]",ue7_qfi1,1,1,2,3753.5,101.12500000000013,data,ok,2.0,,1.0,16,PF,161576974,12.0
ue16_qfi9,294.25,299.75,300.0,300.25,ok,0.5923242797549955,ok,ue5_qfi9,0,0,0,290.99999999999994,0.24999999999941735,data,ok,2.0,False,,proxy,3,0,ue1_qfi2,0.0,147,150.0,ok,ue5_qfi2,86.642,ok,10,ok,16,ue1_qfi2,0.0,ok,0.6855055242910787,proxy,5,0.6716144036195457,78046880.0,ok,0.010736363636363636,ok,0.9324272727272728,0.172465625,ok,ue11_qfi1,0.42857142857142855,49,100.0,data,ok,0.0,ue5_qfi2,106.003,ok,,30.2,ue15_qfi2,1,66.5,66.5,30.303,ok,33.0,,pending,,pending,"[8, 9]",ue5_qfi1,0,0,0,281.7499999999997,98.37499999999989,data,ok,2.0,,1.0,16,Reservation,161576974,12.0
ue6_qfi9,294.75,300.0,300.0,300.25,ok,0.6985506843607693,ok,ue1_qfi9,0,1,2,1681.0,0.0,data,ok,2.0,False,,proxy,3,0,ue10_qfi2,0.0,147,150.0,ok,ue1_qfi2,127.475,ok,7,ok,16,ue10_qfi2,0.0,ok,0.5612431604461808,proxy,5,0.5418178214534617,55434275.2,ok,0.010095454545454545,ok,0.9324397727272727,0.050621875,ok,ue2_qfi1,0.15384615384615385,13,100.0,data,ok,0.0,ue2_qfi9,263.25,ok,,29.6,ue1_qfi2,16,161.75,1375.0,30.303,ok,33.0,,pending,,pending,"[8, 9]",ue2_qfi1,0,1,2,1215.0000000000002,219.49999999999991,data,ok,2.0,,1.0,16,TwoTier,161576974,12.0
ue16_qfi9,298.0,300.0,300.25,300.25,ok,0.6305280469024318,ok,ue8_qfi1,1,1,1,4078.5,2059.25,data,ok,2.0,False,,proxy,3,0,ue1_qfi2,0.12162162162162163,148,150.0,ok,ue3_qfi2,150.2,ok,9,ok,16,ue1_qfi2,0.5962892,ok,0.6660337385428814,proxy,5,0.6328692085508738,68301336.0,ok,0.010929545454545454,ok,0.9340125,0.0424734375,ok,ue7_qfi1,0.4,10,100.0,data,ok,0.0,ue9_qfi2,75.85900000000001,ok,,13.6,ue5_qfi2,20,394.75,3211.0,30.303,ok,33.0,,pending,,pending,"[8, 9]",ue8_qfi1,1,1,1,4078.5,2059.25,data,ok,2.0,,1.0,16,PF,35492826,12.0
ue16_qfi9,295.75,300.0,300.0,300.25,ok,0.597201094786324,ok,ue4_qfi1,0,0,0,263.74999999999994,99.49999999999991,data,ok,2.0,False,,proxy,3,0,ue1_qfi2,0.0,148,150.0,ok,ue7_qfi2,117.512,ok,10,ok,16,ue1_qfi2,0.0,ok,0.6765402583322546,proxy,5,0.6653118675314765,76814796.8,ok,0.011018181818181818,ok,0.9327090909090909,0.1781328125,ok,ue12_qfi1,0.42857142857142855,49,100.0,data,ok,0.0,ue7_qfi2,126.98,ok,,30.2,ue16_qfi2,1,85.0,85.0,30.303,ok,33.0,,pending,,pending,"[8, 9]",ue4_qfi1,0,0,0,263.74999999999994,99.49999999999991,data,ok,2.0,,1.0,16,Reservation,35492826,12.0
ue8_qfi9,294.0,299.75,300.0,300.25,ok,0.7071241536643371,ok,ue4_qfi9,0,0,0,492.4999999999997,0.0,data,ok,2.0,False,,proxy,3,0,ue10_qfi2,0.0,147,150.0,ok,ue1_qfi2,124.089,ok,7,ok,16,ue10_qfi2,0.0,ok,0.5653823937442418,proxy,5,0.5383987762068241,53854286.4,ok,0.01061590909090909,ok,0.9342,0.05178125,ok,ue1_qfi1,0.2777777777777778,18,100.0,data,ok,0.0,ue1_qfi9,229.0,ok,,29.0,ue1_qfi2,13,111.5,1087.5,30.303,ok,33.0,,pending,,pending,"[8, 9]",ue2_qfi1,0,0,0,485.50000000000006,101.24999999999996,data,ok,2.0,,1.0,16,TwoTier,35492826,12.0
ue16_qfi9,297.75,300.0,300.25,300.25,ok,0.6192824629406731,ok,ue9_qfi1,0,2,2,1782.25,100.50000000000003,data,ok,2.0,False,,proxy,3,0,ue2_qfi2,0.07432432432432433,148,150.0,ok,ue4_qfi2,150.041,ok,10,ok,16,ue1_qfi2,0.630814,ok,0.688738040937074,proxy,5,0.6628091421827002,70506801.6,ok,0.011143181818181818,ok,0.9340568181818182,0.0412828125,ok,ue6_qfi1,0.3333333333333333,3,100.0,data,ok,0.0,ue12_qfi1,80.5,ok,,8.0,ue5_qfi2,16,1146.25,4062.25,30.303,ok,33.0,,pending,,pending,"[8, 9]",ue9_qfi1,0,2,2,1782.25,100.50000000000003,data,ok,2.0,,1.0,16,PF,376383645,12.0
ue16_qfi9,296.75,300.0,300.25,300.25,ok,0.6007120495900825,ok,ue4_qfi1,0,0,0,396.74999999999994,100.75000000000057,data,ok,2.0,False,,proxy,3,0,ue1_qfi2,0.0,147,150.0,ok,ue3_qfi2,54.212,ok,11,ok,16,ue1_qfi2,0.0,ok,0.6938399016665846,proxy,5,0.6836693939020178,76297096.0,ok,0.010554545454545455,ok,0.9320261363636364,0.20379375,ok,ue13_qfi1,0.42857142857142855,49,100.0,data,ok,0.0,ue4_qfi1,84.25,ok,,30.2,ue9_qfi2,2,69.0,135.25,30.303,ok,33.0,,pending,,pending,"[8, 9]",ue4_qfi1,0,0,0,396.74999999999994,100.75000000000057,data,ok,2.0,,1.0,16,Reservation,376383645,12.0
ue6_qfi9,296.25,300.0,300.25,300.25,ok,0.7061636621415103,ok,ue4_qfi1,0,0,0,480.0,134.25000000000014,data,ok,2.0,False,,proxy,3,0,ue10_qfi2,0.0,148,150.0,ok,ue2_qfi2,86.224,ok,9,ok,16,ue10_qfi2,0.0,ok,0.5690624313968825,proxy,5,0.5625436291930971,54029931.2,ok,0.009970454545454546,ok,0.9335522727272727,0.0496515625,ok,ue1_qfi1,0.11764705882352941,17,100.0,data,ok,0.0,ue1_qfi9,208.5,ok,,30.4,ue4_qfi2,11,118.75,945.0,30.303,ok,33.0,,pending,,pending,"[8, 9]",ue4_qfi1,0,0,0,480.0,134.25000000000014,data,ok,2.0,,1.0,16,TwoTier,376383645,12.0
ue16_qfi9,297.75,300.0,300.25,300.25,ok,0.6259505061470719,ok,ue7_qfi1,1,1,1,2447.75,104.1249999999998,data,ok,2.0,False,,proxy,3,0,ue1_qfi2,0.05405405405405406,148,150.0,ok,ue1_qfi2,150.16,ok,9,ok,16,ue2_qfi2,0.5782376,ok,0.6798502773872453,proxy,5,0.6647551440890508,69184467.2,ok,0.011068181818181819,ok,0.933034090909091,0.042540625,ok,ue7_qfi1,0.36363636363636365,22,100.0,data,ok,0.0,ue7_qfi2,114.784,ok,,13.0,ue5_qfi2,20,364.5,3356.5,30.303,ok,33.0,,pending,,pending,"[8, 9]",ue7_qfi1,1,1,1,2447.75,104.1249999999998,data,ok,2.0,,1.0,16,PF,1746484539,12.0
ue16_qfi9,291.75,299.75,300.0,300.25,ok,0.5831851417491081,ok,ue4_qfi1,0,0,0,235.0,99.75,data,ok,2.0,False,,proxy,3,0,ue1_qfi2,0.0,147,150.0,ok,ue7_qfi2,117.253,ok,10,ok,16,ue1_qfi2,0.0,ok,0.6865239971671353,proxy,5,0.6745005241314713,79322348.8,ok,0.010856818181818181,ok,0.9329477272727272,0.1746734375,ok,ue7_qfi1,0.38461538461538464,13,100.0,data,ok,0.0,ue7_qfi2,119.06,ok,,30.2,ue16_qfi2,1,66.5,66.5,30.303,ok,33.0,,pending,,pending,"[8, 9]",ue4_qfi1,0,0,0,235.0,99.75,data,ok,2.0,,1.0,16,Reservation,1746484539,12.0
ue6_qfi9,298.0,300.0,300.25,300.25,ok,0.7099276703134892,ok,ue1_qfi9,0,1,3,1419.0000000000005,0.0,data,ok,2.0,False,,proxy,3,0,ue10_qfi2,0.0,148,150.0,ok,ue1_qfi2,121.96,ok,9,ok,16,ue10_qfi2,0.0,ok,0.5604258381979118,proxy,5,0.5507958331917232,53280612.8,ok,0.011268181818181818,ok,0.9332113636363636,0.0534640625,ok,ue1_qfi1,0.15384615384615385,13,100.0,data,ok,0.0,ue1_qfi9,276.75,ok,,30.0,ue1_qfi2,18,140.25,1477.0,30.303,ok,33.0,,pending,,pending,"[8, 9]",ue1_qfi1,0,0,2,808.9999999999999,377.0,data,ok,2.0,,1.0,16,TwoTier,1746484539,12.0
ue10_qfi2,133.25,149.34,150.075,150.218,ok,0.8096078228192127,ok,ue27_qfi82,0,0,0,55.49999999999999,49.999999999999986,data,ok,2.0,False,,proxy,3,0,ue4_qfi2,0.013513513513513514,148,150.0,ok,ue27_qfi2,150.25,ok,0,ok,32,ue2_qfi2,0.40769720000000004,ok,0.46398707881251067,proxy,5,0.45720134595384104,69576760.0,ok,0.027052272727272727,ok,0.9299863636363637,0.0411203125,ok,ue1_qfi2,1.0,611,150.0,data,ok,0.0,ue18_qfi2,17.813999999999993,ok,,4.4,ue30_qfi2,12,1410.5,4525.25,30.303,ok,33.0,,pending,,pending,"[8, 9]",ue27_qfi82,0,0,0,55.49999999999999,49.999999999999986,data,ok,2.0,,1.0,32,PF,1826701614,6.0
ue32_qfi9,299.75,300.25,300.25,300.25,ok,0.8098491286740636,ok,ue17_qfi1,0,0,0,306.5000000000002,97.99999999999997,data,ok,2.0,False,,proxy,3,0,ue1_qfi2,0.0,147,150.0,ok,ue19_qfi2,117.635,ok,15,ok,32,ue1_qfi2,0.0,ok,0.5172463570645945,proxy,5,0.5133029210868256,71327713.6,ok,0.025186363636363635,ok,0.9303,0.294971875,ok,ue11_qfi1,0.38636363636363635,44,100.0,data,ok,0.0,ue19_qfi2,116.698,ok,,30.2,ue28_qfi2,6,83.25,446.0,30.303,ok,33.0,,pending,,pending,"[8, 9]",ue17_qfi1,0,0,0,306.5000000000002,97.99999999999997,data,ok,2.0,,1.0,32,Reservation,1826701614,6.0
ue10_qfi9,292.5,299.75,300.0,300.25,ok,0.8424956323280697,ok,ue2_qfi1,0,0,0,311.75,104.99999999999999,data,ok,2.0,False,,proxy,3,0,ue11_qfi2,0.0,147,150.0,ok,ue7_qfi2,74.33,ok,7,ok,32,ue11_qfi2,0.0,ok,0.4333075830016666,proxy,5,0.4295228441244712,57895400.0,ok,0.02676818181818182,ok,0.9299909090909091,0.0511078125,ok,ue2_qfi1,0.4166666666666667,36,100.0,data,ok,0.0,ue9_qfi2,107.767,ok,,29.6,ue5_qfi2,6,99.0,504.5,30.303,ok,33.0,,pending,,pending,"[8, 9]",ue2_qfi1,0,0,0,311.75,104.99999999999999,data,ok,2.0,,1.0,32,TwoTier,1826701614,6.0
ue14_qfi2,134.045,148.881,150.0,150.152,ok,0.8115355812091465,ok,ue10_qfi82,0,0,0,101.25000000000028,49.99999999999982,data,ok,2.0,False,,proxy,3,0,ue2_qfi2,0.013513513513513514,148,150.0,ok,ue26_qfi2,150.148,ok,0,ok,32,ue2_qfi2,0.41067159999999997,ok,0.46387313870492786,proxy,5,0.4552111407239908,69003486.4,ok,0.027502272727272726,ok,0.9299738636363636,0.04244375,ok,ue6_qfi82,0.9897959183673469,98,100.0,data,ok,0.0,ue31_qfi2,17.573999999999984,ok,,4.6,ue31_qfi2,9,1482.5,4394.75,30.303,ok,33.0,,pending,,pending,"[8, 9]",ue10_qfi82,0,0,0,101.25000000000028,49.99999999999982,data,ok,2.0,,1.0,32,PF,1367864806,6.0
ue32_qfi9,299.75,300.25,300.25,300.25,ok,0.8111283470983941,ok,ue16_qfi9,0,0,1,854.9999999999995,0.2500000000000002,data,ok,2.0,False,,proxy,3,0,ue1_qfi2,0.0,147,150.0,ok,ue25_qfi2,108.467,ok,15,ok,32,ue1_qfi2,0.0,ok,0.5136756330680504,proxy,5,0.5028823202780529,70417665.6,ok,0.02555,ok,0.9292090909090909,0.3163484375,ok,ue18_qfi1,0.35,40,100.0,data,ok,0.0,ue25_qfi2,104.75699999999999,ok,,30.2,ue27_qfi2,11,126.0,937.0,30.303,ok,33.0,,pending,,pending,"[8, 9]",ue16_qfi1,0,0,1,522.5,107.00000000000004,data,ok,2.0,,1.0,32,Reservation,1367864806,6.0
ue11_qfi9,295.0,300.0,300.25,300.25,ok,0.8526030865734766,ok,ue5_qfi9,0,0,0,396.2500000000002,0.0,data,ok,2.0,False,,proxy,3,0,ue12_qfi2,0.0,147,150.0,ok,ue11_qfi2,108.219,ok,4,ok,32,ue12_qfi2,0.0,ok,0.40256428910969716,proxy,5,0.34371481509675406,53932862.4,ok,0.02711590909090909,ok,0.9299465909090909,0.0521578125,ok,ue5_qfi1,0.3684210526315789,19,100.0,data,ok,0.0,ue1_qfi9,285.75,ok,,17.2,ue9_qfi2,6,88.75,487.75,30.303,ok,33.0,,pending,,pending,"[8, 9]",ue7_qfi1,0,0,0,378.0000000000001,110.6250000000002,data,ok,2.0,,1.0,32,TwoTier,1367864806,6.0
ue27_qfi2,134.674,148.911,149.901,150.092,ok,0.8140871289096677,ok,ue2_qfi82,0,0,0,54.49999999999999,50.00000000000004,data,ok,2.0,False,,proxy,3,0,ue1_qfi2,0.013513513513513514,148,150.0,ok,ue29_qfi2,150.224,ok,0,ok,32,ue1_qfi2,0.372566,ok,0.46105062386731505,proxy,5,0.45089530143611145,67953844.8,ok,0.028288636363636363,ok,0.9304965909090909,0.0437734375,ok,ue1_qfi2,1.0,534,150.0,data,ok,0.0,ue19_qfi2,17.226,ok,,4.0,ue32_qfi2,10,1257.25,4200.5,30.303,ok,33.0,,pending,,pending,"[8, 9]",ue2_qfi82,0,0,0,54.49999999999999,50.00000000000004,data,ok,2.0,,1.0,32,PF,1097657231,6.0
ue32_qfi9,299.75,300.25,300.25,300.25,ok,0.8116483658460157,ok,ue13_qfi1,0,0,0,397.74999999999983,102.50000000000003,data,ok,2.0,False,,proxy,3,0,ue1_qfi2,0.0,147,150.0,ok,ue22_qfi2,136.442,ok,16,ok,32,ue1_qfi2,0.0,ok,0.5147618067854494,proxy,5,0.5038291761112925,70658976.0,ok,0.02583409090909091,ok,0.9291818181818182,0.31516875,ok,ue12_qfi1,0.3170731707317073,41,100.0,data,ok,0.0,ue22_qfi2,92.798,ok,,30.0,ue14_qfi2,8,90.0,580.25,30.303,ok,33.0,,pending,,pending,"[8, 9]",ue13_qfi1,0,0,0,397.74999999999983,102.50000000000003,data,ok,2.0,,1.0,32,Reservation,1097657231,6.0
ue10_qfi9,292.0,300.0,300.0,300.25,ok,0.850227532839239,ok,ue10_qfi9,0,0,0,479.24999999999994,0.0,data,ok,2.0,False,,proxy,3,0,ue11_qfi2,0.0,147,150.0,ok,ue8_qfi2,78.312,ok,10,ok,32,ue11_qfi2,0.0,ok,0.428676477861677,proxy,5,0.4253777128880509,55067801.6,ok,0.028393181818181817,ok,0.9299090909090909,0.0534890625,ok,ue1_qfi1,0.34375,32,100.0,data,ok,0.0,ue10_qfi2,108.911,ok,,30.2,ue4_qfi2,10,103.5,841.25,30.303,ok,33.0,,pending,,pending,"[8, 9]",ue4_qfi1,0,0,0,396.2500000000002,101.25000000000006,data,ok,2.0,,1.0,32,TwoTier,1097657231,6.0
ue20_qfi2,133.281,148.585,149.696,150.134,ok,0.8134479407032033,ok,ue24_qfi82,0,0,0,56.00000000000005,49.999999999999986,data,ok,2.0,False,,proxy,3,0,ue3_qfi2,0.013513513513513514,148,150.0,ok,ue29_qfi2,150.212,ok,0,ok,32,ue6_qfi2,0.3672,ok,0.46193559955030067,proxy,5,0.45408744191867745,68246880.0,ok,0.027863636363636365,ok,0.9303988636363636,0.0428984375,ok,ue1_qfi2,1.0,620,150.0,data,ok,0.0,ue32_qfi2,17.628000000000014,ok,,2.4,ue29_qfi2,9,1846.25,4886.0,30.303,ok,33.0,,pending,,pending,"[8, 9]",ue24_qfi82,0,0,0,56.00000000000005,49.999999999999986,data,ok,2.0,,1.0,32,PF,579362555,6.0
ue32_qfi9,299.75,300.25,300.25,300.25,ok,0.8113421261843957,ok,ue12_qfi1,0,0,0,392.9999999999998,102.50000000000003,data,ok,2.0,False,,proxy,3,0,ue1_qfi2,0.0,147,150.0,ok,ue21_qfi2,66.014,ok,15,ok,32,ue1_qfi2,0.0,ok,0.5125828561902417,proxy,5,0.5081462867520605,71076713.6,ok,0.025838636363636362,ok,0.9299477272727272,0.2965609375,ok,ue29_qfi1,0.42857142857142855,49,100.0,data,ok,0.0,ue21_qfi2,95.91499999999999,ok,,30.4,ue14_qfi2,5,72.75,342.0,30.303,ok,33.0,,pending,,pending,"[8, 9]",ue12_qfi1,0,0,0,392.9999999999998,102.50000000000003,data,ok,2.0,,1.0,32,Reservation,579362555,6.0
ue10_qfi9,295.75,300.0,300.0,300.25,ok,0.8507911886715166,ok,ue6_qfi9,0,0,0,397.74999999999983,0.0,data,ok,2.0,False,,proxy,3,0,ue11_qfi2,0.0,147,150.0,ok,ue6_qfi2,95.543,ok,6,ok,32,ue11_qfi2,0.0,ok,0.430578513110951,proxy,5,0.4257356211847288,54949019.2,ok,0.027411363636363636,ok,0.9302840909090909,0.053875,ok,ue3_qfi1,0.325,40,100.0,data,ok,0.0,ue8_qfi2,108.953,ok,,29.6,ue10_qfi2,10,107.75,810.5,30.303,ok,33.0,,pending,,pending,"[8, 9]",ue1_qfi1,0,0,0,348.25,100.99999999999997,data,ok,2.0,,1.0,32,TwoTier,579362555,6.0
ue17_qfi2,133.5,148.623,149.758,150.089,ok,0.8134137216149256,ok,ue9_qfi82,0,0,0,55.75000000000063,49.999999999999986,data,ok,2.0,False,,proxy,3,0,ue3_qfi2,0.013513513513513514,148,150.0,ok,ue17_qfi2,150.213,ok,0,ok,32,ue3_qfi2,0.363536,ok,0.46195682369240043,proxy,5,0.45397334741253476,68181516.8,ok,0.027906818181818182,ok,0.930975,0.0428859375,ok,ue1_qfi2,1.0,577,150.0,data,ok,0.0,ue19_qfi2,17.399,ok,,3.8,ue31_qfi2,9,822.5,4549.25,30.303,ok,33.0,,pending,,pending,"[8, 9]",ue9_qfi82,0,0,0,55.75000000000063,49.999999999999986,data,ok,2.0,,1.0,32,PF,661058651,6.0
ue32_qfi9,299.75,300.25,300.25,300.25,ok,0.8084952911378938,ok,ue25_qfi9,0,0,0,494.7499999999998,0.24999999999997247,data,ok,2.0,False,,proxy,3,0,ue1_qfi2,0.0,147,150.0,ok,ue26_qfi2,81.25,ok,14,ok,32,ue1_qfi2,0.0,ok,0.516527423366655,proxy,5,0.5099141406306978,71621803.2,ok,0.025881818181818183,ok,0.9307920454545454,0.29200625,ok,ue12_qfi1,0.40540540540540543,37,100.0,data,ok,0.0,ue26_qfi2,103.354,ok,,30.0,ue17_qfi2,8,175.0,726.5,30.303,ok,33.0,,pending,,pending,"[8, 9]",ue12_qfi1,0,0,0,423.7499999999996,103.99999999999999,data,ok,2.0,,1.0,32,Reservation,661058651,6.0
ue10_qfi9,294.75,299.75,300.0,300.25,ok,0.8485489101661032,ok,ue3_qfi1,0,0,0,388.25,127.5000000000004,data,ok,2.0,False,,proxy,3,0,ue11_qfi2,0.0,147,150.0,ok,ue8_qfi2,78.277,ok,9,ok,32,ue11_qfi2,0.0,ok,0.4311346043758502,proxy,5,0.4248831806686532,55808195.2,ok,0.026940909090909092,ok,0.9310147727272727,0.053290625,ok,ue1_qfi1,0.32432432432432434,37,100.0,data,ok,0.0,ue10_qfi2,110.558,ok,,30.0,ue10_qfi2,8,94.5,656.5,30.303,ok,33.0,,pending,,pending,"[8, 9]",ue3_qfi1,0,0,0,388.25,127.5000000000004,data,ok,2.0,,1.0,32,TwoTier,661058651,6.0
ue3_qfi2,134.68,148.573,149.958,150.166,ok,0.813480345007442,ok,ue7_qfi82,0,0,0,99.74999999999979,50.00000000000003,data,ok,2.0,False,,proxy,3,0,ue3_qfi2,0.013513513513513514,148,150.0,ok,ue32_qfi2,150.124,ok,0,ok,32,ue2_qfi2,0.361278,ok,0.4618958045687946,proxy,5,0.4536980191461729,68266827.2,ok,0.028181818181818183,ok,0.9315181818181818,0.0431796875,ok,ue1_qfi2,1.0,626,150.0,data,ok,0.0,ue31_qfi2,18.331999999999994,ok,,6.2,ue31_qfi2,11,855.25,4203.25,30.303,ok,33.0,,pending,,pending,"[8, 9]",ue7_qfi82,0,0,0,99.74999999999979,50.00000000000003,data,ok,2.0,,1.0,32,PF,87989972,6.0
ue32_qfi9,299.0,300.25,300.25,300.25,ok,0.8095380987783909,ok,ue17_qfi9,0,1,1,1886.5000000000002,0.2500000000000002,data,ok,2.0,False,,proxy,3,0,ue1_qfi2,0.0,147,150.0,ok,ue17_qfi2,139.166,ok,8,ok,32,ue1_qfi2,0.0,ok,0.5031954249454379,proxy,5,0.48635714185866413,70313376.0,ok,0.02544318181818182,ok,0.9296761363636363,0.324471875,ok,ue17_qfi1,0.2916666666666667,24,100.0,data,ok,0.0,ue15_qfi2,106.432,ok,,28.8,ue32_qfi2,15,305.5,1831.0,30.303,ok,33.0,,pending,,pending,"[8, 9]",ue15_qfi1,0,0,1,675.5,108.99999999999999,data,ok,2.0,,1.0,32,Reservation,87989972,6.0
ue9_qfi9,299.5,300.25,300.25,300.25,ok,0.8641238185865299,ok,ue4_qfi1,0,0,0,239.2499999999993,99.75,data,ok,2.0,False,,proxy,3,0,ue10_qfi2,0.0,147,150.0,ok,ue9_qfi2,128.165,ok,4,ok,32,ue10_qfi2,0.0,ok,0.35841011983639764,proxy,5,0.34368260564462955,49570596.8,ok,0.028652272727272728,ok,0.9319511363636364,0.0541125,ok,ue1_qfi1,0.46938775510204084,49,100.0,data,ok,0.0,ue3_qfi9,274.0,ok,,30.4,ue4_qfi2,5,92.75,379.75,30.303,ok,33.0,,pending,,pending,"[8, 9]",ue4_qfi1,0,0,0,239.2499999999993,99.75,data,ok,2.0,,1.0,32,TwoTier,87989972,6.0
ue27_qfi2,133.73,148.639,149.543,150.14,ok,0.8105401100612312,ok,ue17_qfi82,0,0,0,54.25000000000013,49.999999999999986,data,ok,2.0,False,,proxy,3,0,ue2_qfi2,0.013513513513513514,148,150.0,ok,ue31_qfi2,150.221,ok,0,ok,32,ue2_qfi2,0.3633768,ok,0.46305687065831524,proxy,5,0.4565043449104434,69161094.4,ok,0.027354545454545454,ok,0.9309272727272727,0.0428609375,ok,ue1_qfi2,1.0,563,150.0,data,ok,0.0,ue28_qfi2,17.412999999999982,ok,,4.4,ue28_qfi2,11,1611.5,4523.5,30.303,ok,33.0,,pending,,pending,"[8, 9]",ue17_qfi82,0,0,0,54.25000000000013,49.999999999999986,data,ok,2.0,,1.0,32,PF,161576974,6.0
ue32_qfi9,299.75,300.25,300.25,300.25,ok,0.8104483150954995,ok,ue14_qfi1,0,0,0,360.25000000000017,100.2500000000004,data,ok,2.0,False,,proxy,3,0,ue1_qfi2,0.0,147,150.0,ok,ue20_qfi2,137.845,ok,15,ok,32,ue1_qfi2,0.0,ok,0.5095752486159888,proxy,5,0.5053124454068004,72074540.8,ok,0.02591590909090909,ok,0.9307636363636363,0.289075,ok,ue12_qfi1,0.4186046511627907,43,100.0,data,ok,0.0,ue20_qfi2,118.56099999999999,ok,,30.4,ue13_qfi2,4,72.25,277.5,30.303,ok,33.0,,pending,,pending,"[8, 9]",ue14_qfi1,0,0,0,360.25000000000017,100.2500000000004,data,ok,2.0,,1.0,32,Reservation,161576974,6.0
ue10_qfi9,293.5,299.75,300.0,300.25,ok,0.8494267053348481,ok,ue2_qfi1,0,0,0,407.75,110.25000000000018,data,ok,2.0,False,,proxy,3,0,ue11_qfi2,0.0,147,150.0,ok,ue10_qfi2,92.112,ok,9,ok,32,ue11_qfi2,0.0,ok,0.43149822094600854,proxy,5,0.4253183356507861,55422795.2,ok,0.02774772727272727,ok,0.9320022727272728,0.0534296875,ok,ue1_qfi1,0.36585365853658536,41,100.0,data,ok,0.0,ue9_qfi2,115.15799999999999,ok,,30.4,ue6_qfi2,8,102.25,745.0,30.303,ok,33.0,,pending,,pending,"[8, 9]",ue2_qfi1,0,0,0,407.75,110.25000000000018,data,ok,2.0,,1.0,32,TwoTier,161576974,6.0
ue12_qfi2,134.393,149.139,150.015,150.201,ok,0.8123694128928567,ok,ue20_qfi82,0,0,0,55.49999999999999,49.99999999999982,data,ok,2.0,False,,proxy,3,0,ue1_qfi2,0.013513513513513514,148,150.0,ok,ue29_qfi2,150.162,ok,0,ok,32,ue1_qfi2,0.3898864,ok,0.46304322073467474,proxy,5,0.4560087798375659,68637041.6,ok,0.027420454545454546,ok,0.9329613636363636,0.0437984375,ok,ue1_qfi2,1.0,569,150.0,data,ok,0.0,ue14_qfi2,18.042,ok,,4.6,ue29_qfi2,12,1705.0,4507.75,30.303,ok,33.0,,pending,,pending,"[8, 9]",ue20_qfi82,0,0,0,55.49999999999999,49.99999999999982,data,ok,2.0,,1.0,32,PF,35492826,6.0
ue32_qfi9,299.75,300.25,300.25,300.25,ok,0.8096593192670455,ok,ue15_qfi1,0,0,0,371.75,105.49999999999993,data,ok,2.0,False,,proxy,3,0,ue1_qfi2,0.0,148,150.0,ok,ue25_qfi2,86.796,ok,15,ok,32,ue1_qfi2,0.0,ok,0.5171348539361382,proxy,5,0.5087862891017124,71169974.4,ok,0.02568181818181818,ok,0.9295920454545454,0.3097578125,ok,ue19_qfi1,0.35,40,100.0,data,ok,0.0,ue21_qfi2,100.12899999999999,ok,,30.4,ue13_qfi2,10,87.75,730.5,30.303,ok,33.0,,pending,,pending,"[8, 9]",ue15_qfi1,0,0,0,371.75,105.49999999999993,data,ok,2.0,,1.0,32,Reservation,35492826,6.0
ue10_qfi9,297.25,300.0,300.25,300.25,ok,0.8602845026514518,ok,ue3_qfi1,0,0,0,197.49999999999977,99.75,data,ok,2.0,False,,proxy,3,0,ue11_qfi2,0.0,147,150.0,ok,ue10_qfi2,107.215,ok,4,ok,32,ue11_qfi2,0.0,ok,0.37621323883796404,proxy,5,0.3436938459474214,51079750.4,ok,0.028277272727272727,ok,0.9331295454545454,0.0556140625,ok,ue6_qfi1,0.45454545454545453,11,100.0,data,ok,0.0,ue3_qfi9,278.0,ok,,30.2,ue3_qfi2,4,88.0,309.5,30.303,ok,33.0,,pending,,pending,"[8, 9]",ue3_qfi1,0,0,0,197.49999999999977,99.75,data,ok,2.0,,1.0,32,TwoTier,35492826,6.0
ue12_qfi2,133.302,148.75,149.94,150.166,ok,0.8138389113948897,ok,ue13_qfi82,0,0,0,54.49999999999999,50.0,data,ok,2.0,False,,proxy,3,0,ue1_qfi2,0.013513513513513514,148,150.0,ok,ue22_qfi2,150.232,ok,0,ok,32,ue6_qfi2,0.384678,ok,0.4619355206411607,proxy,5,0.4557859468389114,67998041.6,ok,0.027231818181818183,ok,0.9338693181818182,0.0443125,ok,ue1_qfi2,1.0,647,150.0,data,ok,0.0,ue21_qfi2,17.49199999999999,ok,,5.0,ue32_qfi2,13,1540.0,4445.75,30.303,ok,33.0,,pending,,pending,"[8, 9]",ue13_qfi82,0,0,0,54.49999999999999,50.0,data,ok,2.0,,1.0,32,PF,376383645,6.0
ue32_qfi9,299.5,300.25,300.25,300.25,ok,0.8090599182128014,ok,ue14_qfi9,0,0,0,460.2499999999994,0.24999999999997247,data,ok,2.0,False,,proxy,3,0,ue1_qfi2,0.0,148,150.0,ok,ue3_qfi2,92.641,ok,15,ok,32,ue1_qfi2,0.0,ok,0.5192163198154066,proxy,5,0.5072802740384279,71384515.2,ok,0.025468181818181817,ok,0.9294363636363636,0.31160625,ok,ue12_qfi1,0.3409090909090909,44,100.0,data,ok,0.0,ue3_qfi2,107.26899999999999,ok,,30.4,ue27_qfi2,9,79.25,622.75,30.303,ok,33.0,,pending,,pending,"[8, 9]",ue3_qfi1,0,0,0,326.4999999999998,146.87500000000009,data,ok,2.0,,1.0,32,Reservation,376383645,6.0
ue10_qfi9,296.5,300.0,300.0,300.25,ok,0.8479364729355274,ok,ue6_qfi1,0,0,0,392.00000000000006,109.62500000000009,data,ok,2.0,False,,proxy,3,0,ue11_qfi2,0.0,148,150.0,ok,ue8_qfi2,82.437,ok,10,ok,32,ue11_qfi2,0.0,ok,0.4306791685146921,proxy,5,0.4256163985809136,56015843.2,ok,0.027793181818181818,ok,0.9337704545454546,0.0537796875,ok,ue2_qfi1,0.32432432432432434,37,100.0,data,ok,0.0,ue9_qfi2,115.10200000000002,ok,,30.0,ue10_qfi2,10,99.25,866.75,30.303,ok,33.0,,pending,,pending,"[8, 9]",ue6_qfi1,0,0,0,392.00000000000006,109.62500000000009,data,ok,2.0,,1.0,32,TwoTier,376383645,6.0
ue24_qfi2,133.242,148.677,149.581,150.117,ok,0.8092431148979004,ok,ue30_qfi82,0,0,0,101.24999999999984,49.999999999999986,data,ok,2.0,False,,proxy,3,0,ue9_qfi2,0.013513513513513514,148,150.0,ok,ue24_qfi2,150.215,ok,0,ok,32,ue3_qfi2,0.4007952,ok,0.4627474556674339,proxy,5,0.4571001181552173,69732950.39999999,ok,0.027568181818181818,ok,0.9324818181818182,0.0424125,ok,ue30_qfi82,0.9897959183673469,98,100.0,data,ok,0.0,ue28_qfi2,17.37100000000001,ok,,5.4,ue31_qfi2,14,791.0,4464.25,30.303,ok,33.0,,pending,,pending,"[8, 9]",ue30_qfi82,0,0,0,101.24999999999984,49.999999999999986,data,ok,2.0,,1.0,32,PF,1746484539,6.0
ue32_qfi9,299.75,300.25,300.25,300.25,ok,0.8061654841109662,ok,ue14_qfi9,0,0,0,298.00000000000006,0.2500000000000835,data,ok,2.0,False,,proxy,3,0,ue1_qfi2,0.0,147,150.0,ok,ue22_qfi2,57.063,ok,15,ok,32,ue1_qfi2,0.0,ok,0.5172835703020042,proxy,5,0.5084527189585041,73723897.6,ok,0.025631818181818183,ok,0.931171590909091,0.28045,ok,ue14_qfi1,0.32558139534883723,43,100.0,data,ok,0.0,ue22_qfi2,103.324,ok,,30.4,ue13_qfi2,4,70.0,271.0,30.303,ok,33.0,,pending,,pending,"[8, 9]",ue14_qfi1,0,0,0,235.99999999999977,106.50000000000004,data,ok,2.0,,1.0,32,Reservation,1746484539,6.0
ue10_qfi9,297.0,300.0,300.25,300.25,ok,0.8480460745187873,ok,ue3_qfi1,0,0,0,300.74999999999983,105.24999999999984,data,ok,2.0,False,,proxy,3,0,ue11_qfi2,0.0,147,150.0,ok,ue9_qfi2,85.455,ok,9,ok,32,ue11_qfi2,0.0,ok,0.4313315160590278,proxy,5,0.42970844866340296,55945761.6,ok,0.027461363636363638,ok,0.9334897727272727,0.053359375,ok,ue9_qfi1,0.2894736842105263,38,100.0,data,ok,0.0,ue7_qfi2,114.598,ok,,30.4,ue5_qfi2,9,104.0,742.0,30.303,ok,33.0,,pending,,pending,"[8, 9]",ue3_qfi1,0,0,0,300.74999999999983,105.24999999999984,data,ok,2.0,,1.0,32,TwoTier,1746484539,6.0
ue21_qfi2,135.596,149.194,149.876,150.13,ok,0.8052500176122405,ok,ue26_qfi82,0,0,0,100.00000000000009,50.00000000000003,data,ok,2.0,False,,proxy,3,0,ue4_qfi2,0.006756756756756757,148,150.0,ok,ue17_qfi2,150.206,ok,0,ok,32,ue1_qfi2,0.3025656,ok,0.4603208312646275,proxy,5,0.45335406788975335,71069792.0,ok,0.02903409090909091,ok,0.9304352272727273,0.0442109375,ok,ue26_qfi82,0.9897959183673469,98,100.0,data,ok,0.0,ue31_qfi9,30.5,ok,,12.0,ue30_qfi2,20,367.25,3519.5,30.303,ok,33.0,,pending,,pending,"[8, 9]",ue26_qfi82,0,0,0,100.00000000000009,50.00000000000003,data,ok,2.0,,1.0,32,PF,1826701614,12.0
ue32_qfi9,299.5,300.25,300.25,300.25,ok,0.7823701564810118,ok,ue15_qfi1,0,0,0,238.49999999999972,102.75000000000017,data,ok,2.0,False,,proxy,3,0,ue1_qfi2,0.0,147,150.0,ok,ue21_qfi2,46.918,ok,14,ok,32,ue1_qfi2,0.0,ok,0.5378626841857481,proxy,5,0.5341304105548378,84262569.6,ok,0.026163636363636365,ok,0.9305727272727272,0.2530421875,ok,ue15_qfi1,0.38636363636363635,44,100.0,data,ok,0.0,ue21_qfi2,90.76100000000001,ok,,30.2,ue22_qfi2,2,101.5,168.25,30.303,ok,33.0,,pending,,pending,"[8, 9]",ue15_qfi1,0,0,0,238.49999999999972,102.75000000000017,data,ok,2.0,,1.0,32,Reservation,1826701614,12.0
ue7_qfi9,267.75,300.0,300.25,300.25,ok,0.8760792122390264,ok,ue6_qfi9,0,0,1,621.2500000000003,0.0,data,ok,2.0,False,,proxy,3,0,ue8_qfi2,0.0,147,150.0,ok,ue7_qfi2,87.801,ok,6,ok,32,ue8_qfi2,0.0,ok,0.3806212369617916,proxy,5,0.37425877252432843,45415872.0,ok,0.029072727272727274,ok,0.9284306818181818,0.0630296875,ok,ue7_qfi1,0.4,40,100.0,data,ok,0.0,ue7_qfi2,89.322,ok,,30.4,ue6_qfi2,8,110.25,727.5,30.303,ok,33.0,,pending,,pending,"[8, 9]",ue6_qfi1,0,0,0,423.5000000000002,101.25000000000017,data,ok,2.0,,1.0,32,TwoTier,1826701614,12.0
ue16_qfi2,133.661,148.6,149.782,150.134,ok,0.8081227317845197,ok,ue9_qfi82,0,0,0,99.99999999999987,50.00000000000001,data,ok,2.0,False,,proxy,3,0,ue2_qfi2,0.006756756756756757,148,150.0,ok,ue23_qfi2,150.159,ok,0,ok,32,ue1_qfi2,0.3063944,ok,0.459102155859362,proxy,5,0.45144063744357005,70158233.6,ok,0.02866818181818182,ok,0.9288068181818182,0.04521875,ok,ue1_qfi2,1.0,439,150.0,data,ok,0.0,ue31_qfi2,23.727999999999994,ok,,9.2,ue29_qfi2,25,504.0,4080.0,30.303,ok,33.0,,pending,,pending,"[8, 9]",ue9_qfi82,0,0,0,99.99999999999987,50.00000000000001,data,ok,2.0,,1.0,32,PF,1367864806,12.0
ue32_qfi9,299.5,300.25,300.25,300.25,ok,0.7897613353477794,ok,ue8_qfi1,0,0,0,429.9999999999997,134.50000000000006,data,ok,2.0,False,,proxy,3,0,ue1_qfi2,0.0,147,150.0,ok,ue8_qfi2,71.916,ok,15,ok,32,ue1_qfi2,0.0,ok,0.5367133668853166,proxy,5,0.5324697898302322,79987382.4,ok,0.026295454545454545,ok,0.9311579545454546,0.28980625,ok,ue8_qfi1,0.2,25,100.0,data,ok,0.0,ue8_qfi2,97.077,ok,,30.4,ue16_qfi2,3,71.0,205.75,30.303,ok,33.0,,pending,,pending,"[8, 9]",ue8_qfi1,0,0,0,429.9999999999997,134.50000000000006,data,ok,2.0,,1.0,32,Reservation,1367864806,12.0
ue7_qfi9,293.75,299.75,300.0,300.25,ok,0.8736261345109732,ok,ue5_qfi1,0,0,0,429.7500000000003,101.25000000000006,data,ok,2.0,False,,proxy,3,0,ue9_qfi2,0.0,148,150.0,ok,ue5_qfi2,78.049,ok,7,ok,32,ue9_qfi2,0.0,ok,0.3954721946990708,proxy,5,0.3928226206664249,46474577.6,ok,0.029261363636363637,ok,0.9302397727272728,0.062275,ok,ue2_qfi1,0.3611111111111111,36,100.0,data,ok,0.0,ue1_qfi2,85.767,ok,,30.4,ue8_qfi2,11,99.75,869.0,30.303,ok,33.0,,pending,,pending,"[8, 9]",ue5_qfi1,0,0,0,429.7500000000003,101.25000000000006,data,ok,2.0,,1.0,32,TwoTier,1367864806,12.0
ue6_qfi2,134.683,149.219,149.678,150.169,ok,0.8098950840628134,ok,ue9_qfi82,0,0,0,55.74999999999986,50.0,data,ok,2.0,False,,proxy,3,0,ue2_qfi2,0.006756756756756757,148,150.0,ok,ue23_qfi2,150.23,ok,0,ok,32,ue1_qfi2,0.27294159999999995,ok,0.45593529747586387,proxy,5,0.44677353182487245,69486854.4,ok,0.029970454545454547,ok,0.9305965909090909,0.047740625,ok,ue1_qfi2,1.0,379,150.0,data,ok,0.0,ue32_qfi2,21.619999999999976,ok,,10.0,ue28_qfi2,22,433.75,3714.75,30.303,ok,33.0,,pending,,pending,"[8, 9]",ue9_qfi82,0,0,0,55.74999999999986,50.0,data,ok,2.0,,1.0,32,PF,1097657231,12.0
ue32_qfi9,299.75,300.25,300.25,300.25,ok,0.7859401566015535,ok,ue18_qfi1,0,0,0,228.25000000000006,101.25,data,ok,2.0,False,,proxy,3,0,ue1_qfi2,0.0,147,150.0,ok,ue16_qfi2,46.111,ok,16,ok,32,ue1_qfi2,0.0,ok,0.535089242090377,proxy,5,0.53163614513306,82769177.6,ok,0.026852272727272728,ok,0.9307727272727273,0.2760953125,ok,ue16_qfi1,0.4,45,100.0,data,ok,0.0,ue15_qfi1,80.75,ok,,30.2,ue25_qfi2,2,67.0,133.75,30.303,ok,33.0,,pending,,pending,"[8, 9]",ue18_qfi1,0,0,0,228.25000000000006,101.25,data,ok,2.0,,1.0,32,Reservation,1097657231,12.0
ue8_qfi9,289.5,299.75,300.0,300.25,ok,0.8820092802188304,ok,ue1_qfi1,0,0,0,493.50000000000006,164.25,data,ok,2.0,False,,proxy,3,0,ue9_qfi2,0.0,147,150.0,ok,ue4_qfi2,82.713,ok,7,ok,32,ue9_qfi2,0.0,ok,0.3910743508750175,proxy,5,0.3879375780852151,43289848.0,ok,0.03019090909090909,ok,0.9304204545454545,0.06866875,ok,ue1_qfi1,0.20689655172413793,29,100.0,data,ok,0.0,ue5_qfi2,104.846,ok,,30.0,ue5_qfi2,10,104.75,855.75,30.303,ok,33.0,,pending,,pending,"[8, 9]",ue1_qfi1,0,0,0,493.50000000000006,164.25,data,ok,2.0,,1.0,32,TwoTier,1097657231,12.0
ue5_qfi2,135.251,148.25,149.5,150.129,ok,0.8094844213401688,ok,ue32_qfi82,0,0,0,99.99999999999997,49.99999999999999,data,ok,2.0,False,,proxy,3,0,ue3_qfi2,0.006756756756756757,148,150.0,ok,ue29_qfi2,150.197,ok,0,ok,32,ue2_qfi2,0.2941408,ok,0.45765838111626655,proxy,5,0.45009382598398406,69595691.2,ok,0.029986363636363637,ok,0.9314079545454546,0.04688125,ok,ue1_qfi2,1.0,447,150.0,data,ok,0.0,ue32_qfi2,19.714000000000027,ok,,7.4,ue27_qfi2,18,690.25,4207.75,30.303,ok,33.0,,pending,,pending,"[8, 9]",ue32_qfi82,0,0,0,99.99999999999997,49.99999999999999,data,ok,2.0,,1.0,32,PF,579362555,12.0
ue32_qfi9,299.75,300.25,300.25,300.25,ok,0.786844960309245,ok,ue14_qfi1,0,0,0,240.9999999999999,99.50000000000037,data,ok,2.0,False,,proxy,3,0,ue1_qfi2,0.0,147,150.0,ok,ue15_qfi2,46.5,ok,16,ok,32,ue1_qfi2,0.0,ok,0.5344471805293541,proxy,5,0.5321498087042454,82345436.8,ok,0.026736363636363638,ok,0.9308568181818182,0.2670484375,ok,ue18_qfi1,0.391304347826087,46,100.0,data,ok,0.0,ue16_qfi1,83.75,ok,,30.4,ue24_qfi2,1,70.5,70.5,30.303,ok,33.0,,pending,,pending,"[8, 9]",ue14_qfi1,0,0,0,240.9999999999999,99.50000000000037,data,ok,2.0,,1.0,32,Reservation,579362555,12.0
ue8_qfi9,293.0,300.0,300.0,300.25,ok,0.8816821196830675,ok,ue3_qfi1,0,0,0,424.75000000000017,108.0000000000001,data,ok,2.0,False,,proxy,3,0,ue9_qfi2,0.0,147,150.0,ok,ue6_qfi2,85.066,ok,8,ok,32,ue9_qfi2,0.0,ok,0.393089828999399,proxy,5,0.3913905645238695,43512182.4,ok,0.02970909090909091,ok,0.9316909090909091,0.068728125,ok,ue5_qfi1,0.3783783783783784,37,100.0,data,ok,0.0,ue5_qfi2,103.87,ok,,30.2,ue8_qfi2,11,105.25,942.5,30.303,ok,33.0,,pending,,pending,"[8, 9]",ue3_qfi1,0,0,0,424.75000000000017,108.0000000000001,data,ok,2.0,,1.0,32,TwoTier,579362555,12.0
ue4_qfi2,134.547,148.731,149.468,150.125,ok,0.8099153498142513,ok,ue2_qfi82,0,0,0,54.49999999999999,49.999999999999936,data,ok,2.0,False,,proxy,3,0,ue1_qfi2,0.013513513513513514,148,150.0,ok,ue18_qfi2,150.19,ok,0,ok,32,ue3_qfi2,0.2769608,ok,0.4574238321682496,proxy,5,0.45011072667290053,69476544.0,ok,0.030459090909090908,ok,0.9305409090909091,0.0460265625,ok,ue1_qfi2,1.0,411,150.0,data,ok,0.0,ue32_qfi2,23.211,ok,,12.2,ue31_qfi2,26,320.75,3669.0,30.303,ok,33.0,,pending,,pending,"[8, 9]",ue2_qfi82,0,0,0,54.49999999999999,49.999999999999936,data,ok,2.0,,1.0,32,PF,661058651,12.0
ue32_qfi9,299.5,300.25,300.25,300.25,ok,0.7859225967181097,ok,ue15_qfi1,0,0,0,232.0000000000002,100.49999999999982,data,ok,2.0,False,,proxy,3,0,ue1_qfi2,0.0,147,150.0,ok,ue18_qfi2,142.305,ok,15,ok,32,ue1_qfi2,0.0,ok,0.5368440609012491,proxy,5,0.5275354737927099,82813569.6,ok,0.02640681818181818,ok,0.9311761363636364,0.257978125,ok,ue28_qfi1,0.3877551020408163,49,100.0,data,ok,0.0,ue18_qfi2,96.53800000000001,ok,,30.2,ue27_qfi2,1,84.25,84.25,30.303,ok,33.0,,pending,,pending,"[8, 9]",ue15_qfi1,0,0,0,232.0000000000002,100.49999999999982,data,ok,2.0,,1.0,32,Reservation,661058651,12.0
ue8_qfi9,293.75,299.75,300.0,300.25,ok,0.880338570175384,ok,ue2_qfi1,0,0,0,359.24999999999994,101.24999999999984,data,ok,2.0,False,,proxy,3,0,ue9_qfi2,0.0,148,150.0,ok,ue4_qfi2,79.856,ok,8,ok,32,ue9_qfi2,0.0,ok,0.39413586557995733,proxy,5,0.3929390213079366,44046457.6,ok,0.028827272727272726,ok,0.9307761363636363,0.0656484375,ok,ue3_qfi1,0.30303030303030304,33,100.0,data,ok,0.0,ue4_qfi2,89.304,ok,,30.0,ue4_qfi2,9,121.5,781.5,30.303,ok,33.0,,pending,,pending,"[8, 9]",ue2_qfi1,0,0,0,359.24999999999994,101.24999999999984,data,ok,2.0,,1.0,32,TwoTier,661058651,12.0
ue31_qfi9,299.0,300.25,300.25,300.25,ok,0.810087989050449,ok,ue31_qfi1,0,0,1,522.5000000000001,310.5,data,ok,2.0,False,,proxy,3,0,ue3_qfi2,0.006756756756756757,148,150.0,ok,ue25_qfi2,150.176,ok,0,ok,32,ue2_qfi2,0.2681376,ok,0.45659127803729566,proxy,5,0.4479692405361403,69369051.2,ok,0.030202272727272727,ok,0.9313738636363637,0.0472265625,ok,ue31_qfi1,0.5,2,100.0,data,ok,0.0,ue31_qfi2,23.227000000000004,ok,,9.4,ue28_qfi2,23,1028.75,3948.75,30.303,ok,33.0,,pending,,pending,"[8, 9]",ue31_qfi1,0,0,1,522.5000000000001,310.5,data,ok,2.0,,1.0,32,PF,87989972,12.0
ue32_qfi9,299.5,300.25,300.25,300.25,ok,0.7815966604401584,ok,ue15_qfi1,0,0,0,295.2499999999998,101.25000000000028,data,ok,2.0,False,,proxy,3,0,ue1_qfi2,0.0,147,150.0,ok,ue20_qfi2,58.466,ok,15,ok,32,ue1_qfi2,0.0,ok,0.5358348770121519,proxy,5,0.5318388115331881,84682492.8,ok,0.02661818181818182,ok,0.9318840909090909,0.25715625,ok,ue25_qfi1,0.40816326530612246,49,100.0,data,ok,0.0,ue20_qfi2,100.958,ok,,30.2,ue24_qfi2,1,86.0,86.0,30.303,ok,33.0,,pending,,pending,"[8, 9]",ue15_qfi1,0,0,0,295.2499999999998,101.25000000000028,data,ok,2.0,,1.0,32,Reservation,87989972,12.0
ue9_qfi9,290.75,299.75,300.0,300.25,ok,0.8828813646007088,ok,ue2_qfi1,0,0,0,421.9999999999997,179.24999999999991,data,ok,2.0,False,,proxy,3,0,ue10_qfi2,0.0,147,150.0,ok,ue4_qfi2,127.92,ok,9,ok,32,ue10_qfi2,0.0,ok,0.38965292229234777,proxy,5,0.37994845092201845,42827232.0,ok,0.029547727272727274,ok,0.9313897727272727,0.067315625,ok,ue4_qfi1,0.0,1,100.0,data,ok,0.0,ue9_qfi2,93.84199999999998,ok,,30.0,ue6_qfi2,19,156.0,1814.5,30.303,ok,33.0,,pending,,pending,"[8, 9]",ue2_qfi1,0,0,0,421.9999999999997,179.24999999999991,data,ok,2.0,,1.0,32,TwoTier,87989972,12.0
ue10_qfi2,135.159,149.246,149.671,150.105,ok,0.8075540282775133,ok,ue1_qfi2,0,0,0,63.7500000000002,11.500000000000066,data,ok,2.0,False,,proxy,3,0,ue2_qfi2,0.006756756756756757,148,150.0,ok,ue20_qfi2,150.245,ok,0,ok,32,ue2_qfi2,0.2735132,ok,0.4577925644163273,proxy,5,0.4518876429389333,70347470.4,ok,0.029654545454545454,ok,0.9317125,0.0463875,ok,ue1_qfi2,1.0,397,150.0,data,ok,0.0,ue28_qfi2,19.52600000000001,ok,,8.4,ue31_qfi2,20,893.75,4125.0,30.303,ok,33.0,,pending,,pending,"[8, 9]",ue1_qfi2,0,0,0,63.7500000000002,11.500000000000066,data,ok,2.0,,1.0,32,PF,161576974,12.0
ue32_qfi9,299.5,300.25,300.25,300.25,ok,0.7815172284275816,ok,ue14_qfi1,0,0,0,493.75000000000034,102.37499999999989,data,ok,2.0,False,,proxy,3,0,ue1_qfi2,0.0,147,150.0,ok,ue16_qfi2,66.439,ok,14,ok,32,ue1_qfi2,0.0,ok,0.5448540818511941,proxy,5,0.542731272072159,83858286.4,ok,0.026563636363636362,ok,0.9311022727272728,0.2648203125,ok,ue28_qfi1,0.3673469387755102,49,100.0,data,ok,0.0,ue18_qfi2,102.357,ok,,29.8,ue14_qfi2,3,81.25,216.5,30.303,ok,33.0,,pending,,pending,"[8, 9]",ue14_qfi1,0,0,0,493.75000000000034,102.37499999999989,data,ok,2.0,,1.0,32,Reservation,161576974,12.0
ue8_qfi9,296.0,300.0,300.25,300.25,ok,0.8818149281436027,ok,ue2_qfi1,0,0,0,481.75,149.75000000000006,data,ok,2.0,False,,proxy,3,0,ue9_qfi2,0.0,148,150.0,ok,ue7_qfi2,79.5,ok,7,ok,32,ue9_qfi2,0.0,ok,0.3921757800615079,proxy,5,0.3870187048791298,43447033.6,ok,0.03006590909090909,ok,0.9314761363636364,0.0667359375,ok,ue2_qfi1,0.32142857142857145,28,100.0,data,ok,0.0,ue3_qfi2,98.752,ok,,30.2,ue3_qfi2,13,147.75,1161.25,30.303,ok,33.0,,pending,,pending,"[8, 9]",ue2_qfi1,0,0,0,481.75,149.75000000000006,data,ok,2.0,,1.0,32,TwoTier,161576974,12.0
ue25_qfi2,134.024,148.52,149.932,150.194,ok,0.8090620282461745,ok,ue4_qfi82,0,0,0,55.49999999999999,49.99999999999982,data,ok,2.0,False,,proxy,3,0,ue1_qfi2,0.006756756756756757,148,150.0,ok,ue22_qfi2,150.101,ok,0,ok,32,ue1_qfi2,0.2875656,ok,0.4575336126628109,proxy,5,0.4500363335156564,69743635.2,ok,0.029638636363636364,ok,0.9325420454545454,0.0468125,ok,ue1_qfi2,1.0,400,150.0,data,ok,0.0,ue31_qfi2,19.744999999999976,ok,,9.2,ue28_qfi2,22,467.25,3958.5,30.303,ok,33.0,,pending,,pending,"[8, 9]",ue4_qfi82,0,0,0,55.49999999999999,49.99999999999982,data,ok,2.0,,1.0,32,PF,35492826,12.0
ue32_qfi9,299.5,300.25,300.25,300.25,ok,0.7856675281182401,ok,ue17_qfi1,0,0,0,294.74999999999983,100.25,data,ok,2.0,False,,proxy,3,0,ue1_qfi2,0.0,148,150.0,ok,ue21_qfi2,59.635,ok,15,ok,32,ue1_qfi2,0.0,ok,0.5338296889932338,proxy,5,0.5264320360998099,82959534.4,ok,0.026675,ok,0.9307420454545454,0.268328125,ok,ue15_qfi1,0.425531914893617,47,100.0,data,ok,0.0,ue21_qfi2,108.92099999999999,ok,,30.0,ue17_qfi2,2,74.5,140.75,30.303,ok,33.0,,pending,,pending,"[8, 9]",ue17_qfi1,0,0,0,294.74999999999983,100.25,data,ok,2.0,,1.0,32,Reservation,35492826,12.0
ue8_qfi9,293.75,299.75,300.0,300.25,ok,0.8798724554600333,ok,ue2_qfi9,0,0,0,392.0,0.0,data,ok,2.0,False,,proxy,3,0,ue9_qfi2,0.0,148,150.0,ok,ue2_qfi2,85.388,ok,7,ok,32,ue9_qfi2,0.0,ok,0.3933574742608386,proxy,5,0.38602565969733044,44178360.0,ok,0.030729545454545454,ok,0.9332477272727273,0.0658921875,ok,ue2_qfi1,0.28125,32,100.0,data,ok,0.0,ue2_qfi2,98.924,ok,,30.4,ue8_qfi2,15,105.0,1298.0,30.303,ok,33.0,,pending,,pending,"[8, 9]",ue5_qfi1,0,0,0,356.7500000000001,102.375,data,ok,2.0,,1.0,32,TwoTier,35492826,12.0
ue5_qfi2,134.821,148.446,149.418,150.175,ok,0.8104451479395702,ok,ue3_qfi82,0,0,0,55.499999999999886,49.999999999999986,data,ok,2.0,False,,proxy,3,0,ue1_qfi2,0.006756756756756757,148,150.0,ok,ue29_qfi2,150.137,ok,0,ok,32,ue2_qfi2,0.3059376,ok,0.4567609938438931,proxy,5,0.45063197442904984,69268774.4,ok,0.029277272727272728,ok,0.9333795454545455,0.0468125,ok,ue1_qfi2,1.0,474,150.0,data,ok,0.0,ue32_qfi2,28.375,ok,,10.0,ue31_qfi2,21,595.5,3840.0,30.303,ok,33.0,,pending,,pending,"[8, 9]",ue3_qfi82,0,0,0,55.499999999999886,49.999999999999986,data,ok,2.0,,1.0,32,PF,376383645,12.0
ue32_qfi9,299.5,300.25,300.25,300.25,ok,0.78863395695191,ok,ue17_qfi1,0,0,0,299.4999999999999,98.49999999999959,data,ok,2.0,False,,proxy,3,0,ue1_qfi2,0.0,148,150.0,ok,ue17_qfi2,92.637,ok,15,ok,32,ue1_qfi2,0.0,ok,0.5366243486369598,proxy,5,0.5281840665953567,80850369.6,ok,0.026413636363636365,ok,0.9310704545454546,0.2847609375,ok,ue14_qfi1,0.3953488372093023,43,100.0,data,ok,0.0,ue17_qfi2,105.42,ok,,30.0,ue15_qfi2,2,80.0,147.25,30.303,ok,33.0,,pending,,pending,"[8, 9]",ue17_qfi1,0,0,0,299.4999999999999,98.49999999999959,data,ok,2.0,,1.0,32,Reservation,376383645,12.0
ue8_qfi9,295.0,300.0,300.0,300.25,ok,0.8805922918016739,ok,ue6_qfi1,0,0,0,357.25000000000006,114.4999999999996,data,ok,2.0,False,,proxy,3,0,ue9_qfi2,0.0,147,150.0,ok,ue3_qfi2,74.824,ok,8,ok,32,ue9_qfi2,0.0,ok,0.3936916978156055,proxy,5,0.39305817478163435,43948369.6,ok,0.030213636363636363,ok,0.9330386363636364,0.065259375,ok,ue7_qfi1,0.36363636363636365,33,100.0,data,ok,0.0,ue3_qfi2,79.498,ok,,30.4,ue8_qfi2,11,109.25,970.25,30.303,ok,33.0,,pending,,pending,"[8, 9]",ue6_qfi1,0,0,0,357.25000000000006,114.4999999999996,data,ok,2.0,,1.0,32,TwoTier,376383645,12.0
ue16_qfi2,133.919,149.058,149.938,150.177,ok,0.8057193034367164,ok,ue4_qfi82,0,0,0,56.75000000000008,49.999999999999936,data,ok,2.0,False,,proxy,3,0,ue1_qfi2,0.013513513513513514,148,150.0,ok,ue19_qfi2,150.149,ok,0,ok,32,ue3_qfi2,0.3030168,ok,0.4588130385730526,proxy,5,0.45218516166475775,70983147.2,ok,0.02990909090909091,ok,0.932725,0.04526875,ok,ue1_qfi2,1.0,445,150.0,data,ok,0.0,ue31_qfi2,22.945000000000007,ok,,8.4,ue29_qfi2,25,461.75,4262.25,30.303,ok,33.0,,pending,,pending,"[8, 9]",ue4_qfi82,0,0,0,56.75000000000008,49.999999999999936,data,ok,2.0,,1.0,32,PF,1746484539,12.0
ue32_qfi9,299.75,300.25,300.25,300.25,ok,0.7810640458450538,ok,ue14_qfi1,0,0,0,328.25000000000017,102.50000000000003,data,ok,2.0,False,,proxy,3,0,ue1_qfi2,0.0,147,150.0,ok,ue18_qfi2,82.297,ok,15,ok,32,ue1_qfi2,0.0,ok,0.5379330312739772,proxy,5,0.5343016096025857,84883782.4,ok,0.026827272727272727,ok,0.9318829545454546,0.26100625,ok,ue15_qfi1,0.425531914893617,47,100.0,data,ok,0.0,ue18_qfi2,106.825,ok,,30.4,ue14_qfi2,3,72.25,211.0,30.303,ok,33.0,,pending,,pending,"[8, 9]",ue14_qfi1,0,0,0,328.25000000000017,102.50000000000003,data,ok,2.0,,1.0,32,Reservation,1746484539,12.0
ue6_qfi9,296.5,300.0,300.25,300.25,ok,0.8769583842251862,ok,ue3_qfi9,0,0,1,556.5,0.0,data,ok,2.0,False,,proxy,3,0,ue8_qfi2,0.0,147,150.0,ok,ue4_qfi2,79.65,ok,7,ok,32,ue8_qfi2,0.0,ok,0.3801680818107129,proxy,5,0.377631759790111,45200931.2,ok,0.029695454545454546,ok,0.9333079545454546,0.0633265625,ok,ue3_qfi1,0.3125,32,100.0,data,ok,0.0,ue3_qfi9,148.0,ok,,30.2,ue4_qfi2,7,120.5,583.0,30.303,ok,33.0,,pending,,pending,"[8, 9]",ue2_qfi1,0,0,0,459.75000000000057,124.0,data,ok,2.0,,1.0,32,TwoTier,1746484539,12.0
