M01.flow,M01.p50,M01.p95,M01.p98,M01.p99,M01.status,M02,M02.status,M03.flow,M03.gap_count_over_t_live,M03.gap_count_over_t_live_over_2,M03.gap_count_over_t_live_over_4,M03.max_gap_ms,M03.role,M03.status,M03.t_live_s,M04.exceeds_threshold,M04.flow,M04.status,M04.threshold_n,M04.worst_consecutive_miss_slots,M05.flow,M05.fraction,M05.frame_count,M05.pdb_ms,M05.status,M06.flow,M06.p95_ms,M06.status,M07.met,M07.status,M07.total,M08.flow,M08.fraction,M08.status,M09.mean,M09.status,M09.windows,M09.worst,M10,M10.status,M11.dl,M11.status,M11.ul,M12,M12.status,M14.flow,M14.fraction,M14.interval_count,M14.pdb_ms,M14.role,M14.status,M14.survival_time_ms,M15.flow,M15.jitter_ms,M15.status,M17.effective_fps,M17.flow,M17.freeze_count,M17.freeze_max_duration_ms,M17.freeze_total_duration_ms,M17.source_fps,M17.status,M17.xr_frame_period_ms,M18,M18.status,M19,M19.status,bg,scheduler,seed
ue8_qfi9,298.0,300.0,300.25,300.25,ok,0.27686579562656505,ok,ue6_qfi1,0,0,0,136.49999999999994,data,ok,2.0,False,,proxy,3,0,ue1_qfi2,1.0,152,150.0,ok,ue8_qfi2,25.694,ok,8,ok,8,ue2_qfi2,0.9578576,ok,0.9543024085615089,proxy,5,0.9512408963531349,67414070.4,ok,0.004706818181818182,ok,0.9305852272727273,0.0377140625,ok,ue4_qfi1,0.5306122448979592,49,100.0,data,ok,0.0,ue6_qfi1,37.5,ok,30.4,ue1_qfi2,0,0.0,0.0,30.303,ok,33.0,,pending,,pending,False,PF,1826701614
ue8_qfi9,298.25,300.0,300.25,300.25,ok,0.2988019244354774,ok,ue3_qfi1,0,0,0,124.49999999999983,data,ok,2.0,False,,proxy,3,0,ue2_qfi2,0.993421052631579,152,150.0,ok,ue8_qfi2,23.033,ok,8,ok,8,ue2_qfi2,0.9569772,ok,0.9514627229538013,proxy,5,0.9490397521732957,66288822.4,ok,0.004277272727272728,ok,0.9315931818181818,0.118921875,ok,ue3_qfi1,0.46938775510204084,49,100.0,data,ok,0.0,ue8_qfi1,26.5,ok,30.2,ue8_qfi2,1,72.5,72.5,30.303,ok,33.0,,pending,,pending,False,Reservation,1826701614
ue3_qfi9,16.25,43.75,53.0,58.5,ok,0.36307484659081063,ok,ue1_qfi1,0,0,0,115.00000000000021,data,ok,2.0,False,,proxy,3,0,ue6_qfi2,0.0,147,150.0,ok,ue1_qfi2,24.114,ok,5,ok,8,ue6_qfi2,0.0,ok,0.7186851443945305,proxy,5,0.7186351373521844,59522280.0,ok,0.0054863636363636364,ok,0.9303704545454545,0.0381390625,ok,ue1_qfi1,0.5102040816326531,49,100.0,data,ok,0.0,ue3_qfi9,42.25,ok,30.4,ue1_qfi2,0,0.0,0.0,30.303,ok,33.0,,pending,,pending,False,TwoTier,1826701614
ue8_qfi9,297.5,299.75,300.0,300.25,ok,0.26603060152368824,ok,ue5_qfi1,0,0,0,140.74999999999972,data,ok,2.0,False,,proxy,3,0,ue1_qfi2,1.0,152,150.0,ok,ue6_qfi2,25.126,ok,8,ok,8,ue3_qfi2,0.959342,ok,0.9565440881646593,proxy,5,0.9451915468659646,68422590.4,ok,0.004922727272727273,ok,0.9315931818181818,0.034859375,ok,ue3_qfi1,0.46938775510204084,49,100.0,data,ok,0.0,ue5_qfi1,38.5,ok,30.4,ue1_qfi2,0,0.0,0.0,30.303,ok,33.0,,pending,,pending,False,PF,1367864806
ue8_qfi9,297.5,300.0,300.25,300.25,ok,0.28524553588117585,ok,ue3_qfi1,0,0,0,126.75000000000037,data,ok,2.0,False,,proxy,3,0,ue1_qfi2,1.0,152,150.0,ok,ue6_qfi2,24.148,ok,8,ok,8,ue3_qfi2,0.9558675999999999,ok,0.9546822615718689,proxy,5,0.9433153034704176,67508340.8,ok,0.004179545454545455,ok,0.9341704545454546,0.109434375,ok,ue2_qfi1,0.46938775510204084,49,100.0,data,ok,0.0,ue8_qfi1,33.25,ok,30.4,ue1_qfi2,0,0.0,0.0,30.303,ok,33.0,,pending,,pending,False,Reservation,1367864806
ue5_qfi9,22.0,56.75,65.75,71.75,ok,0.3649925588148902,ok,ue2_qfi1,0,0,0,112.49999999999983,data,ok,2.0,False,,proxy,3,0,ue6_qfi2,0.0,147,150.0,ok,ue4_qfi2,23.722,ok,5,ok,8,ue6_qfi2,0.0,ok,0.718697102389427,proxy,5,0.7186148668307233,59182825.6,ok,0.0051522727272727276,ok,0.9304147727272727,0.0334171875,ok,ue5_qfi1,0.4489795918367347,49,100.0,data,ok,0.0,ue2_qfi9,51.75,ok,30.2,ue1_qfi2,1,66.5,66.5,30.303,ok,33.0,,pending,,pending,False,TwoTier,1367864806
ue8_qfi9,298.0,300.0,300.0,300.25,ok,0.28292170398563943,ok,ue3_qfi1,0,0,0,121.75000000000003,data,ok,2.0,False,,proxy,3,0,ue2_qfi2,0.993421052631579,152,150.0,ok,ue3_qfi2,25.229,ok,8,ok,8,ue8_qfi2,0.9680356,ok,0.9531655167069714,proxy,5,0.9470962616944628,67031606.4,ok,0.005156818181818182,ok,0.9317522727272727,0.03578125,ok,ue6_qfi1,0.4897959183673469,49,100.0,data,ok,0.0,ue3_qfi1,25.0,ok,30.2,ue2_qfi2,1,69.0,69.0,30.303,ok,33.0,,pending,,pending,False,PF,1097657231
ue7_qfi9,297.0,300.0,300.25,300.25,ok,0.29193479579255505,ok,ue5_qfi1,0,0,0,200.00000000000017,data,ok,2.0,False,,proxy,3,0,ue8_qfi2,0.0,147,150.0,ok,ue1_qfi2,21.979,ok,7,ok,8,ue8_qfi2,0.0,ok,0.8864557310327456,proxy,5,0.8817135685238885,66181462.4,ok,0.004188636363636364,ok,0.9326159090909091,0.0936796875,ok,ue3_qfi1,0.46938775510204084,49,100.0,data,ok,0.0,ue4_qfi1,24.25,ok,30.4,ue1_qfi2,0,0.0,0.0,30.303,ok,33.0,,pending,,pending,False,Reservation,1097657231
ue5_qfi9,18.5,40.0,45.0,50.75,ok,0.3632742565810264,ok,ue3_qfi1,0,0,0,114.74999999999991,data,ok,2.0,False,,proxy,3,0,ue6_qfi2,0.0,147,150.0,ok,ue5_qfi2,21.585,ok,5,ok,8,ue6_qfi2,0.0,ok,0.7186465206983697,proxy,5,0.718608788374565,59617763.2,ok,0.0048386363636363635,ok,0.931696590909091,0.0349671875,ok,ue1_qfi1,0.42857142857142855,49,100.0,data,ok,0.0,ue1_qfi9,33.25,ok,30.4,ue1_qfi2,0,0.0,0.0,30.303,ok,33.0,,pending,,pending,False,TwoTier,1097657231
ue8_qfi9,297.75,300.0,300.0,300.25,ok,0.24882266520891325,ok,ue8_qfi1,0,0,0,127.99999999999967,data,ok,2.0,False,,proxy,3,0,ue1_qfi2,1.0,152,150.0,ok,ue8_qfi2,25.0,ok,8,ok,8,ue8_qfi2,0.9636376,ok,0.9622391910026387,proxy,5,0.9578634333020641,70044726.4,ok,0.004856818181818182,ok,0.9310068181818182,0.0344390625,ok,ue1_qfi1,0.4489795918367347,49,100.0,data,ok,0.0,ue8_qfi1,25.5,ok,30.4,ue1_qfi2,0,0.0,0.0,30.303,ok,33.0,,pending,,pending,False,PF,579362555
ue6_qfi9,288.75,299.75,300.0,300.25,ok,0.25057128624861186,ok,ue4_qfi1,0,0,0,119.24999999999963,data,ok,2.0,False,,proxy,3,0,ue8_qfi2,0.0,148,150.0,ok,ue2_qfi2,21.008,ok,7,ok,8,ue8_qfi2,0.0,ok,0.8933730218877967,proxy,5,0.8908622406727809,69736086.4,ok,0.004018181818181818,ok,0.9333965909090909,0.0893390625,ok,ue3_qfi1,0.4489795918367347,49,100.0,data,ok,0.0,ue5_qfi1,16.25,ok,30.4,ue1_qfi2,0,0.0,0.0,30.303,ok,33.0,,pending,,pending,False,Reservation,579362555
ue4_qfi9,15.75,43.25,51.0,56.5,ok,0.3627085601499061,ok,ue4_qfi1,0,0,0,115.00000000000021,data,ok,2.0,False,,proxy,3,0,ue6_qfi2,0.0,148,150.0,ok,ue4_qfi2,21.579,ok,5,ok,8,ue6_qfi2,0.0,ok,0.7186913378770254,proxy,5,0.7186717424453792,59696283.2,ok,0.005393181818181818,ok,0.9319715909090909,0.0357671875,ok,ue2_qfi1,0.46938775510204084,49,100.0,data,ok,0.0,ue4_qfi9,40.75,ok,30.4,ue3_qfi2,1,81.25,81.25,30.303,ok,33.0,,pending,,pending,False,TwoTier,579362555
ue8_qfi9,295.5,299.75,300.0,300.25,ok,0.24850919626020732,ok,ue3_qfi1,0,0,0,150.9999999999998,data,ok,2.0,False,,proxy,3,0,ue2_qfi2,0.993421052631579,152,150.0,ok,ue7_qfi2,24.165,ok,8,ok,8,ue8_qfi2,0.9537664,ok,0.9622582525690214,proxy,5,0.9551075974002187,69764577.6,ok,0.004979545454545454,ok,0.9323943181818182,0.0342203125,ok,ue1_qfi1,0.4897959183673469,49,100.0,data,ok,0.0,ue3_qfi1,47.75,ok,30.2,ue2_qfi2,1,68.0,68.0,30.303,ok,33.0,,pending,,pending,False,PF,661058651
ue4_qfi9,215.75,298.75,299.5,300.0,ok,0.2560672324711969,ok,ue6_qfi1,0,0,0,119.25000000000009,data,ok,2.0,False,,proxy,3,0,ue7_qfi2,0.0,147,150.0,ok,ue3_qfi2,19.5,ok,6,ok,8,ue7_qfi2,0.0,ok,0.810183818792769,proxy,5,0.8083532210679226,68646153.6,ok,0.0039590909090909095,ok,0.9326,0.0848109375,ok,ue2_qfi1,0.5102040816326531,49,100.0,data,ok,0.0,ue3_qfi9,223.25,ok,30.4,ue1_qfi2,0,0.0,0.0,30.303,ok,33.0,,pending,,pending,False,Reservation,661058651
ue7_qfi9,295.5,299.75,300.0,300.25,ok,0.24795252198685752,ok,ue3_qfi9,0,0,1,660.25,data,ok,2.0,False,,proxy,3,0,ue1_qfi2,1.0,152,150.0,ok,ue4_qfi2,81.713,ok,8,ok,8,ue8_qfi2,0.9537664,ok,0.9344181733749884,proxy,5,0.8989459393124742,69889467.2,ok,0.004511363636363636,ok,0.9322920454545455,0.033525,ok,ue4_qfi1,0.4,35,100.0,data,ok,0.0,ue8_qfi9,127.25,ok,30.0,ue4_qfi2,8,113.0,733.5,30.303,ok,33.0,,pending,,pending,False,TwoTier,661058651
ue8_qfi9,298.25,300.0,300.25,300.25,ok,0.2986655577069819,ok,ue4_qfi1,0,0,0,153.99999999999991,data,ok,2.0,False,,proxy,3,0,ue6_qfi2,0.993421052631579,152,150.0,ok,ue3_qfi2,25.288,ok,8,ok,8,ue3_qfi2,0.9638684000000001,ok,0.948442109807598,proxy,5,0.9432115605534025,65570259.2,ok,0.00505,ok,0.9323647727272727,0.0384328125,ok,ue1_qfi1,0.5102040816326531,49,100.0,data,ok,0.0,ue4_qfi1,49.5,ok,30.4,ue1_qfi2,0,0.0,0.0,30.303,ok,33.0,,pending,,pending,False,PF,87989972
ue7_qfi9,296.25,300.0,300.0,300.25,ok,0.3014489064727952,ok,ue1_qfi1,0,0,0,121.75000000000003,data,ok,2.0,False,,proxy,3,0,ue8_qfi2,0.0,147,150.0,ok,ue3_qfi2,22.788,ok,7,ok,8,ue8_qfi2,0.0,ok,0.8845720518560085,proxy,5,0.8802296189924912,65251856.0,ok,0.004459090909090909,ok,0.9315034090909091,0.0990546875,ok,ue6_qfi1,0.42857142857142855,49,100.0,data,ok,0.0,ue7_qfi1,47.5,ok,30.0,ue1_qfi2,2,72.75,139.0,30.303,ok,33.0,,pending,,pending,False,Reservation,87989972
ue7_qfi9,252.0,300.0,300.0,300.25,ok,0.29944684818548667,ok,ue2_qfi1,0,0,0,458.2499999999996,data,ok,2.0,False,,proxy,3,0,ue2_qfi2,0.9933333333333333,150,150.0,ok,ue7_qfi2,83.621,ok,7,ok,8,ue2_qfi2,0.9495844,ok,0.9060972161560343,proxy,5,0.8576911511796792,65267470.4,ok,0.005034090909090909,ok,0.9324420454545455,0.0377859375,ok,ue7_qfi1,0.3103448275862069,29,100.0,data,ok,0.0,ue8_qfi9,115.5,ok,30.2,ue5_qfi2,12,104.0,987.5,30.303,ok,33.0,,pending,,pending,False,TwoTier,87989972
ue8_qfi9,297.25,299.75,300.0,300.25,ok,0.27550726731076375,ok,ue5_qfi1,0,0,0,124.00000000000011,data,ok,2.0,False,,proxy,3,0,ue1_qfi2,1.0,152,150.0,ok,ue4_qfi2,26.553,ok,8,ok,8,ue3_qfi2,0.950306,ok,0.9537289830297535,proxy,5,0.9373969704563362,67460713.6,ok,0.004902272727272727,ok,0.9328954545454545,0.0369515625,ok,ue5_qfi1,0.46938775510204084,49,100.0,data,ok,0.0,ue1_qfi1,24.25,ok,30.4,ue1_qfi2,0,0.0,0.0,30.303,ok,33.0,,pending,,pending,False,PF,161576974
ue7_qfi9,295.0,299.75,300.0,300.25,ok,0.2942834610669451,ok,ue1_qfi1,0,0,0,122.2500000000002,data,ok,2.0,False,,proxy,3,0,ue8_qfi2,0.0,148,150.0,ok,ue1_qfi2,21.524,ok,7,ok,8,ue8_qfi2,0.0,ok,0.8847293654612421,proxy,5,0.8747098297684265,65744364.8,ok,0.004615909090909091,ok,0.934271590909091,0.0974640625,ok,ue1_qfi1,0.42857142857142855,49,100.0,data,ok,0.0,ue1_qfi1,18.0,ok,30.4,ue1_qfi2,0,0.0,0.0,30.303,ok,33.0,,pending,,pending,False,Reservation,161576974
ue1_qfi9,16.5,78.25,101.75,111.75,ok,0.3638641731064456,ok,ue1_qfi1,0,0,0,132.49999999999983,data,ok,2.0,False,,proxy,3,0,ue6_qfi2,0.0,147,150.0,ok,ue3_qfi2,31.557,ok,4,ok,8,ue6_qfi2,0.0,ok,0.7185641538361155,proxy,5,0.7183521503015288,59317948.8,ok,0.0051045454545454545,ok,0.9326772727272727,0.039590625,ok,ue2_qfi1,0.4897959183673469,49,100.0,data,ok,0.0,ue1_qfi9,95.25,ok,30.2,ue3_qfi2,2,71.75,139.5,30.303,ok,33.0,,pending,,pending,False,TwoTier,161576974
ue8_qfi9,298.0,300.0,300.25,300.25,ok,0.2924727803460798,ok,ue1_qfi1,0,0,0,118.24999999999974,data,ok,2.0,False,,proxy,3,0,ue2_qfi2,0.993421052631579,152,150.0,ok,ue5_qfi2,27.117,ok,8,ok,8,ue6_qfi2,0.9690408,ok,0.9500964252442554,proxy,5,0.9420392184478527,66189430.4,ok,0.0048386363636363635,ok,0.9343806818181818,0.0378953125,ok,ue1_qfi1,0.46938775510204084,49,100.0,data,ok,0.0,ue4_qfi1,20.25,ok,30.2,ue2_qfi2,1,67.75,67.75,30.303,ok,33.0,,pending,,pending,False,PF,35492826
ue8_qfi9,297.75,300.0,300.25,300.25,ok,0.31298573610087715,ok,ue2_qfi1,0,0,0,125.24999999999986,data,ok,2.0,False,,proxy,3,0,ue1_qfi2,1.0,152,150.0,ok,ue3_qfi2,24.169,ok,8,ok,8,ue6_qfi2,0.9624115999999999,ok,0.946958791563803,proxy,5,0.9376628503820489,65111737.6,ok,0.004243181818181818,ok,0.9308284090909091,0.1187140625,ok,ue2_qfi1,0.42857142857142855,49,100.0,data,ok,0.0,ue4_qfi1,20.0,ok,30.4,ue1_qfi2,0,0.0,0.0,30.303,ok,33.0,,pending,,pending,False,Reservation,35492826
ue5_qfi9,25.0,57.0,62.0,65.25,ok,0.36278672967790515,ok,ue5_qfi1,0,0,0,120.75000000000014,data,ok,2.0,False,,proxy,3,0,ue6_qfi2,0.0,147,150.0,ok,ue1_qfi2,24.236,ok,5,ok,8,ue6_qfi2,0.0,ok,0.7186987340600944,proxy,5,0.7186738255168156,59622276.8,ok,0.0051045454545454545,ok,0.9344102272727273,0.03814375,ok,ue1_qfi1,0.4897959183673469,49,100.0,data,ok,0.0,ue5_qfi9,40.25,ok,30.4,ue1_qfi2,0,0.0,0.0,30.303,ok,33.0,,pending,,pending,False,TwoTier,35492826
ue8_qfi9,297.25,300.0,300.0,300.25,ok,0.2767342514043939,ok,ue1_qfi1,0,0,0,139.0,data,ok,2.0,False,,proxy,3,0,ue1_qfi2,1.0,152,150.0,ok,ue1_qfi2,24.929,ok,8,ok,8,ue2_qfi2,0.9666928,ok,0.953978379126973,proxy,5,0.9466102058041659,67520502.4,ok,0.0046409090909090905,ok,0.9338352272727273,0.036971875,ok,ue8_qfi1,0.3877551020408163,49,100.0,data,ok,0.0,ue1_qfi1,40.75,ok,30.4,ue1_qfi2,0,0.0,0.0,30.303,ok,33.0,,pending,,pending,False,PF,376383645
ue7_qfi9,296.75,300.0,300.0,300.25,ok,0.2912108612503959,ok,ue6_qfi1,0,0,0,121.24999999999986,data,ok,2.0,False,,proxy,3,0,ue8_qfi2,0.0,148,150.0,ok,ue1_qfi2,21.624,ok,7,ok,8,ue8_qfi2,0.0,ok,0.8860605943177713,proxy,5,0.8771573690744221,66251804.8,ok,0.004134090909090909,ok,0.9348625,0.0970078125,ok,ue5_qfi1,0.4897959183673469,49,100.0,data,ok,0.0,ue2_qfi1,21.25,ok,30.4,ue1_qfi2,0,0.0,0.0,30.303,ok,33.0,,pending,,pending,False,Reservation,376383645
ue3_qfi9,19.25,52.25,59.25,63.25,ok,0.36351882224112114,ok,ue1_qfi1,0,0,0,119.49999999999994,data,ok,2.0,False,,proxy,3,0,ue6_qfi2,0.0,147,150.0,ok,ue5_qfi2,25.39,ok,5,ok,8,ue6_qfi2,0.0,ok,0.7186466977398004,proxy,5,0.7185986132705294,59612532.8,ok,0.005170454545454546,ok,0.9336420454545454,0.03781875,ok,ue1_qfi1,0.40816326530612246,49,100.0,data,ok,0.0,ue3_qfi9,44.0,ok,30.4,ue1_qfi2,0,0.0,0.0,30.303,ok,33.0,,pending,,pending,False,TwoTier,376383645
ue7_qfi9,297.75,300.0,300.0,300.25,ok,0.24764223402058153,ok,ue3_qfi1,0,0,0,119.00000000000021,data,ok,2.0,False,,proxy,3,0,ue5_qfi2,0.993421052631579,152,150.0,ok,ue3_qfi2,26.203,ok,8,ok,8,ue3_qfi2,0.9658652,ok,0.9625291709040674,proxy,5,0.9584684626720545,70001803.2,ok,0.0054181818181818185,ok,0.9338920454545454,0.0346359375,ok,ue5_qfi1,0.4489795918367347,49,100.0,data,ok,0.0,ue6_qfi1,19.5,ok,30.2,ue5_qfi2,1,71.0,71.0,30.303,ok,33.0,,pending,,pending,False,PF,1746484539
ue7_qfi9,296.0,300.0,300.0,300.25,ok,0.26624522018979246,ok,ue6_qfi1,0,0,0,123.24999999999963,data,ok,2.0,False,,proxy,3,0,ue8_qfi2,0.0,147,150.0,ok,ue2_qfi2,21.372,ok,7,ok,8,ue8_qfi2,0.0,ok,0.8909269259666667,proxy,5,0.8891916396815399,68256491.2,ok,0.004002272727272728,ok,0.9332170454545454,0.0918578125,ok,ue3_qfi1,0.46938775510204084,49,100.0,data,ok,0.0,ue7_qfi1,21.25,ok,30.4,ue1_qfi2,0,0.0,0.0,30.303,ok,33.0,,pending,,pending,False,Reservation,1746484539
ue7_qfi9,295.0,300.0,300.25,300.25,ok,0.2881572022960602,ok,ue1_qfi1,0,0,0,207.75000000000077,data,ok,2.0,False,,proxy,3,0,ue6_qfi2,0.5460526315789473,152,150.0,ok,ue8_qfi2,66.698,ok,5,ok,8,ue7_qfi2,0.5272532,ok,0.8530688041833443,proxy,5,0.7187199456470363,65777924.8,ok,0.005038636363636364,ok,0.9337534090909091,0.0344390625,ok,ue8_qfi1,0.44,25,100.0,data,ok,0.0,ue1_qfi9,284.5,ok,16.6,ue8_qfi2,6,94.25,462.25,30.303,ok,33.0,,pending,,pending,False,TwoTier,1746484539
ue8_qfi9,297.5,300.0,300.0,300.25,ok,0.2816152907207956,ok,ue5_qfi1,0,0,0,126.75000000000037,data,ok,2.0,False,,proxy,3,0,ue6_qfi2,0.993421052631579,152,150.0,ok,ue7_qfi2,27.838,ok,8,ok,8,ue5_qfi2,0.9602292,ok,0.9534801564419702,proxy,5,0.9491811608840582,67051030.4,ok,0.004920454545454546,ok,0.9331079545454546,0.0376140625,ok,ue8_qfi1,0.4489795918367347,49,100.0,data,ok,0.0,ue4_qfi1,23.0,ok,30.2,ue6_qfi2,1,70.75,70.75,30.303,ok,33.0,,pending,,pending,False,PF,1394609702
ue7_qfi9,295.0,300.0,300.0,300.25,ok,0.29434120248239265,ok,ue4_qfi1,0,0,0,122.74999999999991,data,ok,2.0,False,,proxy,3,0,ue8_qfi2,0.0,147,150.0,ok,ue7_qfi2,21.653,ok,7,ok,8,ue8_qfi2,0.0,ok,0.8862843343366625,proxy,5,0.8841060874611167,65946056.0,ok,0.004193181818181818,ok,0.9335954545454546,0.097109375,ok,ue7_qfi1,0.4489795918367347,49,100.0,data,ok,0.0,ue5_qfi1,20.25,ok,30.2,ue2_qfi2,1,70.5,70.5,30.303,ok,33.0,,pending,,pending,False,Reservation,1394609702
ue3_qfi9,17.5,54.5,60.25,65.75,ok,0.3635877086634208,ok,ue4_qfi1,0,0,0,117.50000000000016,data,ok,2.0,False,,proxy,3,0,ue6_qfi2,0.0,148,150.0,ok,ue5_qfi2,25.813,ok,5,ok,8,ue6_qfi2,0.0,ok,0.7186785720074921,proxy,5,0.71865045838223,59527332.8,ok,0.005522727272727273,ok,0.93385,0.0379703125,ok,ue2_qfi1,0.46938775510204084,49,100.0,data,ok,0.0,ue3_qfi9,48.25,ok,30.4,ue1_qfi2,0,0.0,0.0,30.303,ok,33.0,,pending,,pending,False,TwoTier,1394609702
ue8_qfi9,297.5,299.75,300.0,300.25,ok,0.29360772204865215,ok,ue4_qfi1,0,0,0,130.50000000000006,data,ok,2.0,False,,proxy,3,0,ue5_qfi2,0.993421052631579,152,150.0,ok,ue1_qfi2,27.723,ok,8,ok,8,ue3_qfi2,0.9515044,ok,0.9482587188417042,proxy,5,0.942350118491044,65891404.8,ok,0.0056113636363636366,ok,0.9324011363636364,0.0394328125,ok,ue2_qfi1,0.46938775510204084,49,100.0,data,ok,0.0,ue1_qfi1,28.75,ok,30.2,ue6_qfi2,1,66.0,66.0,30.303,ok,33.0,,pending,,pending,False,PF,1960127675
ue7_qfi9,296.75,300.0,300.25,300.25,ok,0.31269370734954316,ok,ue7_qfi1,0,0,0,129.50000000000017,data,ok,2.0,False,,proxy,3,0,ue8_qfi2,0.0,147,150.0,ok,ue1_qfi2,21.795,ok,7,ok,8,ue8_qfi2,0.0,ok,0.8814677262556943,proxy,5,0.8749697956018868,64274752.0,ok,0.004354545454545455,ok,0.9342443181818182,0.1049546875,ok,ue1_qfi1,0.4897959183673469,49,100.0,data,ok,0.0,ue7_qfi1,25.0,ok,30.2,ue7_qfi2,1,81.5,81.5,30.303,ok,33.0,,pending,,pending,False,Reservation,1960127675
ue5_qfi9,30.25,54.75,63.0,66.0,ok,0.36397723680158994,ok,ue2_qfi1,0,0,0,112.2500000000004,data,ok,2.0,False,,proxy,3,0,ue6_qfi2,0.0,147,150.0,ok,ue5_qfi2,28.228,ok,4,ok,8,ue6_qfi2,0.0,ok,0.718678925154917,proxy,5,0.7185707093226691,59356168.0,ok,0.005493181818181818,ok,0.9335318181818182,0.040165625,ok,ue3_qfi1,0.40816326530612246,49,100.0,data,ok,0.0,ue4_qfi9,45.5,ok,30.2,ue3_qfi2,1,92.5,92.5,30.303,ok,33.0,,pending,,pending,False,TwoTier,1960127675
ue8_qfi9,297.5,299.75,300.0,300.25,ok,0.2626367569306508,ok,ue8_qfi1,0,0,0,131.7499999999998,data,ok,2.0,False,,proxy,3,0,ue8_qfi2,0.9868421052631579,152,150.0,ok,ue6_qfi2,26.15,ok,8,ok,8,ue8_qfi2,0.9602008000000001,ok,0.9570795397101179,proxy,5,0.9522921854626755,68714368.0,ok,0.0051045454545454545,ok,0.9321090909090909,0.036790625,ok,ue6_qfi1,0.4489795918367347,49,100.0,data,ok,0.0,ue6_qfi1,42.25,ok,30.4,ue1_qfi2,0,0.0,0.0,30.303,ok,33.0,,pending,,pending,False,PF,1081530686
ue6_qfi9,297.0,300.0,300.25,300.25,ok,0.27569991348531003,ok,ue3_qfi1,0,0,0,123.25000000000009,data,ok,2.0,False,,proxy,3,0,ue8_qfi2,0.0,148,150.0,ok,ue5_qfi2,21.123,ok,7,ok,8,ue8_qfi2,0.0,ok,0.8876683677815823,proxy,5,0.8846241887601229,67495843.2,ok,0.0041522727272727275,ok,0.9316681818181818,0.095796875,ok,ue3_qfi1,0.42857142857142855,49,100.0,data,ok,0.0,ue7_qfi1,33.5,ok,30.2,ue2_qfi2,1,77.0,77.0,30.303,ok,33.0,,pending,,pending,False,Reservation,1081530686
ue4_qfi9,23.25,48.5,54.0,57.75,ok,0.3627903778807347,ok,ue4_qfi1,0,0,0,112.50000000000027,data,ok,2.0,False,,proxy,3,0,ue6_qfi2,0.0,147,150.0,ok,ue4_qfi2,26.065,ok,5,ok,8,ue6_qfi2,0.0,ok,0.7186685969883178,proxy,5,0.7186122335228995,59550809.6,ok,0.005588636363636363,ok,0.9323715909090909,0.03644375,ok,ue4_qfi1,0.4897959183673469,49,100.0,data,ok,0.0,ue2_qfi9,42.0,ok,30.2,ue3_qfi2,1,69.0,69.0,30.303,ok,33.0,,pending,,pending,False,TwoTier,1081530686
ue8_qfi9,298.0,300.0,300.25,300.25,ok,0.284654579347266,ok,ue4_qfi1,0,0,0,126.24999999999974,data,ok,2.0,False,,proxy,3,0,ue3_qfi2,0.993421052631579,152,150.0,ok,ue6_qfi2,25.16,ok,8,ok,8,ue3_qfi2,0.9573956,ok,0.9521185235072422,proxy,5,0.943408086231358,66714992.0,ok,0.005313636363636363,ok,0.9345704545454545,0.0377265625,ok,ue6_qfi1,0.4489795918367347,49,100.0,data,ok,0.0,ue4_qfi1,24.25,ok,30.2,ue6_qfi2,1,73.0,73.0,30.303,ok,33.0,,pending,,pending,False,PF,1302740407
ue8_qfi9,298.0,300.0,300.25,300.25,ok,0.3043706880370496,ok,ue7_qfi1,0,0,0,128.50000000000028,data,ok,2.0,False,,proxy,3,0,ue8_qfi2,0.993421052631579,152,150.0,ok,ue8_qfi2,23.259,ok,8,ok,8,ue3_qfi2,0.958666,ok,0.9496445677255277,proxy,5,0.9410765269763066,65807286.4,ok,0.004193181818181818,ok,0.9342375,0.1182671875,ok,ue1_qfi1,0.4897959183673469,49,100.0,data,ok,0.0,ue8_qfi1,26.5,ok,30.2,ue8_qfi2,1,83.75,83.75,30.303,ok,33.0,,pending,,pending,False,Reservation,1302740407
ue5_qfi9,21.25,44.25,50.0,55.75,ok,0.36336591885639574,ok,ue2_qfi1,0,0,0,112.0,data,ok,2.0,False,,proxy,3,0,ue6_qfi2,0.0,147,150.0,ok,ue5_qfi2,23.199,ok,5,ok,8,ue6_qfi2,0.0,ok,0.7186713823269603,proxy,5,0.7186312733558716,59510808.0,ok,0.005577272727272728,ok,0.9342090909090909,0.036271875,ok,ue5_qfi1,0.42857142857142855,49,100.0,data,ok,0.0,ue1_qfi9,36.75,ok,30.4,ue1_qfi2,0,0.0,0.0,30.303,ok,33.0,,pending,,pending,False,TwoTier,1302740407
ue8_qfi9,297.75,300.0,300.0,300.25,ok,0.2771819735061286,ok,ue7_qfi1,0,0,0,122.74999999999991,data,ok,2.0,False,,proxy,3,0,ue1_qfi2,1.0,152,150.0,ok,ue6_qfi2,23.492,ok,8,ok,8,ue6_qfi2,0.9596216,ok,0.9547565987170502,proxy,5,0.9505977720534309,67392168.0,ok,0.005245454545454545,ok,0.9323579545454546,0.036453125,ok,ue7_qfi1,0.4897959183673469,49,100.0,data,ok,0.0,ue7_qfi1,20.25,ok,30.4,ue1_qfi2,0,0.0,0.0,30.303,ok,33.0,,pending,,pending,False,PF,2084654369
ue7_qfi9,295.75,300.0,300.0,300.25,ok,0.2857699159331383,ok,ue3_qfi1,0,0,0,122.2500000000002,data,ok,2.0,False,,proxy,3,0,ue8_qfi2,0.0,148,150.0,ok,ue1_qfi2,21.48,ok,7,ok,8,ue8_qfi2,0.0,ok,0.8875710782391083,proxy,5,0.8856507119877416,66607347.2,ok,0.004175,ok,0.9326477272727273,0.094671875,ok,ue1_qfi1,0.46938775510204084,49,100.0,data,ok,0.0,ue3_qfi1,19.5,ok,30.4,ue1_qfi2,0,0.0,0.0,30.303,ok,33.0,,pending,,pending,False,Reservation,2084654369
ue4_qfi9,18.0,41.25,45.75,48.25,ok,0.36433867572711826,ok,ue3_qfi1,0,0,0,112.74999999999969,data,ok,2.0,False,,proxy,3,0,ue6_qfi2,0.0,147,150.0,ok,ue4_qfi2,23.27,ok,5,ok,8,ue6_qfi2,0.0,ok,0.7186506321591721,proxy,5,0.7185114059557534,59345339.2,ok,0.005011363636363637,ok,0.9324375,0.036490625,ok,ue1_qfi1,0.4897959183673469,49,100.0,data,ok,0.0,ue1_qfi9,30.25,ok,30.4,ue1_qfi2,0,0.0,0.0,30.303,ok,33.0,,pending,,pending,False,TwoTier,2084654369
ue8_qfi9,297.75,300.0,300.0,300.25,ok,0.2519879335391426,ok,ue3_qfi1,0,0,0,130.00000000000034,data,ok,2.0,False,,proxy,3,0,ue1_qfi2,1.0,152,150.0,ok,ue3_qfi2,25.72,ok,8,ok,8,ue5_qfi2,0.96768,ok,0.9603661755985641,proxy,5,0.9520027696891633,69748696.0,ok,0.00545,ok,0.9329727272727273,0.0340625,ok,ue5_qfi1,0.46938775510204084,49,100.0,data,ok,0.0,ue3_qfi1,32.0,ok,30.4,ue1_qfi2,0,0.0,0.0,30.303,ok,33.0,,pending,,pending,False,PF,1566581934
ue8_qfi9,297.5,300.0,300.25,300.25,ok,0.2730852239851209,ok,ue3_qfi1,0,0,0,126.50000000000006,data,ok,2.0,False,,proxy,3,0,ue6_qfi2,0.993421052631579,152,150.0,ok,ue8_qfi2,23.682,ok,8,ok,8,ue5_qfi2,0.96768,ok,0.9578052951801979,proxy,5,0.9473584779539577,68592611.2,ok,0.004011363636363637,ok,0.9338522727272728,0.1065953125,ok,ue2_qfi1,0.4489795918367347,49,100.0,data,ok,0.0,ue3_qfi1,22.5,ok,30.2,ue7_qfi2,1,66.75,66.75,30.303,ok,33.0,,pending,,pending,False,Reservation,1566581934
ue6_qfi9,216.75,298.75,299.5,300.0,ok,0.3085830985924699,ok,ue5_qfi1,0,0,0,134.75000000000037,data,ok,2.0,False,,proxy,3,0,ue7_qfi2,0.0,147,150.0,ok,ue6_qfi2,54.381,ok,5,ok,8,ue7_qfi2,0.0,ok,0.7701674797053787,proxy,5,0.7185477708320391,64359940.8,ok,0.004627272727272727,ok,0.9325659090909091,0.0332046875,ok,ue1_qfi1,0.4489795918367347,49,100.0,data,ok,0.0,ue3_qfi9,263.75,ok,30.4,ue5_qfi2,4,92.5,306.5,30.303,ok,33.0,,pending,,pending,False,TwoTier,1566581934
ue8_qfi9,296.75,299.75,300.0,300.25,ok,0.24651846836003236,ok,ue5_qfi1,0,0,0,122.25,data,ok,2.0,False,,proxy,3,0,ue1_qfi2,1.0,152,150.0,ok,ue5_qfi2,23.655,ok,8,ok,8,ue5_qfi2,0.9636292,ok,0.9620599262006534,proxy,5,0.9526767073380412,70168004.8,ok,0.004590909090909091,ok,0.9322522727272727,0.0342546875,ok,ue8_qfi1,0.46938775510204084,49,100.0,data,ok,0.0,ue7_qfi1,34.75,ok,30.4,ue1_qfi2,0,0.0,0.0,30.303,ok,33.0,,pending,,pending,False,PF,1357791198
ue8_qfi9,297.0,300.0,300.25,300.25,ok,0.26743149283403567,ok,ue2_qfi1,0,0,0,127.00000000000023,data,ok,2.0,False,,proxy,3,0,ue5_qfi2,0.993421052631579,152,150.0,ok,ue5_qfi2,23.152,ok,8,ok,8,ue5_qfi2,0.9608236,ok,0.959989019513673,proxy,5,0.9492201620252276,69114656.0,ok,0.004020454545454546,ok,0.9331340909090909,0.107475,ok,ue3_qfi1,0.4489795918367347,49,100.0,data,ok,0.0,ue7_qfi1,23.25,ok,30.2,ue5_qfi2,1,71.25,71.25,30.303,ok,33.0,,pending,,pending,False,Reservation,1357791198
ue5_qfi9,297.5,300.0,300.0,300.25,ok,0.24521809716517126,ok,ue8_qfi1,0,0,0,293.00000000000017,data,ok,2.0,False,,proxy,3,0,ue1_qfi2,1.0,152,150.0,ok,ue5_qfi2,66.046,ok,8,ok,8,ue5_qfi2,0.9528776,ok,0.9369354609639192,proxy,5,0.9186408521731955,70411849.6,ok,0.004586363636363637,ok,0.9321704545454546,0.033275,ok,ue8_qfi1,0.46808510638297873,47,100.0,data,ok,0.0,ue8_qfi9,146.0,ok,30.2,ue6_qfi2,6,82.25,480.0,30.303,ok,33.0,,pending,,pending,False,TwoTier,1357791198
ue8_qfi9,298.0,300.0,300.25,300.25,ok,0.2576637846861896,ok,ue5_qfi1,0,0,0,138.74999999999994,data,ok,2.0,False,,proxy,3,0,ue8_qfi2,0.993421052631579,152,150.0,ok,ue1_qfi2,26.087,ok,8,ok,8,ue5_qfi2,0.9549204,ok,0.958706105831453,proxy,5,0.9503988902064425,69115166.4,ok,0.0049068181818181815,ok,0.9343488636363636,0.03549375,ok,ue2_qfi1,0.46938775510204084,49,100.0,data,ok,0.0,ue5_qfi1,36.75,ok,30.4,ue1_qfi2,0,0.0,0.0,30.303,ok,33.0,,pending,,pending,False,PF,1167425778
ue3_qfi9,287.25,299.0,299.5,300.0,ok,0.2666621563170429,ok,ue5_qfi1,0,0,0,122.50000000000006,data,ok,2.0,False,,proxy,3,0,ue7_qfi2,0.0,147,150.0,ok,ue5_qfi2,19.209,ok,6,ok,8,ue7_qfi2,0.0,ok,0.8099196011265322,proxy,5,0.8088662002818263,67794968.0,ok,0.004165909090909091,ok,0.9309079545454545,0.08623125,ok,ue4_qfi1,0.46938775510204084,49,100.0,data,ok,0.0,ue4_qfi9,173.0,ok,30.4,ue1_qfi2,0,0.0,0.0,30.303,ok,33.0,,pending,,pending,False,Reservation,1167425778
ue1_qfi9,18.5,43.75,50.5,56.0,ok,0.3635372920118135,ok,ue1_qfi1,0,0,0,118.25000000000018,data,ok,2.0,False,,proxy,3,0,ue6_qfi2,0.0,147,150.0,ok,ue5_qfi2,22.621,ok,5,ok,8,ue6_qfi2,0.0,ok,0.7186888565809639,proxy,5,0.7186455684022135,59510684.8,ok,0.005202272727272727,ok,0.9338965909090909,0.0349125,ok,ue4_qfi1,0.3877551020408163,49,100.0,data,ok,0.0,ue1_qfi9,37.5,ok,30.4,ue1_qfi2,0,0.0,0.0,30.303,ok,33.0,,pending,,pending,False,TwoTier,1167425778
ue8_qfi9,297.5,300.0,300.0,300.25,ok,0.2714109613499771,ok,ue1_qfi1,0,0,0,173.25000000000034,data,ok,2.0,False,,proxy,3,0,ue1_qfi2,1.0,152,150.0,ok,ue1_qfi2,26.611,ok,7,ok,8,ue5_qfi2,0.9486644000000001,ok,0.9561059852499392,proxy,5,0.9388307108745091,67852385.6,ok,0.005306818181818182,ok,0.9309568181818182,0.03598125,ok,ue1_qfi1,0.46938775510204084,49,100.0,data,ok,0.0,ue1_qfi1,73.75,ok,30.4,ue1_qfi2,0,0.0,0.0,30.303,ok,33.0,,pending,,pending,False,PF,1202413557
ue8_qfi9,297.25,300.0,300.25,300.25,ok,0.2899062860313456,ok,ue2_qfi1,0,0,0,125.24999999999986,data,ok,2.0,False,,proxy,3,0,ue4_qfi2,0.993421052631579,152,150.0,ok,ue1_qfi2,24.468,ok,7,ok,8,ue5_qfi2,0.9434796,ok,0.9540000486233883,proxy,5,0.9373535931269404,67024352.0,ok,0.004088636363636364,ok,0.9318465909090909,0.11294375,ok,ue8_qfi1,0.4489795918367347,49,100.0,data,ok,0.0,ue1_qfi1,21.0,ok,30.4,ue1_qfi2,0,0.0,0.0,30.303,ok,33.0,,pending,,pending,False,Reservation,1202413557
ue1_qfi9,16.25,61.5,73.0,78.5,ok,0.3645152952356026,ok,ue3_qfi1,0,0,0,112.49999999999983,data,ok,2.0,False,,proxy,3,0,ue6_qfi2,0.0,147,150.0,ok,ue3_qfi2,24.588,ok,4,ok,8,ue6_qfi2,0.0,ok,0.7186783531079766,proxy,5,0.7185606408851778,59198524.8,ok,0.004984090909090909,ok,0.9296,0.03629375,ok,ue5_qfi1,0.40816326530612246,49,100.0,data,ok,0.0,ue1_qfi9,62.25,ok,30.4,ue1_qfi2,0,0.0,0.0,30.303,ok,33.0,,pending,,pending,False,TwoTier,1202413557
ue8_qfi9,297.25,299.75,300.0,300.25,ok,0.27971139592061034,ok,ue6_qfi1,0,0,0,127.49999999999994,data,ok,2.0,False,,proxy,3,0,ue1_qfi2,1.0,152,150.0,ok,ue7_qfi2,27.182,ok,8,ok,8,ue6_qfi2,0.9632136,ok,0.9535034179449747,proxy,5,0.9441168874052279,67119078.4,ok,0.0052681818181818186,ok,0.9312920454545455,0.0381609375,ok,ue1_qfi1,0.4489795918367347,49,100.0,data,ok,0.0,ue6_qfi1,25.25,ok,30.4,ue1_qfi2,0,0.0,0.0,30.303,ok,33.0,,pending,,pending,False,PF,2008052738
ue7_qfi9,297.25,300.0,300.25,300.25,ok,0.2974000947664494,ok,ue4_qfi1,0,0,0,124.74999999999969,data,ok,2.0,False,,proxy,3,0,ue8_qfi2,0.0,147,150.0,ok,ue7_qfi2,22.112,ok,7,ok,8,ue8_qfi2,0.0,ok,0.8847349177013127,proxy,5,0.8767815628843124,65493089.6,ok,0.004211363636363636,ok,0.9319238636363636,0.101271875,ok,ue3_qfi1,0.46938775510204084,49,100.0,data,ok,0.0,ue5_qfi1,22.0,ok,30.2,ue1_qfi2,0,0.0,0.0,30.303,ok,33.0,,pending,,pending,False,Reservation,2008052738
ue3_qfi9,21.25,44.0,49.25,53.0,ok,0.3624470580784967,ok,ue5_qfi1,0,0,0,114.25000000000018,data,ok,2.0,False,,proxy,3,0,ue6_qfi2,0.0,147,150.0,ok,ue5_qfi2,23.059,ok,5,ok,8,ue6_qfi2,0.0,ok,0.7186707383962394,proxy,5,0.7186310293170859,59535216.0,ok,0.004254545454545454,ok,0.9320011363636364,0.0387015625,ok,ue2_qfi1,0.4489795918367347,49,100.0,data,ok,0.0,ue3_qfi9,31.75,ok,30.4,ue1_qfi2,0,0.0,0.0,30.303,ok,33.0,,pending,,pending,False,TwoTier,2008052738
ue8_qfi9,297.75,300.0,300.0,300.25,ok,0.2840860654350281,ok,ue3_qfi1,0,0,0,143.24999999999966,data,ok,2.0,False,,proxy,3,0,ue3_qfi2,0.9868421052631579,152,150.0,ok,ue3_qfi2,27.831,ok,8,ok,8,ue1_qfi2,0.9576,ok,0.9522815839861749,proxy,5,0.946425482734362,66760012.8,ok,0.005454545454545455,ok,0.9294965909090909,0.0371453125,ok,ue4_qfi1,0.46938775510204084,49,100.0,data,ok,0.0,ue3_qfi1,53.25,ok,30.4,ue1_qfi2,0,0.0,0.0,30.303,ok,33.0,,pending,,pending,False,PF,595598245
ue7_qfi9,297.25,300.0,300.25,300.25,ok,0.29186871904751605,ok,ue2_qfi1,0,0,0,123.7499999999998,data,ok,2.0,False,,proxy,3,0,ue8_qfi2,0.0,147,150.0,ok,ue6_qfi2,21.36,ok,7,ok,8,ue8_qfi2,0.0,ok,0.8856821584720074,proxy,5,0.8835885333121247,66034912.0,ok,0.004465909090909091,ok,0.9306147727272728,0.0956265625,ok,ue4_qfi1,0.4897959183673469,49,100.0,data,ok,0.0,ue3_qfi1,18.75,ok,30.4,ue1_qfi2,0,0.0,0.0,30.303,ok,33.0,,pending,,pending,False,Reservation,595598245
ue7_qfi9,294.25,299.75,300.0,300.25,ok,0.31686745570214536,ok,ue3_qfi1,0,0,0,169.99999999999994,data,ok,2.0,False,,proxy,3,0,ue8_qfi2,0.0,147,150.0,ok,ue6_qfi2,62.182,ok,5,ok,8,ue8_qfi2,0.0,ok,0.8098754217411418,proxy,5,0.7186938601866861,62806403.2,ok,0.004979545454545454,ok,0.9297397727272727,0.0348484375,ok,ue1_qfi1,0.40816326530612246,49,100.0,data,ok,0.0,ue1_qfi9,285.0,ok,30.2,ue2_qfi2,3,101.0,269.25,30.303,ok,33.0,,pending,,pending,False,TwoTier,595598245
ue8_qfi9,297.75,300.0,300.0,300.25,ok,0.27625226644682516,ok,ue7_qfi1,0,0,0,157.75000000000006,data,ok,2.0,False,,proxy,3,0,ue5_qfi2,0.993421052631579,152,150.0,ok,ue7_qfi2,26.427,ok,8,ok,8,ue6_qfi2,0.9574796,ok,0.9547934983375317,proxy,5,0.9451333632981905,67472545.6,ok,0.005004545454545454,ok,0.9326420454545454,0.036125,ok,ue3_qfi1,0.5102040816326531,49,100.0,data,ok,0.0,ue7_qfi1,54.75,ok,30.2,ue5_qfi2,1,66.25,66.25,30.303,ok,33.0,,pending,,pending,False,PF,1752032165
ue7_qfi9,297.5,300.0,300.25,300.25,ok,0.28617137477023336,ok,ue1_qfi1,0,0,0,123.7499999999998,data,ok,2.0,False,,proxy,3,0,ue8_qfi2,0.0,147,150.0,ok,ue7_qfi2,22.476,ok,7,ok,8,ue8_qfi2,0.0,ok,0.8868676856953203,proxy,5,0.8782849680547173,66481753.6,ok,0.0040659090909090905,ok,0.9321818181818182,0.093934375,ok,ue3_qfi1,0.42857142857142855,49,100.0,data,ok,0.0,ue5_qfi1,20.25,ok,30.4,ue1_qfi2,0,0.0,0.0,30.303,ok,33.0,,pending,,pending,False,Reservation,1752032165
ue1_qfi9,16.25,55.75,68.5,79.5,ok,0.3625156639488058,ok,ue1_qfi1,0,0,0,126.2500000000002,data,ok,2.0,False,,proxy,3,0,ue6_qfi2,0.0,148,150.0,ok,ue1_qfi2,24.575,ok,5,ok,8,ue6_qfi2,0.0,ok,0.7186209812784511,proxy,5,0.7185576300970289,59575515.2,ok,0.005159090909090909,ok,0.9322852272727272,0.0360984375,ok,ue4_qfi1,0.46938775510204084,49,100.0,data,ok,0.0,ue1_qfi9,63.25,ok,30.4,ue1_qfi2,0,0.0,0.0,30.303,ok,33.0,,pending,,pending,False,TwoTier,1752032165
ue8_qfi9,298.25,300.0,300.25,300.25,ok,0.3011103904006467,ok,ue2_qfi1,0,0,0,123.25000000000009,data,ok,2.0,False,,proxy,3,0,ue1_qfi2,1.0,152,150.0,ok,ue4_qfi2,26.966,ok,8,ok,8,ue6_qfi2,0.9598824,ok,0.9475989265894981,proxy,5,0.9416349293290103,65351342.4,ok,0.005243181818181818,ok,0.9314670454545455,0.03889375,ok,ue5_qfi1,0.4897959183673469,49,100.0,data,ok,0.0,ue6_qfi1,22.75,ok,30.4,ue1_qfi2,0,0.0,0.0,30.303,ok,33.0,,pending,,pending,False,PF,1440696407
ue7_qfi9,296.75,300.0,300.25,300.25,ok,0.31158242461724983,ok,ue1_qfi1,0,0,0,125.0,data,ok,2.0,False,,proxy,3,0,ue8_qfi2,0.0,148,150.0,ok,ue1_qfi2,22.087,ok,7,ok,8,ue8_qfi2,0.0,ok,0.8825049280386826,proxy,5,0.8786710719397332,64330721.6,ok,0.0045340909090909095,ok,0.9307386363636364,0.1008859375,ok,ue3_qfi1,0.4489795918367347,49,100.0,data,ok,0.0,ue1_qfi1,19.5,ok,30.2,ue4_qfi2,1,75.0,75.0,30.303,ok,33.0,,pending,,pending,False,Reservation,1440696407
ue4_qfi9,22.75,51.5,60.75,63.25,ok,0.3637401312709399,ok,ue4_qfi1,0,0,0,118.75000000000036,data,ok,2.0,False,,proxy,3,0,ue6_qfi2,0.0,148,150.0,ok,ue3_qfi2,23.794,ok,5,ok,8,ue6_qfi2,0.0,ok,0.7186730114582947,proxy,5,0.7186320330191571,59427748.8,ok,0.004952272727272727,ok,0.932084090909091,0.0376921875,ok,ue2_qfi1,0.42857142857142855,49,100.0,data,ok,0.0,ue1_qfi9,40.75,ok,30.4,ue3_qfi2,1,72.0,72.0,30.303,ok,33.0,,pending,,pending,False,TwoTier,1440696407
ue8_qfi9,297.75,300.0,300.0,300.25,ok,0.28737704807128767,ok,ue5_qfi1,0,0,0,125.74999999999959,data,ok,2.0,False,,proxy,3,0,ue1_qfi2,1.0,152,150.0,ok,ue6_qfi2,24.757,ok,8,ok,8,ue6_qfi2,0.9582951999999999,ok,0.9512654697301782,proxy,5,0.9437556964575341,66461212.8,ok,0.0054477272727272725,ok,0.9357420454545454,0.0382234375,ok,ue7_qfi1,0.5102040816326531,49,100.0,data,ok,0.0,ue8_qfi1,27.25,ok,30.4,ue1_qfi2,0,0.0,0.0,30.303,ok,33.0,,pending,,pending,False,PF,5880883
ue7_qfi9,295.5,299.75,300.0,300.25,ok,0.3002162721042066,ok,ue5_qfi1,0,0,0,121.75000000000003,data,ok,2.0,False,,proxy,3,0,ue8_qfi2,0.0,148,150.0,ok,ue7_qfi2,21.693,ok,7,ok,8,ue8_qfi2,0.0,ok,0.8841433659533934,proxy,5,0.8757793816242051,65279040.0,ok,0.0042204545454545455,ok,0.9334363636363636,0.0976078125,ok,ue5_qfi1,0.40816326530612246,49,100.0,data,ok,0.0,ue5_qfi1,21.25,ok,30.4,ue1_qfi2,0,0.0,0.0,30.303,ok,33.0,,pending,,pending,False,Reservation,5880883
ue7_qfi9,251.5,300.0,300.0,300.25,ok,0.2877194115077512,ok,ue3_qfi9,0,0,0,419.99999999999994,data,ok,2.0,False,,proxy,3,0,ue1_qfi2,1.0,152,150.0,ok,ue7_qfi2,87.519,ok,7,ok,8,ue2_qfi2,0.9496051999999999,ok,0.9086335236896957,proxy,5,0.8772343649141022,65924763.2,ok,0.005397727272727273,ok,0.9359920454545455,0.037984375,ok,ue3_qfi1,0.3235294117647059,34,100.0,data,ok,0.0,ue3_qfi9,134.75,ok,30.2,ue7_qfi2,11,142.25,940.0,30.303,ok,33.0,,pending,,pending,False,TwoTier,5880883
ue8_qfi9,298.0,300.0,300.0,300.25,ok,0.27428366221111206,ok,ue4_qfi1,0,0,0,122.99999999999977,data,ok,2.0,False,,proxy,3,0,ue1_qfi2,1.0,152,150.0,ok,ue2_qfi2,26.754,ok,8,ok,8,ue3_qfi2,0.9626796,ok,0.9551524903104429,proxy,5,0.9481896449647506,67663750.4,ok,0.005240909090909091,ok,0.9310295454545454,0.036503125,ok,ue1_qfi1,0.4489795918367347,49,100.0,data,ok,0.0,ue3_qfi1,25.5,ok,30.4,ue1_qfi2,0,0.0,0.0,30.303,ok,33.0,,pending,,pending,False,PF,846428919
ue7_qfi9,295.75,300.0,300.0,300.25,ok,0.2819149413362324,ok,ue5_qfi1,0,0,0,123.7499999999998,data,ok,2.0,False,,proxy,3,0,ue8_qfi2,0.0,148,150.0,ok,ue6_qfi2,22.209,ok,7,ok,8,ue8_qfi2,0.0,ok,0.8879676111875376,proxy,5,0.885222247473324,66890830.4,ok,0.004156818181818182,ok,0.9311727272727273,0.0938765625,ok,ue4_qfi1,0.42857142857142855,49,100.0,data,ok,0.0,ue5_qfi1,20.0,ok,30.2,ue6_qfi2,1,71.25,71.25,30.303,ok,33.0,,pending,,pending,False,Reservation,846428919
ue5_qfi9,21.0,48.75,55.0,57.5,ok,0.3637067029451073,ok,ue2_qfi1,0,0,0,114.99999999999977,data,ok,2.0,False,,proxy,3,0,ue6_qfi2,0.0,147,150.0,ok,ue5_qfi2,22.9,ok,5,ok,8,ue6_qfi2,0.0,ok,0.7186941831779725,proxy,5,0.7186581920942262,59481598.4,ok,0.005506818181818182,ok,0.9312636363636364,0.035646875,ok,ue2_qfi1,0.4897959183673469,49,100.0,data,ok,0.0,ue1_qfi9,40.75,ok,30.4,ue1_qfi2,0,0.0,0.0,30.303,ok,33.0,,pending,,pending,False,TwoTier,846428919
ue8_qfi9,297.25,299.75,300.0,300.25,ok,0.2860542310183119,ok,ue7_qfi1,0,0,0,146.50000000000009,data,ok,2.0,False,,proxy,3,0,ue1_qfi2,1.0,152,150.0,ok,ue7_qfi2,28.053,ok,8,ok,8,ue3_qfi2,0.95919,ok,0.950428581793572,proxy,5,0.9383609225768891,66613448.0,ok,0.0060704545454545455,ok,0.9334022727272727,0.03811875,ok,ue3_qfi1,0.4897959183673469,49,100.0,data,ok,0.0,ue7_qfi1,54.0,ok,30.4,ue1_qfi2,0,0.0,0.0,30.303,ok,33.0,,pending,,pending,False,PF,1841261662
ue7_qfi9,298.5,300.0,300.25,300.25,ok,0.3069959632052691,ok,ue5_qfi1,0,0,0,128.0000000000001,data,ok,2.0,False,,proxy,3,0,ue8_qfi2,0.0,147,150.0,ok,ue7_qfi2,23.091,ok,6,ok,8,ue8_qfi2,0.0,ok,0.8754058470281236,proxy,5,0.8631329375954717,64615404.8,ok,0.004325,ok,0.9328147727272728,0.1013609375,ok,ue5_qfi1,0.46938775510204084,49,100.0,data,ok,0.0,ue7_qfi2,93.977,ok,30.2,ue3_qfi2,1,75.0,75.0,30.303,ok,33.0,,pending,,pending,False,Reservation,1841261662
ue5_qfi9,22.5,50.0,59.0,64.5,ok,0.3634050551194812,ok,ue5_qfi1,0,0,0,120.49999999999983,data,ok,2.0,False,,proxy,3,0,ue6_qfi2,0.0,147,150.0,ok,ue5_qfi2,23.946,ok,5,ok,8,ue6_qfi2,0.0,ok,0.7186594825295414,proxy,5,0.7185994373583878,59471185.6,ok,0.005175,ok,0.9328818181818181,0.036921875,ok,ue1_qfi1,0.42857142857142855,49,100.0,data,ok,0.0,ue5_qfi9,42.0,ok,30.2,ue3_qfi2,1,72.5,72.5,30.303,ok,33.0,,pending,,pending,False,TwoTier,1841261662
ue8_qfi9,298.0,300.0,300.0,300.25,ok,0.26417513654262254,ok,ue1_qfi1,0,0,0,121.0,data,ok,2.0,False,,proxy,3,0,ue5_qfi2,0.9868421052631579,152,150.0,ok,ue4_qfi2,24.563,ok,8,ok,8,ue1_qfi2,0.9539755999999999,ok,0.9581701625258425,proxy,5,0.9506028826159804,68526480.0,ok,0.005020454545454546,ok,0.9339943181818182,0.0357875,ok,ue2_qfi1,0.4489795918367347,49,100.0,data,ok,0.0,ue1_qfi1,19.25,ok,30.2,ue2_qfi2,1,68.75,68.75,30.303,ok,33.0,,pending,,pending,False,PF,1190382222
ue7_qfi9,296.5,300.0,300.0,300.25,ok,0.2688321087645983,ok,ue3_qfi1,0,0,0,125.75000000000003,data,ok,2.0,False,,proxy,3,0,ue8_qfi2,0.0,147,150.0,ok,ue2_qfi2,20.748,ok,7,ok,8,ue8_qfi2,0.0,ok,0.8899568177882211,proxy,5,0.8839990826154094,68011289.6,ok,0.004027272727272727,ok,0.9338113636363636,0.092184375,ok,ue2_qfi1,0.40816326530612246,49,100.0,data,ok,0.0,ue3_qfi1,19.5,ok,30.4,ue1_qfi2,0,0.0,0.0,30.303,ok,33.0,,pending,,pending,False,Reservation,1190382222
ue8_qfi9,258.25,299.75,300.0,300.25,ok,0.26142004432076754,ok,ue4_qfi1,0,0,1,561.75,data,ok,2.0,False,,proxy,3,0,ue3_qfi2,0.9868421052631579,152,150.0,ok,ue4_qfi2,88.818,ok,8,ok,8,ue4_qfi2,0.951882,ok,0.9226262115824817,proxy,5,0.9025086578512006,68564032.0,ok,0.004859090909090909,ok,0.9344011363636363,0.035028125,ok,ue4_qfi1,0.30434782608695654,23,100.0,data,ok,0.0,ue7_qfi9,121.75,ok,29.6,ue4_qfi2,12,192.0,1045.0,30.303,ok,33.0,,pending,,pending,False,TwoTier,1190382222
ue8_qfi9,297.75,300.0,300.0,300.25,ok,0.27281055026320294,ok,ue3_qfi1,0,0,0,138.74999999999994,data,ok,2.0,False,,proxy,3,0,ue1_qfi2,1.0,152,150.0,ok,ue3_qfi2,25.167,ok,8,ok,8,ue4_qfi2,0.9603948,ok,0.9558780233242883,proxy,5,0.9426232627472049,67840243.2,ok,0.0052159090909090905,ok,0.9310102272727273,0.035028125,ok,ue3_qfi1,0.5102040816326531,49,100.0,data,ok,0.0,ue3_qfi1,44.75,ok,30.4,ue1_qfi2,0,0.0,0.0,30.303,ok,33.0,,pending,,pending,False,PF,72124473
ue7_qfi9,296.0,300.0,300.0,300.25,ok,0.28330034790064684,ok,ue2_qfi1,0,0,0,121.0,data,ok,2.0,False,,proxy,3,0,ue8_qfi2,0.0,148,150.0,ok,ue3_qfi2,21.603,ok,7,ok,8,ue8_qfi2,0.0,ok,0.8876530959423972,proxy,5,0.8774419389122214,66909198.4,ok,0.004243181818181818,ok,0.9300011363636363,0.091403125,ok,ue2_qfi1,0.5102040816326531,49,100.0,data,ok,0.0,ue1_qfi1,19.0,ok,30.2,ue1_qfi2,0,0.0,0.0,30.303,ok,33.0,,pending,,pending,False,Reservation,72124473
ue8_qfi9,289.5,299.75,300.0,300.25,ok,0.3211554675851156,ok,ue3_qfi1,0,0,0,119.7499999999998,data,ok,2.0,False,,proxy,3,0,ue7_qfi2,0.3026315789473684,152,150.0,ok,ue6_qfi2,91.891,ok,5,ok,8,ue7_qfi2,0.28791279999999997,ok,0.8022565830477848,proxy,5,0.7184804910022106,62576995.2,ok,0.0055681818181818185,ok,0.9315261363636363,0.03541875,ok,ue1_qfi1,0.46938775510204084,49,100.0,data,ok,0.0,ue1_qfi9,282.5,ok,30.4,ue5_qfi2,2,87.0,158.75,30.303,ok,33.0,,pending,,pending,False,TwoTier,72124473
ue8_qfi9,298.25,300.0,300.25,300.25,ok,0.27970312570500927,ok,ue5_qfi1,0,0,0,126.24999999999974,data,ok,2.0,False,,proxy,3,0,ue2_qfi2,0.993421052631579,152,150.0,ok,ue2_qfi2,25.521,ok,8,ok,8,ue8_qfi2,0.9567675999999999,ok,0.9527958577661986,proxy,5,0.941114837132418,67221630.4,ok,0.004970454545454545,ok,0.9303659090909091,0.036809375,ok,ue6_qfi1,0.4489795918367347,49,100.0,data,ok,0.0,ue2_qfi1,23.25,ok,30.2,ue3_qfi2,1,75.25,75.25,30.303,ok,33.0,,pending,,pending,False,PF,1642588603
ue7_qfi9,295.5,300.0,300.0,300.25,ok,0.2807994850405621,ok,ue6_qfi1,0,0,0,125.0,data,ok,2.0,False,,proxy,3,0,ue8_qfi2,0.0,147,150.0,ok,ue2_qfi2,21.667,ok,7,ok,8,ue8_qfi2,0.0,ok,0.8875127783990775,proxy,5,0.8773400225458026,67136174.4,ok,0.0045,ok,0.9322738636363637,0.094653125,ok,ue5_qfi1,0.3673469387755102,49,100.0,data,ok,0.0,ue5_qfi1,19.75,ok,30.0,ue1_qfi2,0,0.0,0.0,30.303,ok,33.0,,pending,,pending,False,Reservation,1642588603
ue2_qfi9,22.5,52.5,60.75,68.25,ok,0.3624989572562771,ok,ue4_qfi1,0,0,0,116.49999999999983,data,ok,2.0,False,,proxy,3,0,ue6_qfi2,0.0,147,150.0,ok,ue5_qfi2,26.141,ok,5,ok,8,ue6_qfi2,0.0,ok,0.7186591230292774,proxy,5,0.7185566899401551,59608464.0,ok,0.005043181818181818,ok,0.9309670454545454,0.03736875,ok,ue2_qfi1,0.4897959183673469,49,100.0,data,ok,0.0,ue2_qfi9,45.75,ok,30.4,ue5_qfi2,1,92.25,92.25,30.303,ok,33.0,,pending,,pending,False,TwoTier,1642588603
ue8_qfi9,297.75,299.75,300.0,300.25,ok,0.27604337609121643,ok,ue3_qfi1,0,0,0,124.75000000000014,data,ok,2.0,False,,proxy,3,0,ue1_qfi2,1.0,152,150.0,ok,ue3_qfi2,27.079,ok,8,ok,8,ue3_qfi2,0.969952,ok,0.9538241843315471,proxy,5,0.9435270578154691,67623774.4,ok,0.004970454545454545,ok,0.9328102272727272,0.03766875,ok,ue3_qfi1,0.4897959183673469,49,100.0,data,ok,0.0,ue8_qfi1,25.25,ok,30.4,ue1_qfi2,0,0.0,0.0,30.303,ok,33.0,,pending,,pending,False,PF,1566923138
ue3_qfi9,290.25,299.75,300.0,300.25,ok,0.2825908025997457,ok,ue3_qfi1,0,0,0,121.2500000000003,data,ok,2.0,False,,proxy,3,0,ue7_qfi2,0.0,147,150.0,ok,ue4_qfi2,19.02,ok,6,ok,8,ue7_qfi2,0.0,ok,0.8085288959680433,proxy,5,0.8069310593996782,66548961.6,ok,0.0044136363636363635,ok,0.9338931818181818,0.0932765625,ok,ue1_qfi1,0.42857142857142855,49,100.0,data,ok,0.0,ue5_qfi9,208.75,ok,30.4,ue1_qfi2,0,0.0,0.0,30.303,ok,33.0,,pending,,pending,False,Reservation,1566923138
ue1_qfi9,22.5,56.25,66.25,69.25,ok,0.36342532662615684,ok,ue1_qfi1,0,0,0,121.0,data,ok,2.0,False,,proxy,3,0,ue6_qfi2,0.0,147,150.0,ok,ue1_qfi2,26.254,ok,5,ok,8,ue6_qfi2,0.0,ok,0.718651338277132,proxy,5,0.7185849147312533,59557803.2,ok,0.005095454545454545,ok,0.9321909090909091,0.0387921875,ok,ue3_qfi1,0.46938775510204084,49,100.0,data,ok,0.0,ue1_qfi9,46.75,ok,30.4,ue1_qfi2,0,0.0,0.0,30.303,ok,33.0,,pending,,pending,False,TwoTier,1566923138
ue8_qfi9,297.25,299.75,300.0,300.25,ok,0.2739985901133601,ok,ue2_qfi1,0,0,0,121.99999999999989,data,ok,2.0,False,,proxy,3,0,ue2_qfi2,0.993421052631579,152,150.0,ok,ue7_qfi2,27.388,ok,8,ok,8,ue5_qfi2,0.957732,ok,0.9563313988113629,proxy,5,0.9500081021830574,67629956.8,ok,0.0051522727272727276,ok,0.9308625,0.0368734375,ok,ue7_qfi1,0.4897959183673469,49,100.0,data,ok,0.0,ue1_qfi1,19.5,ok,30.4,ue1_qfi2,0,0.0,0.0,30.303,ok,33.0,,pending,,pending,False,PF,1818006482
ue7_qfi9,295.75,300.0,300.0,300.25,ok,0.28772073309556906,ok,ue4_qfi1,0,0,0,119.00000000000021,data,ok,2.0,False,,proxy,3,0,ue8_qfi2,0.0,147,150.0,ok,ue6_qfi2,21.706,ok,7,ok,8,ue8_qfi2,0.0,ok,0.8873758861181035,proxy,5,0.8833619832125061,66329846.4,ok,0.004084090909090909,ok,0.9309636363636363,0.0971921875,ok,ue4_qfi1,0.4489795918367347,49,100.0,data,ok,0.0,ue5_qfi1,15.75,ok,30.2,ue1_qfi2,1,68.5,68.5,30.303,ok,33.0,,pending,,pending,False,Reservation,1818006482
ue1_qfi9,15.75,43.25,53.0,58.25,ok,0.36294040813900486,ok,ue2_qfi1,0,0,0,124.49999999999983,data,ok,2.0,False,,proxy,3,0,ue6_qfi2,0.0,147,150.0,ok,ue2_qfi2,24.055,ok,5,ok,8,ue6_qfi2,0.0,ok,0.7186856262658528,proxy,5,0.7186154624113119,59403580.8,ok,0.005361363636363636,ok,0.9301602272727273,0.0370078125,ok,ue1_qfi1,0.46938775510204084,49,100.0,data,ok,0.0,ue1_qfi9,42.5,ok,30.2,ue1_qfi2,1,66.5,66.5,30.303,ok,33.0,,pending,,pending,False,TwoTier,1818006482
ue8_qfi9,297.75,300.0,300.25,300.25,ok,0.26839497896706266,ok,ue4_qfi1,0,0,0,119.24999999999963,data,ok,2.0,False,,proxy,3,0,ue2_qfi2,0.993421052631579,152,150.0,ok,ue3_qfi2,28.163,ok,8,ok,8,ue5_qfi2,0.96288,ok,0.9561125750716808,proxy,5,0.9436718658648974,68146033.6,ok,0.005218181818181818,ok,0.9326875,0.0367203125,ok,ue7_qfi1,0.42857142857142855,49,100.0,data,ok,0.0,ue3_qfi2,18.982,ok,30.4,ue1_qfi2,0,0.0,0.0,30.303,ok,33.0,,pending,,pending,False,PF,377217572
ue3_qfi9,142.5,299.0,299.75,300.0,ok,0.26567918708128296,ok,ue3_qfi1,0,0,0,117.99999999999989,data,ok,2.0,False,,proxy,3,0,ue7_qfi2,0.0,147,150.0,ok,ue2_qfi2,19.719,ok,6,ok,8,ue7_qfi2,0.0,ok,0.8093045962046805,proxy,5,0.808005335321004,67580945.6,ok,0.004340909090909091,ok,0.9340431818181818,0.090165625,ok,ue6_qfi1,0.4489795918367347,49,100.0,data,ok,0.0,ue6_qfi9,263.0,ok,30.4,ue1_qfi2,0,0.0,0.0,30.303,ok,33.0,,pending,,pending,False,Reservation,377217572
ue8_qfi9,239.5,299.5,300.0,300.25,ok,0.30849789905070385,ok,ue7_qfi1,0,0,0,334.99999999999994,data,ok,2.0,False,,proxy,3,0,ue8_qfi2,0.5197368421052632,152,150.0,ok,ue7_qfi2,85.797,ok,5,ok,8,ue8_qfi2,0.5078088,ok,0.8381217140900084,proxy,5,0.7186512791879651,63858241.6,ok,0.004622727272727273,ok,0.9332272727272727,0.0364515625,ok,ue7_qfi1,0.4,15,100.0,data,ok,0.0,ue3_qfi9,283.75,ok,30.4,ue5_qfi2,5,78.5,365.75,30.303,ok,33.0,,pending,,pending,False,TwoTier,377217572
ue8_qfi9,297.25,299.75,300.0,300.25,ok,0.2805399791814463,ok,ue7_qfi1,0,0,0,133.75000000000003,data,ok,2.0,False,,proxy,3,0,ue1_qfi2,1.0,152,150.0,ok,ue4_qfi2,27.617,ok,8,ok,8,ue4_qfi2,0.9582956,ok,0.9521333255160641,proxy,5,0.943344332916918,67060888.0,ok,0.005559090909090909,ok,0.9337261363636363,0.0368359375,ok,ue3_qfi1,0.5102040816326531,49,100.0,data,ok,0.0,ue7_qfi1,29.25,ok,30.4,ue1_qfi2,0,0.0,0.0,30.303,ok,33.0,,pending,,pending,False,PF,191741830
ue8_qfi9,296.25,299.75,300.0,300.25,ok,0.29121743130058914,ok,ue2_qfi1,0,0,0,123.75000000000026,data,ok,2.0,False,,proxy,3,0,ue7_qfi2,0.0,147,150.0,ok,ue8_qfi2,24.87,ok,6,ok,8,ue7_qfi2,0.0,ok,0.8693740465340607,proxy,5,0.8092439225800914,65837331.199999996,ok,0.0043795454545454545,ok,0.9293681818181818,0.0944984375,ok,ue3_qfi1,0.46938775510204084,49,100.0,data,ok,0.0,ue8_qfi2,107.197,ok,30.4,ue1_qfi2,0,0.0,0.0,30.303,ok,33.0,,pending,,pending,False,Reservation,191741830
ue4_qfi9,32.25,63.25,70.75,83.75,ok,0.3644544454566458,ok,ue4_qfi1,0,0,0,137.9999999999999,data,ok,2.0,False,,proxy,3,0,ue6_qfi2,0.0,147,150.0,ok,ue5_qfi2,25.991,ok,5,ok,8,ue6_qfi2,0.0,ok,0.7186822616976846,proxy,5,0.7186134204677687,59162907.2,ok,0.005197727272727273,ok,0.9330659090909091,0.0385640625,ok,ue5_qfi1,0.40816326530612246,49,100.0,data,ok,0.0,ue4_qfi9,51.5,ok,30.4,ue3_qfi2,1,70.25,70.25,30.303,ok,33.0,,pending,,pending,False,TwoTier,191741830
ue8_qfi9,297.25,299.75,300.0,300.25,ok,0.30118800356927095,ok,ue2_qfi1,0,0,0,140.50000000000006,data,ok,2.0,False,,proxy,3,0,ue5_qfi2,0.993421052631579,152,150.0,ok,ue2_qfi2,25.631,ok,8,ok,8,ue5_qfi2,0.9629204,ok,0.9461533822427519,proxy,5,0.9378253789656734,65390153.6,ok,0.005465909090909091,ok,0.9327318181818182,0.039590625,ok,ue7_qfi1,0.42857142857142855,49,100.0,data,ok,0.0,ue2_qfi1,41.0,ok,30.4,ue1_qfi2,0,0.0,0.0,30.303,ok,33.0,,pending,,pending,False,PF,1853662620
ue7_qfi9,296.75,300.0,300.0,300.25,ok,0.3213660635369665,ok,ue3_qfi1,0,0,0,126.2500000000002,data,ok,2.0,False,,proxy,3,0,ue8_qfi2,0.0,147,150.0,ok,ue7_qfi2,22.25,ok,7,ok,8,ue8_qfi2,0.0,ok,0.8800360022946961,proxy,5,0.8745726915469265,63643065.6,ok,0.004497727272727273,ok,0.9323579545454546,0.105478125,ok,ue2_qfi1,0.4489795918367347,49,100.0,data,ok,0.0,ue3_qfi1,23.25,ok,30.4,ue1_qfi2,0,0.0,0.0,30.303,ok,33.0,,pending,,pending,False,Reservation,1853662620
ue4_qfi9,23.5,66.0,72.25,79.0,ok,0.36366659646389027,ok,ue2_qfi1,0,0,0,115.25000000000007,data,ok,2.0,False,,proxy,3,0,ue6_qfi2,0.0,147,150.0,ok,ue3_qfi2,26.462,ok,5,ok,8,ue6_qfi2,0.0,ok,0.7186608499400673,proxy,5,0.7186163054153766,59441945.6,ok,0.00465,ok,0.9330227272727273,0.0414796875,ok,ue1_qfi1,0.4489795918367347,49,100.0,data,ok,0.0,ue4_qfi9,55.5,ok,30.4,ue1_qfi2,0,0.0,0.0,30.303,ok,33.0,,pending,,pending,False,TwoTier,1853662620
ue8_qfi9,297.75,300.0,300.0,300.25,ok,0.27810915587568774,ok,ue6_qfi1,0,0,0,125.0,data,ok,2.0,False,,proxy,3,0,ue5_qfi2,0.993421052631579,152,150.0,ok,ue4_qfi2,26.5,ok,8,ok,8,ue8_qfi2,0.9604764,ok,0.953500712166058,proxy,5,0.9389800541215729,67419939.2,ok,0.004861363636363637,ok,0.9330681818181819,0.036934375,ok,ue1_qfi1,0.4489795918367347,49,100.0,data,ok,0.0,ue6_qfi1,26.0,ok,30.2,ue5_qfi2,1,69.25,69.25,30.303,ok,33.0,,pending,,pending,False,PF,47463574
ue6_qfi9,141.25,298.75,299.75,300.0,ok,0.28257472381785737,ok,ue3_qfi1,0,0,0,121.2500000000003,data,ok,2.0,False,,proxy,3,0,ue7_qfi2,0.0,147,150.0,ok,ue1_qfi2,20.066,ok,6,ok,8,ue7_qfi2,0.0,ok,0.8086324949532896,proxy,5,0.803556082427002,66000334.4,ok,0.004345454545454546,ok,0.9327897727272727,0.0911,ok,ue1_qfi1,0.4489795918367347,49,100.0,data,ok,0.0,ue3_qfi9,263.0,ok,30.4,ue1_qfi2,0,0.0,0.0,30.303,ok,33.0,,pending,,pending,False,Reservation,47463574
ue7_qfi9,290.75,299.75,300.0,300.25,ok,0.27395942073692575,ok,ue4_qfi1,0,0,0,493.75000000000034,data,ok,2.0,False,,proxy,3,0,ue5_qfi2,0.993421052631579,152,150.0,ok,ue4_qfi2,70.367,ok,8,ok,8,ue8_qfi2,0.9611116,ok,0.9312888151192862,proxy,5,0.9059731601573049,67376948.8,ok,0.005031818181818182,ok,0.9330761363636364,0.03635,ok,ue4_qfi1,0.36585365853658536,41,100.0,data,ok,0.0,ue3_qfi9,147.75,ok,30.2,ue5_qfi2,5,106.25,449.75,30.303,ok,33.0,,pending,,pending,False,TwoTier,47463574
ue7_qfi9,297.75,300.0,300.0,300.25,ok,0.26096843787415896,ok,ue4_qfi1,0,0,0,137.2500000000003,data,ok,2.0,False,,proxy,3,0,ue1_qfi2,1.0,152,150.0,ok,ue1_qfi2,26.206,ok,8,ok,8,ue5_qfi2,0.9554308,ok,0.9585356673090916,proxy,5,0.9567591067337774,68708016.0,ok,0.0053363636363636365,ok,0.9327556818181818,0.03579375,ok,ue6_qfi1,0.40816326530612246,49,100.0,data,ok,0.0,ue4_qfi1,46.0,ok,30.4,ue1_qfi2,0,0.0,0.0,30.303,ok,33.0,,pending,,pending,False,PF,1162779115
ue7_qfi9,296.25,299.75,300.0,300.25,ok,0.28346648675391806,ok,ue5_qfi1,0,0,0,125.24999999999986,data,ok,2.0,False,,proxy,3,0,ue8_qfi2,0.0,148,150.0,ok,ue3_qfi2,21.199,ok,7,ok,8,ue8_qfi2,0.0,ok,0.8876516849666002,proxy,5,0.8845229688290196,66635172.8,ok,0.004245454545454545,ok,0.9324102272727273,0.09594375,ok,ue1_qfi1,0.46938775510204084,49,100.0,data,ok,0.0,ue5_qfi1,20.0,ok,30.4,ue1_qfi2,0,0.0,0.0,30.303,ok,33.0,,pending,,pending,False,Reservation,1162779115
ue1_qfi9,22.25,50.5,58.5,62.25,ok,0.3633123811694704,ok,ue4_qfi1,0,0,0,117.24999999999986,data,ok,2.0,False,,proxy,3,0,ue6_qfi2,0.0,147,150.0,ok,ue1_qfi2,23.811,ok,5,ok,8,ue6_qfi2,0.0,ok,0.7186900589005314,proxy,5,0.7186582789068916,59376227.2,ok,0.004754545454545455,ok,0.9322863636363636,0.03790625,ok,ue3_qfi1,0.4897959183673469,49,100.0,data,ok,0.0,ue3_qfi9,41.25,ok,30.4,ue1_qfi2,0,0.0,0.0,30.303,ok,33.0,,pending,,pending,False,TwoTier,1162779115
ue8_qfi9,298.0,300.0,300.25,300.25,ok,0.2741142050129866,ok,ue3_qfi1,0,0,0,127.7499999999998,data,ok,2.0,False,,proxy,3,0,ue3_qfi2,0.993421052631579,152,150.0,ok,ue4_qfi2,25.79,ok,8,ok,8,ue1_qfi2,0.9621768,ok,0.9544044613067673,proxy,5,0.9452260736136752,67684265.6,ok,0.005315909090909091,ok,0.9332590909090909,0.0380375,ok,ue3_qfi1,0.42857142857142855,49,100.0,data,ok,0.0,ue3_qfi1,25.25,ok,30.2,ue3_qfi2,1,68.75,68.75,30.303,ok,33.0,,pending,,pending,False,PF,172656923
ue1_qfi9,293.5,299.75,300.0,300.25,ok,0.29022532873560647,ok,ue2_qfi1,0,0,0,121.49999999999972,data,ok,2.0,False,,proxy,3,0,ue7_qfi2,0.0,147,150.0,ok,ue2_qfi2,19.987,ok,6,ok,8,ue7_qfi2,0.0,ok,0.8083712883451349,proxy,5,0.806759196254571,65329112.0,ok,0.004284090909090909,ok,0.9332920454545455,0.098184375,ok,ue5_qfi1,0.46938775510204084,49,100.0,data,ok,0.0,ue5_qfi9,246.25,ok,30.4,ue1_qfi2,0,0.0,0.0,30.303,ok,33.0,,pending,,pending,False,Reservation,172656923
ue1_qfi9,22.25,55.5,60.5,63.25,ok,0.36270043882399,ok,ue5_qfi1,0,0,0,113.00000000000043,data,ok,2.0,False,,proxy,3,0,ue6_qfi2,0.0,147,150.0,ok,ue5_qfi2,24.46,ok,5,ok,8,ue6_qfi2,0.0,ok,0.7186854189339266,proxy,5,0.7186704109544825,59519944.0,ok,0.005131818181818182,ok,0.9339329545454546,0.038825,ok,ue5_qfi1,0.42857142857142855,49,100.0,data,ok,0.0,ue1_qfi9,41.0,ok,30.4,ue1_qfi2,0,0.0,0.0,30.303,ok,33.0,,pending,,pending,False,TwoTier,172656923
ue8_qfi9,297.75,300.0,300.0,300.25,ok,0.28927819528543974,ok,ue5_qfi1,0,0,0,190.25000000000003,data,ok,2.0,False,,proxy,3,0,ue5_qfi2,0.993421052631579,152,150.0,ok,ue4_qfi2,25.89,ok,8,ok,8,ue6_qfi2,0.9645044,ok,0.9502669071020593,proxy,5,0.9464738825564531,66365782.4,ok,0.0053,ok,0.9298556818181818,0.03824375,ok,ue8_qfi1,0.4897959183673469,49,100.0,data,ok,0.0,ue1_qfi1,24.25,ok,30.2,ue5_qfi2,1,72.5,72.5,30.303,ok,33.0,,pending,,pending,False,PF,643626383
ue7_qfi9,296.75,300.0,300.25,300.25,ok,0.2988950344542105,ok,ue7_qfi1,0,0,0,122.74999999999991,data,ok,2.0,False,,proxy,3,0,ue8_qfi2,0.0,147,150.0,ok,ue5_qfi2,22.005,ok,7,ok,8,ue8_qfi2,0.0,ok,0.8841775269687802,proxy,5,0.8803565238365514,65455716.8,ok,0.004320454545454546,ok,0.9308375,0.100078125,ok,ue4_qfi1,0.42857142857142855,49,100.0,data,ok,0.0,ue5_qfi1,18.75,ok,30.4,ue1_qfi2,0,0.0,0.0,30.303,ok,33.0,,pending,,pending,False,Reservation,643626383
ue1_qfi9,20.0,44.75,53.0,57.75,ok,0.36282450912682346,ok,ue3_qfi1,0,0,0,113.99999999999989,data,ok,2.0,False,,proxy,3,0,ue6_qfi2,0.0,148,150.0,ok,ue4_qfi2,24.076,ok,5,ok,8,ue6_qfi2,0.0,ok,0.7186715182374619,proxy,5,0.7185558928120999,59588782.4,ok,0.0052977272727272725,ok,0.9295375,0.039790625,ok,ue4_qfi1,0.46938775510204084,49,100.0,data,ok,0.0,ue1_qfi9,37.75,ok,30.4,ue1_qfi2,0,0.0,0.0,30.303,ok,33.0,,pending,,pending,False,TwoTier,643626383
ue8_qfi9,297.75,300.0,300.0,300.25,ok,0.2662815572607046,ok,ue7_qfi1,0,0,0,197.75000000000009,data,ok,2.0,False,,proxy,3,0,ue4_qfi2,0.9868421052631579,152,150.0,ok,ue7_qfi2,28.607,ok,8,ok,8,ue2_qfi2,0.953988,ok,0.9568994018490887,proxy,5,0.9504488082136882,68293448.0,ok,0.004652272727272727,ok,0.9330352272727273,0.0350265625,ok,ue7_qfi1,0.4583333333333333,48,100.0,data,ok,0.0,ue5_qfi1,32.0,ok,30.0,ue4_qfi2,2,68.5,135.75,30.303,ok,33.0,,pending,,pending,False,PF,1033071480
ue6_qfi9,216.0,298.75,299.75,300.0,ok,0.2638309360919517,ok,ue1_qfi1,0,0,0,122.50000000000006,data,ok,2.0,False,,proxy,3,0,ue7_qfi2,0.0,147,150.0,ok,ue3_qfi2,19.75,ok,6,ok,8,ue7_qfi2,0.0,ok,0.8099766291741849,proxy,5,0.8083728852606297,67827617.6,ok,0.0043022727272727275,ok,0.9323397727272728,0.084925,ok,ue3_qfi1,0.4489795918367347,49,100.0,data,ok,0.0,ue4_qfi9,150.5,ok,30.4,ue1_qfi2,0,0.0,0.0,30.303,ok,33.0,,pending,,pending,False,Reservation,1033071480
ue3_qfi9,14.75,38.0,45.75,49.0,ok,0.36234565902655613,ok,ue1_qfi1,0,0,0,201.24999999999994,data,ok,2.0,False,,proxy,3,0,ue6_qfi2,0.0,147,150.0,ok,ue4_qfi2,21.541,ok,5,ok,8,ue6_qfi2,0.0,ok,0.7186435912807178,proxy,5,0.7184060469815071,59556721.6,ok,0.005043181818181818,ok,0.9326886363636364,0.0339546875,ok,ue3_qfi1,0.4489795918367347,49,100.0,data,ok,0.0,ue3_qfi9,34.25,ok,30.2,ue3_qfi2,1,72.5,72.5,30.303,ok,33.0,,pending,,pending,False,TwoTier,1033071480
ue8_qfi9,297.25,300.0,300.0,300.25,ok,0.2700357326413908,ok,ue5_qfi1,0,0,0,128.50000000000028,data,ok,2.0,False,,proxy,3,0,ue1_qfi2,1.0,152,150.0,ok,ue4_qfi2,27.321,ok,8,ok,8,ue5_qfi2,0.9672048000000001,ok,0.9559378962740048,proxy,5,0.9494353522271269,68080969.6,ok,0.004488636363636364,ok,0.9302886363636363,0.0355453125,ok,ue8_qfi1,0.4489795918367347,49,100.0,data,ok,0.0,ue5_qfi1,24.5,ok,30.4,ue1_qfi2,0,0.0,0.0,30.303,ok,33.0,,pending,,pending,False,PF,907713895
ue4_qfi9,294.5,299.75,300.0,300.25,ok,0.27773712212953044,ok,ue6_qfi1,0,0,0,120.24999999999997,data,ok,2.0,False,,proxy,3,0,ue7_qfi2,0.0,148,150.0,ok,ue6_qfi2,19.442,ok,6,ok,8,ue7_qfi2,0.0,ok,0.8086881358850734,proxy,5,0.8061455317956673,66419579.2,ok,0.004059090909090909,ok,0.9314488636363636,0.0921,ok,ue2_qfi1,0.3877551020408163,49,100.0,data,ok,0.0,ue3_qfi9,194.25,ok,30.4,ue1_qfi2,0,0.0,0.0,30.303,ok,33.0,,pending,,pending,False,Reservation,907713895
ue4_qfi9,29.5,52.0,56.5,59.5,ok,0.363465278857999,ok,ue1_qfi1,0,0,0,116.49999999999983,data,ok,2.0,False,,proxy,3,0,ue6_qfi2,0.0,147,150.0,ok,ue4_qfi2,23.412,ok,5,ok,8,ue6_qfi2,0.0,ok,0.718665160258906,proxy,5,0.718627315120607,59469761.6,ok,0.004995454545454545,ok,0.930340909090909,0.0373875,ok,ue2_qfi1,0.4897959183673469,49,100.0,data,ok,0.0,ue5_qfi9,34.25,ok,30.4,ue1_qfi2,0,0.0,0.0,30.303,ok,33.0,,pending,,pending,False,TwoTier,907713895
ue8_qfi9,297.0,299.75,300.0,300.25,ok,0.5124241156391642,ok,ue4_qfi1,0,0,0,171.2500000000001,data,ok,2.0,False,,proxy,3,0,ue1_qfi2,1.0,152,150.0,ok,ue4_qfi2,29.939,ok,8,ok,8,ue7_qfi2,0.9643304,ok,0.9286902840774373,proxy,5,0.9187605039840403,68779820.8,ok,0.0046113636363636365,ok,0.9307159090909091,0.0347484375,ok,ue2_qfi1,0.4897959183673469,49,100.0,data,ok,0.0,ue4_qfi1,85.0,ok,30.4,ue1_qfi2,0,0.0,0.0,30.303,ok,33.0,,pending,,pending,True,PF,1826701614
ue8_qfi9,297.25,300.0,300.25,300.25,ok,0.5271556032261951,ok,ue4_qfi1,0,0,0,124.75000000000014,data,ok,2.0,False,,proxy,3,0,ue5_qfi2,0.993421052631579,152,150.0,ok,ue4_qfi2,24.776,ok,8,ok,8,ue5_qfi2,0.959814,ok,0.9259058362940322,proxy,5,0.9159594544405738,67577691.2,ok,0.004015909090909091,ok,0.9317272727272727,0.109653125,ok,ue2_qfi1,0.40816326530612246,49,100.0,data,ok,0.0,ue7_qfi1,31.75,ok,30.4,ue1_qfi2,0,0.0,0.0,30.303,ok,33.0,,pending,,pending,True,Reservation,1826701614
ue8_qfi8,300.0,300.25,300.25,300.25,ok,0.5281934587382271,ok,ue8_qfi8,0,1,1,1835.0,data,ok,2.0,False,,proxy,3,0,ue6_qfi2,0.7682119205298014,151,150.0,ok,ue4_qfi2,123.146,ok,4,ok,8,ue6_qfi2,0.7505535999999999,ok,0.8412904915327803,proxy,5,0.6968993599556814,66874019.199999996,ok,0.004831818181818182,ok,0.9303465909090909,0.0340609375,ok,ue4_qfi1,0.35714285714285715,28,100.0,data,ok,0.0,ue4_qfi9,279.5,ok,29.0,ue4_qfi2,18,100.25,1549.25,30.303,ok,33.0,,pending,,pending,True,TwoTier,1826701614
ue8_qfi9,296.75,299.75,300.0,300.25,ok,0.5112294854286115,ok,ue3_qfi1,0,0,0,126.2500000000002,data,ok,2.0,False,,proxy,3,0,ue1_qfi2,1.0,152,150.0,ok,ue5_qfi2,25.779,ok,8,ok,8,ue7_qfi2,0.9582188,ok,0.9291999696944595,proxy,5,0.922410316984225,68872204.8,ok,0.004809090909090909,ok,0.9316363636363636,0.0362765625,ok,ue4_qfi1,0.4489795918367347,49,100.0,data,ok,0.0,ue3_qfi1,24.5,ok,30.4,ue1_qfi2,0,0.0,0.0,30.303,ok,33.0,,pending,,pending,True,PF,1367864806
ue8_qfi9,297.0,300.0,300.25,300.25,ok,0.5243386579820528,ok,ue1_qfi1,0,0,0,122.74999999999991,data,ok,2.0,False,,proxy,3,0,ue1_qfi2,1.0,152,150.0,ok,ue1_qfi2,23.25,ok,8,ok,8,ue7_qfi2,0.9577568000000001,ok,0.9273551093704644,proxy,5,0.9216743278764108,67929856.0,ok,0.004165909090909091,ok,0.9340329545454545,0.1141125,ok,ue5_qfi1,0.4489795918367347,49,100.0,data,ok,0.0,ue8_qfi1,32.5,ok,30.4,ue1_qfi2,0,0.0,0.0,30.303,ok,33.0,,pending,,pending,True,Reservation,1367864806
ue5_qfi9,22.75,45.0,50.25,54.75,ok,0.5763419952592493,ok,ue1_qfi1,0,0,0,112.50000000000027,data,ok,2.0,False,,proxy,3,0,ue6_qfi2,0.0,147,150.0,ok,ue1_qfi2,24.314,ok,5,ok,8,ue6_qfi2,0.0,ok,0.6969101345608595,proxy,5,0.6968816589731816,59460011.2,ok,0.005788636363636364,ok,0.9314272727272728,0.0372453125,ok,ue4_qfi1,0.3877551020408163,49,100.0,data,ok,0.0,ue1_qfi9,37.75,ok,30.2,ue5_qfi2,1,70.5,70.5,30.303,ok,33.0,,pending,,pending,True,TwoTier,1367864806
ue8_qfi9,297.75,300.0,300.0,300.25,ok,0.5539505929006091,ok,ue5_qfi1,0,0,0,133.75000000000003,data,ok,2.0,False,,proxy,3,0,ue4_qfi2,0.993421052631579,152,150.0,ok,ue3_qfi2,28.107,ok,8,ok,8,ue7_qfi2,0.9605768,ok,0.9105208798596864,proxy,5,0.8968627809966983,63262592.0,ok,0.005479545454545455,ok,0.9317193181818182,0.0421796875,ok,ue7_qfi1,0.46938775510204084,49,100.0,data,ok,0.0,ue3_qfi1,29.0,ok,30.4,ue1_qfi2,0,0.0,0.0,30.303,ok,33.0,,pending,,pending,True,PF,1097657231
ue7_qfi9,296.5,300.0,300.0,300.25,ok,0.5648172480274317,ok,ue3_qfi1,0,0,0,119.24999999999963,data,ok,2.0,False,,proxy,3,0,ue8_qfi2,0.0,148,150.0,ok,ue5_qfi2,22.692,ok,7,ok,8,ue8_qfi2,0.0,ok,0.8483550080252437,proxy,5,0.834861034104667,61880841.6,ok,0.0045295454545454545,ok,0.9317727272727273,0.1107109375,ok,ue7_qfi1,0.4489795918367347,49,100.0,data,ok,0.0,ue4_qfi1,20.25,ok,30.4,ue1_qfi2,0,0.0,0.0,30.303,ok,33.0,,pending,,pending,True,Reservation,1097657231
ue3_qfi9,62.5,212.75,234.5,243.75,ok,0.5764451524858456,ok,ue3_qfi1,0,0,0,131.75000000000026,data,ok,2.0,False,,proxy,3,0,ue6_qfi2,0.0,147,150.0,ok,ue4_qfi2,37.016,ok,5,ok,8,ue6_qfi2,0.0,ok,0.6962858172877072,proxy,5,0.6955386472369403,59431400.0,ok,0.005134090909090909,ok,0.9320034090909091,0.043940625,ok,ue1_qfi1,0.40816326530612246,49,100.0,data,ok,0.0,ue3_qfi9,181.25,ok,30.4,ue2_qfi2,6,79.5,426.75,30.303,ok,33.0,,pending,,pending,True,TwoTier,1097657231
ue8_qfi9,297.75,299.75,300.0,300.25,ok,0.515859844562051,ok,ue3_qfi1,0,0,0,121.24999999999986,data,ok,2.0,False,,proxy,3,0,ue5_qfi2,0.993421052631579,152,150.0,ok,ue7_qfi2,25.423,ok,8,ok,8,ue2_qfi2,0.9648984,ok,0.9276651901939112,proxy,5,0.9179517492253326,68299393.6,ok,0.004893181818181818,ok,0.9310488636363636,0.03561875,ok,ue2_qfi1,0.46938775510204084,49,100.0,data,ok,0.0,ue2_qfi1,24.75,ok,30.4,ue1_qfi2,0,0.0,0.0,30.303,ok,33.0,,pending,,pending,True,PF,579362555
ue7_qfi9,297.5,300.0,300.25,300.25,ok,0.5223353531003987,ok,ue6_qfi1,0,0,0,122.24999999999974,data,ok,2.0,False,,proxy,3,0,ue8_qfi2,0.0,147,150.0,ok,ue4_qfi2,21.572,ok,7,ok,8,ue8_qfi2,0.0,ok,0.8615757560639278,proxy,5,0.8570153969824404,67400713.6,ok,0.004052272727272727,ok,0.9334556818181818,0.0915671875,ok,ue1_qfi1,0.4489795918367347,49,100.0,data,ok,0.0,ue6_qfi1,19.75,ok,30.4,ue1_qfi2,0,0.0,0.0,30.303,ok,33.0,,pending,,pending,True,Reservation,579362555
ue4_qfi9,20.5,44.75,49.5,51.75,ok,0.5756917355712539,ok,ue1_qfi1,0,0,0,112.24999999999996,data,ok,2.0,False,,proxy,3,0,ue6_qfi2,0.0,148,150.0,ok,ue4_qfi2,21.696,ok,5,ok,8,ue6_qfi2,0.0,ok,0.6969018692721719,proxy,5,0.6968522811487655,59674830.4,ok,0.004909090909090909,ok,0.9316806818181819,0.03511875,ok,ue2_qfi1,0.4897959183673469,49,100.0,data,ok,0.0,ue2_qfi9,35.25,ok,30.4,ue1_qfi2,0,0.0,0.0,30.303,ok,33.0,,pending,,pending,True,TwoTier,579362555
ue8_qfi9,296.75,299.75,300.0,300.25,ok,0.5246694130244005,ok,ue6_qfi1,0,0,0,131.49999999999994,data,ok,2.0,False,,proxy,3,0,ue2_qfi2,0.993421052631579,152,150.0,ok,ue1_qfi2,25.689,ok,8,ok,8,ue7_qfi2,0.963618,ok,0.9241434250102405,proxy,5,0.9202615936516517,67103734.4,ok,0.004709090909090909,ok,0.9321045454545455,0.037834375,ok,ue3_qfi1,0.4489795918367347,49,100.0,data,ok,0.0,ue6_qfi1,29.25,ok,30.2,ue2_qfi2,1,68.25,68.25,30.303,ok,33.0,,pending,,pending,True,PF,661058651
ue6_qfi9,283.0,299.25,299.75,300.0,ok,0.5265410098853255,ok,ue2_qfi1,0,0,0,194.74999999999997,data,ok,2.0,False,,proxy,3,0,ue7_qfi2,0.0,148,150.0,ok,ue2_qfi2,19.594,ok,6,ok,8,ue7_qfi2,0.0,ok,0.7841727645461862,proxy,5,0.7819737730568675,66011824.0,ok,0.004134090909090909,ok,0.9326215909090909,0.0967203125,ok,ue3_qfi1,0.42857142857142855,49,100.0,data,ok,0.0,ue1_qfi9,79.75,ok,30.0,ue2_qfi2,2,70.75,138.5,30.303,ok,33.0,,pending,,pending,True,Reservation,661058651
ue8_qfi8,299.75,300.25,300.25,300.25,ok,0.5276011543413519,ok,ue8_qfi8,0,0,1,886.25,data,ok,2.0,False,,proxy,3,0,ue8_qfi2,0.993421052631579,152,150.0,ok,ue7_qfi2,82.65,ok,8,ok,8,ue7_qfi2,0.9570964000000001,ok,0.8783568943200365,proxy,5,0.8569713941627397,68565513.6,ok,0.004647727272727273,ok,0.9318886363636364,0.03564375,ok,ue7_qfi1,0.42857142857142855,28,100.0,data,ok,0.0,ue8_qfi9,158.25,ok,30.2,ue7_qfi2,4,104.0,371.0,30.303,ok,33.0,,pending,,pending,True,TwoTier,661058651
ue7_qfi9,296.25,299.75,300.0,300.25,ok,0.5066785832671072,ok,ue6_qfi1,0,0,0,123.75000000000026,data,ok,2.0,False,,proxy,3,0,ue6_qfi2,0.993421052631579,152,150.0,ok,ue3_qfi2,24.836,ok,8,ok,8,ue3_qfi2,0.953024,ok,0.930282982579309,proxy,5,0.9245988766942667,69629211.2,ok,0.004879545454545454,ok,0.9321306818181818,0.034984375,ok,ue5_qfi1,0.4489795918367347,49,100.0,data,ok,0.0,ue6_qfi1,20.25,ok,30.2,ue6_qfi2,1,68.0,68.0,30.303,ok,33.0,,pending,,pending,True,PF,87989972
ue6_qfi9,101.5,298.75,299.75,300.0,ok,0.5254143460718964,ok,ue3_qfi1,0,0,0,119.75,data,ok,2.0,False,,proxy,3,0,ue7_qfi2,0.0,147,150.0,ok,ue2_qfi2,18.763,ok,6,ok,8,ue7_qfi2,0.0,ok,0.7843693273057466,proxy,5,0.7826395729895178,66107353.6,ok,0.004059090909090909,ok,0.9326272727272727,0.0915734375,ok,ue2_qfi1,0.46938775510204084,49,100.0,data,ok,0.0,ue5_qfi9,210.75,ok,30.4,ue1_qfi2,0,0.0,0.0,30.303,ok,33.0,,pending,,pending,True,Reservation,87989972
ue3_qfi9,21.75,51.25,56.25,63.25,ok,0.5764912779648407,ok,ue4_qfi1,0,0,0,115.25000000000007,data,ok,2.0,False,,proxy,3,0,ue6_qfi2,0.0,147,150.0,ok,ue5_qfi2,23.254,ok,5,ok,8,ue6_qfi2,0.0,ok,0.6968985948154355,proxy,5,0.6968634426201029,59536715.2,ok,0.005231818181818182,ok,0.9325295454545455,0.0371484375,ok,ue4_qfi1,0.46938775510204084,49,100.0,data,ok,0.0,ue3_qfi9,41.5,ok,30.2,ue1_qfi2,0,0.0,0.0,30.303,ok,33.0,,pending,,pending,True,TwoTier,87989972
ue8_qfi9,297.75,300.0,300.0,300.25,ok,0.5264606161785685,ok,ue4_qfi1,0,0,0,126.75000000000037,data,ok,2.0,False,,proxy,3,0,ue8_qfi2,0.993421052631579,152,150.0,ok,ue4_qfi2,28.5,ok,8,ok,8,ue8_qfi2,0.961832,ok,0.9238591765403804,proxy,5,0.9192144341753022,66866788.8,ok,0.004865909090909091,ok,0.9330806818181818,0.0372359375,ok,ue5_qfi1,0.4489795918367347,49,100.0,data,ok,0.0,ue4_qfi1,24.5,ok,30.2,ue8_qfi2,1,66.0,66.0,30.303,ok,33.0,,pending,,pending,True,PF,161576974
ue7_qfi9,294.75,299.75,300.0,300.25,ok,0.533659317837859,ok,ue1_qfi1,0,0,0,125.50000000000017,data,ok,2.0,False,,proxy,3,0,ue8_qfi2,0.0,147,150.0,ok,ue4_qfi2,23.136,ok,7,ok,8,ue8_qfi2,0.0,ok,0.8587269679149732,proxy,5,0.850490972823245,65908614.4,ok,0.004372727272727273,ok,0.9331772727272727,0.0973796875,ok,ue7_qfi1,0.46938775510204084,49,100.0,data,ok,0.0,ue1_qfi1,20.0,ok,30.4,ue1_qfi2,0,0.0,0.0,30.303,ok,33.0,,pending,,pending,True,Reservation,161576974
ue1_qfi9,20.75,58.5,69.75,76.0,ok,0.5759660046950207,ok,ue4_qfi1,0,0,0,116.74999999999969,data,ok,2.0,False,,proxy,3,0,ue6_qfi2,0.0,148,150.0,ok,ue1_qfi2,27.089,ok,5,ok,8,ue6_qfi2,0.0,ok,0.6969205868102816,proxy,5,0.696885535332258,59621067.2,ok,0.005422727272727273,ok,0.9326556818181818,0.0385015625,ok,ue5_qfi1,0.4489795918367347,49,100.0,data,ok,0.0,ue3_qfi9,58.75,ok,30.4,ue2_qfi2,2,81.75,157.5,30.303,ok,33.0,,pending,,pending,True,TwoTier,161576974
ue7_qfi9,296.75,300.0,300.0,300.25,ok,0.51003635747909,ok,ue5_qfi1,0,0,0,135.25000000000009,data,ok,2.0,False,,proxy,3,0,ue8_qfi2,0.993421052631579,152,150.0,ok,ue5_qfi2,25.032,ok,8,ok,8,ue4_qfi2,0.95675,ok,0.9299971621376324,proxy,5,0.9230674034686263,68923964.8,ok,0.005056818181818181,ok,0.9345261363636364,0.0356609375,ok,ue6_qfi1,0.4897959183673469,49,100.0,data,ok,0.0,ue5_qfi1,41.25,ok,30.4,ue1_qfi2,0,0.0,0.0,30.303,ok,33.0,,pending,,pending,True,PF,35492826
ue8_qfi9,297.0,300.0,300.25,300.25,ok,0.5260209787934401,ok,ue5_qfi1,0,0,0,124.24999999999997,data,ok,2.0,False,,proxy,3,0,ue6_qfi2,0.993421052631579,152,150.0,ok,ue7_qfi2,23.084,ok,8,ok,8,ue4_qfi2,0.9540824,ok,0.9269306325638983,proxy,5,0.9182718173832808,67560867.2,ok,0.004025,ok,0.9316954545454545,0.1117703125,ok,ue2_qfi1,0.42857142857142855,49,100.0,data,ok,0.0,ue1_qfi1,19.0,ok,30.2,ue6_qfi2,1,72.0,72.0,30.303,ok,33.0,,pending,,pending,True,Reservation,35492826
ue4_qfi9,17.25,50.0,60.25,65.0,ok,0.5767369070264058,ok,ue1_qfi1,0,0,0,117.75000000000003,data,ok,2.0,False,,proxy,3,0,ue6_qfi2,0.0,148,150.0,ok,ue5_qfi2,22.33,ok,5,ok,8,ue6_qfi2,0.0,ok,0.6968917103115367,proxy,5,0.6968546763979546,59364771.2,ok,0.005559090909090909,ok,0.9340465909090909,0.03695625,ok,ue1_qfi1,0.46938775510204084,49,100.0,data,ok,0.0,ue4_qfi9,47.75,ok,30.2,ue1_qfi2,2,74.25,143.0,30.303,ok,33.0,,pending,,pending,True,TwoTier,35492826
ue8_qfi9,297.75,300.0,300.0,300.25,ok,0.5273914588410221,ok,ue7_qfi1,0,0,0,127.49999999999994,data,ok,2.0,False,,proxy,3,0,ue1_qfi2,1.0,152,150.0,ok,ue4_qfi2,24.887,ok,8,ok,8,ue1_qfi2,0.9620951999999999,ok,0.9238021265782006,proxy,5,0.918329756608437,66743721.6,ok,0.004570454545454545,ok,0.9340818181818182,0.038253125,ok,ue5_qfi1,0.4489795918367347,49,100.0,data,ok,0.0,ue8_qfi1,26.25,ok,30.4,ue1_qfi2,0,0.0,0.0,30.303,ok,33.0,,pending,,pending,True,PF,376383645
ue7_qfi9,295.75,299.75,300.0,300.25,ok,0.5348881140418306,ok,ue7_qfi1,0,0,0,122.99999999999977,data,ok,2.0,False,,proxy,3,0,ue8_qfi2,0.0,147,150.0,ok,ue5_qfi2,21.811,ok,7,ok,8,ue8_qfi2,0.0,ok,0.8587913713568616,proxy,5,0.8544110699237829,65729395.2,ok,0.004163636363636363,ok,0.935075,0.0988921875,ok,ue5_qfi1,0.46938775510204084,49,100.0,data,ok,0.0,ue7_qfi1,20.0,ok,30.4,ue1_qfi2,0,0.0,0.0,30.303,ok,33.0,,pending,,pending,True,Reservation,376383645
ue4_qfi9,22.0,54.0,61.25,68.25,ok,0.5760148582246731,ok,ue3_qfi1,0,0,0,115.00000000000021,data,ok,2.0,False,,proxy,3,0,ue6_qfi2,0.0,147,150.0,ok,ue4_qfi2,23.398,ok,5,ok,8,ue6_qfi2,0.0,ok,0.6968646458449442,proxy,5,0.6968051879496936,59599048.0,ok,0.004763636363636364,ok,0.9333659090909091,0.0392421875,ok,ue4_qfi1,0.4489795918367347,49,100.0,data,ok,0.0,ue4_qfi9,46.25,ok,30.4,ue1_qfi2,0,0.0,0.0,30.303,ok,33.0,,pending,,pending,True,TwoTier,376383645
ue8_qfi9,297.5,299.75,300.0,300.25,ok,0.5209792678382523,ok,ue3_qfi1,0,0,0,168.75000000000017,data,ok,2.0,False,,proxy,3,0,ue5_qfi2,0.993421052631579,152,150.0,ok,ue3_qfi2,27.892,ok,8,ok,8,ue4_qfi2,0.9580064,ok,0.925448379592386,proxy,5,0.9212760468749422,67570009.6,ok,0.005638636363636364,ok,0.9336397727272727,0.036540625,ok,ue1_qfi1,0.5306122448979592,49,100.0,data,ok,0.0,ue3_qfi1,70.75,ok,30.4,ue1_qfi2,0,0.0,0.0,30.303,ok,33.0,,pending,,pending,True,PF,1746484539
ue7_qfi9,295.25,299.75,300.0,300.25,ok,0.5300972612557335,ok,ue7_qfi1,0,0,0,204.25000000000006,data,ok,2.0,False,,proxy,3,0,ue8_qfi2,0.0,147,150.0,ok,ue3_qfi2,21.296,ok,7,ok,8,ue8_qfi2,0.0,ok,0.8592781886566444,proxy,5,0.855147881100224,66354873.6,ok,0.004172727272727272,ok,0.9333625,0.0950453125,ok,ue1_qfi1,0.40816326530612246,49,100.0,data,ok,0.0,ue6_qfi1,23.25,ok,30.2,ue7_qfi2,1,75.75,75.75,30.303,ok,33.0,,pending,,pending,True,Reservation,1746484539
ue8_qfi8,300.0,300.25,300.25,300.25,ok,0.523353886829388,ok,ue3_qfi1,0,0,0,459.24999999999994,data,ok,2.0,False,,proxy,3,0,ue3_qfi2,0.993421052631579,152,150.0,ok,ue6_qfi2,69.414,ok,7,ok,8,ue4_qfi2,0.9479704,ok,0.8997675813558297,proxy,5,0.8762464640683865,67786992.0,ok,0.00565,ok,0.9336159090909091,0.0353609375,ok,ue4_qfi1,0.4489795918367347,49,100.0,data,ok,0.0,ue8_qfi9,277.25,ok,30.2,ue3_qfi2,6,101.25,471.75,30.303,ok,33.0,,pending,,pending,True,TwoTier,1746484539
ue8_qfi9,297.5,300.0,300.0,300.25,ok,0.5348761461346948,ok,ue4_qfi1,0,0,0,139.24999999999997,data,ok,2.0,False,,proxy,3,0,ue4_qfi2,0.993421052631579,152,150.0,ok,ue5_qfi2,25.141,ok,8,ok,8,ue3_qfi2,0.957236,ok,0.9204181081627627,proxy,5,0.9154304071017133,65745784.0,ok,0.005368181818181818,ok,0.9330693181818182,0.0388703125,ok,ue3_qfi1,0.4489795918367347,49,100.0,data,ok,0.0,ue4_qfi1,41.5,ok,30.4,ue1_qfi2,0,0.0,0.0,30.303,ok,33.0,,pending,,pending,True,PF,1394609702
ue7_qfi9,294.25,300.0,300.0,300.25,ok,0.5415237367928959,ok,ue1_qfi1,0,0,0,122.00000000000033,data,ok,2.0,False,,proxy,3,0,ue8_qfi2,0.0,148,150.0,ok,ue5_qfi2,22.445,ok,7,ok,8,ue8_qfi2,0.0,ok,0.8567012763995775,proxy,5,0.8533459530496109,64805100.800000004,ok,0.004436363636363637,ok,0.9346329545454546,0.100746875,ok,ue3_qfi1,0.42857142857142855,49,100.0,data,ok,0.0,ue5_qfi1,21.75,ok,30.0,ue6_qfi2,1,67.25,67.25,30.303,ok,33.0,,pending,,pending,True,Reservation,1394609702
ue2_qfi9,19.0,53.0,59.25,61.75,ok,0.5771864084979679,ok,ue2_qfi1,0,0,0,110.25000000000018,data,ok,2.0,False,,proxy,3,0,ue6_qfi2,0.0,148,150.0,ok,ue3_qfi2,23.86,ok,5,ok,8,ue6_qfi2,0.0,ok,0.696877773011984,proxy,5,0.6968294091764352,59365203.2,ok,0.006188636363636364,ok,0.9325727272727272,0.03985,ok,ue3_qfi1,0.4489795918367347,49,100.0,data,ok,0.0,ue2_qfi9,42.75,ok,30.4,ue1_qfi2,0,0.0,0.0,30.303,ok,33.0,,pending,,pending,True,TwoTier,1394609702
ue8_qfi9,296.5,299.75,300.0,300.25,ok,0.5127483441816184,ok,ue3_qfi1,0,0,0,192.25000000000003,data,ok,2.0,False,,proxy,3,0,ue8_qfi2,0.993421052631579,152,150.0,ok,ue2_qfi2,27.136,ok,8,ok,8,ue6_qfi2,0.9663504,ok,0.9271063805969912,proxy,5,0.9154599224844362,68618513.6,ok,0.005429545454545454,ok,0.9323,0.0357484375,ok,ue3_qfi1,0.4583333333333333,48,100.0,data,ok,0.0,ue5_qfi1,58.75,ok,30.2,ue8_qfi2,1,68.25,68.25,30.303,ok,33.0,,pending,,pending,True,PF,1960127675
ue7_qfi9,296.25,300.0,300.0,300.25,ok,0.521884623341125,ok,ue3_qfi1,0,0,0,124.24999999999997,data,ok,2.0,False,,proxy,3,0,ue8_qfi2,0.0,147,150.0,ok,ue2_qfi2,21.33,ok,7,ok,8,ue8_qfi2,0.0,ok,0.8605476975326534,proxy,5,0.8553039604629403,67423409.6,ok,0.004193181818181818,ok,0.9341079545454546,0.0932078125,ok,ue2_qfi1,0.40816326530612246,49,100.0,data,ok,0.0,ue1_qfi9,36.25,ok,30.2,ue3_qfi2,1,76.5,76.5,30.303,ok,33.0,,pending,,pending,True,Reservation,1960127675
ue1_qfi9,16.25,71.0,97.75,106.25,ok,0.5766226449176524,ok,ue1_qfi1,0,0,0,136.0000000000001,data,ok,2.0,False,,proxy,3,0,ue6_qfi2,0.0,148,150.0,ok,ue1_qfi2,28.08,ok,5,ok,8,ue6_qfi2,0.0,ok,0.6968249889611806,proxy,5,0.6966273644738978,59435536.0,ok,0.004961363636363636,ok,0.9332102272727273,0.0361515625,ok,ue3_qfi1,0.46938775510204084,49,100.0,data,ok,0.0,ue1_qfi9,90.0,ok,30.2,ue1_qfi2,3,80.0,227.25,30.303,ok,33.0,,pending,,pending,True,TwoTier,1960127675
ue8_qfi9,297.75,300.0,300.0,300.25,ok,0.507323391265513,ok,ue6_qfi1,0,0,0,131.49999999999994,data,ok,2.0,False,,proxy,3,0,ue5_qfi2,0.9868421052631579,152,150.0,ok,ue5_qfi2,25.16,ok,8,ok,8,ue5_qfi2,0.9620408,ok,0.9320378009120285,proxy,5,0.9243833589888957,69394763.2,ok,0.005038636363636364,ok,0.9319306818181818,0.0350625,ok,ue8_qfi1,0.4489795918367347,49,100.0,data,ok,0.0,ue6_qfi1,28.5,ok,30.2,ue2_qfi2,1,67.5,67.5,30.303,ok,33.0,,pending,,pending,True,PF,1081530686
ue7_qfi9,295.5,299.75,300.0,300.25,ok,0.5117577212213998,ok,ue1_qfi1,0,0,0,119.49999999999994,data,ok,2.0,False,,proxy,3,0,ue8_qfi2,0.0,147,150.0,ok,ue6_qfi2,20.578,ok,7,ok,8,ue8_qfi2,0.0,ok,0.8646512017778496,proxy,5,0.8597738019682332,68688507.2,ok,0.003938636363636364,ok,0.9319477272727272,0.090265625,ok,ue1_qfi1,0.5102040816326531,49,100.0,data,ok,0.0,ue2_qfi1,18.25,ok,30.4,ue1_qfi2,0,0.0,0.0,30.303,ok,33.0,,pending,,pending,True,Reservation,1081530686
ue8_qfi8,300.0,300.25,300.25,300.25,ok,0.5420611779822627,ok,ue7_qfi1,0,0,0,146.9999999999998,data,ok,2.0,False,,proxy,3,0,ue6_qfi2,0.34868421052631576,152,150.0,ok,ue7_qfi2,109.481,ok,5,ok,8,ue8_qfi2,0.3314784,ok,0.7853438028806382,proxy,5,0.6968437801771674,63946387.2,ok,0.004695454545454545,ok,0.9326295454545455,0.0347203125,ok,ue7_qfi1,0.4666666666666667,15,100.0,data,ok,0.0,ue1_qfi9,284.0,ok,30.4,ue4_qfi2,2,103.25,184.5,30.303,ok,33.0,,pending,,pending,True,TwoTier,1081530686
ue8_qfi9,297.0,299.75,300.0,300.25,ok,0.5201211448440684,ok,ue8_qfi1,0,0,0,135.0,data,ok,2.0,False,,proxy,3,0,ue1_qfi2,0.993421052631579,152,150.0,ok,ue3_qfi2,24.161,ok,8,ok,8,ue8_qfi2,0.9587068000000001,ok,0.927022320148614,proxy,5,0.9167644286582245,67694665.6,ok,0.0051045454545454545,ok,0.9343931818181819,0.036990625,ok,ue8_qfi1,0.46938775510204084,49,100.0,data,ok,0.0,ue8_qfi1,39.0,ok,30.2,ue1_qfi2,1,70.25,70.25,30.303,ok,33.0,,pending,,pending,True,PF,1302740407
ue8_qfi9,297.25,300.0,300.25,300.25,ok,0.5337170830291041,ok,ue4_qfi1,0,0,0,124.00000000000011,data,ok,2.0,False,,proxy,3,0,ue2_qfi2,0.993421052631579,152,150.0,ok,ue4_qfi2,22.9,ok,8,ok,8,ue8_qfi2,0.958476,ok,0.9242849291561344,proxy,5,0.911844081279779,66721420.8,ok,0.004190909090909091,ok,0.9336875,0.1159703125,ok,ue3_qfi1,0.46938775510204084,49,100.0,data,ok,0.0,ue8_qfi1,29.0,ok,30.2,ue6_qfi2,1,74.0,74.0,30.303,ok,33.0,,pending,,pending,True,Reservation,1302740407
ue1_qfi9,17.5,49.5,58.75,63.0,ok,0.5762448638444089,ok,ue1_qfi1,0,0,0,114.4999999999996,data,ok,2.0,False,,proxy,3,0,ue6_qfi2,0.0,147,150.0,ok,ue1_qfi2,23.75,ok,5,ok,8,ue6_qfi2,0.0,ok,0.6968745530927155,proxy,5,0.6968397095331923,59481835.2,ok,0.0046931818181818186,ok,0.9351147727272727,0.037278125,ok,ue5_qfi1,0.4489795918367347,49,100.0,data,ok,0.0,ue1_qfi9,45.5,ok,30.4,ue1_qfi2,0,0.0,0.0,30.303,ok,33.0,,pending,,pending,True,TwoTier,1302740407
ue8_qfi9,298.0,300.0,300.0,300.25,ok,0.508245786741685,ok,ue5_qfi1,0,0,0,127.49999999999994,data,ok,2.0,False,,proxy,3,0,ue8_qfi2,0.993421052631579,152,150.0,ok,ue7_qfi2,25.081,ok,8,ok,8,ue8_qfi2,0.962902,ok,0.9300183951219252,proxy,5,0.9241882874111699,69304040.0,ok,0.005429545454545454,ok,0.9328795454545454,0.0352046875,ok,ue6_qfi1,0.42857142857142855,49,100.0,data,ok,0.0,ue5_qfi1,24.5,ok,30.2,ue8_qfi2,1,69.0,69.0,30.303,ok,33.0,,pending,,pending,True,PF,2084654369
ue7_qfi9,293.75,299.75,300.0,300.25,ok,0.5103890223743365,ok,ue5_qfi1,0,0,0,122.50000000000006,data,ok,2.0,False,,proxy,3,0,ue8_qfi2,0.0,147,150.0,ok,ue5_qfi2,20.196,ok,7,ok,8,ue8_qfi2,0.0,ok,0.8636780138527573,proxy,5,0.86038516490961,68926809.6,ok,0.004136363636363636,ok,0.9327181818181818,0.0897796875,ok,ue1_qfi1,0.42857142857142855,49,100.0,data,ok,0.0,ue4_qfi9,18.5,ok,30.4,ue1_qfi2,0,0.0,0.0,30.303,ok,33.0,,pending,,pending,True,Reservation,2084654369
ue8_qfi8,300.0,300.25,300.25,300.25,ok,0.5117445160311697,ok,ue7_qfi1,0,0,0,418.75000000000017,data,ok,2.0,False,,proxy,3,0,ue7_qfi2,0.9801324503311258,151,150.0,ok,ue7_qfi2,84.718,ok,7,ok,8,ue7_qfi2,0.9471764,ok,0.8990965577854974,proxy,5,0.8890378756038437,68588729.6,ok,0.005209090909090909,ok,0.932375,0.034603125,ok,ue3_qfi1,0.4146341463414634,41,100.0,data,ok,0.0,ue4_qfi9,106.75,ok,29.6,ue7_qfi2,5,111.25,406.75,30.303,ok,33.0,,pending,,pending,True,TwoTier,2084654369
ue8_qfi9,297.75,299.75,300.0,300.25,ok,0.5098012399829209,ok,ue6_qfi1,0,0,0,127.0,data,ok,2.0,False,,proxy,3,0,ue1_qfi2,1.0,152,150.0,ok,ue6_qfi2,25.0,ok,8,ok,8,ue1_qfi2,0.967684,ok,0.9306084380892552,proxy,5,0.9249532431675179,69120436.8,ok,0.005231818181818182,ok,0.9328170454545455,0.034734375,ok,ue3_qfi1,0.4489795918367347,49,100.0,data,ok,0.0,ue6_qfi1,23.5,ok,30.4,ue1_qfi2,0,0.0,0.0,30.303,ok,33.0,,pending,,pending,True,PF,1566581934
ue8_qfi9,297.75,300.0,300.25,300.25,ok,0.5231757582110164,ok,ue5_qfi1,0,0,0,126.75000000000037,data,ok,2.0,False,,proxy,3,0,ue5_qfi2,0.993421052631579,152,150.0,ok,ue8_qfi2,22.455,ok,8,ok,8,ue1_qfi2,0.9659988,ok,0.9282875295638032,proxy,5,0.9240424594163176,68094345.6,ok,0.004047727272727273,ok,0.9335465909090909,0.1085328125,ok,ue3_qfi1,0.4489795918367347,49,100.0,data,ok,0.0,ue5_qfi1,21.5,ok,30.2,ue5_qfi2,1,71.5,71.5,30.303,ok,33.0,,pending,,pending,True,Reservation,1566581934
ue4_qfi9,14.0,37.25,45.75,50.25,ok,0.5762969912118996,ok,ue2_qfi1,0,0,0,111.25000000000007,data,ok,2.0,False,,proxy,3,0,ue6_qfi2,0.0,148,150.0,ok,ue3_qfi2,21.781,ok,5,ok,8,ue6_qfi2,0.0,ok,0.6969151864206282,proxy,5,0.6968840370429886,59543227.2,ok,0.0047613636363636365,ok,0.9331409090909091,0.03454375,ok,ue1_qfi1,0.5102040816326531,49,100.0,data,ok,0.0,ue2_qfi9,36.25,ok,30.4,ue1_qfi2,0,0.0,0.0,30.303,ok,33.0,,pending,,pending,True,TwoTier,1566581934
ue8_qfi9,298.0,300.0,300.0,300.25,ok,0.5227162783730769,ok,ue5_qfi1,0,0,0,136.0000000000001,data,ok,2.0,False,,proxy,3,0,ue1_qfi2,1.0,152,150.0,ok,ue5_qfi2,26.0,ok,8,ok,8,ue6_qfi2,0.955028,ok,0.9240574421048825,proxy,5,0.9155551470786011,67304344.0,ok,0.005172727272727272,ok,0.9325863636363636,0.0372015625,ok,ue3_qfi1,0.46938775510204084,49,100.0,data,ok,0.0,ue5_qfi1,47.25,ok,30.4,ue1_qfi2,0,0.0,0.0,30.303,ok,33.0,,pending,,pending,True,PF,1357791198
ue8_qfi9,297.75,300.0,300.25,300.25,ok,0.536863333419517,ok,ue2_qfi1,0,0,0,127.49999999999994,data,ok,2.0,False,,proxy,3,0,ue2_qfi2,0.993421052631579,152,150.0,ok,ue5_qfi2,23.026,ok,8,ok,8,ue6_qfi2,0.9529788,ok,0.9221083739627989,proxy,5,0.9145661827049223,66242264.0,ok,0.004179545454545455,ok,0.9328715909090909,0.1167,ok,ue5_qfi1,0.46938775510204084,49,100.0,data,ok,0.0,ue2_qfi1,22.25,ok,30.2,ue4_qfi2,1,75.0,75.0,30.303,ok,33.0,,pending,,pending,True,Reservation,1357791198
ue8_qfi8,300.0,300.25,300.25,300.25,ok,0.5213816754988101,ok,ue5_qfi1,0,0,1,602.7499999999999,data,ok,2.0,False,,proxy,3,0,ue1_qfi2,1.0,152,150.0,ok,ue5_qfi2,83.862,ok,8,ok,8,ue4_qfi2,0.9517616,ok,0.8900028362740983,proxy,5,0.8464642134971843,67633979.2,ok,0.005172727272727272,ok,0.9326193181818182,0.0360125,ok,ue3_qfi1,0.4489795918367347,49,100.0,data,ok,0.0,ue8_qfi9,194.0,ok,30.4,ue6_qfi2,6,91.75,450.5,30.303,ok,33.0,,pending,,pending,True,TwoTier,1357791198
ue8_qfi9,297.75,300.0,300.0,300.25,ok,0.5089584372067094,ok,ue8_qfi1,0,0,0,123.0,data,ok,2.0,False,,proxy,3,0,ue7_qfi2,0.993421052631579,152,150.0,ok,ue7_qfi2,25.303,ok,8,ok,8,ue1_qfi2,0.9643676,ok,0.930642863206774,proxy,5,0.9244664478201162,69268625.6,ok,0.0048431818181818185,ok,0.9347625,0.0354453125,ok,ue8_qfi1,0.4489795918367347,49,100.0,data,ok,0.0,ue2_qfi1,27.75,ok,30.2,ue7_qfi2,1,77.25,77.25,30.303,ok,33.0,,pending,,pending,True,PF,1167425778
ue3_qfi9,285.75,299.0,299.75,300.0,ok,0.5088148681304366,ok,ue6_qfi1,0,0,0,123.49999999999994,data,ok,2.0,False,,proxy,3,0,ue7_qfi2,0.0,148,150.0,ok,ue6_qfi2,19.06,ok,6,ok,8,ue7_qfi2,0.0,ok,0.7855518578894312,proxy,5,0.7847782851286984,68534206.4,ok,0.0042204545454545455,ok,0.9309715909090909,0.0876546875,ok,ue1_qfi1,0.5102040816326531,49,100.0,data,ok,0.0,ue1_qfi9,249.75,ok,30.2,ue3_qfi2,1,68.25,68.25,30.303,ok,33.0,,pending,,pending,True,Reservation,1167425778
ue1_qfi9,13.25,35.75,43.75,50.0,ok,0.5760928179246692,ok,ue5_qfi1,0,0,0,114.50000000000004,data,ok,2.0,False,,proxy,3,0,ue6_qfi2,0.0,148,150.0,ok,ue5_qfi2,22.857,ok,5,ok,8,ue6_qfi2,0.0,ok,0.6969016993016041,proxy,5,0.6968553641846349,59610768.0,ok,0.005213636363636364,ok,0.9346522727272727,0.0356609375,ok,ue5_qfi1,0.46938775510204084,49,100.0,data,ok,0.0,ue1_qfi9,36.75,ok,30.4,ue1_qfi2,0,0.0,0.0,30.303,ok,33.0,,pending,,pending,True,TwoTier,1167425778
ue8_qfi9,297.5,299.75,300.0,300.25,ok,0.5197502761828393,ok,ue3_qfi1,0,0,0,135.00000000000023,data,ok,2.0,False,,proxy,3,0,ue1_qfi2,1.0,152,150.0,ok,ue3_qfi2,26.452,ok,8,ok,8,ue4_qfi2,0.95577,ok,0.9262501600272192,proxy,5,0.9247328372965247,67719868.8,ok,0.004975,ok,0.9313738636363637,0.0361953125,ok,ue1_qfi1,0.4489795918367347,49,100.0,data,ok,0.0,ue3_qfi1,30.25,ok,30.4,ue1_qfi2,0,0.0,0.0,30.303,ok,33.0,,pending,,pending,True,PF,1202413557
ue8_qfi9,297.75,300.0,300.25,300.25,ok,0.5327038434581659,ok,ue2_qfi1,0,0,0,126.2500000000002,data,ok,2.0,False,,proxy,3,0,ue8_qfi2,0.993421052631579,152,150.0,ok,ue3_qfi2,24.247,ok,8,ok,8,ue4_qfi2,0.9535904000000001,ok,0.9245800823861827,proxy,5,0.9224604991074487,66845584.0,ok,0.0041863636363636365,ok,0.9319829545454545,0.113803125,ok,ue1_qfi1,0.4897959183673469,49,100.0,data,ok,0.0,ue2_qfi1,21.0,ok,30.4,ue1_qfi2,0,0.0,0.0,30.303,ok,33.0,,pending,,pending,True,Reservation,1202413557
ue8_qfi8,300.0,300.25,300.25,300.25,ok,0.531315428329504,ok,ue3_qfi9,0,0,1,725.0000000000001,data,ok,2.0,False,,proxy,3,0,ue6_qfi2,0.8807947019867549,151,150.0,ok,ue3_qfi2,80.256,ok,5,ok,8,ue6_qfi2,0.8522076,ok,0.8661026021651252,proxy,5,0.8308535509848549,67166508.8,ok,0.005238636363636364,ok,0.9310886363636364,0.0344828125,ok,ue6_qfi1,0.41025641025641024,39,100.0,data,ok,0.0,ue3_qfi9,285.5,ok,30.2,ue3_qfi2,7,146.0,606.0,30.303,ok,33.0,,pending,,pending,True,TwoTier,1202413557
ue8_qfi9,296.75,299.75,300.0,300.25,ok,0.5170241639964893,ok,ue5_qfi1,0,0,0,130.24999999999997,data,ok,2.0,False,,proxy,3,0,ue1_qfi2,1.0,152,150.0,ok,ue4_qfi2,25.5,ok,8,ok,8,ue2_qfi2,0.9571508000000001,ok,0.9274157902126777,proxy,5,0.916905858130693,67977187.2,ok,0.005154545454545454,ok,0.9312852272727272,0.0361125,ok,ue3_qfi1,0.4489795918367347,49,100.0,data,ok,0.0,ue5_qfi1,32.75,ok,30.4,ue1_qfi2,0,0.0,0.0,30.303,ok,33.0,,pending,,pending,True,PF,2008052738
ue7_qfi9,296.25,300.0,300.0,300.25,ok,0.5268256990741357,ok,ue7_qfi1,0,0,0,127.00000000000023,data,ok,2.0,False,,proxy,3,0,ue8_qfi2,0.0,147,150.0,ok,ue3_qfi2,20.844,ok,7,ok,8,ue8_qfi2,0.0,ok,0.8603688281483576,proxy,5,0.8526834119885589,66582552.0,ok,0.004284090909090909,ok,0.9319238636363636,0.0944140625,ok,ue1_qfi1,0.4489795918367347,49,100.0,data,ok,0.0,ue7_qfi1,21.75,ok,30.4,ue1_qfi2,0,0.0,0.0,30.303,ok,33.0,,pending,,pending,True,Reservation,2008052738
ue5_qfi9,28.75,56.5,64.25,71.5,ok,0.5767246633373849,ok,ue2_qfi1,0,0,0,116.75000000000013,data,ok,2.0,False,,proxy,3,0,ue6_qfi2,0.0,148,150.0,ok,ue5_qfi2,24.255,ok,5,ok,8,ue6_qfi2,0.0,ok,0.6968671126909082,proxy,5,0.6968299184793879,59354393.6,ok,0.005438636363636363,ok,0.9304181818181818,0.0352109375,ok,ue5_qfi1,0.4897959183673469,49,100.0,data,ok,0.0,ue5_qfi9,42.75,ok,30.4,ue1_qfi2,0,0.0,0.0,30.303,ok,33.0,,pending,,pending,True,TwoTier,2008052738
ue8_qfi9,298.25,300.0,300.25,300.25,ok,0.5343834954695179,ok,ue7_qfi1,0,0,0,126.50000000000006,data,ok,2.0,False,,proxy,3,0,ue2_qfi2,0.993421052631579,152,150.0,ok,ue7_qfi2,25.13,ok,8,ok,8,ue4_qfi2,0.9639095999999999,ok,0.9200138150716036,proxy,5,0.9125981960256092,65815198.4,ok,0.005638636363636364,ok,0.9301852272727272,0.03813125,ok,ue1_qfi1,0.46938775510204084,49,100.0,data,ok,0.0,ue7_qfi1,44.0,ok,30.2,ue4_qfi2,1,71.5,71.5,30.303,ok,33.0,,pending,,pending,True,PF,595598245
ue7_qfi9,296.75,300.0,300.25,300.25,ok,0.5363597698701769,ok,ue7_qfi1,0,0,0,122.74999999999991,data,ok,2.0,False,,proxy,3,0,ue8_qfi2,0.0,147,150.0,ok,ue2_qfi2,21.357,ok,7,ok,8,ue8_qfi2,0.0,ok,0.8579863897770341,proxy,5,0.8516950198151788,65468497.6,ok,0.004565909090909091,ok,0.9311988636363636,0.097775,ok,ue6_qfi1,0.3877551020408163,49,100.0,data,ok,0.0,ue2_qfi1,20.0,ok,30.2,ue6_qfi2,1,76.0,76.0,30.303,ok,33.0,,pending,,pending,True,Reservation,595598245
ue5_qfi9,21.5,53.75,60.5,64.25,ok,0.5771080204105213,ok,ue2_qfi1,0,0,0,118.50000000000006,data,ok,2.0,False,,proxy,3,0,ue6_qfi2,0.0,148,150.0,ok,ue5_qfi2,23.377,ok,5,ok,8,ue6_qfi2,0.0,ok,0.6969125514543001,proxy,5,0.6968441943830819,59343560.0,ok,0.005502272727272727,ok,0.9291693181818181,0.03638125,ok,ue5_qfi1,0.4489795918367347,49,100.0,data,ok,0.0,ue5_qfi9,42.75,ok,30.4,ue1_qfi2,0,0.0,0.0,30.303,ok,33.0,,pending,,pending,True,TwoTier,595598245
ue8_qfi9,297.5,299.75,300.0,300.25,ok,0.5149606636369469,ok,ue5_qfi1,0,0,0,127.75000000000003,data,ok,2.0,False,,proxy,3,0,ue1_qfi2,1.0,152,150.0,ok,ue5_qfi2,26.7,ok,8,ok,8,ue4_qfi2,0.9584384,ok,0.9290807181249594,proxy,5,0.9254575686369411,68377681.6,ok,0.004938636363636364,ok,0.9325920454545454,0.036040625,ok,ue4_qfi1,0.4897959183673469,49,100.0,data,ok,0.0,ue2_qfi1,25.0,ok,30.4,ue1_qfi2,0,0.0,0.0,30.303,ok,33.0,,pending,,pending,True,PF,1752032165
ue7_qfi9,294.0,299.75,300.0,300.25,ok,0.5236065394284333,ok,ue2_qfi1,0,0,0,124.24999999999997,data,ok,2.0,False,,proxy,3,0,ue8_qfi2,0.0,148,150.0,ok,ue4_qfi2,21.663,ok,7,ok,8,ue8_qfi2,0.0,ok,0.862356391945065,proxy,5,0.8574555307444404,67158017.6,ok,0.004002272727272728,ok,0.9323704545454545,0.093809375,ok,ue1_qfi1,0.3877551020408163,49,100.0,data,ok,0.0,ue2_qfi1,19.0,ok,30.4,ue1_qfi2,0,0.0,0.0,30.303,ok,33.0,,pending,,pending,True,Reservation,1752032165
ue5_qfi9,19.5,47.0,53.0,56.0,ok,0.5764838596663024,ok,ue1_qfi1,0,0,0,116.0000000000001,data,ok,2.0,False,,proxy,3,0,ue6_qfi2,0.0,147,150.0,ok,ue4_qfi2,22.449,ok,5,ok,8,ue6_qfi2,0.0,ok,0.6969326820298729,proxy,5,0.6969191940967377,59469904.0,ok,0.004556818181818182,ok,0.9319965909090909,0.0368625,ok,ue4_qfi1,0.42857142857142855,49,100.0,data,ok,0.0,ue1_qfi9,39.5,ok,30.2,ue3_qfi2,1,66.5,66.5,30.303,ok,33.0,,pending,,pending,True,TwoTier,1752032165
ue8_qfi9,297.75,300.0,300.0,300.25,ok,0.5275843063457609,ok,ue5_qfi1,0,0,0,127.24999999999964,data,ok,2.0,False,,proxy,3,0,ue1_qfi2,1.0,152,150.0,ok,ue7_qfi2,26.172,ok,8,ok,8,ue8_qfi2,0.9604916,ok,0.9240025069535234,proxy,5,0.9172405907545292,66750067.2,ok,0.005086363636363636,ok,0.9312897727272728,0.03741875,ok,ue6_qfi1,0.5102040816326531,49,100.0,data,ok,0.0,ue5_qfi1,25.5,ok,30.4,ue1_qfi2,0,0.0,0.0,30.303,ok,33.0,,pending,,pending,True,PF,1440696407
ue7_qfi9,296.5,300.0,300.0,300.25,ok,0.534098343064166,ok,ue5_qfi1,0,0,0,122.50000000000006,data,ok,2.0,False,,proxy,3,0,ue8_qfi2,0.0,147,150.0,ok,ue3_qfi2,22.051,ok,7,ok,8,ue8_qfi2,0.0,ok,0.8590533766732245,proxy,5,0.855454770564162,65799846.4,ok,0.004170454545454546,ok,0.930925,0.09714375,ok,ue3_qfi1,0.46938775510204084,49,100.0,data,ok,0.0,ue5_qfi1,18.0,ok,29.8,ue2_qfi2,2,70.25,137.5,30.303,ok,33.0,,pending,,pending,True,Reservation,1440696407
ue8_qfi8,300.0,300.25,300.25,300.25,ok,0.5273353640028682,ok,ue8_qfi8,1,1,1,2277.5,data,ok,2.0,False,,proxy,3,0,ue7_qfi2,0.993421052631579,152,150.0,ok,ue6_qfi2,78.596,ok,8,ok,8,ue8_qfi2,0.960532,ok,0.8960168551737336,proxy,5,0.8856592052457547,66686836.8,ok,0.005197727272727273,ok,0.9317488636363637,0.0366328125,ok,ue6_qfi1,0.3225806451612903,31,100.0,data,ok,0.0,ue8_qfi9,124.0,ok,30.0,ue6_qfi2,7,104.75,602.25,30.303,ok,33.0,,pending,,pending,True,TwoTier,1440696407
ue8_qfi9,297.0,299.75,300.0,300.25,ok,0.5043056366966876,ok,ue6_qfi1,0,0,0,135.25000000000009,data,ok,2.0,False,,proxy,3,0,ue1_qfi2,1.0,152,150.0,ok,ue5_qfi2,23.984,ok,8,ok,8,ue1_qfi2,0.965046,ok,0.9316667529208118,proxy,5,0.9242341287652813,69807513.6,ok,0.005436363636363637,ok,0.9361670454545454,0.0350234375,ok,ue8_qfi1,0.42857142857142855,49,100.0,data,ok,0.0,ue6_qfi1,31.25,ok,30.4,ue1_qfi2,0,0.0,0.0,30.303,ok,33.0,,pending,,pending,True,PF,5880883
ue7_qfi9,295.25,299.75,300.0,300.25,ok,0.5144227542406664,ok,ue7_qfi1,0,0,0,119.25000000000009,data,ok,2.0,False,,proxy,3,0,ue8_qfi2,0.0,147,150.0,ok,ue1_qfi2,21.0,ok,7,ok,8,ue8_qfi2,0.0,ok,0.86270900999906,proxy,5,0.8588435479403865,68369118.4,ok,0.004,ok,0.9326636363636364,0.0904609375,ok,ue4_qfi1,0.46938775510204084,49,100.0,data,ok,0.0,ue4_qfi9,30.0,ok,30.2,ue7_qfi2,1,69.75,69.75,30.303,ok,33.0,,pending,,pending,True,Reservation,5880883
ue8_qfi8,298.75,300.25,300.25,300.25,ok,0.5032644583946776,ok,ue8_qfi8,1,1,2,2337.75,data,ok,2.0,False,,proxy,3,0,ue6_qfi2,0.9933333333333333,150,150.0,ok,ue6_qfi2,101.684,ok,8,ok,8,ue1_qfi2,0.9531232,ok,0.8760569413428335,proxy,5,0.8283287918730134,70808350.4,ok,0.005184090909090909,ok,0.9361136363636363,0.0334703125,ok,ue1_qfi1,0.3125,32,100.0,data,ok,0.0,ue8_qfi9,238.0,ok,30.4,ue4_qfi2,7,111.75,559.25,30.303,ok,33.0,,pending,,pending,True,TwoTier,5880883
ue8_qfi9,298.0,300.0,300.25,300.25,ok,0.5285611856753771,ok,ue3_qfi1,0,0,0,118.74999999999991,data,ok,2.0,False,,proxy,3,0,ue1_qfi2,1.0,152,150.0,ok,ue1_qfi2,24.337,ok,8,ok,8,ue3_qfi2,0.9589644,ok,0.9227272935858049,proxy,5,0.9112452607248596,66602040.0,ok,0.005320454545454546,ok,0.930825,0.0370984375,ok,ue8_qfi1,0.46938775510204084,49,100.0,data,ok,0.0,ue5_qfi1,22.5,ok,30.4,ue1_qfi2,0,0.0,0.0,30.303,ok,33.0,,pending,,pending,True,PF,846428919
ue7_qfi9,295.75,299.75,300.0,300.25,ok,0.5306278913244055,ok,ue6_qfi1,0,0,0,123.7499999999998,data,ok,2.0,False,,proxy,3,0,ue8_qfi2,0.0,147,150.0,ok,ue3_qfi2,21.827,ok,7,ok,8,ue8_qfi2,0.0,ok,0.8593878712223801,proxy,5,0.8550475533206444,66210697.6,ok,0.004140909090909091,ok,0.9327397727272727,0.09595625,ok,ue1_qfi1,0.46938775510204084,49,100.0,data,ok,0.0,ue2_qfi1,23.5,ok,30.4,ue1_qfi2,0,0.0,0.0,30.303,ok,33.0,,pending,,pending,True,Reservation,846428919
ue3_qfi9,26.25,57.5,65.5,71.0,ok,0.5760781308070637,ok,ue3_qfi1,0,0,0,113.49999999999972,data,ok,2.0,False,,proxy,3,0,ue6_qfi2,0.0,147,150.0,ok,ue4_qfi2,28.863,ok,5,ok,8,ue6_qfi2,0.0,ok,0.6969028681490078,proxy,5,0.6968240060237008,59537848.0,ok,0.005038636363636364,ok,0.9314931818181819,0.038890625,ok,ue4_qfi1,0.42857142857142855,49,100.0,data,ok,0.0,ue3_qfi9,44.75,ok,30.4,ue1_qfi2,0,0.0,0.0,30.303,ok,33.0,,pending,,pending,True,TwoTier,846428919
ue8_qfi9,296.75,299.75,300.0,300.25,ok,0.52353702147561,ok,ue7_qfi1,0,0,0,136.24999999999997,data,ok,2.0,False,,proxy,3,0,ue1_qfi2,1.0,152,150.0,ok,ue7_qfi2,30.41,ok,8,ok,8,ue4_qfi2,0.9635072,ok,0.9234417667980146,proxy,5,0.9179516591016452,67277361.6,ok,0.005979545454545454,ok,0.9336113636363637,0.0374390625,ok,ue8_qfi1,0.46938775510204084,49,100.0,data,ok,0.0,ue7_qfi1,42.25,ok,30.4,ue1_qfi2,0,0.0,0.0,30.303,ok,33.0,,pending,,pending,True,PF,1841261662
ue8_qfi9,297.0,300.0,300.25,300.25,ok,0.5376438950594657,ok,ue3_qfi1,0,0,0,128.50000000000028,data,ok,2.0,False,,proxy,3,0,ue1_qfi2,1.0,152,150.0,ok,ue7_qfi2,24.069,ok,8,ok,8,ue4_qfi2,0.963326,ok,0.921014258398783,proxy,5,0.9157257866550043,66177892.8,ok,0.004552272727272727,ok,0.9339443181818182,0.1175671875,ok,ue1_qfi1,0.40816326530612246,49,100.0,data,ok,0.0,ue7_qfi1,34.0,ok,30.4,ue1_qfi2,0,0.0,0.0,30.303,ok,33.0,,pending,,pending,True,Reservation,1841261662
ue3_qfi9,22.25,45.0,51.0,56.5,ok,0.5759586683939836,ok,ue1_qfi1,0,0,0,117.50000000000016,data,ok,2.0,False,,proxy,3,0,ue6_qfi2,0.0,147,150.0,ok,ue3_qfi2,23.306,ok,5,ok,8,ue6_qfi2,0.0,ok,0.6969068216356755,proxy,5,0.6968868985434303,59617603.2,ok,0.005193181818181818,ok,0.9320818181818182,0.03690625,ok,ue5_qfi1,0.4489795918367347,49,100.0,data,ok,0.0,ue1_qfi9,37.5,ok,30.4,ue1_qfi2,0,0.0,0.0,30.303,ok,33.0,,pending,,pending,True,TwoTier,1841261662
ue8_qfi9,297.75,299.75,300.0,300.25,ok,0.5199967043815338,ok,ue5_qfi1,0,0,0,120.00000000000011,data,ok,2.0,False,,proxy,3,0,ue7_qfi2,0.9868421052631579,152,150.0,ok,ue6_qfi2,25.987,ok,8,ok,8,ue3_qfi2,0.9547912,ok,0.9264065501757808,proxy,5,0.9176447332993334,67654241.6,ok,0.005054545454545455,ok,0.9341761363636364,0.03689375,ok,ue6_qfi1,0.4489795918367347,49,100.0,data,ok,0.0,ue8_qfi1,19.75,ok,30.2,ue1_qfi2,1,70.0,70.0,30.303,ok,33.0,,pending,,pending,True,PF,1190382222
ue7_qfi9,295.5,300.0,300.0,300.25,ok,0.5271546031594044,ok,ue5_qfi1,0,0,0,121.99999999999989,data,ok,2.0,False,,proxy,3,0,ue8_qfi2,0.0,148,150.0,ok,ue6_qfi2,21.728,ok,7,ok,8,ue8_qfi2,0.0,ok,0.8605363606792193,proxy,5,0.8541759271855718,66705121.6,ok,0.004056818181818181,ok,0.9327909090909091,0.096421875,ok,ue1_qfi1,0.4489795918367347,49,100.0,data,ok,0.0,ue2_qfi1,20.0,ok,30.4,ue1_qfi2,0,0.0,0.0,30.303,ok,33.0,,pending,,pending,True,Reservation,1190382222
ue8_qfi8,300.0,300.25,300.25,300.25,ok,0.5222007381967672,ok,ue8_qfi8,0,0,3,783.9999999999999,data,ok,2.0,False,,proxy,3,0,ue3_qfi2,0.9664429530201343,149,150.0,ok,ue3_qfi2,93.632,ok,7,ok,8,ue3_qfi2,0.9068752,ok,0.8776790719378689,proxy,5,0.8557639756198429,67834667.2,ok,0.0049,ok,0.9345227272727272,0.0354375,ok,ue3_qfi1,0.43333333333333335,30,100.0,data,ok,0.0,ue8_qfi9,191.5,ok,28.8,ue3_qfi2,10,317.25,1103.25,30.303,ok,33.0,,pending,,pending,True,TwoTier,1190382222
ue8_qfi9,298.0,300.0,300.25,300.25,ok,0.5093277627437419,ok,ue7_qfi1,0,0,0,134.24999999999997,data,ok,2.0,False,,proxy,3,0,ue1_qfi2,1.0,152,150.0,ok,ue3_qfi2,25.465,ok,8,ok,8,ue5_qfi2,0.9613476,ok,0.9294933012435165,proxy,5,0.9207949694465318,69160424.0,ok,0.0051818181818181815,ok,0.9308897727272727,0.0353015625,ok,ue5_qfi1,0.46938775510204084,49,100.0,data,ok,0.0,ue7_qfi1,32.5,ok,30.4,ue1_qfi2,0,0.0,0.0,30.303,ok,33.0,,pending,,pending,True,PF,72124473
ue7_qfi9,295.25,299.75,300.0,300.25,ok,0.5124627836304163,ok,ue4_qfi1,0,0,0,123.25000000000009,data,ok,2.0,False,,proxy,3,0,ue8_qfi2,0.0,147,150.0,ok,ue2_qfi2,20.621,ok,7,ok,8,ue8_qfi2,0.0,ok,0.8634183800628193,proxy,5,0.8596103452215638,68682801.6,ok,0.004093181818181818,ok,0.9300318181818182,0.0911953125,ok,ue1_qfi1,0.4897959183673469,49,100.0,data,ok,0.0,ue6_qfi9,50.75,ok,30.2,ue2_qfi2,1,73.5,73.5,30.303,ok,33.0,,pending,,pending,True,Reservation,72124473
ue4_qfi9,20.75,56.0,65.75,70.5,ok,0.5762939686493941,ok,ue3_qfi1,0,0,0,113.2500000000003,data,ok,2.0,False,,proxy,3,0,ue6_qfi2,0.0,148,150.0,ok,ue3_qfi2,23.837,ok,5,ok,8,ue6_qfi2,0.0,ok,0.696869763861834,proxy,5,0.696806644197598,59553292.8,ok,0.004740909090909091,ok,0.9314329545454545,0.035553125,ok,ue1_qfi1,0.5102040816326531,49,100.0,data,ok,0.0,ue5_qfi9,52.5,ok,30.4,ue1_qfi2,0,0.0,0.0,30.303,ok,33.0,,pending,,pending,True,TwoTier,72124473
ue8_qfi9,297.5,300.0,300.0,300.25,ok,0.522344783383502,ok,ue3_qfi1,0,0,0,123.25000000000009,data,ok,2.0,False,,proxy,3,0,ue2_qfi2,0.993421052631579,152,150.0,ok,ue3_qfi2,26.878,ok,8,ok,8,ue5_qfi2,0.9642668000000001,ok,0.9247465232043399,proxy,5,0.9181289862623514,67461950.4,ok,0.0047227272727272725,ok,0.9305920454545454,0.036459375,ok,ue7_qfi1,0.4897959183673469,49,100.0,data,ok,0.0,ue5_qfi1,23.25,ok,30.2,ue8_qfi2,1,77.5,77.5,30.303,ok,33.0,,pending,,pending,True,PF,1642588603
ue7_qfi9,295.5,300.0,300.0,300.25,ok,0.5305059249400345,ok,ue5_qfi1,0,0,0,124.00000000000011,data,ok,2.0,False,,proxy,3,0,ue8_qfi2,0.0,148,150.0,ok,ue5_qfi2,21.751,ok,7,ok,8,ue8_qfi2,0.0,ok,0.8594437200210896,proxy,5,0.8543926974042495,66414569.6,ok,0.004565909090909091,ok,0.9323193181818182,0.0956546875,ok,ue1_qfi1,0.42857142857142855,49,100.0,data,ok,0.0,ue5_qfi1,21.25,ok,30.2,ue4_qfi2,1,68.75,68.75,30.303,ok,33.0,,pending,,pending,True,Reservation,1642588603
ue3_qfi9,24.0,53.0,61.25,65.5,ok,0.5760651978719393,ok,ue3_qfi1,0,0,0,117.2500000000003,data,ok,2.0,False,,proxy,3,0,ue6_qfi2,0.0,148,150.0,ok,ue4_qfi2,26.523,ok,5,ok,8,ue6_qfi2,0.0,ok,0.6968976863310294,proxy,5,0.6967895306233047,59649688.0,ok,0.004777272727272727,ok,0.9299102272727273,0.0377953125,ok,ue5_qfi1,0.4897959183673469,49,100.0,data,ok,0.0,ue3_qfi9,41.5,ok,30.2,ue1_qfi2,1,72.5,72.5,30.303,ok,33.0,,pending,,pending,True,TwoTier,1642588603
ue8_qfi9,298.0,300.0,300.25,300.25,ok,0.5278603874556147,ok,ue8_qfi1,0,0,0,133.75000000000003,data,ok,2.0,False,,proxy,3,0,ue1_qfi2,1.0,152,150.0,ok,ue2_qfi2,26.25,ok,8,ok,8,ue4_qfi2,0.9653564,ok,0.9233296860229242,proxy,5,0.9185762235467958,66728582.4,ok,0.004763636363636364,ok,0.9327113636363636,0.0379203125,ok,ue7_qfi1,0.46938775510204084,49,100.0,data,ok,0.0,ue8_qfi1,29.0,ok,30.4,ue1_qfi2,0,0.0,0.0,30.303,ok,33.0,,pending,,pending,True,PF,1566923138
ue5_qfi9,227.75,298.75,299.75,300.0,ok,0.5233398374285751,ok,ue5_qfi1,0,0,0,123.25000000000009,data,ok,2.0,False,,proxy,3,0,ue7_qfi2,0.0,147,150.0,ok,ue3_qfi2,19.25,ok,6,ok,8,ue7_qfi2,0.0,ok,0.7845458607800904,proxy,5,0.7833626505490718,66489873.6,ok,0.004227272727272727,ok,0.9331454545454545,0.0932953125,ok,ue1_qfi1,0.46938775510204084,49,100.0,data,ok,0.0,ue6_qfi9,164.5,ok,30.2,ue6_qfi2,1,69.0,69.0,30.303,ok,33.0,,pending,,pending,True,Reservation,1566923138
ue3_qfi9,16.75,52.5,65.0,74.75,ok,0.5763678119241163,ok,ue5_qfi1,0,0,0,111.7499999999998,data,ok,2.0,False,,proxy,3,0,ue6_qfi2,0.0,147,150.0,ok,ue1_qfi2,24.038,ok,5,ok,8,ue6_qfi2,0.0,ok,0.6967991707175795,proxy,5,0.6966773373661926,59533449.6,ok,0.005134090909090909,ok,0.9325079545454545,0.0376671875,ok,ue2_qfi1,0.4489795918367347,49,100.0,data,ok,0.0,ue3_qfi9,58.0,ok,30.4,ue1_qfi2,0,0.0,0.0,30.303,ok,33.0,,pending,,pending,True,TwoTier,1566923138
ue8_qfi9,297.25,299.75,300.0,300.25,ok,0.5265138077019571,ok,ue7_qfi1,0,0,0,124.74999999999991,data,ok,2.0,False,,proxy,3,0,ue2_qfi2,0.993421052631579,152,150.0,ok,ue5_qfi2,27.587,ok,8,ok,8,ue5_qfi2,0.9663575999999999,ok,0.9235638169946263,proxy,5,0.913432862837877,66838419.199999996,ok,0.005159090909090909,ok,0.930221590909091,0.0377875,ok,ue1_qfi1,0.46938775510204084,49,100.0,data,ok,0.0,ue7_qfi1,21.0,ok,30.2,ue3_qfi2,1,67.5,67.5,30.303,ok,33.0,,pending,,pending,True,PF,1818006482
ue7_qfi9,296.0,300.0,300.0,300.25,ok,0.537346373356769,ok,ue5_qfi1,0,0,0,123.7499999999998,data,ok,2.0,False,,proxy,3,0,ue8_qfi2,0.0,147,150.0,ok,ue5_qfi2,22.101,ok,7,ok,8,ue8_qfi2,0.0,ok,0.8575387711529814,proxy,5,0.8506013644333739,65411108.8,ok,0.004168181818181818,ok,0.9310829545454545,0.0991671875,ok,ue4_qfi1,0.42857142857142855,49,100.0,data,ok,0.0,ue5_qfi1,21.25,ok,30.4,ue1_qfi2,0,0.0,0.0,30.303,ok,33.0,,pending,,pending,True,Reservation,1818006482
ue4_qfi9,20.75,53.75,64.75,69.5,ok,0.5767706483513962,ok,ue3_qfi1,0,0,0,116.24999999999997,data,ok,2.0,False,,proxy,3,0,ue6_qfi2,0.0,147,150.0,ok,ue2_qfi2,26.198,ok,5,ok,8,ue6_qfi2,0.0,ok,0.6968261145194221,proxy,5,0.6965932690098698,59406230.4,ok,0.005170454545454546,ok,0.9306977272727273,0.0385921875,ok,ue1_qfi1,0.4489795918367347,49,100.0,data,ok,0.0,ue1_qfi9,51.5,ok,30.2,ue1_qfi2,1,66.0,66.0,30.303,ok,33.0,,pending,,pending,True,TwoTier,1818006482
ue8_qfi9,297.25,299.75,300.0,300.25,ok,0.5135522277512894,ok,ue4_qfi1,0,0,0,124.75,data,ok,2.0,False,,proxy,3,0,ue4_qfi2,0.9868421052631579,152,150.0,ok,ue7_qfi2,25.07,ok,8,ok,8,ue1_qfi2,0.9638748,ok,0.9290028199960684,proxy,5,0.9243340242927554,68620067.2,ok,0.0052545454545454544,ok,0.9330590909090909,0.0356171875,ok,ue5_qfi1,0.4897959183673469,49,100.0,data,ok,0.0,ue2_qfi1,25.25,ok,30.0,ue4_qfi2,1,82.0,82.0,30.303,ok,33.0,,pending,,pending,True,PF,377217572
ue5_qfi9,255.0,299.5,300.0,300.0,ok,0.519224322047109,ok,ue2_qfi1,0,0,0,120.00000000000011,data,ok,2.0,False,,proxy,3,0,ue7_qfi2,0.0,147,150.0,ok,ue2_qfi2,19.533,ok,6,ok,8,ue7_qfi2,0.0,ok,0.7851627320300224,proxy,5,0.7844459410292284,67021827.2,ok,0.004111363636363636,ok,0.9340636363636363,0.0897390625,ok,ue5_qfi1,0.42857142857142855,49,100.0,data,ok,0.0,ue1_qfi9,123.75,ok,30.4,ue1_qfi2,0,0.0,0.0,30.303,ok,33.0,,pending,,pending,True,Reservation,377217572
ue8_qfi8,300.0,300.25,300.25,300.25,ok,0.5234067141556958,ok,ue8_qfi8,0,0,0,477.50000000000006,data,ok,2.0,False,,proxy,3,0,ue7_qfi2,0.8243243243243243,148,150.0,ok,ue7_qfi2,142.474,ok,5,ok,8,ue7_qfi2,0.8369652,ok,0.8436499140070444,proxy,5,0.8228172105935031,68400920.0,ok,0.005470454545454546,ok,0.9334829545454545,0.03364375,ok,ue1_qfi1,0.4146341463414634,41,100.0,data,ok,0.0,ue8_qfi9,267.75,ok,24.4,ue7_qfi2,28,99.25,2433.75,30.303,ok,33.0,,pending,,pending,True,TwoTier,377217572
ue8_qfi9,298.0,300.0,300.0,300.25,ok,0.5105828856434047,ok,ue6_qfi1,0,0,0,132.49999999999983,data,ok,2.0,False,,proxy,3,0,ue1_qfi2,1.0,152,150.0,ok,ue1_qfi2,26.152,ok,8,ok,8,ue6_qfi2,0.9640584,ok,0.930395141230474,proxy,5,0.9213740226267939,69002929.6,ok,0.005334090909090909,ok,0.9336056818181818,0.03470625,ok,ue2_qfi1,0.4897959183673469,49,100.0,data,ok,0.0,ue6_qfi1,29.0,ok,30.4,ue1_qfi2,0,0.0,0.0,30.303,ok,33.0,,pending,,pending,True,PF,191741830
ue3_qfi9,58.5,298.5,299.5,300.0,ok,0.513068386722581,ok,ue3_qfi1,0,0,0,120.50000000000027,data,ok,2.0,False,,proxy,3,0,ue7_qfi2,0.0,147,150.0,ok,ue6_qfi2,18.817,ok,6,ok,8,ue7_qfi2,0.0,ok,0.7854688105457802,proxy,5,0.7831298490493087,67717548.8,ok,0.003995454545454545,ok,0.9316636363636364,0.0857296875,ok,ue2_qfi1,0.42857142857142855,49,100.0,data,ok,0.0,ue2_qfi9,245.5,ok,30.4,ue1_qfi2,0,0.0,0.0,30.303,ok,33.0,,pending,,pending,True,Reservation,191741830
ue4_qfi9,15.75,40.0,46.5,51.5,ok,0.5758374671593194,ok,ue1_qfi1,0,0,0,116.24999999999997,data,ok,2.0,False,,proxy,3,0,ue6_qfi2,0.0,148,150.0,ok,ue2_qfi2,21.993,ok,5,ok,8,ue6_qfi2,0.0,ok,0.6968913905917906,proxy,5,0.6968342350838815,59630281.6,ok,0.005429545454545454,ok,0.9335534090909091,0.0346203125,ok,ue4_qfi1,0.40816326530612246,49,100.0,data,ok,0.0,ue4_qfi9,35.75,ok,30.4,ue1_qfi2,0,0.0,0.0,30.303,ok,33.0,,pending,,pending,True,TwoTier,191741830
ue8_qfi9,298.0,300.0,300.0,300.25,ok,0.5234872609442864,ok,ue3_qfi1,0,0,0,125.5,data,ok,2.0,False,,proxy,3,0,ue2_qfi2,0.993421052631579,152,150.0,ok,ue5_qfi2,26.17,ok,8,ok,8,ue8_qfi2,0.9586916,ok,0.9255762781433882,proxy,5,0.9210316402726925,67232726.4,ok,0.004927272727272727,ok,0.9329488636363636,0.0381046875,ok,ue7_qfi1,0.46938775510204084,49,100.0,data,ok,0.0,ue3_qfi1,22.75,ok,30.4,ue1_qfi2,0,0.0,0.0,30.303,ok,33.0,,pending,,pending,True,PF,1853662620
ue8_qfi9,297.75,300.0,300.25,300.25,ok,0.5379590456507752,ok,ue1_qfi1,0,0,0,122.75000000000036,data,ok,2.0,False,,proxy,3,0,ue5_qfi2,0.993421052631579,152,150.0,ok,ue2_qfi2,23.852,ok,8,ok,8,ue8_qfi2,0.958798,ok,0.9225039378845489,proxy,5,0.9179110639719684,66171884.8,ok,0.004159090909090909,ok,0.9317090909090909,0.119584375,ok,ue3_qfi1,0.4489795918367347,49,100.0,data,ok,0.0,ue6_qfi1,21.25,ok,30.4,ue1_qfi2,0,0.0,0.0,30.303,ok,33.0,,pending,,pending,True,Reservation,1853662620
ue3_qfi9,15.0,49.0,60.5,69.5,ok,0.5761575114821976,ok,ue1_qfi1,0,0,0,115.00000000000021,data,ok,2.0,False,,proxy,3,0,ue6_qfi2,0.0,148,150.0,ok,ue5_qfi2,25.22,ok,5,ok,8,ue6_qfi2,0.0,ok,0.6969014127145383,proxy,5,0.6968657144884965,59518539.2,ok,0.004613636363636364,ok,0.9326534090909091,0.037459375,ok,ue3_qfi1,0.5102040816326531,49,100.0,data,ok,0.0,ue3_qfi9,54.5,ok,30.4,ue5_qfi2,1,69.5,69.5,30.303,ok,33.0,,pending,,pending,True,TwoTier,1853662620
ue8_qfi9,297.75,300.0,300.0,300.25,ok,0.5193345842516467,ok,ue1_qfi1,0,0,0,124.74999999999969,data,ok,2.0,False,,proxy,3,0,ue2_qfi2,0.993421052631579,152,150.0,ok,ue1_qfi2,27.436,ok,8,ok,8,ue3_qfi2,0.9553096,ok,0.9262084749806515,proxy,5,0.9199830011188666,67811892.8,ok,0.004856818181818182,ok,0.9329511363636364,0.036740625,ok,ue8_qfi1,0.4489795918367347,49,100.0,data,ok,0.0,ue3_qfi1,22.0,ok,30.4,ue1_qfi2,0,0.0,0.0,30.303,ok,33.0,,pending,,pending,True,PF,47463574
ue3_qfi9,292.5,299.5,300.0,300.0,ok,0.5239497038436098,ok,ue5_qfi1,0,0,0,121.75000000000003,data,ok,2.0,False,,proxy,3,0,ue7_qfi2,0.0,147,150.0,ok,ue1_qfi2,19.051,ok,6,ok,8,ue7_qfi2,0.0,ok,0.7844413756752214,proxy,5,0.7817616269880111,66270990.4,ok,0.004136363636363636,ok,0.9318318181818182,0.0929796875,ok,ue1_qfi1,0.4489795918367347,49,100.0,data,ok,0.0,ue5_qfi9,216.75,ok,30.2,ue1_qfi2,1,67.25,67.25,30.303,ok,33.0,,pending,,pending,True,Reservation,47463574
ue1_qfi9,21.5,53.5,63.5,66.75,ok,0.5768380588808061,ok,ue1_qfi1,0,0,0,121.75000000000003,data,ok,2.0,False,,proxy,3,0,ue6_qfi2,0.0,147,150.0,ok,ue3_qfi2,24.967,ok,5,ok,8,ue6_qfi2,0.0,ok,0.6969080844081719,proxy,5,0.6968623202787646,59422760.0,ok,0.0052,ok,0.9327636363636364,0.037871875,ok,ue1_qfi1,0.46938775510204084,49,100.0,data,ok,0.0,ue1_qfi9,45.25,ok,30.2,ue1_qfi2,0,0.0,0.0,30.303,ok,33.0,,pending,,pending,True,TwoTier,47463574
ue8_qfi9,297.75,300.0,300.0,300.25,ok,0.51975139569967,ok,ue8_qfi1,0,0,0,167.99999999999991,data,ok,2.0,False,,proxy,3,0,ue1_qfi2,1.0,152,150.0,ok,ue8_qfi2,27.402,ok,8,ok,8,ue3_qfi2,0.9657864,ok,0.9261997422089608,proxy,5,0.9196017955911829,67734656.0,ok,0.005422727272727273,ok,0.9324215909090909,0.0374203125,ok,ue3_qfi1,0.4897959183673469,49,100.0,data,ok,0.0,ue8_qfi1,63.25,ok,30.4,ue1_qfi2,0,0.0,0.0,30.303,ok,33.0,,pending,,pending,True,PF,1162779115
ue7_qfi9,294.25,299.75,300.0,300.25,ok,0.5239020562572657,ok,ue6_qfi1,0,0,0,119.49999999999994,data,ok,2.0,False,,proxy,3,0,ue8_qfi2,0.0,147,150.0,ok,ue5_qfi2,22.174,ok,7,ok,8,ue8_qfi2,0.0,ok,0.861509875033704,proxy,5,0.8549011946296489,67169073.6,ok,0.004325,ok,0.9320784090909091,0.0963484375,ok,ue3_qfi1,0.46938775510204084,49,100.0,data,ok,0.0,ue7_qfi1,19.0,ok,30.4,ue1_qfi2,0,0.0,0.0,30.303,ok,33.0,,pending,,pending,True,Reservation,1162779115
ue3_qfi9,17.5,43.75,50.0,53.25,ok,0.5768818131037396,ok,ue4_qfi1,0,0,0,117.0,data,ok,2.0,False,,proxy,3,0,ue6_qfi2,0.0,148,150.0,ok,ue3_qfi2,22.015,ok,5,ok,8,ue6_qfi2,0.0,ok,0.6968991093772806,proxy,5,0.6968151387000296,59422576.0,ok,0.005693181818181819,ok,0.9327772727272727,0.0366828125,ok,ue2_qfi1,0.4489795918367347,49,100.0,data,ok,0.0,ue3_qfi9,35.75,ok,30.4,ue1_qfi2,0,0.0,0.0,30.303,ok,33.0,,pending,,pending,True,TwoTier,1162779115
ue8_qfi9,298.0,300.0,300.25,300.25,ok,0.5250276845456214,ok,ue8_qfi1,0,0,0,127.25000000000009,data,ok,2.0,False,,proxy,3,0,ue1_qfi2,0.993421052631579,152,150.0,ok,ue6_qfi2,24.214,ok,8,ok,8,ue5_qfi2,0.9646236,ok,0.9236609880399238,proxy,5,0.9166297429688125,67061934.4,ok,0.005329545454545455,ok,0.9333670454545454,0.03733125,ok,ue6_qfi1,0.46938775510204084,49,100.0,data,ok,0.0,ue8_qfi1,24.5,ok,30.2,ue1_qfi2,1,67.5,67.5,30.303,ok,33.0,,pending,,pending,True,PF,172656923
ue7_qfi9,294.25,299.75,300.0,300.25,ok,0.5289688191730646,ok,ue6_qfi1,0,0,0,120.24999999999997,data,ok,2.0,False,,proxy,3,0,ue8_qfi2,0.0,147,150.0,ok,ue7_qfi2,21.367,ok,7,ok,8,ue8_qfi2,0.0,ok,0.8594446047109615,proxy,5,0.8537065326345796,66534969.6,ok,0.004206818181818182,ok,0.9327443181818181,0.09629375,ok,ue1_qfi1,0.4489795918367347,49,100.0,data,ok,0.0,ue7_qfi1,49.25,ok,30.2,ue1_qfi2,0,0.0,0.0,30.303,ok,33.0,,pending,,pending,True,Reservation,172656923
ue1_qfi9,20.25,48.0,56.75,65.0,ok,0.5770867143625694,ok,ue2_qfi1,0,0,0,112.25,data,ok,2.0,False,,proxy,3,0,ue6_qfi2,0.0,147,150.0,ok,ue3_qfi2,24.357,ok,5,ok,8,ue6_qfi2,0.0,ok,0.6969091758404878,proxy,5,0.6968602130022304,59370374.4,ok,0.005388636363636364,ok,0.9324318181818182,0.037978125,ok,ue3_qfi1,0.46938775510204084,49,100.0,data,ok,0.0,ue2_qfi9,50.0,ok,30.4,ue1_qfi2,0,0.0,0.0,30.303,ok,33.0,,pending,,pending,True,TwoTier,172656923
ue8_qfi9,297.5,300.0,300.0,300.25,ok,0.5124359518867516,ok,ue8_qfi1,0,0,0,133.9999999999999,data,ok,2.0,False,,proxy,3,0,ue1_qfi2,1.0,152,150.0,ok,ue8_qfi2,24.761,ok,8,ok,8,ue7_qfi2,0.962518,ok,0.9293953585624335,proxy,5,0.9215845190607775,68701360.0,ok,0.005097727272727273,ok,0.9299818181818181,0.0349953125,ok,ue5_qfi1,0.5102040816326531,49,100.0,data,ok,0.0,ue8_qfi1,31.5,ok,30.4,ue1_qfi2,0,0.0,0.0,30.303,ok,33.0,,pending,,pending,True,PF,643626383
ue7_qfi9,292.0,299.75,300.0,300.25,ok,0.518648287991591,ok,ue3_qfi1,0,0,0,121.50000000000017,data,ok,2.0,False,,proxy,3,0,ue8_qfi2,0.0,147,150.0,ok,ue5_qfi2,22.473,ok,7,ok,8,ue8_qfi2,0.0,ok,0.8627685034561434,proxy,5,0.8597011849935854,67790529.6,ok,0.0041477272727272725,ok,0.9309829545454545,0.09080625,ok,ue3_qfi1,0.46938775510204084,49,100.0,data,ok,0.0,ue3_qfi1,16.5,ok,30.2,ue2_qfi2,1,68.5,68.5,30.303,ok,33.0,,pending,,pending,True,Reservation,643626383
ue1_qfi9,15.5,38.25,45.75,50.5,ok,0.5754323435351463,ok,ue3_qfi1,0,0,0,113.99999999999989,data,ok,2.0,False,,proxy,3,0,ue6_qfi2,0.0,148,150.0,ok,ue2_qfi2,21.107,ok,5,ok,8,ue6_qfi2,0.0,ok,0.6968863624053944,proxy,5,0.6968316345973891,59651376.0,ok,0.004809090909090909,ok,0.9308329545454546,0.0356109375,ok,ue2_qfi1,0.5102040816326531,49,100.0,data,ok,0.0,ue1_qfi9,35.0,ok,30.4,ue1_qfi2,0,0.0,0.0,30.303,ok,33.0,,pending,,pending,True,TwoTier,643626383
ue8_qfi9,296.5,299.75,300.0,300.25,ok,0.5082364904219384,ok,ue5_qfi1,0,0,0,143.99999999999991,data,ok,2.0,False,,proxy,3,0,ue4_qfi2,0.993421052631579,152,150.0,ok,ue6_qfi2,25.901,ok,8,ok,8,ue1_qfi2,0.9635624,ok,0.9297836914162181,proxy,5,0.9185402041367845,69268990.4,ok,0.004643181818181818,ok,0.9332272727272727,0.0359390625,ok,ue8_qfi1,0.4489795918367347,49,100.0,data,ok,0.0,ue3_qfi1,47.25,ok,30.4,ue1_qfi2,0,0.0,0.0,30.303,ok,33.0,,pending,,pending,True,PF,1033071480
ue8_qfi9,297.0,300.0,300.25,300.25,ok,0.5225406669029,ok,ue4_qfi1,0,0,0,123.7499999999998,data,ok,2.0,False,,proxy,3,0,ue5_qfi2,0.993421052631579,152,150.0,ok,ue6_qfi2,23.642,ok,8,ok,8,ue1_qfi2,0.963714,ok,0.927673426647296,proxy,5,0.9132026479143377,68221214.4,ok,0.004090909090909091,ok,0.9319875,0.11295625,ok,ue1_qfi1,0.46938775510204084,49,100.0,data,ok,0.0,ue7_qfi1,31.25,ok,30.4,ue1_qfi2,0,0.0,0.0,30.303,ok,33.0,,pending,,pending,True,Reservation,1033071480
ue8_qfi8,300.0,300.25,300.25,300.25,ok,0.5097630989098006,ok,ue8_qfi8,0,1,1,1711.7500000000002,data,ok,2.0,False,,proxy,3,0,ue3_qfi2,0.9868421052631579,152,150.0,ok,ue6_qfi2,74.314,ok,8,ok,8,ue1_qfi2,0.960006,ok,0.894838178389781,proxy,5,0.8553242820899268,70522884.8,ok,0.005434090909090909,ok,0.9334920454545454,0.0342578125,ok,ue1_qfi1,0.46511627906976744,43,100.0,data,ok,0.0,ue8_qfi9,282.5,ok,30.2,ue2_qfi2,5,102.75,447.75,30.303,ok,33.0,,pending,,pending,True,TwoTier,1033071480
ue8_qfi9,297.5,300.0,300.0,300.25,ok,0.5283008129465789,ok,ue5_qfi1,0,0,0,133.75000000000003,data,ok,2.0,False,,proxy,3,0,ue1_qfi2,1.0,152,150.0,ok,ue6_qfi2,25.823,ok,8,ok,8,ue7_qfi2,0.954452,ok,0.9230655536809704,proxy,5,0.9193421949694496,66521424.0,ok,0.005068181818181818,ok,0.9300715909090909,0.0378265625,ok,ue6_qfi1,0.4489795918367347,49,100.0,data,ok,0.0,ue5_qfi1,31.0,ok,30.4,ue1_qfi2,0,0.0,0.0,30.303,ok,33.0,,pending,,pending,True,PF,907713895
ue6_qfi9,259.0,299.75,300.0,300.25,ok,0.5286486102696972,ok,ue2_qfi1,0,0,0,120.24999999999997,data,ok,2.0,False,,proxy,3,0,ue7_qfi2,0.0,147,150.0,ok,ue4_qfi2,19.0,ok,6,ok,8,ue7_qfi2,0.0,ok,0.7835048373067648,proxy,5,0.7808818224036082,65724412.8,ok,0.004320454545454546,ok,0.931728409090909,0.09510625,ok,ue3_qfi1,0.46938775510204084,49,100.0,data,ok,0.0,ue3_qfi9,154.25,ok,30.0,ue2_qfi2,2,73.25,144.0,30.303,ok,33.0,,pending,,pending,True,Reservation,907713895
ue5_qfi9,22.0,45.25,51.75,55.75,ok,0.5754549076614874,ok,ue5_qfi1,0,0,0,114.74999999999991,data,ok,2.0,False,,proxy,3,0,ue6_qfi2,0.0,147,150.0,ok,ue5_qfi2,24.393,ok,5,ok,8,ue6_qfi2,0.0,ok,0.696904397587591,proxy,5,0.6968684912872599,59568580.8,ok,0.004618181818181818,ok,0.9293784090909091,0.03669375,ok,ue1_qfi1,0.4897959183673469,49,100.0,data,ok,0.0,ue1_qfi9,37.0,ok,30.4,ue1_qfi2,0,0.0,0.0,30.303,ok,33.0,,pending,,pending,True,TwoTier,907713895
