M01.flow,M01.p50,M01.p95,M01.p98,M01.p99,M01.status,M02,M02.status,M03.flow,M03.gap_count_over_t_live,M03.gap_count_over_t_live_over_2,M03.gap_count_over_t_live_over_4,M03.max_gap_ms,M03.role,M03.status,M03.t_live_s,M04.exceeds_threshold,M04.flow,M04.status,M04.threshold_n,M04.worst_consecutive_miss_slots,M05,M05.flow,M05.fraction,M05.frame_count,M05.pdb_ms,M05.status,M06,M06.flow,M06.p95_ms,M06.status,M07,M07.met,M07.status,M07.total,M08,M08.flow,M08.fraction,M08.status,M09.mean,M09.status,M09.windows,M09.worst,M10,M10.status,M11.dl,M11.status,M11.ul,M12,M12.status,M14.flow,M14.fraction,M14.interval_count,M14.pdb_ms,M14.role,M14.status,M14.survival_time_ms,M15.flow,M15.jitter_ms,M15.status,M17,M17.effective_fps,M17.flow,M17.freeze_count,M17.freeze_max_duration_ms,M17.freeze_total_duration_ms,M17.source_fps,M17.status,M17.xr_frame_period_ms,M18,M18.status,M19,M19.status,composition,lidar_ues,n_lidar_active,n_ues,scheduler,seed,transient_excluded
ue3_qfi9,0.25,2.0,2.75,3.5,ok,0.0,ok,ue1_qfi82,0,0,0,100.99999999999997,data,ok,2.0,False,,proxy,3,0,,,,,,ok,,,,ok,,,ok,,,,,ok,0.9999965810151338,proxy,5,0.9999919240211914,55841.6,ok,0.008745454545454546,ok,0.0028034090909090908,0.0098484375,ok,ue1_qfi82,0.0,49,10.0,data,ok,0.0,ue3_qfi9,3.25,ok,,,,,,,,ok,,,pending,,pending,sensor_dense,2,0,4,PF,1826701614,False
ue3_qfi9,0.25,2.0,2.5,3.25,ok,0.0,ok,ue3_qfi82,0,0,0,100.99999999999997,data,ok,2.0,False,,proxy,3,0,,,,,,ok,,,,ok,,,ok,,,,,ok,0.9999988104273602,proxy,5,0.9999979120483165,55843.2,ok,0.01035909090909091,ok,0.003003409090909091,0.009834375,ok,ue1_qfi82,0.0,49,10.0,data,ok,0.0,ue3_qfi9,3.0,ok,,,,,,,,ok,,,pending,,pending,sensor_dense,2,0,4,Reservation,1826701614,False
ue3_qfi9,0.25,2.0,2.25,3.25,ok,0.0,ok,ue1_qfi82,0,0,0,100.99999999999997,data,ok,2.0,False,,proxy,3,0,,,,,,ok,,,,ok,,,ok,,,,,ok,0.9999988104273602,proxy,5,0.9999979120483165,55843.2,ok,0.008734090909090908,ok,0.003003409090909091,0.0098296875,ok,ue1_qfi82,0.0,49,10.0,data,ok,0.0,ue3_qfi9,3.0,ok,,,,,,,,ok,,,pending,,pending,sensor_dense,2,0,4,TwoTier,1826701614,False
ue4_qfi82,0.0,1.5,1.5,3.0,ok,0.0,ok,ue1_qfi82,0,0,0,100.99999999999997,data,ok,2.0,False,,proxy,3,0,,,,,,ok,,,,ok,,,ok,,,,,ok,0.9999948600198934,proxy,5,0.999989684796503,55864.0,ok,0.008795454545454546,ok,0.0028590909090909092,0.01025625,ok,ue1_qfi82,0.0,49,10.0,data,ok,0.0,ue4_qfi82,3.0,ok,,,,,,,,ok,,,pending,,pending,sensor_dense,2,0,4,PF,1367864806,False
ue2_qfi9,0.25,2.0,2.25,3.25,ok,0.0,ok,ue3_qfi82,0,0,0,100.99999999999997,data,ok,2.0,False,,proxy,3,0,,,,,,ok,,,,ok,,,ok,,,,,ok,0.9999971220287497,proxy,5,0.9999944724301024,55862.4,ok,0.010488636363636363,ok,0.0031170454545454544,0.0102671875,ok,ue1_qfi82,0.0,49,10.0,data,ok,0.0,ue2_qfi9,3.0,ok,,,,,,,,ok,,,pending,,pending,sensor_dense,2,0,4,Reservation,1367864806,False
ue2_qfi9,0.25,2.0,2.25,3.25,ok,0.0,ok,ue1_qfi82,0,0,0,100.99999999999997,data,ok,2.0,False,,proxy,3,0,,,,,,ok,,,,ok,,,ok,,,,,ok,0.9999971220287497,proxy,5,0.9999944724301024,55862.4,ok,0.008802272727272728,ok,0.0031170454545454544,0.01026875,ok,ue1_qfi82,0.0,49,10.0,data,ok,0.0,ue2_qfi9,3.0,ok,,,,,,,,ok,,,pending,,pending,sensor_dense,2,0,4,TwoTier,1367864806,False
ue2_qfi9,0.25,2.0,2.25,3.0,ok,0.0,ok,ue2_qfi82,0,0,0,101.00000000000043,data,ok,2.0,False,,proxy,3,0,,,,,,ok,,,,ok,,,ok,,,,,ok,0.999996732404296,proxy,5,0.9999930609108247,56062.4,ok,0.009065909090909091,ok,0.002934090909090909,0.01185625,ok,ue1_qfi82,0.0,49,10.0,data,ok,0.0,ue2_qfi9,2.75,ok,,,,,,,,ok,,,pending,,pending,sensor_dense,2,0,4,PF,1097657231,False
ue4_qfi82,0.0,1.5,1.5,3.0,ok,0.0,ok,ue1_qfi82,0,0,0,101.00000000000043,data,ok,2.0,False,,proxy,3,0,,,,,,ok,,,,ok,,,ok,,,,,ok,0.9999969828010224,proxy,5,0.9999930609108247,56064.0,ok,0.010815909090909091,ok,0.0032011363636363635,0.0118640625,ok,ue1_qfi82,0.0,49,10.0,data,ok,0.0,ue4_qfi82,3.0,ok,,,,,,,,ok,,,pending,,pending,sensor_dense,2,0,4,Reservation,1097657231,False
ue4_qfi82,0.0,1.5,1.5,3.0,ok,0.0,ok,ue3_qfi82,0,0,0,101.00000000000043,data,ok,2.0,False,,proxy,3,0,,,,,,ok,,,,ok,,,ok,,,,,ok,0.9999969828010224,proxy,5,0.9999930609108247,56064.0,ok,0.00909090909090909,ok,0.0031988636363636364,0.0118859375,ok,ue1_qfi82,0.0,49,10.0,data,ok,0.0,ue4_qfi82,3.0,ok,,,,,,,,ok,,,pending,,pending,sensor_dense,2,0,4,TwoTier,1097657231,False
ue2_qfi9,0.25,2.0,2.25,3.25,ok,0.0,ok,ue1_qfi82,0,0,0,100.99999999999997,data,ok,2.0,False,,proxy,3,0,,,,,,ok,,,,ok,,,ok,,,,,ok,0.9999986917785298,proxy,5,0.9999971252298935,55750.4,ok,0.008690909090909091,ok,0.0029125,0.0106875,ok,ue1_qfi82,0.0,49,10.0,data,ok,0.0,ue1_qfi9,3.0,ok,,,,,,,,ok,,,pending,,pending,sensor_dense,2,0,4,PF,579362555,False
ue2_qfi9,0.25,2.0,2.25,3.5,ok,0.0,ok,ue2_qfi82,0,0,0,100.99999999999997,data,ok,2.0,False,,proxy,3,0,,,,,,ok,,,,ok,,,ok,,,,,ok,0.9999986917785298,proxy,5,0.9999971252298935,55750.4,ok,0.010259090909090909,ok,0.0032090909090909093,0.010665625,ok,ue1_qfi82,0.0,49,10.0,data,ok,0.0,ue2_qfi9,3.25,ok,,,,,,,,ok,,,pending,,pending,sensor_dense,2,0,4,Reservation,579362555,False
ue2_qfi9,0.25,2.0,2.25,3.5,ok,0.0,ok,ue3_qfi82,0,0,0,100.99999999999997,data,ok,2.0,False,,proxy,3,0,,,,,,ok,,,,ok,,,ok,,,,,ok,0.9999986917785298,proxy,5,0.9999971252298935,55750.4,ok,0.008677272727272728,ok,0.0032102272727272726,0.0106703125,ok,ue1_qfi82,0.0,49,10.0,data,ok,0.0,ue2_qfi9,3.25,ok,,,,,,,,ok,,,pending,,pending,sensor_dense,2,0,4,TwoTier,579362555,False
ue4_qfi82,0.0,1.5,1.5,3.0,ok,0.0,ok,ue1_qfi82,0,0,0,101.50000000000014,data,ok,2.0,False,,proxy,3,0,,,,,,ok,,,,ok,,,ok,,,,,ok,0.99999639860307,proxy,5,0.99999292952147,55971.2,ok,0.008906818181818182,ok,0.0027738636363636364,0.009546875,ok,ue1_qfi82,0.0,49,10.0,data,ok,0.0,ue4_qfi82,3.0,ok,,,,,,,,ok,,,pending,,pending,sensor_dense,2,0,4,PF,661058651,False
ue4_qfi82,0.0,1.5,3.0,3.0,ok,0.0,ok,ue2_qfi82,0,0,0,101.50000000000014,data,ok,2.0,False,,proxy,3,0,,,,,,ok,,,,ok,,,ok,,,,,ok,0.99999639860307,proxy,5,0.99999292952147,55971.2,ok,0.010565909090909091,ok,0.002948863636363636,0.00955,ok,ue1_qfi82,0.0,49,10.0,data,ok,0.0,ue4_qfi82,3.0,ok,,,,,,,,ok,,,pending,,pending,sensor_dense,2,0,4,Reservation,661058651,False
ue4_qfi82,0.0,1.5,3.0,3.0,ok,0.0,ok,ue1_qfi82,0,0,0,101.50000000000014,data,ok,2.0,False,,proxy,3,0,,,,,,ok,,,,ok,,,ok,,,,,ok,0.99999639860307,proxy,5,0.99999292952147,55971.2,ok,0.008913636363636363,ok,0.002948863636363636,0.0095515625,ok,ue1_qfi82,0.0,49,10.0,data,ok,0.0,ue4_qfi82,3.0,ok,,,,,,,,ok,,,pending,,pending,sensor_dense,2,0,4,TwoTier,661058651,False
ue2_qfi9,0.25,2.25,3.0,3.5,ok,0.0,ok,ue3_qfi82,0,0,0,100.99999999999997,data,ok,2.0,False,,proxy,3,0,,,,,,ok,,,,ok,,,ok,,,,,ok,0.9999959137644545,proxy,5,0.9999911826353339,55836.8,ok,0.008729545454545455,ok,0.0028352272727272727,0.0102703125,ok,ue1_qfi82,0.0,49,10.0,data,ok,0.0,ue1_qfi9,3.25,ok,,,,,,,,ok,,,pending,,pending,sensor_dense,2,0,4,PF,87989972,False
ue1_qfi9,0.25,2.0,2.5,3.25,ok,0.0,ok,ue3_qfi82,0,0,0,100.99999999999997,data,ok,2.0,False,,proxy,3,0,,,,,,ok,,,,ok,,,ok,,,,,ok,0.9999940339594149,proxy,5,0.9999801388640187,55836.8,ok,0.010320454545454546,ok,0.0030511363636363635,0.010278125,ok,ue1_qfi82,0.0,49,10.0,data,ok,0.0,ue1_qfi9,3.0,ok,,,,,,,,ok,,,pending,,pending,sensor_dense,2,0,4,Reservation,87989972,False
ue2_qfi9,0.25,2.0,2.25,3.25,ok,0.0,ok,ue2_qfi82,0,0,0,100.50000000000026,data,ok,2.0,False,,proxy,3,0,,,,,,ok,,,,ok,,,ok,,,,,ok,0.9999937050101915,proxy,5,0.9999801388640187,55835.2,ok,0.008745454545454546,ok,0.00305,0.010278125,ok,ue1_qfi82,0.0,49,10.0,data,ok,0.0,ue1_qfi9,3.0,ok,,,,,,,,ok,,,pending,,pending,sensor_dense,2,0,4,TwoTier,87989972,False
ue3_qfi9,0.25,2.0,2.25,3.25,ok,0.0,ok,ue1_qfi82,0,0,0,100.99999999999997,data,ok,2.0,False,,proxy,3,0,,,,,,ok,,,,ok,,,ok,,,,,ok,0.9999996996538296,proxy,5,0.9999984982691479,56184.0,ok,0.009181818181818182,ok,0.002873863636363636,0.0107734375,ok,ue1_qfi82,0.0,49,10.0,data,ok,0.0,ue2_qfi9,3.0,ok,,,,,,,,ok,,,pending,,pending,sensor_dense,2,0,4,PF,161576974,False
ue4_qfi82,0.0,1.5,1.5,3.0,ok,0.0,ok,ue2_qfi82,0,0,0,100.99999999999997,data,ok,2.0,False,,proxy,3,0,,,,,,ok,,,,ok,,,ok,,,,,ok,0.9999993355945899,proxy,5,0.9999981797038016,56185.6,ok,0.010902272727272727,ok,0.0031272727272727272,0.0107796875,ok,ue1_qfi82,0.0,49,10.0,data,ok,0.0,ue4_qfi82,3.0,ok,,,,,,,,ok,,,pending,,pending,sensor_dense,2,0,4,Reservation,161576974,False
ue4_qfi82,0.0,1.5,1.5,3.0,ok,0.0,ok,ue1_qfi82,0,0,0,100.99999999999997,data,ok,2.0,False,,proxy,3,0,,,,,,ok,,,,ok,,,ok,,,,,ok,0.9999996996538296,proxy,5,0.9999984982691479,56184.0,ok,0.009188636363636364,ok,0.003128409090909091,0.01078125,ok,ue1_qfi82,0.0,49,10.0,data,ok,0.0,ue4_qfi82,3.0,ok,,,,,,,,ok,,,pending,,pending,sensor_dense,2,0,4,TwoTier,161576974,False
ue1_qfi9,0.5,2.0,2.5,3.25,ok,0.0,ok,ue1_qfi82,0,0,0,100.50000000000026,data,ok,2.0,False,,proxy,3,0,,,,,,ok,,,,ok,,,ok,,,,,ok,0.9999895620897465,proxy,5,0.9999567549005456,55728.0,ok,0.008711363636363637,ok,0.0028295454545454544,0.010790625,ok,ue1_qfi82,0.0,49,10.0,data,ok,0.0,ue4_qfi82,3.0,ok,,,,,,,,ok,,,pending,,pending,sensor_dense,2,0,4,PF,35492826,False
ue1_qfi9,0.25,2.0,3.0,3.5,ok,0.0,ok,ue1_qfi82,0,0,0,100.50000000000026,data,ok,2.0,False,,proxy,3,0,,,,,,ok,,,,ok,,,ok,,,,,ok,0.9999895620897465,proxy,5,0.9999567549005456,55728.0,ok,0.010347727272727272,ok,0.0030136363636363637,0.0108125,ok,ue1_qfi82,0.0,49,10.0,data,ok,0.0,ue1_qfi9,3.25,ok,,,,,,,,ok,,,pending,,pending,sensor_dense,2,0,4,Reservation,35492826,False
ue1_qfi9,0.25,2.0,2.5,3.5,ok,0.0,ok,ue3_qfi82,0,0,0,199.99999999999994,data,ok,2.0,False,,proxy,3,0,,,,,,ok,,,,ok,,,ok,,,,,ok,0.9997760954207948,proxy,5,0.9988894215557869,55702.4,ok,0.008729545454545455,ok,0.0030136363636363637,0.0108125,ok,ue1_qfi82,0.0,49,10.0,data,ok,0.0,ue1_qfi9,3.25,ok,,,,,,,,ok,,,pending,,pending,sensor_dense,2,0,4,TwoTier,35492826,False
ue2_qfi9,0.25,2.0,2.25,3.25,ok,0.0,ok,ue1_qfi82,0,0,0,100.99999999999997,data,ok,2.0,False,,proxy,3,0,,,,,,ok,,,,ok,,,ok,,,,,ok,0.9999893960638999,proxy,5,0.9999794898351126,55830.4,ok,0.008815909090909091,ok,0.002777272727272727,0.0094078125,ok,ue1_qfi82,0.0,49,10.0,data,ok,0.0,ue1_qfi9,3.0,ok,,,,,,,,ok,,,pending,,pending,sensor_dense,2,0,4,PF,376383645,False
ue3_qfi9,0.25,1.75,2.25,3.0,ok,0.0,ok,ue1_qfi82,0,0,0,100.99999999999997,data,ok,2.0,False,,proxy,3,0,,,,,,ok,,,,ok,,,ok,,,,,ok,0.9999875606825708,proxy,5,0.9999709649588531,55830.4,ok,0.010379545454545454,ok,0.0029852272727272726,0.0093984375,ok,ue1_qfi82,0.0,49,10.0,data,ok,0.0,ue1_qfi9,2.75,ok,,,,,,,,ok,,,pending,,pending,sensor_dense,2,0,4,Reservation,376383645,False
ue3_qfi9,0.25,1.75,2.25,3.0,ok,0.0,ok,ue2_qfi82,0,0,0,100.99999999999997,data,ok,2.0,False,,proxy,3,0,,,,,,ok,,,,ok,,,ok,,,,,ok,0.9999875606825708,proxy,5,0.9999709649588531,55830.4,ok,0.0088,ok,0.002984090909090909,0.0093953125,ok,ue1_qfi82,0.0,49,10.0,data,ok,0.0,ue1_qfi9,2.75,ok,,,,,,,,ok,,,pending,,pending,sensor_dense,2,0,4,TwoTier,376383645,False
ue3_qfi9,0.25,2.0,3.0,3.25,ok,0.0,ok,ue2_qfi82,0,0,0,101.4999999999997,data,ok,2.0,False,,proxy,3,0,,,,,,ok,,,,ok,,,ok,,,,,ok,0.9999974141174329,proxy,5,0.9999888797953101,56027.2,ok,0.008977272727272728,ok,0.002885227272727273,0.010546875,ok,ue1_qfi82,0.0,49,10.0,data,ok,0.0,ue1_qfi9,3.0,ok,,,,,,,,ok,,,pending,,pending,sensor_dense,2,0,4,PF,1746484539,False
ue3_qfi9,0.25,2.0,3.0,3.25,ok,0.0,ok,ue2_qfi82,0,0,0,101.4999999999997,data,ok,2.0,False,,proxy,3,0,,,,,,ok,,,,ok,,,ok,,,,,ok,0.9999984444885737,proxy,5,0.9999940316510139,56027.2,ok,0.010690909090909091,ok,0.0031670454545454545,0.0105734375,ok,ue1_qfi82,0.0,49,10.0,data,ok,0.0,ue3_qfi9,3.0,ok,,,,,,,,ok,,,pending,,pending,sensor_dense,2,0,4,Reservation,1746484539,False
ue3_qfi9,0.25,2.0,3.0,3.25,ok,0.0,ok,ue2_qfi82,0,0,0,101.4999999999997,data,ok,2.0,False,,proxy,3,0,,,,,,ok,,,,ok,,,ok,,,,,ok,0.9999974141174329,proxy,5,0.9999888797953101,56027.2,ok,0.009006818181818182,ok,0.0031670454545454545,0.010571875,ok,ue1_qfi82,0.0,49,10.0,data,ok,0.0,ue3_qfi9,3.0,ok,,,,,,,,ok,,,pending,,pending,sensor_dense,2,0,4,TwoTier,1746484539,False
ue3_qfi9,0.25,2.0,2.75,3.5,ok,0.0,ok,ue1_qfi82,0,0,0,100.99999999999997,data,ok,2.0,False,,proxy,3,0,,,,,,ok,,,,ok,,,ok,,,,,ok,0.9999965810151338,proxy,5,0.9999919240211914,55841.6,ok,0.008745454545454546,ok,0.0028034090909090908,0.0098484375,ok,ue1_qfi82,0.0,49,10.0,data,ok,0.0,ue3_qfi9,3.25,ok,,,,,,,,ok,,,pending,,pending,sensor_dense,1,0,4,PF,1826701614,False
ue3_qfi9,0.25,2.0,2.5,3.25,ok,0.0,ok,ue3_qfi82,0,0,0,100.99999999999997,data,ok,2.0,False,,proxy,3,0,,,,,,ok,,,,ok,,,ok,,,,,ok,0.9999988104273602,proxy,5,0.9999979120483165,55843.2,ok,0.01035909090909091,ok,0.003003409090909091,0.009834375,ok,ue1_qfi82,0.0,49,10.0,data,ok,0.0,ue3_qfi9,3.0,ok,,,,,,,,ok,,,pending,,pending,sensor_dense,1,0,4,Reservation,1826701614,False
ue3_qfi9,0.25,2.0,2.25,3.25,ok,0.0,ok,ue1_qfi82,0,0,0,100.99999999999997,data,ok,2.0,False,,proxy,3,0,,,,,,ok,,,,ok,,,ok,,,,,ok,0.9999988104273602,proxy,5,0.9999979120483165,55843.2,ok,0.008734090909090908,ok,0.003003409090909091,0.0098296875,ok,ue1_qfi82,0.0,49,10.0,data,ok,0.0,ue3_qfi9,3.0,ok,,,,,,,,ok,,,pending,,pending,sensor_dense,1,0,4,TwoTier,1826701614,False
ue4_qfi82,0.0,1.5,1.5,3.0,ok,0.0,ok,ue1_qfi82,0,0,0,100.99999999999997,data,ok,2.0,False,,proxy,3,0,,,,,,ok,,,,ok,,,ok,,,,,ok,0.9999948600198934,proxy,5,0.999989684796503,55864.0,ok,0.008795454545454546,ok,0.0028590909090909092,0.01025625,ok,ue1_qfi82,0.0,49,10.0,data,ok,0.0,ue4_qfi82,3.0,ok,,,,,,,,ok,,,pending,,pending,sensor_dense,1,0,4,PF,1367864806,False
ue2_qfi9,0.25,2.0,2.25,3.25,ok,0.0,ok,ue3_qfi82,0,0,0,100.99999999999997,data,ok,2.0,False,,proxy,3,0,,,,,,ok,,,,ok,,,ok,,,,,ok,0.9999971220287497,proxy,5,0.9999944724301024,55862.4,ok,0.010488636363636363,ok,0.0031170454545454544,0.0102671875,ok,ue1_qfi82,0.0,49,10.0,data,ok,0.0,ue2_qfi9,3.0,ok,,,,,,,,ok,,,pending,,pending,sensor_dense,1,0,4,Reservation,1367864806,False
ue2_qfi9,0.25,2.0,2.25,3.25,ok,0.0,ok,ue1_qfi82,0,0,0,100.99999999999997,data,ok,2.0,False,,proxy,3,0,,,,,,ok,,,,ok,,,ok,,,,,ok,0.9999971220287497,proxy,5,0.9999944724301024,55862.4,ok,0.008802272727272728,ok,0.0031170454545454544,0.01026875,ok,ue1_qfi82,0.0,49,10.0,data,ok,0.0,ue2_qfi9,3.0,ok,,,,,,,,ok,,,pending,,pending,sensor_dense,1,0,4,TwoTier,1367864806,False
ue2_qfi9,0.25,2.0,2.25,3.0,ok,0.0,ok,ue2_qfi82,0,0,0,101.00000000000043,data,ok,2.0,False,,proxy,3,0,,,,,,ok,,,,ok,,,ok,,,,,ok,0.999996732404296,proxy,5,0.9999930609108247,56062.4,ok,0.009065909090909091,ok,0.002934090909090909,0.01185625,ok,ue1_qfi82,0.0,49,10.0,data,ok,0.0,ue2_qfi9,2.75,ok,,,,,,,,ok,,,pending,,pending,sensor_dense,1,0,4,PF,1097657231,False
ue4_qfi82,0.0,1.5,1.5,3.0,ok,0.0,ok,ue1_qfi82,0,0,0,101.00000000000043,data,ok,2.0,False,,proxy,3,0,,,,,,ok,,,,ok,,,ok,,,,,ok,0.9999969828010224,proxy,5,0.9999930609108247,56064.0,ok,0.010815909090909091,ok,0.0032011363636363635,0.0118640625,ok,ue1_qfi82,0.0,49,10.0,data,ok,0.0,ue4_qfi82,3.0,ok,,,,,,,,ok,,,pending,,pending,sensor_dense,1,0,4,Reservation,1097657231,False
ue4_qfi82,0.0,1.5,1.5,3.0,ok,0.0,ok,ue3_qfi82,0,0,0,101.00000000000043,data,ok,2.0,False,,proxy,3,0,,,,,,ok,,,,ok,,,ok,,,,,ok,0.9999969828010224,proxy,5,0.9999930609108247,56064.0,ok,0.00909090909090909,ok,0.0031988636363636364,0.0118859375,ok,ue1_qfi82,0.0,49,10.0,data,ok,0.0,ue4_qfi82,3.0,ok,,,,,,,,ok,,,pending,,pending,sensor_dense,1,0,4,TwoTier,1097657231,False
ue2_qfi9,0.25,2.0,2.25,3.25,ok,0.0,ok,ue1_qfi82,0,0,0,100.99999999999997,data,ok,2.0,False,,proxy,3,0,,,,,,ok,,,,ok,,,ok,,,,,ok,0.9999986917785298,proxy,5,0.9999971252298935,55750.4,ok,0.008690909090909091,ok,0.0029125,0.0106875,ok,ue1_qfi82,0.0,49,10.0,data,ok,0.0,ue1_qfi9,3.0,ok,,,,,,,,ok,,,pending,,pending,sensor_dense,1,0,4,PF,579362555,False
ue2_qfi9,0.25,2.0,2.25,3.5,ok,0.0,ok,ue2_qfi82,0,0,0,100.99999999999997,data,ok,2.0,False,,proxy,3,0,,,,,,ok,,,,ok,,,ok,,,,,ok,0.9999986917785298,proxy,5,0.9999971252298935,55750.4,ok,0.010259090909090909,ok,0.0032090909090909093,0.010665625,ok,ue1_qfi82,0.0,49,10.0,data,ok,0.0,ue2_qfi9,3.25,ok,,,,,,,,ok,,,pending,,pending,sensor_dense,1,0,4,Reservation,579362555,False
ue2_qfi9,0.25,2.0,2.25,3.5,ok,0.0,ok,ue3_qfi82,0,0,0,100.99999999999997,data,ok,2.0,False,,proxy,3,0,,,,,,ok,,,,ok,,,ok,,,,,ok,0.9999986917785298,proxy,5,0.9999971252298935,55750.4,ok,0.008677272727272728,ok,0.0032102272727272726,0.0106703125,ok,ue1_qfi82,0.0,49,10.0,data,ok,0.0,ue2_qfi9,3.25,ok,,,,,,,,ok,,,pending,,pending,sensor_dense,1,0,4,TwoTier,579362555,False
ue4_qfi82,0.0,1.5,1.5,3.0,ok,0.0,ok,ue1_qfi82,0,0,0,101.50000000000014,data,ok,2.0,False,,proxy,3,0,,,,,,ok,,,,ok,,,ok,,,,,ok,0.99999639860307,proxy,5,0.99999292952147,55971.2,ok,0.008906818181818182,ok,0.0027738636363636364,0.009546875,ok,ue1_qfi82,0.0,49,10.0,data,ok,0.0,ue4_qfi82,3.0,ok,,,,,,,,ok,,,pending,,pending,sensor_dense,1,0,4,PF,661058651,False
ue4_qfi82,0.0,1.5,3.0,3.0,ok,0.0,ok,ue2_qfi82,0,0,0,101.50000000000014,data,ok,2.0,False,,proxy,3,0,,,,,,ok,,,,ok,,,ok,,,,,ok,0.99999639860307,proxy,5,0.99999292952147,55971.2,ok,0.010565909090909091,ok,0.002948863636363636,0.00955,ok,ue1_qfi82,0.0,49,10.0,data,ok,0.0,ue4_qfi82,3.0,ok,,,,,,,,ok,,,pending,,pending,sensor_dense,1,0,4,Reservation,661058651,False
ue4_qfi82,0.0,1.5,3.0,3.0,ok,0.0,ok,ue1_qfi82,0,0,0,101.50000000000014,data,ok,2.0,False,,proxy,3,0,,,,,,ok,,,,ok,,,ok,,,,,ok,0.99999639860307,proxy,5,0.99999292952147,55971.2,ok,0.008913636363636363,ok,0.002948863636363636,0.0095515625,ok,ue1_qfi82,0.0,49,10.0,data,ok,0.0,ue4_qfi82,3.0,ok,,,,,,,,ok,,,pending,,pending,sensor_dense,1,0,4,TwoTier,661058651,False
ue2_qfi9,0.25,2.25,3.0,3.5,ok,0.0,ok,ue3_qfi82,0,0,0,100.99999999999997,data,ok,2.0,False,,proxy,3,0,,,,,,ok,,,,ok,,,ok,,,,,ok,0.9999959137644545,proxy,5,0.9999911826353339,55836.8,ok,0.008729545454545455,ok,0.0028352272727272727,0.0102703125,ok,ue1_qfi82,0.0,49,10.0,data,ok,0.0,ue1_qfi9,3.25,ok,,,,,,,,ok,,,pending,,pending,sensor_dense,1,0,4,PF,87989972,False
ue1_qfi9,0.25,2.0,2.5,3.25,ok,0.0,ok,ue3_qfi82,0,0,0,100.99999999999997,data,ok,2.0,False,,proxy,3,0,,,,,,ok,,,,ok,,,ok,,,,,ok,0.9999940339594149,proxy,5,0.9999801388640187,55836.8,ok,0.010320454545454546,ok,0.0030511363636363635,0.010278125,ok,ue1_qfi82,0.0,49,10.0,data,ok,0.0,ue1_qfi9,3.0,ok,,,,,,,,ok,,,pending,,pending,sensor_dense,1,0,4,Reservation,87989972,False
ue2_qfi9,0.25,2.0,2.25,3.25,ok,0.0,ok,ue2_qfi82,0,0,0,100.50000000000026,data,ok,2.0,False,,proxy,3,0,,,,,,ok,,,,ok,,,ok,,,,,ok,0.9999937050101915,proxy,5,0.9999801388640187,55835.2,ok,0.008745454545454546,ok,0.00305,0.010278125,ok,ue1_qfi82,0.0,49,10.0,data,ok,0.0,ue1_qfi9,3.0,ok,,,,,,,,ok,,,pending,,pending,sensor_dense,1,0,4,TwoTier,87989972,False
ue3_qfi9,0.25,2.0,2.25,3.25,ok,0.0,ok,ue1_qfi82,0,0,0,100.99999999999997,data,ok,2.0,False,,proxy,3,0,,,,,,ok,,,,ok,,,ok,,,,,ok,0.9999996996538296,proxy,5,0.9999984982691479,56184.0,ok,0.009181818181818182,ok,0.002873863636363636,0.0107734375,ok,ue1_qfi82,0.0,49,10.0,data,ok,0.0,ue2_qfi9,3.0,ok,,,,,,,,ok,,,pending,,pending,sensor_dense,1,0,4,PF,161576974,False
ue4_qfi82,0.0,1.5,1.5,3.0,ok,0.0,ok,ue2_qfi82,0,0,0,100.99999999999997,data,ok,2.0,False,,proxy,3,0,,,,,,ok,,,,ok,,,ok,,,,,ok,0.9999993355945899,proxy,5,0.9999981797038016,56185.6,ok,0.010902272727272727,ok,0.0031272727272727272,0.0107796875,ok,ue1_qfi82,0.0,49,10.0,data,ok,0.0,ue4_qfi82,3.0,ok,,,,,,,,ok,,,pending,,pending,sensor_dense,1,0,4,Reservation,161576974,False
ue4_qfi82,0.0,1.5,1.5,3.0,ok,0.0,ok,ue1_qfi82,0,0,0,100.99999999999997,data,ok,2.0,False,,proxy,3,0,,,,,,ok,,,,ok,,,ok,,,,,ok,0.9999996996538296,proxy,5,0.9999984982691479,56184.0,ok,0.009188636363636364,ok,0.003128409090909091,0.01078125,ok,ue1_qfi82,0.0,49,10.0,data,ok,0.0,ue4_qfi82,3.0,ok,,,,,,,,ok,,,pending,,pending,sensor_dense,1,0,4,TwoTier,161576974,False
ue1_qfi9,0.5,2.0,2.5,3.25,ok,0.0,ok,ue1_qfi82,0,0,0,100.50000000000026,data,ok,2.0,False,,proxy,3,0,,,,,,ok,,,,ok,,,ok,,,,,ok,0.9999895620897465,proxy,5,0.9999567549005456,55728.0,ok,0.008711363636363637,ok,0.0028295454545454544,0.010790625,ok,ue1_qfi82,0.0,49,10.0,data,ok,0.0,ue4_qfi82,3.0,ok,,,,,,,,ok,,,pending,,pending,sensor_dense,1,0,4,PF,35492826,False
ue1_qfi9,0.25,2.0,3.0,3.5,ok,0.0,ok,ue1_qfi82,0,0,0,100.50000000000026,data,ok,2.0,False,,proxy,3,0,,,,,,ok,,,,ok,,,ok,,,,,ok,0.9999895620897465,proxy,5,0.9999567549005456,55728.0,ok,0.010347727272727272,ok,0.0030136363636363637,0.0108125,ok,ue1_qfi82,0.0,49,10.0,data,ok,0.0,ue1_qfi9,3.25,ok,,,,,,,,ok,,,pending,,pending,sensor_dense,1,0,4,Reservation,35492826,False
ue1_qfi9,0.25,2.0,2.5,3.5,ok,0.0,ok,ue3_qfi82,0,0,0,199.99999999999994,data,ok,2.0,False,,proxy,3,0,,,,,,ok,,,,ok,,,ok,,,,,ok,0.9997760954207948,proxy,5,0.9988894215557869,55702.4,ok,0.008729545454545455,ok,0.0030136363636363637,0.0108125,ok,ue1_qfi82,0.0,49,10.0,data,ok,0.0,ue1_qfi9,3.25,ok,,,,,,,,ok,,,pending,,pending,sensor_dense,1,0,4,TwoTier,35492826,False
ue2_qfi9,0.25,2.0,2.25,3.25,ok,0.0,ok,ue1_qfi82,0,0,0,100.99999999999997,data,ok,2.0,False,,proxy,3,0,,,,,,ok,,,,ok,,,ok,,,,,ok,0.9999893960638999,proxy,5,0.9999794898351126,55830.4,ok,0.008815909090909091,ok,0.002777272727272727,0.0094078125,ok,ue1_qfi82,0.0,49,10.0,data,ok,0.0,ue1_qfi9,3.0,ok,,,,,,,,ok,,,pending,,pending,sensor_dense,1,0,4,PF,376383645,False
ue3_qfi9,0.25,1.75,2.25,3.0,ok,0.0,ok,ue1_qfi82,0,0,0,100.99999999999997,data,ok,2.0,False,,proxy,3,0,,,,,,ok,,,,ok,,,ok,,,,,ok,0.9999875606825708,proxy,5,0.9999709649588531,55830.4,ok,0.010379545454545454,ok,0.0029852272727272726,0.0093984375,ok,ue1_qfi82,0.0,49,10.0,data,ok,0.0,ue1_qfi9,2.75,ok,,,,,,,,ok,,,pending,,pending,sensor_dense,1,0,4,Reservation,376383645,False
ue3_qfi9,0.25,1.75,2.25,3.0,ok,0.0,ok,ue2_qfi82,0,0,0,100.99999999999997,data,ok,2.0,False,,proxy,3,0,,,,,,ok,,,,ok,,,ok,,,,,ok,0.9999875606825708,proxy,5,0.9999709649588531,55830.4,ok,0.0088,ok,0.002984090909090909,0.0093953125,ok,ue1_qfi82,0.0,49,10.0,data,ok,0.0,ue1_qfi9,2.75,ok,,,,,,,,ok,,,pending,,pending,sensor_dense,1,0,4,TwoTier,376383645,False
ue3_qfi9,0.25,2.0,3.0,3.25,ok,0.0,ok,ue2_qfi82,0,0,0,101.4999999999997,data,ok,2.0,False,,proxy,3,0,,,,,,ok,,,,ok,,,ok,,,,,ok,0.9999974141174329,proxy,5,0.9999888797953101,56027.2,ok,0.008977272727272728,ok,0.002885227272727273,0.010546875,ok,ue1_qfi82,0.0,49,10.0,data,ok,0.0,ue1_qfi9,3.0,ok,,,,,,,,ok,,,pending,,pending,sensor_dense,1,0,4,PF,1746484539,False
ue3_qfi9,0.25,2.0,3.0,3.25,ok,0.0,ok,ue2_qfi82,0,0,0,101.4999999999997,data,ok,2.0,False,,proxy,3,0,,,,,,ok,,,,ok,,,ok,,,,,ok,0.9999984444885737,proxy,5,0.9999940316510139,56027.2,ok,0.010690909090909091,ok,0.0031670454545454545,0.0105734375,ok,ue1_qfi82,0.0,49,10.0,data,ok,0.0,ue3_qfi9,3.0,ok,,,,,,,,ok,,,pending,,pending,sensor_dense,1,0,4,Reservation,1746484539,False
ue3_qfi9,0.25,2.0,3.0,3.25,ok,0.0,ok,ue2_qfi82,0,0,0,101.4999999999997,data,ok,2.0,False,,proxy,3,0,,,,,,ok,,,,ok,,,ok,,,,,ok,0.9999974141174329,proxy,5,0.9999888797953101,56027.2,ok,0.009006818181818182,ok,0.0031670454545454545,0.010571875,ok,ue1_qfi82,0.0,49,10.0,data,ok,0.0,ue3_qfi9,3.0,ok,,,,,,,,ok,,,pending,,pending,sensor_dense,1,0,4,TwoTier,1746484539,False
ue3_qfi9,0.25,2.0,2.75,3.5,ok,0.0,ok,ue1_qfi82,0,0,0,100.99999999999997,data,ok,2.0,False,,proxy,3,0,,,,,,ok,,,,ok,,,ok,,,,,ok,0.9999965810151338,proxy,5,0.9999919240211914,55841.6,ok,0.008745454545454546,ok,0.0028034090909090908,0.0098484375,ok,ue1_qfi82,0.0,49,10.0,data,ok,0.0,ue3_qfi9,3.25,ok,,,,,,,,ok,,,pending,,pending,sensor_dense,0,0,4,PF,1826701614,False
ue3_qfi9,0.25,2.0,2.5,3.25,ok,0.0,ok,ue3_qfi82,0,0,0,100.99999999999997,data,ok,2.0,False,,proxy,3,0,,,,,,ok,,,,ok,,,ok,,,,,ok,0.9999988104273602,proxy,5,0.9999979120483165,55843.2,ok,0.01035909090909091,ok,0.003003409090909091,0.009834375,ok,ue1_qfi82,0.0,49,10.0,data,ok,0.0,ue3_qfi9,3.0,ok,,,,,,,,ok,,,pending,,pending,sensor_dense,0,0,4,Reservation,1826701614,False
ue3_qfi9,0.25,2.0,2.25,3.25,ok,0.0,ok,ue1_qfi82,0,0,0,100.99999999999997,data,ok,2.0,False,,proxy,3,0,,,,,,ok,,,,ok,,,ok,,,,,ok,0.9999988104273602,proxy,5,0.9999979120483165,55843.2,ok,0.008734090909090908,ok,0.003003409090909091,0.0098296875,ok,ue1_qfi82,0.0,49,10.0,data,ok,0.0,ue3_qfi9,3.0,ok,,,,,,,,ok,,,pending,,pending,sensor_dense,0,0,4,TwoTier,1826701614,False
ue4_qfi82,0.0,1.5,1.5,3.0,ok,0.0,ok,ue1_qfi82,0,0,0,100.99999999999997,data,ok,2.0,False,,proxy,3,0,,,,,,ok,,,,ok,,,ok,,,,,ok,0.9999948600198934,proxy,5,0.999989684796503,55864.0,ok,0.008795454545454546,ok,0.0028590909090909092,0.01025625,ok,ue1_qfi82,0.0,49,10.0,data,ok,0.0,ue4_qfi82,3.0,ok,,,,,,,,ok,,,pending,,pending,sensor_dense,0,0,4,PF,1367864806,False
ue2_qfi9,0.25,2.0,2.25,3.25,ok,0.0,ok,ue3_qfi82,0,0,0,100.99999999999997,data,ok,2.0,False,,proxy,3,0,,,,,,ok,,,,ok,,,ok,,,,,ok,0.9999971220287497,proxy,5,0.9999944724301024,55862.4,ok,0.010488636363636363,ok,0.0031170454545454544,0.0102671875,ok,ue1_qfi82,0.0,49,10.0,data,ok,0.0,ue2_qfi9,3.0,ok,,,,,,,,ok,,,pending,,pending,sensor_dense,0,0,4,Reservation,1367864806,False
ue2_qfi9,0.25,2.0,2.25,3.25,ok,0.0,ok,ue1_qfi82,0,0,0,100.99999999999997,data,ok,2.0,False,,proxy,3,0,,,,,,ok,,,,ok,,,ok,,,,,ok,0.9999971220287497,proxy,5,0.9999944724301024,55862.4,ok,0.008802272727272728,ok,0.0031170454545454544,0.01026875,ok,ue1_qfi82,0.0,49,10.0,data,ok,0.0,ue2_qfi9,3.0,ok,,,,,,,,ok,,,pending,,pending,sensor_dense,0,0,4,TwoTier,1367864806,False
ue2_qfi9,0.25,2.0,2.25,3.0,ok,0.0,ok,ue2_qfi82,0,0,0,101.00000000000043,data,ok,2.0,False,,proxy,3,0,,,,,,ok,,,,ok,,,ok,,,,,ok,0.999996732404296,proxy,5,0.9999930609108247,56062.4,ok,0.009065909090909091,ok,0.002934090909090909,0.01185625,ok,ue1_qfi82,0.0,49,10.0,data,ok,0.0,ue2_qfi9,2.75,ok,,,,,,,,ok,,,pending,,pending,sensor_dense,0,0,4,PF,1097657231,False
ue4_qfi82,0.0,1.5,1.5,3.0,ok,0.0,ok,ue1_qfi82,0,0,0,101.00000000000043,data,ok,2.0,False,,proxy,3,0,,,,,,ok,,,,ok,,,ok,,,,,ok,0.9999969828010224,proxy,5,0.9999930609108247,56064.0,ok,0.010815909090909091,ok,0.0032011363636363635,0.0118640625,ok,ue1_qfi82,0.0,49,10.0,data,ok,0.0,ue4_qfi82,3.0,ok,,,,,,,,ok,,,pending,,pending,sensor_dense,0,0,4,Reservation,1097657231,False
ue4_qfi82,0.0,1.5,1.5,3.0,ok,0.0,ok,ue3_qfi82,0,0,0,101.00000000000043,data,ok,2.0,False,,proxy,3,0,,,,,,ok,,,,ok,,,ok,,,,,ok,0.9999969828010224,proxy,5,0.9999930609108247,56064.0,ok,0.00909090909090909,ok,0.0031988636363636364,0.0118859375,ok,ue1_qfi82,0.0,49,10.0,data,ok,0.0,ue4_qfi82,3.0,ok,,,,,,,,ok,,,pending,,pending,sensor_dense,0,0,4,TwoTier,1097657231,False
ue2_qfi9,0.25,2.0,2.25,3.25,ok,0.0,ok,ue1_qfi82,0,0,0,100.99999999999997,data,ok,2.0,False,,proxy,3,0,,,,,,ok,,,,ok,,,ok,,,,,ok,0.9999986917785298,proxy,5,0.9999971252298935,55750.4,ok,0.008690909090909091,ok,0.0029125,0.0106875,ok,ue1_qfi82,0.0,49,10.0,data,ok,0.0,ue1_qfi9,3.0,ok,,,,,,,,ok,,,pending,,pending,sensor_dense,0,0,4,PF,579362555,False
ue2_qfi9,0.25,2.0,2.25,3.5,ok,0.0,ok,ue2_qfi82,0,0,0,100.99999999999997,data,ok,2.0,False,,proxy,3,0,,,,,,ok,,,,ok,,,ok,,,,,ok,0.9999986917785298,proxy,5,0.9999971252298935,55750.4,ok,0.010259090909090909,ok,0.0032090909090909093,0.010665625,ok,ue1_qfi82,0.0,49,10.0,data,ok,0.0,ue2_qfi9,3.25,ok,,,,,,,,ok,,,pending,,pending,sensor_dense,0,0,4,Reservation,579362555,False
ue2_qfi9,0.25,2.0,2.25,3.5,ok,0.0,ok,ue3_qfi82,0,0,0,100.99999999999997,data,ok,2.0,False,,proxy,3,0,,,,,,ok,,,,ok,,,ok,,,,,ok,0.9999986917785298,proxy,5,0.9999971252298935,55750.4,ok,0.008677272727272728,ok,0.0032102272727272726,0.0106703125,ok,ue1_qfi82,0.0,49,10.0,data,ok,0.0,ue2_qfi9,3.25,ok,,,,,,,,ok,,,pending,,pending,sensor_dense,0,0,4,TwoTier,579362555,False
ue4_qfi82,0.0,1.5,1.5,3.0,ok,0.0,ok,ue1_qfi82,0,0,0,101.50000000000014,data,ok,2.0,False,,proxy,3,0,,,,,,ok,,,,ok,,,ok,,,,,ok,0.99999639860307,proxy,5,0.99999292952147,55971.2,ok,0.008906818181818182,ok,0.0027738636363636364,0.009546875,ok,ue1_qfi82,0.0,49,10.0,data,ok,0.0,ue4_qfi82,3.0,ok,,,,,,,,ok,,,pending,,pending,sensor_dense,0,0,4,PF,661058651,False
ue4_qfi82,0.0,1.5,3.0,3.0,ok,0.0,ok,ue2_qfi82,0,0,0,101.50000000000014,data,ok,2.0,False,,proxy,3,0,,,,,,ok,,,,ok,,,ok,,,,,ok,0.99999639860307,proxy,5,0.99999292952147,55971.2,ok,0.010565909090909091,ok,0.002948863636363636,0.00955,ok,ue1_qfi82,0.0,49,10.0,data,ok,0.0,ue4_qfi82,3.0,ok,,,,,,,,ok,,,pending,,pending,sensor_dense,0,0,4,Reservation,661058651,False
ue4_qfi82,0.0,1.5,3.0,3.0,ok,0.0,ok,ue1_qfi82,0,0,0,101.50000000000014,data,ok,2.0,False,,proxy,3,0,,,,,,ok,,,,ok,,,ok,,,,,ok,0.99999639860307,proxy,5,0.99999292952147,55971.2,ok,0.008913636363636363,ok,0.002948863636363636,0.0095515625,ok,ue1_qfi82,0.0,49,10.0,data,ok,0.0,ue4_qfi82,3.0,ok,,,,,,,,ok,,,pending,,pending,sensor_dense,0,0,4,TwoTier,661058651,False
ue2_qfi9,0.25,2.25,3.0,3.5,ok,0.0,ok,ue3_qfi82,0,0,0,100.99999999999997,data,ok,2.0,False,,proxy,3,0,,,,,,ok,,,,ok,,,ok,,,,,ok,0.9999959137644545,proxy,5,0.9999911826353339,55836.8,ok,0.008729545454545455,ok,0.0028352272727272727,0.0102703125,ok,ue1_qfi82,0.0,49,10.0,data,ok,0.0,ue1_qfi9,3.25,ok,,,,,,,,ok,,,pending,,pending,sensor_dense,0,0,4,PF,87989972,False
ue1_qfi9,0.25,2.0,2.5,3.25,ok,0.0,ok,ue3_qfi82,0,0,0,100.99999999999997,data,ok,2.0,False,,proxy,3,0,,,,,,ok,,,,ok,,,ok,,,,,ok,0.9999940339594149,proxy,5,0.9999801388640187,55836.8,ok,0.010320454545454546,ok,0.0030511363636363635,0.010278125,ok,ue1_qfi82,0.0,49,10.0,data,ok,0.0,ue1_qfi9,3.0,ok,,,,,,,,ok,,,pending,,pending,sensor_dense,0,0,4,Reservation,87989972,False
ue2_qfi9,0.25,2.0,2.25,3.25,ok,0.0,ok,ue2_qfi82,0,0,0,100.50000000000026,data,ok,2.0,False,,proxy,3,0,,,,,,ok,,,,ok,,,ok,,,,,ok,0.9999937050101915,proxy,5,0.9999801388640187,55835.2,ok,0.008745454545454546,ok,0.00305,0.010278125,ok,ue1_qfi82,0.0,49,10.0,data,ok,0.0,ue1_qfi9,3.0,ok,,,,,,,,ok,,,pending,,pending,sensor_dense,0,0,4,TwoTier,87989972,False
ue3_qfi9,0.25,2.0,2.25,3.25,ok,0.0,ok,ue1_qfi82,0,0,0,100.99999999999997,data,ok,2.0,False,,proxy,3,0,,,,,,ok,,,,ok,,,ok,,,,,ok,0.9999996996538296,proxy,5,0.9999984982691479,56184.0,ok,0.009181818181818182,ok,0.002873863636363636,0.0107734375,ok,ue1_qfi82,0.0,49,10.0,data,ok,0.0,ue2_qfi9,3.0,ok,,,,,,,,ok,,,pending,,pending,sensor_dense,0,0,4,PF,161576974,False
ue4_qfi82,0.0,1.5,1.5,3.0,ok,0.0,ok,ue2_qfi82,0,0,0,100.99999999999997,data,ok,2.0,False,,proxy,3,0,,,,,,ok,,,,ok,,,ok,,,,,ok,0.9999993355945899,proxy,5,0.9999981797038016,56185.6,ok,0.010902272727272727,ok,0.0031272727272727272,0.0107796875,ok,ue1_qfi82,0.0,49,10.0,data,ok,0.0,ue4_qfi82,3.0,ok,,,,,,,,ok,,,pending,,pending,sensor_dense,0,0,4,Reservation,161576974,False
ue4_qfi82,0.0,1.5,1.5,3.0,ok,0.0,ok,ue1_qfi82,0,0,0,100.99999999999997,data,ok,2.0,False,,proxy,3,0,,,,,,ok,,,,ok,,,ok,,,,,ok,0.9999996996538296,proxy,5,0.9999984982691479,56184.0,ok,0.009188636363636364,ok,0.003128409090909091,0.01078125,ok,ue1_qfi82,0.0,49,10.0,data,ok,0.0,ue4_qfi82,3.0,ok,,,,,,,,ok,,,pending,,pending,sensor_dense,0,0,4,TwoTier,161576974,False
ue1_qfi9,0.5,2.0,2.5,3.25,ok,0.0,ok,ue1_qfi82,0,0,0,100.50000000000026,data,ok,2.0,False,,proxy,3,0,,,,,,ok,,,,ok,,,ok,,,,,ok,0.9999895620897465,proxy,5,0.9999567549005456,55728.0,ok,0.008711363636363637,ok,0.0028295454545454544,0.010790625,ok,ue1_qfi82,0.0,49,10.0,data,ok,0.0,ue4_qfi82,3.0,ok,,,,,,,,ok,,,pending,,pending,sensor_dense,0,0,4,PF,35492826,False
ue1_qfi9,0.25,2.0,3.0,3.5,ok,0.0,ok,ue1_qfi82,0,0,0,100.50000000000026,data,ok,2.0,False,,proxy,3,0,,,,,,ok,,,,ok,,,ok,,,,,ok,0.9999895620897465,proxy,5,0.9999567549005456,55728.0,ok,0.010347727272727272,ok,0.0030136363636363637,0.0108125,ok,ue1_qfi82,0.0,49,10.0,data,ok,0.0,ue1_qfi9,3.25,ok,,,,,,,,ok,,,pending,,pending,sensor_dense,0,0,4,Reservation,35492826,False
ue1_qfi9,0.25,2.0,2.5,3.5,ok,0.0,ok,ue3_qfi82,0,0,0,199.99999999999994,data,ok,2.0,False,,proxy,3,0,,,,,,ok,,,,ok,,,ok,,,,,ok,0.9997760954207948,proxy,5,0.9988894215557869,55702.4,ok,0.008729545454545455,ok,0.0030136363636363637,0.0108125,ok,ue1_qfi82,0.0,49,10.0,data,ok,0.0,ue1_qfi9,3.25,ok,,,,,,,,ok,,,pending,,pending,sensor_dense,0,0,4,TwoTier,35492826,False
ue2_qfi9,0.25,2.0,2.25,3.25,ok,0.0,ok,ue1_qfi82,0,0,0,100.99999999999997,data,ok,2.0,False,,proxy,3,0,,,,,,ok,,,,ok,,,ok,,,,,ok,0.9999893960638999,proxy,5,0.9999794898351126,55830.4,ok,0.008815909090909091,ok,0.002777272727272727,0.0094078125,ok,ue1_qfi82,0.0,49,10.0,data,ok,0.0,ue1_qfi9,3.0,ok,,,,,,,,ok,,,pending,,pending,sensor_dense,0,0,4,PF,376383645,False
ue3_qfi9,0.25,1.75,2.25,3.0,ok,0.0,ok,ue1_qfi82,0,0,0,100.99999999999997,data,ok,2.0,False,,proxy,3,0,,,,,,ok,,,,ok,,,ok,,,,,ok,0.9999875606825708,proxy,5,0.9999709649588531,55830.4,ok,0.010379545454545454,ok,0.0029852272727272726,0.0093984375,ok,ue1_qfi82,0.0,49,10.0,data,ok,0.0,ue1_qfi9,2.75,ok,,,,,,,,ok,,,pending,,pending,sensor_dense,0,0,4,Reservation,376383645,False
ue3_qfi9,0.25,1.75,2.25,3.0,ok,0.0,ok,ue2_qfi82,0,0,0,100.99999999999997,data,ok,2.0,False,,proxy,3,0,,,,,,ok,,,,ok,,,ok,,,,,ok,0.9999875606825708,proxy,5,0.9999709649588531,55830.4,ok,0.0088,ok,0.002984090909090909,0.0093953125,ok,ue1_qfi82,0.0,49,10.0,data,ok,0.0,ue1_qfi9,2.75,ok,,,,,,,,ok,,,pending,,pending,sensor_dense,0,0,4,TwoTier,376383645,False
ue3_qfi9,0.25,2.0,3.0,3.25,ok,0.0,ok,ue2_qfi82,0,0,0,101.4999999999997,data,ok,2.0,False,,proxy,3,0,,,,,,ok,,,,ok,,,ok,,,,,ok,0.9999974141174329,proxy,5,0.9999888797953101,56027.2,ok,0.008977272727272728,ok,0.002885227272727273,0.010546875,ok,ue1_qfi82,0.0,49,10.0,data,ok,0.0,ue1_qfi9,3.0,ok,,,,,,,,ok,,,pending,,pending,sensor_dense,0,0,4,PF,1746484539,False
ue3_qfi9,0.25,2.0,3.0,3.25,ok,0.0,ok,ue2_qfi82,0,0,0,101.4999999999997,data,ok,2.0,False,,proxy,3,0,,,,,,ok,,,,ok,,,ok,,,,,ok,0.9999984444885737,proxy,5,0.9999940316510139,56027.2,ok,0.010690909090909091,ok,0.0031670454545454545,0.0105734375,ok,ue1_qfi82,0.0,49,10.0,data,ok,0.0,ue3_qfi9,3.0,ok,,,,,,,,ok,,,pending,,pending,sensor_dense,0,0,4,Reservation,1746484539,False
ue3_qfi9,0.25,2.0,3.0,3.25,ok,0.0,ok,ue2_qfi82,0,0,0,101.4999999999997,data,ok,2.0,False,,proxy,3,0,,,,,,ok,,,,ok,,,ok,,,,,ok,0.9999974141174329,proxy,5,0.9999888797953101,56027.2,ok,0.009006818181818182,ok,0.0031670454545454545,0.010571875,ok,ue1_qfi82,0.0,49,10.0,data,ok,0.0,ue3_qfi9,3.0,ok,,,,,,,,ok,,,pending,,pending,sensor_dense,0,0,4,TwoTier,1746484539,False
ue3_qfi1,0.5,10.5,15.5,15.5,ok,0.0005400619219569375,ok,ue2_qfi9,0,3,4,1000.4999999999998,data,ok,2.0,False,,proxy,3,0,,ue1_qfi2,1.0,152,150.0,ok,,ue1_qfi2,15.564,ok,,3,ok,3,,ue2_qfi2,0.9650428000000001,ok,0.999558267917033,proxy,5,0.9993006955143579,12436705.6,ok,0.004654545454545455,ok,0.18447045454545455,0.020225,ok,ue1_qfi82,0.0,99,10.0,data,ok,0.0,ue3_qfi1,15.0,ok,,30.4,ue1_qfi2,0,0.0,0.0,30.303,ok,33.0,,pending,,pending,drone_heavy,0,0,4,PF,1826701614,False
ue1_qfi2,5.37,13.752,14.97,16.59,ok,0.0006087269377486053,ok,ue3_qfi9,0,1,4,1005.0000000000003,data,ok,2.0,False,,proxy,3,0,,ue1_qfi2,1.0,152,150.0,ok,,ue1_qfi2,16.829,ok,,3,ok,3,,ue2_qfi2,0.9650428000000001,ok,0.9993485283700819,proxy,5,0.9986671654585885,12435657.6,ok,0.005315909090909091,ok,0.2459715909090909,0.02429375,ok,ue1_qfi82,0.0,99,10.0,data,ok,0.0,ue3_qfi1,14.5,ok,,30.4,ue1_qfi2,0,0.0,0.0,30.303,ok,33.0,,pending,,pending,drone_heavy,0,0,4,Reservation,1826701614,False
ue3_qfi9,0.5,15.75,15.75,15.75,ok,0.00044277454208467825,ok,ue2_qfi9,0,2,4,1000.5000000000001,data,ok,2.0,False,,proxy,3,0,,ue2_qfi2,0.993421052631579,152,150.0,ok,,ue1_qfi2,15.354,ok,,3,ok,3,,ue2_qfi2,0.9637724,ok,0.999688718413257,proxy,5,0.9993254162836177,12432769.6,ok,0.004718181818181818,ok,0.1990943181818182,0.0204359375,ok,ue1_qfi82,0.0,99,10.0,data,ok,0.0,ue3_qfi9,15.25,ok,,30.2,ue2_qfi2,1,69.5,69.5,30.303,ok,33.0,,pending,,pending,drone_heavy,0,0,4,TwoTier,1826701614,False
ue1_qfi2,5.175,12.443,14.544,15.696,ok,0.0005077741114603875,ok,ue3_qfi9,0,1,4,1000.5,data,ok,2.0,False,,proxy,3,0,,ue3_qfi2,0.993421052631579,152,150.0,ok,,ue1_qfi2,16.25,ok,,3,ok,3,,ue3_qfi2,0.9584224,ok,0.9997148751356258,proxy,5,0.999375109504564,12286960.0,ok,0.004675,ok,0.1877465909090909,0.0205984375,ok,ue1_qfi82,0.0,99,10.0,data,ok,0.0,ue2_qfi1,14.75,ok,,30.2,ue3_qfi2,1,67.25,67.25,30.303,ok,33.0,,pending,,pending,drone_heavy,0,0,4,PF,1367864806,False
ue1_qfi2,5.602,14.098,15.61,16.448,ok,0.0006505688183406279,ok,ue3_qfi9,0,2,4,1004.75,data,ok,2.0,False,,proxy,3,0,,ue1_qfi2,1.0,152,150.0,ok,,ue1_qfi2,17.492,ok,,3,ok,3,,ue3_qfi2,0.9596328000000001,ok,0.9993503850748177,proxy,5,0.9987593110623771,12289180.8,ok,0.005356818181818182,ok,0.24515227272727272,0.0253875,ok,ue1_qfi82,0.0,99,10.0,data,ok,0.0,ue2_qfi1,14.5,ok,,30.4,ue1_qfi2,0,0.0,0.0,30.303,ok,33.0,,pending,,pending,drone_heavy,0,0,4,Reservation,1367864806,False
ue3_qfi1,0.75,13.0,15.25,15.25,ok,0.0004075143459492332,ok,ue3_qfi9,0,1,4,1000.2499999999999,data,ok,2.0,False,,proxy,3,0,,ue1_qfi2,1.0,152,150.0,ok,,ue1_qfi2,15.242,ok,,3,ok,3,,ue3_qfi2,0.9596928,ok,0.9997509569932577,proxy,5,0.9995988964492174,12292227.200000001,ok,0.004738636363636363,ok,0.2004875,0.0210671875,ok,ue1_qfi82,0.0,99,10.0,data,ok,0.0,ue2_qfi9,14.75,ok,,30.4,ue1_qfi2,0,0.0,0.0,30.303,ok,33.0,,pending,,pending,drone_heavy,0,0,4,TwoTier,1367864806,False
ue3_qfi9,0.5,15.5,15.5,15.5,ok,0.0005022673301018556,ok,ue2_qfi9,0,3,4,1003.7500000000001,data,ok,2.0,False,,proxy,3,0,,ue1_qfi2,1.0,152,150.0,ok,,ue1_qfi2,15.192,ok,,3,ok,3,,ue2_qfi2,0.9702896,ok,0.9996343752750642,proxy,5,0.9990930866844034,12341636.799999999,ok,0.004765909090909091,ok,0.19222727272727272,0.0215046875,ok,ue1_qfi82,0.0,99,10.0,data,ok,0.0,ue2_qfi1,15.0,ok,,30.4,ue1_qfi2,0,0.0,0.0,30.303,ok,33.0,,pending,,pending,drone_heavy,0,0,4,PF,1097657231,False
ue3_qfi1,0.75,12.75,18.0,18.0,ok,0.0006557241935920714,ok,ue2_qfi9,0,1,4,1005.5000000000001,data,ok,2.0,False,,proxy,3,0,,ue1_qfi2,1.0,152,150.0,ok,,ue1_qfi2,16.969,ok,,3,ok,3,,ue2_qfi2,0.9702896,ok,0.9993650346407025,proxy,5,0.9987622073279532,12339292.799999999,ok,0.005222727272727273,ok,0.25466363636363637,0.0270046875,ok,ue1_qfi82,0.0,99,10.0,data,ok,0.0,ue3_qfi1,17.25,ok,,30.4,ue1_qfi2,0,0.0,0.0,30.303,ok,33.0,,pending,,pending,drone_heavy,0,0,4,Reservation,1097657231,False
ue2_qfi9,0.5,15.75,15.75,15.75,ok,0.0005460681151941963,ok,ue3_qfi9,0,3,4,1004.5000000000002,data,ok,2.0,False,,proxy,3,0,,ue1_qfi2,1.0,152,150.0,ok,,ue1_qfi2,15.49,ok,,3,ok,3,,ue2_qfi2,0.9702896,ok,0.99953689587421,proxy,5,0.9988912806367177,12340918.4,ok,0.004668181818181818,ok,0.208625,0.0216515625,ok,ue1_qfi82,0.0,99,10.0,data,ok,0.0,ue2_qfi9,15.25,ok,,30.4,ue1_qfi2,0,0.0,0.0,30.303,ok,33.0,,pending,,pending,drone_heavy,0,0,4,TwoTier,1097657231,False
ue3_qfi1,0.5,10.75,15.75,15.75,ok,0.0006231856210304374,ok,ue3_qfi9,0,3,4,1004.9999999999999,data,ok,2.0,False,,proxy,3,0,,ue1_qfi2,1.0,152,150.0,ok,,ue1_qfi2,15.809,ok,,3,ok,3,,ue2_qfi2,0.9608671999999999,ok,0.999476601481932,proxy,5,0.9992710189636068,12316707.2,ok,0.004572727272727273,ok,0.18828295454545455,0.0209203125,ok,ue1_qfi82,0.0,99,10.0,data,ok,0.0,ue3_qfi1,15.25,ok,,30.4,ue1_qfi2,0,0.0,0.0,30.303,ok,33.0,,pending,,pending,drone_heavy,0,0,4,PF,579362555,False
ue3_qfi1,0.75,10.75,17.75,17.75,ok,0.0005950512973689333,ok,ue3_qfi9,0,2,4,1007.4999999999999,data,ok,2.0,False,,proxy,3,0,,ue1_qfi2,1.0,152,150.0,ok,,ue1_qfi2,17.145,ok,,3,ok,3,,ue2_qfi2,0.9608671999999999,ok,0.9995088683139148,proxy,5,0.9992860574859521,12316171.2,ok,0.005159090909090909,ok,0.24778636363636364,0.0259171875,ok,ue1_qfi82,0.0,99,10.0,data,ok,0.0,ue3_qfi1,17.0,ok,,30.4,ue1_qfi2,0,0.0,0.0,30.303,ok,33.0,,pending,,pending,drone_heavy,0,0,4,Reservation,579362555,False
ue3_qfi1,0.5,11.5,15.5,15.5,ok,0.0005224838899718038,ok,ue3_qfi9,0,2,4,1002.2499999999997,data,ok,2.0,False,,proxy,3,0,,ue3_qfi2,0.9868421052631579,152,150.0,ok,,ue1_qfi2,15.088,ok,,3,ok,3,,ue2_qfi2,0.9608671999999999,ok,0.999678747243365,proxy,5,0.9995685941016116,12311046.4,ok,0.004556818181818182,ok,0.20403181818181818,0.021346875,ok,ue1_qfi82,0.0,99,10.0,data,ok,0.0,ue3_qfi1,15.0,ok,,30.0,ue3_qfi2,1,71.5,71.5,30.303,ok,33.0,,pending,,pending,drone_heavy,0,0,4,TwoTier,579362555,False
ue3_qfi1,0.5,10.5,16.0,16.0,ok,0.00046951684744504476,ok,ue3_qfi9,0,2,4,1002.5,data,ok,2.0,False,,proxy,3,0,,ue3_qfi2,0.993421052631579,152,150.0,ok,,ue1_qfi2,15.25,ok,,3,ok,3,,ue3_qfi2,0.9713408,ok,0.9997075411549222,proxy,5,0.9995038438664875,12409390.4,ok,0.004520454545454545,ok,0.17944545454545455,0.018825,ok,ue1_qfi82,0.0,99,10.0,data,ok,0.0,ue3_qfi1,15.5,ok,,30.4,ue1_qfi2,0,0.0,0.0,30.303,ok,33.0,,pending,,pending,drone_heavy,0,0,4,PF,661058651,False
ue1_qfi2,4.944,13.763,15.145,16.027,ok,0.0005063262429188104,ok,ue2_qfi9,0,2,4,1002.9999999999997,data,ok,2.0,False,,proxy,3,0,,ue2_qfi2,0.993421052631579,152,150.0,ok,,ue1_qfi2,16.365,ok,,3,ok,3,,ue3_qfi2,0.9724648,ok,0.9996305403276136,proxy,5,0.9990918353744532,12410216.0,ok,0.005054545454545455,ok,0.2396340909090909,0.0226046875,ok,ue1_qfi82,0.0,99,10.0,data,ok,0.0,ue3_qfi1,14.75,ok,,30.4,ue1_qfi2,0,0.0,0.0,30.303,ok,33.0,,pending,,pending,drone_heavy,0,0,4,Reservation,661058651,False
ue3_qfi1,0.75,10.75,15.5,15.5,ok,0.0004941949485701005,ok,ue2_qfi9,0,3,4,1000.5000000000001,data,ok,2.0,False,,proxy,3,0,,ue1_qfi2,1.0,152,150.0,ok,,ue1_qfi2,15.139,ok,,3,ok,3,,ue3_qfi2,0.9725651999999999,ok,0.9996495449973887,proxy,5,0.9992370286322525,12413787.2,ok,0.004525,ok,0.19252613636363636,0.0191453125,ok,ue1_qfi82,0.0,99,10.0,data,ok,0.0,ue2_qfi1,15.0,ok,,30.4,ue1_qfi2,0,0.0,0.0,30.303,ok,33.0,,pending,,pending,drone_heavy,0,0,4,TwoTier,661058651,False
ue2_qfi1,0.5,10.75,15.5,15.5,ok,0.0006319565112641856,ok,ue3_qfi9,0,2,4,1002.5,data,ok,2.0,False,,proxy,3,0,,ue1_qfi2,1.0,152,150.0,ok,,ue1_qfi2,15.517,ok,,3,ok,3,,ue1_qfi2,0.9709972,ok,0.9993784022877407,proxy,5,0.9989808587110649,12378155.2,ok,0.004586363636363637,ok,0.19358636363636364,0.0228765625,ok,ue1_qfi82,0.0,99,10.0,data,ok,0.0,ue2_qfi1,15.0,ok,,30.4,ue1_qfi2,0,0.0,0.0,30.303,ok,33.0,,pending,,pending,drone_heavy,0,0,4,PF,87989972,False
ue3_qfi1,0.75,13.0,17.75,17.75,ok,0.0005597509967133199,ok,ue3_qfi9,0,2,4,1002.5,data,ok,2.0,False,,proxy,3,0,,ue1_qfi2,1.0,152,150.0,ok,,ue1_qfi2,17.501,ok,,3,ok,3,,ue1_qfi2,0.9709972,ok,0.9995264445956247,proxy,5,0.9990403249173594,12379121.6,ok,0.005031818181818182,ok,0.25276363636363636,0.0277,ok,ue1_qfi82,0.0,99,10.0,data,ok,0.0,ue3_qfi1,17.0,ok,,30.4,ue1_qfi2,0,0.0,0.0,30.303,ok,33.0,,pending,,pending,drone_heavy,0,0,4,Reservation,87989972,False
ue3_qfi1,0.5,13.0,15.5,15.5,ok,0.0005074082508870279,ok,ue3_qfi9,0,2,4,1000.5000000000001,data,ok,2.0,False,,proxy,3,0,,ue1_qfi2,1.0,152,150.0,ok,,ue1_qfi2,15.285,ok,,3,ok,3,,ue1_qfi2,0.9709972,ok,0.9996107685826843,proxy,5,0.9993251831075882,12380286.4,ok,0.004656818181818182,ok,0.20930454545454547,0.0231921875,ok,ue1_qfi82,0.0,99,10.0,data,ok,0.0,ue2_qfi1,15.0,ok,,30.4,ue1_qfi2,0,0.0,0.0,30.303,ok,33.0,,pending,,pending,drone_heavy,0,0,4,TwoTier,87989972,False
ue2_qfi1,0.5,15.5,15.75,15.75,ok,0.0004936676727960272,ok,ue1_qfi85,1,1,1,3302.5,data,ok,2.0,False,,proxy,3,0,,ue1_qfi2,1.0,152,150.0,ok,,ue1_qfi2,15.581,ok,,2,ok,3,,ue1_qfi2,0.9486532,ok,0.9996135942586891,proxy,5,0.9990985335333448,12310147.2,ok,0.004831818181818182,ok,0.1851534090909091,0.0205953125,ok,ue1_qfi82,0.0,99,10.0,data,ok,0.0,ue2_qfi1,15.25,ok,,30.4,ue1_qfi2,0,0.0,0.0,30.303,ok,33.0,,pending,,pending,drone_heavy,0,0,4,PF,161576974,False
ue2_qfi1,0.75,15.25,17.75,17.75,ok,0.0006219710426085252,ok,ue1_qfi85,1,1,1,3302.5,data,ok,2.0,False,,proxy,3,0,,ue3_qfi2,0.993421052631579,152,150.0,ok,,ue1_qfi2,17.201,ok,,2,ok,3,,ue1_qfi2,0.9486532,ok,0.9996311361872579,proxy,5,0.999571736799816,12305795.2,ok,0.005420454545454545,ok,0.2452193181818182,0.0247375,ok,ue1_qfi82,0.0,99,10.0,data,ok,0.0,ue2_qfi1,17.0,ok,,30.4,ue1_qfi2,0,0.0,0.0,30.303,ok,33.0,,pending,,pending,drone_heavy,0,0,4,Reservation,161576974,False
ue2_qfi9,0.75,15.75,15.75,15.75,ok,0.00042611292772059466,ok,ue1_qfi85,1,1,1,3302.5,data,ok,2.0,False,,proxy,3,0,,ue1_qfi2,1.0,152,150.0,ok,,ue1_qfi2,15.04,ok,,2,ok,3,,ue1_qfi2,0.9486532,ok,0.9997087016927978,proxy,5,0.9993756102705401,12311070.4,ok,0.0046931818181818186,ok,0.19977613636363636,0.0208828125,ok,ue1_qfi82,0.0,99,10.0,data,ok,0.0,ue2_qfi9,15.0,ok,,30.4,ue1_qfi2,0,0.0,0.0,30.303,ok,33.0,,pending,,pending,drone_heavy,0,0,4,TwoTier,161576974,False
ue3_qfi1,0.5,10.5,17.75,17.75,ok,0.0004658230180492186,ok,ue1_qfi85,0,1,1,1693.7500000000005,data,ok,2.0,False,,proxy,3,0,,ue2_qfi2,0.993421052631579,152,150.0,ok,,ue1_qfi2,15.248,ok,,3,ok,3,,ue2_qfi2,0.96693,ok,0.9996370506469081,proxy,5,0.9990996575482951,12359771.2,ok,0.004677272727272727,ok,0.18890795454545453,0.0204203125,ok,ue1_qfi82,0.0,99,10.0,data,ok,0.0,ue3_qfi1,17.25,ok,,30.4,ue1_qfi2,0,0.0,0.0,30.303,ok,33.0,,pending,,pending,drone_heavy,0,0,4,PF,35492826,False
ue1_qfi2,5.009,13.472,15.277,16.681,ok,0.0005546499576966279,ok,ue1_qfi85,0,1,1,1693.7500000000005,data,ok,2.0,False,,proxy,3,0,,ue1_qfi2,1.0,152,150.0,ok,,ue1_qfi2,17.138,ok,,3,ok,3,,ue2_qfi2,0.9682004000000001,ok,0.9995116878572065,proxy,5,0.9987705209822542,12368862.4,ok,0.005243181818181818,ok,0.24806704545454544,0.0253640625,ok,ue1_qfi82,0.0,99,10.0,data,ok,0.0,ue3_qfi1,14.75,ok,,30.4,ue1_qfi2,0,0.0,0.0,30.303,ok,33.0,,pending,,pending,drone_heavy,0,0,4,Reservation,35492826,False
ue3_qfi9,0.5,15.25,15.25,15.25,ok,0.00046544052394122625,ok,ue1_qfi85,0,1,1,1693.7500000000005,data,ok,2.0,False,,proxy,3,0,,ue1_qfi2,1.0,152,150.0,ok,,ue1_qfi2,15.083,ok,,3,ok,3,,ue2_qfi2,0.9682004000000001,ok,0.9996207219090726,proxy,5,0.9993719921587829,12369612.8,ok,0.004752272727272727,ok,0.20355681818181817,0.0207109375,ok,ue1_qfi82,0.0,99,10.0,data,ok,0.0,ue3_qfi1,14.75,ok,,30.4,ue1_qfi2,0,0.0,0.0,30.303,ok,33.0,,pending,,pending,drone_heavy,0,0,4,TwoTier,35492826,False
ue2_qfi1,0.5,10.75,15.5,15.5,ok,0.0004679109284756554,ok,ue3_qfi9,0,1,4,1000.5,data,ok,2.0,False,,proxy,3,0,,ue1_qfi2,1.0,152,150.0,ok,,ue1_qfi2,15.25,ok,,3,ok,3,,ue3_qfi2,0.9617268,ok,0.9996569403918822,proxy,5,0.9993087263249923,12304595.2,ok,0.0047,ok,0.1872318181818182,0.0196703125,ok,ue1_qfi82,0.0,99,10.0,data,ok,0.0,ue2_qfi1,15.0,ok,,30.4,ue1_qfi2,0,0.0,0.0,30.303,ok,33.0,,pending,,pending,drone_heavy,0,0,4,PF,376383645,False
ue3_qfi1,0.75,10.75,17.75,17.75,ok,0.0006759205387814608,ok,ue3_qfi9,0,1,4,1005.0000000000003,data,ok,2.0,False,,proxy,3,0,,ue1_qfi2,1.0,152,150.0,ok,,ue1_qfi2,17.25,ok,,3,ok,3,,ue3_qfi2,0.9617268,ok,0.9994802829421273,proxy,5,0.999327443209841,12302177.6,ok,0.005204545454545455,ok,0.245925,0.024065625,ok,ue1_qfi82,0.0,99,10.0,data,ok,0.0,ue2_qfi1,17.0,ok,,30.4,ue1_qfi2,0,0.0,0.0,30.303,ok,33.0,,pending,,pending,drone_heavy,0,0,4,Reservation,376383645,False
ue2_qfi9,0.5,15.5,15.5,15.5,ok,0.00047193899600340067,ok,ue2_qfi9,0,2,4,1001.4999999999997,data,ok,2.0,False,,proxy,3,0,,ue1_qfi2,1.0,152,150.0,ok,,ue1_qfi2,15.218,ok,,3,ok,3,,ue3_qfi2,0.9616668,ok,0.9997454044528906,proxy,5,0.9995724518524377,12305337.6,ok,0.004736363636363637,ok,0.20302272727272727,0.019959375,ok,ue1_qfi82,0.0,99,10.0,data,ok,0.0,ue2_qfi9,15.0,ok,,30.4,ue1_qfi2,0,0.0,0.0,30.303,ok,33.0,,pending,,pending,drone_heavy,0,0,4,TwoTier,376383645,False
ue3_qfi9,0.5,15.75,15.75,15.75,ok,0.0005567964157269536,ok,ue2_qfi9,0,1,4,1000.2500000000003,data,ok,2.0,False,,proxy,3,0,,ue1_qfi2,0.993421052631579,152,150.0,ok,,ue1_qfi2,15.367,ok,,3,ok,3,,ue1_qfi2,0.9637396,ok,0.9993855530631045,proxy,5,0.9982778564361946,12315057.6,ok,0.004584090909090909,ok,0.18904204545454545,0.0196203125,ok,ue1_qfi82,0.0,99,10.0,data,ok,0.0,ue3_qfi9,15.25,ok,,30.2,ue1_qfi2,0,0.0,0.0,30.303,ok,33.0,,pending,,pending,drone_heavy,0,0,4,PF,1746484539,False
ue3_qfi1,0.75,12.75,18.0,18.0,ok,0.0005453485212030855,ok,ue3_qfi9,0,1,4,1004.75,data,ok,2.0,False,,proxy,3,0,,ue2_qfi2,0.993421052631579,152,150.0,ok,,ue1_qfi2,16.273,ok,,3,ok,3,,ue1_qfi2,0.9641784,ok,0.999599542862194,proxy,5,0.9991043142376769,12316614.4,ok,0.0051090909090909095,ok,0.24790340909090908,0.02401875,ok,ue1_qfi82,0.0,99,10.0,data,ok,0.0,ue3_qfi1,17.25,ok,,30.4,ue1_qfi2,0,0.0,0.0,30.303,ok,33.0,,pending,,pending,drone_heavy,0,0,4,Reservation,1746484539,False
ue2_qfi9,0.5,15.5,15.5,15.5,ok,0.00041879854698727444,ok,ue3_qfi9,0,2,4,1007.2499999999995,data,ok,2.0,False,,proxy,3,0,,ue2_qfi2,0.993421052631579,152,150.0,ok,,ue1_qfi2,15.0,ok,,3,ok,3,,ue1_qfi2,0.9641784,ok,0.9997303481640183,proxy,5,0.9995346582158268,12312339.2,ok,0.004822727272727273,ok,0.2030534090909091,0.0198359375,ok,ue1_qfi82,0.0,99,10.0,data,ok,0.0,ue2_qfi9,15.0,ok,,30.4,ue1_qfi2,0,0.0,0.0,30.303,ok,33.0,,pending,,pending,drone_heavy,0,0,4,TwoTier,1746484539,False
ue1_qfi2,4.733,12.042,13.718,14.746,ok,0.00041373232306759095,ok,ue2_qfi9,0,1,4,1000.2499999999999,data,ok,2.0,False,,proxy,3,0,,ue1_qfi2,1.0,152,150.0,ok,,ue3_qfi2,15.5,ok,,3,ok,3,,ue2_qfi2,0.9650428000000001,ok,0.9995754188552674,proxy,5,0.999468778379056,14612323.200000001,ok,0.00395,ok,0.211875,0.020878125,ok,ue1_qfi82,0.0,99,10.0,data,ok,0.0,ue2_qfi9,12.0,ok,,30.4,ue1_qfi2,0,0.0,0.0,30.303,ok,33.0,,pending,,pending,mixed,0,0,4,PF,1826701614,False
ue1_qfi2,5.501,13.595,14.798,15.948,ok,0.0005910461758108442,ok,ue2_qfi9,0,1,4,1002.2499999999997,data,ok,2.0,False,,proxy,3,0,,ue1_qfi2,1.0,152,150.0,ok,,ue3_qfi2,16.918,ok,,3,ok,3,,ue2_qfi2,0.9650428000000001,ok,0.9990862862974893,proxy,5,0.9984601899199105,14609854.4,ok,0.004629545454545455,ok,0.27185113636363634,0.0251125,ok,ue1_qfi82,0.0,99,10.0,data,ok,0.0,ue2_qfi9,14.5,ok,,30.4,ue1_qfi2,0,0.0,0.0,30.303,ok,33.0,,pending,,pending,mixed,0,0,4,Reservation,1826701614,False
ue1_qfi2,4.808,13.048,14.501,15.604,ok,0.0004580607862534043,ok,ue2_qfi9,0,0,4,1000.0,data,ok,2.0,False,,proxy,3,0,,ue1_qfi2,1.0,152,150.0,ok,,ue1_qfi2,15.863,ok,,3,ok,3,,ue2_qfi2,0.9650428000000001,ok,0.9995144853280398,proxy,5,0.9992159721300392,14612067.200000001,ok,0.00405,ok,0.22661477272727273,0.02080625,ok,ue1_qfi82,0.0,99,10.0,data,ok,0.0,ue2_qfi1,12.75,ok,,30.4,ue1_qfi2,0,0.0,0.0,30.303,ok,33.0,,pending,,pending,mixed,0,0,4,TwoTier,1826701614,False
ue2_qfi1,0.5,10.75,15.5,15.5,ok,0.00044398275171407867,ok,ue2_qfi9,0,1,4,1000.0000000000002,data,ok,2.0,False,,proxy,3,0,,ue1_qfi2,1.0,152,150.0,ok,,ue1_qfi2,15.681,ok,,3,ok,3,,ue2_qfi2,0.9678748,ok,0.9995631585537279,proxy,5,0.9992889959277884,14408894.4,ok,0.004068181818181818,ok,0.21806022727272728,0.0218109375,ok,ue1_qfi82,0.0,99,10.0,data,ok,0.0,ue2_qfi1,15.0,ok,,30.4,ue1_qfi2,0,0.0,0.0,30.303,ok,33.0,,pending,,pending,mixed,0,0,4,PF,1367864806,False
ue2_qfi1,0.5,10.5,16.5,16.5,ok,0.0004903405574473872,ok,ue2_qfi9,0,2,4,1000.9999999999999,data,ok,2.0,False,,proxy,3,0,,ue2_qfi2,0.993421052631579,152,150.0,ok,,ue1_qfi2,16.544,ok,,3,ok,3,,ue2_qfi2,0.9673411999999999,ok,0.9994344114583568,proxy,5,0.9989594778639842,14406092.8,ok,0.004631818181818181,ok,0.2734761363636364,0.0264625,ok,ue1_qfi82,0.0,99,10.0,data,ok,0.0,ue2_qfi1,16.0,ok,,30.4,ue1_qfi2,0,0.0,0.0,30.303,ok,33.0,,pending,,pending,mixed,0,0,4,Reservation,1367864806,False
ue1_qfi2,4.795,13.07,14.576,15.322,ok,0.00048024872997806954,ok,ue2_qfi9,0,2,4,1000.5000000000001,data,ok,2.0,False,,proxy,3,0,,ue2_qfi2,0.993421052631579,152,150.0,ok,,ue1_qfi2,15.653,ok,,3,ok,3,,ue2_qfi2,0.9675116,ok,0.9994938511246494,proxy,5,0.9989721480527066,14402766.4,ok,0.004015909090909091,ok,0.23149431818181818,0.021884375,ok,ue1_qfi82,0.0,99,10.0,data,ok,0.0,ue2_qfi1,12.5,ok,,30.4,ue1_qfi2,0,0.0,0.0,30.303,ok,33.0,,pending,,pending,mixed,0,0,4,TwoTier,1367864806,False
ue3_qfi2,6.041,11.287,12.989,14.278,ok,0.00033107154503589316,ok,ue2_qfi9,0,3,4,1001.9999999999998,data,ok,2.0,False,,proxy,3,0,,ue3_qfi2,0.993421052631579,152,150.0,ok,,ue3_qfi2,15.456,ok,,3,ok,3,,ue2_qfi2,0.9702896,ok,0.9997936247052103,proxy,5,0.9996543640394568,14479803.2,ok,0.003970454545454545,ok,0.22362613636363637,0.0227921875,ok,ue1_qfi82,0.0,99,10.0,data,ok,0.0,ue1_qfi9,11.25,ok,,30.4,ue1_qfi2,0,0.0,0.0,30.303,ok,33.0,,pending,,pending,mixed,0,0,4,PF,1097657231,False
ue3_qfi2,5.944,12.5,14.9,16.114,ok,0.0006307993152142519,ok,ue2_qfi9,0,2,4,1004.2499999999999,data,ok,2.0,False,,proxy,3,0,,ue2_qfi2,0.9868421052631579,152,150.0,ok,,ue3_qfi2,18.637,ok,,3,ok,3,,ue2_qfi2,0.968434,ok,0.9991795630114109,proxy,5,0.9981628173240995,14472630.4,ok,0.004470454545454546,ok,0.28111477272727275,0.027734375,ok,ue1_qfi82,0.0,99,10.0,data,ok,0.0,ue2_qfi9,13.75,ok,,30.0,ue2_qfi2,2,69.5,136.75,30.303,ok,33.0,,pending,,pending,mixed,0,0,4,Reservation,1097657231,False
ue1_qfi2,4.891,12.891,13.989,15.138,ok,0.00044515495403103886,ok,ue2_qfi9,0,1,4,1000.5000000000001,data,ok,2.0,False,,proxy,3,0,,ue1_qfi2,0.993421052631579,152,150.0,ok,,ue3_qfi2,15.641,ok,,3,ok,3,,ue2_qfi2,0.9702896,ok,0.9996154097871338,proxy,5,0.9993518335541084,14475600.0,ok,0.004018181818181818,ok,0.23987272727272727,0.022640625,ok,ue1_qfi82,0.0,99,10.0,data,ok,0.0,ue1_qfi9,12.5,ok,,30.2,ue1_qfi2,0,0.0,0.0,30.303,ok,33.0,,pending,,pending,mixed,0,0,4,TwoTier,1097657231,False
ue1_qfi2,5.053,12.97,14.448,15.607,ok,0.0004608263850967332,ok,ue2_qfi9,0,2,4,1000.5000000000001,data,ok,2.0,False,,proxy,3,0,,ue1_qfi2,1.0,152,150.0,ok,,ue1_qfi2,15.998,ok,,3,ok,3,,ue2_qfi2,0.9608671999999999,ok,0.9995790869422777,proxy,5,0.9993921138155594,14465416.0,ok,0.0039022727272727273,ok,0.21905454545454545,0.0221625,ok,ue1_qfi82,0.0,99,10.0,data,ok,0.0,ue2_qfi1,15.0,ok,,30.4,ue1_qfi2,0,0.0,0.0,30.303,ok,33.0,,pending,,pending,mixed,0,0,4,PF,579362555,False
ue1_qfi2,5.986,14.227,15.607,16.51,ok,0.0005836733578989263,ok,ue2_qfi9,0,2,4,1000.2499999999999,data,ok,2.0,False,,proxy,3,0,,ue1_qfi2,0.993421052631579,152,150.0,ok,,ue1_qfi2,17.296,ok,,3,ok,3,,ue2_qfi2,0.9608671999999999,ok,0.9992172854237884,proxy,5,0.9990124353708333,14460241.6,ok,0.004545454545454545,ok,0.27682045454545456,0.0266703125,ok,ue1_qfi82,0.0,99,10.0,data,ok,0.0,ue2_qfi9,14.5,ok,,30.2,ue1_qfi2,1,67.75,67.75,30.303,ok,33.0,,pending,,pending,mixed,0,0,4,Reservation,579362555,False
ue1_qfi2,5.26,13.217,14.725,15.588,ok,0.0004422308823313174,ok,ue2_qfi9,0,2,4,1001.4999999999997,data,ok,2.0,False,,proxy,3,0,,ue1_qfi2,1.0,152,150.0,ok,,ue1_qfi2,16.316,ok,,3,ok,3,,ue2_qfi2,0.9608671999999999,ok,0.9995437317743521,proxy,5,0.9992233548178298,14465998.4,ok,0.0040318181818181816,ok,0.23371704545454544,0.022075,ok,ue1_qfi82,0.0,99,10.0,data,ok,0.0,ue2_qfi1,12.5,ok,,30.4,ue1_qfi2,0,0.0,0.0,30.303,ok,33.0,,pending,,pending,mixed,0,0,4,TwoTier,579362555,False
ue1_qfi2,4.412,12.349,13.818,14.579,ok,0.00037775056841080366,ok,ue2_qfi9,0,2,4,1001.0000000000001,data,ok,2.0,False,,proxy,3,0,,ue1_qfi2,1.0,152,150.0,ok,,ue3_qfi2,15.5,ok,,3,ok,3,,ue1_qfi2,0.9759004,ok,0.9996432163884791,proxy,5,0.9993023925027966,14561121.6,ok,0.003936363636363636,ok,0.2088534090909091,0.0196640625,ok,ue1_qfi82,0.0,98,10.0,data,ok,0.0,ue1_qfi9,11.0,ok,,30.4,ue1_qfi2,0,0.0,0.0,30.303,ok,33.0,,pending,,pending,mixed,0,0,4,PF,661058651,False
ue1_qfi2,4.979,13.75,15.395,16.032,ok,0.00046133511921283925,ok,ue2_qfi9,0,2,4,1002.5,data,ok,2.0,False,,proxy,3,0,,ue1_qfi2,1.0,152,150.0,ok,,ue3_qfi2,16.745,ok,,3,ok,3,,ue1_qfi2,0.9759004,ok,0.9995566985980215,proxy,5,0.9994867379083218,14560260.8,ok,0.0044136363636363635,ok,0.26535,0.023328125,ok,ue1_qfi82,0.0,99,10.0,data,ok,0.0,ue1_qfi9,13.25,ok,,30.4,ue1_qfi2,0,0.0,0.0,30.303,ok,33.0,,pending,,pending,mixed,0,0,4,Reservation,661058651,False
ue1_qfi2,4.97,12.716,14.883,16.032,ok,0.0004488131659770622,ok,ue2_qfi9,0,1,4,1000.9999999999999,data,ok,2.0,False,,proxy,3,0,,ue1_qfi2,1.0,152,150.0,ok,,ue1_qfi2,16.156,ok,,3,ok,3,,ue1_qfi2,0.9759004,ok,0.9994653284024613,proxy,5,0.9985964862069331,14560166.4,ok,0.003852272727272727,ok,0.22359431818181819,0.019625,ok,ue1_qfi82,0.0,99,10.0,data,ok,0.0,ue2_qfi9,14.5,ok,,30.4,ue1_qfi2,0,0.0,0.0,30.303,ok,33.0,,pending,,pending,mixed,0,0,4,TwoTier,661058651,False
ue2_qfi1,0.5,10.5,16.0,16.0,ok,0.0004742907147938436,ok,ue2_qfi9,0,2,4,1000.9999999999999,data,ok,2.0,False,,proxy,3,0,,ue1_qfi2,1.0,152,150.0,ok,,ue1_qfi2,15.46,ok,,3,ok,3,,ue1_qfi2,0.9709972,ok,0.9994047874465535,proxy,5,0.9990071481796295,14536292.799999999,ok,0.003963636363636364,ok,0.22629204545454545,0.023975,ok,ue1_qfi82,0.0,99,10.0,data,ok,0.0,ue2_qfi1,15.5,ok,,30.4,ue1_qfi2,0,0.0,0.0,30.303,ok,33.0,,pending,,pending,mixed,0,0,4,PF,87989972,False
ue1_qfi2,5.723,13.585,15.448,16.476,ok,0.0005407596336081177,ok,ue2_qfi9,0,1,4,1000.9999999999999,data,ok,2.0,False,,proxy,3,0,,ue1_qfi2,1.0,152,150.0,ok,,ue1_qfi2,17.317,ok,,3,ok,3,,ue1_qfi2,0.9709972,ok,0.999339739781977,proxy,5,0.9988414863470831,14535548.799999999,ok,0.004368181818181818,ok,0.28089204545454544,0.0287765625,ok,ue1_qfi82,0.0,99,10.0,data,ok,0.0,ue2_qfi9,13.75,ok,,30.4,ue1_qfi2,0,0.0,0.0,30.303,ok,33.0,,pending,,pending,mixed,0,0,4,Reservation,87989972,False
ue1_qfi2,5.147,13.128,14.812,15.767,ok,0.00042698576435402696,ok,ue2_qfi9,0,1,4,1000.2499999999999,data,ok,2.0,False,,proxy,3,0,,ue1_qfi2,1.0,152,150.0,ok,,ue1_qfi2,16.495,ok,,3,ok,3,,ue1_qfi2,0.9709972,ok,0.9995765732689156,proxy,5,0.9992316520568716,14537304.0,ok,0.004045454545454546,ok,0.24228522727272728,0.024053125,ok,ue1_qfi82,0.0,99,10.0,data,ok,0.0,ue2_qfi1,14.75,ok,,30.4,ue1_qfi2,0,0.0,0.0,30.303,ok,33.0,,pending,,pending,mixed,0,0,4,TwoTier,87989972,False
ue1_qfi2,4.816,12.638,13.932,14.412,ok,0.000498764086244964,ok,ue1_qfi85,1,1,1,3302.5,data,ok,2.0,False,,proxy,3,0,,ue1_qfi2,1.0,152,150.0,ok,,ue1_qfi2,15.5,ok,,2,ok,3,,ue1_qfi2,0.9486532,ok,0.9994233507283596,proxy,5,0.998974003872526,14470580.8,ok,0.0041,ok,0.21425227272727274,0.021646875,ok,ue1_qfi82,0.0,99,10.0,data,ok,0.0,ue1_qfi9,10.75,ok,,30.4,ue1_qfi2,0,0.0,0.0,30.303,ok,33.0,,pending,,pending,mixed,0,0,4,PF,161576974,False
ue1_qfi2,5.217,13.467,14.832,15.751,ok,0.0004175343656312411,ok,ue1_qfi85,1,1,1,3302.5,data,ok,2.0,False,,proxy,3,0,,ue1_qfi2,1.0,152,150.0,ok,,ue3_qfi2,16.706,ok,,2,ok,3,,ue1_qfi2,0.9486532,ok,0.9995943504642136,proxy,5,0.9989775051588933,14471840.0,ok,0.0047568181818181815,ok,0.2707386363636364,0.0258296875,ok,ue1_qfi82,0.0,99,10.0,data,ok,0.0,ue2_qfi1,15.0,ok,,30.4,ue1_qfi2,0,0.0,0.0,30.303,ok,33.0,,pending,,pending,mixed,0,0,4,Reservation,161576974,False
ue1_qfi2,4.912,12.75,14.1,15.644,ok,0.00040747688588193713,ok,ue1_qfi85,1,1,1,3302.5,data,ok,2.0,False,,proxy,3,0,,ue1_qfi2,1.0,152,150.0,ok,,ue1_qfi2,16.413,ok,,2,ok,3,,ue1_qfi2,0.9486532,ok,0.9997154609297543,proxy,5,0.9993487513044791,14472875.2,ok,0.004097727272727273,ok,0.22915681818181818,0.0214453125,ok,ue1_qfi82,0.0,99,10.0,data,ok,0.0,ue2_qfi9,14.75,ok,,30.4,ue1_qfi2,0,0.0,0.0,30.303,ok,33.0,,pending,,pending,mixed,0,0,4,TwoTier,161576974,False
ue2_qfi9,0.75,15.25,15.25,15.25,ok,0.00027641224604143676,ok,ue1_qfi85,0,1,1,1693.7500000000005,data,ok,2.0,False,,proxy,3,0,,ue1_qfi2,1.0,152,150.0,ok,,ue3_qfi2,15.483,ok,,3,ok,3,,ue2_qfi2,0.9682004000000001,ok,0.9998137929488902,proxy,5,0.9995459686996524,14542868.8,ok,0.004079545454545455,ok,0.22034318181818183,0.0216828125,ok,ue1_qfi82,0.0,99,10.0,data,ok,0.0,ue2_qfi9,14.5,ok,,30.4,ue1_qfi2,0,0.0,0.0,30.303,ok,33.0,,pending,,pending,mixed,0,0,4,PF,35492826,False
ue1_qfi2,5.103,13.793,15.899,16.945,ok,0.0005060311765807892,ok,ue1_qfi85,0,1,1,1693.7500000000005,data,ok,2.0,False,,proxy,3,0,,ue1_qfi2,1.0,152,150.0,ok,,ue1_qfi2,17.094,ok,,3,ok,3,,ue2_qfi2,0.9677384,ok,0.9994927019425477,proxy,5,0.9992360546315384,14538158.4,ok,0.004590909090909091,ok,0.27594772727272726,0.0264265625,ok,ue1_qfi82,0.0,99,10.0,data,ok,0.0,ue2_qfi1,14.75,ok,,30.4,ue1_qfi2,0,0.0,0.0,30.303,ok,33.0,,pending,,pending,mixed,0,0,4,Reservation,35492826,False
ue1_qfi2,4.589,12.538,14.471,15.156,ok,0.00034696282083744476,ok,ue1_qfi85,0,1,1,1693.7500000000005,data,ok,2.0,False,,proxy,3,0,,ue2_qfi2,0.993421052631579,152,150.0,ok,,ue3_qfi2,15.722,ok,,3,ok,3,,ue2_qfi2,0.9672024,ok,0.9996670792890893,proxy,5,0.9992830497319642,14535086.4,ok,0.004206818181818182,ok,0.23334545454545455,0.0212953125,ok,ue1_qfi82,0.0,99,10.0,data,ok,0.0,ue2_qfi1,12.5,ok,,30.2,ue2_qfi2,1,69.5,69.5,30.303,ok,33.0,,pending,,pending,mixed,0,0,4,TwoTier,35492826,False
ue2_qfi9,0.75,15.25,15.25,15.25,ok,0.0003775874468026846,ok,ue3_qfi82,0,1,4,1001.5,data,ok,2.0,False,,proxy,3,0,,ue1_qfi2,1.0,152,150.0,ok,,ue3_qfi2,16.0,ok,,3,ok,3,,ue1_qfi2,0.9658692,ok,0.9995902645652569,proxy,5,0.9994833128400263,14427249.6,ok,0.004,ok,0.22019886363636362,0.0211375,ok,ue1_qfi82,0.0,99,10.0,data,ok,0.0,ue2_qfi1,14.5,ok,,30.4,ue1_qfi2,0,0.0,0.0,30.303,ok,33.0,,pending,,pending,mixed,0,0,4,PF,376383645,False
ue3_qfi2,6.027,12.471,14.54,15.685,ok,0.000492814279972837,ok,ue2_qfi9,0,2,4,1007.2499999999995,data,ok,2.0,False,,proxy,3,0,,ue1_qfi2,1.0,152,150.0,ok,,ue3_qfi2,17.12,ok,,3,ok,3,,ue1_qfi2,0.9658692,ok,0.999508800133057,proxy,5,0.9991515778495632,14425480.0,ok,0.004554545454545454,ok,0.2759465909090909,0.0250203125,ok,ue1_qfi82,0.0,99,10.0,data,ok,0.0,ue1_qfi9,13.0,ok,,30.4,ue1_qfi2,0,0.0,0.0,30.303,ok,33.0,,pending,,pending,mixed,0,0,4,Reservation,376383645,False
ue1_qfi2,4.664,12.518,14.695,16.119,ok,0.00037705592515661684,ok,ue2_qfi9,0,1,4,1000.2499999999999,data,ok,2.0,False,,proxy,3,0,,ue1_qfi2,0.993421052631579,152,150.0,ok,,ue1_qfi2,16.119,ok,,3,ok,3,,ue1_qfi2,0.9645988000000001,ok,0.9996809910655523,proxy,5,0.99950504856898,14422820.8,ok,0.003995454545454545,ok,0.23401931818181818,0.020640625,ok,ue1_qfi82,0.0,99,10.0,data,ok,0.0,ue2_qfi1,12.5,ok,,30.2,ue1_qfi2,0,0.0,0.0,30.303,ok,33.0,,pending,,pending,mixed,0,0,4,TwoTier,376383645,False
ue2_qfi1,0.5,12.75,15.25,15.25,ok,0.0003098653834108255,ok,ue2_qfi9,0,2,4,1004.75,data,ok,2.0,False,,proxy,3,0,,ue1_qfi2,1.0,152,150.0,ok,,ue3_qfi2,15.575,ok,,3,ok,3,,ue1_qfi2,0.9641784,ok,0.999768436068998,proxy,5,0.9996521927082389,14453774.4,ok,0.004056818181818181,ok,0.2207375,0.0205890625,ok,ue1_qfi82,0.0,99,10.0,data,ok,0.0,ue2_qfi1,14.75,ok,,30.4,ue1_qfi2,0,0.0,0.0,30.303,ok,33.0,,pending,,pending,mixed,0,0,4,PF,1746484539,False
ue1_qfi2,5.134,13.596,15.243,16.034,ok,0.0004611403745827659,ok,ue2_qfi9,0,2,4,1007.2499999999995,data,ok,2.0,False,,proxy,3,0,,ue1_qfi2,1.0,152,150.0,ok,,ue1_qfi2,16.517,ok,,3,ok,3,,ue1_qfi2,0.9641784,ok,0.9994554380320733,proxy,5,0.9992499362435382,14451513.6,ok,0.004477272727272727,ok,0.27582045454545456,0.0252390625,ok,ue1_qfi82,0.0,99,10.0,data,ok,0.0,ue2_qfi1,14.75,ok,,30.4,ue1_qfi2,0,0.0,0.0,30.303,ok,33.0,,pending,,pending,mixed,0,0,4,Reservation,1746484539,False
ue1_qfi2,4.617,12.5,14.645,15.369,ok,0.0003720456767152208,ok,ue2_qfi9,0,2,4,1002.2499999999997,data,ok,2.0,False,,proxy,3,0,,ue2_qfi2,0.993421052631579,152,150.0,ok,,ue1_qfi2,15.684,ok,,3,ok,3,,ue1_qfi2,0.9641784,ok,0.9996642452868105,proxy,5,0.9995105759669788,14449048.0,ok,0.004006818181818182,ok,0.23347159090909092,0.0204515625,ok,ue1_qfi82,0.0,99,10.0,data,ok,0.0,ue2_qfi9,14.75,ok,,30.4,ue1_qfi2,0,0.0,0.0,30.303,ok,33.0,,pending,,pending,mixed,0,0,4,TwoTier,1746484539,False
ue1_qfi9,1.75,28.0,36.25,42.25,ok,0.0010403747427596432,ok,ue2_qfi9,0,2,4,1002.5,data,ok,2.0,False,,proxy,3,0,,ue1_qfi2,1.0,152,150.0,ok,,ue1_qfi2,26.363,ok,,3,ok,4,,ue1_qfi4,0.4,ok,0.9953941014966006,proxy,5,0.9854046707773719,17225195.2,ok,0.004586363636363637,ok,0.2528375,0.0222234375,ok,ue1_qfi82,0.0,99,10.0,data,ok,0.0,ue1_qfi9,40.5,ok,,30.4,ue1_qfi2,0,0.0,0.0,30.303,ok,33.0,,pending,,pending,drone_heavy,1,1,4,PF,1826701614,True
ue1_qfi9,2.0,28.0,35.25,39.75,ok,0.0010984640618153737,ok,ue3_qfi9,0,1,4,1002.5,data,ok,2.0,False,,proxy,3,0,,ue1_qfi2,1.0,152,150.0,ok,,ue1_qfi2,32.325,ok,,3,ok,4,,ue1_qfi4,0.4,ok,0.9949484852466766,proxy,5,0.9836135734075587,17224259.2,ok,0.005329545454545455,ok,0.315275,0.02683125,ok,ue1_qfi82,0.0,99,10.0,data,ok,0.0,ue1_qfi9,37.75,ok,,30.4,ue1_qfi2,0,0.0,0.0,30.303,ok,33.0,,pending,,pending,drone_heavy,1,1,4,Reservation,1826701614,True
ue1_qfi9,1.75,24.5,31.0,33.75,ok,0.0010196205248080125,ok,ue2_qfi9,0,2,4,1019.25,data,ok,2.0,False,,proxy,3,0,,ue1_qfi2,1.0,152,150.0,ok,,ue1_qfi2,25.265,ok,,3,ok,4,,ue1_qfi4,0.3995842666666667,ok,0.9954974361436063,proxy,5,0.9849213578380758,17220505.6,ok,0.004718181818181818,ok,0.27225113636363635,0.022365625,ok,ue1_qfi82,0.0,99,10.0,data,ok,0.0,ue1_qfi9,32.0,ok,,30.4,ue1_qfi2,0,0.0,0.0,30.303,ok,33.0,,pending,,pending,drone_heavy,1,1,4,TwoTier,1826701614,True
ue1_qfi9,1.75,23.75,29.5,32.0,ok,0.000992128328746909,ok,ue2_qfi9,0,2,4,1002.2499999999997,data,ok,2.0,False,,proxy,3,0,,ue1_qfi2,0.993421052631579,152,150.0,ok,,ue1_qfi2,22.326,ok,,3,ok,4,,ue1_qfi4,0.3995765333333334,ok,0.9964289853349602,proxy,5,0.9892182200048301,17071792.0,ok,0.004686363636363636,ok,0.24815568181818182,0.021815625,ok,ue1_qfi82,0.0,99,10.0,data,ok,0.0,ue1_qfi9,30.25,ok,,30.2,ue1_qfi2,1,69.5,69.5,30.303,ok,33.0,,pending,,pending,drone_heavy,1,1,4,PF,1367864806,True
ue1_qfi9,2.0,24.5,31.75,37.75,ok,0.0010848094115638886,ok,ue3_qfi9,0,2,4,1002.7500000000002,data,ok,2.0,False,,proxy,3,0,,ue1_qfi2,1.0,152,150.0,ok,,ue1_qfi2,26.899,ok,,3,ok,4,,ue1_qfi4,0.4,ok,0.9957992750024207,proxy,5,0.9870727077667731,17079289.6,ok,0.005365909090909091,ok,0.3072556818181818,0.0268609375,ok,ue1_qfi82,0.0,99,10.0,data,ok,0.0,ue1_qfi9,35.75,ok,,30.4,ue1_qfi2,0,0.0,0.0,30.303,ok,33.0,,pending,,pending,drone_heavy,1,1,4,Reservation,1367864806,True
ue1_qfi9,1.75,20.75,26.25,29.0,ok,0.0008868821455566662,ok,ue2_qfi9,0,2,4,1022.7500000000002,data,ok,2.0,False,,proxy,3,0,,ue1_qfi2,1.0,152,150.0,ok,,ue3_qfi2,20.449,ok,,3,ok,4,,ue1_qfi4,0.4,ok,0.9972456554236453,proxy,5,0.9927016425330732,17082155.2,ok,0.004745454545454546,ok,0.26627727272727275,0.022178125,ok,ue1_qfi82,0.0,99,10.0,data,ok,0.0,ue1_qfi9,27.25,ok,,30.4,ue1_qfi2,0,0.0,0.0,30.303,ok,33.0,,pending,,pending,drone_heavy,1,1,4,TwoTier,1367864806,True
ue1_qfi9,1.75,27.25,32.75,35.0,ok,0.0011038966553396487,ok,ue3_qfi9,0,2,4,1000.5000000000001,data,ok,2.0,False,,proxy,3,0,,ue2_qfi2,0.993421052631579,152,150.0,ok,,ue1_qfi2,29.042,ok,,3,ok,4,,ue1_qfi4,0.4,ok,0.9954807027460362,proxy,5,0.9846883067108165,17126756.8,ok,0.004768181818181818,ok,0.26389318181818183,0.0234703125,ok,ue1_qfi82,0.0,99,10.0,data,ok,0.0,ue1_qfi9,33.25,ok,,30.4,ue1_qfi2,0,0.0,0.0,30.303,ok,33.0,,pending,,pending,drone_heavy,1,1,4,PF,1097657231,True
ue1_qfi9,2.0,27.0,33.5,37.25,ok,0.0011014675407725915,ok,ue2_qfi9,0,1,4,1004.75,data,ok,2.0,False,,proxy,3,0,,ue1_qfi2,0.993421052631579,152,150.0,ok,,ue1_qfi2,31.044,ok,,3,ok,4,,ue1_qfi4,0.4,ok,0.9958980958815158,proxy,5,0.988620812448014,17125686.4,ok,0.005261363636363636,ok,0.32445454545454544,0.02948125,ok,ue1_qfi82,0.0,99,10.0,data,ok,0.0,ue1_qfi9,35.25,ok,,30.2,ue1_qfi2,0,0.0,0.0,30.303,ok,33.0,,pending,,pending,drone_heavy,1,1,4,Reservation,1097657231,True
ue1_qfi9,1.75,25.5,31.5,34.25,ok,0.000935909513692832,ok,ue2_qfi9,0,2,4,1010.2500000000003,data,ok,2.0,False,,proxy,3,0,,ue1_qfi2,1.0,152,150.0,ok,,ue1_qfi2,28.044,ok,,3,ok,4,,ue1_qfi4,0.4,ok,0.9966538898015889,proxy,5,0.9892225092091437,17130985.599999998,ok,0.004718181818181818,ok,0.2834102272727273,0.023434375,ok,ue1_qfi82,0.0,99,10.0,data,ok,0.0,ue1_qfi9,32.5,ok,,30.4,ue1_qfi2,0,0.0,0.0,30.303,ok,33.0,,pending,,pending,drone_heavy,1,1,4,TwoTier,1097657231,True
ue1_qfi9,1.75,24.75,31.75,34.25,ok,0.0010278106884836615,ok,ue3_qfi9,0,2,4,1001.2500000000002,data,ok,2.0,False,,proxy,3,0,,ue1_qfi2,1.0,152,150.0,ok,,ue1_qfi2,28.316,ok,,3,ok,4,,ue1_qfi4,0.4,ok,0.9962649128666756,proxy,5,0.9881458470475006,17106889.6,ok,0.004554545454545454,ok,0.25240454545454544,0.02219375,ok,ue1_qfi82,0.0,99,10.0,data,ok,0.0,ue1_qfi9,32.5,ok,,30.4,ue1_qfi2,0,0.0,0.0,30.303,ok,33.0,,pending,,pending,drone_heavy,1,1,4,PF,579362555,True
ue1_qfi9,2.0,24.5,31.25,35.0,ok,0.0011007948710808479,ok,ue3_qfi9,0,2,4,1000.5000000000001,data,ok,2.0,False,,proxy,3,0,,ue1_qfi2,1.0,152,150.0,ok,,ue1_qfi2,30.303,ok,,3,ok,4,,ue1_qfi4,0.4,ok,0.9956758240793114,proxy,5,0.9859731128433759,17103961.6,ok,0.005170454545454546,ok,0.3135045454545455,0.0275046875,ok,ue1_qfi82,0.0,99,10.0,data,ok,0.0,ue1_qfi9,33.0,ok,,30.4,ue1_qfi2,0,0.0,0.0,30.303,ok,33.0,,pending,,pending,drone_heavy,1,1,4,Reservation,579362555,True
ue2_qfi1,1.0,24.5,31.75,31.75,ok,0.0010309769792094098,ok,ue3_qfi9,0,1,4,1007.2500000000002,data,ok,2.0,False,,proxy,3,0,,ue3_qfi2,0.993421052631579,152,150.0,ok,,ue1_qfi2,26.89,ok,,3,ok,4,,ue1_qfi4,0.4,ok,0.9966228572604333,proxy,5,0.9900176938490339,17101350.4,ok,0.004556818181818182,ok,0.2712340909090909,0.0223453125,ok,ue1_qfi82,0.0,99,10.0,data,ok,0.0,ue2_qfi1,30.75,ok,,30.4,ue1_qfi2,0,0.0,0.0,30.303,ok,33.0,,pending,,pending,drone_heavy,1,1,4,TwoTier,579362555,True
ue1_qfi9,1.75,23.25,29.75,31.75,ok,0.0011231623134987305,ok,ue3_qfi9,0,2,4,1005.0000000000003,data,ok,2.0,False,,proxy,3,0,,ue3_qfi2,0.993421052631579,152,150.0,ok,,ue1_qfi2,27.126,ok,,3,ok,4,,ue1_qfi4,0.4,ok,0.9953497433705903,proxy,5,0.985085429715191,17196091.2,ok,0.004465909090909091,ok,0.2415375,0.01994375,ok,ue1_qfi82,0.0,99,10.0,data,ok,0.0,ue1_qfi9,30.0,ok,,30.4,ue1_qfi2,0,0.0,0.0,30.303,ok,33.0,,pending,,pending,drone_heavy,1,1,4,PF,661058651,True
ue1_qfi9,2.0,24.0,30.5,33.5,ok,0.0010393769239181853,ok,ue3_qfi9,0,2,4,1000.7500000000002,data,ok,2.0,False,,proxy,3,0,,ue1_qfi2,1.0,152,150.0,ok,,ue1_qfi2,26.75,ok,,3,ok,4,,ue1_qfi4,0.4,ok,0.9960012610159769,proxy,5,0.9881487894515754,17202532.8,ok,0.0049931818181818185,ok,0.30338068181818184,0.0245078125,ok,ue1_qfi82,0.0,99,10.0,data,ok,0.0,ue1_qfi9,31.5,ok,,30.4,ue1_qfi2,0,0.0,0.0,30.303,ok,33.0,,pending,,pending,drone_heavy,1,1,4,Reservation,661058651,True
ue1_qfi9,1.75,20.5,27.0,30.0,ok,0.0009083615910971644,ok,ue3_qfi9,0,1,4,1001.9999999999998,data,ok,2.0,False,,proxy,3,0,,ue1_qfi2,1.0,152,150.0,ok,,ue1_qfi2,23.931,ok,,3,ok,4,,ue1_qfi4,0.4,ok,0.9965023917253418,proxy,5,0.9877908249997699,17203947.2,ok,0.004597727272727272,ok,0.2584159090909091,0.0203046875,ok,ue1_qfi82,0.0,99,10.0,data,ok,0.0,ue1_qfi9,28.25,ok,,30.4,ue1_qfi2,0,0.0,0.0,30.303,ok,33.0,,pending,,pending,drone_heavy,1,1,4,TwoTier,661058651,True
ue1_qfi9,2.0,27.75,34.75,40.0,ok,0.0011839350637739897,ok,ue3_qfi9,0,2,4,1002.5,data,ok,2.0,False,,proxy,3,0,,ue1_qfi2,1.0,152,150.0,ok,,ue1_qfi2,26.5,ok,,3,ok,4,,ue1_qfi4,0.3995765333333334,ok,0.9946159503100584,proxy,5,0.9836475369538843,17160998.4,ok,0.004595454545454546,ok,0.2647159090909091,0.0249703125,ok,ue1_qfi82,0.0,99,10.0,data,ok,0.0,ue1_qfi9,38.0,ok,,30.4,ue1_qfi2,0,0.0,0.0,30.303,ok,33.0,,pending,,pending,drone_heavy,1,1,4,PF,87989972,True
ue1_qfi9,2.0,29.5,37.25,42.0,ok,0.0011303964068644977,ok,ue3_qfi9,0,2,4,1007.4999999999999,data,ok,2.0,False,,proxy,3,0,,ue1_qfi2,1.0,152,150.0,ok,,ue1_qfi2,30.232,ok,,3,ok,4,,ue1_qfi4,0.4,ok,0.9948661499636768,proxy,5,0.9835287883897984,17165884.8,ok,0.005031818181818182,ok,0.32613522727272726,0.03086875,ok,ue1_qfi82,0.0,99,10.0,data,ok,0.0,ue1_qfi9,40.0,ok,,30.4,ue1_qfi2,0,0.0,0.0,30.303,ok,33.0,,pending,,pending,drone_heavy,1,1,4,Reservation,87989972,True
ue1_qfi9,1.75,25.25,32.25,35.5,ok,0.0009255869778049047,ok,ue3_qfi9,0,2,4,1028.0,data,ok,2.0,False,,proxy,3,0,,ue1_qfi2,1.0,152,150.0,ok,,ue1_qfi2,25.42,ok,,3,ok,4,,ue1_qfi4,0.4,ok,0.9963495058069249,proxy,5,0.9896172901638599,17170160.0,ok,0.004647727272727273,ok,0.28395454545454546,0.025121875,ok,ue1_qfi82,0.0,99,10.0,data,ok,0.0,ue1_qfi9,33.75,ok,,30.4,ue1_qfi2,0,0.0,0.0,30.303,ok,33.0,,pending,,pending,drone_heavy,1,1,4,TwoTier,87989972,True
ue1_qfi9,1.75,26.75,34.25,37.25,ok,0.0011406659956060049,ok,ue1_qfi85,1,1,1,3302.5,data,ok,2.0,False,,proxy,3,0,,ue2_qfi2,0.993421052631579,152,150.0,ok,,ue1_qfi2,29.808,ok,,2,ok,4,,ue1_qfi4,0.4,ok,0.9953075648889685,proxy,5,0.9855609839481736,17093529.599999998,ok,0.004886363636363637,ok,0.2578840909090909,0.022571875,ok,ue1_qfi82,0.0,99,10.0,data,ok,0.0,ue1_qfi9,35.5,ok,,30.2,ue2_qfi2,1,69.75,69.75,30.303,ok,33.0,,pending,,pending,drone_heavy,1,1,4,PF,161576974,True
ue1_qfi9,2.0,27.0,33.5,37.0,ok,0.0010701384344917258,ok,ue1_qfi85,1,1,1,3302.5,data,ok,2.0,False,,proxy,3,0,,ue3_qfi2,0.993421052631579,152,150.0,ok,,ue1_qfi2,29.808,ok,,2,ok,4,,ue1_qfi4,0.4,ok,0.9958551582150352,proxy,5,0.9870325907961904,17094241.6,ok,0.005397727272727273,ok,0.31786704545454547,0.027459375,ok,ue1_qfi82,0.0,99,10.0,data,ok,0.0,ue1_qfi9,35.0,ok,,30.4,ue1_qfi2,0,0.0,0.0,30.303,ok,33.0,,pending,,pending,drone_heavy,1,1,4,Reservation,161576974,True
ue1_qfi9,1.75,25.0,31.75,34.75,ok,0.001004722419724567,ok,ue1_qfi85,1,1,1,3302.5,data,ok,2.0,False,,proxy,3,0,,ue1_qfi2,1.0,152,150.0,ok,,ue1_qfi2,28.76,ok,,2,ok,4,,ue1_qfi4,0.4,ok,0.9964905138220199,proxy,5,0.9894938075376457,17099516.8,ok,0.004688636363636364,ok,0.27609886363636366,0.0227640625,ok,ue1_qfi82,0.0,99,10.0,data,ok,0.0,ue1_qfi9,33.0,ok,,30.4,ue1_qfi2,0,0.0,0.0,30.303,ok,33.0,,pending,,pending,drone_heavy,1,1,4,TwoTier,161576974,True
ue1_qfi9,1.75,25.25,31.5,34.25,ok,0.0010450319527509175,ok,ue1_qfi85,0,1,1,1693.7500000000005,data,ok,2.0,False,,proxy,3,0,,ue1_qfi2,1.0,152,150.0,ok,,ue1_qfi2,25.522,ok,,3,ok,4,,ue1_qfi4,0.4,ok,0.9961694480281384,proxy,5,0.98922393081398,17158155.2,ok,0.004615909090909091,ok,0.25066136363636365,0.021475,ok,ue1_qfi82,0.0,99,10.0,data,ok,0.0,ue1_qfi9,32.5,ok,,30.4,ue1_qfi2,0,0.0,0.0,30.303,ok,33.0,,pending,,pending,drone_heavy,1,1,4,PF,35492826,True
ue1_qfi9,2.0,24.25,31.25,34.25,ok,0.0011178795613328814,ok,ue1_qfi85,0,1,1,1693.7500000000005,data,ok,2.0,False,,proxy,3,0,,ue1_qfi2,1.0,152,150.0,ok,,ue1_qfi2,25.134,ok,,3,ok,4,,ue1_qfi4,0.4,ok,0.995679766460511,proxy,5,0.9858629806155175,17157134.4,ok,0.005190909090909091,ok,0.31058977272727273,0.0269109375,ok,ue1_qfi82,0.0,99,10.0,data,ok,0.0,ue1_qfi9,32.25,ok,,30.4,ue1_qfi2,0,0.0,0.0,30.303,ok,33.0,,pending,,pending,drone_heavy,1,1,4,Reservation,35492826,True
ue2_qfi9,1.0,32.75,32.75,32.75,ok,0.000842238537533239,ok,ue1_qfi85,0,1,1,1695.2499999999998,data,ok,2.0,False,,proxy,3,0,,ue2_qfi2,0.993421052631579,152,150.0,ok,,ue1_qfi2,24.808,ok,,3,ok,4,,ue1_qfi4,0.4,ok,0.997458063882927,proxy,5,0.9928215592747159,17157240.0,ok,0.004677272727272727,ok,0.268025,0.021840625,ok,ue1_qfi82,0.0,99,10.0,data,ok,0.0,ue2_qfi9,31.75,ok,,30.2,ue2_qfi2,1,68.5,68.5,30.303,ok,33.0,,pending,,pending,drone_heavy,1,1,4,TwoTier,35492826,True
ue1_qfi9,1.75,23.25,29.75,32.0,ok,0.001082407138818739,ok,ue3_qfi9,0,2,4,1002.2499999999997,data,ok,2.0,False,,proxy,3,0,,ue1_qfi2,1.0,152,150.0,ok,,ue1_qfi2,25.754,ok,,3,ok,4,,ue1_qfi4,0.4,ok,0.9953985836477826,proxy,5,0.9849306285105119,17092304.0,ok,0.004797727272727273,ok,0.25024318181818184,0.020825,ok,ue1_qfi82,0.0,99,10.0,data,ok,0.0,ue1_qfi9,30.25,ok,,30.4,ue1_qfi2,0,0.0,0.0,30.303,ok,33.0,,pending,,pending,drone_heavy,1,1,4,PF,376383645,True
ue1_qfi9,2.0,25.25,32.0,35.25,ok,0.0011446712611862839,ok,ue3_qfi9,0,1,4,1005.0000000000003,data,ok,2.0,False,,proxy,3,0,,ue1_qfi2,1.0,152,150.0,ok,,ue1_qfi2,26.698,ok,,3,ok,4,,ue1_qfi4,0.4,ok,0.9954723791168067,proxy,5,0.9861821984527493,17092332.8,ok,0.005261363636363636,ok,0.30987386363636366,0.025609375,ok,ue1_qfi82,0.0,99,10.0,data,ok,0.0,ue1_qfi9,33.25,ok,,30.4,ue1_qfi2,0,0.0,0.0,30.303,ok,33.0,,pending,,pending,drone_heavy,1,1,4,Reservation,376383645,True
ue1_qfi9,1.75,20.75,27.75,30.25,ok,0.0008771422891244268,ok,ue3_qfi9,0,2,4,1023.7500000000001,data,ok,2.0,False,,proxy,3,0,,ue1_qfi2,1.0,152,150.0,ok,,ue1_qfi2,25.842,ok,,3,ok,4,,ue1_qfi4,0.4,ok,0.9971914768746313,proxy,5,0.9906298051804264,17096267.2,ok,0.004736363636363637,ok,0.26956477272727275,0.0210265625,ok,ue1_qfi82,0.0,99,10.0,data,ok,0.0,ue1_qfi9,28.5,ok,,30.4,ue1_qfi2,0,0.0,0.0,30.303,ok,33.0,,pending,,pending,drone_heavy,1,1,4,TwoTier,376383645,True
ue1_qfi9,1.75,25.25,31.25,34.0,ok,0.0011773504680809076,ok,ue2_qfi9,0,1,4,1000.9999999999999,data,ok,2.0,False,,proxy,3,0,,ue1_qfi2,1.0,152,150.0,ok,,ue1_qfi2,26.068,ok,,3,ok,4,,ue1_qfi4,0.4,ok,0.9941978646545724,proxy,5,0.9808503842613477,17103067.2,ok,0.004647727272727273,ok,0.25375909090909093,0.0210875,ok,ue1_qfi82,0.0,99,10.0,data,ok,0.0,ue1_qfi9,32.25,ok,,30.4,ue1_qfi2,0,0.0,0.0,30.303,ok,33.0,,pending,,pending,drone_heavy,1,1,4,PF,1746484539,True
ue1_qfi9,2.0,25.25,31.25,34.0,ok,0.0010844273429006,ok,ue3_qfi9,0,1,4,1005.0000000000003,data,ok,2.0,False,,proxy,3,0,,ue1_qfi2,0.993421052631579,152,150.0,ok,,ue1_qfi2,25.318,ok,,3,ok,4,,ue1_qfi4,0.4,ok,0.9953160341688086,proxy,5,0.9861820919620363,17096852.8,ok,0.005120454545454545,ok,0.3156215909090909,0.02606875,ok,ue1_qfi82,0.0,99,10.0,data,ok,0.0,ue1_qfi9,32.0,ok,,30.2,ue1_qfi2,0,0.0,0.0,30.303,ok,33.0,,pending,,pending,drone_heavy,1,1,4,Reservation,1746484539,True
ue1_qfi9,1.75,21.5,28.0,30.75,ok,0.0009347476064619102,ok,ue2_qfi9,0,2,4,1010.0,data,ok,2.0,False,,proxy,3,0,,ue2_qfi2,0.993421052631579,152,150.0,ok,,ue1_qfi2,24.246,ok,,3,ok,4,,ue1_qfi4,0.4,ok,0.996197756823453,proxy,5,0.9873765572643166,17100920.0,ok,0.004738636363636363,ok,0.2732659090909091,0.021353125,ok,ue1_qfi82,0.0,99,10.0,data,ok,0.0,ue1_qfi9,29.0,ok,,30.4,ue1_qfi2,0,0.0,0.0,30.303,ok,33.0,,pending,,pending,drone_heavy,1,1,4,TwoTier,1746484539,True
ue1_qfi9,1.75,28.0,36.25,42.25,ok,0.0010403747427596432,ok,ue2_qfi9,0,2,4,1002.5,data,ok,2.0,False,,proxy,3,0,,ue1_qfi2,1.0,152,150.0,ok,,ue1_qfi2,26.363,ok,,3,ok,4,,ue1_qfi4,0.4,ok,0.9953941014966006,proxy,5,0.9854046707773719,17225195.2,ok,0.004586363636363637,ok,0.2528375,0.0222234375,ok,ue1_qfi82,0.0,99,10.0,data,ok,0.0,ue1_qfi9,40.5,ok,,30.4,ue1_qfi2,0,0.0,0.0,30.303,ok,33.0,,pending,,pending,drone_heavy,2,1,4,PF,1826701614,True
ue1_qfi9,2.0,28.0,35.25,39.75,ok,0.0010984640618153737,ok,ue3_qfi9,0,1,4,1002.5,data,ok,2.0,False,,proxy,3,0,,ue1_qfi2,1.0,152,150.0,ok,,ue1_qfi2,32.325,ok,,3,ok,4,,ue1_qfi4,0.4,ok,0.9949484852466766,proxy,5,0.9836135734075587,17224259.2,ok,0.005329545454545455,ok,0.315275,0.02683125,ok,ue1_qfi82,0.0,99,10.0,data,ok,0.0,ue1_qfi9,37.75,ok,,30.4,ue1_qfi2,0,0.0,0.0,30.303,ok,33.0,,pending,,pending,drone_heavy,2,1,4,Reservation,1826701614,True
ue1_qfi9,1.75,24.5,31.0,33.75,ok,0.0010196205248080125,ok,ue2_qfi9,0,2,4,1019.25,data,ok,2.0,False,,proxy,3,0,,ue1_qfi2,1.0,152,150.0,ok,,ue1_qfi2,25.265,ok,,3,ok,4,,ue1_qfi4,0.3995842666666667,ok,0.9954974361436063,proxy,5,0.9849213578380758,17220505.6,ok,0.004718181818181818,ok,0.27225113636363635,0.022365625,ok,ue1_qfi82,0.0,99,10.0,data,ok,0.0,ue1_qfi9,32.0,ok,,30.4,ue1_qfi2,0,0.0,0.0,30.303,ok,33.0,,pending,,pending,drone_heavy,2,1,4,TwoTier,1826701614,True
ue1_qfi9,1.75,23.75,29.5,32.0,ok,0.000992128328746909,ok,ue2_qfi9,0,2,4,1002.2499999999997,data,ok,2.0,False,,proxy,3,0,,ue1_qfi2,0.993421052631579,152,150.0,ok,,ue1_qfi2,22.326,ok,,3,ok,4,,ue1_qfi4,0.3995765333333334,ok,0.9964289853349602,proxy,5,0.9892182200048301,17071792.0,ok,0.004686363636363636,ok,0.24815568181818182,0.021815625,ok,ue1_qfi82,0.0,99,10.0,data,ok,0.0,ue1_qfi9,30.25,ok,,30.2,ue1_qfi2,1,69.5,69.5,30.303,ok,33.0,,pending,,pending,drone_heavy,2,1,4,PF,1367864806,True
ue1_qfi9,2.0,24.5,31.75,37.75,ok,0.0010848094115638886,ok,ue3_qfi9,0,2,4,1002.7500000000002,data,ok,2.0,False,,proxy,3,0,,ue1_qfi2,1.0,152,150.0,ok,,ue1_qfi2,26.899,ok,,3,ok,4,,ue1_qfi4,0.4,ok,0.9957992750024207,proxy,5,0.9870727077667731,17079289.6,ok,0.005365909090909091,ok,0.3072556818181818,0.0268609375,ok,ue1_qfi82,0.0,99,10.0,data,ok,0.0,ue1_qfi9,35.75,ok,,30.4,ue1_qfi2,0,0.0,0.0,30.303,ok,33.0,,pending,,pending,drone_heavy,2,1,4,Reservation,1367864806,True
ue1_qfi9,1.75,20.75,26.25,29.0,ok,0.0008868821455566662,ok,ue2_qfi9,0,2,4,1022.7500000000002,data,ok,2.0,False,,proxy,3,0,,ue1_qfi2,1.0,152,150.0,ok,,ue3_qfi2,20.449,ok,,3,ok,4,,ue1_qfi4,0.4,ok,0.9972456554236453,proxy,5,0.9927016425330732,17082155.2,ok,0.004745454545454546,ok,0.26627727272727275,0.022178125,ok,ue1_qfi82,0.0,99,10.0,data,ok,0.0,ue1_qfi9,27.25,ok,,30.4,ue1_qfi2,0,0.0,0.0,30.303,ok,33.0,,pending,,pending,drone_heavy,2,1,4,TwoTier,1367864806,True
ue1_qfi9,1.75,27.25,32.75,35.0,ok,0.0011038966553396487,ok,ue3_qfi9,0,2,4,1000.5000000000001,data,ok,2.0,False,,proxy,3,0,,ue2_qfi2,0.993421052631579,152,150.0,ok,,ue1_qfi2,29.042,ok,,3,ok,4,,ue1_qfi4,0.4,ok,0.9954807027460362,proxy,5,0.9846883067108165,17126756.8,ok,0.004768181818181818,ok,0.26389318181818183,0.0234703125,ok,ue1_qfi82,0.0,99,10.0,data,ok,0.0,ue1_qfi9,33.25,ok,,30.4,ue1_qfi2,0,0.0,0.0,30.303,ok,33.0,,pending,,pending,drone_heavy,2,1,4,PF,1097657231,True
ue1_qfi9,2.0,27.0,33.5,37.25,ok,0.0011014675407725915,ok,ue2_qfi9,0,1,4,1004.75,data,ok,2.0,False,,proxy,3,0,,ue1_qfi2,0.993421052631579,152,150.0,ok,,ue1_qfi2,31.044,ok,,3,ok,4,,ue1_qfi4,0.4,ok,0.9958980958815158,proxy,5,0.988620812448014,17125686.4,ok,0.005261363636363636,ok,0.32445454545454544,0.02948125,ok,ue1_qfi82,0.0,99,10.0,data,ok,0.0,ue1_qfi9,35.25,ok,,30.2,ue1_qfi2,0,0.0,0.0,30.303,ok,33.0,,pending,,pending,drone_heavy,2,1,4,Reservation,1097657231,True
ue1_qfi9,1.75,25.5,31.5,34.25,ok,0.000935909513692832,ok,ue2_qfi9,0,2,4,1010.2500000000003,data,ok,2.0,False,,proxy,3,0,,ue1_qfi2,1.0,152,150.0,ok,,ue1_qfi2,28.044,ok,,3,ok,4,,ue1_qfi4,0.4,ok,0.9966538898015889,proxy,5,0.9892225092091437,17130985.599999998,ok,0.004718181818181818,ok,0.2834102272727273,0.023434375,ok,ue1_qfi82,0.0,99,10.0,data,ok,0.0,ue1_qfi9,32.5,ok,,30.4,ue1_qfi2,0,0.0,0.0,30.303,ok,33.0,,pending,,pending,drone_heavy,2,1,4,TwoTier,1097657231,True
ue1_qfi9,1.75,24.75,31.75,34.25,ok,0.0010278106884836615,ok,ue3_qfi9,0,2,4,1001.2500000000002,data,ok,2.0,False,,proxy,3,0,,ue1_qfi2,1.0,152,150.0,ok,,ue1_qfi2,28.316,ok,,3,ok,4,,ue1_qfi4,0.4,ok,0.9962649128666756,proxy,5,0.9881458470475006,17106889.6,ok,0.004554545454545454,ok,0.25240454545454544,0.02219375,ok,ue1_qfi82,0.0,99,10.0,data,ok,0.0,ue1_qfi9,32.5,ok,,30.4,ue1_qfi2,0,0.0,0.0,30.303,ok,33.0,,pending,,pending,drone_heavy,2,1,4,PF,579362555,True
ue1_qfi9,2.0,24.5,31.25,35.0,ok,0.0011007948710808479,ok,ue3_qfi9,0,2,4,1000.5000000000001,data,ok,2.0,False,,proxy,3,0,,ue1_qfi2,1.0,152,150.0,ok,,ue1_qfi2,30.303,ok,,3,ok,4,,ue1_qfi4,0.4,ok,0.9956758240793114,proxy,5,0.9859731128433759,17103961.6,ok,0.005170454545454546,ok,0.3135045454545455,0.0275046875,ok,ue1_qfi82,0.0,99,10.0,data,ok,0.0,ue1_qfi9,33.0,ok,,30.4,ue1_qfi2,0,0.0,0.0,30.303,ok,33.0,,pending,,pending,drone_heavy,2,1,4,Reservation,579362555,True
ue2_qfi1,1.0,24.5,31.75,31.75,ok,0.0010309769792094098,ok,ue3_qfi9,0,1,4,1007.2500000000002,data,ok,2.0,False,,proxy,3,0,,ue3_qfi2,0.993421052631579,152,150.0,ok,,ue1_qfi2,26.89,ok,,3,ok,4,,ue1_qfi4,0.4,ok,0.9966228572604333,proxy,5,0.9900176938490339,17101350.4,ok,0.004556818181818182,ok,0.2712340909090909,0.0223453125,ok,ue1_qfi82,0.0,99,10.0,data,ok,0.0,ue2_qfi1,30.75,ok,,30.4,ue1_qfi2,0,0.0,0.0,30.303,ok,33.0,,pending,,pending,drone_heavy,2,1,4,TwoTier,579362555,True
ue1_qfi9,1.75,23.25,29.75,31.75,ok,0.0011231623134987305,ok,ue3_qfi9,0,2,4,1005.0000000000003,data,ok,2.0,False,,proxy,3,0,,ue3_qfi2,0.993421052631579,152,150.0,ok,,ue1_qfi2,27.126,ok,,3,ok,4,,ue1_qfi4,0.4,ok,0.9953497433705903,proxy,5,0.985085429715191,17196091.2,ok,0.004465909090909091,ok,0.2415375,0.01994375,ok,ue1_qfi82,0.0,99,10.0,data,ok,0.0,ue1_qfi9,30.0,ok,,30.4,ue1_qfi2,0,0.0,0.0,30.303,ok,33.0,,pending,,pending,drone_heavy,2,1,4,PF,661058651,True
ue1_qfi9,2.0,24.0,30.5,33.5,ok,0.0010393769239181853,ok,ue3_qfi9,0,2,4,1000.7500000000002,data,ok,2.0,False,,proxy,3,0,,ue1_qfi2,1.0,152,150.0,ok,,ue1_qfi2,26.75,ok,,3,ok,4,,ue1_qfi4,0.4,ok,0.9960012610159769,proxy,5,0.9881487894515754,17202532.8,ok,0.0049931818181818185,ok,0.30338068181818184,0.0245078125,ok,ue1_qfi82,0.0,99,10.0,data,ok,0.0,ue1_qfi9,31.5,ok,,30.4,ue1_qfi2,0,0.0,0.0,30.303,ok,33.0,,pending,,pending,drone_heavy,2,1,4,Reservation,661058651,True
ue1_qfi9,1.75,20.5,27.0,30.0,ok,0.0009083615910971644,ok,ue3_qfi9,0,1,4,1001.9999999999998,data,ok,2.0,False,,proxy,3,0,,ue1_qfi2,1.0,152,150.0,ok,,ue1_qfi2,23.931,ok,,3,ok,4,,ue1_qfi4,0.4,ok,0.9965023917253418,proxy,5,0.9877908249997699,17203947.2,ok,0.004597727272727272,ok,0.2584159090909091,0.0203046875,ok,ue1_qfi82,0.0,99,10.0,data,ok,0.0,ue1_qfi9,28.25,ok,,30.4,ue1_qfi2,0,0.0,0.0,30.303,ok,33.0,,pending,,pending,drone_heavy,2,1,4,TwoTier,661058651,True
ue1_qfi9,2.0,27.75,34.75,40.0,ok,0.0011839350637739897,ok,ue3_qfi9,0,2,4,1002.5,data,ok,2.0,False,,proxy,3,0,,ue1_qfi2,1.0,152,150.0,ok,,ue1_qfi2,26.5,ok,,3,ok,4,,ue1_qfi4,0.3995765333333334,ok,0.9946159503100584,proxy,5,0.9836475369538843,17160998.4,ok,0.004595454545454546,ok,0.2647159090909091,0.0249703125,ok,ue1_qfi82,0.0,99,10.0,data,ok,0.0,ue1_qfi9,38.0,ok,,30.4,ue1_qfi2,0,0.0,0.0,30.303,ok,33.0,,pending,,pending,drone_heavy,2,1,4,PF,87989972,True
ue1_qfi9,2.0,29.5,37.25,42.0,ok,0.0011303964068644977,ok,ue3_qfi9,0,2,4,1007.4999999999999,data,ok,2.0,False,,proxy,3,0,,ue1_qfi2,1.0,152,150.0,ok,,ue1_qfi2,30.232,ok,,3,ok,4,,ue1_qfi4,0.4,ok,0.9948661499636768,proxy,5,0.9835287883897984,17165884.8,ok,0.005031818181818182,ok,0.32613522727272726,0.03086875,ok,ue1_qfi82,0.0,99,10.0,data,ok,0.0,ue1_qfi9,40.0,ok,,30.4,ue1_qfi2,0,0.0,0.0,30.303,ok,33.0,,pending,,pending,drone_heavy,2,1,4,Reservation,87989972,True
ue1_qfi9,1.75,25.25,32.25,35.5,ok,0.0009255869778049047,ok,ue3_qfi9,0,2,4,1028.0,data,ok,2.0,False,,proxy,3,0,,ue1_qfi2,1.0,152,150.0,ok,,ue1_qfi2,25.42,ok,,3,ok,4,,ue1_qfi4,0.4,ok,0.9963495058069249,proxy,5,0.9896172901638599,17170160.0,ok,0.004647727272727273,ok,0.28395454545454546,0.025121875,ok,ue1_qfi82,0.0,99,10.0,data,ok,0.0,ue1_qfi9,33.75,ok,,30.4,ue1_qfi2,0,0.0,0.0,30.303,ok,33.0,,pending,,pending,drone_heavy,2,1,4,TwoTier,87989972,True
ue1_qfi9,1.75,26.75,34.25,37.25,ok,0.0011406659956060049,ok,ue1_qfi85,1,1,1,3302.5,data,ok,2.0,False,,proxy,3,0,,ue2_qfi2,0.993421052631579,152,150.0,ok,,ue1_qfi2,29.808,ok,,2,ok,4,,ue1_qfi4,0.4,ok,0.9953075648889685,proxy,5,0.9855609839481736,17093529.599999998,ok,0.004886363636363637,ok,0.2578840909090909,0.022571875,ok,ue1_qfi82,0.0,99,10.0,data,ok,0.0,ue1_qfi9,35.5,ok,,30.2,ue2_qfi2,1,69.75,69.75,30.303,ok,33.0,,pending,,pending,drone_heavy,2,1,4,PF,161576974,True
ue1_qfi9,2.0,27.0,33.5,37.0,ok,0.0010701384344917258,ok,ue1_qfi85,1,1,1,3302.5,data,ok,2.0,False,,proxy,3,0,,ue3_qfi2,0.993421052631579,152,150.0,ok,,ue1_qfi2,29.808,ok,,2,ok,4,,ue1_qfi4,0.4,ok,0.9958551582150352,proxy,5,0.9870325907961904,17094241.6,ok,0.005397727272727273,ok,0.31786704545454547,0.027459375,ok,ue1_qfi82,0.0,99,10.0,data,ok,0.0,ue1_qfi9,35.0,ok,,30.4,ue1_qfi2,0,0.0,0.0,30.303,ok,33.0,,pending,,pending,drone_heavy,2,1,4,Reservation,161576974,True
ue1_qfi9,1.75,25.0,31.75,34.75,ok,0.001004722419724567,ok,ue1_qfi85,1,1,1,3302.5,data,ok,2.0,False,,proxy,3,0,,ue1_qfi2,1.0,152,150.0,ok,,ue1_qfi2,28.76,ok,,2,ok,4,,ue1_qfi4,0.4,ok,0.9964905138220199,proxy,5,0.9894938075376457,17099516.8,ok,0.004688636363636364,ok,0.27609886363636366,0.0227640625,ok,ue1_qfi82,0.0,99,10.0,data,ok,0.0,ue1_qfi9,33.0,ok,,30.4,ue1_qfi2,0,0.0,0.0,30.303,ok,33.0,,pending,,pending,drone_heavy,2,1,4,TwoTier,161576974,True
ue1_qfi9,1.75,25.25,31.5,34.25,ok,0.0010450319527509175,ok,ue1_qfi85,0,1,1,1693.7500000000005,data,ok,2.0,False,,proxy,3,0,,ue1_qfi2,1.0,152,150.0,ok,,ue1_qfi2,25.522,ok,,3,ok,4,,ue1_qfi4,0.4,ok,0.9961694480281384,proxy,5,0.98922393081398,17158155.2,ok,0.004615909090909091,ok,0.25066136363636365,0.021475,ok,ue1_qfi82,0.0,99,10.0,data,ok,0.0,ue1_qfi9,32.5,ok,,30.4,ue1_qfi2,0,0.0,0.0,30.303,ok,33.0,,pending,,pending,drone_heavy,2,1,4,PF,35492826,True
ue1_qfi9,2.0,24.25,31.25,34.25,ok,0.0011178795613328814,ok,ue1_qfi85,0,1,1,1693.7500000000005,data,ok,2.0,False,,proxy,3,0,,ue1_qfi2,1.0,152,150.0,ok,,ue1_qfi2,25.134,ok,,3,ok,4,,ue1_qfi4,0.4,ok,0.995679766460511,proxy,5,0.9858629806155175,17157134.4,ok,0.005190909090909091,ok,0.31058977272727273,0.0269109375,ok,ue1_qfi82,0.0,99,10.0,data,ok,0.0,ue1_qfi9,32.25,ok,,30.4,ue1_qfi2,0,0.0,0.0,30.303,ok,33.0,,pending,,pending,drone_heavy,2,1,4,Reservation,35492826,True
ue2_qfi9,1.0,32.75,32.75,32.75,ok,0.000842238537533239,ok,ue1_qfi85,0,1,1,1695.2499999999998,data,ok,2.0,False,,proxy,3,0,,ue2_qfi2,0.993421052631579,152,150.0,ok,,ue1_qfi2,24.808,ok,,3,ok,4,,ue1_qfi4,0.4,ok,0.997458063882927,proxy,5,0.9928215592747159,17157240.0,ok,0.004677272727272727,ok,0.268025,0.021840625,ok,ue1_qfi82,0.0,99,10.0,data,ok,0.0,ue2_qfi9,31.75,ok,,30.2,ue2_qfi2,1,68.5,68.5,30.303,ok,33.0,,pending,,pending,drone_heavy,2,1,4,TwoTier,35492826,True
ue1_qfi9,1.75,23.25,29.75,32.0,ok,0.001082407138818739,ok,ue3_qfi9,0,2,4,1002.2499999999997,data,ok,2.0,False,,proxy,3,0,,ue1_qfi2,1.0,152,150.0,ok,,ue1_qfi2,25.754,ok,,3,ok,4,,ue1_qfi4,0.4,ok,0.9953985836477826,proxy,5,0.9849306285105119,17092304.0,ok,0.004797727272727273,ok,0.25024318181818184,0.020825,ok,ue1_qfi82,0.0,99,10.0,data,ok,0.0,ue1_qfi9,30.25,ok,,30.4,ue1_qfi2,0,0.0,0.0,30.303,ok,33.0,,pending,,pending,drone_heavy,2,1,4,PF,376383645,True
ue1_qfi9,2.0,25.25,32.0,35.25,ok,0.0011446712611862839,ok,ue3_qfi9,0,1,4,1005.0000000000003,data,ok,2.0,False,,proxy,3,0,,ue1_qfi2,1.0,152,150.0,ok,,ue1_qfi2,26.698,ok,,3,ok,4,,ue1_qfi4,0.4,ok,0.9954723791168067,proxy,5,0.9861821984527493,17092332.8,ok,0.005261363636363636,ok,0.30987386363636366,0.025609375,ok,ue1_qfi82,0.0,99,10.0,data,ok,0.0,ue1_qfi9,33.25,ok,,30.4,ue1_qfi2,0,0.0,0.0,30.303,ok,33.0,,pending,,pending,drone_heavy,2,1,4,Reservation,376383645,True
ue1_qfi9,1.75,20.75,27.75,30.25,ok,0.0008771422891244268,ok,ue3_qfi9,0,2,4,1023.7500000000001,data,ok,2.0,False,,proxy,3,0,,ue1_qfi2,1.0,152,150.0,ok,,ue1_qfi2,25.842,ok,,3,ok,4,,ue1_qfi4,0.4,ok,0.9971914768746313,proxy,5,0.9906298051804264,17096267.2,ok,0.004736363636363637,ok,0.26956477272727275,0.0210265625,ok,ue1_qfi82,0.0,99,10.0,data,ok,0.0,ue1_qfi9,28.5,ok,,30.4,ue1_qfi2,0,0.0,0.0,30.303,ok,33.0,,pending,,pending,drone_heavy,2,1,4,TwoTier,376383645,True
ue1_qfi9,1.75,25.25,31.25,34.0,ok,0.0011773504680809076,ok,ue2_qfi9,0,1,4,1000.9999999999999,data,ok,2.0,False,,proxy,3,0,,ue1_qfi2,1.0,152,150.0,ok,,ue1_qfi2,26.068,ok,,3,ok,4,,ue1_qfi4,0.4,ok,0.9941978646545724,proxy,5,0.9808503842613477,17103067.2,ok,0.004647727272727273,ok,0.25375909090909093,0.0210875,ok,ue1_qfi82,0.0,99,10.0,data,ok,0.0,ue1_qfi9,32.25,ok,,30.4,ue1_qfi2,0,0.0,0.0,30.303,ok,33.0,,pending,,pending,drone_heavy,2,1,4,PF,1746484539,True
ue1_qfi9,2.0,25.25,31.25,34.0,ok,0.0010844273429006,ok,ue3_qfi9,0,1,4,1005.0000000000003,data,ok,2.0,False,,proxy,3,0,,ue1_qfi2,0.993421052631579,152,150.0,ok,,ue1_qfi2,25.318,ok,,3,ok,4,,ue1_qfi4,0.4,ok,0.9953160341688086,proxy,5,0.9861820919620363,17096852.8,ok,0.005120454545454545,ok,0.3156215909090909,0.02606875,ok,ue1_qfi82,0.0,99,10.0,data,ok,0.0,ue1_qfi9,32.0,ok,,30.2,ue1_qfi2,0,0.0,0.0,30.303,ok,33.0,,pending,,pending,drone_heavy,2,1,4,Reservation,1746484539,True
ue1_qfi9,1.75,21.5,28.0,30.75,ok,0.0009347476064619102,ok,ue2_qfi9,0,2,4,1010.0,data,ok,2.0,False,,proxy,3,0,,ue2_qfi2,0.993421052631579,152,150.0,ok,,ue1_qfi2,24.246,ok,,3,ok,4,,ue1_qfi4,0.4,ok,0.996197756823453,proxy,5,0.9873765572643166,17100920.0,ok,0.004738636363636363,ok,0.2732659090909091,0.021353125,ok,ue1_qfi82,0.0,99,10.0,data,ok,0.0,ue1_qfi9,29.0,ok,,30.4,ue1_qfi2,0,0.0,0.0,30.303,ok,33.0,,pending,,pending,drone_heavy,2,1,4,TwoTier,1746484539,True
ue1_qfi9,2.0,27.5,34.75,38.75,ok,0.0013973752876670041,ok,ue3_qfi9,0,2,4,1000.5000000000001,data,ok,2.0,False,,proxy,3,0,,ue1_qfi2,1.0,152,150.0,ok,,ue1_qfi2,30.674,ok,,3,ok,4,,ue1_qfi4,0.3997761333333333,ok,0.9957430708520375,proxy,5,0.9869328752111322,17681488.0,ok,0.004440909090909091,ok,0.2660704545454545,0.0288546875,ok,ue1_qfi82,0.0,99,10.0,data,ok,0.0,ue1_qfi9,36.75,ok,,30.4,ue1_qfi2,0,0.0,0.0,30.303,ok,33.0,,pending,,pending,ugv_heavy,1,1,4,PF,1826701614,True
ue1_qfi9,2.0,27.5,34.75,38.25,ok,0.0014835079242707968,ok,ue3_qfi9,0,1,4,1000.9999999999999,data,ok,2.0,False,,proxy,3,0,,ue1_qfi2,1.0,152,150.0,ok,,ue1_qfi2,27.622,ok,,3,ok,4,,ue1_qfi4,0.4,ok,0.995008174188855,proxy,5,0.9856187651290089,17681619.2,ok,0.004970454545454545,ok,0.3296909090909091,0.03296875,ok,ue1_qfi82,0.0,99,10.0,data,ok,0.0,ue1_qfi9,36.25,ok,,30.4,ue1_qfi2,0,0.0,0.0,30.303,ok,33.0,,pending,,pending,ugv_heavy,1,1,4,Reservation,1826701614,True
ue1_qfi9,1.75,23.75,30.75,33.75,ok,0.001340997640419021,ok,ue3_qfi9,0,1,4,1003.4999999999999,data,ok,2.0,False,,proxy,3,0,,ue1_qfi2,0.993421052631579,152,150.0,ok,,ue1_qfi2,27.622,ok,,3,ok,4,,ue1_qfi4,0.4,ok,0.9962267693312805,proxy,5,0.9886659700061732,17679273.6,ok,0.00445,ok,0.2961329545454545,0.0283921875,ok,ue1_qfi82,0.0,99,10.0,data,ok,0.0,ue1_qfi9,32.0,ok,,30.2,ue1_qfi2,0,0.0,0.0,30.303,ok,33.0,,pending,,pending,ugv_heavy,1,1,4,TwoTier,1826701614,True
ue1_qfi9,2.0,26.0,32.75,37.5,ok,0.00148431921090082,ok,ue3_qfi9,0,3,4,1001.7499999999999,data,ok,2.0,False,,proxy,3,0,,ue1_qfi2,1.0,152,150.0,ok,,ue1_qfi2,26.809,ok,,3,ok,4,,ue1_qfi4,0.4,ok,0.9952839870435206,proxy,5,0.9867426723619193,17595710.4,ok,0.004602272727272727,ok,0.2707568181818182,0.030675,ok,ue1_qfi82,0.0,99,10.0,data,ok,0.0,ue1_qfi9,35.5,ok,,30.4,ue1_qfi2,1,67.25,67.25,30.303,ok,33.0,,pending,,pending,ugv_heavy,1,1,4,PF,1367864806,True
ue1_qfi9,2.0,27.0,35.0,38.25,ok,0.0015189877095463065,ok,ue3_qfi9,0,2,4,1005.2499999999998,data,ok,2.0,False,,proxy,3,0,,ue1_qfi2,1.0,152,150.0,ok,,ue1_qfi2,26.95,ok,,3,ok,4,,ue1_qfi4,0.4,ok,0.9951279436900677,proxy,5,0.9870110384795414,17595977.6,ok,0.005306818181818182,ok,0.3369397727272727,0.035146875,ok,ue1_qfi82,0.0,99,10.0,data,ok,0.0,ue1_qfi9,36.25,ok,,30.4,ue1_qfi2,0,0.0,0.0,30.303,ok,33.0,,pending,,pending,ugv_heavy,1,1,4,Reservation,1367864806,True
ue3_qfi1,1.0,28.0,33.5,33.5,ok,0.0014146174288242788,ok,ue3_qfi9,0,2,4,1003.7500000000006,data,ok,2.0,False,,proxy,3,0,,ue1_qfi2,0.9868421052631579,152,150.0,ok,,ue1_qfi2,24.45,ok,,3,ok,4,,ue1_qfi4,0.4,ok,0.9960752688263124,proxy,5,0.9888625077461813,17591417.6,ok,0.004615909090909091,ok,0.3025181818181818,0.030115625,ok,ue1_qfi82,0.0,99,10.0,data,ok,0.0,ue3_qfi1,32.5,ok,,30.0,ue1_qfi2,1,70.25,70.25,30.303,ok,33.0,,pending,,pending,ugv_heavy,1,1,4,TwoTier,1367864806,True
ue1_qfi9,2.0,30.75,37.0,40.5,ok,0.00149596594466911,ok,ue1_qfi85,1,1,1,2601.2500000000005,data,ok,2.0,False,,proxy,3,0,,ue2_qfi2,0.993421052631579,152,150.0,ok,,ue1_qfi2,30.207,ok,,3,ok,4,,ue1_qfi4,0.4,ok,0.9952043196632362,proxy,5,0.986450840625033,17707480.0,ok,0.004736363636363637,ok,0.29349772727272727,0.0338109375,ok,ue1_qfi82,0.0,99,10.0,data,ok,0.0,ue1_qfi9,38.5,ok,,30.4,ue1_qfi2,0,0.0,0.0,30.303,ok,33.0,,pending,,pending,ugv_heavy,1,1,4,PF,1097657231,True
ue1_qfi9,2.25,33.75,41.0,44.75,ok,0.0015949015109303659,ok,ue1_qfi85,1,1,1,2601.2500000000005,data,ok,2.0,False,,proxy,3,0,,ue1_qfi2,1.0,152,150.0,ok,,ue1_qfi2,33.372,ok,,3,ok,4,,ue1_qfi4,0.4,ok,0.9949996291250119,proxy,5,0.985952068243673,17710332.8,ok,0.005261363636363636,ok,0.35842045454545457,0.0383609375,ok,ue1_qfi82,0.0,99,10.0,data,ok,0.0,ue1_qfi9,42.5,ok,,30.4,ue1_qfi2,0,0.0,0.0,30.303,ok,33.0,,pending,,pending,ugv_heavy,1,1,4,Reservation,1097657231,True
ue1_qfi9,2.0,30.0,36.75,40.25,ok,0.0013712684530861477,ok,ue1_qfi85,1,1,1,2601.2500000000005,data,ok,2.0,False,,proxy,3,0,,ue1_qfi2,1.0,152,150.0,ok,,ue1_qfi2,29.905,ok,,3,ok,4,,ue1_qfi4,0.4,ok,0.9959758425433088,proxy,5,0.9884737681406393,17714236.8,ok,0.0047227272727272725,ok,0.3248034090909091,0.0330890625,ok,ue1_qfi82,0.0,99,10.0,data,ok,0.0,ue1_qfi9,38.25,ok,,30.4,ue1_qfi2,0,0.0,0.0,30.303,ok,33.0,,pending,,pending,ugv_heavy,1,1,4,TwoTier,1097657231,True
ue1_qfi9,1.75,25.25,31.75,34.5,ok,0.0013694899385923818,ok,ue1_qfi85,0,1,1,1928.7499999999998,data,ok,2.0,False,,proxy,3,0,,ue2_qfi2,0.993421052631579,152,150.0,ok,,ue1_qfi2,28.0,ok,,3,ok,4,,ue1_qfi4,0.4,ok,0.9959964888063025,proxy,5,0.9886319031768748,17695553.6,ok,0.004622727272727273,ok,0.2743125,0.0317015625,ok,ue1_qfi82,0.0,99,10.0,data,ok,0.0,ue1_qfi9,32.75,ok,,30.2,ue2_qfi2,1,70.0,70.0,30.303,ok,33.0,,pending,,pending,ugv_heavy,1,1,4,PF,579362555,True
ue1_qfi9,2.0,27.75,34.25,39.25,ok,0.0015402680788740044,ok,ue1_qfi85,0,1,1,1930.2499999999998,data,ok,2.0,False,,proxy,3,0,,ue1_qfi2,1.0,152,150.0,ok,,ue1_qfi2,28.75,ok,,3,ok,4,,ue1_qfi4,0.4,ok,0.9952547167578711,proxy,5,0.9868479483498329,17695788.8,ok,0.0052204545454545455,ok,0.3402875,0.0362625,ok,ue1_qfi82,0.0,99,10.0,data,ok,0.0,ue1_qfi9,37.25,ok,,30.4,ue1_qfi2,1,68.25,68.25,30.303,ok,33.0,,pending,,pending,ugv_heavy,1,1,4,Reservation,579362555,True
ue1_qfi9,1.75,23.0,29.75,32.75,ok,0.001311016055951612,ok,ue1_qfi85,0,1,1,1928.4999999999998,data,ok,2.0,False,,proxy,3,0,,ue1_qfi2,1.0,152,150.0,ok,,ue1_qfi2,25.3,ok,,3,ok,4,,ue1_qfi4,0.4,ok,0.996224612444785,proxy,5,0.9884252290527848,17698636.8,ok,0.004543181818181819,ok,0.30517727272727274,0.03136875,ok,ue1_qfi82,0.0,99,10.0,data,ok,0.0,ue1_qfi9,31.0,ok,,30.4,ue1_qfi2,0,0.0,0.0,30.303,ok,33.0,,pending,,pending,ugv_heavy,1,1,4,TwoTier,579362555,True
ue1_qfi9,1.75,24.0,31.0,34.25,ok,0.0012863612158575813,ok,ue2_qfi85,0,1,2,1546.2500000000002,data,ok,2.0,False,,proxy,3,0,,ue1_qfi2,1.0,152,150.0,ok,,ue1_qfi2,26.14,ok,,3,ok,4,,ue1_qfi4,0.4,ok,0.9957715298530292,proxy,5,0.987011090950874,17717800.0,ok,0.0047954545454545455,ok,0.2612602272727273,0.0274171875,ok,ue1_qfi82,0.0,99,10.0,data,ok,0.0,ue1_qfi9,32.5,ok,,30.4,ue1_qfi2,0,0.0,0.0,30.303,ok,33.0,,pending,,pending,ugv_heavy,1,1,4,PF,661058651,True
ue1_qfi9,2.0,24.25,31.5,34.75,ok,0.0014611377934113509,ok,ue2_qfi85,0,1,2,1546.2500000000002,data,ok,2.0,False,,proxy,3,0,,ue1_qfi2,1.0,152,150.0,ok,,ue1_qfi2,25.577,ok,,3,ok,4,,ue1_qfi4,0.4,ok,0.9953332497079627,proxy,5,0.9857625174704311,17714320.0,ok,0.005381818181818182,ok,0.32748295454545456,0.03108125,ok,ue1_qfi82,0.0,99,10.0,data,ok,0.0,ue1_qfi9,32.75,ok,,30.4,ue1_qfi2,0,0.0,0.0,30.303,ok,33.0,,pending,,pending,ugv_heavy,1,1,4,Reservation,661058651,True
ue1_qfi9,1.75,22.75,30.25,33.0,ok,0.0012607147900079354,ok,ue2_qfi85,0,1,2,1546.5,data,ok,2.0,False,,proxy,3,0,,ue3_qfi2,0.993421052631579,152,150.0,ok,,ue1_qfi2,23.683,ok,,3,ok,4,,ue1_qfi4,0.4,ok,0.9963044707969357,proxy,5,0.987730183226638,17711926.4,ok,0.004656818181818182,ok,0.29096022727272725,0.0270234375,ok,ue1_qfi82,0.0,99,10.0,data,ok,0.0,ue1_qfi9,31.25,ok,,30.2,ue3_qfi2,1,73.0,73.0,30.303,ok,33.0,,pending,,pending,ugv_heavy,1,1,4,TwoTier,661058651,True
ue1_qfi9,2.0,30.25,37.5,42.0,ok,0.0013070105164630684,ok,ue3_qfi9,0,2,4,1002.7499999999998,data,ok,2.0,False,,proxy,3,0,,ue1_qfi2,1.0,152,150.0,ok,,ue1_qfi2,30.497,ok,,3,ok,4,,ue1_qfi4,0.4,ok,0.9951552616025314,proxy,5,0.9847667286641714,17758380.8,ok,0.004581818181818182,ok,0.2875965909090909,0.032490625,ok,ue1_qfi82,0.0,99,10.0,data,ok,0.0,ue1_qfi9,40.0,ok,,30.4,ue1_qfi2,2,73.5,145.0,30.303,ok,33.0,,pending,,pending,ugv_heavy,1,1,4,PF,87989972,True
ue1_qfi9,2.25,32.0,39.5,44.0,ok,0.0014573055643312515,ok,ue3_qfi9,0,1,4,1001.4999999999997,data,ok,2.0,False,,proxy,3,0,,ue3_qfi2,0.993421052631579,152,150.0,ok,,ue1_qfi2,30.997,ok,,3,ok,4,,ue1_qfi4,0.4,ok,0.99475221890825,proxy,5,0.9838633732776864,17751545.599999998,ok,0.005090909090909091,ok,0.3515011363636364,0.0374265625,ok,ue1_qfi82,0.0,99,10.0,data,ok,0.0,ue1_qfi9,41.75,ok,,30.4,ue1_qfi2,2,72.25,144.25,30.303,ok,33.0,,pending,,pending,ugv_heavy,1,1,4,Reservation,87989972,True
ue1_qfi9,2.0,27.75,34.75,38.75,ok,0.0013815214642885745,ok,ue3_qfi9,0,2,4,1001.2499999999998,data,ok,2.0,False,,proxy,3,0,,ue1_qfi2,1.0,152,150.0,ok,,ue1_qfi2,27.924,ok,,3,ok,4,,ue1_qfi4,0.4,ok,0.9958572274366928,proxy,5,0.9887798453096746,17757313.6,ok,0.004502272727272727,ok,0.31940795454545456,0.0318453125,ok,ue1_qfi82,0.0,99,10.0,data,ok,0.0,ue1_qfi9,36.75,ok,,30.4,ue1_qfi2,1,66.0,66.0,30.303,ok,33.0,,pending,,pending,ugv_heavy,1,1,4,TwoTier,87989972,True
ue1_qfi9,2.0,29.75,37.25,42.0,ok,0.0013935904802479112,ok,ue3_qfi9,0,2,4,1000.2499999999999,data,ok,2.0,False,,proxy,3,0,,ue1_qfi2,1.0,152,150.0,ok,,ue1_qfi2,30.205,ok,,3,ok,4,,ue1_qfi4,0.4,ok,0.9953116627005532,proxy,5,0.98540697769516,17638993.6,ok,0.0046795454545454545,ok,0.27611704545454546,0.030884375,ok,ue1_qfi82,0.0,99,10.0,data,ok,0.0,ue1_qfi9,40.0,ok,,30.4,ue1_qfi2,0,0.0,0.0,30.303,ok,33.0,,pending,,pending,ugv_heavy,1,1,4,PF,161576974,True
ue1_qfi9,2.25,30.75,38.75,43.5,ok,0.0015534758796326158,ok,ue3_qfi9,0,2,4,1000.9999999999999,data,ok,2.0,False,,proxy,3,0,,ue1_qfi2,1.0,152,150.0,ok,,ue1_qfi2,32.5,ok,,3,ok,4,,ue1_qfi4,0.4,ok,0.9948874474838101,proxy,5,0.9853615753929017,17634392.0,ok,0.0051090909090909095,ok,0.3425693181818182,0.03563125,ok,ue1_qfi82,0.0,99,10.0,data,ok,0.0,ue1_qfi9,41.25,ok,,30.4,ue1_qfi2,0,0.0,0.0,30.303,ok,33.0,,pending,,pending,ugv_heavy,1,1,4,Reservation,161576974,True
ue1_qfi9,1.75,25.75,32.0,35.5,ok,0.0013599827015055833,ok,ue3_qfi9,0,1,4,1002.7499999999998,data,ok,2.0,False,,proxy,3,0,,ue1_qfi2,1.0,152,150.0,ok,,ue1_qfi2,27.75,ok,,3,ok,4,,ue1_qfi4,0.4,ok,0.9961268409264985,proxy,5,0.9896997521663617,17639384.0,ok,0.0046113636363636365,ok,0.3068886363636364,0.030471875,ok,ue1_qfi82,0.0,99,10.0,data,ok,0.0,ue1_qfi9,33.75,ok,,30.4,ue1_qfi2,0,0.0,0.0,30.303,ok,33.0,,pending,,pending,ugv_heavy,1,1,4,TwoTier,161576974,True
ue1_qfi9,2.0,27.75,34.5,39.0,ok,0.0013699605314425234,ok,ue3_qfi9,0,1,4,1000.0000000000002,data,ok,2.0,False,,proxy,3,0,,ue1_qfi2,0.9868421052631579,152,150.0,ok,,ue1_qfi2,25.874,ok,,3,ok,4,,ue1_qfi4,0.4,ok,0.9950530344712926,proxy,5,0.9846161919979541,17643190.4,ok,0.004768181818181818,ok,0.27960795454545456,0.0334609375,ok,ue1_qfi82,0.0,99,10.0,data,ok,0.0,ue1_qfi9,37.0,ok,,30.0,ue1_qfi2,1,91.25,91.25,30.303,ok,33.0,,pending,,pending,ugv_heavy,1,1,4,PF,35492826,True
ue1_qfi9,2.25,27.25,34.5,38.25,ok,0.0014969763106237159,ok,ue3_qfi9,0,1,4,1001.2500000000002,data,ok,2.0,False,,proxy,3,0,,ue1_qfi2,1.0,152,150.0,ok,,ue1_qfi2,28.103,ok,,3,ok,4,,ue1_qfi4,0.4,ok,0.9947738646065323,proxy,5,0.9855282050333508,17649512.0,ok,0.005193181818181818,ok,0.3437204545454545,0.0386375,ok,ue1_qfi82,0.0,99,10.0,data,ok,0.0,ue1_qfi9,36.0,ok,,30.4,ue1_qfi2,0,0.0,0.0,30.303,ok,33.0,,pending,,pending,ugv_heavy,1,1,4,Reservation,35492826,True
ue1_qfi9,1.75,23.75,30.75,34.0,ok,0.0014078735741478424,ok,ue3_qfi9,0,2,4,1030.5,data,ok,2.0,False,,proxy,3,0,,ue1_qfi2,1.0,152,150.0,ok,,ue1_qfi2,25.703,ok,,3,ok,4,,ue1_qfi4,0.4,ok,0.99593964949088,proxy,5,0.9893263001513607,17653856.0,ok,0.004627272727272727,ok,0.30978636363636364,0.0326578125,ok,ue1_qfi82,0.0,99,10.0,data,ok,0.0,ue1_qfi9,32.25,ok,,30.4,ue1_qfi2,0,0.0,0.0,30.303,ok,33.0,,pending,,pending,ugv_heavy,1,1,4,TwoTier,35492826,True
ue1_qfi9,2.0,26.0,31.5,34.0,ok,0.0013485002194761188,ok,ue3_qfi9,0,2,4,1000.2499999999999,data,ok,2.0,False,,proxy,3,0,,ue1_qfi2,0.993421052631579,152,150.0,ok,,ue1_qfi2,25.276,ok,,3,ok,4,,ue1_qfi4,0.4,ok,0.9953103562658008,proxy,5,0.9846820914363086,17725185.6,ok,0.004493181818181818,ok,0.2659147727272727,0.027346875,ok,ue1_qfi82,0.0,99,10.0,data,ok,0.0,ue1_qfi9,32.0,ok,,30.2,ue1_qfi2,1,67.75,67.75,30.303,ok,33.0,,pending,,pending,ugv_heavy,1,1,4,PF,376383645,True
ue1_qfi9,2.0,26.75,33.25,36.75,ok,0.0014965137989841196,ok,ue3_qfi9,0,1,4,1002.2500000000001,data,ok,2.0,False,,proxy,3,0,,ue1_qfi2,0.993421052631579,152,150.0,ok,,ue1_qfi2,27.744,ok,,3,ok,4,,ue1_qfi4,0.4,ok,0.9944161986454656,proxy,5,0.9817603513714543,17722092.8,ok,0.0049931818181818185,ok,0.3304306818181818,0.031628125,ok,ue1_qfi82,0.0,99,10.0,data,ok,0.0,ue1_qfi9,34.75,ok,,30.2,ue1_qfi2,1,77.25,77.25,30.303,ok,33.0,,pending,,pending,ugv_heavy,1,1,4,Reservation,376383645,True
ue1_qfi9,1.75,22.5,28.75,31.5,ok,0.0012715746552133614,ok,ue3_qfi9,0,2,4,1002.5,data,ok,2.0,False,,proxy,3,0,,ue1_qfi2,1.0,152,150.0,ok,,ue1_qfi2,25.776,ok,,3,ok,4,,ue1_qfi4,0.4,ok,0.9964608855394672,proxy,5,0.9909676409689625,17730203.2,ok,0.004497727272727273,ok,0.2955875,0.0271890625,ok,ue1_qfi82,0.0,99,10.0,data,ok,0.0,ue1_qfi9,29.75,ok,,30.4,ue1_qfi2,0,0.0,0.0,30.303,ok,33.0,,pending,,pending,ugv_heavy,1,1,4,TwoTier,376383645,True
ue1_qfi9,2.0,27.5,34.0,36.5,ok,0.0013353626886601754,ok,ue3_qfi9,0,2,4,1000.75,data,ok,2.0,False,,proxy,3,0,,ue1_qfi2,1.0,152,150.0,ok,,ue1_qfi2,29.142,ok,,3,ok,4,,ue1_qfi4,0.4,ok,0.9956372932808168,proxy,5,0.9857904319167983,17541784.0,ok,0.004668181818181818,ok,0.2779443181818182,0.0323953125,ok,ue1_qfi82,0.0,99,10.0,data,ok,0.0,ue1_qfi9,34.5,ok,,30.4,ue1_qfi2,0,0.0,0.0,30.303,ok,33.0,,pending,,pending,ugv_heavy,1,1,4,PF,1746484539,True
ue1_qfi9,2.0,28.5,35.25,38.25,ok,0.0015318275161487897,ok,ue3_qfi9,0,1,4,1000.4999999999998,data,ok,2.0,False,,proxy,3,0,,ue1_qfi2,1.0,152,150.0,ok,,ue1_qfi2,31.148,ok,,3,ok,4,,ue1_qfi4,0.3996673333333333,ok,0.9949473015227117,proxy,5,0.9843304690184466,17534833.6,ok,0.005179545454545455,ok,0.3433909090909091,0.036909375,ok,ue1_qfi82,0.0,99,10.0,data,ok,0.0,ue1_qfi9,36.25,ok,,30.4,ue1_qfi2,0,0.0,0.0,30.303,ok,33.0,,pending,,pending,ugv_heavy,1,1,4,Reservation,1746484539,True
ue1_qfi9,1.75,26.0,32.5,35.25,ok,0.0013379984734355652,ok,ue3_qfi9,0,2,4,1003.5000000000001,data,ok,2.0,False,,proxy,3,0,,ue1_qfi2,1.0,152,150.0,ok,,ue1_qfi2,28.479,ok,,3,ok,4,,ue1_qfi4,0.4,ok,0.9964904613900629,proxy,5,0.9894290445765536,17542323.2,ok,0.004622727272727273,ok,0.3090386363636364,0.0320640625,ok,ue1_qfi82,0.0,99,10.0,data,ok,0.0,ue1_qfi9,33.5,ok,,30.4,ue1_qfi2,0,0.0,0.0,30.303,ok,33.0,,pending,,pending,ugv_heavy,1,1,4,TwoTier,1746484539,True
ue1_qfi2,5.078,12.545,13.85,14.794,ok,0.0010204567598191057,ok,ue3_qfi9,0,2,4,1000.4999999999998,data,ok,2.0,False,,proxy,3,0,,ue3_qfi2,0.993421052631579,152,150.0,ok,,ue1_qfi2,15.586,ok,,3,ok,3,,ue2_qfi2,0.9667836,ok,0.9991698408907259,proxy,5,0.9982594588369436,12888276.8,ok,0.004638636363636364,ok,0.19971136363636363,0.0271984375,ok,ue1_qfi82,0.0,99,10.0,data,ok,0.0,ue3_qfi9,12.0,ok,,30.2,ue3_qfi2,1,71.25,71.25,30.303,ok,33.0,,pending,,pending,ugv_heavy,0,0,4,PF,1826701614,False
ue3_qfi9,1.0,17.75,17.75,17.75,ok,0.0012732180710696643,ok,ue3_qfi9,0,1,4,1000.2499999999999,data,ok,2.0,False,,proxy,3,0,,ue1_qfi2,1.0,152,150.0,ok,,ue1_qfi2,16.447,ok,,3,ok,3,,ue2_qfi2,0.9667551999999999,ok,0.9987667336803465,proxy,5,0.9980138643856914,12892598.4,ok,0.004975,ok,0.2645840909090909,0.030978125,ok,ue1_qfi82,0.0,99,10.0,data,ok,0.0,ue3_qfi9,16.75,ok,,30.4,ue1_qfi2,0,0.0,0.0,30.303,ok,33.0,,pending,,pending,ugv_heavy,0,0,4,Reservation,1826701614,False
ue3_qfi1,0.75,10.75,15.5,15.5,ok,0.0009391781112723941,ok,ue3_qfi9,0,1,4,1000.5000000000001,data,ok,2.0,False,,proxy,3,0,,ue2_qfi2,0.993421052631579,152,150.0,ok,,ue2_qfi2,15.269,ok,,3,ok,3,,ue2_qfi2,0.9654531999999999,ok,0.9993316408933218,proxy,5,0.9986236675147198,12891761.6,ok,0.004497727272727273,ok,0.22652045454545455,0.0274921875,ok,ue1_qfi82,0.0,99,10.0,data,ok,0.0,ue3_qfi1,14.75,ok,,30.4,ue1_qfi2,0,0.0,0.0,30.303,ok,33.0,,pending,,pending,ugv_heavy,0,0,4,TwoTier,1826701614,False
ue3_qfi9,0.5,15.5,15.5,15.5,ok,0.0010000255808889546,ok,ue3_qfi9,0,1,4,1000.2500000000001,data,ok,2.0,False,,proxy,3,0,,ue1_qfi2,1.0,152,150.0,ok,,ue2_qfi2,15.481,ok,,3,ok,3,,ue1_qfi2,0.961292,ok,0.999329551334808,proxy,5,0.999137662708203,12810481.6,ok,0.004613636363636364,ok,0.20207386363636365,0.02866875,ok,ue1_qfi82,0.0,99,10.0,data,ok,0.0,ue3_qfi9,15.0,ok,,30.4,ue1_qfi2,0,0.0,0.0,30.303,ok,33.0,,pending,,pending,ugv_heavy,0,0,4,PF,1367864806,False
ue2_qfi2,5.124,13.555,14.944,15.865,ok,0.00138662817251092,ok,ue3_qfi9,0,2,4,1005.2499999999998,data,ok,2.0,False,,proxy,3,0,,ue1_qfi2,1.0,152,150.0,ok,,ue2_qfi2,16.36,ok,,3,ok,3,,ue1_qfi2,0.961292,ok,0.9986892902637458,proxy,5,0.9982630062731234,12805401.6,ok,0.005229545454545455,ok,0.2691113636363636,0.0328046875,ok,ue1_qfi82,0.0,99,10.0,data,ok,0.0,ue3_qfi1,14.5,ok,,30.4,ue1_qfi2,0,0.0,0.0,30.303,ok,33.0,,pending,,pending,ugv_heavy,0,0,4,Reservation,1367864806,False
ue3_qfi1,0.75,12.75,15.5,15.5,ok,0.0009801851607828104,ok,ue3_qfi9,0,1,4,1005.2499999999998,data,ok,2.0,False,,proxy,3,0,,ue1_qfi2,1.0,152,150.0,ok,,ue1_qfi2,15.25,ok,,3,ok,3,,ue1_qfi2,0.961292,ok,0.9993466197188399,proxy,5,0.9985650388190928,12811092.799999999,ok,0.004631818181818181,ok,0.23018181818181818,0.0288265625,ok,ue1_qfi82,0.0,99,10.0,data,ok,0.0,ue3_qfi1,14.75,ok,,30.4,ue1_qfi2,0,0.0,0.0,30.303,ok,33.0,,pending,,pending,ugv_heavy,0,0,4,TwoTier,1367864806,False
ue3_qfi9,0.5,15.25,15.25,15.25,ok,0.0010023109316468976,ok,ue1_qfi85,1,1,1,2601.2500000000005,data,ok,2.0,False,,proxy,3,0,,ue1_qfi2,0.993421052631579,152,150.0,ok,,ue1_qfi2,15.592,ok,,3,ok,3,,ue1_qfi2,0.95561,ok,0.9993090533127182,proxy,5,0.9988741325465544,12921265.6,ok,0.004743181818181818,ok,0.2125125,0.03110625,ok,ue1_qfi82,0.0,99,10.0,data,ok,0.0,ue3_qfi9,14.75,ok,,30.2,ue1_qfi2,1,66.0,66.0,30.303,ok,33.0,,pending,,pending,ugv_heavy,0,0,4,PF,1097657231,False
ue1_qfi2,5.535,13.775,15.139,16.696,ok,0.0011947078154050275,ok,ue1_qfi85,1,1,1,2601.2500000000005,data,ok,2.0,False,,proxy,3,0,,ue1_qfi2,1.0,152,150.0,ok,,ue1_qfi2,17.078,ok,,3,ok,3,,ue1_qfi2,0.956728,ok,0.9989999842155497,proxy,5,0.998659637522648,12922468.8,ok,0.005272727272727273,ok,0.27827613636363635,0.0350625,ok,ue1_qfi82,0.0,99,10.0,data,ok,0.0,ue3_qfi1,14.75,ok,,30.4,ue1_qfi2,0,0.0,0.0,30.303,ok,33.0,,pending,,pending,ugv_heavy,0,0,4,Reservation,1097657231,False
ue1_qfi2,5.0,12.97,14.5,15.074,ok,0.0008739001423767116,ok,ue1_qfi85,1,1,1,2601.2500000000005,data,ok,2.0,False,,proxy,3,0,,ue1_qfi2,1.0,152,150.0,ok,,ue1_qfi2,15.87,ok,,3,ok,3,,ue1_qfi2,0.956728,ok,0.9994594384458206,proxy,5,0.9990825396499515,12926601.6,ok,0.004875,ok,0.24033409090909091,0.0313578125,ok,ue1_qfi82,0.0,99,10.0,data,ok,0.0,ue3_qfi1,12.25,ok,,30.4,ue1_qfi2,0,0.0,0.0,30.303,ok,33.0,,pending,,pending,ugv_heavy,0,0,4,TwoTier,1097657231,False
ue2_qfi2,5.374,12.495,14.366,14.897,ok,0.0009619542095433188,ok,ue1_qfi85,0,1,1,1928.7499999999998,data,ok,2.0,False,,proxy,3,0,,ue1_qfi2,1.0,152,150.0,ok,,ue2_qfi2,15.404,ok,,3,ok,3,,ue3_qfi2,0.9697051999999999,ok,0.9993861607452175,proxy,5,0.9987382591514632,12910816.0,ok,0.004604545454545455,ok,0.20688863636363636,0.0300671875,ok,ue1_qfi82,0.0,99,10.0,data,ok,0.0,ue2_qfi9,11.25,ok,,30.4,ue1_qfi2,0,0.0,0.0,30.303,ok,33.0,,pending,,pending,ugv_heavy,0,0,4,PF,579362555,False
ue2_qfi2,5.25,13.631,15.524,16.25,ok,0.0011427020034813645,ok,ue1_qfi85,0,1,1,1931.7499999999998,data,ok,2.0,False,,proxy,3,0,,ue2_qfi2,0.993421052631579,152,150.0,ok,,ue2_qfi2,16.779,ok,,3,ok,3,,ue3_qfi2,0.9697652,ok,0.9991099053801058,proxy,5,0.9985474394783109,12904572.8,ok,0.0051522727272727276,ok,0.2738829545454545,0.034178125,ok,ue1_qfi82,0.0,99,10.0,data,ok,0.0,ue2_qfi9,13.25,ok,,30.4,ue1_qfi2,0,0.0,0.0,30.303,ok,33.0,,pending,,pending,ugv_heavy,0,0,4,Reservation,579362555,False
ue3_qfi1,0.5,13.5,15.75,15.75,ok,0.0009594283308151487,ok,ue1_qfi85,0,1,1,1928.7499999999998,data,ok,2.0,False,,proxy,3,0,,ue2_qfi2,0.993421052631579,152,150.0,ok,,ue2_qfi2,16.212,ok,,3,ok,3,,ue3_qfi2,0.9697051999999999,ok,0.9993076717844807,proxy,5,0.999105914158351,12907070.4,ok,0.004547727272727273,ok,0.2353159090909091,0.0302546875,ok,ue1_qfi82,0.0,99,10.0,data,ok,0.0,ue3_qfi1,15.25,ok,,30.2,ue2_qfi2,1,68.0,68.0,30.303,ok,33.0,,pending,,pending,ugv_heavy,0,0,4,TwoTier,579362555,False
ue1_qfi2,5.228,12.382,14.341,14.965,ok,0.0009261501315457197,ok,ue2_qfi85,0,1,2,1546.2500000000002,data,ok,2.0,False,,proxy,3,0,,ue1_qfi2,1.0,152,150.0,ok,,ue1_qfi2,15.096,ok,,3,ok,3,,ue2_qfi2,0.9680564,ok,0.9995188222856735,proxy,5,0.9992052261777219,12928145.6,ok,0.004713636363636363,ok,0.1968125,0.025834375,ok,ue1_qfi82,0.0,99,10.0,data,ok,0.0,ue3_qfi1,12.25,ok,,30.4,ue1_qfi2,0,0.0,0.0,30.303,ok,33.0,,pending,,pending,ugv_heavy,0,0,4,PF,661058651,False
ue3_qfi1,0.75,11.25,17.75,17.75,ok,0.0012307651960039036,ok,ue2_qfi85,0,1,2,1546.2500000000002,data,ok,2.0,False,,proxy,3,0,,ue1_qfi2,0.993421052631579,152,150.0,ok,,ue1_qfi2,16.048,ok,,3,ok,3,,ue1_qfi2,0.9671156,ok,0.9989078705470584,proxy,5,0.998275937726327,12919129.6,ok,0.0053022727272727275,ok,0.2620818181818182,0.0292484375,ok,ue1_qfi82,0.0,99,10.0,data,ok,0.0,ue3_qfi1,17.0,ok,,30.2,ue1_qfi2,0,0.0,0.0,30.303,ok,33.0,,pending,,pending,ugv_heavy,0,0,4,Reservation,661058651,False
ue3_qfi1,0.75,14.0,16.0,16.0,ok,0.0008525763846729669,ok,ue2_qfi85,0,1,2,1546.2500000000002,data,ok,2.0,False,,proxy,3,0,,ue2_qfi2,0.993421052631579,152,150.0,ok,,ue1_qfi2,15.096,ok,,3,ok,3,,ue2_qfi2,0.9680224000000001,ok,0.9994641687042186,proxy,5,0.999211833071744,12927526.4,ok,0.00465,ok,0.2227375,0.0261078125,ok,ue1_qfi82,0.0,99,10.0,data,ok,0.0,ue3_qfi1,15.25,ok,,30.4,ue1_qfi2,0,0.0,0.0,30.303,ok,33.0,,pending,,pending,ugv_heavy,0,0,4,TwoTier,661058651,False
ue3_qfi1,0.5,10.75,15.5,15.5,ok,0.0009587418073059627,ok,ue3_qfi9,0,1,4,1001.2500000000002,data,ok,2.0,False,,proxy,3,0,,ue1_qfi2,1.0,152,150.0,ok,,ue1_qfi2,16.342,ok,,3,ok,3,,ue1_qfi2,0.9689072,ok,0.999273600631988,proxy,5,0.9988648228667474,12968448.0,ok,0.004713636363636363,ok,0.2099909090909091,0.0299515625,ok,ue1_qfi82,0.0,99,10.0,data,ok,0.0,ue3_qfi1,15.0,ok,,30.4,ue1_qfi2,0,0.0,0.0,30.303,ok,33.0,,pending,,pending,ugv_heavy,0,0,4,PF,87989972,False
ue3_qfi1,0.75,13.0,18.5,18.5,ok,0.001117814216540914,ok,ue3_qfi9,0,1,4,1005.2499999999998,data,ok,2.0,False,,proxy,3,0,,ue1_qfi2,1.0,152,150.0,ok,,ue1_qfi2,16.342,ok,,3,ok,3,,ue1_qfi2,0.9689072,ok,0.9991228466025653,proxy,5,0.9989268780207657,12967654.4,ok,0.005202272727272727,ok,0.2762431818181818,0.034278125,ok,ue1_qfi82,0.0,99,10.0,data,ok,0.0,ue3_qfi1,17.75,ok,,30.4,ue1_qfi2,0,0.0,0.0,30.303,ok,33.0,,pending,,pending,ugv_heavy,0,0,4,Reservation,87989972,False
ue3_qfi1,0.75,13.0,15.5,15.5,ok,0.0009847176409095062,ok,ue3_qfi9,0,1,4,1000.9999999999999,data,ok,2.0,False,,proxy,3,0,,ue1_qfi2,0.993421052631579,152,150.0,ok,,ue1_qfi2,15.296,ok,,3,ok,3,,ue1_qfi2,0.9679371999999999,ok,0.999272973414359,proxy,5,0.9990494660569837,12963774.4,ok,0.004575,ok,0.23818977272727274,0.03025625,ok,ue1_qfi82,0.0,99,10.0,data,ok,0.0,ue3_qfi1,14.75,ok,,30.2,ue1_qfi2,0,0.0,0.0,30.303,ok,33.0,,pending,,pending,ugv_heavy,0,0,4,TwoTier,87989972,False
ue3_qfi1,0.5,15.25,15.5,15.5,ok,0.0010069952270043404,ok,ue3_qfi9,0,2,4,1000.2499999999999,data,ok,2.0,False,,proxy,3,0,,ue1_qfi2,1.0,152,150.0,ok,,ue1_qfi2,15.532,ok,,3,ok,3,,ue2_qfi2,0.9652696,ok,0.9993369667402154,proxy,5,0.999143789647646,12850388.8,ok,0.0046795454545454545,ok,0.20336704545454545,0.0284265625,ok,ue1_qfi82,0.0,99,10.0,data,ok,0.0,ue3_qfi1,15.0,ok,,30.4,ue1_qfi2,0,0.0,0.0,30.303,ok,33.0,,pending,,pending,ugv_heavy,0,0,4,PF,161576974,False
ue1_qfi2,5.67,14.23,15.772,16.903,ok,0.001282355723163917,ok,ue3_qfi9,0,2,4,1000.9999999999999,data,ok,2.0,False,,proxy,3,0,,ue1_qfi2,1.0,152,150.0,ok,,ue1_qfi2,17.244,ok,,3,ok,3,,ue2_qfi2,0.9652696,ok,0.9989221858239776,proxy,5,0.9985832185245602,12847657.6,ok,0.005118181818181819,ok,0.2697681818181818,0.0327484375,ok,ue1_qfi82,0.0,99,10.0,data,ok,0.0,ue1_qfi9,12.75,ok,,30.4,ue1_qfi2,0,0.0,0.0,30.303,ok,33.0,,pending,,pending,ugv_heavy,0,0,4,Reservation,161576974,False
ue1_qfi2,5.05,12.669,14.292,15.282,ok,0.000979706244899437,ok,ue3_qfi9,0,1,4,1000.5000000000001,data,ok,2.0,False,,proxy,3,0,,ue3_qfi2,0.993421052631579,152,150.0,ok,,ue1_qfi2,15.852,ok,,3,ok,3,,ue2_qfi2,0.9652696,ok,0.9992029406621448,proxy,5,0.9987710285961702,12847049.6,ok,0.004615909090909091,ok,0.23124545454545453,0.0287796875,ok,ue1_qfi82,0.0,99,10.0,data,ok,0.0,ue3_qfi1,14.5,ok,,30.2,ue3_qfi2,1,67.25,67.25,30.303,ok,33.0,,pending,,pending,ugv_heavy,0,0,4,TwoTier,161576974,False
ue3_qfi9,0.5,15.5,15.5,15.5,ok,0.000987585053617711,ok,ue3_qfi9,0,1,4,1000.0000000000002,data,ok,2.0,False,,proxy,3,0,,ue1_qfi2,0.993421052631579,152,150.0,ok,,ue2_qfi2,15.043,ok,,3,ok,3,,ue3_qfi2,0.964192,ok,0.9993063418392618,proxy,5,0.999209723223491,12855193.6,ok,0.004631818181818181,ok,0.20880568181818182,0.0314640625,ok,ue1_qfi82,0.0,99,10.0,data,ok,0.0,ue3_qfi9,15.0,ok,,30.2,ue1_qfi2,1,66.5,66.5,30.303,ok,33.0,,pending,,pending,ugv_heavy,0,0,4,PF,35492826,False
ue2_qfi2,5.284,13.17,14.639,15.746,ok,0.0011405594781014568,ok,ue3_qfi9,0,1,4,1002.5,data,ok,2.0,False,,proxy,3,0,,ue1_qfi2,1.0,152,150.0,ok,,ue1_qfi2,16.274,ok,,3,ok,3,,ue3_qfi2,0.964192,ok,0.9990383862710035,proxy,5,0.9984925098035811,12861214.4,ok,0.005222727272727273,ok,0.27557613636363637,0.036146875,ok,ue1_qfi82,0.0,99,10.0,data,ok,0.0,ue3_qfi9,14.5,ok,,30.4,ue1_qfi2,0,0.0,0.0,30.303,ok,33.0,,pending,,pending,ugv_heavy,0,0,4,Reservation,35492826,False
ue2_qfi2,4.715,12.767,14.296,15.186,ok,0.0009445754214266743,ok,ue3_qfi9,0,1,4,1000.5000000000001,data,ok,2.0,False,,proxy,3,0,,ue2_qfi2,0.993421052631579,152,150.0,ok,,ue2_qfi2,15.584,ok,,3,ok,3,,ue3_qfi2,0.964192,ok,0.9992936750989555,proxy,5,0.9990721886019829,12861827.2,ok,0.004627272727272727,ok,0.23728068181818182,0.03154375,ok,ue1_qfi82,0.0,99,10.0,data,ok,0.0,ue3_qfi1,12.75,ok,,30.4,ue1_qfi2,0,0.0,0.0,30.303,ok,33.0,,pending,,pending,ugv_heavy,0,0,4,TwoTier,35492826,False
ue3_qfi1,0.5,15.25,16.0,16.0,ok,0.0009897670539012907,ok,ue3_qfi9,0,2,4,1002.2499999999997,data,ok,2.0,False,,proxy,3,0,,ue1_qfi2,1.0,152,150.0,ok,,ue2_qfi2,15.164,ok,,3,ok,3,,ue2_qfi2,0.9726931999999999,ok,0.9993117681929868,proxy,5,0.999120251729676,12940024.0,ok,0.004502272727272727,ok,0.20089318181818183,0.0264953125,ok,ue1_qfi82,0.0,99,10.0,data,ok,0.0,ue3_qfi1,15.5,ok,,30.4,ue1_qfi2,0,0.0,0.0,30.303,ok,33.0,,pending,,pending,ugv_heavy,0,0,4,PF,376383645,False
ue2_qfi2,5.051,13.346,14.664,15.843,ok,0.0011731765177917155,ok,ue3_qfi9,0,2,4,1000.4999999999998,data,ok,2.0,False,,proxy,3,0,,ue1_qfi2,1.0,152,150.0,ok,,ue2_qfi2,16.037,ok,,3,ok,3,,ue2_qfi2,0.9726931999999999,ok,0.9990445670139003,proxy,5,0.9987079155029186,12938272.0,ok,0.004979545454545454,ok,0.2655931818181818,0.0300984375,ok,ue1_qfi82,0.0,99,10.0,data,ok,0.0,ue3_qfi1,13.25,ok,,30.4,ue1_qfi2,0,0.0,0.0,30.303,ok,33.0,,pending,,pending,ugv_heavy,0,0,4,Reservation,376383645,False
ue3_qfi1,0.75,13.0,15.5,15.5,ok,0.0008902122240740514,ok,ue3_qfi9,0,1,4,1000.75,data,ok,2.0,False,,proxy,3,0,,ue1_qfi2,1.0,152,150.0,ok,,ue1_qfi2,14.946,ok,,3,ok,3,,ue2_qfi2,0.9726931999999999,ok,0.999416294189191,proxy,5,0.9989462094464538,12941054.4,ok,0.004504545454545455,ok,0.22827272727272727,0.0264625,ok,ue1_qfi82,0.0,99,10.0,data,ok,0.0,ue3_qfi1,14.75,ok,,30.4,ue1_qfi2,0,0.0,0.0,30.303,ok,33.0,,pending,,pending,ugv_heavy,0,0,4,TwoTier,376383645,False
ue2_qfi2,4.621,12.304,13.973,14.514,ok,0.0009026449590644682,ok,ue3_qfi9,0,2,4,1001.2500000000002,data,ok,2.0,False,,proxy,3,0,,ue1_qfi2,1.0,152,150.0,ok,,ue1_qfi2,14.91,ok,,3,ok,3,,ue1_qfi2,0.9560688,ok,0.999409898641078,proxy,5,0.9990616266376308,12753252.8,ok,0.004547727272727273,ok,0.2008318181818182,0.029834375,ok,ue1_qfi82,0.0,99,10.0,data,ok,0.0,ue1_qfi9,11.0,ok,,30.4,ue1_qfi2,0,0.0,0.0,30.303,ok,33.0,,pending,,pending,ugv_heavy,0,0,4,PF,1746484539,False
ue1_qfi2,5.075,13.035,14.552,15.245,ok,0.0011157449016813265,ok,ue3_qfi9,0,2,4,1000.9999999999999,data,ok,2.0,False,,proxy,3,0,,ue1_qfi2,1.0,152,150.0,ok,,ue1_qfi2,15.733,ok,,3,ok,3,,ue1_qfi2,0.9559488,ok,0.9991694904281367,proxy,5,0.9985560173597285,12751041.6,ok,0.005168181818181818,ok,0.26759431818181817,0.0340015625,ok,ue1_qfi82,0.0,99,10.0,data,ok,0.0,ue1_qfi9,12.5,ok,,30.4,ue1_qfi2,0,0.0,0.0,30.303,ok,33.0,,pending,,pending,ugv_heavy,0,0,4,Reservation,1746484539,False
ue3_qfi1,0.75,13.0,15.5,15.5,ok,0.0009136065193998478,ok,ue3_qfi9,0,1,4,1000.9999999999999,data,ok,2.0,False,,proxy,3,0,,ue1_qfi2,1.0,152,150.0,ok,,ue1_qfi2,14.742,ok,,3,ok,3,,ue1_qfi2,0.9560688,ok,0.9994510395009456,proxy,5,0.9992539269144788,12753160.0,ok,0.004540909090909091,ok,0.22893409090909092,0.0302609375,ok,ue1_qfi82,0.0,99,10.0,data,ok,0.0,ue3_qfi1,14.75,ok,,30.4,ue1_qfi2,0,0.0,0.0,30.303,ok,33.0,,pending,,pending,ugv_heavy,0,0,4,TwoTier,1746484539,False
ue1_qfi9,2.0,39.25,48.0,52.25,ok,0.0017916551832924245,ok,ue3_qfi9,0,2,4,1001.0000000000001,data,ok,2.0,False,,proxy,3,0,,ue1_qfi2,1.0,152,150.0,ok,,ue1_qfi2,39.233,ok,,3,ok,5,,ue1_qfi4,0.4,ok,0.9887012735569594,proxy,5,0.961090071952026,22469252.8,ok,0.0046409090909090905,ok,0.32839545454545455,0.0293015625,ok,ue1_qfi82,0.0,99,10.0,data,ok,0.0,ue1_qfi9,50.25,ok,,30.4,ue2_qfi2,2,67.5,134.5,30.303,ok,33.0,,pending,,pending,ugv_heavy,2,2,4,PF,1826701614,True
ue1_qfi9,2.25,38.25,48.5,52.5,ok,0.0019190917786912857,ok,ue3_qfi9,0,1,4,1000.5000000000001,data,ok,2.0,False,,proxy,3,0,,ue1_qfi2,1.0,152,150.0,ok,,ue1_qfi2,39.099,ok,,3,ok,5,,ue1_qfi4,0.4,ok,0.9876502520993042,proxy,5,0.9589733987072807,22466897.6,ok,0.005113636363636364,ok,0.3891772727272727,0.0366046875,ok,ue1_qfi82,0.0,99,10.0,data,ok,0.0,ue1_qfi9,50.25,ok,,30.4,ue2_qfi2,3,68.5,202.5,30.303,ok,33.0,,pending,,pending,ugv_heavy,2,2,4,Reservation,1826701614,True
ue3_qfi1,5.75,65.5,68.0,68.0,ok,0.0017553581473815452,ok,ue3_qfi9,0,2,4,1043.0000000000002,data,ok,2.0,False,,proxy,3,0,,ue2_qfi2,0.993421052631579,152,150.0,ok,,ue3_qfi2,40.632,ok,,3,ok,5,,ue1_qfi4,0.4,ok,0.9901545815599624,proxy,5,0.9668838152837524,22466028.8,ok,0.004504545454545455,ok,0.36065,0.02926875,ok,ue1_qfi82,0.0,99,10.0,data,ok,0.0,ue3_qfi1,62.25,ok,,30.4,ue3_qfi2,6,71.25,411.75,30.303,ok,33.0,,pending,,pending,ugv_heavy,2,2,4,TwoTier,1826701614,True
ue2_qfi9,2.0,38.75,48.5,53.0,ok,0.0018867482889814158,ok,ue3_qfi9,0,1,4,1000.0000000000002,data,ok,2.0,False,,proxy,3,0,,ue1_qfi2,1.0,152,150.0,ok,,ue1_qfi2,39.809,ok,,3,ok,5,,ue1_qfi4,0.4,ok,0.9879300856462685,proxy,5,0.9628336025190217,22379574.4,ok,0.004613636363636364,ok,0.3363965909090909,0.0311703125,ok,ue1_qfi82,0.0,99,10.0,data,ok,0.0,ue2_qfi9,51.0,ok,,30.4,ue1_qfi2,3,68.25,203.75,30.303,ok,33.0,,pending,,pending,ugv_heavy,2,2,4,PF,1367864806,True
ue2_qfi9,2.25,40.25,49.5,54.25,ok,0.0020294770462728046,ok,ue3_qfi9,0,2,4,1005.2499999999998,data,ok,2.0,False,,proxy,3,0,,ue1_qfi2,1.0,152,150.0,ok,,ue2_qfi2,39.5,ok,,3,ok,5,,ue1_qfi4,0.4,ok,0.9872628120226328,proxy,5,0.961083869814241,22378171.2,ok,0.005247727272727273,ok,0.3986363636363636,0.0393625,ok,ue1_qfi82,0.0,99,10.0,data,ok,0.0,ue2_qfi9,52.0,ok,,30.4,ue2_qfi2,2,73.5,143.25,30.303,ok,33.0,,pending,,pending,ugv_heavy,2,2,4,Reservation,1367864806,True
ue3_qfi1,5.25,63.0,70.5,70.5,ok,0.001715778504077784,ok,ue3_qfi9,0,2,4,1043.4999999999998,data,ok,2.0,False,,proxy,3,0,,ue1_qfi2,0.993421052631579,152,150.0,ok,,ue2_qfi2,39.039,ok,,3,ok,5,,ue1_qfi4,0.4,ok,0.9904157901147181,proxy,5,0.9682083056914712,22382467.2,ok,0.004754545454545455,ok,0.3705806818181818,0.0311015625,ok,ue1_qfi82,0.0,99,10.0,data,ok,0.0,ue3_qfi1,65.25,ok,,30.4,ue3_qfi2,6,72.0,413.25,30.303,ok,33.0,,pending,,pending,ugv_heavy,2,2,4,TwoTier,1367864806,True
ue1_qfi9,2.25,44.75,54.5,57.25,ok,0.0018500906232755898,ok,ue1_qfi85,1,1,1,2601.2500000000005,data,ok,2.0,False,,proxy,3,0,,ue1_qfi2,1.0,152,150.0,ok,,ue1_qfi2,44.207,ok,,3,ok,5,,ue1_qfi4,0.4,ok,0.988857215449098,proxy,5,0.9657940524552975,22497155.2,ok,0.004747727272727272,ok,0.35785795454545455,0.034396875,ok,ue1_qfi82,0.0,99,10.0,data,ok,0.0,ue1_qfi9,55.0,ok,,30.4,ue1_qfi2,8,75.5,567.75,30.303,ok,33.0,,pending,,pending,ugv_heavy,2,2,4,PF,1097657231,True
ue1_qfi9,2.75,46.0,54.5,57.5,ok,0.001973542322473124,ok,ue1_qfi85,1,1,1,2601.2500000000005,data,ok,2.0,False,,proxy,3,0,,ue1_qfi2,1.0,152,150.0,ok,,ue1_qfi2,46.963,ok,,3,ok,5,,ue1_qfi4,0.4,ok,0.9876607395614008,proxy,5,0.9627210652620687,22494614.4,ok,0.005359090909090909,ok,0.41898522727272725,0.043021875,ok,ue1_qfi82,0.0,99,10.0,data,ok,0.0,ue1_qfi9,54.75,ok,,30.4,ue1_qfi2,8,74.75,568.0,30.303,ok,33.0,,pending,,pending,ugv_heavy,2,2,4,Reservation,1097657231,True
ue3_qfi1,5.75,63.5,68.25,68.25,ok,0.0018987623045774896,ok,ue1_qfi85,1,1,1,2601.2500000000005,data,ok,2.0,False,,proxy,3,0,,ue1_qfi2,1.0,152,150.0,ok,,ue1_qfi2,41.872,ok,,3,ok,5,,ue1_qfi4,0.4,ok,0.9855986879708759,proxy,5,0.9633826738443705,22495795.2,ok,0.004934090909090909,ok,0.39048636363636363,0.0336453125,ok,ue1_qfi82,0.0,99,10.0,data,ok,0.0,ue3_qfi1,62.5,ok,,30.4,ue1_qfi2,6,75.25,415.75,30.303,ok,33.0,,pending,,pending,ugv_heavy,2,2,4,TwoTier,1097657231,True
ue1_qfi9,2.0,39.75,49.5,53.0,ok,0.0018351872663340655,ok,ue1_qfi85,0,1,1,1928.7499999999998,data,ok,2.0,False,,proxy,3,0,,ue2_qfi2,0.993421052631579,152,150.0,ok,,ue1_qfi2,39.68,ok,,3,ok,5,,ue1_qfi4,0.4,ok,0.9891740483778773,proxy,5,0.9677801000446642,22478214.4,ok,0.004602272727272727,ok,0.3406102272727273,0.0324515625,ok,ue1_qfi82,0.0,99,10.0,data,ok,0.0,ue1_qfi9,51.0,ok,,30.4,ue1_qfi2,5,76.75,356.25,30.303,ok,33.0,,pending,,pending,ugv_heavy,2,2,4,PF,579362555,True
ue3_qfi1,0.75,13.0,53.25,53.25,ok,0.0019194359802452126,ok,ue1_qfi85,0,1,1,1930.2499999999998,data,ok,2.0,False,,proxy,3,0,,ue1_qfi2,1.0,152,150.0,ok,,ue1_qfi2,41.645,ok,,3,ok,5,,ue1_qfi4,0.4,ok,0.9883018721834305,proxy,5,0.9674436196937015,22477955.2,ok,0.0052590909090909094,ok,0.4009375,0.04055,ok,ue1_qfi82,0.0,99,10.0,data,ok,0.0,ue3_qfi1,52.5,ok,,30.4,ue1_qfi2,7,78.75,488.75,30.303,ok,33.0,,pending,,pending,ugv_heavy,2,2,4,Reservation,579362555,True
ue3_qfi1,4.25,63.5,83.0,83.0,ok,0.0017706346463817473,ok,ue1_qfi85,0,1,1,1928.4999999999998,data,ok,2.0,False,,proxy,3,0,,ue1_qfi2,1.0,152,150.0,ok,,ue3_qfi2,39.349,ok,,3,ok,5,,ue1_qfi4,0.4,ok,0.9885151450573046,proxy,5,0.9743014347173968,22481993.6,ok,0.004620454545454546,ok,0.3747465909090909,0.032221875,ok,ue1_qfi82,0.0,99,10.0,data,ok,0.0,ue3_qfi1,78.75,ok,,30.4,ue3_qfi2,3,78.75,223.75,30.303,ok,33.0,,pending,,pending,ugv_heavy,2,2,4,TwoTier,579362555,True
ue2_qfi9,2.0,40.25,49.25,53.0,ok,0.001744346013282386,ok,ue2_qfi85,0,1,2,1546.2500000000002,data,ok,2.0,False,,proxy,3,0,,ue1_qfi2,1.0,152,150.0,ok,,ue2_qfi2,40.908,ok,,3,ok,5,,ue1_qfi4,0.4,ok,0.9887438480350589,proxy,5,0.962679857227888,22502430.4,ok,0.004706818181818182,ok,0.32954204545454546,0.0282203125,ok,ue1_qfi82,0.0,99,10.0,data,ok,0.0,ue2_qfi9,51.0,ok,,30.4,ue2_qfi2,5,68.75,339.0,30.303,ok,33.0,,pending,,pending,ugv_heavy,2,2,4,PF,661058651,True
ue2_qfi9,2.0,42.25,50.25,54.0,ok,0.0019458461085705432,ok,ue2_qfi85,0,1,2,1546.2500000000002,data,ok,2.0,False,,proxy,3,0,,ue2_qfi2,0.993421052631579,152,150.0,ok,,ue2_qfi2,40.704,ok,,3,ok,5,,ue2_qfi4,0.39961506666666663,ok,0.9865491794401617,proxy,5,0.9569789239752257,22486753.6,ok,0.005436363636363637,ok,0.391425,0.0360796875,ok,ue1_qfi82,0.0,99,10.0,data,ok,0.0,ue3_qfi1,52.25,ok,,30.2,ue2_qfi2,6,70.25,408.75,30.303,ok,33.0,,pending,,pending,ugv_heavy,2,2,4,Reservation,661058651,True
ue3_qfi1,3.0,61.0,70.5,70.5,ok,0.0017948325518623127,ok,ue2_qfi85,0,1,2,1546.2500000000002,data,ok,2.0,False,,proxy,3,0,,ue1_qfi2,1.0,152,150.0,ok,,ue2_qfi2,39.608,ok,,3,ok,5,,ue1_qfi4,0.4,ok,0.9863564257106938,proxy,5,0.9588726685104132,22499300.8,ok,0.004704545454545454,ok,0.3633,0.0281375,ok,ue1_qfi82,0.0,99,10.0,data,ok,0.0,ue3_qfi1,67.5,ok,,30.4,ue2_qfi2,3,70.0,205.0,30.303,ok,33.0,,pending,,pending,ugv_heavy,2,2,4,TwoTier,661058651,True
ue1_qfi9,2.25,43.0,51.5,55.5,ok,0.0016775395557450115,ok,ue3_qfi9,0,1,4,1004.75,data,ok,2.0,False,,proxy,3,0,,ue1_qfi2,1.0,152,150.0,ok,,ue1_qfi2,43.067,ok,,3,ok,5,,ue1_qfi4,0.4,ok,0.9894132027295726,proxy,5,0.9672810406200968,22542964.8,ok,0.004506818181818182,ok,0.34618522727272727,0.0326421875,ok,ue1_qfi82,0.0,99,10.0,data,ok,0.0,ue1_qfi9,53.25,ok,,30.4,ue1_qfi2,4,73.5,278.0,30.303,ok,33.0,,pending,,pending,ugv_heavy,2,2,4,PF,87989972,True
ue1_qfi9,2.5,43.0,51.0,54.0,ok,0.0018794021241482829,ok,ue3_qfi9,0,3,4,1001.2500000000002,data,ok,2.0,False,,proxy,3,0,,ue2_qfi2,0.993421052631579,152,150.0,ok,,ue1_qfi2,41.906,ok,,3,ok,5,,ue1_qfi4,0.4,ok,0.98765343153516,proxy,5,0.9608830513035209,22530796.8,ok,0.00515,ok,0.4071181818181818,0.0407921875,ok,ue1_qfi82,0.0,99,10.0,data,ok,0.0,ue1_qfi9,51.5,ok,,30.4,ue1_qfi2,4,72.25,278.5,30.303,ok,33.0,,pending,,pending,ugv_heavy,2,2,4,Reservation,87989972,True
ue3_qfi1,3.0,62.75,68.0,68.0,ok,0.0017570142222709082,ok,ue3_qfi9,0,1,4,1062.2500000000002,data,ok,2.0,False,,proxy,3,0,,ue1_qfi2,1.0,152,150.0,ok,,ue3_qfi2,39.98,ok,,3,ok,5,,ue1_qfi4,0.4,ok,0.9898311952199743,proxy,5,0.9680039029846053,22541680.0,ok,0.004488636363636364,ok,0.38036363636363635,0.0324234375,ok,ue1_qfi82,0.0,99,10.0,data,ok,0.0,ue3_qfi1,65.0,ok,,30.4,ue3_qfi2,4,72.25,280.75,30.303,ok,33.0,,pending,,pending,ugv_heavy,2,2,4,TwoTier,87989972,True
ue1_qfi2,6.885,43.058,49.75,54.567,ok,0.0017389286381808981,ok,ue3_qfi9,0,1,4,1000.2500000000001,data,ok,2.0,False,,proxy,3,0,,ue1_qfi2,1.0,152,150.0,ok,,ue1_qfi2,43.455,ok,,3,ok,5,,ue1_qfi4,0.4,ok,0.9893886811090393,proxy,5,0.9683358263043669,22424281.6,ok,0.004738636363636363,ok,0.3384761363636364,0.0311765625,ok,ue1_qfi82,0.0,99,10.0,data,ok,0.0,ue1_qfi9,52.25,ok,,30.4,ue1_qfi2,7,74.25,497.0,30.303,ok,33.0,,pending,,pending,ugv_heavy,2,2,4,PF,161576974,True
ue1_qfi9,2.5,41.5,51.25,55.25,ok,0.001957386108869559,ok,ue3_qfi9,0,2,4,1029.5,data,ok,2.0,False,,proxy,3,0,,ue1_qfi2,1.0,152,150.0,ok,,ue1_qfi2,40.25,ok,,3,ok,5,,ue1_qfi4,0.4,ok,0.9863569870786588,proxy,5,0.9583278661195066,22418745.6,ok,0.005206818181818182,ok,0.4010090909090909,0.0397921875,ok,ue1_qfi82,0.0,99,10.0,data,ok,0.0,ue1_qfi9,52.75,ok,,30.4,ue1_qfi2,7,73.75,496.5,30.303,ok,33.0,,pending,,pending,ugv_heavy,2,2,4,Reservation,161576974,True
ue3_qfi1,4.25,61.0,75.5,75.5,ok,0.0017713372306836237,ok,ue3_qfi9,0,2,4,1044.5000000000002,data,ok,2.0,False,,proxy,3,0,,ue1_qfi2,1.0,152,150.0,ok,,ue3_qfi2,40.25,ok,,3,ok,5,,ue1_qfi4,0.4,ok,0.9896112878101914,proxy,5,0.9737866786972427,22422788.8,ok,0.0047272727272727275,ok,0.3713034090909091,0.030959375,ok,ue1_qfi82,0.0,99,10.0,data,ok,0.0,ue3_qfi1,71.25,ok,,30.4,ue1_qfi2,7,72.75,485.25,30.303,ok,33.0,,pending,,pending,ugv_heavy,2,2,4,TwoTier,161576974,True
ue2_qfi9,2.0,42.25,51.5,55.75,ok,0.001814971198279729,ok,ue3_qfi9,0,2,4,1000.5000000000001,data,ok,2.0,False,,proxy,3,0,,ue3_qfi2,0.993421052631579,152,150.0,ok,,ue2_qfi2,45.807,ok,,3,ok,5,,ue1_qfi4,0.4,ok,0.9885576044499679,proxy,5,0.966145800678715,22430769.6,ok,0.004852272727272728,ok,0.3511602272727273,0.0346796875,ok,ue1_qfi82,0.0,99,10.0,data,ok,0.0,ue2_qfi9,53.75,ok,,30.4,ue2_qfi2,7,75.25,503.25,30.303,ok,33.0,,pending,,pending,ugv_heavy,2,2,4,PF,35492826,True
ue2_qfi9,2.25,43.75,52.5,56.25,ok,0.0019192106227407415,ok,ue3_qfi9,0,2,4,1004.9999999999999,data,ok,2.0,False,,proxy,3,0,,ue1_qfi2,1.0,152,150.0,ok,,ue2_qfi2,47.557,ok,,3,ok,5,,ue1_qfi4,0.4,ok,0.9867076228567013,proxy,5,0.959289266591995,22432340.8,ok,0.005129545454545454,ok,0.41066363636363634,0.0438328125,ok,ue1_qfi82,0.0,99,10.0,data,ok,0.0,ue2_qfi9,54.0,ok,,30.4,ue2_qfi2,6,76.75,434.25,30.303,ok,33.0,,pending,,pending,ugv_heavy,2,2,4,Reservation,35492826,True
ue3_qfi1,3.25,63.25,80.5,80.5,ok,0.0018014687979396164,ok,ue3_qfi9,0,1,4,1063.25,data,ok,2.0,False,,proxy,3,0,,ue1_qfi2,1.0,152,150.0,ok,,ue3_qfi2,42.826,ok,,3,ok,5,,ue2_qfi4,0.39978826666666667,ok,0.9885807798980479,proxy,5,0.9681014345475621,22434310.4,ok,0.004593181818181818,ok,0.3843102272727273,0.0340796875,ok,ue1_qfi82,0.0,99,10.0,data,ok,0.0,ue3_qfi1,77.25,ok,,30.4,ue3_qfi2,8,75.5,562.0,30.303,ok,33.0,,pending,,pending,ugv_heavy,2,2,4,TwoTier,35492826,True
ue2_qfi9,2.0,40.25,49.0,53.25,ok,0.0017163438187429683,ok,ue3_qfi9,0,2,4,1000.2500000000001,data,ok,2.0,False,,proxy,3,0,,ue1_qfi2,1.0,152,150.0,ok,,ue2_qfi2,42.885,ok,,3,ok,5,,ue1_qfi4,0.4,ok,0.9895475348323053,proxy,5,0.9713367761043635,22514513.6,ok,0.004663636363636364,ok,0.3381375,0.028753125,ok,ue1_qfi82,0.0,99,10.0,data,ok,0.0,ue2_qfi9,51.25,ok,,30.4,ue2_qfi2,4,75.25,282.5,30.303,ok,33.0,,pending,,pending,ugv_heavy,2,2,4,PF,376383645,True
ue2_qfi9,2.25,42.5,50.0,54.0,ok,0.0019033948367967344,ok,ue3_qfi9,0,2,4,1002.5,data,ok,2.0,False,,proxy,3,0,,ue1_qfi2,1.0,152,150.0,ok,,ue2_qfi2,42.26,ok,,3,ok,5,,ue1_qfi4,0.4,ok,0.9867398507380376,proxy,5,0.9597355178530689,22508780.8,ok,0.0051386363636363635,ok,0.39793181818181816,0.03635,ok,ue1_qfi82,0.0,99,10.0,data,ok,0.0,ue2_qfi9,51.75,ok,,30.4,ue2_qfi2,3,73.5,212.5,30.303,ok,33.0,,pending,,pending,ugv_heavy,2,2,4,Reservation,376383645,True
ue3_qfi1,1.75,63.0,80.25,80.25,ok,0.0017224606369713072,ok,ue3_qfi9,0,1,4,1062.2500000000002,data,ok,2.0,False,,proxy,3,0,,ue1_qfi2,1.0,152,150.0,ok,,ue2_qfi2,39.414,ok,,3,ok,5,,ue1_qfi4,0.4,ok,0.989358673484374,proxy,5,0.9714532143256684,22513398.4,ok,0.004575,ok,0.3689818181818182,0.028734375,ok,ue1_qfi82,0.0,99,10.0,data,ok,0.0,ue3_qfi1,78.5,ok,,30.4,ue3_qfi2,3,72.75,214.0,30.303,ok,33.0,,pending,,pending,ugv_heavy,2,2,4,TwoTier,376383645,True
ue1_qfi9,2.25,41.5,51.25,55.75,ok,0.0016891050790767313,ok,ue3_qfi9,0,1,4,1000.2499999999999,data,ok,2.0,False,,proxy,3,0,,ue1_qfi2,1.0,152,150.0,ok,,ue1_qfi2,41.787,ok,,3,ok,5,,ue1_qfi4,0.4,ok,0.9900440380061722,proxy,5,0.9671188125007681,22327036.8,ok,0.004547727272727273,ok,0.3402375,0.032903125,ok,ue1_qfi82,0.0,99,10.0,data,ok,0.0,ue1_qfi9,53.5,ok,,30.4,ue1_qfi2,5,70.5,341.0,30.303,ok,33.0,,pending,,pending,ugv_heavy,2,2,4,PF,1746484539,True
ue1_qfi9,2.25,41.75,51.0,54.75,ok,0.001982217718063807,ok,ue3_qfi9,0,1,4,1000.4999999999998,data,ok,2.0,False,,proxy,3,0,,ue1_qfi2,0.993421052631579,152,150.0,ok,,ue1_qfi2,40.881,ok,,3,ok,5,,ue1_qfi4,0.4,ok,0.9876954945384506,proxy,5,0.9593934879213039,22316020.8,ok,0.005322727272727272,ok,0.40182954545454547,0.040940625,ok,ue1_qfi82,0.0,99,10.0,data,ok,0.0,ue1_qfi9,52.5,ok,,30.2,ue1_qfi2,2,67.5,134.75,30.303,ok,33.0,,pending,,pending,ugv_heavy,2,2,4,Reservation,1746484539,True
ue3_qfi9,10.75,68.5,68.5,68.5,ok,0.0017659982558218563,ok,ue3_qfi9,0,1,4,1067.5000000000002,data,ok,2.0,False,,proxy,3,0,,ue1_qfi2,1.0,152,150.0,ok,,ue1_qfi2,39.542,ok,,3,ok,5,,ue1_qfi4,0.4,ok,0.9875519305687448,proxy,5,0.9646074204012127,22326113.6,ok,0.004668181818181818,ok,0.3732420454545455,0.0325953125,ok,ue1_qfi82,0.0,99,10.0,data,ok,0.0,ue3_qfi1,62.75,ok,,30.4,ue3_qfi2,4,72.75,277.5,30.303,ok,33.0,,pending,,pending,ugv_heavy,2,2,4,TwoTier,1746484539,True
ue1_qfi9,2.0,26.75,34.0,37.25,ok,0.0009422938147260517,ok,ue2_qfi9,0,1,4,1000.2499999999999,data,ok,2.0,False,,proxy,3,0,,ue1_qfi2,1.0,152,150.0,ok,,ue1_qfi2,28.613,ok,,3,ok,4,,ue1_qfi4,0.4,ok,0.9939008227277245,proxy,5,0.9779418272364947,19400310.400000002,ok,0.0039931818181818185,ok,0.2806886363636364,0.022646875,ok,ue1_qfi82,0.0,99,10.0,data,ok,0.0,ue1_qfi9,35.25,ok,,30.4,ue1_qfi2,0,0.0,0.0,30.303,ok,33.0,,pending,,pending,mixed,2,1,4,PF,1826701614,True
ue1_qfi9,2.0,26.5,33.75,38.0,ok,0.0010319921692526486,ok,ue2_qfi9,0,1,4,1000.5000000000001,data,ok,2.0,False,,proxy,3,0,,ue3_qfi2,0.993421052631579,152,150.0,ok,,ue1_qfi2,31.113,ok,,3,ok,4,,ue1_qfi4,0.4,ok,0.9936512243191183,proxy,5,0.9779390118382083,19397483.2,ok,0.004613636363636364,ok,0.3417272727272727,0.0279375,ok,ue1_qfi82,0.0,99,10.0,data,ok,0.0,ue1_qfi9,36.0,ok,,30.2,ue3_qfi2,1,70.0,70.0,30.303,ok,33.0,,pending,,pending,mixed,2,1,4,Reservation,1826701614,True
ue1_qfi9,1.75,25.25,32.0,35.25,ok,0.0009051326997871353,ok,ue2_qfi9,0,1,4,1001.2500000000002,data,ok,2.0,False,,proxy,3,0,,ue1_qfi2,1.0,152,150.0,ok,,ue1_qfi2,26.113,ok,,3,ok,4,,ue1_qfi4,0.4,ok,0.9950421082512835,proxy,5,0.9826495374542097,19401244.8,ok,0.00405,ok,0.2997693181818182,0.022815625,ok,ue1_qfi82,0.0,99,10.0,data,ok,0.0,ue1_qfi9,33.5,ok,,30.4,ue1_qfi2,0,0.0,0.0,30.303,ok,33.0,,pending,,pending,mixed,2,1,4,TwoTier,1826701614,True
ue1_qfi9,1.75,25.0,33.0,38.0,ok,0.0009326703601523251,ok,ue2_qfi9,0,2,4,1001.5,data,ok,2.0,False,,proxy,3,0,,ue2_qfi2,0.993421052631579,152,150.0,ok,,ue1_qfi2,23.696,ok,,3,ok,4,,ue1_qfi4,0.4,ok,0.9952238028269399,proxy,5,0.9852183353374838,19195728.0,ok,0.004040909090909091,ok,0.2784443181818182,0.0227015625,ok,ue1_qfi82,0.0,99,10.0,data,ok,0.0,ue1_qfi9,36.25,ok,,30.2,ue2_qfi2,1,70.0,70.0,30.303,ok,33.0,,pending,,pending,mixed,2,1,4,PF,1367864806,True
ue1_qfi9,2.0,23.5,30.0,33.75,ok,0.0009083534037687506,ok,ue3_qfi82,0,1,4,1001.5,data,ok,2.0,False,,proxy,3,0,,ue1_qfi2,1.0,152,150.0,ok,,ue1_qfi2,22.593,ok,,3,ok,4,,ue1_qfi4,0.4,ok,0.9952847099247093,proxy,5,0.9858152637699893,19196214.4,ok,0.004590909090909091,ok,0.3341613636363636,0.0282703125,ok,ue1_qfi82,0.0,99,10.0,data,ok,0.0,ue1_qfi9,31.75,ok,,30.4,ue1_qfi2,0,0.0,0.0,30.303,ok,33.0,,pending,,pending,mixed,2,1,4,Reservation,1367864806,True
ue1_qfi9,1.75,21.5,28.0,31.0,ok,0.0007796423337710199,ok,ue2_qfi9,0,2,4,1002.2499999999997,data,ok,2.0,False,,proxy,3,0,,ue1_qfi2,1.0,152,150.0,ok,,ue1_qfi2,21.771,ok,,3,ok,4,,ue1_qfi4,0.4,ok,0.9969661780811983,proxy,5,0.990867215735385,19200499.2,ok,0.0040318181818181816,ok,0.29647954545454547,0.022765625,ok,ue1_qfi82,0.0,99,10.0,data,ok,0.0,ue2_qfi1,29.75,ok,,30.4,ue1_qfi2,0,0.0,0.0,30.303,ok,33.0,,pending,,pending,mixed,2,1,4,TwoTier,1367864806,True
ue1_qfi9,2.0,30.5,36.75,41.25,ok,0.000995652813872497,ok,ue2_qfi9,0,1,4,1000.0000000000002,data,ok,2.0,False,,proxy,3,0,,ue3_qfi2,0.9868421052631579,152,150.0,ok,,ue1_qfi2,33.015,ok,,3,ok,4,,ue1_qfi4,0.4,ok,0.9943925917818126,proxy,5,0.9810317468481877,19265270.4,ok,0.004029545454545455,ok,0.29447045454545456,0.02445,ok,ue1_qfi82,0.0,99,10.0,data,ok,0.0,ue1_qfi9,39.25,ok,,30.0,ue3_qfi2,1,68.5,68.5,30.303,ok,33.0,,pending,,pending,mixed,2,1,4,PF,1097657231,True
ue1_qfi9,2.0,28.75,36.75,40.25,ok,0.001005550442610644,ok,ue2_qfi9,0,0,4,1000.0,data,ok,2.0,False,,proxy,3,0,,ue1_qfi2,0.9868421052631579,152,150.0,ok,,ue1_qfi2,31.044,ok,,3,ok,4,,ue1_qfi4,0.4,ok,0.9948222054303706,proxy,5,0.9838973266696329,19262465.6,ok,0.004531818181818182,ok,0.3512284090909091,0.0308140625,ok,ue1_qfi82,0.0,99,10.0,data,ok,0.0,ue1_qfi9,38.25,ok,,30.0,ue1_qfi2,1,81.75,81.75,30.303,ok,33.0,,pending,,pending,mixed,2,1,4,Reservation,1097657231,True
ue1_qfi9,1.75,27.5,34.25,37.5,ok,0.0009152557303643679,ok,ue2_qfi9,0,2,4,1003.2499999999998,data,ok,2.0,False,,proxy,3,0,,ue1_qfi2,1.0,152,150.0,ok,,ue1_qfi2,31.044,ok,,3,ok,4,,ue1_qfi4,0.4,ok,0.9959591760619653,proxy,5,0.9877280256093712,19272395.2,ok,0.0039545454545454545,ok,0.3140181818181818,0.02439375,ok,ue1_qfi82,0.0,99,10.0,data,ok,0.0,ue1_qfi9,35.75,ok,,30.4,ue1_qfi2,0,0.0,0.0,30.303,ok,33.0,,pending,,pending,mixed,2,1,4,TwoTier,1097657231,True
ue1_qfi9,1.75,26.25,32.25,35.75,ok,0.000956579414148658,ok,ue2_qfi9,0,2,4,1000.4999999999998,data,ok,2.0,False,,proxy,3,0,,ue1_qfi2,1.0,152,150.0,ok,,ue1_qfi2,29.472,ok,,3,ok,4,,ue1_qfi4,0.4,ok,0.9948924551142152,proxy,5,0.9835952462369704,19254244.8,ok,0.00395,ok,0.2828045454545455,0.0232125,ok,ue1_qfi82,0.0,99,10.0,data,ok,0.0,ue1_qfi9,34.0,ok,,30.4,ue1_qfi2,0,0.0,0.0,30.303,ok,33.0,,pending,,pending,mixed,2,1,4,PF,579362555,True
ue1_qfi9,2.0,27.5,34.75,39.75,ok,0.0009512814523450425,ok,ue2_qfi9,0,2,4,1000.2499999999999,data,ok,2.0,False,,proxy,3,0,,ue1_qfi2,1.0,152,150.0,ok,,ue1_qfi2,33.278,ok,,3,ok,4,,ue1_qfi4,0.4,ok,0.9957772471760267,proxy,5,0.9878365543294615,19250932.8,ok,0.004511363636363636,ok,0.3394647727272727,0.0288203125,ok,ue1_qfi82,0.0,99,10.0,data,ok,0.0,ue1_qfi9,37.75,ok,,30.4,ue1_qfi2,0,0.0,0.0,30.303,ok,33.0,,pending,,pending,mixed,2,1,4,Reservation,579362555,True
ue1_qfi9,1.75,23.5,30.25,33.75,ok,0.0008589008194968245,ok,ue2_qfi9,0,2,4,1010.0,data,ok,2.0,False,,proxy,3,0,,ue1_qfi2,1.0,152,150.0,ok,,ue1_qfi2,26.067,ok,,3,ok,4,,ue1_qfi4,0.4,ok,0.9965532135967863,proxy,5,0.9908061096629602,19255073.6,ok,0.003940909090909091,ok,0.3012647727272727,0.023234375,ok,ue1_qfi82,0.0,99,10.0,data,ok,0.0,ue1_qfi9,32.0,ok,,30.4,ue1_qfi2,0,0.0,0.0,30.303,ok,33.0,,pending,,pending,mixed,2,1,4,TwoTier,579362555,True
ue1_qfi9,1.75,24.75,31.25,34.25,ok,0.000925157042475019,ok,ue2_qfi9,0,2,4,1000.2499999999999,data,ok,2.0,False,,proxy,3,0,,ue1_qfi2,1.0,152,150.0,ok,,ue1_qfi2,27.5,ok,,3,ok,4,,ue1_qfi4,0.4,ok,0.994763706333211,proxy,5,0.9824465162066325,19348379.2,ok,0.003970454545454545,ok,0.27019431818181816,0.02076875,ok,ue1_qfi82,0.0,98,10.0,data,ok,0.0,ue1_qfi9,32.5,ok,,30.4,ue1_qfi2,0,0.0,0.0,30.303,ok,33.0,,pending,,pending,mixed,2,1,4,PF,661058651,True
ue1_qfi9,2.0,23.5,31.0,33.75,ok,0.000925347507233615,ok,ue2_qfi9,0,2,4,1004.75,data,ok,2.0,False,,proxy,3,0,,ue1_qfi2,1.0,152,150.0,ok,,ue1_qfi2,26.058,ok,,3,ok,4,,ue1_qfi4,0.4,ok,0.995014682446295,proxy,5,0.9824818962938893,19348340.8,ok,0.004459090909090909,ok,0.3291818181818182,0.025365625,ok,ue1_qfi82,0.0,99,10.0,data,ok,0.0,ue1_qfi9,31.75,ok,,30.4,ue1_qfi2,0,0.0,0.0,30.303,ok,33.0,,pending,,pending,mixed,2,1,4,Reservation,661058651,True
ue1_qfi9,1.75,20.75,27.5,30.75,ok,0.0008262918122248551,ok,ue2_qfi9,0,1,4,1001.2500000000002,data,ok,2.0,False,,proxy,3,0,,ue2_qfi2,0.993421052631579,152,150.0,ok,,ue1_qfi2,24.876,ok,,3,ok,4,,ue1_qfi4,0.4,ok,0.9966961686197127,proxy,5,0.9905859821174556,19348121.6,ok,0.003843181818181818,ok,0.2886034090909091,0.0208453125,ok,ue1_qfi82,0.0,99,10.0,data,ok,0.0,ue1_qfi9,29.0,ok,,30.4,ue1_qfi2,0,0.0,0.0,30.303,ok,33.0,,pending,,pending,mixed,2,1,4,TwoTier,661058651,True
ue1_qfi9,2.0,29.75,37.0,42.0,ok,0.0009823616616238878,ok,ue2_qfi9,0,1,4,1000.0000000000002,data,ok,2.0,False,,proxy,3,0,,ue1_qfi2,1.0,152,150.0,ok,,ue1_qfi2,29.56,ok,,3,ok,4,,ue1_qfi4,0.4,ok,0.9936527901731663,proxy,5,0.9789999257287538,19323772.8,ok,0.0039159090909090906,ok,0.2965409090909091,0.0256890625,ok,ue1_qfi82,0.0,99,10.0,data,ok,0.0,ue1_qfi9,40.0,ok,,30.4,ue1_qfi2,1,68.0,68.0,30.303,ok,33.0,,pending,,pending,mixed,2,1,4,PF,87989972,True
ue1_qfi9,2.0,27.5,34.25,38.5,ok,0.0010021620987473428,ok,ue2_qfi9,0,1,4,1005.0000000000003,data,ok,2.0,False,,proxy,3,0,,ue1_qfi2,0.993421052631579,152,150.0,ok,,ue1_qfi2,28.25,ok,,3,ok,4,,ue1_qfi4,0.4,ok,0.994081278843438,proxy,5,0.9816078662638629,19319984.0,ok,0.004438636363636363,ok,0.35326931818181817,0.032215625,ok,ue1_qfi82,0.0,99,10.0,data,ok,0.0,ue1_qfi9,36.5,ok,,30.2,ue1_qfi2,0,0.0,0.0,30.303,ok,33.0,,pending,,pending,mixed,2,1,4,Reservation,87989972,True
ue1_qfi9,2.0,25.5,32.5,36.25,ok,0.0009100636242026292,ok,ue2_qfi9,0,2,4,1018.5,data,ok,2.0,False,,proxy,3,0,,ue2_qfi2,0.993421052631579,152,150.0,ok,,ue1_qfi2,27.098,ok,,3,ok,4,,ue1_qfi4,0.4,ok,0.9950156992908962,proxy,5,0.9842527418199318,19322374.4,ok,0.003997727272727273,ok,0.3180022727272727,0.0259390625,ok,ue1_qfi82,0.0,99,10.0,data,ok,0.0,ue1_qfi9,34.25,ok,,30.4,ue1_qfi2,0,0.0,0.0,30.303,ok,33.0,,pending,,pending,mixed,2,1,4,TwoTier,87989972,True
ue1_qfi9,2.0,29.0,35.0,38.0,ok,0.0009605451892812685,ok,ue1_qfi85,1,1,1,3302.5,data,ok,2.0,False,,proxy,3,0,,ue1_qfi2,1.0,152,150.0,ok,,ue1_qfi2,30.551,ok,,2,ok,4,,ue1_qfi4,0.4,ok,0.9950824436273494,proxy,5,0.9852267714102382,19259145.6,ok,0.004097727272727273,ok,0.28699545454545455,0.023565625,ok,ue1_qfi82,0.0,99,10.0,data,ok,0.0,ue1_qfi9,36.0,ok,,30.4,ue1_qfi2,0,0.0,0.0,30.303,ok,33.0,,pending,,pending,mixed,2,1,4,PF,161576974,True
ue1_qfi9,2.0,28.5,35.0,38.0,ok,0.0009627862369707425,ok,ue1_qfi85,1,1,1,3302.5,data,ok,2.0,False,,proxy,3,0,,ue1_qfi2,1.0,152,150.0,ok,,ue1_qfi2,29.808,ok,,2,ok,4,,ue1_qfi4,0.4,ok,0.994979124809611,proxy,5,0.983889665481175,19258985.6,ok,0.004718181818181818,ok,0.34180795454545454,0.0285265625,ok,ue1_qfi82,0.0,99,10.0,data,ok,0.0,ue1_qfi9,36.0,ok,,30.4,ue1_qfi2,0,0.0,0.0,30.303,ok,33.0,,pending,,pending,mixed,2,1,4,Reservation,161576974,True
ue1_qfi9,1.75,25.5,31.75,34.75,ok,0.0008737554173873592,ok,ue1_qfi85,1,1,1,3302.5,data,ok,2.0,False,,proxy,3,0,,ue1_qfi2,1.0,152,150.0,ok,,ue1_qfi2,28.284,ok,,2,ok,4,,ue1_qfi4,0.3996673333333333,ok,0.99567772847592,proxy,5,0.9846484182700415,19257054.4,ok,0.004052272727272727,ok,0.30633863636363634,0.0234390625,ok,ue1_qfi82,0.0,99,10.0,data,ok,0.0,ue1_qfi9,33.0,ok,,30.4,ue1_qfi2,0,0.0,0.0,30.303,ok,33.0,,pending,,pending,mixed,2,1,4,TwoTier,161576974,True
ue1_qfi9,1.75,24.25,30.75,33.0,ok,0.0009666725415787877,ok,ue1_qfi85,0,1,1,1693.7500000000005,data,ok,2.0,False,,proxy,3,0,,ue2_qfi2,0.993421052631579,152,150.0,ok,,ue1_qfi2,25.868,ok,,3,ok,4,,ue1_qfi4,0.4,ok,0.9943864509060146,proxy,5,0.9807089607952678,19326908.8,ok,0.0040318181818181816,ok,0.2812965909090909,0.022384375,ok,ue1_qfi82,0.0,99,10.0,data,ok,0.0,ue1_qfi9,31.25,ok,,30.4,ue1_qfi2,0,0.0,0.0,30.303,ok,33.0,,pending,,pending,mixed,2,1,4,PF,35492826,True
ue1_qfi9,2.0,25.5,32.0,34.5,ok,0.0010241895306393443,ok,ue1_qfi85,0,1,1,1693.7500000000005,data,ok,2.0,False,,proxy,3,0,,ue1_qfi2,1.0,152,150.0,ok,,ue1_qfi2,26.022,ok,,3,ok,4,,ue1_qfi4,0.4,ok,0.9951002941492778,proxy,5,0.9838871243374805,19328499.2,ok,0.004497727272727273,ok,0.33942727272727274,0.0282984375,ok,ue1_qfi82,0.0,99,10.0,data,ok,0.0,ue1_qfi9,32.5,ok,,30.4,ue1_qfi2,0,0.0,0.0,30.303,ok,33.0,,pending,,pending,mixed,2,1,4,Reservation,35492826,True
ue1_qfi9,1.75,21.75,28.5,31.25,ok,0.0008018021236715474,ok,ue1_qfi85,0,1,1,1693.7500000000005,data,ok,2.0,False,,proxy,3,0,,ue1_qfi2,1.0,152,150.0,ok,,ue1_qfi2,24.022,ok,,3,ok,4,,ue1_qfi4,0.4,ok,0.9965542199295591,proxy,5,0.9899095990648676,19331516.8,ok,0.004106818181818182,ok,0.2995909090909091,0.022371875,ok,ue1_qfi82,0.0,99,10.0,data,ok,0.0,ue1_qfi9,29.5,ok,,30.4,ue1_qfi2,0,0.0,0.0,30.303,ok,33.0,,pending,,pending,mixed,2,1,4,TwoTier,35492826,True
ue1_qfi9,1.75,25.0,31.25,34.0,ok,0.0009017982472669232,ok,ue3_qfi82,0,1,4,1001.5,data,ok,2.0,False,,proxy,3,0,,ue1_qfi2,1.0,152,150.0,ok,,ue1_qfi2,26.698,ok,,3,ok,4,,ue1_qfi4,0.4,ok,0.995473159744692,proxy,5,0.9852164337995765,19216244.8,ok,0.004077272727272727,ok,0.2819,0.021746875,ok,ue1_qfi82,0.0,99,10.0,data,ok,0.0,ue1_qfi9,32.25,ok,,30.4,ue1_qfi2,0,0.0,0.0,30.303,ok,33.0,,pending,,pending,mixed,2,1,4,PF,376383645,True
ue1_qfi9,2.0,25.0,32.0,35.5,ok,0.000984905985036618,ok,ue2_qfi9,0,1,4,1000.0000000000002,data,ok,2.0,False,,proxy,3,0,,ue1_qfi2,0.993421052631579,152,150.0,ok,,ue1_qfi2,25.863,ok,,3,ok,4,,ue1_qfi4,0.4,ok,0.9947046769744461,proxy,5,0.9826804904566853,19211641.6,ok,0.004518181818181818,ok,0.3403443181818182,0.0269734375,ok,ue1_qfi82,0.0,99,10.0,data,ok,0.0,ue1_qfi9,33.5,ok,,30.2,ue1_qfi2,0,0.0,0.0,30.303,ok,33.0,,pending,,pending,mixed,2,1,4,Reservation,376383645,True
ue1_qfi9,1.75,22.25,29.5,32.25,ok,0.000855492485551345,ok,ue2_qfi9,0,2,4,1016.2499999999999,data,ok,2.0,False,,proxy,3,0,,ue1_qfi2,1.0,152,150.0,ok,,ue1_qfi2,26.29,ok,,3,ok,4,,ue1_qfi4,0.4,ok,0.9957511002636151,proxy,5,0.9868009841728241,19215913.6,ok,0.004061363636363636,ok,0.3000693181818182,0.021728125,ok,ue1_qfi82,0.0,99,10.0,data,ok,0.0,ue1_qfi9,30.5,ok,,30.4,ue1_qfi2,0,0.0,0.0,30.303,ok,33.0,,pending,,pending,mixed,2,1,4,TwoTier,376383645,True
ue1_qfi9,2.0,27.5,33.25,36.5,ok,0.0009307252859611891,ok,ue3_qfi82,0,1,4,1001.5,data,ok,2.0,False,,proxy,3,0,,ue2_qfi2,0.993421052631579,152,150.0,ok,,ue1_qfi2,26.496,ok,,3,ok,4,,ue1_qfi4,0.4,ok,0.9951683293965414,proxy,5,0.9854868155110903,19237041.6,ok,0.003947727272727273,ok,0.2854875,0.0217609375,ok,ue1_qfi82,0.0,99,10.0,data,ok,0.0,ue1_qfi9,34.5,ok,,30.2,ue2_qfi2,1,67.75,67.75,30.303,ok,33.0,,pending,,pending,mixed,2,1,4,PF,1746484539,True
ue1_qfi9,2.0,27.75,34.0,37.75,ok,0.0009637935979511743,ok,ue2_qfi9,0,2,4,1004.7500000000005,data,ok,2.0,False,,proxy,3,0,,ue1_qfi2,1.0,152,150.0,ok,,ue1_qfi2,27.318,ok,,3,ok,4,,ue1_qfi4,0.4,ok,0.9943683626935501,proxy,5,0.9826687467578192,19238744.0,ok,0.004445454545454546,ok,0.34208295454545457,0.02753125,ok,ue1_qfi82,0.0,99,10.0,data,ok,0.0,ue1_qfi9,35.75,ok,,30.4,ue1_qfi2,0,0.0,0.0,30.303,ok,33.0,,pending,,pending,mixed,2,1,4,Reservation,1746484539,True
ue1_qfi9,1.75,23.5,30.25,33.25,ok,0.0009070410139308766,ok,ue2_qfi9,0,1,4,1002.9999999999999,data,ok,2.0,False,,proxy,3,0,,ue1_qfi2,0.9868421052631579,152,150.0,ok,,ue1_qfi2,25.567,ok,,3,ok,4,,ue1_qfi4,0.4,ok,0.9953773411208677,proxy,5,0.9855158655394097,19231737.6,ok,0.004061363636363636,ok,0.30376363636363635,0.0218265625,ok,ue1_qfi82,0.0,99,10.0,data,ok,0.0,ue1_qfi9,31.5,ok,,30.0,ue1_qfi2,1,69.75,69.75,30.303,ok,33.0,,pending,,pending,mixed,2,1,4,TwoTier,1746484539,True
ue1_qfi9,2.0,26.75,34.0,37.25,ok,0.0009422938147260517,ok,ue2_qfi9,0,1,4,1000.2499999999999,data,ok,2.0,False,,proxy,3,0,,ue1_qfi2,1.0,152,150.0,ok,,ue1_qfi2,28.613,ok,,3,ok,4,,ue1_qfi4,0.4,ok,0.9939008227277245,proxy,5,0.9779418272364947,19400310.400000002,ok,0.0039931818181818185,ok,0.2806886363636364,0.022646875,ok,ue1_qfi82,0.0,99,10.0,data,ok,0.0,ue1_qfi9,35.25,ok,,30.4,ue1_qfi2,0,0.0,0.0,30.303,ok,33.0,,pending,,pending,mixed,1,1,4,PF,1826701614,True
ue1_qfi9,2.0,26.5,33.75,38.0,ok,0.0010319921692526486,ok,ue2_qfi9,0,1,4,1000.5000000000001,data,ok,2.0,False,,proxy,3,0,,ue3_qfi2,0.993421052631579,152,150.0,ok,,ue1_qfi2,31.113,ok,,3,ok,4,,ue1_qfi4,0.4,ok,0.9936512243191183,proxy,5,0.9779390118382083,19397483.2,ok,0.004613636363636364,ok,0.3417272727272727,0.0279375,ok,ue1_qfi82,0.0,99,10.0,data,ok,0.0,ue1_qfi9,36.0,ok,,30.2,ue3_qfi2,1,70.0,70.0,30.303,ok,33.0,,pending,,pending,mixed,1,1,4,Reservation,1826701614,True
ue1_qfi9,1.75,25.25,32.0,35.25,ok,0.0009051326997871353,ok,ue2_qfi9,0,1,4,1001.2500000000002,data,ok,2.0,False,,proxy,3,0,,ue1_qfi2,1.0,152,150.0,ok,,ue1_qfi2,26.113,ok,,3,ok,4,,ue1_qfi4,0.4,ok,0.9950421082512835,proxy,5,0.9826495374542097,19401244.8,ok,0.00405,ok,0.2997693181818182,0.022815625,ok,ue1_qfi82,0.0,99,10.0,data,ok,0.0,ue1_qfi9,33.5,ok,,30.4,ue1_qfi2,0,0.0,0.0,30.303,ok,33.0,,pending,,pending,mixed,1,1,4,TwoTier,1826701614,True
ue1_qfi9,1.75,25.0,33.0,38.0,ok,0.0009326703601523251,ok,ue2_qfi9,0,2,4,1001.5,data,ok,2.0,False,,proxy,3,0,,ue2_qfi2,0.993421052631579,152,150.0,ok,,ue1_qfi2,23.696,ok,,3,ok,4,,ue1_qfi4,0.4,ok,0.9952238028269399,proxy,5,0.9852183353374838,19195728.0,ok,0.004040909090909091,ok,0.2784443181818182,0.0227015625,ok,ue1_qfi82,0.0,99,10.0,data,ok,0.0,ue1_qfi9,36.25,ok,,30.2,ue2_qfi2,1,70.0,70.0,30.303,ok,33.0,,pending,,pending,mixed,1,1,4,PF,1367864806,True
ue1_qfi9,2.0,23.5,30.0,33.75,ok,0.0009083534037687506,ok,ue3_qfi82,0,1,4,1001.5,data,ok,2.0,False,,proxy,3,0,,ue1_qfi2,1.0,152,150.0,ok,,ue1_qfi2,22.593,ok,,3,ok,4,,ue1_qfi4,0.4,ok,0.9952847099247093,proxy,5,0.9858152637699893,19196214.4,ok,0.004590909090909091,ok,0.3341613636363636,0.0282703125,ok,ue1_qfi82,0.0,99,10.0,data,ok,0.0,ue1_qfi9,31.75,ok,,30.4,ue1_qfi2,0,0.0,0.0,30.303,ok,33.0,,pending,,pending,mixed,1,1,4,Reservation,1367864806,True
ue1_qfi9,1.75,21.5,28.0,31.0,ok,0.0007796423337710199,ok,ue2_qfi9,0,2,4,1002.2499999999997,data,ok,2.0,False,,proxy,3,0,,ue1_qfi2,1.0,152,150.0,ok,,ue1_qfi2,21.771,ok,,3,ok,4,,ue1_qfi4,0.4,ok,0.9969661780811983,proxy,5,0.990867215735385,19200499.2,ok,0.0040318181818181816,ok,0.29647954545454547,0.022765625,ok,ue1_qfi82,0.0,99,10.0,data,ok,0.0,ue2_qfi1,29.75,ok,,30.4,ue1_qfi2,0,0.0,0.0,30.303,ok,33.0,,pending,,pending,mixed,1,1,4,TwoTier,1367864806,True
ue1_qfi9,2.0,30.5,36.75,41.25,ok,0.000995652813872497,ok,ue2_qfi9,0,1,4,1000.0000000000002,data,ok,2.0,False,,proxy,3,0,,ue3_qfi2,0.9868421052631579,152,150.0,ok,,ue1_qfi2,33.015,ok,,3,ok,4,,ue1_qfi4,0.4,ok,0.9943925917818126,proxy,5,0.9810317468481877,19265270.4,ok,0.004029545454545455,ok,0.29447045454545456,0.02445,ok,ue1_qfi82,0.0,99,10.0,data,ok,0.0,ue1_qfi9,39.25,ok,,30.0,ue3_qfi2,1,68.5,68.5,30.303,ok,33.0,,pending,,pending,mixed,1,1,4,PF,1097657231,True
ue1_qfi9,2.0,28.75,36.75,40.25,ok,0.001005550442610644,ok,ue2_qfi9,0,0,4,1000.0,data,ok,2.0,False,,proxy,3,0,,ue1_qfi2,0.9868421052631579,152,150.0,ok,,ue1_qfi2,31.044,ok,,3,ok,4,,ue1_qfi4,0.4,ok,0.9948222054303706,proxy,5,0.9838973266696329,19262465.6,ok,0.004531818181818182,ok,0.3512284090909091,0.0308140625,ok,ue1_qfi82,0.0,99,10.0,data,ok,0.0,ue1_qfi9,38.25,ok,,30.0,ue1_qfi2,1,81.75,81.75,30.303,ok,33.0,,pending,,pending,mixed,1,1,4,Reservation,1097657231,True
ue1_qfi9,1.75,27.5,34.25,37.5,ok,0.0009152557303643679,ok,ue2_qfi9,0,2,4,1003.2499999999998,data,ok,2.0,False,,proxy,3,0,,ue1_qfi2,1.0,152,150.0,ok,,ue1_qfi2,31.044,ok,,3,ok,4,,ue1_qfi4,0.4,ok,0.9959591760619653,proxy,5,0.9877280256093712,19272395.2,ok,0.0039545454545454545,ok,0.3140181818181818,0.02439375,ok,ue1_qfi82,0.0,99,10.0,data,ok,0.0,ue1_qfi9,35.75,ok,,30.4,ue1_qfi2,0,0.0,0.0,30.303,ok,33.0,,pending,,pending,mixed,1,1,4,TwoTier,1097657231,True
ue1_qfi9,1.75,26.25,32.25,35.75,ok,0.000956579414148658,ok,ue2_qfi9,0,2,4,1000.4999999999998,data,ok,2.0,False,,proxy,3,0,,ue1_qfi2,1.0,152,150.0,ok,,ue1_qfi2,29.472,ok,,3,ok,4,,ue1_qfi4,0.4,ok,0.9948924551142152,proxy,5,0.9835952462369704,19254244.8,ok,0.00395,ok,0.2828045454545455,0.0232125,ok,ue1_qfi82,0.0,99,10.0,data,ok,0.0,ue1_qfi9,34.0,ok,,30.4,ue1_qfi2,0,0.0,0.0,30.303,ok,33.0,,pending,,pending,mixed,1,1,4,PF,579362555,True
ue1_qfi9,2.0,27.5,34.75,39.75,ok,0.0009512814523450425,ok,ue2_qfi9,0,2,4,1000.2499999999999,data,ok,2.0,False,,proxy,3,0,,ue1_qfi2,1.0,152,150.0,ok,,ue1_qfi2,33.278,ok,,3,ok,4,,ue1_qfi4,0.4,ok,0.9957772471760267,proxy,5,0.9878365543294615,19250932.8,ok,0.004511363636363636,ok,0.3394647727272727,0.0288203125,ok,ue1_qfi82,0.0,99,10.0,data,ok,0.0,ue1_qfi9,37.75,ok,,30.4,ue1_qfi2,0,0.0,0.0,30.303,ok,33.0,,pending,,pending,mixed,1,1,4,Reservation,579362555,True
ue1_qfi9,1.75,23.5,30.25,33.75,ok,0.0008589008194968245,ok,ue2_qfi9,0,2,4,1010.0,data,ok,2.0,False,,proxy,3,0,,ue1_qfi2,1.0,152,150.0,ok,,ue1_qfi2,26.067,ok,,3,ok,4,,ue1_qfi4,0.4,ok,0.9965532135967863,proxy,5,0.9908061096629602,19255073.6,ok,0.003940909090909091,ok,0.3012647727272727,0.023234375,ok,ue1_qfi82,0.0,99,10.0,data,ok,0.0,ue1_qfi9,32.0,ok,,30.4,ue1_qfi2,0,0.0,0.0,30.303,ok,33.0,,pending,,pending,mixed,1,1,4,TwoTier,579362555,True
ue1_qfi9,1.75,24.75,31.25,34.25,ok,0.000925157042475019,ok,ue2_qfi9,0,2,4,1000.2499999999999,data,ok,2.0,False,,proxy,3,0,,ue1_qfi2,1.0,152,150.0,ok,,ue1_qfi2,27.5,ok,,3,ok,4,,ue1_qfi4,0.4,ok,0.994763706333211,proxy,5,0.9824465162066325,19348379.2,ok,0.003970454545454545,ok,0.27019431818181816,0.02076875,ok,ue1_qfi82,0.0,98,10.0,data,ok,0.0,ue1_qfi9,32.5,ok,,30.4,ue1_qfi2,0,0.0,0.0,30.303,ok,33.0,,pending,,pending,mixed,1,1,4,PF,661058651,True
ue1_qfi9,2.0,23.5,31.0,33.75,ok,0.000925347507233615,ok,ue2_qfi9,0,2,4,1004.75,data,ok,2.0,False,,proxy,3,0,,ue1_qfi2,1.0,152,150.0,ok,,ue1_qfi2,26.058,ok,,3,ok,4,,ue1_qfi4,0.4,ok,0.995014682446295,proxy,5,0.9824818962938893,19348340.8,ok,0.004459090909090909,ok,0.3291818181818182,0.025365625,ok,ue1_qfi82,0.0,99,10.0,data,ok,0.0,ue1_qfi9,31.75,ok,,30.4,ue1_qfi2,0,0.0,0.0,30.303,ok,33.0,,pending,,pending,mixed,1,1,4,Reservation,661058651,True
ue1_qfi9,1.75,20.75,27.5,30.75,ok,0.0008262918122248551,ok,ue2_qfi9,0,1,4,1001.2500000000002,data,ok,2.0,False,,proxy,3,0,,ue2_qfi2,0.993421052631579,152,150.0,ok,,ue1_qfi2,24.876,ok,,3,ok,4,,ue1_qfi4,0.4,ok,0.9966961686197127,proxy,5,0.9905859821174556,19348121.6,ok,0.003843181818181818,ok,0.2886034090909091,0.0208453125,ok,ue1_qfi82,0.0,99,10.0,data,ok,0.0,ue1_qfi9,29.0,ok,,30.4,ue1_qfi2,0,0.0,0.0,30.303,ok,33.0,,pending,,pending,mixed,1,1,4,TwoTier,661058651,True
ue1_qfi9,2.0,29.75,37.0,42.0,ok,0.0009823616616238878,ok,ue2_qfi9,0,1,4,1000.0000000000002,data,ok,2.0,False,,proxy,3,0,,ue1_qfi2,1.0,152,150.0,ok,,ue1_qfi2,29.56,ok,,3,ok,4,,ue1_qfi4,0.4,ok,0.9936527901731663,proxy,5,0.9789999257287538,19323772.8,ok,0.0039159090909090906,ok,0.2965409090909091,0.0256890625,ok,ue1_qfi82,0.0,99,10.0,data,ok,0.0,ue1_qfi9,40.0,ok,,30.4,ue1_qfi2,1,68.0,68.0,30.303,ok,33.0,,pending,,pending,mixed,1,1,4,PF,87989972,True
ue1_qfi9,2.0,27.5,34.25,38.5,ok,0.0010021620987473428,ok,ue2_qfi9,0,1,4,1005.0000000000003,data,ok,2.0,False,,proxy,3,0,,ue1_qfi2,0.993421052631579,152,150.0,ok,,ue1_qfi2,28.25,ok,,3,ok,4,,ue1_qfi4,0.4,ok,0.994081278843438,proxy,5,0.9816078662638629,19319984.0,ok,0.004438636363636363,ok,0.35326931818181817,0.032215625,ok,ue1_qfi82,0.0,99,10.0,data,ok,0.0,ue1_qfi9,36.5,ok,,30.2,ue1_qfi2,0,0.0,0.0,30.303,ok,33.0,,pending,,pending,mixed,1,1,4,Reservation,87989972,True
ue1_qfi9,2.0,25.5,32.5,36.25,ok,0.0009100636242026292,ok,ue2_qfi9,0,2,4,1018.5,data,ok,2.0,False,,proxy,3,0,,ue2_qfi2,0.993421052631579,152,150.0,ok,,ue1_qfi2,27.098,ok,,3,ok,4,,ue1_qfi4,0.4,ok,0.9950156992908962,proxy,5,0.9842527418199318,19322374.4,ok,0.003997727272727273,ok,0.3180022727272727,0.0259390625,ok,ue1_qfi82,0.0,99,10.0,data,ok,0.0,ue1_qfi9,34.25,ok,,30.4,ue1_qfi2,0,0.0,0.0,30.303,ok,33.0,,pending,,pending,mixed,1,1,4,TwoTier,87989972,True
ue1_qfi9,2.0,29.0,35.0,38.0,ok,0.0009605451892812685,ok,ue1_qfi85,1,1,1,3302.5,data,ok,2.0,False,,proxy,3,0,,ue1_qfi2,1.0,152,150.0,ok,,ue1_qfi2,30.551,ok,,2,ok,4,,ue1_qfi4,0.4,ok,0.9950824436273494,proxy,5,0.9852267714102382,19259145.6,ok,0.004097727272727273,ok,0.28699545454545455,0.023565625,ok,ue1_qfi82,0.0,99,10.0,data,ok,0.0,ue1_qfi9,36.0,ok,,30.4,ue1_qfi2,0,0.0,0.0,30.303,ok,33.0,,pending,,pending,mixed,1,1,4,PF,161576974,True
ue1_qfi9,2.0,28.5,35.0,38.0,ok,0.0009627862369707425,ok,ue1_qfi85,1,1,1,3302.5,data,ok,2.0,False,,proxy,3,0,,ue1_qfi2,1.0,152,150.0,ok,,ue1_qfi2,29.808,ok,,2,ok,4,,ue1_qfi4,0.4,ok,0.994979124809611,proxy,5,0.983889665481175,19258985.6,ok,0.004718181818181818,ok,0.34180795454545454,0.0285265625,ok,ue1_qfi82,0.0,99,10.0,data,ok,0.0,ue1_qfi9,36.0,ok,,30.4,ue1_qfi2,0,0.0,0.0,30.303,ok,33.0,,pending,,pending,mixed,1,1,4,Reservation,161576974,True
ue1_qfi9,1.75,25.5,31.75,34.75,ok,0.0008737554173873592,ok,ue1_qfi85,1,1,1,3302.5,data,ok,2.0,False,,proxy,3,0,,ue1_qfi2,1.0,152,150.0,ok,,ue1_qfi2,28.284,ok,,2,ok,4,,ue1_qfi4,0.3996673333333333,ok,0.99567772847592,proxy,5,0.9846484182700415,19257054.4,ok,0.004052272727272727,ok,0.30633863636363634,0.0234390625,ok,ue1_qfi82,0.0,99,10.0,data,ok,0.0,ue1_qfi9,33.0,ok,,30.4,ue1_qfi2,0,0.0,0.0,30.303,ok,33.0,,pending,,pending,mixed,1,1,4,TwoTier,161576974,True
ue1_qfi9,1.75,24.25,30.75,33.0,ok,0.0009666725415787877,ok,ue1_qfi85,0,1,1,1693.7500000000005,data,ok,2.0,False,,proxy,3,0,,ue2_qfi2,0.993421052631579,152,150.0,ok,,ue1_qfi2,25.868,ok,,3,ok,4,,ue1_qfi4,0.4,ok,0.9943864509060146,proxy,5,0.9807089607952678,19326908.8,ok,0.0040318181818181816,ok,0.2812965909090909,0.022384375,ok,ue1_qfi82,0.0,99,10.0,data,ok,0.0,ue1_qfi9,31.25,ok,,30.4,ue1_qfi2,0,0.0,0.0,30.303,ok,33.0,,pending,,pending,mixed,1,1,4,PF,35492826,True
ue1_qfi9,2.0,25.5,32.0,34.5,ok,0.0010241895306393443,ok,ue1_qfi85,0,1,1,1693.7500000000005,data,ok,2.0,False,,proxy,3,0,,ue1_qfi2,1.0,152,150.0,ok,,ue1_qfi2,26.022,ok,,3,ok,4,,ue1_qfi4,0.4,ok,0.9951002941492778,proxy,5,0.9838871243374805,19328499.2,ok,0.004497727272727273,ok,0.33942727272727274,0.0282984375,ok,ue1_qfi82,0.0,99,10.0,data,ok,0.0,ue1_qfi9,32.5,ok,,30.4,ue1_qfi2,0,0.0,0.0,30.303,ok,33.0,,pending,,pending,mixed,1,1,4,Reservation,35492826,True
ue1_qfi9,1.75,21.75,28.5,31.25,ok,0.0008018021236715474,ok,ue1_qfi85,0,1,1,1693.7500000000005,data,ok,2.0,False,,proxy,3,0,,ue1_qfi2,1.0,152,150.0,ok,,ue1_qfi2,24.022,ok,,3,ok,4,,ue1_qfi4,0.4,ok,0.9965542199295591,proxy,5,0.9899095990648676,19331516.8,ok,0.004106818181818182,ok,0.2995909090909091,0.022371875,ok,ue1_qfi82,0.0,99,10.0,data,ok,0.0,ue1_qfi9,29.5,ok,,30.4,ue1_qfi2,0,0.0,0.0,30.303,ok,33.0,,pending,,pending,mixed,1,1,4,TwoTier,35492826,True
ue1_qfi9,1.75,25.0,31.25,34.0,ok,0.0009017982472669232,ok,ue3_qfi82,0,1,4,1001.5,data,ok,2.0,False,,proxy,3,0,,ue1_qfi2,1.0,152,150.0,ok,,ue1_qfi2,26.698,ok,,3,ok,4,,ue1_qfi4,0.4,ok,0.995473159744692,proxy,5,0.9852164337995765,19216244.8,ok,0.004077272727272727,ok,0.2819,0.021746875,ok,ue1_qfi82,0.0,99,10.0,data,ok,0.0,ue1_qfi9,32.25,ok,,30.4,ue1_qfi2,0,0.0,0.0,30.303,ok,33.0,,pending,,pending,mixed,1,1,4,PF,376383645,True
ue1_qfi9,2.0,25.0,32.0,35.5,ok,0.000984905985036618,ok,ue2_qfi9,0,1,4,1000.0000000000002,data,ok,2.0,False,,proxy,3,0,,ue1_qfi2,0.993421052631579,152,150.0,ok,,ue1_qfi2,25.863,ok,,3,ok,4,,ue1_qfi4,0.4,ok,0.9947046769744461,proxy,5,0.9826804904566853,19211641.6,ok,0.004518181818181818,ok,0.3403443181818182,0.0269734375,ok,ue1_qfi82,0.0,99,10.0,data,ok,0.0,ue1_qfi9,33.5,ok,,30.2,ue1_qfi2,0,0.0,0.0,30.303,ok,33.0,,pending,,pending,mixed,1,1,4,Reservation,376383645,True
ue1_qfi9,1.75,22.25,29.5,32.25,ok,0.000855492485551345,ok,ue2_qfi9,0,2,4,1016.2499999999999,data,ok,2.0,False,,proxy,3,0,,ue1_qfi2,1.0,152,150.0,ok,,ue1_qfi2,26.29,ok,,3,ok,4,,ue1_qfi4,0.4,ok,0.9957511002636151,proxy,5,0.9868009841728241,19215913.6,ok,0.004061363636363636,ok,0.3000693181818182,0.021728125,ok,ue1_qfi82,0.0,99,10.0,data,ok,0.0,ue1_qfi9,30.5,ok,,30.4,ue1_qfi2,0,0.0,0.0,30.303,ok,33.0,,pending,,pending,mixed,1,1,4,TwoTier,376383645,True
ue1_qfi9,2.0,27.5,33.25,36.5,ok,0.0009307252859611891,ok,ue3_qfi82,0,1,4,1001.5,data,ok,2.0,False,,proxy,3,0,,ue2_qfi2,0.993421052631579,152,150.0,ok,,ue1_qfi2,26.496,ok,,3,ok,4,,ue1_qfi4,0.4,ok,0.9951683293965414,proxy,5,0.9854868155110903,19237041.6,ok,0.003947727272727273,ok,0.2854875,0.0217609375,ok,ue1_qfi82,0.0,99,10.0,data,ok,0.0,ue1_qfi9,34.5,ok,,30.2,ue2_qfi2,1,67.75,67.75,30.303,ok,33.0,,pending,,pending,mixed,1,1,4,PF,1746484539,True
ue1_qfi9,2.0,27.75,34.0,37.75,ok,0.0009637935979511743,ok,ue2_qfi9,0,2,4,1004.7500000000005,data,ok,2.0,False,,proxy,3,0,,ue1_qfi2,1.0,152,150.0,ok,,ue1_qfi2,27.318,ok,,3,ok,4,,ue1_qfi4,0.4,ok,0.9943683626935501,proxy,5,0.9826687467578192,19238744.0,ok,0.004445454545454546,ok,0.34208295454545457,0.02753125,ok,ue1_qfi82,0.0,99,10.0,data,ok,0.0,ue1_qfi9,35.75,ok,,30.4,ue1_qfi2,0,0.0,0.0,30.303,ok,33.0,,pending,,pending,mixed,1,1,4,Reservation,1746484539,True
ue1_qfi9,1.75,23.5,30.25,33.25,ok,0.0009070410139308766,ok,ue2_qfi9,0,1,4,1002.9999999999999,data,ok,2.0,False,,proxy,3,0,,ue1_qfi2,0.9868421052631579,152,150.0,ok,,ue1_qfi2,25.567,ok,,3,ok,4,,ue1_qfi4,0.4,ok,0.9953773411208677,proxy,5,0.9855158655394097,19231737.6,ok,0.004061363636363636,ok,0.30376363636363635,0.0218265625,ok,ue1_qfi82,0.0,99,10.0,data,ok,0.0,ue1_qfi9,31.5,ok,,30.0,ue1_qfi2,1,69.75,69.75,30.303,ok,33.0,,pending,,pending,mixed,1,1,4,TwoTier,1746484539,True
ue1_qfi2,3.296,9.079,10.781,12.386,ok,0.0,ok,ue1_qfi82,0,0,4,1000.0,data,ok,2.0,False,,proxy,3,0,,ue1_qfi2,1.0,152,150.0,ok,,ue1_qfi2,14.051,ok,,1,ok,1,,ue1_qfi2,1.0276416,ok,0.9999989253387824,proxy,5,0.9999972782812627,6272585.6,ok,0.015511363636363636,ok,0.08941136363636364,0.021075,ok,ue1_qfi82,0.0,4,10.0,data,ok,0.0,ue1_qfi2,9.09,ok,,30.4,ue1_qfi2,0,0.0,0.0,30.303,ok,33.0,,pending,,pending,sensor_dense,0,0,8,PF,1826701614,False
ue1_qfi2,3.262,9.079,10.658,11.891,ok,0.0,ok,ue1_qfi82,0,2,4,1001.5,data,ok,2.0,False,,proxy,3,0,,ue1_qfi2,1.0,152,150.0,ok,,ue1_qfi2,14.051,ok,,1,ok,1,,ue1_qfi2,1.0276416,ok,0.999998901703855,proxy,5,0.9999972782812627,6272585.6,ok,0.0184,ok,0.11325227272727273,0.0210515625,ok,ue1_qfi82,0.0,4,10.0,data,ok,0.0,ue1_qfi2,8.629,ok,,30.4,ue1_qfi2,0,0.0,0.0,30.303,ok,33.0,,pending,,pending,sensor_dense,0,0,8,Reservation,1826701614,False
ue1_qfi2,3.287,9.25,10.582,12.07,ok,0.0,ok,ue1_qfi82,0,2,4,1001.5,data,ok,2.0,False,,proxy,3,0,,ue1_qfi2,1.0,152,150.0,ok,,ue1_qfi2,13.741,ok,,1,ok,1,,ue1_qfi2,1.0276416,ok,0.999998901703855,proxy,5,0.9999972782812627,6272585.6,ok,0.01548409090909091,ok,0.090675,0.021096875,ok,ue1_qfi82,0.0,4,10.0,data,ok,0.0,ue1_qfi2,8.783000000000001,ok,,30.4,ue1_qfi2,0,0.0,0.0,30.303,ok,33.0,,pending,,pending,sensor_dense,0,0,8,TwoTier,1826701614,False
ue1_qfi2,3.386,8.896,10.75,12.008,ok,0.0,ok,ue1_qfi82,0,0,4,1000.0,data,ok,2.0,False,,proxy,3,0,,ue1_qfi2,1.0,152,150.0,ok,,ue1_qfi2,13.467,ok,,1,ok,1,,ue1_qfi2,1.0266378666666667,ok,0.9999966846433258,proxy,5,0.9999932076888538,6266233.600000001,ok,0.015104545454545454,ok,0.09008977272727273,0.022303125,ok,ue1_qfi82,0.0,4,10.0,data,ok,0.0,ue1_qfi2,8.622,ok,,30.4,ue1_qfi2,0,0.0,0.0,30.303,ok,33.0,,pending,,pending,sensor_dense,0,0,8,PF,1367864806,False
ue1_qfi2,3.433,8.902,10.906,11.923,ok,0.0,ok,ue1_qfi82,0,0,4,1000.0,data,ok,2.0,False,,proxy,3,0,,ue1_qfi2,1.0,152,150.0,ok,,ue1_qfi2,13.263,ok,,1,ok,1,,ue1_qfi2,1.0266378666666667,ok,0.9999920951862604,proxy,5,0.9999722414172724,6266182.4,ok,0.018136363636363638,ok,0.11583522727272727,0.0224171875,ok,ue1_qfi82,0.0,4,10.0,data,ok,0.0,ue1_qfi2,8.49,ok,,30.4,ue1_qfi2,0,0.0,0.0,30.303,ok,33.0,,pending,,pending,sensor_dense,0,0,8,Reservation,1367864806,False
ue1_qfi2,3.415,8.665,10.292,11.25,ok,0.0,ok,ue1_qfi82,0,1,4,1001.5,data,ok,2.0,False,,proxy,3,0,,ue1_qfi2,0.993421052631579,152,150.0,ok,,ue1_qfi2,12.785,ok,,1,ok,1,,ue1_qfi2,1.0257909333333333,ok,0.9999971412149649,proxy,5,0.9999952110634759,6261150.399999999,ok,0.015093181818181818,ok,0.0906875,0.0222578125,ok,ue1_qfi82,0.0,4,10.0,data,ok,0.0,ue1_qfi2,7.835,ok,,30.2,ue1_qfi2,0,0.0,0.0,30.303,ok,33.0,,pending,,pending,sensor_dense,0,0,8,TwoTier,1367864806,False
ue1_qfi2,3.088,8.689,10.23,11.74,ok,0.0,ok,ue1_qfi82,0,0,4,1000.0,data,ok,2.0,False,,proxy,3,0,,ue1_qfi2,1.0,152,150.0,ok,,ue1_qfi2,13.289,ok,,1,ok,1,,ue1_qfi2,1.0126202666666666,ok,0.999998420509916,proxy,5,0.9999957242348092,6182248.0,ok,0.015218181818181818,ok,0.0877875,0.02226875,ok,ue1_qfi82,0.0,4,10.0,data,ok,0.0,ue1_qfi2,8.652000000000001,ok,,30.4,ue1_qfi2,0,0.0,0.0,30.303,ok,33.0,,pending,,pending,sensor_dense,0,0,8,PF,1097657231,False
ue1_qfi2,3.345,9.176,10.759,11.802,ok,0.0,ok,ue1_qfi82,0,0,4,1000.0,data,ok,2.0,False,,proxy,3,0,,ue1_qfi2,1.0,152,150.0,ok,,ue1_qfi2,13.23,ok,,1,ok,1,,ue1_qfi2,1.0126202666666666,ok,0.999997866264356,proxy,5,0.9999957242348092,6182246.399999999,ok,0.017968181818181817,ok,0.11370568181818182,0.0223203125,ok,ue1_qfi82,0.0,4,10.0,data,ok,0.0,ue1_qfi2,8.456999999999999,ok,,30.4,ue1_qfi2,0,0.0,0.0,30.303,ok,33.0,,pending,,pending,sensor_dense,0,0,8,Reservation,1097657231,False
ue1_qfi2,3.158,8.888,10.605,11.903,ok,0.0,ok,ue1_qfi82,0,0,4,1000.0,data,ok,2.0,False,,proxy,3,0,,ue1_qfi2,1.0,152,150.0,ok,,ue1_qfi2,13.028,ok,,1,ok,1,,ue1_qfi2,1.0126202666666666,ok,0.9999971950563478,proxy,5,0.9999942449093945,6182244.8,ok,0.015179545454545454,ok,0.0889125,0.0222421875,ok,ue1_qfi82,0.0,4,10.0,data,ok,0.0,ue1_qfi2,8.745000000000001,ok,,30.4,ue1_qfi2,0,0.0,0.0,30.303,ok,33.0,,pending,,pending,sensor_dense,0,0,8,TwoTier,1097657231,False
ue1_qfi2,3.307,8.522,9.964,11.287,ok,0.0,ok,ue1_qfi82,0,0,4,1000.0,data,ok,2.0,False,,proxy,3,0,,ue1_qfi2,1.0,152,150.0,ok,,ue1_qfi2,13.384,ok,,1,ok,1,,ue1_qfi2,1.0054096,ok,0.9999965808040265,proxy,5,0.9999885685169301,6138809.6,ok,0.014956818181818182,ok,0.08583181818181818,0.0217109375,ok,ue1_qfi82,0.0,4,10.0,data,ok,0.0,ue1_qfi2,7.98,ok,,30.4,ue1_qfi2,0,0.0,0.0,30.303,ok,33.0,,pending,,pending,sensor_dense,0,0,8,PF,579362555,False
ue1_qfi2,3.287,8.624,9.918,10.819,ok,0.0,ok,ue1_qfi82,0,0,4,1000.0,data,ok,2.0,False,,proxy,3,0,,ue1_qfi2,1.0,152,150.0,ok,,ue1_qfi2,12.62,ok,,1,ok,1,,ue1_qfi2,1.0054096,ok,0.999992733426074,proxy,5,0.9999758889598472,6138707.199999999,ok,0.017845454545454546,ok,0.11045568181818181,0.021796875,ok,ue1_qfi82,0.0,4,10.0,data,ok,0.0,ue1_qfi2,7.532000000000001,ok,,30.4,ue1_qfi2,0,0.0,0.0,30.303,ok,33.0,,pending,,pending,sensor_dense,0,0,8,Reservation,579362555,False
ue1_qfi2,3.206,8.575,9.944,11.32,ok,0.0,ok,ue1_qfi82,0,0,4,1000.0,data,ok,2.0,False,,proxy,3,0,,ue1_qfi2,1.0,152,150.0,ok,,ue1_qfi2,13.653,ok,,1,ok,1,,ue1_qfi2,1.0054096,ok,0.9999973438766541,proxy,5,0.999989406464069,6138809.6,ok,0.014954545454545455,ok,0.08673863636363636,0.0217328125,ok,ue1_qfi82,0.0,4,10.0,data,ok,0.0,ue1_qfi2,8.114,ok,,30.4,ue1_qfi2,0,0.0,0.0,30.303,ok,33.0,,pending,,pending,sensor_dense,0,0,8,TwoTier,579362555,False
ue1_qfi2,3.331,9.298,10.969,12.217,ok,0.0,ok,ue1_qfi82,0,0,4,1000.0,data,ok,2.0,False,,proxy,3,0,,ue1_qfi2,1.0,152,150.0,ok,,ue1_qfi2,14.113,ok,,1,ok,1,,ue1_qfi2,1.0151264,ok,0.9999944435389487,proxy,5,0.9999871801149348,6197454.4,ok,0.015161363636363636,ok,0.0851875,0.0199328125,ok,ue1_qfi82,0.0,4,10.0,data,ok,0.0,ue1_qfi2,8.886000000000001,ok,,30.4,ue1_qfi2,0,0.0,0.0,30.303,ok,33.0,,pending,,pending,sensor_dense,0,0,8,PF,661058651,False
ue1_qfi2,3.396,9.464,10.776,11.809,ok,0.0,ok,ue1_qfi82,0,1,4,1001.5,data,ok,2.0,False,,proxy,3,0,,ue1_qfi2,1.0,152,150.0,ok,,ue1_qfi2,13.581,ok,,1,ok,1,,ue1_qfi2,1.0151264,ok,0.9999926059311361,proxy,5,0.9999828987554628,6197456.0,ok,0.018115909090909092,ok,0.11156022727272727,0.019978125,ok,ue1_qfi82,0.0,4,10.0,data,ok,0.0,ue1_qfi2,8.413,ok,,30.4,ue1_qfi2,0,0.0,0.0,30.303,ok,33.0,,pending,,pending,sensor_dense,0,0,8,Reservation,661058651,False
ue1_qfi2,3.397,9.214,10.701,12.129,ok,0.0,ok,ue1_qfi82,0,1,4,1001.5,data,ok,2.0,False,,proxy,3,0,,ue1_qfi2,0.993421052631579,152,150.0,ok,,ue1_qfi2,14.164,ok,,1,ok,1,,ue1_qfi2,1.0142794666666666,ok,0.999993590597902,proxy,5,0.9999829785982822,6192374.399999999,ok,0.015122727272727272,ok,0.08600454545454546,0.0198984375,ok,ue1_qfi82,0.0,4,10.0,data,ok,0.0,ue1_qfi2,8.732,ok,,30.2,ue1_qfi2,1,66.25,66.25,30.303,ok,33.0,,pending,,pending,sensor_dense,0,0,8,TwoTier,661058651,False
ue1_qfi2,3.324,8.618,10.065,11.309,ok,0.0,ok,ue1_qfi82,0,0,4,1000.0,data,ok,2.0,False,,proxy,3,0,,ue1_qfi2,1.0,152,150.0,ok,,ue1_qfi2,13.43,ok,,1,ok,1,,ue1_qfi2,1.0040567999999999,ok,0.9999972032439561,proxy,5,0.99999354393762,6130817.6,ok,0.01496590909090909,ok,0.09142045454545454,0.0221171875,ok,ue1_qfi82,0.0,4,10.0,data,ok,0.0,ue1_qfi2,7.984999999999999,ok,,30.4,ue1_qfi2,0,0.0,0.0,30.303,ok,33.0,,pending,,pending,sensor_dense,0,0,8,PF,87989972,False
ue1_qfi2,3.362,8.602,10.666,12.739,ok,0.0,ok,ue1_qfi82,0,0,4,1000.0,data,ok,2.0,False,,proxy,3,0,,ue1_qfi2,1.0,152,150.0,ok,,ue1_qfi2,13.818,ok,,1,ok,1,,ue1_qfi2,1.0040567999999999,ok,0.9999963753056041,proxy,5,0.9999934309355613,6130819.2,ok,0.017922727272727274,ok,0.11577727272727273,0.0222,ok,ue1_qfi82,0.0,4,10.0,data,ok,0.0,ue1_qfi2,9.377,ok,,30.4,ue1_qfi2,0,0.0,0.0,30.303,ok,33.0,,pending,,pending,sensor_dense,0,0,8,Reservation,87989972,False
ue1_qfi2,3.36,8.602,10.469,12.014,ok,0.0,ok,ue1_qfi82,0,0,4,1000.0,data,ok,2.0,False,,proxy,3,0,,ue1_qfi2,1.0,152,150.0,ok,,ue1_qfi2,13.368,ok,,1,ok,1,,ue1_qfi2,1.0040567999999999,ok,0.9999959663036432,proxy,5,0.9999894517540919,6130814.399999999,ok,0.015025,ok,0.09190568181818182,0.022140625,ok,ue1_qfi82,0.0,4,10.0,data,ok,0.0,ue1_qfi2,8.654,ok,,30.4,ue1_qfi2,0,0.0,0.0,30.303,ok,33.0,,pending,,pending,sensor_dense,0,0,8,TwoTier,87989972,False
ue1_qfi2,3.125,8.635,10.346,11.5,ok,0.0,ok,ue1_qfi82,0,0,4,1000.0,data,ok,2.0,False,,proxy,3,0,,ue1_qfi2,1.0,152,150.0,ok,,ue1_qfi2,13.188,ok,,1,ok,1,,ue1_qfi2,0.9846509333333333,ok,0.999997013976128,proxy,5,0.9999934470587489,6014345.6,ok,0.01509090909090909,ok,0.08565340909090909,0.020903125,ok,ue1_qfi82,0.0,4,10.0,data,ok,0.0,ue1_qfi2,8.375,ok,,30.4,ue1_qfi2,0,0.0,0.0,30.303,ok,33.0,,pending,,pending,sensor_dense,0,0,8,PF,161576974,False
ue1_qfi2,3.14,8.688,10.605,11.644,ok,0.0,ok,ue1_qfi82,0,0,4,1000.0,data,ok,2.0,False,,proxy,3,0,,ue1_qfi2,1.0,152,150.0,ok,,ue1_qfi2,13.494,ok,,1,ok,1,,ue1_qfi2,0.9846509333333333,ok,0.999995826699841,proxy,5,0.9999925091176629,6014345.6,ok,0.017804545454545455,ok,0.10971818181818181,0.02095,ok,ue1_qfi82,0.0,4,10.0,data,ok,0.0,ue1_qfi2,8.504,ok,,30.4,ue1_qfi2,0,0.0,0.0,30.303,ok,33.0,,pending,,pending,sensor_dense,0,0,8,Reservation,161576974,False
ue1_qfi2,3.125,8.635,10.88,11.917,ok,0.0,ok,ue1_qfi82,0,0,4,1000.0,data,ok,2.0,False,,proxy,3,0,,ue1_qfi2,1.0,152,150.0,ok,,ue1_qfi2,13.435,ok,,1,ok,1,,ue1_qfi2,0.9846509333333333,ok,0.9999953167187796,proxy,5,0.999991265709403,6014345.6,ok,0.015093181818181818,ok,0.08680454545454545,0.0209109375,ok,ue1_qfi82,0.0,4,10.0,data,ok,0.0,ue1_qfi2,8.792,ok,,30.4,ue1_qfi2,0,0.0,0.0,30.303,ok,33.0,,pending,,pending,sensor_dense,0,0,8,TwoTier,161576974,False
ue1_qfi2,3.421,9.299,11.088,12.194,ok,0.0,ok,ue1_qfi82,0,1,4,1001.5,data,ok,2.0,False,,proxy,3,0,,ue1_qfi2,1.0,152,150.0,ok,,ue1_qfi2,13.795,ok,,1,ok,1,,ue1_qfi2,1.0160629333333333,ok,0.9998743020759557,proxy,5,0.9993892034090659,6202934.399999999,ok,0.015406818181818181,ok,0.09844659090909091,0.023984375,ok,ue1_qfi82,0.0,4,10.0,data,ok,0.0,ue1_qfi2,8.773000000000001,ok,,30.4,ue1_qfi2,0,0.0,0.0,30.303,ok,33.0,,pending,,pending,sensor_dense,0,0,8,PF,35492826,False
ue1_qfi2,3.457,9.203,10.96,12.61,ok,0.0,ok,ue1_qfi82,0,0,4,1000.0,data,ok,2.0,False,,proxy,3,0,,ue1_qfi2,1.0,152,150.0,ok,,ue1_qfi2,13.911,ok,,1,ok,1,,ue1_qfi2,1.0160629333333333,ok,0.999996983651165,proxy,5,0.9999958921912772,6203011.199999999,ok,0.01839318181818182,ok,0.12260454545454545,0.0239234375,ok,ue1_qfi82,0.0,4,10.0,data,ok,0.0,ue1_qfi2,9.152999999999999,ok,,30.4,ue1_qfi2,0,0.0,0.0,30.303,ok,33.0,,pending,,pending,sensor_dense,0,0,8,Reservation,35492826,False
ue1_qfi2,3.392,9.192,11.46,12.808,ok,0.0,ok,ue1_qfi82,0,0,4,1000.0,data,ok,2.0,False,,proxy,3,0,,ue1_qfi2,1.0,152,150.0,ok,,ue1_qfi2,14.049,ok,,1,ok,1,,ue1_qfi2,1.0160629333333333,ok,0.999996983651165,proxy,5,0.9999958921912772,6203011.199999999,ok,0.015402272727272728,ok,0.09937840909090909,0.0239125,ok,ue1_qfi82,0.0,4,10.0,data,ok,0.0,ue1_qfi2,9.416,ok,,30.4,ue1_qfi2,0,0.0,0.0,30.303,ok,33.0,,pending,,pending,sensor_dense,0,0,8,TwoTier,35492826,False
ue1_qfi2,3.822,9.37,11.189,12.973,ok,0.0,ok,ue1_qfi82,0,1,4,1001.5,data,ok,2.0,False,,proxy,3,0,,ue1_qfi2,0.9868421052631579,152,150.0,ok,,ue1_qfi2,14.299,ok,,1,ok,1,,ue1_qfi2,1.0101162666666665,ok,0.9999919387909703,proxy,5,0.9999856850221782,6167216.0,ok,0.014920454545454546,ok,0.09840681818181818,0.022165625,ok,ue1_qfi82,0.0,4,10.0,data,ok,0.0,ue1_qfi2,9.151,ok,,30.0,ue1_qfi2,2,72.5,144.75,30.303,ok,33.0,,pending,,pending,sensor_dense,0,0,8,PF,376383645,False
ue1_qfi2,3.91,9.552,11.323,13.002,ok,0.0,ok,ue1_qfi82,0,0,4,1000.0,data,ok,2.0,False,,proxy,3,0,,ue1_qfi2,0.9868421052631579,152,150.0,ok,,ue1_qfi2,14.537,ok,,1,ok,1,,ue1_qfi2,1.0100405333333333,ok,0.9999971068329707,proxy,5,0.9999923850322855,6166763.2,ok,0.017802272727272726,ok,0.12275568181818182,0.0222546875,ok,ue1_qfi82,0.0,4,10.0,data,ok,0.0,ue1_qfi2,9.092,ok,,30.0,ue1_qfi2,2,72.5,142.25,30.303,ok,33.0,,pending,,pending,sensor_dense,0,0,8,Reservation,376383645,False
ue1_qfi2,3.865,9.439,11.189,13.062,ok,0.0,ok,ue1_qfi82,0,0,4,1000.0,data,ok,2.0,False,,proxy,3,0,,ue1_qfi2,1.0,152,150.0,ok,,ue1_qfi2,14.439,ok,,1,ok,1,,ue1_qfi2,1.0112448,ok,0.9999967318256966,proxy,5,0.999993590191797,6173987.2,ok,0.014956818181818182,ok,0.09886363636363636,0.0220859375,ok,ue1_qfi82,0.0,4,10.0,data,ok,0.0,ue1_qfi2,9.197,ok,,30.4,ue1_qfi2,0,0.0,0.0,30.303,ok,33.0,,pending,,pending,sensor_dense,0,0,8,TwoTier,376383645,False
ue1_qfi2,3.426,9.0,10.619,11.5,ok,0.0,ok,ue1_qfi82,0,0,4,1000.0,data,ok,2.0,False,,proxy,3,0,,ue1_qfi2,1.0,152,150.0,ok,,ue1_qfi2,13.35,ok,,1,ok,1,,ue1_qfi2,1.0158973333333334,ok,0.9999977701198175,proxy,5,0.9999968011063564,6201862.4,ok,0.015111363636363636,ok,0.08702727272727273,0.021784375,ok,ue1_qfi82,0.0,4,10.0,data,ok,0.0,ue1_qfi2,8.074,ok,,30.4,ue1_qfi2,0,0.0,0.0,30.303,ok,33.0,,pending,,pending,sensor_dense,0,0,8,PF,1746484539,False
ue1_qfi2,3.413,9.065,10.786,11.867,ok,0.0,ok,ue1_qfi82,0,1,4,1001.5,data,ok,2.0,False,,proxy,3,0,,ue1_qfi2,1.0,152,150.0,ok,,ue1_qfi2,14.149,ok,,1,ok,1,,ue1_qfi2,1.0158973333333334,ok,0.9999979521659805,proxy,5,0.9999968011063564,6201864.0,ok,0.018129545454545454,ok,0.11166818181818182,0.0218421875,ok,ue1_qfi82,0.0,4,10.0,data,ok,0.0,ue1_qfi2,8.454,ok,,30.4,ue1_qfi2,0,0.0,0.0,30.303,ok,33.0,,pending,,pending,sensor_dense,0,0,8,Reservation,1746484539,False
ue1_qfi2,3.333,9.134,10.634,11.5,ok,0.0,ok,ue1_qfi82,0,1,4,1001.5,data,ok,2.0,False,,proxy,3,0,,ue1_qfi2,1.0,152,150.0,ok,,ue1_qfi2,13.131,ok,,1,ok,1,,ue1_qfi2,1.0158973333333334,ok,0.9999962437559038,proxy,5,0.9999926849848895,6201860.8,ok,0.015175,ok,0.08778295454545454,0.0217703125,ok,ue1_qfi82,0.0,4,10.0,data,ok,0.0,ue1_qfi2,8.167,ok,,30.4,ue1_qfi2,0,0.0,0.0,30.303,ok,33.0,,pending,,pending,sensor_dense,0,0,8,TwoTier,1746484539,False
ue1_qfi2,3.296,9.079,10.781,12.386,ok,0.0,ok,ue1_qfi82,0,0,4,1000.0,data,ok,2.0,False,,proxy,3,0,,ue1_qfi2,1.0,152,150.0,ok,,ue1_qfi2,14.051,ok,,1,ok,1,,ue1_qfi2,1.0276416,ok,0.9999989253387824,proxy,5,0.9999972782812627,6272585.6,ok,0.015511363636363636,ok,0.08941136363636364,0.021075,ok,ue1_qfi82,0.0,4,10.0,data,ok,0.0,ue1_qfi2,9.09,ok,,30.4,ue1_qfi2,0,0.0,0.0,30.303,ok,33.0,,pending,,pending,sensor_dense,1,0,8,PF,1826701614,False
ue1_qfi2,3.262,9.079,10.658,11.891,ok,0.0,ok,ue1_qfi82,0,2,4,1001.5,data,ok,2.0,False,,proxy,3,0,,ue1_qfi2,1.0,152,150.0,ok,,ue1_qfi2,14.051,ok,,1,ok,1,,ue1_qfi2,1.0276416,ok,0.999998901703855,proxy,5,0.9999972782812627,6272585.6,ok,0.0184,ok,0.11325227272727273,0.0210515625,ok,ue1_qfi82,0.0,4,10.0,data,ok,0.0,ue1_qfi2,8.629,ok,,30.4,ue1_qfi2,0,0.0,0.0,30.303,ok,33.0,,pending,,pending,sensor_dense,1,0,8,Reservation,1826701614,False
ue1_qfi2,3.287,9.25,10.582,12.07,ok,0.0,ok,ue1_qfi82,0,2,4,1001.5,data,ok,2.0,False,,proxy,3,0,,ue1_qfi2,1.0,152,150.0,ok,,ue1_qfi2,13.741,ok,,1,ok,1,,ue1_qfi2,1.0276416,ok,0.999998901703855,proxy,5,0.9999972782812627,6272585.6,ok,0.01548409090909091,ok,0.090675,0.021096875,ok,ue1_qfi82,0.0,4,10.0,data,ok,0.0,ue1_qfi2,8.783000000000001,ok,,30.4,ue1_qfi2,0,0.0,0.0,30.303,ok,33.0,,pending,,pending,sensor_dense,1,0,8,TwoTier,1826701614,False
ue1_qfi2,3.386,8.896,10.75,12.008,ok,0.0,ok,ue1_qfi82,0,0,4,1000.0,data,ok,2.0,False,,proxy,3,0,,ue1_qfi2,1.0,152,150.0,ok,,ue1_qfi2,13.467,ok,,1,ok,1,,ue1_qfi2,1.0266378666666667,ok,0.9999966846433258,proxy,5,0.9999932076888538,6266233.600000001,ok,0.015104545454545454,ok,0.09008977272727273,0.022303125,ok,ue1_qfi82,0.0,4,10.0,data,ok,0.0,ue1_qfi2,8.622,ok,,30.4,ue1_qfi2,0,0.0,0.0,30.303,ok,33.0,,pending,,pending,sensor_dense,1,0,8,PF,1367864806,False
ue1_qfi2,3.433,8.902,10.906,11.923,ok,0.0,ok,ue1_qfi82,0,0,4,1000.0,data,ok,2.0,False,,proxy,3,0,,ue1_qfi2,1.0,152,150.0,ok,,ue1_qfi2,13.263,ok,,1,ok,1,,ue1_qfi2,1.0266378666666667,ok,0.9999920951862604,proxy,5,0.9999722414172724,6266182.4,ok,0.018136363636363638,ok,0.11583522727272727,0.0224171875,ok,ue1_qfi82,0.0,4,10.0,data,ok,0.0,ue1_qfi2,8.49,ok,,30.4,ue1_qfi2,0,0.0,0.0,30.303,ok,33.0,,pending,,pending,sensor_dense,1,0,8,Reservation,1367864806,False
ue1_qfi2,3.415,8.665,10.292,11.25,ok,0.0,ok,ue1_qfi82,0,1,4,1001.5,data,ok,2.0,False,,proxy,3,0,,ue1_qfi2,0.993421052631579,152,150.0,ok,,ue1_qfi2,12.785,ok,,1,ok,1,,ue1_qfi2,1.0257909333333333,ok,0.9999971412149649,proxy,5,0.9999952110634759,6261150.399999999,ok,0.015093181818181818,ok,0.0906875,0.0222578125,ok,ue1_qfi82,0.0,4,10.0,data,ok,0.0,ue1_qfi2,7.835,ok,,30.2,ue1_qfi2,0,0.0,0.0,30.303,ok,33.0,,pending,,pending,sensor_dense,1,0,8,TwoTier,1367864806,False
ue1_qfi2,3.088,8.689,10.23,11.74,ok,0.0,ok,ue1_qfi82,0,0,4,1000.0,data,ok,2.0,False,,proxy,3,0,,ue1_qfi2,1.0,152,150.0,ok,,ue1_qfi2,13.289,ok,,1,ok,1,,ue1_qfi2,1.0126202666666666,ok,0.999998420509916,proxy,5,0.9999957242348092,6182248.0,ok,0.015218181818181818,ok,0.0877875,0.02226875,ok,ue1_qfi82,0.0,4,10.0,data,ok,0.0,ue1_qfi2,8.652000000000001,ok,,30.4,ue1_qfi2,0,0.0,0.0,30.303,ok,33.0,,pending,,pending,sensor_dense,1,0,8,PF,1097657231,False
ue1_qfi2,3.345,9.176,10.759,11.802,ok,0.0,ok,ue1_qfi82,0,0,4,1000.0,data,ok,2.0,False,,proxy,3,0,,ue1_qfi2,1.0,152,150.0,ok,,ue1_qfi2,13.23,ok,,1,ok,1,,ue1_qfi2,1.0126202666666666,ok,0.999997866264356,proxy,5,0.9999957242348092,6182246.399999999,ok,0.017968181818181817,ok,0.11370568181818182,0.0223203125,ok,ue1_qfi82,0.0,4,10.0,data,ok,0.0,ue1_qfi2,8.456999999999999,ok,,30.4,ue1_qfi2,0,0.0,0.0,30.303,ok,33.0,,pending,,pending,sensor_dense,1,0,8,Reservation,1097657231,False
ue1_qfi2,3.158,8.888,10.605,11.903,ok,0.0,ok,ue1_qfi82,0,0,4,1000.0,data,ok,2.0,False,,proxy,3,0,,ue1_qfi2,1.0,152,150.0,ok,,ue1_qfi2,13.028,ok,,1,ok,1,,ue1_qfi2,1.0126202666666666,ok,0.9999971950563478,proxy,5,0.9999942449093945,6182244.8,ok,0.015179545454545454,ok,0.0889125,0.0222421875,ok,ue1_qfi82,0.0,4,10.0,data,ok,0.0,ue1_qfi2,8.745000000000001,ok,,30.4,ue1_qfi2,0,0.0,0.0,30.303,ok,33.0,,pending,,pending,sensor_dense,1,0,8,TwoTier,1097657231,False
ue1_qfi2,3.307,8.522,9.964,11.287,ok,0.0,ok,ue1_qfi82,0,0,4,1000.0,data,ok,2.0,False,,proxy,3,0,,ue1_qfi2,1.0,152,150.0,ok,,ue1_qfi2,13.384,ok,,1,ok,1,,ue1_qfi2,1.0054096,ok,0.9999965808040265,proxy,5,0.9999885685169301,6138809.6,ok,0.014956818181818182,ok,0.08583181818181818,0.0217109375,ok,ue1_qfi82,0.0,4,10.0,data,ok,0.0,ue1_qfi2,7.98,ok,,30.4,ue1_qfi2,0,0.0,0.0,30.303,ok,33.0,,pending,,pending,sensor_dense,1,0,8,PF,579362555,False
ue1_qfi2,3.287,8.624,9.918,10.819,ok,0.0,ok,ue1_qfi82,0,0,4,1000.0,data,ok,2.0,False,,proxy,3,0,,ue1_qfi2,1.0,152,150.0,ok,,ue1_qfi2,12.62,ok,,1,ok,1,,ue1_qfi2,1.0054096,ok,0.999992733426074,proxy,5,0.9999758889598472,6138707.199999999,ok,0.017845454545454546,ok,0.11045568181818181,0.021796875,ok,ue1_qfi82,0.0,4,10.0,data,ok,0.0,ue1_qfi2,7.532000000000001,ok,,30.4,ue1_qfi2,0,0.0,0.0,30.303,ok,33.0,,pending,,pending,sensor_dense,1,0,8,Reservation,579362555,False
ue1_qfi2,3.206,8.575,9.944,11.32,ok,0.0,ok,ue1_qfi82,0,0,4,1000.0,data,ok,2.0,False,,proxy,3,0,,ue1_qfi2,1.0,152,150.0,ok,,ue1_qfi2,13.653,ok,,1,ok,1,,ue1_qfi2,1.0054096,ok,0.9999973438766541,proxy,5,0.999989406464069,6138809.6,ok,0.014954545454545455,ok,0.08673863636363636,0.0217328125,ok,ue1_qfi82,0.0,4,10.0,data,ok,0.0,ue1_qfi2,8.114,ok,,30.4,ue1_qfi2,0,0.0,0.0,30.303,ok,33.0,,pending,,pending,sensor_dense,1,0,8,TwoTier,579362555,False
ue1_qfi2,3.331,9.298,10.969,12.217,ok,0.0,ok,ue1_qfi82,0,0,4,1000.0,data,ok,2.0,False,,proxy,3,0,,ue1_qfi2,1.0,152,150.0,ok,,ue1_qfi2,14.113,ok,,1,ok,1,,ue1_qfi2,1.0151264,ok,0.9999944435389487,proxy,5,0.9999871801149348,6197454.4,ok,0.015161363636363636,ok,0.0851875,0.0199328125,ok,ue1_qfi82,0.0,4,10.0,data,ok,0.0,ue1_qfi2,8.886000000000001,ok,,30.4,ue1_qfi2,0,0.0,0.0,30.303,ok,33.0,,pending,,pending,sensor_dense,1,0,8,PF,661058651,False
ue1_qfi2,3.396,9.464,10.776,11.809,ok,0.0,ok,ue1_qfi82,0,1,4,1001.5,data,ok,2.0,False,,proxy,3,0,,ue1_qfi2,1.0,152,150.0,ok,,ue1_qfi2,13.581,ok,,1,ok,1,,ue1_qfi2,1.0151264,ok,0.9999926059311361,proxy,5,0.9999828987554628,6197456.0,ok,0.018115909090909092,ok,0.11156022727272727,0.019978125,ok,ue1_qfi82,0.0,4,10.0,data,ok,0.0,ue1_qfi2,8.413,ok,,30.4,ue1_qfi2,0,0.0,0.0,30.303,ok,33.0,,pending,,pending,sensor_dense,1,0,8,Reservation,661058651,False
ue1_qfi2,3.397,9.214,10.701,12.129,ok,0.0,ok,ue1_qfi82,0,1,4,1001.5,data,ok,2.0,False,,proxy,3,0,,ue1_qfi2,0.993421052631579,152,150.0,ok,,ue1_qfi2,14.164,ok,,1,ok,1,,ue1_qfi2,1.0142794666666666,ok,0.999993590597902,proxy,5,0.9999829785982822,6192374.399999999,ok,0.015122727272727272,ok,0.08600454545454546,0.0198984375,ok,ue1_qfi82,0.0,4,10.0,data,ok,0.0,ue1_qfi2,8.732,ok,,30.2,ue1_qfi2,1,66.25,66.25,30.303,ok,33.0,,pending,,pending,sensor_dense,1,0,8,TwoTier,661058651,False
ue1_qfi2,3.324,8.618,10.065,11.309,ok,0.0,ok,ue1_qfi82,0,0,4,1000.0,data,ok,2.0,False,,proxy,3,0,,ue1_qfi2,1.0,152,150.0,ok,,ue1_qfi2,13.43,ok,,1,ok,1,,ue1_qfi2,1.0040567999999999,ok,0.9999972032439561,proxy,5,0.99999354393762,6130817.6,ok,0.01496590909090909,ok,0.09142045454545454,0.0221171875,ok,ue1_qfi82,0.0,4,10.0,data,ok,0.0,ue1_qfi2,7.984999999999999,ok,,30.4,ue1_qfi2,0,0.0,0.0,30.303,ok,33.0,,pending,,pending,sensor_dense,1,0,8,PF,87989972,False
ue1_qfi2,3.362,8.602,10.666,12.739,ok,0.0,ok,ue1_qfi82,0,0,4,1000.0,data,ok,2.0,False,,proxy,3,0,,ue1_qfi2,1.0,152,150.0,ok,,ue1_qfi2,13.818,ok,,1,ok,1,,ue1_qfi2,1.0040567999999999,ok,0.9999963753056041,proxy,5,0.9999934309355613,6130819.2,ok,0.017922727272727274,ok,0.11577727272727273,0.0222,ok,ue1_qfi82,0.0,4,10.0,data,ok,0.0,ue1_qfi2,9.377,ok,,30.4,ue1_qfi2,0,0.0,0.0,30.303,ok,33.0,,pending,,pending,sensor_dense,1,0,8,Reservation,87989972,False
ue1_qfi2,3.36,8.602,10.469,12.014,ok,0.0,ok,ue1_qfi82,0,0,4,1000.0,data,ok,2.0,False,,proxy,3,0,,ue1_qfi2,1.0,152,150.0,ok,,ue1_qfi2,13.368,ok,,1,ok,1,,ue1_qfi2,1.0040567999999999,ok,0.9999959663036432,proxy,5,0.9999894517540919,6130814.399999999,ok,0.015025,ok,0.09190568181818182,0.022140625,ok,ue1_qfi82,0.0,4,10.0,data,ok,0.0,ue1_qfi2,8.654,ok,,30.4,ue1_qfi2,0,0.0,0.0,30.303,ok,33.0,,pending,,pending,sensor_dense,1,0,8,TwoTier,87989972,False
ue1_qfi2,3.125,8.635,10.346,11.5,ok,0.0,ok,ue1_qfi82,0,0,4,1000.0,data,ok,2.0,False,,proxy,3,0,,ue1_qfi2,1.0,152,150.0,ok,,ue1_qfi2,13.188,ok,,1,ok,1,,ue1_qfi2,0.9846509333333333,ok,0.999997013976128,proxy,5,0.9999934470587489,6014345.6,ok,0.01509090909090909,ok,0.08565340909090909,0.020903125,ok,ue1_qfi82,0.0,4,10.0,data,ok,0.0,ue1_qfi2,8.375,ok,,30.4,ue1_qfi2,0,0.0,0.0,30.303,ok,33.0,,pending,,pending,sensor_dense,1,0,8,PF,161576974,False
ue1_qfi2,3.14,8.688,10.605,11.644,ok,0.0,ok,ue1_qfi82,0,0,4,1000.0,data,ok,2.0,False,,proxy,3,0,,ue1_qfi2,1.0,152,150.0,ok,,ue1_qfi2,13.494,ok,,1,ok,1,,ue1_qfi2,0.9846509333333333,ok,0.999995826699841,proxy,5,0.9999925091176629,6014345.6,ok,0.017804545454545455,ok,0.10971818181818181,0.02095,ok,ue1_qfi82,0.0,4,10.0,data,ok,0.0,ue1_qfi2,8.504,ok,,30.4,ue1_qfi2,0,0.0,0.0,30.303,ok,33.0,,pending,,pending,sensor_dense,1,0,8,Reservation,161576974,False
ue1_qfi2,3.125,8.635,10.88,11.917,ok,0.0,ok,ue1_qfi82,0,0,4,1000.0,data,ok,2.0,False,,proxy,3,0,,ue1_qfi2,1.0,152,150.0,ok,,ue1_qfi2,13.435,ok,,1,ok,1,,ue1_qfi2,0.9846509333333333,ok,0.9999953167187796,proxy,5,0.999991265709403,6014345.6,ok,0.015093181818181818,ok,0.08680454545454545,0.0209109375,ok,ue1_qfi82,0.0,4,10.0,data,ok,0.0,ue1_qfi2,8.792,ok,,30.4,ue1_qfi2,0,0.0,0.0,30.303,ok,33.0,,pending,,pending,sensor_dense,1,0,8,TwoTier,161576974,False
ue1_qfi2,3.421,9.299,11.088,12.194,ok,0.0,ok,ue1_qfi82,0,1,4,1001.5,data,ok,2.0,False,,proxy,3,0,,ue1_qfi2,1.0,152,150.0,ok,,ue1_qfi2,13.795,ok,,1,ok,1,,ue1_qfi2,1.0160629333333333,ok,0.9998743020759557,proxy,5,0.9993892034090659,6202934.399999999,ok,0.015406818181818181,ok,0.09844659090909091,0.023984375,ok,ue1_qfi82,0.0,4,10.0,data,ok,0.0,ue1_qfi2,8.773000000000001,ok,,30.4,ue1_qfi2,0,0.0,0.0,30.303,ok,33.0,,pending,,pending,sensor_dense,1,0,8,PF,35492826,False
ue1_qfi2,3.457,9.203,10.96,12.61,ok,0.0,ok,ue1_qfi82,0,0,4,1000.0,data,ok,2.0,False,,proxy,3,0,,ue1_qfi2,1.0,152,150.0,ok,,ue1_qfi2,13.911,ok,,1,ok,1,,ue1_qfi2,1.0160629333333333,ok,0.999996983651165,proxy,5,0.9999958921912772,6203011.199999999,ok,0.01839318181818182,ok,0.12260454545454545,0.0239234375,ok,ue1_qfi82,0.0,4,10.0,data,ok,0.0,ue1_qfi2,9.152999999999999,ok,,30.4,ue1_qfi2,0,0.0,0.0,30.303,ok,33.0,,pending,,pending,sensor_dense,1,0,8,Reservation,35492826,False
ue1_qfi2,3.392,9.192,11.46,12.808,ok,0.0,ok,ue1_qfi82,0,0,4,1000.0,data,ok,2.0,False,,proxy,3,0,,ue1_qfi2,1.0,152,150.0,ok,,ue1_qfi2,14.049,ok,,1,ok,1,,ue1_qfi2,1.0160629333333333,ok,0.999996983651165,proxy,5,0.9999958921912772,6203011.199999999,ok,0.015402272727272728,ok,0.09937840909090909,0.0239125,ok,ue1_qfi82,0.0,4,10.0,data,ok,0.0,ue1_qfi2,9.416,ok,,30.4,ue1_qfi2,0,0.0,0.0,30.303,ok,33.0,,pending,,pending,sensor_dense,1,0,8,TwoTier,35492826,False
ue1_qfi2,3.822,9.37,11.189,12.973,ok,0.0,ok,ue1_qfi82,0,1,4,1001.5,data,ok,2.0,False,,proxy,3,0,,ue1_qfi2,0.9868421052631579,152,150.0,ok,,ue1_qfi2,14.299,ok,,1,ok,1,,ue1_qfi2,1.0101162666666665,ok,0.9999919387909703,proxy,5,0.9999856850221782,6167216.0,ok,0.014920454545454546,ok,0.09840681818181818,0.022165625,ok,ue1_qfi82,0.0,4,10.0,data,ok,0.0,ue1_qfi2,9.151,ok,,30.0,ue1_qfi2,2,72.5,144.75,30.303,ok,33.0,,pending,,pending,sensor_dense,1,0,8,PF,376383645,False
ue1_qfi2,3.91,9.552,11.323,13.002,ok,0.0,ok,ue1_qfi82,0,0,4,1000.0,data,ok,2.0,False,,proxy,3,0,,ue1_qfi2,0.9868421052631579,152,150.0,ok,,ue1_qfi2,14.537,ok,,1,ok,1,,ue1_qfi2,1.0100405333333333,ok,0.9999971068329707,proxy,5,0.9999923850322855,6166763.2,ok,0.017802272727272726,ok,0.12275568181818182,0.0222546875,ok,ue1_qfi82,0.0,4,10.0,data,ok,0.0,ue1_qfi2,9.092,ok,,30.0,ue1_qfi2,2,72.5,142.25,30.303,ok,33.0,,pending,,pending,sensor_dense,1,0,8,Reservation,376383645,False
ue1_qfi2,3.865,9.439,11.189,13.062,ok,0.0,ok,ue1_qfi82,0,0,4,1000.0,data,ok,2.0,False,,proxy,3,0,,ue1_qfi2,1.0,152,150.0,ok,,ue1_qfi2,14.439,ok,,1,ok,1,,ue1_qfi2,1.0112448,ok,0.9999967318256966,proxy,5,0.999993590191797,6173987.2,ok,0.014956818181818182,ok,0.09886363636363636,0.0220859375,ok,ue1_qfi82,0.0,4,10.0,data,ok,0.0,ue1_qfi2,9.197,ok,,30.4,ue1_qfi2,0,0.0,0.0,30.303,ok,33.0,,pending,,pending,sensor_dense,1,0,8,TwoTier,376383645,False
ue1_qfi2,3.426,9.0,10.619,11.5,ok,0.0,ok,ue1_qfi82,0,0,4,1000.0,data,ok,2.0,False,,proxy,3,0,,ue1_qfi2,1.0,152,150.0,ok,,ue1_qfi2,13.35,ok,,1,ok,1,,ue1_qfi2,1.0158973333333334,ok,0.9999977701198175,proxy,5,0.9999968011063564,6201862.4,ok,0.015111363636363636,ok,0.08702727272727273,0.021784375,ok,ue1_qfi82,0.0,4,10.0,data,ok,0.0,ue1_qfi2,8.074,ok,,30.4,ue1_qfi2,0,0.0,0.0,30.303,ok,33.0,,pending,,pending,sensor_dense,1,0,8,PF,1746484539,False
ue1_qfi2,3.413,9.065,10.786,11.867,ok,0.0,ok,ue1_qfi82,0,1,4,1001.5,data,ok,2.0,False,,proxy,3,0,,ue1_qfi2,1.0,152,150.0,ok,,ue1_qfi2,14.149,ok,,1,ok,1,,ue1_qfi2,1.0158973333333334,ok,0.9999979521659805,proxy,5,0.9999968011063564,6201864.0,ok,0.018129545454545454,ok,0.11166818181818182,0.0218421875,ok,ue1_qfi82,0.0,4,10.0,data,ok,0.0,ue1_qfi2,8.454,ok,,30.4,ue1_qfi2,0,0.0,0.0,30.303,ok,33.0,,pending,,pending,sensor_dense,1,0,8,Reservation,1746484539,False
ue1_qfi2,3.333,9.134,10.634,11.5,ok,0.0,ok,ue1_qfi82,0,1,4,1001.5,data,ok,2.0,False,,proxy,3,0,,ue1_qfi2,1.0,152,150.0,ok,,ue1_qfi2,13.131,ok,,1,ok,1,,ue1_qfi2,1.0158973333333334,ok,0.9999962437559038,proxy,5,0.9999926849848895,6201860.8,ok,0.015175,ok,0.08778295454545454,0.0217703125,ok,ue1_qfi82,0.0,4,10.0,data,ok,0.0,ue1_qfi2,8.167,ok,,30.4,ue1_qfi2,0,0.0,0.0,30.303,ok,33.0,,pending,,pending,sensor_dense,1,0,8,TwoTier,1746484539,False
ue7_qfi2,14.657,20.073,22.717,24.132,ok,0.00043237824077817705,ok,ue2_qfi9,0,2,4,1009.7499999999999,data,ok,2.0,False,,proxy,3,0,,ue1_qfi2,0.993421052631579,152,150.0,ok,,ue7_qfi2,24.81,ok,,7,ok,7,,ue5_qfi2,0.965782,ok,0.9990600218585144,proxy,5,0.9980450288830071,30201984.0,ok,0.006970454545454545,ok,0.45351136363636363,0.033075,ok,ue1_qfi82,0.0,99,10.0,data,ok,0.0,ue6_qfi1,17.25,ok,,30.2,ue1_qfi2,1,70.0,70.0,30.303,ok,33.0,,pending,,pending,drone_heavy,0,0,8,PF,1826701614,False
ue1_qfi2,14.604,23.162,25.028,26.186,ok,0.0008205825118188634,ok,ue2_qfi9,0,2,4,1015.2499999999995,data,ok,2.0,False,,proxy,3,0,,ue1_qfi2,1.0,152,150.0,ok,,ue1_qfi2,26.873,ok,,7,ok,7,,ue1_qfi2,0.9640888000000001,ok,0.9967845901065504,proxy,5,0.9955259539180153,30163104.0,ok,0.0072,ok,0.5293056818181818,0.049296875,ok,ue1_qfi82,0.0,99,10.0,data,ok,0.0,ue1_qfi9,18.75,ok,,30.4,ue1_qfi2,0,0.0,0.0,30.303,ok,33.0,,pending,,pending,drone_heavy,0,0,8,Reservation,1826701614,False
ue5_qfi1,1.75,16.25,22.75,22.75,ok,0.00040343049889034107,ok,ue6_qfi9,0,1,4,1015.4999999999999,data,ok,2.0,False,,proxy,3,0,,ue1_qfi2,1.0,152,150.0,ok,,ue7_qfi2,23.033,ok,,7,ok,7,,ue5_qfi2,0.965782,ok,0.994394266880852,proxy,5,0.9875082493588897,30205736.0,ok,0.006668181818181818,ok,0.4741681818181818,0.0334453125,ok,ue1_qfi82,0.0,99,10.0,data,ok,0.0,ue5_qfi1,21.0,ok,,30.4,ue1_qfi2,0,0.0,0.0,30.303,ok,33.0,,pending,,pending,drone_heavy,0,0,8,TwoTier,1826701614,False
ue7_qfi2,13.541,19.49,21.09,21.792,ok,0.00044324575462205467,ok,ue3_qfi9,0,2,4,1007.4999999999999,data,ok,2.0,False,,proxy,3,0,,ue1_qfi2,1.0,152,150.0,ok,,ue7_qfi2,24.292,ok,,7,ok,7,,ue1_qfi2,0.95832,ok,0.9988581488745641,proxy,5,0.9977648364738944,30174916.8,ok,0.006893181818181818,ok,0.44675113636363634,0.0328609375,ok,ue1_qfi82,0.0,99,10.0,data,ok,0.0,ue3_qfi9,18.0,ok,,30.4,ue1_qfi2,0,0.0,0.0,30.303,ok,33.0,,pending,,pending,drone_heavy,0,0,8,PF,1367864806,False
ue1_qfi2,14.333,22.513,24.195,26.156,ok,0.0008218131835884846,ok,ue3_qfi9,0,1,4,1012.4999999999998,data,ok,2.0,False,,proxy,3,0,,ue1_qfi2,0.993421052631579,152,150.0,ok,,ue1_qfi2,26.838,ok,,7,ok,7,,ue1_qfi2,0.957396,ok,0.9970606710569705,proxy,5,0.9965047415279616,30155880.0,ok,0.007206818181818181,ok,0.5225386363636364,0.049075,ok,ue1_qfi82,0.0,99,10.0,data,ok,0.0,ue6_qfi1,18.75,ok,,30.2,ue1_qfi2,0,0.0,0.0,30.303,ok,33.0,,pending,,pending,drone_heavy,0,0,8,Reservation,1367864806,False
ue4_qfi1,3.0,20.5,22.75,22.75,ok,0.00037621670166821205,ok,ue6_qfi9,0,1,4,1012.2500000000003,data,ok,2.0,False,,proxy,3,0,,ue1_qfi2,1.0,152,150.0,ok,,ue1_qfi2,21.5,ok,,7,ok,7,,ue1_qfi2,0.95832,ok,0.9944783421915826,proxy,5,0.9869107461182179,30175820.8,ok,0.007320454545454546,ok,0.46716477272727275,0.0333859375,ok,ue1_qfi82,0.0,99,10.0,data,ok,0.0,ue4_qfi1,19.75,ok,,30.4,ue1_qfi2,0,0.0,0.0,30.303,ok,33.0,,pending,,pending,drone_heavy,0,0,8,TwoTier,1367864806,False
ue7_qfi2,14.67,20.363,22.282,23.621,ok,0.000433797852328318,ok,ue5_qfi9,0,1,4,1010.0000000000002,data,ok,2.0,False,,proxy,3,0,,ue1_qfi2,1.0,152,150.0,ok,,ue7_qfi2,25.054,ok,,7,ok,7,,ue6_qfi2,0.958924,ok,0.9991381746807335,proxy,5,0.9986869248935211,30069964.8,ok,0.007229545454545455,ok,0.46470795454545455,0.03621875,ok,ue1_qfi82,0.0,99,10.0,data,ok,0.0,ue3_qfi1,19.5,ok,,30.4,ue1_qfi2,0,0.0,0.0,30.303,ok,33.0,,pending,,pending,drone_heavy,0,0,8,PF,1097657231,False
ue1_qfi2,14.506,22.944,24.897,26.008,ok,0.0008127563002975744,ok,ue5_qfi9,0,1,4,1012.2499999999999,data,ok,2.0,False,,proxy,3,0,,ue4_qfi2,0.993421052631579,152,150.0,ok,,ue7_qfi2,26.674,ok,,7,ok,7,,ue6_qfi2,0.958924,ok,0.9969220911886468,proxy,5,0.9960646641831776,30054601.6,ok,0.007588636363636363,ok,0.5407636363636363,0.054678125,ok,ue1_qfi82,0.0,99,10.0,data,ok,0.0,ue6_qfi9,22.5,ok,,30.4,ue1_qfi2,0,0.0,0.0,30.303,ok,33.0,,pending,,pending,drone_heavy,0,0,8,Reservation,1097657231,False
ue5_qfi1,8.0,20.5,23.25,23.25,ok,0.00038059059255588206,ok,ue5_qfi9,0,1,4,1015.0000000000001,data,ok,2.0,False,,proxy,3,0,,ue4_qfi2,0.9868421052631579,152,150.0,ok,,ue7_qfi2,22.929,ok,,7,ok,7,,ue6_qfi2,0.958924,ok,0.9944950043705315,proxy,5,0.9872764759612882,30068438.4,ok,0.007102272727272727,ok,0.48572727272727273,0.0372609375,ok,ue1_qfi82,0.0,99,10.0,data,ok,0.0,ue6_qfi1,21.0,ok,,30.0,ue4_qfi2,2,69.0,135.25,30.303,ok,33.0,,pending,,pending,drone_heavy,0,0,8,TwoTier,1097657231,False
ue7_qfi2,14.16,20.5,22.307,23.522,ok,0.0005562339154105368,ok,ue4_qfi9,0,1,4,1015.0000000000001,data,ok,2.0,False,,proxy,3,0,,ue1_qfi2,1.0,152,150.0,ok,,ue7_qfi2,25.464,ok,,7,ok,7,,ue5_qfi2,0.9617648000000001,ok,0.9985268729725103,proxy,5,0.99733193622062,30222083.2,ok,0.006845454545454545,ok,0.46688636363636365,0.0353671875,ok,ue1_qfi82,0.0,99,10.0,data,ok,0.0,ue4_qfi1,21.75,ok,,30.4,ue1_qfi2,0,0.0,0.0,30.303,ok,33.0,,pending,,pending,drone_heavy,0,0,8,PF,579362555,False
ue1_qfi2,14.757,23.909,25.56,26.966,ok,0.0008686490486441351,ok,ue6_qfi9,0,2,4,1014.7499999999998,data,ok,2.0,False,,proxy,3,0,,ue1_qfi2,1.0,152,150.0,ok,,ue1_qfi2,27.626,ok,,7,ok,7,,ue5_qfi2,0.9616876,ok,0.9941115873828734,proxy,5,0.9829624606985053,30219449.6,ok,0.007368181818181818,ok,0.5462056818181819,0.0538453125,ok,ue1_qfi82,0.0,99,10.0,data,ok,0.0,ue6_qfi9,19.75,ok,,30.4,ue1_qfi2,0,0.0,0.0,30.303,ok,33.0,,pending,,pending,drone_heavy,0,0,8,Reservation,579362555,False
ue4_qfi1,3.5,18.5,22.75,22.75,ok,0.00040934837652031875,ok,ue4_qfi9,0,2,4,1014.5000000000005,data,ok,2.0,False,,proxy,3,0,,ue7_qfi2,0.993421052631579,152,150.0,ok,,ue2_qfi2,22.677,ok,,7,ok,7,,ue5_qfi2,0.9617648000000001,ok,0.9944158354637217,proxy,5,0.9869288176645441,30237249.6,ok,0.00675,ok,0.49343977272727274,0.0369796875,ok,ue1_qfi82,0.0,99,10.0,data,ok,0.0,ue4_qfi1,19.25,ok,,30.4,ue1_qfi2,0,0.0,0.0,30.303,ok,33.0,,pending,,pending,drone_heavy,0,0,8,TwoTier,579362555,False
ue7_qfi2,13.565,19.25,20.856,21.5,ok,0.00046601328031501733,ok,ue4_qfi9,0,1,4,1009.7499999999999,data,ok,2.0,False,,proxy,3,0,,ue7_qfi2,0.993421052631579,152,150.0,ok,,ue7_qfi2,24.259,ok,,7,ok,7,,ue2_qfi2,0.9588751999999999,ok,0.9990315261315477,proxy,5,0.9982651474224259,30077057.6,ok,0.006715909090909091,ok,0.4290443181818182,0.0292453125,ok,ue1_qfi82,0.0,99,10.0,data,ok,0.0,ue6_qfi1,19.75,ok,,30.2,ue7_qfi2,1,67.75,67.75,30.303,ok,33.0,,pending,,pending,drone_heavy,0,0,8,PF,661058651,False
ue1_qfi2,13.618,22.314,24.443,25.5,ok,0.0007559057897195643,ok,ue6_qfi9,0,2,4,1014.5,data,ok,2.0,False,,proxy,3,0,,ue6_qfi2,0.993421052631579,152,150.0,ok,,ue1_qfi2,26.36,ok,,7,ok,7,,ue2_qfi2,0.9588751999999999,ok,0.9973581602157218,proxy,5,0.9968481051963364,30078987.2,ok,0.007072727272727273,ok,0.5090511363636364,0.043509375,ok,ue1_qfi82,0.0,99,10.0,data,ok,0.0,ue6_qfi1,20.0,ok,,30.4,ue1_qfi2,0,0.0,0.0,30.303,ok,33.0,,pending,,pending,drone_heavy,0,0,8,Reservation,661058651,False
ue7_qfi2,10.163,17.991,19.431,20.606,ok,0.0003879889133270711,ok,ue6_qfi9,0,1,4,1014.7499999999998,data,ok,2.0,False,,proxy,3,0,,ue6_qfi2,0.993421052631579,152,150.0,ok,,ue7_qfi2,21.75,ok,,7,ok,7,,ue2_qfi2,0.9588751999999999,ok,0.9945046883607315,proxy,5,0.9874513129911885,30097182.4,ok,0.006797727272727273,ok,0.4526375,0.029971875,ok,ue1_qfi82,0.0,99,10.0,data,ok,0.0,ue1_qfi9,17.25,ok,,30.2,ue6_qfi2,1,67.0,67.0,30.303,ok,33.0,,pending,,pending,drone_heavy,0,0,8,TwoTier,661058651,False
ue7_qfi2,14.555,20.265,21.899,23.258,ok,0.0005079964914206009,ok,ue1_qfi85,0,1,1,1741.25,data,ok,2.0,False,,proxy,3,0,,ue1_qfi2,1.0,152,150.0,ok,,ue7_qfi2,24.5,ok,,7,ok,7,,ue6_qfi2,0.9540284,ok,0.9986775532718253,proxy,5,0.9976971739144144,30164724.8,ok,0.006786363636363636,ok,0.4632636363636364,0.0352484375,ok,ue1_qfi82,0.0,99,10.0,data,ok,0.0,ue5_qfi1,19.0,ok,,30.4,ue1_qfi2,0,0.0,0.0,30.303,ok,33.0,,pending,,pending,drone_heavy,0,0,8,PF,87989972,False
ue1_qfi2,14.75,23.386,25.747,26.75,ok,0.0008564599809736863,ok,ue1_qfi85,0,1,1,1741.25,data,ok,2.0,False,,proxy,3,0,,ue1_qfi2,0.993421052631579,152,150.0,ok,,ue1_qfi2,26.982,ok,,7,ok,7,,ue6_qfi2,0.9528916,ok,0.9965715515034896,proxy,5,0.9955625392397489,30134380.8,ok,0.007211363636363636,ok,0.5407579545454545,0.05294375,ok,ue1_qfi82,0.0,99,10.0,data,ok,0.0,ue6_qfi1,20.25,ok,,30.2,ue6_qfi2,1,67.0,67.0,30.303,ok,33.0,,pending,,pending,drone_heavy,0,0,8,Reservation,87989972,False
ue6_qfi1,2.75,20.25,23.0,23.0,ok,0.00040640601525451846,ok,ue1_qfi85,0,1,1,1741.25,data,ok,2.0,False,,proxy,3,0,,ue1_qfi2,1.0,152,150.0,ok,,ue7_qfi2,23.739,ok,,7,ok,7,,ue6_qfi2,0.9540284,ok,0.9944289510462909,proxy,5,0.9872684348518567,30157224.0,ok,0.0067613636363636365,ok,0.48512272727272726,0.0359703125,ok,ue1_qfi82,0.0,99,10.0,data,ok,0.0,ue6_qfi1,20.25,ok,,30.4,ue1_qfi2,0,0.0,0.0,30.303,ok,33.0,,pending,,pending,drone_heavy,0,0,8,TwoTier,87989972,False
ue7_qfi2,15.102,20.678,22.246,23.602,ok,0.0005127100036113355,ok,ue1_qfi85,1,1,1,2417.5,data,ok,2.0,False,,proxy,3,0,,ue4_qfi2,0.993421052631579,152,150.0,ok,,ue7_qfi2,25.463,ok,,7,ok,7,,ue5_qfi2,0.9614775999999999,ok,0.998913816517925,proxy,5,0.9985305176815337,30175518.4,ok,0.006813636363636364,ok,0.46455795454545457,0.0358375,ok,ue1_qfi82,0.0,99,10.0,data,ok,0.0,ue6_qfi1,18.75,ok,,30.2,ue4_qfi2,1,67.5,67.5,30.303,ok,33.0,,pending,,pending,drone_heavy,0,0,8,PF,161576974,False
ue1_qfi2,14.818,23.258,24.898,25.517,ok,0.0008603521754895754,ok,ue1_qfi85,1,1,1,2417.5,data,ok,2.0,False,,proxy,3,0,,ue5_qfi2,0.993421052631579,152,150.0,ok,,ue7_qfi2,26.718,ok,,7,ok,7,,ue5_qfi2,0.9609004,ok,0.9964270961297637,proxy,5,0.9954317920362186,30151926.400000002,ok,0.007518181818181818,ok,0.5409397727272727,0.0530046875,ok,ue1_qfi82,0.0,99,10.0,data,ok,0.0,ue3_qfi1,18.5,ok,,30.2,ue5_qfi2,1,67.5,67.5,30.303,ok,33.0,,pending,,pending,drone_heavy,0,0,8,Reservation,161576974,False
ue6_qfi1,8.0,18.0,25.5,25.5,ok,0.00039963481353769294,ok,ue1_qfi85,1,1,1,2417.5,data,ok,2.0,False,,proxy,3,0,,ue7_qfi2,0.9868421052631579,152,150.0,ok,,ue7_qfi2,23.739,ok,,7,ok,7,,ue5_qfi2,0.9612008000000001,ok,0.9944152976001593,proxy,5,0.9871128819672537,30159832.0,ok,0.006840909090909091,ok,0.4858636363636364,0.0367390625,ok,ue1_qfi82,0.0,99,10.0,data,ok,0.0,ue5_qfi1,18.25,ok,,30.4,ue1_qfi2,0,0.0,0.0,30.303,ok,33.0,,pending,,pending,drone_heavy,0,0,8,TwoTier,161576974,False
ue5_qfi1,1.75,18.0,23.0,23.0,ok,0.00043678369832890734,ok,ue2_qfi9,0,1,4,1013.0000000000003,data,ok,2.0,False,,proxy,3,0,,ue6_qfi2,0.993421052631579,152,150.0,ok,,ue7_qfi2,24.755,ok,,7,ok,7,,ue1_qfi2,0.9544704,ok,0.9990726029404318,proxy,5,0.9986766142063315,30164649.6,ok,0.0074477272727272725,ok,0.4658181818181818,0.0364328125,ok,ue1_qfi82,0.0,99,10.0,data,ok,0.0,ue3_qfi1,22.0,ok,,30.4,ue1_qfi2,0,0.0,0.0,30.303,ok,33.0,,pending,,pending,drone_heavy,0,0,8,PF,35492826,False
ue1_qfi2,15.04,23.25,25.013,26.218,ok,0.0009276266700540565,ok,ue2_qfi9,0,1,4,1012.9999999999999,data,ok,2.0,False,,proxy,3,0,,ue3_qfi2,0.993421052631579,152,150.0,ok,,ue1_qfi2,26.99,ok,,7,ok,7,,ue1_qfi2,0.9537284,ok,0.995885633575204,proxy,5,0.9948907343208345,30152406.400000002,ok,0.00745,ok,0.5424193181818182,0.0549015625,ok,ue1_qfi82,0.0,99,10.0,data,ok,0.0,ue6_qfi1,20.5,ok,,30.4,ue1_qfi2,0,0.0,0.0,30.303,ok,33.0,,pending,,pending,drone_heavy,0,0,8,Reservation,35492826,False
ue4_qfi1,7.75,20.5,23.25,23.25,ok,0.0003808122793266819,ok,ue5_qfi9,0,1,4,1015.4999999999999,data,ok,2.0,False,,proxy,3,0,,ue1_qfi2,1.0,152,150.0,ok,,ue7_qfi2,23.363,ok,,7,ok,7,,ue1_qfi2,0.9555788000000001,ok,0.9894259466658953,proxy,5,0.9639239857119611,30160531.2,ok,0.007047727272727272,ok,0.4879806818181818,0.0376671875,ok,ue1_qfi82,0.0,99,10.0,data,ok,0.0,ue5_qfi1,19.5,ok,,30.4,ue1_qfi2,0,0.0,0.0,30.303,ok,33.0,,pending,,pending,drone_heavy,0,0,8,TwoTier,35492826,False
ue1_qfi2,11.874,19.118,21.551,22.811,ok,0.0006540918907322617,ok,ue6_qfi9,0,1,4,1012.4999999999998,data,ok,2.0,False,,proxy,3,0,,ue1_qfi2,1.0,152,150.0,ok,,ue7_qfi2,23.492,ok,,7,ok,7,,ue3_qfi2,0.9667564000000001,ok,0.9978544606561425,proxy,5,0.9969307431274168,30312609.6,ok,0.0067613636363636365,ok,0.45037954545454545,0.032540625,ok,ue1_qfi82,0.0,99,10.0,data,ok,0.0,ue2_qfi1,19.5,ok,,30.4,ue1_qfi2,0,0.0,0.0,30.303,ok,33.0,,pending,,pending,drone_heavy,0,0,8,PF,376383645,False
ue1_qfi2,14.576,23.057,25.379,25.807,ok,0.0008647496975828838,ok,ue6_qfi9,0,2,4,1014.5,data,ok,2.0,False,,proxy,3,0,,ue1_qfi2,1.0,152,150.0,ok,,ue1_qfi2,26.635,ok,,7,ok,7,,ue3_qfi2,0.9667564000000001,ok,0.9964310726066101,proxy,5,0.9951105088417388,30307401.6,ok,0.007670454545454545,ok,0.5283011363636364,0.0481890625,ok,ue1_qfi82,0.0,99,10.0,data,ok,0.0,ue2_qfi1,19.75,ok,,30.4,ue1_qfi2,0,0.0,0.0,30.303,ok,33.0,,pending,,pending,drone_heavy,0,0,8,Reservation,376383645,False
ue3_qfi1,2.0,15.5,25.5,25.5,ok,0.0004518745673842982,ok,ue6_qfi9,0,1,4,1015.0000000000001,data,ok,2.0,False,,proxy,3,0,,ue1_qfi2,1.0,152,150.0,ok,,ue2_qfi2,22.135,ok,,7,ok,7,,ue3_qfi2,0.9667564000000001,ok,0.994176125820648,proxy,5,0.9869971544414358,30321014.4,ok,0.00705,ok,0.47559318181818183,0.0343625,ok,ue1_qfi82,0.0,99,10.0,data,ok,0.0,ue3_qfi1,23.5,ok,,30.4,ue1_qfi2,0,0.0,0.0,30.303,ok,33.0,,pending,,pending,drone_heavy,0,0,8,TwoTier,376383645,False
ue3_qfi1,1.5,18.25,25.75,25.75,ok,0.00034851907754941783,ok,ue3_qfi9,0,1,4,1013.0000000000003,data,ok,2.0,False,,proxy,3,0,,ue1_qfi2,1.0,152,150.0,ok,,ue7_qfi2,25.349,ok,,7,ok,7,,ue6_qfi2,0.9629668,ok,0.9993399333952843,proxy,5,0.9990074279642399,30169752.0,ok,0.006918181818181818,ok,0.46201136363636364,0.03415,ok,ue1_qfi82,0.0,99,10.0,data,ok,0.0,ue3_qfi1,24.25,ok,,30.4,ue1_qfi2,0,0.0,0.0,30.303,ok,33.0,,pending,,pending,drone_heavy,0,0,8,PF,1746484539,False
ue7_qfi2,14.151,21.349,23.279,24.941,ok,0.0007556317716430721,ok,ue6_qfi9,0,1,4,1014.7499999999998,data,ok,2.0,False,,proxy,3,0,,ue1_qfi2,1.0,152,150.0,ok,,ue7_qfi2,27.411,ok,,7,ok,7,,ue6_qfi2,0.9629668,ok,0.9972246204489588,proxy,5,0.9959701098845593,30146897.599999998,ok,0.007556818181818182,ok,0.5381443181818182,0.0511265625,ok,ue1_qfi82,0.0,99,10.0,data,ok,0.0,ue5_qfi1,21.0,ok,,30.4,ue1_qfi2,0,0.0,0.0,30.303,ok,33.0,,pending,,pending,drone_heavy,0,0,8,Reservation,1746484539,False
ue6_qfi1,2.75,18.25,23.0,23.0,ok,0.00040239688811659596,ok,ue3_qfi9,0,1,4,1012.4999999999998,data,ok,2.0,False,,proxy,3,0,,ue1_qfi2,1.0,152,150.0,ok,,ue7_qfi2,23.397,ok,,7,ok,7,,ue6_qfi2,0.9629668,ok,0.9944582644172613,proxy,5,0.9871018006273483,30171630.4,ok,0.007090909090909091,ok,0.48248522727272725,0.033909375,ok,ue1_qfi82,0.0,99,10.0,data,ok,0.0,ue6_qfi1,20.25,ok,,30.4,ue1_qfi2,0,0.0,0.0,30.303,ok,33.0,,pending,,pending,drone_heavy,0,0,8,TwoTier,1746484539,False
ue1_qfi2,3.296,9.079,10.781,12.386,ok,0.0,ok,ue1_qfi82,0,0,4,1000.0,data,ok,2.0,False,,proxy,3,0,,ue1_qfi2,1.0,152,150.0,ok,,ue1_qfi2,14.051,ok,,1,ok,1,,ue1_qfi2,1.0276416,ok,0.9999989253387824,proxy,5,0.9999972782812627,6272585.6,ok,0.015511363636363636,ok,0.08941136363636364,0.021075,ok,ue1_qfi82,0.0,4,10.0,data,ok,0.0,ue1_qfi2,9.09,ok,,30.4,ue1_qfi2,0,0.0,0.0,30.303,ok,33.0,,pending,,pending,sensor_dense,2,0,8,PF,1826701614,False
ue1_qfi2,3.262,9.079,10.658,11.891,ok,0.0,ok,ue1_qfi82,0,2,4,1001.5,data,ok,2.0,False,,proxy,3,0,,ue1_qfi2,1.0,152,150.0,ok,,ue1_qfi2,14.051,ok,,1,ok,1,,ue1_qfi2,1.0276416,ok,0.999998901703855,proxy,5,0.9999972782812627,6272585.6,ok,0.0184,ok,0.11325227272727273,0.0210515625,ok,ue1_qfi82,0.0,4,10.0,data,ok,0.0,ue1_qfi2,8.629,ok,,30.4,ue1_qfi2,0,0.0,0.0,30.303,ok,33.0,,pending,,pending,sensor_dense,2,0,8,Reservation,1826701614,False
ue1_qfi2,3.287,9.25,10.582,12.07,ok,0.0,ok,ue1_qfi82,0,2,4,1001.5,data,ok,2.0,False,,proxy,3,0,,ue1_qfi2,1.0,152,150.0,ok,,ue1_qfi2,13.741,ok,,1,ok,1,,ue1_qfi2,1.0276416,ok,0.999998901703855,proxy,5,0.9999972782812627,6272585.6,ok,0.01548409090909091,ok,0.090675,0.021096875,ok,ue1_qfi82,0.0,4,10.0,data,ok,0.0,ue1_qfi2,8.783000000000001,ok,,30.4,ue1_qfi2,0,0.0,0.0,30.303,ok,33.0,,pending,,pending,sensor_dense,2,0,8,TwoTier,1826701614,False
ue1_qfi2,3.386,8.896,10.75,12.008,ok,0.0,ok,ue1_qfi82,0,0,4,1000.0,data,ok,2.0,False,,proxy,3,0,,ue1_qfi2,1.0,152,150.0,ok,,ue1_qfi2,13.467,ok,,1,ok,1,,ue1_qfi2,1.0266378666666667,ok,0.9999966846433258,proxy,5,0.9999932076888538,6266233.600000001,ok,0.015104545454545454,ok,0.09008977272727273,0.022303125,ok,ue1_qfi82,0.0,4,10.0,data,ok,0.0,ue1_qfi2,8.622,ok,,30.4,ue1_qfi2,0,0.0,0.0,30.303,ok,33.0,,pending,,pending,sensor_dense,2,0,8,PF,1367864806,False
ue1_qfi2,3.433,8.902,10.906,11.923,ok,0.0,ok,ue1_qfi82,0,0,4,1000.0,data,ok,2.0,False,,proxy,3,0,,ue1_qfi2,1.0,152,150.0,ok,,ue1_qfi2,13.263,ok,,1,ok,1,,ue1_qfi2,1.0266378666666667,ok,0.9999920951862604,proxy,5,0.9999722414172724,6266182.4,ok,0.018136363636363638,ok,0.11583522727272727,0.0224171875,ok,ue1_qfi82,0.0,4,10.0,data,ok,0.0,ue1_qfi2,8.49,ok,,30.4,ue1_qfi2,0,0.0,0.0,30.303,ok,33.0,,pending,,pending,sensor_dense,2,0,8,Reservation,1367864806,False
ue1_qfi2,3.415,8.665,10.292,11.25,ok,0.0,ok,ue1_qfi82,0,1,4,1001.5,data,ok,2.0,False,,proxy,3,0,,ue1_qfi2,0.993421052631579,152,150.0,ok,,ue1_qfi2,12.785,ok,,1,ok,1,,ue1_qfi2,1.0257909333333333,ok,0.9999971412149649,proxy,5,0.9999952110634759,6261150.399999999,ok,0.015093181818181818,ok,0.0906875,0.0222578125,ok,ue1_qfi82,0.0,4,10.0,data,ok,0.0,ue1_qfi2,7.835,ok,,30.2,ue1_qfi2,0,0.0,0.0,30.303,ok,33.0,,pending,,pending,sensor_dense,2,0,8,TwoTier,1367864806,False
ue1_qfi2,3.088,8.689,10.23,11.74,ok,0.0,ok,ue1_qfi82,0,0,4,1000.0,data,ok,2.0,False,,proxy,3,0,,ue1_qfi2,1.0,152,150.0,ok,,ue1_qfi2,13.289,ok,,1,ok,1,,ue1_qfi2,1.0126202666666666,ok,0.999998420509916,proxy,5,0.9999957242348092,6182248.0,ok,0.015218181818181818,ok,0.0877875,0.02226875,ok,ue1_qfi82,0.0,4,10.0,data,ok,0.0,ue1_qfi2,8.652000000000001,ok,,30.4,ue1_qfi2,0,0.0,0.0,30.303,ok,33.0,,pending,,pending,sensor_dense,2,0,8,PF,1097657231,False
ue1_qfi2,3.345,9.176,10.759,11.802,ok,0.0,ok,ue1_qfi82,0,0,4,1000.0,data,ok,2.0,False,,proxy,3,0,,ue1_qfi2,1.0,152,150.0,ok,,ue1_qfi2,13.23,ok,,1,ok,1,,ue1_qfi2,1.0126202666666666,ok,0.999997866264356,proxy,5,0.9999957242348092,6182246.399999999,ok,0.017968181818181817,ok,0.11370568181818182,0.0223203125,ok,ue1_qfi82,0.0,4,10.0,data,ok,0.0,ue1_qfi2,8.456999999999999,ok,,30.4,ue1_qfi2,0,0.0,0.0,30.303,ok,33.0,,pending,,pending,sensor_dense,2,0,8,Reservation,1097657231,False
ue1_qfi2,3.158,8.888,10.605,11.903,ok,0.0,ok,ue1_qfi82,0,0,4,1000.0,data,ok,2.0,False,,proxy,3,0,,ue1_qfi2,1.0,152,150.0,ok,,ue1_qfi2,13.028,ok,,1,ok,1,,ue1_qfi2,1.0126202666666666,ok,0.9999971950563478,proxy,5,0.9999942449093945,6182244.8,ok,0.015179545454545454,ok,0.0889125,0.0222421875,ok,ue1_qfi82,0.0,4,10.0,data,ok,0.0,ue1_qfi2,8.745000000000001,ok,,30.4,ue1_qfi2,0,0.0,0.0,30.303,ok,33.0,,pending,,pending,sensor_dense,2,0,8,TwoTier,1097657231,False
ue1_qfi2,3.307,8.522,9.964,11.287,ok,0.0,ok,ue1_qfi82,0,0,4,1000.0,data,ok,2.0,False,,proxy,3,0,,ue1_qfi2,1.0,152,150.0,ok,,ue1_qfi2,13.384,ok,,1,ok,1,,ue1_qfi2,1.0054096,ok,0.9999965808040265,proxy,5,0.9999885685169301,6138809.6,ok,0.014956818181818182,ok,0.08583181818181818,0.0217109375,ok,ue1_qfi82,0.0,4,10.0,data,ok,0.0,ue1_qfi2,7.98,ok,,30.4,ue1_qfi2,0,0.0,0.0,30.303,ok,33.0,,pending,,pending,sensor_dense,2,0,8,PF,579362555,False
ue1_qfi2,3.287,8.624,9.918,10.819,ok,0.0,ok,ue1_qfi82,0,0,4,1000.0,data,ok,2.0,False,,proxy,3,0,,ue1_qfi2,1.0,152,150.0,ok,,ue1_qfi2,12.62,ok,,1,ok,1,,ue1_qfi2,1.0054096,ok,0.999992733426074,proxy,5,0.9999758889598472,6138707.199999999,ok,0.017845454545454546,ok,0.11045568181818181,0.021796875,ok,ue1_qfi82,0.0,4,10.0,data,ok,0.0,ue1_qfi2,7.532000000000001,ok,,30.4,ue1_qfi2,0,0.0,0.0,30.303,ok,33.0,,pending,,pending,sensor_dense,2,0,8,Reservation,579362555,False
ue1_qfi2,3.206,8.575,9.944,11.32,ok,0.0,ok,ue1_qfi82,0,0,4,1000.0,data,ok,2.0,False,,proxy,3,0,,ue1_qfi2,1.0,152,150.0,ok,,ue1_qfi2,13.653,ok,,1,ok,1,,ue1_qfi2,1.0054096,ok,0.9999973438766541,proxy,5,0.999989406464069,6138809.6,ok,0.014954545454545455,ok,0.08673863636363636,0.0217328125,ok,ue1_qfi82,0.0,4,10.0,data,ok,0.0,ue1_qfi2,8.114,ok,,30.4,ue1_qfi2,0,0.0,0.0,30.303,ok,33.0,,pending,,pending,sensor_dense,2,0,8,TwoTier,579362555,False
ue1_qfi2,3.331,9.298,10.969,12.217,ok,0.0,ok,ue1_qfi82,0,0,4,1000.0,data,ok,2.0,False,,proxy,3,0,,ue1_qfi2,1.0,152,150.0,ok,,ue1_qfi2,14.113,ok,,1,ok,1,,ue1_qfi2,1.0151264,ok,0.9999944435389487,proxy,5,0.9999871801149348,6197454.4,ok,0.015161363636363636,ok,0.0851875,0.0199328125,ok,ue1_qfi82,0.0,4,10.0,data,ok,0.0,ue1_qfi2,8.886000000000001,ok,,30.4,ue1_qfi2,0,0.0,0.0,30.303,ok,33.0,,pending,,pending,sensor_dense,2,0,8,PF,661058651,False
ue1_qfi2,3.396,9.464,10.776,11.809,ok,0.0,ok,ue1_qfi82,0,1,4,1001.5,data,ok,2.0,False,,proxy,3,0,,ue1_qfi2,1.0,152,150.0,ok,,ue1_qfi2,13.581,ok,,1,ok,1,,ue1_qfi2,1.0151264,ok,0.9999926059311361,proxy,5,0.9999828987554628,6197456.0,ok,0.018115909090909092,ok,0.11156022727272727,0.019978125,ok,ue1_qfi82,0.0,4,10.0,data,ok,0.0,ue1_qfi2,8.413,ok,,30.4,ue1_qfi2,0,0.0,0.0,30.303,ok,33.0,,pending,,pending,sensor_dense,2,0,8,Reservation,661058651,False
ue1_qfi2,3.397,9.214,10.701,12.129,ok,0.0,ok,ue1_qfi82,0,1,4,1001.5,data,ok,2.0,False,,proxy,3,0,,ue1_qfi2,0.993421052631579,152,150.0,ok,,ue1_qfi2,14.164,ok,,1,ok,1,,ue1_qfi2,1.0142794666666666,ok,0.999993590597902,proxy,5,0.9999829785982822,6192374.399999999,ok,0.015122727272727272,ok,0.08600454545454546,0.0198984375,ok,ue1_qfi82,0.0,4,10.0,data,ok,0.0,ue1_qfi2,8.732,ok,,30.2,ue1_qfi2,1,66.25,66.25,30.303,ok,33.0,,pending,,pending,sensor_dense,2,0,8,TwoTier,661058651,False
ue1_qfi2,3.324,8.618,10.065,11.309,ok,0.0,ok,ue1_qfi82,0,0,4,1000.0,data,ok,2.0,False,,proxy,3,0,,ue1_qfi2,1.0,152,150.0,ok,,ue1_qfi2,13.43,ok,,1,ok,1,,ue1_qfi2,1.0040567999999999,ok,0.9999972032439561,proxy,5,0.99999354393762,6130817.6,ok,0.01496590909090909,ok,0.09142045454545454,0.0221171875,ok,ue1_qfi82,0.0,4,10.0,data,ok,0.0,ue1_qfi2,7.984999999999999,ok,,30.4,ue1_qfi2,0,0.0,0.0,30.303,ok,33.0,,pending,,pending,sensor_dense,2,0,8,PF,87989972,False
ue1_qfi2,3.362,8.602,10.666,12.739,ok,0.0,ok,ue1_qfi82,0,0,4,1000.0,data,ok,2.0,False,,proxy,3,0,,ue1_qfi2,1.0,152,150.0,ok,,ue1_qfi2,13.818,ok,,1,ok,1,,ue1_qfi2,1.0040567999999999,ok,0.9999963753056041,proxy,5,0.9999934309355613,6130819.2,ok,0.017922727272727274,ok,0.11577727272727273,0.0222,ok,ue1_qfi82,0.0,4,10.0,data,ok,0.0,ue1_qfi2,9.377,ok,,30.4,ue1_qfi2,0,0.0,0.0,30.303,ok,33.0,,pending,,pending,sensor_dense,2,0,8,Reservation,87989972,False
ue1_qfi2,3.36,8.602,10.469,12.014,ok,0.0,ok,ue1_qfi82,0,0,4,1000.0,data,ok,2.0,False,,proxy,3,0,,ue1_qfi2,1.0,152,150.0,ok,,ue1_qfi2,13.368,ok,,1,ok,1,,ue1_qfi2,1.0040567999999999,ok,0.9999959663036432,proxy,5,0.9999894517540919,6130814.399999999,ok,0.015025,ok,0.09190568181818182,0.022140625,ok,ue1_qfi82,0.0,4,10.0,data,ok,0.0,ue1_qfi2,8.654,ok,,30.4,ue1_qfi2,0,0.0,0.0,30.303,ok,33.0,,pending,,pending,sensor_dense,2,0,8,TwoTier,87989972,False
ue1_qfi2,3.125,8.635,10.346,11.5,ok,0.0,ok,ue1_qfi82,0,0,4,1000.0,data,ok,2.0,False,,proxy,3,0,,ue1_qfi2,1.0,152,150.0,ok,,ue1_qfi2,13.188,ok,,1,ok,1,,ue1_qfi2,0.9846509333333333,ok,0.999997013976128,proxy,5,0.9999934470587489,6014345.6,ok,0.01509090909090909,ok,0.08565340909090909,0.020903125,ok,ue1_qfi82,0.0,4,10.0,data,ok,0.0,ue1_qfi2,8.375,ok,,30.4,ue1_qfi2,0,0.0,0.0,30.303,ok,33.0,,pending,,pending,sensor_dense,2,0,8,PF,161576974,False
ue1_qfi2,3.14,8.688,10.605,11.644,ok,0.0,ok,ue1_qfi82,0,0,4,1000.0,data,ok,2.0,False,,proxy,3,0,,ue1_qfi2,1.0,152,150.0,ok,,ue1_qfi2,13.494,ok,,1,ok,1,,ue1_qfi2,0.9846509333333333,ok,0.999995826699841,proxy,5,0.9999925091176629,6014345.6,ok,0.017804545454545455,ok,0.10971818181818181,0.02095,ok,ue1_qfi82,0.0,4,10.0,data,ok,0.0,ue1_qfi2,8.504,ok,,30.4,ue1_qfi2,0,0.0,0.0,30.303,ok,33.0,,pending,,pending,sensor_dense,2,0,8,Reservation,161576974,False
ue1_qfi2,3.125,8.635,10.88,11.917,ok,0.0,ok,ue1_qfi82,0,0,4,1000.0,data,ok,2.0,False,,proxy,3,0,,ue1_qfi2,1.0,152,150.0,ok,,ue1_qfi2,13.435,ok,,1,ok,1,,ue1_qfi2,0.9846509333333333,ok,0.9999953167187796,proxy,5,0.999991265709403,6014345.6,ok,0.015093181818181818,ok,0.08680454545454545,0.0209109375,ok,ue1_qfi82,0.0,4,10.0,data,ok,0.0,ue1_qfi2,8.792,ok,,30.4,ue1_qfi2,0,0.0,0.0,30.303,ok,33.0,,pending,,pending,sensor_dense,2,0,8,TwoTier,161576974,False
ue1_qfi2,3.421,9.299,11.088,12.194,ok,0.0,ok,ue1_qfi82,0,1,4,1001.5,data,ok,2.0,False,,proxy,3,0,,ue1_qfi2,1.0,152,150.0,ok,,ue1_qfi2,13.795,ok,,1,ok,1,,ue1_qfi2,1.0160629333333333,ok,0.9998743020759557,proxy,5,0.9993892034090659,6202934.399999999,ok,0.015406818181818181,ok,0.09844659090909091,0.023984375,ok,ue1_qfi82,0.0,4,10.0,data,ok,0.0,ue1_qfi2,8.773000000000001,ok,,30.4,ue1_qfi2,0,0.0,0.0,30.303,ok,33.0,,pending,,pending,sensor_dense,2,0,8,PF,35492826,False
ue1_qfi2,3.457,9.203,10.96,12.61,ok,0.0,ok,ue1_qfi82,0,0,4,1000.0,data,ok,2.0,False,,proxy,3,0,,ue1_qfi2,1.0,152,150.0,ok,,ue1_qfi2,13.911,ok,,1,ok,1,,ue1_qfi2,1.0160629333333333,ok,0.999996983651165,proxy,5,0.9999958921912772,6203011.199999999,ok,0.01839318181818182,ok,0.12260454545454545,0.0239234375,ok,ue1_qfi82,0.0,4,10.0,data,ok,0.0,ue1_qfi2,9.152999999999999,ok,,30.4,ue1_qfi2,0,0.0,0.0,30.303,ok,33.0,,pending,,pending,sensor_dense,2,0,8,Reservation,35492826,False
ue1_qfi2,3.392,9.192,11.46,12.808,ok,0.0,ok,ue1_qfi82,0,0,4,1000.0,data,ok,2.0,False,,proxy,3,0,,ue1_qfi2,1.0,152,150.0,ok,,ue1_qfi2,14.049,ok,,1,ok,1,,ue1_qfi2,1.0160629333333333,ok,0.999996983651165,proxy,5,0.9999958921912772,6203011.199999999,ok,0.015402272727272728,ok,0.09937840909090909,0.0239125,ok,ue1_qfi82,0.0,4,10.0,data,ok,0.0,ue1_qfi2,9.416,ok,,30.4,ue1_qfi2,0,0.0,0.0,30.303,ok,33.0,,pending,,pending,sensor_dense,2,0,8,TwoTier,35492826,False
ue1_qfi2,3.822,9.37,11.189,12.973,ok,0.0,ok,ue1_qfi82,0,1,4,1001.5,data,ok,2.0,False,,proxy,3,0,,ue1_qfi2,0.9868421052631579,152,150.0,ok,,ue1_qfi2,14.299,ok,,1,ok,1,,ue1_qfi2,1.0101162666666665,ok,0.9999919387909703,proxy,5,0.9999856850221782,6167216.0,ok,0.014920454545454546,ok,0.09840681818181818,0.022165625,ok,ue1_qfi82,0.0,4,10.0,data,ok,0.0,ue1_qfi2,9.151,ok,,30.0,ue1_qfi2,2,72.5,144.75,30.303,ok,33.0,,pending,,pending,sensor_dense,2,0,8,PF,376383645,False
ue1_qfi2,3.91,9.552,11.323,13.002,ok,0.0,ok,ue1_qfi82,0,0,4,1000.0,data,ok,2.0,False,,proxy,3,0,,ue1_qfi2,0.9868421052631579,152,150.0,ok,,ue1_qfi2,14.537,ok,,1,ok,1,,ue1_qfi2,1.0100405333333333,ok,0.9999971068329707,proxy,5,0.9999923850322855,6166763.2,ok,0.017802272727272726,ok,0.12275568181818182,0.0222546875,ok,ue1_qfi82,0.0,4,10.0,data,ok,0.0,ue1_qfi2,9.092,ok,,30.0,ue1_qfi2,2,72.5,142.25,30.303,ok,33.0,,pending,,pending,sensor_dense,2,0,8,Reservation,376383645,False
ue1_qfi2,3.865,9.439,11.189,13.062,ok,0.0,ok,ue1_qfi82,0,0,4,1000.0,data,ok,2.0,False,,proxy,3,0,,ue1_qfi2,1.0,152,150.0,ok,,ue1_qfi2,14.439,ok,,1,ok,1,,ue1_qfi2,1.0112448,ok,0.9999967318256966,proxy,5,0.999993590191797,6173987.2,ok,0.014956818181818182,ok,0.09886363636363636,0.0220859375,ok,ue1_qfi82,0.0,4,10.0,data,ok,0.0,ue1_qfi2,9.197,ok,,30.4,ue1_qfi2,0,0.0,0.0,30.303,ok,33.0,,pending,,pending,sensor_dense,2,0,8,TwoTier,376383645,False
ue1_qfi2,3.426,9.0,10.619,11.5,ok,0.0,ok,ue1_qfi82,0,0,4,1000.0,data,ok,2.0,False,,proxy,3,0,,ue1_qfi2,1.0,152,150.0,ok,,ue1_qfi2,13.35,ok,,1,ok,1,,ue1_qfi2,1.0158973333333334,ok,0.9999977701198175,proxy,5,0.9999968011063564,6201862.4,ok,0.015111363636363636,ok,0.08702727272727273,0.021784375,ok,ue1_qfi82,0.0,4,10.0,data,ok,0.0,ue1_qfi2,8.074,ok,,30.4,ue1_qfi2,0,0.0,0.0,30.303,ok,33.0,,pending,,pending,sensor_dense,2,0,8,PF,1746484539,False
ue1_qfi2,3.413,9.065,10.786,11.867,ok,0.0,ok,ue1_qfi82,0,1,4,1001.5,data,ok,2.0,False,,proxy,3,0,,ue1_qfi2,1.0,152,150.0,ok,,ue1_qfi2,14.149,ok,,1,ok,1,,ue1_qfi2,1.0158973333333334,ok,0.9999979521659805,proxy,5,0.9999968011063564,6201864.0,ok,0.018129545454545454,ok,0.11166818181818182,0.0218421875,ok,ue1_qfi82,0.0,4,10.0,data,ok,0.0,ue1_qfi2,8.454,ok,,30.4,ue1_qfi2,0,0.0,0.0,30.303,ok,33.0,,pending,,pending,sensor_dense,2,0,8,Reservation,1746484539,False
ue1_qfi2,3.333,9.134,10.634,11.5,ok,0.0,ok,ue1_qfi82,0,1,4,1001.5,data,ok,2.0,False,,proxy,3,0,,ue1_qfi2,1.0,152,150.0,ok,,ue1_qfi2,13.131,ok,,1,ok,1,,ue1_qfi2,1.0158973333333334,ok,0.9999962437559038,proxy,5,0.9999926849848895,6201860.8,ok,0.015175,ok,0.08778295454545454,0.0217703125,ok,ue1_qfi82,0.0,4,10.0,data,ok,0.0,ue1_qfi2,8.167,ok,,30.4,ue1_qfi2,0,0.0,0.0,30.303,ok,33.0,,pending,,pending,sensor_dense,2,0,8,TwoTier,1746484539,False
ue1_qfi9,5.75,51.0,59.25,63.75,ok,0.0008266889505702709,ok,ue6_qfi9,0,2,4,1012.2500000000003,data,ok,2.0,False,,proxy,3,0,,ue1_qfi2,0.993421052631579,152,150.0,ok,,ue1_qfi2,50.766,ok,,7,ok,8,,ue1_qfi4,0.4,ok,0.994634990446994,proxy,5,0.9846056542467826,34981726.4,ok,0.007095454545454545,ok,0.5161534090909091,0.0339484375,ok,ue1_qfi82,0.0,99,10.0,data,ok,0.0,ue1_qfi9,58.0,ok,,30.2,ue1_qfi2,6,88.0,452.5,30.303,ok,33.0,,pending,,pending,drone_heavy,2,1,8,PF,1826701614,True
ue1_qfi9,9.0,45.5,53.75,58.0,ok,0.0009740991845656896,ok,ue3_qfi9,0,1,4,1016.7500000000005,data,ok,2.0,False,,proxy,3,0,,ue1_qfi2,1.0,152,150.0,ok,,ue1_qfi2,46.196,ok,,7,ok,8,,ue1_qfi4,0.4,ok,0.9937058399216024,proxy,5,0.9878201460959666,34963033.6,ok,0.007206818181818181,ok,0.5906420454545455,0.05254375,ok,ue1_qfi82,0.0,99,10.0,data,ok,0.0,ue1_qfi9,49.0,ok,,30.4,ue1_qfi2,3,71.5,213.0,30.303,ok,33.0,,pending,,pending,drone_heavy,2,1,8,Reservation,1826701614,True
ue6_qfi1,8.0,29.25,55.25,55.25,ok,0.0005754852863985191,ok,ue4_qfi9,0,2,4,1030.25,data,ok,2.0,False,,proxy,3,0,,ue7_qfi2,0.993421052631579,152,150.0,ok,,ue1_qfi2,29.266,ok,,7,ok,8,,ue1_qfi4,0.4,ok,0.9928426601592413,proxy,5,0.9863944852452068,34995104.0,ok,0.0068295454545454545,ok,0.5416909090909091,0.0347890625,ok,ue1_qfi82,0.0,99,10.0,data,ok,0.0,ue6_qfi1,47.25,ok,,30.4,ue1_qfi2,0,0.0,0.0,30.303,ok,33.0,,pending,,pending,drone_heavy,2,1,8,TwoTier,1826701614,True
ue1_qfi9,5.75,46.0,53.25,56.5,ok,0.0008067236697736725,ok,ue4_qfi9,0,2,4,1007.9999999999995,data,ok,2.0,False,,proxy,3,0,,ue1_qfi2,1.0,152,150.0,ok,,ue1_qfi2,48.861,ok,,7,ok,8,,ue1_qfi4,0.4,ok,0.9944343608486379,proxy,5,0.9836883232127921,34959715.199999996,ok,0.007161363636363637,ok,0.5083363636363636,0.0333578125,ok,ue1_qfi82,0.0,99,10.0,data,ok,0.0,ue1_qfi9,50.75,ok,,30.4,ue1_qfi2,3,74.0,210.25,30.303,ok,33.0,,pending,,pending,drone_heavy,2,1,8,PF,1367864806,True
ue1_qfi9,9.0,42.25,49.75,53.0,ok,0.0009832822801390747,ok,ue3_qfi9,0,1,4,1015.25,data,ok,2.0,False,,proxy,3,0,,ue2_qfi2,0.993421052631579,152,150.0,ok,,ue1_qfi2,43.214,ok,,7,ok,8,,ue1_qfi4,0.4,ok,0.9938930162873436,proxy,5,0.987934673453473,34946852.8,ok,0.007406818181818182,ok,0.5821034090909091,0.051925,ok,ue1_qfi82,0.0,99,10.0,data,ok,0.0,ue1_qfi9,44.0,ok,,30.4,ue1_qfi2,3,68.5,203.5,30.303,ok,33.0,,pending,,pending,drone_heavy,2,1,8,Reservation,1367864806,True
ue1_qfi9,2.25,27.5,34.0,37.0,ok,0.0005660233259964174,ok,ue3_qfi9,0,2,4,1010.9999999999997,data,ok,2.0,False,,proxy,3,0,,ue1_qfi2,1.0,152,150.0,ok,,ue1_qfi2,29.95,ok,,7,ok,8,,ue1_qfi4,0.4,ok,0.9929225110372798,proxy,5,0.9866397573077946,34967048.0,ok,0.0074,ok,0.5326318181818182,0.034715625,ok,ue1_qfi82,0.0,99,10.0,data,ok,0.0,ue1_qfi9,34.75,ok,,30.4,ue1_qfi2,0,0.0,0.0,30.303,ok,33.0,,pending,,pending,drone_heavy,2,1,8,TwoTier,1367864806,True
ue1_qfi9,6.75,50.0,58.5,64.25,ok,0.0008620762805639754,ok,ue5_qfi9,0,2,4,1011.4999999999999,data,ok,2.0,False,,proxy,3,0,,ue6_qfi2,0.993421052631579,152,150.0,ok,,ue1_qfi2,52.133,ok,,7,ok,8,,ue1_qfi4,0.4,ok,0.9942038154948609,proxy,5,0.9827380808595705,34854244.8,ok,0.006997727272727273,ok,0.5313227272727272,0.0371421875,ok,ue1_qfi82,0.0,99,10.0,data,ok,0.0,ue1_qfi9,57.5,ok,,30.4,ue1_qfi2,7,75.25,490.75,30.303,ok,33.0,,pending,,pending,drone_heavy,2,1,8,PF,1097657231,True
ue1_qfi9,10.0,51.5,63.25,70.75,ok,0.001025699117252108,ok,ue5_qfi9,0,1,4,1015.7499999999997,data,ok,2.0,False,,proxy,3,0,,ue4_qfi2,0.993421052631579,152,150.0,ok,,ue1_qfi2,46.052,ok,,7,ok,8,,ue1_qfi4,0.4,ok,0.9932164887282801,proxy,5,0.9846096823437179,34853083.2,ok,0.007468181818181818,ok,0.6027125,0.058334375,ok,ue1_qfi82,0.0,99,10.0,data,ok,0.0,ue1_qfi9,60.75,ok,,30.4,ue1_qfi2,5,82.0,360.75,30.303,ok,33.0,,pending,,pending,drone_heavy,2,1,8,Reservation,1097657231,True
ue3_qfi1,6.0,32.0,60.25,60.25,ok,0.0006064497193381517,ok,ue2_qfi9,0,1,4,1033.2500000000002,data,ok,2.0,False,,proxy,3,0,,ue1_qfi2,1.0,152,150.0,ok,,ue3_qfi2,28.99,ok,,7,ok,8,,ue1_qfi4,0.4,ok,0.993178123143473,proxy,5,0.9876927673016521,34867801.6,ok,0.007086363636363636,ok,0.5540636363636363,0.038834375,ok,ue1_qfi82,0.0,99,10.0,data,ok,0.0,ue3_qfi1,54.25,ok,,30.4,ue1_qfi2,0,0.0,0.0,30.303,ok,33.0,,pending,,pending,drone_heavy,2,1,8,TwoTier,1097657231,True
ue1_qfi9,8.75,58.25,69.75,77.75,ok,0.0009260937893552767,ok,ue4_qfi9,0,1,4,1012.4999999999998,data,ok,2.0,False,,proxy,3,0,,ue1_qfi2,1.0,152,150.0,ok,,ue1_qfi2,55.259,ok,,7,ok,8,,ue1_qfi4,0.4,ok,0.9930674519345383,proxy,5,0.9786699701130804,35014785.6,ok,0.007045454545454546,ok,0.5433272727272728,0.03725625,ok,ue1_qfi82,0.0,99,10.0,data,ok,0.0,ue1_qfi9,69.0,ok,,30.4,ue1_qfi2,10,82.5,701.75,30.303,ok,33.0,,pending,,pending,drone_heavy,2,1,8,PF,579362555,True
ue1_qfi9,11.5,62.5,75.75,80.5,ok,0.0011180317965174826,ok,ue3_qfi9,0,1,4,1014.7500000000002,data,ok,2.0,False,,proxy,3,0,,ue1_qfi2,1.0,152,150.0,ok,,ue1_qfi2,59.335,ok,,7,ok,8,,ue1_qfi4,0.4,ok,0.9867575308993219,proxy,5,0.9790302637121657,35005868.8,ok,0.0073363636363636365,ok,0.6155090909090909,0.05821875,ok,ue1_qfi82,0.0,99,10.0,data,ok,0.0,ue1_qfi9,69.0,ok,,30.4,ue1_qfi2,12,91.25,915.75,30.303,ok,33.0,,pending,,pending,drone_heavy,2,1,8,Reservation,579362555,True
ue6_qfi1,4.25,48.25,62.75,62.75,ok,0.0006356703977748613,ok,ue5_qfi9,0,2,4,1032.5,data,ok,2.0,False,,proxy,3,0,,ue7_qfi2,0.993421052631579,152,150.0,ok,,ue1_qfi2,33.718,ok,,7,ok,8,,ue1_qfi4,0.4,ok,0.9923226859246981,proxy,5,0.9863468519964533,35015393.6,ok,0.006736363636363637,ok,0.5698375,0.0392421875,ok,ue1_qfi82,0.0,99,10.0,data,ok,0.0,ue6_qfi1,58.5,ok,,30.4,ue1_qfi2,0,0.0,0.0,30.303,ok,33.0,,pending,,pending,drone_heavy,2,1,8,TwoTier,579362555,True
ue1_qfi9,6.0,45.75,54.0,57.25,ok,0.000843668269636379,ok,ue5_qfi9,0,1,4,1012.4999999999998,data,ok,2.0,False,,proxy,3,0,,ue2_qfi2,0.993421052631579,152,150.0,ok,,ue1_qfi2,51.453,ok,,7,ok,8,,ue1_qfi4,0.4,ok,0.9945796086622268,proxy,5,0.9845432432639581,34866334.4,ok,0.006409090909090909,ok,0.49142159090909093,0.0298625,ok,ue1_qfi82,0.0,99,10.0,data,ok,0.0,ue1_qfi9,51.25,ok,,30.4,ue1_qfi2,3,74.75,213.25,30.303,ok,33.0,,pending,,pending,drone_heavy,2,1,8,PF,661058651,True
ue1_qfi9,8.25,43.0,51.25,55.75,ok,0.0009244782503953421,ok,ue4_qfi9,0,1,4,1012.5000000000002,data,ok,2.0,False,,proxy,3,0,,ue2_qfi2,0.993421052631579,152,150.0,ok,,ue1_qfi2,42.592,ok,,7,ok,8,,ue1_qfi4,0.4,ok,0.9945976078508503,proxy,5,0.9910429111217394,34870110.4,ok,0.007111363636363636,ok,0.5678079545454545,0.0461828125,ok,ue1_qfi82,0.0,99,10.0,data,ok,0.0,ue1_qfi9,47.5,ok,,30.4,ue1_qfi2,3,75.5,224.25,30.303,ok,33.0,,pending,,pending,drone_heavy,2,1,8,Reservation,661058651,True
ue5_qfi1,8.5,35.75,56.0,56.0,ok,0.0005468185401201506,ok,ue3_qfi9,0,1,4,1054.7499999999998,data,ok,2.0,False,,proxy,3,0,,ue6_qfi2,0.9868421052631579,152,150.0,ok,,ue1_qfi2,30.598,ok,,7,ok,8,,ue1_qfi4,0.39973053333333336,ok,0.9887194486369012,proxy,5,0.9657875220358039,34871321.6,ok,0.0067909090909090905,ok,0.5161568181818181,0.031278125,ok,ue1_qfi82,0.0,99,10.0,data,ok,0.0,ue5_qfi1,47.5,ok,,30.0,ue6_qfi2,1,72.25,72.25,30.303,ok,33.0,,pending,,pending,drone_heavy,2,1,8,TwoTier,661058651,True
ue1_qfi9,7.25,50.0,58.25,61.25,ok,0.0009064145195426558,ok,ue1_qfi85,0,1,1,1741.25,data,ok,2.0,False,,proxy,3,0,,ue1_qfi2,1.0,152,150.0,ok,,ue1_qfi2,50.933,ok,,7,ok,8,,ue1_qfi4,0.4,ok,0.9936066762274824,proxy,5,0.9827428259531543,34938929.6,ok,0.0066840909090909095,ok,0.5298136363636363,0.0362,ok,ue1_qfi82,0.0,99,10.0,data,ok,0.0,ue1_qfi9,54.0,ok,,30.4,ue1_qfi2,4,71.75,278.5,30.303,ok,33.0,,pending,,pending,drone_heavy,2,1,8,PF,87989972,True
ue1_qfi9,9.75,46.25,54.5,58.75,ok,0.0010380202140200295,ok,ue1_qfi85,0,1,1,1741.25,data,ok,2.0,False,,proxy,3,0,,ue5_qfi2,0.9868421052631579,152,150.0,ok,,ue1_qfi2,45.974,ok,,7,ok,8,,ue1_qfi4,0.4,ok,0.9932744301596121,proxy,5,0.987221325815795,34918033.6,ok,0.007306818181818182,ok,0.6017340909090909,0.0555421875,ok,ue1_qfi82,0.0,99,10.0,data,ok,0.0,ue1_qfi9,49.0,ok,,30.2,ue1_qfi2,4,74.75,280.75,30.303,ok,33.0,,pending,,pending,drone_heavy,2,1,8,Reservation,87989972,True
ue6_qfi1,6.0,53.0,60.25,60.25,ok,0.0005793866819303006,ok,ue1_qfi85,0,1,1,1741.25,data,ok,2.0,False,,proxy,3,0,,ue1_qfi2,0.993421052631579,152,150.0,ok,,ue1_qfi2,31.703,ok,,7,ok,8,,ue1_qfi4,0.4,ok,0.9928383480664967,proxy,5,0.9866509921826868,34949622.4,ok,0.006845454545454545,ok,0.5535204545454545,0.03783125,ok,ue1_qfi82,0.0,99,10.0,data,ok,0.0,ue6_qfi1,54.25,ok,,30.2,ue1_qfi2,0,0.0,0.0,30.303,ok,33.0,,pending,,pending,drone_heavy,2,1,8,TwoTier,87989972,True
ue1_qfi9,7.75,51.75,59.5,64.5,ok,0.0008780785106998271,ok,ue1_qfi85,1,1,1,2417.5,data,ok,2.0,False,,proxy,3,0,,ue1_qfi2,1.0,152,150.0,ok,,ue1_qfi2,55.44,ok,,7,ok,8,,ue1_qfi4,0.4,ok,0.9944910046162743,proxy,5,0.9872184105235676,34959635.2,ok,0.007004545454545454,ok,0.5321681818181818,0.0368375,ok,ue1_qfi82,0.0,99,10.0,data,ok,0.0,ue1_qfi9,56.75,ok,,30.4,ue1_qfi2,7,74.0,486.5,30.303,ok,33.0,,pending,,pending,drone_heavy,2,1,8,PF,161576974,True
ue1_qfi9,10.0,48.5,55.75,59.25,ok,0.0009671630979948857,ok,ue1_qfi85,1,1,1,2417.5,data,ok,2.0,False,,proxy,3,0,,ue5_qfi2,0.993421052631579,152,150.0,ok,,ue1_qfi2,53.141,ok,,7,ok,8,,ue1_qfi4,0.4,ok,0.9915673015329279,proxy,5,0.9816729475139624,34955728.0,ok,0.0073022727272727276,ok,0.6079340909090909,0.056775,ok,ue1_qfi82,0.0,99,10.0,data,ok,0.0,ue1_qfi9,49.25,ok,,30.4,ue1_qfi2,7,76.25,505.25,30.303,ok,33.0,,pending,,pending,drone_heavy,2,1,8,Reservation,161576974,True
ue5_qfi1,8.0,29.5,63.0,63.0,ok,0.0006048708638438659,ok,ue1_qfi85,1,1,1,2419.0,data,ok,2.0,False,,proxy,3,0,,ue4_qfi2,0.993421052631579,152,150.0,ok,,ue4_qfi2,30.298,ok,,7,ok,8,,ue1_qfi4,0.39973053333333336,ok,0.9928982955722999,proxy,5,0.9863531963297387,34962872.0,ok,0.006904545454545455,ok,0.5574829545454546,0.0385,ok,ue1_qfi82,0.0,99,10.0,data,ok,0.0,ue5_qfi1,55.0,ok,,30.4,ue5_qfi2,1,66.75,66.75,30.303,ok,33.0,,pending,,pending,drone_heavy,2,1,8,TwoTier,161576974,True
ue1_qfi9,7.5,53.0,62.0,70.75,ok,0.0008795141948952403,ok,ue2_qfi9,0,1,4,1014.7499999999998,data,ok,2.0,False,,proxy,3,0,,ue1_qfi2,0.993421052631579,152,150.0,ok,,ue1_qfi2,54.039,ok,,7,ok,8,,ue1_qfi4,0.4,ok,0.9936231390775966,proxy,5,0.9820443638319656,34945870.4,ok,0.007170454545454546,ok,0.531975,0.037265625,ok,ue1_qfi82,0.0,99,10.0,data,ok,0.0,ue1_qfi9,63.25,ok,,30.2,ue1_qfi2,5,98.25,378.5,30.303,ok,33.0,,pending,,pending,drone_heavy,2,1,8,PF,35492826,True
ue1_qfi9,9.75,46.0,55.25,60.5,ok,0.0010654875338370156,ok,ue2_qfi9,0,1,4,1017.0000000000003,data,ok,2.0,False,,proxy,3,0,,ue3_qfi2,0.993421052631579,152,150.0,ok,,ue1_qfi2,40.667,ok,,7,ok,8,,ue1_qfi4,0.4,ok,0.9926734314499921,proxy,5,0.9876652839971117,34948196.8,ok,0.007284090909090909,ok,0.6057863636363636,0.0588421875,ok,ue1_qfi82,0.0,99,10.0,data,ok,0.0,ue1_qfi9,50.75,ok,,30.4,ue1_qfi2,3,70.5,210.0,30.303,ok,33.0,,pending,,pending,drone_heavy,2,1,8,Reservation,35492826,True
ue5_qfi9,11.5,65.5,65.5,65.5,ok,0.0005614116732194422,ok,ue5_qfi9,0,1,4,1064.0,data,ok,2.0,False,,proxy,3,0,,ue2_qfi2,0.993421052631579,152,150.0,ok,,ue1_qfi2,31.916,ok,,7,ok,8,,ue1_qfi4,0.4,ok,0.9882502527793463,proxy,5,0.9651665728887591,34966987.2,ok,0.007054545454545455,ok,0.5586420454545454,0.0393375,ok,ue1_qfi82,0.0,99,10.0,data,ok,0.0,ue5_qfi9,54.0,ok,,30.4,ue1_qfi2,0,0.0,0.0,30.303,ok,33.0,,pending,,pending,drone_heavy,2,1,8,TwoTier,35492826,True
ue1_qfi9,9.0,57.0,66.75,76.25,ok,0.0009406830505599493,ok,ue6_qfi9,0,1,4,1012.75,data,ok,2.0,False,,proxy,3,0,,ue1_qfi2,1.0,152,150.0,ok,,ue1_qfi2,53.463,ok,,7,ok,8,,ue1_qfi4,0.4,ok,0.9932631048141433,proxy,5,0.9817566413299069,35103129.6,ok,0.00675,ok,0.5285545454545455,0.0348515625,ok,ue1_qfi82,0.0,99,10.0,data,ok,0.0,ue1_qfi9,67.25,ok,,30.4,ue1_qfi2,5,74.75,348.25,30.303,ok,33.0,,pending,,pending,drone_heavy,2,1,8,PF,376383645,True
ue1_qfi9,10.75,58.75,69.75,74.25,ok,0.0010520968537617256,ok,ue6_qfi9,0,2,4,1012.5000000000002,data,ok,2.0,False,,proxy,3,0,,ue3_qfi2,0.993421052631579,152,150.0,ok,,ue1_qfi2,53.48,ok,,7,ok,8,,ue1_qfi4,0.4,ok,0.9921937224548245,proxy,5,0.981755475025389,35091686.4,ok,0.007440909090909091,ok,0.5997363636363636,0.0530859375,ok,ue1_qfi82,0.0,99,10.0,data,ok,0.0,ue1_qfi9,63.5,ok,,30.4,ue1_qfi2,6,81.25,456.5,30.303,ok,33.0,,pending,,pending,drone_heavy,2,1,8,Reservation,376383645,True
ue6_qfi9,15.5,67.75,67.75,67.75,ok,0.0006629941943604961,ok,ue6_qfi9,0,2,4,1063.0000000000002,data,ok,2.0,False,,proxy,3,0,,ue1_qfi2,1.0,152,150.0,ok,,ue1_qfi2,34.988,ok,,7,ok,8,,ue1_qfi4,0.4,ok,0.9928840678949372,proxy,5,0.9875380790388444,35109496.0,ok,0.007034090909090909,ok,0.5544431818181819,0.0370703125,ok,ue1_qfi82,0.0,99,10.0,data,ok,0.0,ue6_qfi1,55.0,ok,,30.4,ue4_qfi2,1,68.0,68.0,30.303,ok,33.0,,pending,,pending,drone_heavy,2,1,8,TwoTier,376383645,True
ue1_qfi9,7.0,53.25,61.25,68.0,ok,0.0008419843805172884,ok,ue3_qfi9,0,1,4,1010.0000000000002,data,ok,2.0,False,,proxy,3,0,,ue1_qfi2,1.0,152,150.0,ok,,ue1_qfi2,54.43,ok,,7,ok,8,,ue1_qfi4,0.4,ok,0.9942555510683544,proxy,5,0.9836852783490312,34947736.0,ok,0.006797727272727273,ok,0.5258852272727272,0.0344203125,ok,ue1_qfi82,0.0,99,10.0,data,ok,0.0,ue1_qfi9,61.0,ok,,30.4,ue1_qfi2,5,77.25,356.5,30.303,ok,33.0,,pending,,pending,drone_heavy,2,1,8,PF,1746484539,True
ue1_qfi9,9.5,48.5,56.5,62.0,ok,0.000971065291744097,ok,ue4_qfi9,0,1,4,1012.0000000000005,data,ok,2.0,False,,proxy,3,0,,ue3_qfi2,0.993421052631579,152,150.0,ok,,ue1_qfi2,46.93,ok,,7,ok,8,,ue1_qfi4,0.4,ok,0.9917109078601847,proxy,5,0.9819051229486976,34944016.0,ok,0.007381818181818182,ok,0.5993397727272727,0.0539578125,ok,ue1_qfi82,0.0,99,10.0,data,ok,0.0,ue1_qfi9,52.5,ok,,30.4,ue1_qfi2,5,85.0,378.5,30.303,ok,33.0,,pending,,pending,drone_heavy,2,1,8,Reservation,1746484539,True
ue6_qfi1,8.0,55.5,61.0,61.0,ok,0.0005317348418637685,ok,ue6_qfi9,0,1,4,1035.0000000000002,data,ok,2.0,False,,proxy,3,0,,ue1_qfi2,1.0,152,150.0,ok,,ue3_qfi2,29.955,ok,,7,ok,8,,ue1_qfi4,0.4,ok,0.993118277322024,proxy,5,0.9866351981097573,34964248.0,ok,0.006884090909090909,ok,0.5468693181818182,0.0355578125,ok,ue1_qfi82,0.0,99,10.0,data,ok,0.0,ue4_qfi1,54.75,ok,,30.4,ue1_qfi2,0,0.0,0.0,30.303,ok,33.0,,pending,,pending,drone_heavy,2,1,8,TwoTier,1746484539,True
ue1_qfi9,5.75,51.0,59.25,63.75,ok,0.0008266889505702709,ok,ue6_qfi9,0,2,4,1012.2500000000003,data,ok,2.0,False,,proxy,3,0,,ue1_qfi2,0.993421052631579,152,150.0,ok,,ue1_qfi2,50.766,ok,,7,ok,8,,ue1_qfi4,0.4,ok,0.994634990446994,proxy,5,0.9846056542467826,34981726.4,ok,0.007095454545454545,ok,0.5161534090909091,0.0339484375,ok,ue1_qfi82,0.0,99,10.0,data,ok,0.0,ue1_qfi9,58.0,ok,,30.2,ue1_qfi2,6,88.0,452.5,30.303,ok,33.0,,pending,,pending,drone_heavy,1,1,8,PF,1826701614,True
ue1_qfi9,9.0,45.5,53.75,58.0,ok,0.0009740991845656896,ok,ue3_qfi9,0,1,4,1016.7500000000005,data,ok,2.0,False,,proxy,3,0,,ue1_qfi2,1.0,152,150.0,ok,,ue1_qfi2,46.196,ok,,7,ok,8,,ue1_qfi4,0.4,ok,0.9937058399216024,proxy,5,0.9878201460959666,34963033.6,ok,0.007206818181818181,ok,0.5906420454545455,0.05254375,ok,ue1_qfi82,0.0,99,10.0,data,ok,0.0,ue1_qfi9,49.0,ok,,30.4,ue1_qfi2,3,71.5,213.0,30.303,ok,33.0,,pending,,pending,drone_heavy,1,1,8,Reservation,1826701614,True
ue6_qfi1,8.0,29.25,55.25,55.25,ok,0.0005754852863985191,ok,ue4_qfi9,0,2,4,1030.25,data,ok,2.0,False,,proxy,3,0,,ue7_qfi2,0.993421052631579,152,150.0,ok,,ue1_qfi2,29.266,ok,,7,ok,8,,ue1_qfi4,0.4,ok,0.9928426601592413,proxy,5,0.9863944852452068,34995104.0,ok,0.0068295454545454545,ok,0.5416909090909091,0.0347890625,ok,ue1_qfi82,0.0,99,10.0,data,ok,0.0,ue6_qfi1,47.25,ok,,30.4,ue1_qfi2,0,0.0,0.0,30.303,ok,33.0,,pending,,pending,drone_heavy,1,1,8,TwoTier,1826701614,True
ue1_qfi9,5.75,46.0,53.25,56.5,ok,0.0008067236697736725,ok,ue4_qfi9,0,2,4,1007.9999999999995,data,ok,2.0,False,,proxy,3,0,,ue1_qfi2,1.0,152,150.0,ok,,ue1_qfi2,48.861,ok,,7,ok,8,,ue1_qfi4,0.4,ok,0.9944343608486379,proxy,5,0.9836883232127921,34959715.199999996,ok,0.007161363636363637,ok,0.5083363636363636,0.0333578125,ok,ue1_qfi82,0.0,99,10.0,data,ok,0.0,ue1_qfi9,50.75,ok,,30.4,ue1_qfi2,3,74.0,210.25,30.303,ok,33.0,,pending,,pending,drone_heavy,1,1,8,PF,1367864806,True
ue1_qfi9,9.0,42.25,49.75,53.0,ok,0.0009832822801390747,ok,ue3_qfi9,0,1,4,1015.25,data,ok,2.0,False,,proxy,3,0,,ue2_qfi2,0.993421052631579,152,150.0,ok,,ue1_qfi2,43.214,ok,,7,ok,8,,ue1_qfi4,0.4,ok,0.9938930162873436,proxy,5,0.987934673453473,34946852.8,ok,0.007406818181818182,ok,0.5821034090909091,0.051925,ok,ue1_qfi82,0.0,99,10.0,data,ok,0.0,ue1_qfi9,44.0,ok,,30.4,ue1_qfi2,3,68.5,203.5,30.303,ok,33.0,,pending,,pending,drone_heavy,1,1,8,Reservation,1367864806,True
ue1_qfi9,2.25,27.5,34.0,37.0,ok,0.0005660233259964174,ok,ue3_qfi9,0,2,4,1010.9999999999997,data,ok,2.0,False,,proxy,3,0,,ue1_qfi2,1.0,152,150.0,ok,,ue1_qfi2,29.95,ok,,7,ok,8,,ue1_qfi4,0.4,ok,0.9929225110372798,proxy,5,0.9866397573077946,34967048.0,ok,0.0074,ok,0.5326318181818182,0.034715625,ok,ue1_qfi82,0.0,99,10.0,data,ok,0.0,ue1_qfi9,34.75,ok,,30.4,ue1_qfi2,0,0.0,0.0,30.303,ok,33.0,,pending,,pending,drone_heavy,1,1,8,TwoTier,1367864806,True
ue1_qfi9,6.75,50.0,58.5,64.25,ok,0.0008620762805639754,ok,ue5_qfi9,0,2,4,1011.4999999999999,data,ok,2.0,False,,proxy,3,0,,ue6_qfi2,0.993421052631579,152,150.0,ok,,ue1_qfi2,52.133,ok,,7,ok,8,,ue1_qfi4,0.4,ok,0.9942038154948609,proxy,5,0.9827380808595705,34854244.8,ok,0.006997727272727273,ok,0.5313227272727272,0.0371421875,ok,ue1_qfi82,0.0,99,10.0,data,ok,0.0,ue1_qfi9,57.5,ok,,30.4,ue1_qfi2,7,75.25,490.75,30.303,ok,33.0,,pending,,pending,drone_heavy,1,1,8,PF,1097657231,True
ue1_qfi9,10.0,51.5,63.25,70.75,ok,0.001025699117252108,ok,ue5_qfi9,0,1,4,1015.7499999999997,data,ok,2.0,False,,proxy,3,0,,ue4_qfi2,0.993421052631579,152,150.0,ok,,ue1_qfi2,46.052,ok,,7,ok,8,,ue1_qfi4,0.4,ok,0.9932164887282801,proxy,5,0.9846096823437179,34853083.2,ok,0.007468181818181818,ok,0.6027125,0.058334375,ok,ue1_qfi82,0.0,99,10.0,data,ok,0.0,ue1_qfi9,60.75,ok,,30.4,ue1_qfi2,5,82.0,360.75,30.303,ok,33.0,,pending,,pending,drone_heavy,1,1,8,Reservation,1097657231,True
ue3_qfi1,6.0,32.0,60.25,60.25,ok,0.0006064497193381517,ok,ue2_qfi9,0,1,4,1033.2500000000002,data,ok,2.0,False,,proxy,3,0,,ue1_qfi2,1.0,152,150.0,ok,,ue3_qfi2,28.99,ok,,7,ok,8,,ue1_qfi4,0.4,ok,0.993178123143473,proxy,5,0.9876927673016521,34867801.6,ok,0.007086363636363636,ok,0.5540636363636363,0.038834375,ok,ue1_qfi82,0.0,99,10.0,data,ok,0.0,ue3_qfi1,54.25,ok,,30.4,ue1_qfi2,0,0.0,0.0,30.303,ok,33.0,,pending,,pending,drone_heavy,1,1,8,TwoTier,1097657231,True
ue1_qfi9,8.75,58.25,69.75,77.75,ok,0.0009260937893552767,ok,ue4_qfi9,0,1,4,1012.4999999999998,data,ok,2.0,False,,proxy,3,0,,ue1_qfi2,1.0,152,150.0,ok,,ue1_qfi2,55.259,ok,,7,ok,8,,ue1_qfi4,0.4,ok,0.9930674519345383,proxy,5,0.9786699701130804,35014785.6,ok,0.007045454545454546,ok,0.5433272727272728,0.03725625,ok,ue1_qfi82,0.0,99,10.0,data,ok,0.0,ue1_qfi9,69.0,ok,,30.4,ue1_qfi2,10,82.5,701.75,30.303,ok,33.0,,pending,,pending,drone_heavy,1,1,8,PF,579362555,True
ue1_qfi9,11.5,62.5,75.75,80.5,ok,0.0011180317965174826,ok,ue3_qfi9,0,1,4,1014.7500000000002,data,ok,2.0,False,,proxy,3,0,,ue1_qfi2,1.0,152,150.0,ok,,ue1_qfi2,59.335,ok,,7,ok,8,,ue1_qfi4,0.4,ok,0.9867575308993219,proxy,5,0.9790302637121657,35005868.8,ok,0.0073363636363636365,ok,0.6155090909090909,0.05821875,ok,ue1_qfi82,0.0,99,10.0,data,ok,0.0,ue1_qfi9,69.0,ok,,30.4,ue1_qfi2,12,91.25,915.75,30.303,ok,33.0,,pending,,pending,drone_heavy,1,1,8,Reservation,579362555,True
ue6_qfi1,4.25,48.25,62.75,62.75,ok,0.0006356703977748613,ok,ue5_qfi9,0,2,4,1032.5,data,ok,2.0,False,,proxy,3,0,,ue7_qfi2,0.993421052631579,152,150.0,ok,,ue1_qfi2,33.718,ok,,7,ok,8,,ue1_qfi4,0.4,ok,0.9923226859246981,proxy,5,0.9863468519964533,35015393.6,ok,0.006736363636363637,ok,0.5698375,0.0392421875,ok,ue1_qfi82,0.0,99,10.0,data,ok,0.0,ue6_qfi1,58.5,ok,,30.4,ue1_qfi2,0,0.0,0.0,30.303,ok,33.0,,pending,,pending,drone_heavy,1,1,8,TwoTier,579362555,True
ue1_qfi9,6.0,45.75,54.0,57.25,ok,0.000843668269636379,ok,ue5_qfi9,0,1,4,1012.4999999999998,data,ok,2.0,False,,proxy,3,0,,ue2_qfi2,0.993421052631579,152,150.0,ok,,ue1_qfi2,51.453,ok,,7,ok,8,,ue1_qfi4,0.4,ok,0.9945796086622268,proxy,5,0.9845432432639581,34866334.4,ok,0.006409090909090909,ok,0.49142159090909093,0.0298625,ok,ue1_qfi82,0.0,99,10.0,data,ok,0.0,ue1_qfi9,51.25,ok,,30.4,ue1_qfi2,3,74.75,213.25,30.303,ok,33.0,,pending,,pending,drone_heavy,1,1,8,PF,661058651,True
ue1_qfi9,8.25,43.0,51.25,55.75,ok,0.0009244782503953421,ok,ue4_qfi9,0,1,4,1012.5000000000002,data,ok,2.0,False,,proxy,3,0,,ue2_qfi2,0.993421052631579,152,150.0,ok,,ue1_qfi2,42.592,ok,,7,ok,8,,ue1_qfi4,0.4,ok,0.9945976078508503,proxy,5,0.9910429111217394,34870110.4,ok,0.007111363636363636,ok,0.5678079545454545,0.0461828125,ok,ue1_qfi82,0.0,99,10.0,data,ok,0.0,ue1_qfi9,47.5,ok,,30.4,ue1_qfi2,3,75.5,224.25,30.303,ok,33.0,,pending,,pending,drone_heavy,1,1,8,Reservation,661058651,True
ue5_qfi1,8.5,35.75,56.0,56.0,ok,0.0005468185401201506,ok,ue3_qfi9,0,1,4,1054.7499999999998,data,ok,2.0,False,,proxy,3,0,,ue6_qfi2,0.9868421052631579,152,150.0,ok,,ue1_qfi2,30.598,ok,,7,ok,8,,ue1_qfi4,0.39973053333333336,ok,0.9887194486369012,proxy,5,0.9657875220358039,34871321.6,ok,0.0067909090909090905,ok,0.5161568181818181,0.031278125,ok,ue1_qfi82,0.0,99,10.0,data,ok,0.0,ue5_qfi1,47.5,ok,,30.0,ue6_qfi2,1,72.25,72.25,30.303,ok,33.0,,pending,,pending,drone_heavy,1,1,8,TwoTier,661058651,True
ue1_qfi9,7.25,50.0,58.25,61.25,ok,0.0009064145195426558,ok,ue1_qfi85,0,1,1,1741.25,data,ok,2.0,False,,proxy,3,0,,ue1_qfi2,1.0,152,150.0,ok,,ue1_qfi2,50.933,ok,,7,ok,8,,ue1_qfi4,0.4,ok,0.9936066762274824,proxy,5,0.9827428259531543,34938929.6,ok,0.0066840909090909095,ok,0.5298136363636363,0.0362,ok,ue1_qfi82,0.0,99,10.0,data,ok,0.0,ue1_qfi9,54.0,ok,,30.4,ue1_qfi2,4,71.75,278.5,30.303,ok,33.0,,pending,,pending,drone_heavy,1,1,8,PF,87989972,True
ue1_qfi9,9.75,46.25,54.5,58.75,ok,0.0010380202140200295,ok,ue1_qfi85,0,1,1,1741.25,data,ok,2.0,False,,proxy,3,0,,ue5_qfi2,0.9868421052631579,152,150.0,ok,,ue1_qfi2,45.974,ok,,7,ok,8,,ue1_qfi4,0.4,ok,0.9932744301596121,proxy,5,0.987221325815795,34918033.6,ok,0.007306818181818182,ok,0.6017340909090909,0.0555421875,ok,ue1_qfi82,0.0,99,10.0,data,ok,0.0,ue1_qfi9,49.0,ok,,30.2,ue1_qfi2,4,74.75,280.75,30.303,ok,33.0,,pending,,pending,drone_heavy,1,1,8,Reservation,87989972,True
ue6_qfi1,6.0,53.0,60.25,60.25,ok,0.0005793866819303006,ok,ue1_qfi85,0,1,1,1741.25,data,ok,2.0,False,,proxy,3,0,,ue1_qfi2,0.993421052631579,152,150.0,ok,,ue1_qfi2,31.703,ok,,7,ok,8,,ue1_qfi4,0.4,ok,0.9928383480664967,proxy,5,0.9866509921826868,34949622.4,ok,0.006845454545454545,ok,0.5535204545454545,0.03783125,ok,ue1_qfi82,0.0,99,10.0,data,ok,0.0,ue6_qfi1,54.25,ok,,30.2,ue1_qfi2,0,0.0,0.0,30.303,ok,33.0,,pending,,pending,drone_heavy,1,1,8,TwoTier,87989972,True
ue1_qfi9,7.75,51.75,59.5,64.5,ok,0.0008780785106998271,ok,ue1_qfi85,1,1,1,2417.5,data,ok,2.0,False,,proxy,3,0,,ue1_qfi2,1.0,152,150.0,ok,,ue1_qfi2,55.44,ok,,7,ok,8,,ue1_qfi4,0.4,ok,0.9944910046162743,proxy,5,0.9872184105235676,34959635.2,ok,0.007004545454545454,ok,0.5321681818181818,0.0368375,ok,ue1_qfi82,0.0,99,10.0,data,ok,0.0,ue1_qfi9,56.75,ok,,30.4,ue1_qfi2,7,74.0,486.5,30.303,ok,33.0,,pending,,pending,drone_heavy,1,1,8,PF,161576974,True
ue1_qfi9,10.0,48.5,55.75,59.25,ok,0.0009671630979948857,ok,ue1_qfi85,1,1,1,2417.5,data,ok,2.0,False,,proxy,3,0,,ue5_qfi2,0.993421052631579,152,150.0,ok,,ue1_qfi2,53.141,ok,,7,ok,8,,ue1_qfi4,0.4,ok,0.9915673015329279,proxy,5,0.9816729475139624,34955728.0,ok,0.0073022727272727276,ok,0.6079340909090909,0.056775,ok,ue1_qfi82,0.0,99,10.0,data,ok,0.0,ue1_qfi9,49.25,ok,,30.4,ue1_qfi2,7,76.25,505.25,30.303,ok,33.0,,pending,,pending,drone_heavy,1,1,8,Reservation,161576974,True
ue5_qfi1,8.0,29.5,63.0,63.0,ok,0.0006048708638438659,ok,ue1_qfi85,1,1,1,2419.0,data,ok,2.0,False,,proxy,3,0,,ue4_qfi2,0.993421052631579,152,150.0,ok,,ue4_qfi2,30.298,ok,,7,ok,8,,ue1_qfi4,0.39973053333333336,ok,0.9928982955722999,proxy,5,0.9863531963297387,34962872.0,ok,0.006904545454545455,ok,0.5574829545454546,0.0385,ok,ue1_qfi82,0.0,99,10.0,data,ok,0.0,ue5_qfi1,55.0,ok,,30.4,ue5_qfi2,1,66.75,66.75,30.303,ok,33.0,,pending,,pending,drone_heavy,1,1,8,TwoTier,161576974,True
ue1_qfi9,7.5,53.0,62.0,70.75,ok,0.0008795141948952403,ok,ue2_qfi9,0,1,4,1014.7499999999998,data,ok,2.0,False,,proxy,3,0,,ue1_qfi2,0.993421052631579,152,150.0,ok,,ue1_qfi2,54.039,ok,,7,ok,8,,ue1_qfi4,0.4,ok,0.9936231390775966,proxy,5,0.9820443638319656,34945870.4,ok,0.007170454545454546,ok,0.531975,0.037265625,ok,ue1_qfi82,0.0,99,10.0,data,ok,0.0,ue1_qfi9,63.25,ok,,30.2,ue1_qfi2,5,98.25,378.5,30.303,ok,33.0,,pending,,pending,drone_heavy,1,1,8,PF,35492826,True
ue1_qfi9,9.75,46.0,55.25,60.5,ok,0.0010654875338370156,ok,ue2_qfi9,0,1,4,1017.0000000000003,data,ok,2.0,False,,proxy,3,0,,ue3_qfi2,0.993421052631579,152,150.0,ok,,ue1_qfi2,40.667,ok,,7,ok,8,,ue1_qfi4,0.4,ok,0.9926734314499921,proxy,5,0.9876652839971117,34948196.8,ok,0.007284090909090909,ok,0.6057863636363636,0.0588421875,ok,ue1_qfi82,0.0,99,10.0,data,ok,0.0,ue1_qfi9,50.75,ok,,30.4,ue1_qfi2,3,70.5,210.0,30.303,ok,33.0,,pending,,pending,drone_heavy,1,1,8,Reservation,35492826,True
ue5_qfi9,11.5,65.5,65.5,65.5,ok,0.0005614116732194422,ok,ue5_qfi9,0,1,4,1064.0,data,ok,2.0,False,,proxy,3,0,,ue2_qfi2,0.993421052631579,152,150.0,ok,,ue1_qfi2,31.916,ok,,7,ok,8,,ue1_qfi4,0.4,ok,0.9882502527793463,proxy,5,0.9651665728887591,34966987.2,ok,0.007054545454545455,ok,0.5586420454545454,0.0393375,ok,ue1_qfi82,0.0,99,10.0,data,ok,0.0,ue5_qfi9,54.0,ok,,30.4,ue1_qfi2,0,0.0,0.0,30.303,ok,33.0,,pending,,pending,drone_heavy,1,1,8,TwoTier,35492826,True
ue1_qfi9,9.0,57.0,66.75,76.25,ok,0.0009406830505599493,ok,ue6_qfi9,0,1,4,1012.75,data,ok,2.0,False,,proxy,3,0,,ue1_qfi2,1.0,152,150.0,ok,,ue1_qfi2,53.463,ok,,7,ok,8,,ue1_qfi4,0.4,ok,0.9932631048141433,proxy,5,0.9817566413299069,35103129.6,ok,0.00675,ok,0.5285545454545455,0.0348515625,ok,ue1_qfi82,0.0,99,10.0,data,ok,0.0,ue1_qfi9,67.25,ok,,30.4,ue1_qfi2,5,74.75,348.25,30.303,ok,33.0,,pending,,pending,drone_heavy,1,1,8,PF,376383645,True
ue1_qfi9,10.75,58.75,69.75,74.25,ok,0.0010520968537617256,ok,ue6_qfi9,0,2,4,1012.5000000000002,data,ok,2.0,False,,proxy,3,0,,ue3_qfi2,0.993421052631579,152,150.0,ok,,ue1_qfi2,53.48,ok,,7,ok,8,,ue1_qfi4,0.4,ok,0.9921937224548245,proxy,5,0.981755475025389,35091686.4,ok,0.007440909090909091,ok,0.5997363636363636,0.0530859375,ok,ue1_qfi82,0.0,99,10.0,data,ok,0.0,ue1_qfi9,63.5,ok,,30.4,ue1_qfi2,6,81.25,456.5,30.303,ok,33.0,,pending,,pending,drone_heavy,1,1,8,Reservation,376383645,True
ue6_qfi9,15.5,67.75,67.75,67.75,ok,0.0006629941943604961,ok,ue6_qfi9,0,2,4,1063.0000000000002,data,ok,2.0,False,,proxy,3,0,,ue1_qfi2,1.0,152,150.0,ok,,ue1_qfi2,34.988,ok,,7,ok,8,,ue1_qfi4,0.4,ok,0.9928840678949372,proxy,5,0.9875380790388444,35109496.0,ok,0.007034090909090909,ok,0.5544431818181819,0.0370703125,ok,ue1_qfi82,0.0,99,10.0,data,ok,0.0,ue6_qfi1,55.0,ok,,30.4,ue4_qfi2,1,68.0,68.0,30.303,ok,33.0,,pending,,pending,drone_heavy,1,1,8,TwoTier,376383645,True
ue1_qfi9,7.0,53.25,61.25,68.0,ok,0.0008419843805172884,ok,ue3_qfi9,0,1,4,1010.0000000000002,data,ok,2.0,False,,proxy,3,0,,ue1_qfi2,1.0,152,150.0,ok,,ue1_qfi2,54.43,ok,,7,ok,8,,ue1_qfi4,0.4,ok,0.9942555510683544,proxy,5,0.9836852783490312,34947736.0,ok,0.006797727272727273,ok,0.5258852272727272,0.0344203125,ok,ue1_qfi82,0.0,99,10.0,data,ok,0.0,ue1_qfi9,61.0,ok,,30.4,ue1_qfi2,5,77.25,356.5,30.303,ok,33.0,,pending,,pending,drone_heavy,1,1,8,PF,1746484539,True
ue1_qfi9,9.5,48.5,56.5,62.0,ok,0.000971065291744097,ok,ue4_qfi9,0,1,4,1012.0000000000005,data,ok,2.0,False,,proxy,3,0,,ue3_qfi2,0.993421052631579,152,150.0,ok,,ue1_qfi2,46.93,ok,,7,ok,8,,ue1_qfi4,0.4,ok,0.9917109078601847,proxy,5,0.9819051229486976,34944016.0,ok,0.007381818181818182,ok,0.5993397727272727,0.0539578125,ok,ue1_qfi82,0.0,99,10.0,data,ok,0.0,ue1_qfi9,52.5,ok,,30.4,ue1_qfi2,5,85.0,378.5,30.303,ok,33.0,,pending,,pending,drone_heavy,1,1,8,Reservation,1746484539,True
ue6_qfi1,8.0,55.5,61.0,61.0,ok,0.0005317348418637685,ok,ue6_qfi9,0,1,4,1035.0000000000002,data,ok,2.0,False,,proxy,3,0,,ue1_qfi2,1.0,152,150.0,ok,,ue3_qfi2,29.955,ok,,7,ok,8,,ue1_qfi4,0.4,ok,0.993118277322024,proxy,5,0.9866351981097573,34964248.0,ok,0.006884090909090909,ok,0.5468693181818182,0.0355578125,ok,ue1_qfi82,0.0,99,10.0,data,ok,0.0,ue4_qfi1,54.75,ok,,30.4,ue1_qfi2,0,0.0,0.0,30.303,ok,33.0,,pending,,pending,drone_heavy,1,1,8,TwoTier,1746484539,True
ue6_qfi2,11.989,17.703,19.684,21.238,ok,0.0012192812783054594,ok,ue1_qfi85,1,1,1,3006.25,data,ok,2.0,False,,proxy,3,0,,ue1_qfi2,1.0,152,150.0,ok,,ue6_qfi2,23.281,ok,,6,ok,6,,ue4_qfi2,0.9626144,ok,0.9986248055756018,proxy,5,0.9982329777343828,27920017.6,ok,0.007618181818181818,ok,0.4414659090909091,0.05424375,ok,ue1_qfi82,0.0,99,10.0,data,ok,0.0,ue5_qfi1,17.25,ok,,30.4,ue1_qfi2,0,0.0,0.0,30.303,ok,33.0,,pending,,pending,ugv_heavy,0,0,8,PF,1826701614,False
ue5_qfi1,1.75,13.25,25.25,25.25,ok,0.001805580911442126,ok,ue1_qfi85,1,1,1,3006.25,data,ok,2.0,False,,proxy,3,0,,ue1_qfi2,0.993421052631579,152,150.0,ok,,ue6_qfi2,23.067,ok,,6,ok,6,,ue4_qfi2,0.9626144,ok,0.9969149348555947,proxy,5,0.9958069220516386,27891708.8,ok,0.008047727272727272,ok,0.5397818181818181,0.0643515625,ok,ue1_qfi82,0.0,99,10.0,data,ok,0.0,ue5_qfi1,23.5,ok,,30.2,ue1_qfi2,1,66.5,66.5,30.303,ok,33.0,,pending,,pending,ugv_heavy,0,0,8,Reservation,1826701614,False
ue6_qfi2,10.82,17.744,19.689,20.328,ok,0.0014558295751606381,ok,ue1_qfi85,1,1,1,3007.7499999999995,data,ok,2.0,False,,proxy,3,0,,ue1_qfi2,1.0,152,150.0,ok,,ue6_qfi2,22.028,ok,,6,ok,6,,ue4_qfi2,0.9620656,ok,0.9937604166466025,proxy,5,0.9858155284075715,27897129.6,ok,0.007420454545454545,ok,0.48903295454545453,0.0533703125,ok,ue1_qfi82,0.0,99,10.0,data,ok,0.0,ue4_qfi9,15.75,ok,,30.4,ue1_qfi2,0,0.0,0.0,30.303,ok,33.0,,pending,,pending,ugv_heavy,0,0,8,TwoTier,1826701614,False
ue6_qfi2,11.356,17.122,19.149,20.651,ok,0.0012963661610012223,ok,ue5_qfi9,0,1,4,1002.7500000000002,data,ok,2.0,False,,proxy,3,0,,ue1_qfi2,1.0,152,150.0,ok,,ue6_qfi2,21.786,ok,,6,ok,6,,ue5_qfi2,0.9569908,ok,0.9982998376029683,proxy,5,0.9973243089040986,27908984.0,ok,0.007095454545454545,ok,0.4364,0.055384375,ok,ue1_qfi82,0.0,99,10.0,data,ok,0.0,ue2_qfi9,14.75,ok,,30.4,ue1_qfi2,0,0.0,0.0,30.303,ok,33.0,,pending,,pending,ugv_heavy,0,0,8,PF,1367864806,False
ue6_qfi2,10.422,18.106,19.622,20.985,ok,0.0017853899029031026,ok,ue5_qfi9,0,1,4,1005.9999999999998,data,ok,2.0,False,,proxy,3,0,,ue6_qfi2,0.993421052631579,152,150.0,ok,,ue6_qfi2,23.0,ok,,6,ok,6,,ue5_qfi2,0.9569908,ok,0.9969590122967011,proxy,5,0.9964485379345175,27891232.0,ok,0.008068181818181818,ok,0.5304329545454546,0.066146875,ok,ue1_qfi82,0.0,99,10.0,data,ok,0.0,ue1_qfi9,17.0,ok,,30.2,ue6_qfi2,1,66.5,66.5,30.303,ok,33.0,,pending,,pending,ugv_heavy,0,0,8,Reservation,1367864806,False
ue6_qfi2,10.295,17.552,19.414,20.584,ok,0.0014065859716339737,ok,ue5_qfi9,0,1,4,1007.4999999999999,data,ok,2.0,False,,proxy,3,0,,ue1_qfi2,0.9868421052631579,152,150.0,ok,,ue6_qfi2,21.725,ok,,6,ok,6,,ue5_qfi2,0.9569908,ok,0.9968423135387358,proxy,5,0.9930360456694716,27905364.8,ok,0.007445454545454545,ok,0.4849318181818182,0.055275,ok,ue1_qfi82,0.0,99,10.0,data,ok,0.0,ue5_qfi1,16.25,ok,,30.0,ue1_qfi2,1,69.75,69.75,30.303,ok,33.0,,pending,,pending,ugv_heavy,0,0,8,TwoTier,1367864806,False
ue6_qfi2,11.612,17.713,19.761,20.75,ok,0.00131281183439528,ok,ue3_qfi85,1,1,2,2505.75,data,ok,2.0,False,,proxy,3,0,,ue2_qfi2,0.9868421052631579,152,150.0,ok,,ue6_qfi2,21.884,ok,,6,ok,6,,ue5_qfi2,0.9630112,ok,0.998356369899801,proxy,5,0.9977897871330387,27859536.0,ok,0.007497727272727273,ok,0.4381375,0.0552765625,ok,ue1_qfi82,0.0,99,10.0,data,ok,0.0,ue5_qfi1,17.25,ok,,30.0,ue2_qfi2,1,76.25,76.25,30.303,ok,33.0,,pending,,pending,ugv_heavy,0,0,8,PF,1097657231,False
ue6_qfi2,11.032,18.869,20.963,22.07,ok,0.0017947228737582195,ok,ue3_qfi85,1,1,2,2507.4999999999995,data,ok,2.0,False,,proxy,3,0,,ue1_qfi2,0.993421052631579,152,150.0,ok,,ue6_qfi2,24.095,ok,,6,ok,6,,ue5_qfi2,0.964762,ok,0.9970061523323274,proxy,5,0.9956847844306639,27857913.6,ok,0.007977272727272727,ok,0.537784090909091,0.0658234375,ok,ue1_qfi82,0.0,99,10.0,data,ok,0.0,ue5_qfi9,17.0,ok,,30.2,ue1_qfi2,1,66.25,66.25,30.303,ok,33.0,,pending,,pending,ugv_heavy,0,0,8,Reservation,1097657231,False
ue6_qfi2,10.156,17.382,19.757,21.039,ok,0.0014839515595279976,ok,ue3_qfi85,1,1,2,2507.4999999999995,data,ok,2.0,False,,proxy,3,0,,ue4_qfi2,0.993421052631579,152,150.0,ok,,ue6_qfi2,21.964,ok,,6,ok,6,,ue5_qfi2,0.9649824,ok,0.9979284644865543,proxy,5,0.9974150000009507,27866827.2,ok,0.007309090909090909,ok,0.48956363636363637,0.054921875,ok,ue1_qfi82,0.0,99,10.0,data,ok,0.0,ue3_qfi9,16.25,ok,,30.4,ue1_qfi2,0,0.0,0.0,30.303,ok,33.0,,pending,,pending,ugv_heavy,0,0,8,TwoTier,1097657231,False
ue6_qfi2,11.103,17.0,19.026,19.98,ok,0.001310883887190691,ok,ue1_qfi85,0,1,1,1141.2499999999995,data,ok,2.0,False,,proxy,3,0,,ue1_qfi2,1.0,152,150.0,ok,,ue6_qfi2,21.155,ok,,6,ok,6,,ue5_qfi2,0.9705904000000001,ok,0.9980805498284312,proxy,5,0.9966869312867409,28082041.599999998,ok,0.007445454545454545,ok,0.42516363636363635,0.050171875,ok,ue1_qfi82,0.0,99,10.0,data,ok,0.0,ue5_qfi1,17.25,ok,,30.4,ue1_qfi2,0,0.0,0.0,30.303,ok,33.0,,pending,,pending,ugv_heavy,0,0,8,PF,579362555,False
ue6_qfi2,10.188,17.518,19.255,21.058,ok,0.001906608403306245,ok,ue1_qfi85,0,2,2,1803.5000000000002,data,ok,2.0,False,,proxy,3,0,,ue1_qfi2,1.0,152,150.0,ok,,ue6_qfi2,22.177,ok,,6,ok,6,,ue5_qfi2,0.9706504,ok,0.9962881833451378,proxy,5,0.99458437487678,28059580.8,ok,0.0077,ok,0.5237443181818182,0.05945625,ok,ue1_qfi82,0.0,99,10.0,data,ok,0.0,ue5_qfi1,18.75,ok,,30.4,ue1_qfi2,0,0.0,0.0,30.303,ok,33.0,,pending,,pending,ugv_heavy,0,0,8,Reservation,579362555,False
ue5_qfi1,1.75,18.0,20.25,20.25,ok,0.0014480372688442649,ok,ue1_qfi85,0,2,2,1806.4999999999998,data,ok,2.0,False,,proxy,3,0,,ue3_qfi2,0.993421052631579,152,150.0,ok,,ue6_qfi2,20.981,ok,,6,ok,6,,ue5_qfi2,0.9706504,ok,0.9952990065493855,proxy,5,0.9845105857112263,28068694.4,ok,0.007347727272727273,ok,0.4732659090909091,0.0504125,ok,ue1_qfi82,0.0,99,10.0,data,ok,0.0,ue5_qfi1,18.5,ok,,30.2,ue3_qfi2,1,67.25,67.25,30.303,ok,33.0,,pending,,pending,ugv_heavy,0,0,8,TwoTier,579362555,False
ue1_qfi2,9.16,17.475,19.242,20.138,ok,0.001396360275271489,ok,ue1_qfi85,1,1,1,3083.5,data,ok,2.0,False,,proxy,3,0,,ue1_qfi2,1.0,152,150.0,ok,,ue6_qfi2,21.647,ok,,6,ok,6,,ue2_qfi2,0.9553068,ok,0.9981409537512175,proxy,5,0.997712521412713,27895283.2,ok,0.007188636363636364,ok,0.4367806818181818,0.0533140625,ok,ue1_qfi82,0.0,99,10.0,data,ok,0.0,ue1_qfi9,16.5,ok,,30.4,ue1_qfi2,0,0.0,0.0,30.303,ok,33.0,,pending,,pending,ugv_heavy,0,0,8,PF,661058651,False
ue5_qfi9,3.25,22.75,22.75,22.75,ok,0.002024240693432079,ok,ue1_qfi85,1,1,1,3083.5,data,ok,2.0,False,,proxy,3,0,,ue1_qfi2,0.993421052631579,152,150.0,ok,,ue1_qfi2,22.473,ok,,6,ok,6,,ue2_qfi2,0.9553068,ok,0.9963056170813868,proxy,5,0.9952799077332407,27867971.2,ok,0.007777272727272727,ok,0.5337613636363636,0.064471875,ok,ue1_qfi82,0.0,99,10.0,data,ok,0.0,ue5_qfi9,19.5,ok,,30.2,ue6_qfi2,1,71.5,71.5,30.303,ok,33.0,,pending,,pending,ugv_heavy,0,0,8,Reservation,661058651,False
ue1_qfi2,7.431,16.5,18.089,20.5,ok,0.0014592292526831826,ok,ue1_qfi85,1,1,1,3083.5,data,ok,2.0,False,,proxy,3,0,,ue1_qfi2,1.0,152,150.0,ok,,ue6_qfi2,21.647,ok,,6,ok,6,,ue2_qfi2,0.9553068,ok,0.9979044274207187,proxy,5,0.9972128371561707,27892094.4,ok,0.007356818181818182,ok,0.48765227272727274,0.053240625,ok,ue1_qfi82,0.0,99,10.0,data,ok,0.0,ue1_qfi9,16.0,ok,,30.4,ue1_qfi2,0,0.0,0.0,30.303,ok,33.0,,pending,,pending,ugv_heavy,0,0,8,TwoTier,661058651,False
ue6_qfi2,11.144,17.463,18.906,20.267,ok,0.0013371204670989175,ok,ue5_qfi9,0,1,4,1000.5,data,ok,2.0,False,,proxy,3,0,,ue4_qfi2,0.9868421052631579,152,150.0,ok,,ue6_qfi2,21.198,ok,,6,ok,6,,ue2_qfi2,0.9642308,ok,0.9981393612326233,proxy,5,0.997364430849521,27907352.0,ok,0.007229545454545455,ok,0.43532045454545454,0.05356875,ok,ue1_qfi82,0.0,99,10.0,data,ok,0.0,ue5_qfi9,17.25,ok,,30.0,ue4_qfi2,1,70.0,70.0,30.303,ok,33.0,,pending,,pending,ugv_heavy,0,0,8,PF,87989972,False
ue6_qfi2,10.6,18.795,20.517,21.831,ok,0.001964968874254185,ok,ue5_qfi9,0,2,4,1007.5000000000002,data,ok,2.0,False,,proxy,3,0,,ue1_qfi2,1.0,152,150.0,ok,,ue6_qfi2,23.327,ok,,6,ok,6,,ue2_qfi2,0.9643816,ok,0.9961269810478661,proxy,5,0.9950827827095419,27897118.4,ok,0.008084090909090909,ok,0.5343795454545455,0.0638296875,ok,ue1_qfi82,0.0,99,10.0,data,ok,0.0,ue5_qfi9,18.75,ok,,30.4,ue1_qfi2,0,0.0,0.0,30.303,ok,33.0,,pending,,pending,ugv_heavy,0,0,8,Reservation,87989972,False
ue6_qfi2,10.212,17.341,19.162,21.096,ok,0.0013415451742840971,ok,ue5_qfi9,0,1,4,1005.5000000000001,data,ok,2.0,False,,proxy,3,0,,ue2_qfi2,0.993421052631579,152,150.0,ok,,ue6_qfi2,22.843,ok,,6,ok,6,,ue2_qfi2,0.9638595999999999,ok,0.9981341836403346,proxy,5,0.9975527709156028,27915299.2,ok,0.007325,ok,0.48705227272727275,0.0539,ok,ue1_qfi82,0.0,99,10.0,data,ok,0.0,ue5_qfi1,18.25,ok,,30.2,ue2_qfi2,1,69.5,69.5,30.303,ok,33.0,,pending,,pending,ugv_heavy,0,0,8,TwoTier,87989972,False
ue6_qfi2,11.406,17.218,18.772,19.811,ok,0.001326088519516074,ok,ue5_qfi9,0,2,4,1001.4999999999997,data,ok,2.0,False,,proxy,3,0,,ue1_qfi2,1.0,152,150.0,ok,,ue6_qfi2,20.891,ok,,6,ok,6,,ue1_qfi2,0.9653828000000001,ok,0.9982076638641126,proxy,5,0.9971691662146296,28026457.6,ok,0.007375,ok,0.43902386363636364,0.055875,ok,ue1_qfi82,0.0,99,10.0,data,ok,0.0,ue2_qfi9,15.5,ok,,30.4,ue1_qfi2,0,0.0,0.0,30.303,ok,33.0,,pending,,pending,ugv_heavy,0,0,8,PF,161576974,False
ue6_qfi2,10.123,18.272,20.22,21.82,ok,0.0017816903843145525,ok,ue5_qfi9,0,1,4,1000.2500000000001,data,ok,2.0,False,,proxy,3,0,,ue1_qfi2,0.993421052631579,152,150.0,ok,,ue6_qfi2,23.581,ok,,6,ok,6,,ue1_qfi2,0.9649148000000001,ok,0.9966691282491242,proxy,5,0.9954999771496443,27996027.2,ok,0.007909090909090909,ok,0.5386170454545455,0.066240625,ok,ue1_qfi82,0.0,99,10.0,data,ok,0.0,ue5_qfi9,17.5,ok,,30.2,ue1_qfi2,1,71.0,71.0,30.303,ok,33.0,,pending,,pending,ugv_heavy,0,0,8,Reservation,161576974,False
ue5_qfi1,2.0,15.75,20.25,20.25,ok,0.0013609559779071765,ok,ue5_qfi9,0,1,4,1012.2500000000003,data,ok,2.0,False,,proxy,3,0,,ue1_qfi2,0.993421052631579,152,150.0,ok,,ue5_qfi2,21.022,ok,,6,ok,6,,ue1_qfi2,0.9647475999999999,ok,0.9932715526609931,proxy,5,0.9855171336345899,28019536.0,ok,0.007572727272727273,ok,0.4892931818181818,0.05566875,ok,ue1_qfi82,0.0,99,10.0,data,ok,0.0,ue5_qfi1,18.25,ok,,30.2,ue1_qfi2,1,67.0,67.0,30.303,ok,33.0,,pending,,pending,ugv_heavy,0,0,8,TwoTier,161576974,False
ue6_qfi2,10.5,16.835,18.414,19.638,ok,0.0013317322658323828,ok,ue3_qfi85,0,1,1,1413.75,data,ok,2.0,False,,proxy,3,0,,ue4_qfi2,0.993421052631579,152,150.0,ok,,ue6_qfi2,21.523,ok,,6,ok,6,,ue2_qfi2,0.955796,ok,0.9982591611186219,proxy,5,0.9979494904945393,27802160.0,ok,0.007163636363636363,ok,0.4305477272727273,0.0550375,ok,ue1_qfi82,0.0,99,10.0,data,ok,0.0,ue5_qfi1,17.5,ok,,30.4,ue1_qfi2,0,0.0,0.0,30.303,ok,33.0,,pending,,pending,ugv_heavy,0,0,8,PF,35492826,False
ue6_qfi2,9.616,17.778,20.101,21.489,ok,0.0019422866037652532,ok,ue3_qfi85,0,1,1,1413.75,data,ok,2.0,False,,proxy,3,0,,ue3_qfi2,0.993421052631579,152,150.0,ok,,ue6_qfi2,22.892,ok,,6,ok,6,,ue2_qfi2,0.955796,ok,0.9963488480597483,proxy,5,0.9959874527080215,27774654.4,ok,0.007852272727272727,ok,0.5293329545454546,0.0657984375,ok,ue1_qfi82,0.0,99,10.0,data,ok,0.0,ue2_qfi9,16.75,ok,,30.4,ue1_qfi2,0,0.0,0.0,30.303,ok,33.0,,pending,,pending,ugv_heavy,0,0,8,Reservation,35492826,False
ue6_qfi2,9.75,16.585,18.67,20.559,ok,0.0013450491790612457,ok,ue3_qfi85,0,1,1,1413.75,data,ok,2.0,False,,proxy,3,0,,ue6_qfi2,0.9868421052631579,152,150.0,ok,,ue6_qfi2,22.348,ok,,6,ok,6,,ue2_qfi2,0.955796,ok,0.998240731419217,proxy,5,0.9979699225005593,27796027.2,ok,0.007361363636363636,ok,0.48037386363636364,0.05535,ok,ue1_qfi82,0.0,99,10.0,data,ok,0.0,ue5_qfi1,16.5,ok,,30.0,ue6_qfi2,1,97.5,97.5,30.303,ok,33.0,,pending,,pending,ugv_heavy,0,0,8,TwoTier,35492826,False
ue6_qfi2,10.776,16.586,18.298,19.301,ok,0.0014565302955716942,ok,ue3_qfi85,1,1,1,3791.2500000000005,data,ok,2.0,False,,proxy,3,0,,ue1_qfi2,1.0,152,150.0,ok,,ue6_qfi2,20.673,ok,,6,ok,6,,ue3_qfi2,0.9610828,ok,0.9979942527509736,proxy,5,0.9971830334466071,27819497.6,ok,0.007538636363636364,ok,0.42964545454545455,0.0548796875,ok,ue1_qfi82,0.0,99,10.0,data,ok,0.0,ue1_qfi9,16.0,ok,,30.4,ue1_qfi2,0,0.0,0.0,30.303,ok,33.0,,pending,,pending,ugv_heavy,0,0,8,PF,376383645,False
ue1_qfi2,9.132,17.935,20.482,21.579,ok,0.0020145267444841076,ok,ue3_qfi85,1,1,1,3791.2500000000005,data,ok,2.0,False,,proxy,3,0,,ue1_qfi2,1.0,152,150.0,ok,,ue6_qfi2,22.996,ok,,6,ok,6,,ue3_qfi2,0.9581828,ok,0.9959151244918575,proxy,5,0.995040776689594,27796350.400000002,ok,0.007847727272727274,ok,0.5259511363636363,0.0654890625,ok,ue1_qfi82,0.0,99,10.0,data,ok,0.0,ue5_qfi1,18.5,ok,,30.4,ue1_qfi2,0,0.0,0.0,30.303,ok,33.0,,pending,,pending,ugv_heavy,0,0,8,Reservation,376383645,False
ue5_qfi1,2.25,16.5,20.75,20.75,ok,0.0014386324377963174,ok,ue3_qfi85,1,1,1,3792.7500000000005,data,ok,2.0,False,,proxy,3,0,,ue1_qfi2,1.0,152,150.0,ok,,ue6_qfi2,21.339,ok,,6,ok,6,,ue3_qfi2,0.9610848000000001,ok,0.9979298537025543,proxy,5,0.9972019769129327,27824284.8,ok,0.007634090909090909,ok,0.4803363636363636,0.05535625,ok,ue1_qfi82,0.0,99,10.0,data,ok,0.0,ue5_qfi1,18.5,ok,,30.4,ue1_qfi2,0,0.0,0.0,30.303,ok,33.0,,pending,,pending,ugv_heavy,0,0,8,TwoTier,376383645,False
ue6_qfi2,11.27,17.017,18.5,20.201,ok,0.0014048982106275995,ok,ue5_qfi9,0,2,3,1987.2500000000002,data,ok,2.0,False,,proxy,3,0,,ue4_qfi2,0.993421052631579,152,150.0,ok,,ue6_qfi2,21.431,ok,,6,ok,6,,ue2_qfi2,0.9690584,ok,0.9979689455941964,proxy,5,0.9973643849155067,28071371.2,ok,0.007234090909090909,ok,0.4399977272727273,0.0565140625,ok,ue1_qfi82,0.0,99,10.0,data,ok,0.0,ue1_qfi9,15.25,ok,,30.4,ue1_qfi2,0,0.0,0.0,30.303,ok,33.0,,pending,,pending,ugv_heavy,0,0,8,PF,1746484539,False
ue2_qfi2,7.91,17.138,19.449,20.977,ok,0.001954319156376453,ok,ue2_qfi85,0,1,1,1249.7500000000002,data,ok,2.0,False,,proxy,3,0,,ue1_qfi2,1.0,152,150.0,ok,,ue6_qfi2,23.77,ok,,6,ok,6,,ue2_qfi2,0.9689856,ok,0.9964744420135659,proxy,5,0.9962345106827163,28045667.2,ok,0.008106818181818182,ok,0.540290909090909,0.067140625,ok,ue1_qfi82,0.0,99,10.0,data,ok,0.0,ue5_qfi9,19.5,ok,,30.4,ue1_qfi2,0,0.0,0.0,30.303,ok,33.0,,pending,,pending,ugv_heavy,0,0,8,Reservation,1746484539,False
ue6_qfi2,10.203,17.445,19.563,20.843,ok,0.0014622036408255999,ok,ue2_qfi85,0,1,1,1251.2500000000002,data,ok,2.0,False,,proxy,3,0,,ue1_qfi2,1.0,152,150.0,ok,,ue6_qfi2,21.902,ok,,6,ok,6,,ue2_qfi2,0.9691716,ok,0.9956512248998883,proxy,5,0.9861639459434798,28074092.8,ok,0.007343181818181818,ok,0.4915022727272727,0.05636875,ok,ue1_qfi82,0.0,99,10.0,data,ok,0.0,ue2_qfi9,15.5,ok,,30.4,ue1_qfi2,0,0.0,0.0,30.303,ok,33.0,,pending,,pending,ugv_heavy,0,0,8,TwoTier,1746484539,False
ue1_qfi9,3.5,40.25,50.5,54.5,ok,0.00149460227151995,ok,ue1_qfi85,1,1,1,3006.25,data,ok,2.0,False,,proxy,3,0,,ue1_qfi2,1.0,152,150.0,ok,,ue1_qfi2,47.766,ok,,6,ok,7,,ue1_qfi4,0.4,ok,0.9945576633798818,proxy,5,0.9836595162249274,32707611.2,ok,0.007304545454545454,ok,0.49627727272727273,0.0553296875,ok,ue1_qfi82,0.0,99,10.0,data,ok,0.0,ue1_qfi9,51.0,ok,,30.4,ue1_qfi2,2,68.5,135.5,30.303,ok,33.0,,pending,,pending,ugv_heavy,1,1,8,PF,1826701614,True
ue1_qfi9,5.5,38.25,45.75,49.5,ok,0.00207473239759323,ok,ue1_qfi85,1,1,1,3006.25,data,ok,2.0,False,,proxy,3,0,,ue1_qfi2,0.993421052631579,152,150.0,ok,,ue1_qfi2,37.516,ok,,6,ok,7,,ue1_qfi4,0.4,ok,0.9936664122279169,proxy,5,0.9868637802204739,32672070.4,ok,0.008034090909090909,ok,0.5888034090909091,0.0653703125,ok,ue1_qfi82,0.0,99,10.0,data,ok,0.0,ue1_qfi9,44.0,ok,,30.2,ue1_qfi2,2,70.25,136.75,30.303,ok,33.0,,pending,,pending,ugv_heavy,1,1,8,Reservation,1826701614,True
ue5_qfi1,5.75,34.5,53.5,53.5,ok,0.0017196160655842936,ok,ue1_qfi85,1,1,1,3007.7499999999995,data,ok,2.0,False,,proxy,3,0,,ue1_qfi2,1.0,152,150.0,ok,,ue6_qfi2,26.199,ok,,6,ok,7,,ue1_qfi4,0.4,ok,0.991308559170436,proxy,5,0.9841880400399783,32697230.4,ok,0.007252272727272727,ok,0.5466693181818182,0.0524765625,ok,ue1_qfi82,0.0,99,10.0,data,ok,0.0,ue5_qfi1,47.75,ok,,30.4,ue1_qfi2,0,0.0,0.0,30.303,ok,33.0,,pending,,pending,ugv_heavy,1,1,8,TwoTier,1826701614,True
ue1_qfi9,4.75,43.0,51.5,54.75,ok,0.0015884513017628413,ok,ue5_qfi9,0,1,4,1005.0000000000003,data,ok,2.0,False,,proxy,3,0,,ue1_qfi2,1.0,152,150.0,ok,,ue1_qfi2,44.043,ok,,6,ok,7,,ue1_qfi4,0.4,ok,0.9943645428662344,proxy,5,0.9842980388157567,32692241.6,ok,0.007095454545454545,ok,0.4951318181818182,0.0563734375,ok,ue1_qfi82,0.0,99,10.0,data,ok,0.0,ue1_qfi9,50.0,ok,,30.4,ue1_qfi2,3,69.25,205.75,30.303,ok,33.0,,pending,,pending,ugv_heavy,1,1,8,PF,1367864806,True
ue1_qfi9,6.25,40.5,49.5,53.5,ok,0.0020460491559130805,ok,ue5_qfi9,0,1,4,1005.9999999999998,data,ok,2.0,False,,proxy,3,0,,ue1_qfi2,1.0,152,150.0,ok,,ue1_qfi2,38.493,ok,,6,ok,7,,ue1_qfi4,0.4,ok,0.99316883104166,proxy,5,0.9876838529844627,32669673.6,ok,0.00806590909090909,ok,0.5879306818181819,0.06765,ok,ue1_qfi82,0.0,99,10.0,data,ok,0.0,ue1_qfi9,47.25,ok,,30.4,ue1_qfi2,1,72.5,72.5,30.303,ok,33.0,,pending,,pending,ugv_heavy,1,1,8,Reservation,1367864806,True
ue5_qfi1,4.25,29.25,52.75,52.75,ok,0.0017568984510642491,ok,ue5_qfi9,0,1,4,1034.7500000000002,data,ok,2.0,False,,proxy,3,0,,ue5_qfi2,0.993421052631579,152,150.0,ok,,ue1_qfi2,28.243,ok,,6,ok,7,,ue1_qfi4,0.4,ok,0.993033983137269,proxy,5,0.9824701437590774,32680115.2,ok,0.007206818181818181,ok,0.5478863636363637,0.054275,ok,ue1_qfi82,0.0,99,10.0,data,ok,0.0,ue5_qfi1,48.5,ok,,30.4,ue1_qfi2,0,0.0,0.0,30.303,ok,33.0,,pending,,pending,ugv_heavy,1,1,8,TwoTier,1367864806,True
ue1_qfi9,6.0,49.75,57.5,62.25,ok,0.0015802659113620312,ok,ue3_qfi85,1,1,2,2507.4999999999995,data,ok,2.0,False,,proxy,3,0,,ue2_qfi2,0.993421052631579,152,150.0,ok,,ue1_qfi2,49.33,ok,,6,ok,7,,ue1_qfi4,0.3995765333333334,ok,0.9934132218568692,proxy,5,0.980742879755933,32648390.4,ok,0.007513636363636364,ok,0.511525,0.0575046875,ok,ue1_qfi82,0.0,99,10.0,data,ok,0.0,ue1_qfi9,56.25,ok,,30.4,ue1_qfi2,3,74.0,211.25,30.303,ok,33.0,,pending,,pending,ugv_heavy,1,1,8,PF,1097657231,True
ue1_qfi9,7.5,47.25,55.25,58.25,ok,0.002178697525505718,ok,ue3_qfi85,1,1,2,2508.9999999999995,data,ok,2.0,False,,proxy,3,0,,ue1_qfi2,0.9868421052631579,152,150.0,ok,,ue1_qfi2,48.25,ok,,6,ok,7,,ue1_qfi4,0.3997196,ok,0.9922487019543296,proxy,5,0.9822026207409466,32632016.0,ok,0.00798409090909091,ok,0.6038806818181818,0.069246875,ok,ue1_qfi82,0.0,99,10.0,data,ok,0.0,ue1_qfi9,50.75,ok,,30.0,ue1_qfi2,7,92.0,517.25,30.303,ok,33.0,,pending,,pending,ugv_heavy,1,1,8,Reservation,1097657231,True
ue5_qfi1,5.75,39.25,63.25,63.25,ok,0.0018284666680168466,ok,ue3_qfi85,1,1,2,2508.7499999999995,data,ok,2.0,False,,proxy,3,0,,ue1_qfi2,1.0,152,150.0,ok,,ue1_qfi2,32.339,ok,,6,ok,7,,ue1_qfi4,0.3996673333333333,ok,0.994791334688762,proxy,5,0.986316419193983,32649243.2,ok,0.007884090909090908,ok,0.5641863636363637,0.0549078125,ok,ue1_qfi82,0.0,99,10.0,data,ok,0.0,ue5_qfi1,57.5,ok,,30.4,ue1_qfi2,0,0.0,0.0,30.303,ok,33.0,,pending,,pending,ugv_heavy,1,1,8,TwoTier,1097657231,True
ue1_qfi9,4.25,43.0,51.5,55.0,ok,0.0015419677238738313,ok,ue1_qfi85,0,1,1,1139.7499999999998,data,ok,2.0,False,,proxy,3,0,,ue1_qfi2,1.0,152,150.0,ok,,ue1_qfi2,46.979,ok,,6,ok,7,,ue1_qfi4,0.4,ok,0.9938751890771436,proxy,5,0.9823073827823757,32864459.2,ok,0.007375,ok,0.4885034090909091,0.0516203125,ok,ue1_qfi82,0.0,99,10.0,data,ok,0.0,ue1_qfi9,50.75,ok,,30.4,ue1_qfi2,5,70.25,341.5,30.303,ok,33.0,,pending,,pending,ugv_heavy,1,1,8,PF,579362555,True
ue1_qfi9,5.25,40.5,48.5,51.5,ok,0.002075077284181095,ok,ue1_qfi85,0,2,2,1803.5000000000002,data,ok,2.0,False,,proxy,3,0,,ue1_qfi2,1.0,152,150.0,ok,,ue1_qfi2,40.75,ok,,6,ok,7,,ue1_qfi4,0.4,ok,0.9925683185893964,proxy,5,0.9828333310121397,32838534.4,ok,0.007863636363636364,ok,0.583025,0.061209375,ok,ue1_qfi82,0.0,99,10.0,data,ok,0.0,ue1_qfi9,46.25,ok,,30.4,ue1_qfi2,1,66.5,66.5,30.303,ok,33.0,,pending,,pending,ugv_heavy,1,1,8,Reservation,579362555,True
ue5_qfi9,5.75,60.25,60.25,60.25,ok,0.001823314363806335,ok,ue1_qfi85,0,2,2,1806.4999999999998,data,ok,2.0,False,,proxy,3,0,,ue1_qfi2,1.0,152,150.0,ok,,ue1_qfi2,30.042,ok,,6,ok,7,,ue1_qfi4,0.4,ok,0.9898315935254315,proxy,5,0.9840522417785232,32859776.0,ok,0.007286363636363636,ok,0.5409840909090909,0.0500734375,ok,ue1_qfi82,0.0,99,10.0,data,ok,0.0,ue5_qfi9,54.5,ok,,30.4,ue1_qfi2,0,0.0,0.0,30.303,ok,33.0,,pending,,pending,ugv_heavy,1,1,8,TwoTier,579362555,True
ue1_qfi9,7.0,53.25,61.5,67.25,ok,0.0015728674305204833,ok,ue1_qfi85,1,1,1,3083.5,data,ok,2.0,False,,proxy,3,0,,ue6_qfi2,0.993421052631579,152,150.0,ok,,ue1_qfi2,51.914,ok,,6,ok,7,,ue1_qfi4,0.4,ok,0.993880713137792,proxy,5,0.9827148931303146,32674433.6,ok,0.007145454545454545,ok,0.5162511363636364,0.055921875,ok,ue1_qfi82,0.0,99,10.0,data,ok,0.0,ue1_qfi9,60.25,ok,,30.4,ue1_qfi2,8,78.75,587.0,30.303,ok,33.0,,pending,,pending,ugv_heavy,1,1,8,PF,661058651,True
ue1_qfi9,7.75,51.5,59.5,65.5,ok,0.0022942336998384174,ok,ue1_qfi85,1,1,1,3083.5,data,ok,2.0,False,,proxy,3,0,,ue1_qfi2,1.0,152,150.0,ok,,ue1_qfi2,52.164,ok,,6,ok,7,,ue1_qfi4,0.4,ok,0.99133873051201,proxy,5,0.979736967158329,32654718.4,ok,0.0077568181818181816,ok,0.6051636363636363,0.0677125,ok,ue1_qfi82,0.0,99,10.0,data,ok,0.0,ue1_qfi9,57.75,ok,,30.4,ue1_qfi2,7,83.75,516.0,30.303,ok,33.0,,pending,,pending,ugv_heavy,1,1,8,Reservation,661058651,True
ue5_qfi1,7.25,58.25,62.75,62.75,ok,0.0018711350855403275,ok,ue1_qfi85,1,1,1,3083.5,data,ok,2.0,False,,proxy,3,0,,ue3_qfi2,0.993421052631579,152,150.0,ok,,ue6_qfi2,33.094,ok,,6,ok,7,,ue1_qfi4,0.4,ok,0.9945311102812437,proxy,5,0.9883507856569389,32667889.6,ok,0.0072204545454545455,ok,0.5658375,0.0530203125,ok,ue1_qfi82,0.0,99,10.0,data,ok,0.0,ue5_qfi1,55.5,ok,,30.2,ue3_qfi2,1,74.75,74.75,30.303,ok,33.0,,pending,,pending,ugv_heavy,1,1,8,TwoTier,661058651,True
ue1_qfi9,3.75,40.25,49.75,53.25,ok,0.001671534321559119,ok,ue5_qfi9,0,2,4,1005.0000000000003,data,ok,2.0,False,,proxy,3,0,,ue3_qfi2,0.9868421052631579,152,150.0,ok,,ue1_qfi2,45.035,ok,,6,ok,7,,ue1_qfi4,0.4,ok,0.9938688082192713,proxy,5,0.9840815952720868,32698192.0,ok,0.00785,ok,0.49695568181818184,0.054971875,ok,ue1_qfi82,0.0,99,10.0,data,ok,0.0,ue1_qfi9,49.5,ok,,30.4,ue1_qfi2,3,70.25,203.5,30.303,ok,33.0,,pending,,pending,ugv_heavy,1,1,8,PF,87989972,True
ue1_qfi9,5.75,39.5,48.25,51.75,ok,0.002119038213172546,ok,ue5_qfi9,0,1,4,1006.7499999999998,data,ok,2.0,False,,proxy,3,0,,ue6_qfi2,0.9868421052631579,152,150.0,ok,,ue1_qfi2,38.909,ok,,6,ok,7,,ue1_qfi4,0.4,ok,0.9922510557656334,proxy,5,0.9838940198417901,32665289.599999998,ok,0.007806818181818182,ok,0.5916852272727273,0.0660109375,ok,ue1_qfi82,0.0,99,10.0,data,ok,0.0,ue1_qfi9,46.0,ok,,30.4,ue1_qfi2,1,72.5,72.5,30.303,ok,33.0,,pending,,pending,ugv_heavy,1,1,8,Reservation,87989972,True
ue5_qfi1,5.25,30.75,53.25,53.25,ok,0.0017157858650000298,ok,ue5_qfi9,0,2,4,1007.5000000000002,data,ok,2.0,False,,proxy,3,0,,ue6_qfi2,0.993421052631579,152,150.0,ok,,ue1_qfi2,30.557,ok,,6,ok,7,,ue1_qfi4,0.4,ok,0.9934000255453084,proxy,5,0.9837737006871832,32701030.4,ok,0.00775,ok,0.5510272727272727,0.0528453125,ok,ue1_qfi82,0.0,99,10.0,data,ok,0.0,ue5_qfi1,48.0,ok,,30.4,ue1_qfi2,0,0.0,0.0,30.303,ok,33.0,,pending,,pending,ugv_heavy,1,1,8,TwoTier,87989972,True
ue1_qfi9,5.25,48.0,56.0,61.75,ok,0.0015450724856785126,ok,ue5_qfi9,0,2,4,1001.4999999999997,data,ok,2.0,False,,proxy,3,0,,ue1_qfi2,1.0,152,150.0,ok,,ue1_qfi2,50.341,ok,,6,ok,7,,ue1_qfi4,0.4,ok,0.993994585704085,proxy,5,0.9836259526807731,32810979.2,ok,0.007709090909090909,ok,0.5087636363636364,0.0579375,ok,ue1_qfi82,0.0,99,10.0,data,ok,0.0,ue1_qfi9,56.5,ok,,30.4,ue1_qfi2,5,72.75,342.25,30.303,ok,33.0,,pending,,pending,ugv_heavy,1,1,8,PF,161576974,True
ue1_qfi9,6.5,47.75,57.25,62.0,ok,0.0021206115669757265,ok,ue5_qfi9,0,2,4,1001.4999999999997,data,ok,2.0,False,,proxy,3,0,,ue1_qfi2,0.993421052631579,152,150.0,ok,,ue1_qfi2,50.113,ok,,6,ok,7,,ue1_qfi4,0.4,ok,0.9920153697639131,proxy,5,0.9813365910042091,32777190.4,ok,0.007715909090909091,ok,0.600790909090909,0.0691921875,ok,ue1_qfi82,0.0,99,10.0,data,ok,0.0,ue1_qfi9,55.5,ok,,30.2,ue1_qfi2,5,77.75,367.0,30.303,ok,33.0,,pending,,pending,ugv_heavy,1,1,8,Reservation,161576974,True
ue5_qfi1,3.5,51.5,63.5,63.5,ok,0.0017937310130964714,ok,ue5_qfi9,0,2,4,1003.2500000000005,data,ok,2.0,False,,proxy,3,0,,ue1_qfi2,0.993421052631579,152,150.0,ok,,ue1_qfi2,29.858,ok,,6,ok,7,,ue1_qfi4,0.4,ok,0.9923546390998498,proxy,5,0.9859853355687153,32800801.599999998,ok,0.0075636363636363635,ok,0.5607659090909091,0.0555609375,ok,ue1_qfi82,0.0,99,10.0,data,ok,0.0,ue5_qfi1,60.0,ok,,30.4,ue6_qfi2,1,68.75,68.75,30.303,ok,33.0,,pending,,pending,ugv_heavy,1,1,8,TwoTier,161576974,True
ue1_qfi9,4.75,49.75,59.0,66.5,ok,0.0015972598903626692,ok,ue3_qfi85,0,1,1,1413.75,data,ok,2.0,False,,proxy,3,0,,ue1_qfi2,0.993421052631579,152,150.0,ok,,ue1_qfi2,46.044,ok,,6,ok,7,,ue1_qfi4,0.3995842666666667,ok,0.9938398477821696,proxy,5,0.9818389338053193,32586232.0,ok,0.007386363636363636,ok,0.49962045454545456,0.05688125,ok,ue1_qfi82,0.0,99,10.0,data,ok,0.0,ue1_qfi9,61.75,ok,,30.2,ue1_qfi2,5,79.25,363.25,30.303,ok,33.0,,pending,,pending,ugv_heavy,1,1,8,PF,35492826,True
ue1_qfi9,5.75,43.5,51.75,56.25,ok,0.002072816542058439,ok,ue3_qfi85,0,1,1,1413.75,data,ok,2.0,False,,proxy,3,0,,ue1_qfi2,1.0,152,150.0,ok,,ue1_qfi2,38.832,ok,,6,ok,7,,ue1_qfi4,0.4,ok,0.992898723482049,proxy,5,0.983405453393779,32570801.6,ok,0.007852272727272727,ok,0.5895625,0.068015625,ok,ue1_qfi82,0.0,99,10.0,data,ok,0.0,ue1_qfi9,50.5,ok,,30.4,ue1_qfi2,3,77.0,217.0,30.303,ok,33.0,,pending,,pending,ugv_heavy,1,1,8,Reservation,35492826,True
ue5_qfi1,5.75,36.5,58.75,58.75,ok,0.0017071581243081671,ok,ue3_qfi85,0,1,1,1413.75,data,ok,2.0,False,,proxy,3,0,,ue1_qfi2,1.0,152,150.0,ok,,ue1_qfi2,31.066,ok,,6,ok,7,,ue1_qfi4,0.4,ok,0.9930307171976281,proxy,5,0.9854157415325779,32589262.4,ok,0.007454545454545454,ok,0.5500193181818182,0.0549359375,ok,ue1_qfi82,0.0,99,10.0,data,ok,0.0,ue5_qfi1,53.0,ok,,30.4,ue1_qfi2,0,0.0,0.0,30.303,ok,33.0,,pending,,pending,ugv_heavy,1,1,8,TwoTier,35492826,True
ue1_qfi9,6.0,47.0,55.5,59.0,ok,0.0016539963821585147,ok,ue3_qfi85,1,1,1,3791.2500000000005,data,ok,2.0,False,,proxy,3,0,,ue3_qfi2,0.993421052631579,152,150.0,ok,,ue1_qfi2,48.815,ok,,6,ok,7,,ue1_qfi4,0.4,ok,0.9938737440580994,proxy,5,0.9832962471254356,32604811.2,ok,0.007381818181818182,ok,0.49990795454545456,0.0571515625,ok,ue1_qfi82,0.0,99,10.0,data,ok,0.0,ue1_qfi9,53.0,ok,,30.4,ue1_qfi2,5,72.75,345.0,30.303,ok,33.0,,pending,,pending,ugv_heavy,1,1,8,PF,376383645,True
ue1_qfi9,6.75,45.0,53.0,56.0,ok,0.002162508659027528,ok,ue3_qfi85,1,1,1,3792.7500000000005,data,ok,2.0,False,,proxy,3,0,,ue1_qfi2,1.0,152,150.0,ok,,ue1_qfi2,44.065,ok,,6,ok,7,,ue1_qfi4,0.4,ok,0.9922200507205406,proxy,5,0.9822076259138773,32580132.8,ok,0.008036363636363637,ok,0.5934806818181818,0.068909375,ok,ue1_qfi82,0.0,99,10.0,data,ok,0.0,ue1_qfi9,49.25,ok,,30.4,ue1_qfi2,1,72.75,72.75,30.303,ok,33.0,,pending,,pending,ugv_heavy,1,1,8,Reservation,376383645,True
ue5_qfi1,6.75,55.75,79.25,79.25,ok,0.0018281277744781686,ok,ue3_qfi85,1,1,1,3791.2500000000005,data,ok,2.0,False,,proxy,3,0,,ue1_qfi2,1.0,152,150.0,ok,,ue1_qfi2,35.262,ok,,6,ok,7,,ue1_qfi4,0.4,ok,0.9945603309971588,proxy,5,0.9872793170762811,32605190.400000002,ok,0.007772727272727272,ok,0.5539806818181818,0.0554,ok,ue1_qfi82,0.0,99,10.0,data,ok,0.0,ue5_qfi1,72.5,ok,,30.4,ue5_qfi2,1,66.5,66.5,30.303,ok,33.0,,pending,,pending,ugv_heavy,1,1,8,TwoTier,376383645,True
ue1_qfi9,5.5,46.0,55.0,59.25,ok,0.0017040388092577842,ok,ue5_qfi9,0,1,3,1987.2500000000002,data,ok,2.0,False,,proxy,3,0,,ue6_qfi2,0.993421052631579,152,150.0,ok,,ue1_qfi2,46.383,ok,,6,ok,7,,ue1_qfi4,0.4,ok,0.9933305087947861,proxy,5,0.9839825752227869,32852904.0,ok,0.007454545454545454,ok,0.5091477272727273,0.0586609375,ok,ue1_qfi82,0.0,99,10.0,data,ok,0.0,ue1_qfi9,53.75,ok,,30.4,ue1_qfi2,4,72.25,280.25,30.303,ok,33.0,,pending,,pending,ugv_heavy,1,1,8,PF,1746484539,True
ue1_qfi9,7.25,44.75,53.0,56.75,ok,0.002156686469728696,ok,ue2_qfi85,0,1,1,1251.2500000000002,data,ok,2.0,False,,proxy,3,0,,ue3_qfi2,0.993421052631579,152,150.0,ok,,ue1_qfi2,44.709,ok,,6,ok,7,,ue1_qfi4,0.4,ok,0.992571714353755,proxy,5,0.9851110002992828,32830411.2,ok,0.007797727272727273,ok,0.6036670454545454,0.0698109375,ok,ue1_qfi82,0.0,99,10.0,data,ok,0.0,ue1_qfi9,49.5,ok,,30.2,ue3_qfi2,1,73.5,73.5,30.303,ok,33.0,,pending,,pending,ugv_heavy,1,1,8,Reservation,1746484539,True
ue5_qfi9,12.75,56.75,56.75,56.75,ok,0.00187042911605975,ok,ue2_qfi85,0,1,1,1251.2500000000002,data,ok,2.0,False,,proxy,3,0,,ue1_qfi2,1.0,152,150.0,ok,,ue1_qfi2,31.579,ok,,6,ok,7,,ue1_qfi4,0.4,ok,0.994174830519744,proxy,5,0.9891546601471851,32851758.4,ok,0.00715,ok,0.5612727272727273,0.0563515625,ok,ue1_qfi82,0.0,99,10.0,data,ok,0.0,ue5_qfi1,49.25,ok,,30.4,ue1_qfi2,0,0.0,0.0,30.303,ok,33.0,,pending,,pending,ugv_heavy,1,1,8,TwoTier,1746484539,True
ue3_qfi1,0.5,12.75,17.75,17.75,ok,0.0007283060334705817,ok,ue4_qfi9,0,1,4,1002.7500000000002,data,ok,2.0,False,,proxy,3,0,,ue1_qfi2,1.0,152,150.0,ok,,ue5_qfi2,19.253,ok,,5,ok,5,,ue3_qfi2,0.9653044000000001,ok,0.9992762843404103,proxy,5,0.9987315051193357,22946627.2,ok,0.009036363636363636,ok,0.34099318181818183,0.037715625,ok,ue1_qfi82,0.0,99,10.0,data,ok,0.0,ue3_qfi1,17.25,ok,,30.4,ue1_qfi2,0,0.0,0.0,30.303,ok,33.0,,pending,,pending,mixed,0,0,8,PF,1826701614,False
ue1_qfi2,8.48,16.933,19.282,20.693,ok,0.0012709800734379659,ok,ue3_qfi9,0,2,4,1007.4999999999999,data,ok,2.0,False,,proxy,3,0,,ue1_qfi2,1.0,152,150.0,ok,,ue1_qfi2,21.344,ok,,5,ok,5,,ue3_qfi2,0.9653044000000001,ok,0.997802756621725,proxy,5,0.9968516899466048,22933611.2,ok,0.010286363636363637,ok,0.41659772727272726,0.045540625,ok,ue1_qfi82,0.0,99,10.0,data,ok,0.0,ue3_qfi9,19.75,ok,,30.4,ue1_qfi2,0,0.0,0.0,30.303,ok,33.0,,pending,,pending,mixed,0,0,8,Reservation,1826701614,False
ue3_qfi1,1.0,15.25,18.5,18.5,ok,0.0007536281333689032,ok,ue4_qfi9,0,2,4,1004.9999999999999,data,ok,2.0,False,,proxy,3,0,,ue2_qfi2,0.993421052631579,152,150.0,ok,,ue5_qfi2,18.019,ok,,5,ok,5,,ue3_qfi2,0.9653044000000001,ok,0.9991060025416483,proxy,5,0.9982912323455925,22942886.400000002,ok,0.009525,ok,0.3691238636363636,0.037890625,ok,ue1_qfi82,0.0,99,10.0,data,ok,0.0,ue3_qfi1,17.5,ok,,30.4,ue1_qfi2,0,0.0,0.0,30.303,ok,33.0,,pending,,pending,mixed,0,0,8,TwoTier,1826701614,False
ue5_qfi2,9.445,15.0,16.993,18.448,ok,0.0007142111610392145,ok,ue1_qfi85,0,1,1,1676.0000000000002,data,ok,2.0,False,,proxy,3,0,,ue2_qfi2,0.993421052631579,152,150.0,ok,,ue5_qfi2,18.967,ok,,5,ok,5,,ue2_qfi2,0.9577055999999999,ok,0.99920081915125,proxy,5,0.9990558610110023,22993748.8,ok,0.009502272727272727,ok,0.3493659090909091,0.039084375,ok,ue1_qfi82,0.0,99,10.0,data,ok,0.0,ue3_qfi1,15.0,ok,,30.4,ue1_qfi2,0,0.0,0.0,30.303,ok,33.0,,pending,,pending,mixed,0,0,8,PF,1367864806,False
ue1_qfi2,8.554,17.247,19.42,20.62,ok,0.001241273998178389,ok,ue1_qfi85,0,1,1,1676.0000000000002,data,ok,2.0,False,,proxy,3,0,,ue1_qfi2,0.993421052631579,152,150.0,ok,,ue1_qfi2,21.393,ok,,5,ok,5,,ue2_qfi2,0.9581656,ok,0.9977776625645692,proxy,5,0.9965265330076631,22980460.8,ok,0.010154545454545454,ok,0.42333295454545455,0.0474296875,ok,ue1_qfi82,0.0,99,10.0,data,ok,0.0,ue1_qfi9,16.75,ok,,30.2,ue1_qfi2,1,67.25,67.25,30.303,ok,33.0,,pending,,pending,mixed,0,0,8,Reservation,1367864806,False
ue4_qfi1,1.0,13.5,18.0,18.0,ok,0.0007002693033279896,ok,ue1_qfi85,0,1,1,1676.0000000000002,data,ok,2.0,False,,proxy,3,0,,ue1_qfi2,1.0,152,150.0,ok,,ue5_qfi2,19.136,ok,,5,ok,5,,ue2_qfi2,0.9581656,ok,0.9992212072465799,proxy,5,0.998780509134606,22998176.0,ok,0.009313636363636364,ok,0.3786340909090909,0.039075,ok,ue1_qfi82,0.0,99,10.0,data,ok,0.0,ue3_qfi1,17.25,ok,,30.4,ue1_qfi2,0,0.0,0.0,30.303,ok,33.0,,pending,,pending,mixed,0,0,8,TwoTier,1367864806,False
ue5_qfi2,10.205,16.007,18.089,19.719,ok,0.0008386454840496561,ok,ue4_qfi9,0,1,4,1007.4999999999999,data,ok,2.0,False,,proxy,3,0,,ue4_qfi2,0.993421052631579,152,150.0,ok,,ue5_qfi2,20.338,ok,,5,ok,5,,ue3_qfi2,0.9655964,ok,0.99901165494712,proxy,5,0.9984205170479336,23017812.8,ok,0.009068181818181819,ok,0.36408295454545453,0.0437203125,ok,ue1_qfi82,0.0,99,10.0,data,ok,0.0,ue4_qfi1,17.25,ok,,30.2,ue4_qfi2,1,66.75,66.75,30.303,ok,33.0,,pending,,pending,mixed,0,0,8,PF,1097657231,False
ue5_qfi2,9.496,16.129,18.458,19.955,ok,0.001223850943998973,ok,ue4_qfi9,0,1,4,1008.5000000000002,data,ok,2.0,False,,proxy,3,0,,ue1_qfi2,0.993421052631579,152,150.0,ok,,ue5_qfi2,21.976,ok,,5,ok,5,,ue3_qfi2,0.9655964,ok,0.9977828309343785,proxy,5,0.9972254838965217,23006977.6,ok,0.010215909090909091,ok,0.4403090909090909,0.054109375,ok,ue1_qfi82,0.0,99,10.0,data,ok,0.0,ue4_qfi9,16.75,ok,,30.2,ue1_qfi2,0,0.0,0.0,30.303,ok,33.0,,pending,,pending,mixed,0,0,8,Reservation,1097657231,False
ue5_qfi2,8.969,15.879,18.0,19.249,ok,0.0007363458813069886,ok,ue4_qfi9,0,1,4,1014.7499999999998,data,ok,2.0,False,,proxy,3,0,,ue1_qfi2,1.0,152,150.0,ok,,ue5_qfi2,20.538,ok,,5,ok,5,,ue3_qfi2,0.9655964,ok,0.9991097855885303,proxy,5,0.9987797518769266,23023502.4,ok,0.008986363636363636,ok,0.39620795454545454,0.0442765625,ok,ue1_qfi82,0.0,99,10.0,data,ok,0.0,ue4_qfi1,17.0,ok,,30.4,ue1_qfi2,0,0.0,0.0,30.303,ok,33.0,,pending,,pending,mixed,0,0,8,TwoTier,1097657231,False
ue3_qfi1,0.75,13.25,18.0,18.0,ok,0.0007066990931285799,ok,ue5_qfi82,0,1,4,1001.5,data,ok,2.0,False,,proxy,3,0,,ue1_qfi2,1.0,152,150.0,ok,,ue5_qfi2,18.92,ok,,5,ok,5,,ue3_qfi2,0.9696728,ok,0.999166475396542,proxy,5,0.9987624889787399,23002310.4,ok,0.009031818181818183,ok,0.3505556818181818,0.04009375,ok,ue1_qfi82,0.0,99,10.0,data,ok,0.0,ue3_qfi1,17.25,ok,,30.4,ue1_qfi2,0,0.0,0.0,30.303,ok,33.0,,pending,,pending,mixed,0,0,8,PF,579362555,False
ue2_qfi2,8.473,16.775,19.285,20.369,ok,0.0011757066144828675,ok,ue3_qfi9,0,1,4,1005.5000000000001,data,ok,2.0,False,,proxy,3,0,,ue1_qfi2,1.0,152,150.0,ok,,ue1_qfi2,21.269,ok,,5,ok,5,,ue3_qfi2,0.9696728,ok,0.997982607926188,proxy,5,0.997541996147833,22989344.0,ok,0.010254545454545454,ok,0.42596477272727273,0.0493046875,ok,ue1_qfi82,0.0,99,10.0,data,ok,0.0,ue2_qfi9,17.25,ok,,30.4,ue1_qfi2,0,0.0,0.0,30.303,ok,33.0,,pending,,pending,mixed,0,0,8,Reservation,579362555,False
ue4_qfi1,1.0,18.0,18.0,18.0,ok,0.0006667031843818367,ok,ue3_qfi9,0,1,4,1005.2499999999998,data,ok,2.0,False,,proxy,3,0,,ue4_qfi2,0.993421052631579,152,150.0,ok,,ue5_qfi2,19.061,ok,,5,ok,5,,ue3_qfi2,0.9696728,ok,0.9991533512813211,proxy,5,0.9986740907197424,23002875.2,ok,0.009093181818181818,ok,0.3811818181818182,0.0400828125,ok,ue1_qfi82,0.0,99,10.0,data,ok,0.0,ue3_qfi1,17.0,ok,,30.4,ue1_qfi2,0,0.0,0.0,30.303,ok,33.0,,pending,,pending,mixed,0,0,8,TwoTier,579362555,False
ue2_qfi2,7.1,15.341,17.5,18.707,ok,0.0007812703745598225,ok,ue3_qfi9,0,2,4,1007.7500000000001,data,ok,2.0,False,,proxy,3,0,,ue1_qfi2,1.0,152,150.0,ok,,ue5_qfi2,19.065,ok,,5,ok,5,,ue2_qfi2,0.9648444,ok,0.9990764442476735,proxy,5,0.9987524302611042,22990028.8,ok,0.009177272727272727,ok,0.3381375,0.0370328125,ok,ue1_qfi82,0.0,99,10.0,data,ok,0.0,ue2_qfi9,14.75,ok,,30.4,ue1_qfi2,0,0.0,0.0,30.303,ok,33.0,,pending,,pending,mixed,0,0,8,PF,661058651,False
ue2_qfi2,8.968,17.267,19.0,20.646,ok,0.0012161733318580036,ok,ue3_qfi9,0,2,4,1005.2500000000002,data,ok,2.0,False,,proxy,3,0,,ue3_qfi2,0.993421052631579,152,150.0,ok,,ue2_qfi2,21.361,ok,,5,ok,5,,ue2_qfi2,0.9648444,ok,0.9979273702758821,proxy,5,0.9974398160408484,22979980.8,ok,0.010172727272727273,ok,0.41409090909090907,0.045125,ok,ue1_qfi82,0.0,99,10.0,data,ok,0.0,ue4_qfi1,17.25,ok,,30.2,ue3_qfi2,1,68.5,68.5,30.303,ok,33.0,,pending,,pending,mixed,0,0,8,Reservation,661058651,False
ue4_qfi1,1.0,15.25,17.75,17.75,ok,0.0007308825194320173,ok,ue3_qfi9,0,1,4,1012.2500000000003,data,ok,2.0,False,,proxy,3,0,,ue1_qfi2,1.0,152,150.0,ok,,ue5_qfi2,19.073,ok,,5,ok,5,,ue2_qfi2,0.9648444,ok,0.9992787757434458,proxy,5,0.9988540237620259,22992680.0,ok,0.009059090909090909,ok,0.36652045454545457,0.037609375,ok,ue1_qfi82,0.0,99,10.0,data,ok,0.0,ue4_qfi1,16.75,ok,,30.4,ue1_qfi2,0,0.0,0.0,30.303,ok,33.0,,pending,,pending,mixed,0,0,8,TwoTier,661058651,False
ue2_qfi2,8.07,16.053,17.5,19.108,ok,0.0008992767974402646,ok,ue3_qfi9,0,2,4,1007.4999999999999,data,ok,2.0,False,,proxy,3,0,,ue4_qfi2,0.993421052631579,152,150.0,ok,,ue2_qfi2,19.841,ok,,5,ok,5,,ue4_qfi2,0.9681784,ok,0.9909097697580427,proxy,5,0.9588100451432963,22832198.4,ok,0.009177272727272727,ok,0.3455625,0.0388453125,ok,ue1_qfi82,0.0,99,10.0,data,ok,0.0,ue4_qfi1,18.0,ok,,30.2,ue4_qfi2,1,67.25,67.25,30.303,ok,33.0,,pending,,pending,mixed,0,0,8,PF,87989972,False
ue1_qfi2,8.433,16.59,18.959,20.666,ok,0.001338954431024875,ok,ue4_qfi9,0,1,4,1006.2500000000001,data,ok,2.0,False,,proxy,3,0,,ue1_qfi2,1.0,152,150.0,ok,,ue1_qfi2,21.336,ok,,5,ok,5,,ue4_qfi2,0.9698116,ok,0.9893491387246854,proxy,5,0.9568425024638355,22825545.6,ok,0.010104545454545455,ok,0.42117954545454545,0.0479875,ok,ue1_qfi82,0.0,99,10.0,data,ok,0.0,ue4_qfi1,17.5,ok,,30.4,ue1_qfi2,0,0.0,0.0,30.303,ok,33.0,,pending,,pending,mixed,0,0,8,Reservation,87989972,False
ue3_qfi1,1.25,15.5,18.25,18.25,ok,0.0007434093137606688,ok,ue3_qfi9,0,1,4,1002.9999999999997,data,ok,2.0,False,,proxy,3,0,,ue3_qfi2,0.993421052631579,152,150.0,ok,,ue5_qfi2,19.234,ok,,5,ok,5,,ue4_qfi2,0.9698116,ok,0.9909037694595858,proxy,5,0.9590884638864269,22835734.4,ok,0.009443181818181818,ok,0.37720227272727275,0.039425,ok,ue1_qfi82,0.0,99,10.0,data,ok,0.0,ue3_qfi1,17.0,ok,,30.4,ue1_qfi2,0,0.0,0.0,30.303,ok,33.0,,pending,,pending,mixed,0,0,8,TwoTier,87989972,False
ue4_qfi9,0.75,18.0,18.0,18.0,ok,0.0007626159320740859,ok,ue4_qfi9,0,1,4,1007.7500000000001,data,ok,2.0,False,,proxy,3,0,,ue1_qfi2,0.993421052631579,152,150.0,ok,,ue5_qfi2,19.037,ok,,5,ok,5,,ue4_qfi2,0.9751364,ok,0.9991970168206656,proxy,5,0.9988921080208711,23066971.2,ok,0.009663636363636364,ok,0.3484909090909091,0.0386375,ok,ue1_qfi82,0.0,99,10.0,data,ok,0.0,ue4_qfi9,17.25,ok,,30.2,ue1_qfi2,0,0.0,0.0,30.303,ok,33.0,,pending,,pending,mixed,0,0,8,PF,161576974,False
ue1_qfi2,8.755,17.163,18.47,20.167,ok,0.0011664339044009432,ok,ue4_qfi9,0,2,4,1007.0000000000001,data,ok,2.0,False,,proxy,3,0,,ue1_qfi2,1.0,152,150.0,ok,,ue1_qfi2,20.37,ok,,5,ok,5,,ue4_qfi2,0.9751364,ok,0.9979963087905583,proxy,5,0.9971184854859644,23055851.2,ok,0.010852272727272728,ok,0.42310681818181817,0.0473703125,ok,ue1_qfi82,0.0,99,10.0,data,ok,0.0,ue3_qfi1,17.0,ok,,30.4,ue1_qfi2,0,0.0,0.0,30.303,ok,33.0,,pending,,pending,mixed,0,0,8,Reservation,161576974,False
ue3_qfi9,0.75,18.25,18.25,18.25,ok,0.0007048577858606277,ok,ue4_qfi9,0,1,4,1010.2499999999997,data,ok,2.0,False,,proxy,3,0,,ue1_qfi2,1.0,152,150.0,ok,,ue5_qfi2,18.989,ok,,5,ok,5,,ue4_qfi2,0.9751364,ok,0.9991580974427008,proxy,5,0.9985822391370689,23066252.8,ok,0.009375,ok,0.3787125,0.038646875,ok,ue1_qfi82,0.0,99,10.0,data,ok,0.0,ue3_qfi9,17.5,ok,,30.4,ue1_qfi2,0,0.0,0.0,30.303,ok,33.0,,pending,,pending,mixed,0,0,8,TwoTier,161576974,False
ue4_qfi9,1.0,19.0,19.0,19.0,ok,0.0008328698765134648,ok,ue4_qfi9,0,1,4,1007.4999999999999,data,ok,2.0,False,,proxy,3,0,,ue2_qfi2,0.993421052631579,152,150.0,ok,,ue5_qfi2,20.765,ok,,5,ok,5,,ue2_qfi2,0.9619184000000001,ok,0.9989214815065586,proxy,5,0.9984969364868495,23051804.8,ok,0.009034090909090908,ok,0.3508545454545455,0.0402046875,ok,ue1_qfi82,0.0,99,10.0,data,ok,0.0,ue4_qfi9,18.0,ok,,30.2,ue2_qfi2,1,66.75,66.75,30.303,ok,33.0,,pending,,pending,mixed,0,0,8,PF,35492826,False
ue1_qfi2,9.028,17.585,19.676,21.344,ok,0.001153996734076194,ok,ue4_qfi9,0,1,4,1007.7500000000001,data,ok,2.0,False,,proxy,3,0,,ue1_qfi2,1.0,152,150.0,ok,,ue1_qfi2,21.773,ok,,5,ok,5,,ue2_qfi2,0.9619652,ok,0.9980425685554806,proxy,5,0.9972816275906354,23044168.0,ok,0.010134090909090909,ok,0.42475454545454544,0.048978125,ok,ue1_qfi82,0.0,99,10.0,data,ok,0.0,ue1_qfi9,17.0,ok,,30.4,ue1_qfi2,0,0.0,0.0,30.303,ok,33.0,,pending,,pending,mixed,0,0,8,Reservation,35492826,False
ue4_qfi1,1.5,15.5,17.75,17.75,ok,0.0006572210673614141,ok,ue4_qfi9,0,1,4,1012.2500000000003,data,ok,2.0,False,,proxy,3,0,,ue1_qfi2,1.0,152,150.0,ok,,ue5_qfi2,19.314,ok,,5,ok,5,,ue2_qfi2,0.9620384000000001,ok,0.9992954901619153,proxy,5,0.9990532064911742,23054312.0,ok,0.009097727272727273,ok,0.38194545454545453,0.040759375,ok,ue1_qfi82,0.0,99,10.0,data,ok,0.0,ue3_qfi1,16.5,ok,,30.4,ue1_qfi2,0,0.0,0.0,30.303,ok,33.0,,pending,,pending,mixed,0,0,8,TwoTier,35492826,False
ue5_qfi2,9.517,14.671,16.644,18.156,ok,0.000755851308227528,ok,ue3_qfi9,0,1,4,1007.2499999999995,data,ok,2.0,False,,proxy,3,0,,ue1_qfi2,1.0,152,150.0,ok,,ue5_qfi2,19.365,ok,,5,ok,5,,ue1_qfi2,0.9677784,ok,0.9992392569017496,proxy,5,0.9989575773025553,22922852.8,ok,0.009379545454545455,ok,0.3490420454545455,0.037703125,ok,ue1_qfi82,0.0,99,10.0,data,ok,0.0,ue3_qfi1,14.5,ok,,30.4,ue1_qfi2,0,0.0,0.0,30.303,ok,33.0,,pending,,pending,mixed,0,0,8,PF,376383645,False
ue2_qfi2,8.688,17.06,18.911,20.65,ok,0.001263304760326831,ok,ue3_qfi9,0,2,4,1007.25,data,ok,2.0,False,,proxy,3,0,,ue1_qfi2,1.0,152,150.0,ok,,ue2_qfi2,20.935,ok,,5,ok,5,,ue1_qfi2,0.9677784,ok,0.9976580707324837,proxy,5,0.9972308608208758,22907856.0,ok,0.010243181818181818,ok,0.42343522727272725,0.046653125,ok,ue1_qfi82,0.0,99,10.0,data,ok,0.0,ue3_qfi1,17.75,ok,,30.4,ue1_qfi2,0,0.0,0.0,30.303,ok,33.0,,pending,,pending,mixed,0,0,8,Reservation,376383645,False
ue3_qfi1,1.25,17.75,20.25,20.25,ok,0.0006584670315531961,ok,ue3_qfi9,0,1,4,1014.7499999999998,data,ok,2.0,False,,proxy,3,0,,ue1_qfi2,1.0,152,150.0,ok,,ue5_qfi2,18.278,ok,,5,ok,5,,ue1_qfi2,0.9677784,ok,0.9994268508805307,proxy,5,0.9992149132785421,22924620.8,ok,0.009409090909090909,ok,0.3797556818181818,0.0377625,ok,ue1_qfi82,0.0,99,10.0,data,ok,0.0,ue3_qfi1,19.0,ok,,30.4,ue1_qfi2,0,0.0,0.0,30.303,ok,33.0,,pending,,pending,mixed,0,0,8,TwoTier,376383645,False
ue5_qfi2,8.931,14.284,16.25,17.613,ok,0.0007405346820557688,ok,ue2_qfi85,0,1,1,1718.25,data,ok,2.0,False,,proxy,3,0,,ue1_qfi2,1.0,152,150.0,ok,,ue5_qfi2,18.75,ok,,5,ok,5,,ue4_qfi2,0.9736504,ok,0.9990913331658359,proxy,5,0.998443694723476,22961976.0,ok,0.009484090909090909,ok,0.3462545454545455,0.038246875,ok,ue1_qfi82,0.0,99,10.0,data,ok,0.0,ue2_qfi9,14.5,ok,,30.4,ue1_qfi2,0,0.0,0.0,30.303,ok,33.0,,pending,,pending,mixed,0,0,8,PF,1746484539,False
ue2_qfi2,8.83,17.438,18.844,20.393,ok,0.0012678435859251257,ok,ue2_qfi85,0,1,1,1720.0,data,ok,2.0,False,,proxy,3,0,,ue1_qfi2,0.993421052631579,152,150.0,ok,,ue2_qfi2,21.143,ok,,5,ok,5,,ue4_qfi2,0.9736504,ok,0.9976789588090339,proxy,5,0.9970141457136856,22950625.6,ok,0.01035909090909091,ok,0.42306363636363636,0.046784375,ok,ue1_qfi82,0.0,99,10.0,data,ok,0.0,ue1_qfi9,17.0,ok,,30.2,ue1_qfi2,1,67.75,67.75,30.303,ok,33.0,,pending,,pending,mixed,0,0,8,Reservation,1746484539,False
ue4_qfi1,1.0,15.5,18.0,18.0,ok,0.0007852329149531976,ok,ue2_qfi85,0,1,1,1716.9999999999998,data,ok,2.0,False,,proxy,3,0,,ue1_qfi2,1.0,152,150.0,ok,,ue2_qfi2,18.249,ok,,5,ok,5,,ue4_qfi2,0.9736504,ok,0.9990398486482018,proxy,5,0.998204647320496,22964971.2,ok,0.00920909090909091,ok,0.37658522727272725,0.0387984375,ok,ue1_qfi82,0.0,99,10.0,data,ok,0.0,ue4_qfi1,17.0,ok,,30.4,ue1_qfi2,0,0.0,0.0,30.303,ok,33.0,,pending,,pending,mixed,0,0,8,TwoTier,1746484539,False
ue2_qfi9,5.5,66.0,77.75,83.75,ok,0.001872850976039147,ok,ue1_qfi85,1,1,1,3006.25,data,ok,2.0,False,,proxy,3,0,,ue1_qfi2,1.0,152,150.0,ok,,ue2_qfi2,57.655,ok,,6,ok,8,,ue1_qfi4,0.4,ok,0.9867421003939851,proxy,5,0.9588208809742437,37485164.8,ok,0.007652272727272727,ok,0.5636318181818182,0.05619375,ok,ue1_qfi82,0.0,99,10.0,data,ok,0.0,ue2_qfi9,78.25,ok,,30.4,ue2_qfi2,16,91.25,1188.25,30.303,ok,33.0,,pending,,pending,ugv_heavy,2,2,8,PF,1826701614,True
ue2_qfi9,8.0,66.0,78.0,83.75,ok,0.0023787780558182474,ok,ue1_qfi85,1,1,1,3006.25,data,ok,2.0,False,,proxy,3,0,,ue1_qfi2,0.993421052631579,152,150.0,ok,,ue2_qfi2,56.405,ok,,6,ok,8,,ue1_qfi4,0.4,ok,0.9865345324538282,proxy,5,0.9659905060437627,37458401.6,ok,0.007870454545454545,ok,0.6489181818181818,0.0689921875,ok,ue1_qfi82,0.0,99,10.0,data,ok,0.0,ue2_qfi9,75.75,ok,,30.4,ue2_qfi2,14,84.75,1067.5,30.303,ok,33.0,,pending,,pending,ugv_heavy,2,2,8,Reservation,1826701614,True
ue5_qfi9,8.0,95.75,95.75,95.75,ok,0.0024284101103527636,ok,ue1_qfi85,1,1,1,3007.7499999999995,data,ok,2.0,False,,proxy,3,0,,ue1_qfi2,1.0,152,150.0,ok,,ue5_qfi2,51.039,ok,,6,ok,8,,ue1_qfi4,0.4,ok,0.9755282684567492,proxy,5,0.9439695213115353,37462936.0,ok,0.007477272727272727,ok,0.6151681818181818,0.051290625,ok,ue1_qfi82,0.0,99,10.0,data,ok,0.0,ue5_qfi9,87.75,ok,,30.4,ue2_qfi2,7,76.5,502.0,30.303,ok,33.0,,pending,,pending,ugv_heavy,2,2,8,TwoTier,1826701614,True
ue1_qfi9,5.0,53.5,65.5,73.5,ok,0.0018619720026576464,ok,ue5_qfi9,0,1,4,1004.5000000000002,data,ok,2.0,False,,proxy,3,0,,ue1_qfi2,1.0,152,150.0,ok,,ue2_qfi2,55.105,ok,,6,ok,8,,ue1_qfi4,0.4,ok,0.9873826970608157,proxy,5,0.9648619142136678,37474204.800000004,ok,0.007688636363636364,ok,0.5621772727272727,0.05771875,ok,ue1_qfi82,0.0,99,10.0,data,ok,0.0,ue1_qfi9,68.5,ok,,30.4,ue2_qfi2,13,80.75,946.25,30.303,ok,33.0,,pending,,pending,ugv_heavy,2,2,8,PF,1367864806,True
ue2_qfi9,7.75,59.25,69.25,74.0,ok,0.002505030946029252,ok,ue5_qfi9,0,1,4,1006.4999999999995,data,ok,2.0,False,,proxy,3,0,,ue1_qfi2,1.0,152,150.0,ok,,ue2_qfi2,54.83,ok,,6,ok,8,,ue2_qfi4,0.399846,ok,0.9848143867596649,proxy,5,0.9609915857357431,37447720.0,ok,0.0079,ok,0.6471454545454546,0.071428125,ok,ue1_qfi82,0.0,99,10.0,data,ok,0.0,ue2_qfi9,66.25,ok,,30.4,ue2_qfi2,13,84.0,960.5,30.303,ok,33.0,,pending,,pending,ugv_heavy,2,2,8,Reservation,1367864806,True
ue5_qfi1,8.0,82.0,91.0,91.0,ok,0.00251807715570825,ok,ue7_qfi82,1,1,1,2502.0000000000005,data,ok,2.0,False,,proxy,3,0,,ue3_qfi2,0.993421052631579,152,150.0,ok,,ue6_qfi2,48.588,ok,,6,ok,8,,ue1_qfi4,0.4,ok,0.9707861369741314,proxy,5,0.9304842531428994,37447595.2,ok,0.007545454545454545,ok,0.611225,0.053128125,ok,ue1_qfi82,0.0,99,10.0,data,ok,0.0,ue5_qfi1,83.0,ok,,30.4,ue5_qfi2,8,75.0,577.0,30.303,ok,33.0,,pending,,pending,ugv_heavy,2,2,8,TwoTier,1367864806,True
ue1_qfi9,7.75,75.5,89.5,100.75,ok,0.002029312548299827,ok,ue3_qfi85,1,1,2,2507.7499999999995,data,ok,2.0,False,,proxy,3,0,,ue5_qfi2,0.993421052631579,152,150.0,ok,,ue1_qfi2,62.813,ok,,6,ok,8,,ue1_qfi4,0.4,ok,0.9863159199367202,proxy,5,0.9589884938706069,37435092.8,ok,0.007736363636363637,ok,0.5758818181818182,0.05778125,ok,ue1_qfi82,0.0,99,10.0,data,ok,0.0,ue1_qfi9,93.0,ok,,30.4,ue1_qfi2,15,105.5,1179.25,30.303,ok,33.0,,pending,,pending,ugv_heavy,2,2,8,PF,1097657231,True
ue1_qfi9,8.75,66.75,80.25,85.75,ok,0.0025144356832214605,ok,ue3_qfi85,1,1,2,2508.9999999999995,data,ok,2.0,False,,proxy,3,0,,ue1_qfi2,0.9868421052631579,152,150.0,ok,,ue1_qfi2,58.708,ok,,6,ok,8,,ue1_qfi4,0.39994,ok,0.9852984982597608,proxy,5,0.9600569800120957,37414260.8,ok,0.007845454545454546,ok,0.656140909090909,0.072075,ok,ue1_qfi82,0.0,99,10.0,data,ok,0.0,ue1_qfi9,77.0,ok,,30.0,ue1_qfi2,18,92.0,1409.75,30.303,ok,33.0,,pending,,pending,ugv_heavy,2,2,8,Reservation,1097657231,True
ue5_qfi1,8.0,93.25,95.75,95.75,ok,0.002449012088005204,ok,ue3_qfi85,1,1,2,2509.0,data,ok,2.0,False,,proxy,3,0,,ue1_qfi2,1.0,152,150.0,ok,,ue6_qfi2,58.634,ok,,6,ok,8,,ue2_qfi4,0.3995765333333334,ok,0.9751590237756581,proxy,5,0.9353561862444634,37408960.0,ok,0.007661363636363636,ok,0.6245045454545455,0.0530671875,ok,ue1_qfi82,0.0,99,10.0,data,ok,0.0,ue5_qfi1,87.75,ok,,30.4,ue6_qfi2,12,85.5,877.25,30.303,ok,33.0,,pending,,pending,ugv_heavy,2,2,8,TwoTier,1097657231,True
ue2_qfi9,5.75,57.0,67.0,74.5,ok,0.0018756143699858935,ok,ue1_qfi85,0,1,1,1141.2499999999995,data,ok,2.0,False,,proxy,3,0,,ue4_qfi2,0.993421052631579,152,150.0,ok,,ue2_qfi2,56.535,ok,,6,ok,8,,ue1_qfi4,0.4,ok,0.9857974778057548,proxy,5,0.954622798748086,37641939.2,ok,0.007436363636363637,ok,0.5516420454545454,0.052153125,ok,ue1_qfi82,0.0,99,10.0,data,ok,0.0,ue1_qfi9,69.5,ok,,30.4,ue1_qfi2,11,95.0,825.75,30.303,ok,33.0,,pending,,pending,ugv_heavy,2,2,8,PF,579362555,True
ue2_qfi9,7.75,55.75,65.75,73.5,ok,0.00245754981176476,ok,ue1_qfi85,0,2,2,1803.7500000000002,data,ok,2.0,False,,proxy,3,0,,ue1_qfi2,1.0,152,150.0,ok,,ue2_qfi2,53.549,ok,,6,ok,8,,ue1_qfi4,0.4,ok,0.9845987689531913,proxy,5,0.9560278175401637,37621649.6,ok,0.007797727272727273,ok,0.638278409090909,0.0639734375,ok,ue1_qfi82,0.0,99,10.0,data,ok,0.0,ue2_qfi9,65.75,ok,,30.4,ue1_qfi2,12,83.5,857.0,30.303,ok,33.0,,pending,,pending,ugv_heavy,2,2,8,Reservation,579362555,True
ue5_qfi1,11.0,85.5,95.75,95.75,ok,0.002392897148824143,ok,ue1_qfi85,0,2,2,1806.4999999999998,data,ok,2.0,False,,proxy,3,0,,ue6_qfi2,0.993421052631579,152,150.0,ok,,ue6_qfi2,50.012,ok,,6,ok,8,,ue1_qfi4,0.4,ok,0.973236616011793,proxy,5,0.9430515878179634,37623672.0,ok,0.0072159090909090905,ok,0.6016863636363636,0.04868125,ok,ue1_qfi82,0.0,99,10.0,data,ok,0.0,ue5_qfi1,84.75,ok,,30.2,ue6_qfi2,9,75.75,638.75,30.303,ok,33.0,,pending,,pending,ugv_heavy,2,2,8,TwoTier,579362555,True
ue1_qfi9,8.5,77.25,89.25,94.75,ok,0.0020212253818500184,ok,ue1_qfi85,1,1,1,3083.75,data,ok,2.0,False,,proxy,3,0,,ue1_qfi2,1.0,152,150.0,ok,,ue1_qfi2,62.0,ok,,6,ok,8,,ue1_qfi4,0.4,ok,0.985598951938725,proxy,5,0.9547109076144353,37455020.8,ok,0.007204545454545455,ok,0.5807977272727273,0.0565703125,ok,ue1_qfi82,0.0,99,10.0,data,ok,0.0,ue1_qfi9,86.25,ok,,30.4,ue1_qfi2,19,106.0,1502.25,30.303,ok,33.0,,pending,,pending,ugv_heavy,2,2,8,PF,661058651,True
ue1_qfi9,10.0,75.25,84.75,89.5,ok,0.00265134543179374,ok,ue1_qfi85,1,1,1,3083.5,data,ok,2.0,False,,proxy,3,0,,ue1_qfi2,0.993421052631579,152,150.0,ok,,ue1_qfi2,61.75,ok,,6,ok,8,,ue1_qfi4,0.4,ok,0.9838188164246814,proxy,5,0.9552328075196684,37421884.8,ok,0.007561363636363636,ok,0.6630022727272727,0.0717640625,ok,ue1_qfi82,0.0,99,10.0,data,ok,0.0,ue1_qfi9,79.5,ok,,30.2,ue1_qfi2,19,96.25,1514.0,30.303,ok,33.0,,pending,,pending,ugv_heavy,2,2,8,Reservation,661058651,True
ue5_qfi9,13.0,101.5,101.5,101.5,ok,0.002589020603585571,ok,ue1_qfi85,1,1,1,3083.5,data,ok,2.0,False,,proxy,3,0,,ue1_qfi2,1.0,152,150.0,ok,,ue6_qfi2,58.997,ok,,6,ok,8,,ue1_qfi4,0.4,ok,0.9683929113021017,proxy,5,0.9163610654043118,37436110.4,ok,0.007463636363636363,ok,0.629921590909091,0.050678125,ok,ue1_qfi82,0.0,99,10.0,data,ok,0.0,ue5_qfi9,88.5,ok,,30.4,ue6_qfi2,14,94.25,1036.25,30.303,ok,33.0,,pending,,pending,ugv_heavy,2,2,8,TwoTier,661058651,True
ue2_qfi9,5.5,57.25,68.25,75.75,ok,0.001905047762975038,ok,ue5_qfi9,0,2,4,1000.5000000000001,data,ok,2.0,False,,proxy,3,0,,ue3_qfi2,0.993421052631579,152,150.0,ok,,ue1_qfi2,54.307,ok,,6,ok,8,,ue1_qfi4,0.4,ok,0.9872096627972642,proxy,5,0.9634395126799935,37480364.8,ok,0.007775,ok,0.5620647727272727,0.0556578125,ok,ue1_qfi82,0.0,99,10.0,data,ok,0.0,ue2_qfi9,70.25,ok,,30.4,ue2_qfi2,12,96.5,905.0,30.303,ok,33.0,,pending,,pending,ugv_heavy,2,2,8,PF,87989972,True
ue2_qfi9,8.25,56.25,63.0,66.75,ok,0.0025603672972023374,ok,ue5_qfi9,0,1,4,1034.7499999999998,data,ok,2.0,False,,proxy,3,0,,ue1_qfi2,0.9868421052631579,152,150.0,ok,,ue2_qfi2,55.793,ok,,6,ok,8,,ue1_qfi4,0.4,ok,0.9831928159845175,proxy,5,0.963208696737027,37452227.2,ok,0.007834090909090909,ok,0.6474272727272727,0.0681375,ok,ue1_qfi82,0.0,99,10.0,data,ok,0.0,ue2_qfi9,58.5,ok,,30.4,ue2_qfi2,12,91.0,888.5,30.303,ok,33.0,,pending,,pending,ugv_heavy,2,2,8,Reservation,87989972,True
ue5_qfi1,11.0,88.25,93.0,93.0,ok,0.0024602695228457434,ok,ue7_qfi82,0,1,1,1908.7499999999995,data,ok,2.0,False,,proxy,3,0,,ue1_qfi2,1.0,152,150.0,ok,,ue6_qfi2,53.121,ok,,6,ok,8,,ue1_qfi4,0.4,ok,0.9734419346137158,proxy,5,0.9351880066937077,37466302.4,ok,0.007959090909090909,ok,0.6147022727272727,0.05105,ok,ue1_qfi82,0.0,99,10.0,data,ok,0.0,ue5_qfi1,82.0,ok,,30.4,ue6_qfi2,10,78.25,711.5,30.303,ok,33.0,,pending,,pending,ugv_heavy,2,2,8,TwoTier,87989972,True
ue1_qfi9,6.25,73.25,94.0,110.25,ok,0.0019802659101336023,ok,ue5_qfi9,0,2,4,1000.2500000000001,data,ok,2.0,False,,proxy,3,0,,ue1_qfi2,1.0,152,150.0,ok,,ue1_qfi2,60.113,ok,,6,ok,8,,ue1_qfi4,0.4,ok,0.9858634381851316,proxy,5,0.9590487037316416,37588913.6,ok,0.007575,ok,0.5730681818181819,0.0581703125,ok,ue1_qfi82,0.0,99,10.0,data,ok,0.0,ue1_qfi9,104.0,ok,,30.4,ue1_qfi2,15,104.75,1182.75,30.303,ok,33.0,,pending,,pending,ugv_heavy,2,2,8,PF,161576974,True
ue1_qfi9,7.75,66.75,80.25,87.5,ok,0.0025915685206696756,ok,ue5_qfi9,0,1,4,1000.0000000000002,data,ok,2.0,False,,proxy,3,0,,ue1_qfi2,0.993421052631579,152,150.0,ok,,ue1_qfi2,59.513,ok,,6,ok,8,,ue1_qfi4,0.4,ok,0.9835454305040792,proxy,5,0.9570688182393703,37554916.8,ok,0.007838636363636364,ok,0.6577420454545455,0.07231875,ok,ue1_qfi82,0.0,99,10.0,data,ok,0.0,ue1_qfi9,79.75,ok,,30.2,ue1_qfi2,14,107.75,1121.75,30.303,ok,33.0,,pending,,pending,ugv_heavy,2,2,8,Reservation,161576974,True
ue5_qfi1,11.75,95.75,100.25,100.25,ok,0.0025727741473840667,ok,ue7_qfi82,0,1,3,1309.2499999999995,data,ok,2.0,False,,proxy,3,0,,ue1_qfi2,0.993421052631579,152,150.0,ok,,ue6_qfi2,54.691,ok,,6,ok,8,,ue1_qfi4,0.4,ok,0.968447565010489,proxy,5,0.9230428995964494,37564497.6,ok,0.007593181818181818,ok,0.624725,0.0535234375,ok,ue1_qfi82,0.0,99,10.0,data,ok,0.0,ue5_qfi1,88.5,ok,,30.4,ue6_qfi2,13,91.0,948.0,30.303,ok,33.0,,pending,,pending,ugv_heavy,2,2,8,TwoTier,161576974,True
ue1_qfi9,5.25,58.25,68.0,76.75,ok,0.0018548881482956532,ok,ue3_qfi85,0,1,1,1413.75,data,ok,2.0,False,,proxy,3,0,,ue6_qfi2,0.993421052631579,152,150.0,ok,,ue1_qfi2,54.589,ok,,6,ok,8,,ue1_qfi4,0.3995842666666667,ok,0.9874750802487775,proxy,5,0.9609911726084739,37366481.6,ok,0.007543181818181818,ok,0.556725,0.05745,ok,ue1_qfi82,0.0,99,10.0,data,ok,0.0,ue1_qfi9,71.5,ok,,30.4,ue1_qfi2,15,99.5,1065.25,30.303,ok,33.0,,pending,,pending,ugv_heavy,2,2,8,PF,35492826,True
ue1_qfi9,7.5,55.5,66.5,72.25,ok,0.0024466559283922765,ok,ue3_qfi85,0,1,1,1413.75,data,ok,2.0,False,,proxy,3,0,,ue6_qfi2,0.993421052631579,152,150.0,ok,,ue1_qfi2,55.442,ok,,6,ok,8,,ue1_qfi4,0.4,ok,0.9828813013637374,proxy,5,0.9597280461129171,37338003.2,ok,0.008061363636363636,ok,0.6428363636363637,0.0704734375,ok,ue1_qfi82,0.0,99,10.0,data,ok,0.0,ue1_qfi9,64.75,ok,,30.4,ue1_qfi2,15,80.75,1099.0,30.303,ok,33.0,,pending,,pending,ugv_heavy,2,2,8,Reservation,35492826,True
ue5_qfi1,13.0,80.5,90.5,90.5,ok,0.0024109851488391667,ok,ue7_qfi82,1,1,1,2006.5000000000005,data,ok,2.0,False,,proxy,3,0,,ue1_qfi2,1.0,152,150.0,ok,,ue6_qfi2,49.147,ok,,6,ok,8,,ue1_qfi4,0.3996673333333333,ok,0.9722316267500698,proxy,5,0.9240562133650242,37350680.0,ok,0.007511363636363636,ok,0.6075965909090909,0.053753125,ok,ue1_qfi82,0.0,99,10.0,data,ok,0.0,ue5_qfi1,77.5,ok,,30.4,ue6_qfi2,7,72.5,497.0,30.303,ok,33.0,,pending,,pending,ugv_heavy,2,2,8,TwoTier,35492826,True
ue1_qfi9,7.5,69.25,81.25,86.0,ok,0.002026956604940592,ok,ue3_qfi85,1,1,1,3791.2500000000005,data,ok,2.0,False,,proxy,3,0,,ue5_qfi2,0.993421052631579,152,150.0,ok,,ue1_qfi2,62.75,ok,,6,ok,8,,ue1_qfi4,0.4,ok,0.9843579246744767,proxy,5,0.9504329349814616,37382696.0,ok,0.007534090909090909,ok,0.5658886363636364,0.057796875,ok,ue1_qfi82,0.0,99,10.0,data,ok,0.0,ue1_qfi9,78.5,ok,,30.4,ue1_qfi2,13,97.25,1043.25,30.303,ok,33.0,,pending,,pending,ugv_heavy,2,2,8,PF,376383645,True
ue1_qfi9,8.5,67.75,79.0,84.0,ok,0.002588062644878798,ok,ue3_qfi85,1,1,1,3792.7500000000005,data,ok,2.0,False,,proxy,3,0,,ue1_qfi2,1.0,152,150.0,ok,,ue1_qfi2,61.918,ok,,6,ok,8,,ue1_qfi4,0.4,ok,0.9834863701097969,proxy,5,0.9534795433671092,37363193.6,ok,0.007961363636363636,ok,0.6492488636363636,0.0724828125,ok,ue1_qfi82,0.0,99,10.0,data,ok,0.0,ue1_qfi9,75.5,ok,,30.4,ue1_qfi2,11,94.5,911.25,30.303,ok,33.0,,pending,,pending,ugv_heavy,2,2,8,Reservation,376383645,True
ue5_qfi1,10.75,96.0,98.0,98.0,ok,0.0026091972365848717,ok,ue3_qfi85,1,1,1,3791.2500000000005,data,ok,2.0,False,,proxy,3,0,,ue3_qfi2,0.993421052631579,152,150.0,ok,,ue6_qfi2,57.047,ok,,6,ok,8,,ue1_qfi4,0.4,ok,0.9701642679551794,proxy,5,0.9290784241030199,37360936.0,ok,0.007872727272727273,ok,0.6173545454545455,0.0531046875,ok,ue1_qfi82,0.0,99,10.0,data,ok,0.0,ue5_qfi1,87.25,ok,,30.4,ue6_qfi2,10,90.25,759.0,30.303,ok,33.0,,pending,,pending,ugv_heavy,2,2,8,TwoTier,376383645,True
ue2_qfi9,5.75,62.75,78.0,84.25,ok,0.002017855130281991,ok,ue5_qfi9,0,2,3,1987.2500000000002,data,ok,2.0,False,,proxy,3,0,,ue4_qfi2,0.993421052631579,152,150.0,ok,,ue1_qfi2,58.75,ok,,6,ok,8,,ue2_qfi4,0.39973053333333336,ok,0.9854637056378573,proxy,5,0.9576001520462105,37631568.0,ok,0.007209090909090909,ok,0.5804488636363636,0.0595015625,ok,ue1_qfi82,0.0,99,10.0,data,ok,0.0,ue2_qfi9,78.5,ok,,30.4,ue2_qfi2,18,97.5,1351.5,30.303,ok,33.0,,pending,,pending,ugv_heavy,2,2,8,PF,1746484539,True
ue1_qfi9,9.0,65.5,77.25,82.75,ok,0.0025648444712444937,ok,ue2_qfi85,0,1,1,1251.2500000000002,data,ok,2.0,False,,proxy,3,0,,ue1_qfi2,1.0,152,150.0,ok,,ue1_qfi2,61.604,ok,,6,ok,8,,ue1_qfi4,0.4,ok,0.9832187938083828,proxy,5,0.9568087678865816,37613249.6,ok,0.007811363636363636,ok,0.6618636363636363,0.074178125,ok,ue1_qfi82,0.0,99,10.0,data,ok,0.0,ue1_qfi9,73.75,ok,,30.4,ue2_qfi2,16,87.75,1198.75,30.303,ok,33.0,,pending,,pending,ugv_heavy,2,2,8,Reservation,1746484539,True
ue5_qfi1,11.5,91.0,95.5,95.5,ok,0.0025774834070660343,ok,ue7_qfi82,0,1,1,1905.9999999999998,data,ok,2.0,False,,proxy,3,0,,ue1_qfi2,0.993421052631579,152,150.0,ok,,ue6_qfi2,51.274,ok,,6,ok,8,,ue1_qfi4,0.4,ok,0.9714276442427364,proxy,5,0.9282074017877882,37613467.2,ok,0.007338636363636364,ok,0.6306397727272727,0.0544265625,ok,ue1_qfi82,0.0,99,10.0,data,ok,0.0,ue5_qfi1,84.0,ok,,30.4,ue6_qfi2,11,81.75,786.25,30.303,ok,33.0,,pending,,pending,ugv_heavy,2,2,8,TwoTier,1746484539,True
ue1_qfi9,3.25,36.75,44.75,48.75,ok,0.001120986666559066,ok,ue4_qfi9,0,1,4,1005.2499999999998,data,ok,2.0,False,,proxy,3,0,,ue4_qfi2,0.993421052631579,152,150.0,ok,,ue1_qfi2,36.75,ok,,5,ok,6,,ue1_qfi4,0.4,ok,0.9951147313685613,proxy,5,0.9849265692877613,27726416.0,ok,0.009011363636363637,ok,0.40624886363636364,0.0391171875,ok,ue1_qfi82,0.0,99,10.0,data,ok,0.0,ue1_qfi9,45.5,ok,,30.4,ue1_qfi2,2,70.75,138.75,30.303,ok,33.0,,pending,,pending,mixed,1,1,8,PF,1826701614,True
ue1_qfi9,5.0,37.0,46.25,49.75,ok,0.0014895106181100118,ok,ue4_qfi9,0,1,4,1005.0000000000003,data,ok,2.0,False,,proxy,3,0,,ue1_qfi2,1.0,152,150.0,ok,,ue1_qfi2,41.526,ok,,5,ok,6,,ue1_qfi4,0.3995765333333334,ok,0.9944747202830584,proxy,5,0.9884411068690494,27715404.8,ok,0.010129545454545455,ok,0.4803136363636364,0.0481015625,ok,ue1_qfi82,0.0,99,10.0,data,ok,0.0,ue1_qfi9,44.75,ok,,30.4,ue1_qfi2,1,69.75,69.75,30.303,ok,33.0,,pending,,pending,mixed,1,1,8,Reservation,1826701614,True
ue4_qfi1,4.5,27.0,52.75,52.75,ok,0.0010068746807043488,ok,ue4_qfi9,0,1,4,1003.25,data,ok,2.0,False,,proxy,3,0,,ue5_qfi2,0.993421052631579,152,150.0,ok,,ue1_qfi2,29.429,ok,,5,ok,6,,ue1_qfi4,0.4,ok,0.9966624852889193,proxy,5,0.9907432241324478,27730955.2,ok,0.009165909090909091,ok,0.43803977272727274,0.03896875,ok,ue1_qfi82,0.0,99,10.0,data,ok,0.0,ue4_qfi1,48.25,ok,,30.2,ue5_qfi2,1,69.5,69.5,30.303,ok,33.0,,pending,,pending,mixed,1,1,8,TwoTier,1826701614,True
ue1_qfi9,3.25,39.25,48.5,51.5,ok,0.0011588231544154724,ok,ue1_qfi85,0,1,1,1676.0000000000002,data,ok,2.0,False,,proxy,3,0,,ue2_qfi2,0.993421052631579,152,150.0,ok,,ue1_qfi2,43.666,ok,,5,ok,6,,ue1_qfi4,0.4,ok,0.9947821492418581,proxy,5,0.9833760320512048,27777932.8,ok,0.009331818181818182,ok,0.41443636363636366,0.0401296875,ok,ue1_qfi82,0.0,99,10.0,data,ok,0.0,ue1_qfi9,48.25,ok,,30.4,ue1_qfi2,4,68.25,268.5,30.303,ok,33.0,,pending,,pending,mixed,1,1,8,PF,1367864806,True
ue1_qfi9,4.5,37.5,46.25,49.75,ok,0.001441118668942109,ok,ue1_qfi85,0,1,1,1676.0000000000002,data,ok,2.0,False,,proxy,3,0,,ue1_qfi2,0.993421052631579,152,150.0,ok,,ue1_qfi2,39.204,ok,,5,ok,6,,ue1_qfi4,0.4,ok,0.9943337040583806,proxy,5,0.9852676512240377,27770585.6,ok,0.010097727272727272,ok,0.48793295454545454,0.0500921875,ok,ue1_qfi82,0.0,99,10.0,data,ok,0.0,ue1_qfi9,45.25,ok,,30.2,ue1_qfi2,3,73.25,206.75,30.303,ok,33.0,,pending,,pending,mixed,1,1,8,Reservation,1367864806,True
ue4_qfi9,8.25,57.75,57.75,57.75,ok,0.0010287028990059151,ok,ue1_qfi85,0,1,1,1676.0000000000002,data,ok,2.0,False,,proxy,3,0,,ue1_qfi2,1.0,152,150.0,ok,,ue1_qfi2,27.17,ok,,5,ok,6,,ue1_qfi4,0.4,ok,0.9966278215116772,proxy,5,0.991159471653493,27786883.2,ok,0.009159090909090908,ok,0.4463875,0.0402359375,ok,ue1_qfi82,0.0,99,10.0,data,ok,0.0,ue4_qfi9,49.5,ok,,30.4,ue1_qfi2,0,0.0,0.0,30.303,ok,33.0,,pending,,pending,mixed,1,1,8,TwoTier,1367864806,True
ue1_qfi9,4.5,46.75,55.5,60.5,ok,0.0011656675640944732,ok,ue4_qfi9,0,1,4,1007.2499999999995,data,ok,2.0,False,,proxy,3,0,,ue1_qfi2,1.0,152,150.0,ok,,ue1_qfi2,45.585,ok,,5,ok,6,,ue1_qfi4,0.4,ok,0.9949420434099198,proxy,5,0.9856520302676612,27806027.2,ok,0.009072727272727272,ok,0.43971704545454543,0.04571875,ok,ue1_qfi82,0.0,99,10.0,data,ok,0.0,ue1_qfi9,56.0,ok,,30.4,ue1_qfi2,6,75.5,429.75,30.303,ok,33.0,,pending,,pending,mixed,1,1,8,PF,1097657231,True
ue1_qfi9,6.0,45.25,55.75,63.25,ok,0.00150288904381932,ok,ue4_qfi9,0,1,4,1007.4999999999999,data,ok,2.0,False,,proxy,3,0,,ue1_qfi2,1.0,152,150.0,ok,,ue1_qfi2,41.295,ok,,5,ok,6,,ue1_qfi4,0.4,ok,0.9942212630962413,proxy,5,0.988318021509102,27796980.8,ok,0.010245454545454545,ok,0.5142511363636364,0.0576171875,ok,ue1_qfi82,0.0,99,10.0,data,ok,0.0,ue1_qfi9,57.25,ok,,30.4,ue1_qfi2,6,78.0,441.0,30.303,ok,33.0,,pending,,pending,mixed,1,1,8,Reservation,1097657231,True
ue1_qfi9,2.25,28.5,35.0,39.5,ok,0.0011374842126275063,ok,ue4_qfi9,0,2,4,1007.0000000000001,data,ok,2.0,False,,proxy,3,0,,ue1_qfi2,0.993421052631579,152,150.0,ok,,ue1_qfi2,28.793,ok,,5,ok,6,,ue1_qfi4,0.4,ok,0.9964531833801573,proxy,5,0.9916372894151532,27798899.2,ok,0.009143181818181818,ok,0.4740511363636364,0.0459234375,ok,ue1_qfi82,0.0,99,10.0,data,ok,0.0,ue1_qfi9,37.25,ok,,30.2,ue1_qfi2,0,0.0,0.0,30.303,ok,33.0,,pending,,pending,mixed,1,1,8,TwoTier,1097657231,True
ue1_qfi9,3.0,41.0,49.5,53.5,ok,0.001071485026360591,ok,ue3_qfi9,0,2,4,1006.7499999999998,data,ok,2.0,False,,proxy,3,0,,ue1_qfi2,1.0,152,150.0,ok,,ue1_qfi2,43.333,ok,,5,ok,6,,ue1_qfi4,0.39973546666666665,ok,0.9951464726756283,proxy,5,0.9832740619305753,27786105.599999998,ok,0.00905,ok,0.4224590909090909,0.0418859375,ok,ue1_qfi82,0.0,99,10.0,data,ok,0.0,ue1_qfi9,50.5,ok,,30.4,ue1_qfi2,3,70.75,204.75,30.303,ok,33.0,,pending,,pending,mixed,1,1,8,PF,579362555,True
ue1_qfi9,4.5,39.5,46.75,51.25,ok,0.001374248181214858,ok,ue3_qfi9,0,1,4,1005.5000000000001,data,ok,2.0,False,,proxy,3,0,,ue2_qfi2,0.993421052631579,152,150.0,ok,,ue1_qfi2,35.807,ok,,5,ok,6,,ue1_qfi4,0.4,ok,0.9947750199499475,proxy,5,0.9874570131380387,27779196.8,ok,0.010336363636363637,ok,0.4945522727272727,0.05205625,ok,ue1_qfi82,0.0,99,10.0,data,ok,0.0,ue1_qfi9,46.75,ok,,30.4,ue1_qfi2,1,76.25,76.25,30.303,ok,33.0,,pending,,pending,mixed,1,1,8,Reservation,579362555,True
ue4_qfi1,4.25,33.25,60.25,60.25,ok,0.001075601171387824,ok,ue4_qfi9,0,2,4,1002.5,data,ok,2.0,False,,proxy,3,0,,ue1_qfi2,1.0,152,150.0,ok,,ue1_qfi2,29.308,ok,,5,ok,6,,ue1_qfi4,0.4,ok,0.991615286020236,proxy,5,0.9720263153123186,27790484.8,ok,0.00930909090909091,ok,0.45433636363636365,0.041425,ok,ue1_qfi82,0.0,99,10.0,data,ok,0.0,ue4_qfi1,56.0,ok,,30.4,ue1_qfi2,0,0.0,0.0,30.303,ok,33.0,,pending,,pending,mixed,1,1,8,TwoTier,579362555,True
ue1_qfi9,2.5,33.0,39.5,44.5,ok,0.0011392862613239588,ok,ue3_qfi9,0,1,4,1009.7499999999999,data,ok,2.0,False,,proxy,3,0,,ue1_qfi2,1.0,152,150.0,ok,,ue1_qfi2,32.038,ok,,5,ok,6,,ue1_qfi4,0.4,ok,0.9953542985661066,proxy,5,0.9861276511598331,27776542.4,ok,0.00901590909090909,ok,0.3942375,0.0379140625,ok,ue1_qfi82,0.0,99,10.0,data,ok,0.0,ue1_qfi9,42.0,ok,,30.4,ue1_qfi2,0,0.0,0.0,30.303,ok,33.0,,pending,,pending,mixed,1,1,8,PF,661058651,True
ue1_qfi9,3.25,29.0,37.5,43.25,ok,0.0014621423261952534,ok,ue3_qfi9,0,1,4,1007.4999999999999,data,ok,2.0,False,,proxy,3,0,,ue1_qfi2,1.0,152,150.0,ok,,ue1_qfi2,32.25,ok,,5,ok,6,,ue1_qfi4,0.4,ok,0.994891959214501,proxy,5,0.9887540002421544,27769230.4,ok,0.010195454545454546,ok,0.4673181818181818,0.0466859375,ok,ue1_qfi82,0.0,99,10.0,data,ok,0.0,ue1_qfi9,40.0,ok,,30.4,ue1_qfi2,0,0.0,0.0,30.303,ok,33.0,,pending,,pending,mixed,1,1,8,Reservation,661058651,True
ue4_qfi1,4.75,29.5,55.5,55.5,ok,0.0009222435559612476,ok,ue3_qfi9,0,1,4,1008.0,data,ok,2.0,False,,proxy,3,0,,ue1_qfi2,1.0,152,150.0,ok,,ue1_qfi2,28.101,ok,,5,ok,6,,ue1_qfi4,0.4,ok,0.9977096263770996,proxy,5,0.9956632749013492,27782443.2,ok,0.00908409090909091,ok,0.4247681818181818,0.037996875,ok,ue1_qfi82,0.0,99,10.0,data,ok,0.0,ue4_qfi1,50.75,ok,,30.4,ue1_qfi2,0,0.0,0.0,30.303,ok,33.0,,pending,,pending,mixed,1,1,8,TwoTier,661058651,True
ue1_qfi9,2.5,36.75,47.25,51.75,ok,0.0011692903429900983,ok,ue3_qfi9,0,2,4,1007.7500000000001,data,ok,2.0,False,,proxy,3,0,,ue1_qfi2,1.0,152,150.0,ok,,ue1_qfi2,42.27,ok,,5,ok,6,,ue1_qfi4,0.4,ok,0.9871172233212867,proxy,5,0.945014157639785,27624563.2,ok,0.009220454545454546,ok,0.4129840909090909,0.0404390625,ok,ue1_qfi82,0.0,99,10.0,data,ok,0.0,ue1_qfi9,49.25,ok,,30.4,ue1_qfi2,2,74.75,141.0,30.303,ok,33.0,,pending,,pending,mixed,1,1,8,PF,87989972,True
ue1_qfi9,4.5,35.0,43.75,48.25,ok,0.0014725158338550447,ok,ue3_qfi9,0,1,4,1005.9999999999998,data,ok,2.0,False,,proxy,3,0,,ue1_qfi2,1.0,152,150.0,ok,,ue1_qfi2,37.351,ok,,5,ok,6,,ue1_qfi4,0.4,ok,0.9862484875020268,proxy,5,0.9457433008268001,27618000.0,ok,0.010075,ok,0.4867284090909091,0.05064375,ok,ue1_qfi82,0.0,99,10.0,data,ok,0.0,ue1_qfi9,43.75,ok,,30.4,ue1_qfi2,1,75.25,75.25,30.303,ok,33.0,,pending,,pending,mixed,1,1,8,Reservation,87989972,True
ue4_qfi1,3.25,31.5,50.75,50.75,ok,0.0010742891860809941,ok,ue3_qfi9,0,2,4,1032.0,data,ok,2.0,False,,proxy,3,0,,ue3_qfi2,0.993421052631579,152,150.0,ok,,ue1_qfi2,29.189,ok,,5,ok,6,,ue1_qfi4,0.4,ok,0.9889209373101707,proxy,5,0.954218255605322,27622212.8,ok,0.009118181818181819,ok,0.44850454545454543,0.0401828125,ok,ue1_qfi82,0.0,99,10.0,data,ok,0.0,ue4_qfi1,47.5,ok,,30.4,ue1_qfi2,0,0.0,0.0,30.303,ok,33.0,,pending,,pending,mixed,1,1,8,TwoTier,87989972,True
ue1_qfi9,3.25,41.25,50.75,54.0,ok,0.0010910277031054923,ok,ue4_qfi9,0,1,4,1007.4999999999999,data,ok,2.0,False,,proxy,3,0,,ue1_qfi2,0.993421052631579,152,150.0,ok,,ue1_qfi2,43.233,ok,,5,ok,6,,ue1_qfi4,0.4,ok,0.995202911112926,proxy,5,0.9850129689910264,27851569.6,ok,0.009581818181818183,ok,0.42283522727272727,0.04088125,ok,ue1_qfi82,0.0,99,10.0,data,ok,0.0,ue1_qfi9,50.75,ok,,30.2,ue1_qfi2,3,72.5,213.0,30.303,ok,33.0,,pending,,pending,mixed,1,1,8,PF,161576974,True
ue1_qfi9,5.25,40.25,49.0,52.25,ok,0.0015233326441957313,ok,ue4_qfi9,0,1,4,1007.9999999999995,data,ok,2.0,False,,proxy,3,0,,ue1_qfi2,0.993421052631579,152,150.0,ok,,ue1_qfi2,38.78,ok,,5,ok,6,,ue1_qfi4,0.4,ok,0.9938566335279152,proxy,5,0.9842101711946023,27842854.4,ok,0.010720454545454545,ok,0.4969284090909091,0.050978125,ok,ue1_qfi82,0.0,99,10.0,data,ok,0.0,ue1_qfi9,47.0,ok,,30.2,ue1_qfi2,2,75.75,144.0,30.303,ok,33.0,,pending,,pending,mixed,1,1,8,Reservation,161576974,True
ue3_qfi1,2.5,33.25,55.5,55.5,ok,0.0008965982631528813,ok,ue4_qfi9,0,2,4,1026.5,data,ok,2.0,False,,proxy,3,0,,ue1_qfi2,0.993421052631579,152,150.0,ok,,ue1_qfi2,30.332,ok,,5,ok,6,,ue1_qfi4,0.4,ok,0.9971136233564742,proxy,5,0.9916608413230008,27859376.0,ok,0.0094,ok,0.4553056818181818,0.0406765625,ok,ue1_qfi82,0.0,99,10.0,data,ok,0.0,ue3_qfi1,53.0,ok,,30.2,ue1_qfi2,1,74.5,74.5,30.303,ok,33.0,,pending,,pending,mixed,1,1,8,TwoTier,161576974,True
ue1_qfi9,3.75,41.5,48.75,52.0,ok,0.0011632635815314412,ok,ue4_qfi9,0,1,4,1007.4999999999999,data,ok,2.0,False,,proxy,3,0,,ue1_qfi2,1.0,152,150.0,ok,,ue1_qfi2,42.095,ok,,5,ok,6,,ue1_qfi4,0.4,ok,0.9949523186581148,proxy,5,0.9856614601582968,27838819.2,ok,0.009245454545454546,ok,0.4242181818181818,0.0425796875,ok,ue1_qfi82,0.0,99,10.0,data,ok,0.0,ue1_qfi9,48.25,ok,,30.4,ue1_qfi2,0,0.0,0.0,30.303,ok,33.0,,pending,,pending,mixed,1,1,8,PF,35492826,True
ue1_qfi9,5.25,42.25,50.0,54.5,ok,0.0015587098445348966,ok,ue3_qfi9,0,1,4,1010.0000000000002,data,ok,2.0,False,,proxy,3,0,,ue1_qfi2,1.0,152,150.0,ok,,ue1_qfi2,41.814,ok,,5,ok,6,,ue1_qfi4,0.39996160000000003,ok,0.9938305466120954,proxy,5,0.9850984341434815,27828891.2,ok,0.010263636363636364,ok,0.4961738636363636,0.0526,ok,ue1_qfi82,0.0,99,10.0,data,ok,0.0,ue1_qfi9,49.25,ok,,30.4,ue1_qfi2,3,80.25,226.5,30.303,ok,33.0,,pending,,pending,mixed,1,1,8,Reservation,35492826,True
ue4_qfi1,4.5,25.75,45.75,45.75,ok,0.0011039599612150104,ok,ue4_qfi9,0,1,4,1029.0000000000005,data,ok,2.0,False,,proxy,3,0,,ue1_qfi2,1.0,152,150.0,ok,,ue1_qfi2,34.474,ok,,5,ok,6,,ue1_qfi4,0.4,ok,0.996510477024245,proxy,5,0.9907341263389137,27840376.0,ok,0.009204545454545455,ok,0.4617875,0.04273125,ok,ue1_qfi82,0.0,99,10.0,data,ok,0.0,ue4_qfi1,41.25,ok,,30.4,ue1_qfi2,0,0.0,0.0,30.303,ok,33.0,,pending,,pending,mixed,1,1,8,TwoTier,35492826,True
ue1_qfi9,2.75,41.5,49.75,52.75,ok,0.0010995006564299245,ok,ue3_qfi9,0,2,4,1006.9999999999997,data,ok,2.0,False,,proxy,3,0,,ue1_qfi2,1.0,152,150.0,ok,,ue1_qfi2,43.71,ok,,5,ok,6,,ue1_qfi4,0.4,ok,0.9953277525555517,proxy,5,0.9856900571147632,27709630.4,ok,0.00925909090909091,ok,0.416875,0.039403125,ok,ue1_qfi82,0.0,99,10.0,data,ok,0.0,ue1_qfi9,50.0,ok,,30.4,ue1_qfi2,1,67.5,67.5,30.303,ok,33.0,,pending,,pending,mixed,1,1,8,PF,376383645,True
ue1_qfi9,4.5,38.0,46.25,49.5,ok,0.001472589281278689,ok,ue3_qfi9,0,1,4,1007.7500000000001,data,ok,2.0,False,,proxy,3,0,,ue5_qfi2,0.993421052631579,152,150.0,ok,,ue1_qfi2,38.508,ok,,5,ok,6,,ue1_qfi4,0.4,ok,0.9942175154127441,proxy,5,0.9849189356268543,27690393.6,ok,0.010322727272727273,ok,0.4893181818181818,0.0490125,ok,ue1_qfi82,0.0,99,10.0,data,ok,0.0,ue1_qfi9,45.0,ok,,30.4,ue1_qfi2,0,0.0,0.0,30.303,ok,33.0,,pending,,pending,mixed,1,1,8,Reservation,376383645,True
ue1_qfi9,2.0,26.5,34.0,37.75,ok,0.0010235046126925646,ok,ue3_qfi9,0,2,4,1031.7500000000002,data,ok,2.0,False,,proxy,3,0,,ue1_qfi2,1.0,152,150.0,ok,,ue1_qfi2,29.835,ok,,5,ok,6,,ue1_qfi4,0.4,ok,0.9970981786654208,proxy,5,0.992515781306007,27712166.4,ok,0.00934090909090909,ok,0.4486295454545455,0.0388625,ok,ue1_qfi82,0.0,99,10.0,data,ok,0.0,ue1_qfi9,35.75,ok,,30.4,ue1_qfi2,0,0.0,0.0,30.303,ok,33.0,,pending,,pending,mixed,1,1,8,TwoTier,376383645,True
ue1_qfi9,3.5,36.25,46.25,50.5,ok,0.0011705430682845779,ok,ue2_qfi85,0,1,1,1716.9999999999998,data,ok,2.0,False,,proxy,3,0,,ue1_qfi2,1.0,152,150.0,ok,,ue1_qfi2,40.018,ok,,5,ok,6,,ue1_qfi4,0.4,ok,0.9951528401979598,proxy,5,0.9846267130649595,27749491.2,ok,0.00913409090909091,ok,0.4090488636363636,0.0392375,ok,ue1_qfi82,0.0,99,10.0,data,ok,0.0,ue1_qfi9,47.0,ok,,30.4,ue1_qfi2,2,68.0,135.75,30.303,ok,33.0,,pending,,pending,mixed,1,1,8,PF,1746484539,True
ue1_qfi9,5.0,34.25,42.25,46.25,ok,0.0015052060153177018,ok,ue2_qfi85,0,1,1,1720.0,data,ok,2.0,False,,proxy,3,0,,ue1_qfi2,1.0,152,150.0,ok,,ue1_qfi2,33.776,ok,,5,ok,6,,ue1_qfi4,0.4,ok,0.9941999088320784,proxy,5,0.9868576604777742,27738536.0,ok,0.010295454545454545,ok,0.4853090909090909,0.0484984375,ok,ue1_qfi82,0.0,99,10.0,data,ok,0.0,ue1_qfi9,41.25,ok,,30.4,ue1_qfi2,0,0.0,0.0,30.303,ok,33.0,,pending,,pending,mixed,1,1,8,Reservation,1746484539,True
ue1_qfi9,2.0,25.75,32.5,38.5,ok,0.00108673160603094,ok,ue2_qfi85,0,1,1,1716.9999999999998,data,ok,2.0,False,,proxy,3,0,,ue1_qfi2,1.0,152,150.0,ok,,ue1_qfi2,24.779,ok,,5,ok,6,,ue1_qfi4,0.4,ok,0.9914694765626233,proxy,5,0.9701433934337887,27752921.6,ok,0.00913409090909091,ok,0.4450931818181818,0.0393140625,ok,ue1_qfi82,0.0,99,10.0,data,ok,0.0,ue1_qfi9,36.5,ok,,30.4,ue1_qfi2,0,0.0,0.0,30.303,ok,33.0,,pending,,pending,mixed,1,1,8,TwoTier,1746484539,True
ue1_qfi9,4.25,49.5,58.25,62.25,ok,0.001550200713975236,ok,ue4_qfi9,0,1,4,1005.0000000000003,data,ok,2.0,False,,proxy,3,0,,ue4_qfi2,0.993421052631579,152,150.0,ok,,ue1_qfi2,49.679,ok,,5,ok,7,,ue1_qfi4,0.3995765333333334,ok,0.9894416219939011,proxy,5,0.9664534090297432,32497427.2,ok,0.009072727272727272,ok,0.46891704545454543,0.039246875,ok,ue1_qfi82,0.0,99,10.0,data,ok,0.0,ue1_qfi9,58.0,ok,,30.4,ue1_qfi2,7,78.0,504.75,30.303,ok,33.0,,pending,,pending,mixed,2,2,8,PF,1826701614,True
ue1_qfi9,5.75,49.5,57.75,62.0,ok,0.0018510476777486226,ok,ue4_qfi9,0,1,4,1005.2499999999998,data,ok,2.0,False,,proxy,3,0,,ue4_qfi2,0.993421052631579,152,150.0,ok,,ue1_qfi2,47.693,ok,,5,ok,7,,ue1_qfi4,0.3995765333333334,ok,0.9874021584816621,proxy,5,0.9651054827831348,32493150.400000002,ok,0.010140909090909091,ok,0.5373784090909091,0.0519859375,ok,ue1_qfi82,0.0,99,10.0,data,ok,0.0,ue1_qfi9,56.25,ok,,30.4,ue1_qfi2,5,84.0,373.0,30.303,ok,33.0,,pending,,pending,mixed,2,2,8,Reservation,1826701614,True
ue4_qfi9,13.0,90.5,90.5,90.5,ok,0.0015260892069849268,ok,ue3_qfi9,0,2,4,1059.7500000000002,data,ok,2.0,False,,proxy,3,0,,ue1_qfi2,1.0,152,150.0,ok,,ue5_qfi2,43.741,ok,,5,ok,7,,ue1_qfi4,0.4,ok,0.9824453403049634,proxy,5,0.944539681329522,32513680.0,ok,0.009393181818181818,ok,0.5010965909090909,0.03945625,ok,ue1_qfi82,0.0,99,10.0,data,ok,0.0,ue4_qfi9,77.5,ok,,30.4,ue5_qfi2,6,77.0,430.75,30.303,ok,33.0,,pending,,pending,mixed,2,2,8,TwoTier,1826701614,True
ue2_qfi4,48.25,64.25,64.25,64.25,ok,0.0015539060915719263,ok,ue1_qfi85,0,1,1,1676.0000000000002,data,ok,2.0,False,,proxy,3,0,,ue2_qfi2,0.993421052631579,152,150.0,ok,,ue2_qfi2,50.054,ok,,5,ok,7,,ue1_qfi4,0.4,ok,0.988807594383907,proxy,5,0.962863463688564,32560462.4,ok,0.009645454545454546,ok,0.47679886363636365,0.0404140625,ok,ue1_qfi82,0.0,99,10.0,data,ok,0.0,ue1_qfi9,58.5,ok,,30.4,ue1_qfi2,10,83.5,706.75,30.303,ok,33.0,,pending,,pending,mixed,2,2,8,PF,1367864806,True
ue2_qfi9,5.5,50.25,59.0,64.0,ok,0.0018203234907024225,ok,ue1_qfi85,0,1,1,1676.0000000000002,data,ok,2.0,False,,proxy,3,0,,ue2_qfi2,0.9868421052631579,152,150.0,ok,,ue2_qfi2,47.299,ok,,5,ok,7,,ue1_qfi4,0.4,ok,0.986956723448419,proxy,5,0.9615248948181095,32543971.2,ok,0.010156818181818182,ok,0.5460840909090909,0.0545203125,ok,ue1_qfi82,0.0,99,10.0,data,ok,0.0,ue2_qfi9,58.5,ok,,30.2,ue1_qfi2,7,70.75,479.5,30.303,ok,33.0,,pending,,pending,mixed,2,2,8,Reservation,1367864806,True
ue4_qfi1,8.0,65.5,92.75,92.75,ok,0.0014773794394111557,ok,ue1_qfi85,0,1,1,1676.0000000000002,data,ok,2.0,False,,proxy,3,0,,ue1_qfi2,1.0,152,150.0,ok,,ue3_qfi2,48.49,ok,,5,ok,7,,ue1_qfi4,0.4,ok,0.982472542090792,proxy,5,0.9437680169385976,32567220.8,ok,0.009263636363636363,ok,0.5097181818181818,0.0406890625,ok,ue1_qfi82,0.0,99,10.0,data,ok,0.0,ue4_qfi1,84.75,ok,,30.4,ue3_qfi2,9,75.25,638.25,30.303,ok,33.0,,pending,,pending,mixed,2,2,8,TwoTier,1367864806,True
ue1_qfi9,5.5,57.5,66.25,73.0,ok,0.0016023944934650512,ok,ue4_qfi9,0,1,4,1005.2499999999998,data,ok,2.0,False,,proxy,3,0,,ue1_qfi2,1.0,152,150.0,ok,,ue1_qfi2,56.147,ok,,5,ok,7,,ue1_qfi4,0.4,ok,0.9893935325209846,proxy,5,0.9690927013755279,32588320.0,ok,0.009393181818181818,ok,0.5031840909090909,0.045509375,ok,ue1_qfi82,0.0,99,10.0,data,ok,0.0,ue1_qfi9,67.5,ok,,30.4,ue1_qfi2,15,83.75,1105.75,30.303,ok,33.0,,pending,,pending,mixed,2,2,8,PF,1097657231,True
ue1_qfi9,7.5,56.5,65.25,71.25,ok,0.0018671785179356312,ok,ue4_qfi9,0,1,4,1005.9999999999998,data,ok,2.0,False,,proxy,3,0,,ue1_qfi2,1.0,152,150.0,ok,,ue1_qfi2,55.936,ok,,5,ok,7,,ue1_qfi4,0.4,ok,0.9878103300036019,proxy,5,0.9662956839188545,32575920.0,ok,0.010195454545454546,ok,0.5707431818181818,0.0624265625,ok,ue1_qfi82,0.0,99,10.0,data,ok,0.0,ue1_qfi9,63.75,ok,,30.4,ue1_qfi2,14,83.75,1047.25,30.303,ok,33.0,,pending,,pending,mixed,2,2,8,Reservation,1097657231,True
ue3_qfi1,8.25,81.0,85.25,85.25,ok,0.0016076669894159513,ok,ue3_qfi9,0,1,4,1069.0,data,ok,2.0,False,,proxy,3,0,,ue4_qfi2,0.993421052631579,152,150.0,ok,,ue3_qfi2,46.0,ok,,5,ok,7,,ue1_qfi4,0.4,ok,0.9824502015288014,proxy,5,0.9471210346784339,32583096.0,ok,0.009302272727272727,ok,0.5373068181818181,0.0464921875,ok,ue1_qfi82,0.0,99,10.0,data,ok,0.0,ue3_qfi1,77.0,ok,,30.4,ue3_qfi2,11,78.25,787.75,30.303,ok,33.0,,pending,,pending,mixed,2,2,8,TwoTier,1097657231,True
ue2_qfi9,4.0,53.0,63.5,69.75,ok,0.0015345605010189936,ok,ue3_qfi9,0,1,4,1004.75,data,ok,2.0,False,,proxy,3,0,,ue1_qfi2,1.0,152,150.0,ok,,ue2_qfi2,55.19,ok,,5,ok,7,,ue1_qfi4,0.4,ok,0.98831340184763,proxy,5,0.9596576594426072,32569452.8,ok,0.009213636363636363,ok,0.4892556818181818,0.042103125,ok,ue1_qfi82,0.0,99,10.0,data,ok,0.0,ue2_qfi9,65.75,ok,,30.4,ue2_qfi2,9,79.25,660.0,30.303,ok,33.0,,pending,,pending,mixed,2,2,8,PF,579362555,True
ue2_qfi9,6.75,58.0,68.75,76.75,ok,0.0017122687047682879,ok,ue3_qfi9,0,2,4,1005.0000000000003,data,ok,2.0,False,,proxy,3,0,,ue1_qfi2,1.0,152,150.0,ok,,ue2_qfi2,57.44,ok,,5,ok,7,,ue1_qfi4,0.4,ok,0.9872430214092148,proxy,5,0.9586570840036716,32559243.2,ok,0.010254545454545454,ok,0.5554045454545454,0.0578625,ok,ue1_qfi82,0.0,99,10.0,data,ok,0.0,ue2_qfi9,70.0,ok,,30.4,ue2_qfi2,12,80.75,898.75,30.303,ok,33.0,,pending,,pending,mixed,2,2,8,Reservation,579362555,True
ue3_qfi1,8.25,81.0,93.0,93.0,ok,0.0015301207224972097,ok,ue3_qfi9,0,1,4,1074.4999999999998,data,ok,2.0,False,,proxy,3,0,,ue5_qfi2,0.993421052631579,152,150.0,ok,,ue4_qfi2,48.206,ok,,5,ok,7,,ue1_qfi4,0.4,ok,0.9816369947869813,proxy,5,0.9459108284375841,32564782.400000002,ok,0.009197727272727272,ok,0.5214568181818182,0.0421234375,ok,ue1_qfi82,0.0,99,10.0,data,ok,0.0,ue3_qfi1,84.75,ok,,30.2,ue5_qfi2,10,80.75,720.75,30.303,ok,33.0,,pending,,pending,mixed,2,2,8,TwoTier,579362555,True
ue2_qfi9,4.25,48.0,55.75,59.0,ok,0.0015213572204163244,ok,ue3_qfi9,0,1,4,1007.4999999999999,data,ok,2.0,False,,proxy,3,0,,ue1_qfi2,1.0,152,150.0,ok,,ue2_qfi2,47.45,ok,,5,ok,7,,ue1_qfi4,0.4,ok,0.9893885752056611,proxy,5,0.9670582792349719,32558779.2,ok,0.009143181818181818,ok,0.4582556818181818,0.0384,ok,ue1_qfi82,0.0,99,10.0,data,ok,0.0,ue2_qfi9,54.75,ok,,30.4,ue2_qfi2,6,74.0,416.25,30.303,ok,33.0,,pending,,pending,mixed,2,2,8,PF,661058651,True
ue2_qfi4,45.0,62.25,62.25,62.25,ok,0.001668056918571675,ok,ue4_qfi9,0,1,4,1005.7499999999994,data,ok,2.0,False,,proxy,3,0,,ue4_qfi2,0.993421052631579,152,150.0,ok,,ue2_qfi2,43.709,ok,,5,ok,7,,ue1_qfi4,0.4,ok,0.9894972322635806,proxy,5,0.9718553586053619,32550916.8,ok,0.010154545454545454,ok,0.5286704545454546,0.0512390625,ok,ue1_qfi82,0.0,99,10.0,data,ok,0.0,ue2_qfi9,54.25,ok,,30.4,ue2_qfi2,5,80.0,359.5,30.303,ok,33.0,,pending,,pending,mixed,2,2,8,Reservation,661058651,True
ue3_qfi1,8.25,63.25,68.0,68.0,ok,0.0014717243974887502,ok,ue3_qfi9,0,2,4,1061.75,data,ok,2.0,False,,proxy,3,0,,ue1_qfi2,1.0,152,150.0,ok,,ue3_qfi2,40.577,ok,,5,ok,7,,ue1_qfi4,0.4,ok,0.9841745708834049,proxy,5,0.9483562765723743,32560907.2,ok,0.0091,ok,0.48981477272727275,0.038759375,ok,ue1_qfi82,0.0,99,10.0,data,ok,0.0,ue3_qfi1,59.75,ok,,30.4,ue3_qfi2,7,76.75,494.0,30.303,ok,33.0,,pending,,pending,mixed,2,2,8,TwoTier,661058651,True
ue2_qfi9,5.75,57.75,66.75,74.0,ok,0.001581221960008214,ok,ue3_qfi9,0,2,4,1004.75,data,ok,2.0,False,,proxy,3,0,,ue3_qfi2,0.993421052631579,152,150.0,ok,,ue2_qfi2,56.526,ok,,5,ok,7,,ue1_qfi4,0.4,ok,0.9810480526764562,proxy,5,0.9279156417148905,32401038.4,ok,0.009540909090909091,ok,0.4898568181818182,0.0417734375,ok,ue1_qfi82,0.0,99,10.0,data,ok,0.0,ue2_qfi9,68.25,ok,,30.4,ue2_qfi2,11,81.0,820.75,30.303,ok,33.0,,pending,,pending,mixed,2,2,8,PF,87989972,True
ue2_qfi9,7.5,63.5,75.75,81.25,ok,0.0019518462113775259,ok,ue4_qfi9,0,1,4,1007.4999999999999,data,ok,2.0,False,,proxy,3,0,,ue1_qfi2,1.0,152,150.0,ok,,ue2_qfi2,58.451,ok,,5,ok,7,,ue1_qfi4,0.4,ok,0.9773378193640188,proxy,5,0.9189577163805095,32395147.2,ok,0.010084090909090909,ok,0.5570386363636364,0.057165625,ok,ue1_qfi82,0.0,99,10.0,data,ok,0.0,ue2_qfi9,73.75,ok,,30.4,ue2_qfi2,13,86.25,1003.0,30.303,ok,33.0,,pending,,pending,mixed,2,2,8,Reservation,87989972,True
ue3_qfi1,6.0,85.25,90.5,90.5,ok,0.0015778403023663067,ok,ue3_qfi9,0,2,4,1069.0,data,ok,2.0,False,,proxy,3,0,,ue3_qfi2,0.993421052631579,152,150.0,ok,,ue5_qfi2,48.902,ok,,5,ok,7,,ue1_qfi4,0.4,ok,0.9717812638843526,proxy,5,0.9319996292223764,32400595.2,ok,0.009065909090909091,ok,0.5216431818181818,0.0418421875,ok,ue1_qfi82,0.0,99,10.0,data,ok,0.0,ue3_qfi1,84.5,ok,,30.2,ue3_qfi2,12,77.75,842.25,30.303,ok,33.0,,pending,,pending,mixed,2,2,8,TwoTier,87989972,True
ue1_qfi9,4.25,51.75,60.0,63.0,ok,0.0014201628457313588,ok,ue4_qfi9,0,1,4,1004.75,data,ok,2.0,False,,proxy,3,0,,ue1_qfi2,0.993421052631579,152,150.0,ok,,ue1_qfi2,51.303,ok,,5,ok,7,,ue1_qfi4,0.4,ok,0.9904413131755672,proxy,5,0.9684681411221325,32631156.8,ok,0.009606818181818182,ok,0.47857727272727274,0.040525,ok,ue1_qfi82,0.0,99,10.0,data,ok,0.0,ue1_qfi9,58.75,ok,,30.2,ue1_qfi2,11,75.75,763.75,30.303,ok,33.0,,pending,,pending,mixed,2,2,8,PF,161576974,True
ue1_qfi9,6.5,52.25,59.75,63.0,ok,0.0017629724282118872,ok,ue4_qfi9,0,1,4,1012.2500000000003,data,ok,2.0,False,,proxy,3,0,,ue1_qfi2,1.0,152,150.0,ok,,ue1_qfi2,51.657,ok,,5,ok,7,,ue1_qfi4,0.39973053333333336,ok,0.9888199375523093,proxy,5,0.9682902692889096,32622558.4,ok,0.01053409090909091,ok,0.5468,0.054521875,ok,ue1_qfi82,0.0,99,10.0,data,ok,0.0,ue1_qfi9,56.5,ok,,30.4,ue1_qfi2,9,75.75,630.75,30.303,ok,33.0,,pending,,pending,mixed,2,2,8,Reservation,161576974,True
ue3_qfi1,8.0,65.5,80.5,80.5,ok,0.0014623865343553642,ok,ue4_qfi9,0,1,4,1067.5,data,ok,2.0,False,,proxy,3,0,,ue1_qfi2,1.0,152,150.0,ok,,ue4_qfi2,41.248,ok,,5,ok,7,,ue1_qfi4,0.4,ok,0.9845730472501509,proxy,5,0.9537335072527671,32642251.2,ok,0.009377272727272727,ok,0.5106488636363636,0.0406921875,ok,ue1_qfi82,0.0,99,10.0,data,ok,0.0,ue3_qfi1,72.5,ok,,30.4,ue5_qfi2,5,69.5,339.0,30.303,ok,33.0,,pending,,pending,mixed,2,2,8,TwoTier,161576974,True
ue1_qfi9,4.75,54.25,64.25,70.25,ok,0.001605020941242313,ok,ue4_qfi9,0,1,4,1005.0000000000003,data,ok,2.0,False,,proxy,3,0,,ue1_qfi2,1.0,152,150.0,ok,,ue1_qfi2,53.41,ok,,5,ok,7,,ue2_qfi4,0.3995765333333334,ok,0.9886770268724124,proxy,5,0.9631659987536174,32614585.6,ok,0.00930909090909091,ok,0.48634659090909094,0.042553125,ok,ue1_qfi82,0.0,99,10.0,data,ok,0.0,ue1_qfi9,65.5,ok,,30.4,ue1_qfi2,14,91.0,1014.5,30.303,ok,33.0,,pending,,pending,mixed,2,2,8,PF,35492826,True
ue1_qfi9,7.0,55.25,64.5,69.5,ok,0.0017930843019015568,ok,ue3_qfi9,0,1,4,1010.0000000000002,data,ok,2.0,False,,proxy,3,0,,ue2_qfi2,0.993421052631579,152,150.0,ok,,ue1_qfi2,53.344,ok,,5,ok,7,,ue1_qfi4,0.4,ok,0.9870924889098598,proxy,5,0.9601181121687702,32607561.6,ok,0.010147727272727274,ok,0.5549306818181818,0.057184375,ok,ue1_qfi82,0.0,99,10.0,data,ok,0.0,ue1_qfi9,62.5,ok,,30.4,ue1_qfi2,14,84.0,1028.5,30.303,ok,33.0,,pending,,pending,mixed,2,2,8,Reservation,35492826,True
ue4_qfi1,8.0,80.5,90.5,90.5,ok,0.0015192734091205283,ok,ue4_qfi9,0,1,4,1062.75,data,ok,2.0,False,,proxy,3,0,,ue1_qfi2,1.0,152,150.0,ok,,ue4_qfi2,44.848,ok,,5,ok,7,,ue1_qfi4,0.4,ok,0.9830400557678616,proxy,5,0.9504311780050337,32620764.8,ok,0.009286363636363636,ok,0.5202670454545455,0.0431328125,ok,ue1_qfi82,0.0,99,10.0,data,ok,0.0,ue4_qfi1,82.5,ok,,30.4,ue3_qfi2,10,75.25,696.0,30.303,ok,33.0,,pending,,pending,mixed,2,2,8,TwoTier,35492826,True
ue1_qfi9,3.5,53.0,62.25,67.5,ok,0.0015939520791571895,ok,ue3_qfi9,0,1,4,1007.4999999999999,data,ok,2.0,False,,proxy,3,0,,ue1_qfi2,1.0,152,150.0,ok,,ue1_qfi2,50.707,ok,,5,ok,7,,ue1_qfi4,0.4,ok,0.9877812350445756,proxy,5,0.9595879459121475,32487148.8,ok,0.009168181818181818,ok,0.4806965909090909,0.0393734375,ok,ue1_qfi82,0.0,99,10.0,data,ok,0.0,ue1_qfi9,64.0,ok,,30.4,ue1_qfi2,14,81.5,969.5,30.303,ok,33.0,,pending,,pending,mixed,2,2,8,PF,376383645,True
ue1_qfi9,5.5,51.25,61.0,68.25,ok,0.0017820603271241887,ok,ue3_qfi9,0,2,4,1009.9999999999998,data,ok,2.0,False,,proxy,3,0,,ue1_qfi2,1.0,152,150.0,ok,,ue1_qfi2,49.226,ok,,5,ok,7,,ue1_qfi4,0.4,ok,0.9873847536075985,proxy,5,0.9630081437964854,32476115.2,ok,0.010197727272727273,ok,0.5479829545454545,0.0535890625,ok,ue1_qfi82,0.0,99,10.0,data,ok,0.0,ue1_qfi9,62.75,ok,,30.4,ue1_qfi2,8,82.5,581.75,30.303,ok,33.0,,pending,,pending,mixed,2,2,8,Reservation,376383645,True
ue4_qfi1,10.75,73.5,78.25,78.25,ok,0.0015122693013609884,ok,ue3_qfi9,0,2,4,1059.7500000000002,data,ok,2.0,False,,proxy,3,0,,ue1_qfi2,1.0,152,150.0,ok,,ue3_qfi2,47.0,ok,,5,ok,7,,ue1_qfi4,0.4,ok,0.9833077606924888,proxy,5,0.9485750250106902,32490492.8,ok,0.009452272727272728,ok,0.5144352272727273,0.0393484375,ok,ue1_qfi82,0.0,99,10.0,data,ok,0.0,ue3_qfi1,67.5,ok,,30.4,ue3_qfi2,8,76.25,570.25,30.303,ok,33.0,,pending,,pending,mixed,2,2,8,TwoTier,376383645,True
ue2_qfi9,4.25,50.5,60.25,64.25,ok,0.0015432936218633508,ok,ue2_qfi85,0,1,1,1716.9999999999998,data,ok,2.0,False,,proxy,3,0,,ue1_qfi2,1.0,152,150.0,ok,,ue2_qfi2,51.551,ok,,5,ok,7,,ue1_qfi4,0.4,ok,0.9890829637238367,proxy,5,0.9654972662367817,32529905.6,ok,0.009345454545454546,ok,0.4756306818181818,0.0397953125,ok,ue1_qfi82,0.0,99,10.0,data,ok,0.0,ue2_qfi9,60.0,ok,,30.4,ue2_qfi2,10,74.0,708.0,30.303,ok,33.0,,pending,,pending,mixed,2,2,8,PF,1746484539,True
ue2_qfi9,6.0,48.5,58.25,61.75,ok,0.0017583242524973077,ok,ue2_qfi85,0,1,1,1720.0,data,ok,2.0,False,,proxy,3,0,,ue1_qfi2,1.0,152,150.0,ok,,ue2_qfi2,50.301,ok,,5,ok,7,,ue1_qfi4,0.39973053333333336,ok,0.9854495957218028,proxy,5,0.9633193824497865,32519708.8,ok,0.010304545454545455,ok,0.5456068181818182,0.053709375,ok,ue1_qfi82,0.0,99,10.0,data,ok,0.0,ue2_qfi9,55.75,ok,,30.4,ue2_qfi2,9,76.75,639.75,30.303,ok,33.0,,pending,,pending,mixed,2,2,8,Reservation,1746484539,True
ue4_qfi1,8.25,70.5,83.0,83.0,ok,0.0015518800696553625,ok,ue2_qfi85,0,1,1,1717.2500000000002,data,ok,2.0,False,,proxy,3,0,,ue4_qfi2,0.993421052631579,152,150.0,ok,,ue4_qfi2,43.51,ok,,5,ok,7,,ue1_qfi4,0.4,ok,0.9822899777395608,proxy,5,0.9480347377757191,32531696.0,ok,0.009525,ok,0.5089420454545455,0.0404609375,ok,ue1_qfi82,0.0,99,10.0,data,ok,0.0,ue4_qfi1,74.75,ok,,30.4,ue3_qfi2,9,75.5,636.0,30.303,ok,33.0,,pending,,pending,mixed,2,2,8,TwoTier,1746484539,True
ue1_qfi9,2.25,32.0,39.25,44.75,ok,0.0009666290647960461,ok,ue2_qfi82,0,1,4,1001.5,data,ok,2.0,False,,proxy,3,0,,ue1_qfi2,1.0,152,150.0,ok,,ue1_qfi2,31.684,ok,,3,ok,4,,ue1_qfi4,0.4,ok,0.9974110896462406,proxy,5,0.991338485250466,21497507.2,ok,0.030145454545454545,ok,0.3216113636363636,0.05359375,ok,ue1_qfi82,0.0,99,10.0,data,ok,0.0,ue1_qfi9,42.5,ok,,30.4,ue1_qfi2,1,66.25,66.25,30.303,ok,33.0,,pending,,pending,sensor_dense,1,1,16,PF,1826701614,True
ue1_qfi9,2.5,30.75,37.75,42.0,ok,0.0009098533458306161,ok,ue3_qfi82,0,2,4,1001.5,data,ok,2.0,False,,proxy,3,0,,ue3_qfi2,0.993421052631579,152,150.0,ok,,ue1_qfi2,30.43,ok,,3,ok,4,,ue1_qfi4,0.4,ok,0.9978368959884651,proxy,5,0.9935618370411579,21494732.8,ok,0.036245454545454546,ok,0.3749568181818182,0.0609203125,ok,ue1_qfi82,0.0,99,10.0,data,ok,0.0,ue1_qfi9,39.5,ok,,30.2,ue3_qfi2,1,73.25,73.25,30.303,ok,33.0,,pending,,pending,sensor_dense,1,1,16,Reservation,1826701614,True
ue1_qfi9,2.0,28.5,34.75,38.5,ok,0.0009282625689272507,ok,ue2_qfi82,0,1,4,1001.5,data,ok,2.0,False,,proxy,3,0,,ue1_qfi2,1.0,152,150.0,ok,,ue1_qfi2,29.434,ok,,3,ok,4,,ue1_qfi4,0.4,ok,0.997764717680275,proxy,5,0.9951514487811182,21499035.2,ok,0.030186363636363636,ok,0.3423306818181818,0.0538109375,ok,ue1_qfi82,0.0,99,10.0,data,ok,0.0,ue1_qfi9,36.5,ok,,30.4,ue1_qfi2,0,0.0,0.0,30.303,ok,33.0,,pending,,pending,sensor_dense,1,1,16,TwoTier,1826701614,True
ue1_qfi9,2.0,33.75,42.5,46.75,ok,0.0009261089386791562,ok,ue1_qfi85,0,1,1,1061.2499999999998,data,ok,2.0,False,,proxy,3,0,,ue3_qfi2,0.993421052631579,152,150.0,ok,,ue1_qfi2,40.656,ok,,3,ok,4,,ue1_qfi4,0.4,ok,0.9974513730991441,proxy,5,0.9907968016405422,21602339.2,ok,0.029736363636363637,ok,0.3274340909090909,0.05455,ok,ue1_qfi82,0.0,99,10.0,data,ok,0.0,ue1_qfi9,44.75,ok,,30.4,ue1_qfi2,1,67.5,67.5,30.303,ok,33.0,,pending,,pending,sensor_dense,1,1,16,PF,1367864806,True
ue1_qfi9,2.25,28.75,37.0,44.0,ok,0.0008992740532311625,ok,ue1_qfi85,0,1,1,1061.2499999999998,data,ok,2.0,False,,proxy,3,0,,ue2_qfi2,0.993421052631579,152,150.0,ok,,ue1_qfi2,27.53,ok,,3,ok,4,,ue1_qfi4,0.4,ok,0.9980037980896161,proxy,5,0.9938078588115098,21600520.0,ok,0.03560909090909091,ok,0.3809034090909091,0.063121875,ok,ue1_qfi82,0.0,99,10.0,data,ok,0.0,ue1_qfi9,41.75,ok,,30.2,ue2_qfi2,1,69.75,69.75,30.303,ok,33.0,,pending,,pending,sensor_dense,1,1,16,Reservation,1367864806,True
ue1_qfi9,1.75,25.75,33.0,37.25,ok,0.0008940142646982511,ok,ue1_qfi85,0,1,1,1059.7499999999998,data,ok,2.0,False,,proxy,3,0,,ue2_qfi2,0.993421052631579,152,150.0,ok,,ue1_qfi2,23.931,ok,,3,ok,4,,ue1_qfi4,0.4,ok,0.9970120690705457,proxy,5,0.9942991245339023,21594880.0,ok,0.02982272727272727,ok,0.3480579545454546,0.0546,ok,ue1_qfi82,0.0,99,10.0,data,ok,0.0,ue1_qfi9,35.5,ok,,30.2,ue2_qfi2,1,72.0,72.0,30.303,ok,33.0,,pending,,pending,sensor_dense,1,1,16,TwoTier,1367864806,True
ue1_qfi9,2.0,28.75,35.5,41.5,ok,0.0008952335837043401,ok,ue2_qfi82,0,0,4,1000.0,data,ok,2.0,False,,proxy,3,0,,ue2_qfi2,0.993421052631579,152,150.0,ok,,ue1_qfi2,28.877,ok,,3,ok,4,,ue1_qfi4,0.4,ok,0.9976638071750099,proxy,5,0.9925001234325258,21502878.4,ok,0.029738636363636363,ok,0.3172852272727273,0.056603125,ok,ue1_qfi82,0.0,99,10.0,data,ok,0.0,ue1_qfi9,39.5,ok,,30.4,ue1_qfi2,1,67.5,67.5,30.303,ok,33.0,,pending,,pending,sensor_dense,1,1,16,PF,1097657231,True
ue1_qfi9,2.25,27.25,35.0,39.75,ok,0.0008856585843040122,ok,ue2_qfi82,0,1,4,1001.7500000000003,data,ok,2.0,False,,proxy,3,0,,ue3_qfi2,0.993421052631579,152,150.0,ok,,ue1_qfi2,31.377,ok,,3,ok,4,,ue1_qfi4,0.4,ok,0.9978830939553923,proxy,5,0.9934670263212619,21499105.6,ok,0.035602272727272725,ok,0.37325681818181816,0.065328125,ok,ue1_qfi82,0.0,99,10.0,data,ok,0.0,ue1_qfi9,37.5,ok,,30.4,ue1_qfi2,0,0.0,0.0,30.303,ok,33.0,,pending,,pending,sensor_dense,1,1,16,Reservation,1097657231,True
ue1_qfi9,1.75,22.0,28.0,31.0,ok,0.0008068492070059672,ok,ue2_qfi82,0,0,4,1000.0,data,ok,2.0,False,,proxy,3,0,,ue1_qfi2,0.993421052631579,152,150.0,ok,,ue1_qfi2,21.284,ok,,3,ok,4,,ue1_qfi4,0.4,ok,0.9943021781473826,proxy,5,0.977715883580584,21502800.0,ok,0.02975,ok,0.33715113636363636,0.05661875,ok,ue1_qfi82,0.0,99,10.0,data,ok,0.0,ue1_qfi9,29.25,ok,,30.2,ue1_qfi2,1,67.5,67.5,30.303,ok,33.0,,pending,,pending,sensor_dense,1,1,16,TwoTier,1097657231,True
ue1_qfi9,2.0,28.75,35.25,39.75,ok,0.0008763234916072493,ok,ue2_qfi82,0,1,4,1001.5,data,ok,2.0,False,,proxy,3,0,,ue1_qfi2,1.0,152,150.0,ok,,ue1_qfi2,32.164,ok,,3,ok,4,,ue1_qfi4,0.4,ok,0.9976303973218693,proxy,5,0.9921860683129565,21565972.8,ok,0.029795454545454545,ok,0.3252227272727273,0.05459375,ok,ue1_qfi82,0.0,99,10.0,data,ok,0.0,ue1_qfi9,37.75,ok,,30.4,ue1_qfi2,0,0.0,0.0,30.303,ok,33.0,,pending,,pending,sensor_dense,1,1,16,PF,579362555,True
ue1_qfi9,2.25,27.5,34.25,38.75,ok,0.0008917566107852291,ok,ue3_qfi82,0,1,4,1001.5,data,ok,2.0,False,,proxy,3,0,,ue2_qfi2,0.993421052631579,152,150.0,ok,,ue1_qfi2,29.284,ok,,3,ok,4,,ue1_qfi4,0.4,ok,0.9981478636427674,proxy,5,0.9946617955083802,21566368.0,ok,0.035138636363636365,ok,0.3771556818181818,0.06276875,ok,ue1_qfi82,0.0,99,10.0,data,ok,0.0,ue1_qfi9,36.5,ok,,30.4,ue1_qfi2,0,0.0,0.0,30.303,ok,33.0,,pending,,pending,sensor_dense,1,1,16,Reservation,579362555,True
ue1_qfi9,2.0,26.25,33.0,35.5,ok,0.0007940392499412736,ok,ue3_qfi82,0,1,4,1001.5,data,ok,2.0,False,,proxy,3,0,,ue1_qfi2,1.0,152,150.0,ok,,ue1_qfi2,29.414,ok,,3,ok,4,,ue1_qfi4,0.4,ok,0.9976720148549469,proxy,5,0.9916398078656516,21567688.0,ok,0.029638636363636364,ok,0.3460102272727273,0.054515625,ok,ue1_qfi82,0.0,99,10.0,data,ok,0.0,ue1_qfi9,33.5,ok,,30.4,ue1_qfi2,0,0.0,0.0,30.303,ok,33.0,,pending,,pending,sensor_dense,1,1,16,TwoTier,579362555,True
ue1_qfi9,2.0,28.75,35.75,39.75,ok,0.0008943308410246305,ok,ue2_qfi82,0,1,4,1001.5,data,ok,2.0,False,,proxy,3,0,,ue1_qfi2,1.0,152,150.0,ok,,ue1_qfi2,27.952,ok,,3,ok,4,,ue1_qfi4,0.4,ok,0.9975266774024835,proxy,5,0.9917196037699934,21562286.4,ok,0.029854545454545453,ok,0.3229159090909091,0.0541234375,ok,ue1_qfi82,0.0,99,10.0,data,ok,0.0,ue1_qfi9,37.75,ok,,30.4,ue1_qfi2,1,66.0,66.0,30.303,ok,33.0,,pending,,pending,sensor_dense,1,1,16,PF,661058651,True
ue1_qfi9,2.0,27.25,34.0,37.25,ok,0.0009456426373843414,ok,ue3_qfi82,0,1,4,1001.5,data,ok,2.0,False,,proxy,3,0,,ue1_qfi2,1.0,152,150.0,ok,,ue1_qfi2,27.75,ok,,3,ok,4,,ue1_qfi4,0.39988453333333335,ok,0.9977407920190713,proxy,5,0.992868523734135,21561702.4,ok,0.03541590909090909,ok,0.37461363636363637,0.0626296875,ok,ue1_qfi82,0.0,99,10.0,data,ok,0.0,ue1_qfi9,35.25,ok,,30.4,ue1_qfi2,0,0.0,0.0,30.303,ok,33.0,,pending,,pending,sensor_dense,1,1,16,Reservation,661058651,True
ue1_qfi9,1.75,25.5,31.5,34.0,ok,0.0008804181467257319,ok,ue2_qfi82,0,1,4,1001.5,data,ok,2.0,False,,proxy,3,0,,ue1_qfi2,1.0,152,150.0,ok,,ue1_qfi2,23.898,ok,,3,ok,4,,ue1_qfi4,0.4,ok,0.9970027013422712,proxy,5,0.9906934728796432,21564148.8,ok,0.029856818181818182,ok,0.34262045454545453,0.054278125,ok,ue1_qfi82,0.0,99,10.0,data,ok,0.0,ue1_qfi9,32.25,ok,,30.4,ue1_qfi2,0,0.0,0.0,30.303,ok,33.0,,pending,,pending,sensor_dense,1,1,16,TwoTier,661058651,True
ue1_qfi9,2.0,32.5,42.0,46.5,ok,0.0009621125585764171,ok,ue2_qfi82,0,0,4,1000.0,data,ok,2.0,False,,proxy,3,0,,ue1_qfi2,1.0,152,150.0,ok,,ue1_qfi2,36.75,ok,,3,ok,4,,ue1_qfi4,0.4,ok,0.9974149275713827,proxy,5,0.9913358667603791,21578897.6,ok,0.029704545454545456,ok,0.32155568181818184,0.0551765625,ok,ue1_qfi82,0.0,99,10.0,data,ok,0.0,ue1_qfi9,44.5,ok,,30.4,ue1_qfi2,0,0.0,0.0,30.303,ok,33.0,,pending,,pending,sensor_dense,1,1,16,PF,87989972,True
ue1_qfi9,2.0,27.75,35.5,41.25,ok,0.0008352542947442392,ok,ue2_qfi82,0,1,4,1001.5,data,ok,2.0,False,,proxy,3,0,,ue1_qfi2,1.0,152,150.0,ok,,ue1_qfi2,27.312,ok,,3,ok,4,,ue1_qfi4,0.4,ok,0.9980260081648742,proxy,5,0.9936481549327104,21580612.8,ok,0.036025,ok,0.3756852272727273,0.062128125,ok,ue1_qfi82,0.0,99,10.0,data,ok,0.0,ue1_qfi9,39.25,ok,,30.4,ue1_qfi2,0,0.0,0.0,30.303,ok,33.0,,pending,,pending,sensor_dense,1,1,16,Reservation,87989972,True
ue1_qfi9,1.75,27.75,34.5,39.25,ok,0.0010178184151204259,ok,ue2_qfi82,0,0,4,1000.0,data,ok,2.0,False,,proxy,3,0,,ue1_qfi2,1.0,152,150.0,ok,,ue1_qfi2,28.881,ok,,3,ok,4,,ue1_qfi4,0.4,ok,0.9869405630594164,proxy,5,0.9435440904305745,21577771.2,ok,0.02983181818181818,ok,0.3413806818181818,0.054959375,ok,ue1_qfi82,0.0,99,10.0,data,ok,0.0,ue1_qfi9,37.5,ok,,30.4,ue1_qfi2,0,0.0,0.0,30.303,ok,33.0,,pending,,pending,sensor_dense,1,1,16,TwoTier,87989972,True
ue1_qfi9,2.25,35.5,44.75,50.0,ok,0.001010716455432802,ok,ue2_qfi82,0,0,4,1000.0,data,ok,2.0,False,,proxy,3,0,,ue1_qfi2,1.0,152,150.0,ok,,ue1_qfi2,36.79,ok,,3,ok,4,,ue1_qfi4,0.4,ok,0.9969323527348779,proxy,5,0.9897647002046205,21677305.599999998,ok,0.029586363636363636,ok,0.33662386363636365,0.05826875,ok,ue1_qfi82,0.0,99,10.0,data,ok,0.0,ue1_qfi9,47.75,ok,,30.4,ue1_qfi2,1,70.0,70.0,30.303,ok,33.0,,pending,,pending,sensor_dense,1,1,16,PF,161576974,True
ue1_qfi9,2.25,33.5,42.5,47.0,ok,0.000925998776100678,ok,ue2_qfi82,0,0,4,1000.0,data,ok,2.0,False,,proxy,3,0,,ue1_qfi2,1.0,152,150.0,ok,,ue1_qfi2,36.374,ok,,3,ok,4,,ue1_qfi4,0.4,ok,0.9979572392485672,proxy,5,0.9941138389563421,21680132.8,ok,0.03515454545454545,ok,0.3894943181818182,0.0674359375,ok,ue1_qfi82,0.0,99,10.0,data,ok,0.0,ue1_qfi9,44.75,ok,,30.4,ue1_qfi2,1,69.75,69.75,30.303,ok,33.0,,pending,,pending,sensor_dense,1,1,16,Reservation,161576974,True
ue1_qfi9,2.0,29.75,35.75,39.75,ok,0.001065657069903181,ok,ue2_qfi82,0,0,4,1000.0,data,ok,2.0,False,,proxy,3,0,,ue1_qfi2,1.0,152,150.0,ok,,ue1_qfi2,30.478,ok,,3,ok,4,,ue1_qfi4,0.4,ok,0.9825725578418876,proxy,5,0.9210610098896621,21676684.8,ok,0.029597727272727272,ok,0.35781477272727275,0.058271875,ok,ue1_qfi82,0.0,99,10.0,data,ok,0.0,ue1_qfi9,37.75,ok,,30.4,ue1_qfi2,0,0.0,0.0,30.303,ok,33.0,,pending,,pending,sensor_dense,1,1,16,TwoTier,161576974,True
ue1_qfi9,2.25,31.75,40.25,46.25,ok,0.0009199999821647822,ok,ue2_qfi82,0,1,4,1000.2500000000003,data,ok,2.0,False,,proxy,3,0,,ue1_qfi2,1.0,152,150.0,ok,,ue1_qfi2,31.618,ok,,3,ok,4,,ue1_qfi4,0.4,ok,0.9976132822896201,proxy,5,0.9923087466063865,21511235.2,ok,0.029997727272727273,ok,0.34131022727272725,0.0589734375,ok,ue1_qfi82,0.0,99,10.0,data,ok,0.0,ue1_qfi9,44.0,ok,,30.4,ue1_qfi2,2,71.25,139.0,30.303,ok,33.0,,pending,,pending,sensor_dense,1,1,16,PF,35492826,True
ue1_qfi9,2.5,32.5,39.25,42.5,ok,0.0009182163921541991,ok,ue2_qfi82,0,1,4,1001.5,data,ok,2.0,False,,proxy,3,0,,ue1_qfi2,1.0,152,150.0,ok,,ue1_qfi2,31.532,ok,,3,ok,4,,ue1_qfi4,0.4,ok,0.9978092323621881,proxy,5,0.9938509870393886,21510667.2,ok,0.03553636363636364,ok,0.39558295454545456,0.068728125,ok,ue1_qfi82,0.0,99,10.0,data,ok,0.0,ue1_qfi9,40.0,ok,,30.4,ue1_qfi2,0,0.0,0.0,30.303,ok,33.0,,pending,,pending,sensor_dense,1,1,16,Reservation,35492826,True
ue1_qfi9,2.0,28.5,35.0,38.0,ok,0.0010093513102277935,ok,ue2_qfi82,0,0,4,1000.0,data,ok,2.0,False,,proxy,3,0,,ue3_qfi2,0.993421052631579,152,150.0,ok,,ue1_qfi2,29.032,ok,,3,ok,4,,ue1_qfi4,0.4,ok,0.9972655779982007,proxy,5,0.9936844989839823,21503566.4,ok,0.029852272727272727,ok,0.36436022727272727,0.058934375,ok,ue1_qfi82,0.0,99,10.0,data,ok,0.0,ue1_qfi9,36.0,ok,,30.2,ue3_qfi2,1,70.75,70.75,30.303,ok,33.0,,pending,,pending,sensor_dense,1,1,16,TwoTier,35492826,True
ue1_qfi9,2.0,30.5,38.5,43.75,ok,0.0009357377794375022,ok,ue2_qfi82,0,1,4,1001.5,data,ok,2.0,False,,proxy,3,0,,ue1_qfi2,1.0,152,150.0,ok,,ue1_qfi2,28.704,ok,,3,ok,4,,ue1_qfi4,0.4,ok,0.9975798014201092,proxy,5,0.9925335540468231,21634155.2,ok,0.029754545454545454,ok,0.32458977272727274,0.0541421875,ok,ue1_qfi82,0.0,99,10.0,data,ok,0.0,ue1_qfi9,41.75,ok,,30.4,ue1_qfi2,0,0.0,0.0,30.303,ok,33.0,,pending,,pending,sensor_dense,1,1,16,PF,376383645,True
ue1_qfi9,2.25,31.0,39.0,43.25,ok,0.0008770103942985235,ok,ue3_qfi82,0,1,4,1001.5,data,ok,2.0,False,,proxy,3,0,,ue1_qfi2,1.0,152,150.0,ok,,ue1_qfi2,31.437,ok,,3,ok,4,,ue1_qfi4,0.4,ok,0.9979894077773055,proxy,5,0.993647825776805,21635523.2,ok,0.03580909090909091,ok,0.37859431818181816,0.06138125,ok,ue1_qfi82,0.0,99,10.0,data,ok,0.0,ue1_qfi9,41.0,ok,,30.4,ue1_qfi2,0,0.0,0.0,30.303,ok,33.0,,pending,,pending,sensor_dense,1,1,16,Reservation,376383645,True
ue1_qfi9,2.0,27.75,34.75,38.75,ok,0.0009665151991534864,ok,ue2_qfi82,0,2,4,1001.5,data,ok,2.0,False,,proxy,3,0,,ue1_qfi2,1.0,152,150.0,ok,,ue1_qfi2,24.89,ok,,3,ok,4,,ue1_qfi4,0.4,ok,0.9883866595949609,proxy,5,0.9501648669909623,21632568.0,ok,0.029854545454545453,ok,0.34539545454545456,0.0539015625,ok,ue1_qfi82,0.0,99,10.0,data,ok,0.0,ue1_qfi9,36.75,ok,,30.4,ue1_qfi2,0,0.0,0.0,30.303,ok,33.0,,pending,,pending,sensor_dense,1,1,16,TwoTier,376383645,True
ue1_qfi9,2.0,30.75,39.5,45.25,ok,0.0009221040532287578,ok,ue2_qfi82,0,1,4,1003.0000000000001,data,ok,2.0,False,,proxy,3,0,,ue1_qfi2,1.0,152,150.0,ok,,ue1_qfi2,28.869,ok,,3,ok,4,,ue1_qfi4,0.4,ok,0.9975085422977241,proxy,5,0.9915770561937798,21623633.6,ok,0.029531818181818183,ok,0.31735227272727273,0.05126875,ok,ue1_qfi82,0.0,99,10.0,data,ok,0.0,ue1_qfi9,43.25,ok,,30.4,ue1_qfi2,0,0.0,0.0,30.303,ok,33.0,,pending,,pending,sensor_dense,1,1,16,PF,1746484539,True
ue1_qfi9,2.25,29.75,37.5,44.0,ok,0.0009796271856009002,ok,ue2_qfi82,0,1,4,1001.5,data,ok,2.0,False,,proxy,3,0,,ue3_qfi2,0.993421052631579,152,150.0,ok,,ue1_qfi2,29.002,ok,,3,ok,4,,ue1_qfi4,0.4,ok,0.9976821882510594,proxy,5,0.9928720024558745,21618278.4,ok,0.035102272727272725,ok,0.3725568181818182,0.0585578125,ok,ue1_qfi82,0.0,99,10.0,data,ok,0.0,ue1_qfi9,41.75,ok,,30.4,ue1_qfi2,0,0.0,0.0,30.303,ok,33.0,,pending,,pending,sensor_dense,1,1,16,Reservation,1746484539,True
ue1_qfi9,2.0,26.75,34.25,39.25,ok,0.0008092078683408443,ok,ue2_qfi82,0,1,4,1001.5,data,ok,2.0,False,,proxy,3,0,,ue2_qfi2,0.993421052631579,152,150.0,ok,,ue1_qfi2,26.084,ok,,3,ok,4,,ue1_qfi4,0.39973053333333336,ok,0.9976251974618989,proxy,5,0.9944742356180757,21613526.4,ok,0.02945,ok,0.3378715909090909,0.05115625,ok,ue1_qfi82,0.0,99,10.0,data,ok,0.0,ue1_qfi9,37.25,ok,,30.2,ue2_qfi2,1,71.25,71.25,30.303,ok,33.0,,pending,,pending,sensor_dense,1,1,16,TwoTier,1746484539,True
ue1_qfi2,4.655,13.146,14.609,16.039,ok,0.00043664171685110575,ok,ue2_qfi82,0,0,4,1000.0,data,ok,2.0,False,,proxy,3,0,,ue1_qfi2,0.993421052631579,152,150.0,ok,,ue2_qfi2,16.499,ok,,3,ok,3,,ue1_qfi2,0.9586236,ok,0.9997619214841877,proxy,5,0.9992820037294345,16706600.0,ok,0.0302,ok,0.2494284090909091,0.0522234375,ok,ue1_qfi82,0.0,99,10.0,data,ok,0.0,ue1_qfi9,12.5,ok,,30.2,ue1_qfi2,1,67.5,67.5,30.303,ok,33.0,,pending,,pending,sensor_dense,0,0,16,PF,1826701614,False
ue1_qfi2,5.623,14.396,16.033,16.93,ok,0.0005066419689876141,ok,ue2_qfi82,0,1,4,1001.5,data,ok,2.0,False,,proxy,3,0,,ue1_qfi2,1.0,152,150.0,ok,,ue2_qfi2,17.287,ok,,3,ok,3,,ue1_qfi2,0.9588524,ok,0.9996880193252125,proxy,5,0.9994344270045863,16704246.4,ok,0.035945454545454544,ok,0.3033954545454545,0.058096875,ok,ue1_qfi82,0.0,99,10.0,data,ok,0.0,ue1_qfi9,13.25,ok,,30.4,ue1_qfi2,0,0.0,0.0,30.303,ok,33.0,,pending,,pending,sensor_dense,0,0,16,Reservation,1826701614,False
ue1_qfi2,5.349,13.539,14.865,16.524,ok,0.0004918262948769961,ok,ue2_qfi82,0,1,4,1001.5,data,ok,2.0,False,,proxy,3,0,,ue1_qfi2,1.0,152,150.0,ok,,ue1_qfi2,16.859,ok,,3,ok,3,,ue1_qfi2,0.959894,ok,0.9997030969680086,proxy,5,0.9994514256413457,16710144.0,ok,0.030222727272727273,ok,0.26792954545454545,0.051865625,ok,ue1_qfi82,0.0,99,10.0,data,ok,0.0,ue1_qfi9,12.75,ok,,30.4,ue1_qfi2,0,0.0,0.0,30.303,ok,33.0,,pending,,pending,sensor_dense,0,0,16,TwoTier,1826701614,False
ue1_qfi2,4.127,12.75,14.193,15.133,ok,0.0003894376592494678,ok,ue1_qfi85,0,1,1,1061.2499999999998,data,ok,2.0,False,,proxy,3,0,,ue1_qfi2,0.993421052631579,152,150.0,ok,,ue3_qfi2,16.493,ok,,3,ok,3,,ue1_qfi2,0.97662,ok,0.9998099840247372,proxy,5,0.9996631143970797,16813838.4,ok,0.02989318181818182,ok,0.26151022727272727,0.0534515625,ok,ue1_qfi82,0.0,99,10.0,data,ok,0.0,ue1_qfi2,11.006,ok,,30.2,ue1_qfi2,0,0.0,0.0,30.303,ok,33.0,,pending,,pending,sensor_dense,0,0,16,PF,1367864806,False
ue1_qfi2,6.056,14.486,15.5,16.414,ok,0.00042739515403161506,ok,ue1_qfi85,0,1,1,1061.2499999999998,data,ok,2.0,False,,proxy,3,0,,ue2_qfi2,0.993421052631579,152,150.0,ok,,ue2_qfi2,17.161,ok,,3,ok,3,,ue1_qfi2,0.977618,ok,0.9997732630695498,proxy,5,0.9996039420184086,16809705.6,ok,0.03547954545454545,ok,0.3153943181818182,0.0605859375,ok,ue1_qfi82,0.0,99,10.0,data,ok,0.0,ue1_qfi9,13.5,ok,,30.4,ue1_qfi2,0,0.0,0.0,30.303,ok,33.0,,pending,,pending,sensor_dense,0,0,16,Reservation,1367864806,False
ue1_qfi2,5.183,13.444,15.105,16.0,ok,0.00042019093049697637,ok,ue1_qfi85,0,1,1,1061.2499999999998,data,ok,2.0,False,,proxy,3,0,,ue2_qfi2,0.993421052631579,152,150.0,ok,,ue3_qfi2,16.72,ok,,3,ok,3,,ue1_qfi2,0.977618,ok,0.9997841885898172,proxy,5,0.9995767380519389,16812504.0,ok,0.02983181818181818,ok,0.2759215909090909,0.05331875,ok,ue1_qfi82,0.0,99,10.0,data,ok,0.0,ue1_qfi9,12.75,ok,,30.2,ue2_qfi2,1,72.0,72.0,30.303,ok,33.0,,pending,,pending,sensor_dense,0,0,16,TwoTier,1367864806,False
ue1_qfi2,4.035,12.48,14.18,15.261,ok,0.0003061735104419519,ok,ue2_qfi82,0,0,4,1000.0,data,ok,2.0,False,,proxy,3,0,,ue1_qfi2,1.0,152,150.0,ok,,ue3_qfi2,16.092,ok,,3,ok,3,,ue1_qfi2,0.9690548,ok,0.9998811668630998,proxy,5,0.9998094890219726,16717820.8,ok,0.029752272727272728,ok,0.25842613636363637,0.0561453125,ok,ue1_qfi82,0.0,99,10.0,data,ok,0.0,ue1_qfi9,11.25,ok,,30.4,ue1_qfi2,0,0.0,0.0,30.303,ok,33.0,,pending,,pending,sensor_dense,0,0,16,PF,1097657231,False
ue1_qfi2,6.047,14.308,16.169,17.318,ok,0.0004736135537291614,ok,ue2_qfi82,0,1,4,1001.5,data,ok,2.0,False,,proxy,3,0,,ue1_qfi2,1.0,152,150.0,ok,,ue1_qfi2,17.466,ok,,3,ok,3,,ue1_qfi2,0.9690548,ok,0.999714185508161,proxy,5,0.9994356914177425,16715144.0,ok,0.03567045454545455,ok,0.31137954545454544,0.0633953125,ok,ue1_qfi82,0.0,99,10.0,data,ok,0.0,ue1_qfi9,13.75,ok,,30.4,ue1_qfi2,0,0.0,0.0,30.303,ok,33.0,,pending,,pending,sensor_dense,0,0,16,Reservation,1097657231,False
ue1_qfi2,5.354,13.57,15.276,16.418,ok,0.0003260747886206788,ok,ue2_qfi82,0,0,4,1000.0,data,ok,2.0,False,,proxy,3,0,,ue1_qfi2,1.0,152,150.0,ok,,ue1_qfi2,16.421,ok,,3,ok,3,,ue1_qfi2,0.9690548,ok,0.9998748749738209,proxy,5,0.9997868128746732,16717704.0,ok,0.029763636363636364,ok,0.2739579545454545,0.055628125,ok,ue1_qfi82,0.0,99,10.0,data,ok,0.0,ue1_qfi9,12.75,ok,,30.4,ue1_qfi2,0,0.0,0.0,30.303,ok,33.0,,pending,,pending,sensor_dense,0,0,16,TwoTier,1097657231,False
ue3_qfi2,6.045,12.043,13.949,15.316,ok,0.0003950368726501788,ok,ue2_qfi82,0,1,4,1001.2499999999998,data,ok,2.0,False,,proxy,3,0,,ue1_qfi2,1.0,152,150.0,ok,,ue1_qfi2,15.985,ok,,3,ok,3,,ue1_qfi2,0.9786492,ok,0.9997683819667523,proxy,5,0.9994592999610662,16778136.0,ok,0.02955681818181818,ok,0.2618897727272727,0.0537765625,ok,ue1_qfi82,0.0,99,10.0,data,ok,0.0,ue1_qfi9,11.5,ok,,30.4,ue1_qfi2,0,0.0,0.0,30.303,ok,33.0,,pending,,pending,sensor_dense,0,0,16,PF,579362555,False
ue1_qfi2,5.832,14.484,16.055,16.984,ok,0.00042306229034560984,ok,ue2_qfi82,0,1,4,1003.0000000000001,data,ok,2.0,False,,proxy,3,0,,ue2_qfi2,0.993421052631579,152,150.0,ok,,ue3_qfi2,18.248,ok,,3,ok,3,,ue1_qfi2,0.9786492,ok,0.9998015340977708,proxy,5,0.9997178899582082,16777902.4,ok,0.03525227272727273,ok,0.31556022727272726,0.06114375,ok,ue1_qfi82,0.0,99,10.0,data,ok,0.0,ue1_qfi9,13.25,ok,,30.4,ue1_qfi2,0,0.0,0.0,30.303,ok,33.0,,pending,,pending,sensor_dense,0,0,16,Reservation,579362555,False
ue1_qfi2,5.191,12.958,14.664,15.549,ok,0.0003812951471327415,ok,ue3_qfi82,0,1,4,1001.5,data,ok,2.0,False,,proxy,3,0,,ue1_qfi2,1.0,152,150.0,ok,,ue3_qfi2,17.015,ok,,3,ok,3,,ue1_qfi2,0.9786492,ok,0.9998420399791771,proxy,5,0.9997195749987597,16779219.2,ok,0.029845454545454547,ok,0.27753181818181816,0.053503125,ok,ue1_qfi82,0.0,99,10.0,data,ok,0.0,ue1_qfi9,12.5,ok,,30.4,ue1_qfi2,0,0.0,0.0,30.303,ok,33.0,,pending,,pending,sensor_dense,0,0,16,TwoTier,579362555,False
ue1_qfi2,4.011,11.817,13.75,15.202,ok,0.00029203140400652213,ok,ue2_qfi82,0,1,4,1001.5,data,ok,2.0,False,,proxy,3,0,,ue1_qfi2,1.0,152,150.0,ok,,ue2_qfi2,16.037,ok,,3,ok,3,,ue1_qfi2,0.98231,ok,0.9998833429810322,proxy,5,0.9997816306857963,16777168.0,ok,0.02983181818181818,ok,0.25830681818181817,0.053234375,ok,ue1_qfi82,0.0,99,10.0,data,ok,0.0,ue1_qfi9,11.25,ok,,30.4,ue1_qfi2,0,0.0,0.0,30.303,ok,33.0,,pending,,pending,sensor_dense,0,0,16,PF,661058651,False
ue1_qfi2,5.321,13.629,15.764,16.703,ok,0.00043435465959086556,ok,ue2_qfi82,0,0,4,1000.0,data,ok,2.0,False,,proxy,3,0,,ue1_qfi2,0.993421052631579,152,150.0,ok,,ue1_qfi2,17.477,ok,,3,ok,3,,ue1_qfi2,0.9816735999999999,ok,0.9997833019600726,proxy,5,0.9996487655350613,16772348.8,ok,0.03534090909090909,ok,0.31036477272727275,0.06045625,ok,ue1_qfi82,0.0,99,10.0,data,ok,0.0,ue1_qfi9,13.5,ok,,30.2,ue1_qfi2,0,0.0,0.0,30.303,ok,33.0,,pending,,pending,sensor_dense,0,0,16,Reservation,661058651,False
ue1_qfi2,4.742,12.932,14.636,15.892,ok,0.0003705771116436244,ok,ue3_qfi82,0,1,4,1001.7500000000003,data,ok,2.0,False,,proxy,3,0,,ue1_qfi2,1.0,152,150.0,ok,,ue1_qfi2,16.39,ok,,3,ok,3,,ue1_qfi2,0.98249,ok,0.9998864734561618,proxy,5,0.9998247353678262,16777694.4,ok,0.029913636363636364,ok,0.2730818181818182,0.0528140625,ok,ue1_qfi82,0.0,99,10.0,data,ok,0.0,ue1_qfi9,12.5,ok,,30.4,ue1_qfi2,0,0.0,0.0,30.303,ok,33.0,,pending,,pending,sensor_dense,0,0,16,TwoTier,661058651,False
ue1_qfi2,4.381,12.562,13.962,14.923,ok,0.0004061892031975778,ok,ue2_qfi82,0,1,4,1001.5,data,ok,2.0,False,,proxy,3,0,,ue1_qfi2,0.993421052631579,152,150.0,ok,,ue2_qfi2,15.843,ok,,3,ok,3,,ue1_qfi2,0.9809088,ok,0.999764314966689,proxy,5,0.9995960204129328,16789291.2,ok,0.029695454545454546,ok,0.2542534090909091,0.0540703125,ok,ue1_qfi82,0.0,99,10.0,data,ok,0.0,ue1_qfi9,11.25,ok,,30.2,ue3_qfi2,1,67.25,67.25,30.303,ok,33.0,,pending,,pending,sensor_dense,0,0,16,PF,87989972,False
ue1_qfi2,5.678,14.282,16.135,17.041,ok,0.00034289362020702586,ok,ue2_qfi82,0,1,4,1001.7500000000003,data,ok,2.0,False,,proxy,3,0,,ue1_qfi2,1.0,152,150.0,ok,,ue1_qfi2,18.0,ok,,3,ok,3,,ue1_qfi2,0.980798,ok,0.9998390248023439,proxy,5,0.9997194849343884,16792452.8,ok,0.035570454545454544,ok,0.308375,0.0598171875,ok,ue1_qfi82,0.0,99,10.0,data,ok,0.0,ue1_qfi9,13.0,ok,,30.4,ue1_qfi2,0,0.0,0.0,30.303,ok,33.0,,pending,,pending,sensor_dense,0,0,16,Reservation,87989972,False
ue1_qfi2,5.084,13.06,14.826,16.0,ok,0.0004422972172522397,ok,ue3_qfi82,0,1,4,1004.5000000000002,data,ok,2.0,False,,proxy,3,0,,ue1_qfi2,0.993421052631579,152,150.0,ok,,ue1_qfi2,16.361,ok,,3,ok,3,,ue1_qfi2,0.9803432,ok,0.999798394485202,proxy,5,0.9997313774757822,16789288.0,ok,0.02963409090909091,ok,0.2687988636363636,0.053628125,ok,ue1_qfi82,0.0,99,10.0,data,ok,0.0,ue1_qfi9,12.75,ok,,30.2,ue1_qfi2,0,0.0,0.0,30.303,ok,33.0,,pending,,pending,sensor_dense,0,0,16,TwoTier,87989972,False
ue2_qfi2,5.883,12.075,14.15,15.542,ok,0.00036253746686010837,ok,ue3_qfi82,0,1,4,1001.5,data,ok,2.0,False,,proxy,3,0,,ue1_qfi2,1.0,152,150.0,ok,,ue2_qfi2,16.149,ok,,3,ok,3,,ue1_qfi2,0.9793944,ok,0.9998780425068098,proxy,5,0.9997121753342454,16893867.2,ok,0.029679545454545455,ok,0.2626409090909091,0.0567234375,ok,ue1_qfi82,0.0,99,10.0,data,ok,0.0,ue1_qfi9,11.0,ok,,30.4,ue1_qfi2,0,0.0,0.0,30.303,ok,33.0,,pending,,pending,sensor_dense,0,0,16,PF,161576974,False
ue1_qfi2,5.994,14.036,15.76,16.978,ok,0.0004904533445840932,ok,ue2_qfi82,0,0,4,1000.0,data,ok,2.0,False,,proxy,3,0,,ue1_qfi2,1.0,152,150.0,ok,,ue2_qfi2,17.5,ok,,3,ok,3,,ue1_qfi2,0.9793944,ok,0.9997081821172621,proxy,5,0.9995747370700665,16890916.8,ok,0.03501590909090909,ok,0.3166318181818182,0.0642125,ok,ue1_qfi82,0.0,99,10.0,data,ok,0.0,ue1_qfi9,13.5,ok,,30.4,ue1_qfi2,0,0.0,0.0,30.303,ok,33.0,,pending,,pending,sensor_dense,0,0,16,Reservation,161576974,False
ue1_qfi2,5.248,12.924,14.497,15.494,ok,0.00041129870881178134,ok,ue2_qfi82,0,0,4,1000.0,data,ok,2.0,False,,proxy,3,0,,ue1_qfi2,1.0,152,150.0,ok,,ue3_qfi2,16.75,ok,,3,ok,3,,ue1_qfi2,0.9793944,ok,0.9997851865393745,proxy,5,0.9996157993012599,16891955.2,ok,0.029722727272727272,ok,0.27923068181818184,0.0561875,ok,ue1_qfi82,0.0,99,10.0,data,ok,0.0,ue1_qfi9,13.0,ok,,30.4,ue1_qfi2,0,0.0,0.0,30.303,ok,33.0,,pending,,pending,sensor_dense,0,0,16,TwoTier,161576974,False
ue3_qfi2,5.658,11.924,13.833,15.424,ok,0.0003444539328745398,ok,ue3_qfi82,0,1,4,1001.5,data,ok,2.0,False,,proxy,3,0,,ue3_qfi2,0.9868421052631579,152,150.0,ok,,ue3_qfi2,16.65,ok,,3,ok,3,,ue1_qfi2,0.9819628,ok,0.9998502823902861,proxy,5,0.999712095158432,16716680.0,ok,0.030084090909090908,ok,0.2680102272727273,0.0570515625,ok,ue1_qfi82,0.0,99,10.0,data,ok,0.0,ue1_qfi9,11.5,ok,,30.0,ue3_qfi2,1,69.25,69.25,30.303,ok,33.0,,pending,,pending,sensor_dense,0,0,16,PF,35492826,False
ue1_qfi2,5.599,13.908,15.461,16.957,ok,0.0005127942745304686,ok,ue2_qfi82,0,1,4,1001.5,data,ok,2.0,False,,proxy,3,0,,ue1_qfi2,1.0,152,150.0,ok,,ue1_qfi2,17.216,ok,,3,ok,3,,ue1_qfi2,0.9819628,ok,0.99964717395907,proxy,5,0.9994609818407945,16721843.2,ok,0.035575,ok,0.3225875,0.065353125,ok,ue1_qfi82,0.0,99,10.0,data,ok,0.0,ue1_qfi9,13.5,ok,,30.4,ue1_qfi2,0,0.0,0.0,30.303,ok,33.0,,pending,,pending,sensor_dense,0,0,16,Reservation,35492826,False
ue1_qfi2,5.39,13.063,15.241,16.32,ok,0.0005165562989927344,ok,ue2_qfi82,0,2,4,1001.5,data,ok,2.0,False,,proxy,3,0,,ue3_qfi2,0.993421052631579,152,150.0,ok,,ue1_qfi2,17.08,ok,,3,ok,3,,ue1_qfi2,0.9819628,ok,0.9997198893444009,proxy,5,0.9995887190052776,16718518.4,ok,0.02982272727272727,ok,0.2863681818181818,0.0566640625,ok,ue1_qfi82,0.0,99,10.0,data,ok,0.0,ue1_qfi9,13.0,ok,,30.2,ue3_qfi2,1,70.0,70.0,30.303,ok,33.0,,pending,,pending,sensor_dense,0,0,16,TwoTier,35492826,False
ue1_qfi2,4.437,12.599,14.079,15.276,ok,0.00036378459774745947,ok,ue2_qfi82,0,0,4,1000.0,data,ok,2.0,False,,proxy,3,0,,ue1_qfi2,1.0,152,150.0,ok,,ue2_qfi2,15.919,ok,,3,ok,3,,ue1_qfi2,0.9597272,ok,0.999841699531593,proxy,5,0.9997194288826821,16848169.6,ok,0.02980909090909091,ok,0.2531806818181818,0.0527171875,ok,ue1_qfi82,0.0,99,10.0,data,ok,0.0,ue1_qfi9,11.0,ok,,30.4,ue1_qfi2,0,0.0,0.0,30.303,ok,33.0,,pending,,pending,sensor_dense,0,0,16,PF,376383645,False
ue1_qfi2,5.783,13.97,15.765,16.75,ok,0.0004414401619791101,ok,ue2_qfi82,0,1,4,1000.2500000000003,data,ok,2.0,False,,proxy,3,0,,ue1_qfi2,1.0,152,150.0,ok,,ue1_qfi2,16.856,ok,,3,ok,3,,ue1_qfi2,0.9597272,ok,0.9998270797514868,proxy,5,0.9997934932919276,16847796.8,ok,0.03553636363636364,ok,0.3083784090909091,0.059,ok,ue1_qfi82,0.0,99,10.0,data,ok,0.0,ue1_qfi9,12.75,ok,,30.4,ue1_qfi2,0,0.0,0.0,30.303,ok,33.0,,pending,,pending,sensor_dense,0,0,16,Reservation,376383645,False
ue1_qfi2,5.475,13.031,14.787,16.037,ok,0.00044714113055695085,ok,ue2_qfi82,0,0,4,1000.0,data,ok,2.0,False,,proxy,3,0,,ue1_qfi2,1.0,152,150.0,ok,,ue1_qfi2,16.403,ok,,3,ok,3,,ue1_qfi2,0.9597272,ok,0.9997359267034336,proxy,5,0.9995744154413007,16846203.2,ok,0.02977727272727273,ok,0.2687625,0.0522890625,ok,ue1_qfi82,0.0,99,10.0,data,ok,0.0,ue1_qfi9,12.5,ok,,30.4,ue1_qfi2,0,0.0,0.0,30.303,ok,33.0,,pending,,pending,sensor_dense,0,0,16,TwoTier,376383645,False
ue1_qfi2,4.267,12.171,13.86,14.705,ok,0.00032302656893529495,ok,ue2_qfi82,0,1,4,1001.5,data,ok,2.0,False,,proxy,3,0,,ue1_qfi2,0.993421052631579,152,150.0,ok,,ue3_qfi2,16.522,ok,,3,ok,3,,ue1_qfi2,0.9736668,ok,0.9999021090729843,proxy,5,0.9998091765958665,16836558.4,ok,0.02939318181818182,ok,0.24994204545454546,0.0499953125,ok,ue1_qfi82,0.0,99,10.0,data,ok,0.0,ue1_qfi9,11.25,ok,,30.2,ue1_qfi2,0,0.0,0.0,30.303,ok,33.0,,pending,,pending,sensor_dense,0,0,16,PF,1746484539,False
ue1_qfi2,5.429,13.798,15.832,16.499,ok,0.00046128463875587335,ok,ue2_qfi82,0,0,4,1000.0,data,ok,2.0,False,,proxy,3,0,,ue3_qfi2,0.993421052631579,152,150.0,ok,,ue1_qfi2,16.5,ok,,3,ok,3,,ue1_qfi2,0.97382,ok,0.9998016972729632,proxy,5,0.9996294738334,16830139.2,ok,0.035134090909090906,ok,0.30405795454545453,0.0560140625,ok,ue1_qfi82,0.0,99,10.0,data,ok,0.0,ue1_qfi9,13.0,ok,,30.4,ue1_qfi2,0,0.0,0.0,30.303,ok,33.0,,pending,,pending,sensor_dense,0,0,16,Reservation,1746484539,False
ue1_qfi2,4.81,12.897,14.514,15.952,ok,0.0003407247612836335,ok,ue3_qfi82,0,1,4,1001.5,data,ok,2.0,False,,proxy,3,0,,ue3_qfi2,0.993421052631579,152,150.0,ok,,ue1_qfi2,16.202,ok,,3,ok,3,,ue1_qfi2,0.97382,ok,0.9998389082888804,proxy,5,0.9996896989746143,16833875.2,ok,0.029365909090909092,ok,0.2651272727272727,0.0497625,ok,ue1_qfi82,0.0,99,10.0,data,ok,0.0,ue1_qfi9,12.5,ok,,30.2,ue3_qfi2,1,71.25,71.25,30.303,ok,33.0,,pending,,pending,sensor_dense,0,0,16,TwoTier,1746484539,False
ue1_qfi9,2.25,32.0,39.25,44.75,ok,0.0009666290647960461,ok,ue2_qfi82,0,1,4,1001.5,data,ok,2.0,False,,proxy,3,0,,ue1_qfi2,1.0,152,150.0,ok,,ue1_qfi2,31.684,ok,,3,ok,4,,ue1_qfi4,0.4,ok,0.9974110896462406,proxy,5,0.991338485250466,21497507.2,ok,0.030145454545454545,ok,0.3216113636363636,0.05359375,ok,ue1_qfi82,0.0,99,10.0,data,ok,0.0,ue1_qfi9,42.5,ok,,30.4,ue1_qfi2,1,66.25,66.25,30.303,ok,33.0,,pending,,pending,sensor_dense,2,1,16,PF,1826701614,True
ue1_qfi9,2.5,30.75,37.75,42.0,ok,0.0009098533458306161,ok,ue3_qfi82,0,2,4,1001.5,data,ok,2.0,False,,proxy,3,0,,ue3_qfi2,0.993421052631579,152,150.0,ok,,ue1_qfi2,30.43,ok,,3,ok,4,,ue1_qfi4,0.4,ok,0.9978368959884651,proxy,5,0.9935618370411579,21494732.8,ok,0.036245454545454546,ok,0.3749568181818182,0.0609203125,ok,ue1_qfi82,0.0,99,10.0,data,ok,0.0,ue1_qfi9,39.5,ok,,30.2,ue3_qfi2,1,73.25,73.25,30.303,ok,33.0,,pending,,pending,sensor_dense,2,1,16,Reservation,1826701614,True
ue1_qfi9,2.0,28.5,34.75,38.5,ok,0.0009282625689272507,ok,ue2_qfi82,0,1,4,1001.5,data,ok,2.0,False,,proxy,3,0,,ue1_qfi2,1.0,152,150.0,ok,,ue1_qfi2,29.434,ok,,3,ok,4,,ue1_qfi4,0.4,ok,0.997764717680275,proxy,5,0.9951514487811182,21499035.2,ok,0.030186363636363636,ok,0.3423306818181818,0.0538109375,ok,ue1_qfi82,0.0,99,10.0,data,ok,0.0,ue1_qfi9,36.5,ok,,30.4,ue1_qfi2,0,0.0,0.0,30.303,ok,33.0,,pending,,pending,sensor_dense,2,1,16,TwoTier,1826701614,True
ue1_qfi9,2.0,33.75,42.5,46.75,ok,0.0009261089386791562,ok,ue1_qfi85,0,1,1,1061.2499999999998,data,ok,2.0,False,,proxy,3,0,,ue3_qfi2,0.993421052631579,152,150.0,ok,,ue1_qfi2,40.656,ok,,3,ok,4,,ue1_qfi4,0.4,ok,0.9974513730991441,proxy,5,0.9907968016405422,21602339.2,ok,0.029736363636363637,ok,0.3274340909090909,0.05455,ok,ue1_qfi82,0.0,99,10.0,data,ok,0.0,ue1_qfi9,44.75,ok,,30.4,ue1_qfi2,1,67.5,67.5,30.303,ok,33.0,,pending,,pending,sensor_dense,2,1,16,PF,1367864806,True
ue1_qfi9,2.25,28.75,37.0,44.0,ok,0.0008992740532311625,ok,ue1_qfi85,0,1,1,1061.2499999999998,data,ok,2.0,False,,proxy,3,0,,ue2_qfi2,0.993421052631579,152,150.0,ok,,ue1_qfi2,27.53,ok,,3,ok,4,,ue1_qfi4,0.4,ok,0.9980037980896161,proxy,5,0.9938078588115098,21600520.0,ok,0.03560909090909091,ok,0.3809034090909091,0.063121875,ok,ue1_qfi82,0.0,99,10.0,data,ok,0.0,ue1_qfi9,41.75,ok,,30.2,ue2_qfi2,1,69.75,69.75,30.303,ok,33.0,,pending,,pending,sensor_dense,2,1,16,Reservation,1367864806,True
ue1_qfi9,1.75,25.75,33.0,37.25,ok,0.0008940142646982511,ok,ue1_qfi85,0,1,1,1059.7499999999998,data,ok,2.0,False,,proxy,3,0,,ue2_qfi2,0.993421052631579,152,150.0,ok,,ue1_qfi2,23.931,ok,,3,ok,4,,ue1_qfi4,0.4,ok,0.9970120690705457,proxy,5,0.9942991245339023,21594880.0,ok,0.02982272727272727,ok,0.3480579545454546,0.0546,ok,ue1_qfi82,0.0,99,10.0,data,ok,0.0,ue1_qfi9,35.5,ok,,30.2,ue2_qfi2,1,72.0,72.0,30.303,ok,33.0,,pending,,pending,sensor_dense,2,1,16,TwoTier,1367864806,True
ue1_qfi9,2.0,28.75,35.5,41.5,ok,0.0008952335837043401,ok,ue2_qfi82,0,0,4,1000.0,data,ok,2.0,False,,proxy,3,0,,ue2_qfi2,0.993421052631579,152,150.0,ok,,ue1_qfi2,28.877,ok,,3,ok,4,,ue1_qfi4,0.4,ok,0.9976638071750099,proxy,5,0.9925001234325258,21502878.4,ok,0.029738636363636363,ok,0.3172852272727273,0.056603125,ok,ue1_qfi82,0.0,99,10.0,data,ok,0.0,ue1_qfi9,39.5,ok,,30.4,ue1_qfi2,1,67.5,67.5,30.303,ok,33.0,,pending,,pending,sensor_dense,2,1,16,PF,1097657231,True
ue1_qfi9,2.25,27.25,35.0,39.75,ok,0.0008856585843040122,ok,ue2_qfi82,0,1,4,1001.7500000000003,data,ok,2.0,False,,proxy,3,0,,ue3_qfi2,0.993421052631579,152,150.0,ok,,ue1_qfi2,31.377,ok,,3,ok,4,,ue1_qfi4,0.4,ok,0.9978830939553923,proxy,5,0.9934670263212619,21499105.6,ok,0.035602272727272725,ok,0.37325681818181816,0.065328125,ok,ue1_qfi82,0.0,99,10.0,data,ok,0.0,ue1_qfi9,37.5,ok,,30.4,ue1_qfi2,0,0.0,0.0,30.303,ok,33.0,,pending,,pending,sensor_dense,2,1,16,Reservation,1097657231,True
ue1_qfi9,1.75,22.0,28.0,31.0,ok,0.0008068492070059672,ok,ue2_qfi82,0,0,4,1000.0,data,ok,2.0,False,,proxy,3,0,,ue1_qfi2,0.993421052631579,152,150.0,ok,,ue1_qfi2,21.284,ok,,3,ok,4,,ue1_qfi4,0.4,ok,0.9943021781473826,proxy,5,0.977715883580584,21502800.0,ok,0.02975,ok,0.33715113636363636,0.05661875,ok,ue1_qfi82,0.0,99,10.0,data,ok,0.0,ue1_qfi9,29.25,ok,,30.2,ue1_qfi2,1,67.5,67.5,30.303,ok,33.0,,pending,,pending,sensor_dense,2,1,16,TwoTier,1097657231,True
ue1_qfi9,2.0,28.75,35.25,39.75,ok,0.0008763234916072493,ok,ue2_qfi82,0,1,4,1001.5,data,ok,2.0,False,,proxy,3,0,,ue1_qfi2,1.0,152,150.0,ok,,ue1_qfi2,32.164,ok,,3,ok,4,,ue1_qfi4,0.4,ok,0.9976303973218693,proxy,5,0.9921860683129565,21565972.8,ok,0.029795454545454545,ok,0.3252227272727273,0.05459375,ok,ue1_qfi82,0.0,99,10.0,data,ok,0.0,ue1_qfi9,37.75,ok,,30.4,ue1_qfi2,0,0.0,0.0,30.303,ok,33.0,,pending,,pending,sensor_dense,2,1,16,PF,579362555,True
ue1_qfi9,2.25,27.5,34.25,38.75,ok,0.0008917566107852291,ok,ue3_qfi82,0,1,4,1001.5,data,ok,2.0,False,,proxy,3,0,,ue2_qfi2,0.993421052631579,152,150.0,ok,,ue1_qfi2,29.284,ok,,3,ok,4,,ue1_qfi4,0.4,ok,0.9981478636427674,proxy,5,0.9946617955083802,21566368.0,ok,0.035138636363636365,ok,0.3771556818181818,0.06276875,ok,ue1_qfi82,0.0,99,10.0,data,ok,0.0,ue1_qfi9,36.5,ok,,30.4,ue1_qfi2,0,0.0,0.0,30.303,ok,33.0,,pending,,pending,sensor_dense,2,1,16,Reservation,579362555,True
ue1_qfi9,2.0,26.25,33.0,35.5,ok,0.0007940392499412736,ok,ue3_qfi82,0,1,4,1001.5,data,ok,2.0,False,,proxy,3,0,,ue1_qfi2,1.0,152,150.0,ok,,ue1_qfi2,29.414,ok,,3,ok,4,,ue1_qfi4,0.4,ok,0.9976720148549469,proxy,5,0.9916398078656516,21567688.0,ok,0.029638636363636364,ok,0.3460102272727273,0.054515625,ok,ue1_qfi82,0.0,99,10.0,data,ok,0.0,ue1_qfi9,33.5,ok,,30.4,ue1_qfi2,0,0.0,0.0,30.303,ok,33.0,,pending,,pending,sensor_dense,2,1,16,TwoTier,579362555,True
ue1_qfi9,2.0,28.75,35.75,39.75,ok,0.0008943308410246305,ok,ue2_qfi82,0,1,4,1001.5,data,ok,2.0,False,,proxy,3,0,,ue1_qfi2,1.0,152,150.0,ok,,ue1_qfi2,27.952,ok,,3,ok,4,,ue1_qfi4,0.4,ok,0.9975266774024835,proxy,5,0.9917196037699934,21562286.4,ok,0.029854545454545453,ok,0.3229159090909091,0.0541234375,ok,ue1_qfi82,0.0,99,10.0,data,ok,0.0,ue1_qfi9,37.75,ok,,30.4,ue1_qfi2,1,66.0,66.0,30.303,ok,33.0,,pending,,pending,sensor_dense,2,1,16,PF,661058651,True
ue1_qfi9,2.0,27.25,34.0,37.25,ok,0.0009456426373843414,ok,ue3_qfi82,0,1,4,1001.5,data,ok,2.0,False,,proxy,3,0,,ue1_qfi2,1.0,152,150.0,ok,,ue1_qfi2,27.75,ok,,3,ok,4,,ue1_qfi4,0.39988453333333335,ok,0.9977407920190713,proxy,5,0.992868523734135,21561702.4,ok,0.03541590909090909,ok,0.37461363636363637,0.0626296875,ok,ue1_qfi82,0.0,99,10.0,data,ok,0.0,ue1_qfi9,35.25,ok,,30.4,ue1_qfi2,0,0.0,0.0,30.303,ok,33.0,,pending,,pending,sensor_dense,2,1,16,Reservation,661058651,True
ue1_qfi9,1.75,25.5,31.5,34.0,ok,0.0008804181467257319,ok,ue2_qfi82,0,1,4,1001.5,data,ok,2.0,False,,proxy,3,0,,ue1_qfi2,1.0,152,150.0,ok,,ue1_qfi2,23.898,ok,,3,ok,4,,ue1_qfi4,0.4,ok,0.9970027013422712,proxy,5,0.9906934728796432,21564148.8,ok,0.029856818181818182,ok,0.34262045454545453,0.054278125,ok,ue1_qfi82,0.0,99,10.0,data,ok,0.0,ue1_qfi9,32.25,ok,,30.4,ue1_qfi2,0,0.0,0.0,30.303,ok,33.0,,pending,,pending,sensor_dense,2,1,16,TwoTier,661058651,True
ue1_qfi9,2.0,32.5,42.0,46.5,ok,0.0009621125585764171,ok,ue2_qfi82,0,0,4,1000.0,data,ok,2.0,False,,proxy,3,0,,ue1_qfi2,1.0,152,150.0,ok,,ue1_qfi2,36.75,ok,,3,ok,4,,ue1_qfi4,0.4,ok,0.9974149275713827,proxy,5,0.9913358667603791,21578897.6,ok,0.029704545454545456,ok,0.32155568181818184,0.0551765625,ok,ue1_qfi82,0.0,99,10.0,data,ok,0.0,ue1_qfi9,44.5,ok,,30.4,ue1_qfi2,0,0.0,0.0,30.303,ok,33.0,,pending,,pending,sensor_dense,2,1,16,PF,87989972,True
ue1_qfi9,2.0,27.75,35.5,41.25,ok,0.0008352542947442392,ok,ue2_qfi82,0,1,4,1001.5,data,ok,2.0,False,,proxy,3,0,,ue1_qfi2,1.0,152,150.0,ok,,ue1_qfi2,27.312,ok,,3,ok,4,,ue1_qfi4,0.4,ok,0.9980260081648742,proxy,5,0.9936481549327104,21580612.8,ok,0.036025,ok,0.3756852272727273,0.062128125,ok,ue1_qfi82,0.0,99,10.0,data,ok,0.0,ue1_qfi9,39.25,ok,,30.4,ue1_qfi2,0,0.0,0.0,30.303,ok,33.0,,pending,,pending,sensor_dense,2,1,16,Reservation,87989972,True
ue1_qfi9,1.75,27.75,34.5,39.25,ok,0.0010178184151204259,ok,ue2_qfi82,0,0,4,1000.0,data,ok,2.0,False,,proxy,3,0,,ue1_qfi2,1.0,152,150.0,ok,,ue1_qfi2,28.881,ok,,3,ok,4,,ue1_qfi4,0.4,ok,0.9869405630594164,proxy,5,0.9435440904305745,21577771.2,ok,0.02983181818181818,ok,0.3413806818181818,0.054959375,ok,ue1_qfi82,0.0,99,10.0,data,ok,0.0,ue1_qfi9,37.5,ok,,30.4,ue1_qfi2,0,0.0,0.0,30.303,ok,33.0,,pending,,pending,sensor_dense,2,1,16,TwoTier,87989972,True
ue1_qfi9,2.25,35.5,44.75,50.0,ok,0.001010716455432802,ok,ue2_qfi82,0,0,4,1000.0,data,ok,2.0,False,,proxy,3,0,,ue1_qfi2,1.0,152,150.0,ok,,ue1_qfi2,36.79,ok,,3,ok,4,,ue1_qfi4,0.4,ok,0.9969323527348779,proxy,5,0.9897647002046205,21677305.599999998,ok,0.029586363636363636,ok,0.33662386363636365,0.05826875,ok,ue1_qfi82,0.0,99,10.0,data,ok,0.0,ue1_qfi9,47.75,ok,,30.4,ue1_qfi2,1,70.0,70.0,30.303,ok,33.0,,pending,,pending,sensor_dense,2,1,16,PF,161576974,True
ue1_qfi9,2.25,33.5,42.5,47.0,ok,0.000925998776100678,ok,ue2_qfi82,0,0,4,1000.0,data,ok,2.0,False,,proxy,3,0,,ue1_qfi2,1.0,152,150.0,ok,,ue1_qfi2,36.374,ok,,3,ok,4,,ue1_qfi4,0.4,ok,0.9979572392485672,proxy,5,0.9941138389563421,21680132.8,ok,0.03515454545454545,ok,0.3894943181818182,0.0674359375,ok,ue1_qfi82,0.0,99,10.0,data,ok,0.0,ue1_qfi9,44.75,ok,,30.4,ue1_qfi2,1,69.75,69.75,30.303,ok,33.0,,pending,,pending,sensor_dense,2,1,16,Reservation,161576974,True
ue1_qfi9,2.0,29.75,35.75,39.75,ok,0.001065657069903181,ok,ue2_qfi82,0,0,4,1000.0,data,ok,2.0,False,,proxy,3,0,,ue1_qfi2,1.0,152,150.0,ok,,ue1_qfi2,30.478,ok,,3,ok,4,,ue1_qfi4,0.4,ok,0.9825725578418876,proxy,5,0.9210610098896621,21676684.8,ok,0.029597727272727272,ok,0.35781477272727275,0.058271875,ok,ue1_qfi82,0.0,99,10.0,data,ok,0.0,ue1_qfi9,37.75,ok,,30.4,ue1_qfi2,0,0.0,0.0,30.303,ok,33.0,,pending,,pending,sensor_dense,2,1,16,TwoTier,161576974,True
ue1_qfi9,2.25,31.75,40.25,46.25,ok,0.0009199999821647822,ok,ue2_qfi82,0,1,4,1000.2500000000003,data,ok,2.0,False,,proxy,3,0,,ue1_qfi2,1.0,152,150.0,ok,,ue1_qfi2,31.618,ok,,3,ok,4,,ue1_qfi4,0.4,ok,0.9976132822896201,proxy,5,0.9923087466063865,21511235.2,ok,0.029997727272727273,ok,0.34131022727272725,0.0589734375,ok,ue1_qfi82,0.0,99,10.0,data,ok,0.0,ue1_qfi9,44.0,ok,,30.4,ue1_qfi2,2,71.25,139.0,30.303,ok,33.0,,pending,,pending,sensor_dense,2,1,16,PF,35492826,True
ue1_qfi9,2.5,32.5,39.25,42.5,ok,0.0009182163921541991,ok,ue2_qfi82,0,1,4,1001.5,data,ok,2.0,False,,proxy,3,0,,ue1_qfi2,1.0,152,150.0,ok,,ue1_qfi2,31.532,ok,,3,ok,4,,ue1_qfi4,0.4,ok,0.9978092323621881,proxy,5,0.9938509870393886,21510667.2,ok,0.03553636363636364,ok,0.39558295454545456,0.068728125,ok,ue1_qfi82,0.0,99,10.0,data,ok,0.0,ue1_qfi9,40.0,ok,,30.4,ue1_qfi2,0,0.0,0.0,30.303,ok,33.0,,pending,,pending,sensor_dense,2,1,16,Reservation,35492826,True
ue1_qfi9,2.0,28.5,35.0,38.0,ok,0.0010093513102277935,ok,ue2_qfi82,0,0,4,1000.0,data,ok,2.0,False,,proxy,3,0,,ue3_qfi2,0.993421052631579,152,150.0,ok,,ue1_qfi2,29.032,ok,,3,ok,4,,ue1_qfi4,0.4,ok,0.9972655779982007,proxy,5,0.9936844989839823,21503566.4,ok,0.029852272727272727,ok,0.36436022727272727,0.058934375,ok,ue1_qfi82,0.0,99,10.0,data,ok,0.0,ue1_qfi9,36.0,ok,,30.2,ue3_qfi2,1,70.75,70.75,30.303,ok,33.0,,pending,,pending,sensor_dense,2,1,16,TwoTier,35492826,True
ue1_qfi9,2.0,30.5,38.5,43.75,ok,0.0009357377794375022,ok,ue2_qfi82,0,1,4,1001.5,data,ok,2.0,False,,proxy,3,0,,ue1_qfi2,1.0,152,150.0,ok,,ue1_qfi2,28.704,ok,,3,ok,4,,ue1_qfi4,0.4,ok,0.9975798014201092,proxy,5,0.9925335540468231,21634155.2,ok,0.029754545454545454,ok,0.32458977272727274,0.0541421875,ok,ue1_qfi82,0.0,99,10.0,data,ok,0.0,ue1_qfi9,41.75,ok,,30.4,ue1_qfi2,0,0.0,0.0,30.303,ok,33.0,,pending,,pending,sensor_dense,2,1,16,PF,376383645,True
ue1_qfi9,2.25,31.0,39.0,43.25,ok,0.0008770103942985235,ok,ue3_qfi82,0,1,4,1001.5,data,ok,2.0,False,,proxy,3,0,,ue1_qfi2,1.0,152,150.0,ok,,ue1_qfi2,31.437,ok,,3,ok,4,,ue1_qfi4,0.4,ok,0.9979894077773055,proxy,5,0.993647825776805,21635523.2,ok,0.03580909090909091,ok,0.37859431818181816,0.06138125,ok,ue1_qfi82,0.0,99,10.0,data,ok,0.0,ue1_qfi9,41.0,ok,,30.4,ue1_qfi2,0,0.0,0.0,30.303,ok,33.0,,pending,,pending,sensor_dense,2,1,16,Reservation,376383645,True
ue1_qfi9,2.0,27.75,34.75,38.75,ok,0.0009665151991534864,ok,ue2_qfi82,0,2,4,1001.5,data,ok,2.0,False,,proxy,3,0,,ue1_qfi2,1.0,152,150.0,ok,,ue1_qfi2,24.89,ok,,3,ok,4,,ue1_qfi4,0.4,ok,0.9883866595949609,proxy,5,0.9501648669909623,21632568.0,ok,0.029854545454545453,ok,0.34539545454545456,0.0539015625,ok,ue1_qfi82,0.0,99,10.0,data,ok,0.0,ue1_qfi9,36.75,ok,,30.4,ue1_qfi2,0,0.0,0.0,30.303,ok,33.0,,pending,,pending,sensor_dense,2,1,16,TwoTier,376383645,True
ue1_qfi9,2.0,30.75,39.5,45.25,ok,0.0009221040532287578,ok,ue2_qfi82,0,1,4,1003.0000000000001,data,ok,2.0,False,,proxy,3,0,,ue1_qfi2,1.0,152,150.0,ok,,ue1_qfi2,28.869,ok,,3,ok,4,,ue1_qfi4,0.4,ok,0.9975085422977241,proxy,5,0.9915770561937798,21623633.6,ok,0.029531818181818183,ok,0.31735227272727273,0.05126875,ok,ue1_qfi82,0.0,99,10.0,data,ok,0.0,ue1_qfi9,43.25,ok,,30.4,ue1_qfi2,0,0.0,0.0,30.303,ok,33.0,,pending,,pending,sensor_dense,2,1,16,PF,1746484539,True
ue1_qfi9,2.25,29.75,37.5,44.0,ok,0.0009796271856009002,ok,ue2_qfi82,0,1,4,1001.5,data,ok,2.0,False,,proxy,3,0,,ue3_qfi2,0.993421052631579,152,150.0,ok,,ue1_qfi2,29.002,ok,,3,ok,4,,ue1_qfi4,0.4,ok,0.9976821882510594,proxy,5,0.9928720024558745,21618278.4,ok,0.035102272727272725,ok,0.3725568181818182,0.0585578125,ok,ue1_qfi82,0.0,99,10.0,data,ok,0.0,ue1_qfi9,41.75,ok,,30.4,ue1_qfi2,0,0.0,0.0,30.303,ok,33.0,,pending,,pending,sensor_dense,2,1,16,Reservation,1746484539,True
ue1_qfi9,2.0,26.75,34.25,39.25,ok,0.0008092078683408443,ok,ue2_qfi82,0,1,4,1001.5,data,ok,2.0,False,,proxy,3,0,,ue2_qfi2,0.993421052631579,152,150.0,ok,,ue1_qfi2,26.084,ok,,3,ok,4,,ue1_qfi4,0.39973053333333336,ok,0.9976251974618989,proxy,5,0.9944742356180757,21613526.4,ok,0.02945,ok,0.3378715909090909,0.05115625,ok,ue1_qfi82,0.0,99,10.0,data,ok,0.0,ue1_qfi9,37.25,ok,,30.2,ue2_qfi2,1,71.25,71.25,30.303,ok,33.0,,pending,,pending,sensor_dense,2,1,16,TwoTier,1746484539,True
ue6_qfi1,8.25,23.0,85.5,85.5,ok,0.0011161473739969118,ok,ue6_qfi9,0,2,4,1028.7499999999998,data,ok,2.0,False,,proxy,3,0,,ue12_qfi2,0.9933774834437086,151,150.0,ok,,ue13_qfi2,57.842,ok,,13,ok,13,,ue7_qfi2,0.9688776,ok,0.9942783941860419,proxy,5,0.9936113927897031,56650513.6,ok,0.014497727272727273,ok,0.8365579545454546,0.0577875,ok,ue1_qfi82,0.0,99,10.0,data,ok,0.0,ue6_qfi1,77.25,ok,,30.4,ue1_qfi2,0,0.0,0.0,30.303,ok,33.0,,pending,,pending,drone_heavy,0,0,16,PF,1826701614,False
ue2_qfi9,20.25,54.25,59.0,62.5,ok,0.0017636301641475612,ok,ue10_qfi9,0,1,4,1024.7499999999995,data,ok,2.0,False,,proxy,3,0,,ue1_qfi2,0.993421052631579,152,150.0,ok,,ue2_qfi2,42.113,ok,,13,ok,13,,ue7_qfi2,0.9662028,ok,0.9643627859108161,proxy,5,0.9475207157807133,56609027.2,ok,0.015375,ok,0.868534090909091,0.156471875,ok,ue1_qfi82,0.0,99,10.0,data,ok,0.0,ue2_qfi9,42.25,ok,,30.2,ue1_qfi2,1,78.25,78.25,30.303,ok,33.0,,pending,,pending,drone_heavy,0,0,16,Reservation,1826701614,False
ue11_qfi1,18.25,84.0,94.0,94.0,ok,0.0008345238946092482,ok,ue14_qfi82,0,1,1,1800.5,data,ok,2.0,False,,proxy,3,0,,ue9_qfi2,0.9933774834437086,151,150.0,ok,,ue12_qfi2,48.008,ok,,13,ok,13,,ue4_qfi2,0.9647055999999999,ok,0.9767706826101206,proxy,5,0.962024043136429,56659449.6,ok,0.014877272727272727,ok,0.8681545454545454,0.0604078125,ok,ue1_qfi82,0.0,99,10.0,data,ok,0.0,ue8_qfi1,76.0,ok,,30.4,ue10_qfi2,2,68.75,135.0,30.303,ok,33.0,,pending,,pending,drone_heavy,0,0,16,TwoTier,1826701614,False
ue12_qfi2,26.297,33.532,54.269,57.55,ok,0.0011022958139530654,ok,ue8_qfi9,0,2,4,1038.75,data,ok,2.0,False,,proxy,3,0,,ue12_qfi2,0.9867549668874173,151,150.0,ok,,ue12_qfi2,58.527,ok,,13,ok,13,,ue6_qfi2,0.956532,ok,0.9945376646536823,proxy,5,0.9924987707289205,56237337.6,ok,0.014695454545454546,ok,0.8373943181818182,0.0583671875,ok,ue1_qfi82,0.0,99,10.0,data,ok,0.0,ue4_qfi1,46.5,ok,,29.8,ue12_qfi2,1,68.75,68.75,30.303,ok,33.0,,pending,,pending,drone_heavy,0,0,16,PF,1367864806,False
ue2_qfi9,21.75,55.5,64.5,71.5,ok,0.001723994847376603,ok,ue6_qfi9,0,1,4,1020.0,data,ok,2.0,False,,proxy,3,0,,ue8_qfi2,0.993421052631579,152,150.0,ok,,ue12_qfi2,40.683,ok,,13,ok,13,,ue6_qfi2,0.9568384,ok,0.9640230296864892,proxy,5,0.9487228647820755,56181214.4,ok,0.015702272727272728,ok,0.8688988636363636,0.159978125,ok,ue1_qfi82,0.0,99,10.0,data,ok,0.0,ue2_qfi9,49.75,ok,,30.4,ue1_qfi2,1,70.25,70.25,30.303,ok,33.0,,pending,,pending,drone_heavy,0,0,16,Reservation,1367864806,False
ue6_qfi1,19.75,48.25,79.0,79.0,ok,0.0008835466019447009,ok,ue14_qfi82,0,1,1,1901.0,data,ok,2.0,False,,proxy,3,0,,ue11_qfi2,0.9868421052631579,152,150.0,ok,,ue13_qfi2,42.974,ok,,13,ok,13,,ue6_qfi2,0.957544,ok,0.9731091537955934,proxy,5,0.9619416231456763,56231132.8,ok,0.014536363636363637,ok,0.8714625,0.0613796875,ok,ue1_qfi82,0.0,99,10.0,data,ok,0.0,ue5_qfi1,61.75,ok,,30.0,ue11_qfi2,2,69.5,138.0,30.303,ok,33.0,,pending,,pending,drone_heavy,0,0,16,TwoTier,1367864806,False
ue2_qfi9,9.5,67.25,114.5,137.25,ok,0.0011667637074336166,ok,ue2_qfi85,0,1,2,1671.5000000000002,data,ok,2.0,False,,proxy,3,0,,ue1_qfi2,0.993421052631579,152,150.0,ok,,ue13_qfi2,62.5,ok,,12,ok,13,,ue11_qfi2,0.9457536,ok,0.9933472898920879,proxy,5,0.9896256047742914,56210344.0,ok,0.014545454545454545,ok,0.86245,0.063971875,ok,ue1_qfi82,0.0,99,10.0,data,ok,0.0,ue2_qfi9,127.75,ok,,30.2,ue5_qfi2,1,67.5,67.5,30.303,ok,33.0,,pending,,pending,drone_heavy,0,0,16,PF,1097657231,False
ue11_qfi1,12.75,28.25,88.0,88.0,ok,0.0017881972893023321,ok,ue2_qfi85,0,1,2,1671.25,data,ok,2.0,False,,proxy,3,0,,ue11_qfi2,0.9868421052631579,152,150.0,ok,,ue13_qfi2,57.747,ok,,12,ok,13,,ue11_qfi2,0.9461304,ok,0.9594190330275871,proxy,5,0.9459202519695816,56161444.8,ok,0.015561363636363637,ok,0.8914647727272728,0.1760796875,ok,ue1_qfi82,0.0,99,10.0,data,ok,0.0,ue11_qfi1,75.25,ok,,30.0,ue11_qfi2,1,107.5,107.5,30.303,ok,33.0,,pending,,pending,drone_heavy,0,0,16,Reservation,1097657231,False
ue9_qfi1,17.0,84.0,92.0,92.0,ok,0.0009137913470605758,ok,ue2_qfi85,0,1,2,1671.25,data,ok,2.0,False,,proxy,3,0,,ue8_qfi2,0.993421052631579,152,150.0,ok,,ue13_qfi2,54.415,ok,,12,ok,13,,ue11_qfi2,0.9463888,ok,0.970712207538055,proxy,5,0.9553449222126034,56208820.8,ok,0.01555,ok,0.8954579545454545,0.06633125,ok,ue1_qfi82,0.0,99,10.0,data,ok,0.0,ue8_qfi9,79.75,ok,,30.4,ue3_qfi2,1,90.0,90.0,30.303,ok,33.0,,pending,,pending,drone_heavy,0,0,16,TwoTier,1097657231,False
ue1_qfi9,12.5,65.75,93.0,104.75,ok,0.001191703302587753,ok,ue1_qfi85,0,1,1,1491.25,data,ok,2.0,False,,proxy,3,0,,ue6_qfi2,0.993421052631579,152,150.0,ok,,ue13_qfi2,57.73,ok,,13,ok,13,,ue9_qfi2,0.9598932,ok,0.9932943437646495,proxy,5,0.9877608077414848,56375614.4,ok,0.014720454545454545,ok,0.8352079545454546,0.0569875,ok,ue1_qfi82,0.0,99,10.0,data,ok,0.0,ue1_qfi9,92.25,ok,,30.4,ue1_qfi2,0,0.0,0.0,30.303,ok,33.0,,pending,,pending,drone_heavy,0,0,16,PF,579362555,False
ue1_qfi9,22.25,56.25,64.0,71.0,ok,0.0017157278122201288,ok,ue15_qfi82,0,1,1,1803.25,data,ok,2.0,False,,proxy,3,0,,ue10_qfi2,0.993421052631579,152,150.0,ok,,ue13_qfi2,44.394,ok,,13,ok,13,,ue9_qfi2,0.958992,ok,0.963186205236035,proxy,5,0.9511158328832583,56313617.6,ok,0.014913636363636363,ok,0.8669727272727272,0.1537765625,ok,ue1_qfi82,0.0,98,10.0,data,ok,0.0,ue1_qfi9,48.75,ok,,30.2,ue10_qfi2,1,70.0,70.0,30.303,ok,33.0,,pending,,pending,drone_heavy,0,0,16,Reservation,579362555,False
ue9_qfi1,17.75,71.5,84.5,84.5,ok,0.0009292173070056042,ok,ue1_qfi85,0,1,1,1491.25,data,ok,2.0,False,,proxy,3,0,,ue3_qfi2,0.993421052631579,152,150.0,ok,,ue13_qfi2,50.381,ok,,13,ok,13,,ue9_qfi2,0.9569276,ok,0.9691409822799631,proxy,5,0.9589266836080191,56360857.6,ok,0.014597727272727273,ok,0.8680522727272727,0.0604734375,ok,ue1_qfi82,0.0,99,10.0,data,ok,0.0,ue9_qfi1,66.75,ok,,30.2,ue4_qfi2,1,69.75,69.75,30.303,ok,33.0,,pending,,pending,drone_heavy,0,0,16,TwoTier,579362555,False
ue12_qfi2,26.655,33.336,53.678,57.048,ok,0.001003392881071628,ok,ue3_qfi9,0,1,4,1015.4999999999999,data,ok,2.0,False,,proxy,3,0,,ue1_qfi2,0.993421052631579,152,150.0,ok,,ue12_qfi2,57.798,ok,,13,ok,13,,ue5_qfi2,0.956546,ok,0.9949813770600825,proxy,5,0.9935251001431217,56398216.0,ok,0.014113636363636363,ok,0.830675,0.0573453125,ok,ue1_qfi82,0.0,99,10.0,data,ok,0.0,ue1_qfi9,44.75,ok,,30.2,ue12_qfi2,1,67.75,67.75,30.303,ok,33.0,,pending,,pending,drone_heavy,0,0,16,PF,661058651,False
ue5_qfi1,15.25,23.25,90.5,90.5,ok,0.0016700884733592456,ok,ue14_qfi82,0,1,1,1309.0000000000002,data,ok,2.0,False,,proxy,3,0,,ue3_qfi2,0.993421052631579,152,150.0,ok,,ue12_qfi2,41.336,ok,,13,ok,13,,ue5_qfi2,0.9556048,ok,0.9713694971288447,proxy,5,0.9487319702798329,56350820.8,ok,0.01555909090909091,ok,0.8660659090909091,0.152315625,ok,ue1_qfi82,0.0,99,10.0,data,ok,0.0,ue5_qfi1,75.25,ok,,30.4,ue2_qfi2,2,71.25,140.5,30.303,ok,33.0,,pending,,pending,drone_heavy,0,0,16,Reservation,661058651,False
ue4_qfi1,16.75,56.0,79.0,79.0,ok,0.0008019237323265173,ok,ue6_qfi9,0,1,4,1025.0,data,ok,2.0,False,,proxy,3,0,,ue5_qfi2,0.993421052631579,152,150.0,ok,,ue12_qfi2,46.604,ok,,13,ok,13,,ue5_qfi2,0.95353,ok,0.9756824070635981,proxy,5,0.9607093054486346,56385212.8,ok,0.014604545454545455,ok,0.8614534090909091,0.060165625,ok,ue1_qfi82,0.0,99,10.0,data,ok,0.0,ue8_qfi1,62.5,ok,,30.2,ue5_qfi2,1,89.0,89.0,30.303,ok,33.0,,pending,,pending,drone_heavy,0,0,16,TwoTier,661058651,False
ue12_qfi2,27.86,54.922,60.303,61.96,ok,0.001091231513769108,ok,ue8_qfi9,0,1,4,1022.4999999999995,data,ok,2.0,False,,proxy,3,0,,ue1_qfi2,1.0,152,150.0,ok,,ue12_qfi2,62.454,ok,,13,ok,13,,ue11_qfi2,0.957582,ok,0.9946384085726564,proxy,5,0.9939982637688215,56299660.8,ok,0.014515909090909091,ok,0.8585886363636364,0.0626953125,ok,ue1_qfi82,0.0,99,10.0,data,ok,0.0,ue7_qfi1,42.5,ok,,30.4,ue1_qfi2,0,0.0,0.0,30.303,ok,33.0,,pending,,pending,drone_heavy,0,0,16,PF,87989972,False
ue2_qfi9,23.25,55.5,62.0,66.5,ok,0.0017709686539172976,ok,ue15_qfi82,0,1,1,1305.4999999999995,data,ok,2.0,False,,proxy,3,0,,ue1_qfi2,1.0,152,150.0,ok,,ue12_qfi2,57.204,ok,,13,ok,13,,ue11_qfi2,0.9559295999999999,ok,0.9650455664179368,proxy,5,0.9518190520665804,56247553.6,ok,0.015270454545454545,ok,0.88615,0.171890625,ok,ue1_qfi82,0.0,99,10.0,data,ok,0.0,ue11_qfi1,50.25,ok,,30.4,ue6_qfi2,1,82.75,82.75,30.303,ok,33.0,,pending,,pending,drone_heavy,0,0,16,Reservation,87989972,False
ue6_qfi1,19.0,56.75,86.5,86.5,ok,0.0008203917828618615,ok,ue11_qfi9,0,1,4,1053.7499999999995,data,ok,2.0,False,,proxy,3,0,,ue1_qfi2,1.0,152,150.0,ok,,ue12_qfi2,53.42,ok,,13,ok,13,,ue9_qfi2,0.9551796,ok,0.9730461527924519,proxy,5,0.9603206864221868,56305188.8,ok,0.01491590909090909,ok,0.8905238636363636,0.0648921875,ok,ue1_qfi82,0.0,99,10.0,data,ok,0.0,ue6_qfi1,67.5,ok,,30.4,ue5_qfi2,2,75.25,141.75,30.303,ok,33.0,,pending,,pending,drone_heavy,0,0,16,TwoTier,87989972,False
ue5_qfi1,13.25,30.5,83.0,83.0,ok,0.0010338400490485314,ok,ue11_qfi9,0,2,4,1021.4999999999997,data,ok,2.0,False,,proxy,3,0,,ue1_qfi2,1.0,152,150.0,ok,,ue12_qfi2,60.708,ok,,13,ok,13,,ue11_qfi2,0.9691664,ok,0.9951037790741253,proxy,5,0.9937757800968807,56540116.8,ok,0.014352272727272727,ok,0.8573829545454545,0.0611765625,ok,ue1_qfi82,0.0,99,10.0,data,ok,0.0,ue5_qfi1,69.75,ok,,30.4,ue1_qfi2,0,0.0,0.0,30.303,ok,33.0,,pending,,pending,drone_heavy,0,0,16,PF,161576974,False
ue9_qfi1,13.5,23.25,85.25,85.25,ok,0.001706278463310304,ok,ue5_qfi9,0,2,4,1024.75,data,ok,2.0,False,,proxy,3,0,,ue2_qfi2,0.993421052631579,152,150.0,ok,,ue12_qfi2,56.5,ok,,13,ok,13,,ue11_qfi2,0.9674404,ok,0.9633678574980873,proxy,5,0.9484050484384019,56476651.2,ok,0.015406818181818181,ok,0.8851988636363637,0.17195,ok,ue1_qfi82,0.0,99,10.0,data,ok,0.0,ue9_qfi1,71.75,ok,,30.4,ue1_qfi2,1,68.75,68.75,30.303,ok,33.0,,pending,,pending,drone_heavy,0,0,16,Reservation,161576974,False
ue7_qfi1,20.25,81.5,84.0,84.0,ok,0.0008573302442716878,ok,ue7_qfi9,0,2,4,1056.7500000000005,data,ok,2.0,False,,proxy,3,0,,ue3_qfi2,0.993421052631579,152,150.0,ok,,ue12_qfi2,48.184,ok,,13,ok,13,,ue11_qfi2,0.96611,ok,0.9719037702259079,proxy,5,0.9604827106747409,56542656.0,ok,0.014979545454545454,ok,0.8886227272727273,0.0626734375,ok,ue1_qfi82,0.0,99,10.0,data,ok,0.0,ue6_qfi1,63.75,ok,,30.4,ue4_qfi2,2,74.5,141.5,30.303,ok,33.0,,pending,,pending,drone_heavy,0,0,16,TwoTier,161576974,False
ue9_qfi1,8.5,55.5,84.75,84.75,ok,0.001194059710300598,ok,ue11_qfi9,0,1,4,1015.0000000000001,data,ok,2.0,False,,proxy,3,0,,ue9_qfi2,0.993421052631579,152,150.0,ok,,ue13_qfi2,59.989,ok,,13,ok,13,,ue9_qfi2,0.9604792,ok,0.9935251017652904,proxy,5,0.9909556789670224,56364606.4,ok,0.015109090909090909,ok,0.8472727272727273,0.0607203125,ok,ue1_qfi82,0.0,99,10.0,data,ok,0.0,ue9_qfi1,76.25,ok,,30.4,ue1_qfi2,0,0.0,0.0,30.303,ok,33.0,,pending,,pending,drone_heavy,0,0,16,PF,35492826,False
ue2_qfi9,22.5,55.75,67.0,81.0,ok,0.0017164123413887817,ok,ue15_qfi82,0,1,1,1309.0000000000002,data,ok,2.0,False,,proxy,3,0,,ue1_qfi2,0.993421052631579,152,150.0,ok,,ue13_qfi2,53.277,ok,,13,ok,13,,ue9_qfi2,0.9623728,ok,0.9700675015127598,proxy,5,0.9524594629027272,56314315.2,ok,0.015465909090909091,ok,0.8786761363636364,0.1680359375,ok,ue1_qfi82,0.0,99,10.0,data,ok,0.0,ue2_qfi9,58.5,ok,,30.2,ue1_qfi2,2,70.25,136.5,30.303,ok,33.0,,pending,,pending,drone_heavy,0,0,16,Reservation,35492826,False
ue9_qfi1,18.25,71.5,91.5,91.5,ok,0.0008462584436459742,ok,ue14_qfi82,0,1,1,1801.25,data,ok,2.0,False,,proxy,3,0,,ue6_qfi2,0.993421052631579,152,150.0,ok,,ue12_qfi2,49.083,ok,,13,ok,13,,ue9_qfi2,0.961442,ok,0.9768277146829734,proxy,5,0.9613942740258935,56346571.2,ok,0.014313636363636363,ok,0.8790045454545454,0.0638828125,ok,ue1_qfi82,0.0,99,10.0,data,ok,0.0,ue9_qfi1,73.25,ok,,30.2,ue6_qfi2,2,70.75,141.0,30.303,ok,33.0,,pending,,pending,drone_heavy,0,0,16,TwoTier,35492826,False
ue3_qfi1,10.5,28.5,88.0,88.0,ok,0.001003551714731995,ok,ue6_qfi9,0,2,4,1024.5000000000002,data,ok,2.0,False,,proxy,3,0,,ue7_qfi2,0.993421052631579,152,150.0,ok,,ue13_qfi2,61.675,ok,,13,ok,13,,ue5_qfi2,0.960864,ok,0.9954595423309192,proxy,5,0.9947831635180412,56313417.6,ok,0.014597727272727273,ok,0.8600034090909091,0.0639625,ok,ue1_qfi82,0.0,99,10.0,data,ok,0.0,ue3_qfi1,77.5,ok,,30.4,ue1_qfi2,0,0.0,0.0,30.303,ok,33.0,,pending,,pending,drone_heavy,0,0,16,PF,376383645,False
ue2_qfi9,27.5,77.5,89.75,100.75,ok,0.0018055848966965057,ok,ue6_qfi9,0,2,4,1024.2499999999998,data,ok,2.0,False,,proxy,3,0,,ue1_qfi2,0.9933774834437086,151,150.0,ok,,ue13_qfi2,52.528,ok,,13,ok,13,,ue9_qfi2,0.9597924,ok,0.9626534217939137,proxy,5,0.9481360644244845,56262699.2,ok,0.015520454545454546,ok,0.8878806818181818,0.172334375,ok,ue1_qfi82,0.0,99,10.0,data,ok,0.0,ue3_qfi1,75.25,ok,,30.2,ue13_qfi2,1,83.75,83.75,30.303,ok,33.0,,pending,,pending,drone_heavy,0,0,16,Reservation,376383645,False
ue9_qfi9,24.0,99.75,99.75,99.75,ok,0.0009281313434005076,ok,ue15_qfi82,1,1,1,2399.5,data,ok,2.0,False,,proxy,3,0,,ue1_qfi2,1.0,152,150.0,ok,,ue13_qfi2,50.899,ok,,13,ok,13,,ue5_qfi2,0.9597171999999999,ok,0.9657882493645147,proxy,5,0.95397433697079,56318537.6,ok,0.014925,ok,0.8901181818181818,0.063834375,ok,ue1_qfi82,0.0,99,10.0,data,ok,0.0,ue7_qfi1,79.75,ok,,30.4,ue11_qfi2,2,103.5,179.25,30.303,ok,33.0,,pending,,pending,drone_heavy,0,0,16,TwoTier,376383645,False
ue12_qfi2,26.817,33.873,54.193,56.831,ok,0.0010757724129471851,ok,ue9_qfi9,0,1,4,1020.2499999999999,data,ok,2.0,False,,proxy,3,0,,ue1_qfi2,1.0,152,150.0,ok,,ue12_qfi2,58.679,ok,,13,ok,13,,ue2_qfi2,0.95987,ok,0.9944482661437218,proxy,5,0.9933036505352506,56435086.4,ok,0.014547727272727273,ok,0.842640909090909,0.0597671875,ok,ue1_qfi82,0.0,99,10.0,data,ok,0.0,ue11_qfi1,45.5,ok,,30.4,ue1_qfi2,0,0.0,0.0,30.303,ok,33.0,,pending,,pending,drone_heavy,0,0,16,PF,1746484539,False
ue1_qfi9,22.0,54.5,62.25,71.0,ok,0.0016454759060353186,ok,ue14_qfi82,0,1,1,1309.0000000000002,data,ok,2.0,False,,proxy,3,0,,ue7_qfi2,0.993421052631579,152,150.0,ok,,ue13_qfi2,45.555,ok,,13,ok,13,,ue2_qfi2,0.9557732,ok,0.9717122536412072,proxy,5,0.9516644771261739,56376857.6,ok,0.015379545454545455,ok,0.8742886363636364,0.1606875,ok,ue1_qfi82,0.0,99,10.0,data,ok,0.0,ue1_qfi9,49.0,ok,,30.4,ue1_qfi2,0,0.0,0.0,30.303,ok,33.0,,pending,,pending,drone_heavy,0,0,16,Reservation,1746484539,False
ue9_qfi1,18.25,53.0,81.5,81.5,ok,0.0008202744753262321,ok,ue14_qfi82,0,1,1,1896.2500000000002,data,ok,2.0,False,,proxy,3,0,,ue1_qfi2,1.0,152,150.0,ok,,ue13_qfi2,43.59,ok,,13,ok,13,,ue2_qfi2,0.9629152,ok,0.9755827302880877,proxy,5,0.9623461297544362,56450939.2,ok,0.015075,ok,0.8730511363636364,0.062521875,ok,ue1_qfi82,0.0,99,10.0,data,ok,0.0,ue9_qfi1,63.25,ok,,30.4,ue5_qfi2,1,68.25,68.25,30.303,ok,33.0,,pending,,pending,drone_heavy,0,0,16,TwoTier,1746484539,False
ue1_qfi4,173.25,296.75,296.75,296.75,ok,0.0364093449198438,ok,ue1_qfi83,1,1,1,2281.25,data,ok,2.0,False,,proxy,3,0,,ue1_qfi2,0.5855263157894737,152,150.0,ok,,ue1_qfi2,63.722,ok,,12,ok,14,,ue1_qfi4,0.3703721333333333,ok,0.9768917217228094,proxy,5,0.9436218600252386,59293032.0,ok,0.014763636363636364,ok,0.8729318181818182,0.0575859375,ok,ue1_qfi82,0.0,99,10.0,data,ok,0.0,ue1_qfi9,260.0,ok,,17.8,ue1_qfi2,1,2221.75,2221.75,30.303,ok,33.0,,pending,,pending,drone_heavy,1,1,16,PF,1826701614,True
ue1_qfi4,194.5,285.75,285.75,285.75,ok,0.030367952136307472,ok,ue1_qfi83,1,1,1,2307.0000000000005,data,ok,2.0,False,,proxy,3,0,,ue1_qfi2,0.5921052631578947,152,150.0,ok,,ue1_qfi2,79.575,ok,,12,ok,14,,ue1_qfi4,0.4,ok,0.939453930927536,proxy,5,0.9189155156958907,59642187.2,ok,0.015479545454545454,ok,0.8943159090909091,0.1604828125,ok,ue1_qfi82,0.0,99,10.0,data,ok,0.0,ue1_qfi9,250.5,ok,,18.0,ue1_qfi2,3,2079.75,2256.75,30.303,ok,33.0,,pending,,pending,drone_heavy,1,1,16,Reservation,1826701614,True
ue1_qfi9,13.0,257.0,282.5,291.75,ok,0.009479076669691696,ok,ue3_qfi9,1,1,2,3071.5000000000005,data,ok,2.0,False,,proxy,3,0,,ue8_qfi2,0.9144736842105263,152,150.0,ok,,ue8_qfi2,141.639,ok,,11,ok,14,,ue1_qfi4,0.4,ok,0.8358912453009312,proxy,5,0.6382685703840256,60935772.8,ok,0.014740909090909091,ok,0.8957534090909091,0.0517875,ok,ue1_qfi82,0.0,99,10.0,data,ok,0.0,ue2_qfi9,279.0,ok,,30.4,ue1_qfi2,16,105.5,1388.0,30.303,ok,33.0,,pending,,pending,drone_heavy,1,1,16,TwoTier,1826701614,True
ue1_qfi9,8.25,174.5,239.25,269.75,ok,0.029937192655779998,ok,ue1_qfi83,1,1,1,2245.5,data,ok,2.0,False,,proxy,3,0,,ue1_qfi2,0.5986842105263158,152,150.0,ok,,ue1_qfi2,60.416,ok,,12,ok,14,,ue1_qfi4,0.4,ok,0.9777636438485426,proxy,5,0.9421985866887379,59286769.6,ok,0.014390909090909091,ok,0.875821590909091,0.0584859375,ok,ue1_qfi82,0.0,99,10.0,data,ok,0.0,ue1_qfi9,261.5,ok,,18.2,ue1_qfi2,2,2076.25,2183.75,30.303,ok,33.0,,pending,,pending,drone_heavy,1,1,16,PF,1367864806,True
ue1_qfi9,25.25,155.5,237.5,268.75,ok,0.025688427296051395,ok,ue1_qfi83,1,1,1,2079.7499999999995,data,ok,2.0,False,,proxy,3,0,,ue1_qfi2,0.6447368421052632,152,150.0,ok,,ue1_qfi2,94.174,ok,,12,ok,14,,ue1_qfi4,0.39996160000000003,ok,0.9362544187103777,proxy,5,0.8958951098568739,59538689.6,ok,0.015802272727272727,ok,0.8990863636363636,0.162659375,ok,ue1_qfi82,0.0,99,10.0,data,ok,0.0,ue1_qfi9,243.5,ok,,19.6,ue1_qfi2,4,1612.5,2038.25,30.303,ok,33.0,,pending,,pending,drone_heavy,1,1,16,Reservation,1367864806,True
ue6_qfi9,23.0,296.5,296.5,296.5,ok,0.02824280297621249,ok,ue10_qfi9,1,2,2,3007.25,data,ok,2.0,False,,proxy,3,0,,ue9_qfi2,0.7960526315789473,152,150.0,ok,,ue10_qfi2,92.519,ok,,10,ok,14,,ue1_qfi4,0.4,ok,0.9075423968753388,proxy,5,0.7971789924931326,59365153.6,ok,0.014506818181818181,ok,0.8979636363636364,0.0561171875,ok,ue1_qfi82,0.0,99,10.0,data,ok,0.0,ue6_qfi9,273.5,ok,,29.2,ue10_qfi2,5,233.25,588.0,30.303,ok,33.0,,pending,,pending,drone_heavy,1,1,16,TwoTier,1367864806,True
ue1_qfi4,270.5,298.5,298.5,298.5,ok,0.043134268888321003,ok,ue1_qfi83,1,1,1,2343.75,data,ok,2.0,False,,proxy,3,0,,ue1_qfi2,0.5789473684210527,152,150.0,ok,,ue13_qfi2,62.72,ok,,11,ok,14,,ue1_qfi4,0.3414913333333333,ok,0.9747186098872836,proxy,5,0.9459571537885884,58454288.0,ok,0.014936363636363637,ok,0.894775,0.063415625,ok,ue1_qfi82,0.0,99,10.0,data,ok,0.0,ue1_qfi9,254.75,ok,,17.6,ue1_qfi2,1,2244.75,2244.75,30.303,ok,33.0,,pending,,pending,drone_heavy,1,1,16,PF,1097657231,True
ue1_qfi9,32.0,156.75,241.0,271.0,ok,0.03705358139482235,ok,ue1_qfi83,1,1,1,2200.0,data,ok,2.0,False,,proxy,3,0,,ue1_qfi2,0.5921052631578947,152,150.0,ok,,ue13_qfi2,91.25,ok,,10,ok,14,,ue1_qfi4,0.4,ok,0.9267718546097641,proxy,5,0.8860193940935872,58802504.0,ok,0.015697727272727273,ok,0.9122522727272727,0.1795921875,ok,ue1_qfi82,0.0,99,10.0,data,ok,0.0,ue1_qfi9,239.0,ok,,30.4,ue2_qfi2,5,90.75,425.5,30.303,ok,33.0,,pending,,pending,drone_heavy,1,1,16,Reservation,1097657231,True
ue2_qfi9,14.25,214.25,255.0,271.25,ok,0.030694557980180746,ok,ue11_qfi9,1,2,2,3004.7500000000005,data,ok,2.0,False,,proxy,3,0,,ue4_qfi2,0.5695364238410596,151,150.0,ok,,ue10_qfi2,108.422,ok,,11,ok,14,,ue1_qfi4,0.4,ok,0.8475755654261835,proxy,5,0.6340937402499213,59224524.800000004,ok,0.015031818181818183,ok,0.9114988636363637,0.0588046875,ok,ue1_qfi82,0.0,99,10.0,data,ok,0.0,ue2_qfi9,257.0,ok,,30.4,ue1_qfi2,14,132.75,1180.5,30.303,ok,33.0,,pending,,pending,drone_heavy,1,1,16,TwoTier,1097657231,True
ue1_qfi4,262.75,275.5,275.5,275.5,ok,0.03763075720184847,ok,ue1_qfi83,1,1,1,2247.0,data,ok,2.0,False,,proxy,3,0,,ue1_qfi2,0.5855263157894737,152,150.0,ok,,ue13_qfi2,58.095,ok,,12,ok,14,,ue1_qfi4,0.364812,ok,0.9763671139959769,proxy,5,0.9439239437155906,58932347.2,ok,0.014743181818181818,ok,0.8731988636363637,0.05785,ok,ue1_qfi82,0.0,99,10.0,data,ok,0.0,ue1_qfi9,256.75,ok,,17.8,ue1_qfi2,1,2210.5,2210.5,30.303,ok,33.0,,pending,,pending,drone_heavy,1,1,16,PF,579362555,True
ue1_qfi4,223.25,274.75,274.75,274.75,ok,0.032421458545694226,ok,ue15_qfi82,1,1,1,2404.75,data,ok,2.0,False,,proxy,3,0,,ue1_qfi2,0.6052631578947368,152,150.0,ok,,ue1_qfi2,67.75,ok,,12,ok,14,,ue1_qfi4,0.38488120000000003,ok,0.9432668283911022,proxy,5,0.9209966511167621,59225110.4,ok,0.015136363636363637,ok,0.8962170454545455,0.1598296875,ok,ue1_qfi82,0.0,98,10.0,data,ok,0.0,ue1_qfi9,251.5,ok,,18.4,ue1_qfi2,3,1749.0,2209.5,30.303,ok,33.0,,pending,,pending,drone_heavy,1,1,16,Reservation,579362555,True
ue2_qfi9,10.0,220.75,256.25,271.5,ok,0.015609538420234603,ok,ue10_qfi9,1,1,2,3039.7499999999995,data,ok,2.0,False,,proxy,3,0,,ue1_qfi2,0.9144736842105263,152,150.0,ok,,ue9_qfi2,132.773,ok,,10,ok,14,,ue1_qfi4,0.4,ok,0.8298781020476074,proxy,5,0.5912160396126591,60250153.6,ok,0.0142,ok,0.8964829545454546,0.053378125,ok,ue1_qfi82,0.0,99,10.0,data,ok,0.0,ue2_qfi9,261.5,ok,,27.8,ue1_qfi2,15,502.25,1745.5,30.303,ok,33.0,,pending,,pending,drone_heavy,1,1,16,TwoTier,579362555,True
ue1_qfi4,175.5,295.75,295.75,295.75,ok,0.033364276784665844,ok,ue1_qfi83,1,1,1,2279.75,data,ok,2.0,False,,proxy,3,0,,ue1_qfi2,0.5723684210526315,152,150.0,ok,,ue12_qfi2,57.378,ok,,12,ok,14,,ue1_qfi4,0.39044520000000005,ok,0.9776029819914618,proxy,5,0.9460622123744167,59204555.2,ok,0.014322727272727273,ok,0.8692784090909091,0.057546875,ok,ue1_qfi82,0.0,99,10.0,data,ok,0.0,ue1_qfi9,254.0,ok,,17.4,ue1_qfi2,1,2248.75,2248.75,30.303,ok,33.0,,pending,,pending,drone_heavy,1,1,16,PF,661058651,True
ue1_qfi9,26.0,155.75,239.0,269.75,ok,0.029690143750804417,ok,ue1_qfi83,1,1,1,2140.75,data,ok,2.0,False,,proxy,3,0,,ue1_qfi2,0.618421052631579,152,150.0,ok,,ue12_qfi2,91.86,ok,,11,ok,14,,ue1_qfi4,0.39997560000000004,ok,0.9465280170875408,proxy,5,0.9316957318812372,59419857.6,ok,0.015663636363636362,ok,0.8921977272727273,0.1576546875,ok,ue1_qfi82,0.0,99,10.0,data,ok,0.0,ue1_qfi9,243.75,ok,,30.4,ue2_qfi2,4,147.5,422.5,30.303,ok,33.0,,pending,,pending,drone_heavy,1,1,16,Reservation,661058651,True
ue1_qfi9,14.25,242.75,275.0,286.5,ok,0.008931974154449893,ok,ue3_qfi9,1,1,2,3018.0000000000005,data,ok,2.0,False,,proxy,3,0,,ue4_qfi2,0.9276315789473685,152,150.0,ok,,ue10_qfi2,129.859,ok,,12,ok,14,,ue1_qfi4,0.4,ok,0.8547876393571974,proxy,5,0.6631552559670336,60697827.2,ok,0.014745454545454546,ok,0.8929090909090909,0.0527125,ok,ue1_qfi82,0.0,99,10.0,data,ok,0.0,ue1_qfi9,272.25,ok,,30.4,ue1_qfi2,16,97.0,1287.75,30.303,ok,33.0,,pending,,pending,drone_heavy,1,1,16,TwoTier,661058651,True
ue1_qfi4,235.5,298.5,298.5,298.5,ok,0.04373545011533153,ok,ue1_qfi83,1,1,1,2346.5,data,ok,2.0,False,,proxy,3,0,,ue1_qfi2,0.5855263157894737,152,150.0,ok,,ue12_qfi2,66.5,ok,,12,ok,14,,ue1_qfi4,0.33660386666666664,ok,0.9769445919286734,proxy,5,0.9448343002740412,58480620.8,ok,0.01459090909090909,ok,0.8886693181818182,0.0623703125,ok,ue1_qfi82,0.0,99,10.0,data,ok,0.0,ue1_qfi9,264.75,ok,,17.8,ue1_qfi2,1,2231.0,2231.0,30.303,ok,33.0,,pending,,pending,drone_heavy,1,1,16,PF,87989972,True
ue1_qfi9,22.25,220.5,254.0,270.0,ok,0.03596209273400986,ok,ue15_qfi82,1,1,1,2502.0,data,ok,2.0,False,,proxy,3,0,,ue1_qfi2,0.625,152,150.0,ok,,ue12_qfi2,121.0,ok,,11,ok,14,,ue1_qfi4,0.4,ok,0.928346638970085,proxy,5,0.8737080470676752,58955478.4,ok,0.014875,ok,0.9076443181818182,0.1759640625,ok,ue1_qfi82,0.0,99,10.0,data,ok,0.0,ue1_qfi9,247.75,ok,,30.4,ue2_qfi2,9,99.5,717.25,30.303,ok,33.0,,pending,,pending,drone_heavy,1,1,16,Reservation,87989972,True
ue2_qfi9,12.0,152.5,194.0,213.0,ok,0.029816770776152392,ok,ue5_qfi9,1,2,2,3064.5000000000005,data,ok,2.0,False,,proxy,3,0,,ue10_qfi2,0.5723684210526315,152,150.0,ok,,ue3_qfi2,88.797,ok,,12,ok,14,,ue1_qfi4,0.4,ok,0.8668951516966278,proxy,5,0.6569256367349134,59330891.2,ok,0.015152272727272728,ok,0.9061170454545454,0.057,ok,ue1_qfi82,0.0,99,10.0,data,ok,0.0,ue2_qfi9,201.0,ok,,30.4,ue2_qfi2,11,85.0,838.0,30.303,ok,33.0,,pending,,pending,drone_heavy,1,1,16,TwoTier,87989972,True
ue1_qfi4,271.0,296.0,296.0,296.0,ok,0.033881700721189865,ok,ue1_qfi83,1,1,1,2281.25,data,ok,2.0,False,,proxy,3,0,,ue1_qfi2,0.5855263157894737,152,150.0,ok,,ue12_qfi2,61.424,ok,,12,ok,14,,ue1_qfi4,0.3858493333333333,ok,0.9765896436436237,proxy,5,0.9449784225990785,59320358.4,ok,0.015047727272727273,ok,0.8930284090909091,0.0607375,ok,ue1_qfi82,0.0,99,10.0,data,ok,0.0,ue1_qfi9,258.75,ok,,17.8,ue1_qfi2,1,2223.5,2223.5,30.303,ok,33.0,,pending,,pending,drone_heavy,1,1,16,PF,161576974,True
ue2_qfi9,47.5,244.0,277.5,289.25,ok,0.02811392782786455,ok,ue16_qfi83,1,1,1,2280.0000000000005,data,ok,2.0,False,,proxy,3,0,,ue1_qfi2,0.6513157894736842,152,150.0,ok,,ue1_qfi2,101.75,ok,,12,ok,14,,ue1_qfi4,0.39985160000000003,ok,0.9368401165746487,proxy,5,0.9117063842585184,59652942.4,ok,0.015427272727272727,ok,0.9094034090909091,0.1742078125,ok,ue1_qfi82,0.0,99,10.0,data,ok,0.0,ue1_qfi9,254.25,ok,,30.2,ue2_qfi2,6,145.5,588.25,30.303,ok,33.0,,pending,,pending,drone_heavy,1,1,16,Reservation,161576974,True
ue6_qfi9,49.25,197.75,197.75,197.75,ok,0.02329068670701551,ok,ue8_qfi9,1,1,2,3050.5000000000005,data,ok,2.0,False,,proxy,3,0,,ue7_qfi2,0.6842105263157895,152,150.0,ok,,ue7_qfi2,95.219,ok,,12,ok,14,,ue1_qfi4,0.4,ok,0.8761527632953403,proxy,5,0.6492801483257793,59958608.0,ok,0.014504545454545454,ok,0.9115227272727273,0.0558828125,ok,ue1_qfi82,0.0,99,10.0,data,ok,0.0,ue11_qfi9,175.0,ok,,30.4,ue1_qfi2,8,83.0,585.0,30.303,ok,33.0,,pending,,pending,drone_heavy,1,1,16,TwoTier,161576974,True
ue1_qfi4,267.25,299.75,299.75,299.75,ok,0.040384012751269065,ok,ue1_qfi83,1,1,1,2347.0,data,ok,2.0,False,,proxy,3,0,,ue1_qfi2,0.5789473684210527,152,150.0,ok,,ue1_qfi2,86.586,ok,,12,ok,14,,ue1_qfi4,0.3564233333333333,ok,0.9759643022146534,proxy,5,0.9435733959554281,58721835.2,ok,0.015161363636363636,ok,0.8780329545454545,0.0604734375,ok,ue1_qfi82,0.0,99,10.0,data,ok,0.0,ue1_qfi9,259.0,ok,,17.6,ue1_qfi2,1,2247.25,2247.25,30.303,ok,33.0,,pending,,pending,drone_heavy,1,1,16,PF,35492826,True
ue1_qfi9,23.75,211.0,259.25,270.5,ok,0.034318171534316017,ok,ue1_qfi83,1,1,1,2181.5,data,ok,2.0,False,,proxy,3,0,,ue1_qfi2,0.618421052631579,152,150.0,ok,,ue1_qfi2,121.513,ok,,11,ok,14,,ue1_qfi4,0.39996160000000003,ok,0.9369690273475,proxy,5,0.9117145698268426,59108550.4,ok,0.015688636363636363,ok,0.9006795454545454,0.1676125,ok,ue1_qfi82,0.0,99,10.0,data,ok,0.0,ue1_qfi9,246.75,ok,,30.4,ue2_qfi2,7,135.0,648.25,30.303,ok,33.0,,pending,,pending,drone_heavy,1,1,16,Reservation,35492826,True
ue2_qfi9,12.5,238.5,272.5,285.0,ok,0.01874044985662322,ok,ue10_qfi9,1,1,2,3008.4999999999995,data,ok,2.0,False,,proxy,3,0,,ue10_qfi2,0.881578947368421,152,150.0,ok,,ue8_qfi2,128.005,ok,,11,ok,14,,ue1_qfi4,0.4,ok,0.8759341242783251,proxy,5,0.7149871657754284,60078436.8,ok,0.014679545454545454,ok,0.9026363636363637,0.055428125,ok,ue1_qfi82,0.0,99,10.0,data,ok,0.0,ue2_qfi9,272.5,ok,,30.2,ue1_qfi2,14,101.25,1134.5,30.303,ok,33.0,,pending,,pending,drone_heavy,1,1,16,TwoTier,35492826,True
ue1_qfi4,212.0,277.75,277.75,277.75,ok,0.05070847383543814,ok,ue1_qfi83,1,1,1,2281.25,data,ok,2.0,False,,proxy,3,0,,ue1_qfi2,0.5789473684210527,152,150.0,ok,,ue13_qfi2,88.463,ok,,12,ok,14,,ue1_qfi4,0.2986828,ok,0.9773252643979393,proxy,5,0.9434342312855781,58064516.8,ok,0.015138636363636363,ok,0.8825,0.062759375,ok,ue1_qfi82,0.0,99,10.0,data,ok,0.0,ue1_qfi9,262.75,ok,,17.6,ue1_qfi2,1,2259.5,2259.5,30.303,ok,33.0,,pending,,pending,drone_heavy,1,1,16,PF,376383645,True
ue1_qfi4,222.25,291.75,291.75,291.75,ok,0.04560395553905955,ok,ue1_qfi9,1,1,1,2245.0,data,ok,2.0,False,,proxy,3,0,,ue1_qfi2,0.5855263157894737,152,150.0,ok,,ue13_qfi2,111.304,ok,,10,ok,14,,ue1_qfi4,0.39981853333333334,ok,0.9304536334769574,proxy,5,0.9034361740392081,58377374.4,ok,0.015204545454545455,ok,0.9012363636363636,0.1736890625,ok,ue1_qfi82,0.0,99,10.0,data,ok,0.0,ue1_qfi9,244.25,ok,,29.6,ue2_qfi2,7,212.5,807.5,30.303,ok,33.0,,pending,,pending,drone_heavy,1,1,16,Reservation,376383645,True
ue9_qfi2,15.65,61.403,102.198,125.122,ok,0.05758031909520199,ok,ue6_qfi9,1,1,2,3070.0000000000005,data,ok,2.0,False,,proxy,3,0,,ue9_qfi2,0.5592105263157895,152,150.0,ok,,ue6_qfi2,98.57,ok,,11,ok,14,,ue1_qfi4,0.4,ok,0.8495054473774137,proxy,5,0.6580881235138765,57586689.6,ok,0.014593181818181818,ok,0.8944579545454545,0.05728125,ok,ue1_qfi82,0.0,99,10.0,data,ok,0.0,ue9_qfi2,109.472,ok,,30.4,ue2_qfi2,8,86.25,568.0,30.303,ok,33.0,,pending,,pending,drone_heavy,1,1,16,TwoTier,376383645,True
ue1_qfi4,237.75,297.25,297.25,297.25,ok,0.03478185086794304,ok,ue1_qfi83,1,1,1,2309.75,data,ok,2.0,False,,proxy,3,0,,ue1_qfi2,0.5921052631578947,152,150.0,ok,,ue1_qfi2,61.203,ok,,12,ok,14,,ue1_qfi4,0.38063626666666667,ok,0.9772039986008894,proxy,5,0.9436105610314753,59170056.0,ok,0.014643181818181817,ok,0.8784272727272727,0.0596796875,ok,ue1_qfi82,0.0,99,10.0,data,ok,0.0,ue1_qfi9,259.75,ok,,18.0,ue1_qfi2,1,2196.75,2196.75,30.303,ok,33.0,,pending,,pending,drone_heavy,1,1,16,PF,1746484539,True
ue2_qfi9,33.75,214.75,255.25,277.0,ok,0.03201124891204125,ok,ue1_qfi83,1,1,1,2180.0,data,ok,2.0,False,,proxy,3,0,,ue1_qfi2,0.6513157894736842,152,150.0,ok,,ue1_qfi2,96.893,ok,,11,ok,14,,ue1_qfi4,0.4,ok,0.9418186580060433,proxy,5,0.9283547437783033,59334017.6,ok,0.015643181818181816,ok,0.8996022727272728,0.16249375,ok,ue1_qfi82,0.0,99,10.0,data,ok,0.0,ue1_qfi9,246.25,ok,,30.4,ue2_qfi2,5,123.25,464.5,30.303,ok,33.0,,pending,,pending,drone_heavy,1,1,16,Reservation,1746484539,True
ue1_qfi9,13.0,266.75,286.5,293.5,ok,0.00610976526331197,ok,ue11_qfi9,1,1,2,3063.5000000000005,data,ok,2.0,False,,proxy,3,0,,ue5_qfi2,0.9802631578947368,152,150.0,ok,,ue13_qfi2,114.464,ok,,13,ok,14,,ue1_qfi4,0.4,ok,0.8396465404491564,proxy,5,0.6258960316233865,60916564.800000004,ok,0.015227272727272726,ok,0.9012056818181818,0.05400625,ok,ue1_qfi82,0.0,99,10.0,data,ok,0.0,ue1_qfi9,280.5,ok,,30.4,ue1_qfi2,16,100.25,1299.5,30.303,ok,33.0,,pending,,pending,drone_heavy,1,1,16,TwoTier,1746484539,True
ue2_qfi9,10.0,158.25,241.75,270.75,ok,0.09492871034135245,ok,ue2_qfi83,1,1,1,2347.0000000000005,data,ok,2.0,False,,proxy,3,0,,ue1_qfi2,0.5789473684210527,152,150.0,ok,,ue2_qfi2,61.656,ok,,11,ok,15,,ue2_qfi4,0.2770321333333333,ok,0.9553376067819549,proxy,5,0.8896673873728778,60011888.0,ok,0.014731818181818181,ok,0.8828727272727273,0.05624375,ok,ue1_qfi82,0.0,99,10.0,data,ok,0.0,ue2_qfi9,260.75,ok,,17.6,ue2_qfi2,1,2252.0,2252.0,30.303,ok,33.0,,pending,,pending,drone_heavy,2,2,16,PF,1826701614,True
ue2_qfi4,189.75,299.25,299.25,299.25,ok,0.08667473940916982,ok,ue16_qfi83,1,1,1,2385.0000000000005,data,ok,2.0,False,,proxy,3,0,,ue2_qfi2,0.5789473684210527,152,150.0,ok,,ue1_qfi2,98.163,ok,,9,ok,15,,ue2_qfi4,0.33535706666666665,ok,0.9060434391352116,proxy,5,0.8384241759461196,60575696.0,ok,0.015445454545454545,ok,0.9012397727272727,0.1654328125,ok,ue1_qfi82,0.0,99,10.0,data,ok,0.0,ue2_qfi9,257.25,ok,,28.8,ue5_qfi2,7,330.0,1047.25,30.303,ok,33.0,,pending,,pending,drone_heavy,2,2,16,Reservation,1826701614,True
ue1_qfi9,11.5,210.5,253.0,278.25,ok,0.06044648240290049,ok,ue16_qfi83,1,1,1,3425.2499999999995,data,ok,2.0,False,,proxy,3,0,,ue7_qfi2,0.756578947368421,152,150.0,ok,,ue3_qfi2,141.795,ok,,8,ok,15,,ue1_qfi4,0.4,ok,0.7466235915263099,proxy,5,0.537325000543516,62322953.6,ok,0.014161363636363637,ok,0.8994931818181818,0.04876875,ok,ue1_qfi82,0.0,99,10.0,data,ok,0.0,ue1_qfi9,266.75,ok,,23.6,ue2_qfi2,14,512.5,2276.25,30.303,ok,33.0,,pending,,pending,drone_heavy,2,2,16,TwoTier,1826701614,True
ue2_qfi4,205.25,273.25,273.25,273.25,ok,0.08724481747761374,ok,ue2_qfi83,1,1,1,2442.9999999999995,data,ok,2.0,False,,proxy,3,0,,ue2_qfi2,0.5789473684210527,152,150.0,ok,,ue2_qfi2,92.55,ok,,11,ok,15,,ue2_qfi4,0.29583560000000003,ok,0.9560104068010269,proxy,5,0.8911482185087396,60164225.6,ok,0.014861363636363636,ok,0.8894931818181818,0.057490625,ok,ue1_qfi82,0.0,99,10.0,data,ok,0.0,ue1_qfi9,262.5,ok,,17.8,ue1_qfi2,2,2140.25,2247.75,30.303,ok,33.0,,pending,,pending,drone_heavy,2,2,16,PF,1367864806,True
ue2_qfi4,263.5,293.0,293.0,293.0,ok,0.07985644289902487,ok,ue2_qfi83,1,1,1,2352.2499999999995,data,ok,2.0,False,,proxy,3,0,,ue2_qfi2,0.5789473684210527,152,150.0,ok,,ue1_qfi2,97.508,ok,,8,ok,15,,ue2_qfi4,0.37749333333333335,ok,0.9033674747319484,proxy,5,0.8328699497701286,60613734.4,ok,0.01599772727272727,ok,0.9078568181818182,0.164559375,ok,ue1_qfi82,0.0,99,10.0,data,ok,0.0,ue1_qfi9,246.75,ok,,30.4,ue9_qfi2,6,116.75,528.75,30.303,ok,33.0,,pending,,pending,drone_heavy,2,2,16,Reservation,1367864806,True
ue2_qfi9,11.75,266.5,286.5,293.0,ok,0.06515325063343802,ok,ue6_qfi9,1,1,2,3274.0,data,ok,2.0,False,,proxy,3,0,,ue9_qfi2,0.4605263157894737,152,150.0,ok,,ue8_qfi2,137.702,ok,,6,ok,15,,ue1_qfi4,0.4,ok,0.7864139322741052,proxy,5,0.5696061087427376,61594182.4,ok,0.014306818181818181,ok,0.9061534090909091,0.0521375,ok,ue1_qfi82,0.0,99,10.0,data,ok,0.0,ue2_qfi9,281.25,ok,,29.0,ue1_qfi2,17,212.0,1776.25,30.303,ok,33.0,,pending,,pending,drone_heavy,2,2,16,TwoTier,1367864806,True
ue1_qfi9,14.25,156.5,242.75,271.5,ok,0.10276232096710783,ok,ue1_qfi83,1,1,1,2379.75,data,ok,2.0,False,,proxy,3,0,,ue1_qfi2,0.5789473684210527,152,150.0,ok,,ue1_qfi2,91.98,ok,,10,ok,15,,ue2_qfi4,0.2662752,ok,0.954156147421793,proxy,5,0.8922497332780638,59131256.0,ok,0.015745454545454545,ok,0.9027329545454545,0.06213125,ok,ue1_qfi82,0.0,99,10.0,data,ok,0.0,ue2_qfi9,261.5,ok,,17.6,ue2_qfi2,1,2258.5,2258.5,30.303,ok,33.0,,pending,,pending,drone_heavy,2,2,16,PF,1097657231,True
ue1_qfi4,269.0,296.25,296.25,296.25,ok,0.09984514374259082,ok,ue2_qfi83,1,1,1,2421.7500000000005,data,ok,2.0,False,,proxy,3,0,,ue1_qfi2,0.5855263157894737,152,150.0,ok,,ue13_qfi2,96.327,ok,,7,ok,15,,ue1_qfi4,0.3983496,ok,0.8869977832802919,proxy,5,0.7938726364372158,59309537.6,ok,0.016027272727272727,ok,0.9176852272727273,0.1765703125,ok,ue1_qfi82,0.0,99,10.0,data,ok,0.0,ue2_qfi9,250.0,ok,,30.2,ue8_qfi2,8,152.0,760.75,30.303,ok,33.0,,pending,,pending,drone_heavy,2,2,16,Reservation,1097657231,True
ue2_qfi9,10.25,248.75,279.5,289.75,ok,0.07536310077801123,ok,ue9_qfi9,1,2,2,3127.0,data,ok,2.0,False,,proxy,3,0,,ue4_qfi2,0.4407894736842105,152,150.0,ok,,ue5_qfi2,142.909,ok,,5,ok,15,,ue2_qfi4,0.399758,ok,0.7581245698273991,proxy,5,0.5408879918939439,60907529.6,ok,0.015334090909090908,ok,0.9172329545454545,0.0556390625,ok,ue1_qfi82,0.0,99,10.0,data,ok,0.0,ue2_qfi9,279.5,ok,,28.6,ue1_qfi2,18,269.0,1908.0,30.303,ok,33.0,,pending,,pending,drone_heavy,2,2,16,TwoTier,1097657231,True
ue2_qfi4,289.75,298.5,298.5,298.5,ok,0.08588990336443066,ok,ue1_qfi83,1,1,1,2342.5000000000005,data,ok,2.0,False,,proxy,3,0,,ue1_qfi2,0.5789473684210527,152,150.0,ok,,ue13_qfi2,57.73,ok,,11,ok,15,,ue1_qfi4,0.2964905333333333,ok,0.9554540456934845,proxy,5,0.8930054381013923,60365096.0,ok,0.014515909090909091,ok,0.8874488636363637,0.05598125,ok,ue1_qfi82,0.0,99,10.0,data,ok,0.0,ue1_qfi9,257.75,ok,,17.6,ue2_qfi2,1,2254.25,2254.25,30.303,ok,33.0,,pending,,pending,drone_heavy,2,2,16,PF,579362555,True
ue1_qfi4,282.25,297.75,297.75,297.75,ok,0.08154418061655366,ok,ue15_qfi82,1,1,1,4707.750000000001,data,ok,2.0,False,,proxy,3,0,,ue1_qfi2,0.5789473684210527,152,150.0,ok,,ue7_qfi2,95.015,ok,,8,ok,15,,ue1_qfi4,0.3647876,ok,0.9005988075506292,proxy,5,0.8246398409034107,60632905.6,ok,0.015,ok,0.904478409090909,0.159425,ok,ue1_qfi82,0.0,98,10.0,data,ok,0.0,ue1_qfi9,261.75,ok,,29.0,ue7_qfi2,7,332.0,1054.5,30.303,ok,33.0,,pending,,pending,drone_heavy,2,2,16,Reservation,579362555,True
ue1_qfi4,101.5,291.0,291.0,291.0,ok,0.057263583852964726,ok,ue3_qfi9,1,1,2,3268.75,data,ok,2.0,False,,proxy,3,0,,ue4_qfi2,0.7236842105263158,152,150.0,ok,,ue13_qfi2,142.989,ok,,7,ok,15,,ue1_qfi4,0.4,ok,0.7871970439195524,proxy,5,0.5476363749111444,62253734.4,ok,0.014186363636363636,ok,0.9047090909090909,0.0509140625,ok,ue1_qfi82,0.0,99,10.0,data,ok,0.0,ue1_qfi9,274.0,ok,,25.6,ue2_qfi2,16,551.25,2089.5,30.303,ok,33.0,,pending,,pending,drone_heavy,2,2,16,TwoTier,579362555,True
ue2_qfi4,250.75,294.25,294.25,294.25,ok,0.07710494193617524,ok,ue1_qfi83,1,1,1,2340.25,data,ok,2.0,False,,proxy,3,0,,ue1_qfi2,0.5695364238410596,151,150.0,ok,,ue12_qfi2,96.982,ok,,11,ok,15,,ue1_qfi4,0.30366733333333334,ok,0.9560670338198485,proxy,5,0.8916598609991603,60935171.2,ok,0.014113636363636363,ok,0.8838636363636364,0.0551140625,ok,ue1_qfi82,0.0,99,10.0,data,ok,0.0,ue2_qfi9,276.5,ok,,17.2,ue1_qfi2,1,2250.5,2250.5,30.303,ok,33.0,,pending,,pending,drone_heavy,2,2,16,PF,661058651,True
ue1_qfi9,31.5,206.25,282.5,290.75,ok,0.06642876612237056,ok,ue15_qfi82,1,1,1,2406.5,data,ok,2.0,False,,proxy,3,0,,ue1_qfi2,0.5789473684210527,152,150.0,ok,,ue12_qfi2,135.767,ok,,10,ok,15,,ue1_qfi4,0.36637333333333333,ok,0.9166258741139579,proxy,5,0.8551663051554138,61643260.8,ok,0.01550909090909091,ok,0.9034840909090909,0.1616203125,ok,ue1_qfi82,0.0,99,10.0,data,ok,0.0,ue1_qfi9,259.25,ok,,30.4,ue7_qfi2,8,133.75,857.5,30.303,ok,33.0,,pending,,pending,drone_heavy,2,2,16,Reservation,661058651,True
ue2_qfi9,13.5,254.5,279.75,290.25,ok,0.041940735062744275,ok,ue3_qfi9,1,1,2,3179.25,data,ok,2.0,False,,proxy,3,0,,ue4_qfi2,0.8026315789473685,152,150.0,ok,,ue5_qfi2,133.183,ok,,8,ok,15,,ue1_qfi4,0.4,ok,0.8207770764941145,proxy,5,0.5810871293821063,63253947.2,ok,0.014681818181818181,ok,0.9005056818181818,0.050371875,ok,ue1_qfi82,0.0,99,10.0,data,ok,0.0,ue2_qfi9,276.75,ok,,29.6,ue1_qfi2,19,200.0,1722.0,30.303,ok,33.0,,pending,,pending,drone_heavy,2,2,16,TwoTier,661058651,True
ue1_qfi9,9.0,183.0,244.5,272.25,ok,0.10157146789482813,ok,ue1_qfi83,1,1,1,2440.0000000000005,data,ok,2.0,False,,proxy,3,0,,ue2_qfi2,0.5789473684210527,152,150.0,ok,,ue12_qfi2,125.701,ok,,11,ok,15,,ue2_qfi4,0.2700769333333333,ok,0.9548829100844038,proxy,5,0.8908081532299998,59268163.2,ok,0.014604545454545455,ok,0.8943375,0.0599015625,ok,ue1_qfi82,0.0,99,10.0,data,ok,0.0,ue1_qfi9,263.25,ok,,28.8,ue12_qfi2,3,160.75,328.25,30.303,ok,33.0,,pending,,pending,drone_heavy,2,2,16,PF,87989972,True
ue1_qfi4,161.0,300.25,300.25,300.25,ok,0.09266959312450224,ok,ue1_qfi83,1,1,1,2341.5,data,ok,2.0,False,,proxy,3,0,,ue2_qfi2,0.5827814569536424,151,150.0,ok,,ue12_qfi2,117.25,ok,,9,ok,15,,ue2_qfi4,0.35684306666666665,ok,0.8932523035207431,proxy,5,0.7915675003041902,59843808.0,ok,0.01520909090909091,ok,0.9084954545454546,0.1783125,ok,ue1_qfi82,0.0,99,10.0,data,ok,0.0,ue1_qfi9,244.5,ok,,30.4,ue9_qfi2,7,159.5,807.75,30.303,ok,33.0,,pending,,pending,drone_heavy,2,2,16,Reservation,87989972,True
ue1_qfi9,9.75,263.0,285.0,292.75,ok,0.07415150682224543,ok,ue3_qfi9,1,2,2,3202.7500000000005,data,ok,2.0,False,,proxy,3,0,,ue10_qfi2,0.45394736842105265,152,150.0,ok,,ue8_qfi2,143.152,ok,,4,ok,15,,ue2_qfi4,0.3996673333333333,ok,0.8020213895649828,proxy,5,0.5504283219763129,61059113.6,ok,0.015131818181818182,ok,0.9076375,0.054321875,ok,ue1_qfi82,0.0,99,10.0,data,ok,0.0,ue2_qfi9,283.25,ok,,29.8,ue2_qfi2,15,119.75,1372.25,30.303,ok,33.0,,pending,,pending,drone_heavy,2,2,16,TwoTier,87989972,True
ue2_qfi4,208.0,272.0,272.0,272.0,ok,0.08872295959828583,ok,ue2_qfi83,1,1,1,2347.5,data,ok,2.0,False,,proxy,3,0,,ue1_qfi2,0.5789473684210527,152,150.0,ok,,ue1_qfi2,82.834,ok,,11,ok,15,,ue2_qfi4,0.3080602666666667,ok,0.9545763299960953,proxy,5,0.8908730877484197,60310684.800000004,ok,0.014770454545454545,ok,0.9025806818181819,0.05883125,ok,ue1_qfi82,0.0,99,10.0,data,ok,0.0,ue1_qfi9,259.75,ok,,17.6,ue1_qfi2,1,2257.0,2257.0,30.303,ok,33.0,,pending,,pending,drone_heavy,2,2,16,PF,161576974,True
ue2_qfi4,269.0,293.0,293.0,293.0,ok,0.08131893540540823,ok,ue16_qfi83,1,1,1,2378.0,data,ok,2.0,False,,proxy,3,0,,ue2_qfi2,0.5761589403973509,151,150.0,ok,,ue12_qfi2,128.182,ok,,9,ok,15,,ue2_qfi4,0.3828838666666667,ok,0.8886536276741529,proxy,5,0.8113313620755579,60788572.8,ok,0.01530909090909091,ok,0.9156659090909091,0.1750453125,ok,ue1_qfi82,0.0,99,10.0,data,ok,0.0,ue1_qfi9,240.75,ok,,30.4,ue6_qfi2,8,121.75,862.25,30.303,ok,33.0,,pending,,pending,drone_heavy,2,2,16,Reservation,161576974,True
ue2_qfi9,18.25,256.25,281.5,291.25,ok,0.06095755145638775,ok,ue16_qfi83,1,1,1,3426.0,data,ok,2.0,False,,proxy,3,0,,ue7_qfi2,0.4605263157894737,152,150.0,ok,,ue11_qfi2,132.261,ok,,8,ok,15,,ue1_qfi4,0.39948893333333335,ok,0.7975381058491487,proxy,5,0.5920753734018841,62162859.2,ok,0.015234090909090909,ok,0.9180227272727273,0.0534359375,ok,ue1_qfi82,0.0,99,10.0,data,ok,0.0,ue1_qfi9,279.5,ok,,30.0,ue2_qfi2,15,175.5,1517.75,30.303,ok,33.0,,pending,,pending,drone_heavy,2,2,16,TwoTier,161576974,True
ue2_qfi9,8.0,182.5,266.0,281.0,ok,0.0981935704219945,ok,ue1_qfi83,1,1,1,2379.5,data,ok,2.0,False,,proxy,3,0,,ue1_qfi2,0.5789473684210527,152,150.0,ok,,ue1_qfi2,64.586,ok,,11,ok,15,,ue2_qfi4,0.2815512,ok,0.9553148491613367,proxy,5,0.8921500634343971,59543017.6,ok,0.015036363636363636,ok,0.8882022727272727,0.0592828125,ok,ue1_qfi82,0.0,99,10.0,data,ok,0.0,ue2_qfi9,273.0,ok,,17.6,ue2_qfi2,1,2253.25,2253.25,30.303,ok,33.0,,pending,,pending,drone_heavy,2,2,16,PF,35492826,True
ue1_qfi4,224.25,299.0,299.0,299.0,ok,0.08771672278061488,ok,ue16_qfi83,1,1,1,2936.75,data,ok,2.0,False,,proxy,3,0,,ue1_qfi2,0.5789473684210527,152,150.0,ok,,ue13_qfi2,125.765,ok,,10,ok,15,,ue2_qfi4,0.31463053333333335,ok,0.9071787344691357,proxy,5,0.8399155902947778,60230712.0,ok,0.01589772727272727,ok,0.9055727272727273,0.1789140625,ok,ue1_qfi82,0.0,99,10.0,data,ok,0.0,ue1_qfi9,263.25,ok,,30.2,ue9_qfi2,8,173.75,915.0,30.303,ok,33.0,,pending,,pending,drone_heavy,2,2,16,Reservation,35492826,True
ue2_qfi9,10.75,242.5,282.75,291.5,ok,0.08643382583777666,ok,ue9_qfi9,1,1,2,3111.75,data,ok,2.0,False,,proxy,3,0,,ue3_qfi2,0.45394736842105265,152,150.0,ok,,ue6_qfi2,138.618,ok,,7,ok,15,,ue1_qfi4,0.4,ok,0.8145692854437317,proxy,5,0.5833464508267767,60338675.2,ok,0.014902272727272728,ok,0.9026818181818181,0.0552421875,ok,ue1_qfi82,0.0,99,10.0,data,ok,0.0,ue2_qfi9,280.75,ok,,29.6,ue1_qfi2,12,196.75,1199.75,30.303,ok,33.0,,pending,,pending,drone_heavy,2,2,16,TwoTier,35492826,True
ue1_qfi4,212.0,277.75,277.75,277.75,ok,0.10657785088152728,ok,ue2_qfi83,1,1,1,2347.25,data,ok,2.0,False,,proxy,3,0,,ue1_qfi2,0.5789473684210527,152,150.0,ok,,ue13_qfi2,131.706,ok,,11,ok,15,,ue2_qfi4,0.2632425333333333,ok,0.9545858630406079,proxy,5,0.8897573006892643,58956425.6,ok,0.015175,ok,0.8889443181818182,0.0601796875,ok,ue1_qfi82,0.0,99,10.0,data,ok,0.0,ue1_qfi9,263.75,ok,,28.6,ue13_qfi2,4,166.25,432.75,30.303,ok,33.0,,pending,,pending,drone_heavy,2,2,16,PF,376383645,True
ue1_qfi4,284.25,293.25,293.25,293.25,ok,0.10331114385915781,ok,ue1_qfi9,1,1,1,2237.25,data,ok,2.0,False,,proxy,3,0,,ue1_qfi2,0.5921052631578947,152,150.0,ok,,ue13_qfi2,124.69,ok,,7,ok,15,,ue1_qfi4,0.3959356,ok,0.8799167448019997,proxy,5,0.7927812729951015,59145884.8,ok,0.015156818181818181,ok,0.9010204545454545,0.1649921875,ok,ue1_qfi82,0.0,99,10.0,data,ok,0.0,ue1_qfi9,242.25,ok,,27.6,ue7_qfi2,6,609.25,1063.0,30.303,ok,33.0,,pending,,pending,drone_heavy,2,2,16,Reservation,376383645,True
ue1_qfi9,12.25,239.25,271.75,286.25,ok,0.09711506757663933,ok,ue6_qfi9,1,1,2,3138.75,data,ok,2.0,False,,proxy,3,0,,ue9_qfi2,0.45394736842105265,152,150.0,ok,,ue7_qfi2,141.422,ok,,5,ok,15,,ue1_qfi4,0.4,ok,0.7875551872580355,proxy,5,0.5599691562044673,59515520.0,ok,0.014272727272727272,ok,0.8943375,0.0539390625,ok,ue1_qfi82,0.0,99,10.0,data,ok,0.0,ue1_qfi9,274.0,ok,,29.2,ue2_qfi2,15,189.5,1406.5,30.303,ok,33.0,,pending,,pending,drone_heavy,2,2,16,TwoTier,376383645,True
ue2_qfi4,231.75,294.75,294.75,294.75,ok,0.08911653210077114,ok,ue1_qfi83,1,1,1,2341.5,data,ok,2.0,False,,proxy,3,0,,ue1_qfi2,0.5789473684210527,152,150.0,ok,,ue1_qfi2,61.679,ok,,11,ok,15,,ue2_qfi4,0.304336,ok,0.9557523321045732,proxy,5,0.890753678463917,60207601.6,ok,0.014918181818181818,ok,0.8905818181818181,0.0578546875,ok,ue1_qfi82,0.0,99,10.0,data,ok,0.0,ue2_qfi9,262.5,ok,,17.6,ue1_qfi2,2,2227.5,2294.0,30.303,ok,33.0,,pending,,pending,drone_heavy,2,2,16,PF,1746484539,True
ue1_qfi4,109.0,299.0,299.0,299.0,ok,0.08135471233377833,ok,ue2_qfi83,1,1,1,2375.75,data,ok,2.0,False,,proxy,3,0,,ue2_qfi2,0.5855263157894737,152,150.0,ok,,ue12_qfi2,115.355,ok,,10,ok,15,,ue2_qfi4,0.32987253333333333,ok,0.9132101401257822,proxy,5,0.858259620927645,60708136.0,ok,0.01566590909090909,ok,0.9081397727272728,0.172634375,ok,ue1_qfi82,0.0,99,10.0,data,ok,0.0,ue1_qfi9,258.0,ok,,30.4,ue4_qfi2,7,139.25,640.75,30.303,ok,33.0,,pending,,pending,drone_heavy,2,2,16,Reservation,1746484539,True
ue2_qfi4,147.25,299.5,299.5,299.5,ok,0.05261694195958172,ok,ue6_qfi1,1,1,1,3066.0,data,ok,2.0,False,,proxy,3,0,,ue2_qfi2,0.7697368421052632,152,150.0,ok,,ue9_qfi2,143.089,ok,,7,ok,15,,ue2_qfi4,0.3715402666666667,ok,0.7583451876873211,proxy,5,0.5487497720082598,62586072.0,ok,0.015038636363636363,ok,0.911525,0.0519984375,ok,ue1_qfi82,0.0,99,10.0,data,ok,0.0,ue1_qfi9,274.25,ok,,27.4,ue1_qfi2,14,329.5,1912.0,30.303,ok,33.0,,pending,,pending,drone_heavy,2,2,16,TwoTier,1746484539,True
ue9_qfi2,19.212,25.902,28.56,29.187,ok,0.0009852317518032766,ok,ue1_qfi85,0,1,1,1288.7499999999998,data,ok,2.0,False,,proxy,3,0,,ue1_qfi2,1.0,152,150.0,ok,,ue9_qfi2,31.148,ok,,9,ok,9,,ue3_qfi2,0.9572672,ok,0.9978567458119374,proxy,5,0.9961174042986376,43602460.8,ok,0.018795454545454546,ok,0.6605,0.0677546875,ok,ue1_qfi82,0.0,99,10.0,data,ok,0.0,ue1_qfi9,18.75,ok,,30.4,ue1_qfi2,0,0.0,0.0,30.303,ok,33.0,,pending,,pending,mixed,0,0,16,PF,1826701614,False
ue2_qfi9,10.0,26.5,29.75,36.75,ok,0.002390190900305239,ok,ue1_qfi85,0,1,1,1288.7499999999998,data,ok,2.0,False,,proxy,3,0,,ue9_qfi2,0.993421052631579,152,150.0,ok,,ue2_qfi2,31.25,ok,,9,ok,9,,ue3_qfi2,0.9570236,ok,0.9760779969007534,proxy,5,0.928136129085433,43535524.8,ok,0.02025681818181818,ok,0.7293215909090909,0.1068203125,ok,ue1_qfi82,0.0,99,10.0,data,ok,0.0,ue2_qfi9,26.75,ok,,30.4,ue1_qfi2,0,0.0,0.0,30.303,ok,33.0,,pending,,pending,mixed,0,0,16,Reservation,1826701614,False
ue4_qfi9,15.75,43.0,43.0,43.0,ok,0.0012641090206794792,ok,ue12_qfi82,0,1,1,1307.7500000000005,data,ok,2.0,False,,proxy,3,0,,ue3_qfi2,0.993421052631579,152,150.0,ok,,ue9_qfi2,31.379,ok,,9,ok,9,,ue3_qfi2,0.9572615999999999,ok,0.959649757764053,proxy,5,0.9111001705599653,43597273.6,ok,0.018722727272727273,ok,0.7041727272727273,0.066871875,ok,ue1_qfi82,0.0,99,10.0,data,ok,0.0,ue6_qfi1,30.75,ok,,30.2,ue7_qfi2,1,77.5,77.5,30.303,ok,33.0,,pending,,pending,mixed,0,0,16,TwoTier,1826701614,False
ue7_qfi2,18.214,25.335,27.15,28.15,ok,0.000867449449642213,ok,ue4_qfi9,0,2,4,1011.5000000000003,data,ok,2.0,False,,proxy,3,0,,ue1_qfi2,0.9868421052631579,152,150.0,ok,,ue7_qfi2,29.231,ok,,9,ok,9,,ue4_qfi2,0.9653244,ok,0.9981888726165018,proxy,5,0.9970717049872845,43532764.8,ok,0.018375,ok,0.6508272727272727,0.0670875,ok,ue1_qfi82,0.0,99,10.0,data,ok,0.0,ue4_qfi1,19.5,ok,,30.0,ue1_qfi2,1,68.25,68.25,30.303,ok,33.0,,pending,,pending,mixed,0,0,16,PF,1367864806,False
ue1_qfi9,9.75,27.5,32.75,38.0,ok,0.002339618886657912,ok,ue12_qfi82,0,2,2,1308.7499999999998,data,ok,2.0,False,,proxy,3,0,,ue9_qfi2,0.993421052631579,152,150.0,ok,,ue2_qfi2,31.964,ok,,9,ok,9,,ue4_qfi2,0.9653088000000001,ok,0.976796765877123,proxy,5,0.9413964413027027,43476651.2,ok,0.02035,ok,0.71995,0.1032390625,ok,ue1_qfi82,0.0,99,10.0,data,ok,0.0,ue1_qfi9,28.25,ok,,30.2,ue9_qfi2,1,70.0,70.0,30.303,ok,33.0,,pending,,pending,mixed,0,0,16,Reservation,1367864806,False
ue4_qfi1,9.0,23.25,40.5,40.5,ok,0.0011786619014944881,ok,ue13_qfi82,0,1,1,1307.0,data,ok,2.0,False,,proxy,3,0,,ue7_qfi2,0.9868421052631579,152,150.0,ok,,ue8_qfi2,29.529,ok,,9,ok,9,,ue6_qfi2,0.964808,ok,0.9586889298980509,proxy,5,0.91060222074927,43525788.8,ok,0.01876590909090909,ok,0.6924068181818182,0.06540625,ok,ue1_qfi82,0.0,99,10.0,data,ok,0.0,ue4_qfi1,31.5,ok,,30.0,ue7_qfi2,2,70.75,137.75,30.303,ok,33.0,,pending,,pending,mixed,0,0,16,TwoTier,1367864806,False
ue8_qfi2,19.65,26.133,28.169,28.9,ok,0.000908708375956493,ok,ue1_qfi85,1,1,1,2982.5,data,ok,2.0,False,,proxy,3,0,,ue6_qfi2,0.993421052631579,152,150.0,ok,,ue8_qfi2,30.195,ok,,9,ok,9,,ue2_qfi2,0.9705552,ok,0.998210147281014,proxy,5,0.9973100106663494,43670516.8,ok,0.018902272727272726,ok,0.6752920454545455,0.071203125,ok,ue1_qfi82,0.0,99,10.0,data,ok,0.0,ue5_qfi1,21.75,ok,,30.2,ue6_qfi2,1,72.75,72.75,30.303,ok,33.0,,pending,,pending,mixed,0,0,16,PF,1097657231,False
ue3_qfi9,10.75,27.5,31.5,36.5,ok,0.0023985923864972866,ok,ue1_qfi85,1,1,1,2982.5,data,ok,2.0,False,,proxy,3,0,,ue1_qfi2,0.993421052631579,152,150.0,ok,,ue1_qfi2,31.689,ok,,9,ok,9,,ue2_qfi2,0.9645888,ok,0.9751720345521825,proxy,5,0.9366829445605986,43603507.2,ok,0.020659090909090908,ok,0.7418306818181818,0.11274375,ok,ue1_qfi82,0.0,99,10.0,data,ok,0.0,ue3_qfi9,25.75,ok,,30.2,ue1_qfi2,1,71.5,71.5,30.303,ok,33.0,,pending,,pending,mixed,0,0,16,Reservation,1097657231,False
ue6_qfi1,13.0,28.0,42.75,42.75,ok,0.0012891147510420004,ok,ue1_qfi85,1,1,1,2982.5,data,ok,2.0,False,,proxy,3,0,,ue1_qfi2,1.0,152,150.0,ok,,ue8_qfi2,31.604,ok,,9,ok,9,,ue2_qfi2,0.9705552,ok,0.9616009644635246,proxy,5,0.9245294069016524,43677897.6,ok,0.01841590909090909,ok,0.7185659090909091,0.0697125,ok,ue1_qfi82,0.0,99,10.0,data,ok,0.0,ue6_qfi1,29.75,ok,,30.4,ue1_qfi2,0,0.0,0.0,30.303,ok,33.0,,pending,,pending,mixed,0,0,16,TwoTier,1097657231,False
ue8_qfi2,18.767,25.969,27.719,29.324,ok,0.0008773797314747453,ok,ue4_qfi9,0,1,4,1017.2500000000002,data,ok,2.0,False,,proxy,3,0,,ue1_qfi2,1.0,152,150.0,ok,,ue8_qfi2,30.894,ok,,9,ok,9,,ue5_qfi2,0.9653264,ok,0.9983292059690928,proxy,5,0.9979478514447868,43552292.8,ok,0.018436363636363636,ok,0.6641420454545455,0.069596875,ok,ue1_qfi82,0.0,99,10.0,data,ok,0.0,ue5_qfi9,21.75,ok,,30.4,ue1_qfi2,0,0.0,0.0,30.303,ok,33.0,,pending,,pending,mixed,0,0,16,PF,579362555,False
ue2_qfi9,9.75,25.75,29.0,31.75,ok,0.0023270692894581187,ok,ue4_qfi9,0,2,4,1020.75,data,ok,2.0,False,,proxy,3,0,,ue6_qfi2,0.993421052631579,152,150.0,ok,,ue2_qfi2,31.325,ok,,9,ok,9,,ue3_qfi2,0.9645448000000001,ok,0.9857587888515644,proxy,5,0.9705950095040813,43486574.4,ok,0.020870454545454546,ok,0.7342,0.1113328125,ok,ue1_qfi82,0.0,99,10.0,data,ok,0.0,ue5_qfi9,22.25,ok,,30.2,ue8_qfi2,1,68.75,68.75,30.303,ok,33.0,,pending,,pending,mixed,0,0,16,Reservation,579362555,False
ue4_qfi1,14.0,24.25,41.0,41.0,ok,0.001315321332961258,ok,ue10_qfi82,0,1,1,1794.2500000000002,data,ok,2.0,False,,proxy,3,0,,ue4_qfi2,0.993421052631579,152,150.0,ok,,ue8_qfi2,29.75,ok,,9,ok,9,,ue5_qfi2,0.9618648000000001,ok,0.9491969277542598,proxy,5,0.9109801709832444,43524974.4,ok,0.01878409090909091,ok,0.7057409090909091,0.0676265625,ok,ue1_qfi82,0.0,99,10.0,data,ok,0.0,ue4_qfi1,27.0,ok,,30.4,ue1_qfi2,0,0.0,0.0,30.303,ok,33.0,,pending,,pending,mixed,0,0,16,TwoTier,579362555,False
ue9_qfi2,18.674,25.925,27.639,29.139,ok,0.001144139386630005,ok,ue2_qfi85,1,2,2,2122.25,data,ok,2.0,False,,proxy,3,0,,ue2_qfi2,0.993421052631579,152,150.0,ok,,ue9_qfi2,31.007,ok,,9,ok,9,,ue4_qfi2,0.9677284,ok,0.9970939251343023,proxy,5,0.995921130094453,43602860.8,ok,0.019077272727272727,ok,0.6642420454545455,0.06865,ok,ue1_qfi82,0.0,99,10.0,data,ok,0.0,ue1_qfi9,19.5,ok,,30.2,ue6_qfi2,1,69.25,69.25,30.303,ok,33.0,,pending,,pending,mixed,0,0,16,PF,661058651,False
ue6_qfi1,2.75,21.0,43.0,43.0,ok,0.0023957076672139325,ok,ue2_qfi85,1,2,2,2122.25,data,ok,2.0,False,,proxy,3,0,,ue2_qfi2,0.993421052631579,152,150.0,ok,,ue3_qfi2,30.686,ok,,9,ok,9,,ue1_qfi2,0.9653608,ok,0.9748102713169787,proxy,5,0.9490050463544709,43546675.2,ok,0.020388636363636362,ok,0.729434090909091,0.1088046875,ok,ue1_qfi82,0.0,99,10.0,data,ok,0.0,ue6_qfi1,40.25,ok,,30.2,ue2_qfi2,1,70.25,70.25,30.303,ok,33.0,,pending,,pending,mixed,0,0,16,Reservation,661058651,False
ue6_qfi1,11.0,23.0,45.75,45.75,ok,0.0013137809423740547,ok,ue2_qfi85,1,2,2,2122.25,data,ok,2.0,False,,proxy,3,0,,ue1_qfi2,1.0,152,150.0,ok,,ue9_qfi2,29.999,ok,,9,ok,9,,ue4_qfi2,0.9634676,ok,0.949127351693234,proxy,5,0.9116645407645133,43602747.2,ok,0.019188636363636363,ok,0.7080113636363636,0.068903125,ok,ue1_qfi82,0.0,99,10.0,data,ok,0.0,ue6_qfi1,34.75,ok,,30.4,ue1_qfi2,0,0.0,0.0,30.303,ok,33.0,,pending,,pending,mixed,0,0,16,TwoTier,661058651,False
ue9_qfi2,18.487,25.566,27.041,28.687,ok,0.0009919113465586714,ok,ue3_qfi85,1,1,1,2447.5,data,ok,2.0,False,,proxy,3,0,,ue3_qfi2,0.993421052631579,152,150.0,ok,,ue9_qfi2,29.625,ok,,9,ok,9,,ue2_qfi2,0.96215,ok,0.9977765166134033,proxy,5,0.9963972881246645,43630268.8,ok,0.018404545454545455,ok,0.6679386363636364,0.0709140625,ok,ue1_qfi82,0.0,99,10.0,data,ok,0.0,ue6_qfi1,20.0,ok,,30.2,ue9_qfi2,1,68.75,68.75,30.303,ok,33.0,,pending,,pending,mixed,0,0,16,PF,87989972,False
ue2_qfi9,10.75,27.5,31.75,37.25,ok,0.0024351612198833974,ok,ue3_qfi85,1,1,1,2447.5,data,ok,2.0,False,,proxy,3,0,,ue9_qfi2,0.993421052631579,152,150.0,ok,,ue3_qfi2,30.986,ok,,9,ok,9,,ue2_qfi2,0.9631684,ok,0.9695089220090125,proxy,5,0.9511920631456966,43530179.2,ok,0.02019090909090909,ok,0.7344488636363636,0.1133140625,ok,ue1_qfi82,0.0,99,10.0,data,ok,0.0,ue2_qfi9,26.5,ok,,30.2,ue1_qfi2,0,0.0,0.0,30.303,ok,33.0,,pending,,pending,mixed,0,0,16,Reservation,87989972,False
ue6_qfi1,9.75,26.0,43.0,43.0,ok,0.0012976444220440773,ok,ue3_qfi85,1,1,1,2447.5,data,ok,2.0,False,,proxy,3,0,,ue4_qfi2,0.993421052631579,152,150.0,ok,,ue9_qfi2,30.25,ok,,9,ok,9,,ue2_qfi2,0.9641371999999999,ok,0.9589667621645462,proxy,5,0.9256178787618004,43597548.8,ok,0.018145454545454544,ok,0.7122886363636364,0.0695640625,ok,ue1_qfi82,0.0,99,10.0,data,ok,0.0,ue6_qfi1,33.25,ok,,30.2,ue4_qfi2,1,78.5,78.5,30.303,ok,33.0,,pending,,pending,mixed,0,0,16,TwoTier,87989972,False
ue8_qfi2,17.396,25.179,27.651,28.605,ok,0.0012523045320682034,ok,ue4_qfi9,0,1,4,1012.0000000000005,data,ok,2.0,False,,proxy,3,0,,ue7_qfi2,0.993421052631579,152,150.0,ok,,ue7_qfi2,29.091,ok,,9,ok,9,,ue2_qfi2,0.9661608,ok,0.9960175612163056,proxy,5,0.9944038598413908,43493168.0,ok,0.018372727272727273,ok,0.6664988636363637,0.068903125,ok,ue1_qfi82,0.0,99,10.0,data,ok,0.0,ue3_qfi9,25.0,ok,,30.4,ue1_qfi2,0,0.0,0.0,30.303,ok,33.0,,pending,,pending,mixed,0,0,16,PF,161576974,False
ue1_qfi9,11.25,27.5,31.5,35.5,ok,0.002513243992253968,ok,ue13_qfi82,0,1,1,1304.0000000000002,data,ok,2.0,False,,proxy,3,0,,ue4_qfi2,0.993421052631579,152,150.0,ok,,ue2_qfi2,31.94,ok,,9,ok,9,,ue2_qfi2,0.9595108,ok,0.9765799654780668,proxy,5,0.9513770754651149,43418046.4,ok,0.020502272727272727,ok,0.7349102272727273,0.1121078125,ok,ue1_qfi82,0.0,99,10.0,data,ok,0.0,ue1_qfi9,24.25,ok,,30.2,ue4_qfi2,1,72.75,72.75,30.303,ok,33.0,,pending,,pending,mixed,0,0,16,Reservation,161576974,False
ue4_qfi9,11.75,53.0,53.0,53.0,ok,0.0012910600813636822,ok,ue10_qfi82,0,2,2,1796.5,data,ok,2.0,False,,proxy,3,0,,ue1_qfi2,1.0,152,150.0,ok,,ue7_qfi2,30.259,ok,,9,ok,9,,ue2_qfi2,0.9661608,ok,0.952785312082313,proxy,5,0.925855668080213,43489553.6,ok,0.018956818181818182,ok,0.7124920454545455,0.070128125,ok,ue1_qfi82,0.0,99,10.0,data,ok,0.0,ue4_qfi9,41.25,ok,,30.4,ue1_qfi2,0,0.0,0.0,30.303,ok,33.0,,pending,,pending,mixed,0,0,16,TwoTier,161576974,False
ue8_qfi2,19.823,26.965,28.776,29.621,ok,0.0008984775970322265,ok,ue3_qfi85,1,1,1,3730.0,data,ok,2.0,False,,proxy,3,0,,ue2_qfi2,0.993421052631579,152,150.0,ok,,ue8_qfi2,31.359,ok,,9,ok,9,,ue4_qfi2,0.9599476,ok,0.9982597432897677,proxy,5,0.9970613368859075,43372476.8,ok,0.018513636363636364,ok,0.6769943181818182,0.07285,ok,ue1_qfi82,0.0,99,10.0,data,ok,0.0,ue1_qfi9,20.25,ok,,30.2,ue2_qfi2,1,67.5,67.5,30.303,ok,33.0,,pending,,pending,mixed,0,0,16,PF,35492826,False
ue1_qfi9,10.75,27.25,31.25,38.25,ok,0.0025174999851536404,ok,ue3_qfi85,1,1,1,3730.0,data,ok,2.0,False,,proxy,3,0,,ue2_qfi2,0.993421052631579,152,150.0,ok,,ue3_qfi2,31.273,ok,,9,ok,9,,ue4_qfi2,0.9599476,ok,0.9696677476045528,proxy,5,0.9462107078689518,43270486.4,ok,0.020681818181818183,ok,0.7437363636363636,0.1158125,ok,ue1_qfi82,0.0,99,10.0,data,ok,0.0,ue1_qfi9,27.5,ok,,30.2,ue8_qfi2,1,77.0,77.0,30.303,ok,33.0,,pending,,pending,mixed,0,0,16,Reservation,35492826,False
ue6_qfi1,13.0,30.75,45.25,45.25,ok,0.0012570965798369494,ok,ue3_qfi85,1,1,1,3730.0,data,ok,2.0,False,,proxy,3,0,,ue1_qfi2,1.0,152,150.0,ok,,ue8_qfi2,30.87,ok,,9,ok,9,,ue4_qfi2,0.9599476,ok,0.94862555353142,proxy,5,0.9117545559251562,43352561.6,ok,0.018475,ok,0.7203534090909091,0.07105625,ok,ue1_qfi82,0.0,99,10.0,data,ok,0.0,ue6_qfi1,32.25,ok,,30.4,ue1_qfi2,0,0.0,0.0,30.303,ok,33.0,,pending,,pending,mixed,0,0,16,TwoTier,35492826,False
ue7_qfi2,17.822,24.802,26.5,28.058,ok,0.0009607344130606088,ok,ue6_qfi9,0,1,4,1012.4999999999998,data,ok,2.0,False,,proxy,3,0,,ue5_qfi2,0.993421052631579,152,150.0,ok,,ue7_qfi2,29.402,ok,,9,ok,9,,ue3_qfi2,0.962476,ok,0.998115805175733,proxy,5,0.997737635110703,43505340.8,ok,0.01875,ok,0.6578931818181818,0.0679328125,ok,ue1_qfi82,0.0,99,10.0,data,ok,0.0,ue6_qfi1,20.0,ok,,30.4,ue1_qfi2,0,0.0,0.0,30.303,ok,33.0,,pending,,pending,mixed,0,0,16,PF,376383645,False
ue1_qfi9,9.75,26.25,29.0,31.0,ok,0.0023176761377082292,ok,ue12_qfi82,0,1,2,1300.7499999999998,data,ok,2.0,False,,proxy,3,0,,ue7_qfi2,0.993421052631579,152,150.0,ok,,ue3_qfi2,31.204,ok,,9,ok,9,,ue3_qfi2,0.9625612,ok,0.9781276807456234,proxy,5,0.9566537771889042,43435904.0,ok,0.020238636363636365,ok,0.7240079545454545,0.106684375,ok,ue1_qfi82,0.0,99,10.0,data,ok,0.0,ue4_qfi1,21.75,ok,,30.4,ue1_qfi2,0,0.0,0.0,30.303,ok,33.0,,pending,,pending,mixed,0,0,16,Reservation,376383645,False
ue5_qfi1,10.5,40.75,50.75,50.75,ok,0.00113413973309821,ok,ue10_qfi82,0,2,2,1408.75,data,ok,2.0,False,,proxy,3,0,,ue1_qfi2,1.0,152,150.0,ok,,ue8_qfi2,29.475,ok,,9,ok,9,,ue3_qfi2,0.962732,ok,0.9709558249072767,proxy,5,0.9270085421581279,43504347.2,ok,0.018479545454545453,ok,0.6978113636363636,0.0667890625,ok,ue1_qfi82,0.0,99,10.0,data,ok,0.0,ue5_qfi1,40.25,ok,,30.4,ue5_qfi2,1,67.75,67.75,30.303,ok,33.0,,pending,,pending,mixed,0,0,16,TwoTier,376383645,False
ue8_qfi2,18.642,25.854,27.71,29.501,ok,0.0009832852205203676,ok,ue2_qfi85,0,1,1,1445.0,data,ok,2.0,False,,proxy,3,0,,ue1_qfi2,0.993421052631579,152,150.0,ok,,ue8_qfi2,30.048,ok,,9,ok,9,,ue1_qfi2,0.9589968000000001,ok,0.9979313376855712,proxy,5,0.9970784860758249,43352636.8,ok,0.018022727272727274,ok,0.6583511363636364,0.06755,ok,ue1_qfi82,0.0,99,10.0,data,ok,0.0,ue4_qfi1,19.5,ok,,30.2,ue1_qfi2,1,67.0,67.0,30.303,ok,33.0,,pending,,pending,mixed,0,0,16,PF,1746484539,False
ue1_qfi9,10.0,26.5,30.25,34.25,ok,0.0023799056159996227,ok,ue2_qfi85,0,1,1,1445.0,data,ok,2.0,False,,proxy,3,0,,ue7_qfi2,0.993421052631579,152,150.0,ok,,ue1_qfi2,30.943,ok,,9,ok,9,,ue1_qfi2,0.95555,ok,0.9732140045479012,proxy,5,0.9266738127053868,43276416.0,ok,0.019956818181818183,ok,0.7275943181818182,0.1043234375,ok,ue1_qfi82,0.0,99,10.0,data,ok,0.0,ue1_qfi9,24.25,ok,,30.4,ue1_qfi2,0,0.0,0.0,30.303,ok,33.0,,pending,,pending,mixed,0,0,16,Reservation,1746484539,False
ue5_qfi1,11.75,26.0,45.5,45.5,ok,0.001367474641454415,ok,ue13_qfi82,0,1,1,1796.75,data,ok,2.0,False,,proxy,3,0,,ue1_qfi2,1.0,152,150.0,ok,,ue9_qfi2,30.139,ok,,9,ok,9,,ue1_qfi2,0.9591168,ok,0.9490355653491624,proxy,5,0.9115524151111571,43351273.6,ok,0.018070454545454546,ok,0.7018511363636364,0.0660953125,ok,ue1_qfi82,0.0,99,10.0,data,ok,0.0,ue5_qfi1,33.75,ok,,30.4,ue1_qfi2,0,0.0,0.0,30.303,ok,33.0,,pending,,pending,mixed,0,0,16,TwoTier,1746484539,False
ue13_qfi2,25.901,33.725,56.737,59.249,ok,0.003770038266741789,ok,ue7_qfi85,1,1,1,2042.2500000000002,data,ok,2.0,False,,proxy,3,0,,ue1_qfi2,1.0,152,150.0,ok,,ue13_qfi2,60.872,ok,,13,ok,13,,ue7_qfi2,0.9625556,ok,0.9844313337463124,proxy,5,0.9825395721426061,60146497.6,ok,0.01488409090909091,ok,0.8636840909090909,0.0805125,ok,ue1_qfi82,0.0,99,10.0,data,ok,0.0,ue6_qfi9,48.0,ok,,30.4,ue1_qfi2,0,0.0,0.0,30.303,ok,33.0,,pending,,pending,ugv_heavy,0,0,16,PF,1826701614,False
ue10_qfi9,12.25,62.75,62.75,62.75,ok,0.005173243761671573,ok,ue7_qfi85,1,1,1,2042.5000000000005,data,ok,2.0,False,,proxy,3,0,,ue12_qfi2,0.993421052631579,152,150.0,ok,,ue13_qfi2,38.318,ok,,13,ok,13,,ue8_qfi2,0.9623231999999999,ok,0.9556423313449673,proxy,5,0.9385946422387254,60056513.6,ok,0.015506818181818182,ok,0.8988170454545454,0.163234375,ok,ue1_qfi82,0.0,99,10.0,data,ok,0.0,ue10_qfi9,50.5,ok,,30.4,ue1_qfi2,0,0.0,0.0,30.303,ok,33.0,,pending,,pending,ugv_heavy,0,0,16,Reservation,1826701614,False
ue6_qfi9,40.75,148.0,202.75,230.75,ok,0.008802665702531,ok,ue7_qfi85,1,1,1,2042.5000000000005,data,ok,2.0,False,,proxy,3,0,,ue7_qfi2,0.9867549668874173,151,150.0,ok,,ue13_qfi2,112.671,ok,,13,ok,13,,ue4_qfi2,0.955878,ok,0.8721977428849345,proxy,5,0.8563561513175051,59647758.4,ok,0.015138636363636363,ok,0.9306477272727273,0.0471609375,ok,ue1_qfi82,0.0,99,10.0,data,ok,0.0,ue6_qfi9,190.0,ok,,30.4,ue10_qfi2,15,100.25,1153.5,30.303,ok,33.0,,pending,,pending,ugv_heavy,0,0,16,TwoTier,1826701614,False
ue12_qfi2,30.537,129.235,132.184,133.978,ok,0.0048255228652547884,ok,ue10_qfi9,0,1,4,1009.7499999999999,data,ok,2.0,False,,proxy,3,0,,ue12_qfi2,0.9801324503311258,151,150.0,ok,,ue12_qfi2,132.934,ok,,13,ok,13,,ue7_qfi2,0.9596591999999999,ok,0.9829137371190132,proxy,5,0.9782207121884233,60076787.2,ok,0.014488636363636363,ok,0.9053340909090909,0.0877359375,ok,ue1_qfi82,0.0,99,10.0,data,ok,0.0,ue12_qfi2,103.441,ok,,30.0,ue7_qfi2,2,68.0,135.5,30.303,ok,33.0,,pending,,pending,ugv_heavy,0,0,16,PF,1367864806,False
ue2_qfi9,21.0,142.0,170.75,182.25,ok,0.006349684689888295,ok,ue16_qfi83,0,1,1,1736.25,data,ok,2.0,False,,proxy,3,0,,ue13_qfi2,0.9868421052631579,152,150.0,ok,,ue12_qfi2,49.415,ok,,13,ok,13,,ue7_qfi2,0.959738,ok,0.9370244005081444,proxy,5,0.8892757977909793,59965928.0,ok,0.015,ok,0.9190625,0.1905078125,ok,ue1_qfi82,0.0,99,10.0,data,ok,0.0,ue2_qfi9,161.25,ok,,30.4,ue9_qfi2,2,73.5,140.25,30.303,ok,33.0,,pending,,pending,ugv_heavy,0,0,16,Reservation,1367864806,False
ue4_qfi9,119.5,256.5,281.75,291.5,ok,0.01190737521644266,ok,ue11_qfi9,0,2,3,1977.2500000000002,data,ok,2.0,False,,proxy,3,0,,ue13_qfi2,0.9932885906040269,149,150.0,ok,,ue12_qfi2,118.479,ok,,13,ok,13,,ue11_qfi2,0.9565212,ok,0.8382300863292198,proxy,5,0.7644778377255982,59309548.8,ok,0.014643181818181817,ok,0.9331602272727273,0.0473578125,ok,ue1_qfi82,0.0,99,10.0,data,ok,0.0,ue1_qfi9,214.75,ok,,29.8,ue12_qfi2,23,86.25,1714.0,30.303,ok,33.0,,pending,,pending,ugv_heavy,0,0,16,TwoTier,1367864806,False
ue1_qfi9,11.0,88.75,118.0,129.25,ok,0.004504199940935307,ok,ue1_qfi85,0,1,2,1654.0000000000005,data,ok,2.0,False,,proxy,3,0,,ue2_qfi2,0.993421052631579,152,150.0,ok,,ue13_qfi2,86.205,ok,,13,ok,13,,ue2_qfi2,0.9519708,ok,0.9790274491666473,proxy,5,0.9750004555523816,60075000.0,ok,0.015111363636363636,ok,0.8991363636363636,0.0856921875,ok,ue1_qfi82,0.0,99,10.0,data,ok,0.0,ue1_qfi9,118.25,ok,,30.2,ue2_qfi2,1,73.5,73.5,30.303,ok,33.0,,pending,,pending,ugv_heavy,0,0,16,PF,1097657231,False
ue1_qfi9,22.75,103.75,136.75,155.75,ok,0.005873043717843313,ok,ue1_qfi85,0,1,2,1653.75,data,ok,2.0,False,,proxy,3,0,,ue2_qfi2,0.9933774834437086,151,150.0,ok,,ue9_qfi2,38.8,ok,,12,ok,13,,ue2_qfi2,0.9465848,ok,0.9449733132776229,proxy,5,0.9179279687508294,59972916.8,ok,0.015590909090909091,ok,0.9181102272727273,0.18798125,ok,ue1_qfi82,0.0,99,10.0,data,ok,0.0,ue1_qfi9,133.0,ok,,30.4,ue10_qfi2,1,86.25,86.25,30.303,ok,33.0,,pending,,pending,ugv_heavy,0,0,16,Reservation,1097657231,False
ue8_qfi9,62.0,268.5,288.0,294.5,ok,0.011725703568633217,ok,ue1_qfi85,0,1,2,1653.75,data,ok,2.0,False,,proxy,3,0,,ue5_qfi2,0.9867549668874173,151,150.0,ok,,ue13_qfi2,107.93,ok,,13,ok,13,,ue2_qfi2,0.9531415999999999,ok,0.8457169803613477,proxy,5,0.7993875323542424,59255401.6,ok,0.014456818181818182,ok,0.9315056818181818,0.0488421875,ok,ue1_qfi82,0.0,99,10.0,data,ok,0.0,ue8_qfi9,232.5,ok,,30.2,ue12_qfi2,25,93.5,1923.75,30.303,ok,33.0,,pending,,pending,ugv_heavy,0,0,16,TwoTier,1097657231,False
ue13_qfi2,28.239,63.809,68.934,90.397,ok,0.0037558114957213975,ok,ue2_qfi85,0,1,1,1530.0,data,ok,2.0,False,,proxy,3,0,,ue1_qfi2,1.0,152,150.0,ok,,ue13_qfi2,84.925,ok,,13,ok,13,,ue9_qfi2,0.962812,ok,0.9840954374556912,proxy,5,0.9794388679519856,60317456.0,ok,0.014602272727272728,ok,0.8943670454545455,0.087971875,ok,ue1_qfi82,0.0,99,10.0,data,ok,0.0,ue13_qfi2,62.158,ok,,30.4,ue1_qfi2,0,0.0,0.0,30.303,ok,33.0,,pending,,pending,ugv_heavy,0,0,16,PF,579362555,False
ue5_qfi9,20.25,60.5,81.25,92.5,ok,0.005623187849660397,ok,ue2_qfi85,0,1,1,1530.0,data,ok,2.0,False,,proxy,3,0,,ue1_qfi2,0.9933774834437086,151,150.0,ok,,ue1_qfi2,37.888,ok,,13,ok,13,,ue9_qfi2,0.9572436,ok,0.9506233019713841,proxy,5,0.9242074719739675,60203200.0,ok,0.015520454545454546,ok,0.9140079545454546,0.1823046875,ok,ue1_qfi82,0.0,99,10.0,data,ok,0.0,ue5_qfi9,72.25,ok,,30.2,ue2_qfi2,1,71.75,71.75,30.303,ok,33.0,,pending,,pending,ugv_heavy,0,0,16,Reservation,579362555,False
ue11_qfi9,155.75,299.25,299.25,299.25,ok,0.010180435539092147,ok,ue2_qfi85,0,1,1,1530.0,data,ok,2.0,False,,proxy,3,0,,ue10_qfi2,0.9933333333333333,150,150.0,ok,,ue12_qfi2,115.915,ok,,13,ok,13,,ue9_qfi2,0.9572436,ok,0.8459120977259754,proxy,5,0.8048290274497797,59470147.2,ok,0.014656818181818182,ok,0.9312943181818182,0.0477328125,ok,ue1_qfi82,0.0,99,10.0,data,ok,0.0,ue10_qfi9,239.0,ok,,29.8,ue13_qfi2,24,95.5,1817.25,30.303,ok,33.0,,pending,,pending,ugv_heavy,0,0,16,TwoTier,579362555,False
ue12_qfi2,28.966,58.383,61.532,63.715,ok,0.003998928707948226,ok,ue3_qfi85,1,2,2,2826.0,data,ok,2.0,False,,proxy,3,0,,ue11_qfi2,0.993421052631579,152,150.0,ok,,ue12_qfi2,62.76,ok,,13,ok,13,,ue4_qfi2,0.955492,ok,0.9841284046884582,proxy,5,0.9816762260326962,59967401.6,ok,0.014661363636363636,ok,0.8935681818181819,0.0844046875,ok,ue1_qfi82,0.0,99,10.0,data,ok,0.0,ue3_qfi9,54.75,ok,,30.4,ue1_qfi2,0,0.0,0.0,30.303,ok,33.0,,pending,,pending,ugv_heavy,0,0,16,PF,661058651,False
ue1_qfi9,19.5,58.5,78.0,98.0,ok,0.005684448327021046,ok,ue3_qfi85,1,2,2,2826.0,data,ok,2.0,False,,proxy,3,0,,ue13_qfi2,0.9868421052631579,152,150.0,ok,,ue4_qfi2,37.49,ok,,13,ok,13,,ue4_qfi2,0.9564872,ok,0.9559162827819214,proxy,5,0.9401004682066088,59854537.6,ok,0.015456818181818183,ok,0.9144704545454545,0.18180625,ok,ue1_qfi82,0.0,99,10.0,data,ok,0.0,ue1_qfi9,78.5,ok,,30.0,ue13_qfi2,2,77.25,146.25,30.303,ok,33.0,,pending,,pending,ugv_heavy,0,0,16,Reservation,661058651,False
ue4_qfi9,63.25,200.0,235.5,250.75,ok,0.009916246253006576,ok,ue3_qfi85,1,2,2,2826.0,data,ok,2.0,False,,proxy,3,0,,ue13_qfi2,0.9932885906040269,149,150.0,ok,,ue12_qfi2,111.237,ok,,12,ok,13,,ue11_qfi2,0.9440535999999999,ok,0.8510854832297321,proxy,5,0.8179093920217414,59133108.8,ok,0.014893181818181818,ok,0.9313318181818182,0.0469703125,ok,ue1_qfi82,0.0,99,10.0,data,ok,0.0,ue4_qfi9,187.5,ok,,29.8,ue12_qfi2,27,100.25,2009.0,30.303,ok,33.0,,pending,,pending,ugv_heavy,0,0,16,TwoTier,661058651,False
ue4_qfi9,8.5,56.0,97.0,120.0,ok,0.0039958345104218,ok,ue2_qfi85,1,1,1,2843.75,data,ok,2.0,False,,proxy,3,0,,ue1_qfi2,1.0,152,150.0,ok,,ue13_qfi2,63.5,ok,,13,ok,13,,ue10_qfi2,0.9552912,ok,0.981357003541582,proxy,5,0.9760286334249874,59893852.8,ok,0.014645454545454545,ok,0.8972670454545455,0.0849578125,ok,ue1_qfi82,0.0,99,10.0,data,ok,0.0,ue4_qfi9,111.5,ok,,30.4,ue1_qfi2,0,0.0,0.0,30.303,ok,33.0,,pending,,pending,ugv_heavy,0,0,16,PF,87989972,False
ue2_qfi9,20.5,57.5,80.25,94.75,ok,0.006216564998798484,ok,ue2_qfi85,1,1,1,2843.75,data,ok,2.0,False,,proxy,3,0,,ue7_qfi2,0.993421052631579,152,150.0,ok,,ue13_qfi2,39.953,ok,,13,ok,13,,ue10_qfi2,0.9552848,ok,0.9353707597302368,proxy,5,0.9168086539415473,59759798.4,ok,0.015047727272727273,ok,0.9179159090909091,0.1798828125,ok,ue1_qfi82,0.0,99,10.0,data,ok,0.0,ue2_qfi9,74.25,ok,,30.2,ue7_qfi2,1,75.25,75.25,30.303,ok,33.0,,pending,,pending,ugv_heavy,0,0,16,Reservation,87989972,False
ue3_qfi9,87.75,241.0,271.0,284.25,ok,0.01062888908806098,ok,ue10_qfi9,1,2,2,3174.75,data,ok,2.0,False,,proxy,3,0,,ue2_qfi2,0.993421052631579,152,150.0,ok,,ue12_qfi2,112.494,ok,,12,ok,13,,ue10_qfi2,0.949418,ok,0.8163651181489511,proxy,5,0.7719437668805625,59186467.2,ok,0.014809090909090909,ok,0.9297034090909091,0.0462296875,ok,ue1_qfi82,0.0,99,10.0,data,ok,0.0,ue7_qfi9,201.0,ok,,30.4,ue6_qfi2,30,105.75,2267.5,30.303,ok,33.0,,pending,,pending,ugv_heavy,0,0,16,TwoTier,87989972,False
ue13_qfi2,26.896,61.053,66.077,87.303,ok,0.0040805258886964044,ok,ue4_qfi85,1,1,1,2532.5,data,ok,2.0,False,,proxy,3,0,,ue1_qfi2,1.0,152,150.0,ok,,ue13_qfi2,66.327,ok,,13,ok,13,,ue6_qfi2,0.9606088,ok,0.9824096763295307,proxy,5,0.9788237159956774,59908232.0,ok,0.01545,ok,0.9020829545454545,0.0870265625,ok,ue1_qfi82,0.0,99,10.0,data,ok,0.0,ue5_qfi9,63.5,ok,,30.2,ue12_qfi2,1,66.25,66.25,30.303,ok,33.0,,pending,,pending,ugv_heavy,0,0,16,PF,161576974,False
ue3_qfi9,24.0,59.75,75.5,92.75,ok,0.0060884471115704615,ok,ue4_qfi85,1,1,1,2532.5,data,ok,2.0,False,,proxy,3,0,,ue5_qfi2,0.993421052631579,152,150.0,ok,,ue3_qfi2,39.816,ok,,13,ok,13,,ue6_qfi2,0.9538211999999999,ok,0.9430894366110778,proxy,5,0.9281291301752349,59800979.2,ok,0.016036363636363637,ok,0.9219090909090909,0.18918125,ok,ue1_qfi82,0.0,99,10.0,data,ok,0.0,ue3_qfi9,68.75,ok,,30.2,ue5_qfi2,1,82.25,82.25,30.303,ok,33.0,,pending,,pending,ugv_heavy,0,0,16,Reservation,161576974,False
ue6_qfi9,71.0,196.5,270.5,284.25,ok,0.010370529485164032,ok,ue4_qfi85,1,1,1,2532.2500000000005,data,ok,2.0,False,,proxy,3,0,,ue12_qfi2,0.9867549668874173,151,150.0,ok,,ue12_qfi2,105.628,ok,,13,ok,13,,ue6_qfi2,0.9539411999999999,ok,0.8359816952774365,proxy,5,0.8079203021595452,59223529.6,ok,0.015038636363636363,ok,0.9344,0.0484546875,ok,ue1_qfi82,0.0,99,10.0,data,ok,0.0,ue6_qfi9,213.25,ok,,30.2,ue3_qfi2,23,92.5,1763.0,30.303,ok,33.0,,pending,,pending,ugv_heavy,0,0,16,TwoTier,161576974,False
ue4_qfi9,10.5,45.5,63.25,74.5,ok,0.00399417563221718,ok,ue11_qfi9,0,2,4,1008.7500000000005,data,ok,2.0,False,,proxy,3,0,,ue1_qfi2,1.0,152,150.0,ok,,ue13_qfi2,61.379,ok,,13,ok,13,,ue10_qfi2,0.9637156,ok,0.9828971828539574,proxy,5,0.9795597398389085,60254360.0,ok,0.01458409090909091,ok,0.8843875,0.0830109375,ok,ue1_qfi82,0.0,99,10.0,data,ok,0.0,ue4_qfi9,64.0,ok,,30.2,ue13_qfi2,1,66.0,66.0,30.303,ok,33.0,,pending,,pending,ugv_heavy,0,0,16,PF,35492826,False
ue4_qfi9,17.75,52.25,68.75,76.0,ok,0.005619451887389607,ok,ue11_qfi9,0,2,4,1017.2499999999998,data,ok,2.0,False,,proxy,3,0,,ue8_qfi2,0.9933774834437086,151,150.0,ok,,ue13_qfi2,37.629,ok,,13,ok,13,,ue5_qfi2,0.966348,ok,0.9514577930519023,proxy,5,0.9302437647331767,60149278.4,ok,0.015063636363636364,ok,0.9109045454545455,0.1746109375,ok,ue1_qfi82,0.0,99,10.0,data,ok,0.0,ue4_qfi9,58.25,ok,,30.0,ue8_qfi2,1,84.25,84.25,30.303,ok,33.0,,pending,,pending,ugv_heavy,0,0,16,Reservation,35492826,False
ue2_qfi9,66.75,168.75,249.25,271.0,ok,0.009864358754484832,ok,ue10_qfi9,1,1,1,4062.0000000000005,data,ok,2.0,False,,proxy,3,0,,ue1_qfi2,1.0,151,150.0,ok,,ue12_qfi2,111.083,ok,,13,ok,13,,ue10_qfi2,0.9582491999999999,ok,0.8342841115201074,proxy,5,0.7906509394902935,59604561.6,ok,0.014938636363636364,ok,0.9329204545454546,0.0465140625,ok,ue1_qfi82,0.0,99,10.0,data,ok,0.0,ue2_qfi9,204.25,ok,,30.2,ue12_qfi2,20,92.25,1528.75,30.303,ok,33.0,,pending,,pending,ugv_heavy,0,0,16,TwoTier,35492826,False
ue6_qfi9,12.5,103.75,173.5,189.5,ok,0.004109028299160774,ok,ue9_qfi85,0,1,1,1480.0,data,ok,2.0,False,,proxy,3,0,,ue10_qfi2,0.993421052631579,152,150.0,ok,,ue13_qfi2,62.493,ok,,13,ok,13,,ue9_qfi2,0.9543844,ok,0.9819576234575121,proxy,5,0.9782619363026787,60016260.8,ok,0.014661363636363636,ok,0.8975488636363637,0.084740625,ok,ue1_qfi82,0.0,99,10.0,data,ok,0.0,ue6_qfi9,177.0,ok,,30.4,ue1_qfi2,0,0.0,0.0,30.303,ok,33.0,,pending,,pending,ugv_heavy,0,0,16,PF,376383645,False
ue5_qfi9,21.25,66.25,92.0,108.5,ok,0.006077427919831418,ok,ue9_qfi85,0,1,1,1480.0,data,ok,2.0,False,,proxy,3,0,,ue9_qfi2,0.9802631578947368,152,150.0,ok,,ue13_qfi2,41.12,ok,,13,ok,13,,ue9_qfi2,0.95594,ok,0.9403520275581464,proxy,5,0.9233983080762047,59846296.0,ok,0.015311363636363637,ok,0.9191284090909091,0.1844890625,ok,ue1_qfi82,0.0,99,10.0,data,ok,0.0,ue5_qfi9,87.25,ok,,29.8,ue9_qfi2,1,71.5,71.5,30.303,ok,33.0,,pending,,pending,ugv_heavy,0,0,16,Reservation,376383645,False
ue4_qfi9,95.5,271.25,284.0,291.25,ok,0.010390066668840884,ok,ue11_qfi9,1,1,2,2075.5,data,ok,2.0,False,,proxy,3,0,,ue11_qfi2,0.9866666666666667,150,150.0,ok,,ue13_qfi2,104.895,ok,,13,ok,13,,ue9_qfi2,0.9524628,ok,0.8343717826311259,proxy,5,0.7931072958467601,59183422.4,ok,0.015218181818181818,ok,0.9338011363636364,0.0472796875,ok,ue1_qfi82,0.0,99,10.0,data,ok,0.0,ue4_qfi9,195.75,ok,,30.2,ue1_qfi2,24,101.25,1823.75,30.303,ok,33.0,,pending,,pending,ugv_heavy,0,0,16,TwoTier,376383645,False
ue8_qfi9,13.5,86.25,132.75,148.75,ok,0.004056122613973016,ok,ue7_qfi85,1,1,1,2512.5,data,ok,2.0,False,,proxy,3,0,,ue7_qfi2,0.993421052631579,152,150.0,ok,,ue12_qfi2,65.027,ok,,13,ok,13,,ue7_qfi2,0.953474,ok,0.9817108534610757,proxy,5,0.979212082617957,60118752.0,ok,0.014913636363636363,ok,0.8914443181818181,0.083828125,ok,ue1_qfi82,0.0,99,10.0,data,ok,0.0,ue8_qfi9,135.25,ok,,30.4,ue1_qfi2,0,0.0,0.0,30.303,ok,33.0,,pending,,pending,ugv_heavy,0,0,16,PF,1746484539,False
ue9_qfi9,19.75,81.0,113.0,128.25,ok,0.005828556285952453,ok,ue7_qfi85,1,1,1,2512.5,data,ok,2.0,False,,proxy,3,0,,ue4_qfi2,0.993421052631579,152,150.0,ok,,ue2_qfi2,37.973,ok,,13,ok,13,,ue7_qfi2,0.9552155999999999,ok,0.9398357488071477,proxy,5,0.9301422973357589,60004798.4,ok,0.01571818181818182,ok,0.9165295454545455,0.176625,ok,ue1_qfi82,0.0,99,10.0,data,ok,0.0,ue9_qfi9,108.5,ok,,30.2,ue4_qfi2,1,72.0,72.0,30.303,ok,33.0,,pending,,pending,ugv_heavy,0,0,16,Reservation,1746484539,False
ue8_qfi9,70.75,256.5,276.5,286.5,ok,0.010236179939434155,ok,ue7_qfi85,1,1,1,2512.5,data,ok,2.0,False,,proxy,3,0,,ue10_qfi2,0.9933774834437086,151,150.0,ok,,ue12_qfi2,97.835,ok,,12,ok,13,,ue11_qfi2,0.9480411999999999,ok,0.8356840383511667,proxy,5,0.7770063353618378,59435723.2,ok,0.015047727272727273,ok,0.9317090909090909,0.047559375,ok,ue1_qfi82,0.0,99,10.0,data,ok,0.0,ue8_qfi9,215.75,ok,,30.2,ue12_qfi2,25,93.0,1893.5,30.303,ok,33.0,,pending,,pending,ugv_heavy,0,0,16,TwoTier,1746484539,False
ue1_qfi4,243.0,275.75,275.75,275.75,ok,0.04406201490851215,ok,ue1_qfi83,1,1,1,2344.2499999999995,data,ok,2.0,False,,proxy,3,0,,ue1_qfi2,0.5855263157894737,152,150.0,ok,,ue13_qfi2,63.225,ok,,12,ok,14,,ue1_qfi4,0.33284946666666665,ok,0.9685372733192018,proxy,5,0.9392924671071283,62296707.2,ok,0.014961363636363637,ok,0.8897931818181818,0.0812140625,ok,ue1_qfi82,0.0,99,10.0,data,ok,0.0,ue1_qfi9,264.25,ok,,17.8,ue1_qfi2,1,2224.75,2224.75,30.303,ok,33.0,,pending,,pending,ugv_heavy,1,1,16,PF,1826701614,True
ue1_qfi9,15.25,193.25,268.5,283.5,ok,0.030554096739265617,ok,ue1_qfi83,1,1,1,2286.7499999999995,data,ok,2.0,False,,proxy,3,0,,ue1_qfi2,0.618421052631579,152,150.0,ok,,ue1_qfi2,111.214,ok,,12,ok,14,,ue1_qfi4,0.39963706666666665,ok,0.9077053953000298,proxy,5,0.859390889035239,63161536.0,ok,0.015206818181818182,ok,0.9122977272727273,0.1686640625,ok,ue1_qfi82,0.0,99,10.0,data,ok,0.0,ue1_qfi9,268.25,ok,,18.8,ue1_qfi2,3,1336.0,2134.75,30.303,ok,33.0,,pending,,pending,ugv_heavy,1,1,16,Reservation,1826701614,True
ue9_qfi9,82.75,283.75,293.25,296.75,ok,0.02645489966209227,ok,ue11_qfi9,1,2,2,3231.5000000000005,data,ok,2.0,False,,proxy,3,0,,ue10_qfi2,0.8618421052631579,152,150.0,ok,,ue10_qfi2,126.19,ok,,10,ok,14,,ue1_qfi4,0.4,ok,0.8271577381717148,proxy,5,0.74695980558771,63256940.8,ok,0.014661363636363636,ok,0.9285102272727273,0.046471875,ok,ue1_qfi82,0.0,99,10.0,data,ok,0.0,ue1_qfi9,256.25,ok,,29.6,ue8_qfi2,18,189.25,1729.5,30.303,ok,33.0,,pending,,pending,ugv_heavy,1,1,16,TwoTier,1826701614,True
ue1_qfi9,7.75,178.25,265.0,285.0,ok,0.05862035042908241,ok,ue1_qfi83,1,1,1,2340.4999999999995,data,ok,2.0,False,,proxy,3,0,,ue1_qfi2,0.5855263157894737,152,150.0,ok,,ue12_qfi2,131.485,ok,,12,ok,14,,ue1_qfi4,0.2710952,ok,0.9667929364728179,proxy,5,0.9349000626801359,61374012.8,ok,0.014302272727272728,ok,0.9183613636363637,0.0874953125,ok,ue1_qfi82,0.0,98,10.0,data,ok,0.0,ue1_qfi9,277.25,ok,,26.2,ue12_qfi2,5,297.5,822.0,30.303,ok,33.0,,pending,,pending,ugv_heavy,1,1,16,PF,1367864806,True
ue9_qfi9,52.5,274.5,291.0,295.0,ok,0.04416068744857022,ok,ue16_qfi83,1,1,1,3482.5,data,ok,2.0,False,,proxy,3,0,,ue1_qfi2,0.5855263157894737,152,150.0,ok,,ue12_qfi2,98.395,ok,,12,ok,14,,ue1_qfi4,0.35247293333333335,ok,0.8822648444963314,proxy,5,0.8192648190524691,62271614.4,ok,0.015111363636363636,ok,0.9273761363636364,0.1996453125,ok,ue1_qfi82,0.0,99,10.0,data,ok,0.0,ue1_qfi9,242.75,ok,,30.0,ue9_qfi2,8,79.25,569.5,30.303,ok,33.0,,pending,,pending,ugv_heavy,1,1,16,Reservation,1367864806,True
ue4_qfi9,134.5,286.25,294.75,297.5,ok,0.04681720572842128,ok,ue6_qfi83,0,1,2,1369.9999999999998,data,ok,2.0,False,,proxy,3,0,,ue5_qfi2,0.9072847682119205,151,150.0,ok,,ue11_qfi2,140.632,ok,,6,ok,14,,ue1_qfi4,0.4,ok,0.7602695133386704,proxy,5,0.6564380607071619,61771134.4,ok,0.014447727272727274,ok,0.9327215909090909,0.0464,ok,ue1_qfi82,0.0,99,10.0,data,ok,0.0,ue2_qfi9,222.75,ok,,29.6,ue8_qfi2,25,205.0,2370.5,30.303,ok,33.0,,pending,,pending,ugv_heavy,1,1,16,TwoTier,1367864806,True
ue1_qfi9,14.0,231.75,268.5,288.75,ok,0.05755081684687662,ok,ue1_qfi83,1,1,1,2941.0,data,ok,2.0,False,,proxy,3,0,,ue1_qfi2,0.5789473684210527,152,150.0,ok,,ue13_qfi2,147.541,ok,,12,ok,14,,ue1_qfi4,0.2742465333333333,ok,0.960572629544866,proxy,5,0.9398184163573449,61323684.8,ok,0.014729545454545455,ok,0.9148443181818182,0.08604375,ok,ue1_qfi82,0.0,99,10.0,data,ok,0.0,ue1_qfi9,274.75,ok,,27.6,ue13_qfi2,5,130.5,476.0,30.303,ok,33.0,,pending,,pending,ugv_heavy,1,1,16,PF,1097657231,True
ue1_qfi9,34.5,174.25,246.25,272.0,ok,0.055723333802260425,ok,ue1_qfi83,1,1,1,2174.7500000000005,data,ok,2.0,False,,proxy,3,0,,ue1_qfi2,0.6357615894039735,151,150.0,ok,,ue1_qfi2,102.25,ok,,10,ok,14,,ue1_qfi4,0.39996160000000003,ok,0.9031019390734174,proxy,5,0.8587487127041779,61476950.4,ok,0.01534090909090909,ok,0.9248204545454546,0.190334375,ok,ue1_qfi82,0.0,99,10.0,data,ok,0.0,ue1_qfi9,237.5,ok,,19.2,ue1_qfi2,3,1475.25,2057.5,30.303,ok,33.0,,pending,,pending,ugv_heavy,1,1,16,Reservation,1097657231,True
ue2_qfi9,104.75,289.25,296.0,298.25,ok,0.042111918878252295,ok,ue1_qfi85,0,1,2,1653.75,data,ok,2.0,False,,proxy,3,0,,ue13_qfi2,0.9470198675496688,151,150.0,ok,,ue13_qfi2,126.417,ok,,9,ok,14,,ue1_qfi4,0.4,ok,0.7846978615398197,proxy,5,0.6873805841077393,62031822.4,ok,0.014672727272727273,ok,0.9309727272727273,0.04825,ok,ue1_qfi82,0.0,99,10.0,data,ok,0.0,ue2_qfi9,193.5,ok,,30.2,ue12_qfi2,32,95.0,2458.5,30.303,ok,33.0,,pending,,pending,ugv_heavy,1,1,16,TwoTier,1097657231,True
ue1_qfi4,209.75,274.5,274.5,274.5,ok,0.04991109222118805,ok,ue1_qfi83,1,1,1,2380.25,data,ok,2.0,False,,proxy,3,0,,ue1_qfi2,0.5723684210526315,152,150.0,ok,,ue13_qfi2,66.152,ok,,12,ok,14,,ue1_qfi4,0.3020834666666667,ok,0.9681727651720132,proxy,5,0.9403338580962222,62106899.2,ok,0.014918181818181818,ok,0.9168488636363636,0.088503125,ok,ue1_qfi82,0.0,99,10.0,data,ok,0.0,ue1_qfi9,263.75,ok,,17.4,ue1_qfi2,1,2286.5,2286.5,30.303,ok,33.0,,pending,,pending,ugv_heavy,1,1,16,PF,579362555,True
ue1_qfi4,140.5,298.5,298.5,298.5,ok,0.03730143205763101,ok,ue16_qfi83,1,1,1,2984.25,data,ok,2.0,False,,proxy,3,0,,ue1_qfi2,0.5855263157894737,152,150.0,ok,,ue1_qfi2,56.274,ok,,12,ok,14,,ue1_qfi4,0.3823996,ok,0.9002178385503766,proxy,5,0.8513569803226483,62905780.8,ok,0.015579545454545455,ok,0.9259,0.1918234375,ok,ue1_qfi82,0.0,99,10.0,data,ok,0.0,ue1_qfi9,248.0,ok,,30.4,ue7_qfi2,2,80.25,152.5,30.303,ok,33.0,,pending,,pending,ugv_heavy,1,1,16,Reservation,579362555,True
ue7_qfi9,163.25,286.5,294.5,297.25,ok,0.0364060590083745,ok,ue10_qfi1,1,1,1,2821.25,data,ok,2.0,False,,proxy,3,0,,ue8_qfi2,0.9271523178807947,151,150.0,ok,,ue10_qfi2,130.328,ok,,10,ok,14,,ue1_qfi4,0.4,ok,0.7900526491119412,proxy,5,0.7093540531582848,62555982.4,ok,0.014731818181818181,ok,0.9334272727272728,0.046671875,ok,ue1_qfi82,0.0,99,10.0,data,ok,0.0,ue9_qfi9,215.25,ok,,30.4,ue1_qfi2,26,164.0,2463.0,30.303,ok,33.0,,pending,,pending,ugv_heavy,1,1,16,TwoTier,579362555,True
ue1_qfi4,242.0,273.5,273.5,273.5,ok,0.054911891416620257,ok,ue3_qfi85,1,2,2,2827.5,data,ok,2.0,False,,proxy,3,0,,ue1_qfi2,0.5789473684210527,152,150.0,ok,,ue1_qfi2,64.936,ok,,12,ok,14,,ue1_qfi4,0.2743393333333333,ok,0.9688814657636702,proxy,5,0.9397302993710234,61451844.8,ok,0.014856818181818181,ok,0.9112147727272727,0.0855640625,ok,ue1_qfi82,0.0,99,10.0,data,ok,0.0,ue1_qfi9,259.5,ok,,17.6,ue1_qfi2,1,2260.0,2260.0,30.303,ok,33.0,,pending,,pending,ugv_heavy,1,1,16,PF,661058651,True
ue1_qfi9,22.0,170.25,243.5,270.5,ok,0.04493504568916269,ok,ue3_qfi85,1,2,2,2826.0,data,ok,2.0,False,,proxy,3,0,,ue1_qfi2,0.5960264900662252,151,150.0,ok,,ue1_qfi2,40.993,ok,,11,ok,14,,ue1_qfi4,0.399846,ok,0.9034457241609586,proxy,5,0.8573902268190856,62056688.0,ok,0.015206818181818182,ok,0.9236875,0.1833421875,ok,ue1_qfi82,0.0,99,10.0,data,ok,0.0,ue1_qfi9,248.5,ok,,30.0,ue6_qfi2,2,76.5,144.75,30.303,ok,33.0,,pending,,pending,ugv_heavy,1,1,16,Reservation,661058651,True
ue8_qfi9,84.75,280.0,292.0,296.25,ok,0.042020057777873376,ok,ue3_qfi85,1,2,2,2826.0,data,ok,2.0,False,,proxy,3,0,,ue11_qfi2,0.9403973509933775,151,150.0,ok,,ue12_qfi2,127.714,ok,,5,ok,14,,ue1_qfi4,0.4,ok,0.8131598933360763,proxy,5,0.746636042993423,61933524.8,ok,0.014768181818181817,ok,0.9318522727272728,0.0456953125,ok,ue1_qfi82,0.0,99,10.0,data,ok,0.0,ue2_qfi9,219.25,ok,,28.6,ue6_qfi2,26,277.0,2608.5,30.303,ok,33.0,,pending,,pending,ugv_heavy,1,1,16,TwoTier,661058651,True
ue1_qfi9,13.5,164.75,244.0,272.5,ok,0.05621621701547898,ok,ue2_qfi85,1,1,1,2843.75,data,ok,2.0,False,,proxy,3,0,,ue1_qfi2,0.5789473684210527,152,150.0,ok,,ue13_qfi2,125.603,ok,,12,ok,14,,ue1_qfi4,0.2716512,ok,0.9639966344346341,proxy,5,0.9285719430754727,61281416.0,ok,0.014554545454545454,ok,0.9114761363636363,0.084609375,ok,ue1_qfi82,0.0,98,10.0,data,ok,0.0,ue1_qfi9,259.0,ok,,29.6,ue13_qfi2,2,99.5,181.0,30.303,ok,33.0,,pending,,pending,ugv_heavy,1,1,16,PF,87989972,True
ue1_qfi4,239.25,299.0,299.0,299.0,ok,0.0496801824282076,ok,ue2_qfi85,1,1,1,2843.75,data,ok,2.0,False,,proxy,3,0,,ue1_qfi2,0.6118421052631579,152,150.0,ok,,ue1_qfi2,83.153,ok,,11,ok,14,,ue1_qfi4,0.4,ok,0.8826824836615763,proxy,5,0.8245207849695331,61685537.6,ok,0.014827272727272727,ok,0.9223147727272727,0.1843625,ok,ue1_qfi82,0.0,99,10.0,data,ok,0.0,ue1_qfi9,264.75,ok,,18.6,ue1_qfi2,2,1844.25,2120.75,30.303,ok,33.0,,pending,,pending,ugv_heavy,1,1,16,Reservation,87989972,True
ue3_qfi9,127.5,286.0,295.0,297.75,ok,0.042094507021425,ok,ue2_qfi85,1,1,1,2843.75,data,ok,2.0,False,,proxy,3,0,,ue3_qfi2,0.9470198675496688,151,150.0,ok,,ue12_qfi2,130.369,ok,,5,ok,14,,ue1_qfi4,0.4,ok,0.7637547158251101,proxy,5,0.6784014983763779,61906998.4,ok,0.014702272727272727,ok,0.9303227272727272,0.0450796875,ok,ue1_qfi82,0.0,99,10.0,data,ok,0.0,ue5_qfi9,211.75,ok,,29.6,ue6_qfi2,27,268.5,2553.0,30.303,ok,33.0,,pending,,pending,ugv_heavy,1,1,16,TwoTier,87989972,True
ue1_qfi9,8.75,186.0,243.75,271.0,ok,0.05315012423716098,ok,ue4_qfi85,1,1,1,2532.5,data,ok,2.0,False,,proxy,3,0,,ue1_qfi2,0.5789473684210527,152,150.0,ok,,ue12_qfi2,118.371,ok,,12,ok,14,,ue1_qfi4,0.28372186666666666,ok,0.9671078306763272,proxy,5,0.9397347968723692,61518860.8,ok,0.014886363636363637,ok,0.9211340909090909,0.087653125,ok,ue1_qfi82,0.0,99,10.0,data,ok,0.0,ue1_qfi9,262.25,ok,,17.6,ue1_qfi2,1,2257.25,2257.25,30.303,ok,33.0,,pending,,pending,ugv_heavy,1,1,16,PF,161576974,True
ue1_qfi9,23.0,210.75,266.0,287.25,ok,0.04379192499796256,ok,ue4_qfi85,1,1,1,2532.5,data,ok,2.0,False,,proxy,3,0,,ue1_qfi2,0.5960264900662252,151,150.0,ok,,ue12_qfi2,95.871,ok,,11,ok,14,,ue1_qfi4,0.39992306666666666,ok,0.8994973513045201,proxy,5,0.8455502395962894,62123372.8,ok,0.015595454545454546,ok,0.9285545454545454,0.191871875,ok,ue1_qfi82,0.0,99,10.0,data,ok,0.0,ue1_qfi9,264.25,ok,,18.0,ue1_qfi2,1,2150.0,2150.0,30.303,ok,33.0,,pending,,pending,ugv_heavy,1,1,16,Reservation,161576974,True
ue7_qfi9,165.75,284.0,293.25,296.75,ok,0.03537154402975061,ok,ue11_qfi1,1,1,1,3303.75,data,ok,2.0,False,,proxy,3,0,,ue4_qfi2,0.9470198675496688,151,150.0,ok,,ue10_qfi2,131.967,ok,,6,ok,14,,ue1_qfi4,0.4,ok,0.7846473354202829,proxy,5,0.7373876447072465,62322897.6,ok,0.014879545454545454,ok,0.9331795454545454,0.0469796875,ok,ue1_qfi82,0.0,99,10.0,data,ok,0.0,ue2_qfi9,200.5,ok,,29.4,ue3_qfi2,28,211.5,2521.75,30.303,ok,33.0,,pending,,pending,ugv_heavy,1,1,16,TwoTier,161576974,True
ue1_qfi4,239.5,299.75,299.75,299.75,ok,0.050270425529746074,ok,ue1_qfi83,1,1,1,2345.75,data,ok,2.0,False,,proxy,3,0,,ue1_qfi2,0.5855263157894737,152,150.0,ok,,ue1_qfi2,62.66,ok,,12,ok,14,,ue1_qfi4,0.2986241333333333,ok,0.9685222115088721,proxy,5,0.9401732206834874,62018243.2,ok,0.014877272727272727,ok,0.9078602272727273,0.0842578125,ok,ue1_qfi82,0.0,99,10.0,data,ok,0.0,ue1_qfi9,266.5,ok,,17.8,ue1_qfi2,1,2231.5,2231.5,30.303,ok,33.0,,pending,,pending,ugv_heavy,1,1,16,PF,35492826,True
ue1_qfi4,208.25,294.25,294.25,294.25,ok,0.039291216369959636,ok,ue1_qfi83,1,1,1,2341.5,data,ok,2.0,False,,proxy,3,0,,ue1_qfi2,0.5827814569536424,151,150.0,ok,,ue1_qfi2,79.74,ok,,12,ok,14,,ue1_qfi4,0.37344533333333335,ok,0.9001682234357009,proxy,5,0.8494917664881855,62728520.0,ok,0.015040909090909091,ok,0.9218647727272727,0.183940625,ok,ue1_qfi82,0.0,99,10.0,data,ok,0.0,ue1_qfi9,257.5,ok,,30.4,ue5_qfi2,2,71.5,139.5,30.303,ok,33.0,,pending,,pending,ugv_heavy,1,1,16,Reservation,35492826,True
ue3_qfi9,109.25,282.25,293.0,296.75,ok,0.039595628944160494,ok,ue10_qfi9,1,1,1,4059.75,data,ok,2.0,False,,proxy,3,0,,ue2_qfi2,0.8675496688741722,151,150.0,ok,,ue4_qfi2,126.052,ok,,8,ok,14,,ue1_qfi4,0.4,ok,0.7997995284135658,proxy,5,0.7324994020891447,62503963.199999996,ok,0.014886363636363637,ok,0.9343954545454546,0.045509375,ok,ue1_qfi82,0.0,99,10.0,data,ok,0.0,ue4_qfi9,228.75,ok,,30.0,ue6_qfi2,22,189.75,1966.25,30.303,ok,33.0,,pending,,pending,ugv_heavy,1,1,16,TwoTier,35492826,True
ue6_qfi9,11.25,149.75,241.0,272.25,ok,0.0602814137369818,ok,ue1_qfi83,1,1,1,2345.25,data,ok,2.0,False,,proxy,3,0,,ue1_qfi2,0.5789473684210527,152,150.0,ok,,ue13_qfi2,67.631,ok,,12,ok,14,,ue1_qfi4,0.24871706666666665,ok,0.9651218397326259,proxy,5,0.9298261281178225,61139691.2,ok,0.014838636363636363,ok,0.9123397727272727,0.0850859375,ok,ue1_qfi82,0.0,99,10.0,data,ok,0.0,ue1_qfi9,262.0,ok,,17.6,ue1_qfi2,1,2247.0,2247.0,30.303,ok,33.0,,pending,,pending,ugv_heavy,1,1,16,PF,376383645,True
ue6_qfi9,46.75,264.75,283.25,290.75,ok,0.04947832453663826,ok,ue16_qfi83,1,1,1,2885.25,data,ok,2.0,False,,proxy,3,0,,ue1_qfi2,0.5855263157894737,152,150.0,ok,,ue1_qfi2,72.25,ok,,11,ok,14,,ue1_qfi4,0.35885320000000004,ok,0.8893401323867403,proxy,5,0.8190413242243968,61805702.4,ok,0.015465909090909091,ok,0.9251306818181818,0.193484375,ok,ue1_qfi82,0.0,99,10.0,data,ok,0.0,ue1_qfi9,252.25,ok,,30.4,ue5_qfi2,5,107.5,395.25,30.303,ok,33.0,,pending,,pending,ugv_heavy,1,1,16,Reservation,376383645,True
ue4_qfi9,143.75,279.75,292.0,296.25,ok,0.04399749948472329,ok,ue9_qfi85,0,1,1,1480.0,data,ok,2.0,False,,proxy,3,0,,ue6_qfi2,0.9470198675496688,151,150.0,ok,,ue11_qfi2,135.371,ok,,6,ok,14,,ue1_qfi4,0.4,ok,0.7917132090977834,proxy,5,0.707159163672681,61669640.0,ok,0.015313636363636364,ok,0.9341443181818182,0.046325,ok,ue1_qfi82,0.0,99,10.0,data,ok,0.0,ue3_qfi9,192.0,ok,,30.0,ue1_qfi2,27,180.0,2575.25,30.303,ok,33.0,,pending,,pending,ugv_heavy,1,1,16,TwoTier,376383645,True
ue1_qfi9,11.25,174.0,256.0,282.75,ok,0.05932538337052385,ok,ue7_qfi85,1,1,1,2512.75,data,ok,2.0,False,,proxy,3,0,,ue1_qfi2,0.5789473684210527,152,150.0,ok,,ue1_qfi2,93.38,ok,,12,ok,14,,ue1_qfi4,0.25378453333333334,ok,0.9642252328886967,proxy,5,0.9317618389885854,61303291.2,ok,0.01491590909090909,ok,0.9068011363636364,0.083846875,ok,ue1_qfi82,0.0,99,10.0,data,ok,0.0,ue1_qfi9,271.5,ok,,17.6,ue1_qfi2,1,2269.5,2269.5,30.303,ok,33.0,,pending,,pending,ugv_heavy,1,1,16,PF,1746484539,True
ue1_qfi4,214.5,300.0,300.0,300.0,ok,0.046099496454476106,ok,ue16_qfi83,1,1,2,2886.25,data,ok,2.0,False,,proxy,3,0,,ue1_qfi2,0.5789473684210527,152,150.0,ok,,ue4_qfi2,69.168,ok,,12,ok,14,,ue1_qfi4,0.35909946666666664,ok,0.8821294036609322,proxy,5,0.8197388015160164,62159656.0,ok,0.015663636363636362,ok,0.9217409090909091,0.1888015625,ok,ue1_qfi82,0.0,99,10.0,data,ok,0.0,ue9_qfi9,263.75,ok,,30.4,ue4_qfi2,10,106.5,788.5,30.303,ok,33.0,,pending,,pending,ugv_heavy,1,1,16,Reservation,1746484539,True
ue6_qfi9,76.0,277.5,292.0,296.0,ok,0.043652446269620455,ok,ue7_qfi85,1,1,1,2514.0000000000005,data,ok,2.0,False,,proxy,3,0,,ue10_qfi2,0.9,150,150.0,ok,,ue10_qfi2,133.944,ok,,6,ok,14,,ue1_qfi4,0.4,ok,0.7913664676210287,proxy,5,0.6920732711657464,62005915.2,ok,0.014404545454545455,ok,0.9340965909090909,0.0468625,ok,ue1_qfi82,0.0,99,10.0,data,ok,0.0,ue6_qfi9,220.0,ok,,28.4,ue4_qfi2,23,307.25,2374.25,30.303,ok,33.0,,pending,,pending,ugv_heavy,1,1,16,TwoTier,1746484539,True
ue2_qfi4,266.75,292.25,292.25,292.25,ok,0.09776943211380318,ok,ue1_qfi83,1,1,1,2380.25,data,ok,2.0,False,,proxy,3,0,,ue2_qfi2,0.5789473684210527,152,150.0,ok,,ue1_qfi2,83.974,ok,,11,ok,15,,ue1_qfi4,0.2717525333333333,ok,0.9489991380728057,proxy,5,0.8906568716449664,63124540.8,ok,0.014527272727272727,ok,0.8979738636363637,0.080434375,ok,ue1_qfi82,0.0,99,10.0,data,ok,0.0,ue1_qfi9,265.75,ok,,17.6,ue2_qfi2,1,2248.0,2248.0,30.303,ok,33.0,,pending,,pending,ugv_heavy,2,2,16,PF,1826701614,True
ue8_qfi9,45.75,271.0,289.0,295.25,ok,0.08219391803729408,ok,ue16_qfi83,1,1,1,2846.0,data,ok,2.0,False,,proxy,3,0,,ue1_qfi2,0.5921052631578947,152,150.0,ok,,ue2_qfi2,99.415,ok,,9,ok,15,,ue2_qfi4,0.39091106666666664,ok,0.8556224166740398,proxy,5,0.7546725534218396,64218361.6,ok,0.015236363636363636,ok,0.9146704545454546,0.172115625,ok,ue1_qfi82,0.0,99,10.0,data,ok,0.0,ue5_qfi9,265.5,ok,,30.2,ue8_qfi2,11,123.25,950.75,30.303,ok,33.0,,pending,,pending,ugv_heavy,2,2,16,Reservation,1826701614,True
ue3_qfi9,50.25,283.25,293.0,296.5,ok,0.07023155330137013,ok,ue10_qfi9,1,1,2,3238.7500000000005,data,ok,2.0,False,,proxy,3,0,,ue10_qfi2,0.7947019867549668,151,150.0,ok,,ue5_qfi2,131.123,ok,,5,ok,15,,ue1_qfi4,0.4,ok,0.7792947240611389,proxy,5,0.6228878922341622,64863532.8,ok,0.014370454545454546,ok,0.9295011363636364,0.0443578125,ok,ue1_qfi82,0.0,99,10.0,data,ok,0.0,ue7_qfi9,251.0,ok,,29.6,ue7_qfi2,19,206.25,1804.0,30.303,ok,33.0,,pending,,pending,ugv_heavy,2,2,16,TwoTier,1826701614,True
ue2_qfi4,275.75,275.75,275.75,275.75,ok,0.11127915342714999,ok,ue2_qfi83,1,1,1,2417.5000000000005,data,ok,2.0,False,,proxy,3,0,,ue1_qfi2,0.5855263157894737,152,150.0,ok,,ue12_qfi2,133.79,ok,,11,ok,15,,ue1_qfi4,0.2401457333333333,ok,0.9466260170128491,proxy,5,0.8847851468996959,62179089.6,ok,0.0142,ok,0.9243454545454546,0.086146875,ok,ue1_qfi82,0.0,99,10.0,data,ok,0.0,ue1_qfi9,267.0,ok,,26.4,ue12_qfi2,5,315.75,810.25,30.303,ok,33.0,,pending,,pending,ugv_heavy,2,2,16,PF,1367864806,True
ue7_qfi9,69.5,279.75,292.0,296.0,ok,0.09953049935404197,ok,ue16_qfi83,1,1,1,3977.0000000000005,data,ok,2.0,False,,proxy,3,0,,ue1_qfi2,0.5855263157894737,152,150.0,ok,,ue12_qfi2,102.395,ok,,9,ok,15,,ue1_qfi4,0.34219706666666666,ok,0.837769885881966,proxy,5,0.7289455532031303,62984396.800000004,ok,0.014781818181818182,ok,0.9279784090909091,0.2009609375,ok,ue1_qfi82,0.0,99,10.0,data,ok,0.0,ue1_qfi9,237.75,ok,,30.4,ue9_qfi2,14,144.25,1296.0,30.303,ok,33.0,,pending,,pending,ugv_heavy,2,2,16,Reservation,1367864806,True
ue4_qfi9,180.25,290.25,296.0,298.0,ok,0.09461229553489933,ok,ue10_qfi1,1,1,1,3833.9999999999995,data,ok,2.0,False,,proxy,3,0,,ue6_qfi2,0.7947019867549668,151,150.0,ok,,ue10_qfi2,146.505,ok,,1,ok,15,,ue2_qfi4,0.3945488,ok,0.7366856971681385,proxy,5,0.6421358379190206,63068432.0,ok,0.014788636363636363,ok,0.9328215909090909,0.0471453125,ok,ue1_qfi82,0.0,99,10.0,data,ok,0.0,ue1_qfi9,262.0,ok,,28.4,ue7_qfi2,24,299.75,2604.0,30.303,ok,33.0,,pending,,pending,ugv_heavy,2,2,16,TwoTier,1367864806,True
ue1_qfi9,12.75,218.75,283.75,293.75,ok,0.11773946019016325,ok,ue1_qfi83,1,1,1,2908.0000000000005,data,ok,2.0,False,,proxy,3,0,,ue1_qfi2,0.5789473684210527,152,150.0,ok,,ue13_qfi2,146.312,ok,,11,ok,15,,ue2_qfi4,0.21848906666666665,ok,0.9411508021500852,proxy,5,0.8928136846545505,61682915.2,ok,0.01485,ok,0.9174238636363636,0.0855875,ok,ue1_qfi82,0.0,99,10.0,data,ok,0.0,ue1_qfi9,281.0,ok,,25.4,ue13_qfi2,8,280.0,1047.5,30.303,ok,33.0,,pending,,pending,ugv_heavy,2,2,16,PF,1097657231,True
ue3_qfi9,47.75,279.75,291.5,295.75,ok,0.11263870230708163,ok,ue11_qfi9,1,1,2,3007.5000000000005,data,ok,2.0,False,,proxy,3,0,,ue2_qfi2,0.5723684210526315,152,150.0,ok,,ue1_qfi2,102.25,ok,,9,ok,15,,ue2_qfi4,0.34379306666666665,ok,0.8377946856132242,proxy,5,0.7215326113064157,62058043.199999996,ok,0.015377272727272727,ok,0.9250522727272728,0.197053125,ok,ue1_qfi82,0.0,99,10.0,data,ok,0.0,ue1_qfi9,268.5,ok,,30.4,ue4_qfi2,9,100.25,728.75,30.303,ok,33.0,,pending,,pending,ugv_heavy,2,2,16,Reservation,1097657231,True
ue8_qfi9,88.75,282.25,292.75,296.5,ok,0.09799887869851608,ok,ue6_qfi83,1,1,1,2498.2500000000005,data,ok,2.0,False,,proxy,3,0,,ue7_qfi2,0.7682119205298014,151,150.0,ok,,ue1_qfi2,142.404,ok,,3,ok,15,,ue1_qfi4,0.4,ok,0.7448868166342699,proxy,5,0.5947202350319606,62643620.8,ok,0.014913636363636363,ok,0.9315693181818182,0.04809375,ok,ue1_qfi82,0.0,99,10.0,data,ok,0.0,ue1_qfi9,229.5,ok,,29.2,ue5_qfi2,25,269.25,2297.75,30.303,ok,33.0,,pending,,pending,ugv_heavy,2,2,16,TwoTier,1097657231,True
ue1_qfi9,7.5,190.25,266.5,281.0,ok,0.10144226426204399,ok,ue1_qfi83,1,1,1,2442.75,data,ok,2.0,False,,proxy,3,0,,ue1_qfi2,0.5723684210526315,152,150.0,ok,,ue13_qfi2,130.636,ok,,11,ok,15,,ue1_qfi4,0.2532493333333333,ok,0.9478938796144497,proxy,5,0.890547182461795,62947276.8,ok,0.01501590909090909,ok,0.9177318181818181,0.0857046875,ok,ue1_qfi82,0.0,99,10.0,data,ok,0.0,ue1_qfi9,273.5,ok,,28.0,ue12_qfi2,2,230.0,407.5,30.303,ok,33.0,,pending,,pending,ugv_heavy,2,2,16,PF,579362555,True
ue6_qfi9,32.5,286.75,295.0,297.5,ok,0.08700335863248712,ok,ue1_qfi83,1,1,1,2325.75,data,ok,2.0,False,,proxy,3,0,,ue1_qfi2,0.5855263157894737,152,150.0,ok,,ue7_qfi2,125.457,ok,,8,ok,15,,ue1_qfi4,0.36372560000000004,ok,0.8398056543278187,proxy,5,0.724391990520907,64005137.6,ok,0.015520454545454546,ok,0.9247545454545455,0.199484375,ok,ue1_qfi82,0.0,99,10.0,data,ok,0.0,ue1_qfi9,265.75,ok,,29.2,ue4_qfi2,13,212.75,1642.5,30.303,ok,33.0,,pending,,pending,ugv_heavy,2,2,16,Reservation,579362555,True
ue8_qfi9,85.0,281.25,292.75,296.75,ok,0.07800364569629603,ok,ue10_qfi1,1,1,1,2711.0000000000005,data,ok,2.0,False,,proxy,3,0,,ue6_qfi2,0.8675496688741722,151,150.0,ok,,ue11_qfi2,145.948,ok,,2,ok,15,,ue1_qfi4,0.4,ok,0.762246940736514,proxy,5,0.6488252311002418,64216118.4,ok,0.015059090909090909,ok,0.9334318181818182,0.04600625,ok,ue1_qfi82,0.0,99,10.0,data,ok,0.0,ue4_qfi9,225.5,ok,,29.6,ue2_qfi2,24,299.5,2399.25,30.303,ok,33.0,,pending,,pending,ugv_heavy,2,2,16,TwoTier,579362555,True
ue2_qfi9,8.0,178.75,267.25,282.5,ok,0.10981622881727794,ok,ue3_qfi85,1,2,2,2826.0,data,ok,2.0,False,,proxy,3,0,,ue1_qfi2,0.5789473684210527,152,150.0,ok,,ue1_qfi2,119.76,ok,,11,ok,15,,ue1_qfi4,0.24133266666666667,ok,0.9467287333954351,proxy,5,0.8932547515091283,62097075.2,ok,0.014995454545454546,ok,0.9144193181818182,0.0836859375,ok,ue1_qfi82,0.0,99,10.0,data,ok,0.0,ue2_qfi9,274.5,ok,,17.6,ue1_qfi2,1,2260.75,2260.75,30.303,ok,33.0,,pending,,pending,ugv_heavy,2,2,16,PF,661058651,True
ue2_qfi4,203.75,299.25,299.25,299.25,ok,0.09201995179995613,ok,ue3_qfi85,1,2,2,2826.0,data,ok,2.0,False,,proxy,3,0,,ue1_qfi2,0.5855263157894737,152,150.0,ok,,ue4_qfi2,112.862,ok,,9,ok,15,,ue1_qfi4,0.34912146666666666,ok,0.8466460272062785,proxy,5,0.7418916981879515,63368902.4,ok,0.015406818181818181,ok,0.9258261363636363,0.1951609375,ok,ue1_qfi82,0.0,99,10.0,data,ok,0.0,ue5_qfi9,262.75,ok,,29.4,ue6_qfi2,12,185.25,1410.25,30.303,ok,33.0,,pending,,pending,ugv_heavy,2,2,16,Reservation,661058651,True
ue8_qfi9,88.0,283.75,293.5,296.75,ok,0.08392995155030707,ok,ue3_qfi85,1,2,2,2826.0,data,ok,2.0,False,,proxy,3,0,,ue10_qfi2,0.76,150,150.0,ok,,ue4_qfi2,132.15,ok,,3,ok,15,,ue1_qfi4,0.4,ok,0.7776054381156191,proxy,5,0.6451776035151023,63509187.2,ok,0.015136363636363637,ok,0.9317625,0.044490625,ok,ue1_qfi82,0.0,99,10.0,data,ok,0.0,ue7_qfi9,225.75,ok,,25.8,ue3_qfi2,24,477.0,2775.5,30.303,ok,33.0,,pending,,pending,ugv_heavy,2,2,16,TwoTier,661058651,True
ue1_qfi9,14.25,188.75,266.0,280.25,ok,0.11489064735794209,ok,ue2_qfi85,1,1,1,2843.75,data,ok,2.0,False,,proxy,3,0,,ue1_qfi2,0.5789473684210527,152,150.0,ok,,ue13_qfi2,130.831,ok,,11,ok,15,,ue2_qfi4,0.2176588,ok,0.9429525812172492,proxy,5,0.8745868986687804,61750692.8,ok,0.014670454545454546,ok,0.9149238636363637,0.0833921875,ok,ue1_qfi82,0.0,99,10.0,data,ok,0.0,ue1_qfi9,266.0,ok,,26.8,ue13_qfi2,2,517.0,648.25,30.303,ok,33.0,,pending,,pending,ugv_heavy,2,2,16,PF,87989972,True
ue7_qfi9,45.25,286.0,294.75,297.25,ok,0.09824362820740809,ok,ue16_qfi83,1,1,3,3444.2500000000005,data,ok,2.0,False,,proxy,3,0,,ue1_qfi2,0.5827814569536424,151,150.0,ok,,ue5_qfi2,129.83,ok,,7,ok,15,,ue2_qfi4,0.3190472,ok,0.8272212655564278,proxy,5,0.7166724488315095,62885742.4,ok,0.014809090909090909,ok,0.9262522727272727,0.197815625,ok,ue1_qfi82,0.0,98,10.0,data,ok,0.0,ue9_qfi9,258.25,ok,,29.6,ue3_qfi2,11,248.75,1487.5,30.303,ok,33.0,,pending,,pending,ugv_heavy,2,2,16,Reservation,87989972,True
ue5_qfi9,69.75,279.25,293.0,296.75,ok,0.09034512605015485,ok,ue2_qfi85,1,1,1,2843.75,data,ok,2.0,False,,proxy,3,0,,ue7_qfi2,0.8026315789473685,152,150.0,ok,,ue1_qfi2,135.621,ok,,1,ok,15,,ue1_qfi4,0.4,ok,0.729602682409848,proxy,5,0.5887146896937155,63170264.0,ok,0.014765909090909092,ok,0.9308625,0.0448140625,ok,ue1_qfi82,0.0,99,10.0,data,ok,0.0,ue5_qfi9,227.0,ok,,29.0,ue1_qfi2,26,216.75,2611.25,30.303,ok,33.0,,pending,,pending,ugv_heavy,2,2,16,TwoTier,87989972,True
ue1_qfi9,8.0,192.75,245.75,274.25,ok,0.11072543808321575,ok,ue4_qfi85,1,1,1,2532.5,data,ok,2.0,False,,proxy,3,0,,ue1_qfi2,0.5789473684210527,152,150.0,ok,,ue12_qfi2,128.571,ok,,11,ok,15,,ue2_qfi4,0.2302808,ok,0.9454103462374832,proxy,5,0.8916200026341015,62079081.6,ok,0.015222727272727273,ok,0.9231977272727273,0.08621875,ok,ue1_qfi82,0.0,99,10.0,data,ok,0.0,ue1_qfi9,266.25,ok,,28.2,ue12_qfi2,4,232.75,494.25,30.303,ok,33.0,,pending,,pending,ugv_heavy,2,2,16,PF,161576974,True
ue8_qfi9,49.75,283.25,295.0,297.75,ok,0.10371426064375552,ok,ue4_qfi85,1,1,1,2532.5,data,ok,2.0,False,,proxy,3,0,,ue1_qfi2,0.5789473684210527,152,150.0,ok,,ue3_qfi2,106.417,ok,,9,ok,15,,ue2_qfi4,0.3486570666666666,ok,0.8274317071274556,proxy,5,0.6933531139597805,62540374.4,ok,0.015702272727272728,ok,0.924934090909091,0.201728125,ok,ue1_qfi82,0.0,99,10.0,data,ok,0.0,ue1_qfi9,265.5,ok,,30.4,ue6_qfi2,15,157.5,1557.5,30.303,ok,33.0,,pending,,pending,ugv_heavy,2,2,16,Reservation,161576974,True
ue4_qfi9,154.75,282.75,293.0,297.0,ok,0.08257616268938678,ok,ue11_qfi1,1,1,1,3438.7500000000005,data,ok,2.0,False,,proxy,3,0,,ue3_qfi2,0.8543046357615894,151,150.0,ok,,ue13_qfi2,135.506,ok,,1,ok,15,,ue2_qfi4,0.3946338666666667,ok,0.7448104881262014,proxy,5,0.6271267618477407,63697419.2,ok,0.014886363636363637,ok,0.9336147727272728,0.0463703125,ok,ue1_qfi82,0.0,99,10.0,data,ok,0.0,ue6_qfi9,213.5,ok,,28.4,ue1_qfi2,26,204.5,2590.75,30.303,ok,33.0,,pending,,pending,ugv_heavy,2,2,16,TwoTier,161576974,True
ue1_qfi4,239.5,299.75,299.75,299.75,ok,0.10639203261087711,ok,ue2_qfi83,1,1,1,2361.9999999999995,data,ok,2.0,False,,proxy,3,0,,ue2_qfi2,0.5789473684210527,152,150.0,ok,,ue1_qfi2,86.16,ok,,11,ok,15,,ue2_qfi4,0.24848706666666664,ok,0.9489046956657772,proxy,5,0.8915005564752605,62653881.6,ok,0.015125,ok,0.9153295454545455,0.0838171875,ok,ue1_qfi82,0.0,99,10.0,data,ok,0.0,ue2_qfi9,275.5,ok,,17.8,ue1_qfi2,1,2231.75,2231.75,30.303,ok,33.0,,pending,,pending,ugv_heavy,2,2,16,PF,35492826,True
ue6_qfi9,39.5,274.0,289.25,294.5,ok,0.09641370938753127,ok,ue16_qfi83,1,1,2,2439.5,data,ok,2.0,False,,proxy,3,0,,ue2_qfi2,0.5789473684210527,152,150.0,ok,,ue1_qfi2,69.49,ok,,10,ok,15,,ue2_qfi4,0.3450858666666667,ok,0.8691578399083548,proxy,5,0.766231699066999,63331339.2,ok,0.015190909090909092,ok,0.9254818181818182,0.1857484375,ok,ue1_qfi82,0.0,99,10.0,data,ok,0.0,ue9_qfi9,257.5,ok,,30.2,ue9_qfi2,9,99.25,754.5,30.303,ok,33.0,,pending,,pending,ugv_heavy,2,2,16,Reservation,35492826,True
ue4_qfi9,66.25,272.5,289.75,295.25,ok,0.08924161740062807,ok,ue2_qfi83,1,1,1,2587.25,data,ok,2.0,False,,proxy,3,0,,ue2_qfi2,0.6842105263157895,152,150.0,ok,,ue4_qfi2,143.764,ok,,6,ok,15,,ue2_qfi4,0.34242839999999997,ok,0.7397547436777614,proxy,5,0.6201636129645663,63584436.8,ok,0.014613636363636363,ok,0.9339125,0.0461484375,ok,ue1_qfi82,0.0,99,10.0,data,ok,0.0,ue1_qfi9,251.25,ok,,30.2,ue5_qfi2,23,113.25,2034.25,30.303,ok,33.0,,pending,,pending,ugv_heavy,2,2,16,TwoTier,35492826,True
ue1_qfi9,8.75,159.5,243.5,271.25,ok,0.1158315079233744,ok,ue2_qfi83,1,1,1,2426.2500000000005,data,ok,2.0,False,,proxy,3,0,,ue1_qfi2,0.5789473684210527,152,150.0,ok,,ue13_qfi2,131.567,ok,,11,ok,15,,ue1_qfi4,0.22508693333333335,ok,0.9448464259124132,proxy,5,0.8810896494930237,61685212.800000004,ok,0.014736363636363636,ok,0.9166886363636364,0.0836328125,ok,ue1_qfi82,0.0,99,10.0,data,ok,0.0,ue1_qfi9,262.5,ok,,27.4,ue13_qfi2,4,163.75,433.5,30.303,ok,33.0,,pending,,pending,ugv_heavy,2,2,16,PF,376383645,True
ue2_qfi4,281.0,299.25,299.25,299.25,ok,0.10643640253280892,ok,ue16_qfi83,1,1,1,2982.2499999999995,data,ok,2.0,False,,proxy,3,0,,ue1_qfi2,0.5761589403973509,151,150.0,ok,,ue6_qfi2,125.13,ok,,9,ok,15,,ue1_qfi4,0.3352537333333333,ok,0.8359075540974981,proxy,5,0.7095552836206681,62401774.4,ok,0.015304545454545454,ok,0.9252920454545455,0.1984640625,ok,ue1_qfi82,0.0,99,10.0,data,ok,0.0,ue3_qfi9,259.75,ok,,29.6,ue8_qfi2,12,223.5,1428.75,30.303,ok,33.0,,pending,,pending,ugv_heavy,2,2,16,Reservation,376383645,True
ue1_qfi9,89.5,285.75,294.5,297.25,ok,0.089142840819123,ok,ue6_qfi83,1,1,1,2820.7499999999995,data,ok,2.0,False,,proxy,3,0,,ue6_qfi2,0.8079470198675497,151,150.0,ok,,ue11_qfi2,140.992,ok,,4,ok,15,,ue1_qfi4,0.4,ok,0.7458503754689406,proxy,5,0.5979078254115888,63177902.4,ok,0.015206818181818182,ok,0.933725,0.0460515625,ok,ue1_qfi82,0.0,99,10.0,data,ok,0.0,ue4_qfi9,230.75,ok,,25.0,ue2_qfi2,23,432.5,2914.0,30.303,ok,33.0,,pending,,pending,ugv_heavy,2,2,16,TwoTier,376383645,True
ue2_qfi4,299.75,299.75,299.75,299.75,ok,0.11489631090149252,ok,ue7_qfi85,1,1,1,2514.0000000000005,data,ok,2.0,False,,proxy,3,0,,ue1_qfi2,0.5789473684210527,152,150.0,ok,,ue13_qfi2,129.523,ok,,11,ok,15,,ue2_qfi4,0.21903986666666667,ok,0.9411110751595884,proxy,5,0.8850864415448779,61908905.6,ok,0.014511363636363636,ok,0.9121875,0.082275,ok,ue1_qfi82,0.0,99,10.0,data,ok,0.0,ue8_qfi9,280.25,ok,,17.6,ue1_qfi2,1,2273.25,2273.25,30.303,ok,33.0,,pending,,pending,ugv_heavy,2,2,16,PF,1746484539,True
ue9_qfi9,25.0,278.5,291.75,295.75,ok,0.11246849093538007,ok,ue16_qfi83,1,1,2,2925.7500000000005,data,ok,2.0,False,,proxy,3,0,,ue1_qfi2,0.5855263157894737,152,150.0,ok,,ue9_qfi2,120.435,ok,,7,ok,15,,ue2_qfi4,0.3377386666666667,ok,0.8528415809067005,proxy,5,0.7258844529169992,62095467.199999996,ok,0.015590909090909091,ok,0.9204988636363637,0.1876265625,ok,ue1_qfi82,0.0,99,10.0,data,ok,0.0,ue9_qfi9,270.75,ok,,30.4,ue6_qfi2,11,152.75,1219.0,30.303,ok,33.0,,pending,,pending,ugv_heavy,2,2,16,Reservation,1746484539,True
ue1_qfi9,89.0,273.5,289.5,294.75,ok,0.09318837846238158,ok,ue10_qfi1,1,1,1,2649.0,data,ok,2.0,False,,proxy,3,0,,ue10_qfi2,0.7666666666666667,150,150.0,ok,,ue8_qfi2,137.79,ok,,4,ok,15,,ue1_qfi4,0.4,ok,0.7513455152062303,proxy,5,0.5669323706550305,63178393.6,ok,0.014454545454545454,ok,0.9336125,0.0475734375,ok,ue1_qfi82,0.0,99,10.0,data,ok,0.0,ue2_qfi9,252.75,ok,,30.0,ue12_qfi2,22,97.75,1657.5,30.303,ok,33.0,,pending,,pending,ugv_heavy,2,2,16,TwoTier,1746484539,True
ue1_qfi9,11.5,217.25,251.75,275.5,ok,0.0013471437589413348,ok,ue1_qfi83,0,1,1,1779.9999999999998,data,ok,2.0,False,,proxy,3,0,,ue7_qfi2,0.9868421052631579,152,150.0,ok,,ue1_qfi2,93.155,ok,,9,ok,10,,ue1_qfi4,0.4,ok,0.9917224074467317,proxy,5,0.9778777562033222,48374124.8,ok,0.01900681818181818,ok,0.7368761363636364,0.0696171875,ok,ue1_qfi82,0.0,99,10.0,data,ok,0.0,ue1_qfi9,264.0,ok,,30.4,ue1_qfi2,18,105.25,1498.5,30.303,ok,33.0,,pending,,pending,mixed,1,1,16,PF,1826701614,True
ue1_qfi9,19.0,172.25,221.25,245.5,ok,0.0026639472542341752,ok,ue13_qfi82,0,1,1,1300.2499999999998,data,ok,2.0,False,,proxy,3,0,,ue1_qfi2,0.9868421052631579,152,150.0,ok,,ue1_qfi2,83.823,ok,,9,ok,10,,ue1_qfi4,0.4,ok,0.9633579764747277,proxy,5,0.9296295546419372,48306961.6,ok,0.02051590909090909,ok,0.7917670454545455,0.1154734375,ok,ue1_qfi82,0.0,99,10.0,data,ok,0.0,ue1_qfi9,226.5,ok,,30.0,ue1_qfi2,19,102.75,1603.75,30.303,ok,33.0,,pending,,pending,mixed,1,1,16,Reservation,1826701614,True
ue5_qfi1,15.5,89.0,96.75,96.75,ok,0.0018967113298700177,ok,ue11_qfi82,0,1,1,1308.2500000000002,data,ok,2.0,False,,proxy,3,0,,ue1_qfi2,1.0,152,150.0,ok,,ue9_qfi2,58.879,ok,,9,ok,10,,ue1_qfi4,0.4,ok,0.93593997437994,proxy,5,0.9072270882743432,48349875.2,ok,0.019,ok,0.7726988636363636,0.0645328125,ok,ue1_qfi82,0.0,99,10.0,data,ok,0.0,ue6_qfi1,84.25,ok,,30.4,ue6_qfi2,7,75.5,501.0,30.303,ok,33.0,,pending,,pending,mixed,1,1,16,TwoTier,1826701614,True
ue1_qfi9,10.5,146.25,196.5,219.5,ok,0.0012532900061356681,ok,ue4_qfi9,0,1,4,1012.0000000000005,data,ok,2.0,False,,proxy,3,0,,ue1_qfi2,0.993421052631579,152,150.0,ok,,ue1_qfi2,68.5,ok,,9,ok,10,,ue1_qfi4,0.4,ok,0.9929086861899036,proxy,5,0.9816598050768574,48326964.800000004,ok,0.018436363636363636,ok,0.7189636363636364,0.0679765625,ok,ue1_qfi82,0.0,99,10.0,data,ok,0.0,ue1_qfi9,209.0,ok,,30.2,ue1_qfi2,15,96.25,1190.25,30.303,ok,33.0,,pending,,pending,mixed,1,1,16,PF,1367864806,True
ue1_qfi9,17.25,96.0,146.75,185.25,ok,0.0025719791261774607,ok,ue10_qfi82,0,1,2,1306.5000000000002,data,ok,2.0,False,,proxy,3,0,,ue5_qfi2,0.993421052631579,152,150.0,ok,,ue1_qfi2,69.507,ok,,9,ok,10,,ue1_qfi4,0.4,ok,0.9641686631849924,proxy,5,0.9425897502634024,48244704.0,ok,0.020254545454545456,ok,0.7776613636363636,0.1109015625,ok,ue1_qfi82,0.0,99,10.0,data,ok,0.0,ue1_qfi9,168.0,ok,,30.4,ue1_qfi2,17,98.0,1377.25,30.303,ok,33.0,,pending,,pending,mixed,1,1,16,Reservation,1367864806,True
ue6_qfi1,14.5,84.0,96.5,96.5,ok,0.0017101696685040534,ok,ue12_qfi82,0,1,2,1908.9999999999998,data,ok,2.0,False,,proxy,3,0,,ue1_qfi2,0.993421052631579,152,150.0,ok,,ue7_qfi2,51.976,ok,,9,ok,10,,ue1_qfi4,0.4,ok,0.9358616118690589,proxy,5,0.9124942447989108,48292992.0,ok,0.0185,ok,0.7581079545454545,0.06363125,ok,ue1_qfi82,0.0,99,10.0,data,ok,0.0,ue6_qfi1,82.0,ok,,30.4,ue6_qfi2,3,75.5,216.75,30.303,ok,33.0,,pending,,pending,mixed,1,1,16,TwoTier,1367864806,True
ue1_qfi9,11.5,211.75,252.75,276.5,ok,0.0015748174826241137,ok,ue1_qfi85,1,1,1,2982.5,data,ok,2.0,False,,proxy,3,0,,ue8_qfi2,0.9868421052631579,152,150.0,ok,,ue1_qfi2,90.755,ok,,9,ok,10,,ue1_qfi4,0.4,ok,0.9919949533428076,proxy,5,0.9799070705886764,48444656.0,ok,0.018445454545454546,ok,0.7452522727272727,0.0721875,ok,ue1_qfi82,0.0,99,10.0,data,ok,0.0,ue1_qfi9,265.0,ok,,30.2,ue1_qfi2,19,97.5,1559.5,30.303,ok,33.0,,pending,,pending,mixed,1,1,16,PF,1097657231,True
ue1_qfi9,19.25,181.75,231.75,255.5,ok,0.0026408435319333363,ok,ue1_qfi85,1,1,1,2982.5,data,ok,2.0,False,,proxy,3,0,,ue1_qfi2,0.993421052631579,152,150.0,ok,,ue1_qfi2,86.072,ok,,9,ok,10,,ue1_qfi4,0.4,ok,0.9694927233485368,proxy,5,0.9379730739982045,48393955.2,ok,0.02063181818181818,ok,0.7985420454545454,0.118971875,ok,ue1_qfi82,0.0,99,10.0,data,ok,0.0,ue1_qfi9,236.25,ok,,30.2,ue1_qfi2,19,102.0,1540.5,30.303,ok,33.0,,pending,,pending,mixed,1,1,16,Reservation,1097657231,True
ue4_qfi1,16.0,93.25,99.0,99.0,ok,0.001884295839690055,ok,ue1_qfi85,1,1,1,2983.5,data,ok,2.0,False,,proxy,3,0,,ue1_qfi2,1.0,152,150.0,ok,,ue8_qfi2,58.161,ok,,9,ok,10,,ue1_qfi4,0.4,ok,0.9450762262757598,proxy,5,0.9181785052295254,48430571.2,ok,0.018886363636363635,ok,0.7827920454545455,0.0674875,ok,ue1_qfi82,0.0,98,10.0,data,ok,0.0,ue4_qfi1,83.0,ok,,30.4,ue9_qfi2,2,73.25,146.25,30.303,ok,33.0,,pending,,pending,mixed,1,1,16,TwoTier,1097657231,True
ue1_qfi9,10.5,92.5,107.75,118.5,ok,0.001264901198708549,ok,ue4_qfi9,0,1,4,1014.7499999999998,data,ok,2.0,False,,proxy,3,0,,ue1_qfi2,1.0,152,150.0,ok,,ue1_qfi2,62.244,ok,,9,ok,10,,ue1_qfi4,0.4,ok,0.9927421920146831,proxy,5,0.981695554928515,48331188.8,ok,0.01873409090909091,ok,0.7240125,0.0696765625,ok,ue1_qfi82,0.0,99,10.0,data,ok,0.0,ue1_qfi9,108.0,ok,,30.4,ue1_qfi2,15,96.5,1113.75,30.303,ok,33.0,,pending,,pending,mixed,1,1,16,PF,579362555,True
ue1_qfi9,15.0,74.0,82.75,86.5,ok,0.002347449578279222,ok,ue4_qfi9,0,1,4,1015.0000000000001,data,ok,2.0,False,,proxy,3,0,,ue1_qfi2,1.0,152,150.0,ok,,ue1_qfi2,63.287,ok,,9,ok,10,,ue1_qfi4,0.4,ok,0.9796945287395289,proxy,5,0.9711784385414545,48288520.0,ok,0.0211,ok,0.7845147727272728,0.115,ok,ue1_qfi82,0.0,99,10.0,data,ok,0.0,ue1_qfi9,71.5,ok,,30.4,ue1_qfi2,18,94.5,1390.0,30.303,ok,33.0,,pending,,pending,mixed,1,1,16,Reservation,579362555,True
ue5_qfi1,15.25,54.5,70.5,70.5,ok,0.00142760703847282,ok,ue12_qfi82,0,1,1,1796.0,data,ok,2.0,False,,proxy,3,0,,ue2_qfi2,0.993421052631579,152,150.0,ok,,ue8_qfi2,50.78,ok,,9,ok,10,,ue1_qfi4,0.4,ok,0.9470288040903665,proxy,5,0.9290260535061354,48349105.6,ok,0.018854545454545454,ok,0.7637272727272727,0.0674078125,ok,ue1_qfi82,0.0,99,10.0,data,ok,0.0,ue5_qfi1,55.25,ok,,30.4,ue7_qfi2,2,75.5,146.75,30.303,ok,33.0,,pending,,pending,mixed,1,1,16,TwoTier,579362555,True
ue1_qfi9,12.0,210.25,252.5,275.75,ok,0.0016256404525694307,ok,ue2_qfi85,1,2,2,2122.25,data,ok,2.0,False,,proxy,3,0,,ue1_qfi2,1.0,152,150.0,ok,,ue1_qfi2,89.657,ok,,9,ok,10,,ue1_qfi4,0.4,ok,0.9913080774043731,proxy,5,0.978471991488225,48402907.2,ok,0.018486363636363638,ok,0.7363931818181818,0.0704453125,ok,ue1_qfi82,0.0,99,10.0,data,ok,0.0,ue1_qfi9,263.75,ok,,30.4,ue1_qfi2,18,98.25,1495.25,30.303,ok,33.0,,pending,,pending,mixed,1,1,16,PF,661058651,True
ue1_qfi9,18.25,176.5,238.0,262.5,ok,0.0026202372729693187,ok,ue2_qfi85,1,2,2,2122.25,data,ok,2.0,False,,proxy,3,0,,ue1_qfi2,0.9868421052631579,152,150.0,ok,,ue1_qfi2,66.917,ok,,9,ok,10,,ue1_qfi4,0.4,ok,0.9646654616665504,proxy,5,0.9431971148983569,48329291.2,ok,0.020420454545454544,ok,0.7914420454545454,0.1141953125,ok,ue1_qfi82,0.0,99,10.0,data,ok,0.0,ue1_qfi9,244.25,ok,,30.0,ue1_qfi2,19,92.25,1512.25,30.303,ok,33.0,,pending,,pending,mixed,1,1,16,Reservation,661058651,True
ue5_qfi1,10.75,44.25,86.75,86.75,ok,0.0017356732995997947,ok,ue2_qfi85,1,2,2,2122.25,data,ok,2.0,False,,proxy,3,0,,ue1_qfi2,1.0,152,150.0,ok,,ue7_qfi2,53.876,ok,,9,ok,10,,ue1_qfi4,0.3996673333333333,ok,0.9426897134915773,proxy,5,0.9280086451646185,48379243.2,ok,0.019102272727272728,ok,0.7770113636363636,0.067471875,ok,ue1_qfi82,0.0,99,10.0,data,ok,0.0,ue5_qfi1,76.0,ok,,30.4,ue5_qfi2,4,69.75,274.5,30.303,ok,33.0,,pending,,pending,mixed,1,1,16,TwoTier,661058651,True
ue1_qfi9,9.5,158.5,199.5,238.0,ok,0.0013786586909304962,ok,ue3_qfi85,1,1,1,2447.5,data,ok,2.0,False,,proxy,3,0,,ue1_qfi2,1.0,152,150.0,ok,,ue1_qfi2,66.435,ok,,9,ok,10,,ue1_qfi4,0.4,ok,0.9924682345899065,proxy,5,0.9828240965284061,48404534.4,ok,0.018438636363636362,ok,0.7276181818181818,0.0710859375,ok,ue1_qfi82,0.0,99,10.0,data,ok,0.0,ue1_qfi9,228.5,ok,,30.4,ue1_qfi2,18,98.5,1372.75,30.303,ok,33.0,,pending,,pending,mixed,1,1,16,PF,87989972,True
ue1_qfi9,15.5,77.5,86.0,89.5,ok,0.00253280694978451,ok,ue3_qfi85,1,1,1,2447.5,data,ok,2.0,False,,proxy,3,0,,ue3_qfi2,0.993421052631579,152,150.0,ok,,ue1_qfi2,66.164,ok,,9,ok,10,,ue1_qfi4,0.4,ok,0.9722970429266613,proxy,5,0.9522141095935203,48331987.2,ok,0.02019090909090909,ok,0.7869340909090909,0.1176234375,ok,ue1_qfi82,0.0,99,10.0,data,ok,0.0,ue1_qfi9,74.0,ok,,30.4,ue1_qfi2,18,82.5,1389.25,30.303,ok,33.0,,pending,,pending,mixed,1,1,16,Reservation,87989972,True
ue6_qfi1,13.25,63.5,95.5,95.5,ok,0.001621420997869167,ok,ue3_qfi85,1,1,1,2447.5,data,ok,2.0,False,,proxy,3,0,,ue8_qfi2,0.993421052631579,152,150.0,ok,,ue8_qfi2,53.622,ok,,9,ok,10,,ue1_qfi4,0.4,ok,0.9444561943608955,proxy,5,0.9268485670923521,48377620.8,ok,0.018231818181818182,ok,0.7682181818181818,0.06765625,ok,ue1_qfi82,0.0,99,10.0,data,ok,0.0,ue6_qfi1,82.25,ok,,30.4,ue5_qfi2,2,76.25,146.0,30.303,ok,33.0,,pending,,pending,mixed,1,1,16,TwoTier,87989972,True
ue1_qfi9,12.75,160.0,206.25,253.0,ok,0.00312020047900206,ok,ue4_qfi9,0,1,4,1012.2499999999999,data,ok,2.0,False,,proxy,3,0,,ue1_qfi2,0.9802631578947368,152,150.0,ok,,ue1_qfi2,88.804,ok,,9,ok,10,,ue1_qfi4,0.4,ok,0.9903744452984974,proxy,5,0.9783747872131677,48206195.2,ok,0.01864318181818182,ok,0.7447886363636363,0.071396875,ok,ue1_qfi82,0.0,99,10.0,data,ok,0.0,ue1_qfi9,240.25,ok,,29.8,ue1_qfi2,19,100.75,1599.25,30.303,ok,33.0,,pending,,pending,mixed,1,1,16,PF,161576974,True
ue1_qfi9,18.25,121.75,205.0,252.75,ok,0.005063754824685408,ok,ue12_qfi82,0,1,1,1298.2500000000005,data,ok,2.0,False,,proxy,3,0,,ue1_qfi2,0.9605263157894737,152,150.0,ok,,ue1_qfi2,80.238,ok,,8,ok,10,,ue1_qfi4,0.3996673333333333,ok,0.969117473599877,proxy,5,0.952368833676199,48075883.199999996,ok,0.020681818181818183,ok,0.8013090909090909,0.1195125,ok,ue1_qfi82,0.0,99,10.0,data,ok,0.0,ue1_qfi9,234.5,ok,,29.2,ue1_qfi2,17,202.0,1503.75,30.303,ok,33.0,,pending,,pending,mixed,1,1,16,Reservation,161576974,True
ue1_qfi9,6.25,59.0,106.5,131.0,ok,0.001961306779981906,ok,ue10_qfi82,0,2,2,1896.25,data,ok,2.0,False,,proxy,3,0,,ue7_qfi2,0.993421052631579,152,150.0,ok,,ue9_qfi2,58.071,ok,,9,ok,10,,ue1_qfi4,0.4,ok,0.9257158098568292,proxy,5,0.8772559365750476,48237891.2,ok,0.01939090909090909,ok,0.7852556818181818,0.0677859375,ok,ue1_qfi82,0.0,99,10.0,data,ok,0.0,ue1_qfi9,124.75,ok,,30.4,ue4_qfi2,6,80.25,425.0,30.303,ok,33.0,,pending,,pending,mixed,1,1,16,TwoTier,161576974,True
ue1_qfi9,11.25,232.5,260.0,275.75,ok,0.0013467420104088,ok,ue3_qfi85,1,1,1,3730.0,data,ok,2.0,False,,proxy,3,0,,ue1_qfi2,1.0,152,150.0,ok,,ue1_qfi2,92.111,ok,,9,ok,10,,ue1_qfi4,0.4,ok,0.9920754172127605,proxy,5,0.9813396827616206,48146020.8,ok,0.018763636363636364,ok,0.7500431818181819,0.0744078125,ok,ue1_qfi82,0.0,99,10.0,data,ok,0.0,ue1_qfi9,264.5,ok,,30.4,ue1_qfi2,19,100.5,1579.5,30.303,ok,33.0,,pending,,pending,mixed,1,1,16,PF,35492826,True
ue1_qfi9,18.75,184.25,212.75,230.25,ok,0.003173658807915313,ok,ue3_qfi85,1,1,1,3730.0,data,ok,2.0,False,,proxy,3,0,,ue1_qfi2,0.9933774834437086,151,150.0,ok,,ue1_qfi2,90.566,ok,,9,ok,10,,ue1_qfi4,0.4,ok,0.9699074563434438,proxy,5,0.9511401082903256,48024835.2,ok,0.020697727272727274,ok,0.8047488636363637,0.1238609375,ok,ue1_qfi82,0.0,99,10.0,data,ok,0.0,ue1_qfi9,211.5,ok,,30.0,ue1_qfi2,15,109.0,1314.5,30.303,ok,33.0,,pending,,pending,mixed,1,1,16,Reservation,35492826,True
ue5_qfi1,15.5,75.75,98.0,98.0,ok,0.0019462829620616078,ok,ue3_qfi85,1,1,1,3730.0,data,ok,2.0,False,,proxy,3,0,,ue1_qfi2,0.993421052631579,152,150.0,ok,,ue8_qfi2,55.0,ok,,9,ok,10,,ue1_qfi4,0.4,ok,0.9214377605816262,proxy,5,0.8800640903174315,48103593.6,ok,0.01875227272727273,ok,0.7864363636363636,0.06856875,ok,ue1_qfi82,0.0,99,10.0,data,ok,0.0,ue5_qfi1,82.5,ok,,30.4,ue6_qfi2,4,85.75,298.5,30.303,ok,33.0,,pending,,pending,mixed,1,1,16,TwoTier,35492826,True
ue1_qfi9,12.0,175.5,212.75,231.5,ok,0.0012884694833841792,ok,ue6_qfi9,0,1,4,1014.7499999999998,data,ok,2.0,False,,proxy,3,0,,ue1_qfi2,1.0,152,150.0,ok,,ue1_qfi2,88.212,ok,,9,ok,10,,ue1_qfi4,0.4,ok,0.9918797637220127,proxy,5,0.9787748320391357,48302020.8,ok,0.018429545454545455,ok,0.7286613636363637,0.069159375,ok,ue1_qfi82,0.0,99,10.0,data,ok,0.0,ue1_qfi9,219.5,ok,,30.4,ue1_qfi2,19,107.25,1555.0,30.303,ok,33.0,,pending,,pending,mixed,1,1,16,PF,376383645,True
ue1_qfi9,17.75,140.0,166.25,185.5,ok,0.0025122853231191976,ok,ue12_qfi82,0,1,2,1305.9999999999995,data,ok,2.0,False,,proxy,3,0,,ue7_qfi2,0.993421052631579,152,150.0,ok,,ue1_qfi2,67.119,ok,,9,ok,10,,ue1_qfi4,0.4,ok,0.9703388061462401,proxy,5,0.9575396177503357,48224006.4,ok,0.020336363636363635,ok,0.7842556818181818,0.11450625,ok,ue1_qfi82,0.0,99,10.0,data,ok,0.0,ue1_qfi9,167.75,ok,,30.4,ue1_qfi2,19,111.25,1559.75,30.303,ok,33.0,,pending,,pending,mixed,1,1,16,Reservation,376383645,True
ue6_qfi1,13.0,86.5,96.75,96.75,ok,0.0016668496914823826,ok,ue13_qfi82,1,2,2,2408.25,data,ok,2.0,False,,proxy,3,0,,ue4_qfi2,0.993421052631579,152,150.0,ok,,ue8_qfi2,53.288,ok,,9,ok,10,,ue1_qfi4,0.4,ok,0.9369721217579503,proxy,5,0.8906082730281388,48263772.8,ok,0.018465909090909092,ok,0.7646181818181819,0.0649546875,ok,ue1_qfi82,0.0,99,10.0,data,ok,0.0,ue5_qfi1,83.75,ok,,30.4,ue3_qfi2,3,73.5,213.5,30.303,ok,33.0,,pending,,pending,mixed,1,1,16,TwoTier,376383645,True
ue1_qfi9,11.25,131.5,177.25,193.75,ok,0.0013415569000272795,ok,ue2_qfi85,0,1,1,1445.0,data,ok,2.0,False,,proxy,3,0,,ue2_qfi2,0.993421052631579,152,150.0,ok,,ue1_qfi2,67.387,ok,,9,ok,10,,ue1_qfi4,0.4,ok,0.9927325251873951,proxy,5,0.9820159406765205,48119104.0,ok,0.018488636363636363,ok,0.7257034090909091,0.068809375,ok,ue1_qfi82,0.0,99,10.0,data,ok,0.0,ue1_qfi9,182.5,ok,,30.4,ue1_qfi2,19,93.25,1462.25,30.303,ok,33.0,,pending,,pending,mixed,1,1,16,PF,1746484539,True
ue1_qfi9,16.25,89.75,113.5,136.75,ok,0.0024058464759130933,ok,ue2_qfi85,0,1,1,1445.0,data,ok,2.0,False,,proxy,3,0,,ue7_qfi2,0.993421052631579,152,150.0,ok,,ue1_qfi2,67.637,ok,,9,ok,10,,ue1_qfi4,0.39981853333333334,ok,0.9716391805491584,proxy,5,0.9281949249039287,48069459.2,ok,0.02009318181818182,ok,0.7871113636363636,0.1114703125,ok,ue1_qfi82,0.0,99,10.0,data,ok,0.0,ue1_qfi9,120.5,ok,,30.4,ue1_qfi2,17,93.0,1334.0,30.303,ok,33.0,,pending,,pending,mixed,1,1,16,Reservation,1746484539,True
ue5_qfi1,15.5,64.5,89.0,89.0,ok,0.0016122868646483949,ok,ue13_qfi82,1,2,2,2395.0,data,ok,2.0,False,,proxy,3,0,,ue1_qfi2,1.0,152,150.0,ok,,ue9_qfi2,49.262,ok,,9,ok,10,,ue1_qfi4,0.4,ok,0.942292039589597,proxy,5,0.91050520628001,48128153.6,ok,0.018227272727272727,ok,0.7655625,0.0657640625,ok,ue1_qfi82,0.0,99,10.0,data,ok,0.0,ue6_qfi1,77.0,ok,,30.4,ue5_qfi2,2,79.75,152.5,30.303,ok,33.0,,pending,,pending,mixed,1,1,16,TwoTier,1746484539,True
ue2_qfi9,4.5,209.5,263.5,281.75,ok,0.03682218491465832,ok,ue2_qfi83,0,1,1,1827.0000000000002,data,ok,2.0,False,,proxy,3,0,,ue1_qfi2,0.7368421052631579,152,150.0,ok,,ue2_qfi2,120.885,ok,,7,ok,11,,ue1_qfi4,0.4,ok,0.9696960143225187,proxy,5,0.8967537317004654,51281548.8,ok,0.018965909090909092,ok,0.7731795454545455,0.0681234375,ok,ue1_qfi82,0.0,99,10.0,data,ok,0.0,ue2_qfi9,277.25,ok,,24.0,ue2_qfi2,13,496.5,1882.5,30.303,ok,33.0,,pending,,pending,mixed,2,2,16,PF,1826701614,True
ue1_qfi9,14.25,182.25,255.0,282.75,ok,0.03453500463893672,ok,ue2_qfi83,0,1,1,1919.2500000000002,data,ok,2.0,False,,proxy,3,0,,ue1_qfi2,0.7828947368421053,152,150.0,ok,,ue1_qfi2,119.905,ok,,7,ok,11,,ue1_qfi4,0.4,ok,0.91551593356832,proxy,5,0.8384406851513572,51400694.4,ok,0.020563636363636364,ok,0.8192397727272728,0.119396875,ok,ue1_qfi82,0.0,99,10.0,data,ok,0.0,ue2_qfi9,269.0,ok,,23.8,ue1_qfi2,11,801.75,1978.0,30.303,ok,33.0,,pending,,pending,mixed,2,2,16,Reservation,1826701614,True
ue1_qfi9,6.25,221.0,262.75,282.5,ok,0.019173110622278073,ok,ue14_qfi83,1,1,1,2276.25,data,ok,2.0,False,,proxy,3,0,,ue1_qfi2,0.9144736842105263,152,150.0,ok,,ue3_qfi2,133.161,ok,,7,ok,11,,ue1_qfi4,0.4,ok,0.8424458476403907,proxy,5,0.6795717868760094,52229184.0,ok,0.019138636363636365,ok,0.8014772727272728,0.058859375,ok,ue1_qfi82,0.0,99,10.0,data,ok,0.0,ue1_qfi9,276.25,ok,,27.8,ue2_qfi2,13,274.0,1500.75,30.303,ok,33.0,,pending,,pending,mixed,2,2,16,TwoTier,1826701614,True
ue2_qfi9,6.0,229.25,269.25,282.75,ok,0.018823663519980362,ok,ue1_qfi83,0,1,1,1681.5,data,ok,2.0,False,,proxy,3,0,,ue1_qfi2,0.8092105263157895,152,150.0,ok,,ue2_qfi2,123.075,ok,,8,ok,11,,ue2_qfi4,0.3995612,ok,0.9777471539375491,proxy,5,0.9288220414474765,52168756.8,ok,0.01851590909090909,ok,0.7649840909090909,0.06685625,ok,ue1_qfi82,0.0,99,10.0,data,ok,0.0,ue1_qfi9,277.0,ok,,29.6,ue2_qfi2,18,99.25,1529.0,30.303,ok,33.0,,pending,,pending,mixed,2,2,16,PF,1367864806,True
ue2_qfi9,13.25,251.25,279.5,288.5,ok,0.02016060205396905,ok,ue1_qfi83,0,1,1,1700.5,data,ok,2.0,False,,proxy,3,0,,ue1_qfi2,0.8552631578947368,152,150.0,ok,,ue2_qfi2,129.025,ok,,7,ok,11,,ue1_qfi4,0.4,ok,0.9399947164633911,proxy,5,0.8895745659547709,52099836.8,ok,0.020361363636363636,ok,0.8085022727272727,0.1167734375,ok,ue1_qfi82,0.0,99,10.0,data,ok,0.0,ue2_qfi9,275.25,ok,,28.0,ue2_qfi2,15,314.75,1614.0,30.303,ok,33.0,,pending,,pending,mixed,2,2,16,Reservation,1367864806,True
ue3_qfi9,7.75,277.5,291.0,295.25,ok,0.004989406631450217,ok,ue5_qfi9,1,1,2,3003.5,data,ok,2.0,False,,proxy,3,0,,ue1_qfi2,0.993421052631579,152,150.0,ok,,ue7_qfi2,109.587,ok,,9,ok,11,,ue1_qfi4,0.4,ok,0.8647139212365882,proxy,5,0.7205618698507923,52912804.800000004,ok,0.018718181818181818,ok,0.7948772727272727,0.058328125,ok,ue1_qfi82,0.0,99,10.0,data,ok,0.0,ue3_qfi9,287.5,ok,,30.4,ue2_qfi2,10,98.25,830.0,30.303,ok,33.0,,pending,,pending,mixed,2,2,16,TwoTier,1367864806,True
ue2_qfi9,4.25,209.0,263.75,281.75,ok,0.03266091520127303,ok,ue1_qfi85,1,1,1,2982.5,data,ok,2.0,False,,proxy,3,0,,ue1_qfi2,0.75,152,150.0,ok,,ue2_qfi2,123.11,ok,,7,ok,11,,ue1_qfi4,0.3995765333333334,ok,0.9710346605151321,proxy,5,0.9002961630747918,51573808.0,ok,0.01895,ok,0.7820443181818182,0.0706546875,ok,ue1_qfi82,0.0,99,10.0,data,ok,0.0,ue2_qfi9,277.5,ok,,25.8,ue2_qfi2,15,518.5,1783.25,30.303,ok,33.0,,pending,,pending,mixed,2,2,16,PF,1097657231,True
ue2_qfi9,13.25,199.0,253.25,269.75,ok,0.030150400632766774,ok,ue1_qfi85,1,1,1,2982.5,data,ok,2.0,False,,proxy,3,0,,ue1_qfi2,0.7828947368421053,152,150.0,ok,,ue2_qfi2,124.75,ok,,7,ok,11,,ue1_qfi4,0.4,ok,0.9267876419645369,proxy,5,0.8648109000090862,51722363.2,ok,0.020472727272727274,ok,0.8238215909090909,0.125878125,ok,ue1_qfi82,0.0,99,10.0,data,ok,0.0,ue2_qfi9,256.5,ok,,26.6,ue2_qfi2,16,394.0,1827.5,30.303,ok,33.0,,pending,,pending,mixed,2,2,16,Reservation,1097657231,True
ue3_qfi9,7.25,233.75,276.0,288.25,ok,0.020301560177104706,ok,ue13_qfi82,1,2,2,3007.25,data,ok,2.0,False,,proxy,3,0,,ue3_qfi2,0.9144736842105263,152,150.0,ok,,ue6_qfi2,130.729,ok,,6,ok,11,,ue1_qfi4,0.3996673333333333,ok,0.8591544677802233,proxy,5,0.7155530377456034,52249724.8,ok,0.018490909090909093,ok,0.8122181818181818,0.062321875,ok,ue1_qfi82,0.0,99,10.0,data,ok,0.0,ue3_qfi9,281.0,ok,,28.4,ue1_qfi2,12,179.75,1223.25,30.303,ok,33.0,,pending,,pending,mixed,2,2,16,TwoTier,1097657231,True
ue1_qfi9,5.25,198.75,266.75,281.5,ok,0.007229136849283019,ok,ue1_qfi83,0,1,1,1640.5,data,ok,2.0,False,,proxy,3,0,,ue1_qfi2,0.9605263157894737,152,150.0,ok,,ue1_qfi2,122.89,ok,,9,ok,11,,ue1_qfi4,0.4,ok,0.9763407534107784,proxy,5,0.9165295347126,52814827.2,ok,0.019279545454545455,ok,0.7801431818181818,0.069096875,ok,ue1_qfi82,0.0,99,10.0,data,ok,0.0,ue1_qfi9,276.25,ok,,29.4,ue1_qfi2,19,103.25,1613.5,30.303,ok,33.0,,pending,,pending,mixed,2,2,16,PF,579362555,True
ue2_qfi9,14.75,242.75,279.75,289.75,ok,0.009882114295085573,ok,ue16_qfi83,0,1,1,1702.75,data,ok,2.0,False,,proxy,3,0,,ue1_qfi2,0.9473684210526315,152,150.0,ok,,ue1_qfi2,120.611,ok,,8,ok,11,,ue1_qfi4,0.3996852,ok,0.9406154552583968,proxy,5,0.8783818369344558,52666542.4,ok,0.020897727272727273,ok,0.8242454545454545,0.1178359375,ok,ue1_qfi82,0.0,99,10.0,data,ok,0.0,ue2_qfi9,275.0,ok,,30.0,ue2_qfi2,19,105.25,1614.25,30.303,ok,33.0,,pending,,pending,mixed,2,2,16,Reservation,579362555,True
ue1_qfi9,8.5,190.0,221.75,235.0,ok,0.005289028673722455,ok,ue11_qfi82,1,2,2,2401.25,data,ok,2.0,False,,proxy,3,0,,ue8_qfi2,0.9605263157894737,152,150.0,ok,,ue4_qfi2,95.945,ok,,9,ok,11,,ue1_qfi4,0.4,ok,0.8838472030829332,proxy,5,0.7924732336250064,52908876.8,ok,0.018727272727272728,ok,0.8103875,0.0622890625,ok,ue1_qfi82,0.0,99,10.0,data,ok,0.0,ue1_qfi9,226.5,ok,,30.4,ue7_qfi2,11,92.25,824.0,30.303,ok,33.0,,pending,,pending,mixed,2,2,16,TwoTier,579362555,True
ue1_qfi9,7.25,228.0,265.5,280.5,ok,0.02652545087207906,ok,ue2_qfi85,1,2,2,2123.7500000000005,data,ok,2.0,False,,proxy,3,0,,ue2_qfi2,0.8092105263157895,152,150.0,ok,,ue2_qfi2,127.556,ok,,7,ok,11,,ue1_qfi4,0.4,ok,0.9681973312126655,proxy,5,0.9064309153131658,51854617.6,ok,0.018840909090909092,ok,0.7843522727272727,0.0700453125,ok,ue1_qfi82,0.0,99,10.0,data,ok,0.0,ue2_qfi9,275.0,ok,,24.6,ue2_qfi2,18,202.0,1915.5,30.303,ok,33.0,,pending,,pending,mixed,2,2,16,PF,661058651,True
ue2_qfi9,12.5,194.25,267.25,283.75,ok,0.026444885707200324,ok,ue2_qfi85,1,2,2,2123.7500000000005,data,ok,2.0,False,,proxy,3,0,,ue1_qfi2,0.8289473684210527,152,150.0,ok,,ue2_qfi2,125.306,ok,,7,ok,11,,ue1_qfi4,0.3997525333333334,ok,0.9467859853455076,proxy,5,0.8871797709199365,51844750.4,ok,0.02070909090909091,ok,0.8278011363636364,0.1253625,ok,ue1_qfi82,0.0,99,10.0,data,ok,0.0,ue2_qfi9,271.25,ok,,26.2,ue2_qfi2,16,375.25,1830.0,30.303,ok,33.0,,pending,,pending,mixed,2,2,16,Reservation,661058651,True
ue1_qfi9,11.75,161.25,189.25,206.0,ok,0.02828499157280593,ok,ue11_qfi82,1,2,2,2506.0,data,ok,2.0,False,,proxy,3,0,,ue9_qfi2,0.7828947368421053,152,150.0,ok,,ue9_qfi2,95.551,ok,,8,ok,11,,ue1_qfi4,0.4,ok,0.8759733331849681,proxy,5,0.7745184758996329,51750062.4,ok,0.01889090909090909,ok,0.8148147727272728,0.0626828125,ok,ue1_qfi82,0.0,99,10.0,data,ok,0.0,ue1_qfi9,194.25,ok,,30.4,ue3_qfi2,15,93.75,1178.75,30.303,ok,33.0,,pending,,pending,mixed,2,2,16,TwoTier,661058651,True
ue2_qfi9,7.5,256.5,284.25,291.75,ok,0.02254017161865131,ok,ue3_qfi85,1,1,1,2447.5,data,ok,2.0,False,,proxy,3,0,,ue2_qfi2,0.8092105263157895,152,150.0,ok,,ue1_qfi2,100.934,ok,,7,ok,11,,ue1_qfi4,0.3997426666666667,ok,0.9784310298951917,proxy,5,0.9453257768303533,52060972.800000004,ok,0.018677272727272726,ok,0.7795181818181818,0.0704046875,ok,ue1_qfi82,0.0,99,10.0,data,ok,0.0,ue2_qfi9,284.25,ok,,28.6,ue1_qfi2,17,194.75,1612.25,30.303,ok,33.0,,pending,,pending,mixed,2,2,16,PF,87989972,True
ue2_qfi9,14.75,255.75,283.25,292.25,ok,0.024124069579870306,ok,ue3_qfi85,1,1,1,2447.5,data,ok,2.0,False,,proxy,3,0,,ue2_qfi2,0.8026315789473685,152,150.0,ok,,ue1_qfi2,117.178,ok,,7,ok,11,,ue2_qfi4,0.39984879999999995,ok,0.9286693819034996,proxy,5,0.8763332306555072,51962884.8,ok,0.02011590909090909,ok,0.822540909090909,0.1238765625,ok,ue1_qfi82,0.0,99,10.0,data,ok,0.0,ue2_qfi9,277.5,ok,,29.2,ue1_qfi2,18,236.25,1661.25,30.303,ok,33.0,,pending,,pending,mixed,2,2,16,Reservation,87989972,True
ue2_qfi9,7.5,214.0,266.0,286.0,ok,0.01080115855780854,ok,ue3_qfi85,1,1,1,2447.5,data,ok,2.0,False,,proxy,3,0,,ue2_qfi2,0.9539473684210527,152,150.0,ok,,ue9_qfi2,129.237,ok,,8,ok,11,,ue1_qfi4,0.4,ok,0.8538176911317981,proxy,5,0.6717460459694699,52680936.0,ok,0.018504545454545454,ok,0.8127886363636364,0.0626515625,ok,ue1_qfi82,0.0,99,10.0,data,ok,0.0,ue1_qfi9,278.5,ok,,29.0,ue2_qfi2,14,140.75,1221.75,30.303,ok,33.0,,pending,,pending,mixed,2,2,16,TwoTier,87989972,True
ue1_qfi9,6.5,129.25,229.0,265.0,ok,0.0200398239370389,ok,ue1_qfi83,0,1,1,1745.2500000000002,data,ok,2.0,False,,proxy,3,0,,ue1_qfi2,0.7631578947368421,152,150.0,ok,,ue1_qfi2,119.13,ok,,8,ok,11,,ue1_qfi4,0.4,ok,0.9757081206516098,proxy,5,0.9297614816062715,52083932.8,ok,0.018527272727272726,ok,0.7835590909090909,0.069790625,ok,ue1_qfi82,0.0,99,10.0,data,ok,0.0,ue1_qfi9,258.5,ok,,30.4,ue2_qfi2,20,101.5,1486.5,30.303,ok,33.0,,pending,,pending,mixed,2,2,16,PF,161576974,True
ue1_qfi9,14.5,151.0,228.75,264.75,ok,0.022714720702946424,ok,ue1_qfi83,0,1,1,1748.2500000000002,data,ok,2.0,False,,proxy,3,0,,ue1_qfi2,0.743421052631579,152,150.0,ok,,ue1_qfi2,101.33,ok,,8,ok,11,,ue1_qfi4,0.4,ok,0.948838209607873,proxy,5,0.9066135134498692,51940265.6,ok,0.020829545454545455,ok,0.827275,0.12451875,ok,ue1_qfi82,0.0,99,10.0,data,ok,0.0,ue1_qfi9,250.25,ok,,30.4,ue2_qfi2,18,102.5,1476.0,30.303,ok,33.0,,pending,,pending,mixed,2,2,16,Reservation,161576974,True
ue3_qfi9,9.5,245.0,276.75,288.5,ok,0.009054010980304693,ok,ue11_qfi82,1,2,2,2508.5,data,ok,2.0,False,,proxy,3,0,,ue1_qfi2,0.9407894736842105,152,150.0,ok,,ue6_qfi2,111.201,ok,,8,ok,11,,ue1_qfi4,0.4,ok,0.8584464630884188,proxy,5,0.7234714669293484,52666457.6,ok,0.02005909090909091,ok,0.8163454545454546,0.06285625,ok,ue1_qfi82,0.0,99,10.0,data,ok,0.0,ue3_qfi9,279.0,ok,,28.6,ue1_qfi2,11,373.75,1258.25,30.303,ok,33.0,,pending,,pending,mixed,2,2,16,TwoTier,161576974,True
ue2_qfi9,3.25,168.75,253.0,282.25,ok,0.026984959661057614,ok,ue3_qfi85,1,1,1,3730.0,data,ok,2.0,False,,proxy,3,0,,ue1_qfi2,0.7763157894736842,152,150.0,ok,,ue2_qfi2,124.874,ok,,7,ok,11,,ue1_qfi4,0.4,ok,0.9724914847498944,proxy,5,0.9116660261569652,51574920.0,ok,0.019261363636363635,ok,0.7916647727272728,0.0728421875,ok,ue1_qfi82,0.0,99,10.0,data,ok,0.0,ue2_qfi9,279.0,ok,,26.2,ue2_qfi2,17,200.75,1746.5,30.303,ok,33.0,,pending,,pending,mixed,2,2,16,PF,35492826,True
ue3_qfi9,18.75,236.5,272.75,285.25,ok,0.027272089093546625,ok,ue3_qfi85,1,1,1,3730.0,data,ok,2.0,False,,proxy,3,0,,ue1_qfi2,0.8355263157894737,152,150.0,ok,,ue1_qfi2,130.816,ok,,7,ok,11,,ue2_qfi4,0.399902,ok,0.9173623605448465,proxy,5,0.837337847911788,51552059.2,ok,0.02084318181818182,ok,0.8317420454545454,0.1284765625,ok,ue1_qfi82,0.0,99,10.0,data,ok,0.0,ue3_qfi9,266.5,ok,,26.2,ue2_qfi2,17,201.25,1810.0,30.303,ok,33.0,,pending,,pending,mixed,2,2,16,Reservation,35492826,True
ue2_qfi9,6.25,251.0,272.25,284.5,ok,0.012989090419600755,ok,ue3_qfi85,1,1,1,3730.0,data,ok,2.0,False,,proxy,3,0,,ue1_qfi2,0.9473684210526315,152,150.0,ok,,ue6_qfi2,119.0,ok,,7,ok,11,,ue1_qfi4,0.4,ok,0.8472381030449376,proxy,5,0.7087316477535716,52325324.8,ok,0.018961363636363637,ok,0.8187806818181819,0.062996875,ok,ue1_qfi82,0.0,99,10.0,data,ok,0.0,ue2_qfi9,278.25,ok,,28.8,ue1_qfi2,12,281.0,1169.0,30.303,ok,33.0,,pending,,pending,mixed,2,2,16,TwoTier,35492826,True
ue2_qfi9,3.75,157.75,231.5,267.25,ok,0.03045454508499943,ok,ue2_qfi83,0,1,1,1725.5,data,ok,2.0,False,,proxy,3,0,,ue1_qfi2,0.8026315789473685,152,150.0,ok,,ue2_qfi2,123.443,ok,,7,ok,11,,ue1_qfi4,0.4,ok,0.9699508577624485,proxy,5,0.8935885468494065,51519185.6,ok,0.01854318181818182,ok,0.7716704545454546,0.0678140625,ok,ue1_qfi82,0.0,99,10.0,data,ok,0.0,ue2_qfi9,263.5,ok,,24.4,ue1_qfi2,14,395.75,1982.75,30.303,ok,33.0,,pending,,pending,mixed,2,2,16,PF,376383645,True
ue2_qfi9,12.75,160.25,239.75,275.5,ok,0.03895874956813765,ok,ue1_qfi83,0,1,1,1780.0000000000002,data,ok,2.0,False,,proxy,3,0,,ue1_qfi2,0.7960526315789473,152,150.0,ok,,ue1_qfi2,121.186,ok,,6,ok,11,,ue1_qfi4,0.4,ok,0.9283118046003278,proxy,5,0.8397568867880753,51066283.2,ok,0.020204545454545454,ok,0.8117238636363636,0.1194125,ok,ue1_qfi82,0.0,99,10.0,data,ok,0.0,ue2_qfi9,262.75,ok,,24.2,ue1_qfi2,12,600.25,1921.25,30.303,ok,33.0,,pending,,pending,mixed,2,2,16,Reservation,376383645,True
ue3_qfi9,7.75,232.75,274.5,288.25,ok,0.016230089563469465,ok,ue5_qfi9,1,1,2,3006.7500000000005,data,ok,2.0,False,,proxy,3,0,,ue1_qfi2,0.9407894736842105,152,150.0,ok,,ue6_qfi2,124.532,ok,,7,ok,11,,ue1_qfi4,0.4,ok,0.8495292036443971,proxy,5,0.6881185069463404,52284880.0,ok,0.01865909090909091,ok,0.7998704545454546,0.0593453125,ok,ue1_qfi82,0.0,99,10.0,data,ok,0.0,ue2_qfi9,281.5,ok,,29.2,ue2_qfi2,13,143.0,1134.0,30.303,ok,33.0,,pending,,pending,mixed,2,2,16,TwoTier,376383645,True
ue1_qfi9,6.25,116.75,226.75,263.75,ok,0.010974557246888665,ok,ue1_qfi83,0,1,1,1646.7500000000002,data,ok,2.0,False,,proxy,3,0,,ue1_qfi2,0.8881578947368421,152,150.0,ok,,ue1_qfi2,123.813,ok,,8,ok,11,,ue1_qfi4,0.4,ok,0.9799318197063386,proxy,5,0.9330548368734526,52432803.2,ok,0.018970454545454544,ok,0.7729261363636364,0.0674375,ok,ue1_qfi82,0.0,99,10.0,data,ok,0.0,ue1_qfi9,257.5,ok,,27.0,ue1_qfi2,18,296.25,1785.0,30.303,ok,33.0,,pending,,pending,mixed,2,2,16,PF,1746484539,True
ue2_qfi9,15.75,223.0,260.0,279.0,ok,0.01345683015064402,ok,ue1_qfi83,0,1,1,1561.0000000000002,data,ok,2.0,False,,proxy,3,0,,ue1_qfi2,0.8618421052631579,152,150.0,ok,,ue1_qfi2,125.491,ok,,8,ok,11,,ue1_qfi4,0.4,ok,0.9401689531298494,proxy,5,0.8979697076777965,52272976.0,ok,0.020395454545454546,ok,0.818975,0.115015625,ok,ue1_qfi82,0.0,99,10.0,data,ok,0.0,ue2_qfi9,263.25,ok,,29.8,ue2_qfi2,20,117.75,1621.0,30.303,ok,33.0,,pending,,pending,mixed,2,2,16,Reservation,1746484539,True
ue3_qfi9,8.0,194.5,236.25,271.0,ok,0.01265268220369959,ok,ue5_qfi9,1,1,3,2014.2499999999995,data,ok,2.0,False,,proxy,3,0,,ue9_qfi2,0.9078947368421053,152,150.0,ok,,ue7_qfi2,94.998,ok,,8,ok,11,,ue1_qfi4,0.4,ok,0.8752217214730408,proxy,5,0.7924912260754506,52319689.6,ok,0.01840909090909091,ok,0.8041102272727273,0.0618921875,ok,ue1_qfi82,0.0,99,10.0,data,ok,0.0,ue3_qfi9,263.0,ok,,30.4,ue1_qfi2,11,103.5,900.5,30.303,ok,33.0,,pending,,pending,mixed,2,2,16,TwoTier,1746484539,True
ue5_qfi2,10.543,17.229,19.142,20.5,ok,0.0002601547288849394,ok,ue1_qfi85,1,1,1,4460.25,data,ok,2.0,False,,proxy,3,0,,ue1_qfi2,1.0,152,150.0,ok,,ue5_qfi2,21.386,ok,,5,ok,5,,ue1_qfi2,0.9720171999999999,ok,0.9998736601387066,proxy,5,0.9997993639906445,27090835.2,ok,0.0627340909090909,ok,0.4230215909090909,0.102696875,ok,ue1_qfi82,0.0,99,10.0,data,ok,0.0,ue2_qfi9,14.0,ok,,30.4,ue1_qfi2,0,0.0,0.0,30.303,ok,33.0,,pending,,pending,sensor_dense,0,0,32,PF,1826701614,False
ue1_qfi2,11.246,20.412,22.5,23.643,ok,0.0007978878120126705,ok,ue1_qfi85,1,1,1,4461.749999999999,data,ok,2.0,False,,proxy,3,0,,ue1_qfi2,1.0,152,150.0,ok,,ue1_qfi2,24.272,ok,,5,ok,5,,ue1_qfi2,0.9720171999999999,ok,0.99900684641765,proxy,5,0.998502035577742,27070822.4,ok,0.07487045454545455,ok,0.4845659090909091,0.1200328125,ok,ue1_qfi82,0.0,99,10.0,data,ok,0.0,ue1_qfi9,18.25,ok,,30.4,ue1_qfi2,0,0.0,0.0,30.303,ok,33.0,,pending,,pending,sensor_dense,0,0,32,Reservation,1826701614,False
ue2_qfi1,1.75,15.25,23.0,23.0,ok,0.0012349311387871884,ok,ue1_qfi85,1,1,1,4460.25,data,ok,2.0,False,,proxy,3,0,,ue1_qfi2,1.0,152,150.0,ok,,ue5_qfi2,20.823,ok,,5,ok,5,,ue1_qfi2,0.9720171999999999,ok,0.9534830113473378,proxy,5,0.862878361331023,27065225.6,ok,0.06315,ok,0.4429954545454545,0.10026875,ok,ue1_qfi82,0.0,99,10.0,data,ok,0.0,ue2_qfi1,21.25,ok,,30.4,ue1_qfi2,0,0.0,0.0,30.303,ok,33.0,,pending,,pending,sensor_dense,0,0,32,TwoTier,1826701614,False
ue3_qfi2,9.208,16.297,18.207,19.5,ok,0.00026929889254172175,ok,ue1_qfi85,0,1,1,1527.4999999999998,data,ok,2.0,False,,proxy,3,0,,ue1_qfi2,1.0,152,150.0,ok,,ue3_qfi2,21.066,ok,,5,ok,5,,ue1_qfi2,0.9658536,ok,0.9998781330031801,proxy,5,0.9997901682084241,26925347.2,ok,0.06302272727272727,ok,0.41191704545454544,0.098990625,ok,ue1_qfi82,0.0,99,10.0,data,ok,0.0,ue2_qfi1,16.5,ok,,30.4,ue1_qfi2,0,0.0,0.0,30.303,ok,33.0,,pending,,pending,sensor_dense,0,0,32,PF,1367864806,False
ue1_qfi2,11.236,20.498,22.651,23.485,ok,0.0007721320457494773,ok,ue1_qfi85,0,1,1,1529.0,data,ok,2.0,False,,proxy,3,0,,ue4_qfi2,0.993421052631579,152,150.0,ok,,ue1_qfi2,24.879,ok,,5,ok,5,,ue1_qfi2,0.9658536,ok,0.9990834882760276,proxy,5,0.9988267569166854,26910283.2,ok,0.074825,ok,0.4710238636363636,0.1139875,ok,ue1_qfi82,0.0,99,10.0,data,ok,0.0,ue1_qfi9,18.75,ok,,30.2,ue4_qfi2,1,67.75,67.75,30.303,ok,33.0,,pending,,pending,sensor_dense,0,0,32,Reservation,1367864806,False
ue4_qfi2,8.845,16.16,17.595,19.031,ok,0.001121140576055931,ok,ue1_qfi85,0,1,1,1529.0,data,ok,2.0,False,,proxy,3,0,,ue2_qfi2,0.993421052631579,152,150.0,ok,,ue5_qfi2,20.462,ok,,5,ok,5,,ue1_qfi2,0.9658536,ok,0.9563336339117674,proxy,5,0.8630118757652626,26899526.4,ok,0.06309318181818181,ok,0.4291488636363636,0.09695625,ok,ue1_qfi82,0.0,99,10.0,data,ok,0.0,ue2_qfi1,16.75,ok,,30.4,ue1_qfi2,0,0.0,0.0,30.303,ok,33.0,,pending,,pending,sensor_dense,0,0,32,TwoTier,1367864806,False
ue3_qfi2,10.811,17.428,19.335,20.706,ok,0.0002220539086491537,ok,ue5_qfi82,0,1,4,1003.0000000000001,data,ok,2.0,False,,proxy,3,0,,ue5_qfi2,0.993421052631579,152,150.0,ok,,ue3_qfi2,21.642,ok,,5,ok,5,,ue2_qfi2,0.964742,ok,0.9998735741301508,proxy,5,0.999695243239596,27014465.6,ok,0.06292045454545454,ok,0.4178727272727273,0.1014359375,ok,ue1_qfi82,0.0,99,10.0,data,ok,0.0,ue2_qfi1,14.0,ok,,30.4,ue1_qfi2,0,0.0,0.0,30.303,ok,33.0,,pending,,pending,sensor_dense,0,0,32,PF,1097657231,False
ue1_qfi2,11.431,20.578,22.5,23.761,ok,0.0007632696655360263,ok,ue2_qfi9,0,1,4,1001.9999999999998,data,ok,2.0,False,,proxy,3,0,,ue4_qfi2,0.9868421052631579,152,150.0,ok,,ue1_qfi2,24.524,ok,,5,ok,5,,ue2_qfi2,0.9641068,ok,0.9990860739792501,proxy,5,0.998671490704761,26994849.6,ok,0.0746,ok,0.47679204545454545,0.1171046875,ok,ue1_qfi82,0.0,99,10.0,data,ok,0.0,ue1_qfi9,18.25,ok,,30.0,ue4_qfi2,2,72.5,139.0,30.303,ok,33.0,,pending,,pending,sensor_dense,0,0,32,Reservation,1097657231,False
ue5_qfi2,9.154,16.592,18.344,19.592,ok,0.0009433911420256442,ok,ue2_qfi9,0,1,4,1004.2500000000003,data,ok,2.0,False,,proxy,3,0,,ue1_qfi2,0.993421052631579,152,150.0,ok,,ue5_qfi2,21.268,ok,,5,ok,5,,ue2_qfi2,0.964742,ok,0.9721781999155616,proxy,5,0.9003962097436561,26990662.4,ok,0.06322727272727273,ok,0.4324875,0.0990640625,ok,ue1_qfi82,0.0,99,10.0,data,ok,0.0,ue2_qfi1,17.5,ok,,30.2,ue1_qfi2,0,0.0,0.0,30.303,ok,33.0,,pending,,pending,sensor_dense,0,0,32,TwoTier,1097657231,False
ue2_qfi1,1.0,13.0,21.0,21.0,ok,0.00023802676289612636,ok,ue4_qfi82,0,1,4,1001.5,data,ok,2.0,False,,proxy,3,0,,ue1_qfi2,1.0,152,150.0,ok,,ue4_qfi2,22.0,ok,,5,ok,5,,ue2_qfi2,0.9650284,ok,0.9998896500692569,proxy,5,0.9998457404972789,26881332.8,ok,0.062122727272727274,ok,0.4065125,0.095121875,ok,ue1_qfi82,0.0,99,10.0,data,ok,0.0,ue2_qfi1,20.0,ok,,30.4,ue1_qfi2,0,0.0,0.0,30.303,ok,33.0,,pending,,pending,sensor_dense,0,0,32,PF,579362555,False
ue1_qfi2,11.913,20.181,22.698,23.484,ok,0.0007990463356385144,ok,ue2_qfi9,0,2,4,1004.75,data,ok,2.0,False,,proxy,3,0,,ue1_qfi2,1.0,152,150.0,ok,,ue1_qfi2,23.641,ok,,5,ok,5,,ue2_qfi2,0.9650284,ok,0.9991045992804773,proxy,5,0.9984889497417799,26856955.2,ok,0.07359318181818182,ok,0.46773522727272726,0.1102171875,ok,ue1_qfi82,0.0,99,10.0,data,ok,0.0,ue1_qfi9,18.0,ok,,30.4,ue1_qfi2,0,0.0,0.0,30.303,ok,33.0,,pending,,pending,sensor_dense,0,0,32,Reservation,579362555,False
ue2_qfi1,1.5,18.0,20.5,20.5,ok,0.0010457187649011205,ok,ue4_qfi82,0,2,4,1001.25,data,ok,2.0,False,,proxy,3,0,,ue1_qfi2,1.0,152,150.0,ok,,ue3_qfi2,20.904,ok,,5,ok,5,,ue2_qfi2,0.9649684000000001,ok,0.9577655915989618,proxy,5,0.8930107813626265,26863548.8,ok,0.06215909090909091,ok,0.4235988636363636,0.09293125,ok,ue1_qfi82,0.0,99,10.0,data,ok,0.0,ue2_qfi1,19.0,ok,,30.4,ue1_qfi2,0,0.0,0.0,30.303,ok,33.0,,pending,,pending,sensor_dense,0,0,32,TwoTier,579362555,False
ue4_qfi2,10.283,17.402,19.567,20.952,ok,0.00032083822908705124,ok,ue2_qfi9,0,2,4,1001.0000000000003,data,ok,2.0,False,,proxy,3,0,,ue1_qfi2,1.0,152,150.0,ok,,ue4_qfi2,22.974,ok,,5,ok,5,,ue1_qfi2,0.9660284,ok,0.9998412645315847,proxy,5,0.9997682815754138,26921456.0,ok,0.06222727272727273,ok,0.41306590909090907,0.1004359375,ok,ue1_qfi82,0.0,99,10.0,data,ok,0.0,ue2_qfi1,14.0,ok,,30.4,ue1_qfi2,0,0.0,0.0,30.303,ok,33.0,,pending,,pending,sensor_dense,0,0,32,PF,661058651,False
ue1_qfi2,11.404,19.747,22.25,23.114,ok,0.0008014028800219112,ok,ue2_qfi9,0,2,4,1005.2500000000002,data,ok,2.0,False,,proxy,3,0,,ue1_qfi2,0.993421052631579,152,150.0,ok,,ue1_qfi2,23.614,ok,,5,ok,5,,ue1_qfi2,0.962072,ok,0.9990661885550531,proxy,5,0.9985132616609441,26899059.2,ok,0.07447045454545455,ok,0.47402045454545455,0.115178125,ok,ue1_qfi82,0.0,99,10.0,data,ok,0.0,ue1_qfi9,18.5,ok,,30.2,ue1_qfi2,1,71.5,71.5,30.303,ok,33.0,,pending,,pending,sensor_dense,0,0,32,Reservation,661058651,False
ue4_qfi2,9.107,17.25,19.224,20.637,ok,0.0010026822343775664,ok,ue2_qfi9,0,1,4,1003.7499999999997,data,ok,2.0,False,,proxy,3,0,,ue3_qfi2,0.993421052631579,152,150.0,ok,,ue4_qfi2,22.043,ok,,5,ok,5,,ue1_qfi2,0.9660284,ok,0.9642438321062239,proxy,5,0.8967031569778182,26909140.8,ok,0.06282954545454546,ok,0.4301602272727273,0.0986265625,ok,ue1_qfi82,0.0,99,10.0,data,ok,0.0,ue2_qfi1,16.25,ok,,30.2,ue3_qfi2,1,67.5,67.5,30.303,ok,33.0,,pending,,pending,sensor_dense,0,0,32,TwoTier,661058651,False
ue3_qfi2,10.363,17.058,19.289,20.5,ok,0.0002975804656274399,ok,ue5_qfi82,0,1,4,1001.5,data,ok,2.0,False,,proxy,3,0,,ue2_qfi2,0.993421052631579,152,150.0,ok,,ue5_qfi2,21.608,ok,,5,ok,5,,ue2_qfi2,0.9652172,ok,0.9998367301037929,proxy,5,0.9997866993685162,26972363.2,ok,0.062211363636363634,ok,0.41921704545454547,0.1006140625,ok,ue1_qfi82,0.0,99,10.0,data,ok,0.0,ue1_qfi9,13.5,ok,,30.2,ue2_qfi2,1,70.0,70.0,30.303,ok,33.0,,pending,,pending,sensor_dense,0,0,32,PF,87989972,False
ue1_qfi2,12.06,20.394,22.205,23.731,ok,0.0008690797610626649,ok,ue2_qfi9,0,2,4,1004.9999999999994,data,ok,2.0,False,,proxy,3,0,,ue1_qfi2,0.993421052631579,152,150.0,ok,,ue1_qfi2,24.496,ok,,5,ok,5,,ue2_qfi2,0.9664876,ok,0.9988053273361587,proxy,5,0.9982841914054681,26957792.0,ok,0.074125,ok,0.47953181818181817,0.116175,ok,ue1_qfi82,0.0,99,10.0,data,ok,0.0,ue1_qfi9,18.25,ok,,30.2,ue1_qfi2,0,0.0,0.0,30.303,ok,33.0,,pending,,pending,sensor_dense,0,0,32,Reservation,87989972,False
ue3_qfi2,8.68,16.628,18.081,19.894,ok,0.0009447823763313368,ok,ue2_qfi9,0,1,4,1004.75,data,ok,2.0,False,,proxy,3,0,,ue1_qfi2,1.0,152,150.0,ok,,ue5_qfi2,20.467,ok,,5,ok,5,,ue2_qfi2,0.9664876,ok,0.9703514471478625,proxy,5,0.8983628622977092,26961830.4,ok,0.06299772727272727,ok,0.4384795454545454,0.0991078125,ok,ue1_qfi82,0.0,99,10.0,data,ok,0.0,ue2_qfi1,16.0,ok,,30.4,ue1_qfi2,0,0.0,0.0,30.303,ok,33.0,,pending,,pending,sensor_dense,0,0,32,TwoTier,87989972,False
ue4_qfi2,10.662,17.563,19.188,20.966,ok,0.0002834866195027873,ok,ue3_qfi82,0,1,4,1001.5,data,ok,2.0,False,,proxy,3,0,,ue3_qfi2,0.993421052631579,152,150.0,ok,,ue4_qfi2,22.565,ok,,5,ok,5,,ue2_qfi2,0.9629708,ok,0.9998601571343937,proxy,5,0.9997841491016771,26948729.6,ok,0.0626340909090909,ok,0.4240647727272727,0.10130625,ok,ue1_qfi82,0.0,99,10.0,data,ok,0.0,ue2_qfi9,16.25,ok,,30.2,ue3_qfi2,1,69.25,69.25,30.303,ok,33.0,,pending,,pending,sensor_dense,0,0,32,PF,161576974,False
ue1_qfi2,12.077,20.963,22.973,24.536,ok,0.0008644931094342486,ok,ue2_qfi9,0,1,4,1004.7500000000005,data,ok,2.0,False,,proxy,3,0,,ue5_qfi2,0.993421052631579,152,150.0,ok,,ue1_qfi2,25.334,ok,,5,ok,5,,ue2_qfi2,0.9629708,ok,0.9988588471096722,proxy,5,0.9977279658266128,26929603.2,ok,0.07397954545454545,ok,0.4865068181818182,0.1174125,ok,ue1_qfi82,0.0,99,10.0,data,ok,0.0,ue1_qfi9,18.25,ok,,30.4,ue1_qfi2,0,0.0,0.0,30.303,ok,33.0,,pending,,pending,sensor_dense,0,0,32,Reservation,161576974,False
ue4_qfi2,9.132,16.681,18.591,20.372,ok,0.0010672447902376125,ok,ue4_qfi82,0,1,4,1003.0000000000001,data,ok,2.0,False,,proxy,3,0,,ue1_qfi2,1.0,152,150.0,ok,,ue4_qfi2,21.215,ok,,5,ok,5,,ue2_qfi2,0.9629708,ok,0.9645880392780855,proxy,5,0.8943745085831777,26930945.6,ok,0.06269545454545454,ok,0.4410227272727273,0.09929375,ok,ue1_qfi82,0.0,99,10.0,data,ok,0.0,ue2_qfi1,16.25,ok,,30.4,ue1_qfi2,0,0.0,0.0,30.303,ok,33.0,,pending,,pending,sensor_dense,0,0,32,TwoTier,161576974,False
ue3_qfi2,12.148,18.721,20.879,22.25,ok,0.0003174139836025112,ok,ue3_qfi82,0,1,4,1001.5,data,ok,2.0,False,,proxy,3,0,,ue1_qfi2,1.0,152,150.0,ok,,ue3_qfi2,24.34,ok,,5,ok,5,,ue1_qfi2,0.974528,ok,0.999809340684007,proxy,5,0.99969547153957,27211652.8,ok,0.06267272727272727,ok,0.44546363636363634,0.108553125,ok,ue1_qfi82,0.0,99,10.0,data,ok,0.0,ue2_qfi9,14.5,ok,,30.4,ue1_qfi2,0,0.0,0.0,30.303,ok,33.0,,pending,,pending,sensor_dense,0,0,32,PF,35492826,False
ue1_qfi2,11.885,20.547,22.77,23.795,ok,0.0008157576849905583,ok,ue2_qfi9,0,1,4,1000.2500000000003,data,ok,2.0,False,,proxy,3,0,,ue1_qfi2,1.0,152,150.0,ok,,ue3_qfi2,24.62,ok,,5,ok,5,,ue1_qfi2,0.974348,ok,0.9989595870313929,proxy,5,0.9983986829050109,27196947.2,ok,0.07475681818181819,ok,0.5073943181818181,0.1267078125,ok,ue1_qfi82,0.0,99,10.0,data,ok,0.0,ue1_qfi9,18.25,ok,,30.4,ue1_qfi2,0,0.0,0.0,30.303,ok,33.0,,pending,,pending,sensor_dense,0,0,32,Reservation,35492826,False
ue5_qfi2,9.131,17.61,19.419,20.951,ok,0.001170597097984338,ok,ue4_qfi82,0,1,4,1001.5,data,ok,2.0,False,,proxy,3,0,,ue1_qfi2,1.0,152,150.0,ok,,ue3_qfi2,22.202,ok,,5,ok,5,,ue1_qfi2,0.974528,ok,0.9542241724504418,proxy,5,0.875629235782735,27188059.2,ok,0.06244090909090909,ok,0.4641625,0.105871875,ok,ue1_qfi82,0.0,99,10.0,data,ok,0.0,ue2_qfi1,18.5,ok,,30.4,ue1_qfi2,0,0.0,0.0,30.303,ok,33.0,,pending,,pending,sensor_dense,0,0,32,TwoTier,35492826,False
ue2_qfi1,1.5,13.25,20.25,20.25,ok,0.00024967408256590753,ok,ue2_qfi9,0,1,4,1000.0000000000005,data,ok,2.0,False,,proxy,3,0,,ue1_qfi2,1.0,152,150.0,ok,,ue3_qfi2,21.317,ok,,5,ok,5,,ue2_qfi2,0.968902,ok,0.9998799982891502,proxy,5,0.9998079197315596,27075198.4,ok,0.06199090909090909,ok,0.40930568181818183,0.096965625,ok,ue1_qfi82,0.0,99,10.0,data,ok,0.0,ue2_qfi1,18.75,ok,,30.4,ue1_qfi2,0,0.0,0.0,30.303,ok,33.0,,pending,,pending,sensor_dense,0,0,32,PF,376383645,False
ue1_qfi2,11.679,20.806,22.882,24.09,ok,0.0008645685382853001,ok,ue2_qfi9,0,1,4,1004.5000000000002,data,ok,2.0,False,,proxy,3,0,,ue3_qfi2,0.9868421052631579,152,150.0,ok,,ue1_qfi2,24.785,ok,,5,ok,5,,ue2_qfi2,0.968902,ok,0.9989075809251933,proxy,5,0.9983122549080927,27055417.6,ok,0.07424318181818182,ok,0.46901363636363635,0.1118484375,ok,ue1_qfi82,0.0,99,10.0,data,ok,0.0,ue1_qfi9,18.75,ok,,30.0,ue3_qfi2,1,67.5,67.5,30.303,ok,33.0,,pending,,pending,sensor_dense,0,0,32,Reservation,376383645,False
ue2_qfi1,2.0,16.0,20.5,20.5,ok,0.000978586890516079,ok,ue2_qfi9,0,1,4,1002.7499999999998,data,ok,2.0,False,,proxy,3,0,,ue3_qfi2,0.993421052631579,152,150.0,ok,,ue4_qfi2,20.923,ok,,5,ok,5,,ue2_qfi2,0.968902,ok,0.971144873611902,proxy,5,0.8972788287154234,27055145.6,ok,0.062422727272727276,ok,0.4273977272727273,0.0952875,ok,ue1_qfi82,0.0,99,10.0,data,ok,0.0,ue2_qfi1,18.5,ok,,30.4,ue1_qfi2,0,0.0,0.0,30.303,ok,33.0,,pending,,pending,sensor_dense,0,0,32,TwoTier,376383645,False
ue5_qfi2,11.367,18.131,20.0,21.769,ok,0.00033173001110466214,ok,ue5_qfi82,0,1,4,1001.5,data,ok,2.0,False,,proxy,3,0,,ue3_qfi2,0.993421052631579,152,150.0,ok,,ue3_qfi2,22.994,ok,,5,ok,5,,ue2_qfi2,0.9722132,ok,0.9997792879120935,proxy,5,0.9996217323992829,27001118.4,ok,0.06208181818181818,ok,0.4350772727272727,0.1010828125,ok,ue1_qfi82,0.0,99,10.0,data,ok,0.0,ue1_qfi9,14.25,ok,,30.2,ue5_qfi2,1,69.25,69.25,30.303,ok,33.0,,pending,,pending,sensor_dense,0,0,32,PF,1746484539,False
ue1_qfi2,12.209,20.29,22.748,23.531,ok,0.0008710157339732394,ok,ue2_qfi9,0,2,4,1008.9999999999999,data,ok,2.0,False,,proxy,3,0,,ue5_qfi2,0.993421052631579,152,150.0,ok,,ue1_qfi2,24.368,ok,,5,ok,5,,ue2_qfi2,0.9721768000000001,ok,0.9988957130647709,proxy,5,0.9983106155210613,26984942.4,ok,0.07352954545454546,ok,0.4960477272727273,0.118578125,ok,ue1_qfi82,0.0,99,10.0,data,ok,0.0,ue1_qfi9,17.5,ok,,30.2,ue5_qfi2,1,67.25,67.25,30.303,ok,33.0,,pending,,pending,sensor_dense,0,0,32,Reservation,1746484539,False
ue2_qfi1,1.75,15.75,22.75,22.75,ok,0.001481845760446743,ok,ue2_qfi9,0,1,4,1007.25,data,ok,2.0,False,,proxy,3,0,,ue5_qfi2,0.993421052631579,152,150.0,ok,,ue3_qfi2,21.602,ok,,5,ok,5,,ue2_qfi2,0.9722132,ok,0.9211423228071848,proxy,5,0.7176928351226709,26970995.2,ok,0.062381818181818184,ok,0.45417840909090906,0.098478125,ok,ue1_qfi82,0.0,99,10.0,data,ok,0.0,ue2_qfi1,21.0,ok,,30.4,ue1_qfi2,0,0.0,0.0,30.303,ok,33.0,,pending,,pending,sensor_dense,0,0,32,TwoTier,1746484539,False
ue1_qfi9,4.5,51.0,59.5,66.25,ok,0.0008013201164507648,ok,ue1_qfi85,1,1,1,4461.749999999999,data,ok,2.0,False,,proxy,3,0,,ue1_qfi2,1.0,152,150.0,ok,,ue1_qfi2,49.375,ok,,5,ok,6,,ue1_qfi4,0.4,ok,0.9977445531151341,proxy,5,0.9923152686717845,31870132.8,ok,0.0627659090909091,ok,0.4946034090909091,0.1033828125,ok,ue1_qfi82,0.0,99,10.0,data,ok,0.0,ue1_qfi9,61.75,ok,,30.4,ue1_qfi2,7,76.5,499.25,30.303,ok,33.0,,pending,,pending,sensor_dense,1,1,32,PF,1826701614,True
ue1_qfi9,7.75,42.25,51.5,56.75,ok,0.0010370052688637725,ok,ue1_qfi85,1,1,1,4460.25,data,ok,2.0,False,,proxy,3,0,,ue1_qfi2,1.0,152,150.0,ok,,ue1_qfi2,41.519,ok,,5,ok,6,,ue1_qfi4,0.39981906666666667,ok,0.9974902308394812,proxy,5,0.9945138541512609,31858664.0,ok,0.07521136363636363,ok,0.5511920454545455,0.12419375,ok,ue1_qfi82,0.0,99,10.0,data,ok,0.0,ue1_qfi9,49.0,ok,,30.4,ue1_qfi2,4,77.0,290.0,30.303,ok,33.0,,pending,,pending,sensor_dense,1,1,32,Reservation,1826701614,True
ue2_qfi1,3.0,30.75,53.5,53.5,ok,0.0014542936704989638,ok,ue1_qfi85,1,1,1,4460.25,data,ok,2.0,False,,proxy,3,0,,ue1_qfi2,1.0,152,150.0,ok,,ue1_qfi2,33.306,ok,,5,ok,6,,ue1_qfi4,0.4,ok,0.9443787414497737,proxy,5,0.8647049850265068,31847627.2,ok,0.0631,ok,0.5143954545454545,0.101890625,ok,ue1_qfi82,0.0,99,10.0,data,ok,0.0,ue2_qfi1,50.5,ok,,30.4,ue1_qfi2,0,0.0,0.0,30.303,ok,33.0,,pending,,pending,sensor_dense,1,1,32,TwoTier,1826701614,True
ue1_qfi9,3.75,46.25,55.0,58.0,ok,0.0007602363272552917,ok,ue1_qfi85,0,1,1,1529.0,data,ok,2.0,False,,proxy,3,0,,ue1_qfi2,1.0,152,150.0,ok,,ue1_qfi2,50.203,ok,,5,ok,6,,ue1_qfi4,0.4,ok,0.9980335584663959,proxy,5,0.9933912222195869,31707337.6,ok,0.06300227272727273,ok,0.48092386363636364,0.099678125,ok,ue1_qfi82,0.0,99,10.0,data,ok,0.0,ue1_qfi9,54.25,ok,,30.4,ue1_qfi2,2,68.5,136.0,30.303,ok,33.0,,pending,,pending,sensor_dense,1,1,32,PF,1367864806,True
ue1_qfi9,7.5,41.25,50.5,54.25,ok,0.0010395316515326525,ok,ue1_qfi85,0,1,1,1529.0,data,ok,2.0,False,,proxy,3,0,,ue5_qfi2,0.993421052631579,152,150.0,ok,,ue1_qfi2,42.473,ok,,5,ok,6,,ue1_qfi4,0.4,ok,0.9973509234382893,proxy,5,0.9937806854778634,31697374.4,ok,0.07477272727272727,ok,0.5384147727272727,0.117775,ok,ue1_qfi82,0.0,99,10.0,data,ok,0.0,ue1_qfi9,46.75,ok,,30.2,ue5_qfi2,1,76.0,76.0,30.303,ok,33.0,,pending,,pending,sensor_dense,1,1,32,Reservation,1367864806,True
ue2_qfi1,3.0,31.75,60.5,60.5,ok,0.0014500933110537897,ok,ue1_qfi85,0,1,1,1529.0,data,ok,2.0,False,,proxy,3,0,,ue3_qfi2,0.993421052631579,152,150.0,ok,,ue1_qfi2,34.657,ok,,5,ok,6,,ue1_qfi4,0.4,ok,0.9516420544707354,proxy,5,0.8648384886334439,31683280.0,ok,0.06319090909090909,ok,0.5015056818181818,0.0985234375,ok,ue1_qfi82,0.0,99,10.0,data,ok,0.0,ue2_qfi1,57.5,ok,,30.4,ue4_qfi2,1,66.25,66.25,30.303,ok,33.0,,pending,,pending,sensor_dense,1,1,32,TwoTier,1367864806,True
ue1_qfi9,3.75,47.0,54.75,57.75,ok,0.0007804296648578698,ok,ue3_qfi82,0,1,4,1001.5,data,ok,2.0,False,,proxy,3,0,,ue1_qfi2,0.993421052631579,152,150.0,ok,,ue1_qfi2,48.713,ok,,5,ok,6,,ue1_qfi4,0.3995765333333334,ok,0.9979057868274909,proxy,5,0.9929056190907471,31785982.400000002,ok,0.06310681818181818,ok,0.4796261363636364,0.101509375,ok,ue1_qfi82,0.0,99,10.0,data,ok,0.0,ue1_qfi9,54.0,ok,,30.2,ue1_qfi2,3,70.25,205.75,30.303,ok,33.0,,pending,,pending,sensor_dense,1,1,32,PF,1097657231,True
ue1_qfi9,7.0,39.5,47.75,51.5,ok,0.0009751341299812352,ok,ue2_qfi9,0,1,4,1006.9999999999997,data,ok,2.0,False,,proxy,3,0,,ue5_qfi2,0.9868421052631579,152,150.0,ok,,ue1_qfi2,41.167,ok,,5,ok,6,,ue1_qfi4,0.4,ok,0.997596004838466,proxy,5,0.9943393482789269,31781174.4,ok,0.07477727272727273,ok,0.5373352272727273,0.12045,ok,ue1_qfi82,0.0,99,10.0,data,ok,0.0,ue1_qfi9,44.5,ok,,30.2,ue1_qfi2,2,90.75,164.75,30.303,ok,33.0,,pending,,pending,sensor_dense,1,1,32,Reservation,1097657231,True
ue1_qfi9,2.25,29.75,36.5,40.25,ok,0.001189524361717378,ok,ue2_qfi9,0,1,4,1007.5000000000002,data,ok,2.0,False,,proxy,3,0,,ue4_qfi2,0.993421052631579,152,150.0,ok,,ue1_qfi2,27.463,ok,,5,ok,6,,ue1_qfi4,0.4,ok,0.9711035748561558,proxy,5,0.8980263920187725,31783108.8,ok,0.06306818181818181,ok,0.5000261363636364,0.1004234375,ok,ue1_qfi82,0.0,99,10.0,data,ok,0.0,ue1_qfi9,38.0,ok,,30.4,ue1_qfi2,0,0.0,0.0,30.303,ok,33.0,,pending,,pending,sensor_dense,1,1,32,TwoTier,1097657231,True
ue1_qfi9,3.0,44.0,52.25,55.5,ok,0.0007676874687748172,ok,ue2_qfi9,0,1,4,1004.2500000000003,data,ok,2.0,False,,proxy,3,0,,ue3_qfi2,0.993421052631579,152,150.0,ok,,ue1_qfi2,47.928,ok,,5,ok,6,,ue1_qfi4,0.3995765333333334,ok,0.9981050160757702,proxy,5,0.9940646976307682,31655483.200000003,ok,0.062136363636363635,ok,0.46399772727272726,0.095178125,ok,ue1_qfi82,0.0,99,10.0,data,ok,0.0,ue1_qfi9,52.5,ok,,30.4,ue1_qfi2,3,72.75,211.25,30.303,ok,33.0,,pending,,pending,sensor_dense,1,1,32,PF,579362555,True
ue1_qfi9,6.75,34.25,43.25,47.5,ok,0.0009795155786866824,ok,ue2_qfi9,0,2,4,1004.7500000000005,data,ok,2.0,False,,proxy,3,0,,ue5_qfi2,0.993421052631579,152,150.0,ok,,ue1_qfi2,36.875,ok,,5,ok,6,,ue1_qfi4,0.4,ok,0.997726841588338,proxy,5,0.995208726090513,31649672.0,ok,0.07340681818181818,ok,0.5221715909090909,0.112428125,ok,ue1_qfi82,0.0,99,10.0,data,ok,0.0,ue1_qfi9,40.75,ok,,30.2,ue5_qfi2,1,77.25,77.25,30.303,ok,33.0,,pending,,pending,sensor_dense,1,1,32,Reservation,579362555,True
ue2_qfi1,3.5,28.0,36.0,36.0,ok,0.0014396035735774354,ok,ue25_qfi82,0,1,1,1306.2500000000005,data,ok,2.0,False,,proxy,3,0,,ue1_qfi2,1.0,152,150.0,ok,,ue1_qfi2,27.24,ok,,5,ok,6,,ue1_qfi4,0.4,ok,0.934737555340081,proxy,5,0.7880063825603782,31646083.2,ok,0.06240909090909091,ok,0.4824590909090909,0.0935609375,ok,ue1_qfi82,0.0,99,10.0,data,ok,0.0,ue1_qfi9,33.75,ok,,30.4,ue1_qfi2,0,0.0,0.0,30.303,ok,33.0,,pending,,pending,sensor_dense,1,1,32,TwoTier,579362555,True
ue1_qfi9,3.75,42.25,51.75,55.25,ok,0.0007828672216944097,ok,ue2_qfi9,0,2,4,1000.5000000000001,data,ok,2.0,False,,proxy,3,0,,ue1_qfi2,1.0,152,150.0,ok,,ue1_qfi2,48.161,ok,,5,ok,6,,ue1_qfi4,0.3995765333333334,ok,0.9981495847476876,proxy,5,0.9945127321964807,31698971.2,ok,0.06237954545454545,ok,0.4747875,0.1010703125,ok,ue1_qfi82,0.0,99,10.0,data,ok,0.0,ue1_qfi9,51.5,ok,,30.4,ue1_qfi2,0,0.0,0.0,30.303,ok,33.0,,pending,,pending,sensor_dense,1,1,32,PF,661058651,True
ue1_qfi9,7.0,38.0,47.0,51.0,ok,0.0009945134863118005,ok,ue2_qfi9,0,2,4,1003.7500000000006,data,ok,2.0,False,,proxy,3,0,,ue5_qfi2,0.993421052631579,152,150.0,ok,,ue1_qfi2,41.185,ok,,5,ok,6,,ue1_qfi4,0.4,ok,0.9976950664616344,proxy,5,0.9955308626464678,31702636.8,ok,0.07449545454545455,ok,0.534121590909091,0.1182140625,ok,ue1_qfi82,0.0,99,10.0,data,ok,0.0,ue1_qfi9,44.0,ok,,30.4,ue1_qfi2,2,70.75,138.75,30.303,ok,33.0,,pending,,pending,sensor_dense,1,1,32,Reservation,661058651,True
ue1_qfi9,2.0,28.0,35.0,39.25,ok,0.0013397440460693683,ok,ue2_qfi9,0,2,4,1001.7500000000003,data,ok,2.0,False,,proxy,3,0,,ue1_qfi2,1.0,152,150.0,ok,,ue1_qfi2,29.049,ok,,5,ok,6,,ue1_qfi4,0.4,ok,0.9590010227279173,proxy,5,0.8980160964116026,31694243.2,ok,0.06281363636363636,ok,0.49411704545454543,0.0997421875,ok,ue1_qfi82,0.0,99,10.0,data,ok,0.0,ue1_qfi9,37.25,ok,,30.4,ue1_qfi2,0,0.0,0.0,30.303,ok,33.0,,pending,,pending,sensor_dense,1,1,32,TwoTier,661058651,True
ue1_qfi9,4.25,47.25,55.5,59.0,ok,0.000773067219951517,ok,ue4_qfi82,0,1,4,1001.5,data,ok,2.0,False,,proxy,3,0,,ue1_qfi2,1.0,152,150.0,ok,,ue1_qfi2,46.681,ok,,5,ok,6,,ue1_qfi4,0.4,ok,0.9980287003988131,proxy,5,0.9937595993387828,31761537.6,ok,0.062175,ok,0.488575,0.1017390625,ok,ue1_qfi82,0.0,99,10.0,data,ok,0.0,ue1_qfi9,54.75,ok,,30.4,ue1_qfi2,5,71.75,350.75,30.303,ok,33.0,,pending,,pending,sensor_dense,1,1,32,PF,87989972,True
ue1_qfi9,7.5,43.0,51.75,57.0,ok,0.0010322624950433476,ok,ue3_qfi82,0,1,4,1003.0000000000001,data,ok,2.0,False,,proxy,3,0,,ue3_qfi2,0.993421052631579,152,150.0,ok,,ue1_qfi2,39.042,ok,,5,ok,6,,ue1_qfi4,0.4,ok,0.9976901567634648,proxy,5,0.9949316308665306,31749011.2,ok,0.07452954545454546,ok,0.5462090909090909,0.1202890625,ok,ue1_qfi82,0.0,99,10.0,data,ok,0.0,ue1_qfi9,49.5,ok,,30.4,ue1_qfi2,3,74.0,217.5,30.303,ok,33.0,,pending,,pending,sensor_dense,1,1,32,Reservation,87989972,True
ue1_qfi9,2.25,31.25,38.75,42.75,ok,0.0014943851183951444,ok,ue5_qfi82,0,2,4,1001.5,data,ok,2.0,False,,proxy,3,0,,ue2_qfi2,0.993421052631579,152,150.0,ok,,ue1_qfi2,30.089,ok,,5,ok,6,,ue1_qfi4,0.4,ok,0.9438583452324358,proxy,5,0.8701498042173064,31733686.4,ok,0.06282045454545454,ok,0.5124,0.100303125,ok,ue1_qfi82,0.0,99,10.0,data,ok,0.0,ue1_qfi9,40.5,ok,,30.4,ue1_qfi2,0,0.0,0.0,30.303,ok,33.0,,pending,,pending,sensor_dense,1,1,32,TwoTier,87989972,True
ue1_qfi9,4.25,48.25,57.0,62.5,ok,0.0008336612965337463,ok,ue4_qfi82,0,1,4,1004.5000000000002,data,ok,2.0,False,,proxy,3,0,,ue1_qfi2,1.0,152,150.0,ok,,ue1_qfi2,48.778,ok,,5,ok,6,,ue1_qfi4,0.4,ok,0.9978419512531088,proxy,5,0.9929973461756222,31733740.8,ok,0.06256363636363636,ok,0.4932056818181818,0.102021875,ok,ue1_qfi82,0.0,99,10.0,data,ok,0.0,ue1_qfi9,58.25,ok,,30.4,ue1_qfi2,6,73.0,417.75,30.303,ok,33.0,,pending,,pending,sensor_dense,1,1,32,PF,161576974,True
ue1_qfi9,7.5,44.25,53.0,59.5,ok,0.0010176816581916974,ok,ue2_qfi9,0,1,4,1004.5000000000002,data,ok,2.0,False,,proxy,3,0,,ue3_qfi2,0.993421052631579,152,150.0,ok,,ue1_qfi2,44.558,ok,,5,ok,6,,ue1_qfi4,0.3995765333333334,ok,0.9975173764536107,proxy,5,0.99415500653608,31719288.0,ok,0.07440681818181819,ok,0.5521602272727273,0.1215328125,ok,ue1_qfi82,0.0,99,10.0,data,ok,0.0,ue1_qfi9,52.0,ok,,30.4,ue1_qfi2,4,78.0,298.5,30.303,ok,33.0,,pending,,pending,sensor_dense,1,1,32,Reservation,161576974,True
ue2_qfi1,3.25,36.25,53.5,53.5,ok,0.0016363347833862724,ok,ue16_qfi82,0,1,1,1302.75,data,ok,2.0,False,,proxy,3,0,,ue1_qfi2,1.0,152,150.0,ok,,ue1_qfi2,31.244,ok,,5,ok,6,,ue1_qfi4,0.4,ok,0.9275340409134334,proxy,5,0.7782658322899875,31708179.2,ok,0.06258636363636363,ok,0.5126079545454545,0.1003125,ok,ue1_qfi82,0.0,99,10.0,data,ok,0.0,ue2_qfi1,50.25,ok,,30.4,ue1_qfi2,0,0.0,0.0,30.303,ok,33.0,,pending,,pending,sensor_dense,1,1,32,TwoTier,161576974,True
ue1_qfi9,5.0,53.5,62.5,69.0,ok,0.0008296821487688066,ok,ue3_qfi82,0,1,4,1001.5,data,ok,2.0,False,,proxy,3,0,,ue1_qfi2,0.993421052631579,152,150.0,ok,,ue1_qfi2,51.551,ok,,5,ok,6,,ue1_qfi4,0.4,ok,0.9976737333693608,proxy,5,0.992486913516344,31986019.2,ok,0.06270227272727273,ok,0.5179022727272727,0.1093203125,ok,ue1_qfi82,0.0,99,10.0,data,ok,0.0,ue1_qfi9,64.0,ok,,30.2,ue1_qfi2,6,76.75,422.25,30.303,ok,33.0,,pending,,pending,sensor_dense,1,1,32,PF,35492826,True
ue1_qfi9,7.75,47.5,55.5,59.75,ok,0.0010330634265863844,ok,ue2_qfi9,0,1,4,1001.9999999999998,data,ok,2.0,False,,proxy,3,0,,ue4_qfi2,0.993421052631579,152,150.0,ok,,ue1_qfi2,47.407,ok,,5,ok,6,,ue1_qfi4,0.4,ok,0.9970756894268018,proxy,5,0.9920571298638844,31985491.2,ok,0.0752090909090909,ok,0.5743806818181818,0.1317046875,ok,ue1_qfi82,0.0,99,10.0,data,ok,0.0,ue1_qfi9,52.0,ok,,30.4,ue1_qfi2,4,73.5,279.5,30.303,ok,33.0,,pending,,pending,sensor_dense,1,1,32,Reservation,35492826,True
ue2_qfi1,3.0,18.0,53.0,53.0,ok,0.0014992311218874803,ok,ue22_qfi82,0,1,1,1305.2499999999995,data,ok,2.0,False,,proxy,3,0,,ue1_qfi2,1.0,152,150.0,ok,,ue3_qfi2,31.62,ok,,5,ok,6,,ue1_qfi4,0.4,ok,0.9458170003168428,proxy,5,0.8615246344368751,31973275.2,ok,0.06273863636363636,ok,0.5391136363636364,0.107540625,ok,ue1_qfi82,0.0,99,10.0,data,ok,0.0,ue2_qfi1,50.0,ok,,30.4,ue1_qfi2,0,0.0,0.0,30.303,ok,33.0,,pending,,pending,sensor_dense,1,1,32,TwoTier,35492826,True
ue1_qfi9,3.25,41.0,52.0,55.5,ok,0.0007752944585519883,ok,ue4_qfi82,0,1,4,1001.5,data,ok,2.0,False,,proxy,3,0,,ue1_qfi2,1.0,152,150.0,ok,,ue1_qfi2,46.806,ok,,5,ok,6,,ue1_qfi4,0.3995765333333334,ok,0.9980271866289232,proxy,5,0.9935268263124546,31852472.0,ok,0.06227272727272727,ok,0.46731931818181816,0.096925,ok,ue1_qfi82,0.0,99,10.0,data,ok,0.0,ue1_qfi9,52.25,ok,,30.4,ue1_qfi2,3,74.5,209.25,30.303,ok,33.0,,pending,,pending,sensor_dense,1,1,32,PF,376383645,True
ue1_qfi9,7.0,35.0,44.25,48.0,ok,0.0010322360191646768,ok,ue2_qfi9,0,2,4,1001.9999999999998,data,ok,2.0,False,,proxy,3,0,,ue1_qfi2,0.993421052631579,152,150.0,ok,,ue1_qfi2,35.556,ok,,5,ok,6,,ue1_qfi4,0.4,ok,0.9974695198949144,proxy,5,0.99442059740426,31845956.8,ok,0.07411818181818182,ok,0.5265590909090909,0.1141515625,ok,ue1_qfi82,0.0,99,10.0,data,ok,0.0,ue1_qfi9,41.0,ok,,30.2,ue3_qfi2,1,67.5,67.5,30.303,ok,33.0,,pending,,pending,sensor_dense,1,1,32,Reservation,376383645,True
ue1_qfi9,2.0,26.75,33.5,36.25,ok,0.0013681151866858873,ok,ue2_qfi9,0,2,4,1007.25,data,ok,2.0,False,,proxy,3,0,,ue1_qfi2,1.0,152,150.0,ok,,ue1_qfi2,28.231,ok,,5,ok,6,,ue1_qfi4,0.4,ok,0.9561224561461067,proxy,5,0.8938508620674991,31834585.599999998,ok,0.06255227272727273,ok,0.48729545454545453,0.0956640625,ok,ue1_qfi82,0.0,99,10.0,data,ok,0.0,ue1_qfi9,34.25,ok,,30.4,ue1_qfi2,0,0.0,0.0,30.303,ok,33.0,,pending,,pending,sensor_dense,1,1,32,TwoTier,376383645,True
ue1_qfi9,5.0,50.0,58.25,62.25,ok,0.0008448759905605224,ok,ue2_qfi9,0,1,4,1002.5,data,ok,2.0,False,,proxy,3,0,,ue3_qfi2,0.993421052631579,152,150.0,ok,,ue1_qfi2,51.79,ok,,5,ok,6,,ue1_qfi4,0.4,ok,0.997705320539119,proxy,5,0.99259336240528,31789049.6,ok,0.062140909090909094,ok,0.5076079545454546,0.1023515625,ok,ue1_qfi82,0.0,99,10.0,data,ok,0.0,ue1_qfi9,57.25,ok,,30.4,ue1_qfi2,7,78.75,513.0,30.303,ok,33.0,,pending,,pending,sensor_dense,1,1,32,PF,1746484539,True
ue1_qfi9,8.0,45.0,52.25,56.25,ok,0.0010361317760440398,ok,ue2_qfi9,0,2,4,1004.7500000000005,data,ok,2.0,False,,proxy,3,0,,ue5_qfi2,0.993421052631579,152,150.0,ok,,ue1_qfi2,44.0,ok,,5,ok,6,,ue1_qfi4,0.4,ok,0.9973413752738978,proxy,5,0.993440522022005,31778937.599999998,ok,0.07366136363636364,ok,0.5659488636363637,0.1236796875,ok,ue1_qfi82,0.0,99,10.0,data,ok,0.0,ue1_qfi9,48.25,ok,,30.4,ue1_qfi2,4,72.75,283.75,30.303,ok,33.0,,pending,,pending,sensor_dense,1,1,32,Reservation,1746484539,True
ue1_qfi9,2.5,32.25,39.75,44.5,ok,0.0016930716719258765,ok,ue2_qfi9,0,1,4,1034.5,data,ok,2.0,False,,proxy,3,0,,ue4_qfi2,0.993421052631579,152,150.0,ok,,ue1_qfi2,33.468,ok,,5,ok,6,,ue1_qfi4,0.4,ok,0.9209206898805196,proxy,5,0.7217174992804265,31764092.8,ok,0.062386363636363636,ok,0.530525,0.1004078125,ok,ue1_qfi82,0.0,99,10.0,data,ok,0.0,ue1_qfi9,42.0,ok,,30.2,ue4_qfi2,1,68.0,68.0,30.303,ok,33.0,,pending,,pending,sensor_dense,1,1,32,TwoTier,1746484539,True
ue1_qfi9,4.5,51.0,59.5,66.25,ok,0.0008013201164507648,ok,ue1_qfi85,1,1,1,4461.749999999999,data,ok,2.0,False,,proxy,3,0,,ue1_qfi2,1.0,152,150.0,ok,,ue1_qfi2,49.375,ok,,5,ok,6,,ue1_qfi4,0.4,ok,0.9977445531151341,proxy,5,0.9923152686717845,31870132.8,ok,0.0627659090909091,ok,0.4946034090909091,0.1033828125,ok,ue1_qfi82,0.0,99,10.0,data,ok,0.0,ue1_qfi9,61.75,ok,,30.4,ue1_qfi2,7,76.5,499.25,30.303,ok,33.0,,pending,,pending,sensor_dense,2,1,32,PF,1826701614,True
ue1_qfi9,7.75,42.25,51.5,56.75,ok,0.0010370052688637725,ok,ue1_qfi85,1,1,1,4460.25,data,ok,2.0,False,,proxy,3,0,,ue1_qfi2,1.0,152,150.0,ok,,ue1_qfi2,41.519,ok,,5,ok,6,,ue1_qfi4,0.39981906666666667,ok,0.9974902308394812,proxy,5,0.9945138541512609,31858664.0,ok,0.07521136363636363,ok,0.5511920454545455,0.12419375,ok,ue1_qfi82,0.0,99,10.0,data,ok,0.0,ue1_qfi9,49.0,ok,,30.4,ue1_qfi2,4,77.0,290.0,30.303,ok,33.0,,pending,,pending,sensor_dense,2,1,32,Reservation,1826701614,True
ue2_qfi1,3.0,30.75,53.5,53.5,ok,0.0014542936704989638,ok,ue1_qfi85,1,1,1,4460.25,data,ok,2.0,False,,proxy,3,0,,ue1_qfi2,1.0,152,150.0,ok,,ue1_qfi2,33.306,ok,,5,ok,6,,ue1_qfi4,0.4,ok,0.9443787414497737,proxy,5,0.8647049850265068,31847627.2,ok,0.0631,ok,0.5143954545454545,0.101890625,ok,ue1_qfi82,0.0,99,10.0,data,ok,0.0,ue2_qfi1,50.5,ok,,30.4,ue1_qfi2,0,0.0,0.0,30.303,ok,33.0,,pending,,pending,sensor_dense,2,1,32,TwoTier,1826701614,True
ue1_qfi9,3.75,46.25,55.0,58.0,ok,0.0007602363272552917,ok,ue1_qfi85,0,1,1,1529.0,data,ok,2.0,False,,proxy,3,0,,ue1_qfi2,1.0,152,150.0,ok,,ue1_qfi2,50.203,ok,,5,ok,6,,ue1_qfi4,0.4,ok,0.9980335584663959,proxy,5,0.9933912222195869,31707337.6,ok,0.06300227272727273,ok,0.48092386363636364,0.099678125,ok,ue1_qfi82,0.0,99,10.0,data,ok,0.0,ue1_qfi9,54.25,ok,,30.4,ue1_qfi2,2,68.5,136.0,30.303,ok,33.0,,pending,,pending,sensor_dense,2,1,32,PF,1367864806,True
ue1_qfi9,7.5,41.25,50.5,54.25,ok,0.0010395316515326525,ok,ue1_qfi85,0,1,1,1529.0,data,ok,2.0,False,,proxy,3,0,,ue5_qfi2,0.993421052631579,152,150.0,ok,,ue1_qfi2,42.473,ok,,5,ok,6,,ue1_qfi4,0.4,ok,0.9973509234382893,proxy,5,0.9937806854778634,31697374.4,ok,0.07477272727272727,ok,0.5384147727272727,0.117775,ok,ue1_qfi82,0.0,99,10.0,data,ok,0.0,ue1_qfi9,46.75,ok,,30.2,ue5_qfi2,1,76.0,76.0,30.303,ok,33.0,,pending,,pending,sensor_dense,2,1,32,Reservation,1367864806,True
ue2_qfi1,3.0,31.75,60.5,60.5,ok,0.0014500933110537897,ok,ue1_qfi85,0,1,1,1529.0,data,ok,2.0,False,,proxy,3,0,,ue3_qfi2,0.993421052631579,152,150.0,ok,,ue1_qfi2,34.657,ok,,5,ok,6,,ue1_qfi4,0.4,ok,0.9516420544707354,proxy,5,0.8648384886334439,31683280.0,ok,0.06319090909090909,ok,0.5015056818181818,0.0985234375,ok,ue1_qfi82,0.0,99,10.0,data,ok,0.0,ue2_qfi1,57.5,ok,,30.4,ue4_qfi2,1,66.25,66.25,30.303,ok,33.0,,pending,,pending,sensor_dense,2,1,32,TwoTier,1367864806,True
ue1_qfi9,3.75,47.0,54.75,57.75,ok,0.0007804296648578698,ok,ue3_qfi82,0,1,4,1001.5,data,ok,2.0,False,,proxy,3,0,,ue1_qfi2,0.993421052631579,152,150.0,ok,,ue1_qfi2,48.713,ok,,5,ok,6,,ue1_qfi4,0.3995765333333334,ok,0.9979057868274909,proxy,5,0.9929056190907471,31785982.400000002,ok,0.06310681818181818,ok,0.4796261363636364,0.101509375,ok,ue1_qfi82,0.0,99,10.0,data,ok,0.0,ue1_qfi9,54.0,ok,,30.2,ue1_qfi2,3,70.25,205.75,30.303,ok,33.0,,pending,,pending,sensor_dense,2,1,32,PF,1097657231,True
ue1_qfi9,7.0,39.5,47.75,51.5,ok,0.0009751341299812352,ok,ue2_qfi9,0,1,4,1006.9999999999997,data,ok,2.0,False,,proxy,3,0,,ue5_qfi2,0.9868421052631579,152,150.0,ok,,ue1_qfi2,41.167,ok,,5,ok,6,,ue1_qfi4,0.4,ok,0.997596004838466,proxy,5,0.9943393482789269,31781174.4,ok,0.07477727272727273,ok,0.5373352272727273,0.12045,ok,ue1_qfi82,0.0,99,10.0,data,ok,0.0,ue1_qfi9,44.5,ok,,30.2,ue1_qfi2,2,90.75,164.75,30.303,ok,33.0,,pending,,pending,sensor_dense,2,1,32,Reservation,1097657231,True
ue1_qfi9,2.25,29.75,36.5,40.25,ok,0.001189524361717378,ok,ue2_qfi9,0,1,4,1007.5000000000002,data,ok,2.0,False,,proxy,3,0,,ue4_qfi2,0.993421052631579,152,150.0,ok,,ue1_qfi2,27.463,ok,,5,ok,6,,ue1_qfi4,0.4,ok,0.9711035748561558,proxy,5,0.8980263920187725,31783108.8,ok,0.06306818181818181,ok,0.5000261363636364,0.1004234375,ok,ue1_qfi82,0.0,99,10.0,data,ok,0.0,ue1_qfi9,38.0,ok,,30.4,ue1_qfi2,0,0.0,0.0,30.303,ok,33.0,,pending,,pending,sensor_dense,2,1,32,TwoTier,1097657231,True
ue1_qfi9,3.0,44.0,52.25,55.5,ok,0.0007676874687748172,ok,ue2_qfi9,0,1,4,1004.2500000000003,data,ok,2.0,False,,proxy,3,0,,ue3_qfi2,0.993421052631579,152,150.0,ok,,ue1_qfi2,47.928,ok,,5,ok,6,,ue1_qfi4,0.3995765333333334,ok,0.9981050160757702,proxy,5,0.9940646976307682,31655483.200000003,ok,0.062136363636363635,ok,0.46399772727272726,0.095178125,ok,ue1_qfi82,0.0,99,10.0,data,ok,0.0,ue1_qfi9,52.5,ok,,30.4,ue1_qfi2,3,72.75,211.25,30.303,ok,33.0,,pending,,pending,sensor_dense,2,1,32,PF,579362555,True
ue1_qfi9,6.75,34.25,43.25,47.5,ok,0.0009795155786866824,ok,ue2_qfi9,0,2,4,1004.7500000000005,data,ok,2.0,False,,proxy,3,0,,ue5_qfi2,0.993421052631579,152,150.0,ok,,ue1_qfi2,36.875,ok,,5,ok,6,,ue1_qfi4,0.4,ok,0.997726841588338,proxy,5,0.995208726090513,31649672.0,ok,0.07340681818181818,ok,0.5221715909090909,0.112428125,ok,ue1_qfi82,0.0,99,10.0,data,ok,0.0,ue1_qfi9,40.75,ok,,30.2,ue5_qfi2,1,77.25,77.25,30.303,ok,33.0,,pending,,pending,sensor_dense,2,1,32,Reservation,579362555,True
ue2_qfi1,3.5,28.0,36.0,36.0,ok,0.0014396035735774354,ok,ue25_qfi82,0,1,1,1306.2500000000005,data,ok,2.0,False,,proxy,3,0,,ue1_qfi2,1.0,152,150.0,ok,,ue1_qfi2,27.24,ok,,5,ok,6,,ue1_qfi4,0.4,ok,0.934737555340081,proxy,5,0.7880063825603782,31646083.2,ok,0.06240909090909091,ok,0.4824590909090909,0.0935609375,ok,ue1_qfi82,0.0,99,10.0,data,ok,0.0,ue1_qfi9,33.75,ok,,30.4,ue1_qfi2,0,0.0,0.0,30.303,ok,33.0,,pending,,pending,sensor_dense,2,1,32,TwoTier,579362555,True
ue1_qfi9,3.75,42.25,51.75,55.25,ok,0.0007828672216944097,ok,ue2_qfi9,0,2,4,1000.5000000000001,data,ok,2.0,False,,proxy,3,0,,ue1_qfi2,1.0,152,150.0,ok,,ue1_qfi2,48.161,ok,,5,ok,6,,ue1_qfi4,0.3995765333333334,ok,0.9981495847476876,proxy,5,0.9945127321964807,31698971.2,ok,0.06237954545454545,ok,0.4747875,0.1010703125,ok,ue1_qfi82,0.0,99,10.0,data,ok,0.0,ue1_qfi9,51.5,ok,,30.4,ue1_qfi2,0,0.0,0.0,30.303,ok,33.0,,pending,,pending,sensor_dense,2,1,32,PF,661058651,True
ue1_qfi9,7.0,38.0,47.0,51.0,ok,0.0009945134863118005,ok,ue2_qfi9,0,2,4,1003.7500000000006,data,ok,2.0,False,,proxy,3,0,,ue5_qfi2,0.993421052631579,152,150.0,ok,,ue1_qfi2,41.185,ok,,5,ok,6,,ue1_qfi4,0.4,ok,0.9976950664616344,proxy,5,0.9955308626464678,31702636.8,ok,0.07449545454545455,ok,0.534121590909091,0.1182140625,ok,ue1_qfi82,0.0,99,10.0,data,ok,0.0,ue1_qfi9,44.0,ok,,30.4,ue1_qfi2,2,70.75,138.75,30.303,ok,33.0,,pending,,pending,sensor_dense,2,1,32,Reservation,661058651,True
ue1_qfi9,2.0,28.0,35.0,39.25,ok,0.0013397440460693683,ok,ue2_qfi9,0,2,4,1001.7500000000003,data,ok,2.0,False,,proxy,3,0,,ue1_qfi2,1.0,152,150.0,ok,,ue1_qfi2,29.049,ok,,5,ok,6,,ue1_qfi4,0.4,ok,0.9590010227279173,proxy,5,0.8980160964116026,31694243.2,ok,0.06281363636363636,ok,0.49411704545454543,0.0997421875,ok,ue1_qfi82,0.0,99,10.0,data,ok,0.0,ue1_qfi9,37.25,ok,,30.4,ue1_qfi2,0,0.0,0.0,30.303,ok,33.0,,pending,,pending,sensor_dense,2,1,32,TwoTier,661058651,True
ue1_qfi9,4.25,47.25,55.5,59.0,ok,0.000773067219951517,ok,ue4_qfi82,0,1,4,1001.5,data,ok,2.0,False,,proxy,3,0,,ue1_qfi2,1.0,152,150.0,ok,,ue1_qfi2,46.681,ok,,5,ok,6,,ue1_qfi4,0.4,ok,0.9980287003988131,proxy,5,0.9937595993387828,31761537.6,ok,0.062175,ok,0.488575,0.1017390625,ok,ue1_qfi82,0.0,99,10.0,data,ok,0.0,ue1_qfi9,54.75,ok,,30.4,ue1_qfi2,5,71.75,350.75,30.303,ok,33.0,,pending,,pending,sensor_dense,2,1,32,PF,87989972,True
ue1_qfi9,7.5,43.0,51.75,57.0,ok,0.0010322624950433476,ok,ue3_qfi82,0,1,4,1003.0000000000001,data,ok,2.0,False,,proxy,3,0,,ue3_qfi2,0.993421052631579,152,150.0,ok,,ue1_qfi2,39.042,ok,,5,ok,6,,ue1_qfi4,0.4,ok,0.9976901567634648,proxy,5,0.9949316308665306,31749011.2,ok,0.07452954545454546,ok,0.5462090909090909,0.1202890625,ok,ue1_qfi82,0.0,99,10.0,data,ok,0.0,ue1_qfi9,49.5,ok,,30.4,ue1_qfi2,3,74.0,217.5,30.303,ok,33.0,,pending,,pending,sensor_dense,2,1,32,Reservation,87989972,True
ue1_qfi9,2.25,31.25,38.75,42.75,ok,0.0014943851183951444,ok,ue5_qfi82,0,2,4,1001.5,data,ok,2.0,False,,proxy,3,0,,ue2_qfi2,0.993421052631579,152,150.0,ok,,ue1_qfi2,30.089,ok,,5,ok,6,,ue1_qfi4,0.4,ok,0.9438583452324358,proxy,5,0.8701498042173064,31733686.4,ok,0.06282045454545454,ok,0.5124,0.100303125,ok,ue1_qfi82,0.0,99,10.0,data,ok,0.0,ue1_qfi9,40.5,ok,,30.4,ue1_qfi2,0,0.0,0.0,30.303,ok,33.0,,pending,,pending,sensor_dense,2,1,32,TwoTier,87989972,True
ue1_qfi9,4.25,48.25,57.0,62.5,ok,0.0008336612965337463,ok,ue4_qfi82,0,1,4,1004.5000000000002,data,ok,2.0,False,,proxy,3,0,,ue1_qfi2,1.0,152,150.0,ok,,ue1_qfi2,48.778,ok,,5,ok,6,,ue1_qfi4,0.4,ok,0.9978419512531088,proxy,5,0.9929973461756222,31733740.8,ok,0.06256363636363636,ok,0.4932056818181818,0.102021875,ok,ue1_qfi82,0.0,99,10.0,data,ok,0.0,ue1_qfi9,58.25,ok,,30.4,ue1_qfi2,6,73.0,417.75,30.303,ok,33.0,,pending,,pending,sensor_dense,2,1,32,PF,161576974,True
ue1_qfi9,7.5,44.25,53.0,59.5,ok,0.0010176816581916974,ok,ue2_qfi9,0,1,4,1004.5000000000002,data,ok,2.0,False,,proxy,3,0,,ue3_qfi2,0.993421052631579,152,150.0,ok,,ue1_qfi2,44.558,ok,,5,ok,6,,ue1_qfi4,0.3995765333333334,ok,0.9975173764536107,proxy,5,0.99415500653608,31719288.0,ok,0.07440681818181819,ok,0.5521602272727273,0.1215328125,ok,ue1_qfi82,0.0,99,10.0,data,ok,0.0,ue1_qfi9,52.0,ok,,30.4,ue1_qfi2,4,78.0,298.5,30.303,ok,33.0,,pending,,pending,sensor_dense,2,1,32,Reservation,161576974,True
ue2_qfi1,3.25,36.25,53.5,53.5,ok,0.0016363347833862724,ok,ue16_qfi82,0,1,1,1302.75,data,ok,2.0,False,,proxy,3,0,,ue1_qfi2,1.0,152,150.0,ok,,ue1_qfi2,31.244,ok,,5,ok,6,,ue1_qfi4,0.4,ok,0.9275340409134334,proxy,5,0.7782658322899875,31708179.2,ok,0.06258636363636363,ok,0.5126079545454545,0.1003125,ok,ue1_qfi82,0.0,99,10.0,data,ok,0.0,ue2_qfi1,50.25,ok,,30.4,ue1_qfi2,0,0.0,0.0,30.303,ok,33.0,,pending,,pending,sensor_dense,2,1,32,TwoTier,161576974,True
ue1_qfi9,5.0,53.5,62.5,69.0,ok,0.0008296821487688066,ok,ue3_qfi82,0,1,4,1001.5,data,ok,2.0,False,,proxy,3,0,,ue1_qfi2,0.993421052631579,152,150.0,ok,,ue1_qfi2,51.551,ok,,5,ok,6,,ue1_qfi4,0.4,ok,0.9976737333693608,proxy,5,0.992486913516344,31986019.2,ok,0.06270227272727273,ok,0.5179022727272727,0.1093203125,ok,ue1_qfi82,0.0,99,10.0,data,ok,0.0,ue1_qfi9,64.0,ok,,30.2,ue1_qfi2,6,76.75,422.25,30.303,ok,33.0,,pending,,pending,sensor_dense,2,1,32,PF,35492826,True
ue1_qfi9,7.75,47.5,55.5,59.75,ok,0.0010330634265863844,ok,ue2_qfi9,0,1,4,1001.9999999999998,data,ok,2.0,False,,proxy,3,0,,ue4_qfi2,0.993421052631579,152,150.0,ok,,ue1_qfi2,47.407,ok,,5,ok,6,,ue1_qfi4,0.4,ok,0.9970756894268018,proxy,5,0.9920571298638844,31985491.2,ok,0.0752090909090909,ok,0.5743806818181818,0.1317046875,ok,ue1_qfi82,0.0,99,10.0,data,ok,0.0,ue1_qfi9,52.0,ok,,30.4,ue1_qfi2,4,73.5,279.5,30.303,ok,33.0,,pending,,pending,sensor_dense,2,1,32,Reservation,35492826,True
ue2_qfi1,3.0,18.0,53.0,53.0,ok,0.0014992311218874803,ok,ue22_qfi82,0,1,1,1305.2499999999995,data,ok,2.0,False,,proxy,3,0,,ue1_qfi2,1.0,152,150.0,ok,,ue3_qfi2,31.62,ok,,5,ok,6,,ue1_qfi4,0.4,ok,0.9458170003168428,proxy,5,0.8615246344368751,31973275.2,ok,0.06273863636363636,ok,0.5391136363636364,0.107540625,ok,ue1_qfi82,0.0,99,10.0,data,ok,0.0,ue2_qfi1,50.0,ok,,30.4,ue1_qfi2,0,0.0,0.0,30.303,ok,33.0,,pending,,pending,sensor_dense,2,1,32,TwoTier,35492826,True
ue1_qfi9,3.25,41.0,52.0,55.5,ok,0.0007752944585519883,ok,ue4_qfi82,0,1,4,1001.5,data,ok,2.0,False,,proxy,3,0,,ue1_qfi2,1.0,152,150.0,ok,,ue1_qfi2,46.806,ok,,5,ok,6,,ue1_qfi4,0.3995765333333334,ok,0.9980271866289232,proxy,5,0.9935268263124546,31852472.0,ok,0.06227272727272727,ok,0.46731931818181816,0.096925,ok,ue1_qfi82,0.0,99,10.0,data,ok,0.0,ue1_qfi9,52.25,ok,,30.4,ue1_qfi2,3,74.5,209.25,30.303,ok,33.0,,pending,,pending,sensor_dense,2,1,32,PF,376383645,True
ue1_qfi9,7.0,35.0,44.25,48.0,ok,0.0010322360191646768,ok,ue2_qfi9,0,2,4,1001.9999999999998,data,ok,2.0,False,,proxy,3,0,,ue1_qfi2,0.993421052631579,152,150.0,ok,,ue1_qfi2,35.556,ok,,5,ok,6,,ue1_qfi4,0.4,ok,0.9974695198949144,proxy,5,0.99442059740426,31845956.8,ok,0.07411818181818182,ok,0.5265590909090909,0.1141515625,ok,ue1_qfi82,0.0,99,10.0,data,ok,0.0,ue1_qfi9,41.0,ok,,30.2,ue3_qfi2,1,67.5,67.5,30.303,ok,33.0,,pending,,pending,sensor_dense,2,1,32,Reservation,376383645,True
ue1_qfi9,2.0,26.75,33.5,36.25,ok,0.0013681151866858873,ok,ue2_qfi9,0,2,4,1007.25,data,ok,2.0,False,,proxy,3,0,,ue1_qfi2,1.0,152,150.0,ok,,ue1_qfi2,28.231,ok,,5,ok,6,,ue1_qfi4,0.4,ok,0.9561224561461067,proxy,5,0.8938508620674991,31834585.599999998,ok,0.06255227272727273,ok,0.48729545454545453,0.0956640625,ok,ue1_qfi82,0.0,99,10.0,data,ok,0.0,ue1_qfi9,34.25,ok,,30.4,ue1_qfi2,0,0.0,0.0,30.303,ok,33.0,,pending,,pending,sensor_dense,2,1,32,TwoTier,376383645,True
ue1_qfi9,5.0,50.0,58.25,62.25,ok,0.0008448759905605224,ok,ue2_qfi9,0,1,4,1002.5,data,ok,2.0,False,,proxy,3,0,,ue3_qfi2,0.993421052631579,152,150.0,ok,,ue1_qfi2,51.79,ok,,5,ok,6,,ue1_qfi4,0.4,ok,0.997705320539119,proxy,5,0.99259336240528,31789049.6,ok,0.062140909090909094,ok,0.5076079545454546,0.1023515625,ok,ue1_qfi82,0.0,99,10.0,data,ok,0.0,ue1_qfi9,57.25,ok,,30.4,ue1_qfi2,7,78.75,513.0,30.303,ok,33.0,,pending,,pending,sensor_dense,2,1,32,PF,1746484539,True
ue1_qfi9,8.0,45.0,52.25,56.25,ok,0.0010361317760440398,ok,ue2_qfi9,0,2,4,1004.7500000000005,data,ok,2.0,False,,proxy,3,0,,ue5_qfi2,0.993421052631579,152,150.0,ok,,ue1_qfi2,44.0,ok,,5,ok,6,,ue1_qfi4,0.4,ok,0.9973413752738978,proxy,5,0.993440522022005,31778937.599999998,ok,0.07366136363636364,ok,0.5659488636363637,0.1236796875,ok,ue1_qfi82,0.0,99,10.0,data,ok,0.0,ue1_qfi9,48.25,ok,,30.4,ue1_qfi2,4,72.75,283.75,30.303,ok,33.0,,pending,,pending,sensor_dense,2,1,32,Reservation,1746484539,True
ue1_qfi9,2.5,32.25,39.75,44.5,ok,0.0016930716719258765,ok,ue2_qfi9,0,1,4,1034.5,data,ok,2.0,False,,proxy,3,0,,ue4_qfi2,0.993421052631579,152,150.0,ok,,ue1_qfi2,33.468,ok,,5,ok,6,,ue1_qfi4,0.4,ok,0.9209206898805196,proxy,5,0.7217174992804265,31764092.8,ok,0.062386363636363636,ok,0.530525,0.1004078125,ok,ue1_qfi82,0.0,99,10.0,data,ok,0.0,ue1_qfi9,42.0,ok,,30.2,ue4_qfi2,1,68.0,68.0,30.303,ok,33.0,,pending,,pending,sensor_dense,2,1,32,TwoTier,1746484539,True
ue10_qfi2,133.02,148.482,149.75,150.027,ok,0.3706705062668357,ok,ue2_qfi85,1,1,1,3182.250000000001,data,ok,2.0,False,,proxy,3,0,,ue25_qfi2,0.013513513513513514,148,150.0,ok,,ue1_qfi2,150.242,ok,,0,ok,26,,ue1_qfi4,0.09645626666666667,ok,0.5787264430020039,proxy,5,0.568122327528907,68775633.6,ok,0.03788409090909091,ok,0.928275,0.0550671875,ok,ue1_qfi82,0.0,99,10.0,data,ok,0.0,ue1_qfi2,18.742999999999995,ok,,6.4,ue20_qfi2,16,1710.75,4369.5,30.303,ok,33.0,,pending,,pending,drone_heavy,1,1,32,PF,1826701614,True
ue11_qfi9,292.75,292.75,292.75,292.75,ok,0.3953666900642717,ok,ue19_qfi9,1,1,1,3832.25,data,ok,2.0,False,,proxy,3,0,,ue21_qfi2,0.0,147,150.0,ok,,ue2_qfi2,148.584,ok,,1,ok,26,,ue21_qfi2,0.0,ok,0.6069919210226163,proxy,5,0.4744377435325798,66281966.4,ok,0.04159090909090909,ok,0.9198795454545454,0.3902078125,ok,ue1_qfi82,0.0,99,10.0,data,ok,0.0,ue4_qfi2,99.94200000000001,ok,,8.8,ue2_qfi2,13,1952.75,4077.0,30.303,ok,33.0,,pending,,pending,drone_heavy,1,1,32,Reservation,1826701614,True
ue3_qfi9,206.75,293.0,297.5,299.0,ok,0.3823133909333815,ok,ue2_qfi85,1,1,1,3183.7500000000005,data,ok,2.0,False,,proxy,3,0,,ue19_qfi2,0.0,147,150.0,ok,,ue18_qfi2,145.996,ok,,1,ok,26,,ue19_qfi2,0.0,ok,0.5107126925234187,proxy,5,0.47142748520368255,67426803.2,ok,0.037288636363636364,ok,0.9292818181818182,0.05276875,ok,ue1_qfi82,0.0,99,10.0,data,ok,0.0,ue2_qfi9,100.0,ok,,27.0,ue2_qfi2,32,343.25,3427.25,30.303,ok,33.0,,pending,,pending,drone_heavy,1,1,32,TwoTier,1826701614,True
ue9_qfi2,133.723,148.666,149.866,150.094,ok,0.36772016411292996,ok,ue1_qfi2,1,1,1,2210.75,data,ok,2.0,False,,proxy,3,0,,ue24_qfi2,0.02027027027027027,148,150.0,ok,,ue6_qfi2,150.25,ok,,0,ok,26,,ue1_qfi4,0.09458293333333333,ok,0.5795646751034875,proxy,5,0.5687488692301331,68953643.2,ok,0.03790681818181818,ok,0.9304284090909091,0.0571578125,ok,ue1_qfi82,0.0,99,10.0,data,ok,0.0,ue21_qfi2,19.704999999999984,ok,,10.6,ue7_qfi2,21,1115.5,3655.5,30.303,ok,33.0,,pending,,pending,drone_heavy,1,1,32,PF,1367864806,True
ue1_qfi9,284.5,298.75,299.75,300.0,ok,0.39551706237333184,ok,ue1_qfi9,1,1,1,4445.75,data,ok,2.0,False,,proxy,3,0,,ue20_qfi2,0.0,147,150.0,ok,,ue23_qfi2,149.878,ok,,0,ok,26,,ue20_qfi2,0.0,ok,0.6521655027165133,proxy,5,0.6387567548882508,66185299.2,ok,0.040947727272727275,ok,0.9228738636363636,0.37939375,ok,ue1_qfi82,0.0,99,10.0,data,ok,0.0,ue4_qfi9,120.0,ok,,18.8,ue2_qfi2,11,885.75,2436.25,30.303,ok,33.0,,pending,,pending,drone_heavy,1,1,32,Reservation,1367864806,True
ue1_qfi9,184.5,292.5,297.25,298.5,ok,0.3717309882156817,ok,ue2_qfi83,1,1,1,4341.0,data,ok,2.0,False,,proxy,3,0,,ue21_qfi2,0.0,147,150.0,ok,,ue9_qfi2,146.421,ok,,1,ok,26,,ue21_qfi2,0.0,ok,0.5164178773067853,proxy,5,0.4770590033930119,68556531.2,ok,0.03693863636363636,ok,0.9311386363636364,0.0534625,ok,ue1_qfi82,0.0,99,10.0,data,ok,0.0,ue2_qfi9,147.25,ok,,26.0,ue2_qfi2,35,206.5,3269.5,30.303,ok,33.0,,pending,,pending,drone_heavy,1,1,32,TwoTier,1367864806,True
ue9_qfi2,132.522,148.846,149.561,150.09,ok,0.3954766266110109,ok,ue1_qfi2,1,1,1,2213.5000000000005,data,ok,2.0,False,,proxy,3,0,,ue23_qfi2,0.02027027027027027,148,150.0,ok,,ue19_qfi2,150.158,ok,,0,ok,26,,ue1_qfi4,0.091852,ok,0.5781586539045879,proxy,5,0.5691778440987605,65928739.2,ok,0.03892954545454545,ok,0.9319011363636364,0.0621921875,ok,ue1_qfi82,0.0,99,10.0,data,ok,0.0,ue1_qfi2,18.960000000000008,ok,,5.6,ue6_qfi2,13,2173.5,4400.75,30.303,ok,33.0,,pending,,pending,drone_heavy,1,1,32,PF,1097657231,True
ue7_qfi9,295.25,295.25,295.25,295.25,ok,0.4110255428748126,ok,ue12_qfi1,1,1,1,3552.0,data,ok,2.0,False,,proxy,3,0,,ue23_qfi2,0.0,148,150.0,ok,,ue16_qfi2,149.952,ok,,1,ok,26,,ue23_qfi2,0.0,ok,0.5287244566790168,proxy,5,0.4721264118608875,64189201.6,ok,0.041402272727272725,ok,0.911475,0.4137046875,ok,ue1_qfi82,0.0,99,10.0,data,ok,0.0,ue6_qfi2,81.54499999999999,ok,,14.0,ue16_qfi2,13,996.25,3027.25,30.303,ok,33.0,,pending,,pending,drone_heavy,1,1,32,Reservation,1097657231,True
ue2_qfi9,190.75,290.0,296.25,298.25,ok,0.4086314275375504,ok,ue3_qfi83,0,2,2,1924.2499999999998,data,ok,2.0,False,,proxy,3,0,,ue18_qfi2,0.0,147,150.0,ok,,ue5_qfi2,145.383,ok,,1,ok,26,,ue18_qfi2,0.0,ok,0.5124708466878806,proxy,5,0.4644521138523848,64557276.8,ok,0.037797727272727275,ok,0.9303022727272727,0.059084375,ok,ue1_qfi82,0.0,99,10.0,data,ok,0.0,ue1_qfi9,135.5,ok,,24.4,ue3_qfi2,31,922.5,3774.25,30.303,ok,33.0,,pending,,pending,drone_heavy,1,1,32,TwoTier,1097657231,True
ue25_qfi2,133.528,149.109,149.849,150.135,ok,0.3795820547192679,ok,ue1_qfi85,1,1,1,3817.5,data,ok,2.0,False,,proxy,3,0,,ue24_qfi2,0.02027027027027027,148,150.0,ok,,ue10_qfi2,150.135,ok,,0,ok,26,,ue1_qfi4,0.10407373333333333,ok,0.5803893116033481,proxy,5,0.5694317243336436,67702395.2,ok,0.037418181818181816,ok,0.9311659090909091,0.058,ok,ue1_qfi82,0.0,99,10.0,data,ok,0.0,ue9_qfi2,19.900000000000006,ok,,8.8,ue20_qfi2,18,593.5,3949.0,30.303,ok,33.0,,pending,,pending,drone_heavy,1,1,32,PF,579362555,True
ue15_qfi9,272.75,272.75,272.75,272.75,ok,0.3943932048547328,ok,ue1_qfi85,1,1,1,3817.5,data,ok,2.0,False,,proxy,3,0,,ue16_qfi2,0.0,148,150.0,ok,,ue3_qfi2,149.396,ok,,1,ok,26,,ue16_qfi2,0.0,ok,0.6229675407234383,proxy,5,0.5566001330803886,66249827.2,ok,0.04090454545454546,ok,0.9202954545454546,0.38780625,ok,ue1_qfi82,0.0,99,10.0,data,ok,0.0,ue9_qfi9,110.0,ok,,9.4,ue2_qfi2,14,1144.75,3999.0,30.303,ok,33.0,,pending,,pending,drone_heavy,1,1,32,Reservation,579362555,True
ue2_qfi9,143.5,289.25,295.5,297.75,ok,0.39552605102232674,ok,ue1_qfi85,1,1,1,3817.5,data,ok,2.0,False,,proxy,3,0,,ue18_qfi2,0.0,147,150.0,ok,,ue16_qfi2,146.346,ok,,2,ok,26,,ue18_qfi2,0.0,ok,0.5111233841703795,proxy,5,0.47156805907613997,65839424.0,ok,0.037222727272727275,ok,0.9293136363636364,0.055121875,ok,ue1_qfi82,0.0,99,10.0,data,ok,0.0,ue2_qfi9,154.25,ok,,28.0,ue3_qfi2,34,231.25,3188.75,30.303,ok,33.0,,pending,,pending,drone_heavy,1,1,32,TwoTier,579362555,True
ue4_qfi2,132.806,148.883,149.852,150.095,ok,0.3777263139057807,ok,ue1_qfi2,1,1,1,2211.5,data,ok,2.0,False,,proxy,3,0,,ue23_qfi2,0.013513513513513514,148,150.0,ok,,ue14_qfi2,150.24,ok,,0,ok,26,,ue1_qfi4,0.10077266666666666,ok,0.5778115240767701,proxy,5,0.5679351913469846,67874963.2,ok,0.0386,ok,0.9297397727272727,0.0588953125,ok,ue1_qfi82,0.0,99,10.0,data,ok,0.0,ue1_qfi2,20.09899999999999,ok,,5.6,ue22_qfi2,15,1162.0,4413.75,30.303,ok,33.0,,pending,,pending,drone_heavy,1,1,32,PF,661058651,True
ue1_qfi9,248.25,294.75,298.0,299.0,ok,0.4004384939317041,ok,ue1_qfi83,1,1,1,4294.25,data,ok,2.0,False,,proxy,3,0,,ue21_qfi2,0.0,147,150.0,ok,,ue3_qfi2,148.063,ok,,0,ok,26,,ue21_qfi2,0.0,ok,0.6326259659374791,proxy,5,0.5893226503850311,65563408.0,ok,0.04097727272727273,ok,0.9204613636363637,0.3823828125,ok,ue1_qfi82,0.0,99,10.0,data,ok,0.0,ue14_qfi9,110.25,ok,,11.6,ue2_qfi2,17,1222.0,3853.5,30.303,ok,33.0,,pending,,pending,drone_heavy,1,1,32,Reservation,661058651,True
ue1_qfi9,179.25,291.5,296.75,298.5,ok,0.3943261384003946,ok,ue12_qfi1,1,1,1,4554.250000000001,data,ok,2.0,False,,proxy,3,0,,ue18_qfi2,0.0,148,150.0,ok,,ue4_qfi2,146.182,ok,,1,ok,26,,ue18_qfi2,0.0,ok,0.5292388787887357,proxy,5,0.4723162401388581,65958601.6,ok,0.03692045454545455,ok,0.9296079545454545,0.0573203125,ok,ue1_qfi82,0.0,99,10.0,data,ok,0.0,ue1_qfi4,171.75,ok,,26.4,ue2_qfi2,34,457.75,3396.5,30.303,ok,33.0,,pending,,pending,drone_heavy,1,1,32,TwoTier,661058651,True
ue4_qfi2,133.452,148.929,149.759,150.13,ok,0.3812473789257293,ok,ue1_qfi85,1,1,1,3973.75,data,ok,2.0,False,,proxy,3,0,,ue23_qfi2,0.02027027027027027,148,150.0,ok,,ue17_qfi2,150.221,ok,,0,ok,26,,ue1_qfi4,0.09521786666666666,ok,0.5777150017749582,proxy,5,0.5671226116525182,67405963.2,ok,0.03797727272727273,ok,0.9293886363636363,0.05745625,ok,ue1_qfi82,0.0,99,10.0,data,ok,0.0,ue10_qfi2,20.792,ok,,6.4,ue16_qfi2,15,892.75,4327.5,30.303,ok,33.0,,pending,,pending,drone_heavy,1,1,32,PF,87989972,True
ue4_qfi9,285.25,285.25,285.25,285.25,ok,0.40418742956913606,ok,ue15_qfi9,1,1,1,4215.0,data,ok,2.0,False,,proxy,3,0,,ue22_qfi2,0.0,147,150.0,ok,,ue3_qfi2,149.87,ok,,0,ok,26,,ue22_qfi2,0.0,ok,0.6082152027847243,proxy,5,0.5354573194739166,65035601.6,ok,0.041513636363636364,ok,0.9175511363636364,0.3974828125,ok,ue1_qfi82,0.0,99,10.0,data,ok,0.0,ue21_qfi2,99.768,ok,,5.4,ue2_qfi2,14,774.5,3981.0,30.303,ok,33.0,,pending,,pending,drone_heavy,1,1,32,Reservation,87989972,True
ue1_qfi9,213.25,292.75,296.75,298.5,ok,0.3726785046106014,ok,ue2_qfi9,1,1,1,4093.75,data,ok,2.0,False,,proxy,3,0,,ue24_qfi2,0.0,147,150.0,ok,,ue2_qfi2,149.231,ok,,0,ok,26,,ue24_qfi2,0.0,ok,0.5129909919860307,proxy,5,0.47253880245042573,68258308.8,ok,0.037775,ok,0.9302,0.0530734375,ok,ue1_qfi82,0.0,99,10.0,data,ok,0.0,ue2_qfi9,285.25,ok,,19.8,ue2_qfi2,29,741.75,3669.25,30.303,ok,33.0,,pending,,pending,drone_heavy,1,1,32,TwoTier,87989972,True
ue5_qfi2,132.203,148.71,149.569,150.073,ok,0.37403472533748244,ok,ue1_qfi2,1,1,1,2210.0,data,ok,2.0,False,,proxy,3,0,,ue24_qfi2,0.020134228187919462,149,150.0,ok,,ue14_qfi2,150.158,ok,,0,ok,26,,ue1_qfi4,0.10566093333333333,ok,0.5795091954986524,proxy,5,0.5666941872786542,68055036.8,ok,0.03835227272727273,ok,0.9323704545454545,0.059890625,ok,ue1_qfi82,0.0,99,10.0,data,ok,0.0,ue12_qfi2,18.84299999999999,ok,,9.4,ue5_qfi2,19,1019.25,3660.5,30.303,ok,33.0,,pending,,pending,drone_heavy,1,1,32,PF,161576974,True
ue2_qfi9,260.5,298.25,299.5,299.75,ok,0.3986468679469406,ok,ue5_qfi9,1,1,1,4027.5,data,ok,2.0,False,,proxy,3,0,,ue22_qfi2,0.0,147,150.0,ok,,ue3_qfi2,149.61,ok,,0,ok,26,,ue22_qfi2,0.0,ok,0.6206323398573572,proxy,5,0.5566387703669765,65678969.6,ok,0.041072727272727275,ok,0.9173465909090909,0.40063125,ok,ue1_qfi82,0.0,99,10.0,data,ok,0.0,ue16_qfi2,105.73000000000002,ok,,6.8,ue3_qfi2,10,2302.5,4235.0,30.303,ok,33.0,,pending,,pending,drone_heavy,1,1,32,Reservation,161576974,True
ue3_qfi9,192.0,294.5,298.25,299.25,ok,0.3718339845441259,ok,ue18_qfi1,1,1,1,4131.5,data,ok,2.0,False,,proxy,3,0,,ue21_qfi2,0.0,148,150.0,ok,,ue14_qfi2,148.251,ok,,0,ok,26,,ue21_qfi2,0.0,ok,0.5161279374562279,proxy,5,0.46138572311432346,68290696.0,ok,0.03681818181818182,ok,0.9311465909090909,0.0551578125,ok,ue1_qfi82,0.0,99,10.0,data,ok,0.0,ue1_qfi4,148.75,ok,,24.2,ue2_qfi2,34,318.75,3609.25,30.303,ok,33.0,,pending,,pending,drone_heavy,1,1,32,TwoTier,161576974,True
ue25_qfi2,132.999,148.846,149.717,150.145,ok,0.3889885081844038,ok,ue1_qfi2,1,1,1,2206.75,data,ok,2.0,False,,proxy,3,0,,ue24_qfi2,0.02027027027027027,148,150.0,ok,,ue5_qfi2,150.193,ok,,0,ok,26,,ue1_qfi4,0.10237280000000001,ok,0.5805457507627754,proxy,5,0.5715106341912126,66734296.0,ok,0.03806363636363636,ok,0.9312477272727273,0.0594546875,ok,ue1_qfi82,0.0,99,10.0,data,ok,0.0,ue1_qfi2,18.22399999999999,ok,,3.8,ue12_qfi2,14,924.0,4772.25,30.303,ok,33.0,,pending,,pending,drone_heavy,1,1,32,PF,35492826,True
ue18_qfi9,277.75,277.75,277.75,277.75,ok,0.41719157200370893,ok,ue15_qfi2,1,1,1,4292.75,data,ok,2.0,False,,proxy,3,0,,ue23_qfi2,0.0,147,150.0,ok,,ue18_qfi2,149.767,ok,,1,ok,26,,ue23_qfi2,0.0,ok,0.5175000862206238,proxy,5,0.4751421719469711,63506838.4,ok,0.0415,ok,0.9073102272727273,0.4272578125,ok,ue1_qfi82,0.0,99,10.0,data,ok,0.0,ue16_qfi2,95.819,ok,,22.4,ue7_qfi2,9,341.25,1519.75,30.303,ok,33.0,,pending,,pending,drone_heavy,1,1,32,Reservation,35492826,True
ue2_qfi9,208.25,292.75,297.25,298.75,ok,0.39194794562889096,ok,ue4_qfi1,1,1,1,3195.2499999999995,data,ok,2.0,False,,proxy,3,0,,ue20_qfi2,0.0,147,150.0,ok,,ue17_qfi2,146.922,ok,,1,ok,26,,ue20_qfi2,0.0,ok,0.516542883131565,proxy,5,0.4762434443793983,66290236.8,ok,0.038422727272727275,ok,0.9335818181818182,0.056515625,ok,ue1_qfi82,0.0,99,10.0,data,ok,0.0,ue3_qfi9,204.25,ok,,19.4,ue2_qfi2,28,542.25,3181.25,30.303,ok,33.0,,pending,,pending,drone_heavy,1,1,32,TwoTier,35492826,True
ue23_qfi2,133.514,148.943,149.867,150.096,ok,0.371934825597944,ok,ue1_qfi2,1,1,1,2207.75,data,ok,2.0,False,,proxy,3,0,,ue23_qfi2,0.02027027027027027,148,150.0,ok,,ue9_qfi2,150.232,ok,,0,ok,26,,ue1_qfi4,0.08196293333333333,ok,0.5824644477262785,proxy,5,0.5727244439369308,68403840.0,ok,0.03787045454545455,ok,0.9324170454545454,0.0571890625,ok,ue1_qfi82,0.0,99,10.0,data,ok,0.0,ue1_qfi2,18.727000000000004,ok,,6.8,ue14_qfi2,16,726.5,4247.5,30.303,ok,33.0,,pending,,pending,drone_heavy,1,1,32,PF,376383645,True
ue1_qfi9,277.0,297.5,299.0,299.5,ok,0.39502227825475755,ok,ue4_qfi9,1,1,2,3132.75,data,ok,2.0,False,,proxy,3,0,,ue21_qfi2,0.0,147,150.0,ok,,ue3_qfi2,149.718,ok,,0,ok,26,,ue21_qfi2,0.0,ok,0.6456410245004552,proxy,5,0.5740920421340052,66044934.4,ok,0.04126363636363636,ok,0.9232795454545455,0.372890625,ok,ue1_qfi82,0.0,99,10.0,data,ok,0.0,ue5_qfi9,122.0,ok,,15.0,ue3_qfi2,17,793.75,3192.25,30.303,ok,33.0,,pending,,pending,drone_heavy,1,1,32,Reservation,376383645,True
ue1_qfi4,92.0,299.75,299.75,299.75,ok,0.39228460586704617,ok,ue1_qfi83,1,1,1,3319.7500000000005,data,ok,2.0,False,,proxy,3,0,,ue19_qfi2,0.0,147,150.0,ok,,ue9_qfi2,143.834,ok,,3,ok,26,,ue19_qfi2,0.0,ok,0.5192167971983681,proxy,5,0.46468763712142963,66148768.0,ok,0.037784090909090906,ok,0.9325238636363636,0.0553671875,ok,ue1_qfi82,0.0,99,10.0,data,ok,0.0,ue1_qfi9,213.0,ok,,28.2,ue2_qfi2,32,205.0,2938.0,30.303,ok,33.0,,pending,,pending,drone_heavy,1,1,32,TwoTier,376383645,True
ue22_qfi2,133.025,148.83,149.807,150.139,ok,0.3802498988187135,ok,ue1_qfi2,1,1,1,2204.25,data,ok,2.0,False,,proxy,3,0,,ue23_qfi2,0.013513513513513514,148,150.0,ok,,ue20_qfi2,150.215,ok,,0,ok,26,,ue1_qfi4,0.09252666666666666,ok,0.5700563414194307,proxy,5,0.561202469580662,67715307.2,ok,0.03835,ok,0.9316011363636364,0.05795625,ok,ue1_qfi82,0.0,99,10.0,data,ok,0.0,ue13_qfi2,19.400000000000006,ok,,9.2,ue17_qfi2,21,456.5,3958.0,30.303,ok,33.0,,pending,,pending,drone_heavy,1,1,32,PF,1746484539,True
ue16_qfi9,275.25,275.25,275.25,275.25,ok,0.4087213574058057,ok,ue9_qfi9,1,1,1,2934.5000000000005,data,ok,2.0,False,,proxy,3,0,,ue22_qfi2,0.0,147,150.0,ok,,ue1_qfi2,148.818,ok,,0,ok,26,,ue22_qfi2,0.0,ok,0.6021434344392425,proxy,5,0.5474633656320068,64848577.6,ok,0.041513636363636364,ok,0.9150886363636364,0.4013171875,ok,ue1_qfi82,0.0,99,10.0,data,ok,0.0,ue6_qfi2,102.71000000000001,ok,,7.0,ue3_qfi2,11,1002.75,4248.75,30.303,ok,33.0,,pending,,pending,drone_heavy,1,1,32,Reservation,1746484539,True
ue2_qfi9,118.25,292.25,297.0,298.5,ok,0.38942143259228534,ok,ue3_qfi83,1,1,1,4244.750000000001,data,ok,2.0,False,,proxy,3,0,,ue20_qfi2,0.0,147,150.0,ok,,ue15_qfi2,148.329,ok,,1,ok,26,,ue20_qfi2,0.0,ok,0.5004951317936563,proxy,5,0.457755509844999,66592835.199999996,ok,0.037936363636363636,ok,0.9321068181818182,0.0556421875,ok,ue1_qfi82,0.0,99,10.0,data,ok,0.0,ue3_qfi9,237.25,ok,,22.6,ue3_qfi2,27,297.75,3066.75,30.303,ok,33.0,,pending,,pending,drone_heavy,1,1,32,TwoTier,1746484539,True
ue10_qfi2,133.02,148.482,149.75,150.027,ok,0.397157181781561,ok,ue2_qfi85,1,1,1,3182.250000000001,data,ok,2.0,False,,proxy,3,0,,ue25_qfi2,0.013513513513513514,148,150.0,ok,,ue1_qfi2,150.242,ok,,0,ok,27,,ue1_qfi4,0.09645626666666667,ok,0.5768681965228734,proxy,5,0.5584017519385298,68775633.6,ok,0.03788409090909091,ok,0.928275,0.0550671875,ok,ue1_qfi82,0.0,99,10.0,data,ok,0.0,ue1_qfi2,18.742999999999995,ok,,6.4,ue20_qfi2,16,1710.75,4369.5,30.303,ok,33.0,,pending,,pending,drone_heavy,2,2,32,PF,1826701614,True
ue11_qfi9,292.75,292.75,292.75,292.75,ok,0.42070870984206493,ok,ue19_qfi9,1,1,1,3832.25,data,ok,2.0,False,,proxy,3,0,,ue21_qfi2,0.0,147,150.0,ok,,ue2_qfi2,148.878,ok,,1,ok,27,,ue21_qfi2,0.0,ok,0.6054305190011029,proxy,5,0.46750976573961395,66281966.4,ok,0.04159090909090909,ok,0.9198795454545454,0.3902078125,ok,ue1_qfi82,0.0,99,10.0,data,ok,0.0,ue4_qfi2,99.94200000000001,ok,,7.0,ue2_qfi2,12,2454.0,4330.75,30.303,ok,33.0,,pending,,pending,drone_heavy,2,2,32,Reservation,1826701614,True
ue3_qfi9,205.25,292.75,297.25,298.75,ok,0.40692192481761474,ok,ue2_qfi85,1,1,1,3183.7500000000005,data,ok,2.0,False,,proxy,3,0,,ue19_qfi2,0.0,147,150.0,ok,,ue13_qfi2,146.086,ok,,2,ok,27,,ue19_qfi2,0.0,ok,0.5060813217018608,proxy,5,0.45157180927557855,67593310.4,ok,0.03737272727272727,ok,0.9286568181818182,0.0525359375,ok,ue1_qfi82,0.0,99,10.0,data,ok,0.0,ue1_qfi4,115.25,ok,,24.6,ue2_qfi2,33,404.5,3841.5,30.303,ok,33.0,,pending,,pending,drone_heavy,2,2,32,TwoTier,1826701614,True
ue9_qfi2,133.723,148.666,149.866,150.094,ok,0.39442770379460207,ok,ue1_qfi2,1,1,1,2210.75,data,ok,2.0,False,,proxy,3,0,,ue24_qfi2,0.02027027027027027,148,150.0,ok,,ue6_qfi2,150.25,ok,,0,ok,27,,ue1_qfi4,0.09458293333333333,ok,0.5777119022083682,proxy,5,0.559151089461286,68953643.2,ok,0.03790681818181818,ok,0.9304284090909091,0.0571578125,ok,ue1_qfi82,0.0,99,10.0,data,ok,0.0,ue21_qfi2,19.704999999999984,ok,,10.6,ue7_qfi2,21,1115.5,3655.5,30.303,ok,33.0,,pending,,pending,drone_heavy,2,2,32,PF,1367864806,True
ue1_qfi9,284.5,298.75,299.75,300.0,ok,0.4209104740892869,ok,ue1_qfi9,1,1,1,4445.75,data,ok,2.0,False,,proxy,3,0,,ue20_qfi2,0.0,147,150.0,ok,,ue23_qfi2,149.878,ok,,0,ok,27,,ue20_qfi2,0.0,ok,0.6500586836128688,proxy,5,0.6366932561637131,66185299.2,ok,0.040947727272727275,ok,0.9228738636363636,0.37939375,ok,ue1_qfi82,0.0,99,10.0,data,ok,0.0,ue4_qfi9,120.0,ok,,26.2,ue7_qfi2,11,385.0,1952.75,30.303,ok,33.0,,pending,,pending,drone_heavy,2,2,32,Reservation,1367864806,True
ue2_qfi9,177.25,289.25,295.5,298.0,ok,0.39613145076825634,ok,ue6_qfi1,1,1,1,4287.25,data,ok,2.0,False,,proxy,3,0,,ue21_qfi2,0.0,147,150.0,ok,,ue16_qfi2,147.591,ok,,0,ok,27,,ue21_qfi2,0.0,ok,0.5170962918214129,proxy,5,0.46692949248474064,68768436.8,ok,0.0368,ok,0.9305772727272728,0.0529640625,ok,ue1_qfi82,0.0,99,10.0,data,ok,0.0,ue3_qfi9,177.25,ok,,18.8,ue1_qfi2,23,685.0,3789.0,30.303,ok,33.0,,pending,,pending,drone_heavy,2,2,32,TwoTier,1367864806,True
ue9_qfi2,132.522,148.846,149.561,150.09,ok,0.42095536034706177,ok,ue1_qfi2,1,1,1,2213.5000000000005,data,ok,2.0,False,,proxy,3,0,,ue23_qfi2,0.02027027027027027,148,150.0,ok,,ue19_qfi2,150.158,ok,,0,ok,27,,ue1_qfi4,0.091852,ok,0.5763751811048892,proxy,5,0.5595826185904482,65928739.2,ok,0.03892954545454545,ok,0.9319011363636364,0.0621921875,ok,ue1_qfi82,0.0,99,10.0,data,ok,0.0,ue1_qfi2,18.960000000000008,ok,,5.6,ue6_qfi2,13,2173.5,4400.75,30.303,ok,33.0,,pending,,pending,drone_heavy,2,2,32,PF,1097657231,True
ue7_qfi9,295.25,295.25,295.25,295.25,ok,0.4358894687471218,ok,ue12_qfi1,1,1,1,3552.0,data,ok,2.0,False,,proxy,3,0,,ue23_qfi2,0.0,148,150.0,ok,,ue16_qfi2,149.952,ok,,1,ok,27,,ue23_qfi2,0.0,ok,0.5282068182925819,proxy,5,0.46539150799414425,64189201.6,ok,0.041402272727272725,ok,0.911475,0.4137046875,ok,ue1_qfi82,0.0,99,10.0,data,ok,0.0,ue6_qfi2,81.54499999999999,ok,,14.0,ue16_qfi2,13,996.25,3027.25,30.303,ok,33.0,,pending,,pending,drone_heavy,2,2,32,Reservation,1097657231,True
ue2_qfi9,185.75,287.75,295.25,297.75,ok,0.42957279801428777,ok,ue12_qfi1,1,1,1,4615.25,data,ok,2.0,False,,proxy,3,0,,ue18_qfi2,0.0,147,150.0,ok,,ue15_qfi2,146.498,ok,,1,ok,27,,ue18_qfi2,0.0,ok,0.5083640037761528,proxy,5,0.4522664797940278,65008348.8,ok,0.03745681818181818,ok,0.9302147727272727,0.05870625,ok,ue1_qfi82,0.0,99,10.0,data,ok,0.0,ue1_qfi4,197.5,ok,,24.8,ue3_qfi2,32,922.5,3629.5,30.303,ok,33.0,,pending,,pending,drone_heavy,2,2,32,TwoTier,1097657231,True
ue25_qfi2,133.528,149.109,149.849,150.135,ok,0.40589793597030693,ok,ue1_qfi85,1,1,1,3817.5,data,ok,2.0,False,,proxy,3,0,,ue24_qfi2,0.02027027027027027,148,150.0,ok,,ue10_qfi2,150.135,ok,,0,ok,27,,ue2_qfi4,0.1009404,ok,0.5785249551116902,proxy,5,0.5599590950674677,67702395.2,ok,0.037418181818181816,ok,0.9311659090909091,0.058,ok,ue1_qfi82,0.0,99,10.0,data,ok,0.0,ue9_qfi2,19.900000000000006,ok,,8.8,ue20_qfi2,18,593.5,3949.0,30.303,ok,33.0,,pending,,pending,drone_heavy,2,2,32,PF,579362555,True
ue15_qfi9,272.75,272.75,272.75,272.75,ok,0.41984043730720316,ok,ue1_qfi85,1,1,1,3817.5,data,ok,2.0,False,,proxy,3,0,,ue16_qfi2,0.0,148,150.0,ok,,ue3_qfi2,149.396,ok,,1,ok,27,,ue16_qfi2,0.0,ok,0.6207410035632795,proxy,5,0.5604666344029391,66249827.2,ok,0.04090454545454546,ok,0.9202954545454546,0.38780625,ok,ue1_qfi82,0.0,99,10.0,data,ok,0.0,ue9_qfi9,110.0,ok,,11.2,ue3_qfi2,11,816.25,3449.25,30.303,ok,33.0,,pending,,pending,drone_heavy,2,2,32,Reservation,579362555,True
ue1_qfi9,148.5,285.25,294.25,297.25,ok,0.4154971714737334,ok,ue1_qfi85,1,1,1,3817.5,data,ok,2.0,False,,proxy,3,0,,ue18_qfi2,0.0,147,150.0,ok,,ue9_qfi2,145.817,ok,,2,ok,27,,ue18_qfi2,0.0,ok,0.5079856986785931,proxy,5,0.4520102687684639,66477200.0,ok,0.037222727272727275,ok,0.9288090909090909,0.05409375,ok,ue1_qfi82,0.0,99,10.0,data,ok,0.0,ue2_qfi9,170.5,ok,,26.4,ue2_qfi2,31,524.75,3284.0,30.303,ok,33.0,,pending,,pending,drone_heavy,2,2,32,TwoTier,579362555,True
ue4_qfi2,132.806,148.883,149.852,150.095,ok,0.4040554891795291,ok,ue1_qfi2,1,1,1,2211.5,data,ok,2.0,False,,proxy,3,0,,ue23_qfi2,0.013513513513513514,148,150.0,ok,,ue14_qfi2,150.24,ok,,0,ok,27,,ue2_qfi4,0.09348773333333334,ok,0.5759655612773404,proxy,5,0.5584092506340588,67874963.2,ok,0.0386,ok,0.9297397727272727,0.0588953125,ok,ue1_qfi82,0.0,99,10.0,data,ok,0.0,ue1_qfi2,20.09899999999999,ok,,5.6,ue22_qfi2,15,1162.0,4413.75,30.303,ok,33.0,,pending,,pending,drone_heavy,2,2,32,PF,661058651,True
ue1_qfi9,248.25,294.75,298.0,299.0,ok,0.4256196752459351,ok,ue1_qfi83,1,1,1,4294.25,data,ok,2.0,False,,proxy,3,0,,ue21_qfi2,0.0,147,150.0,ok,,ue3_qfi2,148.063,ok,,0,ok,27,,ue21_qfi2,0.0,ok,0.6305074149068345,proxy,5,0.5795256873061456,65563408.0,ok,0.04097727272727273,ok,0.9204613636363637,0.3823828125,ok,ue1_qfi82,0.0,99,10.0,data,ok,0.0,ue14_qfi9,110.25,ok,,7.6,ue3_qfi2,13,1083.75,4235.75,30.303,ok,33.0,,pending,,pending,drone_heavy,2,2,32,Reservation,661058651,True
ue1_qfi9,163.75,286.0,294.75,297.5,ok,0.4162707447850135,ok,ue3_qfi83,1,1,1,2917.2499999999995,data,ok,2.0,False,,proxy,3,0,,ue18_qfi2,0.0,148,150.0,ok,,ue12_qfi2,147.816,ok,,0,ok,27,,ue18_qfi2,0.0,ok,0.5266585758390457,proxy,5,0.4671807135431961,66371360.0,ok,0.03684090909090909,ok,0.9295397727272727,0.0570578125,ok,ue1_qfi82,0.0,99,10.0,data,ok,0.0,ue13_qfi9,189.0,ok,,21.6,ue2_qfi2,26,843.0,3723.25,30.303,ok,33.0,,pending,,pending,drone_heavy,2,2,32,TwoTier,661058651,True
ue4_qfi2,133.452,148.929,149.759,150.13,ok,0.4074362521562882,ok,ue1_qfi85,1,1,1,3973.75,data,ok,2.0,False,,proxy,3,0,,ue23_qfi2,0.02027027027027027,148,150.0,ok,,ue17_qfi2,150.221,ok,,0,ok,27,,ue2_qfi4,0.08764573333333334,ok,0.5758715458137529,proxy,5,0.5576578127652915,67405963.2,ok,0.03797727272727273,ok,0.9293886363636363,0.05745625,ok,ue1_qfi82,0.0,99,10.0,data,ok,0.0,ue10_qfi2,20.792,ok,,6.4,ue16_qfi2,15,892.75,4327.5,30.303,ok,33.0,,pending,,pending,drone_heavy,2,2,32,PF,87989972,True
ue4_qfi9,285.25,285.25,285.25,285.25,ok,0.42925240702748396,ok,ue15_qfi9,1,1,1,4215.0,data,ok,2.0,False,,proxy,3,0,,ue22_qfi2,0.0,147,150.0,ok,,ue2_qfi2,149.947,ok,,0,ok,27,,ue22_qfi2,0.0,ok,0.6062794266360665,proxy,5,0.5265221152357268,65035601.6,ok,0.041513636363636364,ok,0.9175511363636364,0.3974828125,ok,ue1_qfi82,0.0,99,10.0,data,ok,0.0,ue21_qfi2,99.768,ok,,27.4,ue15_qfi2,12,344.25,1668.0,30.303,ok,33.0,,pending,,pending,drone_heavy,2,2,32,Reservation,87989972,True
ue1_qfi9,190.75,291.75,296.5,298.25,ok,0.40011206070271094,ok,ue2_qfi83,1,1,1,4098.25,data,ok,2.0,False,,proxy,3,0,,ue24_qfi2,0.0,147,150.0,ok,,ue12_qfi2,149.819,ok,,0,ok,27,,ue24_qfi2,0.0,ok,0.5105971357940731,proxy,5,0.45878436512725185,68135187.2,ok,0.037775,ok,0.9302,0.0535109375,ok,ue1_qfi82,0.0,99,10.0,data,ok,0.0,ue2_qfi9,251.0,ok,,15.6,ue1_qfi2,22,605.5,4002.5,30.303,ok,33.0,,pending,,pending,drone_heavy,2,2,32,TwoTier,87989972,True
ue5_qfi2,132.203,148.71,149.569,150.073,ok,0.4005499256289367,ok,ue1_qfi2,1,1,1,2210.0,data,ok,2.0,False,,proxy,3,0,,ue24_qfi2,0.020134228187919462,149,150.0,ok,,ue14_qfi2,150.158,ok,,0,ok,27,,ue1_qfi4,0.10566093333333333,ok,0.5776726502157017,proxy,5,0.5570550494415633,68055036.8,ok,0.03835227272727273,ok,0.9323704545454545,0.059890625,ok,ue1_qfi82,0.0,99,10.0,data,ok,0.0,ue12_qfi2,18.84299999999999,ok,,9.4,ue5_qfi2,19,1019.25,3660.5,30.303,ok,33.0,,pending,,pending,drone_heavy,2,2,32,PF,161576974,True
ue2_qfi9,260.0,296.25,298.75,299.5,ok,0.42475570325243717,ok,ue2_qfi83,1,1,1,4421.5,data,ok,2.0,False,,proxy,3,0,,ue22_qfi2,0.0,147,150.0,ok,,ue3_qfi2,149.904,ok,,0,ok,27,,ue22_qfi2,0.0,ok,0.6202424169185482,proxy,5,0.54796102593944,65591203.2,ok,0.04110909090909091,ok,0.9173125,0.4008546875,ok,ue1_qfi82,0.0,99,10.0,data,ok,0.0,ue8_qfi9,142.75,ok,,7.6,ue3_qfi2,11,2302.5,4115.5,30.303,ok,33.0,,pending,,pending,drone_heavy,2,2,32,Reservation,161576974,True
ue1_qfi9,187.25,293.25,297.5,299.0,ok,0.39339493317584573,ok,ue18_qfi1,1,1,1,4021.9999999999995,data,ok,2.0,False,,proxy,3,0,,ue21_qfi2,0.0,148,150.0,ok,,ue16_qfi2,148.757,ok,,0,ok,27,,ue21_qfi2,0.0,ok,0.5105628834177633,proxy,5,0.45271762417954114,68892873.6,ok,0.036913636363636364,ok,0.9316397727272727,0.0546765625,ok,ue1_qfi82,0.0,99,10.0,data,ok,0.0,ue3_qfi9,217.0,ok,,23.6,ue2_qfi2,33,672.5,3773.5,30.303,ok,33.0,,pending,,pending,drone_heavy,2,2,32,TwoTier,161576974,True
ue25_qfi2,132.999,148.846,149.717,150.145,ok,0.41476854275735864,ok,ue2_qfi2,1,1,1,2217.25,data,ok,2.0,False,,proxy,3,0,,ue24_qfi2,0.02027027027027027,148,150.0,ok,,ue5_qfi2,150.193,ok,,0,ok,27,,ue1_qfi4,0.10237280000000001,ok,0.5786461967181292,proxy,5,0.5618297226763956,66734296.0,ok,0.03806363636363636,ok,0.9312477272727273,0.0594546875,ok,ue1_qfi82,0.0,99,10.0,data,ok,0.0,ue1_qfi2,18.22399999999999,ok,,3.8,ue12_qfi2,14,924.0,4772.25,30.303,ok,33.0,,pending,,pending,drone_heavy,2,2,32,PF,35492826,True
ue18_qfi9,277.75,277.75,277.75,277.75,ok,0.4417800432024256,ok,ue15_qfi2,1,1,1,4292.75,data,ok,2.0,False,,proxy,3,0,,ue23_qfi2,0.0,147,150.0,ok,,ue18_qfi2,149.767,ok,,1,ok,27,,ue23_qfi2,0.0,ok,0.5169875673884574,proxy,5,0.46811646515981875,63506838.4,ok,0.0415,ok,0.9073102272727273,0.4272578125,ok,ue1_qfi82,0.0,99,10.0,data,ok,0.0,ue16_qfi2,95.819,ok,,22.4,ue7_qfi2,9,341.25,1519.75,30.303,ok,33.0,,pending,,pending,drone_heavy,2,2,32,Reservation,35492826,True
ue1_qfi9,186.25,291.0,296.5,298.5,ok,0.4119211140157207,ok,ue4_qfi1,1,1,1,4092.7499999999995,data,ok,2.0,False,,proxy,3,0,,ue20_qfi2,0.0,147,150.0,ok,,ue17_qfi2,146.922,ok,,1,ok,27,,ue20_qfi2,0.0,ok,0.5146910793803403,proxy,5,0.4610977461782656,66924961.6,ok,0.038181818181818185,ok,0.9337056818181818,0.0554296875,ok,ue1_qfi82,0.0,99,10.0,data,ok,0.0,ue3_qfi9,188.75,ok,,24.8,ue2_qfi2,38,305.25,3752.75,30.303,ok,33.0,,pending,,pending,drone_heavy,2,2,32,TwoTier,35492826,True
ue23_qfi2,133.514,148.943,149.867,150.096,ok,0.39858923406333985,ok,ue2_qfi2,1,1,1,2214.7499999999995,data,ok,2.0,False,,proxy,3,0,,ue23_qfi2,0.02027027027027027,148,150.0,ok,,ue9_qfi2,150.232,ok,,0,ok,27,,ue1_qfi4,0.08196293333333333,ok,0.5805858052686748,proxy,5,0.5629872757582493,68403840.0,ok,0.03787045454545455,ok,0.9324170454545454,0.0571890625,ok,ue1_qfi82,0.0,99,10.0,data,ok,0.0,ue1_qfi2,18.727000000000004,ok,,6.8,ue14_qfi2,16,726.5,4247.5,30.303,ok,33.0,,pending,,pending,drone_heavy,2,2,32,PF,376383645,True
ue1_qfi9,277.0,297.5,299.0,299.5,ok,0.4205000671904927,ok,ue4_qfi9,1,1,2,3132.75,data,ok,2.0,False,,proxy,3,0,,ue21_qfi2,0.0,147,150.0,ok,,ue2_qfi2,149.75,ok,,0,ok,27,,ue21_qfi2,0.0,ok,0.6433235244421758,proxy,5,0.5778141783674056,66044934.4,ok,0.04126363636363636,ok,0.9232795454545455,0.372890625,ok,ue1_qfi82,0.0,99,10.0,data,ok,0.0,ue5_qfi9,122.0,ok,,15.0,ue3_qfi2,17,793.75,3192.25,30.303,ok,33.0,,pending,,pending,drone_heavy,2,2,32,Reservation,376383645,True
ue1_qfi4,92.0,299.25,299.25,299.25,ok,0.41120896019835235,ok,ue8_qfi9,1,2,2,2801.9999999999995,data,ok,2.0,False,,proxy,3,0,,ue19_qfi2,0.0,147,150.0,ok,,ue4_qfi2,142.723,ok,,4,ok,27,,ue19_qfi2,0.0,ok,0.5195529299073839,proxy,5,0.4590417204382089,66952332.8,ok,0.038020454545454545,ok,0.9323511363636363,0.0542234375,ok,ue1_qfi82,0.0,99,10.0,data,ok,0.0,ue1_qfi4,207.25,ok,,26.0,ue2_qfi2,29,517.75,3207.75,30.303,ok,33.0,,pending,,pending,drone_heavy,2,2,32,TwoTier,376383645,True
ue22_qfi2,133.025,148.83,149.807,150.139,ok,0.40648052676702684,ok,ue2_qfi2,1,1,1,2207.75,data,ok,2.0,False,,proxy,3,0,,ue23_qfi2,0.013513513513513514,148,150.0,ok,,ue20_qfi2,150.215,ok,,0,ok,27,,ue1_qfi4,0.09252666666666666,ok,0.5681988575247795,proxy,5,0.5513863471590312,67715307.2,ok,0.03835,ok,0.9316011363636364,0.05795625,ok,ue1_qfi82,0.0,99,10.0,data,ok,0.0,ue13_qfi2,19.400000000000006,ok,,9.2,ue17_qfi2,21,456.5,3958.0,30.303,ok,33.0,,pending,,pending,drone_heavy,2,2,32,PF,1746484539,True
ue16_qfi9,275.25,275.25,275.25,275.25,ok,0.43352488498091707,ok,ue9_qfi9,1,1,1,2934.5000000000005,data,ok,2.0,False,,proxy,3,0,,ue22_qfi2,0.0,147,150.0,ok,,ue1_qfi2,148.818,ok,,0,ok,27,,ue22_qfi2,0.0,ok,0.6003762030849303,proxy,5,0.5511899118233646,64848577.6,ok,0.041513636363636364,ok,0.9150886363636364,0.4013171875,ok,ue1_qfi82,0.0,99,10.0,data,ok,0.0,ue6_qfi2,102.71000000000001,ok,,7.0,ue3_qfi2,11,1002.75,4248.75,30.303,ok,33.0,,pending,,pending,drone_heavy,2,2,32,Reservation,1746484539,True
ue1_qfi9,118.0,288.5,295.5,297.75,ok,0.4122026662289853,ok,ue3_qfi83,1,1,1,4245.0,data,ok,2.0,False,,proxy,3,0,,ue20_qfi2,0.0,147,150.0,ok,,ue3_qfi2,148.148,ok,,2,ok,27,,ue20_qfi2,0.0,ok,0.49816227142790137,proxy,5,0.44363705059019415,66953417.6,ok,0.03784318181818182,ok,0.9318579545454545,0.055309375,ok,ue1_qfi82,0.0,99,10.0,data,ok,0.0,ue3_qfi9,223.75,ok,,18.8,ue1_qfi2,23,1385.75,3719.0,30.303,ok,33.0,,pending,,pending,drone_heavy,2,2,32,TwoTier,1746484539,True
ue10_qfi2,133.02,148.482,149.75,150.027,ok,0.3417181393849053,ok,ue2_qfi85,1,1,1,3182.250000000001,data,ok,2.0,False,,proxy,3,0,,ue25_qfi2,0.013513513513513514,148,150.0,ok,,ue1_qfi2,150.242,ok,,0,ok,25,,ue25_qfi2,0.45638320000000004,ok,0.5812401921179523,proxy,5,0.5753632230026579,68775633.6,ok,0.03788409090909091,ok,0.928275,0.0550671875,ok,ue1_qfi82,0.0,99,10.0,data,ok,0.0,ue3_qfi2,18.513000000000005,ok,,6.4,ue20_qfi2,16,1710.75,4369.5,30.303,ok,33.0,,pending,,pending,drone_heavy,0,0,32,PF,1826701614,False
ue11_qfi9,292.75,292.75,292.75,292.75,ok,0.3676970453209179,ok,ue19_qfi9,1,1,1,3832.25,data,ok,2.0,False,,proxy,3,0,,ue21_qfi2,0.0,147,150.0,ok,,ue2_qfi2,148.584,ok,,1,ok,25,,ue21_qfi2,0.0,ok,0.6094101616340224,proxy,5,0.481698445017604,66281966.4,ok,0.04159090909090909,ok,0.9198795454545454,0.3902078125,ok,ue1_qfi82,0.0,99,10.0,data,ok,0.0,ue4_qfi2,99.94200000000001,ok,,8.8,ue2_qfi2,13,1952.75,4077.0,30.303,ok,33.0,,pending,,pending,drone_heavy,0,0,32,Reservation,1826701614,False
ue3_qfi9,203.75,290.5,296.5,298.5,ok,0.3602807454849918,ok,ue2_qfi85,1,1,1,3185.2500000000005,data,ok,2.0,False,,proxy,3,0,,ue19_qfi2,0.0,147,150.0,ok,,ue2_qfi2,146.0,ok,,2,ok,25,,ue19_qfi2,0.0,ok,0.5116182280635924,proxy,5,0.4746489168040952,66782947.2,ok,0.037168181818181815,ok,0.9286363636363636,0.05349375,ok,ue1_qfi82,0.0,99,10.0,data,ok,0.0,ue2_qfi9,116.75,ok,,27.8,ue2_qfi2,38,191.0,3441.5,30.303,ok,33.0,,pending,,pending,drone_heavy,0,0,32,TwoTier,1826701614,False
ue9_qfi2,133.723,148.666,149.866,150.094,ok,0.33850346687101096,ok,ue24_qfi82,0,1,4,1001.7500000000003,data,ok,2.0,False,,proxy,3,0,,ue24_qfi2,0.02027027027027027,148,150.0,ok,,ue6_qfi2,150.25,ok,,0,ok,25,,ue23_qfi2,0.4363,ok,0.5819776945143368,proxy,5,0.5762184888334145,68953643.2,ok,0.03790681818181818,ok,0.9304284090909091,0.0571578125,ok,ue1_qfi82,0.0,99,10.0,data,ok,0.0,ue21_qfi2,19.704999999999984,ok,,10.6,ue7_qfi2,21,1115.5,3655.5,30.303,ok,33.0,,pending,,pending,drone_heavy,0,0,32,PF,1367864806,False
ue1_qfi9,284.5,298.75,299.75,300.0,ok,0.3678157246449062,ok,ue1_qfi9,1,1,1,4445.75,data,ok,2.0,False,,proxy,3,0,,ue20_qfi2,0.0,147,150.0,ok,,ue23_qfi2,149.878,ok,,0,ok,25,,ue20_qfi2,0.0,ok,0.6545156946913219,proxy,5,0.6355555246024714,66185299.2,ok,0.040947727272727275,ok,0.9228738636363636,0.37939375,ok,ue1_qfi82,0.0,99,10.0,data,ok,0.0,ue4_qfi9,120.0,ok,,19.4,ue1_qfi2,13,599.0,2327.25,30.303,ok,33.0,,pending,,pending,drone_heavy,0,0,32,Reservation,1367864806,False
ue2_qfi9,124.5,292.5,297.5,299.0,ok,0.3468098163323532,ok,ue17_qfi1,1,1,1,4383.75,data,ok,2.0,False,,proxy,3,0,,ue21_qfi2,0.0,147,150.0,ok,,ue6_qfi2,145.108,ok,,1,ok,25,,ue21_qfi2,0.0,ok,0.5207689956706532,proxy,5,0.484287799232052,68105256.0,ok,0.03701818181818182,ok,0.9306920454545454,0.053971875,ok,ue1_qfi82,0.0,99,10.0,data,ok,0.0,ue2_qfi9,174.5,ok,,25.8,ue3_qfi2,33,366.75,3479.25,30.303,ok,33.0,,pending,,pending,drone_heavy,0,0,32,TwoTier,1367864806,False
ue9_qfi2,132.522,148.846,149.561,150.09,ok,0.367433546535101,ok,ue25_qfi82,0,1,4,1001.5,data,ok,2.0,False,,proxy,3,0,,ue23_qfi2,0.02027027027027027,148,150.0,ok,,ue19_qfi2,150.158,ok,,0,ok,25,,ue23_qfi2,0.4089338666666667,ok,0.58061083295822,proxy,5,0.5765359188652915,65928739.2,ok,0.03892954545454545,ok,0.9319011363636364,0.0621921875,ok,ue1_qfi82,0.0,99,10.0,data,ok,0.0,ue21_qfi2,18.301999999999992,ok,,5.6,ue6_qfi2,13,2173.5,4400.75,30.303,ok,33.0,,pending,,pending,drone_heavy,0,0,32,PF,1097657231,False
ue7_qfi9,295.25,295.25,295.25,295.25,ok,0.38385858042531307,ok,ue12_qfi1,1,1,1,3552.0,data,ok,2.0,False,,proxy,3,0,,ue23_qfi2,0.0,148,150.0,ok,,ue16_qfi2,149.952,ok,,1,ok,25,,ue23_qfi2,0.0,ok,0.5306322860523659,proxy,5,0.4790779352078969,64189201.6,ok,0.041402272727272725,ok,0.911475,0.4137046875,ok,ue1_qfi82,0.0,99,10.0,data,ok,0.0,ue6_qfi2,81.54499999999999,ok,,14.0,ue16_qfi2,13,996.25,3027.25,30.303,ok,33.0,,pending,,pending,drone_heavy,0,0,32,Reservation,1097657231,False
ue3_qfi9,215.0,292.25,297.0,298.75,ok,0.3873939888963156,ok,ue1_qfi83,0,2,3,1774.25,data,ok,2.0,False,,proxy,3,0,,ue18_qfi2,0.0,147,150.0,ok,,ue8_qfi2,143.248,ok,,4,ok,25,,ue18_qfi2,0.0,ok,0.5164207556998506,proxy,5,0.4691651904710619,63949075.2,ok,0.03785454545454545,ok,0.9300215909090909,0.0593734375,ok,ue1_qfi82,0.0,99,10.0,data,ok,0.0,ue1_qfi9,104.5,ok,,28.6,ue1_qfi2,31,206.5,3043.0,30.303,ok,33.0,,pending,,pending,drone_heavy,0,0,32,TwoTier,1097657231,False
ue25_qfi2,133.528,149.109,149.849,150.135,ok,0.35094368835652123,ok,ue1_qfi85,1,1,1,3817.5,data,ok,2.0,False,,proxy,3,0,,ue24_qfi2,0.02027027027027027,148,150.0,ok,,ue10_qfi2,150.135,ok,,0,ok,25,,ue24_qfi2,0.406364,ok,0.5826690523825961,proxy,5,0.5777200653955157,67702395.2,ok,0.037418181818181816,ok,0.9311659090909091,0.058,ok,ue1_qfi82,0.0,99,10.0,data,ok,0.0,ue9_qfi2,19.900000000000006,ok,,8.8,ue20_qfi2,18,593.5,3949.0,30.303,ok,33.0,,pending,,pending,drone_heavy,0,0,32,PF,579362555,False
ue1_qfi9,284.75,298.5,299.5,299.75,ok,0.3696155880987649,ok,ue1_qfi85,1,1,1,3819.0,data,ok,2.0,False,,proxy,3,0,,ue16_qfi2,0.0,148,150.0,ok,,ue3_qfi2,149.396,ok,,1,ok,25,,ue16_qfi2,0.0,ok,0.6188828319711993,proxy,5,0.5526661984911313,65991473.6,ok,0.041025,ok,0.9193045454545454,0.391465625,ok,ue1_qfi82,0.0,99,10.0,data,ok,0.0,ue9_qfi2,105.197,ok,,11.6,ue2_qfi2,17,1144.75,3790.0,30.303,ok,33.0,,pending,,pending,drone_heavy,0,0,32,Reservation,579362555,False
ue2_qfi9,159.5,291.5,296.75,298.5,ok,0.3754385165453588,ok,ue1_qfi85,1,1,1,3816.0,data,ok,2.0,False,,proxy,3,0,,ue18_qfi2,0.0,147,150.0,ok,,ue16_qfi2,146.76,ok,,5,ok,25,,ue18_qfi2,0.0,ok,0.514007762792074,proxy,5,0.4805302254998061,65010140.8,ok,0.03713409090909091,ok,0.9304761363636364,0.0562609375,ok,ue1_qfi82,0.0,99,10.0,data,ok,0.0,ue2_qfi9,139.0,ok,,28.8,ue1_qfi2,35,190.5,3459.5,30.303,ok,33.0,,pending,,pending,drone_heavy,0,0,32,TwoTier,579362555,False
ue4_qfi2,132.806,148.883,149.852,150.095,ok,0.34894454277934406,ok,ue25_qfi82,0,2,4,1001.25,data,ok,2.0,False,,proxy,3,0,,ue23_qfi2,0.013513513513513514,148,150.0,ok,,ue14_qfi2,150.24,ok,,0,ok,25,,ue25_qfi2,0.4149888,ok,0.5799366540609335,proxy,5,0.5730701327491404,67874963.2,ok,0.0386,ok,0.9297397727272727,0.0588953125,ok,ue1_qfi82,0.0,99,10.0,data,ok,0.0,ue13_qfi2,19.089,ok,,5.6,ue22_qfi2,15,1162.0,4413.75,30.303,ok,33.0,,pending,,pending,drone_heavy,0,0,32,PF,661058651,False
ue1_qfi9,248.25,294.75,298.0,299.0,ok,0.3729178353354232,ok,ue1_qfi83,1,1,1,4294.25,data,ok,2.0,False,,proxy,3,0,,ue21_qfi2,0.0,147,150.0,ok,,ue3_qfi2,148.063,ok,,0,ok,25,,ue21_qfi2,0.0,ok,0.6350140159381009,proxy,5,0.5930807568110968,65563408.0,ok,0.04097727272727273,ok,0.9204613636363637,0.3823828125,ok,ue1_qfi82,0.0,99,10.0,data,ok,0.0,ue14_qfi9,110.25,ok,,11.6,ue2_qfi2,17,1222.0,3853.5,30.303,ok,33.0,,pending,,pending,drone_heavy,0,0,32,Reservation,661058651,False
ue1_qfi9,209.0,292.75,297.25,298.75,ok,0.3726512732529936,ok,ue7_qfi1,1,1,1,2391.2500000000005,data,ok,2.0,False,,proxy,3,0,,ue18_qfi2,0.0,148,150.0,ok,,ue14_qfi2,143.219,ok,,9,ok,25,,ue18_qfi2,0.0,ok,0.5394759415408272,proxy,5,0.491384316681497,65284860.8,ok,0.03723409090909091,ok,0.9299852272727273,0.05760625,ok,ue1_qfi82,0.0,99,10.0,data,ok,0.0,ue1_qfi2,96.47999999999999,ok,,28.6,ue1_qfi2,32,309.5,3484.75,30.303,ok,33.0,,pending,,pending,drone_heavy,0,0,32,TwoTier,661058651,False
ue4_qfi2,133.452,148.929,149.759,150.13,ok,0.3525790970478741,ok,ue1_qfi85,1,1,1,3973.75,data,ok,2.0,False,,proxy,3,0,,ue23_qfi2,0.02027027027027027,148,150.0,ok,,ue17_qfi2,150.221,ok,,0,ok,25,,ue23_qfi2,0.442568,ok,0.5799462969518281,proxy,5,0.573058020137997,67405963.2,ok,0.03797727272727273,ok,0.9293886363636363,0.05745625,ok,ue1_qfi82,0.0,99,10.0,data,ok,0.0,ue10_qfi2,20.792,ok,,6.4,ue16_qfi2,15,892.75,4327.5,30.303,ok,33.0,,pending,,pending,drone_heavy,0,0,32,PF,87989972,False
ue4_qfi9,285.25,285.25,285.25,285.25,ok,0.3768127153692848,ok,ue15_qfi9,1,1,1,4215.0,data,ok,2.0,False,,proxy,3,0,,ue22_qfi2,0.0,147,150.0,ok,,ue3_qfi2,149.87,ok,,0,ok,25,,ue22_qfi2,0.0,ok,0.6109623101102326,proxy,5,0.5413281669020427,65035601.6,ok,0.041513636363636364,ok,0.9175511363636364,0.3974828125,ok,ue1_qfi82,0.0,99,10.0,data,ok,0.0,ue21_qfi2,99.768,ok,,5.4,ue2_qfi2,14,774.5,3981.0,30.303,ok,33.0,,pending,,pending,drone_heavy,0,0,32,Reservation,87989972,False
ue2_qfi9,13.5,289.75,296.0,298.0,ok,0.3432707683120227,ok,ue2_qfi9,1,1,1,4092.7499999999995,data,ok,2.0,False,,proxy,3,0,,ue24_qfi2,0.0,147,150.0,ok,,ue10_qfi2,147.343,ok,,0,ok,25,,ue24_qfi2,0.0,ok,0.5195198906410331,proxy,5,0.48507316905634795,68285459.2,ok,0.037775,ok,0.9301375,0.052775,ok,ue1_qfi82,0.0,99,10.0,data,ok,0.0,ue2_qfi9,284.5,ok,,22.8,ue2_qfi2,27,738.0,3183.5,30.303,ok,33.0,,pending,,pending,drone_heavy,0,0,32,TwoTier,87989972,False
ue5_qfi2,132.203,148.71,149.569,150.073,ok,0.3449448644523944,ok,ue24_qfi82,0,2,4,1001.5,data,ok,2.0,False,,proxy,3,0,,ue24_qfi2,0.020134228187919462,149,150.0,ok,,ue14_qfi2,150.158,ok,,0,ok,25,,ue24_qfi2,0.4156618666666667,ok,0.5817584640883208,proxy,5,0.5763642665382742,68055036.8,ok,0.03835227272727273,ok,0.9323704545454545,0.059890625,ok,ue1_qfi82,0.0,99,10.0,data,ok,0.0,ue12_qfi2,18.84299999999999,ok,,9.4,ue5_qfi2,19,1019.25,3660.5,30.303,ok,33.0,,pending,,pending,drone_heavy,0,0,32,PF,161576974,False
ue2_qfi9,260.5,298.25,299.5,299.75,ok,0.3710050634782259,ok,ue5_qfi9,1,1,1,4027.5,data,ok,2.0,False,,proxy,3,0,,ue22_qfi2,0.0,147,150.0,ok,,ue3_qfi2,149.61,ok,,0,ok,25,,ue22_qfi2,0.0,ok,0.6230853488825205,proxy,5,0.5659098056537972,65678969.6,ok,0.041072727272727275,ok,0.9173465909090909,0.40063125,ok,ue1_qfi82,0.0,99,10.0,data,ok,0.0,ue16_qfi2,105.73000000000002,ok,,11.6,ue1_qfi2,12,1375.0,3613.25,30.303,ok,33.0,,pending,,pending,drone_heavy,0,0,32,Reservation,161576974,False
ue1_qfi9,183.0,290.0,296.25,298.25,ok,0.34898103308918055,ok,ue3_qfi83,1,1,1,3297.5000000000005,data,ok,2.0,False,,proxy,3,0,,ue21_qfi2,0.0,148,150.0,ok,,ue14_qfi2,148.81,ok,,0,ok,25,,ue21_qfi2,0.0,ok,0.5163126680379209,proxy,5,0.4809892628920912,67607507.2,ok,0.036963636363636365,ok,0.9316329545454546,0.05629375,ok,ue1_qfi82,0.0,99,10.0,data,ok,0.0,ue3_qfi9,181.25,ok,,24.8,ue1_qfi2,32,414.5,3518.75,30.303,ok,33.0,,pending,,pending,drone_heavy,0,0,32,TwoTier,161576974,False
ue25_qfi2,132.999,148.846,149.717,150.145,ok,0.36077622258334163,ok,ue25_qfi82,0,1,4,1000.5,data,ok,2.0,False,,proxy,3,0,,ue24_qfi2,0.02027027027027027,148,150.0,ok,,ue5_qfi2,150.193,ok,,0,ok,25,,ue25_qfi2,0.46396106666666664,ok,0.5826852422609622,proxy,5,0.5768046561968141,66734296.0,ok,0.03806363636363636,ok,0.9312477272727273,0.0594546875,ok,ue1_qfi82,0.0,99,10.0,data,ok,0.0,ue1_qfi2,17.723000000000013,ok,,3.8,ue12_qfi2,14,924.0,4772.25,30.303,ok,33.0,,pending,,pending,drone_heavy,0,0,32,PF,35492826,False
ue18_qfi9,277.75,277.75,277.75,277.75,ok,0.3903511633273774,ok,ue15_qfi2,1,1,1,4292.75,data,ok,2.0,False,,proxy,3,0,,ue23_qfi2,0.0,147,150.0,ok,,ue18_qfi2,149.767,ok,,1,ok,25,,ue23_qfi2,0.0,ok,0.5193847590280198,proxy,5,0.48231535729394476,63506838.4,ok,0.0415,ok,0.9073102272727273,0.4272578125,ok,ue1_qfi82,0.0,99,10.0,data,ok,0.0,ue16_qfi2,95.819,ok,,22.4,ue7_qfi2,9,341.25,1519.75,30.303,ok,33.0,,pending,,pending,drone_heavy,0,0,32,Reservation,35492826,False
ue1_qfi9,183.5,291.25,296.75,298.5,ok,0.37089947800246154,ok,ue2_qfi83,1,1,1,3791.2500000000005,data,ok,2.0,False,,proxy,3,0,,ue20_qfi2,0.0,147,150.0,ok,,ue14_qfi2,149.165,ok,,1,ok,25,,ue20_qfi2,0.0,ok,0.5170191375525478,proxy,5,0.4800190999719705,65517412.8,ok,0.03834318181818182,ok,0.9333079545454546,0.0574421875,ok,ue1_qfi82,0.0,99,10.0,data,ok,0.0,ue3_qfi9,201.0,ok,,26.4,ue2_qfi2,39,343.75,3626.0,30.303,ok,33.0,,pending,,pending,drone_heavy,0,0,32,TwoTier,35492826,False
ue23_qfi2,133.514,148.943,149.867,150.096,ok,0.34280821310590304,ok,ue23_qfi82,0,1,4,1001.2500000000002,data,ok,2.0,False,,proxy,3,0,,ue23_qfi2,0.02027027027027027,148,150.0,ok,,ue9_qfi2,150.232,ok,,0,ok,25,,ue25_qfi2,0.42127946666666666,ok,0.5849294624481424,proxy,5,0.5804016913115242,68403840.0,ok,0.03787045454545455,ok,0.9324170454545454,0.0571890625,ok,ue1_qfi82,0.0,99,10.0,data,ok,0.0,ue17_qfi2,18.251000000000005,ok,,6.8,ue14_qfi2,16,726.5,4247.5,30.303,ok,33.0,,pending,,pending,drone_heavy,0,0,32,PF,376383645,False
ue1_qfi9,277.0,297.5,299.0,299.5,ok,0.36722235469576114,ok,ue4_qfi9,1,1,2,3132.75,data,ok,2.0,False,,proxy,3,0,,ue21_qfi2,0.0,147,150.0,ok,,ue3_qfi2,149.718,ok,,0,ok,25,,ue21_qfi2,0.0,ok,0.6489187630847009,proxy,5,0.5800649701575971,66044934.4,ok,0.04126363636363636,ok,0.9232795454545455,0.372890625,ok,ue1_qfi82,0.0,99,10.0,data,ok,0.0,ue5_qfi9,122.0,ok,,15.0,ue3_qfi2,17,793.75,3192.25,30.303,ok,33.0,,pending,,pending,drone_heavy,0,0,32,Reservation,376383645,False
ue3_qfi9,199.5,291.0,297.0,298.5,ok,0.36981648350956375,ok,ue9_qfi1,1,1,1,4432.5,data,ok,2.0,False,,proxy,3,0,,ue19_qfi2,0.0,147,150.0,ok,,ue9_qfi2,137.058,ok,,8,ok,25,,ue19_qfi2,0.0,ok,0.5365001243083649,proxy,5,0.5010667642687355,65652043.2,ok,0.03755454545454545,ok,0.9311954545454545,0.0553671875,ok,ue1_qfi82,0.0,99,10.0,data,ok,0.0,ue8_qfi9,184.75,ok,,29.6,ue2_qfi2,29,201.5,2964.5,30.303,ok,33.0,,pending,,pending,drone_heavy,0,0,32,TwoTier,376383645,False
ue22_qfi2,133.025,148.83,149.807,150.139,ok,0.35165544258510034,ok,ue24_qfi82,0,1,4,1001.25,data,ok,2.0,False,,proxy,3,0,,ue23_qfi2,0.013513513513513514,148,150.0,ok,,ue20_qfi2,150.215,ok,,0,ok,25,,ue23_qfi2,0.4554712,ok,0.572271711298515,proxy,5,0.5668571926172267,67715307.2,ok,0.03835,ok,0.9316011363636364,0.05795625,ok,ue1_qfi82,0.0,99,10.0,data,ok,0.0,ue13_qfi2,19.400000000000006,ok,,9.2,ue17_qfi2,21,456.5,3958.0,30.303,ok,33.0,,pending,,pending,drone_heavy,0,0,32,PF,1746484539,False
ue1_qfi9,263.25,296.25,298.5,299.25,ok,0.38043965546094044,ok,ue19_qfi9,1,1,2,3101.75,data,ok,2.0,False,,proxy,3,0,,ue22_qfi2,0.0,147,150.0,ok,,ue2_qfi2,149.308,ok,,2,ok,25,,ue22_qfi2,0.0,ok,0.6084787380565465,proxy,5,0.5807668311478197,64898172.8,ok,0.04150681818181818,ok,0.9152954545454546,0.4012828125,ok,ue1_qfi82,0.0,99,10.0,data,ok,0.0,ue11_qfi9,167.5,ok,,9.6,ue2_qfi2,19,517.5,3480.75,30.303,ok,33.0,,pending,,pending,drone_heavy,0,0,32,Reservation,1746484539,False
ue1_qfi9,168.0,292.75,297.25,298.75,ok,0.3654684612434935,ok,ue3_qfi83,1,1,1,4098.000000000001,data,ok,2.0,False,,proxy,3,0,,ue20_qfi2,0.0,147,150.0,ok,,ue14_qfi2,146.724,ok,,2,ok,25,,ue20_qfi2,0.0,ok,0.5022949317916543,proxy,5,0.4637549769200161,66124131.2,ok,0.03784318181818182,ok,0.9319193181818182,0.0558640625,ok,ue1_qfi82,0.0,99,10.0,data,ok,0.0,ue3_qfi9,243.0,ok,,25.6,ue1_qfi2,31,310.75,3123.5,30.303,ok,33.0,,pending,,pending,drone_heavy,0,0,32,TwoTier,1746484539,False
ue1_qfi9,278.0,298.25,299.5,299.75,ok,0.22549640230436452,ok,ue8_qfi1,1,1,1,4976.0,data,ok,2.0,False,,proxy,3,0,,ue14_qfi2,0.02702702702702703,148,150.0,ok,,ue16_qfi2,150.046,ok,,1,ok,19,,ue17_qfi2,0.5743354666666667,ok,0.750069486897973,proxy,5,0.713817037433717,68931718.4,ok,0.03734318181818182,ok,0.9292863636363636,0.06776875,ok,ue1_qfi82,0.0,99,10.0,data,ok,0.0,ue10_qfi9,234.5,ok,,13.0,ue6_qfi2,23,480.5,3447.75,30.303,ok,33.0,,pending,,pending,mixed,0,0,32,PF,1826701614,False
ue5_qfi9,282.5,298.75,299.75,300.0,ok,0.23677801113954863,ok,ue4_qfi83,1,1,1,4697.25,data,ok,2.0,False,,proxy,3,0,,ue14_qfi2,0.16891891891891891,148,150.0,ok,,ue18_qfi2,150.135,ok,,0,ok,19,,ue1_qfi2,0.57885,ok,0.6925075835663518,proxy,5,0.6543102650411818,67979993.6,ok,0.04096363636363636,ok,0.9245863636363636,0.3562875,ok,ue1_qfi82,0.0,99,10.0,data,ok,0.0,ue8_qfi9,144.75,ok,,7.6,ue16_qfi2,10,1130.0,3967.75,30.303,ok,33.0,,pending,,pending,mixed,0,0,32,Reservation,1826701614,False
ue2_qfi9,91.5,265.75,281.75,290.25,ok,0.31526277914772294,ok,ue4_qfi85,0,1,2,1938.5,data,ok,2.0,False,,proxy,3,0,,ue16_qfi2,0.0,147,150.0,ok,,ue9_qfi2,97.113,ok,,12,ok,19,,ue16_qfi2,0.0,ok,0.6905347603596397,proxy,5,0.6421256812864392,61230780.8,ok,0.03644318181818182,ok,0.9288522727272728,0.0649421875,ok,ue1_qfi82,0.0,99,10.0,data,ok,0.0,ue5_qfi9,221.0,ok,,30.4,ue6_qfi2,21,96.25,1645.25,30.303,ok,33.0,,pending,,pending,mixed,0,0,32,TwoTier,1826701614,False
ue2_qfi9,186.0,289.0,296.25,298.25,ok,0.23344263793229375,ok,ue12_qfi9,1,1,1,4081.5,data,ok,2.0,False,,proxy,3,0,,ue18_qfi2,0.040268456375838924,149,150.0,ok,,ue16_qfi2,150.15,ok,,0,ok,19,,ue17_qfi2,0.5824927999999999,ok,0.7420262498620682,proxy,5,0.7271744393802846,68454673.6,ok,0.03653636363636364,ok,0.9319886363636364,0.0698765625,ok,ue1_qfi82,0.0,99,10.0,data,ok,0.0,ue10_qfi2,125.33399999999999,ok,,13.6,ue4_qfi2,18,401.0,3080.75,30.303,ok,33.0,,pending,,pending,mixed,0,0,32,PF,1367864806,False
ue4_qfi9,289.75,299.25,300.0,300.25,ok,0.252919087569964,ok,ue11_qfi9,1,2,2,2172.5000000000005,data,ok,2.0,False,,proxy,3,0,,ue19_qfi2,0.10135135135135136,148,150.0,ok,,ue17_qfi2,150.037,ok,,0,ok,19,,ue9_qfi2,0.15364039999999998,ok,0.6730569527550356,proxy,5,0.6394254130965835,66999272.0,ok,0.040688636363636364,ok,0.9255909090909091,0.360671875,ok,ue1_qfi82,0.0,99,10.0,data,ok,0.0,ue11_qfi9,117.5,ok,,10.8,ue17_qfi2,15,890.25,3623.75,30.303,ok,33.0,,pending,,pending,mixed,0,0,32,Reservation,1367864806,False
ue2_qfi9,64.75,225.5,261.75,276.5,ok,0.3103280985123861,ok,ue8_qfi9,1,1,1,3072.0,data,ok,2.0,False,,proxy,3,0,,ue16_qfi2,0.0,147,150.0,ok,,ue9_qfi2,91.421,ok,,14,ok,19,,ue16_qfi2,0.0,ok,0.6783875134901077,proxy,5,0.6334735748267443,62013433.6,ok,0.03607727272727273,ok,0.9327022727272727,0.064475,ok,ue1_qfi82,0.0,99,10.0,data,ok,0.0,ue2_qfi9,211.75,ok,,30.4,ue6_qfi2,16,86.75,1203.75,30.303,ok,33.0,,pending,,pending,mixed,0,0,32,TwoTier,1367864806,False
ue4_qfi9,229.5,293.5,297.5,298.75,ok,0.2454754664502213,ok,ue7_qfi1,1,1,1,4347.75,data,ok,2.0,False,,proxy,3,0,,ue14_qfi2,0.02702702702702703,148,150.0,ok,,ue17_qfi2,150.08,ok,,1,ok,19,,ue14_qfi2,0.5400208,ok,0.7277127165337797,proxy,5,0.7122640603157654,67081828.8,ok,0.037838636363636366,ok,0.9299602272727273,0.07048125,ok,ue1_qfi82,0.0,99,10.0,data,ok,0.0,ue1_qfi9,111.0,ok,,14.4,ue5_qfi2,18,666.5,2983.0,30.303,ok,33.0,,pending,,pending,mixed,0,0,32,PF,1097657231,False
ue6_qfi9,278.25,298.5,299.75,300.0,ok,0.2646805835405357,ok,ue13_qfi9,1,1,2,3200.0,data,ok,2.0,False,,proxy,3,0,,ue18_qfi2,0.0,148,150.0,ok,,ue19_qfi2,149.55,ok,,0,ok,19,,ue18_qfi2,0.0,ok,0.6973495150787392,proxy,5,0.6516785167048819,65586625.6,ok,0.04105227272727273,ok,0.9251988636363636,0.345078125,ok,ue1_qfi82,0.0,99,10.0,data,ok,0.0,ue9_qfi9,222.75,ok,,10.8,ue16_qfi2,12,586.75,3007.75,30.303,ok,33.0,,pending,,pending,mixed,0,0,32,Reservation,1097657231,False
ue5_qfi9,235.5,293.5,297.5,299.0,ok,0.2364554669783204,ok,ue5_qfi83,1,2,2,3442.2500000000005,data,ok,2.0,False,,proxy,3,0,,ue11_qfi2,0.013605442176870748,147,150.0,ok,,ue15_qfi2,146.896,ok,,3,ok,19,,ue11_qfi2,0.012586,ok,0.6013408379031787,proxy,5,0.5571835037545174,67876524.8,ok,0.03742954545454545,ok,0.9288397727272727,0.0619546875,ok,ue1_qfi82,0.0,99,10.0,data,ok,0.0,ue1_qfi9,226.75,ok,,25.0,ue5_qfi2,30,329.5,2882.0,30.303,ok,33.0,,pending,,pending,mixed,0,0,32,TwoTier,1097657231,False
ue2_qfi9,273.75,295.5,298.25,299.25,ok,0.24818605557681042,ok,ue8_qfi1,1,1,1,3021.25,data,ok,2.0,False,,proxy,3,0,,ue15_qfi2,0.02702702702702703,148,150.0,ok,,ue3_qfi2,149.777,ok,,0,ok,19,,ue15_qfi2,0.5403104,ok,0.7334942528685665,proxy,5,0.7116862697505447,67117059.2,ok,0.03681818181818182,ok,0.9289272727272727,0.06968125,ok,ue1_qfi82,0.0,99,10.0,data,ok,0.0,ue12_qfi2,97.805,ok,,15.8,ue7_qfi2,19,333.5,2596.25,30.303,ok,33.0,,pending,,pending,mixed,0,0,32,PF,579362555,False
ue6_qfi9,284.25,299.25,300.0,300.0,ok,0.2668713986080291,ok,ue9_qfi9,1,1,2,2995.0,data,ok,2.0,False,,proxy,3,0,,ue15_qfi2,0.12162162162162163,148,150.0,ok,,ue15_qfi2,149.534,ok,,0,ok,19,,ue5_qfi2,0.4165604,ok,0.6766138809663882,proxy,5,0.6462630747416783,65788950.4,ok,0.04075227272727273,ok,0.9207227272727273,0.376740625,ok,ue1_qfi82,0.0,99,10.0,data,ok,0.0,ue9_qfi9,207.5,ok,,6.8,ue17_qfi2,9,1588.5,4070.5,30.303,ok,33.0,,pending,,pending,mixed,0,0,32,Reservation,579362555,False
ue5_qfi9,27.25,290.25,297.75,299.0,ok,0.23280472326394427,ok,ue2_qfi83,1,1,2,4091.75,data,ok,2.0,False,,proxy,3,0,,ue15_qfi2,0.30405405405405406,148,150.0,ok,,ue3_qfi2,147.849,ok,,0,ok,19,,ue15_qfi2,0.4208925333333334,ok,0.5925363886602948,proxy,5,0.5635397778520775,68532363.2,ok,0.036636363636363634,ok,0.9313295454545455,0.06100625,ok,ue1_qfi82,0.0,99,10.0,data,ok,0.0,ue5_qfi9,271.75,ok,,26.4,ue6_qfi2,31,337.0,2966.25,30.303,ok,33.0,,pending,,pending,mixed,0,0,32,TwoTier,579362555,False
ue6_qfi9,298.0,300.0,300.25,300.25,ok,0.25214047770274817,ok,ue5_qfi83,1,1,1,2444.2500000000005,data,ok,2.0,False,,proxy,3,0,,ue16_qfi2,0.02702702702702703,148,150.0,ok,,ue2_qfi2,149.712,ok,,0,ok,19,,ue16_qfi2,0.5247442666666667,ok,0.7405765635720235,proxy,5,0.7128352766792513,66740187.2,ok,0.03682727272727273,ok,0.9293397727272728,0.0707546875,ok,ue1_qfi82,0.0,99,10.0,data,ok,0.0,ue5_qfi2,67.82999999999998,ok,,8.8,ue2_qfi2,19,1580.25,3983.25,30.303,ok,33.0,,pending,,pending,mixed,0,0,32,PF,661058651,False
ue6_qfi9,279.0,299.25,300.0,300.0,ok,0.27165707725917454,ok,ue2_qfi83,1,1,1,4658.749999999999,data,ok,2.0,False,,proxy,3,0,,ue16_qfi2,0.12837837837837837,148,150.0,ok,,ue17_qfi2,150.025,ok,,0,ok,19,,ue1_qfi2,0.5931144,ok,0.6908406211771586,proxy,5,0.6643135642724035,65256795.199999996,ok,0.040929545454545455,ok,0.9213261363636364,0.3783890625,ok,ue1_qfi82,0.0,99,10.0,data,ok,0.0,ue10_qfi2,115.54899999999999,ok,,9.4,ue18_qfi2,11,985.25,3615.25,30.303,ok,33.0,,pending,,pending,mixed,0,0,32,Reservation,661058651,False
ue1_qfi9,183.25,292.0,297.0,298.75,ok,0.2651225091665642,ok,ue2_qfi83,1,1,1,2867.2500000000005,data,ok,2.0,False,,proxy,3,0,,ue17_qfi2,0.0,147,150.0,ok,,ue7_qfi2,145.984,ok,,3,ok,19,,ue17_qfi2,0.0,ok,0.6079466655662088,proxy,5,0.5705436008701095,65537385.6,ok,0.036913636363636364,ok,0.9304852272727273,0.0643828125,ok,ue1_qfi82,0.0,99,10.0,data,ok,0.0,ue2_qfi9,117.25,ok,,27.0,ue3_qfi2,30,326.0,3228.25,30.303,ok,33.0,,pending,,pending,mixed,0,0,32,TwoTier,661058651,False
ue4_qfi9,285.75,299.0,299.75,300.0,ok,0.2444610634738661,ok,ue8_qfi9,1,1,1,3001.25,data,ok,2.0,False,,proxy,3,0,,ue14_qfi2,0.04054054054054054,148,150.0,ok,,ue17_qfi2,150.108,ok,,0,ok,19,,ue19_qfi2,0.5497426666666667,ok,0.73075748121949,proxy,5,0.7143416029663419,67379960.0,ok,0.037038636363636364,ok,0.9300238636363637,0.0685046875,ok,ue1_qfi82,0.0,99,10.0,data,ok,0.0,ue8_qfi2,105.51299999999998,ok,,14.6,ue13_qfi2,21,295.0,3061.0,30.303,ok,33.0,,pending,,pending,mixed,0,0,32,PF,87989972,False
ue6_qfi9,277.5,298.75,299.75,300.0,ok,0.26040102184779945,ok,ue13_qfi9,1,2,2,3137.5,data,ok,2.0,False,,proxy,3,0,,ue15_qfi2,0.16891891891891891,148,150.0,ok,,ue14_qfi2,150.168,ok,,0,ok,19,,ue13_qfi2,0.5853075999999999,ok,0.693128132599302,proxy,5,0.6764212579089,66195177.6,ok,0.04095909090909091,ok,0.9255772727272727,0.367275,ok,ue1_qfi82,0.0,99,10.0,data,ok,0.0,ue13_qfi9,137.5,ok,,8.0,ue14_qfi2,11,1471.75,3938.75,30.303,ok,33.0,,pending,,pending,mixed,0,0,32,Reservation,87989972,False
ue6_qfi9,154.0,292.75,297.75,299.0,ok,0.2358647846284204,ok,ue2_qfi83,1,1,1,3204.5000000000005,data,ok,2.0,False,,proxy,3,0,,ue19_qfi2,0.0,147,150.0,ok,,ue1_qfi2,147.783,ok,,0,ok,19,,ue19_qfi2,0.0,ok,0.6015838249471337,proxy,5,0.5610665262098403,68095331.2,ok,0.03690227272727273,ok,0.9302170454545454,0.0596453125,ok,ue1_qfi82,0.0,99,10.0,data,ok,0.0,ue5_qfi9,246.25,ok,,26.4,ue4_qfi2,36,298.5,3445.75,30.303,ok,33.0,,pending,,pending,mixed,0,0,32,TwoTier,87989972,False
ue3_qfi9,254.75,296.75,299.0,299.75,ok,0.25517056040121333,ok,ue9_qfi1,1,1,1,4032.2499999999995,data,ok,2.0,False,,proxy,3,0,,ue19_qfi2,0.02027027027027027,148,150.0,ok,,ue5_qfi2,149.986,ok,,0,ok,19,,ue19_qfi2,0.5568762666666667,ok,0.7200180397652478,proxy,5,0.7079175135576267,66288603.2,ok,0.03708181818181818,ok,0.9301943181818182,0.070925,ok,ue1_qfi82,0.0,99,10.0,data,ok,0.0,ue12_qfi1,70.75,ok,,13.0,ue11_qfi2,24,410.75,3405.75,30.303,ok,33.0,,pending,,pending,mixed,0,0,32,PF,161576974,False
ue4_qfi9,284.0,299.5,300.0,300.25,ok,0.2735404871580071,ok,ue1_qfi85,1,1,1,3247.5,data,ok,2.0,False,,proxy,3,0,,ue18_qfi2,0.10135135135135136,148,150.0,ok,,ue17_qfi2,150.152,ok,,0,ok,19,,ue4_qfi2,0.56607,ok,0.6608992558690097,proxy,5,0.6370252034255456,64697636.800000004,ok,0.040809090909090906,ok,0.9184034090909091,0.3878453125,ok,ue1_qfi82,0.0,99,10.0,data,ok,0.0,ue1_qfi9,142.75,ok,,10.6,ue17_qfi2,14,1226.0,3573.5,30.303,ok,33.0,,pending,,pending,mixed,0,0,32,Reservation,161576974,False
ue4_qfi9,11.25,295.5,298.5,299.5,ok,0.2441270091191849,ok,ue4_qfi83,1,1,1,4462.75,data,ok,2.0,False,,proxy,3,0,,ue7_qfi2,0.02040816326530612,147,150.0,ok,,ue9_qfi2,147.944,ok,,0,ok,19,,ue7_qfi2,0.0202044,ok,0.5885854986496557,proxy,5,0.5551633822209031,67435606.4,ok,0.03726363636363637,ok,0.9319363636363637,0.0626375,ok,ue1_qfi82,0.0,99,10.0,data,ok,0.0,ue4_qfi9,288.25,ok,,27.0,ue2_qfi2,38,297.25,3486.0,30.303,ok,33.0,,pending,,pending,mixed,0,0,32,TwoTier,161576974,False
ue5_qfi9,280.5,298.25,299.25,299.75,ok,0.25004511548943636,ok,ue2_qfi85,0,2,2,1754.7500000000002,data,ok,2.0,False,,proxy,3,0,,ue16_qfi2,0.03355704697986577,149,150.0,ok,,ue19_qfi2,150.098,ok,,0,ok,19,,ue16_qfi2,0.5710392000000001,ok,0.724691572428348,proxy,5,0.7107257364089511,66895408.0,ok,0.03685227272727273,ok,0.931025,0.0694734375,ok,ue1_qfi82,0.0,99,10.0,data,ok,0.0,ue13_qfi2,102.377,ok,,18.4,ue9_qfi2,18,204.0,2148.75,30.303,ok,33.0,,pending,,pending,mixed,0,0,32,PF,35492826,False
ue5_qfi9,270.75,299.0,299.75,300.0,ok,0.27602605108920963,ok,ue9_qfi9,1,1,1,3130.25,data,ok,2.0,False,,proxy,3,0,,ue19_qfi2,0.0,147,150.0,ok,,ue18_qfi2,149.809,ok,,0,ok,19,,ue19_qfi2,0.0,ok,0.6826568874676449,proxy,5,0.6407254662275188,64872478.4,ok,0.04152045454545455,ok,0.9205931818181818,0.3642140625,ok,ue1_qfi82,0.0,99,10.0,data,ok,0.0,ue9_qfi2,113.50099999999999,ok,,9.4,ue17_qfi2,10,806.25,3637.25,30.303,ok,33.0,,pending,,pending,mixed,0,0,32,Reservation,35492826,False
ue1_qfi9,174.0,293.25,297.25,298.75,ok,0.23289871400076048,ok,ue1_qfi83,1,1,1,4104.0,data,ok,2.0,False,,proxy,3,0,,ue11_qfi2,0.2585034013605442,147,150.0,ok,,ue10_qfi2,148.89,ok,,1,ok,19,,ue12_qfi2,0.3491736,ok,0.5903536474212465,proxy,5,0.5604955113929582,68478136.0,ok,0.037175,ok,0.9315920454545454,0.06023125,ok,ue1_qfi82,0.0,99,10.0,data,ok,0.0,ue5_qfi9,125.5,ok,,25.4,ue5_qfi2,34,330.25,3251.0,30.303,ok,33.0,,pending,,pending,mixed,0,0,32,TwoTier,35492826,False
ue8_qfi9,225.5,225.5,225.5,225.5,ok,0.25494186049647727,ok,ue12_qfi1,1,1,1,4828.250000000001,data,ok,2.0,False,,proxy,3,0,,ue14_qfi2,0.033783783783783786,148,150.0,ok,,ue13_qfi2,149.878,ok,,0,ok,19,,ue15_qfi2,0.4969042666666667,ok,0.7262405699087353,proxy,5,0.7086851898683286,66587985.6,ok,0.036097727272727274,ok,0.9300840909090909,0.0706734375,ok,ue1_qfi82,0.0,99,10.0,data,ok,0.0,ue5_qfi9,87.0,ok,,16.0,ue6_qfi2,20,360.25,2843.25,30.303,ok,33.0,,pending,,pending,mixed,0,0,32,PF,376383645,False
ue5_qfi9,275.0,298.5,299.5,300.0,ok,0.27355532946700656,ok,ue9_qfi9,1,1,1,4261.25,data,ok,2.0,False,,proxy,3,0,,ue15_qfi2,0.08783783783783784,148,150.0,ok,,ue14_qfi2,150.25,ok,,0,ok,19,,ue8_qfi2,0.5881596,ok,0.6789172881983092,proxy,5,0.6392699964444316,65034393.6,ok,0.041075,ok,0.9205420454545454,0.3829671875,ok,ue1_qfi82,0.0,99,10.0,data,ok,0.0,ue11_qfi9,227.75,ok,,6.0,ue17_qfi2,11,1404.75,4178.0,30.303,ok,33.0,,pending,,pending,mixed,0,0,32,Reservation,376383645,False
ue2_qfi9,210.0,294.5,298.0,299.25,ok,0.25718164907220664,ok,ue4_qfi83,1,1,1,4744.499999999999,data,ok,2.0,False,,proxy,3,0,,ue19_qfi2,0.0,147,150.0,ok,,ue5_qfi2,147.855,ok,,0,ok,19,,ue19_qfi2,0.0,ok,0.5889036641374126,proxy,5,0.5530036741282975,66399860.8,ok,0.03661818181818182,ok,0.9316409090909091,0.06395,ok,ue1_qfi82,0.0,99,10.0,data,ok,0.0,ue4_qfi9,171.5,ok,,26.2,ue5_qfi2,38,119.0,3245.25,30.303,ok,33.0,,pending,,pending,mixed,0,0,32,TwoTier,376383645,False
ue2_qfi9,233.0,294.5,298.25,299.25,ok,0.24966722960741594,ok,ue12_qfi1,0,1,1,1374.25,data,ok,2.0,False,,proxy,3,0,,ue18_qfi2,0.033783783783783786,148,150.0,ok,,ue14_qfi2,150.143,ok,,1,ok,19,,ue19_qfi2,0.5504157333333333,ok,0.7245946289192738,proxy,5,0.7131354306730383,66890238.4,ok,0.03686363636363636,ok,0.9298034090909091,0.0696078125,ok,ue1_qfi82,0.0,99,10.0,data,ok,0.0,ue2_qfi9,66.25,ok,,16.2,ue10_qfi2,19,465.25,2743.0,30.303,ok,33.0,,pending,,pending,mixed,0,0,32,PF,1746484539,False
ue4_qfi9,279.0,298.75,299.5,300.0,ok,0.2650369649732752,ok,ue6_qfi83,1,2,2,3572.5,data,ok,2.0,False,,proxy,3,0,,ue19_qfi2,0.060810810810810814,148,150.0,ok,,ue19_qfi2,150.219,ok,,0,ok,19,,ue4_qfi2,0.514434,ok,0.678644349692879,proxy,5,0.6519115223490375,65630104.0,ok,0.04079090909090909,ok,0.9195943181818181,0.382803125,ok,ue1_qfi82,0.0,99,10.0,data,ok,0.0,ue10_qfi9,235.25,ok,,5.0,ue18_qfi2,9,1406.5,4381.25,30.303,ok,33.0,,pending,,pending,mixed,0,0,32,Reservation,1746484539,False
ue3_qfi9,237.75,294.75,298.0,299.25,ok,0.23491568475556596,ok,ue1_qfi83,1,1,1,4655.5,data,ok,2.0,False,,proxy,3,0,,ue9_qfi2,0.17567567567567569,148,150.0,ok,,ue6_qfi2,148.732,ok,,1,ok,19,,ue9_qfi2,0.35488240000000004,ok,0.5953119250575192,proxy,5,0.5682383893922999,68145011.2,ok,0.03698636363636364,ok,0.9313852272727273,0.06123125,ok,ue1_qfi82,0.0,99,10.0,data,ok,0.0,ue1_qfi9,243.75,ok,,22.2,ue3_qfi2,31,661.75,3480.75,30.303,ok,33.0,,pending,,pending,mixed,0,0,32,TwoTier,1746484539,False
ue14_qfi2,129.793,148.867,149.543,150.06,ok,0.37466338815305666,ok,ue7_qfi85,1,1,1,3419.7499999999995,data,ok,2.0,False,,proxy,3,0,,ue23_qfi2,0.02027027027027027,148,150.0,ok,,ue20_qfi2,150.194,ok,,0,ok,24,,ue23_qfi2,0.4498661333333333,ok,0.6284322070541961,proxy,5,0.6259084120177434,67695580.8,ok,0.03739090909090909,ok,0.928934090909091,0.0594546875,ok,ue1_qfi82,0.0,99,10.0,data,ok,0.0,ue14_qfi2,20.266999999999996,ok,,9.4,ue6_qfi2,16,1089.0,3690.5,30.303,ok,33.0,,pending,,pending,ugv_heavy,0,0,32,PF,1826701614,False
ue18_qfi9,286.0,299.25,299.75,300.0,ok,0.391256722690144,ok,ue4_qfi83,1,1,1,4719.5,data,ok,2.0,False,,proxy,3,0,,ue21_qfi2,0.0,147,150.0,ok,,ue8_qfi2,148.945,ok,,1,ok,24,,ue21_qfi2,0.0,ok,0.5675389380635939,proxy,5,0.537289268317838,65935240.0,ok,0.041202272727272726,ok,0.9201840909090909,0.3904546875,ok,ue1_qfi82,0.0,99,10.0,data,ok,0.0,ue20_qfi2,98.666,ok,,17.4,ue8_qfi2,14,675.0,2765.0,30.303,ok,33.0,,pending,,pending,ugv_heavy,0,0,32,Reservation,1826701614,False
ue11_qfi9,221.25,293.5,297.5,299.0,ok,0.41078432366422746,ok,ue7_qfi85,1,1,1,3419.7499999999995,data,ok,2.0,False,,proxy,3,0,,ue17_qfi2,0.0,147,150.0,ok,,ue16_qfi2,134.083,ok,,3,ok,24,,ue17_qfi2,0.0,ok,0.638270777644097,proxy,5,0.6256454252183894,63896284.8,ok,0.037052272727272725,ok,0.9280931818181818,0.0565640625,ok,ue1_qfi82,0.0,99,10.0,data,ok,0.0,ue3_qfi9,135.0,ok,,30.0,ue2_qfi2,28,201.75,3086.25,30.303,ok,33.0,,pending,,pending,ugv_heavy,0,0,32,TwoTier,1826701614,False
ue10_qfi2,134.001,148.946,149.643,150.145,ok,0.3718266416081431,ok,ue2_qfi85,1,2,2,2272.25,data,ok,2.0,False,,proxy,3,0,,ue22_qfi2,0.013513513513513514,148,150.0,ok,,ue16_qfi2,150.25,ok,,0,ok,24,,ue24_qfi2,0.45340293333333337,ok,0.6193132291747756,proxy,5,0.6172583761828414,68061745.6,ok,0.03763409090909091,ok,0.9322818181818182,0.060346875,ok,ue1_qfi82,0.0,99,10.0,data,ok,0.0,ue21_qfi2,19.565999999999974,ok,,4.8,ue8_qfi2,15,898.25,4633.25,30.303,ok,33.0,,pending,,pending,ugv_heavy,0,0,32,PF,1367864806,False
ue16_qfi9,282.5,298.5,299.5,300.0,ok,0.3915034119343527,ok,ue9_qfi83,1,1,1,4059.0,data,ok,2.0,False,,proxy,3,0,,ue22_qfi2,0.0,148,150.0,ok,,ue14_qfi2,149.0,ok,,1,ok,24,,ue22_qfi2,0.0,ok,0.5615234247120836,proxy,5,0.5351689512137688,65768211.2,ok,0.04193636363636364,ok,0.9216511363636364,0.395184375,ok,ue1_qfi82,0.0,99,10.0,data,ok,0.0,ue20_qfi2,98.16499999999999,ok,,21.8,ue14_qfi2,12,347.5,1787.75,30.303,ok,33.0,,pending,,pending,ugv_heavy,0,0,32,Reservation,1367864806,False
ue9_qfi9,234.75,295.0,298.0,299.25,ok,0.41066183347697194,ok,ue2_qfi85,1,2,2,2273.75,data,ok,2.0,False,,proxy,3,0,,ue17_qfi2,0.0,147,150.0,ok,,ue16_qfi2,146.937,ok,,2,ok,24,,ue17_qfi2,0.0,ok,0.6090444178435772,proxy,5,0.6028837603870704,64008718.4,ok,0.036686363636363635,ok,0.9302204545454545,0.0568890625,ok,ue1_qfi82,0.0,99,10.0,data,ok,0.0,ue5_qfi9,97.5,ok,,27.6,ue16_qfi2,43,104.25,3494.5,30.303,ok,33.0,,pending,,pending,ugv_heavy,0,0,32,TwoTier,1367864806,False
ue1_qfi2,131.918,148.775,149.875,150.118,ok,0.3848096668941615,ok,ue13_qfi85,1,1,1,3882.5,data,ok,2.0,False,,proxy,3,0,,ue23_qfi2,0.02027027027027027,148,150.0,ok,,ue2_qfi2,150.247,ok,,0,ok,24,,ue24_qfi2,0.45182106666666666,ok,0.6207750066954898,proxy,5,0.6191902642197087,66614001.6,ok,0.038118181818181815,ok,0.9297079545454545,0.06216875,ok,ue1_qfi82,0.0,99,10.0,data,ok,0.0,ue20_qfi2,18.736999999999995,ok,,7.0,ue19_qfi2,14,1697.75,4117.75,30.303,ok,33.0,,pending,,pending,ugv_heavy,0,0,32,PF,1097657231,False
ue18_qfi9,284.25,298.5,299.5,300.0,ok,0.40146135868459704,ok,ue13_qfi85,1,1,1,3882.5,data,ok,2.0,False,,proxy,3,0,,ue21_qfi2,0.0,147,150.0,ok,,ue4_qfi2,149.744,ok,,0,ok,24,,ue21_qfi2,0.0,ok,0.5456989669802645,proxy,5,0.5293971407213617,64723476.8,ok,0.041897727272727274,ok,0.9151363636363636,0.4045546875,ok,ue1_qfi82,0.0,99,10.0,data,ok,0.0,ue4_qfi9,249.25,ok,,20.0,ue3_qfi2,13,698.0,2156.5,30.303,ok,33.0,,pending,,pending,ugv_heavy,0,0,32,Reservation,1097657231,False
ue4_qfi9,236.75,295.5,298.5,299.25,ok,0.42257331949838695,ok,ue13_qfi85,1,1,1,3882.5,data,ok,2.0,False,,proxy,3,0,,ue17_qfi2,0.0,148,150.0,ok,,ue15_qfi2,147.878,ok,,1,ok,24,,ue17_qfi2,0.0,ok,0.5945330656147547,proxy,5,0.5817132075574611,62670064.0,ok,0.036825,ok,0.9291693181818181,0.059171875,ok,ue1_qfi82,0.0,99,10.0,data,ok,0.0,ue14_qfi9,106.25,ok,,26.6,ue13_qfi2,38,109.5,3266.75,30.303,ok,33.0,,pending,,pending,ugv_heavy,0,0,32,TwoTier,1097657231,False
ue1_qfi2,131.944,147.967,149.735,150.086,ok,0.3729524470055935,ok,ue4_qfi85,1,1,1,4691.0,data,ok,2.0,False,,proxy,3,0,,ue23_qfi2,0.02027027027027027,148,150.0,ok,,ue1_qfi2,150.25,ok,,0,ok,24,,ue23_qfi2,0.4630477333333333,ok,0.6318367124582859,proxy,5,0.6304342435027283,67880476.8,ok,0.037713636363636366,ok,0.9292397727272728,0.0611609375,ok,ue1_qfi82,0.0,99,10.0,data,ok,0.0,ue7_qfi2,18.236999999999995,ok,,5.0,ue8_qfi2,13,1651.25,3807.75,30.303,ok,33.0,,pending,,pending,ugv_heavy,0,0,32,PF,579362555,False
ue18_qfi9,283.75,299.0,299.75,300.0,ok,0.3979290160281717,ok,ue4_qfi85,1,1,1,4692.5,data,ok,2.0,False,,proxy,3,0,,ue21_qfi2,0.0,147,150.0,ok,,ue12_qfi2,147.645,ok,,0,ok,24,,ue21_qfi2,0.0,ok,0.5721805918878654,proxy,5,0.5386047491066632,65229796.8,ok,0.04176590909090909,ok,0.9172068181818182,0.39725625,ok,ue1_qfi82,0.0,99,10.0,data,ok,0.0,ue5_qfi9,125.5,ok,,17.8,ue13_qfi2,11,717.5,2905.75,30.303,ok,33.0,,pending,,pending,ugv_heavy,0,0,32,Reservation,579362555,False
ue10_qfi9,228.25,293.5,297.75,299.25,ok,0.41000414147221886,ok,ue4_qfi85,1,1,1,4692.5,data,ok,2.0,False,,proxy,3,0,,ue18_qfi2,0.0,147,150.0,ok,,ue17_qfi2,146.705,ok,,0,ok,24,,ue18_qfi2,0.0,ok,0.6129113242761013,proxy,5,0.5903221353584136,64005732.800000004,ok,0.03725,ok,0.9307147727272728,0.05878125,ok,ue1_qfi82,0.0,99,10.0,data,ok,0.0,ue7_qfi9,94.0,ok,,27.6,ue16_qfi2,36,110.75,2923.75,30.303,ok,33.0,,pending,,pending,ugv_heavy,0,0,32,TwoTier,579362555,False
ue7_qfi2,132.471,148.903,149.755,150.107,ok,0.37825723766452174,ok,ue11_qfi85,1,1,2,2060.0,data,ok,2.0,False,,proxy,3,0,,ue22_qfi2,0.02702702702702703,148,150.0,ok,,ue12_qfi2,150.245,ok,,0,ok,24,,ue24_qfi2,0.44781146666666666,ok,0.619025569576173,proxy,5,0.6168467325262338,67418657.6,ok,0.03842954545454545,ok,0.9321215909090909,0.060228125,ok,ue1_qfi82,0.0,99,10.0,data,ok,0.0,ue11_qfi2,19.75800000000001,ok,,6.0,ue5_qfi2,13,1087.75,4306.25,30.303,ok,33.0,,pending,,pending,ugv_heavy,0,0,32,PF,661058651,False
ue15_qfi9,290.75,299.5,300.0,300.25,ok,0.4012043082922474,ok,ue18_qfi9,1,1,1,3172.0,data,ok,2.0,False,,proxy,3,0,,ue21_qfi2,0.0,147,150.0,ok,,ue4_qfi2,147.214,ok,,0,ok,24,,ue21_qfi2,0.0,ok,0.5528296720561571,proxy,5,0.5390265940313411,64798596.8,ok,0.04187727272727273,ok,0.9148068181818182,0.4048890625,ok,ue1_qfi82,0.0,99,10.0,data,ok,0.0,ue19_qfi2,105.643,ok,,22.8,ue1_qfi2,13,313.5,1916.75,30.303,ok,33.0,,pending,,pending,ugv_heavy,0,0,32,Reservation,661058651,False
ue8_qfi9,156.5,279.0,291.75,296.0,ok,0.4416637278136827,ok,ue11_qfi85,1,1,2,2058.5,data,ok,2.0,False,,proxy,3,0,,ue15_qfi2,0.0,148,150.0,ok,,ue9_qfi2,92.037,ok,,13,ok,24,,ue15_qfi2,0.0,ok,0.6389303163423292,proxy,5,0.6324097410222,60729137.6,ok,0.03768409090909091,ok,0.9303943181818182,0.0580984375,ok,ue1_qfi82,0.0,99,10.0,data,ok,0.0,ue5_qfi9,186.5,ok,,30.2,ue5_qfi2,27,120.0,2231.0,30.303,ok,33.0,,pending,,pending,ugv_heavy,0,0,32,TwoTier,661058651,False
ue18_qfi2,133.142,148.937,149.885,150.179,ok,0.37696536058240754,ok,ue11_qfi85,1,1,2,2836.2500000000005,data,ok,2.0,False,,proxy,3,0,,ue23_qfi2,0.013513513513513514,148,150.0,ok,,ue3_qfi2,150.226,ok,,0,ok,24,,ue22_qfi2,0.44434293333333336,ok,0.6254107845833622,proxy,5,0.6229179158535045,67544032.0,ok,0.03825909090909091,ok,0.9308204545454546,0.0625546875,ok,ue1_qfi82,0.0,99,10.0,data,ok,0.0,ue15_qfi2,18.61500000000001,ok,,6.0,ue18_qfi2,17,954.0,4421.5,30.303,ok,33.0,,pending,,pending,ugv_heavy,0,0,32,PF,87989972,False
ue18_qfi9,283.75,298.75,299.5,300.0,ok,0.3917417502788694,ok,ue11_qfi85,1,1,2,2836.2500000000005,data,ok,2.0,False,,proxy,3,0,,ue21_qfi2,0.0,147,150.0,ok,,ue14_qfi2,148.22,ok,,0,ok,24,,ue21_qfi2,0.0,ok,0.5765744998899005,proxy,5,0.5526997061893842,65749160.0,ok,0.04177954545454545,ok,0.9182295454545455,0.395425,ok,ue1_qfi82,0.0,99,10.0,data,ok,0.0,ue19_qfi2,106.42699999999999,ok,,23.8,ue10_qfi2,13,314.5,2116.0,30.303,ok,33.0,,pending,,pending,ugv_heavy,0,0,32,Reservation,87989972,False
ue1_qfi9,228.5,296.0,298.5,299.25,ok,0.37919411120861546,ok,ue11_qfi85,1,1,2,2836.2500000000005,data,ok,2.0,False,,proxy,3,0,,ue20_qfi2,0.0,147,150.0,ok,,ue14_qfi2,147.759,ok,,0,ok,24,,ue20_qfi2,0.0,ok,0.5637817674840208,proxy,5,0.5418938050054463,67093248.0,ok,0.03739318181818182,ok,0.9298181818181818,0.0571,ok,ue1_qfi82,0.0,99,10.0,data,ok,0.0,ue3_qfi9,111.25,ok,,27.0,ue8_qfi2,31,195.0,3136.0,30.303,ok,33.0,,pending,,pending,ugv_heavy,0,0,32,TwoTier,87989972,False
ue4_qfi2,132.19,149.0,149.927,150.174,ok,0.36548212612485603,ok,ue10_qfi85,1,1,1,3204.5,data,ok,2.0,False,,proxy,3,0,,ue23_qfi2,0.02027027027027027,148,150.0,ok,,ue1_qfi2,150.215,ok,,0,ok,24,,ue23_qfi2,0.4677872,ok,0.6302865870444047,proxy,5,0.6269528375360075,68751478.4,ok,0.038338636363636366,ok,0.9307886363636364,0.0586765625,ok,ue1_qfi82,0.0,99,10.0,data,ok,0.0,ue20_qfi2,18.843999999999994,ok,,7.4,ue5_qfi2,16,897.5,4072.5,30.303,ok,33.0,,pending,,pending,ugv_heavy,0,0,32,PF,161576974,False
ue18_qfi9,281.75,298.5,299.5,300.0,ok,0.38780426018997877,ok,ue10_qfi85,1,1,1,3206.0,data,ok,2.0,False,,proxy,3,0,,ue20_qfi2,0.0,147,150.0,ok,,ue18_qfi2,145.367,ok,,1,ok,24,,ue20_qfi2,0.0,ok,0.5759939345434233,proxy,5,0.5644296796186556,66468052.8,ok,0.041790909090909094,ok,0.9235295454545455,0.375559375,ok,ue1_qfi82,0.0,99,10.0,data,ok,0.0,ue19_qfi9,133.5,ok,,28.0,ue17_qfi2,10,314.25,1725.0,30.303,ok,33.0,,pending,,pending,ugv_heavy,0,0,32,Reservation,161576974,False
ue1_qfi9,235.25,293.5,297.5,298.75,ok,0.41193268660387394,ok,ue10_qfi85,1,1,1,3206.0,data,ok,2.0,False,,proxy,3,0,,ue16_qfi2,0.0,147,150.0,ok,,ue10_qfi2,105.281,ok,,14,ok,24,,ue16_qfi2,0.0,ok,0.648792401280275,proxy,5,0.6435650790427062,63901118.4,ok,0.03743863636363636,ok,0.9329193181818182,0.05550625,ok,ue1_qfi82,0.0,99,10.0,data,ok,0.0,ue7_qfi9,124.25,ok,,30.2,ue14_qfi2,30,119.25,2634.75,30.303,ok,33.0,,pending,,pending,ugv_heavy,0,0,32,TwoTier,161576974,False
ue12_qfi2,130.777,149.0,149.746,150.036,ok,0.37987863901923613,ok,ue10_qfi85,1,1,1,2505.0,data,ok,2.0,False,,proxy,3,0,,ue24_qfi2,0.02027027027027027,148,150.0,ok,,ue13_qfi2,150.224,ok,,0,ok,24,,ue24_qfi2,0.4349648,ok,0.6278647890178285,proxy,5,0.6261877833775222,67173412.8,ok,0.03776818181818182,ok,0.9325056818181818,0.062078125,ok,ue1_qfi82,0.0,99,10.0,data,ok,0.0,ue18_qfi2,19.299000000000007,ok,,5.0,ue2_qfi2,12,1069.25,4356.25,30.303,ok,33.0,,pending,,pending,ugv_heavy,0,0,32,PF,35492826,False
ue7_qfi9,290.25,299.5,300.0,300.25,ok,0.4011670163733124,ok,ue4_qfi83,1,1,1,4094.0000000000005,data,ok,2.0,False,,proxy,3,0,,ue21_qfi2,0.0,147,150.0,ok,,ue3_qfi2,148.322,ok,,1,ok,24,,ue21_qfi2,0.0,ok,0.5630977060935473,proxy,5,0.536299751198431,65033563.2,ok,0.041745454545454544,ok,0.9175318181818182,0.396984375,ok,ue1_qfi82,0.0,99,10.0,data,ok,0.0,ue11_qfi9,275.5,ok,,17.8,ue15_qfi2,11,836.0,2682.0,30.303,ok,33.0,,pending,,pending,ugv_heavy,0,0,32,Reservation,35492826,False
ue9_qfi9,154.0,281.5,293.0,296.75,ok,0.4391057965180284,ok,ue10_qfi85,1,1,1,2504.75,data,ok,2.0,False,,proxy,3,0,,ue15_qfi2,0.0,148,150.0,ok,,ue1_qfi2,85.0,ok,,14,ok,24,,ue15_qfi2,0.0,ok,0.6469316096471739,proxy,5,0.6423894321349931,61175297.6,ok,0.03721136363636364,ok,0.9320318181818181,0.05856875,ok,ue1_qfi82,0.0,99,10.0,data,ok,0.0,ue10_qfi9,178.75,ok,,30.4,ue1_qfi2,24,111.0,2039.75,30.303,ok,33.0,,pending,,pending,ugv_heavy,0,0,32,TwoTier,35492826,False
ue20_qfi2,132.776,148.208,149.628,150.132,ok,0.3736827200898558,ok,ue8_qfi85,1,1,1,3038.5000000000005,data,ok,2.0,False,,proxy,3,0,,ue22_qfi2,0.02027027027027027,148,150.0,ok,,ue10_qfi2,150.224,ok,,0,ok,24,,ue22_qfi2,0.4715984,ok,0.6223449853511556,proxy,5,0.6207084114843086,67938216.0,ok,0.03784545454545454,ok,0.9333397727272728,0.0595015625,ok,ue1_qfi82,0.0,99,10.0,data,ok,0.0,ue5_qfi2,29.72200000000001,ok,,6.0,ue2_qfi2,15,1442.75,4406.5,30.303,ok,33.0,,pending,,pending,ugv_heavy,0,0,32,PF,376383645,False
ue16_qfi9,296.5,300.0,300.25,300.25,ok,0.39409988095191684,ok,ue6_qfi83,1,1,1,4722.5,data,ok,2.0,False,,proxy,3,0,,ue22_qfi2,0.0,147,150.0,ok,,ue11_qfi2,149.394,ok,,1,ok,24,,ue22_qfi2,0.0,ok,0.5587240587584898,proxy,5,0.5360004662164268,65694120.0,ok,0.04173863636363637,ok,0.9191511363636363,0.400825,ok,ue1_qfi82,0.0,99,10.0,data,ok,0.0,ue8_qfi9,211.0,ok,,20.4,ue3_qfi2,12,392.25,2246.5,30.303,ok,33.0,,pending,,pending,ugv_heavy,0,0,32,Reservation,376383645,False
ue10_qfi9,237.0,294.25,298.0,299.0,ok,0.4107030123997512,ok,ue8_qfi85,1,1,1,3038.5000000000005,data,ok,2.0,False,,proxy,3,0,,ue17_qfi2,0.0,148,150.0,ok,,ue15_qfi2,147.32,ok,,2,ok,24,,ue17_qfi2,0.0,ok,0.6045383154416462,proxy,5,0.5820107873546568,63914296.0,ok,0.036418181818181815,ok,0.9333170454545454,0.0561578125,ok,ue1_qfi82,0.0,99,10.0,data,ok,0.0,ue2_qfi9,103.5,ok,,26.8,ue15_qfi2,40,113.25,3394.0,30.303,ok,33.0,,pending,,pending,ugv_heavy,0,0,32,TwoTier,376383645,False
ue15_qfi2,133.017,148.75,149.732,150.157,ok,0.36885435692148066,ok,ue17_qfi85,1,1,1,4772.75,data,ok,2.0,False,,proxy,3,0,,ue22_qfi2,0.02027027027027027,148,150.0,ok,,ue10_qfi2,150.25,ok,,0,ok,24,,ue22_qfi2,0.4500346666666667,ok,0.6200627115228871,proxy,5,0.6178552870666901,68135086.4,ok,0.03820681818181818,ok,0.9332863636363636,0.058228125,ok,ue1_qfi82,0.0,99,10.0,data,ok,0.0,ue3_qfi2,18.697000000000003,ok,,7.6,ue17_qfi2,13,2282.5,3889.25,30.303,ok,33.0,,pending,,pending,ugv_heavy,0,0,32,PF,1746484539,False
ue18_qfi9,268.25,298.25,299.5,300.0,ok,0.3916836471735942,ok,ue17_qfi85,1,1,1,4772.75,data,ok,2.0,False,,proxy,3,0,,ue19_qfi2,0.0,147,150.0,ok,,ue1_qfi2,147.337,ok,,1,ok,24,,ue19_qfi2,0.0,ok,0.560248581534134,proxy,5,0.5454168062165927,65916798.4,ok,0.041522727272727274,ok,0.9219522727272728,0.371246875,ok,ue1_qfi82,0.0,99,10.0,data,ok,0.0,ue12_qfi2,94.75600000000001,ok,,29.0,ue3_qfi2,15,284.0,1765.25,30.303,ok,33.0,,pending,,pending,ugv_heavy,0,0,32,Reservation,1746484539,False
ue8_qfi9,252.0,295.75,298.5,299.5,ok,0.37930386260017845,ok,ue17_qfi85,1,1,1,4772.75,data,ok,2.0,False,,proxy,3,0,,ue20_qfi2,0.0,148,150.0,ok,,ue18_qfi2,147.538,ok,,0,ok,24,,ue20_qfi2,0.0,ok,0.5575747282384997,proxy,5,0.5328525480062842,67130886.4,ok,0.03685,ok,0.9324943181818182,0.0536359375,ok,ue1_qfi82,0.0,99,10.0,data,ok,0.0,ue7_qfi9,130.5,ok,,24.2,ue16_qfi2,24,205.0,2252.0,30.303,ok,33.0,,pending,,pending,ugv_heavy,0,0,32,TwoTier,1746484539,False
ue14_qfi2,129.793,148.867,149.543,150.06,ok,0.42578056669423076,ok,ue7_qfi85,1,1,1,3419.7499999999995,data,ok,2.0,False,,proxy,3,0,,ue23_qfi2,0.02027027027027027,148,150.0,ok,,ue20_qfi2,150.194,ok,,0,ok,26,,ue1_qfi4,0.10166733333333333,ok,0.6238028260646475,proxy,5,0.6091297599208307,67695580.8,ok,0.03739090909090909,ok,0.928934090909091,0.0594546875,ok,ue1_qfi82,0.0,99,10.0,data,ok,0.0,ue14_qfi2,20.266999999999996,ok,,9.4,ue6_qfi2,16,1089.0,3690.5,30.303,ok,33.0,,pending,,pending,ugv_heavy,2,2,32,PF,1826701614,True
ue18_qfi9,286.75,299.0,299.75,300.0,ok,0.440276465455956,ok,ue1_qfi83,1,1,2,3701.75,data,ok,2.0,False,,proxy,3,0,,ue21_qfi2,0.0,147,150.0,ok,,ue8_qfi2,147.378,ok,,1,ok,26,,ue21_qfi2,0.0,ok,0.5747324909989711,proxy,5,0.5394859847021233,66101785.6,ok,0.04119545454545454,ok,0.9204863636363636,0.3864078125,ok,ue1_qfi82,0.0,99,10.0,data,ok,0.0,ue19_qfi2,103.445,ok,,21.4,ue8_qfi2,10,706.5,2192.0,30.303,ok,33.0,,pending,,pending,ugv_heavy,2,2,32,Reservation,1826701614,True
ue16_qfi9,248.25,295.0,298.25,299.25,ok,0.4428775033292645,ok,ue7_qfi85,1,1,1,3419.7499999999995,data,ok,2.0,False,,proxy,3,0,,ue17_qfi2,0.0,147,150.0,ok,,ue4_qfi2,142.705,ok,,0,ok,26,,ue17_qfi2,0.0,ok,0.590795606494013,proxy,5,0.5091620890653202,65772180.8,ok,0.03699090909090909,ok,0.9279897727272727,0.05565,ok,ue1_qfi82,0.0,99,10.0,data,ok,0.0,ue6_qfi9,181.25,ok,,26.8,ue2_qfi2,29,312.75,3219.25,30.303,ok,33.0,,pending,,pending,ugv_heavy,2,2,32,TwoTier,1826701614,True
ue10_qfi2,134.001,148.946,149.643,150.145,ok,0.42316867363660976,ok,ue2_qfi85,1,2,2,2272.25,data,ok,2.0,False,,proxy,3,0,,ue22_qfi2,0.013513513513513514,148,150.0,ok,,ue16_qfi2,150.25,ok,,0,ok,26,,ue2_qfi4,0.1069696,ok,0.6149340250711253,proxy,5,0.6018236572117824,68061745.6,ok,0.03763409090909091,ok,0.9322818181818182,0.060346875,ok,ue1_qfi82,0.0,99,10.0,data,ok,0.0,ue1_qfi2,19.931999999999988,ok,,4.8,ue8_qfi2,15,898.25,4633.25,30.303,ok,33.0,,pending,,pending,ugv_heavy,2,2,32,PF,1367864806,True
ue18_qfi9,274.5,298.25,299.5,300.0,ok,0.4396144431820512,ok,ue2_qfi83,1,1,1,4747.0,data,ok,2.0,False,,proxy,3,0,,ue22_qfi2,0.0,148,150.0,ok,,ue17_qfi2,147.553,ok,,2,ok,26,,ue22_qfi2,0.0,ok,0.5500024258144987,proxy,5,0.530160779546518,66165235.2,ok,0.041795454545454545,ok,0.9223511363636364,0.392009375,ok,ue1_qfi82,0.0,99,10.0,data,ok,0.0,ue2_qfi9,273.5,ok,,19.6,ue11_qfi2,9,587.0,2564.25,30.303,ok,33.0,,pending,,pending,ugv_heavy,2,2,32,Reservation,1367864806,True
ue15_qfi9,228.25,293.75,297.75,299.0,ok,0.4401349668502592,ok,ue15_qfi83,1,1,1,2636.9999999999995,data,ok,2.0,False,,proxy,3,0,,ue17_qfi2,0.0,147,150.0,ok,,ue13_qfi2,141.247,ok,,0,ok,26,,ue17_qfi2,0.0,ok,0.5761663060861286,proxy,5,0.5163313834472374,66143364.8,ok,0.03709318181818182,ok,0.9317204545454545,0.05553125,ok,ue1_qfi82,0.0,99,10.0,data,ok,0.0,ue2_qfi4,152.25,ok,,27.0,ue16_qfi2,28,183.75,2483.0,30.303,ok,33.0,,pending,,pending,ugv_heavy,2,2,32,TwoTier,1367864806,True
ue6_qfi2,134.147,149.124,149.818,150.106,ok,0.43490099992991227,ok,ue13_qfi85,1,1,1,3882.5,data,ok,2.0,False,,proxy,3,0,,ue23_qfi2,0.02027027027027027,148,150.0,ok,,ue2_qfi2,150.247,ok,,0,ok,26,,ue2_qfi4,0.09389919999999999,ok,0.6163750052882266,proxy,5,0.6017711438597836,66614001.6,ok,0.038118181818181815,ok,0.9297079545454545,0.06216875,ok,ue1_qfi82,0.0,99,10.0,data,ok,0.0,ue1_qfi2,19.775000000000006,ok,,7.0,ue19_qfi2,14,1697.75,4117.75,30.303,ok,33.0,,pending,,pending,ugv_heavy,2,2,32,PF,1097657231,True
ue4_qfi9,48.25,298.75,300.0,300.25,ok,0.4498441716018249,ok,ue5_qfi83,1,1,1,4032.75,data,ok,2.0,False,,proxy,3,0,,ue21_qfi2,0.0,147,150.0,ok,,ue6_qfi2,149.468,ok,,0,ok,26,,ue21_qfi2,0.0,ok,0.5454044244160523,proxy,5,0.5127285310770618,64728059.2,ok,0.041790909090909094,ok,0.9156011363636364,0.4052796875,ok,ue1_qfi82,0.0,99,10.0,data,ok,0.0,ue4_qfi9,252.0,ok,,19.2,ue3_qfi2,12,698.0,2258.5,30.303,ok,33.0,,pending,,pending,ugv_heavy,2,2,32,Reservation,1097657231,True
ue11_qfi9,213.0,294.75,298.25,299.25,ok,0.4525437203211796,ok,ue13_qfi85,1,1,1,3882.5,data,ok,2.0,False,,proxy,3,0,,ue17_qfi2,0.0,148,150.0,ok,,ue12_qfi2,145.006,ok,,0,ok,26,,ue17_qfi2,0.0,ok,0.5536326421357037,proxy,5,0.5048501178828962,64643585.6,ok,0.036763636363636366,ok,0.9298545454545455,0.0587109375,ok,ue1_qfi82,0.0,99,10.0,data,ok,0.0,ue3_qfi9,122.5,ok,,26.2,ue1_qfi2,26,371.75,3069.25,30.303,ok,33.0,,pending,,pending,ugv_heavy,2,2,32,TwoTier,1097657231,True
ue8_qfi2,133.516,148.75,149.634,150.059,ok,0.4242010320706111,ok,ue4_qfi85,1,1,1,4691.0,data,ok,2.0,False,,proxy,3,0,,ue23_qfi2,0.02027027027027027,148,150.0,ok,,ue16_qfi2,150.031,ok,,0,ok,26,,ue1_qfi4,0.09416680000000001,ok,0.6271433294124883,proxy,5,0.6140955764604757,67880476.8,ok,0.037713636363636366,ok,0.9292397727272728,0.0611609375,ok,ue1_qfi82,0.0,99,10.0,data,ok,0.0,ue1_qfi2,19.238,ok,,5.0,ue8_qfi2,13,1651.25,3807.75,30.303,ok,33.0,,pending,,pending,ugv_heavy,2,2,32,PF,579362555,True
ue18_qfi9,284.5,299.0,299.75,300.0,ok,0.44624210659181673,ok,ue4_qfi85,1,1,1,4692.5,data,ok,2.0,False,,proxy,3,0,,ue21_qfi2,0.0,147,150.0,ok,,ue1_qfi2,149.419,ok,,1,ok,26,,ue21_qfi2,0.0,ok,0.5677383340395291,proxy,5,0.5523907450858161,65085449.6,ok,0.04199772727272727,ok,0.9174772727272728,0.4000953125,ok,ue1_qfi82,0.0,99,10.0,data,ok,0.0,ue5_qfi9,126.0,ok,,18.2,ue3_qfi2,13,560.75,2978.5,30.303,ok,33.0,,pending,,pending,ugv_heavy,2,2,32,Reservation,579362555,True
ue14_qfi9,232.5,294.5,298.0,299.25,ok,0.44748837978262235,ok,ue4_qfi85,1,1,1,4692.5,data,ok,2.0,False,,proxy,3,0,,ue18_qfi2,0.0,147,150.0,ok,,ue17_qfi2,148.25,ok,,1,ok,26,,ue18_qfi2,0.0,ok,0.5802568072431631,proxy,5,0.5214123760452092,65194832.0,ok,0.03728181818181818,ok,0.9315397727272727,0.0588921875,ok,ue1_qfi82,0.0,99,10.0,data,ok,0.0,ue1_qfi4,144.25,ok,,20.0,ue16_qfi2,28,610.0,3430.0,30.303,ok,33.0,,pending,,pending,ugv_heavy,2,2,32,TwoTier,579362555,True
ue7_qfi2,132.471,148.903,149.755,150.107,ok,0.4289145140782693,ok,ue2_qfi2,1,1,1,2213.75,data,ok,2.0,False,,proxy,3,0,,ue22_qfi2,0.02702702702702703,148,150.0,ok,,ue12_qfi2,150.245,ok,,0,ok,26,,ue1_qfi4,0.09493746666666668,ok,0.6144633109910105,proxy,5,0.5991367377111547,67418657.6,ok,0.03842954545454545,ok,0.9321215909090909,0.060228125,ok,ue1_qfi82,0.0,99,10.0,data,ok,0.0,ue11_qfi2,19.75800000000001,ok,,6.0,ue5_qfi2,13,1087.75,4306.25,30.303,ok,33.0,,pending,,pending,ugv_heavy,2,2,32,PF,661058651,True
ue18_qfi9,287.25,299.25,299.75,300.0,ok,0.44692450558507507,ok,ue10_qfi9,1,1,2,3968.0,data,ok,2.0,False,,proxy,3,0,,ue21_qfi2,0.0,147,150.0,ok,,ue6_qfi2,149.683,ok,,2,ok,26,,ue21_qfi2,0.0,ok,0.5418051020220653,proxy,5,0.5097126263046561,65309694.4,ok,0.041643181818181815,ok,0.9167681818181819,0.4022265625,ok,ue1_qfi82,0.0,99,10.0,data,ok,0.0,ue3_qfi9,251.75,ok,,21.8,ue6_qfi2,12,279.5,2178.75,30.303,ok,33.0,,pending,,pending,ugv_heavy,2,2,32,Reservation,661058651,True
ue8_qfi9,160.5,288.0,295.25,297.75,ok,0.47081856375312175,ok,ue10_qfi83,1,1,1,2836.5,data,ok,2.0,False,,proxy,3,0,,ue15_qfi2,0.0,148,150.0,ok,,ue13_qfi2,137.396,ok,,3,ok,26,,ue15_qfi2,0.0,ok,0.5821613206297374,proxy,5,0.49363096960916675,62606502.4,ok,0.03678409090909091,ok,0.9296329545454546,0.0578578125,ok,ue1_qfi82,0.0,99,10.0,data,ok,0.0,ue3_qfi9,218.5,ok,,26.4,ue2_qfi2,29,338.5,3103.75,30.303,ok,33.0,,pending,,pending,ugv_heavy,2,2,32,TwoTier,661058651,True
ue18_qfi2,133.142,148.937,149.885,150.179,ok,0.4278499491463036,ok,ue11_qfi85,1,1,2,2836.2500000000005,data,ok,2.0,False,,proxy,3,0,,ue23_qfi2,0.013513513513513514,148,150.0,ok,,ue3_qfi2,150.226,ok,,0,ok,26,,ue1_qfi4,0.10293746666666667,ok,0.6207654581263645,proxy,5,0.6071341618560548,67544032.0,ok,0.03825909090909091,ok,0.9308204545454546,0.0625546875,ok,ue1_qfi82,0.0,99,10.0,data,ok,0.0,ue1_qfi2,18.864000000000004,ok,,6.0,ue18_qfi2,17,954.0,4421.5,30.303,ok,33.0,,pending,,pending,ugv_heavy,2,2,32,PF,87989972,True
ue18_qfi9,280.0,299.25,299.75,300.0,ok,0.4406774008505427,ok,ue11_qfi85,1,1,2,2836.2500000000005,data,ok,2.0,False,,proxy,3,0,,ue21_qfi2,0.0,147,150.0,ok,,ue1_qfi2,149.512,ok,,2,ok,26,,ue21_qfi2,0.0,ok,0.5745842610214223,proxy,5,0.5494325746969339,65885934.4,ok,0.041772727272727274,ok,0.9194375,0.3944,ok,ue1_qfi82,0.0,99,10.0,data,ok,0.0,ue2_qfi9,147.0,ok,,23.0,ue14_qfi2,9,444.25,1903.5,30.303,ok,33.0,,pending,,pending,ugv_heavy,2,2,32,Reservation,87989972,True
ue4_qfi9,226.75,294.75,298.0,299.0,ok,0.4227330399279892,ok,ue11_qfi83,1,1,1,4260.75,data,ok,2.0,False,,proxy,3,0,,ue20_qfi2,0.0,147,150.0,ok,,ue17_qfi2,147.435,ok,,0,ok,26,,ue20_qfi2,0.0,ok,0.5459779335788042,proxy,5,0.5130128473455676,67904344.0,ok,0.03739318181818182,ok,0.9298045454545455,0.056984375,ok,ue1_qfi82,0.0,99,10.0,data,ok,0.0,ue11_qfi9,282.25,ok,,24.6,ue8_qfi2,27,302.25,3091.25,30.303,ok,33.0,,pending,,pending,ugv_heavy,2,2,32,TwoTier,87989972,True
ue4_qfi2,132.19,149.0,149.927,150.174,ok,0.4172993280692684,ok,ue10_qfi85,1,1,1,3204.5,data,ok,2.0,False,,proxy,3,0,,ue23_qfi2,0.02027027027027027,148,150.0,ok,,ue1_qfi2,150.244,ok,,0,ok,26,,ue2_qfi4,0.09708346666666667,ok,0.6257104819132289,proxy,5,0.6124234834288491,68751478.4,ok,0.038338636363636366,ok,0.9307886363636364,0.0586765625,ok,ue1_qfi82,0.0,99,10.0,data,ok,0.0,ue2_qfi2,19.84700000000001,ok,,7.4,ue5_qfi2,16,897.5,4072.5,30.303,ok,33.0,,pending,,pending,ugv_heavy,2,2,32,PF,161576974,True
ue18_qfi9,284.75,298.75,299.75,300.0,ok,0.4388885326929499,ok,ue10_qfi85,1,1,1,3206.0,data,ok,2.0,False,,proxy,3,0,,ue20_qfi2,0.0,147,150.0,ok,,ue7_qfi2,146.105,ok,,1,ok,26,,ue20_qfi2,0.0,ok,0.571946538497955,proxy,5,0.5444143270159052,66321124.8,ok,0.0417,ok,0.9235261363636363,0.37671875,ok,ue1_qfi82,0.0,99,10.0,data,ok,0.0,ue3_qfi2,91.263,ok,,23.2,ue10_qfi2,10,478.75,2271.0,30.303,ok,33.0,,pending,,pending,ugv_heavy,2,2,32,Reservation,161576974,True
ue1_qfi9,227.25,293.0,297.5,299.0,ok,0.4457787060062488,ok,ue10_qfi85,1,1,1,3206.0,data,ok,2.0,False,,proxy,3,0,,ue16_qfi2,0.0,147,150.0,ok,,ue9_qfi2,140.51,ok,,4,ok,26,,ue16_qfi2,0.0,ok,0.5913913686292542,proxy,5,0.4919333985920466,65585065.6,ok,0.037311363636363636,ok,0.932509090909091,0.0555328125,ok,ue1_qfi82,0.0,99,10.0,data,ok,0.0,ue7_qfi9,175.0,ok,,24.0,ue1_qfi2,25,501.0,3130.5,30.303,ok,33.0,,pending,,pending,ugv_heavy,2,2,32,TwoTier,161576974,True
ue12_qfi2,130.777,149.0,149.746,150.036,ok,0.43049993083627497,ok,ue10_qfi85,1,1,1,2505.0,data,ok,2.0,False,,proxy,3,0,,ue24_qfi2,0.02027027027027027,148,150.0,ok,,ue13_qfi2,150.224,ok,,0,ok,26,,ue1_qfi4,0.10347586666666665,ok,0.6232879844870743,proxy,5,0.6089488386149947,67173412.8,ok,0.03776818181818182,ok,0.9325056818181818,0.062078125,ok,ue1_qfi82,0.0,99,10.0,data,ok,0.0,ue18_qfi2,19.299000000000007,ok,,6.6,ue20_qfi2,12,1554.0,4139.5,30.303,ok,33.0,,pending,,pending,ugv_heavy,2,2,32,PF,35492826,True
ue17_qfi9,194.5,297.5,299.25,300.0,ok,0.44939817048249286,ok,ue1_qfi83,1,1,1,4319.000000000001,data,ok,2.0,False,,proxy,3,0,,ue21_qfi2,0.0,147,150.0,ok,,ue13_qfi2,148.649,ok,,0,ok,26,,ue21_qfi2,0.0,ok,0.5573359196794488,proxy,5,0.5315535681280067,65062617.6,ok,0.04203863636363636,ok,0.9183875,0.394825,ok,ue1_qfi82,0.0,99,10.0,data,ok,0.0,ue13_qfi9,207.75,ok,,23.8,ue11_qfi2,12,247.75,1632.5,30.303,ok,33.0,,pending,,pending,ugv_heavy,2,2,32,Reservation,35492826,True
ue9_qfi9,164.0,288.5,295.75,298.25,ok,0.45907758181121855,ok,ue13_qfi83,1,1,1,2834.5,data,ok,2.0,False,,proxy,3,0,,ue15_qfi2,0.0,148,150.0,ok,,ue13_qfi2,140.741,ok,,3,ok,26,,ue15_qfi2,0.0,ok,0.5941832341525377,proxy,5,0.5116480300558021,64196392.0,ok,0.037425,ok,0.932034090909091,0.0589359375,ok,ue1_qfi82,0.0,99,10.0,data,ok,0.0,ue10_qfi9,187.0,ok,,28.8,ue2_qfi2,28,172.5,2657.5,30.303,ok,33.0,,pending,,pending,ugv_heavy,2,2,32,TwoTier,35492826,True
ue20_qfi2,132.776,148.208,149.628,150.132,ok,0.42479608041108347,ok,ue8_qfi85,1,1,1,3038.5000000000005,data,ok,2.0,False,,proxy,3,0,,ue22_qfi2,0.02027027027027027,148,150.0,ok,,ue10_qfi2,150.224,ok,,0,ok,26,,ue1_qfi4,0.10029506666666667,ok,0.617812164096656,proxy,5,0.6041168794313052,67938216.0,ok,0.03784545454545454,ok,0.9333397727272728,0.0595015625,ok,ue1_qfi82,0.0,99,10.0,data,ok,0.0,ue5_qfi2,29.72200000000001,ok,,5.8,ue12_qfi2,14,885.75,4378.0,30.303,ok,33.0,,pending,,pending,ugv_heavy,2,2,32,PF,376383645,True
ue16_qfi9,296.0,300.0,300.25,300.25,ok,0.4426831022930372,ok,ue21_qfi1,1,1,2,3800.75,data,ok,2.0,False,,proxy,3,0,,ue22_qfi2,0.0,147,150.0,ok,,ue10_qfi2,149.226,ok,,1,ok,26,,ue22_qfi2,0.0,ok,0.5594723630097505,proxy,5,0.5270820111403965,65635697.6,ok,0.041706818181818185,ok,0.919171590909091,0.4017984375,ok,ue1_qfi82,0.0,99,10.0,data,ok,0.0,ue3_qfi9,209.25,ok,,16.4,ue7_qfi2,13,439.5,3148.5,30.303,ok,33.0,,pending,,pending,ugv_heavy,2,2,32,Reservation,376383645,True
ue10_qfi9,232.0,294.5,298.0,299.0,ok,0.44359544009161433,ok,ue9_qfi9,1,1,1,3422.5000000000005,data,ok,2.0,False,,proxy,3,0,,ue17_qfi2,0.0,148,150.0,ok,,ue13_qfi2,146.6,ok,,1,ok,26,,ue17_qfi2,0.0,ok,0.5585038790561051,proxy,5,0.5081510332411346,65683561.6,ok,0.036302272727272725,ok,0.931934090909091,0.0554734375,ok,ue1_qfi82,0.0,99,10.0,data,ok,0.0,ue2_qfi4,134.5,ok,,29.0,ue8_qfi2,24,137.5,2196.25,30.303,ok,33.0,,pending,,pending,ugv_heavy,2,2,32,TwoTier,376383645,True
ue15_qfi2,133.017,148.75,149.732,150.157,ok,0.42057407732934343,ok,ue17_qfi85,1,1,1,4772.75,data,ok,2.0,False,,proxy,3,0,,ue22_qfi2,0.02027027027027027,148,150.0,ok,,ue10_qfi2,150.25,ok,,0,ok,26,,ue1_qfi4,0.08892533333333333,ok,0.615382630496663,proxy,5,0.6001067237998527,68135086.4,ok,0.03820681818181818,ok,0.9332863636363636,0.058228125,ok,ue1_qfi82,0.0,99,10.0,data,ok,0.0,ue2_qfi2,18.82899999999998,ok,,7.6,ue17_qfi2,13,2282.5,3889.25,30.303,ok,33.0,,pending,,pending,ugv_heavy,2,2,32,PF,1746484539,True
ue15_qfi9,282.75,299.0,299.75,300.0,ok,0.4402540287158011,ok,ue17_qfi85,1,1,1,4772.75,data,ok,2.0,False,,proxy,3,0,,ue19_qfi2,0.0,147,150.0,ok,,ue6_qfi2,145.854,ok,,0,ok,26,,ue19_qfi2,0.0,ok,0.5558986902136154,proxy,5,0.5247150554960445,66025907.2,ok,0.041575,ok,0.9238738636363636,0.368671875,ok,ue1_qfi82,0.0,99,10.0,data,ok,0.0,ue9_qfi2,96.62899999999999,ok,,29.2,ue9_qfi2,15,191.75,1643.75,30.303,ok,33.0,,pending,,pending,ugv_heavy,2,2,32,Reservation,1746484539,True
ue9_qfi9,244.25,296.75,298.75,299.5,ok,0.42399654528020425,ok,ue17_qfi85,1,1,1,4772.75,data,ok,2.0,False,,proxy,3,0,,ue20_qfi2,0.0,148,150.0,ok,,ue1_qfi2,147.88,ok,,0,ok,26,,ue20_qfi2,0.0,ok,0.5317953694433637,proxy,5,0.49499711647220385,67806032.0,ok,0.036940909090909094,ok,0.9320386363636364,0.053134375,ok,ue1_qfi82,0.0,99,10.0,data,ok,0.0,ue2_qfi9,289.75,ok,,28.2,ue3_qfi2,23,300.75,2180.75,30.303,ok,33.0,,pending,,pending,ugv_heavy,2,2,32,TwoTier,1746484539,True
ue14_qfi2,129.793,148.867,149.543,150.06,ok,0.4013444876939956,ok,ue7_qfi85,1,1,1,3419.7499999999995,data,ok,2.0,False,,proxy,3,0,,ue23_qfi2,0.02027027027027027,148,150.0,ok,,ue20_qfi2,150.194,ok,,0,ok,25,,ue1_qfi4,0.10166733333333333,ok,0.625819276083114,proxy,5,0.6185043127858745,67695580.8,ok,0.03739090909090909,ok,0.928934090909091,0.0594546875,ok,ue1_qfi82,0.0,99,10.0,data,ok,0.0,ue14_qfi2,20.266999999999996,ok,,9.4,ue6_qfi2,16,1089.0,3690.5,30.303,ok,33.0,,pending,,pending,ugv_heavy,1,1,32,PF,1826701614,True
ue8_qfi9,291.0,299.5,300.0,300.25,ok,0.4157762571124202,ok,ue4_qfi83,1,1,1,4059.2500000000005,data,ok,2.0,False,,proxy,3,0,,ue21_qfi2,0.0,147,150.0,ok,,ue8_qfi2,148.192,ok,,2,ok,25,,ue21_qfi2,0.0,ok,0.5804925657375144,proxy,5,0.5556578660380688,66003624.0,ok,0.0414,ok,0.920746590909091,0.38656875,ok,ue1_qfi82,0.0,99,10.0,data,ok,0.0,ue19_qfi9,134.5,ok,,23.6,ue14_qfi2,14,322.75,2454.25,30.303,ok,33.0,,pending,,pending,ugv_heavy,1,1,32,Reservation,1826701614,True
ue16_qfi9,235.5,293.25,297.5,299.0,ok,0.42944775241918826,ok,ue7_qfi85,1,1,1,3419.7499999999995,data,ok,2.0,False,,proxy,3,0,,ue17_qfi2,0.0,147,150.0,ok,,ue4_qfi2,138.434,ok,,0,ok,25,,ue17_qfi2,0.0,ok,0.603057947989353,proxy,5,0.5474687938683287,64649987.199999996,ok,0.03681363636363636,ok,0.9284193181818182,0.0568953125,ok,ue1_qfi82,0.0,99,10.0,data,ok,0.0,ue3_qfi9,169.75,ok,,27.0,ue2_qfi2,27,312.75,3123.75,30.303,ok,33.0,,pending,,pending,ugv_heavy,1,1,32,TwoTier,1826701614,True
ue10_qfi2,134.001,148.946,149.643,150.145,ok,0.3985887300459531,ok,ue2_qfi85,1,2,2,2272.25,data,ok,2.0,False,,proxy,3,0,,ue22_qfi2,0.013513513513513514,148,150.0,ok,,ue16_qfi2,150.25,ok,,0,ok,25,,ue1_qfi4,0.11336533333333333,ok,0.6169837013002527,proxy,5,0.6113222551346237,68061745.6,ok,0.03763409090909091,ok,0.9322818181818182,0.060346875,ok,ue1_qfi82,0.0,99,10.0,data,ok,0.0,ue1_qfi2,19.931999999999988,ok,,4.8,ue8_qfi2,15,898.25,4633.25,30.303,ok,33.0,,pending,,pending,ugv_heavy,1,1,32,PF,1367864806,True
ue14_qfi9,285.25,299.25,300.0,300.25,ok,0.41915051066318487,ok,ue1_qfi83,1,1,1,4422.750000000001,data,ok,2.0,False,,proxy,3,0,,ue22_qfi2,0.0,148,150.0,ok,,ue14_qfi2,149.053,ok,,0,ok,25,,ue22_qfi2,0.0,ok,0.5521209349864147,proxy,5,0.5261464858959598,65813134.4,ok,0.04186590909090909,ok,0.9206352272727273,0.3961671875,ok,ue1_qfi82,0.0,99,10.0,data,ok,0.0,ue10_qfi9,277.25,ok,,22.0,ue11_qfi2,10,382.5,2146.0,30.303,ok,33.0,,pending,,pending,ugv_heavy,1,1,32,Reservation,1367864806,True
ue9_qfi9,241.0,295.0,298.25,299.25,ok,0.42511623888866895,ok,ue7_qfi83,1,1,1,2686.25,data,ok,2.0,False,,proxy,3,0,,ue17_qfi2,0.0,147,150.0,ok,,ue13_qfi2,143.12,ok,,1,ok,25,,ue17_qfi2,0.0,ok,0.583907230683727,proxy,5,0.5390357383202241,65230844.8,ok,0.03685,ok,0.9298227272727273,0.056646875,ok,ue1_qfi82,0.0,99,10.0,data,ok,0.0,ue1_qfi9,105.0,ok,,28.2,ue13_qfi2,29,114.5,2384.0,30.303,ok,33.0,,pending,,pending,ugv_heavy,1,1,32,TwoTier,1367864806,True
ue6_qfi2,134.147,149.124,149.818,150.106,ok,0.4108901894201621,ok,ue13_qfi85,1,1,1,3882.5,data,ok,2.0,False,,proxy,3,0,,ue23_qfi2,0.02027027027027027,148,150.0,ok,,ue2_qfi2,150.247,ok,,0,ok,25,,ue1_qfi4,0.10870293333333333,ok,0.6184190075814402,proxy,5,0.6110952574108751,66614001.6,ok,0.038118181818181815,ok,0.9297079545454545,0.06216875,ok,ue1_qfi82,0.0,99,10.0,data,ok,0.0,ue1_qfi2,19.775000000000006,ok,,7.0,ue19_qfi2,14,1697.75,4117.75,30.303,ok,33.0,,pending,,pending,ugv_heavy,1,1,32,PF,1097657231,True
ue18_qfi9,285.0,299.0,299.75,300.0,ok,0.42633022541594245,ok,ue13_qfi85,1,1,1,3882.5,data,ok,2.0,False,,proxy,3,0,,ue21_qfi2,0.0,147,150.0,ok,,ue4_qfi2,149.744,ok,,0,ok,25,,ue21_qfi2,0.0,ok,0.5460683984298524,proxy,5,0.5211531008815534,64784676.8,ok,0.04186818181818182,ok,0.9153965909090909,0.404578125,ok,ue1_qfi82,0.0,99,10.0,data,ok,0.0,ue4_qfi9,243.75,ok,,19.2,ue13_qfi2,14,493.25,2270.25,30.303,ok,33.0,,pending,,pending,ugv_heavy,1,1,32,Reservation,1097657231,True
ue11_qfi9,225.75,295.0,298.25,299.25,ok,0.43449086719225277,ok,ue13_qfi85,1,1,1,3882.5,data,ok,2.0,False,,proxy,3,0,,ue17_qfi2,0.0,148,150.0,ok,,ue13_qfi2,146.53,ok,,1,ok,25,,ue17_qfi2,0.0,ok,0.5598302563723514,proxy,5,0.516731441142191,64083776.0,ok,0.036763636363636366,ok,0.9297909090909091,0.0591046875,ok,ue1_qfi82,0.0,99,10.0,data,ok,0.0,ue2_qfi9,146.75,ok,,26.8,ue2_qfi2,24,291.75,2627.75,30.303,ok,33.0,,pending,,pending,ugv_heavy,1,1,32,TwoTier,1097657231,True
ue8_qfi2,133.516,148.75,149.634,150.059,ok,0.3996432040994636,ok,ue4_qfi85,1,1,1,4691.0,data,ok,2.0,False,,proxy,3,0,,ue23_qfi2,0.02027027027027027,148,150.0,ok,,ue16_qfi2,150.031,ok,,0,ok,25,,ue1_qfi4,0.09416680000000001,ok,0.6292418291923368,proxy,5,0.6233347864217931,67880476.8,ok,0.037713636363636366,ok,0.9292397727272728,0.0611609375,ok,ue1_qfi82,0.0,99,10.0,data,ok,0.0,ue1_qfi2,19.238,ok,,5.0,ue8_qfi2,13,1651.25,3807.75,30.303,ok,33.0,,pending,,pending,ugv_heavy,1,1,32,PF,579362555,True
ue18_qfi9,290.75,299.5,300.0,300.0,ok,0.4219827858079256,ok,ue4_qfi85,1,1,1,4692.5,data,ok,2.0,False,,proxy,3,0,,ue21_qfi2,0.0,147,150.0,ok,,ue10_qfi2,147.799,ok,,0,ok,25,,ue21_qfi2,0.0,ok,0.5691688320746019,proxy,5,0.5518068941624715,65306721.6,ok,0.041929545454545455,ok,0.9169761363636364,0.399178125,ok,ue1_qfi82,0.0,99,10.0,data,ok,0.0,ue19_qfi2,111.065,ok,,20.0,ue3_qfi2,13,467.5,2770.0,30.303,ok,33.0,,pending,,pending,ugv_heavy,1,1,32,Reservation,579362555,True
ue5_qfi9,247.0,295.5,298.5,299.5,ok,0.42662462760776404,ok,ue4_qfi85,1,1,1,4692.5,data,ok,2.0,False,,proxy,3,0,,ue18_qfi2,0.0,147,150.0,ok,,ue17_qfi2,147.852,ok,,0,ok,25,,ue18_qfi2,0.0,ok,0.5803358077883455,proxy,5,0.5356124874279675,64914006.4,ok,0.03728181818181818,ok,0.9315386363636363,0.0591640625,ok,ue1_qfi82,0.0,99,10.0,data,ok,0.0,ue1_qfi4,117.25,ok,,27.4,ue6_qfi2,23,435.5,2646.5,30.303,ok,33.0,,pending,,pending,ugv_heavy,1,1,32,TwoTier,579362555,True
ue7_qfi2,132.471,148.903,149.755,150.107,ok,0.404676570795276,ok,ue1_qfi2,1,1,1,2204.7499999999995,data,ok,2.0,False,,proxy,3,0,,ue22_qfi2,0.02702702702702703,148,150.0,ok,,ue12_qfi2,150.245,ok,,0,ok,25,,ue1_qfi4,0.09493746666666668,ok,0.6165468841027669,proxy,5,0.6086754454791758,67418657.6,ok,0.03842954545454545,ok,0.9321215909090909,0.060228125,ok,ue1_qfi82,0.0,99,10.0,data,ok,0.0,ue11_qfi2,19.75800000000001,ok,,6.0,ue5_qfi2,13,1087.75,4306.25,30.303,ok,33.0,,pending,,pending,ugv_heavy,1,1,32,PF,661058651,True
ue18_qfi9,287.25,299.25,299.75,300.0,ok,0.42347504605390046,ok,ue10_qfi9,1,1,2,3968.0,data,ok,2.0,False,,proxy,3,0,,ue21_qfi2,0.0,147,150.0,ok,,ue6_qfi2,149.683,ok,,2,ok,25,,ue21_qfi2,0.0,ok,0.5430491894898082,proxy,5,0.5181654521642898,65309694.4,ok,0.041643181818181815,ok,0.9167681818181819,0.4022265625,ok,ue1_qfi82,0.0,99,10.0,data,ok,0.0,ue3_qfi9,251.75,ok,,21.8,ue6_qfi2,12,279.5,2178.75,30.303,ok,33.0,,pending,,pending,ugv_heavy,1,1,32,Reservation,661058651,True
ue8_qfi9,179.25,290.0,296.25,298.25,ok,0.4588368382163767,ok,ue11_qfi85,1,1,2,2060.0,data,ok,2.0,False,,proxy,3,0,,ue15_qfi2,0.0,148,150.0,ok,,ue9_qfi2,126.931,ok,,2,ok,25,,ue15_qfi2,0.0,ok,0.6144461597753123,proxy,5,0.5671486827920142,61417382.4,ok,0.03744772727272727,ok,0.9293886363636363,0.0604546875,ok,ue1_qfi82,0.0,99,10.0,data,ok,0.0,ue1_qfi9,259.0,ok,,30.0,ue3_qfi2,26,177.25,2624.25,30.303,ok,33.0,,pending,,pending,ugv_heavy,1,1,32,TwoTier,661058651,True
ue18_qfi2,133.142,148.937,149.885,150.179,ok,0.40349577563508543,ok,ue11_qfi85,1,1,2,2836.2500000000005,data,ok,2.0,False,,proxy,3,0,,ue23_qfi2,0.013513513513513514,148,150.0,ok,,ue3_qfi2,150.226,ok,,0,ok,25,,ue1_qfi4,0.10293746666666667,ok,0.6228724674312212,proxy,5,0.616594996942376,67544032.0,ok,0.03825909090909091,ok,0.9308204545454546,0.0625546875,ok,ue1_qfi82,0.0,99,10.0,data,ok,0.0,ue1_qfi2,18.864000000000004,ok,,6.0,ue18_qfi2,17,954.0,4421.5,30.303,ok,33.0,,pending,,pending,ugv_heavy,1,1,32,PF,87989972,True
ue17_qfi9,282.25,298.75,299.75,300.0,ok,0.41502356744970104,ok,ue14_qfi83,1,1,3,3205.7499999999995,data,ok,2.0,False,,proxy,3,0,,ue21_qfi2,0.0,147,150.0,ok,,ue1_qfi2,148.354,ok,,1,ok,25,,ue21_qfi2,0.0,ok,0.5792775131496866,proxy,5,0.5577678728296108,66114920.0,ok,0.041947727272727275,ok,0.9205136363636364,0.3924078125,ok,ue1_qfi82,0.0,99,10.0,data,ok,0.0,ue19_qfi9,110.5,ok,,23.0,ue10_qfi2,9,676.75,2090.75,30.303,ok,33.0,,pending,,pending,ugv_heavy,1,1,32,Reservation,87989972,True
ue5_qfi9,247.5,295.25,298.25,299.25,ok,0.40070202211488154,ok,ue11_qfi83,1,1,1,4007.7499999999995,data,ok,2.0,False,,proxy,3,0,,ue20_qfi2,0.0,147,150.0,ok,,ue19_qfi2,146.837,ok,,0,ok,25,,ue20_qfi2,0.0,ok,0.5533134026662183,proxy,5,0.5357621267024391,67602035.2,ok,0.03739318181818182,ok,0.9303284090909091,0.057278125,ok,ue1_qfi82,0.0,99,10.0,data,ok,0.0,ue7_qfi9,277.75,ok,,24.0,ue8_qfi2,25,338.75,3132.75,30.303,ok,33.0,,pending,,pending,ugv_heavy,1,1,32,TwoTier,87989972,True
ue4_qfi2,132.19,149.0,149.927,150.174,ok,0.39242257266452596,ok,ue10_qfi85,1,1,1,3204.5,data,ok,2.0,False,,proxy,3,0,,ue23_qfi2,0.02027027027027027,148,150.0,ok,,ue1_qfi2,150.244,ok,,0,ok,25,,ue1_qfi4,0.0996252,ok,0.6277863752662904,proxy,5,0.6217884124713549,68751478.4,ok,0.038338636363636366,ok,0.9307886363636364,0.0586765625,ok,ue1_qfi82,0.0,99,10.0,data,ok,0.0,ue1_qfi2,19.712999999999994,ok,,7.4,ue5_qfi2,16,897.5,4072.5,30.303,ok,33.0,,pending,,pending,ugv_heavy,1,1,32,PF,161576974,True
ue18_qfi9,287.5,299.0,299.75,300.0,ok,0.4140065783321067,ok,ue10_qfi85,1,1,1,3207.5,data,ok,2.0,False,,proxy,3,0,,ue20_qfi2,0.0,147,150.0,ok,,ue7_qfi2,144.613,ok,,1,ok,25,,ue20_qfi2,0.0,ok,0.5724332852989593,proxy,5,0.5509268425964566,66244286.4,ok,0.04184772727272727,ok,0.9234465909090909,0.3770234375,ok,ue1_qfi82,0.0,99,10.0,data,ok,0.0,ue3_qfi2,89.18499999999999,ok,,25.2,ue12_qfi2,11,342.75,1968.5,30.303,ok,33.0,,pending,,pending,ugv_heavy,1,1,32,Reservation,161576974,True
ue1_qfi9,237.5,294.25,297.75,299.0,ok,0.4287714595459933,ok,ue10_qfi85,1,1,1,3206.0,data,ok,2.0,False,,proxy,3,0,,ue16_qfi2,0.0,147,150.0,ok,,ue7_qfi2,134.924,ok,,1,ok,25,,ue16_qfi2,0.0,ok,0.6248929163375804,proxy,5,0.5803784804558509,64848531.2,ok,0.03720909090909091,ok,0.9332772727272727,0.055540625,ok,ue1_qfi82,0.0,99,10.0,data,ok,0.0,ue4_qfi9,147.25,ok,,29.4,ue10_qfi2,26,287.25,2618.0,30.303,ok,33.0,,pending,,pending,ugv_heavy,1,1,32,TwoTier,161576974,True
ue12_qfi2,130.777,149.0,149.746,150.036,ok,0.40621591434527393,ok,ue10_qfi85,1,1,1,2505.0,data,ok,2.0,False,,proxy,3,0,,ue24_qfi2,0.02027027027027027,148,150.0,ok,,ue13_qfi2,150.224,ok,,0,ok,25,,ue1_qfi4,0.10347586666666665,ok,0.6252693778630537,proxy,5,0.6182958984326241,67173412.8,ok,0.03776818181818182,ok,0.9325056818181818,0.062078125,ok,ue1_qfi82,0.0,99,10.0,data,ok,0.0,ue18_qfi2,19.299000000000007,ok,,5.0,ue2_qfi2,12,1069.25,4356.25,30.303,ok,33.0,,pending,,pending,ugv_heavy,1,1,32,PF,35492826,True
ue7_qfi9,293.0,299.5,300.0,300.25,ok,0.42657295206142565,ok,ue17_qfi83,1,1,2,4158.0,data,ok,2.0,False,,proxy,3,0,,ue21_qfi2,0.0,147,150.0,ok,,ue15_qfi2,147.572,ok,,1,ok,25,,ue21_qfi2,0.0,ok,0.5634150062767912,proxy,5,0.5347937851766722,65067062.4,ok,0.04192727272727273,ok,0.9180193181818181,0.3963375,ok,ue1_qfi82,0.0,99,10.0,data,ok,0.0,ue11_qfi9,273.25,ok,,21.2,ue15_qfi2,12,836.0,2304.25,30.303,ok,33.0,,pending,,pending,ugv_heavy,1,1,32,Reservation,35492826,True
ue12_qfi9,202.0,288.25,295.25,297.75,ok,0.4508513231267204,ok,ue10_qfi85,1,1,1,2504.75,data,ok,2.0,False,,proxy,3,0,,ue15_qfi2,0.0,148,150.0,ok,,ue13_qfi2,121.313,ok,,3,ok,25,,ue15_qfi2,0.0,ok,0.6272373025123663,proxy,5,0.5900647856717948,62588009.6,ok,0.03740227272727273,ok,0.9337045454545455,0.05853125,ok,ue1_qfi82,0.0,99,10.0,data,ok,0.0,ue10_qfi9,174.75,ok,,29.4,ue5_qfi2,25,224.75,2579.0,30.303,ok,33.0,,pending,,pending,ugv_heavy,1,1,32,TwoTier,35492826,True
ue20_qfi2,132.776,148.208,149.628,150.132,ok,0.4003081317281549,ok,ue8_qfi85,1,1,1,3038.5000000000005,data,ok,2.0,False,,proxy,3,0,,ue22_qfi2,0.02027027027027027,148,150.0,ok,,ue10_qfi2,150.224,ok,,0,ok,25,,ue1_qfi4,0.10029506666666667,ok,0.6197791417282861,proxy,5,0.6135354590608253,67938216.0,ok,0.03784545454545454,ok,0.9333397727272728,0.0595015625,ok,ue1_qfi82,0.0,99,10.0,data,ok,0.0,ue5_qfi2,29.72200000000001,ok,,6.0,ue2_qfi2,15,1442.75,4406.5,30.303,ok,33.0,,pending,,pending,ugv_heavy,1,1,32,PF,376383645,True
ue16_qfi9,296.25,300.0,300.25,300.25,ok,0.42188603047502576,ok,ue21_qfi1,1,1,2,3834.25,data,ok,2.0,False,,proxy,3,0,,ue22_qfi2,0.0,147,150.0,ok,,ue11_qfi2,149.394,ok,,1,ok,25,,ue22_qfi2,0.0,ok,0.5605044962519135,proxy,5,0.5281759218920739,65406334.4,ok,0.041625,ok,0.9181602272727273,0.401809375,ok,ue1_qfi82,0.0,99,10.0,data,ok,0.0,ue3_qfi9,209.25,ok,,22.2,ue11_qfi2,10,388.25,1781.0,30.303,ok,33.0,,pending,,pending,ugv_heavy,1,1,32,Reservation,376383645,True
ue10_qfi9,231.0,293.75,297.75,299.0,ok,0.42867958325402306,ok,ue8_qfi85,1,1,1,3038.5000000000005,data,ok,2.0,False,,proxy,3,0,,ue17_qfi2,0.0,148,150.0,ok,,ue14_qfi2,147.153,ok,,0,ok,25,,ue17_qfi2,0.0,ok,0.5787291486682469,proxy,5,0.523076369740709,64710123.2,ok,0.036427272727272725,ok,0.9323738636363637,0.0560890625,ok,ue1_qfi82,0.0,99,10.0,data,ok,0.0,ue1_qfi4,144.0,ok,,27.4,ue16_qfi2,30,101.5,2476.75,30.303,ok,33.0,,pending,,pending,ugv_heavy,1,1,32,TwoTier,376383645,True
ue15_qfi2,133.017,148.75,149.732,150.157,ok,0.39584263974295636,ok,ue17_qfi85,1,1,1,4772.75,data,ok,2.0,False,,proxy,3,0,,ue22_qfi2,0.02027027027027027,148,150.0,ok,,ue10_qfi2,150.25,ok,,0,ok,25,,ue1_qfi4,0.08892533333333333,ok,0.6174128775101273,proxy,5,0.6095662667492157,68135086.4,ok,0.03820681818181818,ok,0.9332863636363636,0.058228125,ok,ue1_qfi82,0.0,99,10.0,data,ok,0.0,ue1_qfi2,18.796999999999997,ok,,7.6,ue17_qfi2,13,2282.5,3889.25,30.303,ok,33.0,,pending,,pending,ugv_heavy,1,1,32,PF,1746484539,True
ue17_qfi9,281.75,298.5,299.5,300.0,ok,0.41562758795632315,ok,ue17_qfi85,1,1,1,4772.75,data,ok,2.0,False,,proxy,3,0,,ue19_qfi2,0.0,147,150.0,ok,,ue9_qfi2,145.879,ok,,1,ok,25,,ue19_qfi2,0.0,ok,0.5573748358355355,proxy,5,0.5400292909658547,66093966.4,ok,0.04144090909090909,ok,0.9237545454545455,0.36999375,ok,ue1_qfi82,0.0,99,10.0,data,ok,0.0,ue12_qfi2,94.708,ok,,27.6,ue17_qfi2,14,276.0,1978.25,30.303,ok,33.0,,pending,,pending,ugv_heavy,1,1,32,Reservation,1746484539,True
ue9_qfi9,257.75,297.0,299.0,299.5,ok,0.40211569809894765,ok,ue17_qfi85,1,1,1,4772.75,data,ok,2.0,False,,proxy,3,0,,ue20_qfi2,0.0,148,150.0,ok,,ue4_qfi2,147.75,ok,,0,ok,25,,ue20_qfi2,0.0,ok,0.5425406459785587,proxy,5,0.5139122132054306,67559348.8,ok,0.036940909090909094,ok,0.9320386363636364,0.0534390625,ok,ue1_qfi82,0.0,99,10.0,data,ok,0.0,ue4_qfi9,129.5,ok,,28.2,ue3_qfi2,25,300.75,2536.75,30.303,ok,33.0,,pending,,pending,ugv_heavy,1,1,32,TwoTier,1746484539,True
ue1_qfi9,275.5,298.25,299.25,299.75,ok,0.2652192905432739,ok,ue8_qfi1,1,1,1,4976.0,data,ok,2.0,False,,proxy,3,0,,ue14_qfi2,0.02702702702702703,148,150.0,ok,,ue16_qfi2,150.046,ok,,1,ok,20,,ue1_qfi4,0.12576986666666665,ok,0.7461865624142077,proxy,5,0.7131068001766543,68931718.4,ok,0.03734318181818182,ok,0.9292863636363636,0.06776875,ok,ue1_qfi82,0.0,99,10.0,data,ok,0.0,ue10_qfi9,234.5,ok,,13.0,ue6_qfi2,23,480.5,3447.75,30.303,ok,33.0,,pending,,pending,mixed,1,1,32,PF,1826701614,True
ue6_qfi9,283.75,298.75,299.5,300.0,ok,0.2750746297571216,ok,ue2_qfi83,1,1,1,2802.0,data,ok,2.0,False,,proxy,3,0,,ue17_qfi2,0.20945945945945946,148,150.0,ok,,ue17_qfi2,150.071,ok,,0,ok,20,,ue1_qfi4,0.15579293333333333,ok,0.6901226160776703,proxy,5,0.6611657737333128,68113798.4,ok,0.04080227272727273,ok,0.9253397727272727,0.355825,ok,ue1_qfi82,0.0,99,10.0,data,ok,0.0,ue8_qfi9,174.75,ok,,7.8,ue16_qfi2,13,1130.0,4067.5,30.303,ok,33.0,,pending,,pending,mixed,1,1,32,Reservation,1826701614,True
ue5_qfi9,96.75,284.5,293.25,296.5,ok,0.322498118558952,ok,ue13_qfi9,1,1,2,3044.7499999999995,data,ok,2.0,False,,proxy,3,0,,ue16_qfi2,0.0,147,150.0,ok,,ue4_qfi2,137.082,ok,,6,ok,20,,ue16_qfi2,0.0,ok,0.6598724164162567,proxy,5,0.5598533895561839,63784657.6,ok,0.03656818181818182,ok,0.9268340909090909,0.06470625,ok,ue1_qfi82,0.0,99,10.0,data,ok,0.0,ue1_qfi9,238.75,ok,,29.4,ue6_qfi2,27,151.75,2300.25,30.303,ok,33.0,,pending,,pending,mixed,1,1,32,TwoTier,1826701614,True
ue2_qfi9,186.0,289.0,296.25,298.25,ok,0.27264509766371076,ok,ue12_qfi9,1,1,1,4081.5,data,ok,2.0,False,,proxy,3,0,,ue18_qfi2,0.040268456375838924,149,150.0,ok,,ue16_qfi2,150.15,ok,,0,ok,20,,ue1_qfi4,0.12855933333333333,ok,0.738497609048171,proxy,5,0.7196863298897916,68454673.6,ok,0.03653636363636364,ok,0.9319886363636364,0.0698765625,ok,ue1_qfi82,0.0,99,10.0,data,ok,0.0,ue10_qfi2,125.33399999999999,ok,,13.6,ue4_qfi2,18,401.0,3080.75,30.303,ok,33.0,,pending,,pending,mixed,1,1,32,PF,1367864806,True
ue5_qfi9,282.75,298.75,299.5,300.0,ok,0.2894639779167208,ok,ue13_qfi9,1,1,1,3235.0,data,ok,2.0,False,,proxy,3,0,,ue19_qfi2,0.0,147,150.0,ok,,ue18_qfi2,150.173,ok,,1,ok,20,,ue19_qfi2,0.0,ok,0.6784302117793375,proxy,5,0.6544873898757863,67041832.0,ok,0.04062727272727273,ok,0.9262806818181818,0.3479328125,ok,ue1_qfi82,0.0,99,10.0,data,ok,0.0,ue12_qfi2,118.75900000000001,ok,,13.8,ue14_qfi2,17,462.5,3243.5,30.303,ok,33.0,,pending,,pending,mixed,1,1,32,Reservation,1367864806,True
ue4_qfi9,177.0,286.5,294.5,297.5,ok,0.31498686778952695,ok,ue12_qfi1,1,2,2,2606.75,data,ok,2.0,False,,proxy,3,0,,ue16_qfi2,0.0,147,150.0,ok,,ue13_qfi2,138.129,ok,,10,ok,20,,ue16_qfi2,0.0,ok,0.6443524401283245,proxy,5,0.5874008062584921,64866566.4,ok,0.03706363636363636,ok,0.9324670454545455,0.064921875,ok,ue1_qfi82,0.0,99,10.0,data,ok,0.0,ue1_qfi9,248.25,ok,,28.6,ue6_qfi2,29,242.0,2864.0,30.303,ok,33.0,,pending,,pending,mixed,1,1,32,TwoTier,1367864806,True
ue4_qfi9,229.5,293.5,297.5,298.75,ok,0.284232335782262,ok,ue7_qfi1,1,1,1,4347.75,data,ok,2.0,False,,proxy,3,0,,ue14_qfi2,0.02702702702702703,148,150.0,ok,,ue17_qfi2,150.08,ok,,1,ok,20,,ue1_qfi4,0.12451346666666667,ok,0.7241201508511136,proxy,5,0.7018229678598976,67081828.8,ok,0.037838636363636366,ok,0.9299602272727273,0.07048125,ok,ue1_qfi82,0.0,99,10.0,data,ok,0.0,ue1_qfi9,111.0,ok,,14.4,ue5_qfi2,18,666.5,2983.0,30.303,ok,33.0,,pending,,pending,mixed,1,1,32,PF,1097657231,True
ue5_qfi9,276.5,298.5,299.5,300.0,ok,0.2991549284033812,ok,ue13_qfi9,1,1,2,3235.75,data,ok,2.0,False,,proxy,3,0,,ue18_qfi2,0.10067114093959731,149,150.0,ok,,ue18_qfi2,149.75,ok,,0,ok,20,,ue1_qfi4,0.16908333333333334,ok,0.6865759784119232,proxy,5,0.6600413987847621,65779659.2,ok,0.04112045454545454,ok,0.9239522727272728,0.3564,ok,ue1_qfi82,0.0,99,10.0,data,ok,0.0,ue1_qfi9,165.75,ok,,13.6,ue17_qfi2,13,724.75,3036.0,30.303,ok,33.0,,pending,,pending,mixed,1,1,32,Reservation,1097657231,True
ue5_qfi9,233.75,293.5,297.5,299.0,ok,0.2762794573852312,ok,ue5_qfi9,1,2,2,3433.0,data,ok,2.0,False,,proxy,3,0,,ue11_qfi2,0.013605442176870748,147,150.0,ok,,ue14_qfi2,149.3,ok,,2,ok,20,,ue11_qfi2,0.012586,ok,0.5988216589599082,proxy,5,0.5466677589034791,67804264.0,ok,0.03727727272727273,ok,0.9290204545454546,0.0619953125,ok,ue1_qfi82,0.0,99,10.0,data,ok,0.0,ue1_qfi9,269.0,ok,,27.0,ue6_qfi2,28,295.75,2797.0,30.303,ok,33.0,,pending,,pending,mixed,1,1,32,TwoTier,1097657231,True
ue2_qfi9,273.75,295.5,298.25,299.25,ok,0.28662139744611914,ok,ue8_qfi1,1,1,1,3021.25,data,ok,2.0,False,,proxy,3,0,,ue15_qfi2,0.02702702702702703,148,150.0,ok,,ue3_qfi2,149.777,ok,,0,ok,20,,ue1_qfi4,0.1101184,ok,0.729282406811507,proxy,5,0.7147015325881447,67117059.2,ok,0.03681818181818182,ok,0.9289272727272727,0.06968125,ok,ue1_qfi82,0.0,99,10.0,data,ok,0.0,ue12_qfi2,97.805,ok,,15.8,ue7_qfi2,19,333.5,2596.25,30.303,ok,33.0,,pending,,pending,mixed,1,1,32,PF,579362555,True
ue6_qfi9,284.0,299.25,300.0,300.0,ok,0.303935145062804,ok,ue1_qfi83,1,1,1,4452.75,data,ok,2.0,False,,proxy,3,0,,ue15_qfi2,0.12162162162162163,148,150.0,ok,,ue17_qfi2,150.004,ok,,0,ok,20,,ue1_qfi4,0.14386133333333334,ok,0.6779388373186052,proxy,5,0.6399219261535105,65756491.2,ok,0.040720454545454546,ok,0.9206818181818182,0.376534375,ok,ue1_qfi82,0.0,99,10.0,data,ok,0.0,ue9_qfi9,207.5,ok,,7.0,ue16_qfi2,11,1517.5,4004.25,30.303,ok,33.0,,pending,,pending,mixed,1,1,32,Reservation,579362555,True
ue2_qfi9,151.0,292.75,297.5,299.0,ok,0.27384081648399433,ok,ue5_qfi83,1,1,2,2984.5,data,ok,2.0,False,,proxy,3,0,,ue15_qfi2,0.05405405405405406,148,150.0,ok,,ue15_qfi2,149.853,ok,,0,ok,20,,ue1_qfi4,0.22738106666666666,ok,0.590428346733667,proxy,5,0.5576851191212758,68367806.4,ok,0.036638636363636366,ok,0.9313931818181819,0.0611609375,ok,ue1_qfi82,0.0,99,10.0,data,ok,0.0,ue2_qfi9,148.0,ok,,26.0,ue6_qfi2,33,444.25,3230.25,30.303,ok,33.0,,pending,,pending,mixed,1,1,32,TwoTier,579362555,True
ue6_qfi9,298.0,300.0,300.25,300.25,ok,0.2904020555053898,ok,ue5_qfi83,1,1,1,2444.2500000000005,data,ok,2.0,False,,proxy,3,0,,ue16_qfi2,0.02702702702702703,148,150.0,ok,,ue2_qfi2,149.712,ok,,0,ok,20,,ue1_qfi4,0.12640746666666666,ok,0.7370516603584756,proxy,5,0.7003086430221511,66740187.2,ok,0.03682727272727273,ok,0.9293397727272728,0.0707546875,ok,ue1_qfi82,0.0,99,10.0,data,ok,0.0,ue5_qfi2,67.82999999999998,ok,,8.8,ue2_qfi2,19,1580.25,3983.25,30.303,ok,33.0,,pending,,pending,mixed,1,1,32,PF,661058651,True
ue6_qfi9,277.25,298.25,299.5,300.0,ok,0.3062229743450337,ok,ue1_qfi83,1,1,1,4152.75,data,ok,2.0,False,,proxy,3,0,,ue16_qfi2,0.12162162162162163,148,150.0,ok,,ue17_qfi2,150.025,ok,,0,ok,20,,ue1_qfi4,0.16769866666666666,ok,0.6782801157389082,proxy,5,0.640562985071653,65388265.6,ok,0.04115,ok,0.92065,0.3796234375,ok,ue1_qfi82,0.0,99,10.0,data,ok,0.0,ue8_qfi9,150.0,ok,,9.0,ue18_qfi2,12,568.75,3759.75,30.303,ok,33.0,,pending,,pending,mixed,1,1,32,Reservation,661058651,True
ue3_qfi9,208.25,292.0,297.25,298.75,ok,0.2984124220441671,ok,ue2_qfi83,1,2,2,3223.75,data,ok,2.0,False,,proxy,3,0,,ue17_qfi2,0.0,147,150.0,ok,,ue7_qfi2,146.234,ok,,2,ok,20,,ue17_qfi2,0.0,ok,0.6069466512470982,proxy,5,0.5666152364846483,65981652.8,ok,0.036913636363636364,ok,0.9304852272727273,0.0640140625,ok,ue1_qfi82,0.0,99,10.0,data,ok,0.0,ue6_qfi9,118.0,ok,,24.6,ue1_qfi2,28,384.0,3284.5,30.303,ok,33.0,,pending,,pending,mixed,1,1,32,TwoTier,661058651,True
ue4_qfi9,285.75,299.0,299.75,300.0,ok,0.28318207972942894,ok,ue8_qfi9,1,1,1,3001.25,data,ok,2.0,False,,proxy,3,0,,ue14_qfi2,0.04054054054054054,148,150.0,ok,,ue17_qfi2,150.108,ok,,0,ok,20,,ue1_qfi4,0.14033933333333334,ok,0.7273950979436214,proxy,5,0.7112737964409416,67379960.0,ok,0.037038636363636364,ok,0.9300238636363637,0.0685046875,ok,ue1_qfi82,0.0,99,10.0,data,ok,0.0,ue8_qfi2,105.51299999999998,ok,,14.6,ue13_qfi2,21,295.0,3061.0,30.303,ok,33.0,,pending,,pending,mixed,1,1,32,PF,87989972,True
ue6_qfi9,285.25,299.25,299.75,300.0,ok,0.29706304017849006,ok,ue2_qfi83,1,1,1,3962.5,data,ok,2.0,False,,proxy,3,0,,ue15_qfi2,0.14189189189189189,148,150.0,ok,,ue16_qfi2,149.888,ok,,0,ok,20,,ue1_qfi4,0.18986786666666666,ok,0.6885369851809351,proxy,5,0.6528332482230436,66234030.4,ok,0.04054090909090909,ok,0.9248454545454545,0.3660296875,ok,ue1_qfi82,0.0,99,10.0,data,ok,0.0,ue11_qfi9,200.5,ok,,5.0,ue16_qfi2,10,951.25,4383.0,30.303,ok,33.0,,pending,,pending,mixed,1,1,32,Reservation,87989972,True
ue6_qfi9,151.5,291.0,296.5,298.5,ok,0.2689248576925925,ok,ue6_qfi9,1,1,1,4078.9999999999995,data,ok,2.0,False,,proxy,3,0,,ue19_qfi2,0.0,147,150.0,ok,,ue2_qfi2,147.747,ok,,0,ok,20,,ue19_qfi2,0.0,ok,0.5854845611767237,proxy,5,0.5543554578035216,68725148.8,ok,0.03658636363636364,ok,0.9301761363636364,0.0592640625,ok,ue1_qfi82,0.0,99,10.0,data,ok,0.0,ue4_qfi9,224.5,ok,,26.6,ue4_qfi2,32,298.5,2983.5,30.303,ok,33.0,,pending,,pending,mixed,1,1,32,TwoTier,87989972,True
ue3_qfi9,254.75,296.75,299.0,299.75,ok,0.2933912418978336,ok,ue9_qfi1,1,1,1,4032.2499999999995,data,ok,2.0,False,,proxy,3,0,,ue19_qfi2,0.02027027027027027,148,150.0,ok,,ue5_qfi2,149.986,ok,,0,ok,20,,ue1_qfi4,0.12579373333333332,ok,0.7162437580213409,proxy,5,0.6970574965554867,66288603.2,ok,0.03708181818181818,ok,0.9301943181818182,0.070925,ok,ue1_qfi82,0.0,99,10.0,data,ok,0.0,ue12_qfi1,70.75,ok,,13.0,ue11_qfi2,24,410.75,3405.75,30.303,ok,33.0,,pending,,pending,mixed,1,1,32,PF,161576974,True
ue6_qfi9,277.0,298.5,299.5,300.0,ok,0.30815395483247005,ok,ue1_qfi83,1,1,1,4124.25,data,ok,2.0,False,,proxy,3,0,,ue19_qfi2,0.08783783783783784,148,150.0,ok,,ue17_qfi2,150.051,ok,,0,ok,20,,ue1_qfi4,0.16459533333333334,ok,0.6584774570275179,proxy,5,0.6316857987717176,64994388.8,ok,0.040845454545454546,ok,0.9187738636363636,0.385040625,ok,ue1_qfi82,0.0,99,10.0,data,ok,0.0,ue12_qfi9,220.0,ok,,11.6,ue17_qfi2,16,1226.0,3453.0,30.303,ok,33.0,,pending,,pending,mixed,1,1,32,Reservation,161576974,True
ue3_qfi9,32.0,291.25,296.75,298.5,ok,0.2761033963484343,ok,ue1_qfi85,1,1,1,3247.7500000000005,data,ok,2.0,False,,proxy,3,0,,ue7_qfi2,0.02040816326530612,147,150.0,ok,,ue9_qfi2,148.656,ok,,1,ok,20,,ue7_qfi2,0.0202044,ok,0.5851286079991097,proxy,5,0.5486807701692128,67993337.6,ok,0.03733409090909091,ok,0.93245,0.0621328125,ok,ue1_qfi82,0.0,99,10.0,data,ok,0.0,ue3_qfi9,266.5,ok,,27.8,ue2_qfi2,39,135.0,3379.0,30.303,ok,33.0,,pending,,pending,mixed,1,1,32,TwoTier,161576974,True
ue5_qfi9,280.5,298.25,299.25,299.75,ok,0.2884727334188644,ok,ue1_qfi2,1,1,1,2206.0,data,ok,2.0,False,,proxy,3,0,,ue16_qfi2,0.03355704697986577,149,150.0,ok,,ue19_qfi2,150.098,ok,,0,ok,20,,ue1_qfi4,0.12335266666666667,ok,0.7208780387909448,proxy,5,0.6997143926285562,66895408.0,ok,0.03685227272727273,ok,0.931025,0.0694734375,ok,ue1_qfi82,0.0,99,10.0,data,ok,0.0,ue13_qfi2,102.377,ok,,18.4,ue9_qfi2,18,204.0,2148.75,30.303,ok,33.0,,pending,,pending,mixed,1,1,32,PF,35492826,True
ue5_qfi9,262.0,298.75,299.75,300.0,ok,0.31187880751558805,ok,ue8_qfi9,1,1,1,3795.5,data,ok,2.0,False,,proxy,3,0,,ue19_qfi2,0.0,147,150.0,ok,,ue18_qfi2,148.846,ok,,0,ok,20,,ue19_qfi2,0.0,ok,0.6758279274184235,proxy,5,0.6518925275472477,64933425.6,ok,0.04104090909090909,ok,0.9223659090909091,0.360084375,ok,ue1_qfi82,0.0,99,10.0,data,ok,0.0,ue10_qfi9,135.0,ok,,24.4,ue5_qfi2,10,381.25,2150.5,30.303,ok,33.0,,pending,,pending,mixed,1,1,32,Reservation,35492826,True
ue4_qfi9,238.0,293.0,297.25,298.75,ok,0.2715890017221796,ok,ue4_qfi83,1,1,1,4246.0,data,ok,2.0,False,,proxy,3,0,,ue11_qfi2,0.2702702702702703,148,150.0,ok,,ue17_qfi2,148.807,ok,,1,ok,20,,ue11_qfi2,0.34360240000000003,ok,0.5854800661727733,proxy,5,0.5330974006145558,68552624.0,ok,0.03711818181818182,ok,0.931340909090909,0.060125,ok,ue1_qfi82,0.0,99,10.0,data,ok,0.0,ue1_qfi9,163.75,ok,,24.6,ue6_qfi2,31,399.0,3150.0,30.303,ok,33.0,,pending,,pending,mixed,1,1,32,TwoTier,35492826,True
ue8_qfi9,225.5,225.5,225.5,225.5,ok,0.2930740955406987,ok,ue12_qfi1,1,1,1,4828.250000000001,data,ok,2.0,False,,proxy,3,0,,ue14_qfi2,0.033783783783783786,148,150.0,ok,,ue13_qfi2,149.878,ok,,0,ok,20,,ue1_qfi4,0.13471813333333335,ok,0.7226672888827774,proxy,5,0.6989404401604733,66587985.6,ok,0.036097727272727274,ok,0.9300840909090909,0.0706734375,ok,ue1_qfi82,0.0,99,10.0,data,ok,0.0,ue5_qfi9,87.0,ok,,16.0,ue6_qfi2,20,360.25,2843.25,30.303,ok,33.0,,pending,,pending,mixed,1,1,32,PF,376383645,True
ue4_qfi9,286.75,298.75,299.5,300.0,ok,0.31105889954910865,ok,ue4_qfi9,1,1,1,4352.5,data,ok,2.0,False,,proxy,3,0,,ue15_qfi2,0.0945945945945946,148,150.0,ok,,ue16_qfi2,149.991,ok,,0,ok,20,,ue1_qfi4,0.17545213333333334,ok,0.6727856940458683,proxy,5,0.6500486989181326,64942150.4,ok,0.04109090909090909,ok,0.9207545454545455,0.381059375,ok,ue1_qfi82,0.0,99,10.0,data,ok,0.0,ue10_qfi9,228.0,ok,,22.6,ue4_qfi2,10,361.75,1428.5,30.303,ok,33.0,,pending,,pending,mixed,1,1,32,Reservation,376383645,True
ue2_qfi9,44.25,295.25,298.25,299.25,ok,0.2843982635857798,ok,ue3_qfi83,1,1,1,4654.5,data,ok,2.0,False,,proxy,3,0,,ue19_qfi2,0.0,147,150.0,ok,,ue14_qfi2,147.962,ok,,0,ok,20,,ue19_qfi2,0.0,ok,0.5877405314256905,proxy,5,0.5470039214405819,67371966.4,ok,0.036690909090909093,ok,0.9317511363636364,0.06298125,ok,ue1_qfi82,0.0,99,10.0,data,ok,0.0,ue2_qfi9,255.0,ok,,25.2,ue5_qfi2,35,270.0,3308.25,30.303,ok,33.0,,pending,,pending,mixed,1,1,32,TwoTier,376383645,True
ue2_qfi9,233.0,294.5,298.25,299.25,ok,0.2881666081497212,ok,ue1_qfi2,1,1,1,2211.5,data,ok,2.0,False,,proxy,3,0,,ue18_qfi2,0.033783783783783786,148,150.0,ok,,ue14_qfi2,150.143,ok,,1,ok,20,,ue1_qfi4,0.13016626666666667,ok,0.7209385111835716,proxy,5,0.7068517349205728,66890238.4,ok,0.03686363636363636,ok,0.9298034090909091,0.0696078125,ok,ue1_qfi82,0.0,99,10.0,data,ok,0.0,ue2_qfi9,66.25,ok,,16.2,ue10_qfi2,19,465.25,2743.0,30.303,ok,33.0,,pending,,pending,mixed,1,1,32,PF,1746484539,True
ue2_qfi9,290.5,299.5,300.0,300.25,ok,0.3035192369060456,ok,ue1_qfi83,1,1,1,4617.500000000001,data,ok,2.0,False,,proxy,3,0,,ue19_qfi2,0.07432432432432433,148,150.0,ok,,ue17_qfi2,149.987,ok,,0,ok,20,,ue1_qfi4,0.1775184,ok,0.665298972015113,proxy,5,0.6257961771523983,65575987.2,ok,0.04046363636363636,ok,0.9203022727272727,0.383565625,ok,ue1_qfi82,0.0,99,10.0,data,ok,0.0,ue13_qfi2,114.53900000000002,ok,,12.4,ue14_qfi2,11,1228.0,3111.0,30.303,ok,33.0,,pending,,pending,mixed,1,1,32,Reservation,1746484539,True
ue1_qfi9,13.25,294.5,298.5,299.5,ok,0.27500093353886695,ok,ue1_qfi83,1,1,1,4655.75,data,ok,2.0,False,,proxy,3,0,,ue9_qfi2,0.16891891891891891,148,150.0,ok,,ue19_qfi2,149.586,ok,,1,ok,20,,ue9_qfi2,0.331678,ok,0.590644341193485,proxy,5,0.5560336575273045,68184952.0,ok,0.03705,ok,0.9312613636363636,0.0609140625,ok,ue1_qfi82,0.0,99,10.0,data,ok,0.0,ue1_qfi9,286.25,ok,,18.0,ue1_qfi2,30,542.0,3846.5,30.303,ok,33.0,,pending,,pending,mixed,1,1,32,TwoTier,1746484539,True
ue1_qfi9,275.5,298.25,299.25,299.75,ok,0.30106165505886157,ok,ue8_qfi1,1,1,1,4976.0,data,ok,2.0,False,,proxy,3,0,,ue14_qfi2,0.02702702702702703,148,150.0,ok,,ue16_qfi2,150.046,ok,,1,ok,21,,ue1_qfi4,0.12576986666666665,ok,0.7425669788584546,proxy,5,0.7008995549028864,68931718.4,ok,0.03734318181818182,ok,0.9292863636363636,0.06776875,ok,ue1_qfi82,0.0,99,10.0,data,ok,0.0,ue10_qfi9,234.5,ok,,13.0,ue6_qfi2,23,480.5,3447.75,30.303,ok,33.0,,pending,,pending,mixed,2,2,32,PF,1826701614,True
ue6_qfi9,281.5,298.75,299.75,300.0,ok,0.31067774391123254,ok,ue2_qfi83,1,1,1,4518.000000000001,data,ok,2.0,False,,proxy,3,0,,ue17_qfi2,0.16891891891891891,148,150.0,ok,,ue18_qfi2,149.828,ok,,0,ok,21,,ue1_qfi4,0.15569493333333334,ok,0.6774933779182924,proxy,5,0.6360530105116541,68025793.6,ok,0.04125909090909091,ok,0.9253022727272727,0.35618125,ok,ue1_qfi82,0.0,99,10.0,data,ok,0.0,ue9_qfi9,170.0,ok,,6.4,ue16_qfi2,12,1130.0,4230.75,30.303,ok,33.0,,pending,,pending,mixed,2,2,32,Reservation,1826701614,True
ue6_qfi9,39.5,276.5,290.5,295.0,ok,0.3442212890693684,ok,ue13_qfi9,1,1,2,3271.75,data,ok,2.0,False,,proxy,3,0,,ue16_qfi2,0.0,147,150.0,ok,,ue13_qfi2,143.155,ok,,6,ok,21,,ue16_qfi2,0.0,ok,0.6404986426096951,proxy,5,0.5308561260116668,64881211.2,ok,0.03651818181818182,ok,0.9281886363636364,0.06403125,ok,ue1_qfi82,0.0,99,10.0,data,ok,0.0,ue1_qfi9,257.25,ok,,28.2,ue6_qfi2,25,294.25,2253.75,30.303,ok,33.0,,pending,,pending,mixed,2,2,32,TwoTier,1826701614,True
ue2_qfi9,186.0,289.0,296.25,298.25,ok,0.308075254539131,ok,ue12_qfi9,1,1,1,4081.5,data,ok,2.0,False,,proxy,3,0,,ue18_qfi2,0.040268456375838924,149,150.0,ok,,ue16_qfi2,150.15,ok,,0,ok,21,,ue2_qfi4,0.12516786666666666,ok,0.7349935394441204,proxy,5,0.7076629214101005,68454673.6,ok,0.03653636363636364,ok,0.9319886363636364,0.0698765625,ok,ue1_qfi82,0.0,99,10.0,data,ok,0.0,ue10_qfi2,125.33399999999999,ok,,13.6,ue4_qfi2,18,401.0,3080.75,30.303,ok,33.0,,pending,,pending,mixed,2,2,32,PF,1367864806,True
ue4_qfi9,291.5,299.5,300.0,300.25,ok,0.3242855889959245,ok,ue4_qfi83,1,2,2,3139.2499999999995,data,ok,2.0,False,,proxy,3,0,,ue19_qfi2,0.0,147,150.0,ok,,ue14_qfi2,150.11,ok,,0,ok,21,,ue19_qfi2,0.0,ok,0.6678175725095842,proxy,5,0.6256964079342746,67003859.2,ok,0.04056590909090909,ok,0.9255943181818181,0.351384375,ok,ue1_qfi82,0.0,99,10.0,data,ok,0.0,ue8_qfi9,172.5,ok,,13.6,ue14_qfi2,16,827.5,3185.0,30.303,ok,33.0,,pending,,pending,mixed,2,2,32,Reservation,1367864806,True
ue4_qfi9,114.5,289.75,296.25,298.25,ok,0.33599577270544134,ok,ue12_qfi1,1,1,1,4047.5000000000005,data,ok,2.0,False,,proxy,3,0,,ue16_qfi2,0.0,147,150.0,ok,,ue6_qfi2,141.98,ok,,4,ok,21,,ue16_qfi2,0.0,ok,0.6260827509550528,proxy,5,0.5565883418569872,66022915.2,ok,0.03621136363636364,ok,0.9318818181818181,0.0629578125,ok,ue1_qfi82,0.0,99,10.0,data,ok,0.0,ue6_qfi9,222.5,ok,,26.8,ue5_qfi2,22,377.5,2433.5,30.303,ok,33.0,,pending,,pending,mixed,2,2,32,TwoTier,1367864806,True
ue4_qfi9,229.5,293.5,297.5,298.75,ok,0.3189983198810307,ok,ue7_qfi1,1,1,1,4347.75,data,ok,2.0,False,,proxy,3,0,,ue14_qfi2,0.02702702702702703,148,150.0,ok,,ue17_qfi2,150.08,ok,,1,ok,21,,ue1_qfi4,0.12451346666666667,ok,0.7208649292924245,proxy,5,0.6895264868946184,67081828.8,ok,0.037838636363636366,ok,0.9299602272727273,0.07048125,ok,ue1_qfi82,0.0,99,10.0,data,ok,0.0,ue1_qfi9,111.0,ok,,14.4,ue5_qfi2,18,666.5,2983.0,30.303,ok,33.0,,pending,,pending,mixed,2,2,32,PF,1097657231,True
ue6_qfi9,281.25,298.75,299.75,300.0,ok,0.33314859279173753,ok,ue2_qfi83,1,1,1,3336.5,data,ok,2.0,False,,proxy,3,0,,ue18_qfi2,0.07432432432432433,148,150.0,ok,,ue18_qfi2,150.102,ok,,0,ok,21,,ue1_qfi4,0.1719992,ok,0.6758004432125795,proxy,5,0.6451821543418745,65901664.0,ok,0.04130227272727273,ok,0.92395,0.356509375,ok,ue1_qfi82,0.0,99,10.0,data,ok,0.0,ue1_qfi9,186.25,ok,,13.2,ue17_qfi2,12,596.0,3052.75,30.303,ok,33.0,,pending,,pending,mixed,2,2,32,Reservation,1097657231,True
ue6_qfi9,207.25,291.5,296.75,298.5,ok,0.30942778249291447,ok,ue3_qfi83,1,2,2,3006.7500000000005,data,ok,2.0,False,,proxy,3,0,,ue11_qfi2,0.013605442176870748,147,150.0,ok,,ue14_qfi2,149.456,ok,,0,ok,21,,ue11_qfi2,0.012586,ok,0.6020716899335212,proxy,5,0.5320345364966219,68129284.8,ok,0.037627272727272724,ok,0.9293727272727272,0.0619296875,ok,ue1_qfi82,0.0,99,10.0,data,ok,0.0,ue1_qfi9,233.5,ok,,24.8,ue5_qfi2,25,218.75,2411.5,30.303,ok,33.0,,pending,,pending,mixed,2,2,32,TwoTier,1097657231,True
ue2_qfi9,273.75,295.5,298.25,299.25,ok,0.32133642577442256,ok,ue8_qfi1,1,1,1,3021.25,data,ok,2.0,False,,proxy,3,0,,ue15_qfi2,0.02702702702702703,148,150.0,ok,,ue3_qfi2,149.777,ok,,0,ok,21,,ue1_qfi4,0.1101184,ok,0.7258013457371557,proxy,5,0.7028747351073166,67117059.2,ok,0.03681818181818182,ok,0.9289272727272727,0.06968125,ok,ue1_qfi82,0.0,99,10.0,data,ok,0.0,ue12_qfi2,97.805,ok,,15.8,ue7_qfi2,19,333.5,2596.25,30.303,ok,33.0,,pending,,pending,mixed,2,2,32,PF,579362555,True
ue6_qfi9,287.5,299.0,299.75,300.0,ok,0.3372151190690312,ok,ue1_qfi83,1,1,1,4260.5,data,ok,2.0,False,,proxy,3,0,,ue15_qfi2,0.10135135135135136,148,150.0,ok,,ue17_qfi2,149.858,ok,,0,ok,21,,ue1_qfi4,0.1424432,ok,0.6717762163500766,proxy,5,0.6361292171114871,65863262.4,ok,0.04089318181818182,ok,0.921221590909091,0.3769,ok,ue1_qfi82,0.0,99,10.0,data,ok,0.0,ue13_qfi9,205.0,ok,,7.2,ue16_qfi2,10,1530.25,3933.25,30.303,ok,33.0,,pending,,pending,mixed,2,2,32,Reservation,579362555,True
ue2_qfi9,205.75,290.75,296.5,298.5,ok,0.3084667210521999,ok,ue1_qfi83,1,1,1,4199.25,data,ok,2.0,False,,proxy,3,0,,ue15_qfi2,0.033783783783783786,148,150.0,ok,,ue15_qfi2,149.853,ok,,0,ok,21,,ue1_qfi4,0.16738573333333334,ok,0.5911807921454131,proxy,5,0.5495357964619719,68453148.8,ok,0.036475,ok,0.9314102272727273,0.06080625,ok,ue1_qfi82,0.0,99,10.0,data,ok,0.0,ue1_qfi9,188.75,ok,,25.2,ue6_qfi2,29,465.0,3114.25,30.303,ok,33.0,,pending,,pending,mixed,2,2,32,TwoTier,579362555,True
ue6_qfi9,298.0,300.0,300.25,300.25,ok,0.32490389713712087,ok,ue5_qfi83,1,1,1,2444.2500000000005,data,ok,2.0,False,,proxy,3,0,,ue16_qfi2,0.02702702702702703,148,150.0,ok,,ue2_qfi2,149.667,ok,,0,ok,21,,ue2_qfi4,0.1204196,ok,0.7334741175748399,proxy,5,0.6878984171551763,66740187.2,ok,0.03682727272727273,ok,0.9293397727272728,0.0707546875,ok,ue1_qfi82,0.0,99,10.0,data,ok,0.0,ue5_qfi2,67.82999999999998,ok,,14.6,ue11_qfi2,16,723.5,2962.25,30.303,ok,33.0,,pending,,pending,mixed,2,2,32,PF,661058651,True
ue6_qfi9,275.75,298.75,299.5,300.0,ok,0.34307334584973026,ok,ue2_qfi9,1,2,2,3857.9999999999995,data,ok,2.0,False,,proxy,3,0,,ue19_qfi2,0.10810810810810811,148,150.0,ok,,ue17_qfi2,150.025,ok,,0,ok,21,,ue2_qfi4,0.1586416,ok,0.6721525216525632,proxy,5,0.634694229638578,65082292.8,ok,0.04100227272727273,ok,0.9208909090909091,0.3831703125,ok,ue1_qfi82,0.0,99,10.0,data,ok,0.0,ue11_qfi9,147.75,ok,,8.0,ue18_qfi2,10,1049.25,3826.0,30.303,ok,33.0,,pending,,pending,mixed,2,2,32,Reservation,661058651,True
ue2_qfi9,191.25,290.5,296.5,298.25,ok,0.32699465433883773,ok,ue2_qfi83,1,1,1,4107.5,data,ok,2.0,False,,proxy,3,0,,ue17_qfi2,0.0,147,150.0,ok,,ue12_qfi2,146.275,ok,,1,ok,21,,ue17_qfi2,0.0,ok,0.6001983977632828,proxy,5,0.5388303982299977,66483073.6,ok,0.03692954545454546,ok,0.9302909090909091,0.063240625,ok,ue1_qfi82,0.0,99,10.0,data,ok,0.0,ue1_qfi9,126.25,ok,,24.4,ue1_qfi2,27,353.5,3241.0,30.303,ok,33.0,,pending,,pending,mixed,2,2,32,TwoTier,661058651,True
ue4_qfi9,285.75,299.0,299.75,300.0,ok,0.31820735609457884,ok,ue8_qfi9,1,1,1,3001.25,data,ok,2.0,False,,proxy,3,0,,ue14_qfi2,0.04054054054054054,148,150.0,ok,,ue17_qfi2,150.108,ok,,0,ok,21,,ue2_qfi4,0.12126773333333334,ok,0.7239541751272438,proxy,5,0.6990144937841503,67379960.0,ok,0.037038636363636364,ok,0.9300238636363637,0.0685046875,ok,ue1_qfi82,0.0,99,10.0,data,ok,0.0,ue8_qfi2,105.51299999999998,ok,,14.6,ue13_qfi2,21,295.0,3061.0,30.303,ok,33.0,,pending,,pending,mixed,2,2,32,PF,87989972,True
ue6_qfi9,280.25,298.5,299.5,300.0,ok,0.33389697424494436,ok,ue2_qfi83,1,1,1,4424.75,data,ok,2.0,False,,proxy,3,0,,ue15_qfi2,0.12837837837837837,148,150.0,ok,,ue16_qfi2,149.732,ok,,0,ok,21,,ue2_qfi4,0.16567386666666667,ok,0.6806569485073,proxy,5,0.644856787108169,66030680.0,ok,0.04076590909090909,ok,0.9246340909090909,0.37070625,ok,ue1_qfi82,0.0,99,10.0,data,ok,0.0,ue13_qfi9,177.75,ok,,5.4,ue16_qfi2,12,1156.25,4373.25,30.303,ok,33.0,,pending,,pending,mixed,2,2,32,Reservation,87989972,True
ue6_qfi9,107.25,293.25,297.5,299.0,ok,0.30433421690316703,ok,ue6_qfi9,1,1,1,4137.5,data,ok,2.0,False,,proxy,3,0,,ue19_qfi2,0.0,147,150.0,ok,,ue2_qfi2,147.72,ok,,0,ok,21,,ue19_qfi2,0.0,ok,0.5848727391302627,proxy,5,0.5486404530838976,68747876.8,ok,0.03658636363636364,ok,0.9301761363636364,0.05924375,ok,ue1_qfi82,0.0,99,10.0,data,ok,0.0,ue4_qfi9,224.5,ok,,26.4,ue4_qfi2,31,298.5,2937.25,30.303,ok,33.0,,pending,,pending,mixed,2,2,32,TwoTier,87989972,True
ue3_qfi9,254.75,296.75,299.0,299.75,ok,0.32786709031905836,ok,ue9_qfi1,1,1,1,4032.2499999999995,data,ok,2.0,False,,proxy,3,0,,ue19_qfi2,0.02027027027027027,148,150.0,ok,,ue5_qfi2,149.986,ok,,0,ok,21,,ue1_qfi4,0.12579373333333332,ok,0.712986296091143,proxy,5,0.6846330787331752,66288603.2,ok,0.03708181818181818,ok,0.9301943181818182,0.070925,ok,ue1_qfi82,0.0,99,10.0,data,ok,0.0,ue12_qfi1,70.75,ok,,13.0,ue11_qfi2,24,410.75,3405.75,30.303,ok,33.0,,pending,,pending,mixed,2,2,32,PF,161576974,True
ue6_qfi9,274.0,298.25,299.5,300.0,ok,0.34352516555997037,ok,ue1_qfi83,1,1,1,4682.5,data,ok,2.0,False,,proxy,3,0,,ue18_qfi2,0.07432432432432433,148,150.0,ok,,ue17_qfi2,150.152,ok,,0,ok,21,,ue1_qfi4,0.1577668,ok,0.6662587398041872,proxy,5,0.6397203912410258,64898337.6,ok,0.04064772727272727,ok,0.9183340909090909,0.38636875,ok,ue1_qfi82,0.0,99,10.0,data,ok,0.0,ue1_qfi9,148.75,ok,,7.4,ue17_qfi2,10,1686.0,3983.5,30.303,ok,33.0,,pending,,pending,mixed,2,2,32,Reservation,161576974,True
ue2_qfi9,211.5,293.0,297.25,298.75,ok,0.3091930691773482,ok,ue1_qfi85,1,1,1,3247.7500000000005,data,ok,2.0,False,,proxy,3,0,,ue7_qfi2,0.02040816326530612,147,150.0,ok,,ue9_qfi2,148.482,ok,,0,ok,21,,ue7_qfi2,0.0202044,ok,0.5826059768554664,proxy,5,0.5343742531217293,68173036.8,ok,0.037279545454545454,ok,0.9321965909090909,0.0614796875,ok,ue1_qfi82,0.0,99,10.0,data,ok,0.0,ue3_qfi9,271.25,ok,,22.4,ue6_qfi2,33,855.0,3732.75,30.303,ok,33.0,,pending,,pending,mixed,2,2,32,TwoTier,161576974,True
ue5_qfi9,280.5,298.25,299.25,299.75,ok,0.3231325457899114,ok,ue1_qfi2,1,1,1,2206.0,data,ok,2.0,False,,proxy,3,0,,ue16_qfi2,0.03355704697986577,149,150.0,ok,,ue19_qfi2,150.098,ok,,0,ok,21,,ue1_qfi4,0.12335266666666667,ok,0.7174069066694349,proxy,5,0.6874122335103836,66895408.0,ok,0.03685227272727273,ok,0.931025,0.0694734375,ok,ue1_qfi82,0.0,99,10.0,data,ok,0.0,ue13_qfi2,102.377,ok,,18.4,ue9_qfi2,18,204.0,2148.75,30.303,ok,33.0,,pending,,pending,mixed,2,2,32,PF,35492826,True
ue5_qfi9,285.0,299.0,299.75,300.0,ok,0.34605042973845607,ok,ue1_qfi83,1,1,1,3738.4999999999995,data,ok,2.0,False,,proxy,3,0,,ue18_qfi2,0.0,148,150.0,ok,,ue17_qfi2,149.614,ok,,2,ok,21,,ue18_qfi2,0.0,ok,0.6822236377787628,proxy,5,0.6639589291331307,64869630.4,ok,0.041225,ok,0.9234227272727272,0.3511890625,ok,ue1_qfi82,0.0,99,10.0,data,ok,0.0,ue10_qfi9,155.5,ok,,10.0,ue17_qfi2,12,938.75,3549.25,30.303,ok,33.0,,pending,,pending,mixed,2,2,32,Reservation,35492826,True
ue5_qfi9,203.25,294.25,298.0,299.25,ok,0.30658835716193156,ok,ue1_qfi83,1,1,1,4104.0,data,ok,2.0,False,,proxy,3,0,,ue10_qfi2,0.23648648648648649,148,150.0,ok,,ue10_qfi2,149.715,ok,,1,ok,21,,ue2_qfi4,0.12061586666666665,ok,0.5830839306635365,proxy,5,0.5275443026914876,68640316.8,ok,0.037175,ok,0.9315284090909091,0.0600390625,ok,ue1_qfi82,0.0,99,10.0,data,ok,0.0,ue1_qfi4,117.5,ok,,24.4,ue6_qfi2,32,399.0,3291.75,30.303,ok,33.0,,pending,,pending,mixed,2,2,32,TwoTier,35492826,True
ue8_qfi9,225.5,225.5,225.5,225.5,ok,0.3274268757205265,ok,ue12_qfi1,1,1,1,4828.250000000001,data,ok,2.0,False,,proxy,3,0,,ue14_qfi2,0.033783783783783786,148,150.0,ok,,ue13_qfi2,149.878,ok,,0,ok,21,,ue2_qfi4,0.10956333333333333,ok,0.7190599184998958,proxy,5,0.6863934563693441,66587985.6,ok,0.036097727272727274,ok,0.9300840909090909,0.0706734375,ok,ue1_qfi82,0.0,99,10.0,data,ok,0.0,ue5_qfi9,87.0,ok,,16.0,ue6_qfi2,20,360.25,2843.25,30.303,ok,33.0,,pending,,pending,mixed,2,2,32,PF,376383645,True
ue4_qfi9,286.75,298.75,299.5,300.0,ok,0.34452842636793224,ok,ue4_qfi9,1,1,1,4352.5,data,ok,2.0,False,,proxy,3,0,,ue15_qfi2,0.0945945945945946,148,150.0,ok,,ue16_qfi2,149.991,ok,,0,ok,21,,ue2_qfi4,0.13557173333333333,ok,0.6702574765042174,proxy,5,0.6388933429930137,64942150.4,ok,0.04109090909090909,ok,0.9207545454545455,0.381059375,ok,ue1_qfi82,0.0,99,10.0,data,ok,0.0,ue10_qfi9,228.0,ok,,22.6,ue4_qfi2,10,361.75,1428.5,30.303,ok,33.0,,pending,,pending,mixed,2,2,32,Reservation,376383645,True
ue3_qfi9,9.75,290.5,296.75,298.75,ok,0.3201365682051682,ok,ue3_qfi83,1,1,1,4620.0,data,ok,2.0,False,,proxy,3,0,,ue19_qfi2,0.0,147,150.0,ok,,ue14_qfi2,149.462,ok,,0,ok,21,,ue19_qfi2,0.0,ok,0.5819651638454546,proxy,5,0.5339048258706246,67278617.6,ok,0.036856818181818185,ok,0.9320795454545454,0.0632625,ok,ue1_qfi82,0.0,99,10.0,data,ok,0.0,ue3_qfi9,289.0,ok,,26.0,ue5_qfi2,32,263.75,3002.25,30.303,ok,33.0,,pending,,pending,mixed,2,2,32,TwoTier,376383645,True
ue7_qfi9,159.25,159.25,159.25,159.25,ok,0.3228762557006246,ok,ue2_qfi2,1,1,1,2219.9999999999995,data,ok,2.0,False,,proxy,3,0,,ue18_qfi2,0.033783783783783786,148,150.0,ok,,ue14_qfi2,150.143,ok,,1,ok,21,,ue1_qfi4,0.13016626666666667,ok,0.7157331999756558,proxy,5,0.6917841311805053,66890238.4,ok,0.03686363636363636,ok,0.9298034090909091,0.0696078125,ok,ue1_qfi82,0.0,99,10.0,data,ok,0.0,ue12_qfi2,49.899,ok,,16.2,ue10_qfi2,19,465.25,2743.0,30.303,ok,33.0,,pending,,pending,mixed,2,2,32,PF,1746484539,True
ue2_qfi9,26.0,299.5,300.0,300.25,ok,0.3351343740829593,ok,ue1_qfi83,1,1,1,4163.250000000001,data,ok,2.0,False,,proxy,3,0,,ue19_qfi2,0.06756756756756757,148,150.0,ok,,ue19_qfi2,150.004,ok,,0,ok,21,,ue2_qfi4,0.1760977333333333,ok,0.6608406625545938,proxy,5,0.6108264949470539,65890075.2,ok,0.04036818181818182,ok,0.9206136363636364,0.381171875,ok,ue1_qfi82,0.0,99,10.0,data,ok,0.0,ue2_qfi9,274.25,ok,,10.8,ue14_qfi2,10,1228.0,3206.75,30.303,ok,33.0,,pending,,pending,mixed,2,2,32,Reservation,1746484539,True
ue3_qfi9,238.0,294.5,298.0,299.25,ok,0.30163829923238483,ok,ue1_qfi83,1,1,1,4655.5,data,ok,2.0,False,,proxy,3,0,,ue19_qfi2,0.13513513513513514,148,150.0,ok,,ue19_qfi2,149.601,ok,,1,ok,21,,ue9_qfi2,0.2975828,ok,0.5883977318985887,proxy,5,0.5325983507958385,68960289.6,ok,0.03705,ok,0.9312602272727273,0.0602875,ok,ue1_qfi82,0.0,99,10.0,data,ok,0.0,ue4_qfi9,177.25,ok,,19.4,ue5_qfi2,25,888.5,3657.25,30.303,ok,33.0,,pending,,pending,mixed,2,2,32,TwoTier,1746484539,True
